"timestamp","config","zone","n_total","n_valid","mean_mm","our_sigma_mm","valid_yield","mean_sensor_sigma_mm"
"2026-05-24T17:53:30","A1-8x8-10hz-sharp0-closest-48cm-blackfoam","0","200","200","483.56","3.84","1.000","3.47"
"2026-05-24T17:53:30","A1-8x8-10hz-sharp0-closest-48cm-blackfoam","1","200","200","481.45","3.30","1.000","2.97"
"2026-05-24T17:53:30","A1-8x8-10hz-sharp0-closest-48cm-blackfoam","2","200","200","476.62","3.07","1.000","2.99"
"2026-05-24T17:53:30","A1-8x8-10hz-sharp0-closest-48cm-blackfoam","3","200","200","474.41","3.48","1.000","2.98"
"2026-05-24T17:53:30","A1-8x8-10hz-sharp0-closest-48cm-blackfoam","4","200","200","470.11","2.75","1.000","2.34"
"2026-05-24T17:53:30","A1-8x8-10hz-sharp0-closest-48cm-blackfoam","5","200","200","468.66","2.58","1.000","2.77"
"2026-05-24T17:53:30","A1-8x8-10hz-sharp0-closest-48cm-blackfoam","6","200","200","465.79","2.87","1.000","2.94"
"2026-05-24T17:53:30","A1-8x8-10hz-sharp0-closest-48cm-blackfoam","7","200","200","464.24","3.40","1.000","2.96"
"2026-05-24T17:53:30","A1-8x8-10hz-sharp0-closest-48cm-blackfoam","8","200","200","488.54","3.81","1.000","3.13"
"2026-05-24T17:53:30","A1-8x8-10hz-sharp0-closest-48cm-blackfoam","9","200","200","482.55","3.21","1.000","2.87"
"2026-05-24T17:53:30","A1-8x8-10hz-sharp0-closest-48cm-blackfoam","10","200","200","481.29","3.34","1.000","2.90"
"2026-05-24T17:53:30","A1-8x8-10hz-sharp0-closest-48cm-blackfoam","11","200","200","477.95","2.86","1.000","2.67"
"2026-05-24T17:53:30","A1-8x8-10hz-sharp0-closest-48cm-blackfoam","12","200","200","475.52","3.15","1.000","2.54"
"2026-05-24T17:53:30","A1-8x8-10hz-sharp0-closest-48cm-blackfoam","13","200","200","471.69","2.79","1.000","2.23"
"2026-05-24T17:53:30","A1-8x8-10hz-sharp0-closest-48cm-blackfoam","14","200","200","470.37","2.82","1.000","2.75"
"2026-05-24T17:53:30","A1-8x8-10hz-sharp0-closest-48cm-blackfoam","15","200","200","466.63","2.94","1.000","2.94"
"2026-05-24T17:53:30","A1-8x8-10hz-sharp0-closest-48cm-blackfoam","16","200","200","491.33","3.67","1.000","3.26"
"2026-05-24T17:53:30","A1-8x8-10hz-sharp0-closest-48cm-blackfoam","17","200","200","488.86","4.23","1.000","3.58"
"2026-05-24T17:53:30","A1-8x8-10hz-sharp0-closest-48cm-blackfoam","18","200","200","484.79","3.03","1.000","3.00"
"2026-05-24T17:53:30","A1-8x8-10hz-sharp0-closest-48cm-blackfoam","19","200","200","483.24","3.12","1.000","2.96"
"2026-05-24T17:53:30","A1-8x8-10hz-sharp0-closest-48cm-blackfoam","20","200","200","478.70","2.56","1.000","2.12"
"2026-05-24T17:53:30","A1-8x8-10hz-sharp0-closest-48cm-blackfoam","21","200","200","476.30","3.03","1.000","2.72"
"2026-05-24T17:53:30","A1-8x8-10hz-sharp0-closest-48cm-blackfoam","22","200","200","472.63","2.85","1.000","2.79"
"2026-05-24T17:53:30","A1-8x8-10hz-sharp0-closest-48cm-blackfoam","23","200","200","471.12","3.47","1.000","2.96"
"2026-05-24T17:53:30","A1-8x8-10hz-sharp0-closest-48cm-blackfoam","24","200","200","496.73","4.00","1.000","3.29"
"2026-05-24T17:53:30","A1-8x8-10hz-sharp0-closest-48cm-blackfoam","25","200","200","491.88","3.46","1.000","3.06"
"2026-05-24T17:53:30","A1-8x8-10hz-sharp0-closest-48cm-blackfoam","26","200","200","489.86","3.43","1.000","3.00"
"2026-05-24T17:53:30","A1-8x8-10hz-sharp0-closest-48cm-blackfoam","27","200","200","485.60","2.95","1.000","2.53"
"2026-05-24T17:53:30","A1-8x8-10hz-sharp0-closest-48cm-blackfoam","28","200","200","482.90","3.23","1.000","2.75"
"2026-05-24T17:53:30","A1-8x8-10hz-sharp0-closest-48cm-blackfoam","29","200","200","479.79","2.95","1.000","2.45"
"2026-05-24T17:53:30","A1-8x8-10hz-sharp0-closest-48cm-blackfoam","30","200","200","477.08","2.94","1.000","2.92"
"2026-05-24T17:53:30","A1-8x8-10hz-sharp0-closest-48cm-blackfoam","31","200","200","473.74","3.47","1.000","3.06"
"2026-05-24T17:53:30","A1-8x8-10hz-sharp0-closest-48cm-blackfoam","32","200","200","500.51","4.02","1.000","3.62"
"2026-05-24T17:53:30","A1-8x8-10hz-sharp0-closest-48cm-blackfoam","33","200","200","496.37","3.48","1.000","3.10"
"2026-05-24T17:53:30","A1-8x8-10hz-sharp0-closest-48cm-blackfoam","34","200","200","492.17","2.97","1.000","3.00"
"2026-05-24T17:53:30","A1-8x8-10hz-sharp0-closest-48cm-blackfoam","35","200","200","490.87","3.24","1.000","2.97"
"2026-05-24T17:53:30","A1-8x8-10hz-sharp0-closest-48cm-blackfoam","36","200","200","487.58","2.73","1.000","2.90"
"2026-05-24T17:53:30","A1-8x8-10hz-sharp0-closest-48cm-blackfoam","37","200","200","484.53","2.94","1.000","2.81"
"2026-05-24T17:53:30","A1-8x8-10hz-sharp0-closest-48cm-blackfoam","38","200","200","481.61","2.99","1.000","2.98"
"2026-05-24T17:53:30","A1-8x8-10hz-sharp0-closest-48cm-blackfoam","39","200","200","477.89","3.59","1.000","3.18"
"2026-05-24T17:53:30","A1-8x8-10hz-sharp0-closest-48cm-blackfoam","40","200","200","504.38","3.76","1.000","3.45"
"2026-05-24T17:53:30","A1-8x8-10hz-sharp0-closest-48cm-blackfoam","41","200","200","499.15","4.07","1.000","3.49"
"2026-05-24T17:53:30","A1-8x8-10hz-sharp0-closest-48cm-blackfoam","42","200","200","497.07","3.55","1.000","3.25"
"2026-05-24T17:53:30","A1-8x8-10hz-sharp0-closest-48cm-blackfoam","43","200","200","493.66","3.78","1.000","3.16"
"2026-05-24T17:53:30","A1-8x8-10hz-sharp0-closest-48cm-blackfoam","44","200","200","491.60","3.60","1.000","3.11"
"2026-05-24T17:53:30","A1-8x8-10hz-sharp0-closest-48cm-blackfoam","45","200","200","487.80","3.04","1.000","3.00"
"2026-05-24T17:53:30","A1-8x8-10hz-sharp0-closest-48cm-blackfoam","46","200","200","484.81","3.68","1.000","3.20"
"2026-05-24T17:53:30","A1-8x8-10hz-sharp0-closest-48cm-blackfoam","47","200","200","483.15","4.06","1.000","3.15"
"2026-05-24T17:53:30","A1-8x8-10hz-sharp0-closest-48cm-blackfoam","48","200","200","507.93","4.41","1.000","3.91"
"2026-05-24T17:53:30","A1-8x8-10hz-sharp0-closest-48cm-blackfoam","49","200","200","505.09","4.13","1.000","3.96"
"2026-05-24T17:53:30","A1-8x8-10hz-sharp0-closest-48cm-blackfoam","50","200","200","501.20","3.55","1.000","3.25"
"2026-05-24T17:53:30","A1-8x8-10hz-sharp0-closest-48cm-blackfoam","51","200","200","497.43","3.64","1.000","3.44"
"2026-05-24T17:53:30","A1-8x8-10hz-sharp0-closest-48cm-blackfoam","52","200","200","494.18","3.59","1.000","3.22"
"2026-05-24T17:53:30","A1-8x8-10hz-sharp0-closest-48cm-blackfoam","53","200","200","491.24","3.75","1.000","3.25"
"2026-05-24T17:53:30","A1-8x8-10hz-sharp0-closest-48cm-blackfoam","54","200","200","490.89","3.95","1.000","3.13"
"2026-05-24T17:53:30","A1-8x8-10hz-sharp0-closest-48cm-blackfoam","55","200","200","488.43","3.80","1.000","3.78"
"2026-05-24T17:53:30","A1-8x8-10hz-sharp0-closest-48cm-blackfoam","56","200","200","512.40","4.80","1.000","4.20"
"2026-05-24T17:53:30","A1-8x8-10hz-sharp0-closest-48cm-blackfoam","57","200","200","509.06","5.29","1.000","4.68"
"2026-05-24T17:53:30","A1-8x8-10hz-sharp0-closest-48cm-blackfoam","58","200","200","506.55","3.73","1.000","3.33"
"2026-05-24T17:53:30","A1-8x8-10hz-sharp0-closest-48cm-blackfoam","59","200","200","502.51","4.03","1.000","3.92"
"2026-05-24T17:53:30","A1-8x8-10hz-sharp0-closest-48cm-blackfoam","60","200","200","499.12","4.30","1.000","3.40"
"2026-05-24T17:53:30","A1-8x8-10hz-sharp0-closest-48cm-blackfoam","61","200","200","494.87","4.42","1.000","3.48"
"2026-05-24T17:53:30","A1-8x8-10hz-sharp0-closest-48cm-blackfoam","62","200","200","495.56","4.37","1.000","3.81"
"2026-05-24T17:53:30","A1-8x8-10hz-sharp0-closest-48cm-blackfoam","63","200","200","491.69","5.40","1.000","5.21"
"2026-05-24T17:54:23","A2-8x8-10hz-sharp5-closest-48cm-blackfoam","0","200","200","481.84","3.86","1.000","3.58"
"2026-05-24T17:54:23","A2-8x8-10hz-sharp5-closest-48cm-blackfoam","1","200","200","479.51","2.99","1.000","2.97"
"2026-05-24T17:54:23","A2-8x8-10hz-sharp5-closest-48cm-blackfoam","2","200","200","474.71","3.31","1.000","2.99"
"2026-05-24T17:54:23","A2-8x8-10hz-sharp5-closest-48cm-blackfoam","3","200","200","471.95","3.45","1.000","3.00"
"2026-05-24T17:54:23","A2-8x8-10hz-sharp5-closest-48cm-blackfoam","4","200","200","468.60","2.60","1.000","2.44"
"2026-05-24T17:54:23","A2-8x8-10hz-sharp5-closest-48cm-blackfoam","5","200","200","466.31","2.99","1.000","2.77"
"2026-05-24T17:54:23","A2-8x8-10hz-sharp5-closest-48cm-blackfoam","6","200","200","463.95","2.91","1.000","2.94"
"2026-05-24T17:54:23","A2-8x8-10hz-sharp5-closest-48cm-blackfoam","7","200","200","462.49","3.82","1.000","2.96"
"2026-05-24T17:54:23","A2-8x8-10hz-sharp5-closest-48cm-blackfoam","8","200","200","486.51","3.59","1.000","3.13"
"2026-05-24T17:54:23","A2-8x8-10hz-sharp5-closest-48cm-blackfoam","9","200","200","481.36","3.39","1.000","2.90"
"2026-05-24T17:54:23","A2-8x8-10hz-sharp5-closest-48cm-blackfoam","10","200","200","479.15","2.98","1.000","2.96"
"2026-05-24T17:54:23","A2-8x8-10hz-sharp5-closest-48cm-blackfoam","11","200","200","475.05","2.88","1.000","2.76"
"2026-05-24T17:54:23","A2-8x8-10hz-sharp5-closest-48cm-blackfoam","12","200","200","473.17","3.16","1.000","2.57"
"2026-05-24T17:54:23","A2-8x8-10hz-sharp5-closest-48cm-blackfoam","13","200","200","469.40","2.62","1.000","2.29"
"2026-05-24T17:54:23","A2-8x8-10hz-sharp5-closest-48cm-blackfoam","14","200","200","467.55","3.04","1.000","2.81"
"2026-05-24T17:54:23","A2-8x8-10hz-sharp5-closest-48cm-blackfoam","15","200","200","464.34","2.98","1.000","2.94"
"2026-05-24T17:54:23","A2-8x8-10hz-sharp5-closest-48cm-blackfoam","16","200","200","489.27","3.48","1.000","3.38"
"2026-05-24T17:54:23","A2-8x8-10hz-sharp5-closest-48cm-blackfoam","17","200","200","487.40","4.17","1.000","3.56"
"2026-05-24T17:54:23","A2-8x8-10hz-sharp5-closest-48cm-blackfoam","18","200","200","482.57","3.24","1.000","3.00"
"2026-05-24T17:54:23","A2-8x8-10hz-sharp5-closest-48cm-blackfoam","19","200","200","480.58","2.95","1.000","2.96"
"2026-05-24T17:54:23","A2-8x8-10hz-sharp5-closest-48cm-blackfoam","20","200","200","476.73","2.72","1.000","2.27"
"2026-05-24T17:54:23","A2-8x8-10hz-sharp5-closest-48cm-blackfoam","21","200","200","473.50","2.64","1.000","2.84"
"2026-05-24T17:54:23","A2-8x8-10hz-sharp5-closest-48cm-blackfoam","22","200","200","470.69","3.01","1.000","2.81"
"2026-05-24T17:54:23","A2-8x8-10hz-sharp5-closest-48cm-blackfoam","23","200","200","468.56","3.30","1.000","2.98"
"2026-05-24T17:54:23","A2-8x8-10hz-sharp5-closest-48cm-blackfoam","24","200","200","494.51","3.63","1.000","3.28"
"2026-05-24T17:54:23","A2-8x8-10hz-sharp5-closest-48cm-blackfoam","25","200","200","489.68","3.45","1.000","3.11"
"2026-05-24T17:54:23","A2-8x8-10hz-sharp5-closest-48cm-blackfoam","26","200","200","487.65","3.36","1.000","3.00"
"2026-05-24T17:54:23","A2-8x8-10hz-sharp5-closest-48cm-blackfoam","27","200","200","483.31","2.84","1.000","2.61"
"2026-05-24T17:54:23","A2-8x8-10hz-sharp5-closest-48cm-blackfoam","28","200","200","480.55","3.17","1.000","2.76"
"2026-05-24T17:54:23","A2-8x8-10hz-sharp5-closest-48cm-blackfoam","29","200","200","477.76","2.89","1.000","2.48"
"2026-05-24T17:54:23","A2-8x8-10hz-sharp5-closest-48cm-blackfoam","30","200","200","474.45","2.89","1.000","2.96"
"2026-05-24T17:54:23","A2-8x8-10hz-sharp5-closest-48cm-blackfoam","31","200","200","471.62","3.24","1.000","3.04"
"2026-05-24T17:54:23","A2-8x8-10hz-sharp5-closest-48cm-blackfoam","32","200","200","498.20","3.68","1.000","3.65"
"2026-05-24T17:54:23","A2-8x8-10hz-sharp5-closest-48cm-blackfoam","33","200","200","493.36","3.64","1.000","3.10"
"2026-05-24T17:54:23","A2-8x8-10hz-sharp5-closest-48cm-blackfoam","34","200","200","489.75","2.79","1.000","3.00"
"2026-05-24T17:54:23","A2-8x8-10hz-sharp5-closest-48cm-blackfoam","35","200","200","488.30","3.20","1.000","2.96"
"2026-05-24T17:54:23","A2-8x8-10hz-sharp5-closest-48cm-blackfoam","36","200","200","485.43","3.09","1.000","2.93"
"2026-05-24T17:54:23","A2-8x8-10hz-sharp5-closest-48cm-blackfoam","37","200","200","481.99","3.05","1.000","2.88"
"2026-05-24T17:54:23","A2-8x8-10hz-sharp5-closest-48cm-blackfoam","38","200","200","478.99","3.00","1.000","2.98"
"2026-05-24T17:54:23","A2-8x8-10hz-sharp5-closest-48cm-blackfoam","39","200","200","476.14","3.37","1.000","3.17"
"2026-05-24T17:54:23","A2-8x8-10hz-sharp5-closest-48cm-blackfoam","40","200","200","502.50","3.84","1.000","3.46"
"2026-05-24T17:54:23","A2-8x8-10hz-sharp5-closest-48cm-blackfoam","41","200","200","496.50","4.36","1.000","3.50"
"2026-05-24T17:54:23","A2-8x8-10hz-sharp5-closest-48cm-blackfoam","42","200","200","494.10","3.46","1.000","3.23"
"2026-05-24T17:54:23","A2-8x8-10hz-sharp5-closest-48cm-blackfoam","43","200","200","491.18","3.74","1.000","3.15"
"2026-05-24T17:54:23","A2-8x8-10hz-sharp5-closest-48cm-blackfoam","44","200","200","489.82","3.70","1.000","3.10"
"2026-05-24T17:54:23","A2-8x8-10hz-sharp5-closest-48cm-blackfoam","45","200","200","485.17","2.94","1.000","3.00"
"2026-05-24T17:54:23","A2-8x8-10hz-sharp5-closest-48cm-blackfoam","46","200","200","482.68","3.49","1.000","3.22"
"2026-05-24T17:54:23","A2-8x8-10hz-sharp5-closest-48cm-blackfoam","47","200","200","479.64","3.88","1.000","3.27"
"2026-05-24T17:54:23","A2-8x8-10hz-sharp5-closest-48cm-blackfoam","48","200","200","506.36","4.25","1.000","3.88"
"2026-05-24T17:54:23","A2-8x8-10hz-sharp5-closest-48cm-blackfoam","49","200","200","501.95","4.10","1.000","3.96"
"2026-05-24T17:54:23","A2-8x8-10hz-sharp5-closest-48cm-blackfoam","50","200","200","498.99","3.82","1.000","3.30"
"2026-05-24T17:54:23","A2-8x8-10hz-sharp5-closest-48cm-blackfoam","51","200","200","495.67","3.99","1.000","3.43"
"2026-05-24T17:54:23","A2-8x8-10hz-sharp5-closest-48cm-blackfoam","52","200","200","492.73","3.51","1.000","3.31"
"2026-05-24T17:54:23","A2-8x8-10hz-sharp5-closest-48cm-blackfoam","53","200","200","488.61","3.62","1.000","3.28"
"2026-05-24T17:54:23","A2-8x8-10hz-sharp5-closest-48cm-blackfoam","54","200","200","488.19","3.92","1.000","3.15"
"2026-05-24T17:54:23","A2-8x8-10hz-sharp5-closest-48cm-blackfoam","55","200","200","485.67","4.32","1.000","3.75"
"2026-05-24T17:54:23","A2-8x8-10hz-sharp5-closest-48cm-blackfoam","56","200","200","510.64","4.76","1.000","4.25"
"2026-05-24T17:54:23","A2-8x8-10hz-sharp5-closest-48cm-blackfoam","57","200","200","507.40","5.13","1.000","4.72"
"2026-05-24T17:54:23","A2-8x8-10hz-sharp5-closest-48cm-blackfoam","58","200","200","503.50","3.65","1.000","3.36"
"2026-05-24T17:54:23","A2-8x8-10hz-sharp5-closest-48cm-blackfoam","59","200","200","499.92","4.00","1.000","3.97"
"2026-05-24T17:54:23","A2-8x8-10hz-sharp5-closest-48cm-blackfoam","60","200","200","496.70","4.20","1.000","3.46"
"2026-05-24T17:54:23","A2-8x8-10hz-sharp5-closest-48cm-blackfoam","61","200","200","493.11","4.08","1.000","3.50"
"2026-05-24T17:54:23","A2-8x8-10hz-sharp5-closest-48cm-blackfoam","62","200","200","493.21","4.10","1.000","3.75"
"2026-05-24T17:54:23","A2-8x8-10hz-sharp5-closest-48cm-blackfoam","63","200","200","490.17","5.49","1.000","5.17"
"2026-05-24T17:55:51","A4-8x8-15hz-sharp0-closest-48cm-blackfoam","0","200","200","484.02","4.94","1.000","4.40"
"2026-05-24T17:55:51","A4-8x8-15hz-sharp0-closest-48cm-blackfoam","1","200","200","481.43","3.62","1.000","3.56"
"2026-05-24T17:55:51","A4-8x8-15hz-sharp0-closest-48cm-blackfoam","2","200","200","477.07","4.13","1.000","3.65"
"2026-05-24T17:55:51","A4-8x8-15hz-sharp0-closest-48cm-blackfoam","3","200","200","474.45","4.01","1.000","3.73"
"2026-05-24T17:55:51","A4-8x8-15hz-sharp0-closest-48cm-blackfoam","4","200","200","471.01","3.45","1.000","3.02"
"2026-05-24T17:55:51","A4-8x8-15hz-sharp0-closest-48cm-blackfoam","5","200","200","469.16","3.58","1.000","3.13"
"2026-05-24T17:55:51","A4-8x8-15hz-sharp0-closest-48cm-blackfoam","6","200","200","466.55","3.53","1.000","3.54"
"2026-05-24T17:55:51","A4-8x8-15hz-sharp0-closest-48cm-blackfoam","7","200","200","465.19","3.94","1.000","3.60"
"2026-05-24T17:55:51","A4-8x8-15hz-sharp0-closest-48cm-blackfoam","8","200","200","489.51","4.25","1.000","4.02"
"2026-05-24T17:55:51","A4-8x8-15hz-sharp0-closest-48cm-blackfoam","9","200","200","483.61","4.01","1.000","3.36"
"2026-05-24T17:55:51","A4-8x8-15hz-sharp0-closest-48cm-blackfoam","10","200","200","481.81","3.82","1.000","3.35"
"2026-05-24T17:55:51","A4-8x8-15hz-sharp0-closest-48cm-blackfoam","11","200","200","477.75","3.41","1.000","3.19"
"2026-05-24T17:55:51","A4-8x8-15hz-sharp0-closest-48cm-blackfoam","12","200","200","475.81","4.02","1.000","3.10"
"2026-05-24T17:55:51","A4-8x8-15hz-sharp0-closest-48cm-blackfoam","13","200","200","472.30","3.42","1.000","3.00"
"2026-05-24T17:55:51","A4-8x8-15hz-sharp0-closest-48cm-blackfoam","14","200","200","469.82","3.58","1.000","3.15"
"2026-05-24T17:55:51","A4-8x8-15hz-sharp0-closest-48cm-blackfoam","15","200","200","466.87","3.70","1.000","3.46"
"2026-05-24T17:55:51","A4-8x8-15hz-sharp0-closest-48cm-blackfoam","16","200","200","491.68","5.14","1.000","4.33"
"2026-05-24T17:55:51","A4-8x8-15hz-sharp0-closest-48cm-blackfoam","17","200","200","489.87","5.22","1.000","4.39"
"2026-05-24T17:55:51","A4-8x8-15hz-sharp0-closest-48cm-blackfoam","18","200","200","485.18","3.69","1.000","3.56"
"2026-05-24T17:55:51","A4-8x8-15hz-sharp0-closest-48cm-blackfoam","19","200","200","483.56","4.02","1.000","3.45"
"2026-05-24T17:55:51","A4-8x8-15hz-sharp0-closest-48cm-blackfoam","20","200","200","479.39","3.88","1.000","3.04"
"2026-05-24T17:55:51","A4-8x8-15hz-sharp0-closest-48cm-blackfoam","21","200","200","476.46","3.70","1.000","3.15"
"2026-05-24T17:55:51","A4-8x8-15hz-sharp0-closest-48cm-blackfoam","22","200","200","473.20","4.02","1.000","3.31"
"2026-05-24T17:55:51","A4-8x8-15hz-sharp0-closest-48cm-blackfoam","23","200","200","471.54","4.15","1.000","3.73"
"2026-05-24T17:55:51","A4-8x8-15hz-sharp0-closest-48cm-blackfoam","24","200","200","496.61","4.98","1.000","4.21"
"2026-05-24T17:55:51","A4-8x8-15hz-sharp0-closest-48cm-blackfoam","25","200","200","492.11","4.17","1.000","3.98"
"2026-05-24T17:55:51","A4-8x8-15hz-sharp0-closest-48cm-blackfoam","26","200","200","490.38","3.95","1.000","3.67"
"2026-05-24T17:55:51","A4-8x8-15hz-sharp0-closest-48cm-blackfoam","27","200","200","485.99","3.35","1.000","3.08"
"2026-05-24T17:55:51","A4-8x8-15hz-sharp0-closest-48cm-blackfoam","28","200","200","483.08","4.13","1.000","3.38"
"2026-05-24T17:55:51","A4-8x8-15hz-sharp0-closest-48cm-blackfoam","29","200","200","480.76","3.69","1.000","3.06"
"2026-05-24T17:55:51","A4-8x8-15hz-sharp0-closest-48cm-blackfoam","30","200","200","477.07","3.71","1.000","3.37"
"2026-05-24T17:55:51","A4-8x8-15hz-sharp0-closest-48cm-blackfoam","31","200","200","474.56","4.30","1.000","3.96"
"2026-05-24T17:55:51","A4-8x8-15hz-sharp0-closest-48cm-blackfoam","32","200","200","501.05","4.91","1.000","4.42"
"2026-05-24T17:55:51","A4-8x8-15hz-sharp0-closest-48cm-blackfoam","33","200","200","496.02","4.56","1.000","3.98"
"2026-05-24T17:55:51","A4-8x8-15hz-sharp0-closest-48cm-blackfoam","34","200","200","493.31","3.83","1.000","3.62"
"2026-05-24T17:55:51","A4-8x8-15hz-sharp0-closest-48cm-blackfoam","35","200","200","491.86","3.98","1.000","3.40"
"2026-05-24T17:55:51","A4-8x8-15hz-sharp0-closest-48cm-blackfoam","36","200","200","488.13","4.14","1.000","3.31"
"2026-05-24T17:55:51","A4-8x8-15hz-sharp0-closest-48cm-blackfoam","37","200","200","484.70","3.75","1.000","3.23"
"2026-05-24T17:55:51","A4-8x8-15hz-sharp0-closest-48cm-blackfoam","38","200","200","481.74","3.67","1.000","3.54"
"2026-05-24T17:55:51","A4-8x8-15hz-sharp0-closest-48cm-blackfoam","39","200","200","478.36","4.52","1.000","4.04"
"2026-05-24T17:55:51","A4-8x8-15hz-sharp0-closest-48cm-blackfoam","40","200","200","505.38","4.47","1.000","4.33"
"2026-05-24T17:55:51","A4-8x8-15hz-sharp0-closest-48cm-blackfoam","41","200","200","499.60","4.87","1.000","4.34"
"2026-05-24T17:55:51","A4-8x8-15hz-sharp0-closest-48cm-blackfoam","42","200","200","497.10","4.43","1.000","4.24"
"2026-05-24T17:55:51","A4-8x8-15hz-sharp0-closest-48cm-blackfoam","43","200","200","495.07","4.50","1.000","4.17"
"2026-05-24T17:55:51","A4-8x8-15hz-sharp0-closest-48cm-blackfoam","44","200","200","491.12","4.15","1.000","4.03"
"2026-05-24T17:55:51","A4-8x8-15hz-sharp0-closest-48cm-blackfoam","45","200","200","488.12","3.95","1.000","3.62"
"2026-05-24T17:55:51","A4-8x8-15hz-sharp0-closest-48cm-blackfoam","46","200","200","485.64","4.39","1.000","4.16"
"2026-05-24T17:55:51","A4-8x8-15hz-sharp0-closest-48cm-blackfoam","47","200","200","482.75","4.36","1.000","4.09"
"2026-05-24T17:55:51","A4-8x8-15hz-sharp0-closest-48cm-blackfoam","48","200","200","508.82","5.35","1.000","4.83"
"2026-05-24T17:55:51","A4-8x8-15hz-sharp0-closest-48cm-blackfoam","49","200","200","505.31","4.86","1.000","4.90"
"2026-05-24T17:55:51","A4-8x8-15hz-sharp0-closest-48cm-blackfoam","50","200","200","502.04","5.03","1.000","4.21"
"2026-05-24T17:55:51","A4-8x8-15hz-sharp0-closest-48cm-blackfoam","51","200","200","497.67","4.45","1.000","4.43"
"2026-05-24T17:55:51","A4-8x8-15hz-sharp0-closest-48cm-blackfoam","52","200","200","493.91","4.27","1.000","4.12"
"2026-05-24T17:55:51","A4-8x8-15hz-sharp0-closest-48cm-blackfoam","53","200","200","491.24","4.61","1.000","4.12"
"2026-05-24T17:55:51","A4-8x8-15hz-sharp0-closest-48cm-blackfoam","54","200","200","490.74","4.64","1.000","4.12"
"2026-05-24T17:55:51","A4-8x8-15hz-sharp0-closest-48cm-blackfoam","55","200","200","488.77","5.01","1.000","4.71"
"2026-05-24T17:55:51","A4-8x8-15hz-sharp0-closest-48cm-blackfoam","56","200","200","512.81","5.96","1.000","5.36"
"2026-05-24T17:55:51","A4-8x8-15hz-sharp0-closest-48cm-blackfoam","57","200","200","510.04","6.35","1.000","5.92"
"2026-05-24T17:55:51","A4-8x8-15hz-sharp0-closest-48cm-blackfoam","58","200","200","505.93","4.33","1.000","4.20"
"2026-05-24T17:55:51","A4-8x8-15hz-sharp0-closest-48cm-blackfoam","59","200","200","502.78","5.12","1.000","4.93"
"2026-05-24T17:55:51","A4-8x8-15hz-sharp0-closest-48cm-blackfoam","60","200","200","499.30","4.90","1.000","4.34"
"2026-05-24T17:55:51","A4-8x8-15hz-sharp0-closest-48cm-blackfoam","61","200","200","495.46","5.55","1.000","4.47"
"2026-05-24T17:55:51","A4-8x8-15hz-sharp0-closest-48cm-blackfoam","62","200","200","496.26","4.96","1.000","4.74"
"2026-05-24T17:55:51","A4-8x8-15hz-sharp0-closest-48cm-blackfoam","63","200","200","491.82","6.99","1.000","6.34"
"2026-05-24T17:57:24","A6-8x8-15hz-sharp20-closest-48cm-blackfoam","0","200","200","481.27","4.46","1.000","4.30"
"2026-05-24T17:57:24","A6-8x8-15hz-sharp20-closest-48cm-blackfoam","1","200","200","478.83","3.44","1.000","3.58"
"2026-05-24T17:57:24","A6-8x8-15hz-sharp20-closest-48cm-blackfoam","2","200","200","474.90","3.75","1.000","3.73"
"2026-05-24T17:57:24","A6-8x8-15hz-sharp20-closest-48cm-blackfoam","3","200","200","471.76","3.59","1.000","3.75"
"2026-05-24T17:57:24","A6-8x8-15hz-sharp20-closest-48cm-blackfoam","4","200","200","468.38","3.36","1.000","3.03"
"2026-05-24T17:57:24","A6-8x8-15hz-sharp20-closest-48cm-blackfoam","5","200","200","466.14","3.68","1.000","3.12"
"2026-05-24T17:57:24","A6-8x8-15hz-sharp20-closest-48cm-blackfoam","6","200","200","463.50","3.63","1.000","3.48"
"2026-05-24T17:57:24","A6-8x8-15hz-sharp20-closest-48cm-blackfoam","7","200","200","462.36","4.19","1.000","3.58"
"2026-05-24T17:57:24","A6-8x8-15hz-sharp20-closest-48cm-blackfoam","8","200","200","485.87","4.19","1.000","4.01"
"2026-05-24T17:57:24","A6-8x8-15hz-sharp20-closest-48cm-blackfoam","9","200","200","480.83","4.02","1.000","3.33"
"2026-05-24T17:57:24","A6-8x8-15hz-sharp20-closest-48cm-blackfoam","10","200","200","478.66","3.93","1.000","3.33"
"2026-05-24T17:57:24","A6-8x8-15hz-sharp20-closest-48cm-blackfoam","11","200","200","475.09","3.80","1.000","3.19"
"2026-05-24T17:57:24","A6-8x8-15hz-sharp20-closest-48cm-blackfoam","12","200","200","473.00","4.02","1.000","3.09"
"2026-05-24T17:57:24","A6-8x8-15hz-sharp20-closest-48cm-blackfoam","13","200","200","469.60","3.43","1.000","3.00"
"2026-05-24T17:57:24","A6-8x8-15hz-sharp20-closest-48cm-blackfoam","14","200","200","467.15","3.63","1.000","3.15"
"2026-05-24T17:57:24","A6-8x8-15hz-sharp20-closest-48cm-blackfoam","15","200","200","464.46","3.79","1.000","3.41"
"2026-05-24T17:57:24","A6-8x8-15hz-sharp20-closest-48cm-blackfoam","16","200","200","489.46","4.57","1.000","4.29"
"2026-05-24T17:57:24","A6-8x8-15hz-sharp20-closest-48cm-blackfoam","17","200","200","486.51","4.56","1.000","4.38"
"2026-05-24T17:57:24","A6-8x8-15hz-sharp20-closest-48cm-blackfoam","18","200","200","482.51","3.79","1.000","3.60"
"2026-05-24T17:57:24","A6-8x8-15hz-sharp20-closest-48cm-blackfoam","19","200","200","481.12","4.14","1.000","3.44"
"2026-05-24T17:57:24","A6-8x8-15hz-sharp20-closest-48cm-blackfoam","20","200","200","476.42","3.61","1.000","3.00"
"2026-05-24T17:57:24","A6-8x8-15hz-sharp20-closest-48cm-blackfoam","21","200","200","473.84","3.70","1.000","3.15"
"2026-05-24T17:57:24","A6-8x8-15hz-sharp20-closest-48cm-blackfoam","22","200","200","470.52","3.62","1.000","3.28"
"2026-05-24T17:57:24","A6-8x8-15hz-sharp20-closest-48cm-blackfoam","23","200","200","468.86","4.01","1.000","3.76"
"2026-05-24T17:57:24","A6-8x8-15hz-sharp20-closest-48cm-blackfoam","24","200","200","494.11","4.80","1.000","4.23"
"2026-05-24T17:57:24","A6-8x8-15hz-sharp20-closest-48cm-blackfoam","25","200","200","489.56","4.39","1.000","3.92"
"2026-05-24T17:57:24","A6-8x8-15hz-sharp20-closest-48cm-blackfoam","26","200","200","488.11","4.05","1.000","3.76"
"2026-05-24T17:57:24","A6-8x8-15hz-sharp20-closest-48cm-blackfoam","27","200","200","482.76","3.62","1.000","3.06"
"2026-05-24T17:57:24","A6-8x8-15hz-sharp20-closest-48cm-blackfoam","28","200","200","480.51","3.75","1.000","3.29"
"2026-05-24T17:57:24","A6-8x8-15hz-sharp20-closest-48cm-blackfoam","29","200","200","477.65","3.54","1.000","3.07"
"2026-05-24T17:57:24","A6-8x8-15hz-sharp20-closest-48cm-blackfoam","30","200","200","474.76","3.89","1.000","3.41"
"2026-05-24T17:57:24","A6-8x8-15hz-sharp20-closest-48cm-blackfoam","31","200","200","472.17","4.42","1.000","4.01"
"2026-05-24T17:57:24","A6-8x8-15hz-sharp20-closest-48cm-blackfoam","32","200","200","498.67","4.41","1.000","4.49"
"2026-05-24T17:57:24","A6-8x8-15hz-sharp20-closest-48cm-blackfoam","33","200","200","493.28","4.34","1.000","3.97"
"2026-05-24T17:57:24","A6-8x8-15hz-sharp20-closest-48cm-blackfoam","34","200","200","489.91","4.15","1.000","3.62"
"2026-05-24T17:57:24","A6-8x8-15hz-sharp20-closest-48cm-blackfoam","35","200","200","487.88","3.66","1.000","3.35"
"2026-05-24T17:57:24","A6-8x8-15hz-sharp20-closest-48cm-blackfoam","36","200","200","485.13","3.79","1.000","3.29"
"2026-05-24T17:57:24","A6-8x8-15hz-sharp20-closest-48cm-blackfoam","37","200","200","481.86","3.61","1.000","3.27"
"2026-05-24T17:57:24","A6-8x8-15hz-sharp20-closest-48cm-blackfoam","38","200","200","478.86","4.19","1.000","3.48"
"2026-05-24T17:57:24","A6-8x8-15hz-sharp20-closest-48cm-blackfoam","39","200","200","475.44","4.46","1.000","4.11"
"2026-05-24T17:57:24","A6-8x8-15hz-sharp20-closest-48cm-blackfoam","40","200","200","502.01","4.36","1.000","4.31"
"2026-05-24T17:57:24","A6-8x8-15hz-sharp20-closest-48cm-blackfoam","41","200","200","496.60","4.96","1.000","4.33"
"2026-05-24T17:57:24","A6-8x8-15hz-sharp20-closest-48cm-blackfoam","42","200","200","493.61","4.43","1.000","4.18"
"2026-05-24T17:57:24","A6-8x8-15hz-sharp20-closest-48cm-blackfoam","43","200","200","491.67","4.71","1.000","4.12"
"2026-05-24T17:57:24","A6-8x8-15hz-sharp20-closest-48cm-blackfoam","44","200","200","488.71","4.37","1.000","4.07"
"2026-05-24T17:57:24","A6-8x8-15hz-sharp20-closest-48cm-blackfoam","45","200","200","484.77","4.11","1.000","3.63"
"2026-05-24T17:57:24","A6-8x8-15hz-sharp20-closest-48cm-blackfoam","46","200","200","482.62","4.82","1.000","4.16"
"2026-05-24T17:57:24","A6-8x8-15hz-sharp20-closest-48cm-blackfoam","47","200","200","480.08","4.98","1.000","4.07"
"2026-05-24T17:57:24","A6-8x8-15hz-sharp20-closest-48cm-blackfoam","48","200","200","506.15","5.13","1.000","4.85"
"2026-05-24T17:57:24","A6-8x8-15hz-sharp20-closest-48cm-blackfoam","49","200","200","502.18","5.39","1.000","4.96"
"2026-05-24T17:57:24","A6-8x8-15hz-sharp20-closest-48cm-blackfoam","50","200","200","498.60","4.70","1.000","4.27"
"2026-05-24T17:57:24","A6-8x8-15hz-sharp20-closest-48cm-blackfoam","51","200","200","494.19","4.76","1.000","4.38"
"2026-05-24T17:57:24","A6-8x8-15hz-sharp20-closest-48cm-blackfoam","52","200","200","491.76","4.30","1.000","4.18"
"2026-05-24T17:57:24","A6-8x8-15hz-sharp20-closest-48cm-blackfoam","53","200","200","488.51","4.98","1.000","4.12"
"2026-05-24T17:57:24","A6-8x8-15hz-sharp20-closest-48cm-blackfoam","54","200","200","487.89","4.78","1.000","4.08"
"2026-05-24T17:57:24","A6-8x8-15hz-sharp20-closest-48cm-blackfoam","55","200","200","486.00","5.08","1.000","4.67"
"2026-05-24T17:57:24","A6-8x8-15hz-sharp20-closest-48cm-blackfoam","56","200","200","510.45","5.97","1.000","5.34"
"2026-05-24T17:57:24","A6-8x8-15hz-sharp20-closest-48cm-blackfoam","57","200","200","506.24","6.04","1.000","5.84"
"2026-05-24T17:57:24","A6-8x8-15hz-sharp20-closest-48cm-blackfoam","58","200","200","503.03","4.01","1.000","4.25"
"2026-05-24T17:57:24","A6-8x8-15hz-sharp20-closest-48cm-blackfoam","59","200","200","499.43","6.02","1.000","4.96"
"2026-05-24T17:57:24","A6-8x8-15hz-sharp20-closest-48cm-blackfoam","60","200","200","496.70","4.68","1.000","4.30"
"2026-05-24T17:57:24","A6-8x8-15hz-sharp20-closest-48cm-blackfoam","61","200","200","492.93","4.79","1.000","4.38"
"2026-05-24T17:57:24","A6-8x8-15hz-sharp20-closest-48cm-blackfoam","62","200","200","492.91","5.04","1.000","4.67"
"2026-05-24T17:57:24","A6-8x8-15hz-sharp20-closest-48cm-blackfoam","63","200","200","488.60","6.73","1.000","6.41"
"2026-05-24T17:59:05","B2-4x4-10hz-sharp5-closest-48cm-blackfoam","0","200","200","479.91","0.80","1.000","1.00"
"2026-05-24T17:59:05","B2-4x4-10hz-sharp5-closest-48cm-blackfoam","1","200","200","474.48","0.86","1.000","1.00"
"2026-05-24T17:59:05","B2-4x4-10hz-sharp5-closest-48cm-blackfoam","2","200","200","468.74","0.79","1.000","1.00"
"2026-05-24T17:59:05","B2-4x4-10hz-sharp5-closest-48cm-blackfoam","3","200","200","462.89","0.93","1.000","1.00"
"2026-05-24T17:59:05","B2-4x4-10hz-sharp5-closest-48cm-blackfoam","4","200","200","489.05","1.24","1.000","1.00"
"2026-05-24T17:59:05","B2-4x4-10hz-sharp5-closest-48cm-blackfoam","5","200","200","482.81","0.79","1.000","1.00"
"2026-05-24T17:59:05","B2-4x4-10hz-sharp5-closest-48cm-blackfoam","6","200","200","476.56","0.77","1.000","1.00"
"2026-05-24T17:59:05","B2-4x4-10hz-sharp5-closest-48cm-blackfoam","7","200","200","470.53","0.87","1.000","1.00"
"2026-05-24T17:59:05","B2-4x4-10hz-sharp5-closest-48cm-blackfoam","8","200","200","496.60","0.92","1.000","1.00"
"2026-05-24T17:59:05","B2-4x4-10hz-sharp5-closest-48cm-blackfoam","9","200","200","489.63","0.80","1.000","1.00"
"2026-05-24T17:59:05","B2-4x4-10hz-sharp5-closest-48cm-blackfoam","10","200","200","484.56","0.82","1.000","1.00"
"2026-05-24T17:59:05","B2-4x4-10hz-sharp5-closest-48cm-blackfoam","11","200","200","478.10","0.95","1.000","1.00"
"2026-05-24T17:59:05","B2-4x4-10hz-sharp5-closest-48cm-blackfoam","12","200","200","504.16","1.19","1.000","1.00"
"2026-05-24T17:59:05","B2-4x4-10hz-sharp5-closest-48cm-blackfoam","13","200","200","498.28","0.98","1.000","1.00"
"2026-05-24T17:59:05","B2-4x4-10hz-sharp5-closest-48cm-blackfoam","14","200","200","491.84","1.12","1.000","1.00"
"2026-05-24T17:59:05","B2-4x4-10hz-sharp5-closest-48cm-blackfoam","15","200","200","487.07","1.08","1.000","1.00"
"2026-05-24T18:00:02","B3-4x4-10hz-sharp20-closest-48cm-blackfoam","0","200","200","481.96","0.98","1.000","1.00"
"2026-05-24T18:00:02","B3-4x4-10hz-sharp20-closest-48cm-blackfoam","1","200","200","476.40","0.98","1.000","1.00"
"2026-05-24T18:00:02","B3-4x4-10hz-sharp20-closest-48cm-blackfoam","2","200","200","470.86","0.79","1.000","1.00"
"2026-05-24T18:00:02","B3-4x4-10hz-sharp20-closest-48cm-blackfoam","3","200","200","464.90","0.88","1.000","1.00"
"2026-05-24T18:00:02","B3-4x4-10hz-sharp20-closest-48cm-blackfoam","4","200","200","491.13","1.17","1.000","1.00"
"2026-05-24T18:00:02","B3-4x4-10hz-sharp20-closest-48cm-blackfoam","5","200","200","485.05","0.83","1.000","1.00"
"2026-05-24T18:00:02","B3-4x4-10hz-sharp20-closest-48cm-blackfoam","6","200","200","478.76","0.81","1.000","1.00"
"2026-05-24T18:00:02","B3-4x4-10hz-sharp20-closest-48cm-blackfoam","7","200","200","472.50","0.85","1.000","1.00"
"2026-05-24T18:00:02","B3-4x4-10hz-sharp20-closest-48cm-blackfoam","8","200","200","498.59","0.96","1.000","1.00"
"2026-05-24T18:00:02","B3-4x4-10hz-sharp20-closest-48cm-blackfoam","9","200","200","492.01","0.85","1.000","1.00"
"2026-05-24T18:00:02","B3-4x4-10hz-sharp20-closest-48cm-blackfoam","10","200","200","486.66","0.70","1.000","1.00"
"2026-05-24T18:00:02","B3-4x4-10hz-sharp20-closest-48cm-blackfoam","11","200","200","480.30","0.92","1.000","1.00"
"2026-05-24T18:00:02","B3-4x4-10hz-sharp20-closest-48cm-blackfoam","12","200","200","506.40","1.40","1.000","1.00"
"2026-05-24T18:00:02","B3-4x4-10hz-sharp20-closest-48cm-blackfoam","13","200","200","500.69","1.00","1.000","1.00"
"2026-05-24T18:00:02","B3-4x4-10hz-sharp20-closest-48cm-blackfoam","14","200","200","494.04","1.25","1.000","1.00"
"2026-05-24T18:00:02","B3-4x4-10hz-sharp20-closest-48cm-blackfoam","15","200","200","489.19","1.18","1.000","1.00"
"2026-05-24T18:00:52","B4-4x4-15hz-sharp0-closest-48cm-blackfoam","0","200","200","483.85","1.08","1.000","1.00"
"2026-05-24T18:00:52","B4-4x4-15hz-sharp0-closest-48cm-blackfoam","1","200","200","478.51","0.93","1.000","1.00"
"2026-05-24T18:00:52","B4-4x4-15hz-sharp0-closest-48cm-blackfoam","2","200","200","472.78","0.92","1.000","1.00"
"2026-05-24T18:00:52","B4-4x4-15hz-sharp0-closest-48cm-blackfoam","3","200","200","466.81","0.92","1.000","1.00"
"2026-05-24T18:00:52","B4-4x4-15hz-sharp0-closest-48cm-blackfoam","4","200","200","493.22","1.49","1.000","1.00"
"2026-05-24T18:00:52","B4-4x4-15hz-sharp0-closest-48cm-blackfoam","5","200","200","486.75","1.12","1.000","1.00"
"2026-05-24T18:00:52","B4-4x4-15hz-sharp0-closest-48cm-blackfoam","6","200","200","481.04","0.92","1.000","1.00"
"2026-05-24T18:00:52","B4-4x4-15hz-sharp0-closest-48cm-blackfoam","7","200","200","474.60","1.08","1.000","1.00"
"2026-05-24T18:00:52","B4-4x4-15hz-sharp0-closest-48cm-blackfoam","8","200","200","500.59","1.28","1.000","1.00"
"2026-05-24T18:00:52","B4-4x4-15hz-sharp0-closest-48cm-blackfoam","9","200","200","494.15","1.24","1.000","1.00"
"2026-05-24T18:00:52","B4-4x4-15hz-sharp0-closest-48cm-blackfoam","10","200","200","488.22","1.05","1.000","1.00"
"2026-05-24T18:00:52","B4-4x4-15hz-sharp0-closest-48cm-blackfoam","11","200","200","482.44","1.21","1.000","1.00"
"2026-05-24T18:00:52","B4-4x4-15hz-sharp0-closest-48cm-blackfoam","12","200","200","508.43","1.58","1.000","1.05"
"2026-05-24T18:00:52","B4-4x4-15hz-sharp0-closest-48cm-blackfoam","13","200","200","503.07","1.27","1.000","1.00"
"2026-05-24T18:00:52","B4-4x4-15hz-sharp0-closest-48cm-blackfoam","14","200","200","496.20","1.31","1.000","1.00"
"2026-05-24T18:00:52","B4-4x4-15hz-sharp0-closest-48cm-blackfoam","15","200","200","491.17","1.27","1.000","1.00"
"2026-05-24T18:01:43","B5-4x4-15hz-sharp5-closest-48cm-blackfoam","0","200","200","480.62","1.02","1.000","1.00"
"2026-05-24T18:01:43","B5-4x4-15hz-sharp5-closest-48cm-blackfoam","1","200","200","474.95","0.97","1.000","1.00"
"2026-05-24T18:01:43","B5-4x4-15hz-sharp5-closest-48cm-blackfoam","2","200","200","469.27","0.94","1.000","1.00"
"2026-05-24T18:01:43","B5-4x4-15hz-sharp5-closest-48cm-blackfoam","3","200","200","463.61","0.96","1.000","1.00"
"2026-05-24T18:01:43","B5-4x4-15hz-sharp5-closest-48cm-blackfoam","4","200","200","489.82","1.37","1.000","1.00"
"2026-05-24T18:01:43","B5-4x4-15hz-sharp5-closest-48cm-blackfoam","5","200","200","483.06","1.02","1.000","1.00"
"2026-05-24T18:01:43","B5-4x4-15hz-sharp5-closest-48cm-blackfoam","6","200","200","477.24","0.97","1.000","1.00"
"2026-05-24T18:01:43","B5-4x4-15hz-sharp5-closest-48cm-blackfoam","7","200","200","471.24","0.99","1.000","1.00"
"2026-05-24T18:01:43","B5-4x4-15hz-sharp5-closest-48cm-blackfoam","8","200","200","497.13","1.24","1.000","1.00"
"2026-05-24T18:01:43","B5-4x4-15hz-sharp5-closest-48cm-blackfoam","9","200","200","490.71","1.15","1.000","1.00"
"2026-05-24T18:01:43","B5-4x4-15hz-sharp5-closest-48cm-blackfoam","10","200","200","484.93","0.97","1.000","1.00"
"2026-05-24T18:01:43","B5-4x4-15hz-sharp5-closest-48cm-blackfoam","11","200","200","479.00","1.23","1.000","1.00"
"2026-05-24T18:01:43","B5-4x4-15hz-sharp5-closest-48cm-blackfoam","12","200","200","505.11","1.75","1.000","1.05"
"2026-05-24T18:01:43","B5-4x4-15hz-sharp5-closest-48cm-blackfoam","13","200","200","499.55","1.28","1.000","1.00"
"2026-05-24T18:01:43","B5-4x4-15hz-sharp5-closest-48cm-blackfoam","14","200","200","492.59","1.35","1.000","1.00"
"2026-05-24T18:01:43","B5-4x4-15hz-sharp5-closest-48cm-blackfoam","15","200","200","487.73","1.30","1.000","1.00"
"2026-05-24T18:02:32","B6-4x4-15hz-sharp20-closest-48cm-blackfoam","0","200","200","482.11","1.24","1.000","1.00"
"2026-05-24T18:02:32","B6-4x4-15hz-sharp20-closest-48cm-blackfoam","1","200","200","476.35","1.02","1.000","1.00"
"2026-05-24T18:02:32","B6-4x4-15hz-sharp20-closest-48cm-blackfoam","2","200","200","470.93","0.95","1.000","1.00"
"2026-05-24T18:02:32","B6-4x4-15hz-sharp20-closest-48cm-blackfoam","3","200","200","464.97","1.07","1.000","1.00"
"2026-05-24T18:02:32","B6-4x4-15hz-sharp20-closest-48cm-blackfoam","4","200","200","491.23","1.32","1.000","1.00"
"2026-05-24T18:02:32","B6-4x4-15hz-sharp20-closest-48cm-blackfoam","5","200","200","484.68","0.96","1.000","1.00"
"2026-05-24T18:02:32","B6-4x4-15hz-sharp20-closest-48cm-blackfoam","6","200","200","478.92","0.99","1.000","1.00"
"2026-05-24T18:02:32","B6-4x4-15hz-sharp20-closest-48cm-blackfoam","7","200","200","472.71","1.00","1.000","1.00"
"2026-05-24T18:02:32","B6-4x4-15hz-sharp20-closest-48cm-blackfoam","8","200","200","498.62","1.22","1.000","1.00"
"2026-05-24T18:02:32","B6-4x4-15hz-sharp20-closest-48cm-blackfoam","9","200","200","492.30","1.10","1.000","1.00"
"2026-05-24T18:02:32","B6-4x4-15hz-sharp20-closest-48cm-blackfoam","10","200","200","486.61","0.91","1.000","1.00"
"2026-05-24T18:02:32","B6-4x4-15hz-sharp20-closest-48cm-blackfoam","11","200","200","480.56","1.12","1.000","1.00"
"2026-05-24T18:02:32","B6-4x4-15hz-sharp20-closest-48cm-blackfoam","12","200","200","506.40","1.74","1.000","1.03"
"2026-05-24T18:02:32","B6-4x4-15hz-sharp20-closest-48cm-blackfoam","13","200","200","500.85","1.18","1.000","1.00"
"2026-05-24T18:02:32","B6-4x4-15hz-sharp20-closest-48cm-blackfoam","14","200","200","494.23","1.38","1.000","1.00"
"2026-05-24T18:02:32","B6-4x4-15hz-sharp20-closest-48cm-blackfoam","15","200","200","489.24","1.40","1.000","1.00"
"2026-05-24T18:03:14","B7-4x4-30hz-sharp0-closest-48cm-blackfoam","0","200","200","482.92","1.47","1.000","1.00"
"2026-05-24T18:03:14","B7-4x4-30hz-sharp0-closest-48cm-blackfoam","1","200","200","477.41","1.43","1.000","1.00"
"2026-05-24T18:03:14","B7-4x4-30hz-sharp0-closest-48cm-blackfoam","2","200","200","471.40","1.27","1.000","1.00"
"2026-05-24T18:03:14","B7-4x4-30hz-sharp0-closest-48cm-blackfoam","3","200","200","465.75","1.43","1.000","1.00"
"2026-05-24T18:03:14","B7-4x4-30hz-sharp0-closest-48cm-blackfoam","4","200","200","492.04","1.73","1.000","1.43"
"2026-05-24T18:03:14","B7-4x4-30hz-sharp0-closest-48cm-blackfoam","5","200","200","485.62","1.36","1.000","1.00"
"2026-05-24T18:03:14","B7-4x4-30hz-sharp0-closest-48cm-blackfoam","6","200","200","479.83","1.24","1.000","1.00"
"2026-05-24T18:03:14","B7-4x4-30hz-sharp0-closest-48cm-blackfoam","7","200","200","473.57","1.56","1.000","1.00"
"2026-05-24T18:03:14","B7-4x4-30hz-sharp0-closest-48cm-blackfoam","8","200","200","499.39","1.74","1.000","1.47"
"2026-05-24T18:03:14","B7-4x4-30hz-sharp0-closest-48cm-blackfoam","9","200","200","493.02","1.53","1.000","1.10"
"2026-05-24T18:03:14","B7-4x4-30hz-sharp0-closest-48cm-blackfoam","10","200","200","487.36","1.48","1.000","1.00"
"2026-05-24T18:03:14","B7-4x4-30hz-sharp0-closest-48cm-blackfoam","11","200","200","481.12","1.45","1.000","1.33"
"2026-05-24T18:03:14","B7-4x4-30hz-sharp0-closest-48cm-blackfoam","12","200","200","507.31","2.20","1.000","2.00"
"2026-05-24T18:03:14","B7-4x4-30hz-sharp0-closest-48cm-blackfoam","13","200","200","501.44","1.56","1.000","1.92"
"2026-05-24T18:03:14","B7-4x4-30hz-sharp0-closest-48cm-blackfoam","14","200","200","494.74","1.90","1.000","1.73"
"2026-05-24T18:03:14","B7-4x4-30hz-sharp0-closest-48cm-blackfoam","15","200","200","490.15","1.91","1.000","2.00"
"2026-05-24T18:03:55","B8-4x4-30hz-sharp5-closest-48cm-blackfoam","0","200","200","481.77","1.51","1.000","1.00"
"2026-05-24T18:03:55","B8-4x4-30hz-sharp5-closest-48cm-blackfoam","1","200","200","476.06","1.35","1.000","1.00"
"2026-05-24T18:03:55","B8-4x4-30hz-sharp5-closest-48cm-blackfoam","2","200","200","470.37","1.26","1.000","1.00"
"2026-05-24T18:03:55","B8-4x4-30hz-sharp5-closest-48cm-blackfoam","3","200","200","464.54","1.43","1.000","1.00"
"2026-05-24T18:03:55","B8-4x4-30hz-sharp5-closest-48cm-blackfoam","4","200","200","490.80","2.05","1.000","1.49"
"2026-05-24T18:03:55","B8-4x4-30hz-sharp5-closest-48cm-blackfoam","5","200","200","484.53","1.31","1.000","1.00"
"2026-05-24T18:03:55","B8-4x4-30hz-sharp5-closest-48cm-blackfoam","6","200","200","478.65","1.30","1.000","1.00"
"2026-05-24T18:03:55","B8-4x4-30hz-sharp5-closest-48cm-blackfoam","7","200","200","472.54","1.45","1.000","1.00"
"2026-05-24T18:03:55","B8-4x4-30hz-sharp5-closest-48cm-blackfoam","8","200","200","498.25","1.73","1.000","1.47"
"2026-05-24T18:03:55","B8-4x4-30hz-sharp5-closest-48cm-blackfoam","9","200","200","491.80","1.57","1.000","1.21"
"2026-05-24T18:03:55","B8-4x4-30hz-sharp5-closest-48cm-blackfoam","10","200","200","486.27","1.32","1.000","1.00"
"2026-05-24T18:03:55","B8-4x4-30hz-sharp5-closest-48cm-blackfoam","11","200","200","480.20","1.54","1.000","1.41"
"2026-05-24T18:03:55","B8-4x4-30hz-sharp5-closest-48cm-blackfoam","12","200","200","506.12","2.19","1.000","2.00"
"2026-05-24T18:03:55","B8-4x4-30hz-sharp5-closest-48cm-blackfoam","13","200","200","500.43","1.69","1.000","1.95"
"2026-05-24T18:03:55","B8-4x4-30hz-sharp5-closest-48cm-blackfoam","14","200","200","493.58","1.92","1.000","1.75"
"2026-05-24T18:03:55","B8-4x4-30hz-sharp5-closest-48cm-blackfoam","15","200","200","488.69","1.86","1.000","2.00"
"2026-05-24T18:04:39","B9-4x4-30hz-sharp20-closest-48cm-blackfoam","0","200","200","478.80","1.52","1.000","1.00"
"2026-05-24T18:04:39","B9-4x4-30hz-sharp20-closest-48cm-blackfoam","1","200","200","473.33","1.41","1.000","1.00"
"2026-05-24T18:04:39","B9-4x4-30hz-sharp20-closest-48cm-blackfoam","2","200","200","467.17","1.33","1.000","1.00"
"2026-05-24T18:04:39","B9-4x4-30hz-sharp20-closest-48cm-blackfoam","3","200","200","461.81","1.39","1.000","1.00"
"2026-05-24T18:04:39","B9-4x4-30hz-sharp20-closest-48cm-blackfoam","4","200","200","488.02","1.90","1.000","1.48"
"2026-05-24T18:04:39","B9-4x4-30hz-sharp20-closest-48cm-blackfoam","5","200","200","481.13","1.48","1.000","1.00"
"2026-05-24T18:04:39","B9-4x4-30hz-sharp20-closest-48cm-blackfoam","6","200","200","475.33","1.25","1.000","1.00"
"2026-05-24T18:04:39","B9-4x4-30hz-sharp20-closest-48cm-blackfoam","7","200","200","469.38","1.44","1.000","1.00"
"2026-05-24T18:04:39","B9-4x4-30hz-sharp20-closest-48cm-blackfoam","8","200","200","495.28","1.49","1.000","1.38"
"2026-05-24T18:04:39","B9-4x4-30hz-sharp20-closest-48cm-blackfoam","9","200","200","488.68","1.55","1.000","1.11"
"2026-05-24T18:04:39","B9-4x4-30hz-sharp20-closest-48cm-blackfoam","10","200","200","483.21","1.48","1.000","1.00"
"2026-05-24T18:04:39","B9-4x4-30hz-sharp20-closest-48cm-blackfoam","11","200","200","477.19","1.29","1.000","1.39"
"2026-05-24T18:04:39","B9-4x4-30hz-sharp20-closest-48cm-blackfoam","12","200","200","503.39","2.47","1.000","2.00"
"2026-05-24T18:04:39","B9-4x4-30hz-sharp20-closest-48cm-blackfoam","13","200","200","497.65","1.56","1.000","1.90"
"2026-05-24T18:04:39","B9-4x4-30hz-sharp20-closest-48cm-blackfoam","14","200","200","490.56","1.85","1.000","1.75"
"2026-05-24T18:04:39","B9-4x4-30hz-sharp20-closest-48cm-blackfoam","15","200","200","485.96","1.91","1.000","2.00"
"2026-05-24T18:06:16","D1-8x8-10hz-sharp5-strict-48cm-blackfoam","0","200","200","480.48","4.16","1.000","3.48"
"2026-05-24T18:06:16","D1-8x8-10hz-sharp5-strict-48cm-blackfoam","1","200","200","478.31","3.06","1.000","3.00"
"2026-05-24T18:06:16","D1-8x8-10hz-sharp5-strict-48cm-blackfoam","2","200","200","474.05","3.25","1.000","2.99"
"2026-05-24T18:06:16","D1-8x8-10hz-sharp5-strict-48cm-blackfoam","3","200","200","471.06","3.28","1.000","2.99"
"2026-05-24T18:06:16","D1-8x8-10hz-sharp5-strict-48cm-blackfoam","4","200","200","466.65","2.86","1.000","2.42"
"2026-05-24T18:06:16","D1-8x8-10hz-sharp5-strict-48cm-blackfoam","5","200","200","464.96","2.89","1.000","2.75"
"2026-05-24T18:06:16","D1-8x8-10hz-sharp5-strict-48cm-blackfoam","6","200","200","462.31","3.07","1.000","2.96"
"2026-05-24T18:06:16","D1-8x8-10hz-sharp5-strict-48cm-blackfoam","7","200","200","461.17","3.24","1.000","2.98"
"2026-05-24T18:06:16","D1-8x8-10hz-sharp5-strict-48cm-blackfoam","8","200","200","484.54","3.59","1.000","3.08"
"2026-05-24T18:06:16","D1-8x8-10hz-sharp5-strict-48cm-blackfoam","9","200","200","480.04","3.14","1.000","2.83"
"2026-05-24T18:06:16","D1-8x8-10hz-sharp5-strict-48cm-blackfoam","10","200","200","477.31","3.16","1.000","2.92"
"2026-05-24T18:06:16","D1-8x8-10hz-sharp5-strict-48cm-blackfoam","11","200","200","473.60","3.10","1.000","2.90"
"2026-05-24T18:06:16","D1-8x8-10hz-sharp5-strict-48cm-blackfoam","12","200","200","472.13","2.85","1.000","2.62"
"2026-05-24T18:06:16","D1-8x8-10hz-sharp5-strict-48cm-blackfoam","13","200","200","468.04","2.71","1.000","2.32"
"2026-05-24T18:06:16","D1-8x8-10hz-sharp5-strict-48cm-blackfoam","14","200","200","466.09","2.84","1.000","2.87"
"2026-05-24T18:06:16","D1-8x8-10hz-sharp5-strict-48cm-blackfoam","15","200","200","463.69","2.98","1.000","2.96"
"2026-05-24T18:06:16","D1-8x8-10hz-sharp5-strict-48cm-blackfoam","16","200","200","487.72","3.78","1.000","3.36"
"2026-05-24T18:06:16","D1-8x8-10hz-sharp5-strict-48cm-blackfoam","17","200","200","485.41","4.42","1.000","3.59"
"2026-05-24T18:06:16","D1-8x8-10hz-sharp5-strict-48cm-blackfoam","18","200","200","481.25","3.22","1.000","2.99"
"2026-05-24T18:06:16","D1-8x8-10hz-sharp5-strict-48cm-blackfoam","19","200","200","479.47","3.22","1.000","2.98"
"2026-05-24T18:06:16","D1-8x8-10hz-sharp5-strict-48cm-blackfoam","20","200","200","475.00","2.47","1.000","2.19"
"2026-05-24T18:06:16","D1-8x8-10hz-sharp5-strict-48cm-blackfoam","21","200","200","472.08","2.61","1.000","2.83"
"2026-05-24T18:06:16","D1-8x8-10hz-sharp5-strict-48cm-blackfoam","22","200","200","469.35","2.86","1.000","2.90"
"2026-05-24T18:06:16","D1-8x8-10hz-sharp5-strict-48cm-blackfoam","23","200","200","467.20","3.54","1.000","3.00"
"2026-05-24T18:06:16","D1-8x8-10hz-sharp5-strict-48cm-blackfoam","24","200","200","493.46","3.60","1.000","3.25"
"2026-05-24T18:06:16","D1-8x8-10hz-sharp5-strict-48cm-blackfoam","25","200","200","488.43","3.41","1.000","3.07"
"2026-05-24T18:06:16","D1-8x8-10hz-sharp5-strict-48cm-blackfoam","26","200","200","486.46","3.34","1.000","3.00"
"2026-05-24T18:06:16","D1-8x8-10hz-sharp5-strict-48cm-blackfoam","27","200","200","481.27","2.83","1.000","2.56"
"2026-05-24T18:06:16","D1-8x8-10hz-sharp5-strict-48cm-blackfoam","28","200","200","479.46","3.22","1.000","2.73"
"2026-05-24T18:06:16","D1-8x8-10hz-sharp5-strict-48cm-blackfoam","29","200","200","476.53","2.98","1.000","2.51"
"2026-05-24T18:06:16","D1-8x8-10hz-sharp5-strict-48cm-blackfoam","30","200","200","473.50","3.07","1.000","2.94"
"2026-05-24T18:06:16","D1-8x8-10hz-sharp5-strict-48cm-blackfoam","31","200","200","470.85","3.67","1.000","3.08"
"2026-05-24T18:06:16","D1-8x8-10hz-sharp5-strict-48cm-blackfoam","32","200","200","496.69","3.75","1.000","3.58"
"2026-05-24T18:06:16","D1-8x8-10hz-sharp5-strict-48cm-blackfoam","33","200","200","492.70","3.62","1.000","3.16"
"2026-05-24T18:06:16","D1-8x8-10hz-sharp5-strict-48cm-blackfoam","34","200","200","488.42","3.26","1.000","3.00"
"2026-05-24T18:06:16","D1-8x8-10hz-sharp5-strict-48cm-blackfoam","35","200","200","487.24","3.05","1.000","3.00"
"2026-05-24T18:06:16","D1-8x8-10hz-sharp5-strict-48cm-blackfoam","36","200","200","483.94","3.20","1.000","2.97"
"2026-05-24T18:06:16","D1-8x8-10hz-sharp5-strict-48cm-blackfoam","37","200","200","480.67","2.81","1.000","2.90"
"2026-05-24T18:06:16","D1-8x8-10hz-sharp5-strict-48cm-blackfoam","38","200","200","477.52","3.11","1.000","3.00"
"2026-05-24T18:06:16","D1-8x8-10hz-sharp5-strict-48cm-blackfoam","39","200","200","475.13","3.66","1.000","3.21"
"2026-05-24T18:06:16","D1-8x8-10hz-sharp5-strict-48cm-blackfoam","40","200","200","500.65","3.81","1.000","3.40"
"2026-05-24T18:06:16","D1-8x8-10hz-sharp5-strict-48cm-blackfoam","41","200","200","496.25","3.92","1.000","3.44"
"2026-05-24T18:06:16","D1-8x8-10hz-sharp5-strict-48cm-blackfoam","42","200","200","493.15","3.69","1.000","3.35"
"2026-05-24T18:06:16","D1-8x8-10hz-sharp5-strict-48cm-blackfoam","43","200","200","490.69","3.66","1.000","3.21"
"2026-05-24T18:06:16","D1-8x8-10hz-sharp5-strict-48cm-blackfoam","44","200","200","487.71","3.55","1.000","3.10"
"2026-05-24T18:06:16","D1-8x8-10hz-sharp5-strict-48cm-blackfoam","45","200","200","483.34","3.08","1.000","3.00"
"2026-05-24T18:06:16","D1-8x8-10hz-sharp5-strict-48cm-blackfoam","46","200","200","482.06","3.81","1.000","3.17"
"2026-05-24T18:06:16","D1-8x8-10hz-sharp5-strict-48cm-blackfoam","47","200","200","479.02","3.84","1.000","3.27"
"2026-05-24T18:06:16","D1-8x8-10hz-sharp5-strict-48cm-blackfoam","48","200","200","505.47","4.29","1.000","3.90"
"2026-05-24T18:06:16","D1-8x8-10hz-sharp5-strict-48cm-blackfoam","49","200","200","501.57","4.45","1.000","3.96"
"2026-05-24T18:06:16","D1-8x8-10hz-sharp5-strict-48cm-blackfoam","50","200","200","497.75","3.98","1.000","3.29"
"2026-05-24T18:06:16","D1-8x8-10hz-sharp5-strict-48cm-blackfoam","51","200","200","493.88","3.88","1.000","3.48"
"2026-05-24T18:06:16","D1-8x8-10hz-sharp5-strict-48cm-blackfoam","52","200","200","490.87","3.57","1.000","3.33"
"2026-05-24T18:06:16","D1-8x8-10hz-sharp5-strict-48cm-blackfoam","53","200","200","487.77","3.69","1.000","3.30"
"2026-05-24T18:06:16","D1-8x8-10hz-sharp5-strict-48cm-blackfoam","54","200","200","487.17","3.48","1.000","3.13"
"2026-05-24T18:06:16","D1-8x8-10hz-sharp5-strict-48cm-blackfoam","55","200","200","484.10","3.82","1.000","3.79"
"2026-05-24T18:06:16","D1-8x8-10hz-sharp5-strict-48cm-blackfoam","56","200","200","509.70","5.15","1.000","4.24"
"2026-05-24T18:06:16","D1-8x8-10hz-sharp5-strict-48cm-blackfoam","57","200","200","506.12","4.94","1.000","4.71"
"2026-05-24T18:06:16","D1-8x8-10hz-sharp5-strict-48cm-blackfoam","58","200","200","502.50","3.57","1.000","3.37"
"2026-05-24T18:06:16","D1-8x8-10hz-sharp5-strict-48cm-blackfoam","59","200","200","499.21","4.37","1.000","3.96"
"2026-05-24T18:06:16","D1-8x8-10hz-sharp5-strict-48cm-blackfoam","60","200","200","495.65","4.13","1.000","3.50"
"2026-05-24T18:06:16","D1-8x8-10hz-sharp5-strict-48cm-blackfoam","61","200","200","492.25","4.22","1.000","3.52"
"2026-05-24T18:06:16","D1-8x8-10hz-sharp5-strict-48cm-blackfoam","62","200","200","492.63","3.87","1.000","3.72"
"2026-05-24T18:06:16","D1-8x8-10hz-sharp5-strict-48cm-blackfoam","63","200","200","488.36","5.60","1.000","5.12"
"2026-05-24T18:17:36","A3-8x8-10hz-sharp20-closest-48cm-blackfoam","0","200","200","481.25","3.67","1.000","3.46"
"2026-05-24T18:17:36","A3-8x8-10hz-sharp20-closest-48cm-blackfoam","1","200","200","479.15","3.02","1.000","2.98"
"2026-05-24T18:17:36","A3-8x8-10hz-sharp20-closest-48cm-blackfoam","2","200","200","474.40","3.09","1.000","3.00"
"2026-05-24T18:17:36","A3-8x8-10hz-sharp20-closest-48cm-blackfoam","3","200","200","471.69","3.10","1.000","3.00"
"2026-05-24T18:17:36","A3-8x8-10hz-sharp20-closest-48cm-blackfoam","4","200","200","467.95","2.65","1.000","2.46"
"2026-05-24T18:17:36","A3-8x8-10hz-sharp20-closest-48cm-blackfoam","5","200","200","465.94","2.87","1.000","2.73"
"2026-05-24T18:17:36","A3-8x8-10hz-sharp20-closest-48cm-blackfoam","6","200","200","463.28","3.08","1.000","2.92"
"2026-05-24T18:17:36","A3-8x8-10hz-sharp20-closest-48cm-blackfoam","7","200","200","462.31","3.11","1.000","2.96"
"2026-05-24T18:17:36","A3-8x8-10hz-sharp20-closest-48cm-blackfoam","8","200","200","485.30","3.62","1.000","3.10"
"2026-05-24T18:17:36","A3-8x8-10hz-sharp20-closest-48cm-blackfoam","9","200","200","480.86","3.47","1.000","2.87"
"2026-05-24T18:17:36","A3-8x8-10hz-sharp20-closest-48cm-blackfoam","10","200","200","478.74","2.98","1.000","2.96"
"2026-05-24T18:17:36","A3-8x8-10hz-sharp20-closest-48cm-blackfoam","11","200","200","474.94","3.16","1.000","2.85"
"2026-05-24T18:17:36","A3-8x8-10hz-sharp20-closest-48cm-blackfoam","12","200","200","473.29","2.93","1.000","2.58"
"2026-05-24T18:17:36","A3-8x8-10hz-sharp20-closest-48cm-blackfoam","13","200","200","469.25","2.62","1.000","2.28"
"2026-05-24T18:17:36","A3-8x8-10hz-sharp20-closest-48cm-blackfoam","14","200","200","467.72","3.02","1.000","2.81"
"2026-05-24T18:17:36","A3-8x8-10hz-sharp20-closest-48cm-blackfoam","15","200","200","464.89","3.26","1.000","2.94"
"2026-05-24T18:17:36","A3-8x8-10hz-sharp20-closest-48cm-blackfoam","16","200","200","489.18","3.74","1.000","3.42"
"2026-05-24T18:17:36","A3-8x8-10hz-sharp20-closest-48cm-blackfoam","17","200","200","486.37","3.76","1.000","3.56"
"2026-05-24T18:17:36","A3-8x8-10hz-sharp20-closest-48cm-blackfoam","18","200","200","481.88","3.09","1.000","3.00"
"2026-05-24T18:17:36","A3-8x8-10hz-sharp20-closest-48cm-blackfoam","19","200","200","480.41","3.18","1.000","2.98"
"2026-05-24T18:17:36","A3-8x8-10hz-sharp20-closest-48cm-blackfoam","20","200","200","476.68","2.59","1.000","2.19"
"2026-05-24T18:17:36","A3-8x8-10hz-sharp20-closest-48cm-blackfoam","21","200","200","473.37","2.80","1.000","2.83"
"2026-05-24T18:17:36","A3-8x8-10hz-sharp20-closest-48cm-blackfoam","22","200","200","470.51","2.74","1.000","2.88"
"2026-05-24T18:17:36","A3-8x8-10hz-sharp20-closest-48cm-blackfoam","23","200","200","468.38","3.35","1.000","3.00"
"2026-05-24T18:17:36","A3-8x8-10hz-sharp20-closest-48cm-blackfoam","24","200","200","494.40","3.85","1.000","3.21"
"2026-05-24T18:17:36","A3-8x8-10hz-sharp20-closest-48cm-blackfoam","25","200","200","489.27","3.51","1.000","3.08"
"2026-05-24T18:17:36","A3-8x8-10hz-sharp20-closest-48cm-blackfoam","26","200","200","487.50","3.15","1.000","3.00"
"2026-05-24T18:17:36","A3-8x8-10hz-sharp20-closest-48cm-blackfoam","27","200","200","482.54","2.69","1.000","2.54"
"2026-05-24T18:17:36","A3-8x8-10hz-sharp20-closest-48cm-blackfoam","28","200","200","480.14","3.21","1.000","2.77"
"2026-05-24T18:17:36","A3-8x8-10hz-sharp20-closest-48cm-blackfoam","29","200","200","477.98","2.95","1.000","2.44"
"2026-05-24T18:17:36","A3-8x8-10hz-sharp20-closest-48cm-blackfoam","30","200","200","474.31","2.99","1.000","2.98"
"2026-05-24T18:17:36","A3-8x8-10hz-sharp20-closest-48cm-blackfoam","31","200","200","471.56","3.39","1.000","3.03"
"2026-05-24T18:17:36","A3-8x8-10hz-sharp20-closest-48cm-blackfoam","32","200","200","497.87","4.12","1.000","3.67"
"2026-05-24T18:17:36","A3-8x8-10hz-sharp20-closest-48cm-blackfoam","33","200","200","493.15","3.24","1.000","3.08"
"2026-05-24T18:17:36","A3-8x8-10hz-sharp20-closest-48cm-blackfoam","34","200","200","489.86","3.17","1.000","2.98"
"2026-05-24T18:17:36","A3-8x8-10hz-sharp20-closest-48cm-blackfoam","35","200","200","488.57","2.99","1.000","2.99"
"2026-05-24T18:17:36","A3-8x8-10hz-sharp20-closest-48cm-blackfoam","36","200","200","485.22","2.91","1.000","2.90"
"2026-05-24T18:17:36","A3-8x8-10hz-sharp20-closest-48cm-blackfoam","37","200","200","481.99","2.79","1.000","2.92"
"2026-05-24T18:17:36","A3-8x8-10hz-sharp20-closest-48cm-blackfoam","38","200","200","478.54","3.21","1.000","2.98"
"2026-05-24T18:17:36","A3-8x8-10hz-sharp20-closest-48cm-blackfoam","39","200","200","475.81","3.72","1.000","3.10"
"2026-05-24T18:17:36","A3-8x8-10hz-sharp20-closest-48cm-blackfoam","40","200","200","501.69","3.81","1.000","3.42"
"2026-05-24T18:17:36","A3-8x8-10hz-sharp20-closest-48cm-blackfoam","41","200","200","496.41","3.61","1.000","3.52"
"2026-05-24T18:17:36","A3-8x8-10hz-sharp20-closest-48cm-blackfoam","42","200","200","493.81","3.64","1.000","3.27"
"2026-05-24T18:17:36","A3-8x8-10hz-sharp20-closest-48cm-blackfoam","43","200","200","491.39","3.62","1.000","3.13"
"2026-05-24T18:17:36","A3-8x8-10hz-sharp20-closest-48cm-blackfoam","44","200","200","489.38","3.56","1.000","3.06"
"2026-05-24T18:17:36","A3-8x8-10hz-sharp20-closest-48cm-blackfoam","45","200","200","484.92","3.28","1.000","3.00"
"2026-05-24T18:17:36","A3-8x8-10hz-sharp20-closest-48cm-blackfoam","46","200","200","482.88","3.80","1.000","3.21"
"2026-05-24T18:17:36","A3-8x8-10hz-sharp20-closest-48cm-blackfoam","47","200","200","480.80","3.49","1.000","3.21"
"2026-05-24T18:17:36","A3-8x8-10hz-sharp20-closest-48cm-blackfoam","48","200","200","506.51","4.33","1.000","3.96"
"2026-05-24T18:17:36","A3-8x8-10hz-sharp20-closest-48cm-blackfoam","49","200","200","502.52","4.03","1.000","3.93"
"2026-05-24T18:17:36","A3-8x8-10hz-sharp20-closest-48cm-blackfoam","50","200","200","498.90","3.69","1.000","3.31"
"2026-05-24T18:17:36","A3-8x8-10hz-sharp20-closest-48cm-blackfoam","51","200","200","495.51","3.86","1.000","3.47"
"2026-05-24T18:17:36","A3-8x8-10hz-sharp20-closest-48cm-blackfoam","52","200","200","492.28","3.64","1.000","3.31"
"2026-05-24T18:17:36","A3-8x8-10hz-sharp20-closest-48cm-blackfoam","53","200","200","489.07","3.97","1.000","3.27"
"2026-05-24T18:17:36","A3-8x8-10hz-sharp20-closest-48cm-blackfoam","54","200","200","488.12","3.73","1.000","3.21"
"2026-05-24T18:17:36","A3-8x8-10hz-sharp20-closest-48cm-blackfoam","55","200","200","485.23","3.91","1.000","3.82"
"2026-05-24T18:17:36","A3-8x8-10hz-sharp20-closest-48cm-blackfoam","56","200","200","510.68","4.85","1.000","4.29"
"2026-05-24T18:17:36","A3-8x8-10hz-sharp20-closest-48cm-blackfoam","57","200","200","506.95","4.62","1.000","4.65"
"2026-05-24T18:17:36","A3-8x8-10hz-sharp20-closest-48cm-blackfoam","58","200","200","503.90","3.90","1.000","3.42"
"2026-05-24T18:17:36","A3-8x8-10hz-sharp20-closest-48cm-blackfoam","59","200","200","500.62","3.99","1.000","3.98"
"2026-05-24T18:17:36","A3-8x8-10hz-sharp20-closest-48cm-blackfoam","60","200","200","497.04","3.89","1.000","3.38"
"2026-05-24T18:17:36","A3-8x8-10hz-sharp20-closest-48cm-blackfoam","61","200","200","492.26","4.16","1.000","3.48"
"2026-05-24T18:17:36","A3-8x8-10hz-sharp20-closest-48cm-blackfoam","62","200","200","493.25","4.23","1.000","3.73"
"2026-05-24T18:17:36","A3-8x8-10hz-sharp20-closest-48cm-blackfoam","63","200","200","489.65","5.12","1.000","5.16"
"2026-05-24T18:18:21","A5-8x8-15hz-sharp5-closest-48cm-blackfoam","0","200","200","481.03","4.43","1.000","4.34"
"2026-05-24T18:18:21","A5-8x8-15hz-sharp5-closest-48cm-blackfoam","1","200","200","478.45","4.39","1.000","3.56"
"2026-05-24T18:18:21","A5-8x8-15hz-sharp5-closest-48cm-blackfoam","2","200","200","474.33","4.20","1.000","3.62"
"2026-05-24T18:18:21","A5-8x8-15hz-sharp5-closest-48cm-blackfoam","3","200","200","471.81","3.87","1.000","3.73"
"2026-05-24T18:18:21","A5-8x8-15hz-sharp5-closest-48cm-blackfoam","4","200","200","467.70","3.34","1.000","3.01"
"2026-05-24T18:18:21","A5-8x8-15hz-sharp5-closest-48cm-blackfoam","5","200","200","465.70","3.32","1.000","3.12"
"2026-05-24T18:18:21","A5-8x8-15hz-sharp5-closest-48cm-blackfoam","6","200","200","463.37","3.94","1.000","3.54"
"2026-05-24T18:18:21","A5-8x8-15hz-sharp5-closest-48cm-blackfoam","7","200","200","461.50","4.20","1.000","3.52"
"2026-05-24T18:18:21","A5-8x8-15hz-sharp5-closest-48cm-blackfoam","8","200","200","485.74","4.47","1.000","4.04"
"2026-05-24T18:18:21","A5-8x8-15hz-sharp5-closest-48cm-blackfoam","9","200","200","481.17","4.40","1.000","3.40"
"2026-05-24T18:18:21","A5-8x8-15hz-sharp5-closest-48cm-blackfoam","10","200","200","478.39","3.79","1.000","3.42"
"2026-05-24T18:18:21","A5-8x8-15hz-sharp5-closest-48cm-blackfoam","11","200","200","474.57","3.87","1.000","3.21"
"2026-05-24T18:18:21","A5-8x8-15hz-sharp5-closest-48cm-blackfoam","12","200","200","472.88","3.36","1.000","3.10"
"2026-05-24T18:18:21","A5-8x8-15hz-sharp5-closest-48cm-blackfoam","13","200","200","469.06","3.15","1.000","3.00"
"2026-05-24T18:18:21","A5-8x8-15hz-sharp5-closest-48cm-blackfoam","14","200","200","467.48","3.91","1.000","3.21"
"2026-05-24T18:18:21","A5-8x8-15hz-sharp5-closest-48cm-blackfoam","15","200","200","464.03","3.67","1.000","3.46"
"2026-05-24T18:18:21","A5-8x8-15hz-sharp5-closest-48cm-blackfoam","16","200","200","488.33","4.96","1.000","4.36"
"2026-05-24T18:18:21","A5-8x8-15hz-sharp5-closest-48cm-blackfoam","17","200","200","486.51","4.63","1.000","4.42"
"2026-05-24T18:18:21","A5-8x8-15hz-sharp5-closest-48cm-blackfoam","18","200","200","482.14","3.70","1.000","3.59"
"2026-05-24T18:18:21","A5-8x8-15hz-sharp5-closest-48cm-blackfoam","19","200","200","480.40","3.98","1.000","3.46"
"2026-05-24T18:18:21","A5-8x8-15hz-sharp5-closest-48cm-blackfoam","20","200","200","476.27","3.49","1.000","3.02"
"2026-05-24T18:18:21","A5-8x8-15hz-sharp5-closest-48cm-blackfoam","21","200","200","472.98","3.57","1.000","3.15"
"2026-05-24T18:18:21","A5-8x8-15hz-sharp5-closest-48cm-blackfoam","22","200","200","470.44","3.68","1.000","3.26"
"2026-05-24T18:18:21","A5-8x8-15hz-sharp5-closest-48cm-blackfoam","23","200","200","467.71","3.78","1.000","3.72"
"2026-05-24T18:18:21","A5-8x8-15hz-sharp5-closest-48cm-blackfoam","24","200","200","493.68","4.93","1.000","4.27"
"2026-05-24T18:18:21","A5-8x8-15hz-sharp5-closest-48cm-blackfoam","25","200","200","488.93","4.13","1.000","3.95"
"2026-05-24T18:18:21","A5-8x8-15hz-sharp5-closest-48cm-blackfoam","26","200","200","486.32","4.07","1.000","3.77"
"2026-05-24T18:18:21","A5-8x8-15hz-sharp5-closest-48cm-blackfoam","27","200","200","482.36","3.67","1.000","3.07"
"2026-05-24T18:18:21","A5-8x8-15hz-sharp5-closest-48cm-blackfoam","28","200","200","479.84","3.63","1.000","3.31"
"2026-05-24T18:18:21","A5-8x8-15hz-sharp5-closest-48cm-blackfoam","29","200","200","477.02","3.68","1.000","3.04"
"2026-05-24T18:18:21","A5-8x8-15hz-sharp5-closest-48cm-blackfoam","30","200","200","473.71","3.91","1.000","3.43"
"2026-05-24T18:18:21","A5-8x8-15hz-sharp5-closest-48cm-blackfoam","31","200","200","471.86","3.89","1.000","3.94"
"2026-05-24T18:18:21","A5-8x8-15hz-sharp5-closest-48cm-blackfoam","32","200","200","498.12","5.58","1.000","4.50"
"2026-05-24T18:18:21","A5-8x8-15hz-sharp5-closest-48cm-blackfoam","33","200","200","493.49","4.18","1.000","4.03"
"2026-05-24T18:18:21","A5-8x8-15hz-sharp5-closest-48cm-blackfoam","34","200","200","489.12","3.72","1.000","3.54"
"2026-05-24T18:18:21","A5-8x8-15hz-sharp5-closest-48cm-blackfoam","35","200","200","488.06","3.78","1.000","3.47"
"2026-05-24T18:18:21","A5-8x8-15hz-sharp5-closest-48cm-blackfoam","36","200","200","485.08","3.77","1.000","3.30"
"2026-05-24T18:18:21","A5-8x8-15hz-sharp5-closest-48cm-blackfoam","37","200","200","481.35","3.45","1.000","3.22"
"2026-05-24T18:18:21","A5-8x8-15hz-sharp5-closest-48cm-blackfoam","38","200","200","478.19","3.71","1.000","3.56"
"2026-05-24T18:18:21","A5-8x8-15hz-sharp5-closest-48cm-blackfoam","39","200","200","474.84","3.90","1.000","4.03"
"2026-05-24T18:18:21","A5-8x8-15hz-sharp5-closest-48cm-blackfoam","40","200","200","501.85","5.02","1.000","4.37"
"2026-05-24T18:18:21","A5-8x8-15hz-sharp5-closest-48cm-blackfoam","41","200","200","496.39","4.57","1.000","4.45"
"2026-05-24T18:18:21","A5-8x8-15hz-sharp5-closest-48cm-blackfoam","42","200","200","493.79","4.29","1.000","4.17"
"2026-05-24T18:18:21","A5-8x8-15hz-sharp5-closest-48cm-blackfoam","43","200","200","490.74","4.07","1.000","4.08"
"2026-05-24T18:18:21","A5-8x8-15hz-sharp5-closest-48cm-blackfoam","44","200","200","488.41","4.47","1.000","4.09"
"2026-05-24T18:18:21","A5-8x8-15hz-sharp5-closest-48cm-blackfoam","45","200","200","484.68","3.93","1.000","3.79"
"2026-05-24T18:18:21","A5-8x8-15hz-sharp5-closest-48cm-blackfoam","46","200","200","481.80","4.31","1.000","4.08"
"2026-05-24T18:18:21","A5-8x8-15hz-sharp5-closest-48cm-blackfoam","47","200","200","479.81","4.80","1.000","4.06"
"2026-05-24T18:18:21","A5-8x8-15hz-sharp5-closest-48cm-blackfoam","48","200","200","505.80","5.88","1.000","4.88"
"2026-05-24T18:18:21","A5-8x8-15hz-sharp5-closest-48cm-blackfoam","49","200","200","502.33","4.93","1.000","4.89"
"2026-05-24T18:18:21","A5-8x8-15hz-sharp5-closest-48cm-blackfoam","50","200","200","498.32","4.76","1.000","4.21"
"2026-05-24T18:18:21","A5-8x8-15hz-sharp5-closest-48cm-blackfoam","51","200","200","494.93","4.52","1.000","4.41"
"2026-05-24T18:18:21","A5-8x8-15hz-sharp5-closest-48cm-blackfoam","52","200","200","491.76","4.39","1.000","4.14"
"2026-05-24T18:18:21","A5-8x8-15hz-sharp5-closest-48cm-blackfoam","53","200","200","488.45","4.71","1.000","4.15"
"2026-05-24T18:18:21","A5-8x8-15hz-sharp5-closest-48cm-blackfoam","54","200","200","488.11","4.76","1.000","4.13"
"2026-05-24T18:18:21","A5-8x8-15hz-sharp5-closest-48cm-blackfoam","55","200","200","485.16","5.13","1.000","4.76"
"2026-05-24T18:18:21","A5-8x8-15hz-sharp5-closest-48cm-blackfoam","56","200","200","510.00","5.84","1.000","5.36"
"2026-05-24T18:18:21","A5-8x8-15hz-sharp5-closest-48cm-blackfoam","57","200","200","506.49","6.45","1.000","5.89"
"2026-05-24T18:18:21","A5-8x8-15hz-sharp5-closest-48cm-blackfoam","58","200","200","503.02","4.67","1.000","4.27"
"2026-05-24T18:18:21","A5-8x8-15hz-sharp5-closest-48cm-blackfoam","59","200","200","499.25","5.27","1.000","4.89"
"2026-05-24T18:18:21","A5-8x8-15hz-sharp5-closest-48cm-blackfoam","60","200","200","497.19","5.35","1.000","4.33"
"2026-05-24T18:18:21","A5-8x8-15hz-sharp5-closest-48cm-blackfoam","61","200","200","492.36","5.19","1.000","4.47"
"2026-05-24T18:18:21","A5-8x8-15hz-sharp5-closest-48cm-blackfoam","62","200","200","492.24","5.08","1.000","4.58"
"2026-05-24T18:18:21","A5-8x8-15hz-sharp5-closest-48cm-blackfoam","63","200","200","488.15","7.28","1.000","6.53"
"2026-05-24T18:19:13","B1-4x4-10hz-sharp0-closest-48cm-blackfoam","0","200","200","480.15","0.85","1.000","1.00"
"2026-05-24T18:19:13","B1-4x4-10hz-sharp0-closest-48cm-blackfoam","1","200","200","474.62","0.81","1.000","1.00"
"2026-05-24T18:19:13","B1-4x4-10hz-sharp0-closest-48cm-blackfoam","2","200","200","469.06","0.77","1.000","1.00"
"2026-05-24T18:19:13","B1-4x4-10hz-sharp0-closest-48cm-blackfoam","3","200","200","463.23","0.90","1.000","1.00"
"2026-05-24T18:19:13","B1-4x4-10hz-sharp0-closest-48cm-blackfoam","4","200","200","489.36","1.20","1.000","1.00"
"2026-05-24T18:19:13","B1-4x4-10hz-sharp0-closest-48cm-blackfoam","5","200","200","483.10","0.81","1.000","1.00"
"2026-05-24T18:19:13","B1-4x4-10hz-sharp0-closest-48cm-blackfoam","6","200","200","476.89","0.78","1.000","1.00"
"2026-05-24T18:19:13","B1-4x4-10hz-sharp0-closest-48cm-blackfoam","7","200","200","470.79","0.87","1.000","1.00"
"2026-05-24T18:19:13","B1-4x4-10hz-sharp0-closest-48cm-blackfoam","8","200","200","496.83","0.95","1.000","1.00"
"2026-05-24T18:19:13","B1-4x4-10hz-sharp0-closest-48cm-blackfoam","9","200","200","490.28","0.97","1.000","1.00"
"2026-05-24T18:19:13","B1-4x4-10hz-sharp0-closest-48cm-blackfoam","10","200","200","484.88","0.80","1.000","1.00"
"2026-05-24T18:19:13","B1-4x4-10hz-sharp0-closest-48cm-blackfoam","11","200","200","478.58","0.93","1.000","1.00"
"2026-05-24T18:19:13","B1-4x4-10hz-sharp0-closest-48cm-blackfoam","12","200","200","504.43","1.23","1.000","1.00"
"2026-05-24T18:19:13","B1-4x4-10hz-sharp0-closest-48cm-blackfoam","13","200","200","498.99","1.02","1.000","1.00"
"2026-05-24T18:19:13","B1-4x4-10hz-sharp0-closest-48cm-blackfoam","14","200","200","492.40","1.28","1.000","1.00"
"2026-05-24T18:19:13","B1-4x4-10hz-sharp0-closest-48cm-blackfoam","15","200","200","487.41","1.10","1.000","1.00"
"2026-05-24T18:20:05","C1-8x8-10hz-sharp5-strongest-48cm-blackfoam","0","200","200","481.86","3.94","1.000","3.50"
"2026-05-24T18:20:05","C1-8x8-10hz-sharp5-strongest-48cm-blackfoam","1","200","200","479.61","2.95","1.000","2.99"
"2026-05-24T18:20:05","C1-8x8-10hz-sharp5-strongest-48cm-blackfoam","2","200","200","475.12","3.59","1.000","2.98"
"2026-05-24T18:20:05","C1-8x8-10hz-sharp5-strongest-48cm-blackfoam","3","200","200","472.52","3.32","1.000","2.99"
"2026-05-24T18:20:05","C1-8x8-10hz-sharp5-strongest-48cm-blackfoam","4","200","200","468.15","2.72","1.000","2.32"
"2026-05-24T18:20:05","C1-8x8-10hz-sharp5-strongest-48cm-blackfoam","5","200","200","466.64","2.72","1.000","2.71"
"2026-05-24T18:20:05","C1-8x8-10hz-sharp5-strongest-48cm-blackfoam","6","200","200","464.38","3.27","1.000","2.94"
"2026-05-24T18:20:05","C1-8x8-10hz-sharp5-strongest-48cm-blackfoam","7","200","200","462.85","3.56","1.000","2.97"
"2026-05-24T18:20:05","C1-8x8-10hz-sharp5-strongest-48cm-blackfoam","8","200","200","486.45","3.23","1.000","3.08"
"2026-05-24T18:20:05","C1-8x8-10hz-sharp5-strongest-48cm-blackfoam","9","200","200","481.88","3.17","1.000","2.83"
"2026-05-24T18:20:05","C1-8x8-10hz-sharp5-strongest-48cm-blackfoam","10","200","200","479.08","2.89","1.000","2.95"
"2026-05-24T18:20:05","C1-8x8-10hz-sharp5-strongest-48cm-blackfoam","11","200","200","475.82","3.05","1.000","2.85"
"2026-05-24T18:20:05","C1-8x8-10hz-sharp5-strongest-48cm-blackfoam","12","200","200","473.72","2.88","1.000","2.55"
"2026-05-24T18:20:05","C1-8x8-10hz-sharp5-strongest-48cm-blackfoam","13","200","200","469.58","2.62","1.000","2.30"
"2026-05-24T18:20:05","C1-8x8-10hz-sharp5-strongest-48cm-blackfoam","14","200","200","468.17","3.00","1.000","2.79"
"2026-05-24T18:20:05","C1-8x8-10hz-sharp5-strongest-48cm-blackfoam","15","200","200","464.94","3.17","1.000","2.95"
"2026-05-24T18:20:05","C1-8x8-10hz-sharp5-strongest-48cm-blackfoam","16","200","200","489.43","3.54","1.000","3.41"
"2026-05-24T18:20:05","C1-8x8-10hz-sharp5-strongest-48cm-blackfoam","17","200","200","486.90","4.04","1.000","3.58"
"2026-05-24T18:20:05","C1-8x8-10hz-sharp5-strongest-48cm-blackfoam","18","200","200","482.97","2.93","1.000","3.00"
"2026-05-24T18:20:05","C1-8x8-10hz-sharp5-strongest-48cm-blackfoam","19","200","200","481.13","3.16","1.000","2.98"
"2026-05-24T18:20:05","C1-8x8-10hz-sharp5-strongest-48cm-blackfoam","20","200","200","477.46","2.75","1.000","2.17"
"2026-05-24T18:20:05","C1-8x8-10hz-sharp5-strongest-48cm-blackfoam","21","200","200","474.02","2.88","1.000","2.76"
"2026-05-24T18:20:05","C1-8x8-10hz-sharp5-strongest-48cm-blackfoam","22","200","200","471.15","2.96","1.000","2.88"
"2026-05-24T18:20:05","C1-8x8-10hz-sharp5-strongest-48cm-blackfoam","23","200","200","468.89","3.06","1.000","2.99"
"2026-05-24T18:20:05","C1-8x8-10hz-sharp5-strongest-48cm-blackfoam","24","200","200","495.63","3.75","1.000","3.29"
"2026-05-24T18:20:05","C1-8x8-10hz-sharp5-strongest-48cm-blackfoam","25","200","200","490.03","3.68","1.000","3.04"
"2026-05-24T18:20:05","C1-8x8-10hz-sharp5-strongest-48cm-blackfoam","26","200","200","488.14","3.19","1.000","3.00"
"2026-05-24T18:20:05","C1-8x8-10hz-sharp5-strongest-48cm-blackfoam","27","200","200","483.17","2.60","1.000","2.55"
"2026-05-24T18:20:05","C1-8x8-10hz-sharp5-strongest-48cm-blackfoam","28","200","200","481.17","3.32","1.000","2.73"
"2026-05-24T18:20:05","C1-8x8-10hz-sharp5-strongest-48cm-blackfoam","29","200","200","478.50","2.84","1.000","2.53"
"2026-05-24T18:20:05","C1-8x8-10hz-sharp5-strongest-48cm-blackfoam","30","200","200","475.25","2.86","1.000","2.94"
"2026-05-24T18:20:05","C1-8x8-10hz-sharp5-strongest-48cm-blackfoam","31","200","200","472.49","3.32","1.000","3.06"
"2026-05-24T18:20:05","C1-8x8-10hz-sharp5-strongest-48cm-blackfoam","32","200","200","498.54","3.98","1.000","3.69"
"2026-05-24T18:20:05","C1-8x8-10hz-sharp5-strongest-48cm-blackfoam","33","200","200","493.81","3.08","1.000","3.09"
"2026-05-24T18:20:05","C1-8x8-10hz-sharp5-strongest-48cm-blackfoam","34","200","200","490.44","3.19","1.000","2.99"
"2026-05-24T18:20:05","C1-8x8-10hz-sharp5-strongest-48cm-blackfoam","35","200","200","489.19","2.92","1.000","2.98"
"2026-05-24T18:20:05","C1-8x8-10hz-sharp5-strongest-48cm-blackfoam","36","200","200","486.27","3.14","1.000","2.94"
"2026-05-24T18:20:05","C1-8x8-10hz-sharp5-strongest-48cm-blackfoam","37","200","200","482.33","3.09","1.000","2.92"
"2026-05-24T18:20:05","C1-8x8-10hz-sharp5-strongest-48cm-blackfoam","38","200","200","478.88","3.14","1.000","2.98"
"2026-05-24T18:20:05","C1-8x8-10hz-sharp5-strongest-48cm-blackfoam","39","200","200","476.75","3.54","1.000","3.16"
"2026-05-24T18:20:05","C1-8x8-10hz-sharp5-strongest-48cm-blackfoam","40","200","200","502.94","3.78","1.000","3.44"
"2026-05-24T18:20:05","C1-8x8-10hz-sharp5-strongest-48cm-blackfoam","41","200","200","497.13","4.13","1.000","3.42"
"2026-05-24T18:20:05","C1-8x8-10hz-sharp5-strongest-48cm-blackfoam","42","200","200","494.77","3.69","1.000","3.31"
"2026-05-24T18:20:05","C1-8x8-10hz-sharp5-strongest-48cm-blackfoam","43","200","200","492.23","3.58","1.000","3.13"
"2026-05-24T18:20:05","C1-8x8-10hz-sharp5-strongest-48cm-blackfoam","44","200","200","489.56","3.59","1.000","3.08"
"2026-05-24T18:20:05","C1-8x8-10hz-sharp5-strongest-48cm-blackfoam","45","200","200","485.91","3.31","1.000","3.01"
"2026-05-24T18:20:05","C1-8x8-10hz-sharp5-strongest-48cm-blackfoam","46","200","200","483.27","3.61","1.000","3.17"
"2026-05-24T18:20:05","C1-8x8-10hz-sharp5-strongest-48cm-blackfoam","47","200","200","481.01","4.09","1.000","3.21"
"2026-05-24T18:20:05","C1-8x8-10hz-sharp5-strongest-48cm-blackfoam","48","200","200","506.36","4.40","1.000","3.96"
"2026-05-24T18:20:05","C1-8x8-10hz-sharp5-strongest-48cm-blackfoam","49","200","200","502.84","4.04","1.000","3.96"
"2026-05-24T18:20:05","C1-8x8-10hz-sharp5-strongest-48cm-blackfoam","50","200","200","499.68","3.63","1.000","3.29"
"2026-05-24T18:20:05","C1-8x8-10hz-sharp5-strongest-48cm-blackfoam","51","200","200","495.95","3.94","1.000","3.44"
"2026-05-24T18:20:05","C1-8x8-10hz-sharp5-strongest-48cm-blackfoam","52","200","200","492.81","3.86","1.000","3.31"
"2026-05-24T18:20:05","C1-8x8-10hz-sharp5-strongest-48cm-blackfoam","53","200","200","489.79","3.75","1.000","3.27"
"2026-05-24T18:20:05","C1-8x8-10hz-sharp5-strongest-48cm-blackfoam","54","200","200","488.94","4.07","1.000","3.23"
"2026-05-24T18:20:05","C1-8x8-10hz-sharp5-strongest-48cm-blackfoam","55","200","200","485.85","4.44","1.000","3.83"
"2026-05-24T18:20:05","C1-8x8-10hz-sharp5-strongest-48cm-blackfoam","56","200","200","510.96","4.41","1.000","4.21"
"2026-05-24T18:20:05","C1-8x8-10hz-sharp5-strongest-48cm-blackfoam","57","200","200","507.31","5.19","1.000","4.68"
"2026-05-24T18:20:05","C1-8x8-10hz-sharp5-strongest-48cm-blackfoam","58","200","200","504.12","4.05","1.000","3.36"
"2026-05-24T18:20:05","C1-8x8-10hz-sharp5-strongest-48cm-blackfoam","59","200","200","501.21","4.14","1.000","4.00"
"2026-05-24T18:20:05","C1-8x8-10hz-sharp5-strongest-48cm-blackfoam","60","200","200","497.39","3.93","1.000","3.46"
"2026-05-24T18:20:05","C1-8x8-10hz-sharp5-strongest-48cm-blackfoam","61","200","200","493.38","4.18","1.000","3.45"
"2026-05-24T18:20:05","C1-8x8-10hz-sharp5-strongest-48cm-blackfoam","62","200","200","494.69","4.32","1.000","3.71"
"2026-05-24T18:20:05","C1-8x8-10hz-sharp5-strongest-48cm-blackfoam","63","200","200","489.48","5.18","1.000","5.25"
"2026-05-24T18:27:42","A1-8x8-10hz-sharp0-closest-68cm-blackfoam","0","200","200","678.93","6.00","1.000","5.33"
"2026-05-24T18:27:42","A1-8x8-10hz-sharp0-closest-68cm-blackfoam","1","200","200","675.91","5.18","1.000","4.47"
"2026-05-24T18:27:42","A1-8x8-10hz-sharp0-closest-68cm-blackfoam","2","200","200","670.40","4.39","1.000","4.14"
"2026-05-24T18:27:42","A1-8x8-10hz-sharp0-closest-68cm-blackfoam","3","200","200","666.93","4.61","1.000","4.19"
"2026-05-24T18:27:42","A1-8x8-10hz-sharp0-closest-68cm-blackfoam","4","200","200","660.61","4.26","1.000","3.77"
"2026-05-24T18:27:42","A1-8x8-10hz-sharp0-closest-68cm-blackfoam","5","200","200","657.57","4.51","1.000","3.97"
"2026-05-24T18:27:42","A1-8x8-10hz-sharp0-closest-68cm-blackfoam","6","200","200","655.76","4.35","1.000","4.00"
"2026-05-24T18:27:42","A1-8x8-10hz-sharp0-closest-68cm-blackfoam","7","200","200","653.49","5.16","1.000","4.59"
"2026-05-24T18:27:42","A1-8x8-10hz-sharp0-closest-68cm-blackfoam","8","200","200","686.67","5.79","1.000","5.07"
"2026-05-24T18:27:42","A1-8x8-10hz-sharp0-closest-68cm-blackfoam","9","200","200","680.49","4.33","1.000","4.37"
"2026-05-24T18:27:42","A1-8x8-10hz-sharp0-closest-68cm-blackfoam","10","200","200","677.03","4.66","1.000","3.98"
"2026-05-24T18:27:42","A1-8x8-10hz-sharp0-closest-68cm-blackfoam","11","200","200","671.70","4.66","1.000","4.14"
"2026-05-24T18:27:42","A1-8x8-10hz-sharp0-closest-68cm-blackfoam","12","200","200","668.45","4.39","1.000","4.17"
"2026-05-24T18:27:42","A1-8x8-10hz-sharp0-closest-68cm-blackfoam","13","200","200","663.92","4.17","1.000","3.90"
"2026-05-24T18:27:42","A1-8x8-10hz-sharp0-closest-68cm-blackfoam","14","200","200","661.60","4.35","1.000","4.02"
"2026-05-24T18:27:42","A1-8x8-10hz-sharp0-closest-68cm-blackfoam","15","200","200","657.78","4.22","1.000","4.00"
"2026-05-24T18:27:42","A1-8x8-10hz-sharp0-closest-68cm-blackfoam","16","200","200","690.77","6.67","1.000","5.99"
"2026-05-24T18:27:42","A1-8x8-10hz-sharp0-closest-68cm-blackfoam","17","200","200","688.03","6.56","1.000","5.70"
"2026-05-24T18:27:42","A1-8x8-10hz-sharp0-closest-68cm-blackfoam","18","200","200","681.80","5.26","1.000","4.58"
"2026-05-24T18:27:42","A1-8x8-10hz-sharp0-closest-68cm-blackfoam","19","200","200","679.26","5.08","1.000","4.71"
"2026-05-24T18:27:42","A1-8x8-10hz-sharp0-closest-68cm-blackfoam","20","200","200","674.67","4.14","1.000","3.94"
"2026-05-24T18:27:42","A1-8x8-10hz-sharp0-closest-68cm-blackfoam","21","200","200","670.22","4.97","1.000","4.26"
"2026-05-24T18:27:42","A1-8x8-10hz-sharp0-closest-68cm-blackfoam","22","200","200","666.03","4.45","1.000","4.05"
"2026-05-24T18:27:42","A1-8x8-10hz-sharp0-closest-68cm-blackfoam","23","200","200","663.55","4.54","1.000","4.18"
"2026-05-24T18:27:42","A1-8x8-10hz-sharp0-closest-68cm-blackfoam","24","200","200","699.33","6.50","1.000","5.68"
"2026-05-24T18:27:42","A1-8x8-10hz-sharp0-closest-68cm-blackfoam","25","200","200","693.98","5.36","1.000","4.56"
"2026-05-24T18:27:42","A1-8x8-10hz-sharp0-closest-68cm-blackfoam","26","200","200","690.71","5.41","1.000","5.00"
"2026-05-24T18:27:42","A1-8x8-10hz-sharp0-closest-68cm-blackfoam","27","200","200","685.17","4.67","1.000","4.18"
"2026-05-24T18:27:42","A1-8x8-10hz-sharp0-closest-68cm-blackfoam","28","200","200","681.84","4.40","1.000","4.13"
"2026-05-24T18:27:42","A1-8x8-10hz-sharp0-closest-68cm-blackfoam","29","200","200","676.58","4.90","1.000","4.17"
"2026-05-24T18:27:42","A1-8x8-10hz-sharp0-closest-68cm-blackfoam","30","200","200","672.68","5.06","1.000","4.61"
"2026-05-24T18:27:42","A1-8x8-10hz-sharp0-closest-68cm-blackfoam","31","200","200","668.85","5.82","1.000","4.79"
"2026-05-24T18:27:42","A1-8x8-10hz-sharp0-closest-68cm-blackfoam","32","200","200","704.41","6.82","1.000","6.09"
"2026-05-24T18:27:42","A1-8x8-10hz-sharp0-closest-68cm-blackfoam","33","200","200","700.67","5.00","1.000","4.55"
"2026-05-24T18:27:42","A1-8x8-10hz-sharp0-closest-68cm-blackfoam","34","200","200","695.53","5.15","1.000","4.39"
"2026-05-24T18:27:42","A1-8x8-10hz-sharp0-closest-68cm-blackfoam","35","200","200","691.99","5.15","1.000","4.74"
"2026-05-24T18:27:42","A1-8x8-10hz-sharp0-closest-68cm-blackfoam","36","200","200","689.16","4.91","1.000","4.85"
"2026-05-24T18:27:42","A1-8x8-10hz-sharp0-closest-68cm-blackfoam","37","200","200","684.10","4.76","1.000","4.47"
"2026-05-24T18:27:42","A1-8x8-10hz-sharp0-closest-68cm-blackfoam","38","200","200","679.93","4.69","1.000","4.41"
"2026-05-24T18:27:42","A1-8x8-10hz-sharp0-closest-68cm-blackfoam","39","200","200","675.50","5.26","1.000","4.83"
"2026-05-24T18:27:42","A1-8x8-10hz-sharp0-closest-68cm-blackfoam","40","200","200","712.66","6.11","1.000","5.34"
"2026-05-24T18:27:42","A1-8x8-10hz-sharp0-closest-68cm-blackfoam","41","200","200","705.65","5.76","1.000","5.38"
"2026-05-24T18:27:42","A1-8x8-10hz-sharp0-closest-68cm-blackfoam","42","200","200","702.73","5.27","1.000","4.81"
"2026-05-24T18:27:42","A1-8x8-10hz-sharp0-closest-68cm-blackfoam","43","200","200","699.36","5.61","1.000","5.09"
"2026-05-24T18:27:42","A1-8x8-10hz-sharp0-closest-68cm-blackfoam","44","200","200","695.41","6.09","1.000","5.51"
"2026-05-24T18:27:42","A1-8x8-10hz-sharp0-closest-68cm-blackfoam","45","200","200","689.33","4.75","1.000","4.54"
"2026-05-24T18:27:42","A1-8x8-10hz-sharp0-closest-68cm-blackfoam","46","200","200","685.95","6.14","1.000","5.12"
"2026-05-24T18:27:42","A1-8x8-10hz-sharp0-closest-68cm-blackfoam","47","200","200","683.60","6.13","1.000","5.29"
"2026-05-24T18:27:42","A1-8x8-10hz-sharp0-closest-68cm-blackfoam","48","200","200","718.10","6.87","1.000","6.09"
"2026-05-24T18:27:42","A1-8x8-10hz-sharp0-closest-68cm-blackfoam","49","200","200","713.35","7.41","1.000","6.94"
"2026-05-24T18:27:42","A1-8x8-10hz-sharp0-closest-68cm-blackfoam","50","200","200","708.16","6.58","1.000","5.75"
"2026-05-24T18:27:42","A1-8x8-10hz-sharp0-closest-68cm-blackfoam","51","200","200","703.90","5.89","1.000","5.82"
"2026-05-24T18:27:42","A1-8x8-10hz-sharp0-closest-68cm-blackfoam","52","200","200","700.21","5.37","1.000","5.16"
"2026-05-24T18:27:42","A1-8x8-10hz-sharp0-closest-68cm-blackfoam","53","200","200","694.88","5.39","1.000","5.11"
"2026-05-24T18:27:42","A1-8x8-10hz-sharp0-closest-68cm-blackfoam","54","200","200","693.40","5.65","1.000","5.41"
"2026-05-24T18:27:42","A1-8x8-10hz-sharp0-closest-68cm-blackfoam","55","200","200","691.63","6.99","1.000","6.32"
"2026-05-24T18:27:42","A1-8x8-10hz-sharp0-closest-68cm-blackfoam","56","200","200","723.49","8.77","1.000","7.78"
"2026-05-24T18:27:42","A1-8x8-10hz-sharp0-closest-68cm-blackfoam","57","200","200","720.05","9.00","1.000","8.62"
"2026-05-24T18:27:42","A1-8x8-10hz-sharp0-closest-68cm-blackfoam","58","200","200","716.24","5.84","1.000","5.41"
"2026-05-24T18:27:42","A1-8x8-10hz-sharp0-closest-68cm-blackfoam","59","200","200","710.64","6.97","1.000","6.92"
"2026-05-24T18:27:42","A1-8x8-10hz-sharp0-closest-68cm-blackfoam","60","200","200","706.86","6.43","1.000","5.89"
"2026-05-24T18:27:42","A1-8x8-10hz-sharp0-closest-68cm-blackfoam","61","200","200","701.67","6.71","1.000","5.60"
"2026-05-24T18:27:42","A1-8x8-10hz-sharp0-closest-68cm-blackfoam","62","200","200","700.87","6.25","1.000","5.86"
"2026-05-24T18:27:42","A1-8x8-10hz-sharp0-closest-68cm-blackfoam","63","200","200","696.17","8.57","1.000","9.39"
"2026-05-24T18:28:35","A2-8x8-10hz-sharp5-closest-68cm-blackfoam","0","200","200","679.68","5.66","1.000","5.30"
"2026-05-24T18:28:35","A2-8x8-10hz-sharp5-closest-68cm-blackfoam","1","200","200","675.80","5.16","1.000","4.46"
"2026-05-24T18:28:35","A2-8x8-10hz-sharp5-closest-68cm-blackfoam","2","200","200","670.30","4.76","1.000","4.12"
"2026-05-24T18:28:35","A2-8x8-10hz-sharp5-closest-68cm-blackfoam","3","200","200","665.83","4.45","1.000","4.28"
"2026-05-24T18:28:35","A2-8x8-10hz-sharp5-closest-68cm-blackfoam","4","200","200","660.92","4.24","1.000","3.74"
"2026-05-24T18:28:35","A2-8x8-10hz-sharp5-closest-68cm-blackfoam","5","200","200","658.67","4.37","1.000","3.95"
"2026-05-24T18:28:35","A2-8x8-10hz-sharp5-closest-68cm-blackfoam","6","200","200","655.67","4.38","1.000","3.98"
"2026-05-24T18:28:35","A2-8x8-10hz-sharp5-closest-68cm-blackfoam","7","200","200","653.30","5.10","1.000","4.58"
"2026-05-24T18:28:35","A2-8x8-10hz-sharp5-closest-68cm-blackfoam","8","200","200","686.50","5.76","1.000","5.00"
"2026-05-24T18:28:35","A2-8x8-10hz-sharp5-closest-68cm-blackfoam","9","200","200","679.50","4.27","1.000","4.29"
"2026-05-24T18:28:35","A2-8x8-10hz-sharp5-closest-68cm-blackfoam","10","200","200","676.62","4.40","1.000","4.00"
"2026-05-24T18:28:35","A2-8x8-10hz-sharp5-closest-68cm-blackfoam","11","200","200","671.70","4.36","1.000","4.07"
"2026-05-24T18:28:35","A2-8x8-10hz-sharp5-closest-68cm-blackfoam","12","200","200","668.41","4.30","1.000","4.14"
"2026-05-24T18:28:35","A2-8x8-10hz-sharp5-closest-68cm-blackfoam","13","200","200","663.71","4.03","1.000","3.85"
"2026-05-24T18:28:35","A2-8x8-10hz-sharp5-closest-68cm-blackfoam","14","200","200","660.87","4.99","1.000","3.99"
"2026-05-24T18:28:35","A2-8x8-10hz-sharp5-closest-68cm-blackfoam","15","200","200","657.79","4.41","1.000","3.92"
"2026-05-24T18:28:35","A2-8x8-10hz-sharp5-closest-68cm-blackfoam","16","200","200","690.15","6.87","1.000","6.03"
"2026-05-24T18:28:35","A2-8x8-10hz-sharp5-closest-68cm-blackfoam","17","200","200","688.36","5.65","1.000","5.54"
"2026-05-24T18:28:35","A2-8x8-10hz-sharp5-closest-68cm-blackfoam","18","200","200","682.81","4.43","1.000","4.58"
"2026-05-24T18:28:35","A2-8x8-10hz-sharp5-closest-68cm-blackfoam","19","200","200","679.10","5.08","1.000","4.73"
"2026-05-24T18:28:35","A2-8x8-10hz-sharp5-closest-68cm-blackfoam","20","200","200","674.46","3.88","1.000","3.80"
"2026-05-24T18:28:35","A2-8x8-10hz-sharp5-closest-68cm-blackfoam","21","200","200","670.49","4.73","1.000","4.30"
"2026-05-24T18:28:35","A2-8x8-10hz-sharp5-closest-68cm-blackfoam","22","200","200","666.43","4.91","1.000","4.00"
"2026-05-24T18:28:35","A2-8x8-10hz-sharp5-closest-68cm-blackfoam","23","200","200","664.18","4.67","1.000","4.17"
"2026-05-24T18:28:35","A2-8x8-10hz-sharp5-closest-68cm-blackfoam","24","200","200","699.24","5.74","1.000","5.74"
"2026-05-24T18:28:35","A2-8x8-10hz-sharp5-closest-68cm-blackfoam","25","200","200","693.28","4.29","1.000","4.42"
"2026-05-24T18:28:35","A2-8x8-10hz-sharp5-closest-68cm-blackfoam","26","200","200","689.96","5.23","1.000","5.00"
"2026-05-24T18:28:35","A2-8x8-10hz-sharp5-closest-68cm-blackfoam","27","200","200","684.76","4.72","1.000","4.04"
"2026-05-24T18:28:35","A2-8x8-10hz-sharp5-closest-68cm-blackfoam","28","200","200","681.73","4.35","1.000","4.07"
"2026-05-24T18:28:35","A2-8x8-10hz-sharp5-closest-68cm-blackfoam","29","200","200","677.47","4.56","1.000","4.15"
"2026-05-24T18:28:35","A2-8x8-10hz-sharp5-closest-68cm-blackfoam","30","200","200","672.93","5.06","1.000","4.57"
"2026-05-24T18:28:35","A2-8x8-10hz-sharp5-closest-68cm-blackfoam","31","200","200","669.52","5.80","1.000","4.84"
"2026-05-24T18:28:35","A2-8x8-10hz-sharp5-closest-68cm-blackfoam","32","200","200","705.29","6.70","1.000","6.18"
"2026-05-24T18:28:35","A2-8x8-10hz-sharp5-closest-68cm-blackfoam","33","200","200","700.10","5.32","1.000","4.53"
"2026-05-24T18:28:35","A2-8x8-10hz-sharp5-closest-68cm-blackfoam","34","200","200","695.62","4.90","1.000","4.36"
"2026-05-24T18:28:35","A2-8x8-10hz-sharp5-closest-68cm-blackfoam","35","200","200","692.10","5.32","1.000","4.68"
"2026-05-24T18:28:35","A2-8x8-10hz-sharp5-closest-68cm-blackfoam","36","200","200","688.68","5.21","1.000","4.83"
"2026-05-24T18:28:35","A2-8x8-10hz-sharp5-closest-68cm-blackfoam","37","200","200","684.70","4.70","1.000","4.57"
"2026-05-24T18:28:35","A2-8x8-10hz-sharp5-closest-68cm-blackfoam","38","200","200","679.36","5.25","1.000","4.41"
"2026-05-24T18:28:35","A2-8x8-10hz-sharp5-closest-68cm-blackfoam","39","200","200","676.35","5.31","1.000","4.83"
"2026-05-24T18:28:35","A2-8x8-10hz-sharp5-closest-68cm-blackfoam","40","200","200","712.68","5.95","1.000","5.36"
"2026-05-24T18:28:35","A2-8x8-10hz-sharp5-closest-68cm-blackfoam","41","200","200","706.00","6.03","1.000","5.26"
"2026-05-24T18:28:35","A2-8x8-10hz-sharp5-closest-68cm-blackfoam","42","200","200","703.01","5.22","1.000","4.86"
"2026-05-24T18:28:35","A2-8x8-10hz-sharp5-closest-68cm-blackfoam","43","200","200","699.12","5.75","1.000","5.13"
"2026-05-24T18:28:35","A2-8x8-10hz-sharp5-closest-68cm-blackfoam","44","200","200","694.71","5.91","1.000","5.51"
"2026-05-24T18:28:35","A2-8x8-10hz-sharp5-closest-68cm-blackfoam","45","200","200","689.90","5.09","1.000","4.42"
"2026-05-24T18:28:35","A2-8x8-10hz-sharp5-closest-68cm-blackfoam","46","200","200","687.01","5.42","1.000","5.05"
"2026-05-24T18:28:35","A2-8x8-10hz-sharp5-closest-68cm-blackfoam","47","200","200","683.14","5.18","1.000","5.26"
"2026-05-24T18:28:35","A2-8x8-10hz-sharp5-closest-68cm-blackfoam","48","200","200","718.46","7.32","1.000","6.03"
"2026-05-24T18:28:35","A2-8x8-10hz-sharp5-closest-68cm-blackfoam","49","200","200","714.75","7.43","1.000","6.79"
"2026-05-24T18:28:35","A2-8x8-10hz-sharp5-closest-68cm-blackfoam","50","200","200","708.57","6.69","1.000","5.59"
"2026-05-24T18:28:35","A2-8x8-10hz-sharp5-closest-68cm-blackfoam","51","200","200","704.18","5.61","1.000","5.76"
"2026-05-24T18:28:35","A2-8x8-10hz-sharp5-closest-68cm-blackfoam","52","200","200","700.06","4.79","1.000","5.04"
"2026-05-24T18:28:35","A2-8x8-10hz-sharp5-closest-68cm-blackfoam","53","200","200","695.48","5.35","1.000","5.06"
"2026-05-24T18:28:35","A2-8x8-10hz-sharp5-closest-68cm-blackfoam","54","200","200","694.01","6.47","1.000","5.41"
"2026-05-24T18:28:35","A2-8x8-10hz-sharp5-closest-68cm-blackfoam","55","200","200","690.14","7.21","1.000","6.33"
"2026-05-24T18:28:35","A2-8x8-10hz-sharp5-closest-68cm-blackfoam","56","200","200","724.62","7.65","1.000","7.66"
"2026-05-24T18:28:35","A2-8x8-10hz-sharp5-closest-68cm-blackfoam","57","200","200","720.71","9.04","1.000","8.50"
"2026-05-24T18:28:35","A2-8x8-10hz-sharp5-closest-68cm-blackfoam","58","200","200","716.44","6.17","1.000","5.46"
"2026-05-24T18:28:35","A2-8x8-10hz-sharp5-closest-68cm-blackfoam","59","200","200","710.86","7.98","1.000","7.00"
"2026-05-24T18:28:35","A2-8x8-10hz-sharp5-closest-68cm-blackfoam","60","200","200","707.01","6.39","1.000","5.88"
"2026-05-24T18:28:35","A2-8x8-10hz-sharp5-closest-68cm-blackfoam","61","200","200","701.72","6.02","1.000","5.52"
"2026-05-24T18:28:35","A2-8x8-10hz-sharp5-closest-68cm-blackfoam","62","200","200","701.07","6.53","1.000","5.81"
"2026-05-24T18:28:35","A2-8x8-10hz-sharp5-closest-68cm-blackfoam","63","200","200","695.90","10.10","1.000","9.44"
"2026-05-24T18:29:31","A3-8x8-10hz-sharp20-closest-68cm-blackfoam","0","200","200","680.29","5.55","1.000","5.28"
"2026-05-24T18:29:31","A3-8x8-10hz-sharp20-closest-68cm-blackfoam","1","200","200","675.40","4.72","1.000","4.54"
"2026-05-24T18:29:31","A3-8x8-10hz-sharp20-closest-68cm-blackfoam","2","200","200","671.49","4.47","1.000","4.16"
"2026-05-24T18:29:31","A3-8x8-10hz-sharp20-closest-68cm-blackfoam","3","200","200","666.02","4.13","1.000","4.20"
"2026-05-24T18:29:31","A3-8x8-10hz-sharp20-closest-68cm-blackfoam","4","200","200","661.80","4.34","1.000","3.77"
"2026-05-24T18:29:31","A3-8x8-10hz-sharp20-closest-68cm-blackfoam","5","200","200","658.81","4.59","1.000","3.91"
"2026-05-24T18:29:31","A3-8x8-10hz-sharp20-closest-68cm-blackfoam","6","200","200","655.32","4.98","1.000","4.01"
"2026-05-24T18:29:31","A3-8x8-10hz-sharp20-closest-68cm-blackfoam","7","200","200","653.13","5.02","1.000","4.56"
"2026-05-24T18:29:31","A3-8x8-10hz-sharp20-closest-68cm-blackfoam","8","200","200","686.86","5.76","1.000","5.00"
"2026-05-24T18:29:31","A3-8x8-10hz-sharp20-closest-68cm-blackfoam","9","200","200","680.88","4.49","1.000","4.32"
"2026-05-24T18:29:31","A3-8x8-10hz-sharp20-closest-68cm-blackfoam","10","200","200","676.80","4.97","1.000","4.01"
"2026-05-24T18:29:31","A3-8x8-10hz-sharp20-closest-68cm-blackfoam","11","200","200","671.55","4.25","1.000","4.08"
"2026-05-24T18:29:31","A3-8x8-10hz-sharp20-closest-68cm-blackfoam","12","200","200","669.45","4.26","1.000","4.13"
"2026-05-24T18:29:31","A3-8x8-10hz-sharp20-closest-68cm-blackfoam","13","200","200","663.45","3.99","1.000","3.87"
"2026-05-24T18:29:31","A3-8x8-10hz-sharp20-closest-68cm-blackfoam","14","200","200","661.50","4.85","1.000","4.00"
"2026-05-24T18:29:31","A3-8x8-10hz-sharp20-closest-68cm-blackfoam","15","200","200","658.11","4.46","1.000","3.94"
"2026-05-24T18:29:31","A3-8x8-10hz-sharp20-closest-68cm-blackfoam","16","200","200","690.58","6.09","1.000","6.01"
"2026-05-24T18:29:31","A3-8x8-10hz-sharp20-closest-68cm-blackfoam","17","200","200","687.65","5.61","1.000","5.59"
"2026-05-24T18:29:31","A3-8x8-10hz-sharp20-closest-68cm-blackfoam","18","200","200","682.88","5.29","1.000","4.63"
"2026-05-24T18:29:31","A3-8x8-10hz-sharp20-closest-68cm-blackfoam","19","200","200","679.10","4.83","1.000","4.65"
"2026-05-24T18:29:31","A3-8x8-10hz-sharp20-closest-68cm-blackfoam","20","200","200","674.52","3.94","1.000","3.81"
"2026-05-24T18:29:31","A3-8x8-10hz-sharp20-closest-68cm-blackfoam","21","200","200","670.66","4.29","1.000","4.31"
"2026-05-24T18:29:31","A3-8x8-10hz-sharp20-closest-68cm-blackfoam","22","200","200","666.38","4.65","1.000","4.11"
"2026-05-24T18:29:31","A3-8x8-10hz-sharp20-closest-68cm-blackfoam","23","200","200","664.23","4.72","1.000","4.16"
"2026-05-24T18:29:31","A3-8x8-10hz-sharp20-closest-68cm-blackfoam","24","200","200","698.50","6.45","1.000","5.77"
"2026-05-24T18:29:31","A3-8x8-10hz-sharp20-closest-68cm-blackfoam","25","200","200","694.29","4.97","1.000","4.55"
"2026-05-24T18:29:31","A3-8x8-10hz-sharp20-closest-68cm-blackfoam","26","200","200","690.61","5.41","1.000","5.03"
"2026-05-24T18:29:31","A3-8x8-10hz-sharp20-closest-68cm-blackfoam","27","200","200","684.87","4.40","1.000","4.08"
"2026-05-24T18:29:31","A3-8x8-10hz-sharp20-closest-68cm-blackfoam","28","200","200","681.76","4.34","1.000","4.06"
"2026-05-24T18:29:31","A3-8x8-10hz-sharp20-closest-68cm-blackfoam","29","200","200","677.67","4.27","1.000","4.08"
"2026-05-24T18:29:31","A3-8x8-10hz-sharp20-closest-68cm-blackfoam","30","200","200","673.08","5.54","1.000","4.61"
"2026-05-24T18:29:31","A3-8x8-10hz-sharp20-closest-68cm-blackfoam","31","200","200","670.15","5.70","1.000","4.80"
"2026-05-24T18:29:31","A3-8x8-10hz-sharp20-closest-68cm-blackfoam","32","200","200","704.43","6.82","1.000","6.16"
"2026-05-24T18:29:31","A3-8x8-10hz-sharp20-closest-68cm-blackfoam","33","200","200","700.78","4.96","1.000","4.56"
"2026-05-24T18:29:31","A3-8x8-10hz-sharp20-closest-68cm-blackfoam","34","200","200","695.83","5.33","1.000","4.33"
"2026-05-24T18:29:31","A3-8x8-10hz-sharp20-closest-68cm-blackfoam","35","200","200","693.12","4.94","1.000","4.68"
"2026-05-24T18:29:31","A3-8x8-10hz-sharp20-closest-68cm-blackfoam","36","200","200","688.87","4.97","1.000","4.81"
"2026-05-24T18:29:31","A3-8x8-10hz-sharp20-closest-68cm-blackfoam","37","200","200","684.20","4.68","1.000","4.51"
"2026-05-24T18:29:31","A3-8x8-10hz-sharp20-closest-68cm-blackfoam","38","200","200","680.89","4.86","1.000","4.29"
"2026-05-24T18:29:31","A3-8x8-10hz-sharp20-closest-68cm-blackfoam","39","200","200","677.34","5.38","1.000","4.89"
"2026-05-24T18:29:31","A3-8x8-10hz-sharp20-closest-68cm-blackfoam","40","200","200","712.48","6.12","1.000","5.32"
"2026-05-24T18:29:31","A3-8x8-10hz-sharp20-closest-68cm-blackfoam","41","200","200","705.98","5.94","1.000","5.37"
"2026-05-24T18:29:31","A3-8x8-10hz-sharp20-closest-68cm-blackfoam","42","200","200","703.05","5.32","1.000","4.88"
"2026-05-24T18:29:31","A3-8x8-10hz-sharp20-closest-68cm-blackfoam","43","200","200","698.71","5.42","1.000","5.16"
"2026-05-24T18:29:31","A3-8x8-10hz-sharp20-closest-68cm-blackfoam","44","200","200","695.68","6.39","1.000","5.51"
"2026-05-24T18:29:31","A3-8x8-10hz-sharp20-closest-68cm-blackfoam","45","200","200","690.37","4.99","1.000","4.50"
"2026-05-24T18:29:31","A3-8x8-10hz-sharp20-closest-68cm-blackfoam","46","200","200","686.93","6.00","1.000","5.07"
"2026-05-24T18:29:31","A3-8x8-10hz-sharp20-closest-68cm-blackfoam","47","200","200","684.70","5.57","1.000","5.26"
"2026-05-24T18:29:31","A3-8x8-10hz-sharp20-closest-68cm-blackfoam","48","200","200","718.08","6.39","1.000","6.23"
"2026-05-24T18:29:31","A3-8x8-10hz-sharp20-closest-68cm-blackfoam","49","200","200","714.00","7.69","1.000","6.71"
"2026-05-24T18:29:31","A3-8x8-10hz-sharp20-closest-68cm-blackfoam","50","200","200","708.48","5.51","1.000","5.66"
"2026-05-24T18:29:31","A3-8x8-10hz-sharp20-closest-68cm-blackfoam","51","200","200","704.55","6.48","1.000","5.76"
"2026-05-24T18:29:31","A3-8x8-10hz-sharp20-closest-68cm-blackfoam","52","200","200","700.18","6.06","1.000","5.08"
"2026-05-24T18:29:31","A3-8x8-10hz-sharp20-closest-68cm-blackfoam","53","200","200","695.97","5.44","1.000","5.06"
"2026-05-24T18:29:31","A3-8x8-10hz-sharp20-closest-68cm-blackfoam","54","200","200","693.43","6.55","1.000","5.38"
"2026-05-24T18:29:31","A3-8x8-10hz-sharp20-closest-68cm-blackfoam","55","200","200","691.00","6.45","1.000","6.43"
"2026-05-24T18:29:31","A3-8x8-10hz-sharp20-closest-68cm-blackfoam","56","200","199","724.20","8.92","0.995","7.60"
"2026-05-24T18:29:31","A3-8x8-10hz-sharp20-closest-68cm-blackfoam","57","200","200","720.39","8.54","1.000","8.41"
"2026-05-24T18:29:31","A3-8x8-10hz-sharp20-closest-68cm-blackfoam","58","200","200","716.26","5.41","1.000","5.46"
"2026-05-24T18:29:31","A3-8x8-10hz-sharp20-closest-68cm-blackfoam","59","200","200","709.91","7.81","1.000","6.95"
"2026-05-24T18:29:31","A3-8x8-10hz-sharp20-closest-68cm-blackfoam","60","200","200","706.99","6.02","1.000","5.79"
"2026-05-24T18:29:31","A3-8x8-10hz-sharp20-closest-68cm-blackfoam","61","200","200","701.99","6.57","1.000","5.50"
"2026-05-24T18:29:31","A3-8x8-10hz-sharp20-closest-68cm-blackfoam","62","200","200","702.32","6.44","1.000","5.85"
"2026-05-24T18:29:31","A3-8x8-10hz-sharp20-closest-68cm-blackfoam","63","200","200","695.52","10.83","1.000","9.41"
"2026-05-24T18:30:17","A4-8x8-15hz-sharp0-closest-68cm-blackfoam","0","200","200","679.67","7.12","1.000","6.58"
"2026-05-24T18:30:17","A4-8x8-15hz-sharp0-closest-68cm-blackfoam","1","200","200","676.33","6.88","1.000","5.71"
"2026-05-24T18:30:17","A4-8x8-15hz-sharp0-closest-68cm-blackfoam","2","200","200","670.76","6.01","1.000","5.22"
"2026-05-24T18:30:17","A4-8x8-15hz-sharp0-closest-68cm-blackfoam","3","200","200","666.72","5.65","1.000","5.39"
"2026-05-24T18:30:17","A4-8x8-15hz-sharp0-closest-68cm-blackfoam","4","200","200","661.13","5.01","1.000","4.58"
"2026-05-24T18:30:17","A4-8x8-15hz-sharp0-closest-68cm-blackfoam","5","200","200","659.29","5.36","1.000","4.83"
"2026-05-24T18:30:17","A4-8x8-15hz-sharp0-closest-68cm-blackfoam","6","200","200","655.27","6.03","1.000","5.08"
"2026-05-24T18:30:17","A4-8x8-15hz-sharp0-closest-68cm-blackfoam","7","200","200","653.30","6.25","1.000","5.79"
"2026-05-24T18:30:17","A4-8x8-15hz-sharp0-closest-68cm-blackfoam","8","200","200","685.71","7.11","1.000","6.32"
"2026-05-24T18:30:17","A4-8x8-15hz-sharp0-closest-68cm-blackfoam","9","200","200","679.98","6.67","1.000","5.29"
"2026-05-24T18:30:17","A4-8x8-15hz-sharp0-closest-68cm-blackfoam","10","200","200","676.90","5.43","1.000","5.06"
"2026-05-24T18:30:17","A4-8x8-15hz-sharp0-closest-68cm-blackfoam","11","200","200","670.89","5.33","1.000","5.08"
"2026-05-24T18:30:17","A4-8x8-15hz-sharp0-closest-68cm-blackfoam","12","200","200","668.77","5.89","1.000","5.19"
"2026-05-24T18:30:17","A4-8x8-15hz-sharp0-closest-68cm-blackfoam","13","200","200","664.19","4.92","1.000","4.67"
"2026-05-24T18:30:17","A4-8x8-15hz-sharp0-closest-68cm-blackfoam","14","200","200","661.47","5.64","1.000","4.95"
"2026-05-24T18:30:17","A4-8x8-15hz-sharp0-closest-68cm-blackfoam","15","200","200","658.20","5.75","1.000","4.96"
"2026-05-24T18:30:17","A4-8x8-15hz-sharp0-closest-68cm-blackfoam","16","200","200","689.44","7.51","1.000","7.55"
"2026-05-24T18:30:17","A4-8x8-15hz-sharp0-closest-68cm-blackfoam","17","200","200","688.15","7.73","1.000","7.08"
"2026-05-24T18:30:17","A4-8x8-15hz-sharp0-closest-68cm-blackfoam","18","200","200","683.56","6.13","1.000","5.66"
"2026-05-24T18:30:17","A4-8x8-15hz-sharp0-closest-68cm-blackfoam","19","200","200","680.04","6.01","1.000","5.88"
"2026-05-24T18:30:17","A4-8x8-15hz-sharp0-closest-68cm-blackfoam","20","200","200","675.39","5.17","1.000","4.64"
"2026-05-24T18:30:17","A4-8x8-15hz-sharp0-closest-68cm-blackfoam","21","200","200","670.51","6.13","1.000","5.31"
"2026-05-24T18:30:17","A4-8x8-15hz-sharp0-closest-68cm-blackfoam","22","200","200","666.90","5.76","1.000","5.04"
"2026-05-24T18:30:17","A4-8x8-15hz-sharp0-closest-68cm-blackfoam","23","200","200","664.28","5.96","1.000","5.26"
"2026-05-24T18:30:17","A4-8x8-15hz-sharp0-closest-68cm-blackfoam","24","200","200","698.88","7.30","1.000","7.09"
"2026-05-24T18:30:17","A4-8x8-15hz-sharp0-closest-68cm-blackfoam","25","200","200","692.62","6.19","1.000","5.62"
"2026-05-24T18:30:17","A4-8x8-15hz-sharp0-closest-68cm-blackfoam","26","200","200","690.76","6.77","1.000","6.19"
"2026-05-24T18:30:17","A4-8x8-15hz-sharp0-closest-68cm-blackfoam","27","200","200","685.05","5.64","1.000","5.12"
"2026-05-24T18:30:17","A4-8x8-15hz-sharp0-closest-68cm-blackfoam","28","200","200","682.78","5.20","1.000","5.07"
"2026-05-24T18:30:17","A4-8x8-15hz-sharp0-closest-68cm-blackfoam","29","200","200","677.37","5.37","1.000","5.08"
"2026-05-24T18:30:17","A4-8x8-15hz-sharp0-closest-68cm-blackfoam","30","200","200","673.34","6.32","1.000","5.71"
"2026-05-24T18:30:17","A4-8x8-15hz-sharp0-closest-68cm-blackfoam","31","200","200","668.79","6.60","1.000","5.96"
"2026-05-24T18:30:17","A4-8x8-15hz-sharp0-closest-68cm-blackfoam","32","200","200","705.33","8.67","1.000","7.75"
"2026-05-24T18:30:17","A4-8x8-15hz-sharp0-closest-68cm-blackfoam","33","200","200","700.29","5.93","1.000","5.77"
"2026-05-24T18:30:17","A4-8x8-15hz-sharp0-closest-68cm-blackfoam","34","200","200","695.54","5.96","1.000","5.42"
"2026-05-24T18:30:17","A4-8x8-15hz-sharp0-closest-68cm-blackfoam","35","200","200","692.18","5.64","1.000","5.82"
"2026-05-24T18:30:17","A4-8x8-15hz-sharp0-closest-68cm-blackfoam","36","200","200","689.16","6.14","1.000","5.89"
"2026-05-24T18:30:17","A4-8x8-15hz-sharp0-closest-68cm-blackfoam","37","200","200","684.23","6.32","1.000","5.66"
"2026-05-24T18:30:17","A4-8x8-15hz-sharp0-closest-68cm-blackfoam","38","200","200","680.03","5.74","1.000","5.45"
"2026-05-24T18:30:17","A4-8x8-15hz-sharp0-closest-68cm-blackfoam","39","200","200","676.67","6.57","1.000","6.05"
"2026-05-24T18:30:17","A4-8x8-15hz-sharp0-closest-68cm-blackfoam","40","200","200","712.70","7.83","1.000","6.75"
"2026-05-24T18:30:17","A4-8x8-15hz-sharp0-closest-68cm-blackfoam","41","200","200","705.87","7.40","1.000","6.67"
"2026-05-24T18:30:17","A4-8x8-15hz-sharp0-closest-68cm-blackfoam","42","200","200","703.98","5.97","1.000","6.14"
"2026-05-24T18:30:17","A4-8x8-15hz-sharp0-closest-68cm-blackfoam","43","200","200","700.20","6.86","1.000","6.45"
"2026-05-24T18:30:17","A4-8x8-15hz-sharp0-closest-68cm-blackfoam","44","200","200","694.75","7.14","1.000","6.88"
"2026-05-24T18:30:17","A4-8x8-15hz-sharp0-closest-68cm-blackfoam","45","200","200","689.70","6.48","1.000","5.75"
"2026-05-24T18:30:17","A4-8x8-15hz-sharp0-closest-68cm-blackfoam","46","200","200","685.61","7.07","1.000","6.35"
"2026-05-24T18:30:17","A4-8x8-15hz-sharp0-closest-68cm-blackfoam","47","200","200","683.85","6.81","1.000","6.66"
"2026-05-24T18:30:17","A4-8x8-15hz-sharp0-closest-68cm-blackfoam","48","200","200","717.74","8.15","1.000","7.63"
"2026-05-24T18:30:17","A4-8x8-15hz-sharp0-closest-68cm-blackfoam","49","200","200","713.90","8.95","1.000","8.33"
"2026-05-24T18:30:17","A4-8x8-15hz-sharp0-closest-68cm-blackfoam","50","200","200","709.05","8.38","1.000","7.13"
"2026-05-24T18:30:17","A4-8x8-15hz-sharp0-closest-68cm-blackfoam","51","200","200","702.93","7.50","1.000","7.14"
"2026-05-24T18:30:17","A4-8x8-15hz-sharp0-closest-68cm-blackfoam","52","200","200","700.13","6.90","1.000","6.38"
"2026-05-24T18:30:17","A4-8x8-15hz-sharp0-closest-68cm-blackfoam","53","200","200","696.17","7.23","1.000","6.46"
"2026-05-24T18:30:17","A4-8x8-15hz-sharp0-closest-68cm-blackfoam","54","200","200","693.71","7.42","1.000","6.71"
"2026-05-24T18:30:17","A4-8x8-15hz-sharp0-closest-68cm-blackfoam","55","200","200","690.79","8.44","1.000","8.12"
"2026-05-24T18:30:17","A4-8x8-15hz-sharp0-closest-68cm-blackfoam","56","200","200","725.06","10.39","1.000","9.51"
"2026-05-24T18:30:17","A4-8x8-15hz-sharp0-closest-68cm-blackfoam","57","200","200","721.38","11.37","1.000","10.82"
"2026-05-24T18:30:17","A4-8x8-15hz-sharp0-closest-68cm-blackfoam","58","200","200","715.61","7.54","1.000","6.87"
"2026-05-24T18:30:17","A4-8x8-15hz-sharp0-closest-68cm-blackfoam","59","200","200","711.21","9.92","1.000","8.74"
"2026-05-24T18:30:17","A4-8x8-15hz-sharp0-closest-68cm-blackfoam","60","200","200","707.35","7.18","1.000","7.25"
"2026-05-24T18:30:17","A4-8x8-15hz-sharp0-closest-68cm-blackfoam","61","200","200","703.26","7.10","1.000","6.84"
"2026-05-24T18:30:17","A4-8x8-15hz-sharp0-closest-68cm-blackfoam","62","200","200","701.72","7.47","1.000","7.24"
"2026-05-24T18:30:17","A4-8x8-15hz-sharp0-closest-68cm-blackfoam","63","200","200","695.03","12.11","1.000","11.75"
"2026-05-24T18:31:47","A6-8x8-15hz-sharp20-closest-68cm-blackfoam","0","200","200","681.25","7.43","1.000","6.50"
"2026-05-24T18:31:47","A6-8x8-15hz-sharp20-closest-68cm-blackfoam","1","200","200","677.79","6.10","1.000","5.60"
"2026-05-24T18:31:47","A6-8x8-15hz-sharp20-closest-68cm-blackfoam","2","200","200","672.88","6.48","1.000","5.28"
"2026-05-24T18:31:47","A6-8x8-15hz-sharp20-closest-68cm-blackfoam","3","200","200","668.39","5.93","1.000","5.26"
"2026-05-24T18:31:47","A6-8x8-15hz-sharp20-closest-68cm-blackfoam","4","200","200","661.98","5.06","1.000","4.73"
"2026-05-24T18:31:47","A6-8x8-15hz-sharp20-closest-68cm-blackfoam","5","200","200","660.10","5.59","1.000","4.91"
"2026-05-24T18:31:47","A6-8x8-15hz-sharp20-closest-68cm-blackfoam","6","200","200","658.15","5.25","1.000","5.01"
"2026-05-24T18:31:47","A6-8x8-15hz-sharp20-closest-68cm-blackfoam","7","200","200","655.39","5.98","1.000","5.70"
"2026-05-24T18:31:47","A6-8x8-15hz-sharp20-closest-68cm-blackfoam","8","200","200","687.95","6.78","1.000","6.34"
"2026-05-24T18:31:47","A6-8x8-15hz-sharp20-closest-68cm-blackfoam","9","200","200","682.25","5.73","1.000","5.44"
"2026-05-24T18:31:47","A6-8x8-15hz-sharp20-closest-68cm-blackfoam","10","200","200","678.07","5.81","1.000","5.04"
"2026-05-24T18:31:47","A6-8x8-15hz-sharp20-closest-68cm-blackfoam","11","200","200","673.56","5.74","1.000","5.09"
"2026-05-24T18:31:47","A6-8x8-15hz-sharp20-closest-68cm-blackfoam","12","200","200","670.59","5.46","1.000","5.20"
"2026-05-24T18:31:47","A6-8x8-15hz-sharp20-closest-68cm-blackfoam","13","200","200","665.82","5.06","1.000","4.77"
"2026-05-24T18:31:47","A6-8x8-15hz-sharp20-closest-68cm-blackfoam","14","200","200","662.52","5.65","1.000","4.93"
"2026-05-24T18:31:47","A6-8x8-15hz-sharp20-closest-68cm-blackfoam","15","200","200","659.23","5.25","1.000","4.90"
"2026-05-24T18:31:47","A6-8x8-15hz-sharp20-closest-68cm-blackfoam","16","200","200","692.78","8.04","1.000","7.50"
"2026-05-24T18:31:47","A6-8x8-15hz-sharp20-closest-68cm-blackfoam","17","200","200","690.39","7.24","1.000","6.88"
"2026-05-24T18:31:47","A6-8x8-15hz-sharp20-closest-68cm-blackfoam","18","200","200","684.07","6.49","1.000","5.53"
"2026-05-24T18:31:47","A6-8x8-15hz-sharp20-closest-68cm-blackfoam","19","200","200","681.66","6.46","1.000","5.91"
"2026-05-24T18:31:47","A6-8x8-15hz-sharp20-closest-68cm-blackfoam","20","200","200","677.42","5.01","1.000","4.69"
"2026-05-24T18:31:47","A6-8x8-15hz-sharp20-closest-68cm-blackfoam","21","200","200","672.39","5.45","1.000","5.22"
"2026-05-24T18:31:47","A6-8x8-15hz-sharp20-closest-68cm-blackfoam","22","200","200","669.38","5.83","1.000","5.04"
"2026-05-24T18:31:47","A6-8x8-15hz-sharp20-closest-68cm-blackfoam","23","200","200","666.79","6.09","1.000","5.34"
"2026-05-24T18:31:47","A6-8x8-15hz-sharp20-closest-68cm-blackfoam","24","200","200","700.37","8.73","1.000","7.04"
"2026-05-24T18:31:47","A6-8x8-15hz-sharp20-closest-68cm-blackfoam","25","200","200","694.96","6.16","1.000","5.65"
"2026-05-24T18:31:47","A6-8x8-15hz-sharp20-closest-68cm-blackfoam","26","200","200","691.47","6.50","1.000","6.17"
"2026-05-24T18:31:47","A6-8x8-15hz-sharp20-closest-68cm-blackfoam","27","200","200","687.19","5.08","1.000","5.12"
"2026-05-24T18:31:47","A6-8x8-15hz-sharp20-closest-68cm-blackfoam","28","200","200","684.04","5.06","1.000","5.19"
"2026-05-24T18:31:47","A6-8x8-15hz-sharp20-closest-68cm-blackfoam","29","200","200","678.23","5.25","1.000","5.06"
"2026-05-24T18:31:47","A6-8x8-15hz-sharp20-closest-68cm-blackfoam","30","200","200","674.72","6.25","1.000","5.79"
"2026-05-24T18:31:47","A6-8x8-15hz-sharp20-closest-68cm-blackfoam","31","200","200","670.87","6.28","1.000","6.06"
"2026-05-24T18:31:47","A6-8x8-15hz-sharp20-closest-68cm-blackfoam","32","200","200","706.46","8.44","1.000","7.70"
"2026-05-24T18:31:47","A6-8x8-15hz-sharp20-closest-68cm-blackfoam","33","200","200","702.17","5.97","1.000","5.75"
"2026-05-24T18:31:47","A6-8x8-15hz-sharp20-closest-68cm-blackfoam","34","200","200","698.38","5.87","1.000","5.48"
"2026-05-24T18:31:47","A6-8x8-15hz-sharp20-closest-68cm-blackfoam","35","200","200","694.15","6.14","1.000","5.84"
"2026-05-24T18:31:47","A6-8x8-15hz-sharp20-closest-68cm-blackfoam","36","200","200","691.66","6.53","1.000","5.97"
"2026-05-24T18:31:47","A6-8x8-15hz-sharp20-closest-68cm-blackfoam","37","200","200","686.30","5.72","1.000","5.68"
"2026-05-24T18:31:47","A6-8x8-15hz-sharp20-closest-68cm-blackfoam","38","200","200","682.58","5.82","1.000","5.40"
"2026-05-24T18:31:47","A6-8x8-15hz-sharp20-closest-68cm-blackfoam","39","200","200","677.76","6.35","1.000","5.89"
"2026-05-24T18:31:47","A6-8x8-15hz-sharp20-closest-68cm-blackfoam","40","200","200","713.93","7.61","1.000","6.76"
"2026-05-24T18:31:47","A6-8x8-15hz-sharp20-closest-68cm-blackfoam","41","200","200","707.27","6.25","1.000","6.69"
"2026-05-24T18:31:47","A6-8x8-15hz-sharp20-closest-68cm-blackfoam","42","200","200","704.42","6.47","1.000","6.03"
"2026-05-24T18:31:47","A6-8x8-15hz-sharp20-closest-68cm-blackfoam","43","200","200","700.62","6.72","1.000","6.40"
"2026-05-24T18:31:47","A6-8x8-15hz-sharp20-closest-68cm-blackfoam","44","200","200","696.07","7.37","1.000","6.84"
"2026-05-24T18:31:47","A6-8x8-15hz-sharp20-closest-68cm-blackfoam","45","200","200","691.85","6.20","1.000","5.67"
"2026-05-24T18:31:47","A6-8x8-15hz-sharp20-closest-68cm-blackfoam","46","200","200","687.23","7.30","1.000","6.39"
"2026-05-24T18:31:47","A6-8x8-15hz-sharp20-closest-68cm-blackfoam","47","200","200","685.66","7.10","1.000","6.57"
"2026-05-24T18:31:47","A6-8x8-15hz-sharp20-closest-68cm-blackfoam","48","200","200","719.05","8.96","1.000","7.77"
"2026-05-24T18:31:47","A6-8x8-15hz-sharp20-closest-68cm-blackfoam","49","200","200","714.98","8.91","1.000","8.51"
"2026-05-24T18:31:47","A6-8x8-15hz-sharp20-closest-68cm-blackfoam","50","200","200","710.77","8.34","1.000","7.21"
"2026-05-24T18:31:47","A6-8x8-15hz-sharp20-closest-68cm-blackfoam","51","200","200","705.92","8.11","1.000","7.08"
"2026-05-24T18:31:47","A6-8x8-15hz-sharp20-closest-68cm-blackfoam","52","200","200","701.81","7.24","1.000","6.35"
"2026-05-24T18:31:47","A6-8x8-15hz-sharp20-closest-68cm-blackfoam","53","200","200","697.50","6.31","1.000","6.27"
"2026-05-24T18:31:47","A6-8x8-15hz-sharp20-closest-68cm-blackfoam","54","200","200","695.61","7.97","1.000","6.65"
"2026-05-24T18:31:47","A6-8x8-15hz-sharp20-closest-68cm-blackfoam","55","200","200","691.87","8.52","1.000","8.02"
"2026-05-24T18:31:47","A6-8x8-15hz-sharp20-closest-68cm-blackfoam","56","200","200","725.33","11.18","1.000","9.30"
"2026-05-24T18:31:47","A6-8x8-15hz-sharp20-closest-68cm-blackfoam","57","200","200","722.42","11.33","1.000","10.66"
"2026-05-24T18:31:47","A6-8x8-15hz-sharp20-closest-68cm-blackfoam","58","200","200","717.92","7.05","1.000","6.87"
"2026-05-24T18:31:47","A6-8x8-15hz-sharp20-closest-68cm-blackfoam","59","200","200","712.65","10.40","1.000","8.85"
"2026-05-24T18:31:47","A6-8x8-15hz-sharp20-closest-68cm-blackfoam","60","200","200","708.29","8.64","1.000","7.21"
"2026-05-24T18:31:47","A6-8x8-15hz-sharp20-closest-68cm-blackfoam","61","200","200","703.77","7.70","1.000","6.98"
"2026-05-24T18:31:47","A6-8x8-15hz-sharp20-closest-68cm-blackfoam","62","200","200","702.27","8.00","1.000","7.32"
"2026-05-24T18:31:47","A6-8x8-15hz-sharp20-closest-68cm-blackfoam","63","200","200","697.80","12.04","1.000","11.96"
"2026-05-24T18:33:29","B2-4x4-10hz-sharp5-closest-68cm-blackfoam","0","200","200","678.54","1.24","1.000","1.00"
"2026-05-24T18:33:29","B2-4x4-10hz-sharp5-closest-68cm-blackfoam","1","200","200","671.04","0.98","1.000","1.00"
"2026-05-24T18:33:29","B2-4x4-10hz-sharp5-closest-68cm-blackfoam","2","200","200","662.59","1.19","1.000","1.00"
"2026-05-24T18:33:29","B2-4x4-10hz-sharp5-closest-68cm-blackfoam","3","200","200","655.52","1.14","1.000","1.00"
"2026-05-24T18:33:29","B2-4x4-10hz-sharp5-closest-68cm-blackfoam","4","200","200","692.41","1.69","1.000","1.41"
"2026-05-24T18:33:29","B2-4x4-10hz-sharp5-closest-68cm-blackfoam","5","200","200","683.95","1.28","1.000","1.00"
"2026-05-24T18:33:29","B2-4x4-10hz-sharp5-closest-68cm-blackfoam","6","200","200","675.73","1.13","1.000","1.00"
"2026-05-24T18:33:29","B2-4x4-10hz-sharp5-closest-68cm-blackfoam","7","200","200","668.34","1.02","1.000","1.00"
"2026-05-24T18:33:29","B2-4x4-10hz-sharp5-closest-68cm-blackfoam","8","200","200","704.17","1.77","1.000","1.55"
"2026-05-24T18:33:29","B2-4x4-10hz-sharp5-closest-68cm-blackfoam","9","200","200","697.16","1.36","1.000","1.00"
"2026-05-24T18:33:29","B2-4x4-10hz-sharp5-closest-68cm-blackfoam","10","200","200","688.94","1.34","1.000","1.03"
"2026-05-24T18:33:29","B2-4x4-10hz-sharp5-closest-68cm-blackfoam","11","200","200","680.74","1.28","1.000","1.00"
"2026-05-24T18:33:29","B2-4x4-10hz-sharp5-closest-68cm-blackfoam","12","200","200","717.05","2.35","1.000","2.00"
"2026-05-24T18:33:29","B2-4x4-10hz-sharp5-closest-68cm-blackfoam","13","200","200","709.40","1.46","1.000","1.42"
"2026-05-24T18:33:29","B2-4x4-10hz-sharp5-closest-68cm-blackfoam","14","200","200","700.02","1.65","1.000","1.40"
"2026-05-24T18:33:29","B2-4x4-10hz-sharp5-closest-68cm-blackfoam","15","200","200","693.48","1.74","1.000","1.99"
"2026-05-24T18:34:24","B3-4x4-10hz-sharp20-closest-68cm-blackfoam","0","200","200","677.72","1.39","1.000","1.00"
"2026-05-24T18:34:24","B3-4x4-10hz-sharp20-closest-68cm-blackfoam","1","200","200","670.39","1.12","1.000","1.00"
"2026-05-24T18:34:24","B3-4x4-10hz-sharp20-closest-68cm-blackfoam","2","200","200","661.66","1.10","1.000","1.00"
"2026-05-24T18:34:24","B3-4x4-10hz-sharp20-closest-68cm-blackfoam","3","200","200","654.82","1.28","1.000","1.00"
"2026-05-24T18:34:24","B3-4x4-10hz-sharp20-closest-68cm-blackfoam","4","200","200","691.54","1.55","1.000","1.73"
"2026-05-24T18:34:24","B3-4x4-10hz-sharp20-closest-68cm-blackfoam","5","200","200","683.12","1.39","1.000","1.00"
"2026-05-24T18:34:24","B3-4x4-10hz-sharp20-closest-68cm-blackfoam","6","200","200","674.89","1.19","1.000","1.00"
"2026-05-24T18:34:24","B3-4x4-10hz-sharp20-closest-68cm-blackfoam","7","200","200","667.54","1.16","1.000","1.00"
"2026-05-24T18:34:24","B3-4x4-10hz-sharp20-closest-68cm-blackfoam","8","200","200","703.32","1.64","1.000","1.86"
"2026-05-24T18:34:24","B3-4x4-10hz-sharp20-closest-68cm-blackfoam","9","200","200","696.13","1.39","1.000","1.00"
"2026-05-24T18:34:24","B3-4x4-10hz-sharp20-closest-68cm-blackfoam","10","200","200","688.01","1.34","1.000","1.39"
"2026-05-24T18:34:24","B3-4x4-10hz-sharp20-closest-68cm-blackfoam","11","200","200","680.12","1.36","1.000","1.00"
"2026-05-24T18:34:24","B3-4x4-10hz-sharp20-closest-68cm-blackfoam","12","200","200","716.24","2.34","1.000","2.00"
"2026-05-24T18:34:24","B3-4x4-10hz-sharp20-closest-68cm-blackfoam","13","200","200","708.46","1.54","1.000","1.75"
"2026-05-24T18:34:24","B3-4x4-10hz-sharp20-closest-68cm-blackfoam","14","200","200","699.45","1.62","1.000","1.74"
"2026-05-24T18:34:24","B3-4x4-10hz-sharp20-closest-68cm-blackfoam","15","200","200","692.61","1.73","1.000","2.00"
"2026-05-24T18:35:10","B4-4x4-15hz-sharp0-closest-68cm-blackfoam","0","200","200","679.08","1.55","1.000","1.04"
"2026-05-24T18:35:10","B4-4x4-15hz-sharp0-closest-68cm-blackfoam","1","200","200","671.85","1.45","1.000","1.00"
"2026-05-24T18:35:10","B4-4x4-15hz-sharp0-closest-68cm-blackfoam","2","200","200","663.03","1.42","1.000","1.00"
"2026-05-24T18:35:10","B4-4x4-15hz-sharp0-closest-68cm-blackfoam","3","200","200","656.21","1.45","1.000","1.00"
"2026-05-24T18:35:10","B4-4x4-15hz-sharp0-closest-68cm-blackfoam","4","200","200","692.86","2.11","1.000","2.00"
"2026-05-24T18:35:10","B4-4x4-15hz-sharp0-closest-68cm-blackfoam","5","200","200","684.57","1.52","1.000","1.73"
"2026-05-24T18:35:10","B4-4x4-15hz-sharp0-closest-68cm-blackfoam","6","200","200","676.40","1.43","1.000","1.00"
"2026-05-24T18:35:10","B4-4x4-15hz-sharp0-closest-68cm-blackfoam","7","200","200","668.94","1.38","1.000","1.00"
"2026-05-24T18:35:10","B4-4x4-15hz-sharp0-closest-68cm-blackfoam","8","200","200","704.76","2.06","1.000","2.00"
"2026-05-24T18:35:10","B4-4x4-15hz-sharp0-closest-68cm-blackfoam","9","200","200","697.52","1.69","1.000","1.42"
"2026-05-24T18:35:10","B4-4x4-15hz-sharp0-closest-68cm-blackfoam","10","200","200","689.63","1.75","1.000","1.99"
"2026-05-24T18:35:10","B4-4x4-15hz-sharp0-closest-68cm-blackfoam","11","200","200","681.23","1.59","1.000","1.47"
"2026-05-24T18:35:10","B4-4x4-15hz-sharp0-closest-68cm-blackfoam","12","200","200","717.55","2.72","1.000","2.04"
"2026-05-24T18:35:10","B4-4x4-15hz-sharp0-closest-68cm-blackfoam","13","200","200","710.02","1.85","1.000","2.00"
"2026-05-24T18:35:10","B4-4x4-15hz-sharp0-closest-68cm-blackfoam","14","200","200","700.71","1.95","1.000","2.00"
"2026-05-24T18:35:10","B4-4x4-15hz-sharp0-closest-68cm-blackfoam","15","200","200","694.05","2.24","1.000","2.00"
"2026-05-24T18:35:57","B5-4x4-15hz-sharp5-closest-68cm-blackfoam","0","200","200","678.06","1.51","1.000","1.20"
"2026-05-24T18:35:57","B5-4x4-15hz-sharp5-closest-68cm-blackfoam","1","200","200","670.71","1.41","1.000","1.00"
"2026-05-24T18:35:57","B5-4x4-15hz-sharp5-closest-68cm-blackfoam","2","200","200","662.26","1.41","1.000","1.02"
"2026-05-24T18:35:57","B5-4x4-15hz-sharp5-closest-68cm-blackfoam","3","200","200","655.15","1.38","1.000","1.00"
"2026-05-24T18:35:57","B5-4x4-15hz-sharp5-closest-68cm-blackfoam","4","200","200","691.83","1.96","1.000","2.00"
"2026-05-24T18:35:57","B5-4x4-15hz-sharp5-closest-68cm-blackfoam","5","200","200","683.64","1.50","1.000","1.99"
"2026-05-24T18:35:57","B5-4x4-15hz-sharp5-closest-68cm-blackfoam","6","200","200","675.30","1.36","1.000","1.00"
"2026-05-24T18:35:57","B5-4x4-15hz-sharp5-closest-68cm-blackfoam","7","200","200","667.88","1.37","1.000","1.01"
"2026-05-24T18:35:57","B5-4x4-15hz-sharp5-closest-68cm-blackfoam","8","200","200","703.66","1.84","1.000","2.00"
"2026-05-24T18:35:57","B5-4x4-15hz-sharp5-closest-68cm-blackfoam","9","200","200","696.82","1.53","1.000","1.74"
"2026-05-24T18:35:57","B5-4x4-15hz-sharp5-closest-68cm-blackfoam","10","200","200","688.63","1.72","1.000","1.99"
"2026-05-24T18:35:57","B5-4x4-15hz-sharp5-closest-68cm-blackfoam","11","200","200","680.30","1.66","1.000","1.75"
"2026-05-24T18:35:57","B5-4x4-15hz-sharp5-closest-68cm-blackfoam","12","200","200","716.51","2.97","1.000","2.04"
"2026-05-24T18:35:57","B5-4x4-15hz-sharp5-closest-68cm-blackfoam","13","200","200","708.90","2.09","1.000","2.00"
"2026-05-24T18:35:57","B5-4x4-15hz-sharp5-closest-68cm-blackfoam","14","200","200","699.35","1.78","1.000","2.00"
"2026-05-24T18:35:57","B5-4x4-15hz-sharp5-closest-68cm-blackfoam","15","200","200","693.01","2.06","1.000","2.00"
"2026-05-24T18:36:43","B6-4x4-15hz-sharp20-closest-68cm-blackfoam","0","200","200","679.15","1.59","1.000","1.12"
"2026-05-24T18:36:43","B6-4x4-15hz-sharp20-closest-68cm-blackfoam","1","200","200","672.21","1.49","1.000","1.00"
"2026-05-24T18:36:43","B6-4x4-15hz-sharp20-closest-68cm-blackfoam","2","200","200","663.44","1.47","1.000","1.00"
"2026-05-24T18:36:43","B6-4x4-15hz-sharp20-closest-68cm-blackfoam","3","200","200","656.48","1.24","1.000","1.00"
"2026-05-24T18:36:43","B6-4x4-15hz-sharp20-closest-68cm-blackfoam","4","200","200","693.56","1.97","1.000","2.00"
"2026-05-24T18:36:43","B6-4x4-15hz-sharp20-closest-68cm-blackfoam","5","200","200","685.01","1.56","1.000","1.85"
"2026-05-24T18:36:43","B6-4x4-15hz-sharp20-closest-68cm-blackfoam","6","200","200","676.86","1.48","1.000","1.00"
"2026-05-24T18:36:43","B6-4x4-15hz-sharp20-closest-68cm-blackfoam","7","200","200","669.36","1.51","1.000","1.00"
"2026-05-24T18:36:43","B6-4x4-15hz-sharp20-closest-68cm-blackfoam","8","200","200","705.07","2.06","1.000","2.00"
"2026-05-24T18:36:43","B6-4x4-15hz-sharp20-closest-68cm-blackfoam","9","200","200","698.25","1.62","1.000","1.52"
"2026-05-24T18:36:43","B6-4x4-15hz-sharp20-closest-68cm-blackfoam","10","200","200","689.79","1.65","1.000","1.99"
"2026-05-24T18:36:43","B6-4x4-15hz-sharp20-closest-68cm-blackfoam","11","200","200","681.71","1.61","1.000","1.55"
"2026-05-24T18:36:43","B6-4x4-15hz-sharp20-closest-68cm-blackfoam","12","200","200","718.24","2.94","1.000","2.04"
"2026-05-24T18:36:43","B6-4x4-15hz-sharp20-closest-68cm-blackfoam","13","200","200","710.35","1.94","1.000","2.00"
"2026-05-24T18:36:43","B6-4x4-15hz-sharp20-closest-68cm-blackfoam","14","200","200","701.00","1.98","1.000","2.00"
"2026-05-24T18:36:43","B6-4x4-15hz-sharp20-closest-68cm-blackfoam","15","200","200","694.57","2.22","1.000","2.00"
"2026-05-24T18:37:25","B7-4x4-30hz-sharp0-closest-68cm-blackfoam","0","200","200","679.13","2.25","1.000","2.00"
"2026-05-24T18:37:25","B7-4x4-30hz-sharp0-closest-68cm-blackfoam","1","200","200","671.82","1.94","1.000","2.00"
"2026-05-24T18:37:25","B7-4x4-30hz-sharp0-closest-68cm-blackfoam","2","200","200","663.09","2.11","1.000","2.00"
"2026-05-24T18:37:25","B7-4x4-30hz-sharp0-closest-68cm-blackfoam","3","200","200","656.48","2.00","1.000","2.00"
"2026-05-24T18:37:25","B7-4x4-30hz-sharp0-closest-68cm-blackfoam","4","200","200","693.09","2.69","1.000","2.32"
"2026-05-24T18:37:25","B7-4x4-30hz-sharp0-closest-68cm-blackfoam","5","200","200","684.51","2.26","1.000","2.00"
"2026-05-24T18:37:25","B7-4x4-30hz-sharp0-closest-68cm-blackfoam","6","200","200","676.46","1.91","1.000","2.00"
"2026-05-24T18:37:25","B7-4x4-30hz-sharp0-closest-68cm-blackfoam","7","200","200","668.95","2.29","1.000","2.00"
"2026-05-24T18:37:25","B7-4x4-30hz-sharp0-closest-68cm-blackfoam","8","200","200","704.85","2.72","1.000","2.29"
"2026-05-24T18:37:25","B7-4x4-30hz-sharp0-closest-68cm-blackfoam","9","200","200","697.68","2.32","1.000","2.00"
"2026-05-24T18:37:25","B7-4x4-30hz-sharp0-closest-68cm-blackfoam","10","200","200","689.57","2.36","1.000","2.00"
"2026-05-24T18:37:25","B7-4x4-30hz-sharp0-closest-68cm-blackfoam","11","200","200","681.33","2.44","1.000","2.00"
"2026-05-24T18:37:25","B7-4x4-30hz-sharp0-closest-68cm-blackfoam","12","200","200","717.62","3.70","1.000","3.07"
"2026-05-24T18:37:25","B7-4x4-30hz-sharp0-closest-68cm-blackfoam","13","200","200","710.21","2.94","1.000","2.28"
"2026-05-24T18:37:25","B7-4x4-30hz-sharp0-closest-68cm-blackfoam","14","200","200","700.60","3.01","1.000","2.29"
"2026-05-24T18:37:25","B7-4x4-30hz-sharp0-closest-68cm-blackfoam","15","200","200","694.23","3.00","1.000","2.95"
"2026-05-24T18:38:45","B9-4x4-30hz-sharp20-closest-68cm-blackfoam","0","200","200","675.94","2.11","1.000","2.00"
"2026-05-24T18:38:45","B9-4x4-30hz-sharp20-closest-68cm-blackfoam","1","200","200","668.47","1.86","1.000","2.00"
"2026-05-24T18:38:45","B9-4x4-30hz-sharp20-closest-68cm-blackfoam","2","200","200","659.87","1.96","1.000","2.00"
"2026-05-24T18:38:45","B9-4x4-30hz-sharp20-closest-68cm-blackfoam","3","200","200","652.90","1.96","1.000","2.00"
"2026-05-24T18:38:45","B9-4x4-30hz-sharp20-closest-68cm-blackfoam","4","200","200","689.73","2.55","1.000","2.40"
"2026-05-24T18:38:45","B9-4x4-30hz-sharp20-closest-68cm-blackfoam","5","200","200","681.09","2.40","1.000","2.00"
"2026-05-24T18:38:45","B9-4x4-30hz-sharp20-closest-68cm-blackfoam","6","200","200","672.73","1.93","1.000","2.00"
"2026-05-24T18:38:45","B9-4x4-30hz-sharp20-closest-68cm-blackfoam","7","200","200","665.35","2.32","1.000","2.00"
"2026-05-24T18:38:45","B9-4x4-30hz-sharp20-closest-68cm-blackfoam","8","200","200","701.71","3.01","1.000","2.32"
"2026-05-24T18:38:45","B9-4x4-30hz-sharp20-closest-68cm-blackfoam","9","200","200","694.20","2.37","1.000","2.00"
"2026-05-24T18:38:45","B9-4x4-30hz-sharp20-closest-68cm-blackfoam","10","200","200","686.30","2.40","1.000","2.03"
"2026-05-24T18:38:45","B9-4x4-30hz-sharp20-closest-68cm-blackfoam","11","200","200","678.10","2.15","1.000","2.00"
"2026-05-24T18:38:45","B9-4x4-30hz-sharp20-closest-68cm-blackfoam","12","200","200","715.03","3.68","1.000","3.10"
"2026-05-24T18:38:45","B9-4x4-30hz-sharp20-closest-68cm-blackfoam","13","200","200","706.29","2.98","1.000","2.40"
"2026-05-24T18:38:45","B9-4x4-30hz-sharp20-closest-68cm-blackfoam","14","200","200","697.33","2.74","1.000","2.35"
"2026-05-24T18:38:45","B9-4x4-30hz-sharp20-closest-68cm-blackfoam","15","200","200","690.79","2.98","1.000","2.96"
"2026-05-24T18:39:36","C1-8x8-10hz-sharp5-strongest-68cm-blackfoam","0","200","200","679.56","5.35","1.000","5.28"
"2026-05-24T18:39:36","C1-8x8-10hz-sharp5-strongest-68cm-blackfoam","1","200","200","675.37","5.12","1.000","4.49"
"2026-05-24T18:39:36","C1-8x8-10hz-sharp5-strongest-68cm-blackfoam","2","200","200","670.68","4.92","1.000","4.11"
"2026-05-24T18:39:36","C1-8x8-10hz-sharp5-strongest-68cm-blackfoam","3","200","200","666.09","4.94","1.000","4.29"
"2026-05-24T18:39:36","C1-8x8-10hz-sharp5-strongest-68cm-blackfoam","4","200","200","660.99","4.56","1.000","3.79"
"2026-05-24T18:39:36","C1-8x8-10hz-sharp5-strongest-68cm-blackfoam","5","200","200","658.27","4.38","1.000","3.90"
"2026-05-24T18:39:36","C1-8x8-10hz-sharp5-strongest-68cm-blackfoam","6","200","200","654.87","4.15","1.000","3.98"
"2026-05-24T18:39:36","C1-8x8-10hz-sharp5-strongest-68cm-blackfoam","7","200","200","653.00","4.46","1.000","4.54"
"2026-05-24T18:39:36","C1-8x8-10hz-sharp5-strongest-68cm-blackfoam","8","200","200","686.55","5.77","1.000","4.99"
"2026-05-24T18:39:36","C1-8x8-10hz-sharp5-strongest-68cm-blackfoam","9","200","200","680.00","4.91","1.000","4.29"
"2026-05-24T18:39:36","C1-8x8-10hz-sharp5-strongest-68cm-blackfoam","10","200","200","676.89","4.52","1.000","4.05"
"2026-05-24T18:39:36","C1-8x8-10hz-sharp5-strongest-68cm-blackfoam","11","200","200","671.30","4.23","1.000","4.08"
"2026-05-24T18:39:36","C1-8x8-10hz-sharp5-strongest-68cm-blackfoam","12","200","200","667.58","4.73","1.000","4.16"
"2026-05-24T18:39:36","C1-8x8-10hz-sharp5-strongest-68cm-blackfoam","13","200","200","663.31","3.93","1.000","3.83"
"2026-05-24T18:39:36","C1-8x8-10hz-sharp5-strongest-68cm-blackfoam","14","200","200","661.05","4.14","1.000","4.00"
"2026-05-24T18:39:36","C1-8x8-10hz-sharp5-strongest-68cm-blackfoam","15","200","200","657.76","4.21","1.000","3.93"
"2026-05-24T18:39:36","C1-8x8-10hz-sharp5-strongest-68cm-blackfoam","16","200","200","690.19","6.21","1.000","6.19"
"2026-05-24T18:39:36","C1-8x8-10hz-sharp5-strongest-68cm-blackfoam","17","200","200","687.65","5.71","1.000","5.64"
"2026-05-24T18:39:36","C1-8x8-10hz-sharp5-strongest-68cm-blackfoam","18","200","200","682.01","5.27","1.000","4.53"
"2026-05-24T18:39:36","C1-8x8-10hz-sharp5-strongest-68cm-blackfoam","19","200","200","679.20","4.65","1.000","4.74"
"2026-05-24T18:39:36","C1-8x8-10hz-sharp5-strongest-68cm-blackfoam","20","200","200","674.34","3.95","1.000","3.87"
"2026-05-24T18:39:36","C1-8x8-10hz-sharp5-strongest-68cm-blackfoam","21","200","200","669.53","4.84","1.000","4.17"
"2026-05-24T18:39:36","C1-8x8-10hz-sharp5-strongest-68cm-blackfoam","22","200","200","666.12","4.58","1.000","4.02"
"2026-05-24T18:39:36","C1-8x8-10hz-sharp5-strongest-68cm-blackfoam","23","200","200","663.07","4.27","1.000","4.10"
"2026-05-24T18:39:36","C1-8x8-10hz-sharp5-strongest-68cm-blackfoam","24","200","200","698.71","6.71","1.000","5.81"
"2026-05-24T18:39:36","C1-8x8-10hz-sharp5-strongest-68cm-blackfoam","25","200","200","694.26","4.63","1.000","4.54"
"2026-05-24T18:39:36","C1-8x8-10hz-sharp5-strongest-68cm-blackfoam","26","200","200","689.51","5.55","1.000","5.09"
"2026-05-24T18:39:36","C1-8x8-10hz-sharp5-strongest-68cm-blackfoam","27","200","200","684.28","4.06","1.000","4.07"
"2026-05-24T18:39:36","C1-8x8-10hz-sharp5-strongest-68cm-blackfoam","28","200","200","681.48","4.60","1.000","4.15"
"2026-05-24T18:39:36","C1-8x8-10hz-sharp5-strongest-68cm-blackfoam","29","200","200","676.82","4.25","1.000","4.07"
"2026-05-24T18:39:36","C1-8x8-10hz-sharp5-strongest-68cm-blackfoam","30","200","200","672.55","4.83","1.000","4.71"
"2026-05-24T18:39:36","C1-8x8-10hz-sharp5-strongest-68cm-blackfoam","31","200","200","668.92","5.45","1.000","4.67"
"2026-05-24T18:39:36","C1-8x8-10hz-sharp5-strongest-68cm-blackfoam","32","200","200","705.00","6.08","1.000","6.09"
"2026-05-24T18:39:36","C1-8x8-10hz-sharp5-strongest-68cm-blackfoam","33","200","200","701.12","4.88","1.000","4.56"
"2026-05-24T18:39:36","C1-8x8-10hz-sharp5-strongest-68cm-blackfoam","34","200","200","695.57","5.31","1.000","4.32"
"2026-05-24T18:39:36","C1-8x8-10hz-sharp5-strongest-68cm-blackfoam","35","200","200","692.34","4.63","1.000","4.71"
"2026-05-24T18:39:36","C1-8x8-10hz-sharp5-strongest-68cm-blackfoam","36","200","200","688.53","5.55","1.000","4.79"
"2026-05-24T18:39:36","C1-8x8-10hz-sharp5-strongest-68cm-blackfoam","37","200","200","683.97","4.47","1.000","4.57"
"2026-05-24T18:39:36","C1-8x8-10hz-sharp5-strongest-68cm-blackfoam","38","200","200","679.46","4.91","1.000","4.25"
"2026-05-24T18:39:36","C1-8x8-10hz-sharp5-strongest-68cm-blackfoam","39","200","200","675.79","4.99","1.000","4.70"
"2026-05-24T18:39:36","C1-8x8-10hz-sharp5-strongest-68cm-blackfoam","40","200","200","712.50","5.99","1.000","5.33"
"2026-05-24T18:39:36","C1-8x8-10hz-sharp5-strongest-68cm-blackfoam","41","200","200","706.22","6.04","1.000","5.32"
"2026-05-24T18:39:36","C1-8x8-10hz-sharp5-strongest-68cm-blackfoam","42","200","200","702.95","5.24","1.000","4.79"
"2026-05-24T18:39:36","C1-8x8-10hz-sharp5-strongest-68cm-blackfoam","43","200","200","698.27","5.77","1.000","5.09"
"2026-05-24T18:39:36","C1-8x8-10hz-sharp5-strongest-68cm-blackfoam","44","200","200","695.34","6.29","1.000","5.47"
"2026-05-24T18:39:36","C1-8x8-10hz-sharp5-strongest-68cm-blackfoam","45","200","200","688.78","5.64","1.000","4.53"
"2026-05-24T18:39:36","C1-8x8-10hz-sharp5-strongest-68cm-blackfoam","46","200","200","686.42","5.27","1.000","4.99"
"2026-05-24T18:39:36","C1-8x8-10hz-sharp5-strongest-68cm-blackfoam","47","200","200","682.93","6.04","1.000","5.25"
"2026-05-24T18:39:36","C1-8x8-10hz-sharp5-strongest-68cm-blackfoam","48","200","200","718.54","6.94","1.000","6.11"
"2026-05-24T18:39:36","C1-8x8-10hz-sharp5-strongest-68cm-blackfoam","49","200","200","713.57","7.46","1.000","6.87"
"2026-05-24T18:39:36","C1-8x8-10hz-sharp5-strongest-68cm-blackfoam","50","200","200","708.47","6.04","1.000","5.82"
"2026-05-24T18:39:36","C1-8x8-10hz-sharp5-strongest-68cm-blackfoam","51","200","200","703.36","6.11","1.000","5.72"
"2026-05-24T18:39:36","C1-8x8-10hz-sharp5-strongest-68cm-blackfoam","52","200","200","699.82","5.53","1.000","5.08"
"2026-05-24T18:39:36","C1-8x8-10hz-sharp5-strongest-68cm-blackfoam","53","200","200","696.07","5.21","1.000","5.14"
"2026-05-24T18:39:36","C1-8x8-10hz-sharp5-strongest-68cm-blackfoam","54","200","200","693.25","6.06","1.000","5.42"
"2026-05-24T18:39:36","C1-8x8-10hz-sharp5-strongest-68cm-blackfoam","55","200","200","690.70","6.22","1.000","6.32"
"2026-05-24T18:39:36","C1-8x8-10hz-sharp5-strongest-68cm-blackfoam","56","200","200","724.13","8.45","1.000","7.77"
"2026-05-24T18:39:36","C1-8x8-10hz-sharp5-strongest-68cm-blackfoam","57","200","200","721.48","9.76","1.000","8.56"
"2026-05-24T18:39:36","C1-8x8-10hz-sharp5-strongest-68cm-blackfoam","58","200","200","716.67","5.88","1.000","5.49"
"2026-05-24T18:39:36","C1-8x8-10hz-sharp5-strongest-68cm-blackfoam","59","200","200","710.77","6.92","1.000","7.01"
"2026-05-24T18:39:36","C1-8x8-10hz-sharp5-strongest-68cm-blackfoam","60","200","200","706.09","6.91","1.000","5.86"
"2026-05-24T18:39:36","C1-8x8-10hz-sharp5-strongest-68cm-blackfoam","61","200","200","702.10","6.07","1.000","5.44"
"2026-05-24T18:39:36","C1-8x8-10hz-sharp5-strongest-68cm-blackfoam","62","200","200","702.18","6.48","1.000","5.80"
"2026-05-24T18:39:36","C1-8x8-10hz-sharp5-strongest-68cm-blackfoam","63","200","200","695.25","9.98","1.000","9.38"
"2026-05-24T18:40:28","D1-8x8-10hz-sharp5-strict-68cm-blackfoam","0","200","200","676.50","5.50","1.000","5.18"
"2026-05-24T18:40:28","D1-8x8-10hz-sharp5-strict-68cm-blackfoam","1","200","200","673.79","5.23","1.000","4.43"
"2026-05-24T18:40:28","D1-8x8-10hz-sharp5-strict-68cm-blackfoam","2","200","200","668.11","4.29","1.000","4.08"
"2026-05-24T18:40:28","D1-8x8-10hz-sharp5-strict-68cm-blackfoam","3","200","200","663.24","4.95","1.000","4.20"
"2026-05-24T18:40:28","D1-8x8-10hz-sharp5-strict-68cm-blackfoam","4","200","200","658.18","4.36","1.000","3.82"
"2026-05-24T18:40:28","D1-8x8-10hz-sharp5-strict-68cm-blackfoam","5","200","200","655.68","4.36","1.000","3.92"
"2026-05-24T18:40:28","D1-8x8-10hz-sharp5-strict-68cm-blackfoam","6","200","200","652.92","3.97","1.000","4.00"
"2026-05-24T18:40:28","D1-8x8-10hz-sharp5-strict-68cm-blackfoam","7","200","200","650.05","4.77","1.000","4.52"
"2026-05-24T18:40:28","D1-8x8-10hz-sharp5-strict-68cm-blackfoam","8","200","200","683.43","6.18","1.000","5.00"
"2026-05-24T18:40:28","D1-8x8-10hz-sharp5-strict-68cm-blackfoam","9","200","200","678.38","4.71","1.000","4.29"
"2026-05-24T18:40:28","D1-8x8-10hz-sharp5-strict-68cm-blackfoam","10","200","200","674.22","4.93","1.000","4.05"
"2026-05-24T18:40:28","D1-8x8-10hz-sharp5-strict-68cm-blackfoam","11","200","200","668.92","4.47","1.000","4.07"
"2026-05-24T18:40:28","D1-8x8-10hz-sharp5-strict-68cm-blackfoam","12","200","200","665.63","4.79","1.000","4.16"
"2026-05-24T18:40:28","D1-8x8-10hz-sharp5-strict-68cm-blackfoam","13","200","200","660.52","3.75","1.000","3.84"
"2026-05-24T18:40:28","D1-8x8-10hz-sharp5-strict-68cm-blackfoam","14","200","200","658.73","4.47","1.000","3.95"
"2026-05-24T18:40:28","D1-8x8-10hz-sharp5-strict-68cm-blackfoam","15","200","200","654.96","4.31","1.000","3.94"
"2026-05-24T18:40:28","D1-8x8-10hz-sharp5-strict-68cm-blackfoam","16","200","200","688.96","6.36","1.000","6.04"
"2026-05-24T18:40:28","D1-8x8-10hz-sharp5-strict-68cm-blackfoam","17","200","200","685.47","5.81","1.000","5.58"
"2026-05-24T18:40:28","D1-8x8-10hz-sharp5-strict-68cm-blackfoam","18","200","200","679.10","4.88","1.000","4.56"
"2026-05-24T18:40:28","D1-8x8-10hz-sharp5-strict-68cm-blackfoam","19","200","200","677.01","5.16","1.000","4.67"
"2026-05-24T18:40:28","D1-8x8-10hz-sharp5-strict-68cm-blackfoam","20","200","200","672.58","4.00","1.000","3.84"
"2026-05-24T18:40:28","D1-8x8-10hz-sharp5-strict-68cm-blackfoam","21","200","200","667.75","4.38","1.000","4.27"
"2026-05-24T18:40:28","D1-8x8-10hz-sharp5-strict-68cm-blackfoam","22","200","200","664.30","5.17","1.000","4.07"
"2026-05-24T18:40:28","D1-8x8-10hz-sharp5-strict-68cm-blackfoam","23","200","200","660.74","4.67","1.000","4.10"
"2026-05-24T18:40:28","D1-8x8-10hz-sharp5-strict-68cm-blackfoam","24","200","200","695.72","6.16","1.000","5.71"
"2026-05-24T18:40:28","D1-8x8-10hz-sharp5-strict-68cm-blackfoam","25","200","200","690.94","5.06","1.000","4.47"
"2026-05-24T18:40:28","D1-8x8-10hz-sharp5-strict-68cm-blackfoam","26","200","200","687.17","4.99","1.000","4.92"
"2026-05-24T18:40:28","D1-8x8-10hz-sharp5-strict-68cm-blackfoam","27","200","200","682.21","4.80","1.000","4.09"
"2026-05-24T18:40:28","D1-8x8-10hz-sharp5-strict-68cm-blackfoam","28","200","200","679.30","4.55","1.000","4.08"
"2026-05-24T18:40:28","D1-8x8-10hz-sharp5-strict-68cm-blackfoam","29","200","200","675.04","4.12","1.000","4.12"
"2026-05-24T18:40:28","D1-8x8-10hz-sharp5-strict-68cm-blackfoam","30","200","200","670.12","5.31","1.000","4.64"
"2026-05-24T18:40:28","D1-8x8-10hz-sharp5-strict-68cm-blackfoam","31","200","200","666.21","5.39","1.000","4.73"
"2026-05-24T18:40:28","D1-8x8-10hz-sharp5-strict-68cm-blackfoam","32","200","200","702.27","6.90","1.000","6.25"
"2026-05-24T18:40:28","D1-8x8-10hz-sharp5-strict-68cm-blackfoam","33","200","200","696.75","4.69","1.000","4.50"
"2026-05-24T18:40:28","D1-8x8-10hz-sharp5-strict-68cm-blackfoam","34","200","200","693.76","5.10","1.000","4.33"
"2026-05-24T18:40:28","D1-8x8-10hz-sharp5-strict-68cm-blackfoam","35","200","200","690.03","4.96","1.000","4.62"
"2026-05-24T18:40:28","D1-8x8-10hz-sharp5-strict-68cm-blackfoam","36","200","200","686.46","4.86","1.000","4.86"
"2026-05-24T18:40:28","D1-8x8-10hz-sharp5-strict-68cm-blackfoam","37","200","200","681.66","4.84","1.000","4.51"
"2026-05-24T18:40:28","D1-8x8-10hz-sharp5-strict-68cm-blackfoam","38","200","200","677.13","5.14","1.000","4.38"
"2026-05-24T18:40:28","D1-8x8-10hz-sharp5-strict-68cm-blackfoam","39","200","200","674.03","5.04","1.000","4.74"
"2026-05-24T18:40:28","D1-8x8-10hz-sharp5-strict-68cm-blackfoam","40","200","200","710.44","5.92","1.000","5.30"
"2026-05-24T18:40:28","D1-8x8-10hz-sharp5-strict-68cm-blackfoam","41","200","200","703.39","5.56","1.000","5.29"
"2026-05-24T18:40:28","D1-8x8-10hz-sharp5-strict-68cm-blackfoam","42","200","200","700.86","5.27","1.000","4.87"
"2026-05-24T18:40:28","D1-8x8-10hz-sharp5-strict-68cm-blackfoam","43","200","200","696.80","5.61","1.000","5.04"
"2026-05-24T18:40:28","D1-8x8-10hz-sharp5-strict-68cm-blackfoam","44","200","200","692.39","6.33","1.000","5.56"
"2026-05-24T18:40:28","D1-8x8-10hz-sharp5-strict-68cm-blackfoam","45","200","200","687.52","5.06","1.000","4.52"
"2026-05-24T18:40:28","D1-8x8-10hz-sharp5-strict-68cm-blackfoam","46","200","200","683.56","6.12","1.000","5.07"
"2026-05-24T18:40:28","D1-8x8-10hz-sharp5-strict-68cm-blackfoam","47","200","200","681.35","5.92","1.000","5.36"
"2026-05-24T18:40:28","D1-8x8-10hz-sharp5-strict-68cm-blackfoam","48","200","200","714.97","7.11","1.000","6.17"
"2026-05-24T18:40:28","D1-8x8-10hz-sharp5-strict-68cm-blackfoam","49","200","200","712.03","7.57","1.000","6.82"
"2026-05-24T18:40:28","D1-8x8-10hz-sharp5-strict-68cm-blackfoam","50","200","200","706.89","6.67","1.000","5.65"
"2026-05-24T18:40:28","D1-8x8-10hz-sharp5-strict-68cm-blackfoam","51","200","200","701.12","6.04","1.000","5.73"
"2026-05-24T18:40:28","D1-8x8-10hz-sharp5-strict-68cm-blackfoam","52","200","200","698.11","6.15","1.000","5.14"
"2026-05-24T18:40:28","D1-8x8-10hz-sharp5-strict-68cm-blackfoam","53","200","200","693.00","4.81","1.000","5.06"
"2026-05-24T18:40:28","D1-8x8-10hz-sharp5-strict-68cm-blackfoam","54","200","200","691.35","6.17","1.000","5.34"
"2026-05-24T18:40:28","D1-8x8-10hz-sharp5-strict-68cm-blackfoam","55","200","200","688.79","7.60","1.000","6.33"
"2026-05-24T18:40:28","D1-8x8-10hz-sharp5-strict-68cm-blackfoam","56","200","200","721.20","8.31","1.000","7.62"
"2026-05-24T18:40:28","D1-8x8-10hz-sharp5-strict-68cm-blackfoam","57","200","200","719.93","9.10","1.000","8.55"
"2026-05-24T18:40:28","D1-8x8-10hz-sharp5-strict-68cm-blackfoam","58","200","200","714.87","5.49","1.000","5.54"
"2026-05-24T18:40:28","D1-8x8-10hz-sharp5-strict-68cm-blackfoam","59","200","200","708.40","8.03","1.000","6.96"
"2026-05-24T18:40:28","D1-8x8-10hz-sharp5-strict-68cm-blackfoam","60","200","200","703.61","6.07","1.000","5.79"
"2026-05-24T18:40:28","D1-8x8-10hz-sharp5-strict-68cm-blackfoam","61","200","200","699.66","6.38","1.000","5.37"
"2026-05-24T18:40:28","D1-8x8-10hz-sharp5-strict-68cm-blackfoam","62","200","200","698.87","6.40","1.000","5.83"
"2026-05-24T18:40:28","D1-8x8-10hz-sharp5-strict-68cm-blackfoam","63","200","200","693.47","9.62","1.000","9.16"
"2026-05-24T18:53:45","A5-8x8-15hz-sharp5-closest-68cm-blackfoam","0","200","200","676.67","7.28","1.000","6.50"
"2026-05-24T18:53:45","A5-8x8-15hz-sharp5-closest-68cm-blackfoam","1","200","200","674.08","6.48","1.000","5.59"
"2026-05-24T18:53:45","A5-8x8-15hz-sharp5-closest-68cm-blackfoam","2","200","200","667.58","5.65","1.000","5.28"
"2026-05-24T18:53:45","A5-8x8-15hz-sharp5-closest-68cm-blackfoam","3","200","200","664.02","5.70","1.000","5.41"
"2026-05-24T18:53:45","A5-8x8-15hz-sharp5-closest-68cm-blackfoam","4","200","200","657.82","4.98","1.000","4.64"
"2026-05-24T18:53:45","A5-8x8-15hz-sharp5-closest-68cm-blackfoam","5","200","200","655.30","5.58","1.000","4.82"
"2026-05-24T18:53:45","A5-8x8-15hz-sharp5-closest-68cm-blackfoam","6","200","200","652.20","5.19","1.000","4.97"
"2026-05-24T18:53:45","A5-8x8-15hz-sharp5-closest-68cm-blackfoam","7","200","200","649.58","6.11","1.000","5.63"
"2026-05-24T18:53:45","A5-8x8-15hz-sharp5-closest-68cm-blackfoam","8","200","200","684.28","7.02","1.000","6.24"
"2026-05-24T18:53:45","A5-8x8-15hz-sharp5-closest-68cm-blackfoam","9","200","200","677.30","5.46","1.000","5.38"
"2026-05-24T18:53:45","A5-8x8-15hz-sharp5-closest-68cm-blackfoam","10","200","200","673.73","5.70","1.000","5.01"
"2026-05-24T18:53:45","A5-8x8-15hz-sharp5-closest-68cm-blackfoam","11","200","200","668.48","5.39","1.000","5.08"
"2026-05-24T18:53:45","A5-8x8-15hz-sharp5-closest-68cm-blackfoam","12","200","200","665.53","5.46","1.000","5.08"
"2026-05-24T18:53:45","A5-8x8-15hz-sharp5-closest-68cm-blackfoam","13","200","200","661.11","4.61","1.000","4.62"
"2026-05-24T18:53:45","A5-8x8-15hz-sharp5-closest-68cm-blackfoam","14","200","200","659.22","5.69","1.000","4.88"
"2026-05-24T18:53:45","A5-8x8-15hz-sharp5-closest-68cm-blackfoam","15","200","200","654.02","5.23","1.000","4.93"
"2026-05-24T18:53:45","A5-8x8-15hz-sharp5-closest-68cm-blackfoam","16","200","200","688.55","8.13","1.000","7.46"
"2026-05-24T18:53:45","A5-8x8-15hz-sharp5-closest-68cm-blackfoam","17","200","200","685.68","6.90","1.000","7.01"
"2026-05-24T18:53:45","A5-8x8-15hz-sharp5-closest-68cm-blackfoam","18","200","200","680.01","5.94","1.000","5.65"
"2026-05-24T18:53:45","A5-8x8-15hz-sharp5-closest-68cm-blackfoam","19","200","200","676.32","6.48","1.000","5.80"
"2026-05-24T18:53:45","A5-8x8-15hz-sharp5-closest-68cm-blackfoam","20","200","200","671.47","5.24","1.000","4.72"
"2026-05-24T18:53:45","A5-8x8-15hz-sharp5-closest-68cm-blackfoam","21","200","200","667.79","5.88","1.000","5.22"
"2026-05-24T18:53:45","A5-8x8-15hz-sharp5-closest-68cm-blackfoam","22","200","200","664.03","5.65","1.000","4.99"
"2026-05-24T18:53:45","A5-8x8-15hz-sharp5-closest-68cm-blackfoam","23","200","200","661.17","5.51","1.000","5.17"
"2026-05-24T18:53:45","A5-8x8-15hz-sharp5-closest-68cm-blackfoam","24","200","200","696.70","7.73","1.000","6.92"
"2026-05-24T18:53:45","A5-8x8-15hz-sharp5-closest-68cm-blackfoam","25","200","200","691.12","5.68","1.000","5.70"
"2026-05-24T18:53:45","A5-8x8-15hz-sharp5-closest-68cm-blackfoam","26","200","200","686.93","6.17","1.000","6.16"
"2026-05-24T18:53:45","A5-8x8-15hz-sharp5-closest-68cm-blackfoam","27","200","200","682.31","5.74","1.000","5.13"
"2026-05-24T18:53:45","A5-8x8-15hz-sharp5-closest-68cm-blackfoam","28","200","200","678.89","5.71","1.000","5.16"
"2026-05-24T18:53:45","A5-8x8-15hz-sharp5-closest-68cm-blackfoam","29","200","200","674.85","5.35","1.000","5.12"
"2026-05-24T18:53:45","A5-8x8-15hz-sharp5-closest-68cm-blackfoam","30","200","200","671.23","6.01","1.000","5.71"
"2026-05-24T18:53:45","A5-8x8-15hz-sharp5-closest-68cm-blackfoam","31","200","200","666.29","6.66","1.000","6.08"
"2026-05-24T18:53:45","A5-8x8-15hz-sharp5-closest-68cm-blackfoam","32","200","200","702.83","9.24","1.000","7.59"
"2026-05-24T18:53:45","A5-8x8-15hz-sharp5-closest-68cm-blackfoam","33","200","200","697.70","6.32","1.000","5.75"
"2026-05-24T18:53:45","A5-8x8-15hz-sharp5-closest-68cm-blackfoam","34","200","200","692.16","6.21","1.000","5.33"
"2026-05-24T18:53:45","A5-8x8-15hz-sharp5-closest-68cm-blackfoam","35","200","200","690.62","6.38","1.000","5.83"
"2026-05-24T18:53:45","A5-8x8-15hz-sharp5-closest-68cm-blackfoam","36","200","200","686.77","5.94","1.000","6.00"
"2026-05-24T18:53:45","A5-8x8-15hz-sharp5-closest-68cm-blackfoam","37","200","200","679.87","5.69","1.000","5.50"
"2026-05-24T18:53:45","A5-8x8-15hz-sharp5-closest-68cm-blackfoam","38","200","200","676.50","6.04","1.000","5.43"
"2026-05-24T18:53:45","A5-8x8-15hz-sharp5-closest-68cm-blackfoam","39","200","200","673.68","6.32","1.000","6.02"
"2026-05-24T18:53:45","A5-8x8-15hz-sharp5-closest-68cm-blackfoam","40","200","200","710.92","7.69","1.000","6.79"
"2026-05-24T18:53:45","A5-8x8-15hz-sharp5-closest-68cm-blackfoam","41","200","200","704.28","6.77","1.000","6.61"
"2026-05-24T18:53:45","A5-8x8-15hz-sharp5-closest-68cm-blackfoam","42","200","200","700.04","5.89","1.000","6.01"
"2026-05-24T18:53:45","A5-8x8-15hz-sharp5-closest-68cm-blackfoam","43","200","200","696.10","7.01","1.000","6.45"
"2026-05-24T18:53:45","A5-8x8-15hz-sharp5-closest-68cm-blackfoam","44","200","200","692.65","6.86","1.000","6.91"
"2026-05-24T18:53:45","A5-8x8-15hz-sharp5-closest-68cm-blackfoam","45","200","200","686.83","5.76","1.000","5.67"
"2026-05-24T18:53:45","A5-8x8-15hz-sharp5-closest-68cm-blackfoam","46","200","200","684.18","6.66","1.000","6.25"
"2026-05-24T18:53:45","A5-8x8-15hz-sharp5-closest-68cm-blackfoam","47","200","200","680.24","7.02","1.000","6.43"
"2026-05-24T18:53:45","A5-8x8-15hz-sharp5-closest-68cm-blackfoam","48","200","200","715.69","8.71","1.000","7.58"
"2026-05-24T18:53:45","A5-8x8-15hz-sharp5-closest-68cm-blackfoam","49","200","200","711.28","8.39","1.000","8.35"
"2026-05-24T18:53:45","A5-8x8-15hz-sharp5-closest-68cm-blackfoam","50","200","200","705.14","7.94","1.000","6.93"
"2026-05-24T18:53:45","A5-8x8-15hz-sharp5-closest-68cm-blackfoam","51","200","200","701.93","7.35","1.000","7.21"
"2026-05-24T18:53:45","A5-8x8-15hz-sharp5-closest-68cm-blackfoam","52","200","200","696.82","7.12","1.000","6.36"
"2026-05-24T18:53:45","A5-8x8-15hz-sharp5-closest-68cm-blackfoam","53","200","200","693.53","6.82","1.000","6.17"
"2026-05-24T18:53:45","A5-8x8-15hz-sharp5-closest-68cm-blackfoam","54","200","200","690.96","7.62","1.000","6.76"
"2026-05-24T18:53:45","A5-8x8-15hz-sharp5-closest-68cm-blackfoam","55","200","200","688.47","8.79","1.000","8.02"
"2026-05-24T18:53:45","A5-8x8-15hz-sharp5-closest-68cm-blackfoam","56","200","200","722.31","9.88","1.000","9.63"
"2026-05-24T18:53:45","A5-8x8-15hz-sharp5-closest-68cm-blackfoam","57","200","200","717.70","11.42","1.000","10.71"
"2026-05-24T18:53:45","A5-8x8-15hz-sharp5-closest-68cm-blackfoam","58","200","200","713.82","7.57","1.000","6.87"
"2026-05-24T18:53:45","A5-8x8-15hz-sharp5-closest-68cm-blackfoam","59","200","200","707.19","9.15","1.000","8.57"
"2026-05-24T18:53:45","A5-8x8-15hz-sharp5-closest-68cm-blackfoam","60","200","200","703.74","7.99","1.000","7.31"
"2026-05-24T18:53:45","A5-8x8-15hz-sharp5-closest-68cm-blackfoam","61","200","200","699.17","7.22","1.000","6.90"
"2026-05-24T18:53:45","A5-8x8-15hz-sharp5-closest-68cm-blackfoam","62","200","200","699.07","8.10","1.000","7.32"
"2026-05-24T18:53:45","A5-8x8-15hz-sharp5-closest-68cm-blackfoam","63","200","200","693.57","12.83","1.000","11.69"
"2026-05-24T18:55:07","B8-4x4-30hz-sharp5-closest-68cm-blackfoam","0","200","200","679.25","2.23","1.000","2.00"
"2026-05-24T18:55:07","B8-4x4-30hz-sharp5-closest-68cm-blackfoam","1","200","200","671.69","1.95","1.000","2.00"
"2026-05-24T18:55:07","B8-4x4-30hz-sharp5-closest-68cm-blackfoam","2","200","200","663.01","2.05","1.000","2.00"
"2026-05-24T18:55:07","B8-4x4-30hz-sharp5-closest-68cm-blackfoam","3","200","200","655.87","1.83","1.000","2.00"
"2026-05-24T18:55:07","B8-4x4-30hz-sharp5-closest-68cm-blackfoam","4","200","200","693.54","2.56","1.000","2.27"
"2026-05-24T18:55:07","B8-4x4-30hz-sharp5-closest-68cm-blackfoam","5","200","200","684.93","2.35","1.000","2.00"
"2026-05-24T18:55:07","B8-4x4-30hz-sharp5-closest-68cm-blackfoam","6","200","200","676.22","1.81","1.000","2.00"
"2026-05-24T18:55:07","B8-4x4-30hz-sharp5-closest-68cm-blackfoam","7","200","200","668.88","2.18","1.000","2.00"
"2026-05-24T18:55:07","B8-4x4-30hz-sharp5-closest-68cm-blackfoam","8","200","200","705.38","2.82","1.000","2.27"
"2026-05-24T18:55:07","B8-4x4-30hz-sharp5-closest-68cm-blackfoam","9","200","200","698.08","2.17","1.000","2.00"
"2026-05-24T18:55:07","B8-4x4-30hz-sharp5-closest-68cm-blackfoam","10","200","200","689.54","2.16","1.000","2.00"
"2026-05-24T18:55:07","B8-4x4-30hz-sharp5-closest-68cm-blackfoam","11","200","200","681.58","2.15","1.000","2.00"
"2026-05-24T18:55:07","B8-4x4-30hz-sharp5-closest-68cm-blackfoam","12","200","200","717.42","3.71","1.000","3.10"
"2026-05-24T18:55:07","B8-4x4-30hz-sharp5-closest-68cm-blackfoam","13","200","200","710.25","2.63","1.000","2.23"
"2026-05-24T18:55:07","B8-4x4-30hz-sharp5-closest-68cm-blackfoam","14","200","200","701.25","2.65","1.000","2.31"
"2026-05-24T18:55:07","B8-4x4-30hz-sharp5-closest-68cm-blackfoam","15","200","200","694.32","2.80","1.000","2.94"
"2026-05-24T19:02:17","B1-4x4-10hz-sharp0-closest-68cm-blackfoam","0","200","200","678.45","1.25","1.000","1.00"
"2026-05-24T19:02:17","B1-4x4-10hz-sharp0-closest-68cm-blackfoam","1","200","200","671.20","1.05","1.000","1.00"
"2026-05-24T19:02:17","B1-4x4-10hz-sharp0-closest-68cm-blackfoam","2","200","200","662.61","1.18","1.000","1.00"
"2026-05-24T19:02:17","B1-4x4-10hz-sharp0-closest-68cm-blackfoam","3","200","200","655.30","1.14","1.000","1.00"
"2026-05-24T19:02:17","B1-4x4-10hz-sharp0-closest-68cm-blackfoam","4","200","200","692.69","1.52","1.000","1.14"
"2026-05-24T19:02:17","B1-4x4-10hz-sharp0-closest-68cm-blackfoam","5","200","200","684.12","1.34","1.000","1.00"
"2026-05-24T19:02:17","B1-4x4-10hz-sharp0-closest-68cm-blackfoam","6","200","200","675.86","1.15","1.000","1.00"
"2026-05-24T19:02:17","B1-4x4-10hz-sharp0-closest-68cm-blackfoam","7","200","200","668.28","1.15","1.000","1.00"
"2026-05-24T19:02:17","B1-4x4-10hz-sharp0-closest-68cm-blackfoam","8","200","200","704.50","1.77","1.000","1.33"
"2026-05-24T19:02:17","B1-4x4-10hz-sharp0-closest-68cm-blackfoam","9","200","200","697.56","1.42","1.000","1.00"
"2026-05-24T19:02:17","B1-4x4-10hz-sharp0-closest-68cm-blackfoam","10","200","200","689.34","1.45","1.000","1.00"
"2026-05-24T19:02:17","B1-4x4-10hz-sharp0-closest-68cm-blackfoam","11","200","200","680.86","1.44","1.000","1.00"
"2026-05-24T19:02:17","B1-4x4-10hz-sharp0-closest-68cm-blackfoam","12","200","200","717.62","2.23","1.000","2.00"
"2026-05-24T19:02:17","B1-4x4-10hz-sharp0-closest-68cm-blackfoam","13","200","200","710.19","1.51","1.000","1.21"
"2026-05-24T19:02:17","B1-4x4-10hz-sharp0-closest-68cm-blackfoam","14","200","200","700.57","1.56","1.000","1.15"
"2026-05-24T19:02:17","B1-4x4-10hz-sharp0-closest-68cm-blackfoam","15","200","200","693.57","1.73","1.000","1.91"
2026-05-24T19:52:41,A4-8x8-15hz-sharp0-closest-89cm-blackfoam,0,200,200,878.92,9.77,1.000,8.66
2026-05-24T19:52:41,A4-8x8-15hz-sharp0-closest-89cm-blackfoam,1,200,200,877.01,7.54,1.000,7.67
2026-05-24T19:52:41,A4-8x8-15hz-sharp0-closest-89cm-blackfoam,2,200,200,870.48,7.20,1.000,6.65
2026-05-24T19:52:41,A4-8x8-15hz-sharp0-closest-89cm-blackfoam,3,200,200,866.99,7.44,1.000,7.59
2026-05-24T19:52:41,A4-8x8-15hz-sharp0-closest-89cm-blackfoam,4,200,200,863.15,6.34,1.000,6.05
2026-05-24T19:52:41,A4-8x8-15hz-sharp0-closest-89cm-blackfoam,5,200,200,858.37,7.31,1.000,7.13
2026-05-24T19:52:41,A4-8x8-15hz-sharp0-closest-89cm-blackfoam,6,200,200,856.46,8.18,1.000,6.75
2026-05-24T19:52:41,A4-8x8-15hz-sharp0-closest-89cm-blackfoam,7,200,200,853.47,8.96,1.000,7.79
2026-05-24T19:52:41,A4-8x8-15hz-sharp0-closest-89cm-blackfoam,8,200,200,883.89,9.16,1.000,8.38
2026-05-24T19:52:41,A4-8x8-15hz-sharp0-closest-89cm-blackfoam,9,200,200,881.23,7.34,1.000,6.95
2026-05-24T19:52:41,A4-8x8-15hz-sharp0-closest-89cm-blackfoam,10,200,200,877.19,6.77,1.000,6.47
2026-05-24T19:52:41,A4-8x8-15hz-sharp0-closest-89cm-blackfoam,11,200,200,872.27,6.85,1.000,6.39
2026-05-24T19:52:41,A4-8x8-15hz-sharp0-closest-89cm-blackfoam,12,200,200,868.29,7.82,1.000,7.01
2026-05-24T19:52:41,A4-8x8-15hz-sharp0-closest-89cm-blackfoam,13,200,200,864.12,6.86,1.000,5.83
2026-05-24T19:52:41,A4-8x8-15hz-sharp0-closest-89cm-blackfoam,14,200,200,861.52,6.66,1.000,6.53
2026-05-24T19:52:41,A4-8x8-15hz-sharp0-closest-89cm-blackfoam,15,200,200,856.87,7.68,1.000,6.70
2026-05-24T19:52:41,A4-8x8-15hz-sharp0-closest-89cm-blackfoam,16,200,200,887.92,11.61,1.000,10.72
2026-05-24T19:52:41,A4-8x8-15hz-sharp0-closest-89cm-blackfoam,17,200,200,885.72,11.01,1.000,9.31
2026-05-24T19:52:41,A4-8x8-15hz-sharp0-closest-89cm-blackfoam,18,200,200,881.17,7.80,1.000,7.25
2026-05-24T19:52:41,A4-8x8-15hz-sharp0-closest-89cm-blackfoam,19,200,200,877.80,8.20,1.000,7.44
2026-05-24T19:52:41,A4-8x8-15hz-sharp0-closest-89cm-blackfoam,20,200,200,873.90,7.04,1.000,6.25
2026-05-24T19:52:41,A4-8x8-15hz-sharp0-closest-89cm-blackfoam,21,200,200,868.86,7.25,1.000,6.80
2026-05-24T19:52:41,A4-8x8-15hz-sharp0-closest-89cm-blackfoam,22,200,200,865.58,6.89,1.000,6.46
2026-05-24T19:52:41,A4-8x8-15hz-sharp0-closest-89cm-blackfoam,23,200,200,862.23,7.78,1.000,7.10
2026-05-24T19:52:41,A4-8x8-15hz-sharp0-closest-89cm-blackfoam,24,200,200,895.66,10.50,1.000,9.33
2026-05-24T19:52:41,A4-8x8-15hz-sharp0-closest-89cm-blackfoam,25,200,200,890.43,7.71,1.000,7.28
2026-05-24T19:52:41,A4-8x8-15hz-sharp0-closest-89cm-blackfoam,26,200,200,888.43,8.79,1.000,7.80
2026-05-24T19:52:41,A4-8x8-15hz-sharp0-closest-89cm-blackfoam,27,200,200,882.84,7.08,1.000,6.26
2026-05-24T19:52:41,A4-8x8-15hz-sharp0-closest-89cm-blackfoam,28,200,200,880.51,7.76,1.000,6.93
2026-05-24T19:52:41,A4-8x8-15hz-sharp0-closest-89cm-blackfoam,29,200,200,875.83,7.72,1.000,6.85
2026-05-24T19:52:41,A4-8x8-15hz-sharp0-closest-89cm-blackfoam,30,200,200,872.56,8.32,1.000,7.32
2026-05-24T19:52:41,A4-8x8-15hz-sharp0-closest-89cm-blackfoam,31,200,200,868.14,9.49,1.000,8.63
2026-05-24T19:52:41,A4-8x8-15hz-sharp0-closest-89cm-blackfoam,32,200,200,900.75,10.32,1.000,10.28
2026-05-24T19:52:41,A4-8x8-15hz-sharp0-closest-89cm-blackfoam,33,200,200,897.36,7.24,1.000,7.17
2026-05-24T19:52:41,A4-8x8-15hz-sharp0-closest-89cm-blackfoam,34,200,200,893.14,7.62,1.000,6.45
2026-05-24T19:52:41,A4-8x8-15hz-sharp0-closest-89cm-blackfoam,35,200,200,890.41,8.43,1.000,7.28
2026-05-24T19:52:41,A4-8x8-15hz-sharp0-closest-89cm-blackfoam,36,200,200,887.44,8.18,1.000,7.78
2026-05-24T19:52:41,A4-8x8-15hz-sharp0-closest-89cm-blackfoam,37,200,200,881.62,7.34,1.000,7.04
2026-05-24T19:52:41,A4-8x8-15hz-sharp0-closest-89cm-blackfoam,38,200,200,878.16,7.76,1.000,7.02
2026-05-24T19:52:41,A4-8x8-15hz-sharp0-closest-89cm-blackfoam,39,200,200,873.97,8.20,1.000,7.89
2026-05-24T19:52:41,A4-8x8-15hz-sharp0-closest-89cm-blackfoam,40,200,200,907.17,10.26,1.000,8.51
2026-05-24T19:52:41,A4-8x8-15hz-sharp0-closest-89cm-blackfoam,41,200,200,903.00,9.79,1.000,7.92
2026-05-24T19:52:41,A4-8x8-15hz-sharp0-closest-89cm-blackfoam,42,200,200,899.30,7.83,1.000,7.39
2026-05-24T19:52:41,A4-8x8-15hz-sharp0-closest-89cm-blackfoam,43,200,200,895.53,8.69,1.000,8.37
2026-05-24T19:52:41,A4-8x8-15hz-sharp0-closest-89cm-blackfoam,44,200,200,892.26,10.34,1.000,9.21
2026-05-24T19:52:41,A4-8x8-15hz-sharp0-closest-89cm-blackfoam,45,200,200,888.08,7.97,1.000,7.49
2026-05-24T19:52:41,A4-8x8-15hz-sharp0-closest-89cm-blackfoam,46,200,200,884.74,8.29,1.000,8.46
2026-05-24T19:52:41,A4-8x8-15hz-sharp0-closest-89cm-blackfoam,47,200,200,879.86,10.41,1.000,8.75
2026-05-24T19:52:41,A4-8x8-15hz-sharp0-closest-89cm-blackfoam,48,200,200,912.02,10.80,1.000,9.71
2026-05-24T19:52:41,A4-8x8-15hz-sharp0-closest-89cm-blackfoam,49,200,200,910.75,12.85,1.000,11.64
2026-05-24T19:52:41,A4-8x8-15hz-sharp0-closest-89cm-blackfoam,50,200,200,904.05,10.42,1.000,9.43
2026-05-24T19:52:41,A4-8x8-15hz-sharp0-closest-89cm-blackfoam,51,200,200,899.86,9.35,1.000,9.14
2026-05-24T19:52:41,A4-8x8-15hz-sharp0-closest-89cm-blackfoam,52,200,200,896.25,8.19,1.000,7.94
2026-05-24T19:52:41,A4-8x8-15hz-sharp0-closest-89cm-blackfoam,53,200,200,892.75,8.03,1.000,7.50
2026-05-24T19:52:41,A4-8x8-15hz-sharp0-closest-89cm-blackfoam,54,200,200,890.03,9.73,1.000,8.53
2026-05-24T19:52:41,A4-8x8-15hz-sharp0-closest-89cm-blackfoam,55,200,200,885.77,12.32,1.000,12.13
2026-05-24T19:52:41,A4-8x8-15hz-sharp0-closest-89cm-blackfoam,56,200,200,923.09,13.19,1.000,11.46
2026-05-24T19:52:41,A4-8x8-15hz-sharp0-closest-89cm-blackfoam,57,200,200,916.64,17.37,1.000,14.49
2026-05-24T19:52:41,A4-8x8-15hz-sharp0-closest-89cm-blackfoam,58,200,200,910.11,9.94,1.000,8.26
2026-05-24T19:52:41,A4-8x8-15hz-sharp0-closest-89cm-blackfoam,59,200,200,904.38,12.05,1.000,11.29
2026-05-24T19:52:41,A4-8x8-15hz-sharp0-closest-89cm-blackfoam,60,200,200,901.45,9.41,1.000,8.99
2026-05-24T19:52:41,A4-8x8-15hz-sharp0-closest-89cm-blackfoam,61,200,200,896.25,9.37,1.000,8.79
2026-05-24T19:52:41,A4-8x8-15hz-sharp0-closest-89cm-blackfoam,62,200,200,897.41,10.66,1.000,8.91
2026-05-24T19:52:41,A4-8x8-15hz-sharp0-closest-89cm-blackfoam,63,200,192,885.28,19.24,0.960,18.60
2026-05-24T19:54:27,A1-8x8-10hz-sharp0-closest-89cm-blackfoam,0,200,200,880.90,7.62,1.000,6.96
2026-05-24T19:54:27,A1-8x8-10hz-sharp0-closest-89cm-blackfoam,1,200,200,877.94,6.10,1.000,6.14
2026-05-24T19:54:27,A1-8x8-10hz-sharp0-closest-89cm-blackfoam,2,200,200,872.33,6.01,1.000,5.39
2026-05-24T19:54:27,A1-8x8-10hz-sharp0-closest-89cm-blackfoam,3,200,200,867.04,6.43,1.000,6.12
2026-05-24T19:54:27,A1-8x8-10hz-sharp0-closest-89cm-blackfoam,4,200,200,863.40,5.21,1.000,4.96
2026-05-24T19:54:27,A1-8x8-10hz-sharp0-closest-89cm-blackfoam,5,200,200,858.45,6.58,1.000,5.62
2026-05-24T19:54:27,A1-8x8-10hz-sharp0-closest-89cm-blackfoam,6,200,200,857.11,6.42,1.000,5.28
2026-05-24T19:54:27,A1-8x8-10hz-sharp0-closest-89cm-blackfoam,7,200,200,852.85,6.68,1.000,6.21
2026-05-24T19:54:27,A1-8x8-10hz-sharp0-closest-89cm-blackfoam,8,200,200,884.25,8.58,1.000,6.75
2026-05-24T19:54:27,A1-8x8-10hz-sharp0-closest-89cm-blackfoam,9,200,200,879.67,5.83,1.000,5.45
2026-05-24T19:54:27,A1-8x8-10hz-sharp0-closest-89cm-blackfoam,10,200,200,876.28,5.70,1.000,5.13
2026-05-24T19:54:27,A1-8x8-10hz-sharp0-closest-89cm-blackfoam,11,200,200,871.99,5.99,1.000,5.08
2026-05-24T19:54:27,A1-8x8-10hz-sharp0-closest-89cm-blackfoam,12,200,200,869.38,6.36,1.000,5.57
2026-05-24T19:54:27,A1-8x8-10hz-sharp0-closest-89cm-blackfoam,13,200,200,864.59,5.23,1.000,4.66
2026-05-24T19:54:27,A1-8x8-10hz-sharp0-closest-89cm-blackfoam,14,200,200,862.65,5.69,1.000,5.39
2026-05-24T19:54:27,A1-8x8-10hz-sharp0-closest-89cm-blackfoam,15,200,200,856.70,5.72,1.000,5.28
2026-05-24T19:54:27,A1-8x8-10hz-sharp0-closest-89cm-blackfoam,16,200,200,888.38,9.12,1.000,8.54
2026-05-24T19:54:27,A1-8x8-10hz-sharp0-closest-89cm-blackfoam,17,200,200,887.27,8.16,1.000,7.47
2026-05-24T19:54:27,A1-8x8-10hz-sharp0-closest-89cm-blackfoam,18,200,200,881.69,6.24,1.000,5.79
2026-05-24T19:54:27,A1-8x8-10hz-sharp0-closest-89cm-blackfoam,19,200,200,877.74,6.89,1.000,6.03
2026-05-24T19:54:27,A1-8x8-10hz-sharp0-closest-89cm-blackfoam,20,200,200,874.27,5.65,1.000,5.08
2026-05-24T19:54:27,A1-8x8-10hz-sharp0-closest-89cm-blackfoam,21,200,200,870.02,6.31,1.000,5.37
2026-05-24T19:54:27,A1-8x8-10hz-sharp0-closest-89cm-blackfoam,22,200,200,865.97,5.81,1.000,5.22
2026-05-24T19:54:27,A1-8x8-10hz-sharp0-closest-89cm-blackfoam,23,200,200,862.52,6.29,1.000,5.57
2026-05-24T19:54:27,A1-8x8-10hz-sharp0-closest-89cm-blackfoam,24,200,200,896.29,7.79,1.000,7.46
2026-05-24T19:54:27,A1-8x8-10hz-sharp0-closest-89cm-blackfoam,25,200,200,891.50,5.85,1.000,5.86
2026-05-24T19:54:27,A1-8x8-10hz-sharp0-closest-89cm-blackfoam,26,200,200,889.81,6.31,1.000,6.23
2026-05-24T19:54:27,A1-8x8-10hz-sharp0-closest-89cm-blackfoam,27,200,200,883.84,6.06,1.000,5.12
2026-05-24T19:54:27,A1-8x8-10hz-sharp0-closest-89cm-blackfoam,28,200,200,881.27,5.84,1.000,5.70
2026-05-24T19:54:27,A1-8x8-10hz-sharp0-closest-89cm-blackfoam,29,200,200,876.07,5.86,1.000,5.40
2026-05-24T19:54:27,A1-8x8-10hz-sharp0-closest-89cm-blackfoam,30,200,200,872.98,6.77,1.000,5.89
2026-05-24T19:54:27,A1-8x8-10hz-sharp0-closest-89cm-blackfoam,31,200,200,867.45,8.00,1.000,6.97
2026-05-24T19:54:27,A1-8x8-10hz-sharp0-closest-89cm-blackfoam,32,200,200,901.61,9.06,1.000,8.19
2026-05-24T19:54:27,A1-8x8-10hz-sharp0-closest-89cm-blackfoam,33,200,200,898.18,6.01,1.000,5.79
2026-05-24T19:54:27,A1-8x8-10hz-sharp0-closest-89cm-blackfoam,34,200,200,893.93,5.21,1.000,5.15
2026-05-24T19:54:27,A1-8x8-10hz-sharp0-closest-89cm-blackfoam,35,200,200,891.58,6.24,1.000,5.71
2026-05-24T19:54:27,A1-8x8-10hz-sharp0-closest-89cm-blackfoam,36,200,200,887.50,6.71,1.000,6.05
2026-05-24T19:54:27,A1-8x8-10hz-sharp0-closest-89cm-blackfoam,37,200,200,883.54,6.21,1.000,5.50
2026-05-24T19:54:27,A1-8x8-10hz-sharp0-closest-89cm-blackfoam,38,200,200,879.18,6.27,1.000,5.67
2026-05-24T19:54:27,A1-8x8-10hz-sharp0-closest-89cm-blackfoam,39,200,200,873.54,7.66,1.000,6.29
2026-05-24T19:54:27,A1-8x8-10hz-sharp0-closest-89cm-blackfoam,40,200,200,907.54,7.48,1.000,6.82
2026-05-24T19:54:27,A1-8x8-10hz-sharp0-closest-89cm-blackfoam,41,200,200,902.98,6.64,1.000,6.21
2026-05-24T19:54:27,A1-8x8-10hz-sharp0-closest-89cm-blackfoam,42,200,200,899.96,6.45,1.000,6.04
2026-05-24T19:54:27,A1-8x8-10hz-sharp0-closest-89cm-blackfoam,43,200,200,895.99,6.91,1.000,6.76
2026-05-24T19:54:27,A1-8x8-10hz-sharp0-closest-89cm-blackfoam,44,200,200,892.68,8.23,1.000,7.17
2026-05-24T19:54:27,A1-8x8-10hz-sharp0-closest-89cm-blackfoam,45,200,200,887.42,6.53,1.000,5.99
2026-05-24T19:54:27,A1-8x8-10hz-sharp0-closest-89cm-blackfoam,46,200,200,883.49,7.10,1.000,6.78
2026-05-24T19:54:27,A1-8x8-10hz-sharp0-closest-89cm-blackfoam,47,200,200,880.62,7.80,1.000,6.87
2026-05-24T19:54:27,A1-8x8-10hz-sharp0-closest-89cm-blackfoam,48,200,200,912.37,9.42,1.000,7.79
2026-05-24T19:54:27,A1-8x8-10hz-sharp0-closest-89cm-blackfoam,49,200,200,908.87,9.63,1.000,9.02
2026-05-24T19:54:27,A1-8x8-10hz-sharp0-closest-89cm-blackfoam,50,200,200,904.32,8.08,1.000,7.50
2026-05-24T19:54:27,A1-8x8-10hz-sharp0-closest-89cm-blackfoam,51,200,200,899.96,8.47,1.000,7.01
2026-05-24T19:54:27,A1-8x8-10hz-sharp0-closest-89cm-blackfoam,52,200,200,895.54,6.86,1.000,6.45
2026-05-24T19:54:27,A1-8x8-10hz-sharp0-closest-89cm-blackfoam,53,200,200,892.86,6.97,1.000,6.00
2026-05-24T19:54:27,A1-8x8-10hz-sharp0-closest-89cm-blackfoam,54,200,200,890.76,7.57,1.000,6.84
2026-05-24T19:54:27,A1-8x8-10hz-sharp0-closest-89cm-blackfoam,55,200,200,885.83,9.56,1.000,9.40
2026-05-24T19:54:27,A1-8x8-10hz-sharp0-closest-89cm-blackfoam,56,200,200,923.77,10.14,1.000,9.11
2026-05-24T19:54:27,A1-8x8-10hz-sharp0-closest-89cm-blackfoam,57,200,200,915.95,12.36,1.000,11.69
2026-05-24T19:54:27,A1-8x8-10hz-sharp0-closest-89cm-blackfoam,58,200,200,910.59,7.90,1.000,6.45
2026-05-24T19:54:27,A1-8x8-10hz-sharp0-closest-89cm-blackfoam,59,200,200,905.55,8.86,1.000,9.05
2026-05-24T19:54:27,A1-8x8-10hz-sharp0-closest-89cm-blackfoam,60,200,200,901.39,7.81,1.000,7.16
2026-05-24T19:54:27,A1-8x8-10hz-sharp0-closest-89cm-blackfoam,61,200,200,896.90,6.79,1.000,6.79
2026-05-24T19:54:27,A1-8x8-10hz-sharp0-closest-89cm-blackfoam,62,200,200,898.77,8.35,1.000,7.16
2026-05-24T19:54:27,A1-8x8-10hz-sharp0-closest-89cm-blackfoam,63,200,200,888.05,15.09,1.000,14.40
2026-05-24T19:55:18,A2-8x8-10hz-sharp5-closest-89cm-blackfoam,0,200,200,879.14,7.56,1.000,6.96
2026-05-24T19:55:18,A2-8x8-10hz-sharp5-closest-89cm-blackfoam,1,200,200,877.25,6.66,1.000,6.16
2026-05-24T19:55:18,A2-8x8-10hz-sharp5-closest-89cm-blackfoam,2,200,200,871.37,6.15,1.000,5.25
2026-05-24T19:55:18,A2-8x8-10hz-sharp5-closest-89cm-blackfoam,3,200,200,867.46,6.73,1.000,6.07
2026-05-24T19:55:18,A2-8x8-10hz-sharp5-closest-89cm-blackfoam,4,200,200,862.84,5.49,1.000,4.93
2026-05-24T19:55:18,A2-8x8-10hz-sharp5-closest-89cm-blackfoam,5,200,200,858.60,6.00,1.000,5.68
2026-05-24T19:55:18,A2-8x8-10hz-sharp5-closest-89cm-blackfoam,6,200,200,856.83,6.12,1.000,5.29
2026-05-24T19:55:18,A2-8x8-10hz-sharp5-closest-89cm-blackfoam,7,200,200,853.27,6.99,1.000,6.21
2026-05-24T19:55:18,A2-8x8-10hz-sharp5-closest-89cm-blackfoam,8,200,200,884.35,8.30,1.000,6.89
2026-05-24T19:55:18,A2-8x8-10hz-sharp5-closest-89cm-blackfoam,9,200,200,880.11,6.43,1.000,5.53
2026-05-24T19:55:18,A2-8x8-10hz-sharp5-closest-89cm-blackfoam,10,200,200,875.67,5.48,1.000,5.07
2026-05-24T19:55:18,A2-8x8-10hz-sharp5-closest-89cm-blackfoam,11,200,200,873.03,5.77,1.000,5.05
2026-05-24T19:55:18,A2-8x8-10hz-sharp5-closest-89cm-blackfoam,12,200,200,869.30,6.58,1.000,5.58
2026-05-24T19:55:18,A2-8x8-10hz-sharp5-closest-89cm-blackfoam,13,200,200,864.17,4.99,1.000,4.65
2026-05-24T19:55:18,A2-8x8-10hz-sharp5-closest-89cm-blackfoam,14,200,200,862.10,5.24,1.000,5.35
2026-05-24T19:55:18,A2-8x8-10hz-sharp5-closest-89cm-blackfoam,15,200,200,856.90,6.67,1.000,5.34
2026-05-24T19:55:18,A2-8x8-10hz-sharp5-closest-89cm-blackfoam,16,200,200,888.87,8.85,1.000,8.71
2026-05-24T19:55:18,A2-8x8-10hz-sharp5-closest-89cm-blackfoam,17,200,200,886.99,8.34,1.000,7.41
2026-05-24T19:55:18,A2-8x8-10hz-sharp5-closest-89cm-blackfoam,18,200,200,880.61,6.34,1.000,5.68
2026-05-24T19:55:18,A2-8x8-10hz-sharp5-closest-89cm-blackfoam,19,200,200,879.17,7.09,1.000,5.99
2026-05-24T19:55:18,A2-8x8-10hz-sharp5-closest-89cm-blackfoam,20,200,200,873.66,5.33,1.000,5.04
2026-05-24T19:55:18,A2-8x8-10hz-sharp5-closest-89cm-blackfoam,21,200,200,869.64,5.63,1.000,5.38
2026-05-24T19:55:18,A2-8x8-10hz-sharp5-closest-89cm-blackfoam,22,200,200,866.47,5.94,1.000,5.28
2026-05-24T19:55:18,A2-8x8-10hz-sharp5-closest-89cm-blackfoam,23,200,200,862.90,6.15,1.000,5.58
2026-05-24T19:55:18,A2-8x8-10hz-sharp5-closest-89cm-blackfoam,24,200,200,895.36,7.22,1.000,7.33
2026-05-24T19:55:18,A2-8x8-10hz-sharp5-closest-89cm-blackfoam,25,200,200,890.94,6.09,1.000,5.79
2026-05-24T19:55:18,A2-8x8-10hz-sharp5-closest-89cm-blackfoam,26,200,200,888.22,6.74,1.000,6.32
2026-05-24T19:55:18,A2-8x8-10hz-sharp5-closest-89cm-blackfoam,27,200,200,884.32,5.40,1.000,5.09
2026-05-24T19:55:18,A2-8x8-10hz-sharp5-closest-89cm-blackfoam,28,200,200,880.27,5.22,1.000,5.63
2026-05-24T19:55:18,A2-8x8-10hz-sharp5-closest-89cm-blackfoam,29,200,200,876.02,6.20,1.000,5.28
2026-05-24T19:55:18,A2-8x8-10hz-sharp5-closest-89cm-blackfoam,30,200,200,871.78,6.51,1.000,5.91
2026-05-24T19:55:18,A2-8x8-10hz-sharp5-closest-89cm-blackfoam,31,200,200,866.73,7.83,1.000,6.95
2026-05-24T19:55:18,A2-8x8-10hz-sharp5-closest-89cm-blackfoam,32,200,200,901.26,8.96,1.000,8.42
2026-05-24T19:55:18,A2-8x8-10hz-sharp5-closest-89cm-blackfoam,33,200,200,898.54,6.16,1.000,5.76
2026-05-24T19:55:18,A2-8x8-10hz-sharp5-closest-89cm-blackfoam,34,200,200,893.75,5.56,1.000,5.09
2026-05-24T19:55:18,A2-8x8-10hz-sharp5-closest-89cm-blackfoam,35,200,200,890.83,6.50,1.000,5.72
2026-05-24T19:55:18,A2-8x8-10hz-sharp5-closest-89cm-blackfoam,36,200,200,886.36,6.61,1.000,6.18
2026-05-24T19:55:18,A2-8x8-10hz-sharp5-closest-89cm-blackfoam,37,200,200,882.77,6.91,1.000,5.53
2026-05-24T19:55:18,A2-8x8-10hz-sharp5-closest-89cm-blackfoam,38,200,200,879.12,5.95,1.000,5.63
2026-05-24T19:55:18,A2-8x8-10hz-sharp5-closest-89cm-blackfoam,39,200,200,874.15,6.68,1.000,6.24
2026-05-24T19:55:18,A2-8x8-10hz-sharp5-closest-89cm-blackfoam,40,200,200,908.37,7.87,1.000,6.80
2026-05-24T19:55:18,A2-8x8-10hz-sharp5-closest-89cm-blackfoam,41,200,200,902.89,7.16,1.000,6.17
2026-05-24T19:55:18,A2-8x8-10hz-sharp5-closest-89cm-blackfoam,42,200,200,900.55,6.72,1.000,6.06
2026-05-24T19:55:18,A2-8x8-10hz-sharp5-closest-89cm-blackfoam,43,200,200,896.65,7.23,1.000,6.74
2026-05-24T19:55:18,A2-8x8-10hz-sharp5-closest-89cm-blackfoam,44,200,200,892.43,7.46,1.000,6.98
2026-05-24T19:55:18,A2-8x8-10hz-sharp5-closest-89cm-blackfoam,45,200,200,887.72,7.10,1.000,6.02
2026-05-24T19:55:18,A2-8x8-10hz-sharp5-closest-89cm-blackfoam,46,200,200,883.97,7.11,1.000,6.83
2026-05-24T19:55:18,A2-8x8-10hz-sharp5-closest-89cm-blackfoam,47,200,200,880.13,7.18,1.000,6.97
2026-05-24T19:55:18,A2-8x8-10hz-sharp5-closest-89cm-blackfoam,48,200,200,911.13,8.67,1.000,7.82
2026-05-24T19:55:18,A2-8x8-10hz-sharp5-closest-89cm-blackfoam,49,200,200,908.59,10.21,1.000,9.07
2026-05-24T19:55:18,A2-8x8-10hz-sharp5-closest-89cm-blackfoam,50,200,200,904.05,8.99,1.000,7.54
2026-05-24T19:55:18,A2-8x8-10hz-sharp5-closest-89cm-blackfoam,51,200,200,899.42,7.63,1.000,6.97
2026-05-24T19:55:18,A2-8x8-10hz-sharp5-closest-89cm-blackfoam,52,200,200,895.24,6.48,1.000,6.46
2026-05-24T19:55:18,A2-8x8-10hz-sharp5-closest-89cm-blackfoam,53,200,200,892.03,6.86,1.000,5.99
2026-05-24T19:55:18,A2-8x8-10hz-sharp5-closest-89cm-blackfoam,54,200,200,890.73,7.39,1.000,6.80
2026-05-24T19:55:18,A2-8x8-10hz-sharp5-closest-89cm-blackfoam,55,200,200,884.73,10.03,1.000,9.22
2026-05-24T19:55:18,A2-8x8-10hz-sharp5-closest-89cm-blackfoam,56,200,200,924.22,10.25,1.000,9.18
2026-05-24T19:55:18,A2-8x8-10hz-sharp5-closest-89cm-blackfoam,57,200,200,916.06,14.35,1.000,11.81
2026-05-24T19:55:18,A2-8x8-10hz-sharp5-closest-89cm-blackfoam,58,200,200,909.32,7.51,1.000,6.50
2026-05-24T19:55:18,A2-8x8-10hz-sharp5-closest-89cm-blackfoam,59,200,200,906.68,9.27,1.000,8.90
2026-05-24T19:55:18,A2-8x8-10hz-sharp5-closest-89cm-blackfoam,60,200,200,900.56,8.29,1.000,7.08
2026-05-24T19:55:18,A2-8x8-10hz-sharp5-closest-89cm-blackfoam,61,200,200,896.82,7.91,1.000,6.76
2026-05-24T19:55:18,A2-8x8-10hz-sharp5-closest-89cm-blackfoam,62,200,200,899.77,7.95,1.000,7.12
2026-05-24T19:55:18,A2-8x8-10hz-sharp5-closest-89cm-blackfoam,63,200,200,888.10,14.73,1.000,15.03
2026-05-24T19:56:10,A3-8x8-10hz-sharp20-closest-89cm-blackfoam,0,200,200,880.25,7.95,1.000,6.83
2026-05-24T19:56:10,A3-8x8-10hz-sharp20-closest-89cm-blackfoam,1,200,200,878.00,7.27,1.000,6.05
2026-05-24T19:56:10,A3-8x8-10hz-sharp20-closest-89cm-blackfoam,2,200,200,872.60,5.74,1.000,5.21
2026-05-24T19:56:10,A3-8x8-10hz-sharp20-closest-89cm-blackfoam,3,200,200,868.22,7.06,1.000,6.17
2026-05-24T19:56:10,A3-8x8-10hz-sharp20-closest-89cm-blackfoam,4,200,200,864.61,5.35,1.000,4.92
2026-05-24T19:56:10,A3-8x8-10hz-sharp20-closest-89cm-blackfoam,5,200,200,860.24,6.20,1.000,5.68
2026-05-24T19:56:10,A3-8x8-10hz-sharp20-closest-89cm-blackfoam,6,200,200,858.36,6.22,1.000,5.22
2026-05-24T19:56:10,A3-8x8-10hz-sharp20-closest-89cm-blackfoam,7,200,200,854.11,6.50,1.000,6.10
2026-05-24T19:56:10,A3-8x8-10hz-sharp20-closest-89cm-blackfoam,8,200,200,886.66,7.33,1.000,6.76
2026-05-24T19:56:10,A3-8x8-10hz-sharp20-closest-89cm-blackfoam,9,200,200,880.68,6.56,1.000,5.47
2026-05-24T19:56:10,A3-8x8-10hz-sharp20-closest-89cm-blackfoam,10,200,200,877.37,5.60,1.000,5.09
2026-05-24T19:56:10,A3-8x8-10hz-sharp20-closest-89cm-blackfoam,11,200,200,873.78,5.20,1.000,5.08
2026-05-24T19:56:10,A3-8x8-10hz-sharp20-closest-89cm-blackfoam,12,200,200,870.06,6.52,1.000,5.56
2026-05-24T19:56:10,A3-8x8-10hz-sharp20-closest-89cm-blackfoam,13,200,200,865.27,5.30,1.000,4.59
2026-05-24T19:56:10,A3-8x8-10hz-sharp20-closest-89cm-blackfoam,14,200,200,862.82,5.72,1.000,5.33
2026-05-24T19:56:10,A3-8x8-10hz-sharp20-closest-89cm-blackfoam,15,200,200,856.75,6.68,1.000,5.33
2026-05-24T19:56:10,A3-8x8-10hz-sharp20-closest-89cm-blackfoam,16,200,200,889.99,8.92,1.000,8.61
2026-05-24T19:56:10,A3-8x8-10hz-sharp20-closest-89cm-blackfoam,17,200,200,888.57,8.37,1.000,7.56
2026-05-24T19:56:10,A3-8x8-10hz-sharp20-closest-89cm-blackfoam,18,200,200,882.74,6.62,1.000,5.88
2026-05-24T19:56:10,A3-8x8-10hz-sharp20-closest-89cm-blackfoam,19,200,200,878.94,7.22,1.000,6.10
2026-05-24T19:56:10,A3-8x8-10hz-sharp20-closest-89cm-blackfoam,20,200,200,874.46,5.59,1.000,5.00
2026-05-24T19:56:10,A3-8x8-10hz-sharp20-closest-89cm-blackfoam,21,200,200,870.90,6.40,1.000,5.42
2026-05-24T19:56:10,A3-8x8-10hz-sharp20-closest-89cm-blackfoam,22,200,200,867.35,6.04,1.000,5.22
2026-05-24T19:56:10,A3-8x8-10hz-sharp20-closest-89cm-blackfoam,23,200,200,862.42,6.89,1.000,5.62
2026-05-24T19:56:10,A3-8x8-10hz-sharp20-closest-89cm-blackfoam,24,200,200,896.25,7.96,1.000,7.31
2026-05-24T19:56:10,A3-8x8-10hz-sharp20-closest-89cm-blackfoam,25,200,200,892.43,6.18,1.000,5.90
2026-05-24T19:56:10,A3-8x8-10hz-sharp20-closest-89cm-blackfoam,26,200,200,889.24,7.40,1.000,6.33
2026-05-24T19:56:10,A3-8x8-10hz-sharp20-closest-89cm-blackfoam,27,200,200,884.42,5.67,1.000,5.12
2026-05-24T19:56:10,A3-8x8-10hz-sharp20-closest-89cm-blackfoam,28,200,200,880.88,4.92,1.000,5.64
2026-05-24T19:56:10,A3-8x8-10hz-sharp20-closest-89cm-blackfoam,29,200,200,877.45,6.14,1.000,5.31
2026-05-24T19:56:10,A3-8x8-10hz-sharp20-closest-89cm-blackfoam,30,200,200,873.47,6.37,1.000,5.87
2026-05-24T19:56:10,A3-8x8-10hz-sharp20-closest-89cm-blackfoam,31,200,200,868.55,7.23,1.000,7.11
2026-05-24T19:56:10,A3-8x8-10hz-sharp20-closest-89cm-blackfoam,32,200,200,902.93,9.06,1.000,8.37
2026-05-24T19:56:10,A3-8x8-10hz-sharp20-closest-89cm-blackfoam,33,200,200,898.57,6.36,1.000,5.72
2026-05-24T19:56:10,A3-8x8-10hz-sharp20-closest-89cm-blackfoam,34,200,200,895.11,5.70,1.000,5.13
2026-05-24T19:56:10,A3-8x8-10hz-sharp20-closest-89cm-blackfoam,35,200,200,892.10,6.94,1.000,5.76
2026-05-24T19:56:10,A3-8x8-10hz-sharp20-closest-89cm-blackfoam,36,200,200,888.66,6.68,1.000,6.14
2026-05-24T19:56:10,A3-8x8-10hz-sharp20-closest-89cm-blackfoam,37,200,200,883.23,6.58,1.000,5.52
2026-05-24T19:56:10,A3-8x8-10hz-sharp20-closest-89cm-blackfoam,38,200,200,878.79,6.66,1.000,5.65
2026-05-24T19:56:10,A3-8x8-10hz-sharp20-closest-89cm-blackfoam,39,200,200,874.26,6.93,1.000,6.22
2026-05-24T19:56:10,A3-8x8-10hz-sharp20-closest-89cm-blackfoam,40,200,200,907.67,7.37,1.000,6.83
2026-05-24T19:56:10,A3-8x8-10hz-sharp20-closest-89cm-blackfoam,41,200,200,903.82,7.04,1.000,6.17
2026-05-24T19:56:10,A3-8x8-10hz-sharp20-closest-89cm-blackfoam,42,200,200,901.39,6.92,1.000,6.00
2026-05-24T19:56:10,A3-8x8-10hz-sharp20-closest-89cm-blackfoam,43,200,200,897.03,7.28,1.000,6.60
2026-05-24T19:56:10,A3-8x8-10hz-sharp20-closest-89cm-blackfoam,44,200,200,893.18,7.22,1.000,7.08
2026-05-24T19:56:10,A3-8x8-10hz-sharp20-closest-89cm-blackfoam,45,200,200,888.85,6.20,1.000,6.05
2026-05-24T19:56:10,A3-8x8-10hz-sharp20-closest-89cm-blackfoam,46,200,200,885.53,7.51,1.000,6.83
2026-05-24T19:56:10,A3-8x8-10hz-sharp20-closest-89cm-blackfoam,47,200,200,881.48,7.86,1.000,6.96
2026-05-24T19:56:10,A3-8x8-10hz-sharp20-closest-89cm-blackfoam,48,200,200,912.71,8.33,1.000,7.92
2026-05-24T19:56:10,A3-8x8-10hz-sharp20-closest-89cm-blackfoam,49,200,200,910.13,9.83,1.000,8.95
2026-05-24T19:56:10,A3-8x8-10hz-sharp20-closest-89cm-blackfoam,50,200,200,905.39,9.04,1.000,7.58
2026-05-24T19:56:10,A3-8x8-10hz-sharp20-closest-89cm-blackfoam,51,200,200,900.89,7.53,1.000,6.99
2026-05-24T19:56:10,A3-8x8-10hz-sharp20-closest-89cm-blackfoam,52,200,200,896.85,7.08,1.000,6.41
2026-05-24T19:56:10,A3-8x8-10hz-sharp20-closest-89cm-blackfoam,53,200,200,893.11,6.24,1.000,5.98
2026-05-24T19:56:10,A3-8x8-10hz-sharp20-closest-89cm-blackfoam,54,200,200,890.46,7.19,1.000,6.76
2026-05-24T19:56:10,A3-8x8-10hz-sharp20-closest-89cm-blackfoam,55,200,200,886.01,9.88,1.000,9.11
2026-05-24T19:56:10,A3-8x8-10hz-sharp20-closest-89cm-blackfoam,56,200,200,925.27,9.54,1.000,8.97
2026-05-24T19:56:10,A3-8x8-10hz-sharp20-closest-89cm-blackfoam,57,200,200,916.64,11.05,1.000,11.80
2026-05-24T19:56:10,A3-8x8-10hz-sharp20-closest-89cm-blackfoam,58,200,200,910.39,7.04,1.000,6.53
2026-05-24T19:56:10,A3-8x8-10hz-sharp20-closest-89cm-blackfoam,59,200,200,906.61,9.06,1.000,8.91
2026-05-24T19:56:10,A3-8x8-10hz-sharp20-closest-89cm-blackfoam,60,200,200,901.79,7.96,1.000,7.17
2026-05-24T19:56:10,A3-8x8-10hz-sharp20-closest-89cm-blackfoam,61,200,200,897.07,7.45,1.000,6.75
2026-05-24T19:56:10,A3-8x8-10hz-sharp20-closest-89cm-blackfoam,62,200,200,898.92,8.31,1.000,7.16
2026-05-24T19:56:10,A3-8x8-10hz-sharp20-closest-89cm-blackfoam,63,200,200,887.27,14.72,1.000,14.73
2026-05-24T19:56:54,A4-8x8-15hz-sharp0-closest-89cm-blackfoam,0,200,200,879.13,9.03,1.000,8.63
2026-05-24T19:56:54,A4-8x8-15hz-sharp0-closest-89cm-blackfoam,1,200,200,877.87,8.04,1.000,7.51
2026-05-24T19:56:54,A4-8x8-15hz-sharp0-closest-89cm-blackfoam,2,200,200,872.30,7.13,1.000,6.57
2026-05-24T19:56:54,A4-8x8-15hz-sharp0-closest-89cm-blackfoam,3,200,200,866.97,8.42,1.000,7.76
2026-05-24T19:56:54,A4-8x8-15hz-sharp0-closest-89cm-blackfoam,4,200,200,862.46,6.02,1.000,6.09
2026-05-24T19:56:54,A4-8x8-15hz-sharp0-closest-89cm-blackfoam,5,200,200,860.64,7.95,1.000,6.99
2026-05-24T19:56:54,A4-8x8-15hz-sharp0-closest-89cm-blackfoam,6,200,200,856.96,6.78,1.000,6.61
2026-05-24T19:56:54,A4-8x8-15hz-sharp0-closest-89cm-blackfoam,7,200,200,853.18,9.18,1.000,7.83
2026-05-24T19:56:54,A4-8x8-15hz-sharp0-closest-89cm-blackfoam,8,200,200,886.93,9.46,1.000,8.65
2026-05-24T19:56:54,A4-8x8-15hz-sharp0-closest-89cm-blackfoam,9,200,200,879.85,7.54,1.000,6.98
2026-05-24T19:56:54,A4-8x8-15hz-sharp0-closest-89cm-blackfoam,10,200,200,877.14,6.27,1.000,6.42
2026-05-24T19:56:54,A4-8x8-15hz-sharp0-closest-89cm-blackfoam,11,200,200,871.41,7.03,1.000,6.28
2026-05-24T19:56:54,A4-8x8-15hz-sharp0-closest-89cm-blackfoam,12,200,200,869.46,7.40,1.000,6.98
2026-05-24T19:56:54,A4-8x8-15hz-sharp0-closest-89cm-blackfoam,13,200,200,864.09,6.50,1.000,5.76
2026-05-24T19:56:54,A4-8x8-15hz-sharp0-closest-89cm-blackfoam,14,200,200,861.67,6.68,1.000,6.53
2026-05-24T19:56:54,A4-8x8-15hz-sharp0-closest-89cm-blackfoam,15,200,200,856.97,7.66,1.000,6.87
2026-05-24T19:56:54,A4-8x8-15hz-sharp0-closest-89cm-blackfoam,16,200,200,888.93,11.59,1.000,10.85
2026-05-24T19:56:54,A4-8x8-15hz-sharp0-closest-89cm-blackfoam,17,200,200,886.13,10.18,1.000,9.13
2026-05-24T19:56:54,A4-8x8-15hz-sharp0-closest-89cm-blackfoam,18,200,200,881.62,8.12,1.000,7.34
2026-05-24T19:56:54,A4-8x8-15hz-sharp0-closest-89cm-blackfoam,19,200,200,878.48,7.75,1.000,7.58
2026-05-24T19:56:54,A4-8x8-15hz-sharp0-closest-89cm-blackfoam,20,200,200,873.97,6.54,1.000,6.31
2026-05-24T19:56:54,A4-8x8-15hz-sharp0-closest-89cm-blackfoam,21,200,200,869.49,7.14,1.000,6.72
2026-05-24T19:56:54,A4-8x8-15hz-sharp0-closest-89cm-blackfoam,22,200,200,866.98,7.32,1.000,6.64
2026-05-24T19:56:54,A4-8x8-15hz-sharp0-closest-89cm-blackfoam,23,200,200,862.32,7.16,1.000,7.04
2026-05-24T19:56:54,A4-8x8-15hz-sharp0-closest-89cm-blackfoam,24,200,200,896.12,10.82,1.000,9.19
2026-05-24T19:56:54,A4-8x8-15hz-sharp0-closest-89cm-blackfoam,25,200,200,890.92,7.37,1.000,7.22
2026-05-24T19:56:54,A4-8x8-15hz-sharp0-closest-89cm-blackfoam,26,200,200,887.78,8.71,1.000,8.09
2026-05-24T19:56:54,A4-8x8-15hz-sharp0-closest-89cm-blackfoam,27,200,200,883.27,6.73,1.000,6.25
2026-05-24T19:56:54,A4-8x8-15hz-sharp0-closest-89cm-blackfoam,28,200,200,880.77,7.36,1.000,6.93
2026-05-24T19:56:54,A4-8x8-15hz-sharp0-closest-89cm-blackfoam,29,200,200,875.68,7.17,1.000,6.72
2026-05-24T19:56:54,A4-8x8-15hz-sharp0-closest-89cm-blackfoam,30,200,200,872.37,9.10,1.000,7.30
2026-05-24T19:56:54,A4-8x8-15hz-sharp0-closest-89cm-blackfoam,31,200,200,868.21,9.90,1.000,8.73
2026-05-24T19:56:54,A4-8x8-15hz-sharp0-closest-89cm-blackfoam,32,200,200,901.02,10.58,1.000,10.19
2026-05-24T19:56:54,A4-8x8-15hz-sharp0-closest-89cm-blackfoam,33,200,200,897.61,7.02,1.000,7.05
2026-05-24T19:56:54,A4-8x8-15hz-sharp0-closest-89cm-blackfoam,34,200,200,892.67,7.09,1.000,6.54
2026-05-24T19:56:54,A4-8x8-15hz-sharp0-closest-89cm-blackfoam,35,200,200,891.18,7.82,1.000,7.31
2026-05-24T19:56:54,A4-8x8-15hz-sharp0-closest-89cm-blackfoam,36,200,200,887.33,8.47,1.000,7.83
2026-05-24T19:56:54,A4-8x8-15hz-sharp0-closest-89cm-blackfoam,37,200,200,882.99,7.80,1.000,7.05
2026-05-24T19:56:54,A4-8x8-15hz-sharp0-closest-89cm-blackfoam,38,200,200,879.38,8.69,1.000,7.21
2026-05-24T19:56:54,A4-8x8-15hz-sharp0-closest-89cm-blackfoam,39,200,200,873.66,8.20,1.000,7.88
2026-05-24T19:56:54,A4-8x8-15hz-sharp0-closest-89cm-blackfoam,40,200,200,907.82,8.08,1.000,8.60
2026-05-24T19:56:54,A4-8x8-15hz-sharp0-closest-89cm-blackfoam,41,200,200,902.28,8.62,1.000,7.91
2026-05-24T19:56:54,A4-8x8-15hz-sharp0-closest-89cm-blackfoam,42,200,200,899.96,7.91,1.000,7.55
2026-05-24T19:56:54,A4-8x8-15hz-sharp0-closest-89cm-blackfoam,43,200,200,896.37,9.01,1.000,8.44
2026-05-24T19:56:54,A4-8x8-15hz-sharp0-closest-89cm-blackfoam,44,200,200,893.84,9.83,1.000,9.01
2026-05-24T19:56:54,A4-8x8-15hz-sharp0-closest-89cm-blackfoam,45,200,200,887.46,8.42,1.000,7.44
2026-05-24T19:56:54,A4-8x8-15hz-sharp0-closest-89cm-blackfoam,46,200,200,884.75,9.55,1.000,8.44
2026-05-24T19:56:54,A4-8x8-15hz-sharp0-closest-89cm-blackfoam,47,200,200,880.93,9.05,1.000,8.78
2026-05-24T19:56:54,A4-8x8-15hz-sharp0-closest-89cm-blackfoam,48,200,200,911.80,10.83,1.000,9.77
2026-05-24T19:56:54,A4-8x8-15hz-sharp0-closest-89cm-blackfoam,49,200,200,909.74,12.84,1.000,11.47
2026-05-24T19:56:54,A4-8x8-15hz-sharp0-closest-89cm-blackfoam,50,200,200,903.12,10.51,1.000,9.22
2026-05-24T19:56:54,A4-8x8-15hz-sharp0-closest-89cm-blackfoam,51,200,200,899.35,10.06,1.000,8.79
2026-05-24T19:56:54,A4-8x8-15hz-sharp0-closest-89cm-blackfoam,52,200,200,896.29,7.95,1.000,7.98
2026-05-24T19:56:54,A4-8x8-15hz-sharp0-closest-89cm-blackfoam,53,200,200,892.39,8.10,1.000,7.61
2026-05-24T19:56:54,A4-8x8-15hz-sharp0-closest-89cm-blackfoam,54,200,200,889.61,10.03,1.000,8.41
2026-05-24T19:56:54,A4-8x8-15hz-sharp0-closest-89cm-blackfoam,55,200,200,886.92,12.78,1.000,11.61
2026-05-24T19:56:54,A4-8x8-15hz-sharp0-closest-89cm-blackfoam,56,200,200,925.29,13.19,1.000,11.12
2026-05-24T19:56:54,A4-8x8-15hz-sharp0-closest-89cm-blackfoam,57,200,200,918.12,14.69,1.000,15.05
2026-05-24T19:56:54,A4-8x8-15hz-sharp0-closest-89cm-blackfoam,58,200,200,909.35,9.25,1.000,8.05
2026-05-24T19:56:54,A4-8x8-15hz-sharp0-closest-89cm-blackfoam,59,200,200,905.63,12.48,1.000,11.40
2026-05-24T19:56:54,A4-8x8-15hz-sharp0-closest-89cm-blackfoam,60,200,200,901.75,9.78,1.000,8.99
2026-05-24T19:56:54,A4-8x8-15hz-sharp0-closest-89cm-blackfoam,61,200,200,896.12,9.39,1.000,8.40
2026-05-24T19:56:54,A4-8x8-15hz-sharp0-closest-89cm-blackfoam,62,200,200,898.50,11.13,1.000,9.03
2026-05-24T19:56:54,A4-8x8-15hz-sharp0-closest-89cm-blackfoam,63,200,192,886.86,20.82,0.960,18.57
2026-05-24T19:58:01,A5-8x8-15hz-sharp5-closest-89cm-blackfoam,0,200,200,879.97,9.09,1.000,8.78
2026-05-24T19:58:01,A5-8x8-15hz-sharp5-closest-89cm-blackfoam,1,200,200,878.13,8.56,1.000,7.42
2026-05-24T19:58:01,A5-8x8-15hz-sharp5-closest-89cm-blackfoam,2,200,200,871.59,6.55,1.000,6.70
2026-05-24T19:58:01,A5-8x8-15hz-sharp5-closest-89cm-blackfoam,3,200,200,866.92,7.55,1.000,7.77
2026-05-24T19:58:01,A5-8x8-15hz-sharp5-closest-89cm-blackfoam,4,200,200,863.57,6.59,1.000,6.22
2026-05-24T19:58:01,A5-8x8-15hz-sharp5-closest-89cm-blackfoam,5,200,200,860.66,6.98,1.000,6.92
2026-05-24T19:58:01,A5-8x8-15hz-sharp5-closest-89cm-blackfoam,6,200,200,856.42,7.40,1.000,6.68
2026-05-24T19:58:01,A5-8x8-15hz-sharp5-closest-89cm-blackfoam,7,200,200,853.26,9.24,1.000,7.74
2026-05-24T19:58:01,A5-8x8-15hz-sharp5-closest-89cm-blackfoam,8,200,200,884.89,10.16,1.000,8.59
2026-05-24T19:58:01,A5-8x8-15hz-sharp5-closest-89cm-blackfoam,9,200,200,879.33,7.88,1.000,6.88
2026-05-24T19:58:01,A5-8x8-15hz-sharp5-closest-89cm-blackfoam,10,200,200,876.96,6.73,1.000,6.36
2026-05-24T19:58:01,A5-8x8-15hz-sharp5-closest-89cm-blackfoam,11,200,200,871.84,7.15,1.000,6.34
2026-05-24T19:58:01,A5-8x8-15hz-sharp5-closest-89cm-blackfoam,12,200,200,868.80,7.82,1.000,6.98
2026-05-24T19:58:01,A5-8x8-15hz-sharp5-closest-89cm-blackfoam,13,200,200,863.85,6.74,1.000,5.84
2026-05-24T19:58:01,A5-8x8-15hz-sharp5-closest-89cm-blackfoam,14,200,200,861.21,7.08,1.000,6.63
2026-05-24T19:58:01,A5-8x8-15hz-sharp5-closest-89cm-blackfoam,15,200,200,855.72,7.92,1.000,6.84
2026-05-24T19:58:01,A5-8x8-15hz-sharp5-closest-89cm-blackfoam,16,200,200,889.12,10.90,1.000,10.79
2026-05-24T19:58:01,A5-8x8-15hz-sharp5-closest-89cm-blackfoam,17,200,200,887.10,10.04,1.000,9.15
2026-05-24T19:58:01,A5-8x8-15hz-sharp5-closest-89cm-blackfoam,18,200,200,881.36,7.80,1.000,7.21
2026-05-24T19:58:01,A5-8x8-15hz-sharp5-closest-89cm-blackfoam,19,200,200,879.17,8.50,1.000,7.58
2026-05-24T19:58:01,A5-8x8-15hz-sharp5-closest-89cm-blackfoam,20,200,200,873.47,6.49,1.000,6.39
2026-05-24T19:58:01,A5-8x8-15hz-sharp5-closest-89cm-blackfoam,21,200,200,869.74,7.27,1.000,6.89
2026-05-24T19:58:01,A5-8x8-15hz-sharp5-closest-89cm-blackfoam,22,200,200,866.50,7.63,1.000,6.58
2026-05-24T19:58:01,A5-8x8-15hz-sharp5-closest-89cm-blackfoam,23,200,200,862.87,8.71,1.000,7.09
2026-05-24T19:58:01,A5-8x8-15hz-sharp5-closest-89cm-blackfoam,24,200,200,895.86,9.34,1.000,9.33
2026-05-24T19:58:01,A5-8x8-15hz-sharp5-closest-89cm-blackfoam,25,200,200,890.86,8.34,1.000,7.29
2026-05-24T19:58:01,A5-8x8-15hz-sharp5-closest-89cm-blackfoam,26,200,200,887.57,9.10,1.000,7.91
2026-05-24T19:58:01,A5-8x8-15hz-sharp5-closest-89cm-blackfoam,27,200,200,883.54,6.81,1.000,6.26
2026-05-24T19:58:01,A5-8x8-15hz-sharp5-closest-89cm-blackfoam,28,200,200,881.18,7.06,1.000,7.01
2026-05-24T19:58:01,A5-8x8-15hz-sharp5-closest-89cm-blackfoam,29,200,200,875.92,7.53,1.000,6.85
2026-05-24T19:58:01,A5-8x8-15hz-sharp5-closest-89cm-blackfoam,30,200,200,872.42,7.66,1.000,7.33
2026-05-24T19:58:01,A5-8x8-15hz-sharp5-closest-89cm-blackfoam,31,200,200,866.99,9.36,1.000,8.56
2026-05-24T19:58:01,A5-8x8-15hz-sharp5-closest-89cm-blackfoam,32,200,200,901.04,11.18,1.000,10.40
2026-05-24T19:58:01,A5-8x8-15hz-sharp5-closest-89cm-blackfoam,33,200,200,897.22,8.15,1.000,7.07
2026-05-24T19:58:01,A5-8x8-15hz-sharp5-closest-89cm-blackfoam,34,200,200,894.32,7.20,1.000,6.54
2026-05-24T19:58:01,A5-8x8-15hz-sharp5-closest-89cm-blackfoam,35,200,200,890.66,8.78,1.000,7.19
2026-05-24T19:58:01,A5-8x8-15hz-sharp5-closest-89cm-blackfoam,36,200,200,887.37,7.93,1.000,7.83
2026-05-24T19:58:01,A5-8x8-15hz-sharp5-closest-89cm-blackfoam,37,200,200,882.68,7.71,1.000,7.03
2026-05-24T19:58:01,A5-8x8-15hz-sharp5-closest-89cm-blackfoam,38,200,200,877.86,7.32,1.000,6.97
2026-05-24T19:58:01,A5-8x8-15hz-sharp5-closest-89cm-blackfoam,39,200,200,873.82,8.55,1.000,7.90
2026-05-24T19:58:01,A5-8x8-15hz-sharp5-closest-89cm-blackfoam,40,200,200,908.01,9.16,1.000,8.47
2026-05-24T19:58:01,A5-8x8-15hz-sharp5-closest-89cm-blackfoam,41,200,200,903.51,8.70,1.000,7.97
2026-05-24T19:58:01,A5-8x8-15hz-sharp5-closest-89cm-blackfoam,42,200,200,899.88,8.31,1.000,7.46
2026-05-24T19:58:01,A5-8x8-15hz-sharp5-closest-89cm-blackfoam,43,200,200,897.03,9.74,1.000,8.37
2026-05-24T19:58:01,A5-8x8-15hz-sharp5-closest-89cm-blackfoam,44,200,200,893.71,9.64,1.000,9.11
2026-05-24T19:58:01,A5-8x8-15hz-sharp5-closest-89cm-blackfoam,45,200,200,888.00,8.71,1.000,7.54
2026-05-24T19:58:01,A5-8x8-15hz-sharp5-closest-89cm-blackfoam,46,200,200,885.38,8.50,1.000,8.40
2026-05-24T19:58:01,A5-8x8-15hz-sharp5-closest-89cm-blackfoam,47,200,200,879.86,9.64,1.000,8.81
2026-05-24T19:58:01,A5-8x8-15hz-sharp5-closest-89cm-blackfoam,48,200,200,911.12,10.61,1.000,9.87
2026-05-24T19:58:01,A5-8x8-15hz-sharp5-closest-89cm-blackfoam,49,200,200,910.11,11.20,1.000,11.51
2026-05-24T19:58:01,A5-8x8-15hz-sharp5-closest-89cm-blackfoam,50,200,200,904.96,10.41,1.000,9.29
2026-05-24T19:58:01,A5-8x8-15hz-sharp5-closest-89cm-blackfoam,51,200,200,899.61,9.64,1.000,9.01
2026-05-24T19:58:01,A5-8x8-15hz-sharp5-closest-89cm-blackfoam,52,200,200,896.09,8.70,1.000,7.89
2026-05-24T19:58:01,A5-8x8-15hz-sharp5-closest-89cm-blackfoam,53,200,200,891.84,8.52,1.000,7.31
2026-05-24T19:58:01,A5-8x8-15hz-sharp5-closest-89cm-blackfoam,54,200,200,890.24,9.27,1.000,8.54
2026-05-24T19:58:01,A5-8x8-15hz-sharp5-closest-89cm-blackfoam,55,200,200,882.93,13.40,1.000,11.71
2026-05-24T19:58:01,A5-8x8-15hz-sharp5-closest-89cm-blackfoam,56,200,200,922.84,12.28,1.000,11.04
2026-05-24T19:58:01,A5-8x8-15hz-sharp5-closest-89cm-blackfoam,57,200,200,917.64,16.17,1.000,14.65
2026-05-24T19:58:01,A5-8x8-15hz-sharp5-closest-89cm-blackfoam,58,200,200,910.62,9.61,1.000,8.25
2026-05-24T19:58:01,A5-8x8-15hz-sharp5-closest-89cm-blackfoam,59,200,200,906.34,11.45,1.000,11.23
2026-05-24T19:58:01,A5-8x8-15hz-sharp5-closest-89cm-blackfoam,60,200,200,902.39,9.71,1.000,9.05
2026-05-24T19:58:01,A5-8x8-15hz-sharp5-closest-89cm-blackfoam,61,200,200,896.98,8.54,1.000,8.51
2026-05-24T19:58:01,A5-8x8-15hz-sharp5-closest-89cm-blackfoam,62,200,200,899.22,9.15,1.000,9.13
2026-05-24T19:58:01,A5-8x8-15hz-sharp5-closest-89cm-blackfoam,63,200,196,884.24,19.60,0.980,18.34
2026-05-24T19:59:07,A6-8x8-15hz-sharp20-closest-89cm-blackfoam,0,200,200,881.65,9.30,1.000,8.52
2026-05-24T19:59:07,A6-8x8-15hz-sharp20-closest-89cm-blackfoam,1,200,200,879.23,8.19,1.000,7.50
2026-05-24T19:59:07,A6-8x8-15hz-sharp20-closest-89cm-blackfoam,2,200,200,873.39,7.61,1.000,6.60
2026-05-24T19:59:07,A6-8x8-15hz-sharp20-closest-89cm-blackfoam,3,200,200,867.60,7.97,1.000,7.71
2026-05-24T19:59:07,A6-8x8-15hz-sharp20-closest-89cm-blackfoam,4,200,200,865.29,6.30,1.000,6.29
2026-05-24T19:59:07,A6-8x8-15hz-sharp20-closest-89cm-blackfoam,5,200,200,860.92,7.72,1.000,7.00
2026-05-24T19:59:07,A6-8x8-15hz-sharp20-closest-89cm-blackfoam,6,200,200,858.30,6.69,1.000,6.47
2026-05-24T19:59:07,A6-8x8-15hz-sharp20-closest-89cm-blackfoam,7,200,200,854.51,8.16,1.000,7.69
2026-05-24T19:59:07,A6-8x8-15hz-sharp20-closest-89cm-blackfoam,8,200,200,886.92,10.00,1.000,8.70
2026-05-24T19:59:07,A6-8x8-15hz-sharp20-closest-89cm-blackfoam,9,200,200,881.10,7.82,1.000,6.99
2026-05-24T19:59:07,A6-8x8-15hz-sharp20-closest-89cm-blackfoam,10,200,200,878.02,5.81,1.000,6.37
2026-05-24T19:59:07,A6-8x8-15hz-sharp20-closest-89cm-blackfoam,11,200,200,873.09,6.69,1.000,6.23
2026-05-24T19:59:07,A6-8x8-15hz-sharp20-closest-89cm-blackfoam,12,200,200,869.58,7.89,1.000,6.93
2026-05-24T19:59:07,A6-8x8-15hz-sharp20-closest-89cm-blackfoam,13,200,200,865.80,6.80,1.000,5.90
2026-05-24T19:59:07,A6-8x8-15hz-sharp20-closest-89cm-blackfoam,14,200,200,863.68,7.36,1.000,6.58
2026-05-24T19:59:07,A6-8x8-15hz-sharp20-closest-89cm-blackfoam,15,200,200,857.78,7.51,1.000,6.59
2026-05-24T19:59:07,A6-8x8-15hz-sharp20-closest-89cm-blackfoam,16,200,200,889.72,11.86,1.000,10.84
2026-05-24T19:59:07,A6-8x8-15hz-sharp20-closest-89cm-blackfoam,17,200,200,888.01,9.49,1.000,9.18
2026-05-24T19:59:07,A6-8x8-15hz-sharp20-closest-89cm-blackfoam,18,200,200,882.30,8.22,1.000,7.27
2026-05-24T19:59:07,A6-8x8-15hz-sharp20-closest-89cm-blackfoam,19,200,200,880.20,8.16,1.000,7.49
2026-05-24T19:59:07,A6-8x8-15hz-sharp20-closest-89cm-blackfoam,20,200,200,876.20,6.88,1.000,6.36
2026-05-24T19:59:07,A6-8x8-15hz-sharp20-closest-89cm-blackfoam,21,200,200,871.64,8.35,1.000,6.88
2026-05-24T19:59:07,A6-8x8-15hz-sharp20-closest-89cm-blackfoam,22,200,200,867.50,7.32,1.000,6.49
2026-05-24T19:59:07,A6-8x8-15hz-sharp20-closest-89cm-blackfoam,23,200,200,863.10,7.50,1.000,7.11
2026-05-24T19:59:07,A6-8x8-15hz-sharp20-closest-89cm-blackfoam,24,200,200,898.18,10.12,1.000,9.27
2026-05-24T19:59:07,A6-8x8-15hz-sharp20-closest-89cm-blackfoam,25,200,200,892.38,8.16,1.000,7.26
2026-05-24T19:59:07,A6-8x8-15hz-sharp20-closest-89cm-blackfoam,26,200,200,888.78,8.09,1.000,7.88
2026-05-24T19:59:07,A6-8x8-15hz-sharp20-closest-89cm-blackfoam,27,200,200,885.12,6.46,1.000,6.15
2026-05-24T19:59:07,A6-8x8-15hz-sharp20-closest-89cm-blackfoam,28,200,200,882.83,6.95,1.000,7.04
2026-05-24T19:59:07,A6-8x8-15hz-sharp20-closest-89cm-blackfoam,29,200,200,877.30,7.23,1.000,6.70
2026-05-24T19:59:07,A6-8x8-15hz-sharp20-closest-89cm-blackfoam,30,200,200,873.08,8.08,1.000,7.43
2026-05-24T19:59:07,A6-8x8-15hz-sharp20-closest-89cm-blackfoam,31,200,200,867.80,9.11,1.000,8.63
2026-05-24T19:59:07,A6-8x8-15hz-sharp20-closest-89cm-blackfoam,32,200,200,902.74,11.36,1.000,10.29
2026-05-24T19:59:07,A6-8x8-15hz-sharp20-closest-89cm-blackfoam,33,200,200,899.28,7.59,1.000,7.04
2026-05-24T19:59:07,A6-8x8-15hz-sharp20-closest-89cm-blackfoam,34,200,200,894.17,7.58,1.000,6.55
2026-05-24T19:59:07,A6-8x8-15hz-sharp20-closest-89cm-blackfoam,35,200,200,891.84,8.30,1.000,7.25
2026-05-24T19:59:07,A6-8x8-15hz-sharp20-closest-89cm-blackfoam,36,200,200,888.48,8.33,1.000,7.66
2026-05-24T19:59:07,A6-8x8-15hz-sharp20-closest-89cm-blackfoam,37,200,200,884.30,8.01,1.000,7.00
2026-05-24T19:59:07,A6-8x8-15hz-sharp20-closest-89cm-blackfoam,38,200,200,879.58,7.82,1.000,7.13
2026-05-24T19:59:07,A6-8x8-15hz-sharp20-closest-89cm-blackfoam,39,200,200,875.25,8.78,1.000,7.93
2026-05-24T19:59:07,A6-8x8-15hz-sharp20-closest-89cm-blackfoam,40,200,200,908.99,8.76,1.000,8.36
2026-05-24T19:59:07,A6-8x8-15hz-sharp20-closest-89cm-blackfoam,41,200,200,903.12,8.11,1.000,7.80
2026-05-24T19:59:07,A6-8x8-15hz-sharp20-closest-89cm-blackfoam,42,200,200,902.50,7.29,1.000,7.54
2026-05-24T19:59:07,A6-8x8-15hz-sharp20-closest-89cm-blackfoam,43,200,200,897.11,8.32,1.000,8.26
2026-05-24T19:59:07,A6-8x8-15hz-sharp20-closest-89cm-blackfoam,44,200,200,893.38,9.80,1.000,9.09
2026-05-24T19:59:07,A6-8x8-15hz-sharp20-closest-89cm-blackfoam,45,200,200,888.36,8.09,1.000,7.48
2026-05-24T19:59:07,A6-8x8-15hz-sharp20-closest-89cm-blackfoam,46,200,200,883.57,8.60,1.000,8.28
2026-05-24T19:59:07,A6-8x8-15hz-sharp20-closest-89cm-blackfoam,47,200,200,881.54,9.87,1.000,8.74
2026-05-24T19:59:07,A6-8x8-15hz-sharp20-closest-89cm-blackfoam,48,200,200,913.48,10.40,1.000,10.04
2026-05-24T19:59:07,A6-8x8-15hz-sharp20-closest-89cm-blackfoam,49,200,200,910.13,12.14,1.000,11.44
2026-05-24T19:59:07,A6-8x8-15hz-sharp20-closest-89cm-blackfoam,50,200,200,904.55,10.76,1.000,9.21
2026-05-24T19:59:07,A6-8x8-15hz-sharp20-closest-89cm-blackfoam,51,200,200,901.49,10.11,1.000,8.84
2026-05-24T19:59:07,A6-8x8-15hz-sharp20-closest-89cm-blackfoam,52,200,200,897.79,8.93,1.000,8.03
2026-05-24T19:59:07,A6-8x8-15hz-sharp20-closest-89cm-blackfoam,53,200,200,893.26,8.87,1.000,7.48
2026-05-24T19:59:07,A6-8x8-15hz-sharp20-closest-89cm-blackfoam,54,200,200,892.67,8.95,1.000,8.63
2026-05-24T19:59:07,A6-8x8-15hz-sharp20-closest-89cm-blackfoam,55,200,200,886.64,12.30,1.000,11.66
2026-05-24T19:59:07,A6-8x8-15hz-sharp20-closest-89cm-blackfoam,56,200,200,925.38,12.86,1.000,11.12
2026-05-24T19:59:07,A6-8x8-15hz-sharp20-closest-89cm-blackfoam,57,200,199,919.55,15.33,0.995,14.69
2026-05-24T19:59:07,A6-8x8-15hz-sharp20-closest-89cm-blackfoam,58,200,200,912.96,9.24,1.000,8.30
2026-05-24T19:59:07,A6-8x8-15hz-sharp20-closest-89cm-blackfoam,59,200,200,907.64,12.00,1.000,11.39
2026-05-24T19:59:07,A6-8x8-15hz-sharp20-closest-89cm-blackfoam,60,200,200,902.01,9.38,1.000,8.96
2026-05-24T19:59:07,A6-8x8-15hz-sharp20-closest-89cm-blackfoam,61,200,200,898.44,10.35,1.000,8.54
2026-05-24T19:59:07,A6-8x8-15hz-sharp20-closest-89cm-blackfoam,62,200,200,899.40,9.65,1.000,9.03
2026-05-24T19:59:07,A6-8x8-15hz-sharp20-closest-89cm-blackfoam,63,200,193,889.79,19.04,0.965,17.78
2026-05-24T20:00:20,B1-4x4-10hz-sharp0-closest-89cm-blackfoam,0,200,200,876.89,1.67,1.000,1.98
2026-05-24T20:00:20,B1-4x4-10hz-sharp0-closest-89cm-blackfoam,1,200,200,870.35,1.58,1.000,1.18
2026-05-24T20:00:20,B1-4x4-10hz-sharp0-closest-89cm-blackfoam,2,200,200,862.65,1.46,1.000,1.00
2026-05-24T20:00:20,B1-4x4-10hz-sharp0-closest-89cm-blackfoam,3,200,200,854.50,1.52,1.000,1.00
2026-05-24T20:00:20,B1-4x4-10hz-sharp0-closest-89cm-blackfoam,4,200,200,889.72,1.93,1.000,2.00
2026-05-24T20:00:20,B1-4x4-10hz-sharp0-closest-89cm-blackfoam,5,200,200,882.45,1.59,1.000,1.27
2026-05-24T20:00:20,B1-4x4-10hz-sharp0-closest-89cm-blackfoam,6,200,200,874.02,1.63,1.000,1.60
2026-05-24T20:00:20,B1-4x4-10hz-sharp0-closest-89cm-blackfoam,7,200,200,865.16,1.65,1.000,1.77
2026-05-24T20:00:20,B1-4x4-10hz-sharp0-closest-89cm-blackfoam,8,200,200,899.88,1.74,1.000,2.00
2026-05-24T20:00:20,B1-4x4-10hz-sharp0-closest-89cm-blackfoam,9,200,200,893.50,1.67,1.000,1.75
2026-05-24T20:00:20,B1-4x4-10hz-sharp0-closest-89cm-blackfoam,10,200,200,886.71,1.75,1.000,1.86
2026-05-24T20:00:20,B1-4x4-10hz-sharp0-closest-89cm-blackfoam,11,200,200,876.90,2.13,1.000,1.97
2026-05-24T20:00:20,B1-4x4-10hz-sharp0-closest-89cm-blackfoam,12,200,200,911.60,2.54,1.000,2.26
2026-05-24T20:00:20,B1-4x4-10hz-sharp0-closest-89cm-blackfoam,13,200,200,903.46,2.19,1.000,2.00
2026-05-24T20:00:20,B1-4x4-10hz-sharp0-closest-89cm-blackfoam,14,200,200,895.18,1.85,1.000,1.99
2026-05-24T20:00:20,B1-4x4-10hz-sharp0-closest-89cm-blackfoam,15,200,200,886.87,2.80,1.000,2.02
2026-05-24T20:01:11,B2-4x4-10hz-sharp5-closest-89cm-blackfoam,0,200,200,879.82,1.95,1.000,1.97
2026-05-24T20:01:11,B2-4x4-10hz-sharp5-closest-89cm-blackfoam,1,200,200,873.41,1.57,1.000,1.23
2026-05-24T20:01:11,B2-4x4-10hz-sharp5-closest-89cm-blackfoam,2,200,200,865.79,1.36,1.000,1.00
2026-05-24T20:01:11,B2-4x4-10hz-sharp5-closest-89cm-blackfoam,3,200,200,857.52,1.42,1.000,1.00
2026-05-24T20:01:11,B2-4x4-10hz-sharp5-closest-89cm-blackfoam,4,200,200,892.85,1.81,1.000,2.00
2026-05-24T20:01:11,B2-4x4-10hz-sharp5-closest-89cm-blackfoam,5,200,200,885.36,1.66,1.000,1.26
2026-05-24T20:01:11,B2-4x4-10hz-sharp5-closest-89cm-blackfoam,6,200,200,876.85,1.59,1.000,1.56
2026-05-24T20:01:11,B2-4x4-10hz-sharp5-closest-89cm-blackfoam,7,200,200,868.48,1.60,1.000,1.78
2026-05-24T20:01:11,B2-4x4-10hz-sharp5-closest-89cm-blackfoam,8,200,200,902.28,1.78,1.000,2.00
2026-05-24T20:01:11,B2-4x4-10hz-sharp5-closest-89cm-blackfoam,9,200,200,896.77,1.70,1.000,1.77
2026-05-24T20:01:11,B2-4x4-10hz-sharp5-closest-89cm-blackfoam,10,200,200,889.49,1.59,1.000,1.88
2026-05-24T20:01:11,B2-4x4-10hz-sharp5-closest-89cm-blackfoam,11,200,200,880.16,1.90,1.000,1.98
2026-05-24T20:01:11,B2-4x4-10hz-sharp5-closest-89cm-blackfoam,12,200,200,913.88,2.65,1.000,2.23
2026-05-24T20:01:11,B2-4x4-10hz-sharp5-closest-89cm-blackfoam,13,200,200,906.41,2.06,1.000,2.00
2026-05-24T20:01:11,B2-4x4-10hz-sharp5-closest-89cm-blackfoam,14,200,200,898.52,1.70,1.000,2.00
2026-05-24T20:01:11,B2-4x4-10hz-sharp5-closest-89cm-blackfoam,15,200,200,890.10,2.43,1.000,2.00
2026-05-24T20:02:03,B3-4x4-10hz-sharp20-closest-89cm-blackfoam,0,200,200,879.41,1.80,1.000,1.98
2026-05-24T20:02:03,B3-4x4-10hz-sharp20-closest-89cm-blackfoam,1,200,200,872.62,1.55,1.000,1.13
2026-05-24T20:02:03,B3-4x4-10hz-sharp20-closest-89cm-blackfoam,2,200,200,865.63,1.44,1.000,1.00
2026-05-24T20:02:03,B3-4x4-10hz-sharp20-closest-89cm-blackfoam,3,200,200,857.10,1.42,1.000,1.00
2026-05-24T20:02:03,B3-4x4-10hz-sharp20-closest-89cm-blackfoam,4,200,200,892.21,1.81,1.000,2.00
2026-05-24T20:02:03,B3-4x4-10hz-sharp20-closest-89cm-blackfoam,5,200,200,885.09,1.76,1.000,1.20
2026-05-24T20:02:03,B3-4x4-10hz-sharp20-closest-89cm-blackfoam,6,200,200,876.59,1.74,1.000,1.47
2026-05-24T20:02:03,B3-4x4-10hz-sharp20-closest-89cm-blackfoam,7,200,200,868.08,1.80,1.000,1.66
2026-05-24T20:02:03,B3-4x4-10hz-sharp20-closest-89cm-blackfoam,8,200,200,902.20,1.85,1.000,1.99
2026-05-24T20:02:03,B3-4x4-10hz-sharp20-closest-89cm-blackfoam,9,200,200,896.57,1.70,1.000,1.68
2026-05-24T20:02:03,B3-4x4-10hz-sharp20-closest-89cm-blackfoam,10,200,200,889.32,1.53,1.000,1.76
2026-05-24T20:02:03,B3-4x4-10hz-sharp20-closest-89cm-blackfoam,11,200,200,879.65,1.91,1.000,1.96
2026-05-24T20:02:03,B3-4x4-10hz-sharp20-closest-89cm-blackfoam,12,200,200,913.84,2.70,1.000,2.22
2026-05-24T20:02:03,B3-4x4-10hz-sharp20-closest-89cm-blackfoam,13,200,200,905.99,2.30,1.000,2.00
2026-05-24T20:02:03,B3-4x4-10hz-sharp20-closest-89cm-blackfoam,14,200,200,898.04,1.65,1.000,1.97
2026-05-24T20:02:03,B3-4x4-10hz-sharp20-closest-89cm-blackfoam,15,200,200,889.83,2.72,1.000,2.01
2026-05-24T20:02:47,B4-4x4-15hz-sharp0-closest-89cm-blackfoam,0,200,200,877.46,2.21,1.000,2.00
2026-05-24T20:02:47,B4-4x4-15hz-sharp0-closest-89cm-blackfoam,1,200,200,870.97,1.80,1.000,2.00
2026-05-24T20:02:47,B4-4x4-15hz-sharp0-closest-89cm-blackfoam,2,200,200,864.12,1.85,1.000,2.00
2026-05-24T20:02:47,B4-4x4-15hz-sharp0-closest-89cm-blackfoam,3,200,200,855.12,1.78,1.000,1.97
2026-05-24T20:02:47,B4-4x4-15hz-sharp0-closest-89cm-blackfoam,4,200,200,890.61,2.38,1.000,2.00
2026-05-24T20:02:47,B4-4x4-15hz-sharp0-closest-89cm-blackfoam,5,200,200,882.95,2.14,1.000,2.00
2026-05-24T20:02:47,B4-4x4-15hz-sharp0-closest-89cm-blackfoam,6,200,200,874.77,1.84,1.000,2.00
2026-05-24T20:02:47,B4-4x4-15hz-sharp0-closest-89cm-blackfoam,7,200,200,866.24,1.94,1.000,2.00
2026-05-24T20:02:47,B4-4x4-15hz-sharp0-closest-89cm-blackfoam,8,200,200,900.62,2.17,1.000,2.00
2026-05-24T20:02:47,B4-4x4-15hz-sharp0-closest-89cm-blackfoam,9,200,200,894.47,1.87,1.000,2.00
2026-05-24T20:02:47,B4-4x4-15hz-sharp0-closest-89cm-blackfoam,10,200,200,887.38,2.00,1.000,2.00
2026-05-24T20:02:47,B4-4x4-15hz-sharp0-closest-89cm-blackfoam,11,200,200,877.62,2.30,1.000,2.00
2026-05-24T20:02:47,B4-4x4-15hz-sharp0-closest-89cm-blackfoam,12,200,200,912.12,3.45,1.000,2.99
2026-05-24T20:02:47,B4-4x4-15hz-sharp0-closest-89cm-blackfoam,13,200,200,904.15,2.74,1.000,2.07
2026-05-24T20:02:47,B4-4x4-15hz-sharp0-closest-89cm-blackfoam,14,200,200,896.12,2.16,1.000,2.00
2026-05-24T20:02:47,B4-4x4-15hz-sharp0-closest-89cm-blackfoam,15,200,200,887.75,3.18,1.000,2.54
2026-05-24T20:03:32,B5-4x4-15hz-sharp5-closest-89cm-blackfoam,0,200,200,877.29,2.41,1.000,2.00
2026-05-24T20:03:32,B5-4x4-15hz-sharp5-closest-89cm-blackfoam,1,200,200,870.71,1.84,1.000,2.00
2026-05-24T20:03:32,B5-4x4-15hz-sharp5-closest-89cm-blackfoam,2,200,200,863.70,1.75,1.000,1.98
2026-05-24T20:03:32,B5-4x4-15hz-sharp5-closest-89cm-blackfoam,3,200,200,855.20,1.85,1.000,1.93
2026-05-24T20:03:32,B5-4x4-15hz-sharp5-closest-89cm-blackfoam,4,200,200,890.26,2.19,1.000,2.00
2026-05-24T20:03:32,B5-4x4-15hz-sharp5-closest-89cm-blackfoam,5,200,200,882.63,1.93,1.000,2.00
2026-05-24T20:03:32,B5-4x4-15hz-sharp5-closest-89cm-blackfoam,6,200,200,874.41,2.13,1.000,2.00
2026-05-24T20:03:32,B5-4x4-15hz-sharp5-closest-89cm-blackfoam,7,200,200,865.96,2.10,1.000,2.00
2026-05-24T20:03:32,B5-4x4-15hz-sharp5-closest-89cm-blackfoam,8,200,200,900.22,2.22,1.000,2.00
2026-05-24T20:03:32,B5-4x4-15hz-sharp5-closest-89cm-blackfoam,9,200,200,894.09,1.97,1.000,2.00
2026-05-24T20:03:32,B5-4x4-15hz-sharp5-closest-89cm-blackfoam,10,200,200,887.02,1.94,1.000,2.00
2026-05-24T20:03:32,B5-4x4-15hz-sharp5-closest-89cm-blackfoam,11,200,200,877.73,2.49,1.000,2.00
2026-05-24T20:03:32,B5-4x4-15hz-sharp5-closest-89cm-blackfoam,12,200,200,911.50,3.07,1.000,3.00
2026-05-24T20:03:32,B5-4x4-15hz-sharp5-closest-89cm-blackfoam,13,200,200,904.15,2.40,1.000,2.11
2026-05-24T20:03:32,B5-4x4-15hz-sharp5-closest-89cm-blackfoam,14,200,200,895.51,2.20,1.000,2.00
2026-05-24T20:03:32,B5-4x4-15hz-sharp5-closest-89cm-blackfoam,15,200,200,887.42,3.47,1.000,2.40
2026-05-24T20:04:17,B6-4x4-15hz-sharp20-closest-89cm-blackfoam,0,200,200,876.57,2.41,1.000,2.00
2026-05-24T20:04:17,B6-4x4-15hz-sharp20-closest-89cm-blackfoam,1,200,200,870.41,2.01,1.000,2.00
2026-05-24T20:04:17,B6-4x4-15hz-sharp20-closest-89cm-blackfoam,2,200,200,863.27,1.72,1.000,2.00
2026-05-24T20:04:17,B6-4x4-15hz-sharp20-closest-89cm-blackfoam,3,200,200,854.76,1.61,1.000,1.99
2026-05-24T20:04:17,B6-4x4-15hz-sharp20-closest-89cm-blackfoam,4,200,200,889.87,2.37,1.000,2.00
2026-05-24T20:04:17,B6-4x4-15hz-sharp20-closest-89cm-blackfoam,5,200,200,882.28,1.82,1.000,2.00
2026-05-24T20:04:17,B6-4x4-15hz-sharp20-closest-89cm-blackfoam,6,200,200,874.42,2.02,1.000,2.00
2026-05-24T20:04:17,B6-4x4-15hz-sharp20-closest-89cm-blackfoam,7,200,200,865.43,2.27,1.000,2.00
2026-05-24T20:04:17,B6-4x4-15hz-sharp20-closest-89cm-blackfoam,8,200,200,899.44,2.05,1.000,2.00
2026-05-24T20:04:17,B6-4x4-15hz-sharp20-closest-89cm-blackfoam,9,200,200,893.80,2.02,1.000,2.00
2026-05-24T20:04:17,B6-4x4-15hz-sharp20-closest-89cm-blackfoam,10,200,200,886.79,2.17,1.000,2.00
2026-05-24T20:04:17,B6-4x4-15hz-sharp20-closest-89cm-blackfoam,11,200,200,877.08,2.36,1.000,2.00
2026-05-24T20:04:17,B6-4x4-15hz-sharp20-closest-89cm-blackfoam,12,200,200,911.31,3.11,1.000,3.00
2026-05-24T20:04:17,B6-4x4-15hz-sharp20-closest-89cm-blackfoam,13,200,200,903.78,2.58,1.000,2.12
2026-05-24T20:04:17,B6-4x4-15hz-sharp20-closest-89cm-blackfoam,14,200,200,895.32,1.92,1.000,2.00
2026-05-24T20:04:17,B6-4x4-15hz-sharp20-closest-89cm-blackfoam,15,200,200,887.41,2.91,1.000,2.46
2026-05-24T20:04:55,B7-4x4-30hz-sharp0-closest-89cm-blackfoam,0,200,200,877.04,3.54,1.000,2.88
2026-05-24T20:04:55,B7-4x4-30hz-sharp0-closest-89cm-blackfoam,1,200,200,870.35,2.92,1.000,2.27
2026-05-24T20:04:55,B7-4x4-30hz-sharp0-closest-89cm-blackfoam,2,200,200,863.26,2.37,1.000,2.01
2026-05-24T20:04:55,B7-4x4-30hz-sharp0-closest-89cm-blackfoam,3,200,200,854.43,2.48,1.000,2.04
2026-05-24T20:04:55,B7-4x4-30hz-sharp0-closest-89cm-blackfoam,4,200,200,889.57,3.30,1.000,3.00
2026-05-24T20:04:55,B7-4x4-30hz-sharp0-closest-89cm-blackfoam,5,200,200,882.58,2.76,1.000,2.23
2026-05-24T20:04:55,B7-4x4-30hz-sharp0-closest-89cm-blackfoam,6,200,200,874.02,2.66,1.000,2.35
2026-05-24T20:04:55,B7-4x4-30hz-sharp0-closest-89cm-blackfoam,7,200,200,865.73,2.91,1.000,2.76
2026-05-24T20:04:55,B7-4x4-30hz-sharp0-closest-89cm-blackfoam,8,200,200,899.60,2.97,1.000,2.98
2026-05-24T20:04:55,B7-4x4-30hz-sharp0-closest-89cm-blackfoam,9,200,200,893.51,2.53,1.000,2.61
2026-05-24T20:04:55,B7-4x4-30hz-sharp0-closest-89cm-blackfoam,10,200,200,886.61,2.89,1.000,2.65
2026-05-24T20:04:55,B7-4x4-30hz-sharp0-closest-89cm-blackfoam,11,200,200,876.78,3.14,1.000,2.98
2026-05-24T20:04:55,B7-4x4-30hz-sharp0-closest-89cm-blackfoam,12,200,200,911.25,4.61,1.000,4.17
2026-05-24T20:04:55,B7-4x4-30hz-sharp0-closest-89cm-blackfoam,13,200,200,903.95,3.77,1.000,3.25
2026-05-24T20:04:55,B7-4x4-30hz-sharp0-closest-89cm-blackfoam,14,200,200,895.53,2.98,1.000,2.95
2026-05-24T20:04:55,B7-4x4-30hz-sharp0-closest-89cm-blackfoam,15,200,200,886.72,4.46,1.000,3.66
2026-05-24T20:05:34,B8-4x4-30hz-sharp5-closest-89cm-blackfoam,0,200,200,877.07,3.18,1.000,2.92
2026-05-24T20:05:34,B8-4x4-30hz-sharp5-closest-89cm-blackfoam,1,200,200,869.77,2.59,1.000,2.25
2026-05-24T20:05:34,B8-4x4-30hz-sharp5-closest-89cm-blackfoam,2,200,200,862.84,2.47,1.000,2.02
2026-05-24T20:05:34,B8-4x4-30hz-sharp5-closest-89cm-blackfoam,3,200,200,854.56,2.53,1.000,2.02
2026-05-24T20:05:34,B8-4x4-30hz-sharp5-closest-89cm-blackfoam,4,200,200,889.07,3.54,1.000,3.00
2026-05-24T20:05:34,B8-4x4-30hz-sharp5-closest-89cm-blackfoam,5,200,200,881.95,2.88,1.000,2.20
2026-05-24T20:05:34,B8-4x4-30hz-sharp5-closest-89cm-blackfoam,6,200,200,873.96,2.74,1.000,2.27
2026-05-24T20:05:34,B8-4x4-30hz-sharp5-closest-89cm-blackfoam,7,200,200,865.23,2.80,1.000,2.71
2026-05-24T20:05:34,B8-4x4-30hz-sharp5-closest-89cm-blackfoam,8,200,200,899.57,3.14,1.000,2.94
2026-05-24T20:05:34,B8-4x4-30hz-sharp5-closest-89cm-blackfoam,9,200,200,893.53,2.93,1.000,2.59
2026-05-24T20:05:34,B8-4x4-30hz-sharp5-closest-89cm-blackfoam,10,200,200,886.39,2.85,1.000,2.65
2026-05-24T20:05:34,B8-4x4-30hz-sharp5-closest-89cm-blackfoam,11,200,200,877.13,3.19,1.000,2.88
2026-05-24T20:05:34,B8-4x4-30hz-sharp5-closest-89cm-blackfoam,12,200,200,911.49,4.55,1.000,4.17
2026-05-24T20:05:34,B8-4x4-30hz-sharp5-closest-89cm-blackfoam,13,200,200,903.27,3.57,1.000,3.21
2026-05-24T20:05:34,B8-4x4-30hz-sharp5-closest-89cm-blackfoam,14,200,200,895.51,3.14,1.000,2.93
2026-05-24T20:05:34,B8-4x4-30hz-sharp5-closest-89cm-blackfoam,15,200,200,886.94,4.01,1.000,3.62
2026-05-24T20:06:33,B9-4x4-30hz-sharp20-closest-89cm-blackfoam,0,200,200,878.03,3.13,1.000,2.92
2026-05-24T20:06:33,B9-4x4-30hz-sharp20-closest-89cm-blackfoam,1,200,200,871.87,2.61,1.000,2.35
2026-05-24T20:06:33,B9-4x4-30hz-sharp20-closest-89cm-blackfoam,2,200,200,864.33,2.44,1.000,2.01
2026-05-24T20:06:33,B9-4x4-30hz-sharp20-closest-89cm-blackfoam,3,200,200,855.94,2.65,1.000,2.02
2026-05-24T20:06:33,B9-4x4-30hz-sharp20-closest-89cm-blackfoam,4,200,200,891.13,3.50,1.000,3.02
2026-05-24T20:06:33,B9-4x4-30hz-sharp20-closest-89cm-blackfoam,5,200,200,884.09,2.89,1.000,2.24
2026-05-24T20:06:33,B9-4x4-30hz-sharp20-closest-89cm-blackfoam,6,200,200,875.66,2.86,1.000,2.28
2026-05-24T20:06:33,B9-4x4-30hz-sharp20-closest-89cm-blackfoam,7,200,200,866.65,2.83,1.000,2.77
2026-05-24T20:06:33,B9-4x4-30hz-sharp20-closest-89cm-blackfoam,8,200,200,901.14,2.90,1.000,2.97
2026-05-24T20:06:33,B9-4x4-30hz-sharp20-closest-89cm-blackfoam,9,200,200,895.10,2.79,1.000,2.60
2026-05-24T20:06:33,B9-4x4-30hz-sharp20-closest-89cm-blackfoam,10,200,200,888.38,2.69,1.000,2.66
2026-05-24T20:06:33,B9-4x4-30hz-sharp20-closest-89cm-blackfoam,11,200,200,878.34,3.34,1.000,2.93
2026-05-24T20:06:33,B9-4x4-30hz-sharp20-closest-89cm-blackfoam,12,200,200,912.75,4.81,1.000,4.16
2026-05-24T20:06:33,B9-4x4-30hz-sharp20-closest-89cm-blackfoam,13,200,200,904.88,3.36,1.000,3.18
2026-05-24T20:06:33,B9-4x4-30hz-sharp20-closest-89cm-blackfoam,14,200,200,896.62,3.04,1.000,2.92
2026-05-24T20:06:33,B9-4x4-30hz-sharp20-closest-89cm-blackfoam,15,200,200,888.51,4.25,1.000,3.66
2026-05-24T20:07:48,C1-8x8-10hz-sharp5-strongest-89cm-blackfoam,0,200,200,879.27,6.81,1.000,6.83
2026-05-24T20:07:48,C1-8x8-10hz-sharp5-strongest-89cm-blackfoam,1,200,200,877.38,6.39,1.000,6.01
2026-05-24T20:07:48,C1-8x8-10hz-sharp5-strongest-89cm-blackfoam,2,200,200,871.28,5.89,1.000,5.28
2026-05-24T20:07:48,C1-8x8-10hz-sharp5-strongest-89cm-blackfoam,3,200,200,867.24,6.34,1.000,6.12
2026-05-24T20:07:48,C1-8x8-10hz-sharp5-strongest-89cm-blackfoam,4,200,200,862.33,5.01,1.000,4.88
2026-05-24T20:07:48,C1-8x8-10hz-sharp5-strongest-89cm-blackfoam,5,200,200,858.96,6.41,1.000,5.58
2026-05-24T20:07:48,C1-8x8-10hz-sharp5-strongest-89cm-blackfoam,6,200,200,856.63,6.14,1.000,5.26
2026-05-24T20:07:48,C1-8x8-10hz-sharp5-strongest-89cm-blackfoam,7,200,200,852.18,6.47,1.000,6.25
2026-05-24T20:07:48,C1-8x8-10hz-sharp5-strongest-89cm-blackfoam,8,200,200,884.61,7.95,1.000,6.91
2026-05-24T20:07:48,C1-8x8-10hz-sharp5-strongest-89cm-blackfoam,9,200,200,879.00,6.53,1.000,5.46
2026-05-24T20:07:48,C1-8x8-10hz-sharp5-strongest-89cm-blackfoam,10,200,200,875.88,5.17,1.000,5.08
2026-05-24T20:07:48,C1-8x8-10hz-sharp5-strongest-89cm-blackfoam,11,200,200,870.30,5.26,1.000,5.10
2026-05-24T20:07:48,C1-8x8-10hz-sharp5-strongest-89cm-blackfoam,12,200,200,868.72,6.12,1.000,5.51
2026-05-24T20:07:48,C1-8x8-10hz-sharp5-strongest-89cm-blackfoam,13,200,200,863.45,5.28,1.000,4.63
2026-05-24T20:07:48,C1-8x8-10hz-sharp5-strongest-89cm-blackfoam,14,200,200,861.16,5.61,1.000,5.33
2026-05-24T20:07:48,C1-8x8-10hz-sharp5-strongest-89cm-blackfoam,15,200,200,856.16,5.57,1.000,5.33
2026-05-24T20:07:48,C1-8x8-10hz-sharp5-strongest-89cm-blackfoam,16,200,200,889.98,9.25,1.000,8.59
2026-05-24T20:07:48,C1-8x8-10hz-sharp5-strongest-89cm-blackfoam,17,200,200,886.42,7.36,1.000,7.29
2026-05-24T20:07:48,C1-8x8-10hz-sharp5-strongest-89cm-blackfoam,18,200,200,880.90,6.73,1.000,5.85
2026-05-24T20:07:48,C1-8x8-10hz-sharp5-strongest-89cm-blackfoam,19,200,200,878.17,6.91,1.000,5.99
2026-05-24T20:07:48,C1-8x8-10hz-sharp5-strongest-89cm-blackfoam,20,200,200,873.38,5.30,1.000,5.03
2026-05-24T20:07:48,C1-8x8-10hz-sharp5-strongest-89cm-blackfoam,21,200,200,869.73,5.65,1.000,5.34
2026-05-24T20:07:48,C1-8x8-10hz-sharp5-strongest-89cm-blackfoam,22,200,200,865.12,5.74,1.000,5.22
2026-05-24T20:07:48,C1-8x8-10hz-sharp5-strongest-89cm-blackfoam,23,200,200,862.34,6.02,1.000,5.64
2026-05-24T20:07:48,C1-8x8-10hz-sharp5-strongest-89cm-blackfoam,24,200,200,894.84,8.07,1.000,7.39
2026-05-24T20:07:48,C1-8x8-10hz-sharp5-strongest-89cm-blackfoam,25,200,200,891.16,6.39,1.000,5.83
2026-05-24T20:07:48,C1-8x8-10hz-sharp5-strongest-89cm-blackfoam,26,200,200,888.03,6.33,1.000,6.23
2026-05-24T20:07:48,C1-8x8-10hz-sharp5-strongest-89cm-blackfoam,27,200,200,882.43,5.33,1.000,4.94
2026-05-24T20:07:48,C1-8x8-10hz-sharp5-strongest-89cm-blackfoam,28,200,200,880.32,5.43,1.000,5.68
2026-05-24T20:07:48,C1-8x8-10hz-sharp5-strongest-89cm-blackfoam,29,200,200,875.60,6.31,1.000,5.33
2026-05-24T20:07:48,C1-8x8-10hz-sharp5-strongest-89cm-blackfoam,30,200,200,871.33,6.01,1.000,5.76
2026-05-24T20:07:48,C1-8x8-10hz-sharp5-strongest-89cm-blackfoam,31,200,200,866.00,7.49,1.000,6.88
2026-05-24T20:07:48,C1-8x8-10hz-sharp5-strongest-89cm-blackfoam,32,200,200,899.76,9.59,1.000,8.28
2026-05-24T20:07:48,C1-8x8-10hz-sharp5-strongest-89cm-blackfoam,33,200,200,896.16,5.93,1.000,5.75
2026-05-24T20:07:48,C1-8x8-10hz-sharp5-strongest-89cm-blackfoam,34,200,200,893.09,6.45,1.000,5.17
2026-05-24T20:07:48,C1-8x8-10hz-sharp5-strongest-89cm-blackfoam,35,200,200,890.61,6.68,1.000,5.61
2026-05-24T20:07:48,C1-8x8-10hz-sharp5-strongest-89cm-blackfoam,36,200,200,886.05,6.53,1.000,6.14
2026-05-24T20:07:48,C1-8x8-10hz-sharp5-strongest-89cm-blackfoam,37,200,200,882.57,6.51,1.000,5.50
2026-05-24T20:07:48,C1-8x8-10hz-sharp5-strongest-89cm-blackfoam,38,200,200,877.74,6.08,1.000,5.73
2026-05-24T20:07:48,C1-8x8-10hz-sharp5-strongest-89cm-blackfoam,39,200,200,873.11,6.42,1.000,6.25
2026-05-24T20:07:48,C1-8x8-10hz-sharp5-strongest-89cm-blackfoam,40,200,200,907.10,7.03,1.000,6.75
2026-05-24T20:07:48,C1-8x8-10hz-sharp5-strongest-89cm-blackfoam,41,200,200,902.02,6.94,1.000,6.25
2026-05-24T20:07:48,C1-8x8-10hz-sharp5-strongest-89cm-blackfoam,42,200,200,899.47,6.46,1.000,6.03
2026-05-24T20:07:48,C1-8x8-10hz-sharp5-strongest-89cm-blackfoam,43,200,200,895.70,6.96,1.000,6.82
2026-05-24T20:07:48,C1-8x8-10hz-sharp5-strongest-89cm-blackfoam,44,200,200,892.44,7.44,1.000,7.22
2026-05-24T20:07:48,C1-8x8-10hz-sharp5-strongest-89cm-blackfoam,45,200,200,886.68,6.45,1.000,6.00
2026-05-24T20:07:48,C1-8x8-10hz-sharp5-strongest-89cm-blackfoam,46,200,200,883.78,7.25,1.000,6.79
2026-05-24T20:07:48,C1-8x8-10hz-sharp5-strongest-89cm-blackfoam,47,200,200,879.66,6.88,1.000,6.92
2026-05-24T20:07:48,C1-8x8-10hz-sharp5-strongest-89cm-blackfoam,48,200,200,911.39,8.63,1.000,7.69
2026-05-24T20:07:48,C1-8x8-10hz-sharp5-strongest-89cm-blackfoam,49,200,200,908.71,10.14,1.000,9.09
2026-05-24T20:07:48,C1-8x8-10hz-sharp5-strongest-89cm-blackfoam,50,200,200,903.85,7.71,1.000,7.46
2026-05-24T20:07:48,C1-8x8-10hz-sharp5-strongest-89cm-blackfoam,51,200,200,899.29,7.33,1.000,7.20
2026-05-24T20:07:48,C1-8x8-10hz-sharp5-strongest-89cm-blackfoam,52,200,200,895.05,7.13,1.000,6.49
2026-05-24T20:07:48,C1-8x8-10hz-sharp5-strongest-89cm-blackfoam,53,200,200,891.75,6.96,1.000,5.93
2026-05-24T20:07:48,C1-8x8-10hz-sharp5-strongest-89cm-blackfoam,54,200,200,889.40,6.75,1.000,6.82
2026-05-24T20:07:48,C1-8x8-10hz-sharp5-strongest-89cm-blackfoam,55,200,200,884.88,10.54,1.000,9.20
2026-05-24T20:07:48,C1-8x8-10hz-sharp5-strongest-89cm-blackfoam,56,200,200,923.16,9.43,1.000,9.01
2026-05-24T20:07:48,C1-8x8-10hz-sharp5-strongest-89cm-blackfoam,57,200,200,916.12,12.19,1.000,11.78
2026-05-24T20:07:48,C1-8x8-10hz-sharp5-strongest-89cm-blackfoam,58,200,200,909.00,6.46,1.000,6.64
2026-05-24T20:07:48,C1-8x8-10hz-sharp5-strongest-89cm-blackfoam,59,200,200,904.58,9.29,1.000,9.02
2026-05-24T20:07:48,C1-8x8-10hz-sharp5-strongest-89cm-blackfoam,60,200,200,900.71,8.83,1.000,7.13
2026-05-24T20:07:48,C1-8x8-10hz-sharp5-strongest-89cm-blackfoam,61,200,200,895.24,6.77,1.000,6.86
2026-05-24T20:07:48,C1-8x8-10hz-sharp5-strongest-89cm-blackfoam,62,200,200,897.24,8.61,1.000,7.25
2026-05-24T20:07:48,C1-8x8-10hz-sharp5-strongest-89cm-blackfoam,63,200,200,886.27,15.27,1.000,14.73
2026-05-24T20:09:00,D1-8x8-10hz-sharp5-strict-89cm-blackfoam,0,200,200,878.96,7.66,1.000,6.97
2026-05-24T20:09:00,D1-8x8-10hz-sharp5-strict-89cm-blackfoam,1,200,200,875.39,6.98,1.000,5.99
2026-05-24T20:09:00,D1-8x8-10hz-sharp5-strict-89cm-blackfoam,2,200,200,870.35,5.94,1.000,5.24
2026-05-24T20:09:00,D1-8x8-10hz-sharp5-strict-89cm-blackfoam,3,200,200,866.33,7.16,1.000,6.14
2026-05-24T20:09:00,D1-8x8-10hz-sharp5-strict-89cm-blackfoam,4,200,200,861.95,5.08,1.000,4.86
2026-05-24T20:09:00,D1-8x8-10hz-sharp5-strict-89cm-blackfoam,5,200,200,858.44,6.44,1.000,5.67
2026-05-24T20:09:00,D1-8x8-10hz-sharp5-strict-89cm-blackfoam,6,200,200,856.01,5.57,1.000,5.24
2026-05-24T20:09:00,D1-8x8-10hz-sharp5-strict-89cm-blackfoam,7,200,200,852.75,6.77,1.000,6.22
2026-05-24T20:09:00,D1-8x8-10hz-sharp5-strict-89cm-blackfoam,8,200,200,883.96,7.14,1.000,6.71
2026-05-24T20:09:00,D1-8x8-10hz-sharp5-strict-89cm-blackfoam,9,200,200,879.09,5.88,1.000,5.39
2026-05-24T20:09:00,D1-8x8-10hz-sharp5-strict-89cm-blackfoam,10,200,200,874.97,5.75,1.000,5.08
2026-05-24T20:09:00,D1-8x8-10hz-sharp5-strict-89cm-blackfoam,11,200,200,871.35,5.74,1.000,5.09
2026-05-24T20:09:00,D1-8x8-10hz-sharp5-strict-89cm-blackfoam,12,200,200,868.07,5.68,1.000,5.62
2026-05-24T20:09:00,D1-8x8-10hz-sharp5-strict-89cm-blackfoam,13,200,200,862.68,5.92,1.000,4.66
2026-05-24T20:09:00,D1-8x8-10hz-sharp5-strict-89cm-blackfoam,14,200,200,859.69,5.29,1.000,5.26
2026-05-24T20:09:00,D1-8x8-10hz-sharp5-strict-89cm-blackfoam,15,200,200,855.49,6.06,1.000,5.31
2026-05-24T20:09:00,D1-8x8-10hz-sharp5-strict-89cm-blackfoam,16,200,200,888.29,9.37,1.000,8.57
2026-05-24T20:09:00,D1-8x8-10hz-sharp5-strict-89cm-blackfoam,17,200,200,885.08,8.64,1.000,7.22
2026-05-24T20:09:00,D1-8x8-10hz-sharp5-strict-89cm-blackfoam,18,200,200,879.65,6.05,1.000,5.83
2026-05-24T20:09:00,D1-8x8-10hz-sharp5-strict-89cm-blackfoam,19,200,200,878.15,6.64,1.000,6.05
2026-05-24T20:09:00,D1-8x8-10hz-sharp5-strict-89cm-blackfoam,20,200,200,871.77,5.02,1.000,4.96
2026-05-24T20:09:00,D1-8x8-10hz-sharp5-strict-89cm-blackfoam,21,200,200,868.64,6.50,1.000,5.27
2026-05-24T20:09:00,D1-8x8-10hz-sharp5-strict-89cm-blackfoam,22,200,200,864.47,5.94,1.000,5.16
2026-05-24T20:09:00,D1-8x8-10hz-sharp5-strict-89cm-blackfoam,23,200,200,861.56,5.74,1.000,5.54
2026-05-24T20:09:00,D1-8x8-10hz-sharp5-strict-89cm-blackfoam,24,200,200,895.28,7.51,1.000,7.36
2026-05-24T20:09:00,D1-8x8-10hz-sharp5-strict-89cm-blackfoam,25,200,200,890.57,5.82,1.000,5.89
2026-05-24T20:09:00,D1-8x8-10hz-sharp5-strict-89cm-blackfoam,26,200,200,887.66,6.44,1.000,6.32
2026-05-24T20:09:00,D1-8x8-10hz-sharp5-strict-89cm-blackfoam,27,200,200,881.34,5.82,1.000,5.02
2026-05-24T20:09:00,D1-8x8-10hz-sharp5-strict-89cm-blackfoam,28,200,200,879.50,6.19,1.000,5.66
2026-05-24T20:09:00,D1-8x8-10hz-sharp5-strict-89cm-blackfoam,29,200,200,874.97,5.61,1.000,5.35
2026-05-24T20:09:00,D1-8x8-10hz-sharp5-strict-89cm-blackfoam,30,200,200,870.89,6.90,1.000,5.74
2026-05-24T20:09:00,D1-8x8-10hz-sharp5-strict-89cm-blackfoam,31,200,200,866.75,7.02,1.000,6.95
2026-05-24T20:09:00,D1-8x8-10hz-sharp5-strict-89cm-blackfoam,32,200,200,900.63,8.76,1.000,8.31
2026-05-24T20:09:00,D1-8x8-10hz-sharp5-strict-89cm-blackfoam,33,200,200,896.69,5.74,1.000,5.77
2026-05-24T20:09:00,D1-8x8-10hz-sharp5-strict-89cm-blackfoam,34,200,200,892.64,5.81,1.000,5.14
2026-05-24T20:09:00,D1-8x8-10hz-sharp5-strict-89cm-blackfoam,35,200,200,889.49,6.64,1.000,5.72
2026-05-24T20:09:00,D1-8x8-10hz-sharp5-strict-89cm-blackfoam,36,200,200,885.12,6.82,1.000,6.25
2026-05-24T20:09:00,D1-8x8-10hz-sharp5-strict-89cm-blackfoam,37,200,200,882.33,6.18,1.000,5.45
2026-05-24T20:09:00,D1-8x8-10hz-sharp5-strict-89cm-blackfoam,38,200,200,877.41,6.26,1.000,5.71
2026-05-24T20:09:00,D1-8x8-10hz-sharp5-strict-89cm-blackfoam,39,200,200,871.57,7.37,1.000,6.25
2026-05-24T20:09:00,D1-8x8-10hz-sharp5-strict-89cm-blackfoam,40,200,200,905.83,7.72,1.000,6.62
2026-05-24T20:09:00,D1-8x8-10hz-sharp5-strict-89cm-blackfoam,41,200,200,901.79,7.19,1.000,6.28
2026-05-24T20:09:00,D1-8x8-10hz-sharp5-strict-89cm-blackfoam,42,200,200,898.68,6.54,1.000,5.93
2026-05-24T20:09:00,D1-8x8-10hz-sharp5-strict-89cm-blackfoam,43,200,200,893.96,7.37,1.000,6.76
2026-05-24T20:09:00,D1-8x8-10hz-sharp5-strict-89cm-blackfoam,44,200,200,891.78,8.21,1.000,7.17
2026-05-24T20:09:00,D1-8x8-10hz-sharp5-strict-89cm-blackfoam,45,200,200,887.24,6.76,1.000,6.16
2026-05-24T20:09:00,D1-8x8-10hz-sharp5-strict-89cm-blackfoam,46,200,200,881.96,7.38,1.000,6.87
2026-05-24T20:09:00,D1-8x8-10hz-sharp5-strict-89cm-blackfoam,47,200,200,878.37,6.97,1.000,6.92
2026-05-24T20:09:00,D1-8x8-10hz-sharp5-strict-89cm-blackfoam,48,200,200,910.57,8.85,1.000,7.87
2026-05-24T20:09:00,D1-8x8-10hz-sharp5-strict-89cm-blackfoam,49,200,200,908.36,10.68,1.000,9.10
2026-05-24T20:09:00,D1-8x8-10hz-sharp5-strict-89cm-blackfoam,50,200,200,902.15,7.94,1.000,7.37
2026-05-24T20:09:00,D1-8x8-10hz-sharp5-strict-89cm-blackfoam,51,200,200,898.38,8.17,1.000,7.18
2026-05-24T20:09:00,D1-8x8-10hz-sharp5-strict-89cm-blackfoam,52,200,200,895.27,7.01,1.000,6.54
2026-05-24T20:09:00,D1-8x8-10hz-sharp5-strict-89cm-blackfoam,53,200,200,890.97,6.10,1.000,5.79
2026-05-24T20:09:00,D1-8x8-10hz-sharp5-strict-89cm-blackfoam,54,200,200,889.37,7.76,1.000,6.79
2026-05-24T20:09:00,D1-8x8-10hz-sharp5-strict-89cm-blackfoam,55,200,200,883.64,9.87,1.000,9.31
2026-05-24T20:09:00,D1-8x8-10hz-sharp5-strict-89cm-blackfoam,56,200,200,923.24,9.38,1.000,8.89
2026-05-24T20:09:00,D1-8x8-10hz-sharp5-strict-89cm-blackfoam,57,200,200,915.58,13.54,1.000,11.57
2026-05-24T20:09:00,D1-8x8-10hz-sharp5-strict-89cm-blackfoam,58,200,200,909.88,7.88,1.000,6.63
2026-05-24T20:09:00,D1-8x8-10hz-sharp5-strict-89cm-blackfoam,59,200,200,904.97,9.93,1.000,8.97
2026-05-24T20:09:00,D1-8x8-10hz-sharp5-strict-89cm-blackfoam,60,200,200,900.73,7.32,1.000,7.35
2026-05-24T20:09:00,D1-8x8-10hz-sharp5-strict-89cm-blackfoam,61,200,200,896.10,7.46,1.000,6.79
2026-05-24T20:09:00,D1-8x8-10hz-sharp5-strict-89cm-blackfoam,62,200,200,897.02,8.34,1.000,7.20
2026-05-24T20:09:00,D1-8x8-10hz-sharp5-strict-89cm-blackfoam,63,200,200,884.05,14.48,1.000,14.44
