frame,dist_z0,dist_z1,dist_z2,dist_z3,dist_z4,dist_z5,dist_z6,dist_z7,dist_z8,dist_z9,dist_z10,dist_z11,dist_z12,dist_z13,dist_z14,dist_z15,dist_z16,dist_z17,dist_z18,dist_z19,dist_z20,dist_z21,dist_z22,dist_z23,dist_z24,dist_z25,dist_z26,dist_z27,dist_z28,dist_z29,dist_z30,dist_z31,dist_z32,dist_z33,dist_z34,dist_z35,dist_z36,dist_z37,dist_z38,dist_z39,dist_z40,dist_z41,dist_z42,dist_z43,dist_z44,dist_z45,dist_z46,dist_z47,dist_z48,dist_z49,dist_z50,dist_z51,dist_z52,dist_z53,dist_z54,dist_z55,dist_z56,dist_z57,dist_z58,dist_z59,dist_z60,dist_z61,dist_z62,dist_z63,sigma_z0,sigma_z1,sigma_z2,sigma_z3,sigma_z4,sigma_z5,sigma_z6,sigma_z7,sigma_z8,sigma_z9,sigma_z10,sigma_z11,sigma_z12,sigma_z13,sigma_z14,sigma_z15,sigma_z16,sigma_z17,sigma_z18,sigma_z19,sigma_z20,sigma_z21,sigma_z22,sigma_z23,sigma_z24,sigma_z25,sigma_z26,sigma_z27,sigma_z28,sigma_z29,sigma_z30,sigma_z31,sigma_z32,sigma_z33,sigma_z34,sigma_z35,sigma_z36,sigma_z37,sigma_z38,sigma_z39,sigma_z40,sigma_z41,sigma_z42,sigma_z43,sigma_z44,sigma_z45,sigma_z46,sigma_z47,sigma_z48,sigma_z49,sigma_z50,sigma_z51,sigma_z52,sigma_z53,sigma_z54,sigma_z55,sigma_z56,sigma_z57,sigma_z58,sigma_z59,sigma_z60,sigma_z61,sigma_z62,sigma_z63,status_z0,status_z1,status_z2,status_z3,status_z4,status_z5,status_z6,status_z7,status_z8,status_z9,status_z10,status_z11,status_z12,status_z13,status_z14,status_z15,status_z16,status_z17,status_z18,status_z19,status_z20,status_z21,status_z22,status_z23,status_z24,status_z25,status_z26,status_z27,status_z28,status_z29,status_z30,status_z31,status_z32,status_z33,status_z34,status_z35,status_z36,status_z37,status_z38,status_z39,status_z40,status_z41,status_z42,status_z43,status_z44,status_z45,status_z46,status_z47,status_z48,status_z49,status_z50,status_z51,status_z52,status_z53,status_z54,status_z55,status_z56,status_z57,status_z58,status_z59,status_z60,status_z61,status_z62,status_z63
0,692,673,669,668,664,658,652,659,688,681,685,677,670,668,664,659,692,691,683,675,675,668,669,666,710,689,687,683,677,683,672,666,710,699,703,689,686,685,673,686,710,709,709,703,694,687,685,678,716,702,705,703,698,694,680,690,735,715,715,713,712,686,709,708,5,6,4,4,3,4,3,5,5,4,4,4,4,4,4,4,6,6,5,4,4,4,3,4,5,5,5,4,4,4,4,5,6,4,4,4,5,5,5,5,5,7,5,5,5,5,5,5,6,6,5,6,5,5,5,6,8,7,5,7,5,5,6,8,5,5,5,5,5,5,5,5,5,5,5,5,5,5,5,5,5,5,5,5,5,5,5,5,5,5,5,5,5,5,5,5,5,5,5,5,5,5,5,5,5,5,5,5,5,5,5,5,5,5,5,5,5,5,5,5,5,5,5,5,5,5,5,5
1,686,680,674,667,660,651,657,652,686,683,678,674,678,673,668,664,681,688,677,678,679,673,666,663,680,695,690,694,674,680,677,672,715,699,695,690,690,673,678,672,719,711,701,700,677,686,689,697,728,719,713,699,693,697,697,700,709,728,711,706,708,703,695,689,7,4,4,4,4,4,4,5,5,4,4,5,4,4,4,4,7,5,5,5,4,4,4,4,6,5,6,5,4,4,5,4,5,5,5,5,5,5,5,5,5,6,5,5,5,4,5,6,5,7,5,6,5,5,7,6,7,8,6,7,5,7,7,9,5,5,5,5,5,5,5,5,5,5,5,5,5,5,5,5,5,5,5,5,5,5,5,5,5,5,5,5,5,5,5,5,5,5,5,5,5,5,5,5,5,5,5,5,5,5,5,5,5,5,5,5,5,5,5,5,5,5,5,5,5,5,5,5
2,671,673,670,663,663,662,650,659,682,683,678,673,667,657,661,656,684,684,681,679,669,666,658,666,700,693,694,689,682,680,669,684,700,709,696,685,685,689,676,671,715,705,703,712,699,692,682,680,718,727,715,700,695,692,695,686,733,722,730,714,710,700,693,705,5,5,4,4,3,4,3,5,5,4,4,4,4,4,3,4,6,6,4,4,4,4,4,4,5,4,6,4,4,4,4,5,6,5,4,5,4,5,4,4,5,5,4,5,4,5,4,5,5,6,6,6,5,4,6,6,10,8,5,7,6,6,5,7,5,5,5,5,5,5,5,5,5,5,5,5,5,5,5,5,5,5,5,5,5,5,5,5,5,5,5,5,5,5,5,5,5,5,5,5,5,5,5,5,5,5,5,5,5,5,5,5,5,5,5,5,5,5,5,5,5,5,5,5,5,5,5,5
3,682,676,659,672,665,666,653,649,677,692,679,679,663,664,661,658,690,671,678,674,677,662,661,662,702,691,693,682,680,678,668,669,711,699,701,690,690,695,683,685,714,701,704,706,705,697,685,680,720,711,702,695,698,692,691,690,722,733,717,713,697,697,697,682,5,5,4,4,4,4,4,5,5,5,4,4,5,4,5,5,6,6,5,5,4,4,4,4,6,4,5,4,5,4,4,5,6,5,4,5,5,4,5,5,6,6,5,5,5,4,5,5,6,7,6,5,5,5,6,6,7,8,6,6,6,6,6,10,5,5,5,5,5,5,5,5,5,5,5,5,5,5,5,5,5,5,5,5,5,5,5,5,5,5,5,5,5,5,5,5,5,5,5,5,5,5,5,5,5,5,5,5,5,5,5,5,5,5,5,5,5,5,5,5,5,5,5,5,5,5,5,5
4,676,674,670,670,664,651,656,661,686,681,669,682,669,663,660,662,690,684,678,686,675,673,669,656,712,692,697,683,677,677,667,670,702,706,693,679,687,682,677,684,714,703,705,685,700,690,690,691,719,706,705,698,705,689,694,685,726,729,711,713,705,707,694,701,5,5,4,4,4,4,4,5,4,4,4,5,4,4,3,4,6,5,5,5,4,4,4,4,6,4,4,5,4,4,5,5,5,5,5,4,4,5,5,5,6,5,5,5,6,4,5,5,5,6,6,5,6,5,4,6,8,8,5,8,6,5,6,9,5,5,5,5,5,5,5,5,5,5,5,5,5,5,5,5,5,5,5,5,5,5,5,5,5,5,5,5,5,5,5,5,5,5,5,5,5,5,5,5,5,5,5,5,5,5,5,5,5,5,5,5,5,5,5,5,5,5,5,5,5,5,5,5
5,675,675,671,666,658,655,658,657,687,683,676,674,670,671,665,655,681,692,692,681,669,667,669,666,695,690,696,693,672,674,680,669,700,694,693,689,686,681,683,681,706,712,698,702,698,697,689,689,707,713,699,709,699,698,696,692,716,730,717,723,712,695,705,706,5,4,4,4,4,4,4,6,4,5,4,4,4,4,5,4,6,7,4,5,4,4,5,4,6,5,5,5,4,4,5,5,6,4,4,5,5,5,5,5,5,6,5,5,5,4,5,4,7,7,6,7,5,6,5,6,7,9,6,8,5,6,6,9,5,5,5,5,5,5,5,5,5,5,5,5,5,5,5,5,5,5,5,5,5,5,5,5,5,5,5,5,5,5,5,5,5,5,5,5,5,5,5,5,5,5,5,5,5,5,5,5,5,5,5,5,5,5,5,5,5,5,5,5,5,5,5,5
6,660,668,672,669,657,654,655,657,693,675,678,679,671,663,666,655,688,692,683,682,677,669,671,663,710,690,688,678,682,679,680,661,704,702,698,690,695,686,677,668,714,699,695,694,699,684,692,678,720,710,710,700,701,694,698,694,733,716,704,720,698,702,707,687,5,5,4,4,4,3,4,5,5,4,4,4,4,4,4,4,5,6,4,4,4,4,3,4,6,4,5,4,4,4,4,5,6,5,4,5,5,4,4,5,5,5,5,5,5,4,4,5,7,7,5,5,5,5,4,6,6,8,5,7,7,5,5,8,5,5,5,5,5,5,5,5,5,5,5,5,5,5,5,5,5,5,5,5,5,5,5,5,5,5,5,5,5,5,5,5,5,5,5,5,5,5,5,5,5,5,5,5,5,5,5,5,5,5,5,5,5,5,5,5,5,5,5,5,5,5,5,5
7,672,679,672,671,657,660,660,652,688,675,677,675,667,663,671,660,699,683,683,680,677,663,673,660,686,701,694,680,670,674,671,671,699,697,694,690,696,682,675,676,707,709,707,703,700,686,682,685,716,710,702,713,694,696,678,685,712,711,709,697,706,700,714,690,6,5,5,4,4,3,4,4,6,5,4,4,4,4,4,4,8,6,5,4,4,4,4,4,6,6,4,4,4,5,5,5,7,5,5,6,5,4,5,5,5,6,5,5,5,4,5,6,5,6,6,7,5,5,6,6,8,9,5,7,6,5,5,10,5,5,5,5,5,5,5,5,5,5,5,5,5,5,5,5,5,5,5,5,5,5,5,5,5,5,5,5,5,5,5,5,5,5,5,5,5,5,5,5,5,5,5,5,5,5,5,5,5,5,5,5,5,5,5,5,5,5,5,5,5,5,5,5
8,676,680,670,662,657,652,659,653,694,675,683,669,667,669,666,659,691,689,687,676,673,676,661,660,695,679,696,679,681,681,666,664,689,700,691,684,690,678,683,676,711,712,705,697,689,693,688,686,721,716,706,703,700,692,701,697,728,716,724,702,708,700,701,691,7,4,4,4,4,4,4,4,5,4,4,4,4,4,4,4,6,6,6,4,4,5,4,4,6,5,5,4,4,4,4,5,6,4,4,5,5,4,4,5,5,6,5,5,5,4,5,5,6,6,5,6,5,4,5,5,7,8,6,6,6,5,5,9,5,5,5,5,5,5,5,5,5,5,5,5,5,5,5,5,5,5,5,5,5,5,5,5,5,5,5,5,5,5,5,5,5,5,5,5,5,5,5,5,5,5,5,5,5,5,5,5,5,5,5,5,5,5,5,5,5,5,5,5,5,5,5,5
9,680,680,668,663,660,666,649,663,687,682,680,664,676,673,661,663,690,685,677,691,671,674,666,660,702,684,693,688,689,674,681,672,700,704,695,696,688,684,678,678,714,705,702,699,697,691,687,685,708,714,706,718,705,692,703,685,716,721,709,707,716,714,693,694,5,5,5,4,4,4,4,5,6,4,4,4,5,5,4,4,8,6,5,4,4,4,5,5,7,5,6,4,4,4,5,5,8,4,5,5,5,4,4,5,5,6,5,5,5,4,5,5,7,7,6,6,6,5,5,7,7,10,5,8,6,6,6,10,5,5,5,5,5,5,5,5,5,5,5,5,5,5,5,5,5,5,5,5,5,5,5,5,5,5,5,5,5,5,5,5,5,5,5,5,5,5,5,5,5,5,5,5,5,5,5,5,5,5,5,5,5,5,5,5,5,5,5,5,5,5,5,5
10,670,683,669,662,660,653,659,649,695,681,676,669,662,660,669,656,689,683,679,679,677,665,675,665,703,702,689,691,689,679,671,671,705,700,690,690,686,678,674,672,728,707,703,692,688,686,682,682,703,709,713,694,708,691,693,697,709,730,711,708,704,704,702,699,5,4,4,4,4,4,4,4,5,4,4,4,4,4,3,4,5,5,5,5,4,5,4,3,5,4,5,4,4,4,5,4,7,4,5,5,5,4,5,4,4,5,5,4,6,5,6,6,6,7,6,5,5,5,6,6,5,8,5,8,5,6,7,12,5,5,5,5,5,5,5,5,5,5,5,5,5,5,5,5,5,5,5,5,5,5,5,5,5,5,5,5,5,5,5,5,5,5,5,5,5,5,5,5,5,5,5,5,5,5,5,5,5,5,5,5,5,5,5,5,5,5,5,5,5,5,5,5
11,678,676,666,670,663,659,656,655,688,683,673,665,663,658,655,660,693,690,679,678,670,665,663,668,703,687,691,688,679,677,678,661,709,694,689,693,684,685,687,679,708,707,697,705,692,690,688,676,715,717,697,696,705,699,699,688,711,724,732,708,700,709,705,694,5,4,5,4,4,4,4,5,5,4,4,4,4,4,4,4,6,5,5,5,4,4,4,5,7,4,6,5,4,4,5,5,5,4,5,4,5,5,4,5,6,6,5,6,5,6,5,5,7,8,7,5,5,6,6,7,7,10,6,6,6,5,6,10,5,5,5,5,5,5,5,5,5,5,5,5,5,5,5,5,5,5,5,5,5,5,5,5,5,5,5,5,5,5,5,5,5,5,5,5,5,5,5,5,5,5,5,5,5,5,5,5,5,5,5,5,5,5,5,5,5,5,5,5,5,5,5,5
12,679,678,662,670,665,651,663,662,687,675,679,670,668,661,662,657,702,685,677,676,674,663,665,658,707,692,684,686,679,675,675,659,716,711,691,699,691,684,679,679,718,710,705,702,690,697,685,682,704,706,700,707,702,693,689,680,727,721,713,713,703,703,700,710,5,4,3,4,4,4,4,5,5,4,4,5,4,4,4,4,5,6,4,4,4,4,4,4,5,5,5,5,4,4,5,4,6,5,5,5,5,4,5,4,5,5,5,4,6,5,5,5,6,6,5,4,5,4,6,7,7,8,5,7,6,6,6,8,5,5,5,5,5,5,5,5,5,5,5,5,5,5,5,5,5,5,5,5,5,5,5,5,5,5,5,5,5,5,5,5,5,5,5,5,5,5,5,5,5,5,5,5,5,5,5,5,5,5,5,5,5,5,5,5,5,5,5,5,5,5,5,5
13,677,682,667,668,659,661,658,652,684,686,666,676,673,663,655,664,698,691,687,685,674,665,666,661,698,704,697,689,678,671,666,673,703,701,697,697,690,689,682,674,717,710,705,704,691,683,681,675,721,706,704,705,699,696,695,704,718,711,724,720,702,690,701,685,5,5,4,4,4,4,4,5,5,5,4,4,5,3,4,4,6,5,5,5,4,4,4,4,6,5,5,5,5,4,5,5,6,5,4,5,5,4,4,4,5,5,4,5,7,5,6,5,6,7,7,5,5,5,5,9,8,9,6,9,6,5,7,10,5,5,5,5,5,5,5,5,5,5,5,5,5,5,5,5,5,5,5,5,5,5,5,5,5,5,5,5,5,5,5,5,5,5,5,5,5,5,5,5,5,5,5,5,5,5,5,5,5,5,5,5,5,5,5,5,5,5,5,5,5,5,5,5
14,677,678,668,667,656,654,665,651,691,683,679,677,668,666,657,655,692,682,677,678,674,674,661,662,700,698,690,683,688,677,672,658,709,698,696,692,695,680,684,668,718,703,692,699,704,680,689,688,721,710,721,714,698,692,698,691,728,724,715,717,695,701,698,692,5,4,4,4,4,4,4,4,5,4,4,4,4,4,3,4,6,5,4,5,4,5,4,4,7,5,5,4,4,4,4,6,5,4,5,5,5,4,4,4,4,5,5,5,4,5,6,6,6,6,6,5,6,5,5,6,9,9,5,7,6,6,5,10,5,5,5,5,5,5,5,5,5,5,5,5,5,5,5,5,5,5,5,5,5,5,5,5,5,5,5,5,5,5,5,5,5,5,5,5,5,5,5,5,5,5,5,5,5,5,5,5,5,5,5,5,5,5,5,5,5,5,5,5,5,5,5,5
15,677,677,659,666,660,662,652,657,689,677,668,673,663,674,662,666,693,678,692,679,670,667,657,666,692,695,690,685,679,672,664,671,704,692,688,688,688,678,678,673,706,702,702,705,688,691,685,677,718,705,712,694,694,702,697,687,736,715,721,716,704,692,696,698,5,4,5,4,4,4,3,4,5,4,4,4,4,4,4,5,5,6,4,5,4,4,4,4,5,5,6,5,4,4,4,4,6,5,5,5,6,5,4,5,5,6,5,5,6,5,5,6,7,7,5,6,6,5,5,6,9,8,5,6,5,7,6,10,5,5,5,5,5,5,5,5,5,5,5,5,5,5,5,5,5,5,5,5,5,5,5,5,5,5,5,5,5,5,5,5,5,5,5,5,5,5,5,5,5,5,5,5,5,5,5,5,5,5,5,5,5,5,5,5,5,5,5,5,5,5,5,5
16,682,669,672,667,658,654,652,654,687,678,677,674,672,664,661,657,687,683,678,681,672,677,662,661,698,693,693,683,681,681,662,667,701,703,694,695,692,684,683,681,713,712,701,699,698,686,688,695,717,704,709,696,698,705,697,699,724,727,720,713,697,707,691,696,5,4,4,4,4,4,4,5,5,4,5,4,4,4,4,3,5,6,5,5,4,4,4,4,6,4,5,4,4,4,4,4,6,4,4,4,5,4,4,5,5,4,5,5,4,5,5,5,7,6,6,5,4,6,5,6,8,7,5,8,6,5,5,10,5,5,5,5,5,5,5,5,5,5,5,5,5,5,5,5,5,5,5,5,5,5,5,5,5,5,5,5,5,5,5,5,5,5,5,5,5,5,5,5,5,5,5,5,5,5,5,5,5,5,5,5,5,5,5,5,5,5,5,5,5,5,5,5
17,687,680,669,665,659,653,656,664,680,679,681,674,667,665,667,660,696,695,683,687,685,670,663,676,696,702,696,688,681,678,669,671,701,699,698,696,687,699,679,675,712,709,698,692,689,693,697,679,724,714,704,706,713,696,694,696,723,709,720,710,697,702,706,685,6,4,5,5,4,4,4,5,5,4,4,5,4,5,5,4,6,6,5,6,4,4,4,5,6,5,6,5,4,4,5,5,5,5,4,5,5,4,5,5,6,6,5,5,5,5,6,5,5,7,6,6,6,6,5,7,9,11,6,8,6,5,5,9,5,5,5,5,5,5,5,5,5,5,5,5,5,5,5,5,5,5,5,5,5,5,5,5,5,5,5,5,5,5,5,5,5,5,5,5,5,5,5,5,5,5,5,5,5,5,5,5,5,5,5,5,5,5,5,5,5,5,5,5,5,5,5,5
18,682,665,673,668,664,658,661,654,695,687,680,675,672,664,662,656,690,694,681,685,670,668,664,659,711,682,692,689,688,677,669,662,700,702,696,696,695,688,674,680,719,704,706,705,696,689,687,688,719,715,710,700,697,696,697,689,730,715,716,717,713,700,696,705,5,5,4,4,4,3,4,3,5,5,4,4,4,4,3,4,7,6,4,5,4,4,4,4,7,5,5,4,5,4,4,4,5,4,4,5,5,4,4,5,6,6,6,6,5,4,5,6,7,6,8,5,5,5,5,6,9,9,5,8,7,5,7,9,5,5,5,5,5,5,5,5,5,5,5,5,5,5,5,5,5,5,5,5,5,5,5,5,5,5,5,5,5,5,5,5,5,5,5,5,5,5,5,5,5,5,5,5,5,5,5,5,5,5,5,5,5,5,5,5,5,5,5,5,5,5,5,5
19,685,681,662,653,655,655,661,655,686,682,677,666,671,672,658,667,698,691,683,684,684,662,670,668,698,699,687,685,680,679,678,664,714,707,708,686,697,680,678,673,702,696,701,699,692,692,701,688,713,715,703,696,705,700,691,689,709,721,715,700,719,699,697,699,6,5,4,5,4,5,5,4,4,4,4,4,4,4,5,4,6,6,6,5,5,4,4,5,6,5,5,4,4,4,4,5,6,5,5,5,6,5,5,6,6,5,5,5,6,4,7,5,6,9,7,6,5,5,6,6,10,9,5,6,6,6,5,8,5,5,5,5,5,5,5,5,5,5,5,5,5,5,5,5,5,5,5,5,5,5,5,5,5,5,5,5,5,5,5,5,5,5,5,5,5,5,5,5,5,5,5,5,5,5,5,5,5,5,5,5,5,5,5,5,5,5,5,5,5,5,5,5
20,685,680,668,666,657,658,658,645,689,683,680,676,678,665,658,662,679,688,687,680,667,676,665,663,697,689,693,686,677,672,679,671,695,700,687,701,688,685,672,673,713,702,702,705,693,690,680,687,726,723,700,705,704,693,702,700,738,724,716,707,704,704,702,695,6,4,4,4,3,3,4,4,5,5,3,5,5,4,4,4,6,5,4,5,4,4,4,4,6,4,5,4,4,4,5,5,7,4,5,4,4,5,4,4,5,5,5,5,6,4,6,6,6,8,6,6,5,5,4,7,10,9,4,6,7,7,5,9,5,5,5,5,5,5,5,5,5,5,5,5,5,5,5,5,5,5,5,5,5,5,5,5,5,5,5,5,5,5,5,5,5,5,5,5,5,5,5,5,5,5,5,5,5,5,5,5,5,5,5,5,5,5,5,5,5,5,5,5,5,5,5,5
21,675,678,673,669,654,663,656,655,685,682,674,671,663,664,666,663,695,671,687,679,677,664,660,663,710,698,693,682,683,680,675,668,692,703,695,693,694,675,677,677,712,697,701,700,681,681,690,682,729,717,708,694,707,689,695,682,722,733,713,706,706,705,695,708,5,5,5,4,4,4,4,5,6,5,5,4,4,4,3,4,5,7,4,5,4,4,4,4,5,5,5,4,4,4,5,4,7,5,4,5,5,4,5,5,5,5,4,5,6,5,5,5,6,7,6,6,6,5,5,7,7,8,6,6,8,6,5,8,5,5,5,5,5,5,5,5,5,5,5,5,5,5,5,5,5,5,5,5,5,5,5,5,5,5,5,5,5,5,5,5,5,5,5,5,5,5,5,5,5,5,5,5,5,5,5,5,5,5,5,5,5,5,5,5,5,5,5,5,5,5,5,5
22,677,680,673,659,659,654,653,644,690,683,674,675,670,663,669,647,687,695,675,680,678,677,668,668,705,697,694,688,678,685,668,662,708,705,689,696,689,687,674,672,720,713,706,699,703,681,684,689,718,708,713,709,694,693,695,684,712,711,717,702,711,707,697,687,5,5,4,4,4,4,4,5,6,5,4,3,4,4,4,4,6,5,4,5,4,5,4,4,4,4,5,4,4,5,4,4,5,5,4,4,4,4,4,4,5,6,4,5,5,5,4,6,5,8,5,5,5,5,5,6,8,8,6,7,5,5,6,9,5,5,5,5,5,5,5,5,5,5,5,5,5,5,5,5,5,5,5,5,5,5,5,5,5,5,5,5,5,5,5,5,5,5,5,5,5,5,5,5,5,5,5,5,5,5,5,5,5,5,5,5,5,5,5,5,5,5,5,5,5,5,5,5
23,688,675,667,664,666,657,659,657,698,681,682,679,667,664,657,663,692,685,683,683,679,668,668,666,691,695,689,690,686,670,672,673,698,699,695,684,682,679,681,681,716,702,712,703,695,693,693,692,721,722,709,701,697,695,706,697,726,719,713,715,705,713,702,693,6,5,4,5,4,4,4,4,5,4,4,5,4,4,4,4,5,6,5,4,4,5,5,4,7,5,5,4,4,4,5,4,6,5,5,5,5,4,4,5,6,5,5,5,6,5,5,5,6,7,7,6,5,6,6,7,8,8,5,8,6,6,6,12,5,5,5,5,5,5,5,5,5,5,5,5,5,5,5,5,5,5,5,5,5,5,5,5,5,5,5,5,5,5,5,5,5,5,5,5,5,5,5,5,5,5,5,5,5,5,5,5,5,5,5,5,5,5,5,5,5,5,5,5,5,5,5,5
24,677,682,672,678,655,660,655,659,682,686,677,669,668,661,661,654,690,692,687,675,672,668,664,660,711,701,693,693,683,678,674,677,709,704,698,691,692,684,690,677,708,704,699,699,683,696,693,679,722,708,706,699,707,693,696,688,725,751,722,712,710,690,708,701,5,4,4,4,3,4,4,5,5,5,4,4,4,4,4,4,6,5,5,4,4,4,4,4,5,5,5,4,4,4,5,5,6,5,5,5,5,4,4,5,6,5,5,5,5,4,5,4,6,7,5,5,6,5,5,6,9,15,6,7,5,5,5,8,5,5,5,5,5,5,5,5,5,5,5,5,5,5,5,5,5,5,5,5,5,5,5,5,5,5,5,5,5,5,5,5,5,5,5,5,5,5,5,5,5,5,5,5,5,5,5,5,5,5,5,5,5,5,5,5,5,5,5,5,5,5,5,5
25,684,678,668,670,659,654,653,650,683,682,677,662,672,672,659,660,680,691,677,682,675,664,664,667,700,695,691,686,692,673,662,671,702,698,689,689,702,688,685,667,713,706,696,704,690,688,682,686,721,716,710,702,703,695,684,693,721,730,716,700,710,704,708,707,6,4,4,5,4,4,4,5,5,4,4,4,5,4,4,4,7,5,5,5,4,4,5,4,6,5,5,4,4,4,4,5,6,5,5,5,5,6,6,5,5,5,5,5,6,4,5,6,6,7,5,6,6,6,6,7,7,10,6,7,7,5,6,9,5,5,5,5,5,5,5,5,5,5,5,5,5,5,5,5,5,5,5,5,5,5,5,5,5,5,5,5,5,5,5,5,5,5,5,5,5,5,5,5,5,5,5,5,5,5,5,5,5,5,5,5,5,5,5,5,5,5,5,5,5,5,5,5
26,670,676,669,672,662,664,648,656,680,685,682,664,673,663,663,662,687,706,686,684,672,668,663,652,703,693,680,680,685,674,674,671,712,699,697,690,691,682,675,666,711,712,695,693,698,695,690,685,710,716,708,698,697,693,688,687,731,729,714,708,703,695,701,683,4,4,4,4,4,4,4,5,5,5,4,4,4,4,4,4,7,6,5,4,4,4,4,4,5,5,4,4,4,4,5,4,5,5,5,4,6,4,5,5,6,4,4,5,5,5,6,5,6,7,6,6,6,5,5,6,8,7,5,6,6,5,7,8,5,5,5,5,5,5,5,5,5,5,5,5,5,5,5,5,5,5,5,5,5,5,5,5,5,5,5,5,5,5,5,5,5,5,5,5,5,5,5,5,5,5,5,5,5,5,5,5,5,5,5,5,5,5,5,5,5,5,5,5,5,5,5,5
27,674,676,675,661,663,649,651,660,689,677,679,664,670,663,655,660,683,692,671,671,687,657,663,664,692,696,686,680,685,676,672,673,703,696,691,695,686,676,677,679,715,705,695,695,697,690,684,683,714,724,717,704,700,694,699,689,722,719,719,700,707,695,707,696,5,4,4,4,4,4,4,5,6,4,4,4,4,4,4,4,6,7,4,5,4,4,4,4,6,4,5,4,4,4,5,5,6,4,5,5,4,4,5,5,6,5,5,7,5,5,6,6,7,9,6,6,5,5,5,6,8,7,6,6,7,6,7,7,5,5,5,5,5,5,5,5,5,5,5,5,5,5,5,5,5,5,5,5,5,5,5,5,5,5,5,5,5,5,5,5,5,5,5,5,5,5,5,5,5,5,5,5,5,5,5,5,5,5,5,5,5,5,5,5,5,5,5,5,5,5,5,5
28,674,675,667,669,661,658,653,662,680,681,676,675,660,664,655,653,684,682,679,676,678,668,676,661,694,702,691,693,681,670,679,676,695,696,696,699,676,679,681,672,711,710,711,703,699,689,685,679,723,711,708,699,698,688,687,690,725,724,707,715,709,707,701,715,5,4,4,4,4,3,4,4,5,5,4,4,4,4,4,4,6,6,4,4,4,4,4,4,6,5,5,5,4,4,5,5,6,4,4,4,5,4,4,4,4,6,5,5,5,5,5,5,6,6,6,5,5,5,5,6,6,8,4,6,6,5,6,10,5,5,5,5,5,5,5,5,5,5,5,5,5,5,5,5,5,5,5,5,5,5,5,5,5,5,5,5,5,5,5,5,5,5,5,5,5,5,5,5,5,5,5,5,5,5,5,5,5,5,5,5,5,5,5,5,5,5,5,5,5,5,5,5
29,676,679,668,674,661,657,645,652,685,676,672,669,676,661,662,662,697,684,685,682,670,671,665,664,705,690,698,689,691,668,678,669,695,697,703,688,690,688,684,669,702,695,697,701,700,688,688,672,714,727,718,704,700,702,698,681,720,732,713,705,711,707,695,702,4,4,4,5,4,4,4,5,5,4,4,4,5,4,5,4,8,6,5,5,4,5,4,4,6,4,6,5,5,3,4,5,6,5,4,4,5,5,4,5,5,6,5,4,6,5,6,5,7,7,5,6,5,5,6,6,8,8,6,6,6,6,5,9,5,5,5,5,5,5,5,5,5,5,5,5,5,5,5,5,5,5,5,5,5,5,5,5,5,5,5,5,5,5,5,5,5,5,5,5,5,5,5,5,5,5,5,5,5,5,5,5,5,5,5,5,5,5,5,5,5,5,5,5,5,5,5,5
30,669,678,668,661,662,655,651,662,692,674,679,669,669,663,660,651,696,682,687,678,676,675,659,663,696,685,687,684,673,675,669,666,692,708,691,681,684,688,674,669,712,705,706,701,697,688,679,702,719,702,711,706,706,704,684,694,718,707,712,712,710,705,699,693,4,4,4,4,4,4,4,4,4,4,4,4,4,4,5,4,6,5,5,4,4,4,4,4,6,4,5,4,4,3,4,5,6,4,5,5,5,4,4,6,6,5,5,5,5,5,6,4,5,7,6,6,5,6,5,6,7,9,5,5,5,5,5,11,5,5,5,5,5,5,5,5,5,5,5,5,5,5,5,5,5,5,5,5,5,5,5,5,5,5,5,5,5,5,5,5,5,5,5,5,5,5,5,5,5,5,5,5,5,5,5,5,5,5,5,5,5,5,5,5,5,5,5,5,5,5,5,5
31,689,677,668,667,661,655,663,654,682,679,674,663,667,662,665,660,688,682,681,673,673,665,670,666,705,690,692,690,683,662,671,668,704,696,690,690,694,685,684,669,716,707,693,701,692,690,690,684,711,725,707,701,705,685,690,692,717,708,711,697,702,695,709,699,7,5,4,4,4,5,5,5,5,4,4,4,4,4,4,4,7,6,4,5,4,4,3,4,5,4,5,4,4,4,5,4,5,4,5,5,5,5,4,5,5,5,5,6,7,4,5,6,6,7,7,6,5,5,5,6,7,9,5,7,5,6,7,12,5,5,5,5,5,5,5,5,5,5,5,5,5,5,5,5,5,5,5,5,5,5,5,5,5,5,5,5,5,5,5,5,5,5,5,5,5,5,5,5,5,5,5,5,5,5,5,5,5,5,5,5,5,5,5,5,5,5,5,5,5,5,5,5
32,673,683,676,670,667,662,659,648,683,678,677,678,670,657,657,659,685,687,687,679,677,671,668,659,701,690,691,675,681,684,672,660,693,702,691,690,696,681,685,668,719,705,697,699,698,687,679,671,724,710,708,702,696,687,691,691,727,729,712,716,712,700,685,686,5,5,4,4,3,4,3,5,5,4,4,5,4,4,4,4,5,6,4,5,4,4,4,4,5,5,5,4,4,4,5,5,6,4,4,5,5,4,4,4,5,6,5,5,5,4,5,4,6,8,6,7,5,4,6,6,8,8,5,6,6,5,6,8,5,5,5,5,5,5,5,5,5,5,5,5,5,5,5,5,5,5,5,5,5,5,5,5,5,5,5,5,5,5,5,5,5,5,5,5,5,5,5,5,5,5,5,5,5,5,5,5,5,5,5,5,5,5,5,5,5,5,5,5,5,5,5,5
33,672,683,668,665,659,663,656,660,683,681,683,672,670,665,663,660,695,705,681,687,676,672,670,665,710,687,684,682,684,679,670,667,698,697,700,702,693,684,682,683,711,702,692,700,694,686,665,692,718,706,717,706,697,696,694,691,734,733,720,728,705,700,705,705,5,5,4,4,4,4,4,4,5,5,4,4,4,4,4,4,5,7,5,5,4,5,4,4,5,5,5,4,4,4,5,5,5,4,4,5,5,5,4,7,5,5,5,5,5,5,5,6,6,7,5,7,6,6,5,7,11,10,6,8,6,5,6,9,5,5,5,5,5,5,5,5,5,5,5,5,5,5,5,5,5,5,5,5,5,5,5,5,5,5,5,5,5,5,5,5,5,5,5,5,5,5,5,5,5,5,5,5,5,5,5,5,5,5,5,5,5,5,5,5,5,5,5,5,5,5,5,5
34,671,672,676,667,654,657,652,649,679,672,681,676,677,664,666,655,693,690,686,676,673,669,668,670,700,696,693,684,680,684,675,679,707,701,691,691,683,692,672,679,709,693,700,700,698,681,675,681,724,716,701,687,694,691,696,674,726,718,717,704,698,700,707,696,4,5,4,4,3,4,4,4,4,4,3,3,5,4,4,4,5,6,4,4,4,4,3,4,6,4,5,4,4,5,4,5,6,5,5,5,4,5,5,5,5,4,5,4,5,5,6,5,6,7,5,5,6,6,5,5,8,7,5,7,6,6,6,9,5,5,5,5,5,5,5,5,5,5,5,5,5,5,5,5,5,5,5,5,5,5,5,5,5,5,5,5,5,5,5,5,5,5,5,5,5,5,5,5,5,5,5,5,5,5,5,5,5,5,5,5,5,5,5,5,5,5,5,5,5,5,5,5
35,668,680,670,671,661,665,657,662,694,682,674,663,669,670,661,654,679,687,690,676,670,667,665,662,690,697,702,683,679,681,674,672,705,697,695,696,687,685,672,677,711,712,697,700,689,693,690,686,700,707,705,708,698,696,693,683,722,725,729,707,716,699,700,692,5,5,4,5,5,4,4,4,6,4,4,4,5,3,4,4,7,6,4,5,4,4,4,5,6,5,4,4,4,4,4,5,6,5,4,5,5,5,5,5,5,6,5,5,6,4,6,5,6,8,6,7,5,5,6,5,7,8,7,6,6,7,5,9,5,5,5,5,5,5,5,5,5,5,5,5,5,5,5,5,5,5,5,5,5,5,5,5,5,5,5,5,5,5,5,5,5,5,5,5,5,5,5,5,5,5,5,5,5,5,5,5,5,5,5,5,5,5,5,5,5,5,5,5,5,5,5,5
36,680,678,667,665,663,662,656,652,682,679,677,674,668,670,665,659,685,689,678,678,668,675,664,660,701,694,697,682,693,673,667,670,704,698,696,687,686,684,684,667,714,705,705,691,701,693,688,695,711,718,714,699,702,694,692,680,727,720,707,700,702,711,709,692,5,4,4,4,4,4,4,5,5,5,3,5,4,4,3,4,6,6,5,5,4,4,4,3,6,4,6,4,4,4,4,5,6,4,5,5,4,4,4,4,5,5,5,5,5,5,5,5,6,7,5,5,5,5,5,6,8,9,5,6,6,6,6,9,5,5,5,5,5,5,5,5,5,5,5,5,5,5,5,5,5,5,5,5,5,5,5,5,5,5,5,5,5,5,5,5,5,5,5,5,5,5,5,5,5,5,5,5,5,5,5,5,5,5,5,5,5,5,5,5,5,5,5,5,5,5,5,5
37,679,677,674,665,655,655,655,658,685,682,691,680,676,664,662,662,688,693,690,684,672,674,668,661,707,700,689,682,686,671,677,670,717,701,683,694,697,693,673,670,711,700,702,694,697,685,686,685,724,712,708,710,705,686,695,701,725,715,717,708,702,697,696,703,5,4,4,4,3,4,4,5,5,5,4,4,4,4,4,4,6,6,5,6,4,5,4,4,5,5,5,5,4,4,4,5,6,5,5,5,4,4,5,5,6,5,5,6,5,5,5,7,6,7,7,7,5,5,5,7,8,10,6,7,7,5,6,8,5,5,5,5,5,5,5,5,5,5,5,5,5,5,5,5,5,5,5,5,5,5,5,5,5,5,5,5,5,5,5,5,5,5,5,5,5,5,5,5,5,5,5,5,5,5,5,5,5,5,5,5,5,5,5,5,5,5,5,5,5,5,5,5
38,684,676,679,678,654,658,652,650,692,682,675,672,669,659,663,659,689,689,679,667,677,674,666,661,707,696,696,683,686,687,671,668,714,695,693,686,695,682,679,679,704,695,700,697,702,688,682,680,718,713,698,706,692,689,696,691,725,725,716,725,709,697,702,680,5,5,4,5,4,4,4,5,5,4,4,4,4,4,4,4,5,5,4,4,4,4,4,4,5,5,4,4,4,5,5,4,6,4,4,5,5,5,5,5,5,4,5,5,5,4,5,5,7,7,6,6,5,4,4,5,8,8,5,9,6,6,5,10,5,5,5,5,5,5,5,5,5,5,5,5,5,5,5,5,5,5,5,5,5,5,5,5,5,5,5,5,5,5,5,5,5,5,5,5,5,5,5,5,5,5,5,5,5,5,5,5,5,5,5,5,5,5,5,5,5,5,5,5,5,5,5,5
39,680,676,669,668,664,665,652,662,693,681,678,672,676,659,670,655,685,688,680,671,669,674,671,661,708,691,677,688,681,674,675,666,706,698,690,686,691,677,681,671,710,721,705,700,696,695,678,686,733,701,703,704,698,694,700,696,728,720,719,715,706,690,697,692,6,5,4,4,4,4,5,4,6,5,4,4,4,5,4,4,6,5,5,4,4,5,4,4,8,4,5,5,4,4,5,5,6,4,5,5,5,4,5,5,5,5,5,5,5,5,6,6,7,7,7,6,5,4,6,6,11,11,5,7,7,5,6,12,5,5,5,5,5,5,5,5,5,5,5,5,5,5,5,5,5,5,5,5,5,5,5,5,5,5,5,5,5,5,5,5,5,5,5,5,5,5,5,5,5,5,5,5,5,5,5,5,5,5,5,5,5,5,5,5,5,5,5,5,5,5,5,5
40,676,681,669,664,659,653,657,661,683,685,680,669,668,663,655,652,701,693,679,676,669,677,664,660,701,698,685,690,677,672,671,662,703,698,692,699,693,683,683,688,709,696,702,691,693,691,676,683,716,705,699,711,702,693,698,693,729,724,714,704,698,707,706,687,5,6,4,4,4,4,4,4,5,5,3,4,4,3,4,4,6,6,4,4,3,5,4,3,5,4,5,4,4,4,4,5,6,4,4,5,5,4,4,5,5,5,5,5,6,4,5,6,6,6,6,7,4,5,5,6,8,7,5,7,6,4,5,8,5,5,5,5,5,5,5,5,5,5,5,5,5,5,5,5,5,5,5,5,5,5,5,5,5,5,5,5,5,5,5,5,5,5,5,5,5,5,5,5,5,5,5,5,5,5,5,5,5,5,5,5,5,5,5,5,5,5,5,5,5,5,5,5
41,676,682,671,671,664,656,666,660,683,682,684,674,671,668,655,650,707,689,684,672,676,667,666,664,709,695,688,685,679,673,679,662,706,708,687,695,684,688,680,677,711,705,697,707,696,687,685,680,716,728,708,702,700,691,680,690,715,729,723,719,721,695,702,679,6,5,5,5,4,4,4,4,5,5,4,4,4,4,4,4,6,6,5,4,4,4,5,4,5,4,5,4,4,5,4,5,6,5,5,5,5,5,4,5,6,6,5,6,7,5,5,5,5,8,6,6,5,5,5,6,8,13,6,8,6,5,6,13,5,5,5,5,5,5,5,5,5,5,5,5,5,5,5,5,5,5,5,5,5,5,5,5,5,5,5,5,5,5,5,5,5,5,5,5,5,5,5,5,5,5,5,5,5,5,5,5,5,5,5,5,5,5,5,5,5,5,5,5,5,5,5,5
42,678,678,664,668,657,651,652,655,689,681,674,677,667,659,659,654,698,698,675,679,676,663,667,657,706,692,701,686,677,674,667,676,711,703,695,692,687,683,676,670,717,703,700,701,691,685,685,689,730,710,707,706,697,685,701,695,713,709,718,711,693,688,696,701,5,4,3,4,4,5,4,4,5,4,4,4,4,4,3,4,6,7,4,4,4,4,5,4,5,5,6,4,4,4,4,5,6,4,5,5,5,5,4,5,5,5,4,5,6,5,5,4,6,7,5,6,5,5,6,6,8,8,5,8,6,5,6,10,5,5,5,5,5,5,5,5,5,5,5,5,5,5,5,5,5,5,5,5,5,5,5,5,5,5,5,5,5,5,5,5,5,5,5,5,5,5,5,5,5,5,5,5,5,5,5,5,5,5,5,5,5,5,5,5,5,5,5,5,5,5,5,5
43,674,682,668,668,660,659,656,649,696,681,677,678,676,663,656,664,683,685,686,676,671,670,666,662,703,702,691,684,683,688,672,678,711,696,692,694,697,681,683,677,714,715,699,691,692,691,679,680,715,711,707,709,697,683,690,695,725,705,719,713,706,702,702,696,5,5,4,4,4,4,4,4,6,5,4,4,5,4,4,5,6,5,5,5,4,4,4,4,7,5,5,4,4,5,4,5,6,5,4,6,5,4,5,5,5,5,5,4,7,5,6,5,6,8,6,6,5,5,6,7,7,8,6,7,8,6,6,13,5,5,5,5,5,5,5,5,5,5,5,5,5,5,5,5,5,5,5,5,5,5,5,5,5,5,5,5,5,5,5,5,5,5,5,5,5,5,5,5,5,5,5,5,5,5,5,5,5,5,5,5,5,5,5,5,5,5,5,5,5,5,5,5
44,677,677,676,662,669,655,654,648,680,681,680,673,666,669,662,662,687,687,676,671,676,675,667,656,696,702,696,686,688,681,680,673,711,696,698,683,685,680,674,675,721,701,699,706,694,686,681,683,718,725,706,703,700,692,693,692,712,723,714,715,704,701,697,693,5,4,4,4,3,4,4,4,5,4,4,4,4,4,4,4,6,6,5,4,4,4,5,4,5,5,4,5,4,4,5,4,6,4,4,4,4,5,4,4,5,5,4,5,6,4,5,5,6,8,6,6,5,4,6,6,7,8,5,7,6,6,5,12,5,5,5,5,5,5,5,5,5,5,5,5,5,5,5,5,5,5,5,5,5,5,5,5,5,5,5,5,5,5,5,5,5,5,5,5,5,5,5,5,5,5,5,5,5,5,5,5,5,5,5,5,5,5,5,5,5,5,5,5,5,5,5,5
45,680,675,671,668,653,658,666,657,675,682,681,672,672,660,661,653,701,700,686,684,673,670,661,665,704,698,692,690,684,679,670,673,708,699,702,685,685,683,683,662,707,703,692,705,705,692,677,686,710,713,718,706,699,702,696,680,721,739,715,725,704,710,702,705,5,4,5,4,4,4,4,4,5,4,4,4,4,4,4,4,5,7,4,5,4,4,4,4,6,5,5,4,4,5,5,5,6,5,4,5,5,5,4,5,5,5,4,6,5,4,6,4,6,6,6,6,6,6,6,6,8,11,6,8,7,5,6,8,5,5,5,5,5,5,5,5,5,5,5,5,5,5,5,5,5,5,5,5,5,5,5,5,5,5,5,5,5,5,5,5,5,5,5,5,5,5,5,5,5,5,5,5,5,5,5,5,5,5,5,5,5,5,5,5,5,5,5,5,5,5,5,5
46,669,668,670,663,661,661,655,644,703,673,677,678,667,662,667,661,690,679,679,684,674,672,667,664,704,705,687,681,689,670,672,652,701,692,703,692,690,694,681,678,712,711,701,701,697,681,690,683,713,710,701,703,710,694,689,686,715,717,711,707,708,703,691,699,5,4,4,4,3,4,3,4,6,4,4,4,4,4,4,4,6,6,5,5,3,5,4,4,5,5,5,4,4,4,4,5,7,4,4,5,5,4,5,5,5,6,5,5,6,5,4,6,6,6,5,5,6,5,5,6,8,8,5,8,6,5,5,8,5,5,5,5,5,5,5,5,5,5,5,5,5,5,5,5,5,5,5,5,5,5,5,5,5,5,5,5,5,5,5,5,5,5,5,5,5,5,5,5,5,5,5,5,5,5,5,5,5,5,5,5,5,5,5,5,5,5,5,5,5,5,5,5
47,679,671,668,662,661,666,651,645,679,673,676,668,667,667,659,663,683,692,670,677,678,677,671,662,700,688,696,689,676,676,679,675,715,704,688,694,683,681,679,679,719,703,699,695,694,684,697,695,721,715,702,715,698,688,691,691,713,734,712,706,705,717,703,708,6,5,4,6,4,4,4,4,6,4,4,4,4,5,5,4,7,7,4,5,4,5,4,4,8,5,5,4,5,5,5,5,6,5,4,5,5,5,6,6,5,6,5,5,5,5,6,5,6,6,6,7,5,5,6,6,6,8,6,7,6,7,6,13,5,5,5,5,5,5,5,5,5,5,5,5,5,5,5,5,5,5,5,5,5,5,5,5,5,5,5,5,5,5,5,5,5,5,5,5,5,5,5,5,5,5,5,5,5,5,5,5,5,5,5,5,5,5,5,5,5,5,5,5,5,5,5,5
48,684,675,670,669,659,656,662,645,696,675,674,666,669,668,663,663,678,688,690,681,676,668,673,661,695,696,690,693,686,674,672,671,701,706,698,684,685,684,682,670,704,711,698,698,698,691,682,686,732,712,708,711,695,699,691,684,719,720,717,716,712,712,702,702,6,4,4,4,4,4,4,4,5,4,3,4,4,4,3,4,6,5,4,5,4,4,4,4,6,4,5,5,5,4,5,5,6,4,4,4,5,4,4,4,8,6,4,5,6,5,5,4,6,6,6,6,5,5,6,5,7,9,6,7,6,5,6,9,5,5,5,5,5,5,5,5,5,5,5,5,5,5,5,5,5,5,5,5,5,5,5,5,5,5,5,5,5,5,5,5,5,5,5,5,5,5,5,5,5,5,5,5,5,5,5,5,5,5,5,5,5,5,5,5,5,5,5,5,5,5,5,5
49,680,686,674,667,664,655,658,654,683,686,679,677,672,659,662,657,705,693,692,678,671,676,674,663,713,684,686,692,677,681,680,674,696,707,698,697,696,688,681,669,718,702,709,695,699,699,685,679,715,724,709,703,693,696,682,699,716,714,714,700,711,691,696,690,5,4,4,4,4,4,4,5,6,5,5,5,4,3,4,4,6,6,4,4,4,4,4,5,6,5,5,5,4,5,4,5,7,5,4,4,4,4,4,5,5,6,5,5,5,4,4,5,8,8,6,6,5,5,6,7,7,9,5,7,6,5,5,12,5,5,5,5,5,5,5,5,5,5,5,5,5,5,5,5,5,5,5,5,5,5,5,5,5,5,5,5,5,5,5,5,5,5,5,5,5,5,5,5,5,5,5,5,5,5,5,5,5,5,5,5,5,5,5,5,5,5,5,5,5,5,5,5
50,689,678,671,666,654,656,653,657,687,684,677,667,663,662,664,655,683,684,689,670,670,678,663,665,703,692,691,693,679,684,679,677,705,701,695,686,686,691,681,674,704,710,700,690,697,682,683,680,720,711,710,698,702,694,700,685,716,735,716,713,702,693,698,691,6,4,4,4,4,4,4,5,5,4,3,4,4,4,4,4,6,5,4,4,4,4,3,4,5,4,5,5,4,5,4,5,5,4,4,5,4,5,5,5,6,6,5,5,4,5,5,5,7,6,5,6,4,5,5,6,7,7,5,7,7,5,5,8,5,5,5,5,5,5,5,5,5,5,5,5,5,5,5,5,5,5,5,5,5,5,5,5,5,5,5,5,5,5,5,5,5,5,5,5,5,5,5,5,5,5,5,5,5,5,5,5,5,5,5,5,5,5,5,5,5,5,5,5,5,5,5,5
51,678,676,667,667,655,662,658,653,694,677,687,669,660,660,668,662,685,695,685,682,677,669,670,666,699,687,685,681,681,674,674,675,712,700,696,687,682,688,675,679,716,706,709,707,693,689,677,681,710,706,716,703,695,701,693,696,727,703,715,701,707,703,700,701,5,5,4,4,4,4,4,5,5,5,4,4,4,4,4,5,6,7,4,5,4,4,4,4,6,5,5,4,4,5,5,6,7,5,4,5,5,4,5,5,5,6,5,5,6,5,4,5,6,7,6,7,5,6,6,6,8,8,7,7,7,5,6,14,5,5,5,5,5,5,5,5,5,5,5,5,5,5,5,5,5,5,5,5,5,5,5,5,5,5,5,5,5,5,5,5,5,5,5,5,5,5,5,5,5,5,5,5,5,5,5,5,5,5,5,5,5,5,5,5,5,5,5,5,5,5,5,5
52,683,665,666,664,660,661,653,654,685,677,683,669,671,665,668,658,681,689,677,677,672,674,670,656,705,693,699,685,673,681,658,668,706,702,700,687,685,687,684,672,705,705,709,696,700,687,690,686,711,701,714,702,700,693,693,686,701,715,721,723,696,704,707,690,5,4,4,4,4,4,4,5,4,5,4,4,4,4,3,4,7,5,5,4,4,4,3,4,5,5,5,4,4,4,4,4,8,4,4,5,4,4,4,5,5,5,5,5,5,5,5,6,6,7,7,6,5,5,5,6,7,10,5,9,6,5,5,9,5,5,5,5,5,5,5,5,5,5,5,5,5,5,5,5,5,5,5,5,5,5,5,5,5,5,5,5,5,5,5,5,5,5,5,5,5,5,5,5,5,5,5,5,5,5,5,5,5,5,5,5,5,5,5,5,5,5,5,5,5,5,5,5
53,672,674,673,669,662,661,658,652,687,678,674,671,660,661,662,654,695,689,674,682,679,663,671,661,689,689,685,687,681,679,668,677,714,709,702,694,700,681,682,680,713,707,698,705,698,688,685,683,713,702,714,709,700,700,689,695,717,722,713,700,701,699,713,690,6,5,4,4,4,4,4,4,4,4,5,4,4,4,4,4,6,7,4,5,5,4,4,4,5,4,5,4,4,4,5,5,5,5,4,5,5,5,4,5,6,6,5,6,5,4,5,7,7,7,5,6,5,6,5,7,7,11,6,6,6,6,8,13,5,5,5,5,5,5,5,5,5,5,5,5,5,5,5,5,5,5,5,5,5,5,5,5,5,5,5,5,5,5,5,5,5,5,5,5,5,5,5,5,5,5,5,5,5,5,5,5,5,5,5,5,5,5,5,5,5,5,5,5,5,5,5,5
54,678,673,678,670,655,649,658,658,687,674,680,670,665,664,653,660,702,693,678,674,671,670,669,661,699,698,688,676,679,669,671,670,701,705,689,699,688,689,671,672,719,709,702,698,707,685,676,689,712,707,705,714,698,694,695,698,732,710,724,715,717,701,712,695,5,4,4,4,4,4,4,5,5,4,4,4,4,4,4,3,6,6,4,5,4,5,3,4,5,4,6,4,4,4,5,5,6,5,4,5,5,4,5,5,5,4,4,5,5,5,5,5,6,6,6,5,5,5,5,6,8,8,5,8,5,4,6,10,5,5,5,5,5,5,5,5,5,5,5,5,5,5,5,5,5,5,5,5,5,5,5,5,5,5,5,5,5,5,5,5,5,5,5,5,5,5,5,5,5,5,5,5,5,5,5,5,5,5,5,5,5,5,5,5,5,5,5,5,5,5,5,5
55,685,678,670,664,659,649,653,653,682,680,670,671,670,669,669,656,685,695,682,675,675,675,659,661,691,694,700,682,682,676,669,685,711,693,701,693,700,689,678,662,707,707,709,698,687,681,676,686,719,717,713,712,710,695,689,694,712,716,717,715,706,706,711,704,6,4,4,4,4,4,5,5,6,4,4,4,4,4,4,4,6,6,5,5,4,5,5,4,6,5,4,4,5,5,5,6,6,5,4,5,6,5,4,4,5,6,5,5,6,5,5,6,6,7,6,5,4,5,6,6,7,9,5,7,6,5,7,9,5,5,5,5,5,5,5,5,5,5,5,5,5,5,5,5,5,5,5,5,5,5,5,5,5,5,5,5,5,5,5,5,5,5,5,5,5,5,5,5,5,5,5,5,5,5,5,5,5,5,5,5,5,5,5,5,5,5,5,5,5,5,5,5
56,686,669,675,663,666,661,665,651,695,679,672,674,665,665,663,654,689,697,675,680,679,677,665,670,708,699,699,684,681,677,675,669,708,689,688,689,690,679,689,670,709,706,696,698,696,683,688,684,721,703,707,698,705,690,690,689,712,713,717,700,712,693,701,685,4,5,4,4,3,4,4,5,4,4,4,4,4,4,4,4,5,5,4,4,4,5,4,5,5,5,4,4,4,4,5,4,5,4,4,5,4,4,5,4,4,6,4,5,5,5,5,5,7,6,5,6,5,4,6,6,6,7,5,7,7,5,5,9,5,5,5,5,5,5,5,5,5,5,5,5,5,5,5,5,5,5,5,5,5,5,5,5,5,5,5,5,5,5,5,5,5,5,5,5,5,5,5,5,5,5,5,5,5,5,5,5,5,5,5,5,5,5,5,5,5,5,5,5,5,5,5,5
57,685,672,668,669,660,658,653,650,681,675,675,674,665,669,660,657,688,678,675,679,678,671,664,667,700,697,692,680,686,685,677,667,713,703,685,695,701,685,682,689,720,704,701,696,686,688,685,693,720,713,707,691,691,701,691,698,750,722,722,720,708,705,693,698,6,5,4,4,4,5,4,5,5,4,5,4,4,4,4,4,7,5,5,5,5,4,4,5,5,4,5,4,5,5,6,5,6,5,5,4,6,5,4,6,7,6,5,5,6,4,5,5,6,8,7,5,5,5,5,7,9,8,6,8,6,5,6,7,5,5,5,5,5,5,5,5,5,5,5,5,5,5,5,5,5,5,5,5,5,5,5,5,5,5,5,5,5,5,5,5,5,5,5,5,5,5,5,5,5,5,5,5,5,5,5,5,5,5,5,5,5,5,5,5,5,5,5,5,5,5,5,5
58,686,679,669,673,664,655,653,650,697,678,667,682,674,663,657,658,702,689,681,681,680,676,661,659,703,695,688,680,680,679,677,665,715,709,686,694,681,690,678,672,715,701,702,706,699,688,672,675,716,723,705,702,696,685,692,687,711,737,718,700,709,699,699,681,6,4,4,4,3,4,4,6,6,4,4,4,4,4,4,3,5,5,5,5,4,5,4,4,5,4,5,4,4,4,5,5,6,5,4,5,5,3,4,5,5,5,4,5,6,5,5,5,7,6,5,7,4,4,5,6,8,9,5,7,6,5,5,9,5,5,5,5,5,5,5,5,5,5,5,5,5,5,5,5,5,5,5,5,5,5,5,5,5,5,5,5,5,5,5,5,5,5,5,5,5,5,5,5,5,5,5,5,5,5,5,5,5,5,5,5,5,5,5,5,5,5,5,5,5,5,5,5
59,668,673,669,678,656,664,654,655,690,679,678,664,666,659,664,660,690,686,690,673,677,681,663,670,711,704,688,684,680,676,676,662,712,699,693,704,682,682,676,669,721,706,711,696,688,688,699,680,721,717,707,702,700,692,695,692,715,717,723,723,710,694,711,686,5,4,5,5,4,4,4,5,6,5,4,4,4,4,5,4,6,6,5,5,4,5,4,6,6,5,5,4,4,5,5,5,6,5,5,4,5,5,5,6,6,6,6,4,5,4,5,5,6,6,6,7,6,5,5,7,7,7,6,8,5,6,7,10,5,5,5,5,5,5,5,5,5,5,5,5,5,5,5,5,5,5,5,5,5,5,5,5,5,5,5,5,5,5,5,5,5,5,5,5,5,5,5,5,5,5,5,5,5,5,5,5,5,5,5,5,5,5,5,5,5,5,5,5,5,5,5,5
60,676,681,673,666,667,656,649,652,687,682,679,670,666,662,662,654,682,689,692,676,679,673,665,660,692,697,679,685,683,673,676,670,707,702,691,691,691,685,679,672,715,701,697,706,694,693,692,677,724,715,717,702,700,692,692,686,723,717,722,716,709,705,702,700,5,4,4,4,3,4,4,5,5,4,4,4,4,4,4,4,6,7,4,4,4,4,4,4,5,4,5,4,4,4,5,4,5,4,5,5,5,4,4,5,6,4,4,5,6,4,5,5,6,6,5,6,5,5,6,7,8,8,6,7,5,5,7,8,5,5,5,5,5,5,5,5,5,5,5,5,5,5,5,5,5,5,5,5,5,5,5,5,5,5,5,5,5,5,5,5,5,5,5,5,5,5,5,5,5,5,5,5,5,5,5,5,5,5,5,5,5,5,5,5,5,5,5,5,5,5,5,5
61,670,682,671,666,664,660,658,653,683,683,676,673,674,670,658,657,706,676,675,681,671,661,664,670,695,690,685,692,683,681,667,673,717,708,695,691,691,684,679,673,707,704,699,704,709,687,690,673,724,720,710,695,708,699,695,687,713,719,732,718,704,702,678,686,5,4,5,4,4,3,4,4,4,5,4,4,5,5,4,4,6,5,4,5,4,4,5,5,6,4,5,5,5,5,5,5,6,6,4,5,5,5,4,5,5,5,5,6,5,5,5,6,6,7,5,5,6,5,6,5,8,7,6,6,6,6,6,9,5,5,5,5,5,5,5,5,5,5,5,5,5,5,5,5,5,5,5,5,5,5,5,5,5,5,5,5,5,5,5,5,5,5,5,5,5,5,5,5,5,5,5,5,5,5,5,5,5,5,5,5,5,5,5,5,5,5,5,5,5,5,5,5
62,673,671,670,669,666,661,655,662,682,675,670,671,665,663,671,656,699,692,681,677,682,664,670,663,699,699,685,684,682,669,677,672,706,700,703,691,693,685,681,688,715,698,707,698,692,685,692,683,711,717,715,704,704,693,695,679,716,722,721,712,707,708,709,702,5,4,4,4,3,4,4,4,5,4,4,5,4,4,4,4,6,5,5,5,4,4,5,4,6,5,5,4,4,4,5,4,6,4,4,5,5,5,4,5,5,5,5,5,5,4,5,5,7,7,5,6,6,5,5,6,7,7,5,5,6,5,6,10,5,5,5,5,5,5,5,5,5,5,5,5,5,5,5,5,5,5,5,5,5,5,5,5,5,5,5,5,5,5,5,5,5,5,5,5,5,5,5,5,5,5,5,5,5,5,5,5,5,5,5,5,5,5,5,5,5,5,5,5,5,5,5,5
63,684,686,669,668,657,665,665,657,685,679,680,678,664,664,662,659,690,683,673,675,678,668,666,666,710,692,710,682,682,671,670,677,700,699,697,687,683,691,675,672,723,715,710,695,700,691,691,680,727,723,706,699,695,695,702,695,721,722,714,704,712,713,699,696,6,5,4,4,4,4,5,5,5,5,3,5,4,4,5,4,5,6,5,5,3,5,4,5,5,4,5,4,4,4,4,5,6,5,6,5,4,4,5,5,6,5,5,5,7,5,5,5,6,8,6,6,5,5,6,7,7,8,6,9,5,6,6,11,5,5,5,5,5,5,5,5,5,5,5,5,5,5,5,5,5,5,5,5,5,5,5,5,5,5,5,5,5,5,5,5,5,5,5,5,5,5,5,5,5,5,5,5,5,5,5,5,5,5,5,5,5,5,5,5,5,5,5,5,5,5,5,5
64,676,680,662,664,653,661,657,660,686,674,668,664,669,667,668,656,686,691,674,677,672,666,669,661,705,693,696,680,682,670,672,665,704,699,690,698,685,679,686,673,705,709,701,691,687,704,681,682,719,701,715,703,694,701,700,678,736,702,709,717,693,701,708,689,5,4,4,4,4,4,4,4,4,4,4,4,4,4,4,4,6,5,5,4,4,4,4,4,4,5,5,3,4,4,4,4,7,4,4,5,4,4,4,4,5,6,4,6,6,5,5,6,5,7,5,6,5,5,5,6,8,7,4,6,6,6,5,9,5,5,5,5,5,5,5,5,5,5,5,5,5,5,5,5,5,5,5,5,5,5,5,5,5,5,5,5,5,5,5,5,5,5,5,5,5,5,5,5,5,5,5,5,5,5,5,5,5,5,5,5,5,5,5,5,5,5,5,5,5,5,5,5
65,683,675,668,671,670,654,655,650,688,682,679,672,666,664,658,666,696,702,686,678,672,666,665,666,694,694,694,685,685,683,672,667,706,704,700,685,694,686,685,673,698,716,710,698,700,684,686,679,722,719,709,700,708,702,694,686,732,724,720,710,718,700,706,702,6,5,4,4,4,4,4,4,5,5,3,4,4,4,4,5,7,5,6,5,4,4,4,4,6,4,5,4,4,5,4,5,6,5,4,5,4,5,4,5,5,5,5,5,6,5,5,5,7,7,5,6,6,5,6,7,9,10,5,7,6,5,6,8,5,5,5,5,5,5,5,5,5,5,5,5,5,5,5,5,5,5,5,5,5,5,5,5,5,5,5,5,5,5,5,5,5,5,5,5,5,5,5,5,5,5,5,5,5,5,5,5,5,5,5,5,5,5,5,5,5,5,5,5,5,5,5,5
66,687,666,665,665,654,654,651,657,695,678,678,675,664,662,664,654,688,688,686,678,677,669,662,666,705,691,683,694,680,683,674,669,697,696,696,691,694,688,683,670,715,705,706,692,686,688,692,688,711,727,717,715,697,700,692,701,716,712,707,709,702,702,712,705,6,4,4,4,4,4,3,4,5,4,4,5,4,4,4,4,5,5,5,4,3,4,3,4,5,4,5,4,4,4,5,5,6,4,4,4,5,5,4,5,5,6,4,6,6,4,5,5,6,7,6,4,5,5,7,6,8,9,4,6,6,7,7,9,5,5,5,5,5,5,5,5,5,5,5,5,5,5,5,5,5,5,5,5,5,5,5,5,5,5,5,5,5,5,5,5,5,5,5,5,5,5,5,5,5,5,5,5,5,5,5,5,5,5,5,5,5,5,5,5,5,5,5,5,5,5,5,5
67,682,679,670,669,662,658,664,653,684,682,677,674,670,658,667,657,676,684,688,685,666,662,667,662,698,697,692,690,679,676,672,664,694,711,700,696,683,681,669,680,704,701,707,700,702,685,682,694,728,722,703,710,702,696,693,701,738,730,709,713,699,708,697,698,5,5,5,5,4,3,4,5,5,4,4,5,4,4,4,4,6,6,5,5,4,4,4,5,5,5,5,5,5,4,5,5,6,5,4,5,5,4,5,5,5,6,5,5,6,4,5,5,7,8,5,6,6,5,5,7,9,8,6,7,6,6,6,11,5,5,5,5,5,5,5,5,5,5,5,5,5,5,5,5,5,5,5,5,5,5,5,5,5,5,5,5,5,5,5,5,5,5,5,5,5,5,5,5,5,5,5,5,5,5,5,5,5,5,5,5,5,5,5,5,5,5,5,5,5,5,5,5
68,673,677,669,672,662,656,665,662,687,672,676,671,674,663,655,666,697,681,685,679,675,666,673,658,702,687,690,673,676,676,673,680,704,700,692,701,686,678,674,674,705,709,702,697,700,693,689,699,719,694,703,694,695,694,693,687,718,711,712,708,699,714,697,705,4,4,4,4,4,5,4,4,5,4,5,4,5,4,4,4,4,5,4,5,4,5,4,4,6,5,5,4,4,4,4,5,6,4,4,4,5,4,4,4,5,6,4,5,5,5,5,4,6,7,6,5,5,5,5,6,7,10,5,8,6,5,6,10,5,5,5,5,5,5,5,5,5,5,5,5,5,5,5,5,5,5,5,5,5,5,5,5,5,5,5,5,5,5,5,5,5,5,5,5,5,5,5,5,5,5,5,5,5,5,5,5,5,5,5,5,5,5,5,5,5,5,5,5,5,5,5,5
69,680,674,667,666,663,659,662,663,688,679,678,662,671,661,661,653,697,682,683,676,670,667,664,663,704,686,690,684,687,679,678,660,705,706,692,691,685,689,683,671,712,718,707,701,695,688,689,686,715,712,713,713,700,691,697,686,727,710,712,713,714,704,695,688,5,4,4,5,4,5,4,4,6,5,4,5,4,4,4,5,5,7,4,5,4,5,5,4,7,5,5,4,4,5,4,5,6,5,5,5,4,5,4,6,6,5,4,5,5,6,5,6,6,7,6,7,5,6,5,6,9,9,6,6,6,6,6,10,5,5,5,5,5,5,5,5,5,5,5,5,5,5,5,5,5,5,5,5,5,5,5,5,5,5,5,5,5,5,5,5,5,5,5,5,5,5,5,5,5,5,5,5,5,5,5,5,5,5,5,5,5,5,5,5,5,5,5,5,5,5,5,5
70,683,688,676,660,655,655,657,648,686,682,676,671,661,661,654,660,685,689,686,677,665,672,657,664,701,696,682,681,681,679,669,662,696,696,699,690,692,690,680,667,710,699,707,702,703,689,688,678,728,704,716,710,693,682,690,683,739,720,726,708,700,690,697,707,6,4,4,3,3,4,4,4,4,4,4,4,3,4,4,4,6,5,4,4,3,4,4,4,5,5,5,4,4,4,5,4,6,5,5,5,5,4,4,5,6,5,5,5,5,6,5,5,5,7,5,6,5,4,5,6,6,7,6,9,5,6,7,8,5,5,5,5,5,5,5,5,5,5,5,5,5,5,5,5,5,5,5,5,5,5,5,5,5,5,5,5,5,5,5,5,5,5,5,5,5,5,5,5,5,5,5,5,5,5,5,5,5,5,5,5,5,5,5,5,5,5,5,5,5,5,5,5
71,675,679,667,669,663,656,653,649,693,673,683,667,674,660,662,655,697,674,682,687,674,662,659,676,701,698,684,678,676,679,673,657,713,693,693,696,687,681,673,672,718,705,708,690,701,695,682,672,723,726,713,702,693,701,687,697,723,711,723,707,710,708,705,683,6,5,4,4,4,4,4,5,6,4,4,4,4,4,4,4,6,6,5,5,4,4,5,5,5,5,5,4,4,4,5,5,7,4,4,5,6,4,5,5,6,5,6,6,8,4,5,5,7,5,5,6,6,6,5,7,8,9,5,7,8,6,6,10,5,5,5,5,5,5,5,5,5,5,5,5,5,5,5,5,5,5,5,5,5,5,5,5,5,5,5,5,5,5,5,5,5,5,5,5,5,5,5,5,5,5,5,5,5,5,5,5,5,5,5,5,5,5,5,5,5,5,5,5,5,5,5,5
72,679,678,677,674,663,659,659,652,682,684,675,673,663,662,666,648,691,684,682,679,672,673,666,667,699,693,700,683,678,677,675,675,709,698,703,701,687,682,682,670,710,704,708,697,700,695,683,676,726,712,713,699,704,693,683,684,718,738,716,713,714,695,701,705,6,4,4,5,3,4,4,4,4,5,4,4,4,4,4,4,5,5,5,5,4,4,4,4,6,4,6,4,4,3,5,4,6,4,4,4,5,4,5,5,6,5,5,5,4,4,4,5,8,6,6,7,5,5,6,6,8,9,5,7,6,5,6,7,5,5,5,5,5,5,5,5,5,5,5,5,5,5,5,5,5,5,5,5,5,5,5,5,5,5,5,5,5,5,5,5,5,5,5,5,5,5,5,5,5,5,5,5,5,5,5,5,5,5,5,5,5,5,5,5,5,5,5,5,5,5,5,5
73,674,674,677,663,660,671,655,655,695,684,679,669,671,664,658,666,684,695,677,685,680,674,664,663,694,696,694,687,678,677,676,667,694,713,698,686,676,686,673,680,710,707,708,696,684,698,683,681,712,718,706,705,703,695,686,694,735,738,720,709,709,697,698,689,5,5,5,4,4,4,4,4,5,5,4,4,4,4,4,5,6,6,5,6,5,5,4,4,6,5,4,4,4,4,5,5,6,6,4,5,4,4,5,5,6,6,5,5,5,5,4,6,6,8,7,6,4,5,5,6,9,10,6,6,6,5,6,9,5,5,5,5,5,5,5,5,5,5,5,5,5,5,5,5,5,5,5,5,5,5,5,5,5,5,5,5,5,5,5,5,5,5,5,5,5,5,5,5,5,5,5,5,5,5,5,5,5,5,5,5,5,5,5,5,5,5,5,5,5,5,5,5
74,677,677,670,666,664,657,652,657,691,681,668,671,663,664,661,657,690,684,680,681,677,679,669,662,691,700,696,681,682,673,667,665,708,696,702,689,693,684,682,677,710,699,707,698,684,699,688,689,721,709,702,707,697,681,695,691,720,730,714,712,701,693,707,685,5,4,5,4,4,4,4,5,5,4,4,4,4,4,4,4,7,5,4,5,4,4,4,3,6,5,5,4,4,4,5,4,5,4,4,5,5,4,4,5,5,5,5,5,5,4,6,5,6,6,5,5,5,4,5,6,7,9,4,6,5,5,6,7,5,5,5,5,5,5,5,5,5,5,5,5,5,5,5,5,5,5,5,5,5,5,5,5,5,5,5,5,5,5,5,5,5,5,5,5,5,5,5,5,5,5,5,5,5,5,5,5,5,5,5,5,5,5,5,5,5,5,5,5,5,5,5,5
75,683,685,668,664,669,658,658,648,690,688,673,674,668,664,662,657,684,689,674,692,674,665,667,666,704,695,698,696,688,674,675,668,704,702,698,686,680,673,683,678,715,709,706,686,702,692,686,682,707,727,713,709,700,693,686,697,728,742,708,705,710,697,708,708,5,5,5,4,3,4,4,5,6,5,5,5,5,4,5,4,8,5,5,4,4,4,4,4,6,5,5,3,4,4,5,5,7,5,5,4,4,4,4,5,5,5,5,6,5,5,5,5,6,7,5,5,5,5,5,7,11,10,6,8,6,6,6,13,5,5,5,5,5,5,5,5,5,5,5,5,5,5,5,5,5,5,5,5,5,5,5,5,5,5,5,5,5,5,5,5,5,5,5,5,5,5,5,5,5,5,5,5,5,5,5,5,5,5,5,5,5,5,5,5,5,5,5,5,5,5,5,5
76,679,680,665,666,661,665,647,643,686,691,684,670,671,660,666,658,685,684,678,676,678,677,671,663,693,697,690,685,677,684,680,661,686,708,705,691,693,690,676,671,714,709,704,700,694,692,691,688,709,706,714,709,702,694,697,700,710,709,704,716,713,708,707,688,5,5,5,4,3,4,3,4,5,5,4,4,4,4,4,4,6,5,4,5,4,5,4,4,5,4,5,4,4,5,5,4,6,5,5,4,4,4,4,4,5,6,5,5,5,4,5,4,5,6,5,6,6,5,5,7,6,9,5,6,6,5,6,10,5,5,5,5,5,5,5,5,5,5,5,5,5,5,5,5,5,5,5,5,5,5,5,5,5,5,5,5,5,5,5,5,5,5,5,5,5,5,5,5,5,5,5,5,5,5,5,5,5,5,5,5,5,5,5,5,5,5,5,5,5,5,5,5
77,676,676,673,670,659,658,655,652,689,680,679,671,659,663,663,660,698,702,678,686,674,672,658,669,702,698,688,675,680,678,675,658,708,701,703,698,689,679,674,675,702,708,711,702,696,688,696,691,717,726,714,704,713,691,686,705,730,712,722,702,717,709,683,696,6,4,4,5,4,4,4,5,5,5,4,4,4,4,5,4,5,6,4,5,4,5,4,4,6,5,5,4,4,5,4,5,6,4,4,4,5,4,4,5,5,6,6,5,6,4,6,5,7,7,5,6,5,5,5,9,7,9,6,7,6,8,7,10,5,5,5,5,5,5,5,5,5,5,5,5,5,5,5,5,5,5,5,5,5,5,5,5,5,5,5,5,5,5,5,5,5,5,5,5,5,5,5,5,5,5,5,5,5,5,5,5,5,5,5,5,5,5,5,5,5,5,5,5,5,5,5,5
78,681,672,670,663,658,661,652,647,684,682,676,667,674,666,665,657,688,675,679,671,671,666,667,668,693,693,693,675,679,681,670,665,706,707,704,689,684,681,679,684,715,704,704,700,705,690,685,687,710,726,711,708,710,694,687,696,723,726,719,712,698,705,697,719,6,5,4,5,4,3,4,4,5,4,4,4,5,4,4,4,7,6,5,4,4,4,4,4,5,4,6,4,4,4,5,6,6,6,4,5,5,5,5,5,6,6,5,5,5,5,5,5,6,8,5,6,6,5,5,6,8,7,5,8,6,4,5,13,5,5,5,5,5,5,5,5,5,5,5,5,5,5,5,5,5,5,5,5,5,5,5,5,5,5,5,5,5,5,5,5,5,5,5,5,5,5,5,5,5,5,5,5,5,5,5,5,5,5,5,5,5,5,5,5,5,5,5,5,5,5,5,5
79,677,666,664,664,660,656,652,647,697,678,679,664,672,658,662,664,685,683,679,684,678,670,662,659,702,698,693,686,679,686,663,675,692,698,691,690,685,693,678,688,713,713,701,688,702,696,698,676,703,723,714,710,699,697,696,695,740,731,719,711,712,698,705,684,6,5,4,4,4,5,5,5,6,4,4,4,5,4,4,4,7,5,5,5,4,4,4,4,7,5,6,4,4,5,5,5,6,4,5,5,5,5,5,6,5,5,6,6,5,4,5,5,6,8,5,6,5,5,5,6,7,13,5,6,5,6,6,9,5,5,5,5,5,5,5,5,5,5,5,5,5,5,5,5,5,5,5,5,5,5,5,5,5,5,5,5,5,5,5,5,5,5,5,5,5,5,5,5,5,5,5,5,5,5,5,5,5,5,5,5,5,5,5,5,5,5,5,5,5,5,5,5
80,678,673,659,673,660,661,655,654,683,687,672,683,671,665,668,658,690,693,678,676,674,669,667,664,702,692,698,683,690,677,676,671,693,709,692,684,683,685,676,680,718,706,703,703,693,691,689,689,723,715,700,701,702,700,688,705,725,731,714,710,696,700,690,690,5,5,4,4,4,4,4,4,5,5,4,5,4,4,4,4,7,6,5,4,4,4,4,4,5,4,6,4,4,4,5,4,7,5,5,5,5,4,5,5,5,4,5,5,4,4,4,4,5,8,5,5,5,4,5,6,6,8,5,7,5,6,5,8,5,5,5,5,5,5,5,5,5,5,5,5,5,5,5,5,5,5,5,5,5,5,5,5,5,5,5,5,5,5,5,5,5,5,5,5,5,5,5,5,5,5,5,5,5,5,5,5,5,5,5,5,5,5,5,5,5,5,5,5,5,5,5,5
81,674,668,676,671,663,662,656,652,691,678,679,668,667,660,664,654,698,692,674,681,677,680,669,659,698,702,693,686,686,680,680,658,704,699,694,695,691,685,682,671,716,717,697,705,697,688,697,692,704,718,704,707,702,697,702,697,719,723,715,695,715,695,691,686,4,5,4,4,4,4,4,5,5,4,4,4,4,4,4,4,6,6,4,5,4,5,5,4,7,5,4,4,4,5,6,5,7,4,5,6,5,4,4,5,6,5,5,5,5,5,6,5,6,8,6,6,6,5,6,6,6,8,5,6,7,6,5,13,5,5,5,5,5,5,5,5,5,5,5,5,5,5,5,5,5,5,5,5,5,5,5,5,5,5,5,5,5,5,5,5,5,5,5,5,5,5,5,5,5,5,5,5,5,5,5,5,5,5,5,5,5,5,5,5,5,5,5,5,5,5,5,5
82,682,674,669,660,662,653,657,651,694,683,676,673,669,667,654,657,700,692,679,676,679,672,663,658,704,694,683,686,682,668,681,668,706,702,697,697,682,680,681,676,717,706,692,697,688,681,686,674,721,719,710,698,702,688,696,690,732,707,713,718,703,699,701,682,6,5,4,5,4,3,4,4,5,4,3,4,4,4,4,3,6,5,5,4,4,4,4,4,4,5,5,4,4,4,4,5,7,4,4,5,4,4,4,5,6,5,6,4,5,5,5,5,6,8,5,5,5,4,6,7,9,7,5,7,7,6,6,10,5,5,5,5,5,5,5,5,5,5,5,5,5,5,5,5,5,5,5,5,5,5,5,5,5,5,5,5,5,5,5,5,5,5,5,5,5,5,5,5,5,5,5,5,5,5,5,5,5,5,5,5,5,5,5,5,5,5,5,5,5,5,5,5
83,692,677,671,667,670,656,651,652,685,677,675,671,671,666,651,654,679,677,682,677,668,669,668,661,696,704,683,688,684,681,678,668,709,703,693,695,691,678,687,674,711,699,695,703,693,685,691,684,725,712,701,713,699,702,695,687,731,717,717,721,706,706,702,702,5,4,4,5,4,4,3,4,6,5,4,5,5,4,4,4,7,6,5,5,4,4,4,4,6,5,5,4,4,4,5,5,5,5,5,6,5,4,5,5,5,5,4,5,7,5,5,6,5,6,6,5,5,5,5,6,10,11,5,7,6,5,6,9,5,5,5,5,5,5,5,5,5,5,5,5,5,5,5,5,5,5,5,5,5,5,5,5,5,5,5,5,5,5,5,5,5,5,5,5,5,5,5,5,5,5,5,5,5,5,5,5,5,5,5,5,5,5,5,5,5,5,5,5,5,5,5,5
84,677,674,672,659,661,654,662,644,688,680,678,667,662,663,656,666,700,695,683,686,674,671,667,663,694,685,691,681,680,674,680,672,708,700,700,685,686,676,686,673,704,712,700,700,698,684,687,693,705,716,706,695,701,695,695,692,719,717,724,713,717,705,699,703,5,5,4,4,3,4,4,5,4,5,4,4,4,3,4,4,6,7,4,6,3,4,4,4,5,4,5,4,4,4,4,5,6,4,4,4,5,4,4,5,4,6,4,5,5,5,4,4,6,7,6,6,5,5,4,7,8,10,5,8,6,6,5,9,5,5,5,5,5,5,5,5,5,5,5,5,5,5,5,5,5,5,5,5,5,5,5,5,5,5,5,5,5,5,5,5,5,5,5,5,5,5,5,5,5,5,5,5,5,5,5,5,5,5,5,5,5,5,5,5,5,5,5,5,5,5,5,5
85,675,671,671,671,659,664,660,651,679,680,679,670,673,658,660,659,683,682,688,682,672,667,666,668,691,692,685,686,681,671,677,667,708,703,695,696,684,682,683,671,717,714,707,696,695,685,684,690,725,713,703,697,700,685,697,696,732,718,716,720,717,697,693,682,5,5,4,4,4,4,4,5,5,5,4,4,5,4,4,4,6,5,4,5,4,5,5,4,6,5,5,4,4,4,5,5,6,5,5,5,5,5,4,5,6,7,5,5,5,4,6,7,6,7,7,5,4,5,5,6,8,9,5,7,6,7,6,9,5,5,5,5,5,5,5,5,5,5,5,5,5,5,5,5,5,5,5,5,5,5,5,5,5,5,5,5,5,5,5,5,5,5,5,5,5,5,5,5,5,5,5,5,5,5,5,5,5,5,5,5,5,5,5,5,5,5,5,5,5,5,5,5
86,681,670,657,670,669,655,654,652,690,685,678,670,667,665,661,657,685,686,681,678,679,670,664,661,694,698,682,689,687,678,675,675,706,705,702,682,684,688,676,680,707,702,706,698,692,688,688,689,721,717,707,696,705,696,687,682,723,730,711,709,705,698,701,696,6,5,4,4,3,3,4,5,5,4,5,4,4,4,3,4,5,5,5,4,4,4,4,4,6,5,5,4,4,4,5,5,6,5,4,5,4,5,5,5,6,5,5,5,6,5,5,4,6,7,5,6,6,5,5,6,8,7,5,8,6,6,6,11,5,5,5,5,5,5,5,5,5,5,5,5,5,5,5,5,5,5,5,5,5,5,5,5,5,5,5,5,5,5,5,5,5,5,5,5,5,5,5,5,5,5,5,5,5,5,5,5,5,5,5,5,5,5,5,5,5,5,5,5,5,5,5,5
87,673,671,669,668,655,657,652,645,698,679,675,665,676,667,667,659,695,693,688,680,671,667,662,658,702,693,686,694,683,676,683,665,694,701,700,695,694,685,679,675,711,714,707,699,708,695,690,674,729,702,703,722,702,700,691,699,732,727,713,714,696,705,692,700,5,5,4,5,3,4,4,4,6,4,4,4,6,4,4,4,6,6,5,6,4,4,4,4,5,4,5,5,4,4,4,5,7,5,4,4,6,5,4,5,5,7,5,5,6,5,4,5,6,7,7,8,5,5,6,7,8,11,6,7,6,6,6,8,5,5,5,5,5,5,5,5,5,5,5,5,5,5,5,5,5,5,5,5,5,5,5,5,5,5,5,5,5,5,5,5,5,5,5,5,5,5,5,5,5,5,5,5,5,5,5,5,5,5,5,5,5,5,5,5,5,5,5,5,5,5,5,5
88,680,671,672,667,664,661,668,647,689,672,682,675,667,654,665,658,697,692,679,680,672,663,668,659,701,691,686,682,685,684,668,669,706,699,691,690,692,685,676,667,716,705,701,695,686,692,687,677,710,693,710,705,696,691,690,685,708,724,713,718,705,697,697,690,6,4,4,4,4,4,4,4,5,4,4,4,4,4,4,4,6,6,5,4,4,4,4,4,6,4,5,4,4,4,4,4,6,4,4,5,5,4,4,4,5,6,4,5,6,4,5,5,6,8,5,6,4,4,5,6,7,7,5,6,5,6,5,10,5,5,5,5,5,5,5,5,5,5,5,5,5,5,5,5,5,5,5,5,5,5,5,5,5,5,5,5,5,5,5,5,5,5,5,5,5,5,5,5,5,5,5,5,5,5,5,5,5,5,5,5,5,5,5,5,5,5,5,5,5,5,5,5
89,686,674,668,665,673,653,658,653,688,685,682,677,664,661,656,660,701,683,688,677,676,670,672,660,700,690,686,696,688,677,666,672,704,695,703,700,696,678,683,671,718,707,703,687,695,689,680,681,726,713,686,697,709,690,695,699,729,701,710,709,707,702,704,695,6,4,4,4,4,5,4,5,5,5,4,4,5,4,5,4,6,5,5,5,4,4,3,5,5,5,5,5,4,5,4,5,7,4,5,4,5,4,4,5,5,6,5,6,5,5,6,6,6,8,6,6,6,4,6,7,9,10,6,7,6,7,6,8,5,5,5,5,5,5,5,5,5,5,5,5,5,5,5,5,5,5,5,5,5,5,5,5,5,5,5,5,5,5,5,5,5,5,5,5,5,5,5,5,5,5,5,5,5,5,5,5,5,5,5,5,5,5,5,5,5,5,5,5,5,5,5,5
90,678,686,674,660,659,656,652,659,672,684,673,670,666,668,658,660,694,691,678,671,676,680,658,666,693,703,685,688,678,670,666,666,710,701,691,693,684,675,678,681,711,714,694,696,695,682,683,686,723,712,711,709,693,688,692,685,709,724,717,708,712,703,701,699,6,4,5,5,4,4,4,5,5,4,5,5,4,4,4,4,6,6,5,4,4,3,4,4,5,5,4,4,4,4,4,5,6,5,5,5,5,4,5,6,6,5,4,5,5,5,6,6,6,7,5,6,4,5,6,6,8,11,6,6,6,6,5,8,5,5,5,5,5,5,5,5,5,5,5,5,5,5,5,5,5,5,5,5,5,5,5,5,5,5,5,5,5,5,5,5,5,5,5,5,5,5,5,5,5,5,5,5,5,5,5,5,5,5,5,5,5,5,5,5,5,5,5,5,5,5,5,5
91,683,674,679,658,655,659,658,649,691,681,680,673,664,669,659,653,690,689,680,678,675,673,670,654,701,694,686,687,690,680,665,662,701,703,702,688,686,684,679,679,704,703,704,706,695,692,703,683,722,715,701,716,697,695,690,687,750,732,725,712,706,707,697,689,6,5,4,4,4,4,4,5,6,5,4,4,4,4,4,4,6,6,5,5,4,4,4,5,5,5,6,4,5,4,5,6,6,5,4,5,5,5,5,5,6,5,5,5,6,4,7,6,6,7,6,6,5,5,5,6,7,8,5,8,5,6,5,9,5,5,5,5,5,5,5,5,5,5,5,5,5,5,5,5,5,5,5,5,5,5,5,5,5,5,5,5,5,5,5,5,5,5,5,5,5,5,5,5,5,5,5,5,5,5,5,5,5,5,5,5,5,5,5,5,5,5,5,5,5,5,5,5
92,682,679,670,668,664,663,649,645,690,680,679,673,668,660,666,649,683,683,687,681,670,674,671,663,695,698,692,685,685,680,668,668,710,696,692,692,688,688,681,670,720,699,694,700,682,683,681,683,722,710,703,704,691,693,701,702,725,722,716,710,709,704,703,694,5,4,3,4,4,4,4,4,5,4,4,4,4,4,4,4,6,5,4,4,3,4,4,4,6,5,4,4,5,4,4,4,7,5,4,5,5,4,4,5,5,5,5,4,5,4,5,6,5,7,5,6,5,5,5,5,6,8,5,7,5,5,6,10,5,5,5,5,5,5,5,5,5,5,5,5,5,5,5,5,5,5,5,5,5,5,5,5,5,5,5,5,5,5,5,5,5,5,5,5,5,5,5,5,5,5,5,5,5,5,5,5,5,5,5,5,5,5,5,5,5,5,5,5,5,5,5,5
93,677,668,673,676,653,655,661,654,683,686,668,676,671,663,663,664,687,675,676,684,673,666,654,668,686,694,689,687,687,679,664,668,711,701,693,689,694,686,672,675,711,707,702,698,688,699,683,685,717,711,696,700,698,696,687,693,727,724,706,705,721,697,701,702,5,5,4,5,4,4,5,6,5,5,4,5,4,4,4,4,5,5,5,5,4,4,4,4,6,6,5,4,4,5,5,5,6,5,4,6,5,5,5,4,5,6,5,5,6,5,5,6,7,8,6,5,5,5,6,6,8,9,5,6,6,6,6,8,5,5,5,5,5,5,5,5,5,5,5,5,5,5,5,5,5,5,5,5,5,5,5,5,5,5,5,5,5,5,5,5,5,5,5,5,5,5,5,5,5,5,5,5,5,5,5,5,5,5,5,5,5,5,5,5,5,5,5,5,5,5,5,5
94,685,674,668,663,659,657,657,650,682,681,677,667,670,665,658,656,686,680,678,678,674,670,662,667,705,696,687,692,687,674,675,667,706,699,701,695,688,687,674,677,712,704,705,706,699,687,688,690,730,717,699,705,692,693,687,692,728,704,718,711,705,689,690,699,5,4,4,4,4,4,4,4,5,4,4,4,5,4,4,4,5,5,5,5,3,4,4,4,5,4,5,4,4,4,5,4,6,5,4,5,5,4,4,5,5,6,5,5,5,4,5,4,5,8,6,6,4,5,5,7,7,10,5,7,6,6,5,13,5,5,5,5,5,5,5,5,5,5,5,5,5,5,5,5,5,5,5,5,5,5,5,5,5,5,5,5,5,5,5,5,5,5,5,5,5,5,5,5,5,5,5,5,5,5,5,5,5,5,5,5,5,5,5,5,5,5,5,5,5,5,5,5
95,676,671,679,664,658,653,653,650,689,690,680,673,666,660,661,657,691,687,682,677,679,671,659,660,698,696,695,696,682,675,678,673,709,702,701,683,693,684,681,675,712,711,706,685,691,698,690,689,715,720,701,710,694,706,701,697,724,715,720,716,701,717,710,700,5,4,5,5,4,4,4,5,6,5,4,4,4,4,4,4,5,6,4,5,4,4,4,4,7,5,6,5,4,4,4,4,5,4,4,5,5,5,5,5,5,6,5,6,6,4,5,5,5,7,7,7,5,6,5,6,8,10,6,7,5,7,7,9,5,5,5,5,5,5,5,5,5,5,5,5,5,5,5,5,5,5,5,5,5,5,5,5,5,5,5,5,5,5,5,5,5,5,5,5,5,5,5,5,5,5,5,5,5,5,5,5,5,5,5,5,5,5,5,5,5,5,5,5,5,5,5,5
96,673,674,669,673,658,655,655,655,671,680,673,669,670,661,664,657,697,689,676,672,674,671,666,656,707,693,696,682,686,670,668,660,705,699,698,690,690,683,681,670,713,705,703,694,694,691,686,681,705,719,704,698,702,702,696,706,725,707,706,708,711,696,700,704,6,4,4,4,4,4,4,4,5,4,4,4,4,3,4,4,6,5,4,5,3,4,4,3,6,4,5,4,4,3,5,4,7,4,4,5,5,4,4,4,5,5,4,5,5,5,5,5,5,7,6,5,5,5,4,8,7,9,5,5,6,5,6,9,5,5,5,5,5,5,5,5,5,5,5,5,5,5,5,5,5,5,5,5,5,5,5,5,5,5,5,5,5,5,5,5,5,5,5,5,5,5,5,5,5,5,5,5,5,5,5,5,5,5,5,5,5,5,5,5,5,5,5,5,5,5,5,5
97,676,674,674,674,663,643,650,658,695,678,678,676,666,666,655,646,690,685,686,684,671,664,674,664,685,696,693,696,676,672,663,675,699,708,699,688,683,684,679,673,715,710,707,684,700,683,685,691,720,716,713,710,696,696,689,705,708,706,720,719,714,696,706,690,6,4,4,5,4,4,4,6,6,4,4,3,4,4,4,5,6,5,4,5,4,4,4,4,6,5,5,5,4,4,5,5,6,5,4,5,4,5,5,5,5,6,5,5,6,4,5,6,6,8,5,6,5,5,6,8,9,8,6,7,5,5,7,12,5,5,5,5,5,5,5,5,5,5,5,5,5,5,5,5,5,5,5,5,5,5,5,5,5,5,5,5,5,5,5,5,5,5,5,5,5,5,5,5,5,5,5,5,5,5,5,5,5,5,5,5,5,5,5,5,5,5,5,5,5,5,5,5
98,689,674,664,669,665,655,658,641,689,684,675,668,664,662,670,650,697,693,666,681,680,669,667,665,693,694,689,685,678,681,669,670,700,699,692,700,688,682,678,674,717,703,709,694,694,695,680,684,728,710,705,705,701,694,696,699,715,724,711,712,701,702,704,699,5,4,4,4,3,4,4,4,5,4,4,4,4,3,4,4,6,6,4,5,4,4,3,4,5,5,5,4,4,4,5,4,5,4,4,4,4,4,4,5,5,5,6,4,6,5,5,6,6,7,6,6,5,5,6,6,6,7,5,5,7,6,6,9,5,5,5,5,5,5,5,5,5,5,5,5,5,5,5,5,5,5,5,5,5,5,5,5,5,5,5,5,5,5,5,5,5,5,5,5,5,5,5,5,5,5,5,5,5,5,5,5,5,5,5,5,5,5,5,5,5,5,5,5,5,5,5,5
99,685,678,669,663,664,654,655,659,680,680,682,660,676,666,672,659,693,689,685,680,667,667,663,662,715,695,690,677,679,687,675,665,713,708,687,687,690,677,679,681,707,706,706,697,681,687,687,689,714,713,700,707,698,696,688,699,713,719,719,710,703,716,693,686,5,4,4,4,3,4,4,4,6,4,4,4,5,4,4,4,6,6,4,5,4,4,4,5,5,5,6,4,4,5,5,5,6,6,5,5,5,4,5,5,5,6,5,5,5,4,5,6,6,8,6,5,6,5,6,7,7,9,6,7,7,6,5,10,5,5,5,5,5,5,5,5,5,5,5,5,5,5,5,5,5,5,5,5,5,5,5,5,5,5,5,5,5,5,5,5,5,5,5,5,5,5,5,5,5,5,5,5,5,5,5,5,5,5,5,5,5,5,5,5,5,5,5,5,5,5,5,5
100,687,675,671,665,661,663,655,655,687,679,670,670,672,671,663,662,695,682,679,687,679,676,660,652,715,692,693,681,682,680,665,673,698,691,687,695,695,676,679,677,711,700,700,700,699,691,691,676,719,713,710,703,698,686,705,674,716,708,712,717,703,697,687,682,6,4,4,4,4,4,4,4,4,4,4,4,4,3,4,4,6,5,4,4,4,4,4,4,6,4,5,4,4,4,5,5,5,4,4,4,5,4,5,5,5,6,5,5,5,4,5,5,6,6,5,6,4,4,5,6,7,8,5,7,6,5,6,9,5,5,5,5,5,5,5,5,5,5,5,5,5,5,5,5,5,5,5,5,5,5,5,5,5,5,5,5,5,5,5,5,5,5,5,5,5,5,5,5,5,5,5,5,5,5,5,5,5,5,5,5,5,5,5,5,5,5,5,5,5,5,5,5
101,679,668,675,672,660,653,651,656,676,683,683,671,662,665,665,655,694,696,686,686,671,668,666,657,696,698,688,684,682,682,679,669,705,690,699,702,685,687,687,672,709,711,698,689,699,688,687,689,723,713,707,699,701,707,698,703,732,707,717,701,707,705,701,712,5,5,4,4,4,5,4,5,5,5,4,4,4,4,4,5,5,8,4,5,4,4,4,4,5,4,5,5,4,4,5,5,5,5,5,5,5,5,5,4,5,5,4,5,5,4,6,5,7,9,8,6,5,6,6,8,9,9,5,7,7,7,5,11,5,5,5,5,5,5,5,5,5,5,5,5,5,5,5,5,5,5,5,5,5,5,5,5,5,5,5,5,5,5,5,5,5,5,5,5,5,5,5,5,5,5,5,5,5,5,5,5,5,5,5,5,5,5,5,5,5,5,5,5,5,5,5,5
102,683,673,667,676,656,662,654,658,688,682,673,673,666,660,661,657,691,684,685,682,665,668,671,673,697,691,683,686,675,676,669,675,696,699,699,691,680,678,679,668,714,712,697,698,697,690,682,680,711,702,708,702,696,696,692,703,723,712,710,712,703,705,709,703,6,5,4,4,4,4,4,4,4,4,5,4,4,4,4,4,7,5,4,5,3,4,4,4,6,4,5,4,4,4,4,5,6,4,4,5,4,5,4,4,5,6,4,5,6,4,4,5,6,6,5,6,5,6,6,7,8,8,5,7,6,5,6,7,5,5,5,5,5,5,5,5,5,5,5,5,5,5,5,5,5,5,5,5,5,5,5,5,5,5,5,5,5,5,5,5,5,5,5,5,5,5,5,5,5,5,5,5,5,5,5,5,5,5,5,5,5,5,5,5,5,5,5,5,5,5,5,5
103,679,673,660,670,662,651,655,661,695,675,675,673,665,671,658,652,685,686,678,685,669,671,666,664,705,706,693,690,686,669,672,667,697,707,703,690,690,680,681,684,716,706,707,701,694,693,689,689,714,715,721,704,700,693,696,687,715,717,711,706,714,697,706,705,5,5,4,4,4,4,4,6,5,4,4,4,4,5,5,4,6,5,5,4,4,4,5,5,6,4,5,4,5,4,5,6,7,5,4,5,5,5,5,5,6,5,5,5,7,4,4,6,6,7,6,6,6,5,5,6,8,7,5,6,5,6,6,12,5,5,5,5,5,5,5,5,5,5,5,5,5,5,5,5,5,5,5,5,5,5,5,5,5,5,5,5,5,5,5,5,5,5,5,5,5,5,5,5,5,5,5,5,5,5,5,5,5,5,5,5,5,5,5,5,5,5,5,5,5,5,5,5
104,680,664,677,661,661,655,660,651,682,683,672,661,664,663,660,659,694,680,676,682,671,674,665,671,700,689,689,690,677,676,661,664,711,702,704,694,695,684,678,681,718,707,702,698,697,692,685,702,722,711,717,714,694,692,700,685,723,708,717,716,712,692,700,693,5,4,4,4,4,4,4,4,4,4,4,4,4,4,4,4,5,5,4,5,4,4,4,5,5,4,5,5,4,4,4,4,6,4,4,5,5,4,3,5,5,5,5,5,5,4,4,6,5,6,5,7,5,4,5,5,8,10,6,7,6,5,6,10,5,5,5,5,5,5,5,5,5,5,5,5,5,5,5,5,5,5,5,5,5,5,5,5,5,5,5,5,5,5,5,5,5,5,5,5,5,5,5,5,5,5,5,5,5,5,5,5,5,5,5,5,5,5,5,5,5,5,5,5,5,5,5,5
105,678,679,672,676,669,652,654,649,684,678,673,676,661,666,660,660,702,682,695,678,678,677,669,659,700,690,692,686,678,674,675,681,699,699,705,697,696,686,678,677,711,704,714,698,698,683,699,688,726,709,720,710,693,696,688,684,735,717,712,710,701,705,701,700,6,6,4,5,4,5,4,5,5,4,4,5,4,4,5,5,5,5,4,5,4,4,5,4,5,4,6,5,4,4,4,5,7,5,4,5,5,5,5,5,5,6,5,5,7,5,5,6,5,7,6,5,6,5,6,7,9,7,5,7,7,7,5,8,5,5,5,5,5,5,5,5,5,5,5,5,5,5,5,5,5,5,5,5,5,5,5,5,5,5,5,5,5,5,5,5,5,5,5,5,5,5,5,5,5,5,5,5,5,5,5,5,5,5,5,5,5,5,5,5,5,5,5,5,5,5,5,5
106,683,668,676,658,659,659,656,662,681,687,670,674,660,659,661,662,699,686,681,681,674,668,666,666,703,700,680,682,689,671,665,659,706,700,696,701,693,678,682,684,712,694,701,690,695,687,689,682,722,713,700,700,698,695,700,691,738,733,716,711,699,693,698,688,5,5,4,5,4,3,4,5,5,5,3,4,4,3,4,4,6,6,5,5,4,4,5,4,5,5,5,4,5,4,5,5,5,4,5,4,5,5,4,5,6,5,5,6,5,5,5,5,7,6,5,6,4,5,5,6,8,8,5,7,6,6,5,9,5,5,5,5,5,5,5,5,5,5,5,5,5,5,5,5,5,5,5,5,5,5,5,5,5,5,5,5,5,5,5,5,5,5,5,5,5,5,5,5,5,5,5,5,5,5,5,5,5,5,5,5,5,5,5,5,5,5,5,5,5,5,5,5
107,685,682,676,659,659,655,653,662,682,682,679,675,677,665,663,652,698,698,673,681,665,673,661,670,700,698,689,689,674,670,672,672,701,701,700,695,689,690,678,672,729,705,695,702,687,699,684,681,712,714,689,708,705,698,696,697,726,736,710,716,703,703,702,703,7,5,4,5,4,4,4,5,4,5,4,5,5,4,4,4,7,6,4,5,4,5,4,4,6,4,5,4,5,4,5,5,6,5,5,5,5,4,5,4,6,5,5,5,6,5,4,6,7,7,5,7,6,6,5,7,8,8,4,8,6,6,5,9,5,5,5,5,5,5,5,5,5,5,5,5,5,5,5,5,5,5,5,5,5,5,5,5,5,5,5,5,5,5,5,5,5,5,5,5,5,5,5,5,5,5,5,5,5,5,5,5,5,5,5,5,5,5,5,5,5,5,5,5,5,5,5,5
108,675,686,671,658,667,655,660,656,679,674,679,676,666,661,660,661,685,687,674,676,669,664,667,670,708,699,696,682,681,681,675,671,711,698,695,689,688,684,682,680,716,715,708,694,700,681,686,686,725,705,705,711,699,698,697,682,729,718,724,730,701,713,697,703,6,5,4,4,3,4,4,4,4,4,4,4,4,4,4,4,6,6,5,4,4,4,4,5,5,4,4,4,4,4,5,4,6,5,5,4,5,4,4,5,5,5,5,5,6,5,5,6,5,7,7,6,5,5,6,5,7,9,5,7,6,6,5,7,5,5,5,5,5,5,5,5,5,5,5,5,5,5,5,5,5,5,5,5,5,5,5,5,5,5,5,5,5,5,5,5,5,5,5,5,5,5,5,5,5,5,5,5,5,5,5,5,5,5,5,5,5,5,5,5,5,5,5,5,5,5,5,5
109,678,677,668,663,655,667,661,653,681,683,684,673,667,666,659,655,700,691,676,681,674,670,667,670,696,689,700,680,679,690,666,664,700,700,688,689,689,689,675,670,724,704,702,706,705,694,693,691,723,721,710,703,700,698,691,704,732,743,716,717,709,705,706,721,5,4,4,4,4,4,5,5,5,4,4,4,4,4,4,4,5,6,5,5,4,4,4,5,6,5,6,5,5,4,5,4,6,6,5,5,5,5,5,5,6,6,5,5,5,4,6,5,5,7,6,7,5,5,6,7,9,9,5,8,6,5,6,11,5,5,5,5,5,5,5,5,5,5,5,5,5,5,5,5,5,5,5,5,5,5,5,5,5,5,5,5,5,5,5,5,5,5,5,5,5,5,5,5,5,5,5,5,5,5,5,5,5,5,5,5,5,5,5,5,5,5,5,5,5,5,5,5
110,676,680,671,676,657,659,651,646,688,679,682,667,668,664,656,653,699,689,686,681,673,662,665,665,701,698,688,684,682,678,680,675,712,697,697,696,692,688,683,674,709,702,703,701,689,688,690,679,720,706,718,709,703,700,703,692,729,718,724,711,701,697,692,707,5,4,5,4,3,4,4,4,5,4,3,4,4,4,4,4,6,5,4,5,4,4,4,4,6,5,5,4,4,4,4,5,6,4,4,5,5,5,4,5,5,5,4,6,5,5,5,5,7,6,6,7,5,5,6,6,10,7,5,7,5,4,5,8,5,5,5,5,5,5,5,5,5,5,5,5,5,5,5,5,5,5,5,5,5,5,5,5,5,5,5,5,5,5,5,5,5,5,5,5,5,5,5,5,5,5,5,5,5,5,5,5,5,5,5,5,5,5,5,5,5,5,5,5,5,5,5,5
111,695,677,669,662,660,658,658,655,684,672,676,669,667,655,657,651,677,670,677,683,677,669,676,663,701,698,697,688,677,670,680,675,713,698,696,687,695,690,685,670,709,702,709,700,694,694,696,677,730,706,711,703,704,697,687,695,719,723,719,711,710,687,703,710,5,5,4,4,4,4,4,6,5,4,4,4,4,4,5,4,6,6,5,5,4,5,4,4,5,4,4,4,4,4,6,5,6,6,4,4,5,5,5,5,5,5,5,5,7,5,5,6,6,8,5,7,5,5,5,7,7,7,6,7,7,7,6,9,5,5,5,5,5,5,5,5,5,5,5,5,5,5,5,5,5,5,5,5,5,5,5,5,5,5,5,5,5,5,5,5,5,5,5,5,5,5,5,5,5,5,5,5,5,5,5,5,5,5,5,5,5,5,5,5,5,5,5,5,5,5,5,5
112,679,668,667,669,667,660,655,660,676,685,671,670,675,668,670,659,688,696,683,678,672,681,658,663,700,691,693,679,684,669,680,662,708,690,698,696,696,681,677,667,704,709,703,700,690,688,681,684,720,710,694,709,701,690,699,696,708,722,717,709,705,700,691,697,5,5,4,4,4,4,4,4,5,4,4,4,4,4,4,4,6,5,5,5,4,5,4,4,6,5,4,4,4,4,4,5,6,4,4,5,5,4,4,5,5,6,4,4,6,4,5,5,5,6,6,6,5,5,5,6,7,7,5,6,4,6,5,8,5,5,5,5,5,5,5,5,5,5,5,5,5,5,5,5,5,5,5,5,5,5,5,5,5,5,5,5,5,5,5,5,5,5,5,5,5,5,5,5,5,5,5,5,5,5,5,5,5,5,5,5,5,5,5,5,5,5,5,5,5,5,5,5
113,674,681,682,663,668,661,648,655,676,679,683,674,662,662,663,658,687,702,684,683,670,660,664,667,697,701,684,676,683,675,676,673,703,705,702,693,690,682,686,677,718,699,700,694,698,695,669,675,701,710,704,712,706,691,690,689,720,715,715,708,701,714,699,699,5,4,5,6,4,4,4,5,5,4,4,5,4,4,4,4,6,7,5,5,4,4,4,4,5,5,5,4,5,4,5,6,5,5,4,5,5,5,4,5,6,5,5,5,6,4,6,5,6,7,6,7,6,5,6,5,7,9,6,7,6,6,6,8,5,5,5,5,5,5,5,5,5,5,5,5,5,5,5,5,5,5,5,5,5,5,5,5,5,5,5,5,5,5,5,5,5,5,5,5,5,5,5,5,5,5,5,5,5,5,5,5,5,5,5,5,5,5,5,5,5,5,5,5,5,5,5,5
114,674,677,671,667,656,656,660,663,686,677,682,673,666,657,658,656,699,695,678,668,677,670,667,673,693,681,698,681,678,683,668,671,708,695,691,694,684,686,681,671,708,707,698,698,701,690,689,678,718,710,700,708,694,690,689,688,728,727,721,710,701,705,701,696,5,4,4,4,4,4,3,5,5,4,4,4,4,3,4,4,7,6,4,4,4,4,4,4,5,5,4,4,4,5,4,4,6,4,4,5,5,4,4,5,5,6,4,5,5,4,4,6,7,6,5,6,5,5,6,5,8,8,5,6,6,7,6,10,5,5,5,5,5,5,5,5,5,5,5,5,5,5,5,5,5,5,5,5,5,5,5,5,5,5,5,5,5,5,5,5,5,5,5,5,5,5,5,5,5,5,5,5,5,5,5,5,5,5,5,5,5,5,5,5,5,5,5,5,5,5,5,5
115,670,676,675,671,656,667,651,653,687,681,676,672,670,660,665,657,692,693,685,673,685,669,668,668,692,695,687,685,682,676,672,671,691,702,710,687,680,693,672,682,723,713,709,702,716,694,687,685,721,718,709,704,712,702,698,695,723,698,717,704,707,703,696,691,5,4,5,4,4,4,4,5,5,5,4,4,5,4,4,4,5,6,4,5,4,5,4,5,6,4,5,4,4,5,4,4,7,5,4,5,4,5,5,5,6,6,6,6,6,4,5,5,5,9,4,5,6,7,6,7,8,9,6,6,5,5,5,9,5,5,5,5,5,5,5,5,5,5,5,5,5,5,5,5,5,5,5,5,5,5,5,5,5,5,5,5,5,5,5,5,5,5,5,5,5,5,5,5,5,5,5,5,5,5,5,5,5,5,5,5,5,5,5,5,5,5,5,5,5,5,5,5
116,680,681,664,661,663,659,653,659,687,674,680,666,674,669,659,652,679,687,684,682,670,669,662,664,704,691,686,684,682,671,672,672,706,694,695,694,681,688,680,673,707,715,699,703,690,692,677,691,727,714,705,698,710,689,688,693,730,711,724,700,713,708,708,712,6,4,4,4,4,3,4,4,5,4,3,4,4,4,4,3,6,5,4,5,4,4,4,4,6,4,5,4,4,4,4,5,6,4,4,4,4,5,4,4,5,4,4,5,6,4,5,5,5,7,6,6,6,4,5,7,7,9,6,6,6,5,7,9,5,5,5,5,5,5,5,5,5,5,5,5,5,5,5,5,5,5,5,5,5,5,5,5,5,5,5,5,5,5,5,5,5,5,5,5,5,5,5,5,5,5,5,5,5,5,5,5,5,5,5,5,5,5,5,5,5,5,5,5,5,5,5,5
117,679,673,674,667,647,654,651,653,692,683,676,663,667,657,664,660,689,694,673,693,681,676,668,665,699,693,693,687,680,683,671,677,714,708,693,695,694,691,679,685,713,700,707,704,689,693,673,681,709,723,717,700,694,700,691,693,719,721,713,714,704,692,700,705,6,6,5,5,4,4,4,4,5,4,4,4,4,4,4,4,5,7,4,4,4,5,5,4,6,5,5,5,4,5,5,5,7,6,5,5,6,4,4,5,5,5,5,5,5,5,5,5,7,8,5,5,5,6,6,8,6,11,7,9,6,6,6,12,5,5,5,5,5,5,5,5,5,5,5,5,5,5,5,5,5,5,5,5,5,5,5,5,5,5,5,5,5,5,5,5,5,5,5,5,5,5,5,5,5,5,5,5,5,5,5,5,5,5,5,5,5,5,5,5,5,5,5,5,5,5,5,5
118,679,679,668,676,660,644,656,662,687,673,675,670,669,665,659,663,685,686,680,678,672,676,667,658,691,696,693,684,681,677,673,669,700,699,700,692,684,682,687,678,711,702,706,703,688,685,690,686,723,725,707,700,703,692,693,685,731,726,719,711,710,695,702,691,5,4,4,4,4,4,3,3,5,4,4,4,4,4,4,4,6,6,4,5,4,4,4,4,6,5,6,4,4,4,5,4,6,5,4,4,4,5,4,4,5,5,5,5,6,5,5,5,7,8,6,5,5,5,6,6,8,7,5,6,5,5,5,11,5,5,5,5,5,5,5,5,5,5,5,5,5,5,5,5,5,5,5,5,5,5,5,5,5,5,5,5,5,5,5,5,5,5,5,5,5,5,5,5,5,5,5,5,5,5,5,5,5,5,5,5,5,5,5,5,5,5,5,5,5,5,5,5
119,685,671,675,666,663,657,653,650,693,685,680,665,666,665,653,659,697,693,685,673,673,663,666,653,701,688,694,689,672,672,675,663,706,706,709,697,693,693,680,674,725,707,695,709,702,691,692,687,720,722,709,705,703,700,696,698,730,697,713,718,709,703,708,701,6,5,4,4,4,4,4,5,5,5,4,4,4,4,4,4,5,5,4,5,4,4,3,4,5,4,5,5,4,4,4,4,6,4,4,4,5,5,4,5,6,6,4,5,5,5,5,5,6,7,5,6,5,6,6,8,9,8,6,7,5,5,6,10,5,5,5,5,5,5,5,5,5,5,5,5,5,5,5,5,5,5,5,5,5,5,5,5,5,5,5,5,5,5,5,5,5,5,5,5,5,5,5,5,5,5,5,5,5,5,5,5,5,5,5,5,5,5,5,5,5,5,5,5,5,5,5,5
120,683,677,672,662,661,659,664,654,685,682,676,675,663,665,660,658,697,683,677,685,673,669,669,665,702,705,690,678,681,677,671,667,707,701,694,699,687,684,681,671,717,705,692,702,695,692,683,686,718,720,704,705,702,692,684,699,732,728,726,710,702,708,707,708,5,4,4,4,3,4,4,4,5,4,4,4,4,4,4,3,5,5,5,5,4,4,4,4,6,5,5,4,4,4,5,6,6,4,5,4,5,5,4,4,5,6,4,5,5,4,5,4,6,7,7,5,5,5,6,7,8,8,6,7,6,6,6,9,5,5,5,5,5,5,5,5,5,5,5,5,5,5,5,5,5,5,5,5,5,5,5,5,5,5,5,5,5,5,5,5,5,5,5,5,5,5,5,5,5,5,5,5,5,5,5,5,5,5,5,5,5,5,5,5,5,5,5,5,5,5,5,5
121,683,672,676,654,655,662,650,654,686,682,669,671,662,663,662,664,689,689,688,685,679,671,673,663,706,683,690,685,681,680,665,675,708,700,697,688,683,691,692,679,707,706,699,697,695,691,692,692,721,711,709,698,695,693,696,695,728,717,719,717,703,705,705,709,6,5,5,4,4,4,4,5,5,5,4,4,4,4,4,4,6,6,4,4,4,4,4,4,6,4,5,4,4,4,4,5,6,5,5,5,5,5,4,5,5,6,5,6,6,4,6,5,5,6,5,6,6,5,6,7,9,8,5,8,5,5,6,13,5,5,5,5,5,5,5,5,5,5,5,5,5,5,5,5,5,5,5,5,5,5,5,5,5,5,5,5,5,5,5,5,5,5,5,5,5,5,5,5,5,5,5,5,5,5,5,5,5,5,5,5,5,5,5,5,5,5,5,5,5,5,5,5
122,682,675,664,668,661,651,658,659,686,673,672,667,669,665,659,651,687,687,673,680,677,669,665,660,694,690,693,687,688,675,675,660,704,696,697,691,693,675,678,668,717,706,713,697,699,683,689,683,719,716,718,701,703,692,693,692,722,724,723,712,701,696,707,696,5,5,4,4,3,4,4,4,4,4,4,4,4,4,4,4,6,5,4,5,4,4,4,5,5,4,5,4,4,4,4,5,6,4,4,5,5,4,4,4,5,4,5,5,6,5,4,5,6,7,5,7,5,5,6,6,7,8,5,7,5,5,5,8,5,5,5,5,5,5,5,5,5,5,5,5,5,5,5,5,5,5,5,5,5,5,5,5,5,5,5,5,5,5,5,5,5,5,5,5,5,5,5,5,5,5,5,5,5,5,5,5,5,5,5,5,5,5,5,5,5,5,5,5,5,5,5,5
123,669,680,666,662,660,651,650,654,690,685,672,679,670,663,654,660,691,694,677,680,675,666,675,667,700,693,701,691,683,670,671,672,702,696,699,692,690,684,680,668,713,712,696,699,703,688,687,686,710,704,701,703,702,690,692,690,713,707,712,718,710,702,699,705,6,4,4,4,4,4,3,5,5,5,5,4,5,4,4,4,6,5,5,5,4,5,4,4,5,5,5,4,4,4,5,5,6,4,4,5,5,5,6,4,5,5,5,5,5,5,5,6,6,6,7,6,5,5,6,6,7,9,5,7,5,5,7,8,5,5,5,5,5,5,5,5,5,5,5,5,5,5,5,5,5,5,5,5,5,5,5,5,5,5,5,5,5,5,5,5,5,5,5,5,5,5,5,5,5,5,5,5,5,5,5,5,5,5,5,5,5,5,5,5,5,5,5,5,5,5,5,5
124,690,674,673,667,657,654,652,654,679,679,675,674,671,664,659,660,690,685,680,687,673,666,666,670,703,691,695,683,691,676,675,673,715,700,688,693,691,682,679,678,707,711,704,696,701,690,686,685,718,713,712,709,695,700,688,697,720,726,716,709,713,702,706,686,6,4,4,4,4,4,4,4,4,4,3,3,4,4,4,4,5,5,5,5,3,4,4,4,7,4,5,4,4,4,5,4,6,4,5,5,5,4,4,5,5,5,5,4,5,4,5,5,6,7,5,7,5,6,6,5,7,8,6,6,6,5,8,9,5,5,5,5,5,5,5,5,5,5,5,5,5,5,5,5,5,5,5,5,5,5,5,5,5,5,5,5,5,5,5,5,5,5,5,5,5,5,5,5,5,5,5,5,5,5,5,5,5,5,5,5,5,5,5,5,5,5,5,5,5,5,5,5
125,676,671,672,663,662,660,664,647,678,683,678,675,665,666,659,661,699,691,683,682,673,667,662,671,698,690,683,691,683,680,677,671,697,699,696,688,690,675,696,680,696,700,710,706,693,689,683,686,728,733,704,712,697,691,691,684,712,727,717,699,717,707,699,685,5,4,4,4,3,3,4,4,5,4,4,5,4,4,4,4,6,6,5,5,4,4,5,5,6,4,4,4,4,4,4,5,6,4,5,5,5,4,5,5,6,5,5,5,7,5,6,5,6,7,6,6,6,5,6,6,7,8,5,8,6,5,6,8,5,5,5,5,5,5,5,5,5,5,5,5,5,5,5,5,5,5,5,5,5,5,5,5,5,5,5,5,5,5,5,5,5,5,5,5,5,5,5,5,5,5,5,5,5,5,5,5,5,5,5,5,5,5,5,5,5,5,5,5,5,5,5,5
126,685,669,671,660,659,664,662,646,690,679,665,670,681,663,657,658,681,688,680,672,672,671,661,672,702,690,689,686,683,675,672,667,699,703,697,691,691,683,680,677,710,701,702,694,696,686,697,687,728,707,709,707,708,705,692,689,727,726,720,707,717,706,693,685,5,4,4,4,4,4,4,5,5,4,4,4,4,4,4,4,6,5,5,4,4,4,4,4,4,4,5,4,4,4,5,5,7,5,4,5,5,4,4,5,5,5,5,4,5,5,5,6,4,6,5,6,5,6,6,5,8,8,5,6,6,5,5,8,5,5,5,5,5,5,5,5,5,5,5,5,5,5,5,5,5,5,5,5,5,5,5,5,5,5,5,5,5,5,5,5,5,5,5,5,5,5,5,5,5,5,5,5,5,5,5,5,5,5,5,5,5,5,5,5,5,5,5,5,5,5,5,5
127,687,682,669,669,662,651,656,660,692,678,676,672,671,662,667,660,695,676,683,686,677,661,668,670,691,687,684,686,680,676,682,662,695,709,700,694,689,683,676,679,715,696,701,702,699,690,688,682,711,711,700,700,696,691,697,692,730,716,710,708,708,707,701,708,6,5,4,4,4,4,4,6,5,4,4,4,4,4,4,4,5,5,6,5,4,4,5,5,5,5,5,4,5,4,4,5,7,5,4,5,5,4,5,5,6,4,5,5,5,4,5,6,6,7,6,6,6,6,5,7,8,10,5,7,5,7,6,9,5,5,5,5,5,5,5,5,5,5,5,5,5,5,5,5,5,5,5,5,5,5,5,5,5,5,5,5,5,5,5,5,5,5,5,5,5,5,5,5,5,5,5,5,5,5,5,5,5,5,5,5,5,5,5,5,5,5,5,5,5,5,5,5
128,682,674,676,661,661,662,655,650,688,681,675,678,666,667,661,661,682,677,680,682,672,669,653,671,707,694,697,685,681,679,669,666,684,698,703,691,691,679,683,673,713,707,699,694,692,699,680,687,725,725,716,699,699,698,682,684,713,714,718,725,710,713,684,696,5,5,4,4,4,4,4,5,4,4,4,3,4,4,4,4,6,5,5,5,4,5,3,4,5,4,5,4,4,4,5,4,6,4,4,4,5,4,4,5,5,6,4,4,6,5,6,6,6,7,5,5,5,5,5,5,6,8,5,7,5,6,5,8,5,5,5,5,5,5,5,5,5,5,5,5,5,5,5,5,5,5,5,5,5,5,5,5,5,5,5,5,5,5,5,5,5,5,5,5,5,5,5,5,5,5,5,5,5,5,5,5,5,5,5,5,5,5,5,5,5,5,5,5,5,5,5,5
129,677,677,668,665,660,667,654,653,694,685,682,670,664,667,661,648,698,700,691,677,682,681,667,660,696,691,694,691,688,682,682,677,703,701,702,697,690,686,681,671,710,692,703,698,689,692,686,673,726,700,713,698,700,687,699,683,729,706,717,716,718,689,697,692,5,4,4,4,4,4,4,5,6,4,4,4,4,4,5,5,5,6,4,5,4,4,4,4,5,4,4,4,4,4,5,6,6,5,4,6,5,5,5,5,5,5,5,5,6,6,6,4,5,8,6,6,5,5,5,7,9,9,5,6,5,6,6,7,5,5,5,5,5,5,5,5,5,5,5,5,5,5,5,5,5,5,5,5,5,5,5,5,5,5,5,5,5,5,5,5,5,5,5,5,5,5,5,5,5,5,5,5,5,5,5,5,5,5,5,5,5,5,5,5,5,5,5,5,5,5,5,5
130,671,672,672,658,659,660,657,650,683,685,682,675,671,670,663,662,692,690,682,675,672,669,666,664,707,694,689,688,683,669,675,672,698,703,697,698,686,677,684,682,714,706,696,699,695,686,682,686,711,713,699,708,702,704,690,689,710,724,714,720,701,693,693,680,5,5,4,3,4,3,4,4,4,5,3,4,4,3,4,4,5,5,5,4,4,4,3,4,6,5,4,4,4,4,4,4,6,4,4,4,5,4,4,5,6,5,5,5,7,4,6,5,7,6,6,6,5,6,5,6,7,9,5,6,6,5,4,9,5,5,5,5,5,5,5,5,5,5,5,5,5,5,5,5,5,5,5,5,5,5,5,5,5,5,5,5,5,5,5,5,5,5,5,5,5,5,5,5,5,5,5,5,5,5,5,5,5,5,5,5,5,5,5,5,5,5,5,5,5,5,5,5
131,673,670,668,667,659,659,656,652,686,682,679,670,667,665,663,659,698,689,671,675,672,675,664,660,693,697,690,689,686,679,676,661,691,702,686,690,690,685,682,672,723,700,701,705,698,687,694,682,715,713,710,699,690,697,694,691,731,715,723,709,712,706,705,693,5,5,4,5,3,4,4,5,5,5,4,5,4,4,4,4,6,6,5,4,4,5,4,4,6,5,5,5,4,5,5,4,6,5,5,5,6,4,5,4,6,5,5,6,5,4,5,6,5,6,6,6,5,5,5,6,8,9,6,7,6,6,6,9,5,5,5,5,5,5,5,5,5,5,5,5,5,5,5,5,5,5,5,5,5,5,5,5,5,5,5,5,5,5,5,5,5,5,5,5,5,5,5,5,5,5,5,5,5,5,5,5,5,5,5,5,5,5,5,5,5,5,5,5,5,5,5,5
132,678,670,666,669,662,652,653,652,678,684,676,677,670,665,663,654,692,695,678,686,678,673,661,663,698,690,690,683,689,682,676,670,713,698,685,686,687,677,677,677,712,703,703,710,690,691,692,686,721,708,716,700,701,694,684,690,711,724,710,718,700,710,707,683,5,5,4,4,3,4,4,4,5,4,3,3,4,3,5,4,5,6,4,5,4,4,4,4,6,5,5,4,4,4,5,4,6,4,4,5,4,4,4,5,6,5,4,5,6,4,5,5,5,6,5,6,5,5,6,7,7,7,5,6,6,5,6,8,5,5,5,5,5,5,5,5,5,5,5,5,5,5,5,5,5,5,5,5,5,5,5,5,5,5,5,5,5,5,5,5,5,5,5,5,5,5,5,5,5,5,5,5,5,5,5,5,5,5,5,5,5,5,5,5,5,5,5,5,5,5,5,5
133,679,662,672,667,655,663,652,647,687,673,680,673,671,667,664,662,697,682,689,685,675,674,668,666,708,690,688,680,684,671,674,679,710,699,700,688,694,684,677,675,705,708,704,695,692,688,693,679,720,714,714,708,699,698,703,689,724,710,714,700,703,705,700,698,6,5,4,4,4,4,3,5,6,4,3,4,4,4,4,5,8,6,5,5,4,5,4,5,5,5,5,4,4,4,5,4,6,5,4,5,5,4,5,5,5,6,5,5,6,5,5,5,7,7,6,6,6,6,5,6,9,10,5,8,6,6,5,8,5,5,5,5,5,5,5,5,5,5,5,5,5,5,5,5,5,5,5,5,5,5,5,5,5,5,5,5,5,5,5,5,5,5,5,5,5,5,5,5,5,5,5,5,5,5,5,5,5,5,5,5,5,5,5,5,5,5,5,5,5,5,5,5
134,682,683,673,678,656,659,657,652,685,684,673,673,666,658,659,659,694,694,677,679,677,670,661,661,693,695,695,683,677,672,675,670,700,699,696,696,684,689,679,678,720,711,707,698,696,694,682,681,728,722,710,709,711,687,680,698,738,711,717,703,700,693,709,704,6,4,4,5,4,4,4,4,5,4,4,4,4,4,4,4,5,6,4,5,4,4,4,4,5,4,5,4,4,4,5,5,7,4,4,4,4,4,4,4,5,6,5,6,5,4,5,5,6,8,5,5,5,5,5,7,8,8,5,6,6,6,6,7,5,5,5,5,5,5,5,5,5,5,5,5,5,5,5,5,5,5,5,5,5,5,5,5,5,5,5,5,5,5,5,5,5,5,5,5,5,5,5,5,5,5,5,5,5,5,5,5,5,5,5,5,5,5,5,5,5,5,5,5,5,5,5,5
135,691,686,673,674,665,660,659,652,686,685,676,676,662,662,666,663,690,696,682,681,676,660,674,663,716,690,696,686,686,676,661,672,698,697,694,695,691,685,669,686,717,712,695,704,696,692,683,675,729,705,709,701,701,690,684,687,720,727,723,700,701,700,710,696,6,5,4,4,4,4,4,5,5,5,4,4,4,4,4,4,6,6,4,5,4,4,4,4,6,5,4,4,4,5,4,5,6,4,5,5,6,5,4,5,6,7,4,5,6,4,5,5,8,7,6,6,5,5,6,6,7,8,5,8,6,6,5,10,5,5,5,5,5,5,5,5,5,5,5,5,5,5,5,5,5,5,5,5,5,5,5,5,5,5,5,5,5,5,5,5,5,5,5,5,5,5,5,5,5,5,5,5,5,5,5,5,5,5,5,5,5,5,5,5,5,5,5,5,5,5,5,5
136,678,676,672,665,662,665,654,656,684,684,678,676,666,663,664,658,687,682,689,676,677,671,673,658,695,697,688,695,679,682,670,675,711,706,687,691,690,676,678,668,710,698,692,690,692,694,685,676,725,722,702,711,694,697,705,684,713,719,710,710,712,700,698,706,4,6,4,4,4,4,4,5,5,5,4,4,4,3,3,3,6,6,4,5,4,4,3,4,5,4,5,5,4,4,4,5,7,4,4,5,4,4,4,4,6,5,5,6,6,4,4,6,6,7,6,5,5,5,5,6,7,9,5,7,5,6,5,8,5,5,5,5,5,5,5,5,5,5,5,5,5,5,5,5,5,5,5,5,5,5,5,5,5,5,5,5,5,5,5,5,5,5,5,5,5,5,5,5,5,5,5,5,5,5,5,5,5,5,5,5,5,5,5,5,5,5,5,5,5,5,5,5
137,677,679,676,671,654,651,655,661,686,682,670,668,665,660,661,658,701,682,692,685,676,667,667,666,708,698,691,693,682,689,672,672,701,705,696,685,696,686,685,678,713,690,698,697,708,694,676,678,706,698,715,706,698,694,698,700,736,724,711,720,709,708,706,695,5,4,4,5,4,4,4,5,5,4,4,5,4,4,4,4,6,6,4,5,4,5,4,5,6,5,6,5,4,5,5,5,7,5,5,5,5,5,5,5,6,5,5,5,6,4,5,5,5,6,5,6,5,6,5,8,7,7,5,7,6,7,7,11,5,5,5,5,5,5,5,5,5,5,5,5,5,5,5,5,5,5,5,5,5,5,5,5,5,5,5,5,5,5,5,5,5,5,5,5,5,5,5,5,5,5,5,5,5,5,5,5,5,5,5,5,5,5,5,5,5,5,5,5,5,5,5,5
138,677,679,671,670,664,655,659,636,673,673,677,673,668,659,659,662,687,691,682,673,686,670,671,663,694,689,693,689,686,674,674,670,715,697,687,697,694,681,682,683,707,702,708,692,685,694,688,680,715,716,715,717,698,697,692,689,728,718,715,708,710,714,692,713,5,4,4,4,4,4,4,4,5,4,5,5,4,3,4,4,6,6,5,5,4,4,4,4,6,4,5,4,4,4,4,5,6,4,4,5,5,5,4,5,5,5,4,6,5,4,5,5,7,6,5,5,5,5,5,6,8,8,5,6,5,6,5,7,5,5,5,5,5,5,5,5,5,5,5,5,5,5,5,5,5,5,5,5,5,5,5,5,5,5,5,5,5,5,5,5,5,5,5,5,5,5,5,5,5,5,5,5,5,5,5,5,5,5,5,5,5,5,5,5,5,5,5,5,5,5,5,5
139,680,681,666,666,650,661,653,656,683,682,672,677,674,661,661,658,691,696,689,687,670,675,674,666,707,698,692,685,683,673,673,659,709,702,702,704,687,693,675,670,720,715,712,696,685,680,681,679,731,709,724,701,700,694,689,700,712,714,728,711,707,695,705,701,5,4,4,4,4,5,4,4,6,4,4,4,4,3,4,4,7,7,4,4,4,5,4,4,5,5,5,5,5,4,5,5,6,5,4,4,6,4,5,5,6,5,5,5,6,5,6,6,7,6,6,6,6,5,6,7,7,7,6,7,6,6,6,8,5,5,5,5,5,5,5,5,5,5,5,5,5,5,5,5,5,5,5,5,5,5,5,5,5,5,5,5,5,5,5,5,5,5,5,5,5,5,5,5,5,5,5,5,5,5,5,5,5,5,5,5,5,5,5,5,5,5,5,5,5,5,5,5
140,674,678,667,667,656,658,653,653,688,689,675,669,673,662,667,651,691,699,693,674,679,666,666,663,695,691,702,685,677,672,676,670,708,700,688,688,693,684,672,678,705,715,699,704,686,688,685,677,712,706,700,699,703,688,691,700,722,723,711,714,719,701,699,687,5,4,4,4,4,3,4,4,5,4,3,4,4,3,4,3,6,5,6,5,4,4,4,4,6,4,4,4,4,4,4,5,5,4,5,4,5,4,5,5,5,5,4,5,5,4,4,4,5,6,6,6,5,6,4,7,8,8,6,7,6,6,5,9,5,5,5,5,5,5,5,5,5,5,5,5,5,5,5,5,5,5,5,5,5,5,5,5,5,5,5,5,5,5,5,5,5,5,5,5,5,5,5,5,5,5,5,5,5,5,5,5,5,5,5,5,5,5,5,5,5,5,5,5,5,5,5,5
141,683,684,672,669,662,658,659,651,683,681,676,672,672,663,663,659,680,689,680,680,674,670,672,661,705,699,685,683,677,685,670,675,712,697,693,693,684,686,683,678,713,713,700,714,705,694,687,684,721,707,696,705,701,682,693,699,701,721,726,716,721,698,693,696,6,5,5,4,3,4,4,5,5,4,4,5,5,4,5,4,6,6,5,6,4,4,5,3,5,4,5,4,4,4,4,5,7,5,5,4,5,4,4,5,5,7,4,6,5,4,6,5,5,6,6,6,6,5,5,6,9,9,6,7,6,6,5,10,5,5,5,5,5,5,5,5,5,5,5,5,5,5,5,5,5,5,5,5,5,5,5,5,5,5,5,5,5,5,5,5,5,5,5,5,5,5,5,5,5,5,5,5,5,5,5,5,5,5,5,5,5,5,5,5,5,5,5,5,5,5,5,5
142,671,665,680,669,661,659,654,658,684,686,681,669,666,664,662,655,695,679,684,689,670,670,672,659,707,696,687,684,684,673,668,668,705,709,693,686,681,686,678,677,706,704,699,698,700,686,689,681,718,710,708,704,698,698,691,692,737,720,721,705,725,704,699,694,5,5,4,4,3,4,4,5,5,4,4,4,4,4,4,3,5,6,5,4,4,4,3,4,5,4,5,4,4,4,4,5,6,4,4,4,4,5,4,5,5,5,5,5,5,5,4,5,6,7,6,6,5,5,6,7,8,10,6,7,6,6,6,10,5,5,5,5,5,5,5,5,5,5,5,5,5,5,5,5,5,5,5,5,5,5,5,5,5,5,5,5,5,5,5,5,5,5,5,5,5,5,5,5,5,5,5,5,5,5,5,5,5,5,5,5,5,5,5,5,5,5,5,5,5,5,5,5
143,681,678,672,660,666,654,662,663,686,678,682,664,664,668,662,664,692,689,684,679,677,673,666,655,701,691,695,684,679,679,675,669,707,702,707,692,689,684,686,677,705,699,710,707,694,684,691,677,706,712,705,703,700,702,695,695,722,718,720,700,707,699,702,701,7,4,5,4,4,4,4,4,5,5,4,4,4,4,5,4,6,5,6,5,4,5,4,4,7,5,5,4,4,5,5,5,5,5,4,5,5,5,4,5,7,6,5,5,6,5,4,5,7,7,6,6,4,6,5,6,7,8,7,7,6,6,6,13,5,5,5,5,5,5,5,5,5,5,5,5,5,5,5,5,5,5,5,5,5,5,5,5,5,5,5,5,5,5,5,5,5,5,5,5,5,5,5,5,5,5,5,5,5,5,5,5,5,5,5,5,5,5,5,5,5,5,5,5,5,5,5,5
144,675,665,664,671,662,661,658,658,677,684,676,669,663,664,664,655,689,682,679,675,683,663,661,663,693,695,693,685,682,681,663,665,711,694,691,685,690,673,671,679,704,705,710,697,701,693,681,681,724,715,708,701,693,696,688,692,721,719,722,715,699,708,704,680,4,4,4,5,3,4,4,5,4,4,4,4,4,4,4,4,6,5,5,4,4,4,4,4,6,4,5,4,4,4,4,5,6,4,5,5,5,4,5,5,4,6,5,5,5,4,5,5,8,7,4,5,4,5,5,6,8,9,6,6,6,5,6,9,5,5,5,5,5,5,5,5,5,5,5,5,5,5,5,5,5,5,5,5,5,5,5,5,5,5,5,5,5,5,5,5,5,5,5,5,5,5,5,5,5,5,5,5,5,5,5,5,5,5,5,5,5,5,5,5,5,5,5,5,5,5,5,5
145,690,669,673,668,662,662,653,658,699,685,684,671,671,671,668,660,689,689,678,676,669,675,671,662,703,700,694,681,680,672,672,668,702,696,695,692,680,679,679,680,727,700,702,696,698,689,678,685,726,717,713,701,692,696,706,694,716,734,713,717,704,700,702,692,6,5,4,4,3,4,4,6,6,5,4,4,5,4,4,4,6,5,4,5,4,5,4,4,7,5,5,4,4,4,5,5,6,4,4,5,4,5,5,5,6,5,5,5,6,4,6,6,6,7,7,5,5,5,5,7,8,10,6,8,7,6,7,10,5,5,5,5,5,5,5,5,5,5,5,5,5,5,5,5,5,5,5,5,5,5,5,5,5,5,5,5,5,5,5,5,5,5,5,5,5,5,5,5,5,5,5,5,5,5,5,5,5,5,5,5,5,5,5,5,5,5,5,5,5,5,5,5
146,678,680,672,668,656,657,660,663,686,673,669,660,676,664,660,663,694,680,684,678,668,673,665,655,693,686,685,690,677,668,671,657,704,705,694,685,688,684,680,680,712,700,706,701,696,686,689,691,731,714,708,700,703,702,695,692,725,714,714,692,695,712,698,684,6,4,4,5,4,5,5,4,5,4,4,4,4,4,4,4,7,5,5,4,4,4,4,4,6,4,6,4,4,4,4,5,5,5,4,5,5,5,5,5,5,6,5,5,5,4,5,5,6,7,5,6,4,5,6,6,8,7,5,6,6,5,5,9,5,5,5,5,5,5,5,5,5,5,5,5,5,5,5,5,5,5,5,5,5,5,5,5,5,5,5,5,5,5,5,5,5,5,5,5,5,5,5,5,5,5,5,5,5,5,5,5,5,5,5,5,5,5,5,5,5,5,5,5,5,5,5,5
147,683,688,678,669,659,659,647,661,696,670,680,676,674,676,664,658,696,685,676,671,675,672,662,668,701,698,690,682,690,677,679,667,700,712,702,693,693,685,686,683,705,696,714,702,707,683,689,685,711,710,709,707,696,692,697,698,724,725,721,691,703,710,705,692,6,4,5,4,4,4,4,4,7,4,4,5,5,4,4,4,8,6,5,4,4,5,4,5,7,4,5,4,4,4,5,5,6,5,4,5,5,5,4,6,5,5,6,5,6,4,4,6,7,7,6,7,5,5,7,6,7,8,6,7,5,6,6,10,5,5,5,5,5,5,5,5,5,5,5,5,5,5,5,5,5,5,5,5,5,5,5,5,5,5,5,5,5,5,5,5,5,5,5,5,5,5,5,5,5,5,5,5,5,5,5,5,5,5,5,5,5,5,5,5,5,5,5,5,5,5,5,5
148,676,681,669,664,661,662,651,656,681,673,682,672,669,660,659,656,691,695,683,688,675,669,660,659,697,693,699,682,679,675,674,661,715,696,690,692,686,680,687,672,722,711,706,693,693,689,686,688,719,710,713,708,691,700,692,688,722,718,721,708,697,703,699,699,5,5,4,4,4,4,4,4,5,4,4,4,4,4,4,4,7,6,4,5,4,4,4,4,6,4,4,4,4,4,5,5,6,4,4,5,4,4,4,4,5,5,4,5,4,4,5,6,6,7,6,5,4,6,5,6,7,7,6,7,6,6,6,9,5,5,5,5,5,5,5,5,5,5,5,5,5,5,5,5,5,5,5,5,5,5,5,5,5,5,5,5,5,5,5,5,5,5,5,5,5,5,5,5,5,5,5,5,5,5,5,5,5,5,5,5,5,5,5,5,5,5,5,5,5,5,5,5
149,675,671,668,668,675,648,656,650,686,678,670,672,662,668,665,662,688,679,677,672,675,677,669,664,692,697,693,686,681,675,688,662,714,706,691,690,690,683,682,677,709,706,709,697,696,683,677,691,717,706,712,695,712,696,688,690,736,719,727,712,712,716,705,699,5,6,4,4,4,4,4,6,5,5,4,4,4,4,4,4,7,5,5,4,4,5,4,4,6,5,5,4,4,4,4,5,6,5,5,5,5,5,5,5,5,6,5,5,5,4,6,4,6,6,6,6,6,5,5,6,9,10,6,7,6,6,7,12,5,5,5,5,5,5,5,5,5,5,5,5,5,5,5,5,5,5,5,5,5,5,5,5,5,5,5,5,5,5,5,5,5,5,5,5,5,5,5,5,5,5,5,5,5,5,5,5,5,5,5,5,5,5,5,5,5,5,5,5,5,5,5,5
150,676,677,667,668,659,663,658,648,684,680,679,677,672,674,669,657,682,678,686,673,668,675,660,669,695,686,679,691,681,682,674,666,705,700,696,685,693,682,687,671,710,702,700,690,693,687,685,669,713,714,712,700,708,698,685,692,721,716,710,713,710,707,703,679,5,4,4,4,4,4,4,4,5,4,4,5,4,4,3,3,6,5,4,4,4,4,4,4,5,4,5,3,4,5,4,4,7,4,4,4,5,4,4,5,4,6,5,5,5,4,5,5,7,7,6,5,6,5,6,6,8,9,4,6,5,5,6,10,5,5,5,5,5,5,5,5,5,5,5,5,5,5,5,5,5,5,5,5,5,5,5,5,5,5,5,5,5,5,5,5,5,5,5,5,5,5,5,5,5,5,5,5,5,5,5,5,5,5,5,5,5,5,5,5,5,5,5,5,5,5,5,5
151,684,667,675,668,658,655,653,649,690,678,679,677,665,665,659,662,688,701,684,675,675,681,664,665,710,694,693,681,688,686,668,670,711,704,700,692,688,681,680,671,701,701,711,694,697,690,677,686,722,726,704,700,691,700,690,685,724,718,719,700,701,706,689,702,6,5,4,4,4,5,4,5,5,5,4,4,4,4,4,4,7,7,5,5,4,5,4,4,6,5,6,4,4,5,5,4,6,5,4,5,5,5,4,5,5,5,5,5,5,4,6,6,7,7,7,5,6,5,6,7,7,8,5,6,5,5,7,12,5,5,5,5,5,5,5,5,5,5,5,5,5,5,5,5,5,5,5,5,5,5,5,5,5,5,5,5,5,5,5,5,5,5,5,5,5,5,5,5,5,5,5,5,5,5,5,5,5,5,5,5,5,5,5,5,5,5,5,5,5,5,5,5
152,676,669,669,666,658,659,659,665,694,683,673,670,662,665,660,654,684,682,689,677,679,665,666,656,696,698,697,686,683,680,666,673,695,697,695,697,678,684,685,676,715,701,716,705,696,688,674,690,711,716,701,707,707,700,688,696,723,724,713,710,709,695,703,690,5,4,4,4,4,4,4,4,6,4,4,4,3,4,4,3,6,6,4,5,4,4,4,4,5,4,4,4,4,4,4,5,7,4,4,4,4,4,5,4,6,5,6,5,6,4,5,6,6,8,6,6,5,5,6,6,6,7,6,7,5,5,7,8,5,5,5,5,5,5,5,5,5,5,5,5,5,5,5,5,5,5,5,5,5,5,5,5,5,5,5,5,5,5,5,5,5,5,5,5,5,5,5,5,5,5,5,5,5,5,5,5,5,5,5,5,5,5,5,5,5,5,5,5,5,5,5,5
153,673,672,669,672,659,657,660,650,683,685,670,672,671,667,668,652,694,688,689,677,680,670,658,663,695,694,695,684,682,677,683,668,691,692,695,686,698,688,681,681,711,706,707,707,696,693,687,669,717,718,711,702,694,696,694,694,724,731,724,711,710,704,701,686,5,4,4,5,4,5,5,5,5,4,5,5,5,4,4,4,8,6,4,5,4,4,5,4,6,5,6,4,4,4,4,5,7,4,4,5,5,5,4,5,6,6,5,6,5,5,5,5,7,6,5,5,5,5,5,6,10,10,7,7,5,6,5,7,5,5,5,5,5,5,5,5,5,5,5,5,5,5,5,5,5,5,5,5,5,5,5,5,5,5,5,5,5,5,5,5,5,5,5,5,5,5,5,5,5,5,5,5,5,5,5,5,5,5,5,5,5,5,5,5,5,5,5,5,5,5,5,5
154,677,675,673,669,660,649,655,650,685,674,676,671,665,655,656,654,695,690,683,674,672,666,666,659,693,700,693,684,682,676,673,675,698,700,692,684,682,676,681,681,734,708,692,708,695,685,690,678,721,709,719,707,701,694,684,681,728,710,721,718,701,697,702,696,5,5,4,4,3,4,4,4,5,4,4,4,3,3,4,3,6,5,4,4,4,4,4,4,5,5,5,4,4,4,4,5,5,5,4,5,4,4,5,4,5,6,4,4,6,5,4,5,5,7,6,5,5,5,5,6,9,12,5,6,5,5,6,8,5,5,5,5,5,5,5,5,5,5,5,5,5,5,5,5,5,5,5,5,5,5,5,5,5,5,5,5,5,5,5,5,5,5,5,5,5,5,5,5,5,5,5,5,5,5,5,5,5,5,5,5,5,5,5,5,5,5,5,5,5,5,5,5
155,673,678,679,668,665,654,670,652,689,681,675,672,672,660,665,659,691,676,692,683,677,670,662,663,693,683,681,694,686,671,672,665,696,704,693,693,689,688,680,677,712,708,701,705,700,685,676,678,722,696,717,699,701,695,697,688,712,725,719,718,700,705,704,697,5,4,5,4,4,4,5,5,5,4,4,4,4,4,4,5,7,5,5,5,4,4,4,4,7,5,5,5,4,4,4,5,7,4,4,4,5,4,4,5,5,6,5,5,6,4,6,5,7,7,5,5,5,5,5,6,6,10,6,7,7,5,6,7,5,5,5,5,5,5,5,5,5,5,5,5,5,5,5,5,5,5,5,5,5,5,5,5,5,5,5,5,5,5,5,5,5,5,5,5,5,5,5,5,5,5,5,5,5,5,5,5,5,5,5,5,5,5,5,5,5,5,5,5,5,5,5,5
156,672,669,675,664,661,655,652,660,688,687,684,666,660,656,657,658,690,687,672,689,678,676,668,663,695,695,686,677,687,685,666,667,707,709,695,683,689,686,679,681,725,704,701,710,696,694,689,689,713,721,714,695,699,690,674,695,719,715,709,706,697,706,703,706,5,4,4,4,4,4,4,5,5,5,3,4,3,4,4,3,7,6,5,4,4,4,4,3,5,4,5,4,4,4,5,5,5,4,4,4,5,5,5,5,7,5,5,5,5,4,5,7,6,6,8,5,5,5,5,6,7,7,5,7,5,6,6,9,5,5,5,5,5,5,5,5,5,5,5,5,5,5,5,5,5,5,5,5,5,5,5,5,5,5,5,5,5,5,5,5,5,5,5,5,5,5,5,5,5,5,5,5,5,5,5,5,5,5,5,5,5,5,5,5,5,5,5,5,5,5,5,5
157,699,670,668,664,662,660,653,647,692,685,674,674,667,669,664,659,692,697,681,675,683,671,668,655,705,699,688,683,682,667,672,665,715,696,683,694,689,687,691,676,730,699,707,691,699,695,684,679,727,708,707,711,705,683,694,687,717,727,711,714,710,708,705,696,6,5,4,4,4,4,4,4,6,4,5,4,4,4,4,4,5,7,5,5,4,5,4,5,5,5,5,4,5,5,5,5,6,5,4,4,6,5,5,5,7,5,5,4,6,5,6,6,6,7,6,6,7,4,7,7,9,9,6,7,6,6,6,11,5,5,5,5,5,5,5,5,5,5,5,5,5,5,5,5,5,5,5,5,5,5,5,5,5,5,5,5,5,5,5,5,5,5,5,5,5,5,5,5,5,5,5,5,5,5,5,5,5,5,5,5,5,5,5,5,5,5,5,5,5,5,5,5
158,688,676,676,673,663,655,659,658,683,679,676,681,663,658,656,659,687,687,690,675,671,667,670,665,699,684,688,683,672,676,672,672,694,696,698,685,683,683,677,674,701,700,705,700,700,685,674,682,720,725,704,699,707,691,695,684,732,711,714,713,710,701,694,696,6,4,5,4,3,4,4,5,5,4,4,3,4,3,4,4,6,5,4,5,3,4,4,5,7,5,5,4,4,4,5,5,6,4,5,4,4,4,5,5,5,5,4,5,5,4,5,5,7,7,5,5,6,6,6,5,8,12,5,8,6,5,5,10,5,5,5,5,5,5,5,5,5,5,5,5,5,5,5,5,5,5,5,5,5,5,5,5,5,5,5,5,5,5,5,5,5,5,5,5,5,5,5,5,5,5,5,5,5,5,5,5,5,5,5,5,5,5,5,5,5,5,5,5,5,5,5,5
159,680,671,668,663,652,659,657,653,690,682,688,680,676,665,667,655,689,685,687,683,677,672,671,664,690,694,683,691,685,678,673,671,704,707,691,693,690,690,684,679,707,714,704,706,698,694,682,689,709,710,706,701,697,702,689,692,731,719,713,696,713,703,707,694,6,4,4,4,4,4,4,5,5,5,4,4,5,4,5,4,5,5,4,5,4,4,5,4,6,4,5,5,5,4,5,5,8,5,5,4,5,4,4,5,6,7,5,5,6,5,5,5,8,6,7,5,4,6,6,7,8,9,7,9,5,5,5,8,5,5,5,5,5,5,5,5,5,5,5,5,5,5,5,5,5,5,5,5,5,5,5,5,5,5,5,5,5,5,5,5,5,5,5,5,5,5,5,5,5,5,5,5,5,5,5,5,5,5,5,5,5,5,5,5,5,5,5,5,5,5,5,5
160,688,671,665,674,660,660,656,651,681,681,680,672,674,657,661,662,690,691,673,675,685,665,668,665,696,692,687,687,681,671,676,662,699,694,697,695,690,683,681,674,715,709,702,703,699,685,697,686,721,723,706,716,702,689,692,688,719,726,714,716,705,700,697,694,7,5,4,4,4,4,4,5,6,5,4,4,4,3,3,4,7,6,4,5,4,4,4,5,6,4,5,4,4,4,5,4,6,4,5,4,5,5,5,4,5,6,5,5,5,5,5,5,6,7,6,5,5,5,6,6,7,7,5,7,6,5,6,10,5,5,5,5,5,5,5,5,5,5,5,5,5,5,5,5,5,5,5,5,5,5,5,5,5,5,5,5,5,5,5,5,5,5,5,5,5,5,5,5,5,5,5,5,5,5,5,5,5,5,5,5,5,5,5,5,5,5,5,5,5,5,5,5
161,681,674,671,672,662,664,656,649,688,685,674,672,670,667,666,654,684,682,680,683,672,667,660,668,689,678,697,683,683,687,669,660,706,711,693,696,694,683,692,667,705,715,701,705,700,700,687,687,716,731,704,709,711,708,704,702,724,716,717,714,708,695,705,708,6,5,4,5,4,4,4,5,6,5,5,5,4,4,4,4,7,5,5,4,3,4,4,4,6,5,5,5,5,4,5,6,8,5,5,4,5,5,4,4,7,5,5,5,6,5,6,6,7,6,7,6,6,5,6,7,9,10,6,6,5,6,6,8,5,5,5,5,5,5,5,5,5,5,5,5,5,5,5,5,5,5,5,5,5,5,5,5,5,5,5,5,5,5,5,5,5,5,5,5,5,5,5,5,5,5,5,5,5,5,5,5,5,5,5,5,5,5,5,5,5,5,5,5,5,5,5,5
162,674,679,667,667,661,652,663,650,686,679,676,671,669,662,660,651,691,682,683,682,673,671,675,664,707,696,687,679,680,677,670,667,698,706,700,694,692,690,677,679,704,711,702,695,698,685,683,687,712,716,709,702,701,691,689,685,722,703,718,717,715,696,699,692,5,4,4,3,3,4,5,4,6,4,4,4,4,4,4,3,6,5,5,5,4,5,4,4,5,5,5,4,4,4,4,4,7,4,4,5,5,4,4,4,5,6,4,6,5,4,5,5,7,7,6,5,6,5,6,5,8,8,5,8,5,7,7,11,5,5,5,5,5,5,5,5,5,5,5,5,5,5,5,5,5,5,5,5,5,5,5,5,5,5,5,5,5,5,5,5,5,5,5,5,5,5,5,5,5,5,5,5,5,5,5,5,5,5,5,5,5,5,5,5,5,5,5,5,5,5,5,5
163,671,673,672,665,669,662,660,653,690,687,680,664,675,671,652,656,697,704,687,676,671,673,664,667,707,693,692,693,681,672,671,675,698,697,700,696,683,680,673,677,715,712,701,700,689,688,684,689,715,712,726,708,690,692,698,704,729,716,715,718,713,686,701,696,5,4,4,4,4,4,4,5,4,5,4,4,5,4,4,5,6,7,4,5,4,5,4,4,5,5,5,5,5,4,5,5,6,5,4,5,5,4,5,6,5,5,5,5,7,6,4,4,5,6,6,8,5,5,7,7,7,10,5,7,7,6,7,9,5,5,5,5,5,5,5,5,5,5,5,5,5,5,5,5,5,5,5,5,5,5,5,5,5,5,5,5,5,5,5,5,5,5,5,5,5,5,5,5,5,5,5,5,5,5,5,5,5,5,5,5,5,5,5,5,5,5,5,5,5,5,5,5
164,684,674,674,663,664,651,656,652,689,682,671,670,668,668,662,657,685,687,679,679,674,670,670,663,695,688,695,687,683,675,678,665,700,696,695,702,696,688,676,678,725,701,698,699,690,685,694,677,714,723,712,699,699,696,697,686,721,722,714,711,706,688,696,697,5,5,4,4,3,4,4,5,5,4,4,4,4,4,4,4,7,6,5,5,4,4,4,4,7,4,6,4,4,4,4,5,7,4,4,4,5,5,4,5,6,5,4,5,6,5,5,6,5,7,5,6,5,5,4,6,7,7,5,7,5,5,5,9,5,5,5,5,5,5,5,5,5,5,5,5,5,5,5,5,5,5,5,5,5,5,5,5,5,5,5,5,5,5,5,5,5,5,5,5,5,5,5,5,5,5,5,5,5,5,5,5,5,5,5,5,5,5,5,5,5,5,5,5,5,5,5,5
165,680,674,676,670,661,657,658,650,685,680,669,679,655,662,662,654,702,683,687,680,675,669,662,661,708,695,680,685,686,676,675,671,705,695,702,692,691,687,684,676,708,706,703,698,693,690,683,679,702,710,692,702,702,703,689,698,722,732,706,712,710,702,702,677,5,5,4,4,4,4,4,4,5,5,4,4,4,4,4,4,5,5,4,5,4,4,4,4,6,4,5,4,4,5,5,5,5,4,4,6,6,5,4,5,6,4,4,5,6,4,4,5,6,6,6,6,5,6,5,6,8,8,5,7,5,4,6,8,5,5,5,5,5,5,5,5,5,5,5,5,5,5,5,5,5,5,5,5,5,5,5,5,5,5,5,5,5,5,5,5,5,5,5,5,5,5,5,5,5,5,5,5,5,5,5,5,5,5,5,5,5,5,5,5,5,5,5,5,5,5,5,5
166,686,678,676,669,661,656,652,651,687,682,682,666,667,664,665,663,697,691,681,683,672,666,670,667,698,692,682,683,681,676,670,685,711,705,694,697,693,690,677,676,714,707,703,708,695,688,691,663,712,704,707,698,704,701,695,683,719,721,702,707,696,701,700,703,6,4,4,5,4,3,4,5,5,5,3,4,4,4,4,4,5,6,5,6,3,4,4,4,5,4,5,4,4,4,5,5,6,4,5,5,4,5,4,5,5,5,4,5,6,5,5,6,6,6,6,6,5,5,5,6,9,9,5,7,6,5,5,13,5,5,5,5,5,5,5,5,5,5,5,5,5,5,5,5,5,5,5,5,5,5,5,5,5,5,5,5,5,5,5,5,5,5,5,5,5,5,5,5,5,5,5,5,5,5,5,5,5,5,5,5,5,5,5,5,5,5,5,5,5,5,5,5
167,674,662,672,668,663,660,651,656,689,680,680,669,665,660,668,654,698,696,681,682,677,662,672,667,704,690,703,689,683,677,674,678,701,695,687,690,689,685,684,671,712,713,714,713,700,683,688,694,728,709,712,708,702,695,701,697,698,726,716,699,710,703,706,696,5,4,5,4,4,4,4,5,4,4,4,5,4,4,4,4,6,5,5,5,4,4,5,4,6,4,5,4,4,4,5,5,7,5,5,5,5,5,4,4,5,6,5,6,5,5,5,7,6,6,6,6,6,5,5,7,8,8,6,7,6,6,6,7,5,5,5,5,5,5,5,5,5,5,5,5,5,5,5,5,5,5,5,5,5,5,5,5,5,5,5,5,5,5,5,5,5,5,5,5,5,5,5,5,5,5,5,5,5,5,5,5,5,5,5,5,5,5,5,5,5,5,5,5,5,5,5,5
168,686,675,671,669,657,656,653,647,680,683,680,680,670,662,660,663,682,693,681,683,672,666,659,667,698,689,685,688,680,677,676,676,711,697,694,704,690,681,673,671,705,699,707,696,685,689,685,686,709,714,710,707,701,702,702,691,723,730,718,718,697,701,720,694,6,4,4,4,4,4,4,5,5,4,4,4,4,4,3,4,6,6,5,4,4,4,4,4,6,4,5,4,4,4,4,5,5,4,4,4,5,5,4,4,5,5,6,4,5,5,6,6,5,8,5,6,6,5,5,7,8,7,5,9,5,5,6,8,5,5,5,5,5,5,5,5,5,5,5,5,5,5,5,5,5,5,5,5,5,5,5,5,5,5,5,5,5,5,5,5,5,5,5,5,5,5,5,5,5,5,5,5,5,5,5,5,5,5,5,5,5,5,5,5,5,5,5,5,5,5,5,5
169,674,675,671,663,663,661,657,646,677,675,681,678,674,660,667,659,680,689,678,677,676,675,670,663,697,688,692,684,682,682,681,665,702,700,693,694,681,692,677,674,720,695,703,700,689,683,697,683,719,701,703,709,707,699,698,675,715,712,720,714,714,694,710,686,5,4,4,4,4,4,4,5,6,4,4,4,4,4,4,4,7,5,5,5,4,5,5,5,7,4,5,4,5,5,5,5,6,5,6,5,5,5,6,5,6,5,5,5,6,4,6,5,7,7,6,7,6,6,5,7,8,9,7,7,6,5,7,9,5,5,5,5,5,5,5,5,5,5,5,5,5,5,5,5,5,5,5,5,5,5,5,5,5,5,5,5,5,5,5,5,5,5,5,5,5,5,5,5,5,5,5,5,5,5,5,5,5,5,5,5,5,5,5,5,5,5,5,5,5,5,5,5
170,676,685,677,672,665,660,658,647,698,680,681,671,673,668,657,660,691,697,689,676,672,676,669,658,698,690,693,681,681,682,674,660,708,703,692,694,691,686,679,669,710,706,708,684,700,688,684,681,717,709,713,711,689,687,700,686,741,718,727,712,708,707,698,695,5,4,4,4,4,4,4,4,6,4,4,4,4,3,4,4,6,7,4,4,4,5,3,4,5,4,5,4,4,4,5,6,6,4,4,4,5,5,4,4,5,5,5,5,5,5,5,5,6,6,5,5,5,5,4,6,5,10,6,6,5,5,5,9,5,5,5,5,5,5,5,5,5,5,5,5,5,5,5,5,5,5,5,5,5,5,5,5,5,5,5,5,5,5,5,5,5,5,5,5,5,5,5,5,5,5,5,5,5,5,5,5,5,5,5,5,5,5,5,5,5,5,5,5,5,5,5,5
171,686,680,662,667,662,654,659,654,694,683,674,672,667,658,661,658,696,680,690,681,672,670,663,669,684,701,696,679,685,671,682,672,700,698,687,695,697,687,677,689,714,700,703,702,695,685,682,684,727,721,711,698,697,700,695,702,735,711,702,720,707,704,702,698,7,4,4,4,3,3,4,5,5,4,4,5,4,4,4,5,5,6,4,4,4,4,4,5,6,6,5,4,4,4,4,5,7,5,5,5,5,5,4,6,6,5,4,6,5,5,6,6,7,8,6,6,5,5,5,8,7,8,7,7,6,5,6,9,5,5,5,5,5,5,5,5,5,5,5,5,5,5,5,5,5,5,5,5,5,5,5,5,5,5,5,5,5,5,5,5,5,5,5,5,5,5,5,5,5,5,5,5,5,5,5,5,5,5,5,5,5,5,5,5,5,5,5,5,5,5,5,5
172,685,680,671,669,664,659,653,660,691,675,677,671,666,671,659,655,707,690,681,669,673,680,670,665,691,685,692,684,686,676,671,671,709,696,685,692,687,683,679,676,711,702,696,699,701,694,690,689,720,716,701,690,696,699,702,688,728,722,721,707,714,693,703,692,5,4,4,4,3,3,4,4,4,4,4,4,4,4,4,4,6,5,5,4,4,4,4,4,6,4,5,4,4,4,5,4,7,4,5,4,5,5,4,5,5,5,4,5,5,5,5,6,6,6,6,5,5,6,6,5,6,9,5,7,6,7,5,9,5,5,5,5,5,5,5,5,5,5,5,5,5,5,5,5,5,5,5,5,5,5,5,5,5,5,5,5,5,5,5,5,5,5,5,5,5,5,5,5,5,5,5,5,5,5,5,5,5,5,5,5,5,5,5,5,5,5,5,5,5,5,5,5
173,677,673,670,655,664,657,657,656,679,678,683,672,669,668,662,663,684,685,684,670,677,667,658,664,690,695,689,684,678,676,668,671,716,702,693,688,689,686,676,678,704,698,714,701,699,691,685,684,715,719,699,700,703,697,695,682,708,712,721,710,714,711,691,697,5,5,4,5,4,4,4,5,6,5,4,4,4,4,4,4,6,6,5,4,4,4,4,4,5,5,5,4,4,4,5,5,8,4,5,5,5,5,5,6,6,5,7,5,7,4,5,5,6,8,6,6,5,5,6,6,9,11,6,7,6,7,7,9,5,5,5,5,5,5,5,5,5,5,5,5,5,5,5,5,5,5,5,5,5,5,5,5,5,5,5,5,5,5,5,5,5,5,5,5,5,5,5,5,5,5,5,5,5,5,5,5,5,5,5,5,5,5,5,5,5,5,5,5,5,5,5,5
174,680,674,668,661,663,658,660,654,672,681,679,676,676,661,665,660,677,681,681,675,675,670,667,661,696,696,690,682,680,685,679,675,698,701,698,692,683,680,682,670,717,702,704,699,680,687,687,683,725,706,705,695,703,697,691,686,729,706,717,715,708,691,692,687,5,5,4,4,4,4,4,5,5,4,5,4,4,3,4,3,5,6,5,4,3,4,3,4,7,5,5,4,4,5,5,5,7,5,5,4,4,4,4,4,5,5,5,4,6,4,6,5,6,7,6,5,4,6,5,5,7,9,5,7,6,5,5,9,5,5,5,5,5,5,5,5,5,5,5,5,5,5,5,5,5,5,5,5,5,5,5,5,5,5,5,5,5,5,5,5,5,5,5,5,5,5,5,5,5,5,5,5,5,5,5,5,5,5,5,5,5,5,5,5,5,5,5,5,5,5,5,5
175,680,670,664,668,664,659,656,654,681,681,682,671,670,664,662,659,687,699,682,693,673,675,665,659,690,694,686,686,688,674,672,675,707,698,696,700,686,684,674,669,711,710,699,701,699,694,683,687,705,712,705,705,697,686,698,686,732,721,715,704,712,711,711,699,6,5,5,4,4,4,4,5,5,5,4,4,4,4,4,4,6,7,5,5,4,5,5,4,5,5,6,4,4,4,5,5,5,5,5,4,5,5,4,5,6,5,5,5,5,4,5,6,7,7,5,7,5,6,7,6,6,7,5,9,7,6,6,10,5,5,5,5,5,5,5,5,5,5,5,5,5,5,5,5,5,5,5,5,5,5,5,5,5,5,5,5,5,5,5,5,5,5,5,5,5,5,5,5,5,5,5,5,5,5,5,5,5,5,5,5,5,5,5,5,5,5,5,5,5,5,5,5
176,672,675,668,664,663,658,660,654,699,678,680,671,663,662,656,662,691,696,670,667,675,667,665,664,699,688,695,689,678,672,674,666,698,697,694,694,686,683,681,676,718,701,700,710,692,688,679,682,716,713,711,701,700,694,686,695,708,712,732,710,706,708,698,685,5,4,4,4,3,4,4,5,5,4,4,4,4,4,4,4,7,6,4,4,3,4,4,5,6,5,5,4,4,4,5,5,6,4,4,5,5,4,4,4,5,5,4,5,5,4,5,5,7,7,5,5,5,5,5,6,8,9,5,6,6,5,6,10,5,5,5,5,5,5,5,5,5,5,5,5,5,5,5,5,5,5,5,5,5,5,5,5,5,5,5,5,5,5,5,5,5,5,5,5,5,5,5,5,5,5,5,5,5,5,5,5,5,5,5,5,5,5,5,5,5,5,5,5,5,5,5,5
177,680,679,664,661,661,652,654,661,697,678,673,670,671,662,663,653,687,686,678,675,678,669,662,659,694,698,694,688,665,675,677,665,700,713,690,693,690,691,684,674,712,717,696,694,694,693,688,690,725,704,710,707,695,699,695,702,728,703,721,729,704,686,708,704,6,5,5,4,4,4,4,4,6,4,5,5,5,4,4,4,6,7,5,5,4,4,5,4,6,4,5,4,4,4,5,4,6,6,5,4,5,5,4,4,5,6,5,5,6,5,4,6,7,6,5,6,5,5,6,7,8,9,6,8,6,5,8,13,5,5,5,5,5,5,5,5,5,5,5,5,5,5,5,5,5,5,5,5,5,5,5,5,5,5,5,5,5,5,5,5,5,5,5,5,5,5,5,5,5,5,5,5,5,5,5,5,5,5,5,5,5,5,5,5,5,5,5,5,5,5,5,5
178,677,667,666,662,663,656,658,651,685,687,668,669,671,663,658,660,690,688,680,674,672,670,665,660,696,693,697,683,682,681,675,670,706,701,698,687,693,683,682,668,708,705,705,699,697,685,688,676,716,713,690,695,709,698,691,692,731,719,713,712,693,705,705,702,5,4,4,4,4,4,4,4,5,5,4,4,4,4,4,4,5,5,5,5,4,4,4,4,5,4,4,4,4,4,5,4,5,4,4,4,5,4,4,5,5,5,5,5,5,5,5,5,6,7,5,5,5,6,5,6,9,8,6,6,5,5,5,12,5,5,5,5,5,5,5,5,5,5,5,5,5,5,5,5,5,5,5,5,5,5,5,5,5,5,5,5,5,5,5,5,5,5,5,5,5,5,5,5,5,5,5,5,5,5,5,5,5,5,5,5,5,5,5,5,5,5,5,5,5,5,5,5
179,676,678,672,669,650,663,651,647,694,687,674,682,667,670,656,651,686,691,685,676,670,673,664,663,693,699,699,684,688,667,667,672,711,701,699,690,692,692,682,675,710,709,697,706,699,687,673,686,727,713,721,714,707,692,698,721,724,710,728,708,719,698,700,713,5,4,4,5,4,4,4,4,5,5,4,4,5,4,4,4,7,7,6,5,4,5,4,5,6,5,6,5,4,4,5,5,7,4,5,6,5,5,4,5,6,5,4,5,5,5,6,5,6,7,7,5,6,6,5,6,7,9,6,6,6,5,7,11,5,5,5,5,5,5,5,5,5,5,5,5,5,5,5,5,5,5,5,5,5,5,5,5,5,5,5,5,5,5,5,5,5,5,5,5,5,5,5,5,5,5,5,5,5,5,5,5,5,5,5,5,5,5,5,5,5,5,5,5,5,5,5,5
180,676,675,662,657,657,664,655,652,685,672,676,668,670,664,659,655,697,689,681,671,672,671,663,664,693,704,685,680,681,673,672,670,706,693,693,689,687,682,678,676,716,716,709,705,693,684,689,685,710,723,710,710,695,689,694,696,724,709,717,706,704,697,707,694,4,4,4,4,4,4,3,4,4,4,4,4,4,4,3,3,5,6,4,4,4,4,4,4,5,5,5,4,4,4,5,4,6,5,5,5,4,4,4,5,5,5,5,6,6,4,5,6,6,8,5,6,4,5,4,6,7,8,5,6,6,6,6,9,5,5,5,5,5,5,5,5,5,5,5,5,5,5,5,5,5,5,5,5,5,5,5,5,5,5,5,5,5,5,5,5,5,5,5,5,5,5,5,5,5,5,5,5,5,5,5,5,5,5,5,5,5,5,5,5,5,5,5,5,5,5,5,5
181,693,676,671,674,664,657,649,650,681,681,678,670,671,669,662,655,693,679,688,686,683,671,668,666,698,691,696,687,675,673,668,659,695,699,696,692,692,675,677,681,718,703,698,704,691,685,689,689,708,718,688,711,688,706,695,689,737,720,714,717,710,698,704,693,5,4,4,4,4,4,4,5,4,5,4,5,5,4,4,4,6,6,5,4,4,5,5,5,6,5,4,5,5,4,4,5,6,4,5,5,5,4,5,5,5,6,5,6,6,5,5,6,6,7,6,6,5,6,6,6,9,8,6,8,6,6,6,9,5,5,5,5,5,5,5,5,5,5,5,5,5,5,5,5,5,5,5,5,5,5,5,5,5,5,5,5,5,5,5,5,5,5,5,5,5,5,5,5,5,5,5,5,5,5,5,5,5,5,5,5,5,5,5,5,5,5,5,5,5,5,5,5
182,673,671,673,663,662,656,655,654,693,681,686,676,668,673,663,662,700,684,684,671,678,671,674,661,691,694,680,681,679,681,673,672,696,699,692,695,684,683,671,682,714,702,704,698,688,681,691,672,712,700,715,705,695,700,692,689,725,716,711,704,704,704,705,697,5,4,4,4,3,4,4,5,5,4,4,5,5,4,4,4,7,5,5,4,4,4,4,4,5,4,5,4,4,4,4,4,7,5,5,6,4,5,4,5,5,5,5,5,5,5,5,4,6,8,5,6,4,5,6,5,8,8,6,7,5,5,7,9,5,5,5,5,5,5,5,5,5,5,5,5,5,5,5,5,5,5,5,5,5,5,5,5,5,5,5,5,5,5,5,5,5,5,5,5,5,5,5,5,5,5,5,5,5,5,5,5,5,5,5,5,5,5,5,5,5,5,5,5,5,5,5,5
183,680,678,678,671,662,667,652,655,695,687,674,671,666,660,662,651,672,683,685,686,673,664,670,670,701,698,697,686,688,677,674,669,706,704,699,694,693,678,679,682,722,703,705,713,689,695,693,682,711,718,716,714,709,697,706,689,722,716,710,699,702,711,705,703,5,4,5,4,3,4,4,4,5,5,4,4,4,4,4,4,5,5,4,5,4,4,4,5,7,5,4,4,4,4,6,4,6,5,5,5,5,4,5,5,7,6,6,6,5,4,5,5,6,8,6,6,5,5,6,7,7,10,5,6,7,5,5,7,5,5,5,5,5,5,5,5,5,5,5,5,5,5,5,5,5,5,5,5,5,5,5,5,5,5,5,5,5,5,5,5,5,5,5,5,5,5,5,5,5,5,5,5,5,5,5,5,5,5,5,5,5,5,5,5,5,5,5,5,5,5,5,5
184,668,681,669,671,662,648,647,656,691,682,679,669,661,661,663,650,693,686,682,680,679,663,666,668,701,694,680,690,677,677,671,674,719,702,699,702,688,692,688,677,704,712,701,695,689,686,682,681,721,714,712,711,705,691,696,698,719,719,712,711,702,701,708,693,4,4,4,5,3,4,3,5,5,5,4,4,4,4,4,3,5,5,5,5,4,4,5,4,5,5,4,4,4,4,4,5,7,4,4,4,4,5,4,4,5,6,4,5,6,6,5,6,5,7,6,7,5,5,4,7,9,8,5,7,7,5,6,8,5,5,5,5,5,5,5,5,5,5,5,5,5,5,5,5,5,5,5,5,5,5,5,5,5,5,5,5,5,5,5,5,5,5,5,5,5,5,5,5,5,5,5,5,5,5,5,5,5,5,5,5,5,5,5,5,5,5,5,5,5,5,5,5
185,684,676,673,670,658,660,669,655,687,680,680,676,669,669,662,659,683,685,685,675,680,670,668,675,690,693,684,689,682,674,670,662,705,699,698,689,693,683,682,669,715,707,709,704,700,689,687,679,721,718,712,702,709,700,685,692,730,726,720,700,704,703,706,705,5,4,4,4,4,4,5,5,5,5,4,4,4,4,5,5,6,6,5,5,4,4,4,5,6,5,5,4,4,4,5,5,6,4,4,5,5,5,4,5,5,6,5,5,5,5,6,5,6,9,6,6,6,6,5,5,8,8,5,6,6,6,6,9,5,5,5,5,5,5,5,5,5,5,5,5,5,5,5,5,5,5,5,5,5,5,5,5,5,5,5,5,5,5,5,5,5,5,5,5,5,5,5,5,5,5,5,5,5,5,5,5,5,5,5,5,5,5,5,5,5,5,5,5,5,5,5,5
186,678,672,671,667,662,652,656,650,675,670,683,679,669,666,671,655,695,690,679,673,673,673,672,666,691,690,694,683,686,677,671,670,694,692,695,695,685,685,671,676,710,718,712,699,691,687,688,683,712,708,709,698,701,698,699,687,729,717,704,705,702,704,701,705,5,4,4,4,4,4,4,4,6,4,3,3,4,4,4,4,5,6,5,4,3,4,4,4,6,4,5,4,4,4,5,4,6,5,4,6,4,4,4,5,5,5,5,4,5,4,4,5,5,7,7,5,5,5,5,6,8,9,5,6,7,6,6,9,5,5,5,5,5,5,5,5,5,5,5,5,5,5,5,5,5,5,5,5,5,5,5,5,5,5,5,5,5,5,5,5,5,5,5,5,5,5,5,5,5,5,5,5,5,5,5,5,5,5,5,5,5,5,5,5,5,5,5,5,5,5,5,5
187,676,686,669,671,664,656,655,651,685,686,681,670,672,662,661,650,701,690,681,684,673,671,666,662,697,701,686,683,677,682,677,669,715,707,698,704,691,688,688,684,709,702,707,693,687,691,686,673,720,718,715,703,711,694,691,694,729,727,705,712,719,700,700,700,6,4,4,4,4,4,4,5,5,5,4,4,4,4,3,4,7,6,6,5,4,5,4,5,6,5,6,5,4,4,4,5,7,5,4,5,5,5,4,5,5,6,5,5,6,4,7,5,6,6,5,6,6,5,5,7,9,8,5,7,7,5,7,8,5,5,5,5,5,5,5,5,5,5,5,5,5,5,5,5,5,5,5,5,5,5,5,5,5,5,5,5,5,5,5,5,5,5,5,5,5,5,5,5,5,5,5,5,5,5,5,5,5,5,5,5,5,5,5,5,5,5,5,5,5,5,5,5
188,681,680,668,670,655,662,657,651,685,687,677,670,667,663,654,654,686,689,686,681,675,677,660,665,698,690,689,688,681,668,667,669,694,694,699,688,695,686,687,677,716,701,701,701,698,685,694,675,722,708,707,696,696,701,700,701,727,718,717,698,704,705,694,683,5,5,4,4,4,3,4,5,6,4,4,4,4,4,4,3,5,5,4,5,4,4,4,4,6,5,5,4,4,4,5,5,6,4,4,4,5,4,4,4,6,6,5,6,5,5,5,5,5,7,5,5,5,4,5,6,8,8,5,7,6,5,5,9,5,5,5,5,5,5,5,5,5,5,5,5,5,5,5,5,5,5,5,5,5,5,5,5,5,5,5,5,5,5,5,5,5,5,5,5,5,5,5,5,5,5,5,5,5,5,5,5,5,5,5,5,5,5,5,5,5,5,5,5,5,5,5,5
189,679,676,672,670,656,653,656,647,693,682,670,661,670,670,656,663,690,688,685,692,679,681,663,676,695,698,690,673,686,674,670,667,703,709,693,702,695,690,682,684,714,703,705,706,700,689,693,678,723,727,709,701,701,694,692,694,734,727,703,715,702,708,708,703,6,5,4,4,4,5,4,4,5,5,4,4,5,4,4,5,7,6,5,5,4,4,4,5,7,5,5,4,4,4,4,5,7,6,4,4,5,4,4,5,6,6,5,6,5,4,5,6,8,9,6,7,5,5,5,6,8,9,5,7,5,5,8,10,5,5,5,5,5,5,5,5,5,5,5,5,5,5,5,5,5,5,5,5,5,5,5,5,5,5,5,5,5,5,5,5,5,5,5,5,5,5,5,5,5,5,5,5,5,5,5,5,5,5,5,5,5,5,5,5,5,5,5,5,5,5,5,5
190,683,683,673,664,667,655,649,655,694,679,666,670,674,661,661,654,693,685,686,678,676,673,666,660,685,693,689,684,684,675,669,671,706,711,699,694,686,688,676,680,718,716,710,701,705,698,675,680,716,709,715,699,693,694,692,688,727,724,716,707,707,703,697,705,6,4,4,4,3,4,4,5,5,4,4,4,4,4,4,4,5,5,4,5,4,4,4,4,7,4,5,4,4,4,4,3,7,4,5,4,4,5,5,4,5,5,5,5,6,5,6,6,6,6,5,5,4,5,6,7,8,9,5,6,6,5,6,8,5,5,5,5,5,5,5,5,5,5,5,5,5,5,5,5,5,5,5,5,5,5,5,5,5,5,5,5,5,5,5,5,5,5,5,5,5,5,5,5,5,5,5,5,5,5,5,5,5,5,5,5,5,5,5,5,5,5,5,5,5,5,5,5
191,677,680,669,667,666,659,655,653,689,672,676,664,671,659,654,652,696,692,683,679,680,665,659,670,696,688,692,683,686,677,679,666,703,715,695,685,692,681,683,678,714,695,705,702,712,704,686,687,724,719,710,704,704,711,700,703,716,722,714,707,717,713,703,697,5,5,4,4,3,3,4,4,6,4,4,4,5,4,4,4,6,6,4,5,4,4,4,4,5,4,5,4,5,4,5,6,6,5,4,5,6,5,4,5,5,5,5,5,6,4,5,6,7,7,6,6,5,6,6,7,7,7,6,8,5,7,6,8,5,5,5,5,5,5,5,5,5,5,5,5,5,5,5,5,5,5,5,5,5,5,5,5,5,5,5,5,5,5,5,5,5,5,5,5,5,5,5,5,5,5,5,5,5,5,5,5,5,5,5,5,5,5,5,5,5,5,5,5,5,5,5,5
192,680,679,668,669,661,656,656,649,684,685,679,668,670,660,656,658,688,690,677,682,679,675,677,671,696,688,688,687,688,672,670,663,714,702,700,696,687,682,682,671,705,715,697,706,693,686,676,690,718,710,710,699,703,694,692,692,733,734,709,708,704,695,702,687,5,4,4,4,3,4,4,4,5,4,4,4,4,3,4,4,7,5,4,5,4,4,4,5,5,4,5,4,4,4,5,4,6,4,4,5,5,4,4,4,4,4,4,5,6,4,4,5,5,6,7,5,5,5,5,7,8,7,4,6,6,5,6,9,5,5,5,5,5,5,5,5,5,5,5,5,5,5,5,5,5,5,5,5,5,5,5,5,5,5,5,5,5,5,5,5,5,5,5,5,5,5,5,5,5,5,5,5,5,5,5,5,5,5,5,5,5,5,5,5,5,5,5,5,5,5,5,5
193,679,677,671,664,658,657,654,650,683,677,683,671,669,665,657,660,682,692,683,685,668,669,668,656,702,707,690,690,685,676,666,663,713,708,699,695,702,687,680,676,715,702,701,697,702,692,692,685,717,701,704,711,717,688,697,691,734,726,721,707,713,701,700,706,6,5,4,4,4,5,4,6,6,4,4,5,5,4,4,4,6,5,4,5,4,5,4,5,6,5,6,4,4,4,4,5,5,6,4,5,5,4,4,5,5,5,4,5,6,5,5,7,5,6,6,6,6,4,5,6,10,8,6,7,6,7,6,10,5,5,5,5,5,5,5,5,5,5,5,5,5,5,5,5,5,5,5,5,5,5,5,5,5,5,5,5,5,5,5,5,5,5,5,5,5,5,5,5,5,5,5,5,5,5,5,5,5,5,5,5,5,5,5,5,5,5,5,5,5,5,5,5
194,679,684,665,663,667,655,654,646,685,677,681,676,664,653,655,666,690,688,688,686,675,685,663,666,705,686,689,685,685,669,677,658,709,700,698,691,688,681,671,676,709,707,701,699,701,692,675,676,716,705,707,711,694,685,691,683,721,717,721,704,716,690,686,696,5,4,4,4,3,3,4,4,4,4,3,3,4,3,4,4,7,6,4,4,4,4,4,4,5,4,5,4,4,4,4,5,5,4,4,4,4,4,4,5,4,5,4,5,5,4,5,5,6,7,5,7,4,5,5,7,7,12,6,6,6,6,5,10,5,5,5,5,5,5,5,5,5,5,5,5,5,5,5,5,5,5,5,5,5,5,5,5,5,5,5,5,5,5,5,5,5,5,5,5,5,5,5,5,5,5,5,5,5,5,5,5,5,5,5,5,5,5,5,5,5,5,5,5,5,5,5,5
195,684,681,680,670,656,659,658,654,686,679,666,676,670,668,666,662,701,679,677,678,677,666,664,661,699,702,698,687,685,676,676,674,711,703,695,694,687,688,687,673,714,703,707,699,698,694,685,691,709,721,709,698,707,690,699,682,736,726,712,713,720,714,698,701,6,4,5,4,4,4,5,4,5,4,4,5,5,4,4,4,6,6,4,5,4,4,4,4,6,5,4,4,4,4,4,5,6,5,4,5,5,5,5,5,6,5,5,5,7,5,6,6,7,7,8,6,6,5,6,7,9,8,7,6,6,7,7,9,5,5,5,5,5,5,5,5,5,5,5,5,5,5,5,5,5,5,5,5,5,5,5,5,5,5,5,5,5,5,5,5,5,5,5,5,5,5,5,5,5,5,5,5,5,5,5,5,5,5,5,5,5,5,5,5,5,5,5,5,5,5,5,5
196,653,676,668,668,659,660,650,648,690,688,670,664,666,662,674,656,701,686,682,681,677,663,667,660,698,700,685,685,683,673,679,655,696,694,694,690,693,677,686,682,714,696,699,697,693,681,675,683,718,710,708,710,701,694,698,691,730,721,714,714,697,694,702,707,4,4,4,4,4,4,4,5,5,5,4,4,4,4,4,4,6,5,5,5,4,4,4,4,6,4,5,4,4,4,5,5,6,4,5,5,5,5,4,5,5,5,5,5,6,5,5,5,6,7,6,5,5,5,6,6,8,8,4,6,6,5,6,10,5,5,5,5,5,5,5,5,5,5,5,5,5,5,5,5,5,5,5,5,5,5,5,5,5,5,5,5,5,5,5,5,5,5,5,5,5,5,5,5,5,5,5,5,5,5,5,5,5,5,5,5,5,5,5,5,5,5,5,5,5,5,5,5
197,679,672,673,673,660,656,652,659,696,674,675,678,666,661,660,650,690,698,677,682,676,674,669,670,702,695,688,680,680,677,666,663,711,701,702,680,693,691,679,679,711,714,703,699,697,694,685,690,723,717,716,701,694,694,686,675,729,733,707,718,704,707,710,703,5,6,4,4,4,3,4,4,6,4,4,4,4,4,4,4,6,6,4,5,4,5,4,4,5,4,6,4,4,4,4,5,5,5,4,4,6,5,4,5,5,6,4,5,7,4,5,6,6,7,5,6,5,5,5,6,9,7,5,6,6,6,6,10,5,5,5,5,5,5,5,5,5,5,5,5,5,5,5,5,5,5,5,5,5,5,5,5,5,5,5,5,5,5,5,5,5,5,5,5,5,5,5,5,5,5,5,5,5,5,5,5,5,5,5,5,5,5,5,5,5,5,5,5,5,5,5,5
198,680,681,672,665,661,655,654,652,686,677,683,670,673,671,659,660,693,694,686,674,680,679,665,659,698,691,686,674,679,674,667,676,698,694,695,678,694,681,685,680,724,700,705,694,688,694,697,684,711,724,715,696,702,707,696,695,717,713,723,707,699,702,696,692,5,4,4,4,3,4,4,5,4,5,4,4,4,3,4,4,6,6,5,5,4,5,3,4,6,4,5,4,4,4,5,5,6,4,4,4,5,4,4,5,7,5,5,5,5,5,5,5,6,8,6,5,5,5,4,6,7,10,5,6,7,5,6,8,5,5,5,5,5,5,5,5,5,5,5,5,5,5,5,5,5,5,5,5,5,5,5,5,5,5,5,5,5,5,5,5,5,5,5,5,5,5,5,5,5,5,5,5,5,5,5,5,5,5,5,5,5,5,5,5,5,5,5,5,5,5,5,5
199,673,683,682,666,655,656,654,649,683,687,689,671,668,668,664,665,684,686,677,675,673,675,666,670,711,706,698,678,676,673,666,679,707,695,700,695,686,681,686,673,708,706,689,710,702,691,687,678,718,711,715,705,705,704,697,700,724,729,722,712,708,700,697,680,5,4,4,5,4,4,4,5,5,5,4,4,4,3,4,4,6,6,5,5,4,5,4,5,6,5,4,4,4,4,5,6,6,4,4,6,5,5,5,5,5,6,5,6,6,4,5,5,7,7,5,5,5,4,7,7,9,9,6,7,6,5,6,8,5,5,5,5,5,5,5,5,5,5,5,5,5,5,5,5,5,5,5,5,5,5,5,5,5,5,5,5,5,5,5,5,5,5,5,5,5,5,5,5,5,5,5,5,5,5,5,5,5,5,5,5,5,5,5,5,5,5,5,5,5,5,5,5
