frame,dist_z0,dist_z1,dist_z2,dist_z3,dist_z4,dist_z5,dist_z6,dist_z7,dist_z8,dist_z9,dist_z10,dist_z11,dist_z12,dist_z13,dist_z14,dist_z15,dist_z16,dist_z17,dist_z18,dist_z19,dist_z20,dist_z21,dist_z22,dist_z23,dist_z24,dist_z25,dist_z26,dist_z27,dist_z28,dist_z29,dist_z30,dist_z31,dist_z32,dist_z33,dist_z34,dist_z35,dist_z36,dist_z37,dist_z38,dist_z39,dist_z40,dist_z41,dist_z42,dist_z43,dist_z44,dist_z45,dist_z46,dist_z47,dist_z48,dist_z49,dist_z50,dist_z51,dist_z52,dist_z53,dist_z54,dist_z55,dist_z56,dist_z57,dist_z58,dist_z59,dist_z60,dist_z61,dist_z62,dist_z63,sigma_z0,sigma_z1,sigma_z2,sigma_z3,sigma_z4,sigma_z5,sigma_z6,sigma_z7,sigma_z8,sigma_z9,sigma_z10,sigma_z11,sigma_z12,sigma_z13,sigma_z14,sigma_z15,sigma_z16,sigma_z17,sigma_z18,sigma_z19,sigma_z20,sigma_z21,sigma_z22,sigma_z23,sigma_z24,sigma_z25,sigma_z26,sigma_z27,sigma_z28,sigma_z29,sigma_z30,sigma_z31,sigma_z32,sigma_z33,sigma_z34,sigma_z35,sigma_z36,sigma_z37,sigma_z38,sigma_z39,sigma_z40,sigma_z41,sigma_z42,sigma_z43,sigma_z44,sigma_z45,sigma_z46,sigma_z47,sigma_z48,sigma_z49,sigma_z50,sigma_z51,sigma_z52,sigma_z53,sigma_z54,sigma_z55,sigma_z56,sigma_z57,sigma_z58,sigma_z59,sigma_z60,sigma_z61,sigma_z62,sigma_z63,status_z0,status_z1,status_z2,status_z3,status_z4,status_z5,status_z6,status_z7,status_z8,status_z9,status_z10,status_z11,status_z12,status_z13,status_z14,status_z15,status_z16,status_z17,status_z18,status_z19,status_z20,status_z21,status_z22,status_z23,status_z24,status_z25,status_z26,status_z27,status_z28,status_z29,status_z30,status_z31,status_z32,status_z33,status_z34,status_z35,status_z36,status_z37,status_z38,status_z39,status_z40,status_z41,status_z42,status_z43,status_z44,status_z45,status_z46,status_z47,status_z48,status_z49,status_z50,status_z51,status_z52,status_z53,status_z54,status_z55,status_z56,status_z57,status_z58,status_z59,status_z60,status_z61,status_z62,status_z63
0,874,877,876,867,861,850,857,857,882,882,865,880,869,861,862,858,895,877,890,881,876,874,856,863,894,898,888,885,885,867,877,871,908,898,890,889,881,894,876,859,912,901,895,888,893,892,885,873,915,900,911,911,901,897,894,882,924,909,900,921,895,899,902,864,5,5,4,5,6,6,6,6,7,5,4,5,5,4,5,5,9,8,6,5,6,5,4,7,7,5,6,4,7,5,6,7,9,6,5,5,7,5,6,6,6,5,6,6,6,6,8,6,8,8,7,7,7,6,7,10,9,8,6,9,7,8,7,10,5,5,5,5,5,5,5,5,5,5,5,5,5,5,5,5,5,5,5,5,5,5,5,5,5,5,5,5,5,5,5,5,5,5,5,5,5,5,5,5,5,5,5,5,5,5,5,5,5,5,5,5,5,5,5,5,5,5,5,5,5,5,5,5
1,896,882,870,865,854,868,849,849,886,881,881,882,878,861,863,849,883,885,882,889,873,869,868,866,901,894,887,893,884,883,865,868,913,892,900,898,897,891,873,869,910,909,905,905,909,877,890,878,902,901,907,893,900,885,891,870,922,946,904,923,905,898,904,886,7,7,5,8,4,7,5,7,7,6,5,5,5,4,5,6,8,8,7,7,4,5,5,5,7,7,8,5,5,5,6,6,9,6,5,7,6,6,6,7,8,7,5,8,8,6,7,7,8,9,8,6,7,6,7,12,9,13,6,8,8,7,10,11,5,5,5,5,5,5,5,5,5,5,5,5,5,5,5,5,5,5,5,5,5,5,5,5,5,5,5,5,5,5,5,5,5,5,5,5,5,5,5,5,5,5,5,5,5,5,5,5,5,5,5,5,5,5,5,5,5,5,5,5,5,5,5,5
2,885,880,863,866,858,857,854,849,881,880,869,872,870,872,872,851,886,897,892,887,878,868,874,869,902,882,894,882,890,868,877,875,908,902,902,897,890,895,870,884,906,911,898,898,889,889,889,876,912,911,905,900,895,901,890,892,924,935,916,914,901,895,877,893,8,6,5,7,5,6,5,6,7,5,4,6,5,5,6,5,8,7,6,6,5,5,5,5,8,6,6,5,6,5,6,6,8,6,6,6,5,6,4,5,6,7,6,7,7,6,7,8,6,7,7,7,7,5,6,8,8,11,5,11,6,7,8,12,5,5,5,5,5,5,5,5,5,5,5,5,5,5,5,5,5,5,5,5,5,5,5,5,5,5,5,5,5,5,5,5,5,5,5,5,5,5,5,5,5,5,5,5,5,5,5,5,5,5,5,5,5,5,5,5,5,5,5,5,5,5,5,5
3,884,871,872,860,860,856,856,863,882,886,884,863,879,856,856,854,879,892,884,891,878,870,865,850,893,897,891,880,875,883,868,860,888,904,894,900,879,888,883,882,909,901,888,905,892,896,885,877,904,913,902,924,894,896,892,879,924,923,923,895,915,895,921,895,8,6,5,6,5,5,5,6,6,6,5,5,6,5,6,5,7,9,6,7,5,7,6,5,7,6,6,5,6,5,6,8,8,6,6,6,7,5,6,6,8,6,6,8,6,6,8,6,8,8,8,7,6,5,7,8,8,13,6,9,8,8,11,12,5,5,5,5,5,5,5,5,5,5,5,5,5,5,5,5,5,5,5,5,5,5,5,5,5,5,5,5,5,5,5,5,5,5,5,5,5,5,5,5,5,5,5,5,5,5,5,5,5,5,5,5,5,5,5,5,5,5,5,5,5,5,5,5
4,869,871,879,864,861,853,866,847,888,875,873,875,862,869,854,864,882,881,881,869,873,869,866,861,884,890,881,893,884,880,871,870,904,904,900,892,888,891,878,875,903,908,898,892,891,896,876,880,903,913,893,898,882,901,893,887,929,900,908,907,897,898,908,894,6,6,5,5,5,5,5,5,6,5,5,5,6,4,5,5,9,6,6,6,5,4,5,5,8,6,7,5,6,5,6,7,8,6,5,6,7,5,6,6,7,6,5,6,6,6,6,6,7,7,8,5,6,6,6,10,8,12,6,12,7,6,6,12,5,5,5,5,5,5,5,5,5,5,5,5,5,5,5,5,5,5,5,5,5,5,5,5,5,5,5,5,5,5,5,5,5,5,5,5,5,5,5,5,5,5,5,5,5,5,5,5,5,5,5,5,5,5,5,5,5,5,5,5,5,5,5,5
5,883,872,878,866,868,862,858,839,905,880,876,866,873,869,854,857,873,881,877,881,874,881,847,872,896,894,888,883,885,873,865,865,909,890,897,893,888,891,887,871,914,898,890,899,896,884,877,886,914,911,896,891,898,891,903,889,928,910,908,894,903,900,907,890,8,6,5,7,5,7,5,7,7,6,5,5,6,6,6,5,8,7,6,6,6,6,5,5,6,7,5,6,6,5,7,8,10,6,5,6,5,5,6,9,6,7,6,7,7,5,6,8,11,8,6,8,7,6,7,8,10,11,6,9,7,8,7,16,5,5,5,5,5,5,5,5,5,5,5,5,5,5,5,5,5,5,5,5,5,5,5,5,5,5,5,5,5,5,5,5,5,5,5,5,5,5,5,5,5,5,5,5,5,5,5,5,5,5,5,5,5,5,5,5,5,5,5,5,5,5,5,5
6,875,881,868,861,863,862,862,856,872,878,878,889,870,859,870,847,881,896,874,879,869,872,870,863,900,891,880,875,880,873,878,873,890,892,894,895,889,872,877,874,924,887,901,896,898,878,888,876,912,923,905,896,896,896,906,887,910,917,919,902,889,914,892,877,7,6,7,6,4,6,5,6,7,4,5,6,5,4,6,5,10,6,5,6,5,7,5,5,6,6,6,5,5,6,6,6,6,6,5,5,7,5,5,7,7,6,6,6,6,6,8,5,7,9,8,7,8,6,6,9,8,10,6,9,7,5,8,11,5,5,5,5,5,5,5,5,5,5,5,5,5,5,5,5,5,5,5,5,5,5,5,5,5,5,5,5,5,5,5,5,5,5,5,5,5,5,5,5,5,5,5,5,5,5,5,5,5,5,5,5,5,5,5,5,5,5,5,5,5,5,5,5
7,873,883,864,882,869,867,861,848,889,878,876,862,877,868,870,855,879,879,881,877,879,861,876,853,909,897,891,880,874,877,879,881,903,897,900,888,894,884,889,875,908,896,906,892,890,891,883,879,905,894,923,917,893,888,892,879,924,927,931,904,897,894,903,903,7,7,6,6,6,6,6,7,6,5,5,5,6,4,5,5,8,6,6,8,5,5,5,6,8,7,6,5,5,5,7,6,9,5,5,6,5,5,7,7,6,6,5,7,6,8,7,6,7,9,10,8,6,6,7,11,7,13,5,11,5,6,8,21,5,5,5,5,5,5,5,5,5,5,5,5,5,5,5,5,5,5,5,5,5,5,5,5,5,5,5,5,5,5,5,5,5,5,5,5,5,5,5,5,5,5,5,5,5,5,5,5,5,5,5,5,5,5,5,5,5,5,5,5,5,5,5,5
8,876,874,872,864,869,843,862,854,891,884,877,867,867,868,870,848,898,888,878,866,872,877,865,849,886,883,904,881,881,872,864,854,907,898,894,900,885,877,878,876,926,901,908,901,897,880,881,876,913,913,896,916,891,888,885,894,939,923,905,902,905,895,907,906,8,7,5,6,5,5,5,7,7,6,5,5,5,5,6,5,8,5,5,6,5,5,5,5,6,5,6,6,6,5,6,8,8,6,4,6,5,4,5,6,7,6,7,7,8,6,6,6,8,7,8,8,6,7,7,8,9,10,6,16,6,7,7,10,5,5,5,5,5,5,5,5,5,5,5,5,5,5,5,5,5,5,5,5,5,5,5,5,5,5,5,5,5,5,5,5,5,5,5,5,5,5,5,5,5,5,5,5,5,5,5,5,5,5,5,5,5,5,5,5,5,5,5,5,5,5,5,5
9,876,875,870,871,867,862,860,856,875,885,878,875,870,854,862,865,880,878,891,878,874,874,871,866,897,895,887,894,882,868,863,863,894,907,906,896,880,890,868,869,916,911,894,891,893,888,888,885,907,907,900,897,896,907,900,876,920,926,906,900,892,911,900,884,7,7,5,6,7,5,6,6,7,5,6,5,6,4,6,6,9,8,6,6,6,6,5,5,7,7,6,5,6,5,6,7,7,7,7,6,6,7,5,8,8,6,5,6,8,5,9,8,6,10,8,8,7,7,10,11,9,10,6,11,7,9,6,14,5,5,5,5,5,5,5,5,5,5,5,5,5,5,5,5,5,5,5,5,5,5,5,5,5,5,5,5,5,5,5,5,5,5,5,5,5,5,5,5,5,5,5,5,5,5,5,5,5,5,5,5,5,5,5,5,5,5,5,5,5,5,5,5
10,886,884,879,869,866,860,866,852,873,886,882,875,866,864,855,860,888,894,874,879,866,871,862,863,905,898,896,876,882,879,869,857,895,900,892,907,886,887,882,869,912,900,907,898,888,882,889,879,922,909,908,903,896,892,892,881,892,923,905,921,892,895,905,875,7,6,5,5,5,6,6,6,6,5,5,5,5,5,6,4,8,7,5,5,5,6,5,5,7,6,5,5,5,5,6,7,7,7,6,6,6,6,5,7,8,6,5,6,6,6,7,8,8,8,8,6,7,5,7,13,8,13,6,10,7,7,7,11,5,5,5,5,5,5,5,5,5,5,5,5,5,5,5,5,5,5,5,5,5,5,5,5,5,5,5,5,5,5,5,5,5,5,5,5,5,5,5,5,5,5,5,5,5,5,5,5,5,5,5,5,5,5,5,5,5,5,5,5,5,5,5,5
11,870,874,867,873,862,850,856,850,890,882,879,868,865,866,855,861,900,875,872,879,876,869,864,858,908,896,897,879,888,874,865,880,900,893,897,895,888,887,874,865,908,906,907,891,886,890,888,889,905,924,906,888,891,893,889,888,935,909,913,915,905,912,893,894,7,7,6,7,5,6,5,5,10,6,5,5,5,4,5,6,8,8,6,6,6,5,4,5,9,5,6,5,6,6,7,7,8,5,5,5,7,6,5,7,6,5,6,7,8,7,8,7,9,11,7,7,7,6,7,12,10,13,7,10,8,6,8,13,5,5,5,5,5,5,5,5,5,5,5,5,5,5,5,5,5,5,5,5,5,5,5,5,5,5,5,5,5,5,5,5,5,5,5,5,5,5,5,5,5,5,5,5,5,5,5,5,5,5,5,5,5,5,5,5,5,5,5,5,5,5,5,5
12,882,880,868,874,871,857,862,856,890,884,882,870,863,863,861,853,875,874,892,874,878,880,863,853,898,882,891,892,879,870,872,867,906,894,890,890,889,884,883,872,909,904,906,899,886,884,904,881,917,909,903,914,901,892,893,906,900,905,907,901,908,894,905,891,6,6,5,7,5,5,6,7,5,5,5,5,6,4,4,5,8,8,7,6,5,5,4,5,9,6,6,5,5,5,6,6,8,6,5,5,7,6,6,7,7,5,5,7,7,5,6,6,7,9,7,8,7,7,7,8,9,9,6,8,8,6,7,14,5,5,5,5,5,5,5,5,5,5,5,5,5,5,5,5,5,5,5,5,5,5,5,5,5,5,5,5,5,5,5,5,5,5,5,5,5,5,5,5,5,5,5,5,5,5,5,5,5,5,5,5,5,5,5,5,5,5,5,5,5,5,5,5
13,881,874,882,866,860,862,868,854,878,881,882,870,868,868,865,862,889,886,894,870,875,878,863,852,901,892,883,891,872,871,867,859,910,901,891,892,896,882,887,876,907,909,900,899,893,883,884,880,902,903,905,909,901,900,887,869,934,931,905,896,900,901,894,887,7,6,6,7,5,6,6,6,6,6,6,5,6,4,5,4,8,8,6,6,6,5,5,6,8,5,7,5,5,6,8,7,10,6,4,6,6,5,7,6,7,7,7,7,6,6,7,7,7,9,6,8,7,6,7,12,8,13,8,10,7,6,8,14,5,5,5,5,5,5,5,5,5,5,5,5,5,5,5,5,5,5,5,5,5,5,5,5,5,5,5,5,5,5,5,5,5,5,5,5,5,5,5,5,5,5,5,5,5,5,5,5,5,5,5,5,5,5,5,5,5,5,5,5,5,5,5,5
14,890,877,877,878,869,861,868,853,893,888,880,874,874,861,864,857,883,887,869,880,873,877,870,854,896,885,885,886,882,886,872,869,900,899,896,879,873,887,882,877,905,900,896,896,878,884,882,879,916,907,917,904,882,892,889,881,920,912,912,911,905,897,899,902,7,5,4,5,5,5,5,6,6,6,5,5,6,4,6,6,7,7,5,6,5,5,5,6,5,6,6,5,6,4,6,6,8,5,4,6,6,5,5,6,7,7,5,6,7,7,6,6,8,7,9,6,6,5,6,9,9,11,7,7,7,6,7,11,5,5,5,5,5,5,5,5,5,5,5,5,5,5,5,5,5,5,5,5,5,5,5,5,5,5,5,5,5,5,5,5,5,5,5,5,5,5,5,5,5,5,5,5,5,5,5,5,5,5,5,5,5,5,5,5,5,5,5,5,5,5,5,5
15,901,875,871,863,865,863,870,856,880,887,880,874,868,869,868,861,910,884,870,885,872,879,865,888,900,885,895,898,890,880,880,865,899,902,898,895,899,885,888,870,907,909,894,892,891,888,879,879,926,917,895,895,888,896,899,894,898,928,911,920,901,893,901,864,7,7,6,8,5,8,6,6,7,5,6,6,5,5,5,5,8,8,7,6,6,5,6,7,8,7,6,5,6,5,6,8,10,6,7,6,6,5,7,6,8,7,6,6,9,6,8,6,10,9,7,7,6,5,7,8,8,12,8,9,8,6,7,14,5,5,5,5,5,5,5,5,5,5,5,5,5,5,5,5,5,5,5,5,5,5,5,5,5,5,5,5,5,5,5,5,5,5,5,5,5,5,5,5,5,5,5,5,5,5,5,5,5,5,5,5,5,5,5,5,5,5,5,5,5,5,5,5
16,880,869,875,862,865,855,848,857,873,884,876,882,868,860,862,855,889,889,887,871,880,869,861,864,887,891,893,885,875,877,872,873,905,893,907,887,879,880,881,881,900,901,899,898,883,900,892,862,917,889,916,899,906,886,881,891,929,909,910,887,900,902,886,905,6,6,5,6,5,5,6,6,6,6,5,5,5,4,5,4,8,7,5,5,4,5,4,6,7,6,6,5,6,6,6,9,7,6,6,6,7,6,6,7,7,5,6,7,7,7,8,6,8,9,6,6,8,6,7,9,7,14,6,12,6,6,7,11,5,5,5,5,5,5,5,5,5,5,5,5,5,5,5,5,5,5,5,5,5,5,5,5,5,5,5,5,5,5,5,5,5,5,5,5,5,5,5,5,5,5,5,5,5,5,5,5,5,5,5,5,5,5,5,5,5,5,5,5,5,5,5,5
17,884,884,877,863,857,854,868,846,889,874,866,873,863,869,860,862,883,892,894,884,874,878,866,864,899,894,889,886,888,874,864,866,897,909,886,895,883,881,881,864,903,899,905,901,895,890,878,881,898,906,917,909,893,897,902,894,923,915,903,904,909,901,896,859,7,6,7,7,4,5,5,6,6,7,5,6,5,5,6,6,8,6,6,6,6,5,6,6,7,6,7,5,7,5,6,7,8,5,5,6,7,5,6,6,7,8,7,8,7,6,6,9,9,9,8,6,6,6,7,9,8,13,7,9,9,9,6,12,5,5,5,5,5,5,5,5,5,5,5,5,5,5,5,5,5,5,5,5,5,5,5,5,5,5,5,5,5,5,5,5,5,5,5,5,5,5,5,5,5,5,5,5,5,5,5,5,5,5,5,5,5,5,5,5,5,5,5,5,5,5,5,5
18,888,882,864,862,857,868,857,850,895,883,879,877,875,867,864,841,878,886,877,883,872,872,860,855,907,883,910,881,891,866,872,865,902,898,892,901,888,888,885,875,909,890,901,889,898,878,883,880,907,917,897,891,889,891,897,892,912,921,905,916,888,897,894,876,7,7,5,6,4,5,5,6,6,5,5,5,5,5,6,5,7,7,6,6,4,4,6,7,9,5,7,5,4,5,6,7,7,6,4,6,6,6,6,5,6,6,6,6,8,5,6,6,7,9,7,8,6,6,9,7,10,15,6,7,7,7,8,12,5,5,5,5,5,5,5,5,5,5,5,5,5,5,5,5,5,5,5,5,5,5,5,5,5,5,5,5,5,5,5,5,5,5,5,5,5,5,5,5,5,5,5,5,5,5,5,5,5,5,5,5,5,5,5,5,5,5,5,5,5,5,5,5
19,891,873,881,868,861,851,847,859,885,875,880,870,876,865,868,852,899,878,886,874,882,880,874,868,891,885,886,880,891,873,877,877,906,900,896,882,888,885,881,867,899,899,897,901,905,881,886,887,931,903,916,887,901,898,890,894,926,901,901,904,903,895,890,907,10,5,6,7,5,6,6,6,5,5,5,6,5,5,6,5,11,7,6,7,5,5,6,5,7,5,6,5,6,6,6,7,8,7,5,7,7,5,6,7,8,8,6,8,10,6,7,8,6,9,7,7,8,7,7,8,10,14,7,9,8,7,7,12,5,5,5,5,5,5,5,5,5,5,5,5,5,5,5,5,5,5,5,5,5,5,5,5,5,5,5,5,5,5,5,5,5,5,5,5,5,5,5,5,5,5,5,5,5,5,5,5,5,5,5,5,5,5,5,5,5,5,5,5,5,5,5,5
20,890,875,878,869,862,866,866,852,887,877,883,868,880,857,864,861,877,882,879,874,867,869,858,860,904,886,889,880,876,875,888,866,900,898,898,891,883,892,881,872,906,901,898,898,897,882,888,881,909,914,888,910,886,897,897,899,934,935,911,909,900,894,896,892,8,7,5,6,4,5,5,6,7,5,5,5,5,4,5,5,7,8,6,6,5,6,5,4,7,6,5,5,5,4,7,6,8,6,5,6,6,6,5,6,8,5,7,6,7,5,7,7,6,8,7,7,5,6,8,9,11,11,5,10,6,6,7,17,5,5,5,5,5,5,5,5,5,5,5,5,5,5,5,5,5,5,5,5,5,5,5,5,5,5,5,5,5,5,5,5,5,5,5,5,5,5,5,5,5,5,5,5,5,5,5,5,5,5,5,5,5,5,5,5,5,5,5,5,5,5,5,5
21,883,883,880,871,864,872,843,846,883,895,882,871,877,867,866,857,879,912,886,876,873,868,874,856,898,892,876,874,891,872,871,868,901,905,894,902,876,886,877,871,906,915,912,891,896,889,886,880,892,918,895,905,897,903,873,898,937,921,909,916,908,894,890,869,8,6,6,5,5,5,6,6,7,6,6,6,5,5,6,5,7,10,6,6,6,6,6,6,9,6,7,5,7,6,6,7,8,5,6,6,6,6,6,6,7,6,6,7,7,6,7,6,8,9,7,9,7,6,7,9,11,12,7,9,10,7,9,15,5,5,5,5,5,5,5,5,5,5,5,5,5,5,5,5,5,5,5,5,5,5,5,5,5,5,5,5,5,5,5,5,5,5,5,5,5,5,5,5,5,5,5,5,5,5,5,5,5,5,5,5,5,5,5,5,5,5,5,5,5,5,5,5
22,868,880,871,862,868,864,857,844,883,868,882,866,871,864,862,858,893,881,878,881,877,870,865,860,894,894,892,884,881,874,870,865,907,903,897,890,897,885,888,874,899,896,898,899,894,890,883,885,915,908,895,878,904,891,869,893,927,921,899,900,913,892,897,876,5,7,6,7,5,4,6,5,6,6,5,4,5,5,5,5,8,8,6,6,4,5,5,6,6,5,5,6,6,6,5,7,8,6,5,6,6,5,6,5,6,6,6,6,7,7,6,6,9,8,6,6,5,7,6,9,9,12,7,10,8,6,6,12,5,5,5,5,5,5,5,5,5,5,5,5,5,5,5,5,5,5,5,5,5,5,5,5,5,5,5,5,5,5,5,5,5,5,5,5,5,5,5,5,5,5,5,5,5,5,5,5,5,5,5,5,5,5,5,5,5,5,5,5,5,5,5,5
23,884,886,865,865,859,865,858,856,893,878,865,872,875,863,854,868,883,890,878,877,878,871,868,860,887,894,890,889,887,875,867,877,915,900,899,903,888,884,878,874,908,900,887,883,884,876,880,884,925,901,896,882,904,897,891,885,918,914,902,908,896,908,897,902,6,6,5,6,4,6,5,7,7,5,5,5,6,5,5,6,7,8,6,5,5,5,5,5,6,6,6,4,6,7,6,8,9,6,5,6,6,6,5,6,6,5,7,6,7,6,7,8,8,9,6,6,7,6,7,12,8,10,6,8,7,7,7,12,5,5,5,5,5,5,5,5,5,5,5,5,5,5,5,5,5,5,5,5,5,5,5,5,5,5,5,5,5,5,5,5,5,5,5,5,5,5,5,5,5,5,5,5,5,5,5,5,5,5,5,5,5,5,5,5,5,5,5,5,5,5,5,5
24,872,878,861,861,867,851,863,850,876,878,892,863,874,867,865,847,896,909,873,870,867,873,863,855,908,895,884,881,878,883,868,861,911,895,892,893,894,878,891,877,913,906,891,906,890,897,888,893,913,908,913,908,901,895,887,893,930,923,905,904,905,903,899,865,6,7,5,7,5,6,4,6,6,5,6,5,5,4,5,5,9,7,6,6,5,5,6,6,8,6,7,5,5,6,4,8,9,5,4,5,6,5,6,7,8,6,6,8,7,7,7,7,8,9,9,8,5,5,6,8,10,12,8,11,7,7,8,16,5,5,5,5,5,5,5,5,5,5,5,5,5,5,5,5,5,5,5,5,5,5,5,5,5,5,5,5,5,5,5,5,5,5,5,5,5,5,5,5,5,5,5,5,5,5,5,5,5,5,5,5,5,5,5,5,5,5,5,5,5,5,5,5
25,888,872,872,872,863,851,856,844,891,881,876,869,870,864,868,852,881,882,884,868,879,868,870,872,896,887,898,879,872,869,875,860,913,908,899,895,889,885,885,869,909,917,894,888,883,887,879,890,919,911,908,893,892,892,879,881,924,922,924,892,889,903,899,911,6,7,5,8,6,6,5,6,7,6,5,5,6,5,6,6,8,9,6,6,5,6,6,5,8,6,6,6,5,6,6,6,8,5,5,5,6,5,5,7,7,7,6,7,6,6,8,7,8,8,9,8,6,6,6,7,8,11,8,11,6,7,7,16,5,5,5,5,5,5,5,5,5,5,5,5,5,5,5,5,5,5,5,5,5,5,5,5,5,5,5,5,5,5,5,5,5,5,5,5,5,5,5,5,5,5,5,5,5,5,5,5,5,5,5,5,5,5,5,5,5,5,5,5,5,5,5,5
26,878,879,879,873,858,857,855,857,877,879,869,880,881,863,859,862,881,888,893,873,874,868,862,868,887,883,903,882,875,874,868,868,912,902,896,899,878,876,874,869,913,906,898,896,895,886,894,884,930,900,897,903,896,900,889,884,934,904,900,905,902,905,904,868,7,5,6,6,4,6,5,6,6,5,5,5,5,4,5,5,7,8,6,6,4,5,4,5,6,5,6,5,5,5,6,8,6,6,5,7,6,6,5,5,8,5,6,7,7,6,6,7,8,8,6,7,6,7,8,8,11,12,6,10,8,8,6,10,5,5,5,5,5,5,5,5,5,5,5,5,5,5,5,5,5,5,5,5,5,5,5,5,5,5,5,5,5,5,5,5,5,5,5,5,5,5,5,5,5,5,5,5,5,5,5,5,5,5,5,5,5,5,5,5,5,5,5,5,5,5,5,5
27,880,886,870,867,867,857,855,851,895,881,877,881,874,866,867,857,893,887,881,876,880,865,868,865,878,878,879,884,888,874,875,871,899,892,897,887,885,877,882,864,904,893,896,898,901,896,902,867,906,901,896,907,878,885,880,887,925,932,903,916,897,888,893,903,8,6,6,7,6,6,6,6,8,5,5,5,5,4,6,5,9,7,5,6,4,7,6,6,8,5,7,5,7,6,6,7,9,6,6,6,7,6,7,7,7,7,7,7,7,7,6,6,6,8,10,8,6,5,6,9,9,12,8,8,7,6,7,18,5,5,5,5,5,5,5,5,5,5,5,5,5,5,5,5,5,5,5,5,5,5,5,5,5,5,5,5,5,5,5,5,5,5,5,5,5,5,5,5,5,5,5,5,5,5,5,5,5,5,5,5,5,5,5,5,5,5,5,5,5,5,5,5
28,884,866,875,858,860,860,865,850,889,885,878,873,880,863,863,856,895,893,879,884,871,863,864,865,903,890,891,881,885,878,870,862,904,898,896,892,888,875,879,872,910,902,898,896,896,888,886,873,909,913,897,906,903,894,898,881,924,911,902,901,900,894,898,869,7,6,5,6,4,5,5,7,8,5,5,4,5,5,5,6,10,8,6,5,6,6,5,5,8,6,6,5,5,5,6,7,8,6,5,5,7,6,6,7,8,6,6,7,7,7,6,7,7,9,5,8,8,5,6,8,7,11,6,7,6,7,5,15,5,5,5,5,5,5,5,5,5,5,5,5,5,5,5,5,5,5,5,5,5,5,5,5,5,5,5,5,5,5,5,5,5,5,5,5,5,5,5,5,5,5,5,5,5,5,5,5,5,5,5,5,5,5,5,5,5,5,5,5,5,5,5,5
29,871,882,873,868,870,853,850,843,898,875,888,882,877,881,866,849,900,885,881,885,868,881,860,863,902,891,885,885,884,885,879,873,908,905,894,888,886,888,879,885,909,894,888,881,907,894,878,879,930,923,903,894,888,885,889,877,932,915,912,893,909,897,914,910,6,4,5,7,6,5,6,6,6,5,5,6,6,6,6,5,9,7,5,7,5,5,5,6,10,6,5,6,6,6,6,6,9,5,5,5,7,5,7,6,8,7,5,6,7,6,7,8,7,13,9,9,6,5,6,9,10,13,7,7,8,7,7,14,5,5,5,5,5,5,5,5,5,5,5,5,5,5,5,5,5,5,5,5,5,5,5,5,5,5,5,5,5,5,5,5,5,5,5,5,5,5,5,5,5,5,5,5,5,5,5,5,5,5,5,5,5,5,5,5,5,5,5,5,5,5,5,5
30,894,871,876,861,869,856,858,867,883,879,868,874,874,866,862,861,904,865,881,883,866,863,867,868,901,889,885,887,877,870,863,857,908,905,893,891,888,892,876,886,907,899,903,890,905,880,882,876,902,926,901,908,889,898,903,879,907,899,922,911,912,899,899,883,8,6,5,6,5,5,5,5,6,5,5,5,5,4,5,4,7,6,5,5,5,5,5,5,8,6,5,4,5,5,6,6,8,4,5,5,7,5,5,7,6,6,6,6,7,4,6,7,7,8,6,7,6,5,7,13,11,13,8,9,9,7,7,17,5,5,5,5,5,5,5,5,5,5,5,5,5,5,5,5,5,5,5,5,5,5,5,5,5,5,5,5,5,5,5,5,5,5,5,5,5,5,5,5,5,5,5,5,5,5,5,5,5,5,5,5,5,5,5,5,5,5,5,5,5,5,5,5
31,879,881,876,861,865,850,856,856,901,868,868,875,860,856,860,847,891,880,887,878,868,869,859,872,907,888,894,892,890,867,880,876,910,884,894,898,891,883,865,879,900,907,907,901,898,881,876,881,906,912,902,888,902,884,889,888,939,925,909,898,897,901,900,907,7,5,6,7,5,5,5,6,8,6,5,5,6,5,5,5,10,9,5,6,5,5,6,6,9,6,8,4,7,5,5,7,8,6,5,5,7,7,4,7,7,5,6,7,7,5,7,7,6,9,8,8,6,6,7,8,10,15,7,10,8,7,7,16,5,5,5,5,5,5,5,5,5,5,5,5,5,5,5,5,5,5,5,5,5,5,5,5,5,5,5,5,5,5,5,5,5,5,5,5,5,5,5,5,5,5,5,5,5,5,5,5,5,5,5,5,5,5,5,5,5,5,5,5,5,5,5,5
32,876,877,860,860,861,865,845,864,875,882,877,867,871,865,872,857,894,888,873,880,873,864,860,861,897,896,884,866,870,888,879,867,904,893,886,892,875,887,886,886,895,902,895,897,885,887,891,878,917,905,901,897,892,889,906,898,914,924,903,903,896,902,902,882,7,6,5,6,5,5,6,5,7,5,5,5,5,4,5,4,9,8,5,5,6,5,5,5,7,7,6,5,5,5,6,7,8,6,5,5,5,6,6,6,6,6,7,6,6,6,7,7,8,10,7,5,7,5,8,8,7,12,6,8,6,5,8,15,5,5,5,5,5,5,5,5,5,5,5,5,5,5,5,5,5,5,5,5,5,5,5,5,5,5,5,5,5,5,5,5,5,5,5,5,5,5,5,5,5,5,5,5,5,5,5,5,5,5,5,5,5,5,5,5,5,5,5,5,5,5,5,5
33,883,883,872,873,859,864,866,841,886,878,870,869,876,863,871,858,892,890,869,874,876,874,864,861,910,897,888,890,880,861,873,865,916,910,901,894,880,888,879,865,907,914,907,903,884,894,881,886,899,918,917,925,894,897,894,892,925,906,910,887,907,906,896,876,7,6,6,5,6,5,6,6,7,6,5,5,6,5,5,6,10,8,7,6,6,6,7,6,8,7,8,6,6,5,6,6,8,7,6,6,6,5,7,7,9,8,7,8,7,7,7,9,7,8,8,8,8,7,6,8,7,15,7,9,8,7,7,17,5,5,5,5,5,5,5,5,5,5,5,5,5,5,5,5,5,5,5,5,5,5,5,5,5,5,5,5,5,5,5,5,5,5,5,5,5,5,5,5,5,5,5,5,5,5,5,5,5,5,5,5,5,5,5,5,5,5,5,5,5,5,5,5
34,871,880,875,875,860,860,860,863,893,884,879,862,877,864,857,860,888,891,882,879,882,866,857,855,898,893,892,893,876,879,871,862,918,898,887,889,883,876,883,879,909,906,893,889,892,888,881,872,926,911,906,898,906,899,892,876,936,912,900,904,903,893,895,881,6,6,5,5,5,5,6,8,7,6,5,5,5,4,5,5,7,8,5,5,5,4,5,5,7,6,5,4,5,4,5,8,10,6,5,5,6,6,6,5,6,6,6,6,6,5,7,6,8,8,9,6,6,5,7,8,8,13,7,10,7,7,7,20,5,5,5,5,5,5,5,5,5,5,5,5,5,5,5,5,5,5,5,5,5,5,5,5,5,5,5,5,5,5,5,5,5,5,5,5,5,5,5,5,5,5,5,5,5,5,5,5,5,5,5,5,5,5,5,5,5,5,5,5,5,5,5,5
35,888,878,876,859,870,847,856,863,886,878,875,871,863,867,865,855,897,885,880,878,877,873,860,867,895,893,886,884,870,888,871,864,897,898,902,887,887,869,884,868,894,902,894,894,907,880,874,875,900,905,918,894,906,898,891,882,932,920,920,910,914,906,901,888,7,6,5,6,6,5,6,8,7,6,5,6,5,4,5,5,8,8,5,7,5,5,5,7,7,6,7,6,5,5,6,7,8,8,6,6,7,5,6,5,7,5,5,6,8,7,6,6,7,10,8,8,7,6,7,10,8,11,7,10,9,7,7,16,5,5,5,5,5,5,5,5,5,5,5,5,5,5,5,5,5,5,5,5,5,5,5,5,5,5,5,5,5,5,5,5,5,5,5,5,5,5,5,5,5,5,5,5,5,5,5,5,5,5,5,5,5,5,5,5,5,5,5,5,5,5,5,5
36,882,873,865,870,863,856,867,840,890,872,882,872,858,869,863,848,886,892,880,879,871,864,865,854,895,899,889,888,875,873,871,861,891,906,894,890,888,876,872,866,917,903,903,895,899,886,879,870,916,934,889,888,890,892,889,896,933,897,918,907,896,902,887,871,7,5,6,5,5,6,6,6,6,5,4,5,5,5,5,5,8,7,6,6,6,6,5,5,8,5,5,5,5,6,6,6,9,6,5,6,7,5,5,6,10,5,7,6,7,5,6,6,6,9,6,8,6,6,6,8,8,18,6,9,7,6,7,14,5,5,5,5,5,5,5,5,5,5,5,5,5,5,5,5,5,5,5,5,5,5,5,5,5,5,5,5,5,5,5,5,5,5,5,5,5,5,5,5,5,5,5,5,5,5,5,5,5,5,5,5,5,5,5,5,5,5,5,5,5,5,5,5
37,879,887,867,860,863,867,846,857,892,879,883,877,862,859,857,863,886,889,876,863,882,867,864,857,904,883,893,891,883,875,874,862,900,898,901,887,881,885,872,879,902,896,895,900,884,894,886,880,915,914,895,900,890,886,905,891,922,901,916,920,899,897,895,882,8,8,5,6,5,5,6,6,7,5,6,6,6,5,5,5,8,6,6,7,5,5,4,5,9,7,7,5,8,7,6,7,9,7,6,6,6,5,5,6,8,6,5,7,8,7,7,5,8,7,8,7,7,6,7,10,9,14,7,15,7,8,7,13,5,5,5,5,5,5,5,5,5,5,5,5,5,5,5,5,5,5,5,5,5,5,5,5,5,5,5,5,5,5,5,5,5,5,5,5,5,5,5,5,5,5,5,5,5,5,5,5,5,5,5,5,5,5,5,5,5,5,5,5,5,5,5,5
38,882,872,875,872,870,856,854,849,879,883,874,863,875,858,860,856,888,891,886,869,872,882,864,861,886,895,892,883,884,876,876,856,912,898,897,887,885,890,870,876,915,906,908,894,902,882,893,881,911,911,910,911,905,902,893,885,918,912,924,892,896,903,885,898,7,6,5,7,5,5,5,6,7,6,5,5,5,4,6,6,9,9,5,6,5,5,5,5,9,4,7,5,5,5,6,6,7,6,5,5,6,5,5,7,6,5,7,6,7,5,8,5,8,8,9,7,5,7,6,8,6,13,6,9,6,7,6,14,5,5,5,5,5,5,5,5,5,5,5,5,5,5,5,5,5,5,5,5,5,5,5,5,5,5,5,5,5,5,5,5,5,5,5,5,5,5,5,5,5,5,5,5,5,5,5,5,5,5,5,5,5,5,5,5,5,5,5,5,5,5,5,5
39,878,877,875,860,864,857,850,859,894,878,877,876,870,872,859,862,907,883,886,881,878,880,859,858,896,891,879,878,878,874,882,864,888,905,899,886,893,885,888,877,906,915,899,894,886,884,883,879,922,925,916,885,890,891,892,879,939,922,897,911,899,900,902,870,6,6,6,6,6,6,5,5,7,5,6,6,5,4,6,6,9,9,6,6,4,6,4,7,7,6,7,5,6,6,7,8,9,8,5,5,5,5,7,6,9,7,8,6,6,6,6,7,9,9,8,7,7,6,7,10,6,11,6,9,8,8,6,13,5,5,5,5,5,5,5,5,5,5,5,5,5,5,5,5,5,5,5,5,5,5,5,5,5,5,5,5,5,5,5,5,5,5,5,5,5,5,5,5,5,5,5,5,5,5,5,5,5,5,5,5,5,5,5,5,5,5,5,5,5,5,5,5
40,879,885,876,878,859,860,861,848,883,882,876,878,874,862,858,853,897,895,878,883,878,860,869,856,887,898,890,878,881,871,876,867,910,898,884,891,900,875,876,869,898,913,907,894,905,868,897,897,919,905,901,896,888,885,880,874,915,914,910,897,900,898,884,907,7,5,5,7,5,5,5,6,9,4,5,5,5,4,4,4,9,7,5,8,4,5,4,7,5,6,6,5,5,5,6,7,8,6,5,5,5,5,5,6,5,5,5,6,7,6,8,8,8,9,8,8,7,6,6,10,7,11,7,7,6,6,7,8,5,5,5,5,5,5,5,5,5,5,5,5,5,5,5,5,5,5,5,5,5,5,5,5,5,5,5,5,5,5,5,5,5,5,5,5,5,5,5,5,5,5,5,5,5,5,5,5,5,5,5,5,5,5,5,5,5,5,5,5,5,5,5,5
41,867,880,874,869,868,866,865,858,884,888,877,871,862,875,865,859,882,901,874,886,871,870,873,854,899,883,886,878,883,868,864,880,890,893,891,898,884,889,883,872,905,900,903,895,877,877,878,883,921,913,900,894,893,898,889,875,903,889,907,893,894,888,908,902,7,7,4,8,5,7,6,8,7,6,5,6,6,5,5,5,8,7,5,6,5,6,5,6,7,6,8,6,7,6,5,9,7,6,5,6,7,5,6,6,7,7,7,7,6,5,6,7,7,10,9,7,7,6,6,10,8,9,8,9,7,6,7,14,5,5,5,5,5,5,5,5,5,5,5,5,5,5,5,5,5,5,5,5,5,5,5,5,5,5,5,5,5,5,5,5,5,5,5,5,5,5,5,5,5,5,5,5,5,5,5,5,5,5,5,5,5,5,5,5,5,5,5,5,5,5,5,5
42,898,882,870,863,862,863,852,854,879,881,885,864,869,867,867,862,901,882,875,878,862,864,864,858,899,885,895,877,875,865,869,858,885,896,900,885,879,887,870,873,915,902,903,904,893,882,890,873,902,905,901,902,901,891,889,894,939,913,919,908,897,894,912,885,7,5,6,6,5,5,5,6,7,5,6,4,5,5,4,5,8,6,6,6,4,6,4,5,8,6,5,6,5,6,6,7,7,6,6,5,6,6,6,6,7,5,7,7,8,5,6,5,6,9,6,7,6,8,6,11,11,11,6,9,7,7,8,14,5,5,5,5,5,5,5,5,5,5,5,5,5,5,5,5,5,5,5,5,5,5,5,5,5,5,5,5,5,5,5,5,5,5,5,5,5,5,5,5,5,5,5,5,5,5,5,5,5,5,5,5,5,5,5,5,5,5,5,5,5,5,5,5
43,891,883,876,847,853,851,854,855,886,883,872,871,858,866,858,846,882,877,882,880,876,870,879,862,887,892,880,881,884,869,868,861,886,898,894,903,901,868,880,864,901,913,897,904,874,895,861,886,905,908,898,899,894,896,886,893,898,896,916,909,904,889,898,893,7,7,7,5,4,6,7,8,6,5,5,5,6,5,5,5,7,8,7,5,5,5,6,7,7,7,6,4,6,5,6,8,7,6,5,6,6,5,6,6,8,6,7,7,7,6,6,7,7,9,7,7,7,6,8,8,8,10,6,10,8,7,7,15,5,5,5,5,5,5,5,5,5,5,5,5,5,5,5,5,5,5,5,5,5,5,5,5,5,5,5,5,5,5,5,5,5,5,5,5,5,5,5,5,5,5,5,5,5,5,5,5,5,5,5,5,5,5,5,5,5,5,5,5,5,5,5,5
44,871,871,870,866,868,861,854,855,882,874,880,872,877,858,862,847,890,867,885,870,877,871,867,864,902,895,892,893,887,871,879,860,907,907,893,881,888,885,870,875,901,912,896,905,886,885,881,879,911,905,909,903,903,890,884,878,923,934,910,909,896,888,894,881,5,6,5,5,5,5,6,5,8,5,6,4,6,4,5,6,8,7,6,5,6,5,5,6,8,5,6,4,5,5,6,6,7,5,5,6,7,5,5,6,8,5,6,7,6,6,7,7,7,9,7,8,8,5,7,10,11,10,6,8,5,7,9,19,5,5,5,5,5,5,5,5,5,5,5,5,5,5,5,5,5,5,5,5,5,5,5,5,5,5,5,5,5,5,5,5,5,5,5,5,5,5,5,5,5,5,5,5,5,5,5,5,5,5,5,5,5,5,5,5,5,5,5,5,5,5,5,5
45,875,884,882,868,859,848,856,855,877,890,878,867,864,865,861,863,897,879,880,889,865,859,871,858,907,886,888,888,886,890,885,878,901,899,895,890,886,877,877,888,901,889,892,894,900,894,871,862,900,907,906,911,896,905,903,896,933,918,915,910,910,903,895,899,8,7,6,6,5,5,5,6,7,7,6,5,6,5,6,5,10,10,6,6,5,5,6,7,7,6,6,6,6,5,6,7,8,6,6,7,6,6,6,6,7,7,6,8,7,7,7,6,7,9,7,8,6,6,7,11,10,10,7,9,8,9,6,13,5,5,5,5,5,5,5,5,5,5,5,5,5,5,5,5,5,5,5,5,5,5,5,5,5,5,5,5,5,5,5,5,5,5,5,5,5,5,5,5,5,5,5,5,5,5,5,5,5,5,5,5,5,5,5,5,5,5,5,5,5,5,5,5
46,884,879,880,867,862,848,862,867,896,874,868,868,866,869,865,847,884,884,883,869,864,860,865,857,892,895,895,881,880,885,868,874,902,897,881,892,886,875,889,871,902,903,905,889,905,884,872,866,945,910,903,901,896,895,890,905,926,915,919,902,901,886,914,914,8,6,6,6,5,5,6,5,6,5,4,5,5,5,6,5,8,7,5,6,5,6,5,5,9,4,6,5,5,6,6,8,7,6,6,5,6,5,7,7,6,5,6,7,8,5,6,6,8,9,9,9,6,7,7,9,8,10,6,9,7,6,7,19,5,5,5,5,5,5,5,5,5,5,5,5,5,5,5,5,5,5,5,5,5,5,5,5,5,5,5,5,5,5,5,5,5,5,5,5,5,5,5,5,5,5,5,5,5,5,5,5,5,5,5,5,5,5,5,5,5,5,5,5,5,5,5,5
47,880,877,880,875,864,852,853,855,876,895,877,862,874,860,858,863,876,878,884,884,863,866,864,851,895,886,892,886,884,870,874,851,896,899,892,891,882,882,882,895,910,896,898,893,900,887,871,885,924,915,891,902,886,895,893,882,936,904,915,918,903,891,896,878,7,7,5,5,5,5,6,5,7,5,5,7,6,5,6,5,10,7,6,7,6,7,5,6,8,5,6,6,7,6,6,8,8,6,5,5,7,6,6,8,5,5,6,6,9,7,7,8,9,10,8,7,7,5,7,8,11,11,7,8,8,7,8,10,5,5,5,5,5,5,5,5,5,5,5,5,5,5,5,5,5,5,5,5,5,5,5,5,5,5,5,5,5,5,5,5,5,5,5,5,5,5,5,5,5,5,5,5,5,5,5,5,5,5,5,5,5,5,5,5,5,5,5,5,5,5,5,5
48,872,880,862,859,858,862,851,844,882,871,873,855,865,861,872,861,886,894,882,864,870,875,859,867,895,890,885,892,865,880,879,856,917,898,895,903,890,876,879,874,912,901,905,891,893,888,883,873,914,912,912,882,895,893,887,897,906,906,900,895,898,897,894,874,6,7,5,6,4,6,5,5,8,4,5,4,5,5,4,5,8,7,6,7,5,6,4,5,7,6,6,4,5,5,5,7,9,6,6,6,7,6,5,7,6,6,5,6,6,6,8,7,7,9,8,7,7,6,7,7,7,11,6,9,6,6,8,19,5,5,5,5,5,5,5,5,5,5,5,5,5,5,5,5,5,5,5,5,5,5,5,5,5,5,5,5,5,5,5,5,5,5,5,5,5,5,5,5,5,5,5,5,5,5,5,5,5,5,5,5,5,5,5,5,5,5,5,5,5,5,5,5
49,875,887,865,860,866,863,859,854,881,887,868,881,875,866,867,854,896,881,882,878,879,872,865,858,899,885,891,883,872,884,876,878,906,896,899,880,886,889,882,880,907,894,908,903,905,881,879,874,906,901,904,899,910,885,888,869,937,920,918,921,903,892,907,890,8,6,6,6,6,6,6,7,7,6,5,5,6,4,6,6,9,8,7,6,6,5,6,6,7,6,5,5,6,5,7,6,9,6,6,6,7,5,5,7,6,5,6,7,8,6,6,7,8,11,8,8,6,7,7,8,12,13,7,8,8,9,8,14,5,5,5,5,5,5,5,5,5,5,5,5,5,5,5,5,5,5,5,5,5,5,5,5,5,5,5,5,5,5,5,5,5,5,5,5,5,5,5,5,5,5,5,5,5,5,5,5,5,5,5,5,5,5,5,5,5,5,5,5,5,5,5,5
50,882,882,872,866,861,848,860,848,898,883,876,865,869,846,868,855,863,893,895,881,880,874,860,856,891,898,886,881,876,885,875,871,903,911,892,889,893,878,874,865,914,909,901,904,880,877,895,876,907,897,891,892,899,890,889,871,935,918,913,888,897,897,899,900,8,7,6,6,4,5,5,7,7,6,5,4,5,4,6,7,11,8,6,6,6,5,5,6,6,6,8,4,5,4,6,7,8,5,5,5,5,6,5,6,6,5,5,7,8,5,5,6,8,8,8,7,6,6,7,9,10,14,7,8,6,7,6,12,5,5,5,5,5,5,5,5,5,5,5,5,5,5,5,5,5,5,5,5,5,5,5,5,5,5,5,5,5,5,5,5,5,5,5,5,5,5,5,5,5,5,5,5,5,5,5,5,5,5,5,5,5,5,5,5,5,5,5,5,5,5,5,5
51,886,883,870,871,868,871,852,844,879,866,878,869,865,857,858,865,876,879,886,874,869,874,869,866,900,884,886,896,885,883,879,863,913,895,893,888,888,876,876,867,905,915,907,899,885,889,880,863,915,898,898,903,905,904,876,894,926,929,924,918,903,898,896,884,8,7,5,6,5,6,6,6,8,6,5,4,5,6,5,5,9,9,6,7,5,5,5,5,7,6,8,4,6,7,6,7,7,5,4,6,5,5,6,6,7,6,6,7,7,6,7,7,7,10,7,8,5,7,6,9,9,12,7,9,8,7,6,15,5,5,5,5,5,5,5,5,5,5,5,5,5,5,5,5,5,5,5,5,5,5,5,5,5,5,5,5,5,5,5,5,5,5,5,5,5,5,5,5,5,5,5,5,5,5,5,5,5,5,5,5,5,5,5,5,5,5,5,5,5,5,5,5
52,888,876,863,867,857,854,852,845,878,883,878,877,866,867,867,864,889,877,875,881,871,874,876,860,878,886,887,876,879,877,861,869,898,897,898,890,888,886,883,873,910,890,894,905,891,890,881,876,898,924,909,897,889,897,878,873,916,937,898,915,902,901,901,892,6,7,6,6,5,6,5,6,7,5,5,5,6,4,5,5,9,6,5,5,5,5,6,6,6,6,6,5,5,6,5,7,7,5,5,5,7,5,6,5,7,7,6,7,7,6,5,6,6,8,9,6,6,5,5,7,8,13,6,9,7,8,7,13,5,5,5,5,5,5,5,5,5,5,5,5,5,5,5,5,5,5,5,5,5,5,5,5,5,5,5,5,5,5,5,5,5,5,5,5,5,5,5,5,5,5,5,5,5,5,5,5,5,5,5,5,5,5,5,5,5,5,5,5,5,5,5,5
53,892,884,870,872,861,858,856,855,894,885,878,869,872,875,867,856,885,889,879,876,877,871,874,858,905,898,884,873,882,883,874,878,918,901,891,894,881,882,886,873,901,903,905,901,882,886,875,873,909,902,905,888,897,901,906,887,920,890,918,909,904,903,913,891,7,6,5,6,5,6,5,7,6,7,5,5,5,5,6,5,8,8,5,6,6,6,6,6,7,7,6,5,6,5,6,7,7,5,4,6,7,6,7,7,6,7,7,7,10,6,7,7,7,8,7,7,7,6,8,8,10,14,7,9,7,9,8,13,5,5,5,5,5,5,5,5,5,5,5,5,5,5,5,5,5,5,5,5,5,5,5,5,5,5,5,5,5,5,5,5,5,5,5,5,5,5,5,5,5,5,5,5,5,5,5,5,5,5,5,5,5,5,5,5,5,5,5,5,5,5,5,5
54,871,878,869,861,861,853,856,848,890,880,871,880,852,869,877,861,875,878,889,879,879,873,872,867,897,883,896,885,879,872,864,857,879,903,893,890,888,868,881,874,917,906,895,888,876,895,880,875,907,920,904,890,892,899,898,877,923,897,905,895,902,892,888,895,7,7,5,6,5,6,5,6,6,5,5,6,5,4,7,6,9,8,5,5,5,5,5,5,7,5,6,5,5,6,5,6,8,5,5,5,6,5,5,6,9,6,7,7,7,6,6,6,7,6,8,6,7,7,6,10,9,10,7,9,6,7,7,17,5,5,5,5,5,5,5,5,5,5,5,5,5,5,5,5,5,5,5,5,5,5,5,5,5,5,5,5,5,5,5,5,5,5,5,5,5,5,5,5,5,5,5,5,5,5,5,5,5,5,5,5,5,5,5,5,5,5,5,5,5,5,5,5
55,879,889,872,867,858,854,859,848,878,881,883,875,871,861,861,854,907,893,875,876,874,865,860,867,889,880,885,878,881,884,877,878,905,899,893,891,879,888,879,866,900,906,894,891,889,883,874,876,920,913,908,907,890,891,888,876,935,931,911,913,915,892,898,905,7,5,5,6,5,7,5,7,6,6,6,5,6,5,5,5,10,6,7,7,6,5,6,6,6,5,6,5,5,5,6,7,11,7,5,6,7,5,6,7,7,10,6,7,8,7,6,6,9,9,8,8,7,6,7,10,10,14,8,9,8,7,8,18,5,5,5,5,5,5,5,5,5,5,5,5,5,5,5,5,5,5,5,5,5,5,5,5,5,5,5,5,5,5,5,5,5,5,5,5,5,5,5,5,5,5,5,5,5,5,5,5,5,5,5,5,5,5,5,5,5,5,5,5,5,5,5,5
56,878,887,881,857,861,855,859,859,888,880,873,876,869,857,869,850,882,892,884,872,882,871,868,872,909,889,885,884,873,869,880,874,894,901,900,889,883,886,874,862,903,913,902,902,905,885,884,884,906,906,905,891,901,896,894,883,926,931,914,908,885,909,899,912,6,6,5,6,5,6,4,8,7,5,5,5,5,5,5,4,8,6,5,6,5,4,5,5,8,7,5,6,5,5,6,7,8,6,5,8,6,5,5,5,7,5,6,7,8,6,7,6,7,11,6,7,6,5,7,9,10,10,6,11,6,6,7,11,5,5,5,5,5,5,5,5,5,5,5,5,5,5,5,5,5,5,5,5,5,5,5,5,5,5,5,5,5,5,5,5,5,5,5,5,5,5,5,5,5,5,5,5,5,5,5,5,5,5,5,5,5,5,5,5,5,5,5,5,5,5,5,5
57,899,870,876,875,858,856,860,852,889,880,877,873,867,861,863,856,891,879,886,877,885,873,862,859,896,889,882,893,875,883,868,879,907,908,897,891,879,887,868,864,896,891,897,899,893,877,886,870,917,911,914,905,892,899,883,884,914,911,920,905,901,909,900,882,6,6,5,6,6,6,5,6,6,6,5,5,6,5,5,5,9,8,6,8,5,6,5,7,7,6,8,5,6,5,5,5,8,6,6,5,6,5,5,7,6,7,6,7,6,6,6,7,8,10,7,7,6,5,6,13,8,12,8,13,7,6,9,15,5,5,5,5,5,5,5,5,5,5,5,5,5,5,5,5,5,5,5,5,5,5,5,5,5,5,5,5,5,5,5,5,5,5,5,5,5,5,5,5,5,5,5,5,5,5,5,5,5,5,5,5,5,5,5,5,5,5,5,5,5,5,5,5
58,888,868,878,865,863,850,857,853,852,880,872,876,874,864,863,865,891,875,882,872,874,871,857,851,886,891,901,888,874,883,887,869,915,893,890,886,888,875,876,877,914,902,900,886,890,892,875,898,904,906,910,900,901,889,880,904,922,908,897,913,906,890,898,896,7,5,5,5,4,6,5,6,7,5,4,5,7,4,5,6,8,8,5,6,6,5,5,5,7,6,6,5,5,5,6,7,7,6,5,5,7,5,5,5,6,5,6,6,7,6,6,7,7,8,7,6,7,6,5,8,10,10,6,10,8,7,6,15,5,5,5,5,5,5,5,5,5,5,5,5,5,5,5,5,5,5,5,5,5,5,5,5,5,5,5,5,5,5,5,5,5,5,5,5,5,5,5,5,5,5,5,5,5,5,5,5,5,5,5,5,5,5,5,5,5,5,5,5,5,5,5,5
59,873,874,872,861,872,854,851,851,896,884,883,886,863,869,853,859,886,892,884,887,880,869,865,865,898,893,896,882,884,885,868,869,886,904,886,889,869,891,883,885,911,894,900,901,885,896,863,869,911,924,884,912,895,896,887,875,918,906,909,899,905,893,903,879,5,6,5,6,6,5,6,6,8,5,5,6,6,4,6,6,9,6,7,6,4,5,6,5,8,6,6,5,6,5,7,7,8,6,5,6,6,5,6,5,6,6,6,7,7,6,6,8,8,11,9,7,6,5,7,11,7,11,6,10,6,6,6,17,5,5,5,5,5,5,5,5,5,5,5,5,5,5,5,5,5,5,5,5,5,5,5,5,5,5,5,5,5,5,5,5,5,5,5,5,5,5,5,5,5,5,5,5,5,5,5,5,5,5,5,5,5,5,5,5,5,5,5,5,5,5,5,5
60,880,889,873,864,856,854,865,856,876,879,880,869,858,870,864,851,886,891,880,885,859,858,864,860,895,901,894,882,881,874,880,874,910,902,893,893,891,876,875,865,901,908,904,894,896,893,888,873,911,901,903,909,904,891,880,896,939,903,898,906,897,899,903,898,6,6,5,7,4,5,5,7,7,6,5,5,6,5,5,5,9,7,5,5,5,5,4,7,7,6,5,6,5,6,7,6,8,7,5,6,5,6,5,7,6,6,5,7,6,6,8,6,8,8,6,7,7,5,5,8,8,10,6,9,8,7,6,14,5,5,5,5,5,5,5,5,5,5,5,5,5,5,5,5,5,5,5,5,5,5,5,5,5,5,5,5,5,5,5,5,5,5,5,5,5,5,5,5,5,5,5,5,5,5,5,5,5,5,5,5,5,5,5,5,5,5,5,5,5,5,5,5
61,881,871,873,873,853,856,855,842,889,885,874,871,858,867,853,857,895,883,883,872,871,856,861,868,914,903,910,887,889,876,880,863,903,895,884,900,892,894,889,880,909,894,886,886,898,895,887,902,906,903,903,910,892,901,888,881,927,927,927,901,901,902,900,883,7,6,6,6,5,7,5,6,7,5,5,4,5,5,5,5,8,8,5,8,5,6,5,6,12,5,7,4,5,4,7,8,9,6,5,6,6,5,6,7,6,6,5,6,8,6,7,6,6,10,7,7,8,7,7,10,9,14,7,11,8,7,8,13,5,5,5,5,5,5,5,5,5,5,5,5,5,5,5,5,5,5,5,5,5,5,5,5,5,5,5,5,5,5,5,5,5,5,5,5,5,5,5,5,5,5,5,5,5,5,5,5,5,5,5,5,5,5,5,5,5,5,5,5,5,5,5,5
62,883,866,876,872,865,848,859,843,893,874,882,870,869,859,867,862,886,903,894,880,873,876,860,864,900,887,888,872,884,872,881,879,886,898,892,892,892,882,882,865,898,891,892,893,893,884,881,875,918,924,911,887,888,903,895,889,922,900,906,898,902,890,890,895,7,6,5,6,5,5,5,5,8,6,5,5,6,6,5,5,8,8,6,5,4,5,5,5,7,6,6,5,5,5,7,7,8,6,5,5,6,5,5,6,6,6,6,6,6,6,6,7,8,9,8,7,6,6,7,13,9,13,7,7,6,6,8,14,5,5,5,5,5,5,5,5,5,5,5,5,5,5,5,5,5,5,5,5,5,5,5,5,5,5,5,5,5,5,5,5,5,5,5,5,5,5,5,5,5,5,5,5,5,5,5,5,5,5,5,5,5,5,5,5,5,5,5,5,5,5,5,5
63,882,881,870,861,862,859,858,862,877,883,884,870,853,861,857,854,878,888,873,887,859,877,869,867,890,896,887,879,876,876,880,860,902,893,896,900,890,875,880,876,910,903,911,895,908,879,896,894,914,917,919,900,896,889,898,882,923,914,901,900,905,890,902,906,8,6,6,6,4,5,6,6,7,5,6,5,6,5,5,5,7,7,6,6,5,6,5,5,7,7,5,5,5,6,7,7,8,5,5,7,5,5,7,6,6,6,6,6,8,7,8,10,8,8,7,6,7,7,6,10,7,11,7,7,8,6,7,16,5,5,5,5,5,5,5,5,5,5,5,5,5,5,5,5,5,5,5,5,5,5,5,5,5,5,5,5,5,5,5,5,5,5,5,5,5,5,5,5,5,5,5,5,5,5,5,5,5,5,5,5,5,5,5,5,5,5,5,5,5,5,5,5
64,859,873,870,862,869,855,855,849,881,877,872,876,859,866,867,865,885,889,879,874,875,868,867,863,895,886,891,879,876,878,871,872,900,896,897,894,885,883,878,879,906,896,902,897,885,886,883,891,925,901,896,898,890,884,891,872,930,901,910,909,908,894,893,883,7,7,5,6,5,5,5,6,6,5,5,5,6,4,6,6,7,6,5,5,6,4,5,6,6,6,7,5,5,5,5,5,7,5,5,6,7,5,5,6,8,5,6,7,6,6,6,8,10,9,8,6,7,5,7,11,9,12,6,13,6,6,8,14,5,5,5,5,5,5,5,5,5,5,5,5,5,5,5,5,5,5,5,5,5,5,5,5,5,5,5,5,5,5,5,5,5,5,5,5,5,5,5,5,5,5,5,5,5,5,5,5,5,5,5,5,5,5,5,5,5,5,5,5,5,5,5,5
65,883,874,864,884,862,862,850,849,875,871,867,871,856,870,867,863,883,896,889,887,875,872,873,859,889,891,882,873,887,876,867,872,917,900,882,889,885,880,884,863,916,897,907,888,892,881,885,886,912,923,900,907,896,896,902,882,915,897,919,910,896,897,887,869,7,6,6,6,4,6,6,8,7,5,5,5,6,5,6,5,10,7,6,7,6,5,6,5,7,6,7,5,6,5,6,9,8,7,6,4,6,5,6,7,6,8,6,6,8,5,7,7,8,9,6,8,6,6,10,9,10,11,6,10,6,7,8,14,5,5,5,5,5,5,5,5,5,5,5,5,5,5,5,5,5,5,5,5,5,5,5,5,5,5,5,5,5,5,5,5,5,5,5,5,5,5,5,5,5,5,5,5,5,5,5,5,5,5,5,5,5,5,5,5,5,5,5,5,5,5,5,5
66,878,881,860,878,868,865,858,851,887,886,874,866,872,864,867,861,891,889,890,871,865,877,856,857,893,903,883,887,886,875,872,861,897,898,888,904,892,888,885,881,901,917,889,897,882,897,880,887,908,915,908,894,904,893,898,855,920,908,888,905,896,892,879,889,6,5,5,5,5,5,4,6,6,5,5,4,6,5,6,5,9,6,6,5,4,5,5,6,6,5,8,4,6,6,6,7,8,5,5,6,6,5,5,6,7,7,5,7,9,6,5,6,7,7,8,6,5,5,7,8,8,8,6,8,6,5,7,18,5,5,5,5,5,5,5,5,5,5,5,5,5,5,5,5,5,5,5,5,5,5,5,5,5,5,5,5,5,5,5,5,5,5,5,5,5,5,5,5,5,5,5,5,5,5,5,5,5,5,5,5,5,5,5,5,5,5,5,5,5,5,5,5
67,882,883,883,860,866,866,847,853,867,877,879,882,864,859,864,858,892,903,887,874,871,871,868,861,897,896,882,891,872,872,872,866,909,912,900,887,889,876,870,883,894,906,898,883,881,901,876,876,914,915,892,895,904,905,894,897,919,913,902,903,893,896,895,891,6,7,6,6,6,7,5,8,6,6,5,5,5,5,6,5,9,7,7,7,5,5,5,6,8,7,7,5,5,5,6,7,8,6,5,5,5,5,5,6,7,7,7,7,7,7,6,7,10,10,9,8,6,7,7,11,10,11,7,9,7,6,8,14,5,5,5,5,5,5,5,5,5,5,5,5,5,5,5,5,5,5,5,5,5,5,5,5,5,5,5,5,5,5,5,5,5,5,5,5,5,5,5,5,5,5,5,5,5,5,5,5,5,5,5,5,5,5,5,5,5,5,5,5,5,5,5,5
68,873,882,879,878,857,862,861,843,893,885,877,864,863,865,874,853,889,893,882,882,875,860,863,862,884,894,889,885,878,867,875,857,890,900,896,889,892,876,880,873,917,910,900,899,901,889,892,883,916,900,902,896,901,893,895,899,911,935,914,909,894,906,891,923,6,7,5,5,4,6,6,5,6,6,5,5,6,4,6,5,11,6,7,5,5,5,5,5,7,6,6,5,5,5,6,6,6,5,5,5,6,6,5,6,7,6,6,6,8,6,8,7,10,10,6,7,6,5,8,11,8,13,7,11,7,6,6,18,5,5,5,5,5,5,5,5,5,5,5,5,5,5,5,5,5,5,5,5,5,5,5,5,5,5,5,5,5,5,5,5,5,5,5,5,5,5,5,5,5,5,5,5,5,5,5,5,5,5,5,5,5,5,5,5,5,5,5,5,5,5,5,5
69,878,880,880,872,866,851,859,849,873,883,876,878,868,863,866,869,900,894,875,881,882,870,875,864,900,890,899,886,874,882,879,861,905,890,901,879,892,880,883,863,896,903,891,901,885,895,886,882,916,910,917,901,892,892,892,878,923,920,903,911,900,890,897,884,7,7,5,5,5,6,5,7,7,6,5,6,7,5,6,7,9,11,6,6,5,6,6,6,7,7,6,6,5,6,6,9,8,6,5,7,6,7,6,7,7,8,6,8,6,7,7,7,8,8,8,8,6,6,6,13,9,9,7,9,7,6,7,13,5,5,5,5,5,5,5,5,5,5,5,5,5,5,5,5,5,5,5,5,5,5,5,5,5,5,5,5,5,5,5,5,5,5,5,5,5,5,5,5,5,5,5,5,5,5,5,5,5,5,5,5,5,5,5,5,5,5,5,5,5,5,5,5
70,876,889,875,872,854,861,850,849,893,880,882,863,873,869,859,857,879,882,883,889,866,872,853,865,900,900,894,883,883,872,868,870,892,895,891,888,877,887,871,885,901,898,902,895,889,894,875,892,917,891,900,907,909,882,895,878,943,915,908,910,906,896,892,905,8,6,5,5,5,6,5,6,6,5,5,5,5,4,5,5,8,8,5,5,5,5,5,4,7,6,7,5,6,5,6,8,8,5,5,6,5,6,5,5,7,7,5,7,7,6,7,6,8,7,7,6,7,6,7,11,9,11,8,10,6,6,9,16,5,5,5,5,5,5,5,5,5,5,5,5,5,5,5,5,5,5,5,5,5,5,5,5,5,5,5,5,5,5,5,5,5,5,5,5,5,5,5,5,5,5,5,5,5,5,5,5,5,5,5,5,5,5,5,5,5,5,5,5,5,5,5,5
71,877,879,876,867,860,851,868,865,890,889,883,871,866,872,862,863,885,886,876,871,874,853,874,864,904,899,891,882,880,878,882,862,899,901,894,907,874,881,883,871,903,910,907,892,888,898,881,872,901,908,916,917,902,896,893,871,920,900,895,911,916,891,905,892,6,7,5,7,4,5,7,7,7,6,4,5,7,5,5,5,9,10,5,6,5,6,6,6,7,5,6,5,5,6,6,8,9,7,5,7,6,5,7,7,8,7,6,7,8,7,8,7,6,10,8,7,8,6,8,9,9,12,6,10,6,8,7,16,5,5,5,5,5,5,5,5,5,5,5,5,5,5,5,5,5,5,5,5,5,5,5,5,5,5,5,5,5,5,5,5,5,5,5,5,5,5,5,5,5,5,5,5,5,5,5,5,5,5,5,5,5,5,5,5,5,5,5,5,5,5,5,5
72,872,871,880,870,859,861,858,850,885,881,874,873,874,872,873,854,886,889,881,875,883,877,868,870,889,894,897,881,873,877,874,872,890,897,891,892,893,886,870,878,908,899,910,899,898,892,895,891,912,914,907,897,902,880,897,885,928,908,931,911,902,889,888,882,6,6,5,5,4,6,5,7,7,5,5,5,5,5,7,5,8,8,5,5,6,5,5,7,8,5,6,5,6,6,5,7,8,6,5,6,6,6,4,6,7,6,6,7,7,6,7,7,6,9,6,5,8,5,6,8,10,9,6,8,6,7,7,11,5,5,5,5,5,5,5,5,5,5,5,5,5,5,5,5,5,5,5,5,5,5,5,5,5,5,5,5,5,5,5,5,5,5,5,5,5,5,5,5,5,5,5,5,5,5,5,5,5,5,5,5,5,5,5,5,5,5,5,5,5,5,5,5
73,888,880,869,880,864,855,862,845,882,878,879,876,858,863,863,851,890,903,878,884,883,862,870,863,912,883,892,888,887,870,873,866,901,901,887,893,894,891,871,876,908,908,901,895,892,888,890,892,895,917,916,907,890,903,898,882,925,924,911,923,895,910,887,898,7,5,6,7,5,6,5,6,7,6,5,5,6,5,5,7,9,8,6,5,5,5,5,4,9,6,7,5,6,5,6,8,8,5,5,6,5,6,5,8,8,7,7,7,7,7,6,6,8,13,9,7,6,6,9,9,13,11,7,9,7,8,7,12,5,5,5,5,5,5,5,5,5,5,5,5,5,5,5,5,5,5,5,5,5,5,5,5,5,5,5,5,5,5,5,5,5,5,5,5,5,5,5,5,5,5,5,5,5,5,5,5,5,5,5,5,5,5,5,5,5,5,5,5,5,5,5,5
74,871,861,867,866,855,842,863,850,871,875,864,866,871,865,868,858,887,892,882,873,871,865,871,861,893,899,893,881,881,874,887,861,888,899,888,901,894,888,876,871,908,900,890,882,893,888,880,898,923,915,903,894,899,899,896,886,933,906,920,915,910,901,896,861,7,5,5,6,4,5,5,5,7,5,6,5,7,4,6,5,8,7,6,6,6,6,5,5,6,5,6,6,5,7,4,7,6,5,5,6,6,6,5,7,8,5,6,6,7,5,7,7,8,7,7,7,4,6,7,10,10,13,5,7,7,7,6,14,5,5,5,5,5,5,5,5,5,5,5,5,5,5,5,5,5,5,5,5,5,5,5,5,5,5,5,5,5,5,5,5,5,5,5,5,5,5,5,5,5,5,5,5,5,5,5,5,5,5,5,5,5,5,5,5,5,5,5,5,5,5,5,5
75,882,876,880,877,859,852,852,856,876,884,865,880,879,860,864,859,897,898,879,887,872,873,865,863,909,898,891,881,887,883,867,869,897,897,894,892,879,885,872,868,892,900,904,906,896,887,891,880,912,924,898,908,900,892,892,891,917,920,922,915,901,888,904,929,7,6,5,6,4,6,5,8,6,5,5,5,5,5,6,5,10,8,5,6,6,5,5,6,9,7,6,5,5,6,6,9,7,7,6,6,6,5,6,7,7,5,6,8,7,7,5,8,9,10,7,7,8,6,7,10,9,8,6,9,7,7,7,18,5,5,5,5,5,5,5,5,5,5,5,5,5,5,5,5,5,5,5,5,5,5,5,5,5,5,5,5,5,5,5,5,5,5,5,5,5,5,5,5,5,5,5,5,5,5,5,5,5,5,5,5,5,5,5,5,5,5,5,5,5,5,5,5
76,881,877,865,866,860,863,860,843,877,879,872,872,865,875,855,860,892,890,879,884,870,876,853,865,900,886,897,875,876,869,876,875,889,899,890,885,900,881,875,867,913,904,887,893,882,883,871,884,919,917,896,897,896,892,880,883,910,936,910,906,901,889,904,877,6,6,6,7,4,6,5,5,6,5,5,4,5,4,5,5,9,6,5,5,5,5,5,5,7,5,7,5,6,5,6,8,8,5,5,7,7,6,5,6,8,5,5,6,8,5,5,6,9,7,7,8,6,5,5,8,12,11,5,8,8,5,8,11,5,5,5,5,5,5,5,5,5,5,5,5,5,5,5,5,5,5,5,5,5,5,5,5,5,5,5,5,5,5,5,5,5,5,5,5,5,5,5,5,5,5,5,5,5,5,5,5,5,5,5,5,5,5,5,5,5,5,5,5,5,5,5,5
77,887,866,873,868,854,863,862,867,898,888,880,872,875,871,859,859,882,901,878,880,874,863,873,854,903,897,893,890,885,878,880,863,908,897,892,896,890,876,880,863,901,902,896,915,893,890,881,874,897,914,902,914,900,903,879,902,917,926,926,919,893,891,909,895,8,7,5,7,5,7,6,7,7,6,5,6,5,5,5,4,8,7,5,6,5,6,6,6,8,5,5,6,6,7,6,7,7,6,5,7,6,7,7,6,7,6,6,7,7,6,7,6,8,8,7,8,7,7,6,11,8,12,7,10,7,8,6,10,5,5,5,5,5,5,5,5,5,5,5,5,5,5,5,5,5,5,5,5,5,5,5,5,5,5,5,5,5,5,5,5,5,5,5,5,5,5,5,5,5,5,5,5,5,5,5,5,5,5,5,5,5,5,5,5,5,5,5,5,5,5,5,5
78,878,871,870,859,863,855,854,851,870,874,882,874,872,867,865,862,881,898,888,882,877,871,865,861,895,874,897,893,887,882,865,863,893,888,891,875,887,876,874,886,895,893,906,882,880,899,887,873,918,912,898,902,889,903,894,899,916,926,914,908,900,904,893,916,7,6,5,5,5,5,5,6,5,6,5,5,5,5,6,5,7,8,6,6,4,5,5,6,7,5,5,4,6,5,5,7,8,5,5,5,7,6,5,6,6,6,6,5,7,5,7,5,7,8,8,6,6,6,8,10,8,12,6,11,7,5,7,18,5,5,5,5,5,5,5,5,5,5,5,5,5,5,5,5,5,5,5,5,5,5,5,5,5,5,5,5,5,5,5,5,5,5,5,5,5,5,5,5,5,5,5,5,5,5,5,5,5,5,5,5,5,5,5,5,5,5,5,5,5,5,5,5
79,870,887,869,862,868,856,866,858,877,872,886,878,865,865,870,852,888,896,880,863,875,870,865,872,903,888,891,887,881,878,881,864,904,894,881,889,892,882,875,867,903,901,904,895,891,882,887,885,933,903,900,907,895,892,896,882,932,902,918,908,909,888,902,896,7,7,6,7,5,6,5,6,8,6,6,5,5,5,6,7,8,10,6,6,5,5,5,6,9,6,6,6,6,7,6,7,8,6,6,6,4,5,6,6,6,8,4,7,6,6,9,7,12,10,6,7,6,7,7,9,12,13,6,9,7,7,6,18,5,5,5,5,5,5,5,5,5,5,5,5,5,5,5,5,5,5,5,5,5,5,5,5,5,5,5,5,5,5,5,5,5,5,5,5,5,5,5,5,5,5,5,5,5,5,5,5,5,5,5,5,5,5,5,5,5,5,5,5,5,5,5,5
80,886,873,873,858,854,860,849,846,881,875,878,870,870,867,870,849,897,876,885,880,870,870,858,864,901,894,898,888,883,881,869,886,896,890,896,904,885,877,894,874,907,913,896,890,894,886,867,890,903,892,905,897,887,875,886,881,934,926,909,891,904,906,883,895,7,5,6,6,5,7,6,7,6,6,6,4,7,4,7,6,7,7,6,6,5,5,5,5,7,5,7,4,5,5,5,7,9,5,5,6,6,5,5,7,6,6,6,6,6,5,6,6,6,10,8,6,7,5,7,10,10,13,7,8,7,7,8,14,5,5,5,5,5,5,5,5,5,5,5,5,5,5,5,5,5,5,5,5,5,5,5,5,5,5,5,5,5,5,5,5,5,5,5,5,5,5,5,5,5,5,5,5,5,5,5,5,5,5,5,5,5,5,5,5,5,5,5,5,5,5,5,5
81,884,877,881,866,864,858,849,850,877,871,876,866,879,863,862,861,878,876,886,880,867,872,856,860,896,894,888,892,887,882,884,865,903,896,897,905,881,871,885,871,899,900,895,888,881,889,897,891,904,906,911,905,887,894,894,888,920,918,913,898,909,899,893,877,8,6,6,7,5,6,5,7,7,6,5,5,6,4,6,5,8,7,6,5,5,5,5,6,6,7,7,5,5,5,5,7,8,6,5,6,7,5,6,6,8,6,6,7,8,6,7,7,7,11,8,7,7,6,6,9,8,13,8,9,7,7,8,14,5,5,5,5,5,5,5,5,5,5,5,5,5,5,5,5,5,5,5,5,5,5,5,5,5,5,5,5,5,5,5,5,5,5,5,5,5,5,5,5,5,5,5,5,5,5,5,5,5,5,5,5,5,5,5,5,5,5,5,5,5,5,5,5
82,893,878,880,860,869,872,848,838,891,873,881,864,864,869,863,852,876,892,881,888,875,860,859,871,892,892,879,889,872,872,860,867,909,894,893,900,879,868,885,887,908,901,899,890,882,889,881,878,913,922,899,910,891,894,881,907,913,912,904,908,908,905,895,883,6,6,6,6,5,5,5,5,6,6,5,4,5,5,5,5,8,6,6,5,5,6,4,5,6,5,6,5,5,6,5,7,10,6,6,5,6,5,6,5,7,4,6,7,7,6,7,7,8,9,7,6,7,6,5,10,10,14,6,10,7,6,7,14,5,5,5,5,5,5,5,5,5,5,5,5,5,5,5,5,5,5,5,5,5,5,5,5,5,5,5,5,5,5,5,5,5,5,5,5,5,5,5,5,5,5,5,5,5,5,5,5,5,5,5,5,5,5,5,5,5,5,5,5,5,5,5,5
83,887,873,881,864,861,861,860,863,870,872,887,877,868,855,870,868,891,901,876,888,875,872,876,865,883,900,888,892,877,875,870,878,905,903,904,897,900,888,883,871,902,902,897,901,900,900,879,874,912,893,908,880,894,886,878,889,916,916,906,907,902,885,901,876,6,6,6,7,4,7,5,8,7,6,5,5,6,5,6,5,9,8,6,7,5,5,7,6,10,6,6,5,6,6,6,6,8,5,6,6,6,5,6,6,7,7,7,9,8,7,7,9,8,9,10,7,7,6,6,9,10,13,5,7,8,7,7,16,5,5,5,5,5,5,5,5,5,5,5,5,5,5,5,5,5,5,5,5,5,5,5,5,5,5,5,5,5,5,5,5,5,5,5,5,5,5,5,5,5,5,5,5,5,5,5,5,5,5,5,5,5,5,5,5,5,5,5,5,5,5,5,5
84,880,883,873,859,857,856,858,845,889,879,876,870,869,859,863,863,875,890,883,875,879,860,864,871,898,886,892,881,876,883,866,862,885,902,889,891,885,872,880,863,911,902,902,889,882,885,877,871,927,910,910,899,892,903,877,868,928,938,913,908,909,889,905,879,6,5,5,6,4,6,6,6,8,4,5,4,6,5,6,5,8,8,6,5,4,6,5,5,8,5,6,5,5,5,6,6,8,5,4,5,6,6,5,6,9,7,5,5,5,5,6,6,11,9,7,7,7,5,8,9,13,12,5,10,7,6,9,24,5,5,5,5,5,5,5,5,5,5,5,5,5,5,5,5,5,5,5,5,5,5,5,5,5,5,5,5,5,5,5,5,5,5,5,5,5,5,5,5,5,5,5,5,5,5,5,5,5,5,5,5,5,5,5,5,5,5,5,5,5,5,5,5
85,881,877,867,875,867,861,856,847,877,874,882,875,880,867,871,849,873,869,876,878,870,884,870,863,905,887,889,882,880,874,859,873,890,902,904,889,897,885,889,880,911,900,901,885,901,884,889,896,916,921,902,910,891,890,887,889,933,924,916,920,914,885,901,918,7,7,5,5,5,6,5,7,7,6,6,5,5,5,7,6,10,8,5,6,6,6,6,5,8,5,6,5,6,6,7,7,8,6,6,5,6,5,6,6,7,7,7,6,8,6,7,9,9,8,8,8,7,6,7,8,9,9,5,7,7,7,6,10,5,5,5,5,5,5,5,5,5,5,5,5,5,5,5,5,5,5,5,5,5,5,5,5,5,5,5,5,5,5,5,5,5,5,5,5,5,5,5,5,5,5,5,5,5,5,5,5,5,5,5,5,5,5,5,5,5,5,5,5,5,5,5,5
86,884,879,871,869,856,858,863,859,869,871,876,871,861,860,858,855,890,882,876,869,880,862,861,867,901,897,894,880,875,874,860,862,910,893,894,889,885,884,877,876,921,903,902,903,902,887,881,894,921,891,904,889,902,893,899,895,890,920,917,900,900,897,892,890,7,8,6,6,5,6,5,6,6,5,5,4,6,5,5,5,8,8,6,7,5,6,5,5,8,5,6,5,5,6,6,6,9,6,5,5,6,6,6,5,6,8,7,7,7,6,6,8,7,9,8,7,5,5,7,8,10,12,6,10,8,6,8,16,5,5,5,5,5,5,5,5,5,5,5,5,5,5,5,5,5,5,5,5,5,5,5,5,5,5,5,5,5,5,5,5,5,5,5,5,5,5,5,5,5,5,5,5,5,5,5,5,5,5,5,5,5,5,5,5,5,5,5,5,5,5,5,5
87,896,877,863,872,865,855,856,859,889,883,878,877,871,864,866,857,898,884,882,872,873,880,874,863,890,897,887,890,884,881,866,879,912,891,894,887,884,881,877,869,907,898,892,895,883,879,883,881,921,911,900,889,891,896,890,909,951,904,919,899,897,901,908,878,5,6,6,7,6,6,5,6,6,5,5,6,5,5,6,6,11,6,6,7,5,6,6,5,7,7,6,5,6,5,6,8,10,6,5,5,6,6,7,7,7,7,6,7,6,6,6,6,8,7,7,7,8,8,7,12,12,9,6,8,6,7,7,11,5,5,5,5,5,5,5,5,5,5,5,5,5,5,5,5,5,5,5,5,5,5,5,5,5,5,5,5,5,5,5,5,5,5,5,5,5,5,5,5,5,5,5,5,5,5,5,5,5,5,5,5,5,5,5,5,5,5,5,5,5,5,5,5
88,895,885,870,863,849,863,859,847,867,879,873,863,866,875,866,864,884,890,879,873,869,866,875,863,896,902,896,884,888,879,876,867,908,902,891,894,875,882,869,877,894,896,903,897,887,881,886,874,919,903,902,902,903,889,899,882,941,916,908,899,910,883,894,865,8,6,6,6,4,6,6,5,7,6,6,5,5,5,5,5,8,7,6,6,5,5,5,5,6,6,7,5,6,5,5,7,8,6,5,5,6,5,5,5,6,7,6,7,10,5,8,6,7,9,7,6,7,5,6,8,9,12,5,9,8,6,9,21,5,5,5,5,5,5,5,5,5,5,5,5,5,5,5,5,5,5,5,5,5,5,5,5,5,5,5,5,5,5,5,5,5,5,5,5,5,5,5,5,5,5,5,5,5,5,5,5,5,5,5,5,5,5,5,5,5,5,5,5,5,5,5,5
89,874,877,875,871,856,848,849,859,877,879,880,865,868,870,872,846,895,882,887,878,867,873,862,856,885,889,890,888,882,877,882,862,904,891,896,896,893,879,884,858,904,919,896,911,903,901,881,882,895,901,918,907,901,892,884,893,923,914,924,896,890,898,897,896,8,6,5,7,5,6,6,7,6,6,6,4,6,5,6,6,9,11,7,5,5,6,5,6,7,7,6,5,7,5,6,7,9,6,5,6,6,6,5,6,7,7,7,7,9,7,8,8,8,9,7,7,8,6,6,9,12,17,6,8,6,7,7,12,5,5,5,5,5,5,5,5,5,5,5,5,5,5,5,5,5,5,5,5,5,5,5,5,5,5,5,5,5,5,5,5,5,5,5,5,5,5,5,5,5,5,5,5,5,5,5,5,5,5,5,5,5,5,5,5,5,5,5,5,5,5,5,5
90,880,878,871,862,861,860,862,868,887,884,871,867,865,869,860,857,896,906,884,874,877,870,863,854,892,889,892,888,876,872,874,874,896,900,898,880,899,886,878,863,909,904,904,898,891,883,886,877,918,917,904,906,889,899,893,896,921,908,897,914,909,904,902,886,6,7,5,6,5,6,5,6,7,6,5,5,6,5,5,5,10,6,5,6,5,5,5,6,7,6,7,5,6,5,6,5,7,6,5,6,5,5,5,7,7,6,6,7,6,6,6,5,6,13,7,6,6,6,7,8,8,13,6,6,7,7,6,12,5,5,5,5,5,5,5,5,5,5,5,5,5,5,5,5,5,5,5,5,5,5,5,5,5,5,5,5,5,5,5,5,5,5,5,5,5,5,5,5,5,5,5,5,5,5,5,5,5,5,5,5,5,5,5,5,5,5,5,5,5,5,5,5
91,889,871,863,862,865,861,865,850,890,885,878,875,861,872,869,858,887,879,878,888,874,873,864,857,884,888,897,892,888,880,876,880,913,907,889,890,885,895,885,882,916,906,912,888,884,897,887,883,894,897,904,887,889,881,886,897,921,911,898,899,897,902,910,882,8,6,6,6,5,6,5,6,6,6,5,6,6,5,6,5,10,7,6,6,6,5,5,6,6,6,7,5,5,6,5,6,10,5,5,6,6,7,5,7,8,6,6,7,9,5,7,7,9,8,9,7,7,7,7,8,8,11,7,8,8,8,7,10,5,5,5,5,5,5,5,5,5,5,5,5,5,5,5,5,5,5,5,5,5,5,5,5,5,5,5,5,5,5,5,5,5,5,5,5,5,5,5,5,5,5,5,5,5,5,5,5,5,5,5,5,5,5,5,5,5,5,5,5,5,5,5,5
92,877,874,865,862,860,858,855,856,880,878,873,871,868,872,859,860,883,887,878,885,879,868,862,858,890,892,896,882,899,879,865,866,892,901,888,887,881,883,891,877,897,913,905,889,890,882,881,876,914,923,904,899,896,878,895,882,936,898,892,912,915,891,893,900,8,5,5,7,5,6,6,6,6,6,5,4,5,5,5,5,9,7,6,5,4,5,6,5,7,7,8,5,7,5,6,6,9,6,4,5,7,7,6,6,7,6,6,6,7,5,7,7,7,10,7,7,6,5,6,11,6,11,5,8,5,6,6,12,5,5,5,5,5,5,5,5,5,5,5,5,5,5,5,5,5,5,5,5,5,5,5,5,5,5,5,5,5,5,5,5,5,5,5,5,5,5,5,5,5,5,5,5,5,5,5,5,5,5,5,5,5,5,5,5,5,5,5,5,5,5,5,5
93,890,877,872,865,865,849,853,846,880,876,881,879,859,868,857,849,889,906,879,867,881,874,871,854,903,887,894,887,890,882,884,872,895,892,892,884,897,878,885,870,898,902,907,901,888,899,875,891,912,916,905,895,897,891,896,912,928,920,904,913,892,897,895,865,8,6,5,6,5,5,4,7,8,7,6,5,6,5,5,6,8,8,6,6,5,6,6,5,8,6,7,6,7,6,6,6,9,7,7,6,6,6,6,6,6,8,6,7,7,6,7,6,11,12,8,7,6,6,7,10,8,13,7,10,7,9,6,15,5,5,5,5,5,5,5,5,5,5,5,5,5,5,5,5,5,5,5,5,5,5,5,5,5,5,5,5,5,5,5,5,5,5,5,5,5,5,5,5,5,5,5,5,5,5,5,5,5,5,5,5,5,5,5,5,5,5,5,5,5,5,5,5
94,876,878,875,861,857,873,854,850,869,873,871,868,862,863,863,860,878,873,881,885,877,874,873,859,907,889,898,885,881,873,885,858,897,899,892,886,874,890,883,871,913,916,902,892,891,881,888,869,922,909,908,892,892,886,886,882,901,894,916,893,925,891,883,888,7,6,6,6,4,5,5,7,5,5,4,5,6,4,5,5,8,7,5,5,4,5,5,6,7,5,7,5,6,5,6,7,8,5,5,5,6,5,6,6,6,9,6,8,6,6,6,7,7,8,9,7,6,6,6,9,8,12,7,7,7,6,6,14,5,5,5,5,5,5,5,5,5,5,5,5,5,5,5,5,5,5,5,5,5,5,5,5,5,5,5,5,5,5,5,5,5,5,5,5,5,5,5,5,5,5,5,5,5,5,5,5,5,5,5,5,5,5,5,5,5,5,5,5,5,5,5,5
95,884,870,879,867,861,861,867,841,898,870,881,873,867,868,857,861,900,888,883,877,877,869,862,869,897,893,903,881,875,875,881,861,905,900,888,888,880,880,885,879,925,903,905,902,881,888,879,891,909,917,913,898,891,890,883,877,916,930,919,901,915,893,882,900,7,7,5,7,5,6,5,5,8,6,6,5,5,4,5,5,10,7,6,6,5,5,5,7,11,7,6,5,6,5,7,6,8,5,5,6,6,5,6,6,9,6,7,8,9,6,7,8,8,10,7,6,6,7,9,10,9,14,7,7,7,7,6,17,5,5,5,5,5,5,5,5,5,5,5,5,5,5,5,5,5,5,5,5,5,5,5,5,5,5,5,5,5,5,5,5,5,5,5,5,5,5,5,5,5,5,5,5,5,5,5,5,5,5,5,5,5,5,5,5,5,5,5,5,5,5,5,5
96,877,875,876,875,864,847,856,846,888,882,873,866,858,860,853,850,890,894,878,877,870,863,875,859,899,891,888,890,881,876,876,873,903,888,896,893,890,876,879,874,910,907,911,894,890,884,882,885,908,894,892,895,910,901,889,876,926,883,914,911,906,903,900,876,6,7,5,6,4,5,5,5,7,6,4,5,5,5,5,5,9,7,5,5,5,6,5,6,6,5,5,4,6,5,5,6,8,6,5,6,6,6,5,6,6,6,4,6,7,6,7,8,6,8,6,7,5,6,6,11,9,8,5,9,7,8,9,14,5,5,5,5,5,5,5,5,5,5,5,5,5,5,5,5,5,5,5,5,5,5,5,5,5,5,5,5,5,5,5,5,5,5,5,5,5,5,5,5,5,5,5,5,5,5,5,5,5,5,5,5,5,5,5,5,5,5,5,5,5,5,5,5
97,891,887,869,864,870,852,862,841,875,876,890,880,855,864,859,863,894,886,882,878,880,876,868,860,886,885,880,878,896,867,876,857,903,901,892,890,891,885,895,862,915,900,893,886,894,888,889,871,918,910,882,904,892,889,895,886,917,917,915,913,913,897,896,904,8,6,6,6,5,6,5,7,7,5,7,5,6,4,5,5,8,9,6,6,5,5,5,6,6,6,7,5,6,5,6,6,8,6,5,5,6,6,7,6,7,6,6,6,7,7,7,7,8,13,8,6,6,5,7,14,10,12,6,10,9,7,6,17,5,5,5,5,5,5,5,5,5,5,5,5,5,5,5,5,5,5,5,5,5,5,5,5,5,5,5,5,5,5,5,5,5,5,5,5,5,5,5,5,5,5,5,5,5,5,5,5,5,5,5,5,5,5,5,5,5,5,5,5,5,5,5,5
98,884,884,874,867,866,867,857,844,878,882,878,867,869,869,859,863,896,896,882,862,868,857,872,864,898,897,885,884,879,874,878,870,910,894,893,895,883,880,879,873,893,917,898,899,888,881,892,882,903,910,896,905,892,890,880,881,911,912,917,897,914,889,900,872,7,6,4,7,5,5,6,6,7,5,5,4,4,5,6,5,7,6,6,7,5,6,4,6,8,5,6,4,5,4,6,7,10,6,5,6,6,7,5,5,7,6,7,6,6,5,8,6,7,7,6,7,6,6,5,12,11,11,6,11,8,7,6,13,5,5,5,5,5,5,5,5,5,5,5,5,5,5,5,5,5,5,5,5,5,5,5,5,5,5,5,5,5,5,5,5,5,5,5,5,5,5,5,5,5,5,5,5,5,5,5,5,5,5,5,5,5,5,5,5,5,5,5,5,5,5,5,5
99,887,871,872,866,859,857,864,860,882,863,872,884,873,866,871,849,905,898,881,871,877,879,858,858,903,893,890,894,879,877,872,874,894,893,895,891,896,886,877,877,915,903,889,894,879,893,871,883,930,910,901,900,889,872,881,895,925,940,913,895,916,898,905,847,8,7,5,7,5,6,7,5,9,6,5,6,6,5,5,7,8,8,6,7,5,5,6,6,7,5,6,4,5,6,5,7,6,6,5,5,6,6,5,5,6,6,6,6,7,8,6,7,9,11,7,6,7,6,7,10,9,11,7,8,9,6,7,12,5,5,5,5,5,5,5,5,5,5,5,5,5,5,5,5,5,5,5,5,5,5,5,5,5,5,5,5,5,5,5,5,5,5,5,5,5,5,5,5,5,5,5,5,5,5,5,5,5,5,5,5,5,5,5,5,5,5,5,5,5,5,5,5
100,890,872,880,878,861,864,853,855,889,884,875,876,877,853,866,853,871,874,888,872,876,878,870,864,900,892,883,885,889,878,871,885,909,906,888,893,890,893,876,880,909,897,903,898,890,888,885,875,927,909,913,894,886,893,885,886,905,947,914,915,907,903,907,901,8,5,6,5,5,7,5,7,7,4,5,6,5,5,6,5,10,7,6,4,4,5,6,5,9,6,6,4,6,6,6,7,7,5,4,5,6,5,5,6,7,6,5,7,7,5,6,6,7,7,7,6,7,5,7,10,9,12,5,8,7,7,6,12,5,5,5,5,5,5,5,5,5,5,5,5,5,5,5,5,5,5,5,5,5,5,5,5,5,5,5,5,5,5,5,5,5,5,5,5,5,5,5,5,5,5,5,5,5,5,5,5,5,5,5,5,5,5,5,5,5,5,5,5,5,5,5,5
101,876,873,873,878,866,848,858,858,875,884,871,872,870,865,866,848,888,882,878,874,867,873,864,872,892,889,891,873,879,865,870,869,899,890,891,888,902,888,879,882,900,897,912,883,909,889,886,882,918,901,896,886,890,891,896,884,911,926,916,897,923,891,900,903,8,7,5,5,6,5,5,6,9,6,4,5,7,4,5,6,8,8,7,6,5,6,5,6,9,6,6,5,6,6,6,8,8,6,5,7,6,5,6,8,7,7,8,5,8,8,7,9,8,8,7,7,6,7,6,8,9,10,6,9,7,8,5,14,5,5,5,5,5,5,5,5,5,5,5,5,5,5,5,5,5,5,5,5,5,5,5,5,5,5,5,5,5,5,5,5,5,5,5,5,5,5,5,5,5,5,5,5,5,5,5,5,5,5,5,5,5,5,5,5,5,5,5,5,5,5,5,5
102,878,869,870,869,868,864,859,857,880,895,887,878,876,863,860,862,884,888,872,869,875,872,872,862,894,899,891,884,897,878,872,855,897,899,892,889,891,885,883,874,913,906,898,909,899,890,886,887,899,909,896,907,890,879,896,891,938,938,911,892,909,896,885,887,7,5,5,5,5,5,5,5,7,6,4,5,5,5,5,5,9,8,5,7,5,5,6,5,6,6,6,5,5,6,5,8,8,5,5,5,7,5,7,6,7,6,5,8,7,6,7,7,9,9,8,7,6,5,9,14,6,12,8,8,8,8,8,12,5,5,5,5,5,5,5,5,5,5,5,5,5,5,5,5,5,5,5,5,5,5,5,5,5,5,5,5,5,5,5,5,5,5,5,5,5,5,5,5,5,5,5,5,5,5,5,5,5,5,5,5,5,5,5,5,5,5,5,5,5,5,5,5
103,876,886,867,864,865,875,873,856,878,882,883,872,873,872,863,874,883,897,880,884,878,877,861,878,901,896,887,882,876,880,883,869,901,911,894,890,880,882,867,881,896,906,900,897,910,884,877,885,921,905,910,896,886,904,901,880,925,898,911,912,904,905,894,892,7,6,5,7,5,6,6,6,7,4,6,5,7,5,5,7,8,7,6,7,6,5,5,5,9,6,9,6,6,5,7,7,8,7,5,6,7,5,7,6,6,6,6,6,8,5,7,7,7,9,9,8,7,6,8,10,10,10,6,9,8,5,10,14,5,5,5,5,5,5,5,5,5,5,5,5,5,5,5,5,5,5,5,5,5,5,5,5,5,5,5,5,5,5,5,5,5,5,5,5,5,5,5,5,5,5,5,5,5,5,5,5,5,5,5,5,5,5,5,5,5,5,5,5,5,5,5,5
104,881,878,867,867,869,858,845,849,889,877,878,876,868,856,862,853,878,888,893,871,866,871,869,865,890,891,895,878,878,882,874,874,900,901,893,892,882,887,882,880,909,898,892,893,886,889,896,885,895,895,903,890,895,886,894,887,915,918,909,912,893,896,896,865,6,7,5,6,5,6,6,6,5,6,5,5,5,4,5,5,7,8,6,6,4,4,5,5,7,5,6,5,7,6,6,7,8,5,5,5,6,5,5,5,7,6,5,7,7,5,5,6,8,9,6,7,6,7,6,12,9,14,6,9,6,7,8,14,5,5,5,5,5,5,5,5,5,5,5,5,5,5,5,5,5,5,5,5,5,5,5,5,5,5,5,5,5,5,5,5,5,5,5,5,5,5,5,5,5,5,5,5,5,5,5,5,5,5,5,5,5,5,5,5,5,5,5,5,5,5,5,5
105,886,872,871,857,861,854,865,846,882,888,869,871,874,864,854,857,893,890,887,877,878,857,869,867,897,890,893,878,897,875,866,860,917,890,899,891,892,881,871,875,918,900,906,890,893,888,890,879,917,897,893,906,895,900,892,894,951,931,905,897,896,904,896,914,7,7,5,6,5,6,6,6,6,6,5,5,5,5,5,6,9,6,6,9,5,6,5,6,7,6,5,5,7,5,7,7,8,5,5,6,5,6,5,6,7,6,6,7,7,8,6,7,11,10,6,7,7,6,7,8,9,13,7,9,7,6,7,14,5,5,5,5,5,5,5,5,5,5,5,5,5,5,5,5,5,5,5,5,5,5,5,5,5,5,5,5,5,5,5,5,5,5,5,5,5,5,5,5,5,5,5,5,5,5,5,5,5,5,5,5,5,5,5,5,5,5,5,5,5,5,5,5
106,885,869,865,854,858,860,862,854,882,882,872,874,863,858,869,861,878,887,876,873,881,864,862,851,882,883,889,890,884,872,856,876,907,914,886,897,883,880,865,875,916,889,893,907,887,882,883,871,906,920,899,898,896,889,892,909,931,912,908,907,906,909,904,884,9,6,6,6,5,7,5,7,6,5,4,4,6,4,5,5,7,7,5,7,4,5,4,5,9,5,4,6,6,6,7,6,8,5,5,6,7,4,4,7,7,6,6,7,6,6,6,6,8,8,7,6,6,5,6,8,8,11,5,9,7,7,7,15,5,5,5,5,5,5,5,5,5,5,5,5,5,5,5,5,5,5,5,5,5,5,5,5,5,5,5,5,5,5,5,5,5,5,5,5,5,5,5,5,5,5,5,5,5,5,5,5,5,5,5,5,5,5,5,5,5,5,5,5,5,5,5,5
107,872,883,891,882,866,859,860,859,884,878,885,876,863,863,858,859,895,879,879,880,883,864,865,869,888,888,894,888,892,871,875,875,904,889,897,887,902,876,872,872,909,912,894,899,897,878,874,892,906,908,888,906,909,882,882,895,934,931,908,903,899,898,926,899,8,5,6,6,5,6,5,6,7,5,6,6,6,5,5,5,8,9,6,6,5,5,6,5,8,7,6,5,6,6,6,6,8,7,5,6,5,5,5,7,7,7,6,7,8,6,7,8,6,10,7,8,7,6,6,10,12,11,7,7,7,7,7,21,5,5,5,5,5,5,5,5,5,5,5,5,5,5,5,5,5,5,5,5,5,5,5,5,5,5,5,5,5,5,5,5,5,5,5,5,5,5,5,5,5,5,5,5,5,5,5,5,5,5,5,5,5,5,5,5,5,5,5,5,5,5,5,5
108,883,876,865,861,860,856,861,850,889,867,870,874,863,865,867,855,888,883,885,878,861,861,859,854,889,890,893,877,886,872,877,876,896,890,895,892,878,895,887,866,902,905,911,892,906,897,881,887,915,918,909,890,906,899,885,892,932,909,905,896,893,899,905,875,6,6,5,5,4,5,5,5,6,5,5,5,6,5,5,5,7,7,6,6,5,6,4,5,7,6,6,5,6,5,6,7,8,6,5,5,6,6,6,7,6,6,8,6,8,6,6,6,7,9,7,7,6,6,7,9,10,12,6,8,5,6,7,10,5,5,5,5,5,5,5,5,5,5,5,5,5,5,5,5,5,5,5,5,5,5,5,5,5,5,5,5,5,5,5,5,5,5,5,5,5,5,5,5,5,5,5,5,5,5,5,5,5,5,5,5,5,5,5,5,5,5,5,5,5,5,5,5
109,881,880,881,869,865,859,860,850,893,879,880,875,866,859,863,858,892,879,888,872,872,872,870,860,896,892,891,885,879,863,870,872,892,911,896,903,880,887,872,864,920,909,908,901,897,888,884,884,912,895,892,893,903,890,896,886,933,926,913,915,894,906,903,873,6,7,5,6,5,6,6,6,6,6,5,5,6,5,6,5,10,8,7,6,5,5,6,7,8,6,6,5,7,6,5,8,9,5,6,6,6,6,5,7,7,7,7,8,8,6,8,8,9,9,8,8,8,5,9,12,9,16,6,10,7,6,7,11,5,5,5,5,5,5,5,5,5,5,5,5,5,5,5,5,5,5,5,5,5,5,5,5,5,5,5,5,5,5,5,5,5,5,5,5,5,5,5,5,5,5,5,5,5,5,5,5,5,5,5,5,5,5,5,5,5,5,5,5,5,5,5,5
110,881,886,872,871,864,856,848,861,888,880,874,878,866,866,864,848,893,889,886,873,870,870,864,863,903,893,894,881,879,876,872,857,898,910,889,889,893,887,886,862,900,902,906,895,897,888,878,883,904,907,907,908,904,895,898,883,926,929,916,913,890,897,899,857,8,5,4,6,4,6,6,7,6,5,4,5,5,5,7,5,8,5,5,5,5,5,5,5,8,5,8,5,6,5,5,7,8,5,4,6,5,5,6,6,7,6,6,6,6,6,6,6,6,10,9,7,8,5,7,12,7,11,5,9,7,7,7,16,5,5,5,5,5,5,5,5,5,5,5,5,5,5,5,5,5,5,5,5,5,5,5,5,5,5,5,5,5,5,5,5,5,5,5,5,5,5,5,5,5,5,5,5,5,5,5,5,5,5,5,5,5,5,5,5,5,5,5,5,5,5,5,5
111,875,877,873,873,866,870,857,868,885,888,870,875,878,864,870,852,911,883,891,864,872,868,878,869,899,896,891,880,877,884,883,871,904,904,902,899,884,889,882,880,894,892,896,897,894,886,889,873,913,887,916,894,897,905,887,885,928,892,905,915,923,884,905,901,8,7,5,7,5,7,6,6,8,7,5,5,6,5,6,6,10,8,7,6,5,5,7,5,9,7,6,6,5,5,7,9,9,5,6,7,7,5,6,7,5,8,5,6,6,6,7,7,7,7,10,6,7,6,7,7,12,12,6,8,10,7,7,12,5,5,5,5,5,5,5,5,5,5,5,5,5,5,5,5,5,5,5,5,5,5,5,5,5,5,5,5,5,5,5,5,5,5,5,5,5,5,5,5,5,5,5,5,5,5,5,5,5,5,5,5,5,5,5,5,5,5,5,5,5,5,5,5
112,875,886,878,856,862,858,869,845,884,873,882,875,874,865,865,849,881,883,885,878,879,867,870,869,873,879,903,878,882,879,867,858,909,899,890,885,887,880,875,861,903,895,903,905,885,894,884,880,915,915,902,893,896,888,889,883,913,911,910,906,909,891,903,906,6,4,4,6,5,5,6,5,7,5,5,5,5,4,5,6,8,6,5,5,6,5,6,5,8,5,7,5,5,4,5,6,10,7,5,5,5,6,6,5,7,7,7,7,7,7,6,6,6,9,6,7,6,5,6,13,9,13,5,9,8,7,7,14,5,5,5,5,5,5,5,5,5,5,5,5,5,5,5,5,5,5,5,5,5,5,5,5,5,5,5,5,5,5,5,5,5,5,5,5,5,5,5,5,5,5,5,5,5,5,5,5,5,5,5,5,5,5,5,5,5,5,5,5,5,5,5,5
113,892,877,871,859,865,860,870,850,875,886,878,871,872,857,866,852,882,882,880,885,875,874,859,874,897,895,879,889,885,874,872,894,905,896,893,891,895,877,887,864,915,902,896,894,897,903,893,899,905,910,920,902,904,894,894,894,912,912,907,915,893,897,907,885,10,6,6,7,6,6,5,7,7,6,5,5,5,5,6,6,8,8,6,9,6,6,6,5,7,8,6,5,7,5,6,7,10,6,5,5,6,6,6,6,5,6,6,8,8,5,8,7,8,8,9,7,6,6,7,9,10,11,7,11,6,7,7,16,5,5,5,5,5,5,5,5,5,5,5,5,5,5,5,5,5,5,5,5,5,5,5,5,5,5,5,5,5,5,5,5,5,5,5,5,5,5,5,5,5,5,5,5,5,5,5,5,5,5,5,5,5,5,5,5,5,5,5,5,5,5,5,5
114,881,883,880,858,865,860,867,865,894,883,880,876,874,858,853,850,887,891,896,883,879,867,871,870,904,890,888,879,879,868,874,855,881,899,889,896,886,877,861,873,903,898,901,901,889,886,881,890,920,917,890,913,898,894,886,861,914,921,909,900,895,899,890,899,7,7,5,5,5,6,6,6,6,5,6,5,5,5,5,6,7,6,7,5,4,5,5,5,7,5,5,5,6,5,6,6,9,6,5,6,5,5,7,7,5,7,7,6,6,7,6,10,8,8,8,8,7,5,6,10,9,14,7,10,7,6,8,15,5,5,5,5,5,5,5,5,5,5,5,5,5,5,5,5,5,5,5,5,5,5,5,5,5,5,5,5,5,5,5,5,5,5,5,5,5,5,5,5,5,5,5,5,5,5,5,5,5,5,5,5,5,5,5,5,5,5,5,5,5,5,5,5
115,876,892,866,869,865,855,857,857,877,885,886,879,877,865,870,854,875,892,881,882,888,867,871,868,904,889,883,893,887,876,876,850,901,903,886,887,881,879,873,869,926,893,899,907,888,891,884,877,906,928,904,886,908,883,898,875,901,902,920,898,909,895,895,909,7,7,4,7,6,5,7,7,7,5,6,6,6,4,5,6,9,8,6,6,5,5,6,7,9,7,5,5,6,7,6,6,8,7,5,6,6,6,7,6,6,5,6,8,6,6,8,7,6,13,9,8,5,6,8,8,8,9,7,9,8,6,9,14,5,5,5,5,5,5,5,5,5,5,5,5,5,5,5,5,5,5,5,5,5,5,5,5,5,5,5,5,5,5,5,5,5,5,5,5,5,5,5,5,5,5,5,5,5,5,5,5,5,5,5,5,5,5,5,5,5,5,5,5,5,5,5,5
116,882,880,858,861,861,860,853,854,883,884,872,877,873,864,854,858,884,891,887,876,874,877,867,872,895,906,880,882,878,877,871,873,871,901,908,903,890,885,883,861,910,908,903,902,900,886,876,883,895,907,907,900,903,890,894,883,924,923,915,900,897,898,886,851,7,6,5,6,5,6,6,6,7,7,4,5,5,5,4,5,6,7,6,5,5,5,5,6,6,6,6,4,6,5,5,5,7,6,6,6,7,5,6,6,8,6,8,7,8,5,8,6,9,10,6,8,6,5,7,9,9,9,5,7,7,7,7,14,5,5,5,5,5,5,5,5,5,5,5,5,5,5,5,5,5,5,5,5,5,5,5,5,5,5,5,5,5,5,5,5,5,5,5,5,5,5,5,5,5,5,5,5,5,5,5,5,5,5,5,5,5,5,5,5,5,5,5,5,5,5,5,5
117,874,877,864,852,865,857,850,843,881,872,877,861,873,858,873,867,888,887,869,888,875,869,859,867,900,891,891,882,882,867,872,878,905,901,886,895,883,889,873,877,905,904,907,895,887,893,891,882,923,908,904,894,882,888,901,889,917,932,916,907,906,890,895,886,6,6,5,6,5,6,4,7,8,6,5,5,6,4,4,5,9,8,6,7,6,6,5,6,7,7,6,6,6,5,6,6,9,6,4,6,7,6,6,6,6,5,7,6,6,6,8,6,8,9,7,6,8,7,10,10,10,9,7,10,7,7,6,21,5,5,5,5,5,5,5,5,5,5,5,5,5,5,5,5,5,5,5,5,5,5,5,5,5,5,5,5,5,5,5,5,5,5,5,5,5,5,5,5,5,5,5,5,5,5,5,5,5,5,5,5,5,5,5,5,5,5,5,5,5,5,5,5
118,872,883,873,871,871,869,857,867,876,878,876,863,861,867,854,862,897,898,872,873,881,865,875,858,893,877,886,888,878,876,873,847,905,896,895,894,890,876,889,872,909,908,897,868,888,886,876,878,917,907,910,894,901,895,886,889,930,902,910,897,899,898,894,878,6,6,6,8,4,7,5,5,7,4,5,5,6,5,5,4,8,6,6,7,4,4,6,6,7,4,6,5,6,4,5,6,8,5,5,6,6,6,5,7,7,6,6,7,6,6,7,6,10,7,8,6,7,6,6,8,8,10,7,8,7,6,8,15,5,5,5,5,5,5,5,5,5,5,5,5,5,5,5,5,5,5,5,5,5,5,5,5,5,5,5,5,5,5,5,5,5,5,5,5,5,5,5,5,5,5,5,5,5,5,5,5,5,5,5,5,5,5,5,5,5,5,5,5,5,5,5,5
119,869,871,877,875,869,857,852,854,884,868,881,869,872,865,862,857,897,889,886,872,873,870,871,861,887,890,887,875,865,873,866,859,904,900,886,896,891,886,873,883,917,900,897,904,897,882,891,883,924,921,914,899,902,882,885,894,928,931,910,904,893,903,907,884,7,6,6,5,4,6,5,7,8,6,6,5,6,5,5,7,10,6,6,7,5,6,5,6,7,6,5,5,5,6,5,7,9,7,6,6,7,7,6,6,6,7,7,7,8,6,8,8,8,9,8,8,8,7,7,9,9,12,6,10,6,7,7,12,5,5,5,5,5,5,5,5,5,5,5,5,5,5,5,5,5,5,5,5,5,5,5,5,5,5,5,5,5,5,5,5,5,5,5,5,5,5,5,5,5,5,5,5,5,5,5,5,5,5,5,5,5,5,5,5,5,5,5,5,5,5,5,5
120,873,876,875,865,867,855,867,849,872,885,883,872,872,866,859,843,864,886,893,877,874,874,864,849,904,892,872,888,887,874,868,861,893,893,887,897,882,888,879,858,916,894,894,896,906,904,880,880,916,898,909,906,901,893,892,874,927,906,900,905,893,896,899,879,7,6,5,7,6,6,5,6,7,5,5,4,5,5,5,6,10,7,6,6,5,5,5,5,7,5,6,5,6,5,5,7,7,5,4,5,6,5,6,6,7,6,6,7,7,7,6,6,8,10,8,7,5,6,6,8,9,10,7,9,7,9,7,13,5,5,5,5,5,5,5,5,5,5,5,5,5,5,5,5,5,5,5,5,5,5,5,5,5,5,5,5,5,5,5,5,5,5,5,5,5,5,5,5,5,5,5,5,5,5,5,5,5,5,5,5,5,5,5,5,5,5,5,5,5,5,5,5
121,882,883,865,866,857,868,851,860,883,883,876,874,874,869,856,855,882,881,884,876,880,864,866,866,908,887,879,892,879,880,854,862,899,899,892,884,894,879,887,874,921,909,910,903,900,894,872,882,925,926,917,901,884,900,884,873,915,917,919,921,898,895,904,894,7,7,6,6,5,5,8,5,7,4,5,5,6,5,6,5,8,7,6,6,4,6,6,5,9,6,7,5,5,5,7,7,8,6,5,5,6,6,6,6,6,6,8,8,8,8,9,6,9,11,8,8,7,6,8,10,9,11,6,7,6,7,8,14,5,5,5,5,5,5,5,5,5,5,5,5,5,5,5,5,5,5,5,5,5,5,5,5,5,5,5,5,5,5,5,5,5,5,5,5,5,5,5,5,5,5,5,5,5,5,5,5,5,5,5,5,5,5,5,5,5,5,5,5,5,5,5,5
122,888,878,876,873,868,857,855,850,874,880,874,870,872,862,870,856,887,891,890,876,864,863,862,868,889,902,885,883,882,877,866,879,908,893,900,889,883,879,891,882,915,897,900,905,905,883,889,873,930,913,898,892,894,897,896,883,922,914,918,914,903,902,909,851,7,7,6,5,5,5,5,6,6,5,5,5,6,5,5,5,10,7,6,5,4,6,5,5,6,5,6,5,5,5,6,6,8,5,5,5,6,5,6,6,5,6,5,7,7,6,7,6,9,7,7,7,6,6,8,7,9,11,6,7,6,8,6,11,5,5,5,5,5,5,5,5,5,5,5,5,5,5,5,5,5,5,5,5,5,5,5,5,5,5,5,5,5,5,5,5,5,5,5,5,5,5,5,5,5,5,5,5,5,5,5,5,5,5,5,5,5,5,5,5,5,5,5,5,5,5,5,5
123,879,873,872,874,865,851,851,852,883,884,876,875,863,869,868,860,869,877,881,889,869,856,856,869,888,888,894,887,881,869,874,871,906,890,887,890,891,882,879,873,909,902,893,907,915,903,885,883,908,889,903,885,908,893,891,882,932,909,910,904,902,889,916,849,7,6,4,6,6,6,7,7,6,5,5,6,6,5,5,6,9,7,6,7,5,5,6,5,7,6,6,6,5,6,5,7,8,6,6,7,6,6,6,5,7,6,6,7,8,7,9,9,8,7,7,8,5,6,7,12,8,11,7,7,7,8,8,15,5,5,5,5,5,5,5,5,5,5,5,5,5,5,5,5,5,5,5,5,5,5,5,5,5,5,5,5,5,5,5,5,5,5,5,5,5,5,5,5,5,5,5,5,5,5,5,5,5,5,5,5,5,5,5,5,5,5,5,5,5,5,5,5
124,876,882,875,861,876,854,851,850,872,881,881,873,867,866,858,849,893,881,883,877,873,875,870,866,897,888,893,884,882,870,870,857,912,905,896,877,873,878,875,868,906,897,890,887,904,881,888,869,909,907,908,905,897,901,862,887,926,897,903,907,897,896,901,874,6,6,8,6,6,5,5,6,7,5,6,5,7,4,5,4,8,8,5,6,6,5,5,4,8,5,5,5,5,5,6,7,8,5,5,6,5,6,5,6,8,5,6,7,7,5,7,8,8,8,9,7,7,5,7,8,10,9,6,6,6,6,9,16,5,5,5,5,5,5,5,5,5,5,5,5,5,5,5,5,5,5,5,5,5,5,5,5,5,5,5,5,5,5,5,5,5,5,5,5,5,5,5,5,5,5,5,5,5,5,5,5,5,5,5,5,5,5,5,5,5,5,5,5,5,5,5,5
125,867,875,861,860,861,867,853,851,868,879,870,872,873,866,854,857,902,877,893,882,871,875,874,862,883,889,892,887,878,881,872,866,910,897,892,891,892,884,880,878,904,900,899,882,896,879,893,876,920,896,906,888,893,905,900,892,917,920,920,908,914,904,908,861,6,7,6,6,5,5,4,7,7,5,5,5,5,5,5,5,8,7,6,7,6,5,6,5,7,6,6,7,6,5,6,7,8,6,5,6,6,5,6,5,7,6,7,7,8,5,6,6,11,9,8,7,6,7,8,9,8,12,8,8,8,7,7,16,5,5,5,5,5,5,5,5,5,5,5,5,5,5,5,5,5,5,5,5,5,5,5,5,5,5,5,5,5,5,5,5,5,5,5,5,5,5,5,5,5,5,5,5,5,5,5,5,5,5,5,5,5,5,5,5,5,5,5,5,5,5,5,5
126,876,874,870,868,868,854,854,843,896,874,874,880,865,858,867,858,886,878,877,874,872,868,867,865,905,899,889,884,879,871,870,875,898,895,888,888,885,883,883,879,892,905,907,899,898,888,880,875,922,900,894,904,901,890,892,880,919,906,911,907,900,896,899,888,6,6,5,5,5,6,5,6,7,5,5,5,6,4,7,5,8,7,5,6,5,5,5,5,7,7,6,5,6,6,5,6,8,6,4,5,6,5,6,7,6,7,7,7,8,7,9,7,8,9,6,6,6,7,6,9,10,13,6,9,8,7,6,13,5,5,5,5,5,5,5,5,5,5,5,5,5,5,5,5,5,5,5,5,5,5,5,5,5,5,5,5,5,5,5,5,5,5,5,5,5,5,5,5,5,5,5,5,5,5,5,5,5,5,5,5,5,5,5,5,5,5,5,5,5,5,5,5
127,875,891,869,868,862,869,861,857,891,883,888,869,879,862,851,863,894,885,879,859,858,868,863,864,889,894,896,879,885,871,874,873,887,895,900,884,883,889,874,872,919,908,902,898,873,890,885,896,917,902,893,895,904,898,903,887,921,916,917,916,905,901,884,903,7,5,6,6,5,6,4,7,7,6,5,5,5,5,5,7,8,9,5,7,5,5,5,5,8,7,6,6,6,5,7,10,6,6,5,7,7,6,5,5,8,8,7,6,8,7,8,7,8,10,6,10,7,6,7,10,9,13,6,7,7,7,7,10,5,5,5,5,5,5,5,5,5,5,5,5,5,5,5,5,5,5,5,5,5,5,5,5,5,5,5,5,5,5,5,5,5,5,5,5,5,5,5,5,5,5,5,5,5,5,5,5,5,5,5,5,5,5,5,5,5,5,5,5,5,5,5,5
128,885,872,871,875,859,861,854,858,875,871,875,866,874,870,873,851,903,880,886,875,869,875,864,857,892,904,892,890,892,884,878,855,924,900,898,891,881,887,879,869,901,899,896,899,893,887,883,881,910,908,910,897,903,895,908,883,935,918,914,917,901,892,902,880,6,6,5,5,5,5,5,5,6,6,5,5,6,4,6,5,9,7,5,5,5,6,5,6,6,7,5,6,5,5,6,7,7,6,5,5,6,7,6,7,6,6,5,7,6,6,6,7,7,9,7,8,6,5,8,8,9,11,7,8,7,7,6,18,5,5,5,5,5,5,5,5,5,5,5,5,5,5,5,5,5,5,5,5,5,5,5,5,5,5,5,5,5,5,5,5,5,5,5,5,5,5,5,5,5,5,5,5,5,5,5,5,5,5,5,5,5,5,5,5,5,5,5,5,5,5,5,5
129,875,880,872,857,866,856,854,861,891,880,869,866,868,866,857,857,891,895,883,862,885,884,875,857,894,902,893,873,880,868,881,860,900,893,887,900,898,898,869,858,917,906,911,899,901,885,885,896,918,900,915,893,907,890,897,885,928,919,908,896,901,904,892,884,7,7,5,6,5,6,5,7,8,6,5,6,7,5,6,5,9,7,6,6,5,5,6,6,7,6,6,5,6,6,7,8,9,6,5,6,6,6,6,6,7,5,7,7,7,7,8,8,9,10,9,7,6,6,8,10,9,12,7,8,6,10,8,13,5,5,5,5,5,5,5,5,5,5,5,5,5,5,5,5,5,5,5,5,5,5,5,5,5,5,5,5,5,5,5,5,5,5,5,5,5,5,5,5,5,5,5,5,5,5,5,5,5,5,5,5,5,5,5,5,5,5,5,5,5,5,5,5
130,888,881,878,867,870,850,865,853,884,877,871,870,867,877,866,849,888,885,874,889,882,861,874,864,902,897,894,887,882,874,864,869,904,898,889,887,893,878,879,875,905,908,902,884,893,883,879,870,906,892,913,926,889,900,884,893,915,914,905,885,890,909,904,899,7,6,6,6,5,5,6,6,7,4,4,5,6,5,6,5,8,8,5,5,5,5,6,5,7,5,5,5,6,6,8,6,8,6,5,5,5,6,5,5,7,6,6,6,7,5,6,6,7,8,9,6,6,6,6,8,8,11,7,7,7,6,8,18,5,5,5,5,5,5,5,5,5,5,5,5,5,5,5,5,5,5,5,5,5,5,5,5,5,5,5,5,5,5,5,5,5,5,5,5,5,5,5,5,5,5,5,5,5,5,5,5,5,5,5,5,5,5,5,5,5,5,5,5,5,5,5,5
131,899,883,885,870,868,860,846,856,888,883,873,859,863,868,853,860,886,889,882,885,860,868,864,858,888,885,890,874,883,885,870,877,892,910,895,884,897,882,876,884,913,900,896,905,899,883,893,879,925,919,893,905,891,881,890,885,909,912,920,884,892,895,909,892,6,7,5,7,6,6,5,7,6,5,4,6,5,4,5,5,9,9,6,6,5,6,5,6,7,5,6,5,6,6,6,8,7,6,6,5,5,7,6,6,7,7,6,7,8,6,6,7,10,10,8,10,6,6,6,8,8,13,4,7,7,6,8,18,5,5,5,5,5,5,5,5,5,5,5,5,5,5,5,5,5,5,5,5,5,5,5,5,5,5,5,5,5,5,5,5,5,5,5,5,5,5,5,5,5,5,5,5,5,5,5,5,5,5,5,5,5,5,5,5,5,5,5,5,5,5,5,5
132,877,879,871,868,864,853,865,847,884,887,876,879,875,853,870,857,899,885,894,875,865,868,864,856,896,902,892,879,888,877,875,876,906,893,890,893,884,891,874,883,915,905,896,898,908,883,876,889,915,908,922,894,887,888,897,880,925,918,909,895,901,893,905,906,7,5,4,7,5,6,5,6,6,6,5,5,5,5,6,5,8,6,6,7,5,5,4,5,7,5,5,5,6,6,5,6,9,5,6,5,6,5,5,6,8,6,5,7,7,5,6,7,8,10,9,6,7,6,7,7,8,12,5,10,7,7,7,13,5,5,5,5,5,5,5,5,5,5,5,5,5,5,5,5,5,5,5,5,5,5,5,5,5,5,5,5,5,5,5,5,5,5,5,5,5,5,5,5,5,5,5,5,5,5,5,5,5,5,5,5,5,5,5,5,5,5,5,5,5,5,5,5
133,873,874,875,882,869,851,860,856,890,880,866,865,875,865,864,866,903,896,886,880,878,861,870,854,899,886,889,885,885,881,862,866,913,894,897,886,882,884,880,881,901,910,890,890,894,884,881,875,914,900,900,901,905,880,889,877,915,896,919,903,894,908,908,895,7,7,6,6,5,5,5,7,7,5,6,4,6,5,7,5,10,7,6,6,6,6,5,5,7,6,7,6,6,6,6,8,7,6,5,6,7,6,5,5,7,6,5,7,7,7,5,9,9,9,6,7,8,6,7,11,8,11,6,9,7,8,7,17,5,5,5,5,5,5,5,5,5,5,5,5,5,5,5,5,5,5,5,5,5,5,5,5,5,5,5,5,5,5,5,5,5,5,5,5,5,5,5,5,5,5,5,5,5,5,5,5,5,5,5,5,5,5,5,5,5,5,5,5,5,5,5,5
134,892,871,876,872,872,856,854,850,897,865,871,867,859,870,860,856,884,889,877,875,875,870,869,868,907,893,891,879,886,885,877,861,901,898,898,890,895,881,875,877,902,905,907,889,891,874,883,860,913,897,908,895,896,898,889,896,924,912,906,904,891,897,890,907,7,6,6,5,5,5,5,6,7,6,5,5,6,5,5,5,9,7,6,6,5,4,5,7,5,6,7,5,5,5,5,7,9,6,5,5,5,5,5,7,6,7,6,7,7,6,7,7,7,9,7,6,5,7,6,11,11,10,6,8,9,7,6,13,5,5,5,5,5,5,5,5,5,5,5,5,5,5,5,5,5,5,5,5,5,5,5,5,5,5,5,5,5,5,5,5,5,5,5,5,5,5,5,5,5,5,5,5,5,5,5,5,5,5,5,5,5,5,5,5,5,5,5,5,5,5,5,5
135,892,875,870,876,866,847,857,860,904,883,868,868,867,862,871,857,890,898,862,885,872,863,872,860,880,889,886,889,886,869,854,864,896,896,897,895,896,873,875,878,912,901,908,914,892,897,886,888,907,894,912,907,892,892,881,882,924,907,923,909,904,899,895,866,8,6,6,8,5,6,5,7,8,6,5,6,5,5,7,5,9,9,6,5,6,7,6,5,10,6,6,5,5,5,6,8,9,6,5,6,5,6,5,7,5,6,6,7,7,7,8,6,8,9,9,6,6,8,6,9,10,10,7,12,7,7,7,12,5,5,5,5,5,5,5,5,5,5,5,5,5,5,5,5,5,5,5,5,5,5,5,5,5,5,5,5,5,5,5,5,5,5,5,5,5,5,5,5,5,5,5,5,5,5,5,5,5,5,5,5,5,5,5,5,5,5,5,5,5,5,5,5
136,885,881,872,864,874,852,848,859,895,875,876,870,873,865,840,854,878,891,872,879,869,867,869,866,884,899,885,874,886,885,880,864,901,895,906,893,892,886,875,891,919,901,888,902,888,890,878,880,917,907,915,891,894,893,888,897,926,897,921,901,905,894,887,888,7,5,5,6,6,5,6,7,6,5,4,4,5,4,5,7,7,7,5,5,5,6,5,5,7,7,7,5,6,5,6,6,7,5,6,6,6,5,6,8,6,5,6,8,7,6,6,7,7,10,7,7,6,6,6,10,8,14,6,9,7,7,7,18,5,5,5,5,5,5,5,5,5,5,5,5,5,5,5,5,5,5,5,5,5,5,5,5,5,5,5,5,5,5,5,5,5,5,5,5,5,5,5,5,5,5,5,5,5,5,5,5,5,5,5,5,5,5,5,5,5,5,5,5,5,5,5,5
137,890,871,873,872,856,853,856,860,894,872,878,862,878,870,865,861,891,885,886,879,876,868,866,865,892,888,891,878,878,878,871,873,899,905,895,895,882,880,874,879,917,904,891,895,889,898,885,873,878,926,902,907,898,889,889,896,932,912,904,909,897,900,907,890,8,6,6,5,5,6,4,5,8,5,5,5,5,5,5,5,10,8,6,7,5,6,5,4,7,6,7,5,6,5,5,6,9,5,5,6,7,6,5,6,6,6,5,6,7,7,8,6,7,8,7,6,7,5,8,10,11,11,7,11,7,6,8,11,5,5,5,5,5,5,5,5,5,5,5,5,5,5,5,5,5,5,5,5,5,5,5,5,5,5,5,5,5,5,5,5,5,5,5,5,5,5,5,5,5,5,5,5,5,5,5,5,5,5,5,5,5,5,5,5,5,5,5,5,5,5,5,5
138,881,879,871,870,863,860,857,861,888,874,882,874,863,854,874,861,886,883,884,867,870,878,862,866,888,898,887,884,882,876,871,864,902,905,897,902,883,876,878,868,900,910,904,901,886,882,891,879,897,907,898,889,888,890,900,882,925,921,919,898,885,899,900,891,7,6,5,7,5,6,4,7,7,5,6,5,6,5,4,6,8,7,6,6,5,5,5,4,7,5,6,5,6,5,5,6,8,5,5,6,6,5,6,5,6,7,4,7,8,5,8,8,7,8,7,7,6,7,9,8,10,10,6,13,6,7,6,14,5,5,5,5,5,5,5,5,5,5,5,5,5,5,5,5,5,5,5,5,5,5,5,5,5,5,5,5,5,5,5,5,5,5,5,5,5,5,5,5,5,5,5,5,5,5,5,5,5,5,5,5,5,5,5,5,5,5,5,5,5,5,5,5
139,871,884,868,865,860,852,857,855,863,881,875,873,868,871,857,857,898,883,886,875,875,875,860,866,908,893,888,880,880,876,877,868,906,887,896,891,898,885,874,881,913,919,902,895,884,895,878,873,903,905,900,896,900,890,912,872,920,922,910,920,876,908,903,880,7,7,5,6,6,6,6,6,6,5,6,5,5,5,5,5,8,8,6,7,5,6,5,7,8,6,6,5,6,7,6,7,10,4,5,6,5,6,5,6,6,7,8,7,6,6,7,8,9,10,7,7,6,7,6,10,10,11,7,7,7,6,8,12,5,5,5,5,5,5,5,5,5,5,5,5,5,5,5,5,5,5,5,5,5,5,5,5,5,5,5,5,5,5,5,5,5,5,5,5,5,5,5,5,5,5,5,5,5,5,5,5,5,5,5,5,5,5,5,5,5,5,5,5,5,5,5,5
140,864,869,879,880,864,854,860,855,899,874,872,870,863,855,858,854,891,880,893,874,871,869,863,860,880,885,882,872,886,883,869,868,901,904,896,898,901,883,882,882,907,892,903,888,889,885,880,873,924,910,907,904,906,885,893,886,936,912,905,914,900,910,892,871,8,5,5,5,4,5,5,7,7,5,5,5,7,5,5,6,8,8,6,7,5,6,5,5,7,6,5,5,6,6,5,7,7,7,4,6,5,5,6,6,7,6,6,6,8,6,6,7,9,10,7,7,5,5,7,9,15,11,6,8,6,6,6,12,5,5,5,5,5,5,5,5,5,5,5,5,5,5,5,5,5,5,5,5,5,5,5,5,5,5,5,5,5,5,5,5,5,5,5,5,5,5,5,5,5,5,5,5,5,5,5,5,5,5,5,5,5,5,5,5,5,5,5,5,5,5,5,5
141,877,866,875,867,866,868,851,855,888,881,864,877,873,874,855,866,886,893,875,875,875,871,868,872,901,887,899,890,885,868,867,874,896,887,892,896,891,885,872,896,921,904,902,888,904,880,883,883,903,899,895,901,895,898,890,885,931,917,910,892,907,904,896,914,6,6,5,7,4,6,7,6,6,5,6,6,6,5,5,5,9,6,6,6,5,5,6,6,8,6,8,5,6,6,6,7,8,5,5,6,6,5,6,7,7,8,7,6,7,5,7,7,8,8,7,7,6,6,7,10,11,17,8,10,7,7,7,13,5,5,5,5,5,5,5,5,5,5,5,5,5,5,5,5,5,5,5,5,5,5,5,5,5,5,5,5,5,5,5,5,5,5,5,5,5,5,5,5,5,5,5,5,5,5,5,5,5,5,5,5,5,5,5,5,5,5,5,5,5,5,5,5
142,883,883,866,867,864,854,863,857,890,879,879,881,863,867,850,850,903,875,880,878,879,875,875,878,896,901,883,885,877,882,867,862,889,895,887,890,877,904,868,875,895,904,898,881,895,888,877,871,908,918,899,908,889,904,891,883,921,915,920,913,900,903,906,891,7,7,5,7,5,5,5,5,5,5,6,6,5,4,6,4,7,7,6,6,4,5,5,6,7,5,6,5,5,5,7,6,6,6,5,6,6,6,5,7,5,6,6,6,10,6,7,6,6,7,7,7,7,6,7,8,8,14,7,8,7,9,7,18,5,5,5,5,5,5,5,5,5,5,5,5,5,5,5,5,5,5,5,5,5,5,5,5,5,5,5,5,5,5,5,5,5,5,5,5,5,5,5,5,5,5,5,5,5,5,5,5,5,5,5,5,5,5,5,5,5,5,5,5,5,5,5,5
143,892,883,872,869,872,866,852,861,895,878,872,867,873,871,865,855,889,896,885,864,878,884,876,864,902,890,895,876,872,887,879,870,903,904,895,891,880,883,882,866,902,890,898,894,888,899,871,883,917,910,899,902,899,903,892,893,920,909,919,918,916,896,913,907,8,7,7,7,7,6,5,7,7,6,5,6,6,5,5,5,8,7,5,7,5,7,6,6,7,6,6,5,5,5,7,8,8,6,5,5,6,5,7,7,7,6,6,7,7,7,6,7,8,8,9,7,6,8,7,10,10,12,5,8,9,7,7,19,5,5,5,5,5,5,5,5,5,5,5,5,5,5,5,5,5,5,5,5,5,5,5,5,5,5,5,5,5,5,5,5,5,5,5,5,5,5,5,5,5,5,5,5,5,5,5,5,5,5,5,5,5,5,5,5,5,5,5,5,5,5,5,5
144,883,886,871,878,867,851,855,856,888,890,874,872,858,851,867,860,887,884,871,882,872,859,868,868,902,894,890,885,883,879,867,855,876,903,894,901,890,876,885,876,915,900,903,896,897,882,888,881,905,893,909,888,893,893,893,872,942,900,909,916,896,893,886,894,7,5,6,5,5,5,5,6,6,5,5,5,6,5,5,5,8,6,5,5,6,6,5,6,7,6,6,5,6,5,6,6,7,6,5,6,5,5,5,6,5,6,6,7,6,6,7,8,7,8,8,7,7,6,6,9,11,9,7,8,7,6,7,14,5,5,5,5,5,5,5,5,5,5,5,5,5,5,5,5,5,5,5,5,5,5,5,5,5,5,5,5,5,5,5,5,5,5,5,5,5,5,5,5,5,5,5,5,5,5,5,5,5,5,5,5,5,5,5,5,5,5,5,5,5,5,5,5
145,873,878,873,865,868,854,855,854,874,874,860,869,872,866,863,857,885,886,884,883,877,861,862,854,907,888,899,894,887,876,878,872,896,907,898,884,883,902,874,880,907,903,902,888,896,880,904,889,915,928,913,903,890,903,883,894,921,921,891,908,909,890,903,886,7,7,6,7,5,5,5,6,7,6,5,4,6,4,6,6,9,8,5,6,5,6,4,6,10,5,7,5,8,5,6,8,7,5,5,7,7,6,6,5,8,7,7,6,7,6,7,8,7,9,9,7,6,6,7,9,8,11,6,12,7,7,8,18,5,5,5,5,5,5,5,5,5,5,5,5,5,5,5,5,5,5,5,5,5,5,5,5,5,5,5,5,5,5,5,5,5,5,5,5,5,5,5,5,5,5,5,5,5,5,5,5,5,5,5,5,5,5,5,5,5,5,5,5,5,5,5,5
146,885,877,878,869,860,860,854,848,884,887,871,870,864,866,859,847,910,888,881,877,879,861,869,861,893,891,889,894,881,876,871,867,902,887,899,888,895,889,885,882,901,911,901,896,892,879,895,885,906,912,910,911,894,899,881,869,913,899,903,906,897,896,910,876,8,8,5,6,5,5,5,7,7,5,5,4,6,4,5,6,7,8,5,6,6,5,5,7,8,6,6,5,6,6,5,6,8,5,5,6,6,5,6,8,7,6,6,6,7,5,7,7,7,9,8,7,6,6,7,7,8,11,7,9,7,7,9,16,5,5,5,5,5,5,5,5,5,5,5,5,5,5,5,5,5,5,5,5,5,5,5,5,5,5,5,5,5,5,5,5,5,5,5,5,5,5,5,5,5,5,5,5,5,5,5,5,5,5,5,5,5,5,5,5,5,5,5,5,5,5,5,5
147,880,876,875,868,856,871,860,846,892,885,874,872,872,873,867,856,890,884,879,882,873,870,876,862,895,891,901,890,883,880,881,858,923,894,896,893,887,889,891,876,897,907,891,890,892,896,902,887,905,914,907,894,892,886,881,883,921,908,909,905,887,892,907,876,7,6,5,7,5,5,5,6,7,5,6,6,5,4,6,5,10,7,6,6,5,5,6,7,7,7,5,5,7,5,6,7,8,5,5,6,8,6,7,6,8,6,6,7,7,7,6,7,10,8,7,9,7,6,6,10,9,16,8,10,7,6,8,14,5,5,5,5,5,5,5,5,5,5,5,5,5,5,5,5,5,5,5,5,5,5,5,5,5,5,5,5,5,5,5,5,5,5,5,5,5,5,5,5,5,5,5,5,5,5,5,5,5,5,5,5,5,5,5,5,5,5,5,5,5,5,5,5
148,867,881,870,868,856,862,862,837,888,881,876,877,870,870,864,869,888,897,882,875,880,868,865,852,899,887,880,881,874,870,868,864,918,897,897,892,894,881,874,864,897,901,905,893,892,883,879,873,926,908,889,892,894,898,894,864,933,918,902,901,904,893,898,905,5,7,5,7,5,5,5,6,6,5,5,5,6,4,7,5,8,6,7,6,4,4,5,5,8,5,9,5,5,5,5,8,8,6,5,6,5,5,5,6,7,5,5,6,6,5,6,7,6,8,7,7,6,5,7,8,8,12,8,10,6,5,7,17,5,5,5,5,5,5,5,5,5,5,5,5,5,5,5,5,5,5,5,5,5,5,5,5,5,5,5,5,5,5,5,5,5,5,5,5,5,5,5,5,5,5,5,5,5,5,5,5,5,5,5,5,5,5,5,5,5,5,5,5,5,5,5,5
149,891,876,867,867,854,870,850,846,877,887,873,858,871,861,866,852,893,890,874,877,874,875,865,868,889,888,896,900,883,877,869,848,904,899,893,888,897,887,882,881,910,902,899,901,891,895,884,891,922,905,907,905,904,900,892,888,932,940,914,916,899,905,884,859,8,6,6,7,4,6,6,6,8,6,5,6,6,4,6,6,10,8,7,7,6,7,6,5,10,5,6,5,6,6,6,10,8,6,5,6,6,5,5,7,7,6,6,8,6,8,7,7,7,11,8,6,6,7,7,11,9,16,6,9,8,6,7,13,5,5,5,5,5,5,5,5,5,5,5,5,5,5,5,5,5,5,5,5,5,5,5,5,5,5,5,5,5,5,5,5,5,5,5,5,5,5,5,5,5,5,5,5,5,5,5,5,5,5,5,5,5,5,5,5,5,5,5,5,5,5,5,5
150,867,890,857,874,860,859,858,849,905,873,871,880,871,866,864,859,897,885,881,877,878,871,862,860,898,893,896,887,879,878,888,869,895,890,888,896,899,885,882,870,924,902,905,883,895,888,893,882,904,916,893,905,902,898,894,889,901,910,904,899,889,906,896,881,7,5,5,5,4,5,5,6,7,6,5,5,5,4,5,5,9,8,5,5,5,5,5,6,9,5,7,4,5,6,7,7,6,6,5,6,5,5,6,6,8,7,6,5,7,5,7,6,6,9,7,7,6,5,8,7,10,14,7,8,7,7,6,15,5,5,5,5,5,5,5,5,5,5,5,5,5,5,5,5,5,5,5,5,5,5,5,5,5,5,5,5,5,5,5,5,5,5,5,5,5,5,5,5,5,5,5,5,5,5,5,5,5,5,5,5,5,5,5,5,5,5,5,5,5,5,5,5
151,884,873,872,865,864,846,863,850,875,877,867,874,863,863,854,854,897,891,879,890,874,865,865,860,892,894,893,878,880,864,872,878,892,895,891,886,884,886,881,879,911,894,902,897,899,893,879,864,899,912,893,896,887,891,900,871,926,910,911,919,909,915,898,920,6,6,6,6,5,5,5,5,7,5,5,5,6,5,5,5,8,7,7,6,6,5,5,6,8,6,6,6,5,5,5,8,7,6,5,6,7,6,6,6,6,7,7,7,7,6,7,6,7,8,7,7,6,7,6,10,17,9,6,10,11,9,7,22,5,5,5,5,5,5,5,5,5,5,5,5,5,5,5,5,5,5,5,5,5,5,5,5,5,5,5,5,5,5,5,5,5,5,5,5,5,5,5,5,5,5,5,5,5,5,5,5,5,5,5,5,5,5,5,5,5,5,5,5,5,5,5,5
152,874,871,871,877,863,858,868,855,885,878,879,872,865,863,865,846,896,893,882,881,878,869,864,863,896,884,885,878,885,879,878,860,902,887,889,893,885,886,874,858,912,905,896,907,886,889,874,891,909,931,897,908,895,893,897,885,920,929,914,906,892,895,902,903,7,6,5,5,5,6,6,7,7,5,5,5,6,4,5,5,8,6,5,6,5,5,5,5,8,6,6,6,7,5,6,6,9,5,5,5,5,5,5,6,8,5,5,6,7,6,7,9,8,10,8,7,7,5,6,8,8,10,6,9,7,7,6,16,5,5,5,5,5,5,5,5,5,5,5,5,5,5,5,5,5,5,5,5,5,5,5,5,5,5,5,5,5,5,5,5,5,5,5,5,5,5,5,5,5,5,5,5,5,5,5,5,5,5,5,5,5,5,5,5,5,5,5,5,5,5,5,5
153,894,874,878,869,856,864,860,846,876,868,889,872,874,859,860,850,896,898,884,881,884,878,857,875,890,905,895,873,872,881,868,868,896,892,891,886,890,882,883,883,906,905,891,904,903,884,879,886,923,911,915,904,889,893,895,892,936,932,921,905,899,887,901,887,7,6,6,5,5,5,5,6,7,5,6,5,5,5,6,6,11,7,6,6,4,5,5,5,5,5,6,6,6,5,6,7,8,6,5,6,6,6,5,7,7,5,6,8,7,6,7,7,10,9,10,8,7,7,8,9,8,11,6,10,8,8,7,18,5,5,5,5,5,5,5,5,5,5,5,5,5,5,5,5,5,5,5,5,5,5,5,5,5,5,5,5,5,5,5,5,5,5,5,5,5,5,5,5,5,5,5,5,5,5,5,5,5,5,5,5,5,5,5,5,5,5,5,5,5,5,5,5
154,885,892,870,867,861,854,850,856,885,882,874,866,875,862,854,857,886,887,884,883,872,875,870,862,900,889,897,876,879,877,882,876,898,910,882,901,883,890,897,882,905,899,908,895,890,888,882,875,905,905,907,895,886,881,889,880,923,931,910,909,899,894,911,870,7,5,5,6,5,6,5,7,6,5,5,6,5,4,4,7,8,7,5,6,5,5,6,4,7,7,7,5,6,4,6,8,8,7,5,6,6,5,8,6,7,6,6,6,7,6,6,6,8,8,7,7,6,6,6,10,8,10,7,10,7,7,8,13,5,5,5,5,5,5,5,5,5,5,5,5,5,5,5,5,5,5,5,5,5,5,5,5,5,5,5,5,5,5,5,5,5,5,5,5,5,5,5,5,5,5,5,5,5,5,5,5,5,5,5,5,5,5,5,5,5,5,5,5,5,5,5,5
155,885,873,874,865,864,849,853,852,884,884,880,888,872,867,863,854,905,873,886,870,875,866,874,865,897,895,891,883,884,878,881,877,906,892,889,889,875,871,873,862,904,900,895,889,884,890,879,885,884,917,910,889,891,892,881,880,922,876,926,897,907,901,884,899,6,6,5,6,5,5,5,7,7,5,5,6,6,4,5,6,10,8,6,6,6,6,6,6,8,7,7,6,6,6,7,6,10,7,5,5,6,6,5,7,8,6,6,7,7,6,7,7,9,10,10,8,7,6,8,9,9,11,7,8,6,7,7,16,5,5,5,5,5,5,5,5,5,5,5,5,5,5,5,5,5,5,5,5,5,5,5,5,5,5,5,5,5,5,5,5,5,5,5,5,5,5,5,5,5,5,5,5,5,5,5,5,5,5,5,5,5,5,5,5,5,5,5,5,5,5,5,5
156,875,869,866,864,864,860,860,862,887,881,878,872,874,860,860,863,904,889,874,889,874,871,865,860,904,880,890,888,874,882,879,865,906,901,893,887,882,892,883,867,901,898,897,905,896,886,888,887,903,924,900,897,884,894,881,880,922,925,899,918,901,894,890,886,7,6,5,6,5,5,5,5,7,5,5,5,5,4,5,5,8,7,6,6,6,5,5,6,8,6,6,6,5,6,6,6,10,5,5,6,8,5,5,6,6,6,6,8,6,5,6,7,6,9,7,6,6,5,6,9,10,10,6,7,7,6,7,17,5,5,5,5,5,5,5,5,5,5,5,5,5,5,5,5,5,5,5,5,5,5,5,5,5,5,5,5,5,5,5,5,5,5,5,5,5,5,5,5,5,5,5,5,5,5,5,5,5,5,5,5,5,5,5,5,5,5,5,5,5,5,5,5
157,879,874,882,854,856,857,857,857,892,876,885,872,871,865,859,857,898,885,886,884,882,869,867,850,900,894,891,879,875,872,863,863,898,905,904,895,891,885,887,870,911,912,910,893,884,883,892,884,921,916,896,908,892,894,890,880,914,886,924,911,897,894,887,907,7,6,6,7,5,6,5,5,6,5,6,5,5,4,6,5,10,8,6,6,7,6,5,6,7,7,6,6,6,7,5,7,7,6,6,6,5,5,7,7,5,7,6,7,7,6,6,7,6,10,8,7,6,6,8,11,8,14,7,7,8,8,7,11,5,5,5,5,5,5,5,5,5,5,5,5,5,5,5,5,5,5,5,5,5,5,5,5,5,5,5,5,5,5,5,5,5,5,5,5,5,5,5,5,5,5,5,5,5,5,5,5,5,5,5,5,5,5,5,5,5,5,5,5,5,5,5,5
158,883,887,879,861,874,869,856,857,883,870,879,878,876,859,872,862,883,885,882,879,866,871,865,861,895,898,894,876,887,880,883,870,914,894,891,895,881,883,887,885,903,908,900,900,896,897,885,873,907,908,909,900,896,887,882,886,928,922,912,901,911,898,898,870,8,5,5,6,5,5,5,6,6,6,5,5,6,5,7,4,9,9,5,6,4,5,5,5,8,5,6,5,6,5,6,5,10,5,5,5,6,5,7,6,6,6,5,6,8,7,7,7,8,11,7,5,5,6,5,7,8,9,5,9,8,5,6,16,5,5,5,5,5,5,5,5,5,5,5,5,5,5,5,5,5,5,5,5,5,5,5,5,5,5,5,5,5,5,5,5,5,5,5,5,5,5,5,5,5,5,5,5,5,5,5,5,5,5,5,5,5,5,5,5,5,5,5,5,5,5,5,5
159,887,893,869,857,869,861,856,860,891,886,874,884,883,863,863,860,895,900,872,880,870,880,859,861,900,893,904,889,876,886,880,876,900,903,901,881,893,884,883,885,920,919,907,899,890,892,881,880,923,910,907,901,904,897,909,878,924,927,911,895,894,884,901,886,6,6,7,7,5,6,5,6,7,5,6,6,6,5,5,5,9,7,5,7,5,5,5,6,9,6,6,4,5,5,6,6,9,6,5,5,6,5,6,6,6,7,5,6,7,6,7,7,8,9,8,7,6,5,6,12,9,13,7,8,6,7,7,10,5,5,5,5,5,5,5,5,5,5,5,5,5,5,5,5,5,5,5,5,5,5,5,5,5,5,5,5,5,5,5,5,5,5,5,5,5,5,5,5,5,5,5,5,5,5,5,5,5,5,5,5,5,5,5,5,5,5,5,5,5,5,5,5
160,886,867,872,868,870,858,857,855,875,894,870,873,871,860,865,848,896,894,880,882,874,873,860,855,899,889,873,882,877,876,878,863,907,895,894,888,886,881,874,879,897,903,908,900,905,886,880,866,922,921,898,898,898,899,895,900,932,920,900,917,890,902,891,881,8,5,5,6,6,6,4,6,7,5,5,4,5,5,5,5,6,8,6,5,5,5,6,6,6,6,7,5,5,5,6,7,10,7,6,6,7,5,6,7,6,5,5,7,8,6,7,5,10,9,7,6,6,6,7,8,12,13,7,11,6,5,8,15,5,5,5,5,5,5,5,5,5,5,5,5,5,5,5,5,5,5,5,5,5,5,5,5,5,5,5,5,5,5,5,5,5,5,5,5,5,5,5,5,5,5,5,5,5,5,5,5,5,5,5,5,5,5,5,5,5,5,5,5,5,5,5,5
161,876,884,875,858,858,854,865,853,890,874,880,873,863,870,859,862,876,875,884,892,883,875,866,868,901,899,886,878,872,880,869,860,892,902,899,892,881,891,886,872,913,895,894,898,885,873,891,881,924,905,899,891,890,882,893,880,907,927,906,914,895,897,899,870,7,6,5,6,5,6,5,6,10,6,5,6,5,5,5,5,9,8,5,6,5,5,6,5,8,6,7,5,5,6,6,8,8,6,5,5,6,6,7,5,6,5,6,7,8,5,7,7,8,9,7,7,6,6,7,10,9,12,8,10,7,6,6,10,5,5,5,5,5,5,5,5,5,5,5,5,5,5,5,5,5,5,5,5,5,5,5,5,5,5,5,5,5,5,5,5,5,5,5,5,5,5,5,5,5,5,5,5,5,5,5,5,5,5,5,5,5,5,5,5,5,5,5,5,5,5,5,5
162,894,878,881,882,863,862,849,853,904,881,870,870,868,869,857,859,866,894,876,873,865,866,871,864,885,892,892,884,875,877,878,864,900,895,885,885,890,874,873,870,910,911,901,887,886,883,880,876,913,912,913,893,897,896,884,893,930,919,913,903,896,896,886,888,8,6,5,6,5,6,4,6,6,5,4,6,7,5,5,5,9,6,5,6,5,6,5,7,7,5,7,5,6,6,5,6,7,6,5,6,5,6,6,7,6,6,5,6,7,6,7,6,8,10,9,8,6,6,5,9,8,11,6,8,7,8,8,14,5,5,5,5,5,5,5,5,5,5,5,5,5,5,5,5,5,5,5,5,5,5,5,5,5,5,5,5,5,5,5,5,5,5,5,5,5,5,5,5,5,5,5,5,5,5,5,5,5,5,5,5,5,5,5,5,5,5,5,5,5,5,5,5
163,879,876,869,863,870,869,859,854,882,874,872,878,872,872,858,856,883,901,887,872,871,872,865,863,912,886,890,890,885,877,868,852,901,895,903,892,897,880,880,879,915,901,906,908,885,884,889,878,904,876,895,887,892,896,887,874,928,927,913,872,900,891,909,875,8,6,7,5,5,5,5,6,6,6,4,5,6,6,5,5,8,8,6,8,5,5,5,5,9,6,6,5,6,6,7,6,9,6,5,5,6,5,7,9,7,6,7,7,7,5,8,6,9,9,6,6,7,7,6,10,9,12,7,9,7,6,10,11,5,5,5,5,5,5,5,5,5,5,5,5,5,5,5,5,5,5,5,5,5,5,5,5,5,5,5,5,5,5,5,5,5,5,5,5,5,5,5,5,5,5,5,5,5,5,5,5,5,5,5,5,5,5,5,5,5,5,5,5,5,5,5,5
164,878,892,870,869,860,856,859,845,902,879,867,875,872,862,867,850,894,887,875,874,864,867,862,855,882,892,888,887,879,884,875,861,899,892,894,886,885,895,880,867,911,895,905,903,885,890,889,889,913,909,901,907,896,886,883,894,925,912,919,909,900,891,887,904,7,5,5,5,4,5,5,7,6,5,5,5,5,5,5,5,9,8,5,7,5,7,5,7,6,6,7,5,5,5,6,7,9,5,5,5,6,5,5,7,6,5,7,7,8,6,7,7,6,8,7,7,6,7,7,8,9,11,6,10,7,7,6,17,5,5,5,5,5,5,5,5,5,5,5,5,5,5,5,5,5,5,5,5,5,5,5,5,5,5,5,5,5,5,5,5,5,5,5,5,5,5,5,5,5,5,5,5,5,5,5,5,5,5,5,5,5,5,5,5,5,5,5,5,5,5,5,5
165,881,884,872,866,863,860,860,859,890,891,880,863,852,859,872,861,893,887,884,871,873,871,869,866,900,890,893,880,883,876,882,861,902,891,893,879,880,888,883,870,902,896,893,894,905,893,882,869,910,912,911,903,901,890,892,880,926,930,908,898,911,899,898,896,6,8,5,6,5,6,5,8,6,6,5,5,5,4,6,5,9,7,6,7,5,6,5,6,9,6,6,5,5,5,7,7,8,5,5,6,7,6,6,7,7,7,6,8,8,6,7,9,9,11,7,6,7,6,8,7,7,13,6,9,7,8,5,12,5,5,5,5,5,5,5,5,5,5,5,5,5,5,5,5,5,5,5,5,5,5,5,5,5,5,5,5,5,5,5,5,5,5,5,5,5,5,5,5,5,5,5,5,5,5,5,5,5,5,5,5,5,5,5,5,5,5,5,5,5,5,5,5
166,870,871,867,877,863,857,862,859,889,872,872,866,868,866,865,852,888,903,873,879,877,870,862,864,902,884,891,883,881,876,873,860,909,909,896,900,903,884,872,865,909,896,893,895,900,880,891,878,914,903,908,907,900,903,893,890,931,903,910,897,907,900,903,889,5,5,6,7,5,5,6,5,8,6,5,5,5,4,5,5,9,8,6,5,6,5,5,5,7,6,6,4,5,6,6,6,11,5,5,6,5,5,5,6,8,7,5,7,8,5,8,7,6,8,8,7,7,6,8,7,9,10,7,10,7,8,7,13,5,5,5,5,5,5,5,5,5,5,5,5,5,5,5,5,5,5,5,5,5,5,5,5,5,5,5,5,5,5,5,5,5,5,5,5,5,5,5,5,5,5,5,5,5,5,5,5,5,5,5,5,5,5,5,5,5,5,5,5,5,5,5,5
167,893,876,872,870,858,870,845,848,887,884,875,869,877,867,858,862,890,882,893,884,876,865,866,857,890,891,881,898,888,879,881,869,885,905,893,887,894,885,884,861,917,911,905,904,894,892,890,891,916,920,908,899,890,896,895,904,920,932,906,905,901,887,894,887,9,6,5,7,4,5,5,7,8,6,6,5,6,5,6,5,8,9,6,6,6,5,5,6,7,6,7,5,5,5,7,8,9,6,6,5,7,5,6,6,5,7,5,10,8,6,8,9,9,13,8,6,7,6,7,9,11,11,6,8,7,7,8,12,5,5,5,5,5,5,5,5,5,5,5,5,5,5,5,5,5,5,5,5,5,5,5,5,5,5,5,5,5,5,5,5,5,5,5,5,5,5,5,5,5,5,5,5,5,5,5,5,5,5,5,5,5,5,5,5,5,5,5,5,5,5,5,5
168,889,875,879,867,872,858,847,840,873,878,876,875,869,866,867,858,887,881,887,884,869,879,875,863,905,892,889,879,877,877,873,876,892,893,891,891,890,886,874,863,890,898,891,895,894,888,874,880,914,903,919,900,898,891,900,895,912,910,918,915,903,892,913,902,9,6,5,7,5,5,5,6,7,5,5,5,5,5,6,5,8,8,5,6,5,6,5,4,8,6,6,5,6,5,5,7,7,6,5,5,5,5,5,6,6,7,6,6,7,6,6,6,9,9,6,6,6,6,8,9,10,12,5,9,6,6,8,15,5,5,5,5,5,5,5,5,5,5,5,5,5,5,5,5,5,5,5,5,5,5,5,5,5,5,5,5,5,5,5,5,5,5,5,5,5,5,5,5,5,5,5,5,5,5,5,5,5,5,5,5,5,5,5,5,5,5,5,5,5,5,5,5
169,875,883,881,859,870,857,856,848,882,875,884,870,874,866,863,865,886,872,887,891,874,864,867,865,900,893,892,889,884,867,886,881,900,903,898,893,883,884,870,866,916,904,903,901,885,881,893,882,912,911,913,911,906,889,888,891,936,928,907,905,907,894,909,892,7,6,7,7,6,6,5,7,7,5,5,5,5,5,6,5,10,8,6,6,6,6,5,5,6,5,6,7,7,5,6,8,7,7,5,5,6,6,5,7,6,6,6,7,7,5,8,8,8,10,8,6,7,7,7,10,8,11,6,10,7,8,7,15,5,5,5,5,5,5,5,5,5,5,5,5,5,5,5,5,5,5,5,5,5,5,5,5,5,5,5,5,5,5,5,5,5,5,5,5,5,5,5,5,5,5,5,5,5,5,5,5,5,5,5,5,5,5,5,5,5,5,5,5,5,5,5,5
170,881,881,871,869,871,864,851,857,888,881,885,869,875,865,863,852,874,874,878,882,863,888,863,858,898,889,897,875,881,881,876,874,903,893,906,897,896,889,891,873,912,902,908,893,892,884,879,879,911,912,891,908,888,892,886,859,937,906,905,905,914,900,892,894,7,5,4,5,5,6,4,6,5,5,5,5,5,5,6,5,9,9,6,5,4,6,5,6,7,6,6,5,6,4,6,6,11,6,6,5,5,5,4,8,7,6,5,7,7,6,6,6,8,7,7,7,6,6,7,10,8,11,6,7,6,7,6,15,5,5,5,5,5,5,5,5,5,5,5,5,5,5,5,5,5,5,5,5,5,5,5,5,5,5,5,5,5,5,5,5,5,5,5,5,5,5,5,5,5,5,5,5,5,5,5,5,5,5,5,5,5,5,5,5,5,5,5,5,5,5,5,5
171,893,877,864,862,861,856,866,846,882,884,880,870,873,870,853,851,874,889,877,877,875,876,861,846,910,888,872,885,884,882,876,860,900,899,895,878,896,882,886,882,901,905,891,904,894,883,880,880,913,910,913,891,892,895,897,892,933,915,915,905,899,892,900,910,7,7,6,6,6,6,6,7,8,6,6,5,5,5,5,6,9,9,5,6,6,5,6,5,8,6,6,6,6,4,6,7,10,5,4,6,6,5,5,6,7,5,6,9,8,6,6,6,9,9,9,7,7,6,9,9,9,11,7,8,9,6,6,15,5,5,5,5,5,5,5,5,5,5,5,5,5,5,5,5,5,5,5,5,5,5,5,5,5,5,5,5,5,5,5,5,5,5,5,5,5,5,5,5,5,5,5,5,5,5,5,5,5,5,5,5,5,5,5,5,5,5,5,5,5,5,5,5
172,882,873,877,868,859,847,854,862,896,880,878,874,863,861,855,858,897,877,890,879,880,871,863,872,892,896,889,886,875,868,877,860,901,898,894,891,882,877,876,876,901,906,902,896,879,896,886,877,906,931,918,907,885,883,881,885,913,909,899,900,925,895,900,881,7,6,5,7,5,5,4,6,6,6,5,5,5,4,5,7,9,8,6,5,4,5,5,6,8,4,7,6,5,5,6,6,8,6,5,5,6,5,5,6,7,5,6,6,6,7,7,5,7,10,8,6,5,6,5,9,9,12,6,9,10,7,6,11,5,5,5,5,5,5,5,5,5,5,5,5,5,5,5,5,5,5,5,5,5,5,5,5,5,5,5,5,5,5,5,5,5,5,5,5,5,5,5,5,5,5,5,5,5,5,5,5,5,5,5,5,5,5,5,5,5,5,5,5,5,5,5,5
173,872,880,882,867,859,867,854,850,892,880,874,874,880,868,856,858,882,873,876,884,877,857,865,865,884,884,883,875,886,886,876,882,897,888,893,900,891,872,871,875,905,907,907,895,881,880,874,875,916,889,907,911,906,898,885,882,930,926,919,913,898,889,904,891,6,6,6,7,5,7,5,6,6,6,5,5,6,5,5,5,8,7,6,7,5,6,6,6,9,5,7,5,5,5,5,7,8,6,6,6,6,6,6,6,6,7,6,7,7,5,6,7,7,10,6,7,6,6,8,12,9,12,7,9,7,6,6,19,5,5,5,5,5,5,5,5,5,5,5,5,5,5,5,5,5,5,5,5,5,5,5,5,5,5,5,5,5,5,5,5,5,5,5,5,5,5,5,5,5,5,5,5,5,5,5,5,5,5,5,5,5,5,5,5,5,5,5,5,5,5,5,5
174,885,868,870,858,860,861,854,850,870,882,868,872,864,864,860,861,891,886,889,863,876,872,864,867,887,891,896,884,883,879,873,875,916,898,901,890,887,883,884,877,910,898,910,895,898,877,875,883,935,912,892,909,890,884,885,883,923,912,909,908,892,901,894,894,6,5,5,6,4,5,4,7,6,5,5,5,6,4,5,5,9,8,6,6,5,6,5,5,7,7,6,6,6,6,6,8,9,6,6,6,6,6,6,6,7,5,8,7,7,5,7,6,8,10,7,7,7,6,7,7,9,11,6,7,6,7,6,13,5,5,5,5,5,5,5,5,5,5,5,5,5,5,5,5,5,5,5,5,5,5,5,5,5,5,5,5,5,5,5,5,5,5,5,5,5,5,5,5,5,5,5,5,5,5,5,5,5,5,5,5,5,5,5,5,5,5,5,5,5,5,5,5
175,877,874,876,870,871,860,838,858,892,884,882,869,879,865,858,846,877,893,893,863,882,874,866,863,878,897,896,878,875,871,867,864,906,900,888,895,899,880,875,875,909,905,905,896,884,894,876,885,921,917,908,910,892,884,900,897,924,908,912,895,901,900,897,880,6,6,6,6,6,6,6,7,8,5,6,5,6,5,6,6,8,8,6,7,6,6,6,5,7,5,6,5,5,7,6,7,8,6,5,6,5,5,6,7,5,7,4,7,8,6,7,7,8,7,7,9,6,6,7,9,8,10,9,8,8,6,7,13,5,5,5,5,5,5,5,5,5,5,5,5,5,5,5,5,5,5,5,5,5,5,5,5,5,5,5,5,5,5,5,5,5,5,5,5,5,5,5,5,5,5,5,5,5,5,5,5,5,5,5,5,5,5,5,5,5,5,5,5,5,5,5,5
176,888,876,871,877,867,868,849,853,882,876,872,876,867,868,854,866,881,900,873,884,873,877,871,872,897,893,891,874,876,883,880,873,909,893,901,894,884,882,868,865,910,910,892,896,882,880,881,878,900,905,908,911,884,886,897,878,925,933,906,907,902,887,898,867,8,6,5,5,6,5,4,6,7,5,5,5,5,5,5,5,8,8,6,5,4,5,5,6,9,6,6,5,5,5,6,6,10,5,5,5,6,5,5,6,6,6,5,6,6,5,6,7,7,7,6,7,6,5,7,13,9,9,7,7,8,5,5,15,5,5,5,5,5,5,5,5,5,5,5,5,5,5,5,5,5,5,5,5,5,5,5,5,5,5,5,5,5,5,5,5,5,5,5,5,5,5,5,5,5,5,5,5,5,5,5,5,5,5,5,5,5,5,5,5,5,5,5,5,5,5,5,5
177,880,891,865,857,860,860,858,865,869,879,885,864,878,862,859,861,894,892,876,875,878,874,873,855,889,899,889,883,873,872,864,853,885,906,896,878,880,890,876,881,913,905,907,890,894,894,879,886,915,918,908,895,885,907,879,889,927,924,896,907,901,891,915,865,7,8,6,7,4,5,5,7,6,5,6,6,6,5,6,5,10,7,6,7,5,6,6,8,7,7,7,6,5,6,8,7,8,6,5,6,5,7,6,7,9,6,6,7,6,6,7,7,9,7,7,9,6,8,9,12,10,15,7,9,7,6,9,22,5,5,5,5,5,5,5,5,5,5,5,5,5,5,5,5,5,5,5,5,5,5,5,5,5,5,5,5,5,5,5,5,5,5,5,5,5,5,5,5,5,5,5,5,5,5,5,5,5,5,5,5,5,5,5,5,5,5,5,5,5,5,5,5
178,867,883,880,871,869,857,856,842,875,882,870,868,878,862,862,857,895,894,883,887,881,878,864,855,906,894,879,884,893,880,869,857,913,905,887,883,887,882,884,861,914,898,905,899,894,884,883,881,915,922,901,918,884,884,887,884,924,911,920,897,880,880,912,877,7,5,4,6,5,6,5,6,7,5,5,4,5,5,5,5,8,7,6,6,5,5,5,5,6,5,7,5,7,5,4,6,10,5,5,6,6,5,5,6,5,7,5,6,6,6,6,7,8,9,7,8,6,6,6,10,9,10,6,10,7,5,8,15,5,5,5,5,5,5,5,5,5,5,5,5,5,5,5,5,5,5,5,5,5,5,5,5,5,5,5,5,5,5,5,5,5,5,5,5,5,5,5,5,5,5,5,5,5,5,5,5,5,5,5,5,5,5,5,5,5,5,5,5,5,5,5,5
179,883,881,879,856,860,858,862,854,880,868,879,876,874,858,867,854,879,885,881,864,878,884,864,873,893,902,883,886,876,868,871,877,905,885,903,889,897,883,878,884,917,903,892,892,893,889,875,882,909,915,902,896,895,872,889,887,935,941,902,906,898,877,911,915,7,7,6,6,5,6,6,6,7,7,6,6,5,5,5,6,7,6,6,6,6,7,6,6,6,6,6,5,6,6,6,11,7,6,6,6,5,6,7,6,7,7,7,7,7,6,7,7,7,14,6,6,7,6,7,9,11,13,8,9,7,6,7,23,5,5,5,5,5,5,5,5,5,5,5,5,5,5,5,5,5,5,5,5,5,5,5,5,5,5,5,5,5,5,5,5,5,5,5,5,5,5,5,5,5,5,5,5,5,5,5,5,5,5,5,5,5,5,5,5,5,5,5,5,5,5,5,5
180,868,881,878,870,867,852,866,851,896,885,878,874,865,863,862,855,890,886,877,876,870,874,878,849,906,893,888,888,879,885,871,879,907,897,896,898,881,892,874,859,904,893,891,894,904,879,892,895,910,894,917,902,892,877,882,889,924,926,921,919,907,895,894,896,7,5,5,5,5,5,5,6,7,5,6,5,6,4,5,5,7,8,5,5,5,5,6,5,8,6,6,6,5,5,5,6,8,6,5,6,6,5,4,5,8,8,5,6,6,5,7,8,8,8,8,7,5,6,6,7,9,14,6,9,8,7,8,15,5,5,5,5,5,5,5,5,5,5,5,5,5,5,5,5,5,5,5,5,5,5,5,5,5,5,5,5,5,5,5,5,5,5,5,5,5,5,5,5,5,5,5,5,5,5,5,5,5,5,5,5,5,5,5,5,5,5,5,5,5,5,5,5
181,886,870,859,869,860,874,867,858,879,875,866,871,880,874,858,864,888,900,881,886,877,857,871,866,899,879,887,891,886,881,864,870,908,898,889,888,889,888,877,875,898,919,908,896,883,893,893,882,916,894,899,903,906,885,886,874,927,908,909,918,905,891,888,880,7,6,5,7,4,4,6,6,8,7,4,6,5,5,5,5,8,8,5,7,6,6,5,6,9,5,6,4,6,5,5,7,11,6,4,5,6,5,6,7,8,7,8,7,6,5,7,7,6,11,8,7,9,7,6,10,11,11,6,10,8,6,7,20,5,5,5,5,5,5,5,5,5,5,5,5,5,5,5,5,5,5,5,5,5,5,5,5,5,5,5,5,5,5,5,5,5,5,5,5,5,5,5,5,5,5,5,5,5,5,5,5,5,5,5,5,5,5,5,5,5,5,5,5,5,5,5,5
182,881,873,864,864,864,861,849,846,896,885,873,866,878,868,863,856,883,889,875,892,870,864,864,858,886,886,887,872,879,881,877,870,909,896,891,889,895,888,883,880,908,903,898,886,907,877,885,876,921,900,908,902,881,892,905,892,922,916,911,902,903,888,896,886,6,5,5,6,5,4,5,6,6,5,5,5,5,4,4,4,7,7,5,5,5,6,5,6,9,6,6,5,5,5,6,5,8,6,5,5,5,5,6,6,6,5,6,7,8,6,6,7,9,9,7,6,6,7,6,9,9,11,6,10,8,5,6,14,5,5,5,5,5,5,5,5,5,5,5,5,5,5,5,5,5,5,5,5,5,5,5,5,5,5,5,5,5,5,5,5,5,5,5,5,5,5,5,5,5,5,5,5,5,5,5,5,5,5,5,5,5,5,5,5,5,5,5,5,5,5,5,5
183,869,890,867,869,864,857,867,855,888,880,874,874,862,869,863,859,897,876,880,869,872,864,871,859,897,889,886,886,880,865,890,870,903,895,898,885,891,889,874,874,916,901,899,893,894,887,883,875,920,899,898,900,893,903,888,894,925,904,909,920,909,903,905,877,6,6,7,7,4,6,5,6,7,5,5,5,6,5,6,6,8,7,7,6,5,6,6,5,8,5,6,6,6,5,5,8,8,6,5,6,6,5,5,6,6,8,6,6,10,6,6,6,9,11,6,6,7,6,7,12,9,11,6,11,9,8,8,15,5,5,5,5,5,5,5,5,5,5,5,5,5,5,5,5,5,5,5,5,5,5,5,5,5,5,5,5,5,5,5,5,5,5,5,5,5,5,5,5,5,5,5,5,5,5,5,5,5,5,5,5,5,5,5,5,5,5,5,5,5,5,5,5
184,882,876,869,871,884,859,857,849,888,882,881,869,879,865,863,849,881,882,875,887,874,866,858,868,896,887,891,883,885,871,867,873,905,911,890,892,886,885,882,879,908,898,902,890,899,890,881,880,920,904,906,889,899,886,889,904,918,926,912,914,890,901,903,879,7,6,6,6,5,5,4,5,7,6,5,5,5,4,5,6,9,7,6,6,5,5,5,5,6,6,6,6,6,5,5,7,9,6,6,5,6,6,5,6,8,6,5,7,7,5,5,7,8,9,8,8,6,6,7,10,8,12,5,10,7,8,8,14,5,5,5,5,5,5,5,5,5,5,5,5,5,5,5,5,5,5,5,5,5,5,5,5,5,5,5,5,5,5,5,5,5,5,5,5,5,5,5,5,5,5,5,5,5,5,5,5,5,5,5,5,5,5,5,5,5,5,5,5,5,5,5,5
185,882,883,883,863,857,856,863,863,885,875,881,878,866,864,859,852,863,892,884,881,875,866,872,876,899,885,887,879,892,883,879,867,906,895,892,901,885,884,891,865,920,900,899,901,899,883,888,887,910,898,906,907,900,891,895,874,942,901,916,901,903,885,905,882,7,7,6,6,4,5,6,5,8,6,5,5,6,5,5,5,10,7,6,6,5,6,6,5,9,5,7,5,7,5,7,7,8,6,5,7,7,6,7,7,7,6,6,6,8,6,8,7,8,9,8,6,6,5,7,10,9,12,6,9,7,8,7,12,5,5,5,5,5,5,5,5,5,5,5,5,5,5,5,5,5,5,5,5,5,5,5,5,5,5,5,5,5,5,5,5,5,5,5,5,5,5,5,5,5,5,5,5,5,5,5,5,5,5,5,5,5,5,5,5,5,5,5,5,5,5,5,5
186,885,877,876,867,856,848,848,861,880,884,880,851,876,855,869,856,889,888,878,879,872,868,862,860,892,894,892,879,873,870,876,872,882,901,896,901,892,883,880,877,912,904,894,894,892,887,886,877,903,895,904,903,901,890,888,866,937,911,898,909,903,901,896,886,9,6,5,6,5,5,5,7,7,6,5,4,6,5,6,6,7,6,6,6,5,5,4,6,7,6,5,6,5,6,5,9,9,7,4,5,5,5,6,7,5,7,6,6,7,6,6,8,7,11,7,6,8,6,6,7,8,9,6,9,7,6,6,11,5,5,5,5,5,5,5,5,5,5,5,5,5,5,5,5,5,5,5,5,5,5,5,5,5,5,5,5,5,5,5,5,5,5,5,5,5,5,5,5,5,5,5,5,5,5,5,5,5,5,5,5,5,5,5,5,5,5,5,5,5,5,5,5
187,890,883,868,867,862,866,853,869,888,884,872,866,867,866,860,854,872,877,879,876,879,875,870,866,898,892,888,886,882,873,878,866,922,897,895,898,883,873,879,864,906,912,905,887,890,883,879,889,914,904,902,901,901,880,900,888,924,927,910,909,894,907,901,882,8,6,6,5,5,6,4,6,7,5,5,5,6,5,6,5,11,8,6,6,5,6,6,6,8,6,5,5,6,6,6,8,10,6,6,5,7,5,6,6,9,6,7,5,6,6,7,8,9,10,8,10,6,6,6,9,8,12,7,8,8,6,7,14,5,5,5,5,5,5,5,5,5,5,5,5,5,5,5,5,5,5,5,5,5,5,5,5,5,5,5,5,5,5,5,5,5,5,5,5,5,5,5,5,5,5,5,5,5,5,5,5,5,5,5,5,5,5,5,5,5,5,5,5,5,5,5,5
188,879,878,873,857,862,858,854,843,879,883,880,874,872,860,870,865,883,890,885,868,875,862,876,869,906,890,891,891,873,880,883,864,894,895,886,881,885,886,882,877,904,912,890,910,890,904,878,875,915,902,907,901,902,900,889,880,921,923,915,895,897,895,909,890,6,6,5,6,5,6,6,5,5,5,5,5,4,5,5,5,9,9,6,6,4,6,6,5,8,6,6,5,5,4,6,7,7,6,5,6,6,6,6,6,7,6,6,8,6,5,7,6,8,8,8,5,8,7,6,8,7,8,6,8,7,5,7,16,5,5,5,5,5,5,5,5,5,5,5,5,5,5,5,5,5,5,5,5,5,5,5,5,5,5,5,5,5,5,5,5,5,5,5,5,5,5,5,5,5,5,5,5,5,5,5,5,5,5,5,5,5,5,5,5,5,5,5,5,5,5,5,5
189,885,875,875,870,865,873,856,860,872,878,878,867,871,865,861,856,896,884,886,871,886,867,870,865,900,891,876,880,885,874,856,862,888,897,888,899,889,889,876,886,904,893,898,897,873,885,899,880,905,913,897,907,900,888,894,882,919,912,917,905,901,886,882,876,9,6,5,6,5,5,5,6,6,6,6,5,5,5,5,5,11,8,7,6,5,6,5,5,8,6,7,5,6,6,6,8,8,6,5,6,6,6,5,7,7,7,6,6,7,8,7,7,7,8,8,7,7,7,6,10,10,12,7,9,8,6,7,11,5,5,5,5,5,5,5,5,5,5,5,5,5,5,5,5,5,5,5,5,5,5,5,5,5,5,5,5,5,5,5,5,5,5,5,5,5,5,5,5,5,5,5,5,5,5,5,5,5,5,5,5,5,5,5,5,5,5,5,5,5,5,5,5
190,877,867,864,871,877,857,850,850,878,893,880,879,861,871,857,853,882,883,880,877,880,876,865,863,916,897,901,891,882,874,876,868,897,905,893,902,886,881,876,869,911,906,888,895,894,885,885,883,905,900,916,900,893,891,894,887,905,926,909,889,901,905,899,914,6,6,5,5,4,5,6,6,6,7,6,5,6,4,6,5,8,9,5,6,4,5,4,6,7,5,6,4,5,6,6,8,8,6,5,5,7,5,5,5,7,5,5,7,6,5,7,7,8,8,6,6,6,6,6,10,10,9,6,8,8,7,6,11,5,5,5,5,5,5,5,5,5,5,5,5,5,5,5,5,5,5,5,5,5,5,5,5,5,5,5,5,5,5,5,5,5,5,5,5,5,5,5,5,5,5,5,5,5,5,5,5,5,5,5,5,5,5,5,5,5,5,5,5,5,5,5,5
191,868,872,864,860,873,864,848,854,878,874,867,876,864,865,863,864,890,878,864,893,874,871,868,866,900,903,894,894,883,877,871,863,890,892,898,895,875,889,880,874,911,902,906,894,889,895,878,880,907,903,915,897,906,884,900,891,925,923,926,887,909,909,909,896,7,7,5,7,6,6,5,10,8,5,7,5,7,5,5,5,9,8,6,6,6,5,5,5,7,7,5,5,6,6,5,7,9,5,6,6,7,7,5,8,7,7,7,7,7,6,6,6,8,9,8,6,6,7,8,9,9,13,8,8,7,7,7,11,5,5,5,5,5,5,5,5,5,5,5,5,5,5,5,5,5,5,5,5,5,5,5,5,5,5,5,5,5,5,5,5,5,5,5,5,5,5,5,5,5,5,5,5,5,5,5,5,5,5,5,5,5,5,5,5,5,5,5,5,5,5,5,5
192,896,882,876,867,861,855,845,844,891,880,870,885,875,858,866,864,891,896,878,874,883,865,864,863,879,883,887,893,884,864,868,869,899,903,900,890,889,887,871,861,912,904,905,900,899,887,880,873,895,911,919,898,889,893,897,888,924,912,902,905,901,898,893,884,5,6,5,6,5,6,5,5,7,5,5,5,6,4,5,5,10,7,5,6,4,5,5,5,7,5,6,5,6,5,6,8,7,6,5,5,5,6,5,6,8,5,5,6,8,6,6,6,7,7,8,8,5,6,8,9,10,11,8,9,6,6,6,12,5,5,5,5,5,5,5,5,5,5,5,5,5,5,5,5,5,5,5,5,5,5,5,5,5,5,5,5,5,5,5,5,5,5,5,5,5,5,5,5,5,5,5,5,5,5,5,5,5,5,5,5,5,5,5,5,5,5,5,5,5,5,5,5
193,871,877,880,874,870,863,855,851,882,878,878,875,873,866,867,856,899,886,901,875,886,871,846,861,900,888,881,880,878,863,873,862,914,884,892,897,893,881,880,873,895,912,902,901,911,884,875,897,924,906,913,900,897,895,895,888,930,919,898,906,908,902,912,895,6,7,8,6,5,6,5,7,7,5,6,5,5,5,6,5,9,8,7,6,4,5,5,6,7,7,7,6,6,6,6,8,8,6,6,7,6,6,7,7,6,7,7,7,10,6,7,10,7,12,7,8,7,7,7,11,9,12,5,11,8,9,9,19,5,5,5,5,5,5,5,5,5,5,5,5,5,5,5,5,5,5,5,5,5,5,5,5,5,5,5,5,5,5,5,5,5,5,5,5,5,5,5,5,5,5,5,5,5,5,5,5,5,5,5,5,5,5,5,5,5,5,5,5,5,5,5,5
194,886,873,872,866,865,861,866,847,890,869,866,868,874,866,859,854,882,890,879,881,871,874,853,863,897,897,879,879,871,869,872,857,902,900,891,879,888,880,876,865,896,905,912,896,912,884,874,865,909,912,902,891,897,904,884,896,923,943,906,901,897,901,885,888,7,7,7,7,5,6,5,7,5,7,4,5,5,5,4,6,7,7,8,5,5,5,4,6,6,7,6,5,6,5,5,5,8,5,5,6,5,5,5,7,7,6,5,7,7,5,6,7,6,7,7,7,5,5,7,9,9,14,7,8,7,6,6,15,5,5,5,5,5,5,5,5,5,5,5,5,5,5,5,5,5,5,5,5,5,5,5,5,5,5,5,5,5,5,5,5,5,5,5,5,5,5,5,5,5,5,5,5,5,5,5,5,5,5,5,5,5,5,5,5,5,5,5,5,5,5,5,5
195,878,874,853,874,858,857,850,853,883,877,872,867,878,853,861,855,890,895,889,870,880,866,866,866,894,894,891,880,877,874,870,864,893,885,898,883,890,878,873,871,905,891,904,903,889,890,889,884,911,924,904,906,889,898,885,877,927,921,914,907,901,880,896,905,7,8,5,6,5,6,4,5,6,5,5,5,6,5,6,6,8,8,6,6,4,4,6,7,7,7,6,6,6,6,5,8,7,5,6,6,7,6,6,6,7,7,6,8,9,6,6,7,7,9,7,7,7,5,6,10,8,14,7,8,8,7,9,18,5,5,5,5,5,5,5,5,5,5,5,5,5,5,5,5,5,5,5,5,5,5,5,5,5,5,5,5,5,5,5,5,5,5,5,5,5,5,5,5,5,5,5,5,5,5,5,5,5,5,5,5,5,5,5,5,5,5,5,5,5,5,5,5
196,882,882,867,869,868,856,853,862,881,880,872,875,870,861,858,857,896,891,880,882,884,867,868,856,904,898,884,888,885,877,864,885,913,897,894,885,886,890,880,881,916,906,912,894,896,886,885,870,918,907,906,901,888,887,896,885,926,923,909,909,896,902,912,881,7,6,4,5,5,5,5,7,6,5,4,5,6,5,5,4,10,8,6,5,4,5,5,7,8,6,7,5,6,6,6,7,9,5,5,5,6,6,5,5,8,5,6,6,8,5,7,6,7,8,6,5,6,6,6,8,7,15,7,12,6,7,10,14,5,5,5,5,5,5,5,5,5,5,5,5,5,5,5,5,5,5,5,5,5,5,5,5,5,5,5,5,5,5,5,5,5,5,5,5,5,5,5,5,5,5,5,5,5,5,5,5,5,5,5,5,5,5,5,5,5,5,5,5,5,5,5,5
197,874,873,871,865,859,852,878,849,884,878,874,884,860,865,862,851,896,899,886,868,874,877,863,860,891,897,891,892,880,881,867,877,887,901,885,896,878,888,880,873,900,908,882,897,876,895,879,882,915,896,906,896,913,899,889,899,914,910,910,893,892,891,909,879,7,6,5,6,5,5,5,6,8,5,4,6,6,5,5,5,9,8,5,6,6,5,5,5,9,5,6,5,6,6,6,6,8,6,5,6,6,6,6,5,8,6,7,7,7,6,7,6,10,10,8,7,7,6,7,8,8,11,6,11,6,6,7,14,5,5,5,5,5,5,5,5,5,5,5,5,5,5,5,5,5,5,5,5,5,5,5,5,5,5,5,5,5,5,5,5,5,5,5,5,5,5,5,5,5,5,5,5,5,5,5,5,5,5,5,5,5,5,5,5,5,5,5,5,5,5,5,5
198,876,867,868,873,866,878,848,854,888,881,877,870,866,860,866,860,912,881,886,885,873,872,860,868,901,890,891,880,885,872,865,881,911,898,889,888,891,891,881,891,918,896,889,894,894,880,885,885,906,909,892,901,881,901,877,891,938,908,898,891,896,896,900,911,6,6,5,6,5,6,5,5,6,5,5,4,6,4,5,5,8,6,6,5,5,4,5,5,7,6,6,5,6,6,5,7,9,6,5,5,7,5,5,7,6,5,6,6,7,7,7,6,6,8,7,6,6,6,6,9,10,10,6,8,7,5,7,12,5,5,5,5,5,5,5,5,5,5,5,5,5,5,5,5,5,5,5,5,5,5,5,5,5,5,5,5,5,5,5,5,5,5,5,5,5,5,5,5,5,5,5,5,5,5,5,5,5,5,5,5,5,5,5,5,5,5,5,5,5,5,5,5
199,882,878,881,867,867,856,858,858,885,872,881,862,863,865,860,850,890,881,878,870,876,861,867,868,893,888,891,886,887,886,870,865,907,890,903,883,885,889,886,877,899,908,905,911,897,890,891,893,912,907,914,885,891,900,884,889,919,911,903,899,902,898,884,888,8,6,5,5,6,6,6,6,5,7,5,6,7,4,5,6,9,10,6,7,5,6,5,5,7,6,6,7,6,5,6,7,9,5,6,6,6,5,6,6,7,5,7,8,6,6,6,8,8,11,7,7,6,6,7,7,9,11,8,11,9,7,7,14,5,5,5,5,5,5,5,5,5,5,5,5,5,5,5,5,5,5,5,5,5,5,5,5,5,5,5,5,5,5,5,5,5,5,5,5,5,5,5,5,5,5,5,5,5,5,5,5,5,5,5,5,5,5,5,5,5,5,5,5,5,5,5,5
