frame,dist_z0,dist_z1,dist_z2,dist_z3,dist_z4,dist_z5,dist_z6,dist_z7,dist_z8,dist_z9,dist_z10,dist_z11,dist_z12,dist_z13,dist_z14,dist_z15,dist_z16,dist_z17,dist_z18,dist_z19,dist_z20,dist_z21,dist_z22,dist_z23,dist_z24,dist_z25,dist_z26,dist_z27,dist_z28,dist_z29,dist_z30,dist_z31,dist_z32,dist_z33,dist_z34,dist_z35,dist_z36,dist_z37,dist_z38,dist_z39,dist_z40,dist_z41,dist_z42,dist_z43,dist_z44,dist_z45,dist_z46,dist_z47,dist_z48,dist_z49,dist_z50,dist_z51,dist_z52,dist_z53,dist_z54,dist_z55,dist_z56,dist_z57,dist_z58,dist_z59,dist_z60,dist_z61,dist_z62,dist_z63,sigma_z0,sigma_z1,sigma_z2,sigma_z3,sigma_z4,sigma_z5,sigma_z6,sigma_z7,sigma_z8,sigma_z9,sigma_z10,sigma_z11,sigma_z12,sigma_z13,sigma_z14,sigma_z15,sigma_z16,sigma_z17,sigma_z18,sigma_z19,sigma_z20,sigma_z21,sigma_z22,sigma_z23,sigma_z24,sigma_z25,sigma_z26,sigma_z27,sigma_z28,sigma_z29,sigma_z30,sigma_z31,sigma_z32,sigma_z33,sigma_z34,sigma_z35,sigma_z36,sigma_z37,sigma_z38,sigma_z39,sigma_z40,sigma_z41,sigma_z42,sigma_z43,sigma_z44,sigma_z45,sigma_z46,sigma_z47,sigma_z48,sigma_z49,sigma_z50,sigma_z51,sigma_z52,sigma_z53,sigma_z54,sigma_z55,sigma_z56,sigma_z57,sigma_z58,sigma_z59,sigma_z60,sigma_z61,sigma_z62,sigma_z63,status_z0,status_z1,status_z2,status_z3,status_z4,status_z5,status_z6,status_z7,status_z8,status_z9,status_z10,status_z11,status_z12,status_z13,status_z14,status_z15,status_z16,status_z17,status_z18,status_z19,status_z20,status_z21,status_z22,status_z23,status_z24,status_z25,status_z26,status_z27,status_z28,status_z29,status_z30,status_z31,status_z32,status_z33,status_z34,status_z35,status_z36,status_z37,status_z38,status_z39,status_z40,status_z41,status_z42,status_z43,status_z44,status_z45,status_z46,status_z47,status_z48,status_z49,status_z50,status_z51,status_z52,status_z53,status_z54,status_z55,status_z56,status_z57,status_z58,status_z59,status_z60,status_z61,status_z62,status_z63
0,479,487,474,474,472,467,466,460,483,487,480,476,474,475,474,465,495,487,481,482,476,479,479,471,494,485,495,487,485,481,475,470,495,500,489,490,487,482,480,479,503,497,498,489,488,492,485,489,514,506,497,496,491,490,490,490,514,508,506,499,502,498,500,498,3,3,3,3,2,3,3,3,3,3,3,2,2,3,3,3,3,3,3,3,2,2,3,3,3,3,3,2,3,2,2,3,4,4,3,3,2,2,3,3,3,3,3,3,3,3,3,3,3,4,3,4,3,3,3,4,4,4,3,4,3,3,3,5,5,5,5,5,5,5,5,5,5,5,5,5,5,5,5,5,5,5,5,5,5,5,5,5,5,5,5,5,5,5,5,5,5,5,5,5,5,5,5,5,5,5,5,5,5,5,5,5,5,5,5,5,5,5,5,5,5,5,5,5,5,5,5,5
1,481,483,475,473,473,473,470,460,489,483,484,479,475,470,474,463,493,485,482,484,479,478,468,476,492,493,493,481,482,483,478,473,506,502,490,490,493,486,481,480,504,499,494,496,488,494,485,481,511,512,505,496,499,494,492,495,514,515,504,502,502,491,499,500,4,3,3,3,3,3,3,3,3,3,3,3,3,2,3,3,3,4,3,3,2,3,2,3,4,3,3,3,3,2,3,3,4,3,3,3,3,3,3,4,4,4,3,3,3,3,3,3,4,4,4,4,4,3,3,4,4,5,3,4,3,3,4,5,5,5,5,5,5,5,5,5,5,5,5,5,5,5,5,5,5,5,5,5,5,5,5,5,5,5,5,5,5,5,5,5,5,5,5,5,5,5,5,5,5,5,5,5,5,5,5,5,5,5,5,5,5,5,5,5,5,5,5,5,5,5,5,5
2,484,480,481,471,466,466,470,464,493,483,477,482,474,473,470,470,487,482,482,482,477,478,474,471,489,494,486,484,484,478,474,476,506,497,492,487,487,486,487,481,505,501,499,495,497,493,488,474,508,506,506,499,494,499,486,481,516,511,502,498,492,496,499,490,3,3,3,3,2,2,2,3,3,3,3,2,3,2,3,3,3,3,3,3,2,2,3,3,3,3,3,2,2,2,3,3,4,3,3,3,3,3,3,3,3,3,3,3,3,3,3,3,4,4,3,3,3,3,3,3,4,5,3,4,3,3,4,5,5,5,5,5,5,5,5,5,5,5,5,5,5,5,5,5,5,5,5,5,5,5,5,5,5,5,5,5,5,5,5,5,5,5,5,5,5,5,5,5,5,5,5,5,5,5,5,5,5,5,5,5,5,5,5,5,5,5,5,5,5,5,5,5
3,489,479,476,471,467,469,460,464,497,478,481,483,472,472,473,467,488,493,483,484,478,473,474,465,495,498,488,484,477,477,480,476,502,497,494,495,488,485,486,477,505,496,491,492,492,486,484,485,510,506,504,495,493,489,491,482,512,518,508,504,504,494,498,499,4,3,3,3,2,3,3,3,4,3,3,3,3,2,3,3,4,3,3,3,2,3,3,3,4,4,3,2,3,3,3,3,4,3,3,3,3,3,3,3,4,3,3,3,3,3,3,3,4,4,3,3,4,3,3,4,5,5,4,4,4,3,3,5,5,5,5,5,5,5,5,5,5,5,5,5,5,5,5,5,5,5,5,5,5,5,5,5,5,5,5,5,5,5,5,5,5,5,5,5,5,5,5,5,5,5,5,5,5,5,5,5,5,5,5,5,5,5,5,5,5,5,5,5,5,5,5,5
4,476,484,477,473,469,469,472,470,488,483,480,478,476,473,473,465,490,487,486,484,476,478,471,471,492,494,489,486,482,484,478,478,504,497,491,484,486,484,486,474,504,503,501,495,492,488,484,481,507,509,502,496,497,495,486,484,510,510,507,509,500,494,495,490,3,3,3,3,2,2,2,3,3,3,3,3,3,2,3,3,3,4,3,3,2,2,3,3,3,3,3,2,2,2,3,3,3,3,3,3,3,3,3,3,3,3,3,3,3,3,3,3,4,4,3,4,3,4,3,3,4,4,3,4,3,3,4,5,5,5,5,5,5,5,5,5,5,5,5,5,5,5,5,5,5,5,5,5,5,5,5,5,5,5,5,5,5,5,5,5,5,5,5,5,5,5,5,5,5,5,5,5,5,5,5,5,5,5,5,5,5,5,5,5,5,5,5,5,5,5,5,5
5,484,480,477,469,466,469,467,466,494,486,475,478,474,470,468,467,500,493,489,482,477,477,466,475,502,494,486,483,485,480,474,476,501,494,492,496,491,486,481,474,508,496,501,497,488,487,489,482,508,502,505,498,496,493,491,495,503,496,521,499,495,492,492,484,4,3,3,3,2,3,3,3,4,3,3,2,2,2,3,3,4,3,3,3,2,3,2,3,3,3,3,3,3,2,3,3,4,3,3,3,3,3,3,3,4,3,3,4,3,3,3,3,3,4,3,4,3,3,3,4,4,5,4,4,4,4,3,5,5,5,5,5,5,5,5,5,5,5,5,5,5,5,5,5,5,5,5,5,5,5,5,5,5,5,5,5,5,5,5,5,5,5,5,5,5,5,5,5,5,5,5,5,5,5,5,5,5,5,5,5,5,5,5,5,5,5,5,5,5,5,5,5
6,483,484,477,478,473,465,461,464,492,482,485,481,478,470,466,467,497,482,486,484,484,473,471,469,498,490,484,483,484,485,480,476,496,492,491,489,489,484,475,476,497,499,499,498,489,491,486,484,509,497,496,503,490,493,483,484,518,503,506,505,504,496,501,493,3,3,3,3,2,3,2,3,3,2,3,2,2,2,2,3,3,4,3,3,2,2,3,3,3,3,3,2,3,2,3,3,3,3,3,3,2,2,3,3,3,3,3,3,3,3,3,3,3,4,3,3,3,3,3,4,4,5,3,4,3,3,4,5,5,5,5,5,5,5,5,5,5,5,5,5,5,5,5,5,5,5,5,5,5,5,5,5,5,5,5,5,5,5,5,5,5,5,5,5,5,5,5,5,5,5,5,5,5,5,5,5,5,5,5,5,5,5,5,5,5,5,5,5,5,5,5,5
7,487,480,473,473,469,471,461,458,487,483,481,475,486,473,467,465,493,481,490,479,475,482,472,470,500,485,488,485,487,485,477,472,500,495,491,492,488,487,480,485,512,498,497,502,489,489,482,486,503,507,499,491,486,493,487,488,512,508,510,500,499,495,497,491,4,3,3,3,2,3,3,3,3,3,3,2,3,2,3,3,3,3,3,3,2,3,3,3,3,3,3,3,3,3,3,3,4,3,3,3,3,3,3,4,4,4,3,4,3,3,4,4,4,4,4,4,3,4,3,4,5,4,4,4,3,4,4,5,5,5,5,5,5,5,5,5,5,5,5,5,5,5,5,5,5,5,5,5,5,5,5,5,5,5,5,5,5,5,5,5,5,5,5,5,5,5,5,5,5,5,5,5,5,5,5,5,5,5,5,5,5,5,5,5,5,5,5,5,5,5,5,5
8,481,476,479,474,470,470,463,456,485,489,481,478,476,471,469,471,488,494,485,485,482,476,471,463,501,497,489,483,483,481,477,469,499,497,492,493,488,482,478,474,506,507,498,486,493,484,488,486,509,497,498,501,497,499,488,491,513,506,500,503,497,502,494,498,4,3,3,3,2,2,3,3,3,3,3,3,2,2,3,3,3,3,3,3,2,3,3,3,3,3,3,2,3,2,2,3,3,4,3,3,3,3,3,3,4,3,3,3,3,3,3,3,4,3,3,3,3,3,3,4,4,5,3,4,3,4,3,6,5,5,5,5,5,5,5,5,5,5,5,5,5,5,5,5,5,5,5,5,5,5,5,5,5,5,5,5,5,5,5,5,5,5,5,5,5,5,5,5,5,5,5,5,5,5,5,5,5,5,5,5,5,5,5,5,5,5,5,5,5,5,5,5
9,483,488,479,478,472,468,469,455,488,482,482,476,483,474,470,471,489,489,489,482,481,473,478,469,497,494,484,485,488,478,479,476,507,493,494,497,491,488,483,482,508,502,504,493,487,489,476,481,517,500,499,496,490,491,492,492,516,518,504,508,499,500,498,502,4,3,3,3,3,3,3,3,4,3,3,2,3,2,3,3,3,3,3,3,2,3,3,3,3,3,3,3,3,3,3,3,4,3,3,3,3,3,3,4,4,3,4,3,3,3,3,3,4,4,3,3,3,3,3,4,4,4,3,4,3,4,4,5,5,5,5,5,5,5,5,5,5,5,5,5,5,5,5,5,5,5,5,5,5,5,5,5,5,5,5,5,5,5,5,5,5,5,5,5,5,5,5,5,5,5,5,5,5,5,5,5,5,5,5,5,5,5,5,5,5,5,5,5,5,5,5,5
10,485,482,473,482,470,468,468,467,492,480,484,474,473,468,473,463,496,490,483,484,480,475,472,473,494,485,491,483,480,480,474,469,495,494,490,489,487,485,479,472,508,501,498,493,497,488,488,485,501,508,503,494,492,493,488,489,517,503,506,501,494,492,490,490,4,3,3,3,2,3,3,3,3,3,3,2,2,2,3,3,3,4,3,3,2,2,2,3,3,3,3,2,3,2,3,3,3,3,3,3,3,3,3,3,4,3,3,3,3,3,3,3,4,4,3,3,3,3,3,4,4,4,3,4,3,4,3,4,5,5,5,5,5,5,5,5,5,5,5,5,5,5,5,5,5,5,5,5,5,5,5,5,5,5,5,5,5,5,5,5,5,5,5,5,5,5,5,5,5,5,5,5,5,5,5,5,5,5,5,5,5,5,5,5,5,5,5,5,5,5,5,5
11,476,483,471,478,463,472,465,455,496,483,481,478,478,476,471,459,488,487,485,485,486,475,470,468,499,489,490,484,487,479,472,475,503,497,496,495,486,484,484,476,504,500,495,489,493,486,483,478,509,505,505,497,496,488,499,485,513,512,507,501,494,497,508,481,3,3,3,3,2,3,3,3,4,3,3,3,2,3,3,3,3,4,3,3,3,3,2,3,3,3,3,2,3,3,3,3,4,3,3,3,3,3,3,3,3,4,3,3,4,3,3,3,4,4,3,3,4,3,3,3,4,5,4,4,3,4,4,4,5,5,5,5,5,5,5,5,5,5,5,5,5,5,5,5,5,5,5,5,5,5,5,5,5,5,5,5,5,5,5,5,5,5,5,5,5,5,5,5,5,5,5,5,5,5,5,5,5,5,5,5,5,5,5,5,5,5,5,5,5,5,5,5
12,488,477,478,478,471,466,466,467,490,483,480,480,469,474,468,470,492,489,483,483,480,478,476,465,500,500,489,488,484,486,474,474,496,492,490,485,485,481,478,477,506,505,499,490,493,490,494,486,510,506,499,493,493,491,487,483,514,501,510,502,491,499,497,487,4,3,3,3,2,2,3,3,3,3,3,3,3,2,3,3,4,3,3,3,2,3,3,3,3,3,3,2,2,2,3,3,3,3,3,2,3,3,3,3,3,3,3,3,3,3,4,3,4,5,3,4,3,3,3,4,4,4,4,4,3,4,3,5,5,5,5,5,5,5,5,5,5,5,5,5,5,5,5,5,5,5,5,5,5,5,5,5,5,5,5,5,5,5,5,5,5,5,5,5,5,5,5,5,5,5,5,5,5,5,5,5,5,5,5,5,5,5,5,5,5,5,5,5,5,5,5,5
13,481,489,480,473,470,468,464,466,487,480,484,479,478,470,472,471,493,493,487,486,480,474,469,468,493,498,485,483,482,480,481,473,502,499,488,492,488,486,482,480,504,498,503,494,493,488,487,484,506,506,505,501,496,492,495,493,517,508,506,504,499,496,495,497,4,3,3,3,2,3,3,3,3,3,3,3,3,3,3,3,3,4,3,3,2,3,3,3,3,3,3,2,3,2,3,3,4,3,3,3,3,3,3,3,4,3,4,3,3,3,4,3,4,4,3,3,4,3,3,4,5,6,3,4,4,4,4,5,5,5,5,5,5,5,5,5,5,5,5,5,5,5,5,5,5,5,5,5,5,5,5,5,5,5,5,5,5,5,5,5,5,5,5,5,5,5,5,5,5,5,5,5,5,5,5,5,5,5,5,5,5,5,5,5,5,5,5,5,5,5,5,5
14,485,480,471,472,469,469,468,464,488,484,477,482,475,470,468,468,487,483,489,482,480,477,470,470,499,490,489,488,488,478,479,479,497,499,494,496,484,483,487,476,505,493,494,493,490,485,483,480,509,503,503,493,495,490,491,487,515,511,505,499,498,489,499,481,4,3,3,3,2,3,3,3,3,3,3,3,2,2,2,3,3,3,3,3,2,3,3,3,3,3,3,2,3,2,3,3,3,3,3,3,3,3,3,3,4,4,3,3,3,3,3,3,4,4,3,3,4,3,3,4,4,4,4,4,3,3,3,4,5,5,5,5,5,5,5,5,5,5,5,5,5,5,5,5,5,5,5,5,5,5,5,5,5,5,5,5,5,5,5,5,5,5,5,5,5,5,5,5,5,5,5,5,5,5,5,5,5,5,5,5,5,5,5,5,5,5,5,5,5,5,5,5
15,485,484,479,473,473,468,470,469,485,485,483,479,475,472,470,469,490,492,488,483,484,479,477,475,488,491,494,489,486,485,482,477,499,501,495,496,490,482,485,473,506,495,498,495,490,483,489,487,502,504,505,503,497,491,484,492,516,511,506,496,498,500,491,504,4,3,3,3,2,3,3,3,3,3,3,3,3,2,3,3,4,4,3,3,2,3,3,3,4,3,3,3,3,2,3,3,3,4,3,3,3,3,3,3,4,4,3,3,3,3,4,3,4,4,3,3,3,3,3,4,4,4,3,4,4,3,4,4,5,5,5,5,5,5,5,5,5,5,5,5,5,5,5,5,5,5,5,5,5,5,5,5,5,5,5,5,5,5,5,5,5,5,5,5,5,5,5,5,5,5,5,5,5,5,5,5,5,5,5,5,5,5,5,5,5,5,5,5,5,5,5,5
16,488,479,478,474,466,468,467,462,488,485,480,476,474,476,468,471,494,486,481,481,480,475,474,473,495,493,493,490,486,478,477,472,502,490,491,493,488,487,483,475,503,498,492,494,492,491,487,480,510,503,496,492,501,489,491,482,512,507,506,500,502,495,501,487,4,3,3,3,2,3,3,3,3,3,3,2,2,2,2,3,3,4,3,3,2,2,3,3,3,3,3,2,3,2,3,3,3,3,3,3,3,2,3,3,3,4,3,3,3,3,3,4,4,4,4,4,4,3,3,3,4,5,3,3,3,3,4,5,5,5,5,5,5,5,5,5,5,5,5,5,5,5,5,5,5,5,5,5,5,5,5,5,5,5,5,5,5,5,5,5,5,5,5,5,5,5,5,5,5,5,5,5,5,5,5,5,5,5,5,5,5,5,5,5,5,5,5,5,5,5,5,5
17,478,483,477,477,472,474,466,458,489,484,487,479,475,473,473,469,489,492,486,484,479,475,476,468,506,492,490,488,485,483,483,472,507,497,489,486,491,485,492,470,506,493,491,494,487,492,484,484,510,501,502,497,496,492,490,492,511,506,493,502,504,492,502,494,4,3,3,3,3,3,3,3,3,3,3,3,3,2,3,3,3,4,3,3,2,3,3,3,4,3,3,3,3,3,3,3,4,3,3,3,3,3,3,3,4,4,3,4,4,3,4,3,4,4,4,4,3,4,4,4,4,5,3,4,3,4,4,6,5,5,5,5,5,5,5,5,5,5,5,5,5,5,5,5,5,5,5,5,5,5,5,5,5,5,5,5,5,5,5,5,5,5,5,5,5,5,5,5,5,5,5,5,5,5,5,5,5,5,5,5,5,5,5,5,5,5,5,5,5,5,5,5
18,486,481,479,482,467,470,463,464,487,488,478,475,476,473,465,466,489,488,482,480,481,477,473,470,492,493,495,486,482,476,473,472,499,499,493,491,490,484,480,479,505,503,499,499,493,488,486,482,514,506,501,498,497,489,498,485,515,517,509,502,497,497,493,481,4,3,3,3,2,3,3,3,3,2,2,2,3,2,2,3,3,4,3,3,2,3,2,3,4,3,3,2,2,2,3,3,3,3,3,3,3,3,3,4,3,3,3,3,3,3,3,3,5,4,3,3,3,3,3,3,4,4,4,4,3,3,3,5,5,5,5,5,5,5,5,5,5,5,5,5,5,5,5,5,5,5,5,5,5,5,5,5,5,5,5,5,5,5,5,5,5,5,5,5,5,5,5,5,5,5,5,5,5,5,5,5,5,5,5,5,5,5,5,5,5,5,5,5,5,5,5,5
19,482,486,473,479,471,468,468,466,487,483,486,475,478,473,469,467,495,487,485,490,482,476,476,475,495,487,487,488,487,479,473,477,501,500,491,490,486,486,484,475,505,496,499,493,488,487,489,483,508,506,500,489,492,492,493,486,506,497,508,505,503,498,495,478,4,3,3,3,2,3,3,3,3,3,3,3,3,3,3,3,3,4,3,3,2,3,3,3,3,3,3,3,3,3,3,3,3,3,3,3,3,3,3,3,4,4,3,3,3,3,3,4,5,4,3,4,3,3,3,4,4,5,3,5,3,4,3,4,5,5,5,5,5,5,5,5,5,5,5,5,5,5,5,5,5,5,5,5,5,5,5,5,5,5,5,5,5,5,5,5,5,5,5,5,5,5,5,5,5,5,5,5,5,5,5,5,5,5,5,5,5,5,5,5,5,5,5,5,5,5,5,5
20,487,481,476,478,472,467,458,468,488,482,483,479,478,474,468,467,490,488,485,485,477,476,471,469,489,490,493,485,483,474,476,474,503,496,488,491,484,482,479,478,503,498,500,487,490,492,491,476,508,507,494,491,499,493,497,488,516,514,510,501,502,492,498,489,4,3,3,3,3,2,3,3,3,3,3,3,3,2,2,3,3,3,3,3,2,2,3,3,3,3,3,3,3,3,3,3,3,3,3,3,3,3,3,3,3,4,3,3,3,3,4,3,4,4,4,3,3,3,3,4,4,4,3,4,3,3,4,5,5,5,5,5,5,5,5,5,5,5,5,5,5,5,5,5,5,5,5,5,5,5,5,5,5,5,5,5,5,5,5,5,5,5,5,5,5,5,5,5,5,5,5,5,5,5,5,5,5,5,5,5,5,5,5,5,5,5,5,5,5,5,5,5
21,487,481,479,473,475,468,465,466,491,482,481,476,477,473,475,467,494,491,481,480,474,476,472,469,500,497,489,487,486,479,474,474,499,492,491,494,482,487,475,481,510,504,498,497,492,485,478,483,514,506,503,499,493,482,486,487,516,521,509,504,497,492,497,491,4,3,3,3,3,2,3,3,3,3,3,3,3,3,3,3,4,3,3,3,3,3,3,3,3,4,3,2,2,3,3,3,3,3,3,3,3,3,3,4,4,3,3,3,3,3,3,3,5,4,3,3,4,3,3,3,4,5,3,4,3,4,3,6,5,5,5,5,5,5,5,5,5,5,5,5,5,5,5,5,5,5,5,5,5,5,5,5,5,5,5,5,5,5,5,5,5,5,5,5,5,5,5,5,5,5,5,5,5,5,5,5,5,5,5,5,5,5,5,5,5,5,5,5,5,5,5,5
22,483,479,477,479,470,468,463,463,489,484,483,479,479,471,467,462,491,496,483,484,475,478,475,469,483,489,492,483,484,481,473,475,502,495,496,492,487,487,486,477,505,497,499,491,494,489,483,481,514,510,505,497,488,493,488,493,502,505,507,507,495,495,486,487,3,3,3,3,2,3,3,3,3,3,3,2,3,2,2,3,3,3,3,3,2,3,2,3,3,3,3,2,2,2,3,3,4,3,3,3,3,3,3,3,4,4,3,3,3,3,3,3,3,4,3,3,3,3,3,4,4,5,3,4,4,3,4,4,5,5,5,5,5,5,5,5,5,5,5,5,5,5,5,5,5,5,5,5,5,5,5,5,5,5,5,5,5,5,5,5,5,5,5,5,5,5,5,5,5,5,5,5,5,5,5,5,5,5,5,5,5,5,5,5,5,5,5,5,5,5,5,5
23,479,482,483,475,471,474,465,465,494,485,486,474,475,472,469,465,492,486,486,483,480,476,469,476,491,489,489,485,478,475,481,465,503,496,492,487,489,480,484,483,503,491,496,492,489,489,479,481,502,502,496,498,503,491,483,490,513,506,505,507,503,492,495,487,4,3,3,3,2,3,3,3,3,2,3,3,3,3,3,3,4,4,3,3,2,3,2,3,4,3,3,3,3,2,3,3,4,4,3,3,3,3,3,4,4,4,3,3,3,3,3,4,4,4,3,4,4,4,4,4,4,4,4,4,4,4,4,6,5,5,5,5,5,5,5,5,5,5,5,5,5,5,5,5,5,5,5,5,5,5,5,5,5,5,5,5,5,5,5,5,5,5,5,5,5,5,5,5,5,5,5,5,5,5,5,5,5,5,5,5,5,5,5,5,5,5,5,5,5,5,5,5
24,491,476,481,477,473,472,468,466,486,481,477,476,474,470,470,462,497,485,487,480,481,474,472,469,496,495,485,485,481,480,477,471,503,502,492,490,487,485,484,481,511,499,498,494,489,488,489,473,502,500,505,494,498,487,492,484,508,512,506,508,501,491,498,493,3,3,3,3,2,3,2,3,3,3,3,3,2,2,3,3,3,4,3,3,2,2,2,3,3,3,3,2,3,2,3,3,3,3,3,3,3,3,3,3,4,3,3,3,3,3,3,3,4,3,3,4,3,3,3,4,4,4,3,4,3,3,4,6,5,5,5,5,5,5,5,5,5,5,5,5,5,5,5,5,5,5,5,5,5,5,5,5,5,5,5,5,5,5,5,5,5,5,5,5,5,5,5,5,5,5,5,5,5,5,5,5,5,5,5,5,5,5,5,5,5,5,5,5,5,5,5,5
25,481,481,473,478,473,465,467,464,488,483,479,484,479,470,472,466,492,495,486,476,482,475,473,473,497,494,493,483,484,480,478,481,496,496,494,496,488,487,483,472,496,500,494,497,485,488,492,488,506,508,500,497,491,489,486,488,518,507,510,501,501,488,495,489,4,3,3,4,3,3,3,3,3,3,3,3,3,3,3,3,3,3,3,3,2,3,3,3,3,3,3,3,3,2,3,4,4,3,3,3,3,3,3,3,3,4,3,3,3,3,4,3,4,4,4,3,3,4,4,4,5,4,4,4,4,4,4,5,5,5,5,5,5,5,5,5,5,5,5,5,5,5,5,5,5,5,5,5,5,5,5,5,5,5,5,5,5,5,5,5,5,5,5,5,5,5,5,5,5,5,5,5,5,5,5,5,5,5,5,5,5,5,5,5,5,5,5,5,5,5,5,5
26,482,482,480,472,467,471,462,470,487,486,484,472,473,472,469,465,491,487,489,486,477,479,470,473,494,486,488,482,486,477,477,481,497,492,494,493,485,485,475,479,499,500,498,491,496,487,487,477,513,501,500,497,491,490,496,488,514,503,504,504,500,496,492,495,3,3,3,3,2,3,3,3,3,3,2,2,2,2,3,3,3,3,3,3,2,3,3,3,3,3,3,2,2,2,3,3,4,3,3,3,2,2,3,3,3,4,3,3,3,3,3,3,4,4,3,4,3,4,3,3,4,5,3,4,3,3,4,5,5,5,5,5,5,5,5,5,5,5,5,5,5,5,5,5,5,5,5,5,5,5,5,5,5,5,5,5,5,5,5,5,5,5,5,5,5,5,5,5,5,5,5,5,5,5,5,5,5,5,5,5,5,5,5,5,5,5,5,5,5,5,5,5
27,484,486,476,473,464,467,468,461,493,488,482,479,475,468,466,472,495,488,483,485,477,477,473,478,493,498,489,492,481,478,472,475,498,493,498,490,487,488,476,482,503,499,501,490,495,494,485,483,507,514,500,499,495,486,494,485,525,500,507,500,502,501,493,492,3,3,3,3,2,3,3,3,4,3,3,3,3,2,2,3,3,4,3,3,2,3,2,3,4,4,3,3,2,3,3,3,4,3,3,3,3,3,3,3,4,4,3,3,3,3,3,3,4,5,3,3,4,4,3,4,5,5,4,4,3,3,4,5,5,5,5,5,5,5,5,5,5,5,5,5,5,5,5,5,5,5,5,5,5,5,5,5,5,5,5,5,5,5,5,5,5,5,5,5,5,5,5,5,5,5,5,5,5,5,5,5,5,5,5,5,5,5,5,5,5,5,5,5,5,5,5,5
28,489,478,476,471,469,466,462,459,490,483,483,480,470,468,475,465,492,489,489,478,478,478,472,468,499,492,490,484,481,484,476,473,494,492,493,493,487,479,484,482,506,500,500,494,488,483,488,481,507,506,499,498,491,489,501,487,510,507,497,500,499,496,497,486,4,3,3,3,2,2,3,3,3,3,3,3,2,2,3,3,3,3,3,3,2,2,3,3,3,3,3,2,3,2,3,3,4,3,3,3,3,2,3,3,3,4,3,3,3,3,3,3,4,4,3,3,3,3,4,4,4,5,3,4,4,3,4,4,5,5,5,5,5,5,5,5,5,5,5,5,5,5,5,5,5,5,5,5,5,5,5,5,5,5,5,5,5,5,5,5,5,5,5,5,5,5,5,5,5,5,5,5,5,5,5,5,5,5,5,5,5,5,5,5,5,5,5,5,5,5,5,5
29,481,480,476,473,467,473,471,464,486,485,483,476,476,473,474,465,493,485,487,483,480,479,474,466,498,490,487,493,484,480,484,474,501,496,500,493,490,486,483,474,504,504,487,497,494,485,484,485,509,501,502,500,491,495,494,485,511,513,500,510,499,492,495,491,4,3,3,3,2,3,3,3,3,3,3,3,3,2,3,3,3,4,3,3,3,3,3,3,4,3,3,3,3,3,3,3,4,3,3,3,3,2,3,4,4,3,4,3,3,3,3,3,4,4,3,3,3,3,3,4,4,5,3,4,3,4,4,5,5,5,5,5,5,5,5,5,5,5,5,5,5,5,5,5,5,5,5,5,5,5,5,5,5,5,5,5,5,5,5,5,5,5,5,5,5,5,5,5,5,5,5,5,5,5,5,5,5,5,5,5,5,5,5,5,5,5,5,5,5,5,5,5
30,486,477,478,477,472,471,464,462,486,485,483,476,479,473,468,464,491,483,489,483,480,474,471,467,490,488,492,490,485,473,477,477,495,494,492,486,488,480,483,476,507,500,493,497,489,489,484,491,515,503,502,500,491,488,487,480,517,507,507,499,504,488,489,487,3,3,3,3,2,3,3,3,3,3,3,2,2,2,3,3,3,3,3,3,2,3,2,3,4,3,3,3,3,3,3,3,3,3,3,3,3,2,3,3,3,4,3,3,3,3,3,3,4,4,3,3,3,3,4,3,5,5,3,3,3,4,3,5,5,5,5,5,5,5,5,5,5,5,5,5,5,5,5,5,5,5,5,5,5,5,5,5,5,5,5,5,5,5,5,5,5,5,5,5,5,5,5,5,5,5,5,5,5,5,5,5,5,5,5,5,5,5,5,5,5,5,5,5,5,5,5,5
31,481,482,475,478,469,469,469,462,497,483,479,472,472,473,466,464,488,494,484,483,474,479,476,471,501,491,491,485,479,481,481,473,495,499,490,495,490,482,479,477,510,494,497,497,497,486,480,482,504,508,502,500,500,491,487,486,509,515,501,506,494,495,494,490,4,3,3,3,3,3,3,3,3,3,3,3,3,2,3,3,3,3,3,3,2,2,3,3,3,3,3,3,3,2,3,3,3,4,3,3,3,3,3,4,4,4,3,3,3,3,3,3,4,5,3,4,4,3,3,4,5,6,3,4,4,3,3,5,5,5,5,5,5,5,5,5,5,5,5,5,5,5,5,5,5,5,5,5,5,5,5,5,5,5,5,5,5,5,5,5,5,5,5,5,5,5,5,5,5,5,5,5,5,5,5,5,5,5,5,5,5,5,5,5,5,5,5,5,5,5,5,5
32,484,477,478,474,473,472,467,463,489,487,479,482,479,477,468,464,499,487,487,480,474,471,473,476,497,492,492,487,481,478,478,475,496,495,497,491,486,491,480,480,504,502,498,497,493,488,478,474,506,502,502,498,498,496,494,489,516,511,507,507,496,502,498,490,3,3,3,3,3,3,3,2,3,3,3,3,3,2,2,3,4,4,3,2,2,2,2,3,3,3,3,2,3,2,3,3,3,3,3,3,2,3,3,3,3,4,3,3,3,3,3,3,4,3,3,3,3,3,3,4,4,4,3,4,4,4,4,5,5,5,5,5,5,5,5,5,5,5,5,5,5,5,5,5,5,5,5,5,5,5,5,5,5,5,5,5,5,5,5,5,5,5,5,5,5,5,5,5,5,5,5,5,5,5,5,5,5,5,5,5,5,5,5,5,5,5,5,5,5,5,5,5
33,483,479,472,478,468,470,465,465,485,479,489,477,475,474,470,466,488,481,485,490,478,478,465,473,497,499,495,484,487,483,479,475,498,494,495,486,492,484,479,477,503,498,493,497,487,485,486,482,505,505,501,493,496,495,491,491,510,505,509,506,501,492,493,502,4,3,3,3,2,3,3,3,3,3,3,3,3,3,3,3,4,4,3,3,2,3,3,3,3,3,3,3,3,2,3,3,4,3,3,3,3,3,3,4,3,4,3,3,3,3,3,3,4,4,3,4,3,3,3,4,4,5,3,4,4,3,4,5,5,5,5,5,5,5,5,5,5,5,5,5,5,5,5,5,5,5,5,5,5,5,5,5,5,5,5,5,5,5,5,5,5,5,5,5,5,5,5,5,5,5,5,5,5,5,5,5,5,5,5,5,5,5,5,5,5,5,5,5,5,5,5,5
34,481,484,476,476,468,466,463,465,483,481,480,477,475,469,467,466,494,487,486,488,483,475,469,464,495,487,484,488,482,478,474,469,498,495,490,492,487,483,484,476,507,500,498,496,496,487,490,480,508,501,503,500,494,489,484,487,510,513,504,498,500,499,503,502,3,3,3,3,2,2,3,3,3,3,3,2,2,2,2,3,3,3,3,3,2,2,2,3,3,3,3,2,3,2,2,3,3,3,3,3,2,3,3,3,4,4,4,3,3,3,3,3,3,4,3,4,3,3,3,3,4,4,3,4,3,3,4,5,5,5,5,5,5,5,5,5,5,5,5,5,5,5,5,5,5,5,5,5,5,5,5,5,5,5,5,5,5,5,5,5,5,5,5,5,5,5,5,5,5,5,5,5,5,5,5,5,5,5,5,5,5,5,5,5,5,5,5,5,5,5,5,5
35,476,481,482,469,470,469,463,464,486,482,484,477,479,475,467,465,488,484,482,481,477,478,470,470,499,497,493,487,479,477,482,474,496,500,491,485,486,484,484,474,514,496,496,493,495,490,485,487,507,502,500,499,495,501,484,485,514,503,508,511,502,499,491,492,3,3,3,3,2,2,3,3,4,3,3,3,3,3,3,3,3,4,3,3,3,3,2,3,3,3,3,3,3,3,3,3,4,4,3,3,3,3,3,3,4,4,3,3,3,3,3,3,4,4,3,3,3,3,4,4,4,5,4,4,3,4,4,5,5,5,5,5,5,5,5,5,5,5,5,5,5,5,5,5,5,5,5,5,5,5,5,5,5,5,5,5,5,5,5,5,5,5,5,5,5,5,5,5,5,5,5,5,5,5,5,5,5,5,5,5,5,5,5,5,5,5,5,5,5,5,5,5
36,481,485,472,479,470,467,467,466,486,488,480,477,480,468,471,468,490,489,484,479,475,480,473,470,499,496,491,487,488,480,472,474,499,496,494,490,492,481,490,475,512,507,499,497,503,490,482,481,502,497,504,498,491,490,491,491,510,514,508,498,500,499,499,491,3,3,3,3,2,2,3,3,3,2,3,2,2,2,3,3,3,4,3,2,2,3,3,3,3,3,3,2,2,3,2,3,3,3,3,3,3,3,3,3,4,3,3,3,4,3,3,3,4,4,3,3,3,3,3,4,3,4,3,3,4,3,4,5,5,5,5,5,5,5,5,5,5,5,5,5,5,5,5,5,5,5,5,5,5,5,5,5,5,5,5,5,5,5,5,5,5,5,5,5,5,5,5,5,5,5,5,5,5,5,5,5,5,5,5,5,5,5,5,5,5,5,5,5,5,5,5,5
37,485,477,477,468,468,463,468,460,486,474,483,481,476,469,474,466,498,497,485,490,483,477,470,465,496,492,488,489,480,482,477,471,499,499,485,490,487,486,483,482,511,494,495,498,498,489,486,474,498,506,502,492,493,489,486,491,511,508,508,501,498,498,493,495,4,3,3,3,2,3,3,3,3,3,3,3,3,2,3,3,3,4,3,3,3,3,3,3,3,3,3,3,3,3,3,3,3,3,3,3,3,3,3,4,4,4,3,3,3,3,4,3,4,4,3,4,3,4,3,3,4,5,4,4,3,3,4,6,5,5,5,5,5,5,5,5,5,5,5,5,5,5,5,5,5,5,5,5,5,5,5,5,5,5,5,5,5,5,5,5,5,5,5,5,5,5,5,5,5,5,5,5,5,5,5,5,5,5,5,5,5,5,5,5,5,5,5,5,5,5,5,5
38,481,470,476,476,470,468,467,470,487,478,485,475,475,469,473,470,490,478,477,491,478,471,472,476,498,495,485,482,482,478,474,479,499,498,492,489,485,486,478,475,503,500,497,493,483,481,487,481,504,508,503,501,488,492,495,491,512,512,514,509,501,489,502,497,4,3,3,3,2,2,3,3,3,3,3,2,2,2,3,3,3,3,3,3,2,2,2,3,3,3,3,3,3,2,3,3,4,3,3,3,3,3,3,3,3,4,3,3,3,3,3,3,4,4,3,3,3,3,3,4,4,5,4,4,3,4,4,6,5,5,5,5,5,5,5,5,5,5,5,5,5,5,5,5,5,5,5,5,5,5,5,5,5,5,5,5,5,5,5,5,5,5,5,5,5,5,5,5,5,5,5,5,5,5,5,5,5,5,5,5,5,5,5,5,5,5,5,5,5,5,5,5
39,488,489,478,474,473,466,459,469,489,488,481,476,473,468,467,465,496,492,482,482,481,474,474,469,501,491,490,483,477,482,477,474,507,494,492,489,489,487,475,478,503,498,495,491,492,489,487,482,508,507,503,501,498,494,491,494,506,512,507,499,497,491,487,499,3,3,3,3,3,3,3,3,3,3,3,3,3,3,3,3,3,3,3,3,2,3,3,3,4,3,3,3,3,3,3,3,4,3,3,3,3,3,3,3,3,3,3,3,3,3,3,4,5,4,3,3,4,3,3,4,5,6,3,4,4,4,3,5,5,5,5,5,5,5,5,5,5,5,5,5,5,5,5,5,5,5,5,5,5,5,5,5,5,5,5,5,5,5,5,5,5,5,5,5,5,5,5,5,5,5,5,5,5,5,5,5,5,5,5,5,5,5,5,5,5,5,5,5,5,5,5,5
40,478,480,479,476,467,471,468,466,490,484,486,473,477,469,472,461,488,491,486,480,479,472,477,470,498,500,484,488,477,483,480,477,502,494,498,495,486,485,483,480,498,505,494,497,498,485,485,485,500,506,496,497,494,487,491,490,512,513,510,498,507,498,498,487,3,3,3,3,2,3,3,3,3,3,3,2,2,2,3,3,3,4,3,2,2,3,3,3,3,3,3,2,3,2,3,3,3,3,3,3,2,3,3,3,3,3,3,3,3,3,3,3,4,4,3,3,3,3,3,4,4,4,4,3,3,3,4,6,5,5,5,5,5,5,5,5,5,5,5,5,5,5,5,5,5,5,5,5,5,5,5,5,5,5,5,5,5,5,5,5,5,5,5,5,5,5,5,5,5,5,5,5,5,5,5,5,5,5,5,5,5,5,5,5,5,5,5,5,5,5,5,5
41,481,486,480,478,467,466,472,467,486,487,485,477,477,473,468,474,494,488,484,487,482,482,470,468,503,487,491,482,487,481,478,472,495,494,488,491,485,495,482,476,505,501,499,495,492,489,483,485,511,506,501,490,493,488,492,492,510,516,504,499,502,493,503,498,4,3,3,3,2,3,3,3,4,3,3,2,2,2,3,3,3,4,3,3,2,3,3,3,3,3,3,2,3,2,3,3,3,3,3,3,3,3,3,3,3,3,4,3,3,3,4,4,3,4,3,4,4,3,3,4,4,4,3,4,3,3,4,4,5,5,5,5,5,5,5,5,5,5,5,5,5,5,5,5,5,5,5,5,5,5,5,5,5,5,5,5,5,5,5,5,5,5,5,5,5,5,5,5,5,5,5,5,5,5,5,5,5,5,5,5,5,5,5,5,5,5,5,5,5,5,5,5
42,490,482,478,477,468,459,464,462,479,479,485,479,473,467,473,468,490,493,482,483,478,477,469,466,505,496,495,491,485,477,478,467,499,501,492,485,482,485,483,480,507,506,496,499,487,489,484,478,506,509,499,493,495,485,489,487,512,505,499,504,503,497,499,497,3,3,3,3,3,2,3,3,3,3,3,2,3,2,2,3,3,3,3,3,2,3,2,3,3,3,3,3,2,2,3,3,4,3,3,3,3,3,3,3,4,3,3,3,3,3,3,3,4,4,3,4,3,3,3,4,5,5,3,4,3,4,4,6,5,5,5,5,5,5,5,5,5,5,5,5,5,5,5,5,5,5,5,5,5,5,5,5,5,5,5,5,5,5,5,5,5,5,5,5,5,5,5,5,5,5,5,5,5,5,5,5,5,5,5,5,5,5,5,5,5,5,5,5,5,5,5,5
43,487,481,475,479,469,470,469,462,487,481,476,481,477,469,467,469,491,489,486,483,479,481,472,466,493,497,496,488,481,479,478,476,497,492,494,489,489,486,485,485,501,501,498,496,496,489,481,475,513,503,501,497,490,497,494,488,508,512,508,499,501,489,499,493,3,3,3,3,3,3,3,3,4,3,3,3,3,2,3,3,3,4,3,3,2,3,3,3,4,3,3,3,3,3,3,3,4,3,3,3,3,3,3,4,4,3,4,3,3,3,3,3,5,4,4,3,3,3,3,4,4,5,3,4,3,4,4,4,5,5,5,5,5,5,5,5,5,5,5,5,5,5,5,5,5,5,5,5,5,5,5,5,5,5,5,5,5,5,5,5,5,5,5,5,5,5,5,5,5,5,5,5,5,5,5,5,5,5,5,5,5,5,5,5,5,5,5,5,5,5,5,5
44,483,483,478,477,467,466,466,463,488,482,485,473,473,473,469,471,488,492,482,482,479,476,471,473,497,495,485,487,483,478,473,475,501,495,489,491,490,482,482,474,498,501,498,490,494,493,485,485,509,502,503,502,487,491,493,488,508,516,511,505,506,493,497,489,3,3,3,3,2,2,3,3,3,3,3,3,2,2,2,3,3,3,3,3,2,3,3,3,3,3,3,2,2,2,3,3,4,3,3,3,3,2,3,3,3,3,3,3,4,3,3,3,4,3,3,3,3,4,3,4,4,4,4,4,3,3,3,5,5,5,5,5,5,5,5,5,5,5,5,5,5,5,5,5,5,5,5,5,5,5,5,5,5,5,5,5,5,5,5,5,5,5,5,5,5,5,5,5,5,5,5,5,5,5,5,5,5,5,5,5,5,5,5,5,5,5,5,5,5,5,5,5
45,488,486,474,468,469,471,468,467,494,482,483,480,470,476,469,470,487,493,486,485,480,482,474,465,493,487,491,480,490,476,475,469,503,494,493,489,487,481,487,482,506,508,500,496,501,490,489,484,507,510,501,505,490,491,491,495,515,513,504,515,504,497,502,491,3,3,3,3,2,3,3,3,3,3,3,3,2,3,3,3,3,4,3,3,2,3,3,3,3,3,3,2,3,2,3,3,4,3,3,3,3,2,3,3,3,4,3,4,4,3,4,3,4,4,3,4,3,4,3,4,5,5,3,4,4,4,4,5,5,5,5,5,5,5,5,5,5,5,5,5,5,5,5,5,5,5,5,5,5,5,5,5,5,5,5,5,5,5,5,5,5,5,5,5,5,5,5,5,5,5,5,5,5,5,5,5,5,5,5,5,5,5,5,5,5,5,5,5,5,5,5,5
46,489,478,480,474,469,468,464,468,486,482,483,477,468,473,471,465,490,490,483,479,476,483,470,464,496,497,490,487,482,483,474,472,500,497,490,489,488,484,483,479,507,499,497,492,489,492,490,484,509,508,497,500,489,492,497,494,511,506,507,506,501,500,495,489,3,3,3,3,2,3,3,3,3,3,3,2,3,2,3,3,3,3,3,3,2,3,2,3,3,3,3,3,2,3,3,3,3,3,3,3,3,3,3,3,3,4,3,3,3,3,4,3,3,4,3,3,3,3,4,4,4,5,3,4,3,4,4,5,5,5,5,5,5,5,5,5,5,5,5,5,5,5,5,5,5,5,5,5,5,5,5,5,5,5,5,5,5,5,5,5,5,5,5,5,5,5,5,5,5,5,5,5,5,5,5,5,5,5,5,5,5,5,5,5,5,5,5,5,5,5,5,5
47,483,483,475,475,474,468,471,463,486,484,472,484,478,470,471,469,494,492,484,481,477,476,470,473,494,498,488,483,483,482,480,476,498,501,492,492,484,485,484,483,498,500,497,493,487,486,484,484,511,509,499,496,498,492,489,492,517,510,506,499,500,499,489,496,4,3,3,3,3,3,3,3,3,3,3,3,3,2,3,3,3,4,3,3,2,3,3,3,4,3,3,3,3,3,3,3,4,3,3,3,3,3,3,4,4,4,3,3,3,3,3,3,4,4,3,3,3,3,3,4,5,5,3,4,4,4,4,6,5,5,5,5,5,5,5,5,5,5,5,5,5,5,5,5,5,5,5,5,5,5,5,5,5,5,5,5,5,5,5,5,5,5,5,5,5,5,5,5,5,5,5,5,5,5,5,5,5,5,5,5,5,5,5,5,5,5,5,5,5,5,5,5
48,483,481,476,470,472,466,464,463,488,484,478,476,469,476,471,468,486,487,486,482,479,473,472,472,492,491,492,489,481,480,478,470,503,502,495,490,496,485,475,484,504,496,506,495,487,486,483,477,511,508,503,503,495,499,485,483,502,507,508,498,497,500,497,485,3,3,3,3,2,2,3,3,3,3,3,2,2,2,3,3,3,3,3,3,2,2,3,3,3,3,3,3,3,2,3,3,3,3,3,3,3,3,2,3,3,3,4,3,3,3,3,3,4,4,3,3,3,3,4,4,4,5,3,4,4,3,3,5,5,5,5,5,5,5,5,5,5,5,5,5,5,5,5,5,5,5,5,5,5,5,5,5,5,5,5,5,5,5,5,5,5,5,5,5,5,5,5,5,5,5,5,5,5,5,5,5,5,5,5,5,5,5,5,5,5,5,5,5,5,5,5,5
49,484,483,475,476,465,469,468,464,488,483,476,478,476,471,470,467,490,482,481,483,479,468,476,480,500,489,487,487,481,480,478,474,491,496,493,491,488,482,480,476,503,494,496,495,492,489,488,475,517,509,503,495,493,490,502,493,513,514,504,516,497,489,493,486,4,3,3,3,2,3,3,3,3,3,3,3,2,2,3,3,3,4,3,3,3,3,3,3,3,3,3,2,3,3,3,3,4,4,3,3,3,3,3,3,4,4,3,4,3,3,4,3,4,4,3,4,3,4,4,4,4,4,3,5,3,4,4,5,5,5,5,5,5,5,5,5,5,5,5,5,5,5,5,5,5,5,5,5,5,5,5,5,5,5,5,5,5,5,5,5,5,5,5,5,5,5,5,5,5,5,5,5,5,5,5,5,5,5,5,5,5,5,5,5,5,5,5,5,5,5,5,5
50,482,477,479,476,469,470,464,464,490,482,480,479,477,470,468,465,491,491,484,483,479,472,475,473,494,490,491,481,475,480,474,472,504,495,494,490,487,484,481,483,502,495,500,495,492,492,488,484,510,508,507,493,492,492,488,489,508,505,503,503,496,500,494,499,3,3,3,3,2,3,3,3,3,2,3,2,3,2,2,3,3,4,3,3,2,3,3,3,3,3,3,2,3,3,2,3,3,3,3,3,3,3,3,4,3,3,3,3,3,3,3,3,3,4,3,4,3,3,3,4,4,5,3,4,4,3,4,5,5,5,5,5,5,5,5,5,5,5,5,5,5,5,5,5,5,5,5,5,5,5,5,5,5,5,5,5,5,5,5,5,5,5,5,5,5,5,5,5,5,5,5,5,5,5,5,5,5,5,5,5,5,5,5,5,5,5,5,5,5,5,5,5
51,489,483,474,482,473,469,468,461,488,479,483,479,477,471,471,469,494,487,486,477,480,476,470,470,498,493,490,481,478,481,478,478,501,501,491,482,484,484,479,478,506,497,495,489,488,486,485,483,512,506,506,494,498,489,490,490,512,514,503,513,494,497,502,489,3,3,3,3,3,3,2,3,3,3,3,3,3,2,3,3,3,4,3,3,2,3,3,3,3,3,3,3,3,3,3,4,4,4,3,3,3,3,3,3,3,4,4,3,3,3,3,4,4,5,4,3,3,3,3,4,4,5,3,4,4,3,4,5,5,5,5,5,5,5,5,5,5,5,5,5,5,5,5,5,5,5,5,5,5,5,5,5,5,5,5,5,5,5,5,5,5,5,5,5,5,5,5,5,5,5,5,5,5,5,5,5,5,5,5,5,5,5,5,5,5,5,5,5,5,5,5,5
52,483,483,481,470,477,468,466,465,479,485,481,477,477,473,469,469,494,482,486,475,481,474,470,472,495,489,485,485,484,476,475,475,498,493,491,492,488,483,485,481,499,493,500,499,486,485,484,487,507,512,500,504,488,486,488,484,512,515,505,502,498,494,496,494,4,3,3,3,3,2,3,3,3,3,3,2,3,2,2,3,3,4,3,3,2,2,3,3,3,3,2,3,2,2,3,3,3,3,3,3,3,3,3,3,4,4,3,4,3,3,3,3,4,4,3,3,3,3,3,3,4,4,3,4,4,4,4,4,5,5,5,5,5,5,5,5,5,5,5,5,5,5,5,5,5,5,5,5,5,5,5,5,5,5,5,5,5,5,5,5,5,5,5,5,5,5,5,5,5,5,5,5,5,5,5,5,5,5,5,5,5,5,5,5,5,5,5,5,5,5,5,5
53,481,479,477,466,472,471,468,455,490,480,480,477,478,475,475,458,485,487,486,486,482,470,470,472,503,497,488,486,483,482,479,470,503,498,490,488,489,488,482,471,505,498,503,493,495,488,483,487,507,510,500,494,492,492,494,492,513,504,501,507,500,495,489,491,4,3,3,3,3,3,3,3,3,3,3,3,3,2,3,3,4,4,3,3,3,3,3,3,3,4,3,3,3,3,3,3,4,3,3,3,3,3,3,3,4,4,4,3,3,3,3,3,4,4,4,4,3,4,3,4,4,5,3,4,4,4,4,5,5,5,5,5,5,5,5,5,5,5,5,5,5,5,5,5,5,5,5,5,5,5,5,5,5,5,5,5,5,5,5,5,5,5,5,5,5,5,5,5,5,5,5,5,5,5,5,5,5,5,5,5,5,5,5,5,5,5,5,5,5,5,5,5
54,483,485,479,473,469,465,467,467,488,485,483,478,473,473,471,462,491,487,482,485,481,477,474,472,496,492,493,484,484,477,476,470,497,492,490,491,486,487,484,485,503,503,496,489,492,488,488,486,516,502,500,496,492,486,486,492,511,506,507,503,498,497,491,486,3,3,3,3,2,3,3,3,3,3,3,2,2,2,2,2,3,4,3,3,2,3,3,3,3,3,3,3,3,2,2,3,3,3,3,3,2,3,3,3,3,3,3,3,3,3,4,3,4,4,3,3,3,3,3,4,4,4,3,4,3,3,4,5,5,5,5,5,5,5,5,5,5,5,5,5,5,5,5,5,5,5,5,5,5,5,5,5,5,5,5,5,5,5,5,5,5,5,5,5,5,5,5,5,5,5,5,5,5,5,5,5,5,5,5,5,5,5,5,5,5,5,5,5,5,5,5,5
55,487,480,470,472,470,473,467,466,488,480,485,478,470,471,470,469,502,496,489,481,479,476,467,470,499,496,490,483,492,479,479,472,489,497,494,494,494,490,483,480,500,496,500,497,495,489,479,481,505,504,494,502,492,496,489,481,504,504,506,508,505,500,500,489,4,3,3,3,2,3,3,3,3,3,3,3,3,3,3,3,4,3,3,3,2,2,3,3,3,3,3,3,3,3,3,3,4,3,3,3,3,3,3,4,3,4,4,3,3,3,3,4,4,4,3,3,3,3,3,3,4,5,4,4,3,4,4,6,5,5,5,5,5,5,5,5,5,5,5,5,5,5,5,5,5,5,5,5,5,5,5,5,5,5,5,5,5,5,5,5,5,5,5,5,5,5,5,5,5,5,5,5,5,5,5,5,5,5,5,5,5,5,5,5,5,5,5,5,5,5,5,5
56,481,482,472,476,476,467,465,462,491,484,480,476,472,470,472,469,495,485,483,484,478,476,477,475,498,493,494,484,481,481,480,471,504,498,497,488,486,482,482,475,503,505,490,492,501,489,488,485,515,507,504,500,494,487,492,487,515,510,508,503,498,499,493,495,3,3,3,3,3,3,3,3,3,2,2,2,2,2,3,3,3,3,3,3,2,2,3,3,3,3,3,2,3,2,3,3,3,3,3,3,3,3,3,3,3,3,3,3,3,3,3,3,3,4,3,3,3,3,3,3,4,5,3,4,4,3,4,6,5,5,5,5,5,5,5,5,5,5,5,5,5,5,5,5,5,5,5,5,5,5,5,5,5,5,5,5,5,5,5,5,5,5,5,5,5,5,5,5,5,5,5,5,5,5,5,5,5,5,5,5,5,5,5,5,5,5,5,5,5,5,5,5
57,487,480,475,475,473,469,469,462,486,485,480,478,474,469,474,464,495,492,483,483,477,472,474,476,500,495,489,489,490,484,473,473,500,498,493,496,484,483,481,482,502,507,505,491,493,484,487,478,505,503,504,495,493,490,491,482,512,513,511,502,501,496,494,490,3,3,3,3,3,3,3,3,3,2,3,3,3,2,3,3,3,3,3,3,2,3,3,3,4,3,3,3,2,3,3,3,4,3,3,3,3,2,3,4,3,4,3,3,3,3,3,4,5,4,3,3,4,4,3,4,4,4,4,4,3,3,4,5,5,5,5,5,5,5,5,5,5,5,5,5,5,5,5,5,5,5,5,5,5,5,5,5,5,5,5,5,5,5,5,5,5,5,5,5,5,5,5,5,5,5,5,5,5,5,5,5,5,5,5,5,5,5,5,5,5,5,5,5,5,5,5,5
58,482,479,473,472,470,464,465,462,490,487,481,476,479,464,470,468,490,485,482,479,478,477,473,470,492,492,488,480,485,481,472,478,497,498,489,487,489,482,477,478,506,497,496,497,496,487,486,487,502,502,501,498,497,489,490,488,515,513,513,510,497,489,498,497,3,2,3,3,2,2,3,3,3,3,3,2,2,2,2,3,3,4,3,3,2,3,3,3,3,3,3,3,2,2,3,3,3,3,3,3,3,3,2,3,3,4,3,3,4,3,3,3,4,4,3,3,3,4,3,4,4,4,4,4,3,4,4,5,5,5,5,5,5,5,5,5,5,5,5,5,5,5,5,5,5,5,5,5,5,5,5,5,5,5,5,5,5,5,5,5,5,5,5,5,5,5,5,5,5,5,5,5,5,5,5,5,5,5,5,5,5,5,5,5,5,5,5,5,5,5,5,5
59,487,480,472,471,468,470,468,464,485,489,478,477,476,471,471,467,495,491,487,485,479,478,476,477,493,495,491,485,483,481,480,472,502,501,498,495,487,487,480,468,506,497,495,494,495,489,494,481,507,513,501,494,500,492,489,487,512,514,502,497,505,504,494,497,4,3,3,3,2,3,3,3,3,3,3,2,2,3,3,3,3,3,3,3,2,3,3,3,4,3,3,2,3,3,3,3,4,4,3,3,3,3,3,3,4,4,3,3,4,3,4,4,4,5,4,4,3,4,3,4,4,5,3,4,4,3,4,5,5,5,5,5,5,5,5,5,5,5,5,5,5,5,5,5,5,5,5,5,5,5,5,5,5,5,5,5,5,5,5,5,5,5,5,5,5,5,5,5,5,5,5,5,5,5,5,5,5,5,5,5,5,5,5,5,5,5,5,5,5,5,5,5
60,482,481,479,479,470,466,462,465,484,489,478,481,477,474,473,472,487,485,479,481,482,478,474,472,498,489,485,482,482,481,478,470,497,496,493,491,489,483,483,475,505,493,497,488,487,491,485,482,511,513,507,503,496,486,495,483,517,519,503,500,504,502,495,498,4,3,2,3,2,3,3,3,3,2,3,3,2,2,3,3,3,3,3,3,2,2,3,3,3,3,3,2,3,2,3,3,3,3,3,3,3,2,3,3,3,3,3,3,3,3,3,3,4,4,3,3,3,3,3,4,4,4,3,4,3,3,4,4,5,5,5,5,5,5,5,5,5,5,5,5,5,5,5,5,5,5,5,5,5,5,5,5,5,5,5,5,5,5,5,5,5,5,5,5,5,5,5,5,5,5,5,5,5,5,5,5,5,5,5,5,5,5,5,5,5,5,5,5,5,5,5,5
61,484,484,481,472,468,466,467,459,492,482,479,484,476,470,471,466,498,489,484,485,476,479,477,475,497,494,496,485,485,480,474,477,496,494,495,493,488,484,481,477,496,503,496,492,492,492,486,485,503,505,505,502,495,493,491,491,516,504,502,505,506,495,497,486,4,3,3,3,3,3,3,3,3,3,3,3,3,2,3,3,4,4,3,3,2,3,3,2,4,3,3,3,3,3,3,4,4,3,3,3,3,3,3,3,3,3,4,3,3,3,3,3,4,4,3,4,3,3,3,4,5,5,4,4,3,4,4,5,5,5,5,5,5,5,5,5,5,5,5,5,5,5,5,5,5,5,5,5,5,5,5,5,5,5,5,5,5,5,5,5,5,5,5,5,5,5,5,5,5,5,5,5,5,5,5,5,5,5,5,5,5,5,5,5,5,5,5,5,5,5,5,5
62,485,483,480,481,469,471,469,467,485,483,479,478,474,470,467,462,493,489,485,479,476,473,474,473,499,494,489,482,481,477,477,478,500,500,495,493,494,491,476,479,511,497,492,486,489,489,488,483,511,504,503,502,496,491,496,494,511,503,504,505,495,493,495,493,3,3,3,3,2,3,3,3,3,2,3,3,2,2,2,3,3,4,3,3,2,3,2,3,3,3,3,2,3,2,3,3,3,3,3,3,3,3,3,3,4,4,3,3,3,3,3,3,4,4,3,3,3,4,3,4,4,4,3,4,4,3,4,6,5,5,5,5,5,5,5,5,5,5,5,5,5,5,5,5,5,5,5,5,5,5,5,5,5,5,5,5,5,5,5,5,5,5,5,5,5,5,5,5,5,5,5,5,5,5,5,5,5,5,5,5,5,5,5,5,5,5,5,5,5,5,5,5
63,484,481,473,477,473,465,468,467,489,481,474,480,478,476,468,466,494,486,486,483,474,479,472,472,498,494,488,484,485,479,479,467,502,495,491,485,487,482,486,478,504,502,494,492,494,490,487,490,509,500,503,495,489,497,492,492,514,510,505,497,499,494,505,499,3,3,3,3,2,3,3,3,3,3,3,3,3,2,2,3,4,4,3,3,3,3,3,3,3,3,3,2,3,3,3,3,4,3,3,3,3,3,3,3,3,3,3,3,3,3,4,3,4,4,4,4,3,3,4,4,4,6,3,4,3,3,4,5,5,5,5,5,5,5,5,5,5,5,5,5,5,5,5,5,5,5,5,5,5,5,5,5,5,5,5,5,5,5,5,5,5,5,5,5,5,5,5,5,5,5,5,5,5,5,5,5,5,5,5,5,5,5,5,5,5,5,5,5,5,5,5,5
64,482,486,474,474,471,468,465,458,490,479,479,484,477,470,466,463,494,487,481,484,480,481,467,471,502,488,486,490,481,478,475,472,505,501,495,484,488,485,483,476,506,500,494,492,492,486,489,482,510,507,500,497,499,490,489,487,514,501,511,497,502,499,492,493,3,3,3,3,2,3,3,3,3,2,3,3,2,2,2,3,3,4,3,3,2,3,2,3,3,3,3,2,3,2,3,3,4,3,3,3,3,3,3,3,3,3,3,3,3,3,3,3,4,4,3,3,3,3,3,3,4,4,3,4,3,3,3,6,5,5,5,5,5,5,5,5,5,5,5,5,5,5,5,5,5,5,5,5,5,5,5,5,5,5,5,5,5,5,5,5,5,5,5,5,5,5,5,5,5,5,5,5,5,5,5,5,5,5,5,5,5,5,5,5,5,5,5,5,5,5,5,5
65,489,483,476,470,470,470,464,466,488,485,481,475,473,466,469,465,491,488,489,482,480,475,476,471,496,485,490,486,478,482,480,478,504,493,492,490,489,487,484,475,507,498,502,493,495,485,488,487,516,507,507,503,492,493,492,492,517,522,501,507,497,485,495,494,4,3,3,3,2,3,3,3,3,3,3,3,2,2,3,3,3,4,3,3,2,3,3,3,3,3,3,3,3,3,3,3,3,3,3,3,3,3,3,3,4,4,3,3,4,3,3,3,3,4,4,3,3,3,3,4,4,5,3,4,3,4,3,5,5,5,5,5,5,5,5,5,5,5,5,5,5,5,5,5,5,5,5,5,5,5,5,5,5,5,5,5,5,5,5,5,5,5,5,5,5,5,5,5,5,5,5,5,5,5,5,5,5,5,5,5,5,5,5,5,5,5,5,5,5,5,5,5
66,481,479,480,477,473,471,465,464,489,485,476,479,476,470,475,466,491,495,488,481,479,476,470,474,500,494,490,479,480,485,480,478,492,491,488,490,486,485,481,472,504,496,497,493,492,488,480,486,515,511,500,498,491,488,492,488,514,500,506,506,497,500,492,487,3,3,3,3,3,3,3,3,3,2,2,3,2,2,3,3,3,3,3,3,2,3,2,3,3,3,3,2,2,2,3,3,3,3,3,3,3,3,3,3,3,3,3,3,3,3,3,3,3,4,3,3,3,3,3,4,4,5,3,4,4,3,4,5,5,5,5,5,5,5,5,5,5,5,5,5,5,5,5,5,5,5,5,5,5,5,5,5,5,5,5,5,5,5,5,5,5,5,5,5,5,5,5,5,5,5,5,5,5,5,5,5,5,5,5,5,5,5,5,5,5,5,5,5,5,5,5,5
67,487,480,475,474,470,465,467,463,489,481,484,476,481,473,473,460,496,482,489,487,480,477,478,466,501,494,495,487,482,474,476,470,502,495,495,491,492,479,484,480,501,503,497,496,491,490,482,480,506,510,504,495,497,493,488,488,495,504,506,505,504,488,500,492,4,3,3,3,2,2,3,3,3,3,3,3,3,2,3,3,3,4,3,3,2,3,3,3,4,4,3,3,3,3,3,3,4,3,3,3,3,3,3,3,4,4,4,4,3,3,3,3,4,4,4,4,3,3,3,4,4,5,3,4,3,3,4,5,5,5,5,5,5,5,5,5,5,5,5,5,5,5,5,5,5,5,5,5,5,5,5,5,5,5,5,5,5,5,5,5,5,5,5,5,5,5,5,5,5,5,5,5,5,5,5,5,5,5,5,5,5,5,5,5,5,5,5,5,5,5,5,5
68,483,482,476,476,468,463,465,466,496,483,479,474,476,466,473,469,496,492,484,487,480,478,472,469,499,490,488,489,482,485,475,474,503,494,493,488,491,490,483,475,508,494,498,491,493,489,486,484,511,502,497,497,495,487,486,481,508,511,501,502,503,499,496,485,3,3,3,3,2,2,3,3,3,3,3,3,2,2,3,3,3,4,3,3,2,2,2,3,3,3,3,3,3,2,3,3,4,3,3,3,3,3,3,3,4,3,3,3,3,3,3,3,3,3,3,4,3,3,3,3,4,5,3,3,3,3,4,5,5,5,5,5,5,5,5,5,5,5,5,5,5,5,5,5,5,5,5,5,5,5,5,5,5,5,5,5,5,5,5,5,5,5,5,5,5,5,5,5,5,5,5,5,5,5,5,5,5,5,5,5,5,5,5,5,5,5,5,5,5,5,5,5
69,489,482,481,468,466,464,467,461,489,484,482,484,474,470,471,468,491,492,482,481,474,474,480,470,497,492,489,483,487,482,475,467,491,493,497,492,483,491,483,478,510,501,499,490,490,489,481,479,518,500,509,500,497,499,486,486,515,512,505,503,506,500,496,485,4,3,3,3,3,3,3,3,3,3,3,3,2,3,3,3,4,3,3,3,3,3,3,3,3,3,3,3,3,3,3,3,5,3,3,3,3,3,3,4,4,3,4,3,3,3,3,3,5,4,3,3,4,3,3,3,4,4,3,4,3,3,4,6,5,5,5,5,5,5,5,5,5,5,5,5,5,5,5,5,5,5,5,5,5,5,5,5,5,5,5,5,5,5,5,5,5,5,5,5,5,5,5,5,5,5,5,5,5,5,5,5,5,5,5,5,5,5,5,5,5,5,5,5,5,5,5,5
70,480,472,479,474,471,468,466,464,491,483,483,478,477,472,472,464,494,493,484,484,479,474,473,469,497,490,492,485,481,478,480,477,501,494,494,493,492,478,483,478,500,504,494,498,488,483,486,489,502,505,501,494,490,494,490,487,520,503,504,509,501,497,498,491,3,3,3,3,3,3,3,3,3,3,3,3,3,2,2,3,3,3,3,3,2,3,2,3,4,3,3,2,3,2,3,3,3,3,3,3,3,3,3,3,3,3,3,3,3,3,3,3,3,4,4,4,3,4,3,3,5,4,3,4,4,3,3,6,5,5,5,5,5,5,5,5,5,5,5,5,5,5,5,5,5,5,5,5,5,5,5,5,5,5,5,5,5,5,5,5,5,5,5,5,5,5,5,5,5,5,5,5,5,5,5,5,5,5,5,5,5,5,5,5,5,5,5,5,5,5,5,5
71,489,481,478,467,467,473,461,463,490,486,484,479,477,474,473,467,488,492,477,488,479,471,471,474,495,492,495,482,482,485,473,476,504,494,488,487,488,482,485,477,511,498,500,489,492,488,485,483,512,498,504,497,499,491,494,485,518,521,508,503,495,499,496,498,4,3,3,3,2,3,3,3,3,3,3,3,3,3,3,3,4,3,3,3,2,3,3,3,3,3,3,2,3,3,3,3,4,3,3,3,3,3,3,4,4,4,4,3,3,3,3,3,3,4,3,4,3,4,3,4,5,5,3,5,3,3,4,6,5,5,5,5,5,5,5,5,5,5,5,5,5,5,5,5,5,5,5,5,5,5,5,5,5,5,5,5,5,5,5,5,5,5,5,5,5,5,5,5,5,5,5,5,5,5,5,5,5,5,5,5,5,5,5,5,5,5,5,5,5,5,5,5
72,486,482,477,481,470,476,470,465,490,482,483,479,478,468,470,463,490,493,481,485,477,475,476,470,508,497,489,483,483,478,475,469,495,491,495,494,487,484,484,470,507,495,500,496,490,483,484,483,505,505,506,499,494,493,492,490,513,501,507,505,503,491,494,493,4,3,3,2,2,3,3,3,3,3,3,3,2,2,2,3,3,3,3,2,2,2,3,3,3,3,3,2,2,2,3,3,3,3,3,3,3,3,3,3,3,3,3,3,3,3,3,3,4,4,3,3,3,3,3,3,4,5,4,4,3,3,3,5,5,5,5,5,5,5,5,5,5,5,5,5,5,5,5,5,5,5,5,5,5,5,5,5,5,5,5,5,5,5,5,5,5,5,5,5,5,5,5,5,5,5,5,5,5,5,5,5,5,5,5,5,5,5,5,5,5,5,5,5,5,5,5,5
73,489,485,473,465,475,470,469,467,485,485,483,480,476,471,471,464,499,481,486,488,483,475,470,473,500,493,492,488,483,474,478,471,508,502,490,492,487,486,480,484,503,504,504,493,491,485,477,490,513,504,502,496,499,486,488,498,510,504,504,503,499,500,498,501,4,3,3,3,3,3,3,3,3,3,3,3,3,3,3,3,3,4,3,3,2,3,3,3,4,3,3,2,2,3,3,3,4,4,3,3,3,3,3,3,3,4,4,3,3,3,3,3,3,4,3,3,4,4,3,4,5,5,4,4,4,4,4,5,5,5,5,5,5,5,5,5,5,5,5,5,5,5,5,5,5,5,5,5,5,5,5,5,5,5,5,5,5,5,5,5,5,5,5,5,5,5,5,5,5,5,5,5,5,5,5,5,5,5,5,5,5,5,5,5,5,5,5,5,5,5,5,5
74,489,483,475,475,471,475,459,458,491,486,483,481,472,475,474,468,489,488,487,487,480,473,476,474,498,491,487,486,483,476,475,478,500,494,487,498,484,488,482,483,505,498,492,499,496,492,485,486,512,505,499,495,496,484,490,493,508,513,507,503,489,492,493,490,4,3,3,3,2,3,2,3,3,3,3,3,2,2,2,3,3,4,3,3,2,2,3,3,3,3,3,2,3,2,3,3,4,3,3,3,2,3,3,3,3,4,3,3,3,3,3,3,4,4,3,4,3,3,3,4,4,4,3,3,4,3,4,5,5,5,5,5,5,5,5,5,5,5,5,5,5,5,5,5,5,5,5,5,5,5,5,5,5,5,5,5,5,5,5,5,5,5,5,5,5,5,5,5,5,5,5,5,5,5,5,5,5,5,5,5,5,5,5,5,5,5,5,5,5,5,5,5
75,478,489,475,472,471,473,467,460,492,480,480,476,475,471,469,474,486,487,482,480,477,480,472,474,494,494,489,492,482,484,477,481,500,503,493,494,486,487,486,480,507,494,500,500,486,487,483,483,508,503,499,492,492,497,492,492,509,513,503,498,503,501,498,494,4,3,3,3,3,3,3,3,3,3,3,3,3,2,3,2,3,4,3,3,2,3,3,3,4,3,3,3,3,3,3,3,3,3,3,3,3,3,3,3,3,4,4,4,3,3,3,4,4,4,3,4,4,3,3,4,4,5,4,4,4,4,4,5,5,5,5,5,5,5,5,5,5,5,5,5,5,5,5,5,5,5,5,5,5,5,5,5,5,5,5,5,5,5,5,5,5,5,5,5,5,5,5,5,5,5,5,5,5,5,5,5,5,5,5,5,5,5,5,5,5,5,5,5,5,5,5,5
76,481,482,476,473,469,468,469,460,483,486,483,475,476,470,470,464,495,490,479,487,475,476,474,469,499,499,486,488,479,477,478,478,502,495,491,492,486,482,478,477,511,496,497,489,492,488,484,487,512,504,498,499,495,491,492,496,513,507,508,503,504,490,495,487,3,3,3,3,2,2,2,2,3,3,3,2,2,2,3,3,3,4,3,3,2,3,2,3,3,3,3,3,3,3,3,3,4,3,3,2,3,3,3,3,4,3,3,3,3,3,3,3,3,4,3,3,3,4,3,4,5,4,3,4,3,3,3,5,5,5,5,5,5,5,5,5,5,5,5,5,5,5,5,5,5,5,5,5,5,5,5,5,5,5,5,5,5,5,5,5,5,5,5,5,5,5,5,5,5,5,5,5,5,5,5,5,5,5,5,5,5,5,5,5,5,5,5,5,5,5,5,5
77,489,480,480,478,475,470,460,468,486,482,475,476,476,469,469,467,495,489,480,487,481,478,474,477,498,485,488,481,487,481,481,467,497,493,495,489,492,480,485,479,510,493,493,490,495,491,482,479,505,504,495,497,494,492,492,490,511,508,506,507,503,498,498,492,4,3,3,3,2,3,3,3,3,3,2,3,2,3,3,3,4,4,3,3,2,3,3,3,4,3,3,2,3,3,3,3,4,3,3,3,3,2,3,4,4,3,3,3,3,3,3,3,4,4,4,4,3,4,4,4,4,5,4,4,4,3,4,7,5,5,5,5,5,5,5,5,5,5,5,5,5,5,5,5,5,5,5,5,5,5,5,5,5,5,5,5,5,5,5,5,5,5,5,5,5,5,5,5,5,5,5,5,5,5,5,5,5,5,5,5,5,5,5,5,5,5,5,5,5,5,5,5
78,484,478,473,479,472,469,462,469,489,481,481,470,476,470,475,466,491,486,489,481,479,478,472,474,497,490,483,484,486,483,480,469,501,491,491,491,485,485,481,478,503,499,494,492,486,487,486,481,507,503,508,501,491,489,493,494,512,513,504,502,494,501,498,493,3,3,3,3,2,3,3,3,3,3,3,2,2,2,3,3,3,4,3,3,2,2,3,3,3,3,3,2,2,3,3,3,3,3,3,3,3,3,3,3,3,4,3,3,3,3,3,3,4,4,3,3,3,3,3,4,4,4,3,3,4,3,4,5,5,5,5,5,5,5,5,5,5,5,5,5,5,5,5,5,5,5,5,5,5,5,5,5,5,5,5,5,5,5,5,5,5,5,5,5,5,5,5,5,5,5,5,5,5,5,5,5,5,5,5,5,5,5,5,5,5,5,5,5,5,5,5,5
79,485,480,480,471,472,467,463,466,491,480,485,476,481,474,473,467,491,492,489,482,482,476,473,476,496,496,487,488,480,476,478,475,492,502,491,487,486,482,483,482,504,501,500,498,498,485,485,480,503,508,505,495,494,488,492,490,497,496,500,500,494,498,493,491,4,3,3,3,3,3,3,3,3,3,3,3,3,3,3,3,3,4,3,3,2,3,3,3,3,3,3,3,3,3,3,3,3,4,3,3,3,3,3,4,4,4,4,3,3,3,4,3,4,4,4,4,3,4,3,3,4,5,3,4,4,4,4,4,5,5,5,5,5,5,5,5,5,5,5,5,5,5,5,5,5,5,5,5,5,5,5,5,5,5,5,5,5,5,5,5,5,5,5,5,5,5,5,5,5,5,5,5,5,5,5,5,5,5,5,5,5,5,5,5,5,5,5,5,5,5,5,5
80,482,482,475,478,469,467,467,467,481,484,477,478,477,471,474,472,483,485,488,486,477,477,478,468,499,493,489,487,489,476,473,477,504,493,494,492,485,481,486,478,508,501,491,494,487,487,484,476,505,500,502,495,501,489,493,487,505,499,507,500,501,494,506,485,3,3,3,3,2,3,3,3,3,3,2,3,2,2,3,3,4,3,3,3,2,3,3,3,3,3,3,2,2,2,2,3,3,3,3,3,3,2,3,3,3,4,3,3,3,3,3,3,4,4,3,3,3,3,3,4,4,4,4,4,3,4,4,5,5,5,5,5,5,5,5,5,5,5,5,5,5,5,5,5,5,5,5,5,5,5,5,5,5,5,5,5,5,5,5,5,5,5,5,5,5,5,5,5,5,5,5,5,5,5,5,5,5,5,5,5,5,5,5,5,5,5,5,5,5,5,5,5
81,491,483,481,483,469,466,468,467,485,487,484,480,468,471,468,469,494,494,485,477,480,480,472,475,487,486,491,491,474,481,480,476,503,502,489,488,488,490,481,474,507,505,495,491,493,488,486,485,509,504,500,491,491,494,493,490,524,508,502,503,494,489,496,506,4,3,3,3,3,3,3,3,4,3,3,3,3,3,3,3,4,4,3,3,3,3,3,3,4,3,3,3,3,3,3,3,4,4,3,3,3,3,3,3,4,3,3,4,3,3,4,3,4,4,3,4,3,3,3,4,5,5,3,4,4,4,4,5,5,5,5,5,5,5,5,5,5,5,5,5,5,5,5,5,5,5,5,5,5,5,5,5,5,5,5,5,5,5,5,5,5,5,5,5,5,5,5,5,5,5,5,5,5,5,5,5,5,5,5,5,5,5,5,5,5,5,5,5,5,5,5,5
82,482,485,478,474,468,468,465,461,483,485,480,474,482,472,477,468,492,491,485,486,474,467,470,467,502,486,490,483,478,479,474,475,495,499,491,494,491,486,487,485,500,503,489,489,483,486,485,476,505,505,502,499,487,494,492,492,512,516,506,503,505,496,495,490,3,3,3,3,2,3,3,3,3,3,3,2,2,2,3,3,3,3,3,3,2,3,3,3,3,3,3,3,3,2,3,3,4,3,3,3,3,2,3,2,3,3,3,3,3,3,3,3,4,4,3,3,3,3,3,4,4,5,3,4,3,3,4,6,5,5,5,5,5,5,5,5,5,5,5,5,5,5,5,5,5,5,5,5,5,5,5,5,5,5,5,5,5,5,5,5,5,5,5,5,5,5,5,5,5,5,5,5,5,5,5,5,5,5,5,5,5,5,5,5,5,5,5,5,5,5,5,5
83,487,486,476,478,471,469,463,458,490,484,484,482,472,471,471,472,489,498,480,482,481,478,471,470,489,491,492,485,486,480,480,478,499,499,490,487,487,482,485,480,506,505,499,498,485,482,477,482,505,513,503,498,491,496,489,490,504,510,505,499,499,495,500,491,4,3,3,3,3,3,3,3,4,3,3,3,3,3,3,3,3,4,3,3,2,3,3,3,4,3,3,2,3,3,3,3,4,3,3,3,3,3,3,3,4,3,4,4,3,3,3,3,5,4,3,3,3,4,3,4,5,5,4,4,3,3,4,6,5,5,5,5,5,5,5,5,5,5,5,5,5,5,5,5,5,5,5,5,5,5,5,5,5,5,5,5,5,5,5,5,5,5,5,5,5,5,5,5,5,5,5,5,5,5,5,5,5,5,5,5,5,5,5,5,5,5,5,5,5,5,5,5
84,487,476,476,474,472,467,469,468,487,481,479,478,476,468,467,469,489,492,482,482,478,474,473,466,498,490,488,482,483,481,480,473,500,500,492,495,488,482,482,479,506,499,501,490,495,488,484,484,502,502,501,499,497,491,494,485,513,513,507,503,501,488,491,490,4,3,3,3,2,3,3,3,3,3,3,2,2,2,3,3,3,3,3,3,2,2,3,3,3,3,3,2,3,2,3,3,3,3,3,3,3,3,3,3,3,3,3,3,3,3,3,3,3,4,3,3,3,3,3,4,4,4,3,4,3,4,3,5,5,5,5,5,5,5,5,5,5,5,5,5,5,5,5,5,5,5,5,5,5,5,5,5,5,5,5,5,5,5,5,5,5,5,5,5,5,5,5,5,5,5,5,5,5,5,5,5,5,5,5,5,5,5,5,5,5,5,5,5,5,5,5,5
85,476,482,477,476,473,469,469,467,488,482,486,481,465,472,471,462,493,480,484,479,482,472,472,477,502,495,485,485,488,479,480,472,501,500,490,496,486,485,482,478,500,502,496,489,490,484,484,489,506,510,501,492,497,482,483,489,509,507,507,498,498,499,498,492,4,3,3,3,3,3,3,3,3,3,3,3,3,2,3,3,4,3,3,3,2,3,3,3,4,4,3,3,3,3,3,3,4,4,3,3,3,3,3,4,3,3,4,3,3,3,3,3,4,4,3,4,3,3,4,4,4,5,3,5,3,4,4,5,5,5,5,5,5,5,5,5,5,5,5,5,5,5,5,5,5,5,5,5,5,5,5,5,5,5,5,5,5,5,5,5,5,5,5,5,5,5,5,5,5,5,5,5,5,5,5,5,5,5,5,5,5,5,5,5,5,5,5,5,5,5,5,5
86,489,480,475,474,471,470,465,463,489,485,483,483,474,473,469,468,492,489,487,479,481,474,468,472,490,494,489,485,486,484,474,476,501,505,493,490,487,486,478,479,505,495,498,494,496,486,484,480,507,500,500,495,496,493,486,489,514,512,500,501,500,506,489,488,4,3,3,3,2,3,3,3,3,3,3,3,3,2,3,3,3,4,3,3,2,2,2,3,4,3,3,3,2,2,3,3,3,3,3,3,3,2,3,3,4,3,3,3,3,3,3,3,3,4,3,4,3,3,3,4,3,4,3,4,3,3,3,5,5,5,5,5,5,5,5,5,5,5,5,5,5,5,5,5,5,5,5,5,5,5,5,5,5,5,5,5,5,5,5,5,5,5,5,5,5,5,5,5,5,5,5,5,5,5,5,5,5,5,5,5,5,5,5,5,5,5,5,5,5,5,5,5
87,491,479,483,472,469,471,467,468,491,479,482,475,476,476,473,462,490,483,479,479,478,480,471,472,496,498,490,483,483,479,478,482,503,502,489,488,485,486,483,481,492,509,499,494,488,486,485,489,504,497,500,496,497,496,487,490,519,506,513,501,502,491,503,499,4,3,3,3,2,3,3,3,3,3,3,2,3,3,3,3,3,4,3,3,2,3,2,3,3,3,3,2,3,2,3,3,4,4,3,3,3,3,3,3,3,3,3,3,3,3,3,3,4,4,3,3,3,3,3,4,4,5,4,4,3,4,4,6,5,5,5,5,5,5,5,5,5,5,5,5,5,5,5,5,5,5,5,5,5,5,5,5,5,5,5,5,5,5,5,5,5,5,5,5,5,5,5,5,5,5,5,5,5,5,5,5,5,5,5,5,5,5,5,5,5,5,5,5,5,5,5,5
88,480,474,480,478,467,467,464,464,485,486,487,480,483,469,472,464,491,495,482,483,483,479,477,471,492,492,488,487,484,485,474,473,500,502,490,494,486,483,481,475,500,497,495,496,493,485,488,483,513,503,499,491,494,491,490,494,518,502,508,504,500,494,492,487,3,2,3,3,2,3,3,3,3,3,3,3,2,2,3,3,3,3,3,3,2,2,3,3,4,3,3,3,3,2,3,3,3,3,3,3,3,3,3,3,3,3,4,3,3,3,3,3,3,4,3,4,3,4,3,4,4,5,3,4,3,3,4,5,5,5,5,5,5,5,5,5,5,5,5,5,5,5,5,5,5,5,5,5,5,5,5,5,5,5,5,5,5,5,5,5,5,5,5,5,5,5,5,5,5,5,5,5,5,5,5,5,5,5,5,5,5,5,5,5,5,5,5,5,5,5,5,5
89,489,478,478,475,474,470,470,463,493,484,478,476,470,478,470,465,488,486,489,483,479,468,472,471,495,488,495,485,482,484,475,478,505,495,491,493,490,486,485,479,501,500,502,489,493,491,483,485,502,506,503,498,497,491,487,488,507,507,506,505,512,497,495,485,4,3,3,3,3,3,3,3,4,3,3,3,3,3,3,3,3,4,3,3,2,3,3,3,3,3,3,3,3,3,3,3,4,3,3,3,3,3,3,3,4,3,4,4,3,3,4,3,4,4,3,3,4,3,3,4,4,5,4,4,4,3,3,5,5,5,5,5,5,5,5,5,5,5,5,5,5,5,5,5,5,5,5,5,5,5,5,5,5,5,5,5,5,5,5,5,5,5,5,5,5,5,5,5,5,5,5,5,5,5,5,5,5,5,5,5,5,5,5,5,5,5,5,5,5,5,5,5
90,476,480,475,475,467,467,465,461,483,478,476,478,475,469,470,465,486,491,480,482,481,477,471,476,498,493,490,486,482,482,475,480,501,494,489,493,489,492,482,475,500,494,502,497,496,488,488,482,512,506,507,498,497,489,490,490,513,516,503,499,502,494,493,487,3,3,3,3,2,2,3,3,3,3,2,3,3,2,3,3,3,3,3,3,2,2,2,3,3,3,3,3,3,3,3,3,4,3,3,3,3,3,3,3,3,3,4,3,3,3,3,3,3,4,3,3,3,4,3,4,4,4,3,4,3,4,3,5,5,5,5,5,5,5,5,5,5,5,5,5,5,5,5,5,5,5,5,5,5,5,5,5,5,5,5,5,5,5,5,5,5,5,5,5,5,5,5,5,5,5,5,5,5,5,5,5,5,5,5,5,5,5,5,5,5,5,5,5,5,5,5,5
91,484,483,476,468,471,466,462,467,493,479,487,483,478,475,473,469,492,486,485,485,474,472,469,466,498,493,495,487,479,482,477,467,502,496,495,491,488,482,484,488,511,495,501,491,491,490,483,482,504,502,500,498,495,495,492,490,516,510,505,498,502,492,497,489,3,3,3,3,3,3,3,3,3,3,3,3,3,2,3,3,3,4,3,3,2,2,3,3,3,3,3,3,3,3,3,3,3,3,3,3,3,3,3,4,4,4,4,3,4,3,3,4,4,4,3,4,4,3,4,4,4,6,3,4,3,3,4,5,5,5,5,5,5,5,5,5,5,5,5,5,5,5,5,5,5,5,5,5,5,5,5,5,5,5,5,5,5,5,5,5,5,5,5,5,5,5,5,5,5,5,5,5,5,5,5,5,5,5,5,5,5,5,5,5,5,5,5,5,5,5,5,5
92,479,483,472,473,468,471,468,462,486,482,486,479,477,474,475,467,493,492,489,486,481,475,476,470,492,488,494,488,483,483,479,474,500,497,489,490,490,484,483,475,506,497,497,489,487,490,489,488,510,507,507,497,498,489,498,490,518,501,501,500,494,492,502,490,3,3,3,3,2,3,3,3,3,3,3,2,2,2,2,3,4,3,3,3,2,2,2,3,3,3,3,3,2,2,3,3,4,3,3,3,3,2,3,3,3,4,3,3,3,3,3,3,4,4,3,3,3,3,3,4,4,4,3,4,4,3,4,6,5,5,5,5,5,5,5,5,5,5,5,5,5,5,5,5,5,5,5,5,5,5,5,5,5,5,5,5,5,5,5,5,5,5,5,5,5,5,5,5,5,5,5,5,5,5,5,5,5,5,5,5,5,5,5,5,5,5,5,5,5,5,5,5
93,486,480,471,475,466,469,467,466,498,483,481,480,475,472,470,467,492,485,483,483,481,477,470,471,502,493,493,481,478,481,480,465,504,505,489,489,482,484,480,479,505,494,499,493,492,488,484,484,508,507,504,502,490,500,495,490,502,512,507,493,502,494,493,493,4,3,3,3,2,3,3,3,3,2,3,3,3,2,3,3,4,4,3,3,3,3,3,3,3,3,3,2,3,3,3,3,4,3,3,3,3,3,3,3,4,3,3,3,3,3,4,4,4,4,4,4,3,3,4,4,4,5,4,4,4,3,4,5,5,5,5,5,5,5,5,5,5,5,5,5,5,5,5,5,5,5,5,5,5,5,5,5,5,5,5,5,5,5,5,5,5,5,5,5,5,5,5,5,5,5,5,5,5,5,5,5,5,5,5,5,5,5,5,5,5,5,5,5,5,5,5,5
94,488,478,475,468,469,471,469,463,486,485,477,478,472,468,470,471,495,490,487,482,478,477,473,469,497,489,495,491,490,480,472,482,501,491,494,493,486,483,485,475,504,495,498,491,490,487,480,485,510,508,506,499,495,488,493,490,513,512,510,506,501,485,505,500,3,3,3,3,2,3,2,3,3,3,3,2,2,2,3,3,3,3,3,3,2,3,3,3,3,3,3,3,3,2,3,4,4,3,3,3,3,3,3,3,3,4,3,3,3,3,3,3,4,4,3,3,3,3,3,4,4,4,3,4,3,4,4,4,5,5,5,5,5,5,5,5,5,5,5,5,5,5,5,5,5,5,5,5,5,5,5,5,5,5,5,5,5,5,5,5,5,5,5,5,5,5,5,5,5,5,5,5,5,5,5,5,5,5,5,5,5,5,5,5,5,5,5,5,5,5,5,5
95,496,480,476,474,472,465,469,462,485,487,481,479,479,470,471,468,491,494,484,480,481,476,473,464,498,491,490,488,486,481,484,477,502,497,493,489,486,483,486,480,507,497,498,487,491,482,478,484,506,497,503,496,496,487,492,490,510,510,513,501,500,500,492,496,4,3,3,3,3,3,3,4,4,3,3,3,2,2,3,3,4,3,3,3,2,3,3,3,4,3,3,3,2,3,3,3,4,3,3,3,3,3,3,3,4,4,3,3,3,3,3,4,4,3,4,4,3,4,3,4,5,6,4,4,3,3,4,6,5,5,5,5,5,5,5,5,5,5,5,5,5,5,5,5,5,5,5,5,5,5,5,5,5,5,5,5,5,5,5,5,5,5,5,5,5,5,5,5,5,5,5,5,5,5,5,5,5,5,5,5,5,5,5,5,5,5,5,5,5,5,5,5
96,490,479,481,478,466,469,470,461,488,477,475,479,478,467,471,466,494,488,484,481,478,477,474,471,507,494,485,487,488,478,479,473,501,500,493,493,490,482,475,477,506,497,490,489,493,489,489,484,508,506,504,500,494,498,494,496,517,510,506,498,500,496,492,489,4,3,3,3,2,3,3,3,3,3,2,3,3,2,3,3,4,4,3,3,2,3,3,3,3,3,3,2,2,2,3,3,4,3,3,3,3,2,2,4,3,3,3,3,3,3,3,3,4,4,3,3,3,3,3,4,4,5,4,3,3,3,4,5,5,5,5,5,5,5,5,5,5,5,5,5,5,5,5,5,5,5,5,5,5,5,5,5,5,5,5,5,5,5,5,5,5,5,5,5,5,5,5,5,5,5,5,5,5,5,5,5,5,5,5,5,5,5,5,5,5,5,5,5,5,5,5,5
97,486,479,478,474,468,470,461,465,488,487,482,472,477,468,468,464,490,491,487,481,475,476,470,469,501,492,485,483,485,475,482,470,501,496,485,493,485,481,485,479,507,500,491,494,490,489,489,487,508,507,507,496,489,492,496,486,516,514,508,497,504,486,497,480,4,3,3,3,2,3,3,3,3,3,3,3,3,2,3,3,3,4,3,3,3,3,3,3,4,3,3,2,3,2,3,3,4,3,3,3,3,3,3,3,3,3,3,4,3,3,4,3,5,4,4,4,3,4,3,4,4,4,4,4,3,4,4,5,5,5,5,5,5,5,5,5,5,5,5,5,5,5,5,5,5,5,5,5,5,5,5,5,5,5,5,5,5,5,5,5,5,5,5,5,5,5,5,5,5,5,5,5,5,5,5,5,5,5,5,5,5,5,5,5,5,5,5,5,5,5,5,5
98,481,483,476,473,470,467,464,460,485,476,481,471,477,465,474,467,495,484,484,483,477,474,473,474,499,490,491,486,480,480,474,472,498,495,494,493,486,484,479,478,512,498,498,494,487,482,487,485,503,502,507,495,500,493,492,489,512,504,511,506,501,494,492,494,3,3,3,3,2,2,3,3,3,3,3,2,3,2,3,3,3,4,3,3,3,2,3,3,3,3,3,2,3,3,3,3,3,3,3,3,3,2,3,3,4,3,3,3,3,3,3,3,4,4,3,3,4,3,3,3,4,5,3,4,3,3,4,5,5,5,5,5,5,5,5,5,5,5,5,5,5,5,5,5,5,5,5,5,5,5,5,5,5,5,5,5,5,5,5,5,5,5,5,5,5,5,5,5,5,5,5,5,5,5,5,5,5,5,5,5,5,5,5,5,5,5,5,5,5,5,5,5
99,484,484,477,474,469,471,464,461,489,483,488,482,480,475,465,466,488,497,487,484,476,473,471,475,492,492,492,484,480,475,478,472,499,497,489,490,484,484,484,472,507,505,502,492,490,490,481,483,514,514,500,498,491,493,492,485,517,512,507,512,490,488,492,495,3,3,3,3,2,3,3,3,3,3,3,3,3,3,3,3,4,3,3,3,2,3,3,3,3,3,3,3,3,3,3,3,4,3,3,3,3,3,3,3,4,4,4,3,3,3,3,3,3,4,3,4,3,3,3,4,4,4,4,4,4,4,4,6,5,5,5,5,5,5,5,5,5,5,5,5,5,5,5,5,5,5,5,5,5,5,5,5,5,5,5,5,5,5,5,5,5,5,5,5,5,5,5,5,5,5,5,5,5,5,5,5,5,5,5,5,5,5,5,5,5,5,5,5,5,5,5,5
100,482,486,474,475,466,467,459,470,491,481,478,479,476,474,475,467,498,489,487,483,483,473,471,465,488,491,491,486,488,479,475,475,501,500,495,492,487,483,482,479,503,498,501,490,492,482,489,482,504,504,501,497,491,497,490,486,511,505,508,496,494,482,493,497,3,3,3,3,2,2,3,3,3,3,3,2,2,2,3,3,3,4,3,3,2,2,2,3,3,3,3,3,3,2,3,3,3,3,3,3,3,3,3,3,3,3,3,3,3,3,3,3,4,3,3,3,3,3,3,3,4,5,3,3,4,3,4,5,5,5,5,5,5,5,5,5,5,5,5,5,5,5,5,5,5,5,5,5,5,5,5,5,5,5,5,5,5,5,5,5,5,5,5,5,5,5,5,5,5,5,5,5,5,5,5,5,5,5,5,5,5,5,5,5,5,5,5,5,5,5,5,5
101,479,486,470,473,467,468,464,466,483,482,484,481,473,470,471,465,486,486,488,483,478,477,468,469,499,491,491,487,483,482,474,474,500,501,494,493,487,488,481,478,506,495,495,491,493,484,482,487,503,502,492,496,493,494,491,481,511,502,517,501,495,495,499,497,4,3,3,3,2,3,3,3,3,3,3,3,3,3,3,3,4,4,3,3,2,3,3,3,4,3,3,2,3,3,3,3,4,3,3,3,3,3,3,3,4,4,3,3,3,3,3,3,4,4,4,3,4,3,4,4,4,5,4,4,4,3,4,7,5,5,5,5,5,5,5,5,5,5,5,5,5,5,5,5,5,5,5,5,5,5,5,5,5,5,5,5,5,5,5,5,5,5,5,5,5,5,5,5,5,5,5,5,5,5,5,5,5,5,5,5,5,5,5,5,5,5,5,5,5,5,5,5
102,490,476,478,475,471,464,467,464,483,483,476,480,476,474,467,470,491,496,486,481,477,479,471,468,492,489,488,485,485,485,481,475,500,497,492,486,484,484,485,477,508,498,495,491,489,487,482,477,517,505,500,501,490,493,492,479,518,499,504,502,501,485,496,494,3,3,3,3,2,2,3,3,3,3,2,3,2,2,2,3,3,3,3,3,2,2,2,3,3,3,3,2,2,2,3,3,4,3,3,3,3,3,3,3,3,4,3,3,3,3,3,3,4,4,3,3,3,3,3,4,4,4,3,4,3,4,4,5,5,5,5,5,5,5,5,5,5,5,5,5,5,5,5,5,5,5,5,5,5,5,5,5,5,5,5,5,5,5,5,5,5,5,5,5,5,5,5,5,5,5,5,5,5,5,5,5,5,5,5,5,5,5,5,5,5,5,5,5,5,5,5,5
103,478,485,478,476,474,472,465,462,489,480,477,481,477,474,473,470,490,486,486,485,478,474,470,473,497,490,492,487,481,481,475,474,504,497,491,497,493,482,481,478,506,500,498,492,488,486,487,484,509,506,502,502,498,499,495,483,519,506,508,506,495,494,489,499,4,3,3,3,3,3,3,3,3,3,3,3,3,2,3,3,3,4,3,3,3,2,3,3,3,3,3,2,3,2,3,3,4,3,3,3,3,3,3,4,4,4,4,3,3,3,3,3,4,4,4,3,4,3,3,4,5,5,4,4,4,4,3,4,5,5,5,5,5,5,5,5,5,5,5,5,5,5,5,5,5,5,5,5,5,5,5,5,5,5,5,5,5,5,5,5,5,5,5,5,5,5,5,5,5,5,5,5,5,5,5,5,5,5,5,5,5,5,5,5,5,5,5,5,5,5,5,5
104,484,476,471,470,468,471,465,462,487,480,481,480,472,472,476,467,493,488,480,485,476,472,470,469,497,494,489,485,477,481,474,483,497,501,491,487,487,487,481,479,504,494,496,494,492,491,482,478,511,502,500,493,495,493,493,496,510,509,501,509,498,497,492,485,4,3,3,3,2,3,3,3,3,3,3,3,2,2,3,3,3,3,3,3,2,2,2,3,3,4,3,2,3,2,3,3,4,3,3,3,3,3,3,3,3,3,3,3,3,3,3,4,3,4,3,4,3,3,3,4,4,4,3,4,4,3,3,5,5,5,5,5,5,5,5,5,5,5,5,5,5,5,5,5,5,5,5,5,5,5,5,5,5,5,5,5,5,5,5,5,5,5,5,5,5,5,5,5,5,5,5,5,5,5,5,5,5,5,5,5,5,5,5,5,5,5,5,5,5,5,5,5
105,486,480,484,476,470,465,464,467,489,480,490,480,476,468,473,462,491,489,488,488,479,480,473,470,496,493,491,479,487,483,478,474,508,495,499,486,485,485,482,477,506,499,495,490,491,492,488,481,502,507,504,501,489,499,494,489,513,509,502,507,502,489,496,491,4,3,3,3,2,2,3,3,3,3,3,3,3,2,3,3,3,4,3,3,2,3,3,3,5,3,3,2,3,3,3,3,4,3,3,3,3,3,3,3,3,3,3,3,3,3,4,3,4,4,3,3,3,3,3,4,4,5,4,4,3,4,4,6,5,5,5,5,5,5,5,5,5,5,5,5,5,5,5,5,5,5,5,5,5,5,5,5,5,5,5,5,5,5,5,5,5,5,5,5,5,5,5,5,5,5,5,5,5,5,5,5,5,5,5,5,5,5,5,5,5,5,5,5,5,5,5,5
106,478,481,473,480,470,467,468,469,490,488,475,476,476,472,468,467,497,486,486,483,477,477,472,475,493,488,494,488,485,479,475,474,499,497,492,491,487,482,484,477,503,504,497,493,492,486,478,478,503,512,505,499,492,491,488,487,522,513,508,506,500,494,497,492,3,3,3,3,2,3,3,3,3,3,2,2,2,2,3,3,3,4,3,3,2,3,2,2,3,3,3,3,3,2,3,3,3,3,3,3,3,3,3,3,3,3,3,3,3,3,3,3,4,4,3,3,3,3,3,3,4,4,3,4,3,3,4,5,5,5,5,5,5,5,5,5,5,5,5,5,5,5,5,5,5,5,5,5,5,5,5,5,5,5,5,5,5,5,5,5,5,5,5,5,5,5,5,5,5,5,5,5,5,5,5,5,5,5,5,5,5,5,5,5,5,5,5,5,5,5,5,5
107,481,481,479,472,464,472,467,467,482,483,475,485,480,472,475,467,496,489,487,485,477,479,469,477,500,495,494,482,484,472,474,473,504,498,493,489,490,489,485,477,502,490,503,497,490,488,485,487,508,505,501,497,496,489,497,495,516,513,509,502,502,483,495,491,4,3,3,3,3,3,3,3,4,3,2,3,3,3,3,3,4,4,3,3,2,3,3,3,3,3,3,3,3,3,3,3,4,3,3,3,3,3,3,3,3,4,3,3,3,3,4,3,4,4,4,3,4,3,3,4,5,4,3,4,3,3,4,6,5,5,5,5,5,5,5,5,5,5,5,5,5,5,5,5,5,5,5,5,5,5,5,5,5,5,5,5,5,5,5,5,5,5,5,5,5,5,5,5,5,5,5,5,5,5,5,5,5,5,5,5,5,5,5,5,5,5,5,5,5,5,5,5
108,486,483,477,468,471,470,470,461,491,482,482,479,476,473,468,465,492,485,488,482,478,479,472,468,501,493,496,483,486,481,478,477,508,494,490,490,491,486,486,476,504,498,498,492,499,487,484,484,514,506,498,495,492,494,496,489,511,506,501,501,494,493,495,495,3,3,3,3,2,3,2,3,3,3,3,3,2,2,2,3,4,4,3,3,2,3,3,3,3,3,3,2,2,2,3,3,4,3,3,3,3,3,3,3,3,3,3,3,3,3,3,3,3,4,3,4,3,4,3,4,4,5,3,3,3,4,4,6,5,5,5,5,5,5,5,5,5,5,5,5,5,5,5,5,5,5,5,5,5,5,5,5,5,5,5,5,5,5,5,5,5,5,5,5,5,5,5,5,5,5,5,5,5,5,5,5,5,5,5,5,5,5,5,5,5,5,5,5,5,5,5,5
109,486,485,471,475,479,466,467,470,494,480,477,475,473,474,471,464,483,486,483,489,478,477,476,473,498,493,493,487,485,481,485,470,493,492,493,497,490,488,484,476,498,503,499,494,486,486,485,490,508,507,503,498,497,489,489,486,519,511,512,500,503,494,493,488,3,3,3,3,3,2,2,3,3,3,3,2,3,2,3,3,4,4,3,3,2,3,3,3,4,3,3,2,3,3,3,3,4,3,3,3,3,3,3,3,3,3,4,4,3,3,3,4,4,4,3,3,4,3,3,4,5,5,4,3,4,4,4,6,5,5,5,5,5,5,5,5,5,5,5,5,5,5,5,5,5,5,5,5,5,5,5,5,5,5,5,5,5,5,5,5,5,5,5,5,5,5,5,5,5,5,5,5,5,5,5,5,5,5,5,5,5,5,5,5,5,5,5,5,5,5,5,5
110,489,479,478,479,473,467,465,463,486,478,484,480,473,474,465,467,489,496,487,483,477,473,472,472,498,494,494,489,480,476,475,474,501,500,489,493,491,479,479,479,505,499,493,489,491,484,482,486,505,505,499,497,497,493,488,481,515,501,504,505,495,495,493,491,3,3,3,3,3,3,3,2,3,3,3,3,2,2,2,3,4,3,3,3,2,2,3,3,3,3,3,3,3,2,3,3,3,3,3,3,3,3,3,3,4,4,3,3,3,2,3,3,4,4,3,4,3,4,3,3,4,5,3,4,3,4,4,4,5,5,5,5,5,5,5,5,5,5,5,5,5,5,5,5,5,5,5,5,5,5,5,5,5,5,5,5,5,5,5,5,5,5,5,5,5,5,5,5,5,5,5,5,5,5,5,5,5,5,5,5,5,5,5,5,5,5,5,5,5,5,5,5
111,486,480,481,475,469,473,466,466,493,482,486,477,481,475,468,462,490,496,489,479,482,475,474,467,498,491,496,489,482,480,478,472,497,498,490,497,489,485,481,475,499,494,495,489,489,485,480,478,509,504,500,504,494,491,492,492,516,511,510,502,504,498,495,493,4,3,3,3,3,3,3,3,3,3,3,3,3,2,3,3,3,5,3,3,2,3,3,3,3,4,3,3,3,3,3,3,4,4,3,3,3,3,3,3,3,4,3,3,3,3,3,4,4,4,4,4,3,3,4,4,4,5,3,4,4,4,4,6,5,5,5,5,5,5,5,5,5,5,5,5,5,5,5,5,5,5,5,5,5,5,5,5,5,5,5,5,5,5,5,5,5,5,5,5,5,5,5,5,5,5,5,5,5,5,5,5,5,5,5,5,5,5,5,5,5,5,5,5,5,5,5,5
112,484,484,469,472,472,470,466,460,485,482,484,472,474,475,467,470,487,480,489,479,476,471,474,470,495,486,492,485,480,479,479,474,496,503,487,496,489,486,481,480,506,499,496,496,492,486,479,485,505,504,498,494,493,489,487,488,510,510,511,505,501,494,500,481,3,3,3,3,2,2,3,3,3,3,3,2,2,2,2,3,3,3,3,2,2,3,3,3,4,3,3,2,3,2,2,3,3,3,3,3,3,3,3,3,4,3,3,3,3,3,3,3,4,4,3,3,3,4,3,4,4,5,3,4,3,3,4,5,5,5,5,5,5,5,5,5,5,5,5,5,5,5,5,5,5,5,5,5,5,5,5,5,5,5,5,5,5,5,5,5,5,5,5,5,5,5,5,5,5,5,5,5,5,5,5,5,5,5,5,5,5,5,5,5,5,5,5,5,5,5,5,5
113,483,485,479,471,469,470,469,465,496,484,476,483,476,476,473,467,489,490,487,484,478,478,473,477,500,494,496,493,484,481,473,474,508,489,489,491,488,488,481,479,499,501,498,498,488,492,483,487,508,512,496,501,493,495,491,487,514,506,506,506,490,495,489,494,4,3,3,3,3,3,3,3,4,2,3,3,3,3,3,3,3,4,3,3,2,3,3,2,4,3,3,3,3,2,3,3,4,3,3,3,3,3,3,3,3,4,3,3,3,3,4,3,4,4,3,3,3,4,3,4,4,5,3,4,3,4,3,6,5,5,5,5,5,5,5,5,5,5,5,5,5,5,5,5,5,5,5,5,5,5,5,5,5,5,5,5,5,5,5,5,5,5,5,5,5,5,5,5,5,5,5,5,5,5,5,5,5,5,5,5,5,5,5,5,5,5,5,5,5,5,5,5
114,480,481,479,474,473,471,461,469,484,486,481,477,475,471,469,472,493,497,486,480,474,477,470,472,496,487,487,481,485,481,476,479,500,490,491,495,492,488,478,470,508,500,497,486,492,488,480,480,516,504,503,493,493,487,492,489,511,501,507,497,493,492,484,489,3,3,3,3,2,3,3,3,3,3,3,3,2,2,2,3,3,3,3,3,2,3,3,3,4,3,3,2,2,2,3,3,3,3,3,3,3,3,3,3,3,3,3,3,3,3,3,4,4,4,3,3,3,3,3,4,4,5,3,4,3,4,4,5,5,5,5,5,5,5,5,5,5,5,5,5,5,5,5,5,5,5,5,5,5,5,5,5,5,5,5,5,5,5,5,5,5,5,5,5,5,5,5,5,5,5,5,5,5,5,5,5,5,5,5,5,5,5,5,5,5,5,5,5,5,5,5,5
115,480,483,472,481,475,471,465,465,489,484,477,480,481,467,472,469,488,493,489,489,471,475,470,473,496,490,497,485,483,484,475,477,503,502,494,493,487,485,480,478,507,504,502,496,481,485,490,485,497,513,499,497,491,493,490,489,513,510,503,500,494,493,496,491,4,3,3,3,3,3,3,3,4,3,3,3,2,2,3,3,3,3,3,3,3,2,3,3,4,3,3,3,3,3,3,3,4,3,3,3,3,3,3,3,4,4,3,3,3,3,4,3,3,4,4,3,3,4,4,4,4,5,4,4,4,3,4,5,5,5,5,5,5,5,5,5,5,5,5,5,5,5,5,5,5,5,5,5,5,5,5,5,5,5,5,5,5,5,5,5,5,5,5,5,5,5,5,5,5,5,5,5,5,5,5,5,5,5,5,5,5,5,5,5,5,5,5,5,5,5,5,5
116,489,477,477,473,468,463,470,466,484,480,479,477,476,472,467,468,491,484,486,484,477,473,474,471,499,489,490,485,481,476,477,475,493,501,495,492,486,484,480,475,505,504,494,492,489,486,481,478,508,511,501,502,493,490,479,493,519,510,510,507,499,492,496,488,4,3,3,3,2,2,3,3,3,3,2,3,2,2,3,3,3,3,3,3,2,3,3,3,3,3,3,2,2,3,3,4,3,3,3,3,3,3,3,3,4,3,3,3,3,3,3,3,4,4,3,3,3,3,4,3,4,5,3,4,4,3,4,5,5,5,5,5,5,5,5,5,5,5,5,5,5,5,5,5,5,5,5,5,5,5,5,5,5,5,5,5,5,5,5,5,5,5,5,5,5,5,5,5,5,5,5,5,5,5,5,5,5,5,5,5,5,5,5,5,5,5,5,5,5,5,5,5
117,482,487,471,475,471,468,467,462,487,488,482,477,474,466,475,465,488,488,485,486,477,474,478,476,491,493,487,486,484,474,469,473,499,500,494,490,481,484,481,478,500,502,500,505,494,490,482,488,509,503,497,497,490,497,489,483,515,505,504,506,505,492,492,491,4,3,3,3,3,3,3,3,3,3,3,3,3,3,3,3,4,4,3,3,2,3,3,2,4,3,3,3,3,2,3,4,3,3,3,3,3,3,3,4,4,3,4,4,3,3,4,3,4,3,3,4,3,3,4,4,4,5,3,4,3,3,4,6,5,5,5,5,5,5,5,5,5,5,5,5,5,5,5,5,5,5,5,5,5,5,5,5,5,5,5,5,5,5,5,5,5,5,5,5,5,5,5,5,5,5,5,5,5,5,5,5,5,5,5,5,5,5,5,5,5,5,5,5,5,5,5,5
118,485,479,473,473,471,465,466,467,483,483,481,476,476,468,469,465,495,496,482,487,478,476,472,470,500,491,490,485,483,485,480,480,502,497,491,493,487,489,481,472,503,500,491,491,492,485,482,481,500,502,503,498,494,490,488,490,514,506,510,503,500,487,495,488,3,3,3,3,2,3,3,3,3,2,3,3,2,2,3,2,3,3,3,3,2,2,3,3,3,3,3,3,3,2,3,3,4,3,3,2,3,3,3,3,3,3,3,3,3,3,3,3,4,4,3,3,3,3,3,4,4,5,3,4,3,4,4,5,5,5,5,5,5,5,5,5,5,5,5,5,5,5,5,5,5,5,5,5,5,5,5,5,5,5,5,5,5,5,5,5,5,5,5,5,5,5,5,5,5,5,5,5,5,5,5,5,5,5,5,5,5,5,5,5,5,5,5,5,5,5,5,5
119,481,485,477,475,469,469,471,469,494,477,486,480,476,473,473,471,490,484,483,480,482,476,474,463,494,494,490,485,485,482,474,474,509,491,496,492,495,484,479,474,501,500,503,495,488,484,486,489,499,503,500,501,486,494,495,482,513,504,509,495,498,496,498,497,3,3,3,3,3,3,3,3,4,3,3,2,3,2,3,3,3,4,3,3,3,3,3,3,3,3,3,3,3,3,3,3,4,3,3,3,3,3,3,3,3,3,4,4,3,3,3,3,4,4,4,3,3,4,4,3,4,5,4,4,3,4,4,5,5,5,5,5,5,5,5,5,5,5,5,5,5,5,5,5,5,5,5,5,5,5,5,5,5,5,5,5,5,5,5,5,5,5,5,5,5,5,5,5,5,5,5,5,5,5,5,5,5,5,5,5,5,5,5,5,5,5,5,5,5,5,5,5
120,480,479,478,471,469,464,467,466,494,483,479,476,474,469,468,473,488,484,486,482,476,478,473,471,501,492,496,482,480,484,472,473,497,486,490,486,482,486,477,481,503,502,498,494,492,491,478,486,505,499,508,498,491,485,487,485,507,508,502,504,500,488,494,498,3,3,3,3,2,2,3,3,4,2,3,2,3,2,2,3,3,4,3,2,2,2,3,3,3,3,3,2,3,2,2,3,4,3,3,3,3,2,3,3,3,3,3,3,3,3,3,3,4,3,3,4,3,3,3,3,4,5,3,4,4,4,3,5,5,5,5,5,5,5,5,5,5,5,5,5,5,5,5,5,5,5,5,5,5,5,5,5,5,5,5,5,5,5,5,5,5,5,5,5,5,5,5,5,5,5,5,5,5,5,5,5,5,5,5,5,5,5,5,5,5,5,5,5,5,5,5,5
121,480,483,480,479,469,467,470,465,485,476,478,477,481,472,471,465,496,490,487,483,478,474,475,474,500,486,497,488,481,483,481,472,509,501,494,491,487,491,480,486,500,500,499,502,489,486,479,471,513,505,500,490,495,493,489,488,513,504,510,505,499,491,498,481,3,3,3,3,3,3,2,3,3,3,3,3,3,3,3,3,4,3,3,3,2,3,3,3,3,3,3,3,3,3,3,3,4,3,3,3,3,3,3,3,4,4,4,4,3,3,3,3,4,4,3,4,3,4,3,3,4,5,3,4,3,4,5,5,5,5,5,5,5,5,5,5,5,5,5,5,5,5,5,5,5,5,5,5,5,5,5,5,5,5,5,5,5,5,5,5,5,5,5,5,5,5,5,5,5,5,5,5,5,5,5,5,5,5,5,5,5,5,5,5,5,5,5,5,5,5,5,5
122,481,477,477,469,470,469,465,463,484,489,485,481,476,475,470,465,488,494,488,480,479,474,476,472,499,489,493,487,478,479,480,471,498,501,490,489,485,486,479,483,501,496,494,494,492,487,481,486,500,499,504,490,503,499,492,492,517,515,514,494,499,498,500,485,3,3,3,3,2,3,3,3,3,3,3,2,2,2,3,3,3,3,3,3,2,3,3,3,3,3,3,2,3,3,3,3,3,3,3,3,3,3,3,3,3,4,3,3,3,3,3,3,4,4,3,3,3,3,3,4,4,4,3,3,3,4,4,5,5,5,5,5,5,5,5,5,5,5,5,5,5,5,5,5,5,5,5,5,5,5,5,5,5,5,5,5,5,5,5,5,5,5,5,5,5,5,5,5,5,5,5,5,5,5,5,5,5,5,5,5,5,5,5,5,5,5,5,5,5,5,5,5
123,476,485,475,471,470,467,471,469,487,485,481,480,472,472,466,470,495,491,483,484,480,471,467,474,490,491,488,489,480,478,478,474,508,495,489,490,482,482,481,480,502,502,498,492,490,484,494,487,508,507,499,502,495,488,494,486,510,505,507,503,499,496,502,496,3,3,3,3,3,3,3,3,3,3,3,2,3,3,2,3,4,4,3,3,3,2,3,3,4,3,3,3,3,3,3,3,4,3,3,3,3,3,3,3,4,4,3,4,3,3,4,3,4,4,4,3,3,4,3,4,4,5,4,4,3,4,4,5,5,5,5,5,5,5,5,5,5,5,5,5,5,5,5,5,5,5,5,5,5,5,5,5,5,5,5,5,5,5,5,5,5,5,5,5,5,5,5,5,5,5,5,5,5,5,5,5,5,5,5,5,5,5,5,5,5,5,5,5,5,5,5,5
124,482,484,474,471,468,464,464,462,487,486,487,477,471,468,474,462,494,494,486,486,479,478,473,467,500,496,485,488,478,480,472,471,500,493,490,492,486,479,477,476,503,502,495,495,497,487,479,481,504,508,496,494,496,487,496,486,515,515,506,508,503,494,494,498,3,3,3,3,2,2,3,3,3,3,3,2,2,2,2,2,3,3,3,3,2,3,3,3,3,3,3,2,3,2,3,3,3,3,3,3,2,3,3,3,3,3,3,3,3,3,3,4,4,4,3,4,3,3,3,4,4,5,3,4,4,4,4,5,5,5,5,5,5,5,5,5,5,5,5,5,5,5,5,5,5,5,5,5,5,5,5,5,5,5,5,5,5,5,5,5,5,5,5,5,5,5,5,5,5,5,5,5,5,5,5,5,5,5,5,5,5,5,5,5,5,5,5,5,5,5,5,5
125,481,479,472,470,468,468,464,462,491,481,485,477,473,470,475,466,488,487,483,478,481,478,475,479,499,488,489,489,484,482,475,472,504,495,499,494,482,488,481,487,500,501,497,499,493,489,489,492,501,506,496,506,492,496,491,485,514,499,511,501,499,496,502,495,3,3,3,3,2,3,3,3,3,3,3,3,3,2,3,3,4,4,3,3,2,3,3,3,3,3,3,3,3,2,3,3,3,3,3,3,3,3,3,3,3,4,4,3,4,3,3,4,4,4,3,3,3,3,3,4,4,4,4,4,3,3,4,5,5,5,5,5,5,5,5,5,5,5,5,5,5,5,5,5,5,5,5,5,5,5,5,5,5,5,5,5,5,5,5,5,5,5,5,5,5,5,5,5,5,5,5,5,5,5,5,5,5,5,5,5,5,5,5,5,5,5,5,5,5,5,5,5
126,479,479,475,471,469,469,465,466,482,481,480,481,476,477,475,463,489,492,489,485,480,479,475,473,500,492,485,486,481,480,473,476,500,497,487,490,487,486,478,478,504,501,502,494,495,487,488,486,509,503,498,504,489,489,488,485,503,511,506,503,497,489,497,489,3,3,3,3,2,3,3,3,3,3,3,3,2,2,3,2,3,4,3,3,2,3,3,3,3,3,3,2,2,2,3,3,3,3,3,3,3,3,3,3,3,3,3,3,3,3,3,3,4,4,3,3,3,3,3,3,4,5,4,4,4,4,4,5,5,5,5,5,5,5,5,5,5,5,5,5,5,5,5,5,5,5,5,5,5,5,5,5,5,5,5,5,5,5,5,5,5,5,5,5,5,5,5,5,5,5,5,5,5,5,5,5,5,5,5,5,5,5,5,5,5,5,5,5,5,5,5,5
127,480,480,470,473,473,470,464,464,486,485,479,476,474,469,471,464,488,487,486,481,481,474,469,473,498,490,494,485,479,481,479,470,499,491,491,488,491,486,480,472,501,497,495,485,497,492,484,481,508,511,504,499,494,493,485,482,519,519,505,500,503,502,499,481,3,3,3,3,3,3,3,3,3,3,3,3,2,2,3,3,3,4,3,3,3,3,3,2,3,3,3,2,3,3,3,3,4,3,3,3,3,3,3,3,4,4,3,3,4,3,3,3,4,4,3,3,4,3,3,4,4,4,4,4,4,4,4,5,5,5,5,5,5,5,5,5,5,5,5,5,5,5,5,5,5,5,5,5,5,5,5,5,5,5,5,5,5,5,5,5,5,5,5,5,5,5,5,5,5,5,5,5,5,5,5,5,5,5,5,5,5,5,5,5,5,5,5,5,5,5,5,5
128,480,485,482,474,469,467,463,466,494,476,480,482,474,466,468,467,494,488,490,484,475,476,471,470,490,491,491,484,488,478,473,472,507,497,495,485,490,483,479,476,502,494,501,492,490,484,486,482,508,503,497,489,490,491,486,492,517,516,505,505,501,497,499,491,3,3,3,3,2,2,3,3,3,3,3,3,2,2,2,3,3,4,3,3,2,3,2,3,4,3,3,2,2,2,2,3,4,3,3,3,2,3,3,3,3,4,4,3,3,3,4,4,4,4,3,3,3,3,3,4,4,5,3,4,4,4,4,5,5,5,5,5,5,5,5,5,5,5,5,5,5,5,5,5,5,5,5,5,5,5,5,5,5,5,5,5,5,5,5,5,5,5,5,5,5,5,5,5,5,5,5,5,5,5,5,5,5,5,5,5,5,5,5,5,5,5,5,5,5,5,5,5
129,485,482,478,475,467,467,466,467,499,487,481,480,474,470,470,475,496,484,481,479,480,475,474,474,498,492,487,485,487,480,476,471,502,501,492,487,490,487,478,476,509,497,496,488,494,485,485,490,506,511,498,494,492,493,497,487,516,508,503,505,501,495,495,483,4,3,3,3,2,3,3,3,4,3,3,3,2,3,3,2,3,3,3,3,3,3,3,3,4,3,3,2,3,3,3,3,3,4,3,3,3,3,3,3,4,4,4,3,4,3,3,3,4,5,3,4,3,3,3,4,4,5,3,4,3,3,4,5,5,5,5,5,5,5,5,5,5,5,5,5,5,5,5,5,5,5,5,5,5,5,5,5,5,5,5,5,5,5,5,5,5,5,5,5,5,5,5,5,5,5,5,5,5,5,5,5,5,5,5,5,5,5,5,5,5,5,5,5,5,5,5,5
130,485,483,480,474,465,470,468,467,492,487,484,473,478,477,472,468,488,496,480,486,480,475,475,468,501,493,486,488,482,482,473,470,499,492,489,489,490,485,482,474,502,502,500,498,492,492,487,480,511,503,504,498,496,490,493,489,506,507,504,503,498,490,501,492,3,3,3,3,2,3,3,3,3,3,3,2,3,2,2,3,3,3,3,3,2,3,3,3,3,3,3,3,2,2,3,3,3,3,3,3,3,2,3,3,3,3,4,3,3,3,3,3,4,4,3,3,3,3,3,4,4,4,3,4,4,4,4,5,5,5,5,5,5,5,5,5,5,5,5,5,5,5,5,5,5,5,5,5,5,5,5,5,5,5,5,5,5,5,5,5,5,5,5,5,5,5,5,5,5,5,5,5,5,5,5,5,5,5,5,5,5,5,5,5,5,5,5,5,5,5,5,5
131,488,479,478,473,467,468,465,465,488,482,479,478,476,475,474,465,498,493,479,487,472,477,478,472,498,497,487,487,488,481,479,473,499,494,494,491,488,491,481,473,503,505,493,487,487,485,485,477,509,505,499,498,497,487,492,491,503,511,501,497,493,500,493,492,4,3,3,3,3,3,3,3,3,2,3,3,3,2,3,3,3,3,3,3,2,3,3,3,3,3,3,3,3,3,3,3,4,3,3,3,2,3,3,3,3,3,3,3,3,3,4,3,4,4,4,4,3,3,3,4,4,4,3,4,4,4,4,5,5,5,5,5,5,5,5,5,5,5,5,5,5,5,5,5,5,5,5,5,5,5,5,5,5,5,5,5,5,5,5,5,5,5,5,5,5,5,5,5,5,5,5,5,5,5,5,5,5,5,5,5,5,5,5,5,5,5,5,5,5,5,5,5
132,486,481,477,473,468,467,461,468,486,478,478,476,469,472,470,470,488,491,486,485,482,476,474,473,498,489,492,487,480,479,477,473,498,500,486,493,485,486,482,477,499,491,492,496,491,491,480,481,508,508,500,501,496,490,490,487,506,510,504,499,502,492,498,490,4,3,3,3,2,2,3,3,3,3,3,2,3,2,2,2,3,4,3,3,2,2,3,3,3,3,3,2,3,2,2,3,3,3,3,3,3,2,3,3,4,3,3,3,3,3,3,3,4,4,3,3,3,3,3,4,5,5,3,3,4,3,3,5,5,5,5,5,5,5,5,5,5,5,5,5,5,5,5,5,5,5,5,5,5,5,5,5,5,5,5,5,5,5,5,5,5,5,5,5,5,5,5,5,5,5,5,5,5,5,5,5,5,5,5,5,5,5,5,5,5,5,5,5,5,5,5,5
133,479,477,479,470,473,466,460,467,488,486,484,477,476,467,470,469,487,494,480,488,480,474,477,475,504,491,494,484,482,483,483,474,494,500,490,493,485,480,487,478,505,508,500,495,492,489,482,485,505,503,502,501,493,486,492,495,509,511,512,502,504,500,490,498,3,3,3,3,3,3,3,3,3,3,3,3,3,3,3,3,4,3,3,3,2,3,3,3,3,3,3,3,3,3,3,3,4,3,3,3,3,3,3,3,3,3,4,3,3,3,3,3,4,4,4,3,3,3,3,4,4,5,4,4,4,4,4,5,5,5,5,5,5,5,5,5,5,5,5,5,5,5,5,5,5,5,5,5,5,5,5,5,5,5,5,5,5,5,5,5,5,5,5,5,5,5,5,5,5,5,5,5,5,5,5,5,5,5,5,5,5,5,5,5,5,5,5,5,5,5,5,5
134,480,483,476,472,471,468,465,465,489,483,483,476,474,473,468,466,487,494,488,485,478,478,474,473,502,489,488,486,488,476,478,475,497,499,497,492,487,486,481,476,506,499,495,497,493,491,482,479,516,499,500,499,495,493,491,487,513,507,506,500,508,496,492,482,3,3,3,3,2,2,3,3,3,3,3,2,2,2,3,3,3,3,3,3,2,2,3,2,3,3,3,2,2,2,3,3,4,3,3,3,3,3,3,3,4,4,3,3,3,3,3,3,3,3,3,3,3,4,3,4,4,5,3,4,4,3,3,4,5,5,5,5,5,5,5,5,5,5,5,5,5,5,5,5,5,5,5,5,5,5,5,5,5,5,5,5,5,5,5,5,5,5,5,5,5,5,5,5,5,5,5,5,5,5,5,5,5,5,5,5,5,5,5,5,5,5,5,5,5,5,5,5
135,484,480,477,469,473,473,467,466,488,480,482,478,477,473,472,472,490,486,485,489,478,481,472,471,503,485,485,483,482,489,474,474,500,498,492,491,483,482,481,477,500,501,496,488,495,488,489,478,501,507,505,492,498,495,487,492,507,515,510,499,496,496,502,505,4,3,3,3,2,3,3,3,3,3,3,3,3,3,3,3,3,4,3,3,2,3,3,3,3,3,3,2,2,3,3,3,4,3,3,3,3,2,3,3,4,4,3,3,3,3,3,3,4,4,3,4,4,3,4,4,4,4,4,4,4,3,4,5,5,5,5,5,5,5,5,5,5,5,5,5,5,5,5,5,5,5,5,5,5,5,5,5,5,5,5,5,5,5,5,5,5,5,5,5,5,5,5,5,5,5,5,5,5,5,5,5,5,5,5,5,5,5,5,5,5,5,5,5,5,5,5,5
136,482,480,473,468,471,466,466,463,490,483,479,476,474,470,471,469,488,483,484,482,479,475,471,468,497,496,489,486,478,482,473,475,504,490,489,494,485,485,479,481,511,499,499,493,489,487,494,483,508,504,504,498,493,482,488,490,520,516,509,504,501,495,497,494,4,3,3,3,2,3,3,3,3,2,3,2,2,2,3,3,3,3,3,3,2,3,3,3,3,3,3,2,3,2,3,3,4,3,3,3,3,3,3,3,4,4,3,3,3,3,4,4,4,3,3,3,3,3,3,3,4,3,3,4,3,3,4,6,5,5,5,5,5,5,5,5,5,5,5,5,5,5,5,5,5,5,5,5,5,5,5,5,5,5,5,5,5,5,5,5,5,5,5,5,5,5,5,5,5,5,5,5,5,5,5,5,5,5,5,5,5,5,5,5,5,5,5,5,5,5,5,5
137,485,482,476,475,464,469,465,464,491,480,482,474,472,472,471,463,488,491,487,482,486,477,469,473,489,489,490,482,484,479,473,473,495,492,488,489,489,484,477,478,507,503,498,498,487,490,483,484,502,511,505,501,492,487,495,494,512,508,502,506,500,495,492,494,4,3,3,3,2,3,3,3,3,3,3,3,3,3,2,3,3,3,3,3,2,3,3,3,4,3,3,3,3,2,3,3,3,4,3,3,3,3,3,3,4,3,3,4,3,3,3,3,4,4,4,3,3,3,3,4,4,5,3,4,3,4,4,5,5,5,5,5,5,5,5,5,5,5,5,5,5,5,5,5,5,5,5,5,5,5,5,5,5,5,5,5,5,5,5,5,5,5,5,5,5,5,5,5,5,5,5,5,5,5,5,5,5,5,5,5,5,5,5,5,5,5,5,5,5,5,5,5
138,483,481,477,474,470,473,464,472,495,484,481,475,473,473,469,469,489,489,484,481,480,477,469,469,501,492,487,486,486,480,477,473,504,498,491,488,488,485,481,477,506,500,495,489,495,491,482,476,507,503,502,501,497,489,488,485,517,509,508,503,493,495,506,495,3,3,3,3,2,3,3,2,4,3,3,2,2,2,3,3,3,4,3,2,2,3,3,3,3,3,3,2,3,3,3,3,3,3,3,3,2,2,3,3,3,3,3,3,3,3,3,3,4,3,3,3,3,3,3,3,5,5,3,4,4,4,4,4,5,5,5,5,5,5,5,5,5,5,5,5,5,5,5,5,5,5,5,5,5,5,5,5,5,5,5,5,5,5,5,5,5,5,5,5,5,5,5,5,5,5,5,5,5,5,5,5,5,5,5,5,5,5,5,5,5,5,5,5,5,5,5,5
139,478,484,478,483,474,469,467,467,486,481,480,477,477,473,471,462,491,489,482,482,477,478,470,468,497,486,487,485,485,480,477,471,508,497,493,489,488,483,483,481,503,505,501,500,493,486,494,486,509,503,508,494,496,488,490,490,515,511,502,505,499,496,492,491,3,3,3,3,3,3,3,3,3,3,3,3,2,2,3,3,4,4,3,3,2,3,3,3,3,3,3,3,3,3,3,3,4,3,3,3,3,3,3,4,3,3,4,3,4,3,4,3,4,4,4,4,4,4,3,4,5,6,3,4,3,4,4,6,5,5,5,5,5,5,5,5,5,5,5,5,5,5,5,5,5,5,5,5,5,5,5,5,5,5,5,5,5,5,5,5,5,5,5,5,5,5,5,5,5,5,5,5,5,5,5,5,5,5,5,5,5,5,5,5,5,5,5,5,5,5,5,5
140,482,482,487,478,469,470,464,462,481,478,485,478,469,472,469,467,483,483,485,480,478,481,473,476,495,489,488,487,478,481,478,469,507,492,490,490,486,486,479,478,506,502,496,498,490,484,483,485,512,516,501,497,495,487,495,488,517,512,508,506,488,506,492,497,3,3,3,3,2,3,3,3,3,3,3,2,3,2,3,3,3,4,3,3,2,3,2,3,3,3,3,3,3,2,3,3,3,3,3,3,3,3,3,3,3,3,3,3,3,3,3,3,4,4,3,3,3,3,3,4,4,4,3,4,3,4,4,4,5,5,5,5,5,5,5,5,5,5,5,5,5,5,5,5,5,5,5,5,5,5,5,5,5,5,5,5,5,5,5,5,5,5,5,5,5,5,5,5,5,5,5,5,5,5,5,5,5,5,5,5,5,5,5,5,5,5,5,5,5,5,5,5
141,488,480,473,477,470,470,468,464,482,481,483,478,478,472,475,465,492,491,487,483,481,477,480,468,496,493,489,480,477,477,479,468,498,501,493,496,486,487,484,477,501,502,493,495,499,481,488,481,510,500,503,498,489,496,496,484,512,518,505,495,500,497,497,494,4,3,3,3,3,3,3,3,3,3,3,3,3,3,3,3,3,3,3,3,2,3,3,3,3,3,3,3,3,2,3,3,4,3,3,3,3,3,3,3,4,4,3,4,4,3,4,4,4,4,4,4,3,4,3,4,5,4,3,4,4,4,4,6,5,5,5,5,5,5,5,5,5,5,5,5,5,5,5,5,5,5,5,5,5,5,5,5,5,5,5,5,5,5,5,5,5,5,5,5,5,5,5,5,5,5,5,5,5,5,5,5,5,5,5,5,5,5,5,5,5,5,5,5,5,5,5,5
142,488,482,478,476,470,472,467,457,489,480,481,473,474,475,468,465,485,483,486,477,480,482,472,474,496,492,487,486,484,477,474,477,501,497,496,490,487,484,478,476,504,499,495,499,491,486,483,476,502,502,495,496,491,493,491,488,507,506,513,499,499,494,499,501,4,3,3,3,2,3,3,3,3,3,3,2,2,2,2,3,3,4,3,3,2,3,3,2,3,3,3,3,2,2,3,3,4,3,3,3,3,2,2,3,3,4,3,3,3,3,3,3,4,3,4,3,3,3,3,4,4,5,4,4,3,3,4,7,5,5,5,5,5,5,5,5,5,5,5,5,5,5,5,5,5,5,5,5,5,5,5,5,5,5,5,5,5,5,5,5,5,5,5,5,5,5,5,5,5,5,5,5,5,5,5,5,5,5,5,5,5,5,5,5,5,5,5,5,5,5,5,5
143,490,490,480,480,470,468,465,467,489,486,481,476,476,469,472,466,491,499,481,482,481,475,472,468,495,499,490,487,482,475,477,468,497,496,495,484,495,486,486,474,500,504,505,494,492,488,487,480,503,513,500,499,498,495,492,484,507,505,509,503,496,502,500,491,3,3,3,2,2,3,3,3,3,3,3,3,3,2,3,3,3,4,3,3,3,3,3,3,4,3,3,3,3,3,3,3,4,3,3,3,3,3,3,3,4,3,4,3,3,3,3,4,4,4,3,3,3,3,3,4,4,4,4,4,3,4,4,5,5,5,5,5,5,5,5,5,5,5,5,5,5,5,5,5,5,5,5,5,5,5,5,5,5,5,5,5,5,5,5,5,5,5,5,5,5,5,5,5,5,5,5,5,5,5,5,5,5,5,5,5,5,5,5,5,5,5,5,5,5,5,5,5
144,488,482,476,470,470,469,464,465,485,481,485,475,474,471,473,465,497,491,485,481,481,472,473,471,501,489,488,490,482,477,478,473,506,495,496,497,489,489,477,484,501,497,501,488,489,484,485,480,506,509,501,492,494,491,489,487,516,499,508,497,500,495,502,499,4,3,3,3,2,3,3,3,3,3,3,3,2,2,3,2,4,3,3,3,2,3,3,3,3,3,3,3,3,2,3,3,4,3,3,3,3,3,2,4,3,4,3,3,3,3,3,3,4,4,3,4,3,3,3,4,5,5,3,4,3,3,4,4,5,5,5,5,5,5,5,5,5,5,5,5,5,5,5,5,5,5,5,5,5,5,5,5,5,5,5,5,5,5,5,5,5,5,5,5,5,5,5,5,5,5,5,5,5,5,5,5,5,5,5,5,5,5,5,5,5,5,5,5,5,5,5,5
145,480,481,474,473,468,470,467,462,501,482,481,478,476,472,469,468,491,487,480,483,480,481,476,475,496,491,489,485,485,481,484,472,500,497,501,490,493,479,482,472,515,498,494,488,489,488,492,487,512,505,509,500,494,497,496,483,511,513,507,501,498,498,494,487,3,3,3,3,2,3,3,3,4,3,3,3,3,2,3,3,3,4,3,3,2,3,3,3,4,3,3,2,3,3,3,3,4,3,3,3,3,3,3,3,4,4,4,3,3,3,3,3,4,4,3,4,4,3,3,4,4,5,3,4,3,3,4,5,5,5,5,5,5,5,5,5,5,5,5,5,5,5,5,5,5,5,5,5,5,5,5,5,5,5,5,5,5,5,5,5,5,5,5,5,5,5,5,5,5,5,5,5,5,5,5,5,5,5,5,5,5,5,5,5,5,5,5,5,5,5,5,5
146,482,481,479,475,474,469,462,467,489,484,480,476,471,477,470,467,486,491,486,483,478,476,470,470,497,492,492,487,486,479,477,473,503,498,495,490,491,480,485,476,510,506,497,498,492,490,484,479,510,502,501,500,497,494,488,492,502,508,512,502,502,494,490,497,3,3,3,3,2,3,3,2,3,3,3,3,2,2,3,2,3,3,3,3,2,3,2,3,3,3,3,2,3,2,3,3,4,3,3,3,3,2,3,3,4,4,3,3,3,3,3,3,4,4,3,3,3,3,3,4,4,4,3,4,3,3,3,5,5,5,5,5,5,5,5,5,5,5,5,5,5,5,5,5,5,5,5,5,5,5,5,5,5,5,5,5,5,5,5,5,5,5,5,5,5,5,5,5,5,5,5,5,5,5,5,5,5,5,5,5,5,5,5,5,5,5,5,5,5,5,5,5
147,482,480,472,471,465,466,460,468,494,480,477,477,468,470,472,472,493,493,483,487,477,472,475,471,495,493,491,485,483,482,476,470,499,490,492,479,486,489,478,475,496,506,492,502,493,489,489,483,505,505,505,503,497,491,487,488,514,500,503,501,500,490,492,497,4,3,3,3,2,3,3,3,4,3,3,3,3,3,3,3,3,3,3,3,2,3,3,3,3,4,3,3,2,3,3,3,4,3,3,3,3,3,3,3,3,3,3,4,3,3,3,3,4,4,3,3,4,4,3,4,5,5,4,4,4,4,4,6,5,5,5,5,5,5,5,5,5,5,5,5,5,5,5,5,5,5,5,5,5,5,5,5,5,5,5,5,5,5,5,5,5,5,5,5,5,5,5,5,5,5,5,5,5,5,5,5,5,5,5,5,5,5,5,5,5,5,5,5,5,5,5,5
148,477,488,473,473,475,472,466,463,486,481,481,481,471,476,473,467,492,493,484,483,477,484,468,474,496,494,490,488,484,480,475,473,497,495,493,490,488,480,478,473,504,496,496,494,490,490,478,489,508,503,500,496,491,490,499,491,514,506,508,499,498,498,488,494,3,3,3,3,3,2,3,3,3,3,3,3,2,2,3,3,4,3,3,3,2,3,2,3,3,3,3,3,2,2,3,3,3,3,3,3,3,2,3,3,3,4,3,3,3,3,3,3,4,4,3,3,3,3,3,4,4,5,3,4,4,3,4,5,5,5,5,5,5,5,5,5,5,5,5,5,5,5,5,5,5,5,5,5,5,5,5,5,5,5,5,5,5,5,5,5,5,5,5,5,5,5,5,5,5,5,5,5,5,5,5,5,5,5,5,5,5,5,5,5,5,5,5,5,5,5,5,5
149,486,477,478,471,471,467,459,473,490,479,480,479,479,473,467,464,491,493,478,483,480,483,474,474,497,496,485,483,486,482,476,474,502,497,488,490,489,479,479,474,502,501,503,497,497,492,485,478,511,504,501,496,495,497,497,489,511,508,507,505,499,503,495,496,4,3,3,3,3,3,3,3,3,3,3,3,3,3,3,3,3,4,3,3,2,3,3,3,4,4,3,2,2,3,3,3,3,3,3,3,3,3,3,3,4,3,4,4,4,3,3,3,4,4,4,3,4,3,3,3,4,5,4,4,3,4,4,6,5,5,5,5,5,5,5,5,5,5,5,5,5,5,5,5,5,5,5,5,5,5,5,5,5,5,5,5,5,5,5,5,5,5,5,5,5,5,5,5,5,5,5,5,5,5,5,5,5,5,5,5,5,5,5,5,5,5,5,5,5,5,5,5
150,487,482,477,474,467,468,466,464,489,480,482,479,470,469,469,464,494,486,485,484,481,476,469,476,489,493,486,480,483,478,476,471,498,494,495,489,489,483,481,477,503,497,495,496,491,485,481,477,507,513,500,494,490,489,495,492,509,509,507,499,499,483,494,496,4,3,3,3,2,2,3,3,3,3,2,2,2,2,3,3,3,4,3,3,2,2,2,3,3,3,3,2,2,2,3,3,3,3,3,2,3,3,3,3,3,3,3,3,3,3,3,3,4,4,3,4,3,3,3,4,4,5,3,4,3,4,3,6,5,5,5,5,5,5,5,5,5,5,5,5,5,5,5,5,5,5,5,5,5,5,5,5,5,5,5,5,5,5,5,5,5,5,5,5,5,5,5,5,5,5,5,5,5,5,5,5,5,5,5,5,5,5,5,5,5,5,5,5,5,5,5,5
151,483,480,478,479,466,469,463,465,482,483,483,478,473,468,470,465,493,489,488,485,479,476,474,468,496,494,491,487,485,479,476,479,496,492,489,488,483,487,478,478,509,507,501,498,490,486,485,485,508,505,498,495,493,489,491,494,507,507,509,497,504,498,483,487,4,3,3,3,3,3,3,3,3,3,3,2,2,3,3,3,4,4,3,3,2,3,3,3,3,3,3,3,2,3,3,3,4,3,3,3,3,3,3,3,4,3,4,4,3,3,4,3,5,4,4,3,3,4,3,4,4,6,4,4,3,4,4,7,5,5,5,5,5,5,5,5,5,5,5,5,5,5,5,5,5,5,5,5,5,5,5,5,5,5,5,5,5,5,5,5,5,5,5,5,5,5,5,5,5,5,5,5,5,5,5,5,5,5,5,5,5,5,5,5,5,5,5,5,5,5,5,5
152,487,483,474,475,473,470,464,465,489,482,480,476,474,476,465,465,491,484,488,487,476,478,469,467,503,490,492,489,486,477,478,474,498,498,496,488,491,479,482,481,506,498,496,496,493,484,483,487,519,503,505,504,487,485,496,490,514,506,507,505,499,496,494,496,4,3,3,3,3,3,3,3,3,2,2,2,2,2,2,3,3,4,3,3,2,3,3,3,4,3,3,2,2,2,3,3,3,3,3,3,3,3,3,3,4,4,3,3,3,3,3,3,4,4,3,4,3,3,3,4,4,5,3,4,3,4,4,6,5,5,5,5,5,5,5,5,5,5,5,5,5,5,5,5,5,5,5,5,5,5,5,5,5,5,5,5,5,5,5,5,5,5,5,5,5,5,5,5,5,5,5,5,5,5,5,5,5,5,5,5,5,5,5,5,5,5,5,5,5,5,5,5
153,480,480,481,472,473,465,467,469,486,487,485,475,475,471,470,467,493,488,490,483,476,472,474,472,494,491,490,486,488,477,479,477,503,498,491,493,488,487,480,478,503,495,500,500,496,488,489,488,504,508,501,500,490,492,488,486,505,506,506,507,496,494,487,490,3,3,3,3,2,3,3,3,3,2,3,2,3,2,3,3,3,3,3,3,2,3,2,3,3,3,3,2,3,2,3,3,4,3,3,3,3,3,3,4,4,4,4,4,4,3,3,3,4,4,4,3,3,4,3,3,4,5,3,4,4,3,4,6,5,5,5,5,5,5,5,5,5,5,5,5,5,5,5,5,5,5,5,5,5,5,5,5,5,5,5,5,5,5,5,5,5,5,5,5,5,5,5,5,5,5,5,5,5,5,5,5,5,5,5,5,5,5,5,5,5,5,5,5,5,5,5,5
154,483,486,476,473,471,472,468,468,486,482,483,479,475,467,468,469,489,493,481,483,478,477,475,469,496,494,496,483,485,477,478,474,503,502,488,487,484,483,477,478,500,497,497,492,489,485,479,484,515,502,499,498,498,486,487,489,524,510,508,496,491,494,498,479,3,3,3,3,2,3,3,3,3,3,3,2,2,2,2,3,4,3,3,3,2,3,3,3,3,3,3,3,3,2,3,3,4,3,3,3,2,2,3,3,3,3,3,3,3,3,3,3,4,4,3,3,3,3,4,4,5,4,3,4,4,3,4,5,5,5,5,5,5,5,5,5,5,5,5,5,5,5,5,5,5,5,5,5,5,5,5,5,5,5,5,5,5,5,5,5,5,5,5,5,5,5,5,5,5,5,5,5,5,5,5,5,5,5,5,5,5,5,5,5,5,5,5,5,5,5,5,5
155,478,480,472,473,473,471,465,463,489,479,482,476,475,471,468,469,486,481,486,482,480,475,470,471,495,492,483,486,485,474,482,478,501,496,493,495,488,482,479,480,510,508,491,492,491,487,487,479,513,507,496,496,496,494,496,488,513,506,514,507,502,496,492,489,3,3,3,3,3,3,3,3,3,3,3,3,3,2,3,2,3,4,3,3,2,3,2,3,3,3,3,3,3,3,3,3,4,3,3,3,3,2,3,3,4,3,3,3,3,3,3,4,4,4,4,3,3,3,4,4,4,5,4,4,4,4,4,5,5,5,5,5,5,5,5,5,5,5,5,5,5,5,5,5,5,5,5,5,5,5,5,5,5,5,5,5,5,5,5,5,5,5,5,5,5,5,5,5,5,5,5,5,5,5,5,5,5,5,5,5,5,5,5,5,5,5,5,5,5,5,5,5
156,480,480,480,473,473,467,467,461,489,485,475,477,471,471,465,462,494,489,481,481,478,476,469,471,497,489,484,486,481,477,474,467,496,497,492,489,485,486,482,476,505,495,496,498,496,486,483,480,505,505,502,499,494,489,487,488,510,514,508,501,505,494,499,494,3,2,2,3,3,2,3,3,3,2,3,3,3,2,2,2,3,4,3,3,2,2,2,3,3,3,3,2,3,2,2,3,4,3,3,3,3,3,3,3,3,3,3,3,3,3,3,3,4,4,3,3,3,3,3,3,4,4,3,4,3,3,4,5,5,5,5,5,5,5,5,5,5,5,5,5,5,5,5,5,5,5,5,5,5,5,5,5,5,5,5,5,5,5,5,5,5,5,5,5,5,5,5,5,5,5,5,5,5,5,5,5,5,5,5,5,5,5,5,5,5,5,5,5,5,5,5,5
157,486,483,480,477,473,471,463,463,486,483,484,480,472,477,467,470,499,481,482,483,480,478,476,477,502,484,487,480,479,481,477,474,498,498,495,492,489,483,486,477,505,498,503,498,494,491,492,486,510,511,502,494,490,488,488,485,509,503,511,506,489,505,499,498,4,3,3,3,3,3,3,3,3,3,3,3,3,3,3,3,4,4,3,3,2,3,3,3,3,3,3,3,3,3,3,3,5,4,3,3,3,3,3,3,3,3,4,4,3,3,4,3,4,4,3,4,3,3,3,3,4,5,3,4,4,4,4,6,5,5,5,5,5,5,5,5,5,5,5,5,5,5,5,5,5,5,5,5,5,5,5,5,5,5,5,5,5,5,5,5,5,5,5,5,5,5,5,5,5,5,5,5,5,5,5,5,5,5,5,5,5,5,5,5,5,5,5,5,5,5,5,5
158,481,482,477,473,475,469,466,469,489,483,488,476,473,472,469,465,493,496,481,481,477,475,474,471,494,490,485,489,476,480,476,476,504,491,492,492,486,485,477,484,508,503,496,495,491,482,483,492,514,510,494,499,494,493,497,487,515,510,506,500,498,493,504,485,3,3,3,3,3,2,3,3,3,3,3,2,2,2,3,3,3,3,3,3,2,2,3,3,3,3,3,2,3,2,3,3,4,3,3,3,3,2,3,3,3,4,3,3,3,3,3,3,4,4,4,4,3,3,3,4,4,5,3,4,3,4,4,5,5,5,5,5,5,5,5,5,5,5,5,5,5,5,5,5,5,5,5,5,5,5,5,5,5,5,5,5,5,5,5,5,5,5,5,5,5,5,5,5,5,5,5,5,5,5,5,5,5,5,5,5,5,5,5,5,5,5,5,5,5,5,5,5
159,479,482,471,478,472,467,461,467,484,479,483,479,478,474,473,467,491,493,479,483,484,481,471,468,496,495,491,489,483,477,477,471,509,493,495,496,486,485,482,479,506,502,493,493,494,488,485,485,511,505,499,497,497,486,486,498,513,516,498,500,502,495,496,485,3,3,3,3,2,3,3,3,3,3,3,3,2,3,3,3,3,3,3,3,2,2,2,3,4,3,3,3,2,2,3,3,4,3,3,3,3,3,3,4,4,3,3,3,4,3,4,3,3,4,3,4,3,3,3,4,5,4,3,4,4,4,4,6,5,5,5,5,5,5,5,5,5,5,5,5,5,5,5,5,5,5,5,5,5,5,5,5,5,5,5,5,5,5,5,5,5,5,5,5,5,5,5,5,5,5,5,5,5,5,5,5,5,5,5,5,5,5,5,5,5,5,5,5,5,5,5,5
160,482,483,478,473,470,469,466,464,490,477,483,474,479,472,465,466,486,488,482,488,476,476,475,470,497,493,493,484,486,486,481,479,495,496,493,487,490,482,482,481,505,498,494,491,491,489,479,480,513,506,506,499,490,491,492,490,511,507,511,510,499,492,497,488,3,3,3,3,2,2,3,3,3,3,3,2,2,2,3,3,3,4,2,3,2,2,3,3,3,3,3,2,2,3,3,3,4,3,3,3,3,3,3,3,3,4,3,3,3,3,3,3,3,4,4,3,3,3,3,4,4,4,4,4,3,3,4,4,5,5,5,5,5,5,5,5,5,5,5,5,5,5,5,5,5,5,5,5,5,5,5,5,5,5,5,5,5,5,5,5,5,5,5,5,5,5,5,5,5,5,5,5,5,5,5,5,5,5,5,5,5,5,5,5,5,5,5,5,5,5,5,5
161,488,477,480,473,469,475,458,463,488,479,478,480,478,476,470,469,488,490,488,485,484,483,476,471,490,490,491,481,480,479,478,472,505,499,488,489,491,482,481,477,503,510,496,499,491,492,484,478,510,505,500,496,492,491,495,487,511,499,509,504,498,490,490,493,4,3,3,3,2,3,2,3,3,3,3,3,3,3,3,3,4,3,3,3,2,3,3,3,4,3,3,2,3,3,3,3,4,3,3,3,3,3,3,3,4,3,4,4,3,3,3,4,4,4,3,4,4,4,3,4,4,4,4,4,3,3,4,6,5,5,5,5,5,5,5,5,5,5,5,5,5,5,5,5,5,5,5,5,5,5,5,5,5,5,5,5,5,5,5,5,5,5,5,5,5,5,5,5,5,5,5,5,5,5,5,5,5,5,5,5,5,5,5,5,5,5,5,5,5,5,5,5
162,487,473,478,476,477,466,463,462,482,482,481,478,479,471,469,467,492,493,486,484,480,474,473,474,496,491,486,484,481,474,477,475,496,502,491,497,490,485,482,474,512,498,497,493,494,490,479,488,508,503,499,496,495,487,492,485,508,515,510,501,497,495,501,495,3,3,3,3,3,2,3,3,3,3,3,3,2,2,3,3,3,3,3,3,2,3,3,3,3,3,3,2,3,3,3,3,3,3,3,3,2,2,3,3,4,4,3,3,3,3,3,3,4,4,3,4,3,3,3,4,4,5,3,4,3,3,4,4,5,5,5,5,5,5,5,5,5,5,5,5,5,5,5,5,5,5,5,5,5,5,5,5,5,5,5,5,5,5,5,5,5,5,5,5,5,5,5,5,5,5,5,5,5,5,5,5,5,5,5,5,5,5,5,5,5,5,5,5,5,5,5,5
163,478,483,478,482,468,468,467,467,491,482,480,475,477,471,471,467,489,488,485,476,476,476,468,466,499,490,487,487,487,478,480,477,504,494,495,487,488,485,481,473,502,503,504,492,490,495,481,486,508,503,504,496,496,496,493,489,502,505,511,499,492,501,504,487,3,3,3,2,3,3,3,3,3,3,3,2,3,3,3,3,3,3,3,3,2,3,3,3,3,3,3,3,3,3,3,3,4,3,3,3,3,3,3,3,4,3,3,3,3,3,3,3,4,4,4,4,4,4,3,4,5,5,3,4,4,4,4,5,5,5,5,5,5,5,5,5,5,5,5,5,5,5,5,5,5,5,5,5,5,5,5,5,5,5,5,5,5,5,5,5,5,5,5,5,5,5,5,5,5,5,5,5,5,5,5,5,5,5,5,5,5,5,5,5,5,5,5,5,5,5,5,5
164,483,486,475,475,470,470,465,467,485,481,481,475,471,472,470,466,503,487,483,483,481,480,471,473,490,495,491,488,479,479,476,474,496,491,491,496,488,488,480,478,501,497,498,494,495,485,484,486,506,501,494,498,494,496,501,488,509,514,505,502,503,489,493,484,3,3,3,3,2,2,3,3,3,2,3,3,2,2,3,3,3,4,3,3,2,3,3,3,3,3,3,3,3,2,2,3,4,3,3,3,3,3,3,3,3,4,3,3,3,3,3,3,4,4,3,3,3,3,4,3,4,6,3,4,3,4,4,5,5,5,5,5,5,5,5,5,5,5,5,5,5,5,5,5,5,5,5,5,5,5,5,5,5,5,5,5,5,5,5,5,5,5,5,5,5,5,5,5,5,5,5,5,5,5,5,5,5,5,5,5,5,5,5,5,5,5,5,5,5,5,5,5
165,485,485,481,476,472,467,467,455,499,483,478,476,480,471,474,469,493,494,483,489,479,477,472,475,495,498,488,489,482,478,479,472,489,494,500,495,487,481,481,481,504,497,496,487,490,494,487,484,514,497,503,496,497,491,491,481,514,510,509,506,496,497,494,492,4,3,3,3,2,3,3,3,4,2,2,3,3,2,3,3,4,4,3,3,2,3,3,3,3,3,3,3,3,2,3,3,4,3,3,3,3,3,3,4,3,4,3,3,3,3,3,3,4,4,3,4,4,4,3,3,4,5,4,4,3,3,3,7,5,5,5,5,5,5,5,5,5,5,5,5,5,5,5,5,5,5,5,5,5,5,5,5,5,5,5,5,5,5,5,5,5,5,5,5,5,5,5,5,5,5,5,5,5,5,5,5,5,5,5,5,5,5,5,5,5,5,5,5,5,5,5,5
166,483,479,475,475,472,468,466,465,487,485,484,476,475,473,471,468,490,484,481,484,476,480,472,471,495,486,492,485,485,482,474,476,508,492,493,490,487,486,480,482,509,496,497,495,486,484,489,489,511,510,506,498,501,496,494,498,510,515,503,501,510,493,491,486,3,2,3,3,2,2,3,3,3,3,3,3,3,2,3,3,3,3,3,3,2,3,3,3,3,3,3,3,2,2,3,3,4,3,3,3,3,3,3,3,3,3,3,3,3,3,3,3,3,4,4,4,3,3,3,4,4,4,3,4,3,3,4,5,5,5,5,5,5,5,5,5,5,5,5,5,5,5,5,5,5,5,5,5,5,5,5,5,5,5,5,5,5,5,5,5,5,5,5,5,5,5,5,5,5,5,5,5,5,5,5,5,5,5,5,5,5,5,5,5,5,5,5,5,5,5,5,5
167,487,482,476,481,471,467,467,466,483,482,484,478,475,472,472,467,486,485,490,488,475,474,476,472,496,494,490,486,486,479,480,477,503,492,497,490,487,483,486,480,505,493,496,486,493,487,488,485,502,501,502,496,497,494,492,486,513,507,511,503,497,486,488,496,4,3,3,3,3,3,3,3,3,3,3,3,2,2,3,3,3,3,3,3,2,3,3,3,4,4,3,3,2,3,3,3,4,3,3,3,3,3,3,4,3,4,4,3,3,3,4,3,4,4,3,4,4,3,3,4,4,5,4,4,3,4,4,5,5,5,5,5,5,5,5,5,5,5,5,5,5,5,5,5,5,5,5,5,5,5,5,5,5,5,5,5,5,5,5,5,5,5,5,5,5,5,5,5,5,5,5,5,5,5,5,5,5,5,5,5,5,5,5,5,5,5,5,5,5,5,5,5
168,484,483,477,477,473,471,466,465,490,474,481,478,477,466,472,467,491,494,483,485,480,479,469,474,499,488,489,483,486,478,473,478,502,493,495,489,487,487,483,478,507,495,502,492,486,490,485,483,507,500,498,503,489,488,489,489,508,511,507,500,488,498,494,492,3,3,3,3,3,3,3,2,3,3,3,3,2,2,2,3,3,3,3,3,2,3,3,3,3,3,3,3,3,2,3,3,4,3,3,2,3,2,3,3,4,4,4,3,3,3,3,4,3,3,3,3,3,3,3,4,3,4,3,4,3,4,4,5,5,5,5,5,5,5,5,5,5,5,5,5,5,5,5,5,5,5,5,5,5,5,5,5,5,5,5,5,5,5,5,5,5,5,5,5,5,5,5,5,5,5,5,5,5,5,5,5,5,5,5,5,5,5,5,5,5,5,5,5,5,5,5,5
169,480,489,481,468,473,469,464,466,486,475,490,482,478,472,470,461,491,498,490,478,476,475,476,475,488,491,492,487,481,477,477,472,497,492,490,492,483,487,481,478,498,497,495,496,491,489,482,481,514,499,506,494,488,488,491,494,518,511,503,496,505,491,499,504,3,3,3,3,3,3,3,3,3,3,3,3,3,2,3,3,4,4,3,3,2,3,3,3,4,3,3,3,3,3,3,3,3,3,3,3,2,3,3,3,4,4,3,4,3,3,3,4,5,4,4,4,3,3,3,4,4,5,4,4,3,4,4,6,5,5,5,5,5,5,5,5,5,5,5,5,5,5,5,5,5,5,5,5,5,5,5,5,5,5,5,5,5,5,5,5,5,5,5,5,5,5,5,5,5,5,5,5,5,5,5,5,5,5,5,5,5,5,5,5,5,5,5,5,5,5,5,5
170,482,483,476,478,472,470,464,466,494,478,475,479,474,476,466,470,494,486,489,484,477,475,470,470,505,489,485,489,483,478,477,468,504,496,493,492,483,487,486,470,501,497,502,489,490,486,488,486,513,507,500,487,495,490,498,491,509,506,502,498,501,499,495,493,3,3,3,3,3,3,3,3,4,3,2,2,2,2,2,3,3,4,3,3,2,2,2,3,3,3,3,2,3,2,3,3,3,3,3,3,3,3,3,3,3,3,4,3,3,3,3,3,4,4,3,3,3,4,3,4,4,4,3,3,3,3,3,6,5,5,5,5,5,5,5,5,5,5,5,5,5,5,5,5,5,5,5,5,5,5,5,5,5,5,5,5,5,5,5,5,5,5,5,5,5,5,5,5,5,5,5,5,5,5,5,5,5,5,5,5,5,5,5,5,5,5,5,5,5,5,5,5
171,480,486,474,472,473,468,468,467,487,482,479,478,478,473,469,465,491,488,478,481,478,479,473,473,491,499,498,487,482,480,482,472,501,503,495,490,485,486,478,476,505,490,499,494,490,486,484,479,507,503,500,501,492,490,497,486,505,514,508,500,495,492,497,487,4,3,3,3,3,3,3,3,3,3,3,3,3,2,3,3,4,4,3,3,2,3,3,3,4,3,3,3,3,2,3,3,3,3,3,3,3,3,3,3,3,4,3,3,3,3,3,3,4,4,4,4,3,3,3,4,4,5,4,4,4,4,4,6,5,5,5,5,5,5,5,5,5,5,5,5,5,5,5,5,5,5,5,5,5,5,5,5,5,5,5,5,5,5,5,5,5,5,5,5,5,5,5,5,5,5,5,5,5,5,5,5,5,5,5,5,5,5,5,5,5,5,5,5,5,5,5,5
172,482,481,476,468,468,472,468,464,490,486,482,481,470,469,472,468,493,487,479,477,479,471,476,473,503,493,491,488,480,478,477,467,501,497,491,492,487,488,480,483,497,503,494,498,491,490,491,490,512,513,500,500,493,493,488,488,514,516,507,493,490,499,498,494,3,3,3,2,2,3,3,3,3,3,3,3,3,2,2,3,3,3,3,3,2,2,3,3,3,3,3,3,3,2,3,3,3,3,3,3,3,2,3,3,3,3,3,3,3,3,3,3,4,4,3,3,3,4,3,3,4,5,3,3,3,3,4,5,5,5,5,5,5,5,5,5,5,5,5,5,5,5,5,5,5,5,5,5,5,5,5,5,5,5,5,5,5,5,5,5,5,5,5,5,5,5,5,5,5,5,5,5,5,5,5,5,5,5,5,5,5,5,5,5,5,5,5,5,5,5,5,5
173,482,482,476,473,473,474,463,464,491,474,487,474,477,472,476,467,495,493,484,485,477,475,472,465,494,494,496,492,483,478,477,473,504,496,489,489,482,483,484,478,507,501,501,490,489,492,486,478,513,506,506,503,495,490,492,487,511,509,504,501,502,494,491,489,4,3,3,3,3,3,3,3,3,3,3,3,2,2,3,3,4,3,3,3,2,3,3,3,4,3,3,3,3,3,3,3,4,3,3,3,3,2,3,3,4,4,3,3,3,3,3,4,4,4,4,3,4,3,3,4,4,5,3,4,4,3,4,6,5,5,5,5,5,5,5,5,5,5,5,5,5,5,5,5,5,5,5,5,5,5,5,5,5,5,5,5,5,5,5,5,5,5,5,5,5,5,5,5,5,5,5,5,5,5,5,5,5,5,5,5,5,5,5,5,5,5,5,5,5,5,5,5
174,482,477,474,475,472,469,469,466,488,479,478,475,479,467,473,466,492,490,480,485,481,476,473,470,501,494,494,483,482,474,476,470,498,497,490,488,484,484,479,480,505,492,489,499,494,488,487,483,509,512,501,493,490,493,491,486,523,511,507,497,497,494,495,498,3,3,3,3,2,3,3,3,3,3,3,2,3,2,3,2,3,4,3,3,2,2,2,3,3,3,3,2,3,2,3,3,3,3,3,3,2,3,3,3,3,3,3,3,3,3,3,3,4,4,3,3,3,3,3,4,5,5,3,4,3,4,4,6,5,5,5,5,5,5,5,5,5,5,5,5,5,5,5,5,5,5,5,5,5,5,5,5,5,5,5,5,5,5,5,5,5,5,5,5,5,5,5,5,5,5,5,5,5,5,5,5,5,5,5,5,5,5,5,5,5,5,5,5,5,5,5,5
175,476,481,480,478,469,465,468,469,489,481,480,482,474,473,472,461,493,490,488,489,474,475,475,476,499,492,489,479,478,479,478,480,501,498,495,492,485,479,485,480,506,496,496,495,484,487,485,488,509,503,490,498,501,494,495,490,508,522,511,499,501,499,490,486,3,3,3,3,3,2,3,3,3,2,3,3,2,3,3,3,3,4,3,3,3,3,3,3,4,3,3,3,3,3,3,4,4,3,3,3,3,3,3,4,3,4,3,3,3,3,3,3,5,4,4,4,4,3,3,4,4,5,4,4,3,4,4,5,5,5,5,5,5,5,5,5,5,5,5,5,5,5,5,5,5,5,5,5,5,5,5,5,5,5,5,5,5,5,5,5,5,5,5,5,5,5,5,5,5,5,5,5,5,5,5,5,5,5,5,5,5,5,5,5,5,5,5,5,5,5,5,5
176,481,480,478,478,472,468,467,457,486,476,480,479,474,474,472,465,495,492,487,479,477,479,473,473,497,495,485,480,486,482,483,476,504,499,491,489,491,483,481,472,504,504,494,486,493,488,488,482,511,504,501,501,503,490,487,490,513,508,508,502,490,493,494,491,3,3,3,3,2,2,3,3,3,3,2,3,2,2,3,3,3,3,3,3,2,3,3,3,3,3,3,3,2,2,3,3,3,3,3,3,3,3,3,3,3,3,3,3,3,3,3,3,4,4,3,3,4,3,3,3,4,4,3,3,4,3,3,6,5,5,5,5,5,5,5,5,5,5,5,5,5,5,5,5,5,5,5,5,5,5,5,5,5,5,5,5,5,5,5,5,5,5,5,5,5,5,5,5,5,5,5,5,5,5,5,5,5,5,5,5,5,5,5,5,5,5,5,5,5,5,5,5
177,481,487,485,477,470,472,468,464,490,479,483,485,477,474,463,468,494,485,484,482,476,481,473,466,499,487,493,488,479,479,478,471,499,498,494,493,489,480,484,478,502,499,497,489,490,484,479,477,510,501,502,505,496,492,494,486,519,498,507,500,496,487,493,491,4,3,3,3,2,3,3,3,3,3,3,3,3,2,2,3,4,4,3,3,3,3,3,3,4,3,3,3,3,3,3,3,4,3,3,3,3,2,3,4,4,4,3,3,3,3,3,3,4,4,4,4,3,3,3,3,5,4,3,3,4,4,4,6,5,5,5,5,5,5,5,5,5,5,5,5,5,5,5,5,5,5,5,5,5,5,5,5,5,5,5,5,5,5,5,5,5,5,5,5,5,5,5,5,5,5,5,5,5,5,5,5,5,5,5,5,5,5,5,5,5,5,5,5,5,5,5,5
178,489,487,474,472,470,467,471,456,494,485,477,480,480,471,466,465,488,483,485,481,482,473,475,467,493,495,486,490,481,479,476,470,496,495,490,487,487,487,479,480,504,503,499,497,494,480,478,484,511,500,503,501,498,480,490,485,508,511,506,507,496,500,493,497,3,3,3,3,3,3,2,3,3,3,3,2,2,2,3,3,3,3,3,3,2,2,3,3,3,3,3,2,3,2,3,3,3,3,3,3,3,3,3,3,3,3,3,3,3,3,3,3,3,4,3,3,3,3,3,4,4,5,3,4,4,3,4,4,5,5,5,5,5,5,5,5,5,5,5,5,5,5,5,5,5,5,5,5,5,5,5,5,5,5,5,5,5,5,5,5,5,5,5,5,5,5,5,5,5,5,5,5,5,5,5,5,5,5,5,5,5,5,5,5,5,5,5,5,5,5,5,5
179,477,478,475,476,468,467,467,460,494,487,481,478,480,472,471,468,495,487,484,479,477,480,475,467,498,492,487,484,485,476,475,474,503,492,489,495,486,479,481,477,499,489,490,487,489,490,480,482,506,506,492,499,490,495,492,493,520,503,501,499,494,496,500,495,3,3,3,3,2,3,3,3,3,3,3,3,3,3,3,3,4,4,3,3,2,3,3,3,3,3,3,3,3,3,3,3,4,3,3,3,3,3,3,3,4,4,3,3,3,3,3,3,4,4,4,3,3,3,3,4,4,5,3,4,4,4,4,6,5,5,5,5,5,5,5,5,5,5,5,5,5,5,5,5,5,5,5,5,5,5,5,5,5,5,5,5,5,5,5,5,5,5,5,5,5,5,5,5,5,5,5,5,5,5,5,5,5,5,5,5,5,5,5,5,5,5,5,5,5,5,5,5
180,485,484,477,474,466,468,468,463,493,485,482,474,478,476,476,461,490,486,484,483,476,477,474,466,495,489,485,485,485,483,479,479,506,495,496,491,488,482,482,475,499,496,500,494,492,485,485,484,505,502,505,501,497,490,484,486,515,512,507,501,498,498,494,488,4,3,3,3,2,2,3,3,3,2,3,2,3,2,3,2,3,4,3,3,2,3,3,3,4,3,3,3,2,2,3,4,3,3,3,3,3,3,3,3,4,4,3,3,3,3,3,3,4,4,4,3,3,3,4,4,5,4,3,3,3,3,3,5,5,5,5,5,5,5,5,5,5,5,5,5,5,5,5,5,5,5,5,5,5,5,5,5,5,5,5,5,5,5,5,5,5,5,5,5,5,5,5,5,5,5,5,5,5,5,5,5,5,5,5,5,5,5,5,5,5,5,5,5,5,5,5,5
181,485,481,476,477,472,466,460,457,484,485,485,483,470,476,473,467,494,491,489,480,483,475,471,465,494,491,486,485,485,480,477,468,500,495,493,490,487,483,481,479,498,495,501,494,493,493,485,484,500,500,497,488,490,484,493,490,520,503,507,504,491,500,492,481,4,3,3,3,2,3,3,3,3,3,3,3,3,3,3,3,4,4,3,3,2,3,3,3,3,3,3,3,3,3,3,3,4,3,3,3,3,3,3,3,4,4,3,4,4,3,4,3,4,4,3,4,4,3,3,4,5,4,4,4,4,3,4,5,5,5,5,5,5,5,5,5,5,5,5,5,5,5,5,5,5,5,5,5,5,5,5,5,5,5,5,5,5,5,5,5,5,5,5,5,5,5,5,5,5,5,5,5,5,5,5,5,5,5,5,5,5,5,5,5,5,5,5,5,5,5,5,5
182,481,480,476,476,469,471,468,461,489,478,482,479,478,473,472,464,491,485,485,485,482,474,474,473,496,490,488,479,482,478,473,470,503,496,494,497,487,485,479,472,505,497,497,491,499,488,479,487,508,501,497,496,505,496,482,491,511,509,507,499,498,492,494,494,3,2,3,3,2,3,3,3,3,3,3,2,3,2,2,3,3,4,3,3,2,2,3,3,3,3,3,2,3,2,3,3,4,3,3,3,3,3,3,3,3,3,3,3,3,3,3,3,4,4,3,3,4,3,3,4,4,5,3,3,3,3,4,5,5,5,5,5,5,5,5,5,5,5,5,5,5,5,5,5,5,5,5,5,5,5,5,5,5,5,5,5,5,5,5,5,5,5,5,5,5,5,5,5,5,5,5,5,5,5,5,5,5,5,5,5,5,5,5,5,5,5,5,5,5,5,5,5
183,483,477,476,477,465,469,464,468,494,487,479,480,481,472,467,465,492,489,488,488,476,476,469,469,491,494,486,484,486,482,473,477,504,499,490,490,489,484,478,480,508,497,495,494,491,497,485,482,502,498,501,499,491,489,487,492,517,520,502,510,499,493,498,496,3,2,3,3,3,3,3,3,3,3,3,3,2,2,3,3,4,3,3,3,2,2,3,3,4,3,3,3,3,2,3,4,4,3,3,3,3,3,3,4,4,4,3,3,3,3,3,3,4,4,3,4,4,3,3,5,5,4,4,4,3,3,4,6,5,5,5,5,5,5,5,5,5,5,5,5,5,5,5,5,5,5,5,5,5,5,5,5,5,5,5,5,5,5,5,5,5,5,5,5,5,5,5,5,5,5,5,5,5,5,5,5,5,5,5,5,5,5,5,5,5,5,5,5,5,5,5,5
184,478,476,478,474,470,467,469,467,487,486,491,480,476,468,466,469,486,485,483,490,483,474,477,467,497,494,489,483,481,478,480,474,501,493,486,489,489,482,483,479,501,495,495,495,492,484,485,483,510,516,500,497,498,495,494,485,511,519,508,507,502,502,497,487,3,3,3,3,2,3,3,3,3,2,3,3,2,2,2,3,3,4,3,3,2,2,3,3,3,3,3,2,2,3,3,3,4,3,3,3,2,3,3,3,3,3,3,3,3,3,3,3,4,4,3,4,4,4,3,3,4,4,3,4,3,3,4,5,5,5,5,5,5,5,5,5,5,5,5,5,5,5,5,5,5,5,5,5,5,5,5,5,5,5,5,5,5,5,5,5,5,5,5,5,5,5,5,5,5,5,5,5,5,5,5,5,5,5,5,5,5,5,5,5,5,5,5,5,5,5,5,5
185,477,481,478,473,464,468,465,462,495,485,480,478,476,476,466,467,491,492,488,486,480,478,477,471,498,498,493,490,483,482,478,474,497,495,496,492,493,481,479,479,512,498,492,495,489,483,488,481,508,496,501,503,500,485,492,489,506,514,511,501,500,493,484,490,3,3,3,3,2,3,3,3,4,3,3,3,3,3,3,3,3,4,3,3,2,3,3,3,3,4,3,2,2,3,3,3,4,3,3,3,3,3,3,4,4,4,3,3,3,3,4,3,4,4,3,4,4,4,3,4,5,4,4,4,3,4,4,6,5,5,5,5,5,5,5,5,5,5,5,5,5,5,5,5,5,5,5,5,5,5,5,5,5,5,5,5,5,5,5,5,5,5,5,5,5,5,5,5,5,5,5,5,5,5,5,5,5,5,5,5,5,5,5,5,5,5,5,5,5,5,5,5
186,484,483,478,474,466,467,466,467,490,473,479,473,476,474,468,465,488,490,485,485,477,475,470,473,492,485,491,488,478,480,476,469,511,494,490,489,489,483,477,476,504,501,497,497,496,495,479,487,502,504,503,498,492,486,482,480,509,504,507,501,491,498,497,485,4,3,3,3,2,3,3,2,3,3,2,2,3,2,3,3,3,4,3,3,2,2,3,3,4,3,3,2,3,2,3,3,4,3,3,3,3,2,3,3,3,3,3,3,3,3,3,3,4,3,3,4,3,3,3,3,4,4,3,4,4,3,4,5,5,5,5,5,5,5,5,5,5,5,5,5,5,5,5,5,5,5,5,5,5,5,5,5,5,5,5,5,5,5,5,5,5,5,5,5,5,5,5,5,5,5,5,5,5,5,5,5,5,5,5,5,5,5,5,5,5,5,5,5,5,5,5,5
187,482,487,475,476,473,468,464,466,491,484,481,478,477,471,472,467,494,488,489,487,479,472,479,475,493,494,491,484,481,483,478,472,504,495,493,487,487,481,483,481,498,493,504,495,492,488,489,493,504,508,502,502,495,493,487,488,506,507,506,499,508,495,496,484,3,3,3,3,3,3,3,3,4,3,3,3,3,2,3,3,3,4,3,3,2,3,3,3,4,3,3,3,3,3,3,3,4,3,3,3,3,3,3,3,3,3,4,4,3,3,4,3,4,5,3,4,4,3,4,4,5,5,3,4,4,3,4,6,5,5,5,5,5,5,5,5,5,5,5,5,5,5,5,5,5,5,5,5,5,5,5,5,5,5,5,5,5,5,5,5,5,5,5,5,5,5,5,5,5,5,5,5,5,5,5,5,5,5,5,5,5,5,5,5,5,5,5,5,5,5,5,5
188,487,480,477,471,472,470,465,466,492,481,476,477,475,475,464,466,488,493,486,480,476,481,472,469,497,491,495,490,483,479,478,469,500,495,496,490,485,482,480,478,503,496,490,495,493,486,487,480,500,510,503,494,498,488,490,487,511,505,505,501,502,492,485,489,3,3,3,3,2,2,3,3,4,3,3,2,2,2,2,3,3,3,3,3,2,3,3,3,3,3,3,3,3,2,3,3,3,3,3,3,2,2,3,3,3,3,3,3,3,3,3,3,4,4,3,4,4,3,3,3,4,5,4,4,3,3,3,5,5,5,5,5,5,5,5,5,5,5,5,5,5,5,5,5,5,5,5,5,5,5,5,5,5,5,5,5,5,5,5,5,5,5,5,5,5,5,5,5,5,5,5,5,5,5,5,5,5,5,5,5,5,5,5,5,5,5,5,5,5,5,5,5
189,486,480,480,479,471,469,464,463,489,483,478,478,475,475,475,465,494,480,485,491,479,479,473,481,494,489,484,488,482,478,481,471,506,496,491,493,487,486,480,482,504,502,496,495,498,491,483,484,501,504,506,496,493,491,490,489,514,514,514,504,492,501,501,495,3,3,3,3,2,3,3,3,3,3,3,3,2,3,3,3,3,4,3,3,3,3,3,3,3,3,3,2,3,2,3,3,3,3,3,3,3,3,3,4,3,3,3,3,4,3,3,3,4,4,3,4,3,3,3,4,5,4,4,4,4,3,4,5,5,5,5,5,5,5,5,5,5,5,5,5,5,5,5,5,5,5,5,5,5,5,5,5,5,5,5,5,5,5,5,5,5,5,5,5,5,5,5,5,5,5,5,5,5,5,5,5,5,5,5,5,5,5,5,5,5,5,5,5,5,5,5,5
190,491,481,476,474,470,469,468,464,489,484,481,480,473,470,470,468,497,487,480,483,478,481,474,469,494,490,488,488,484,480,480,475,504,498,489,488,488,488,477,479,502,496,500,498,487,488,483,483,510,502,494,493,495,493,494,488,515,508,508,503,499,492,490,493,3,3,3,3,2,2,3,2,3,2,3,3,2,2,2,3,3,4,3,3,2,2,3,3,3,3,3,2,3,2,3,3,4,3,3,2,3,3,3,3,3,4,3,3,3,3,3,3,4,4,3,3,3,3,3,4,4,5,3,4,3,4,4,5,5,5,5,5,5,5,5,5,5,5,5,5,5,5,5,5,5,5,5,5,5,5,5,5,5,5,5,5,5,5,5,5,5,5,5,5,5,5,5,5,5,5,5,5,5,5,5,5,5,5,5,5,5,5,5,5,5,5,5,5,5,5,5,5
191,482,481,476,470,474,467,467,464,492,479,482,479,474,471,470,470,492,485,490,486,479,473,467,467,501,491,488,487,482,480,478,477,498,498,495,491,489,483,483,480,506,505,500,495,492,484,485,487,508,502,500,491,503,489,489,489,520,507,506,503,498,492,497,484,4,3,3,3,3,3,3,3,3,3,3,3,3,2,3,3,4,4,3,3,2,3,3,3,3,3,3,3,3,3,3,3,3,3,3,3,3,3,3,4,4,3,4,3,4,3,3,3,4,4,3,4,3,4,3,4,5,5,4,4,4,4,4,5,5,5,5,5,5,5,5,5,5,5,5,5,5,5,5,5,5,5,5,5,5,5,5,5,5,5,5,5,5,5,5,5,5,5,5,5,5,5,5,5,5,5,5,5,5,5,5,5,5,5,5,5,5,5,5,5,5,5,5,5,5,5,5,5
192,481,477,479,476,469,469,465,466,488,481,480,480,481,470,469,467,492,491,486,482,477,475,473,469,499,492,484,479,479,476,478,474,499,495,498,493,486,481,480,478,507,507,493,497,491,490,484,484,501,505,496,497,497,491,488,488,517,511,503,508,497,494,494,491,3,3,3,3,2,3,3,3,3,3,3,2,3,2,2,3,4,3,3,3,2,2,3,3,3,3,3,2,3,2,2,3,4,3,3,3,3,3,3,3,4,3,3,3,3,3,3,3,4,4,3,4,4,3,3,3,4,5,3,4,4,3,3,6,5,5,5,5,5,5,5,5,5,5,5,5,5,5,5,5,5,5,5,5,5,5,5,5,5,5,5,5,5,5,5,5,5,5,5,5,5,5,5,5,5,5,5,5,5,5,5,5,5,5,5,5,5,5,5,5,5,5,5,5,5,5,5,5
193,479,487,478,476,470,470,465,463,486,482,481,483,478,471,469,467,491,488,489,483,478,476,475,469,498,494,497,488,480,483,480,477,505,495,488,491,492,485,486,478,509,497,502,492,497,492,489,488,501,504,502,504,495,490,499,486,514,507,503,507,504,491,495,496,4,3,3,3,3,3,3,3,3,3,3,3,3,2,3,3,3,4,3,3,2,3,3,3,4,3,3,3,3,3,3,4,4,4,3,3,3,3,3,3,4,4,4,4,4,3,3,3,4,4,3,4,3,4,3,3,4,4,4,4,3,4,4,5,5,5,5,5,5,5,5,5,5,5,5,5,5,5,5,5,5,5,5,5,5,5,5,5,5,5,5,5,5,5,5,5,5,5,5,5,5,5,5,5,5,5,5,5,5,5,5,5,5,5,5,5,5,5,5,5,5,5,5,5,5,5,5,5
194,487,482,475,474,470,468,470,469,491,482,475,478,475,468,475,464,489,484,489,479,476,477,477,474,492,492,490,482,479,481,485,470,502,494,488,488,487,488,483,475,506,500,494,494,486,489,483,483,506,503,497,501,494,487,486,488,514,509,503,503,502,495,491,501,3,3,3,3,2,2,3,3,3,2,2,3,2,2,3,3,3,4,3,3,2,3,3,3,3,3,3,2,3,2,3,3,3,3,3,3,3,3,3,3,3,3,3,3,3,3,3,4,4,4,3,4,3,3,3,4,5,6,3,4,3,3,3,5,5,5,5,5,5,5,5,5,5,5,5,5,5,5,5,5,5,5,5,5,5,5,5,5,5,5,5,5,5,5,5,5,5,5,5,5,5,5,5,5,5,5,5,5,5,5,5,5,5,5,5,5,5,5,5,5,5,5,5,5,5,5,5,5
195,482,474,475,472,469,474,468,462,488,485,487,473,475,468,467,466,489,486,485,484,476,477,471,474,500,491,493,488,483,487,479,475,497,496,489,489,488,480,482,475,506,499,493,497,492,486,485,489,506,516,504,495,492,493,488,494,512,507,507,498,496,491,496,494,4,3,3,3,2,3,3,3,3,3,3,2,3,2,3,3,4,4,3,3,3,3,3,3,4,4,3,3,3,3,3,3,4,3,3,3,3,3,3,3,4,4,4,4,3,3,4,3,4,4,3,4,3,3,3,4,4,5,4,4,3,4,4,5,5,5,5,5,5,5,5,5,5,5,5,5,5,5,5,5,5,5,5,5,5,5,5,5,5,5,5,5,5,5,5,5,5,5,5,5,5,5,5,5,5,5,5,5,5,5,5,5,5,5,5,5,5,5,5,5,5,5,5,5,5,5,5,5
196,487,481,479,469,473,469,462,467,483,482,481,484,480,470,470,472,489,489,484,483,479,475,471,471,503,493,491,486,475,476,475,480,500,497,493,497,489,487,484,478,507,498,491,483,488,489,486,481,508,498,492,502,499,491,488,487,509,507,506,501,500,494,493,490,4,3,3,3,2,2,3,3,3,3,3,3,2,2,2,3,3,4,3,3,2,2,2,3,3,3,3,2,3,2,2,4,4,3,3,3,2,3,3,3,3,4,3,3,3,3,3,4,4,4,4,3,3,3,3,4,4,5,3,4,3,3,4,6,5,5,5,5,5,5,5,5,5,5,5,5,5,5,5,5,5,5,5,5,5,5,5,5,5,5,5,5,5,5,5,5,5,5,5,5,5,5,5,5,5,5,5,5,5,5,5,5,5,5,5,5,5,5,5,5,5,5,5,5,5,5,5,5
197,483,484,471,476,467,469,468,460,490,485,482,476,477,473,467,464,481,491,485,487,479,477,471,473,495,493,499,488,488,480,478,475,502,504,489,494,489,488,482,490,504,499,494,500,499,494,485,483,519,499,504,495,492,491,485,491,518,513,513,510,498,496,496,489,4,3,3,3,2,3,3,3,3,3,3,3,3,2,2,3,4,4,3,3,2,3,3,3,3,3,3,3,2,2,3,3,4,3,3,3,3,3,3,3,3,4,3,4,4,3,3,3,4,4,3,4,3,4,3,4,5,5,4,4,4,4,4,6,5,5,5,5,5,5,5,5,5,5,5,5,5,5,5,5,5,5,5,5,5,5,5,5,5,5,5,5,5,5,5,5,5,5,5,5,5,5,5,5,5,5,5,5,5,5,5,5,5,5,5,5,5,5,5,5,5,5,5,5,5,5,5,5
198,483,480,476,471,468,472,465,459,493,487,480,477,475,476,470,462,481,491,485,481,480,476,468,470,497,486,489,488,483,474,475,471,503,495,493,491,488,484,485,484,504,495,495,497,491,490,487,488,507,503,503,493,490,489,488,484,507,512,514,502,507,498,493,489,3,3,3,3,2,3,3,3,3,3,2,3,2,2,3,3,3,4,3,3,2,3,3,3,3,3,3,3,3,3,3,3,4,3,3,3,2,2,3,3,3,3,3,3,3,3,3,3,4,4,3,4,3,3,3,3,4,5,3,4,3,3,3,5,5,5,5,5,5,5,5,5,5,5,5,5,5,5,5,5,5,5,5,5,5,5,5,5,5,5,5,5,5,5,5,5,5,5,5,5,5,5,5,5,5,5,5,5,5,5,5,5,5,5,5,5,5,5,5,5,5,5,5,5,5,5,5,5
199,492,479,476,476,470,470,466,464,492,481,482,476,477,473,471,467,490,485,483,487,479,486,473,474,499,486,489,486,483,482,477,476,504,496,491,491,489,485,480,483,503,492,495,492,493,485,489,491,503,509,493,497,492,494,492,483,517,517,508,506,490,498,504,493,3,3,3,3,2,3,3,3,3,3,3,3,3,2,3,3,3,4,3,3,2,3,3,3,3,3,3,3,2,2,3,4,4,3,3,3,3,3,3,4,3,4,3,4,3,3,4,3,4,4,4,3,3,3,4,4,4,5,4,4,4,4,4,5,5,5,5,5,5,5,5,5,5,5,5,5,5,5,5,5,5,5,5,5,5,5,5,5,5,5,5,5,5,5,5,5,5,5,5,5,5,5,5,5,5,5,5,5,5,5,5,5,5,5,5,5,5,5,5,5,5,5,5,5,5,5,5,5
