frame,dist_z0,dist_z1,dist_z2,dist_z3,dist_z4,dist_z5,dist_z6,dist_z7,dist_z8,dist_z9,dist_z10,dist_z11,dist_z12,dist_z13,dist_z14,dist_z15,dist_z16,dist_z17,dist_z18,dist_z19,dist_z20,dist_z21,dist_z22,dist_z23,dist_z24,dist_z25,dist_z26,dist_z27,dist_z28,dist_z29,dist_z30,dist_z31,dist_z32,dist_z33,dist_z34,dist_z35,dist_z36,dist_z37,dist_z38,dist_z39,dist_z40,dist_z41,dist_z42,dist_z43,dist_z44,dist_z45,dist_z46,dist_z47,dist_z48,dist_z49,dist_z50,dist_z51,dist_z52,dist_z53,dist_z54,dist_z55,dist_z56,dist_z57,dist_z58,dist_z59,dist_z60,dist_z61,dist_z62,dist_z63,sigma_z0,sigma_z1,sigma_z2,sigma_z3,sigma_z4,sigma_z5,sigma_z6,sigma_z7,sigma_z8,sigma_z9,sigma_z10,sigma_z11,sigma_z12,sigma_z13,sigma_z14,sigma_z15,sigma_z16,sigma_z17,sigma_z18,sigma_z19,sigma_z20,sigma_z21,sigma_z22,sigma_z23,sigma_z24,sigma_z25,sigma_z26,sigma_z27,sigma_z28,sigma_z29,sigma_z30,sigma_z31,sigma_z32,sigma_z33,sigma_z34,sigma_z35,sigma_z36,sigma_z37,sigma_z38,sigma_z39,sigma_z40,sigma_z41,sigma_z42,sigma_z43,sigma_z44,sigma_z45,sigma_z46,sigma_z47,sigma_z48,sigma_z49,sigma_z50,sigma_z51,sigma_z52,sigma_z53,sigma_z54,sigma_z55,sigma_z56,sigma_z57,sigma_z58,sigma_z59,sigma_z60,sigma_z61,sigma_z62,sigma_z63,status_z0,status_z1,status_z2,status_z3,status_z4,status_z5,status_z6,status_z7,status_z8,status_z9,status_z10,status_z11,status_z12,status_z13,status_z14,status_z15,status_z16,status_z17,status_z18,status_z19,status_z20,status_z21,status_z22,status_z23,status_z24,status_z25,status_z26,status_z27,status_z28,status_z29,status_z30,status_z31,status_z32,status_z33,status_z34,status_z35,status_z36,status_z37,status_z38,status_z39,status_z40,status_z41,status_z42,status_z43,status_z44,status_z45,status_z46,status_z47,status_z48,status_z49,status_z50,status_z51,status_z52,status_z53,status_z54,status_z55,status_z56,status_z57,status_z58,status_z59,status_z60,status_z61,status_z62,status_z63
0,871,879,864,865,870,861,844,865,896,873,873,871,879,856,861,853,883,892,880,877,875,877,873,855,898,885,899,887,878,867,869,871,901,903,894,885,890,873,884,869,912,906,903,892,896,887,880,873,910,901,897,893,884,897,897,882,921,918,911,902,882,893,889,878,7,8,5,7,6,5,5,6,6,5,5,5,6,5,5,4,8,9,5,6,5,5,5,5,7,5,6,5,5,5,5,7,9,5,5,7,6,6,6,7,9,6,6,6,7,5,6,6,7,8,7,6,5,6,8,10,9,11,5,8,8,6,7,11,5,5,5,5,5,5,5,5,5,5,5,5,5,5,5,5,5,5,5,5,5,5,5,5,5,5,5,5,5,5,5,5,5,5,5,5,5,5,5,5,5,5,5,5,5,5,5,5,5,5,5,5,5,5,5,5,5,5,5,5,5,5,5,5
1,864,869,873,874,867,867,859,842,866,881,874,870,870,861,864,872,880,879,879,876,872,874,865,868,912,885,892,888,882,874,876,878,901,898,893,892,877,885,880,873,908,905,909,897,895,894,882,871,909,915,905,894,894,903,887,900,925,916,912,891,903,896,895,887,7,6,5,5,5,5,6,7,7,5,5,6,5,5,6,6,9,8,5,6,6,5,5,6,11,6,6,6,5,5,6,6,12,6,6,7,7,6,6,9,6,6,8,6,7,6,7,7,7,7,7,7,8,8,7,9,7,11,10,8,8,7,7,9,5,5,5,5,5,5,5,5,5,5,5,5,5,5,5,5,5,5,5,5,5,5,5,5,5,5,5,5,5,5,5,5,5,5,5,5,5,5,5,5,5,5,5,5,5,5,5,5,5,5,5,5,5,5,5,5,5,5,5,5,5,5,5,5
2,873,880,873,875,863,856,849,853,883,883,880,880,862,862,858,856,906,883,886,882,869,873,859,862,896,876,895,882,885,870,874,868,892,899,884,896,887,872,892,869,913,899,894,887,900,900,871,890,916,893,906,891,901,908,888,879,927,894,903,903,889,900,902,889,6,7,4,8,5,6,4,6,8,6,6,5,6,4,5,5,7,7,5,5,5,6,5,5,6,5,6,5,5,6,5,8,8,6,5,6,6,6,6,7,7,7,6,6,6,6,6,8,8,8,6,7,5,6,6,10,11,16,7,10,7,7,9,15,5,5,5,5,5,5,5,5,5,5,5,5,5,5,5,5,5,5,5,5,5,5,5,5,5,5,5,5,5,5,5,5,5,5,5,5,5,5,5,5,5,5,5,5,5,5,5,5,5,5,5,5,5,5,5,5,5,5,5,5,5,5,5,5
3,891,882,876,868,852,847,856,858,891,887,866,877,863,853,854,855,900,902,885,868,868,865,862,867,895,874,889,884,887,883,876,859,907,905,891,891,876,894,892,873,909,906,898,895,899,890,899,884,912,935,912,888,894,894,896,875,924,927,917,906,908,894,903,889,9,8,6,6,5,6,6,6,7,6,5,5,7,5,6,6,10,7,6,7,6,7,6,5,7,5,6,6,7,4,7,7,8,6,4,5,6,6,6,6,6,7,6,7,8,7,6,7,9,9,8,6,7,6,6,10,9,14,6,10,9,7,7,17,5,5,5,5,5,5,5,5,5,5,5,5,5,5,5,5,5,5,5,5,5,5,5,5,5,5,5,5,5,5,5,5,5,5,5,5,5,5,5,5,5,5,5,5,5,5,5,5,5,5,5,5,5,5,5,5,5,5,5,5,5,5,5,5
4,871,888,868,865,861,857,852,863,878,878,880,867,877,864,867,861,888,891,881,869,876,859,860,855,901,891,901,882,876,881,863,851,903,897,886,896,875,891,877,874,899,923,899,898,882,892,876,877,901,894,911,900,902,891,879,872,918,928,902,907,897,916,892,877,5,5,5,6,5,6,5,8,7,5,5,5,6,5,5,5,8,7,6,5,4,6,5,6,8,6,7,5,6,5,5,7,9,5,4,5,6,6,6,5,6,6,7,7,8,6,6,7,6,8,8,8,5,6,7,8,8,8,8,9,7,6,8,11,5,5,5,5,5,5,5,5,5,5,5,5,5,5,5,5,5,5,5,5,5,5,5,5,5,5,5,5,5,5,5,5,5,5,5,5,5,5,5,5,5,5,5,5,5,5,5,5,5,5,5,5,5,5,5,5,5,5,5,5,5,5,5,5
5,886,882,874,869,866,848,850,848,874,874,876,883,870,863,867,860,895,881,891,886,862,872,859,865,896,889,885,888,885,873,878,873,895,898,899,891,892,888,871,869,913,902,909,896,884,890,869,890,909,903,888,897,896,894,879,878,921,935,900,912,903,905,903,877,8,7,5,6,5,5,5,7,7,5,5,7,5,5,6,6,8,8,6,5,5,6,6,5,7,6,6,5,6,6,6,8,8,5,5,5,8,6,5,7,6,8,6,6,9,8,7,8,8,10,10,6,7,6,6,12,10,11,6,6,6,9,8,15,5,5,5,5,5,5,5,5,5,5,5,5,5,5,5,5,5,5,5,5,5,5,5,5,5,5,5,5,5,5,5,5,5,5,5,5,5,5,5,5,5,5,5,5,5,5,5,5,5,5,5,5,5,5,5,5,5,5,5,5,5,5,5,5
6,888,876,867,866,862,853,867,858,883,880,883,868,867,857,875,859,894,877,878,877,873,867,863,867,896,893,902,878,883,874,873,874,890,896,897,884,890,884,888,877,913,914,893,887,899,893,885,877,908,904,920,912,885,893,889,888,910,906,911,898,916,895,903,887,7,6,6,6,5,6,5,7,6,5,6,4,5,4,4,4,9,7,5,5,5,5,5,6,7,6,7,5,5,5,6,9,9,6,5,6,5,5,6,5,7,7,5,6,6,6,7,6,8,10,7,7,6,7,6,6,10,10,9,8,8,6,6,16,5,5,5,5,5,5,5,5,5,5,5,5,5,5,5,5,5,5,5,5,5,5,5,5,5,5,5,5,5,5,5,5,5,5,5,5,5,5,5,5,5,5,5,5,5,5,5,5,5,5,5,5,5,5,5,5,5,5,5,5,5,5,5,5
7,871,883,867,878,858,839,856,857,885,885,872,880,886,861,870,852,865,890,862,878,869,866,855,855,881,897,894,876,900,881,879,854,901,905,899,892,872,886,882,871,915,905,909,901,907,886,872,878,908,898,910,904,892,895,880,894,933,929,908,924,900,887,909,874,7,7,5,6,5,5,4,7,8,6,5,7,6,5,7,6,9,8,6,6,5,6,5,6,8,6,6,5,5,5,7,7,14,5,6,5,6,6,7,8,5,6,6,7,7,6,6,8,9,10,7,7,7,6,6,10,9,15,8,9,7,7,6,13,5,5,5,5,5,5,5,5,5,5,5,5,5,5,5,5,5,5,5,5,5,5,5,5,5,5,5,5,5,5,5,5,5,5,5,5,5,5,5,5,5,5,5,5,5,5,5,5,5,5,5,5,5,5,5,5,5,5,5,5,5,5,5,5
8,874,870,869,877,869,852,871,842,903,878,877,870,863,867,854,856,889,880,879,867,873,878,870,859,905,888,891,876,869,865,865,862,919,902,891,901,885,875,882,870,911,902,898,913,897,879,893,877,904,914,909,880,882,893,881,892,930,925,904,901,905,886,893,903,7,5,6,5,5,6,5,6,7,6,4,4,6,5,5,5,8,6,6,5,5,5,5,5,9,5,5,5,5,5,5,7,7,5,5,5,7,6,5,6,6,6,5,6,6,5,5,6,7,9,8,8,5,5,6,8,10,10,6,8,7,5,6,14,5,5,5,5,5,5,5,5,5,5,5,5,5,5,5,5,5,5,5,5,5,5,5,5,5,5,5,5,5,5,5,5,5,5,5,5,5,5,5,5,5,5,5,5,5,5,5,5,5,5,5,5,5,5,5,5,5,5,5,5,5,5,5,5
9,881,885,880,863,860,849,847,869,897,876,880,876,869,858,867,848,893,885,891,878,882,871,865,872,884,898,880,877,889,888,873,867,899,900,897,891,885,884,876,860,911,917,901,901,881,889,882,878,916,912,902,884,896,880,908,898,919,929,908,918,889,876,917,880,9,5,5,6,5,6,6,8,7,5,5,5,5,5,6,6,8,8,6,5,4,6,5,6,6,7,8,6,7,5,6,6,10,6,5,5,6,5,7,6,9,6,6,8,7,6,7,6,8,8,8,7,7,7,7,12,10,8,7,9,6,8,8,13,5,5,5,5,5,5,5,5,5,5,5,5,5,5,5,5,5,5,5,5,5,5,5,5,5,5,5,5,5,5,5,5,5,5,5,5,5,5,5,5,5,5,5,5,5,5,5,5,5,5,5,5,5,5,5,5,5,5,5,5,5,5,5,5
10,893,876,868,867,874,856,866,849,875,879,877,866,862,869,870,851,886,880,887,884,878,871,861,858,896,894,890,885,880,868,861,854,887,903,896,889,879,867,873,875,912,889,900,901,890,888,890,869,921,917,892,898,897,899,893,871,924,908,917,904,907,898,899,884,7,6,5,5,5,5,6,5,7,5,5,5,6,5,5,5,7,7,5,5,4,5,5,4,6,7,5,4,5,5,7,7,8,5,5,5,5,5,5,6,8,8,5,7,6,6,6,6,6,9,5,8,5,5,7,8,9,12,6,8,7,8,7,14,5,5,5,5,5,5,5,5,5,5,5,5,5,5,5,5,5,5,5,5,5,5,5,5,5,5,5,5,5,5,5,5,5,5,5,5,5,5,5,5,5,5,5,5,5,5,5,5,5,5,5,5,5,5,5,5,5,5,5,5,5,5,5,5
11,873,876,866,867,865,850,857,844,874,868,874,882,878,857,863,854,888,901,882,881,873,872,871,862,891,889,901,884,885,873,875,879,912,897,885,883,893,893,879,876,908,905,901,894,895,898,891,870,913,913,903,916,891,895,877,879,923,912,899,897,893,900,905,910,6,6,6,5,4,5,5,7,8,6,5,6,5,5,6,5,9,7,5,6,6,6,6,6,8,5,6,7,6,6,7,8,10,5,6,6,6,5,5,8,6,6,6,8,7,5,8,9,8,13,6,10,6,6,8,10,9,14,7,8,6,7,6,12,5,5,5,5,5,5,5,5,5,5,5,5,5,5,5,5,5,5,5,5,5,5,5,5,5,5,5,5,5,5,5,5,5,5,5,5,5,5,5,5,5,5,5,5,5,5,5,5,5,5,5,5,5,5,5,5,5,5,5,5,5,5,5,5
12,881,877,865,871,857,858,852,852,888,885,883,865,864,863,866,857,913,882,883,872,864,870,858,862,903,895,903,887,872,870,880,879,911,895,901,894,887,880,869,874,910,898,895,896,890,888,880,875,901,900,916,904,901,882,891,874,938,900,915,905,900,895,894,872,7,7,6,7,4,6,5,6,5,5,5,5,6,5,6,5,9,7,6,6,5,5,5,5,6,6,6,4,6,5,6,9,8,6,5,5,6,7,4,6,7,5,6,6,7,6,6,7,10,9,8,7,6,5,7,8,7,11,5,9,6,6,5,11,5,5,5,5,5,5,5,5,5,5,5,5,5,5,5,5,5,5,5,5,5,5,5,5,5,5,5,5,5,5,5,5,5,5,5,5,5,5,5,5,5,5,5,5,5,5,5,5,5,5,5,5,5,5,5,5,5,5,5,5,5,5,5,5
13,869,867,875,861,866,860,861,849,868,876,882,866,875,865,870,862,889,894,874,877,865,869,872,866,898,893,891,876,874,881,871,867,905,898,888,893,884,898,886,878,924,895,888,899,887,883,886,884,910,907,901,896,897,899,889,889,919,903,907,900,903,891,885,899,6,6,5,7,5,6,6,7,7,6,6,4,6,5,6,6,8,9,6,6,5,5,5,5,6,6,5,5,5,5,7,8,9,6,5,6,6,6,6,6,6,7,5,7,7,7,6,7,7,10,8,7,6,5,7,14,11,12,7,9,8,6,7,23,5,5,5,5,5,5,5,5,5,5,5,5,5,5,5,5,5,5,5,5,5,5,5,5,5,5,5,5,5,5,5,5,5,5,5,5,5,5,5,5,5,5,5,5,5,5,5,5,5,5,5,5,5,5,5,5,5,5,5,5,5,5,5,5
14,883,879,864,867,873,855,859,852,892,878,879,870,876,858,865,851,882,882,879,874,872,877,859,858,904,898,888,877,878,878,878,864,900,909,888,900,882,890,881,868,900,894,892,888,893,892,880,886,913,908,888,895,900,904,897,885,921,919,908,912,905,905,908,895,7,5,5,7,6,6,5,7,5,5,5,5,6,5,5,5,8,7,5,6,5,5,4,6,7,5,6,5,6,5,6,8,7,5,6,6,6,6,6,6,7,8,6,5,6,5,6,7,9,9,7,6,6,6,7,9,10,9,7,11,6,6,6,16,5,5,5,5,5,5,5,5,5,5,5,5,5,5,5,5,5,5,5,5,5,5,5,5,5,5,5,5,5,5,5,5,5,5,5,5,5,5,5,5,5,5,5,5,5,5,5,5,5,5,5,5,5,5,5,5,5,5,5,5,5,5,5,5
15,875,870,876,874,853,865,857,843,893,882,885,872,889,871,865,853,888,899,870,867,866,871,877,862,900,891,885,887,875,879,881,870,910,909,893,888,887,882,874,888,905,906,905,895,885,892,894,882,906,916,893,901,877,899,877,904,911,946,924,902,899,904,896,886,7,7,6,5,4,7,5,5,6,5,6,5,7,4,6,5,9,7,7,6,5,5,6,6,9,6,6,4,5,5,7,8,9,5,5,6,6,5,5,6,8,7,7,7,6,8,9,7,6,8,8,6,6,7,6,10,7,10,7,9,7,8,6,15,5,5,5,5,5,5,5,5,5,5,5,5,5,5,5,5,5,5,5,5,5,5,5,5,5,5,5,5,5,5,5,5,5,5,5,5,5,5,5,5,5,5,5,5,5,5,5,5,5,5,5,5,5,5,5,5,5,5,5,5,5,5,5,5
16,881,885,875,874,864,868,865,862,880,877,881,863,884,863,858,855,896,882,880,867,879,878,868,861,913,887,892,887,886,873,868,865,899,896,892,898,882,879,874,869,911,900,896,894,888,899,887,883,908,905,906,901,904,893,890,899,924,906,901,898,899,902,899,895,6,7,5,5,4,6,6,5,7,4,5,4,6,4,5,5,8,6,5,6,4,5,5,5,8,6,6,5,6,6,5,6,7,6,4,6,7,7,5,6,8,6,6,7,6,7,7,6,6,9,6,6,8,5,5,9,9,14,6,8,7,7,6,13,5,5,5,5,5,5,5,5,5,5,5,5,5,5,5,5,5,5,5,5,5,5,5,5,5,5,5,5,5,5,5,5,5,5,5,5,5,5,5,5,5,5,5,5,5,5,5,5,5,5,5,5,5,5,5,5,5,5,5,5,5,5,5,5
17,870,874,867,871,859,862,860,855,887,881,874,875,869,857,865,854,893,895,884,889,878,867,867,868,895,888,901,899,886,880,874,867,898,895,904,909,884,884,881,872,903,908,902,893,894,893,883,867,905,913,911,898,904,896,889,879,928,913,907,907,891,901,883,850,6,7,5,7,4,6,6,7,8,5,5,6,5,5,5,5,8,8,6,7,4,5,6,5,7,6,7,5,6,6,5,8,9,6,6,8,6,5,6,6,8,6,6,8,6,7,7,8,8,8,9,8,8,7,7,9,11,13,5,8,8,6,8,11,5,5,5,5,5,5,5,5,5,5,5,5,5,5,5,5,5,5,5,5,5,5,5,5,5,5,5,5,5,5,5,5,5,5,5,5,5,5,5,5,5,5,5,5,5,5,5,5,5,5,5,5,5,5,5,5,5,5,5,5,5,5,5,5
18,881,871,871,873,864,857,860,848,893,876,873,872,866,866,857,860,894,888,881,875,867,876,873,868,886,885,886,878,885,874,880,869,897,905,895,883,887,869,869,873,924,900,909,886,897,897,888,883,923,903,879,900,895,891,896,885,924,912,912,911,896,900,890,891,8,5,5,7,5,6,6,7,6,5,4,5,5,5,5,5,8,6,5,6,5,6,5,5,7,6,6,5,6,6,6,6,8,5,5,5,5,5,5,7,6,6,5,6,7,6,6,9,8,6,7,7,7,5,6,8,8,11,6,7,6,6,7,13,5,5,5,5,5,5,5,5,5,5,5,5,5,5,5,5,5,5,5,5,5,5,5,5,5,5,5,5,5,5,5,5,5,5,5,5,5,5,5,5,5,5,5,5,5,5,5,5,5,5,5,5,5,5,5,5,5,5,5,5,5,5,5,5
19,879,874,873,870,870,858,850,856,888,889,883,865,865,861,868,873,889,909,879,882,877,872,862,866,896,894,893,875,883,875,882,872,923,885,905,897,892,871,878,869,917,900,914,903,880,905,870,873,912,928,891,892,899,894,901,893,949,937,898,893,913,916,913,885,6,6,5,7,5,6,5,7,6,7,6,5,6,5,5,6,9,8,7,6,5,6,5,6,8,6,5,5,6,5,8,7,8,7,6,7,5,6,6,6,6,7,9,7,8,9,6,6,8,8,7,6,8,6,7,9,9,10,7,8,8,8,10,17,5,5,5,5,5,5,5,5,5,5,5,5,5,5,5,5,5,5,5,5,5,5,5,5,5,5,5,5,5,5,5,5,5,5,5,5,5,5,5,5,5,5,5,5,5,5,5,5,5,5,5,5,5,5,5,5,5,5,5,5,5,5,5,5
20,876,878,876,862,861,856,863,859,872,876,870,862,872,865,863,851,898,889,865,884,884,877,868,866,898,891,890,894,891,870,864,862,913,893,895,875,884,890,873,872,925,906,904,910,897,888,878,870,895,925,889,908,897,881,879,899,919,911,905,897,897,891,894,868,6,5,6,6,5,5,6,7,6,6,4,5,6,4,5,6,11,6,6,6,5,5,5,6,8,5,6,5,6,5,6,6,11,6,5,6,6,5,5,7,8,6,7,7,6,6,6,8,9,8,7,6,7,6,6,8,10,10,6,9,7,7,8,14,5,5,5,5,5,5,5,5,5,5,5,5,5,5,5,5,5,5,5,5,5,5,5,5,5,5,5,5,5,5,5,5,5,5,5,5,5,5,5,5,5,5,5,5,5,5,5,5,5,5,5,5,5,5,5,5,5,5,5,5,5,5,5,5
21,891,868,866,863,872,855,870,855,894,882,884,864,855,868,865,861,878,875,888,882,880,861,863,855,886,898,891,879,875,870,883,870,912,894,894,890,897,889,878,881,903,913,895,884,889,890,874,877,909,918,899,902,904,890,891,894,909,916,917,902,911,903,887,905,8,5,6,6,6,6,6,8,7,5,5,5,5,5,6,6,7,8,6,6,5,6,6,6,6,6,6,5,5,6,7,6,11,6,5,6,6,7,6,6,7,7,7,7,7,6,9,7,9,9,7,8,5,6,6,9,9,14,6,10,8,8,7,11,5,5,5,5,5,5,5,5,5,5,5,5,5,5,5,5,5,5,5,5,5,5,5,5,5,5,5,5,5,5,5,5,5,5,5,5,5,5,5,5,5,5,5,5,5,5,5,5,5,5,5,5,5,5,5,5,5,5,5,5,5,5,5,5
22,869,882,875,857,865,866,858,865,882,880,876,888,869,873,863,863,871,890,882,882,865,871,869,851,910,893,885,882,881,871,878,869,894,911,897,890,877,885,872,873,910,908,909,884,898,885,892,886,906,899,905,905,887,897,888,887,926,923,902,915,892,882,891,891,6,5,5,5,5,5,5,5,7,6,5,6,5,5,6,5,7,7,5,6,5,5,5,6,8,6,8,4,6,5,6,5,7,6,5,6,6,5,5,5,6,6,7,6,6,6,7,6,7,10,8,6,5,5,6,7,8,8,7,7,7,6,7,10,5,5,5,5,5,5,5,5,5,5,5,5,5,5,5,5,5,5,5,5,5,5,5,5,5,5,5,5,5,5,5,5,5,5,5,5,5,5,5,5,5,5,5,5,5,5,5,5,5,5,5,5,5,5,5,5,5,5,5,5,5,5,5,5
23,885,872,868,868,858,868,854,842,883,865,879,866,873,856,858,851,889,892,872,872,878,864,862,863,885,884,884,881,877,872,871,861,901,908,897,891,880,881,876,883,925,903,903,900,884,902,873,886,906,909,900,900,899,893,894,888,950,911,911,906,899,894,912,890,9,7,5,6,5,7,4,6,8,6,5,5,6,5,6,6,8,7,6,5,5,6,5,5,8,5,7,6,5,4,5,7,8,6,5,6,6,6,5,6,8,6,7,8,6,5,6,8,6,8,8,6,8,5,7,9,8,12,6,10,7,8,7,16,5,5,5,5,5,5,5,5,5,5,5,5,5,5,5,5,5,5,5,5,5,5,5,5,5,5,5,5,5,5,5,5,5,5,5,5,5,5,5,5,5,5,5,5,5,5,5,5,5,5,5,5,5,5,5,5,5,5,5,5,5,5,5,5
24,883,867,858,870,860,860,852,857,879,883,872,873,862,867,853,871,883,878,883,888,875,863,864,876,901,889,892,883,887,874,868,862,887,907,887,898,890,884,882,878,903,903,894,895,888,887,877,882,905,909,918,907,903,893,896,876,930,939,917,909,895,898,903,886,7,6,5,5,5,5,6,7,8,7,5,5,6,4,5,6,10,8,5,6,5,5,5,5,10,6,5,4,6,6,6,7,8,5,4,6,7,5,5,5,7,5,6,6,7,6,6,8,7,8,6,6,5,5,6,10,9,13,7,10,7,7,6,13,5,5,5,5,5,5,5,5,5,5,5,5,5,5,5,5,5,5,5,5,5,5,5,5,5,5,5,5,5,5,5,5,5,5,5,5,5,5,5,5,5,5,5,5,5,5,5,5,5,5,5,5,5,5,5,5,5,5,5,5,5,5,5,5
25,882,873,866,863,859,862,865,855,885,876,877,869,875,864,857,866,884,881,885,868,876,868,873,861,906,889,884,887,877,880,862,867,897,887,895,880,891,882,882,867,910,902,891,913,897,903,891,886,910,916,892,900,902,886,891,883,932,930,906,920,909,909,902,907,7,8,6,6,5,6,5,8,7,6,5,7,5,4,5,6,9,7,5,7,4,5,6,5,9,7,6,5,6,6,8,7,10,5,5,6,8,5,6,6,7,5,5,8,8,5,6,6,7,8,8,6,5,6,7,10,10,16,7,9,8,6,8,11,5,5,5,5,5,5,5,5,5,5,5,5,5,5,5,5,5,5,5,5,5,5,5,5,5,5,5,5,5,5,5,5,5,5,5,5,5,5,5,5,5,5,5,5,5,5,5,5,5,5,5,5,5,5,5,5,5,5,5,5,5,5,5,5
26,885,879,877,865,872,872,855,847,882,869,870,868,865,869,863,851,896,877,880,881,880,872,868,861,896,882,878,877,880,886,872,857,914,897,896,901,884,880,875,872,902,899,895,891,894,879,879,890,913,901,910,916,894,897,888,886,913,921,913,901,916,893,905,895,6,7,5,8,4,6,4,6,6,6,5,4,5,5,5,5,7,7,5,5,4,5,6,6,6,6,6,5,6,5,7,6,10,6,5,6,6,5,6,7,6,8,6,7,6,6,6,8,8,9,7,7,6,5,7,11,8,12,6,8,7,7,7,13,5,5,5,5,5,5,5,5,5,5,5,5,5,5,5,5,5,5,5,5,5,5,5,5,5,5,5,5,5,5,5,5,5,5,5,5,5,5,5,5,5,5,5,5,5,5,5,5,5,5,5,5,5,5,5,5,5,5,5,5,5,5,5,5
27,884,883,856,849,866,854,847,848,891,896,873,871,871,869,871,854,903,889,873,883,876,865,863,863,897,896,890,878,883,880,855,860,890,893,883,889,891,890,883,868,895,905,892,906,883,886,893,885,917,913,912,895,894,892,908,889,942,905,903,909,917,897,903,915,8,8,6,6,5,6,5,6,7,5,5,5,5,5,6,6,8,7,6,6,4,4,6,6,8,6,7,5,6,6,7,7,8,6,6,5,6,6,6,7,6,8,6,6,8,6,6,7,10,8,7,9,7,6,6,8,9,12,7,10,8,7,8,20,5,5,5,5,5,5,5,5,5,5,5,5,5,5,5,5,5,5,5,5,5,5,5,5,5,5,5,5,5,5,5,5,5,5,5,5,5,5,5,5,5,5,5,5,5,5,5,5,5,5,5,5,5,5,5,5,5,5,5,5,5,5,5,5
28,872,888,869,872,868,853,849,848,872,884,874,874,868,870,864,859,893,890,883,879,874,869,857,865,891,897,885,891,882,879,868,877,896,897,896,893,882,876,882,872,915,899,902,896,902,895,894,881,917,909,894,901,902,882,892,887,923,920,909,905,883,900,891,891,6,7,5,5,5,6,6,5,6,6,5,5,5,5,5,5,10,6,5,5,6,6,4,5,7,6,7,4,6,5,5,6,7,6,4,6,7,5,5,6,7,5,7,8,7,7,6,7,7,8,8,7,6,5,8,10,7,16,6,9,6,7,7,12,5,5,5,5,5,5,5,5,5,5,5,5,5,5,5,5,5,5,5,5,5,5,5,5,5,5,5,5,5,5,5,5,5,5,5,5,5,5,5,5,5,5,5,5,5,5,5,5,5,5,5,5,5,5,5,5,5,5,5,5,5,5,5,5
29,881,871,863,872,864,860,852,855,878,857,882,876,860,868,854,864,891,883,879,873,876,866,863,861,891,897,884,887,878,877,863,864,893,902,889,892,881,878,878,881,911,903,904,913,904,895,883,885,924,910,918,904,904,893,897,881,923,919,909,899,903,907,882,862,8,6,5,7,6,7,7,7,7,5,5,5,5,5,5,6,10,7,6,6,4,6,5,6,9,6,6,5,6,6,6,7,9,7,5,6,7,5,6,7,5,5,6,8,8,6,6,8,9,9,8,7,6,8,9,10,10,11,7,9,7,7,8,17,5,5,5,5,5,5,5,5,5,5,5,5,5,5,5,5,5,5,5,5,5,5,5,5,5,5,5,5,5,5,5,5,5,5,5,5,5,5,5,5,5,5,5,5,5,5,5,5,5,5,5,5,5,5,5,5,5,5,5,5,5,5,5,5
30,873,871,872,868,857,860,861,856,871,884,873,880,865,866,862,858,894,887,873,880,883,872,868,878,905,886,893,886,877,873,865,870,909,903,879,890,886,881,877,865,909,901,883,895,891,895,881,880,920,905,904,903,908,894,889,895,920,906,906,886,892,907,904,886,7,7,5,5,4,5,5,6,6,5,5,6,4,5,5,5,9,9,6,6,4,6,5,5,8,6,5,5,6,4,6,8,6,6,5,5,7,5,4,6,6,6,5,6,7,6,6,7,7,8,6,7,5,5,6,9,9,11,7,8,7,5,7,14,5,5,5,5,5,5,5,5,5,5,5,5,5,5,5,5,5,5,5,5,5,5,5,5,5,5,5,5,5,5,5,5,5,5,5,5,5,5,5,5,5,5,5,5,5,5,5,5,5,5,5,5,5,5,5,5,5,5,5,5,5,5,5,5
31,873,886,875,852,858,862,852,866,886,887,872,874,857,862,861,854,894,883,888,878,865,875,854,871,890,889,896,888,870,883,865,853,901,894,905,896,894,873,877,864,909,898,909,893,878,895,891,874,916,903,898,908,902,882,899,885,924,915,910,897,909,891,897,890,6,5,5,6,4,7,7,6,8,6,5,6,7,5,5,7,9,8,6,6,5,6,5,5,6,7,6,7,5,5,5,7,8,6,6,6,7,6,5,6,6,5,6,7,6,7,7,6,8,10,7,6,6,7,9,12,8,12,5,12,7,7,7,20,5,5,5,5,5,5,5,5,5,5,5,5,5,5,5,5,5,5,5,5,5,5,5,5,5,5,5,5,5,5,5,5,5,5,5,5,5,5,5,5,5,5,5,5,5,5,5,5,5,5,5,5,5,5,5,5,5,5,5,5,5,5,5,5
32,871,871,871,876,864,852,845,861,884,887,866,877,870,868,869,858,893,888,868,882,859,879,876,858,895,894,890,888,880,888,876,878,901,900,899,885,879,880,881,878,912,912,913,890,902,889,880,888,908,907,914,886,895,895,895,904,937,926,899,913,905,888,912,905,5,6,6,6,4,6,6,5,7,6,4,4,4,5,4,6,8,7,6,5,5,5,6,6,7,7,6,4,5,5,6,9,8,5,4,6,6,5,6,7,5,6,5,6,6,5,7,7,7,9,8,6,7,5,8,7,8,17,6,7,8,6,8,11,5,5,5,5,5,5,5,5,5,5,5,5,5,5,5,5,5,5,5,5,5,5,5,5,5,5,5,5,5,5,5,5,5,5,5,5,5,5,5,5,5,5,5,5,5,5,5,5,5,5,5,5,5,5,5,5,5,5,5,5,5,5,5,5
33,874,872,875,866,861,870,863,857,878,887,866,877,878,865,862,859,900,895,881,895,880,877,875,860,887,884,899,891,868,867,874,865,896,907,887,888,887,885,877,869,923,897,895,889,888,888,886,884,919,916,890,888,888,897,895,889,924,934,915,893,891,874,899,888,6,6,5,6,5,6,6,6,7,6,5,5,6,5,6,6,9,6,5,7,5,5,6,6,7,5,7,5,5,5,7,8,9,5,5,5,7,5,5,7,6,7,6,7,8,7,7,8,10,7,9,8,5,7,8,8,9,12,8,9,7,7,8,13,5,5,5,5,5,5,5,5,5,5,5,5,5,5,5,5,5,5,5,5,5,5,5,5,5,5,5,5,5,5,5,5,5,5,5,5,5,5,5,5,5,5,5,5,5,5,5,5,5,5,5,5,5,5,5,5,5,5,5,5,5,5,5,5
34,879,883,873,860,865,862,854,858,892,888,876,874,865,864,872,853,886,894,885,887,869,873,869,861,897,891,883,884,879,885,878,856,905,893,901,893,877,877,874,882,902,905,897,892,895,879,884,877,899,913,906,903,883,890,895,887,939,919,912,916,898,897,894,877,6,7,4,6,5,4,4,6,6,5,5,5,6,5,6,4,7,7,5,5,5,6,5,5,7,6,6,4,6,4,6,6,8,5,5,5,6,5,4,6,6,6,6,6,8,6,7,6,6,9,7,6,6,6,7,8,11,14,6,10,5,7,8,13,5,5,5,5,5,5,5,5,5,5,5,5,5,5,5,5,5,5,5,5,5,5,5,5,5,5,5,5,5,5,5,5,5,5,5,5,5,5,5,5,5,5,5,5,5,5,5,5,5,5,5,5,5,5,5,5,5,5,5,5,5,5,5,5
35,882,884,866,863,872,863,854,855,877,876,873,869,864,854,876,854,906,877,885,890,882,877,861,848,900,901,893,890,880,873,867,869,890,902,896,890,888,875,881,875,914,902,891,906,895,907,881,883,896,913,913,888,898,903,889,867,915,879,903,898,902,913,898,881,7,6,5,7,6,8,7,8,8,6,5,5,7,4,5,6,7,7,7,6,5,5,5,7,8,6,6,5,6,6,6,7,9,5,5,6,7,7,6,5,7,5,5,6,8,8,7,6,8,8,7,7,7,8,7,8,8,12,8,10,7,9,7,19,5,5,5,5,5,5,5,5,5,5,5,5,5,5,5,5,5,5,5,5,5,5,5,5,5,5,5,5,5,5,5,5,5,5,5,5,5,5,5,5,5,5,5,5,5,5,5,5,5,5,5,5,5,5,5,5,5,5,5,5,5,5,5,5
36,887,878,870,861,863,854,847,856,883,890,880,860,874,867,858,864,880,886,873,887,878,870,861,854,896,893,896,886,880,867,875,875,898,908,888,897,884,879,878,881,902,900,894,902,889,898,883,880,913,913,898,898,892,895,894,875,927,932,914,915,884,903,891,905,7,6,4,6,5,6,5,5,8,5,5,4,5,5,5,5,9,6,5,7,6,4,5,5,7,6,6,6,5,5,6,7,9,6,5,5,6,5,5,8,7,6,6,8,7,6,6,7,8,9,6,6,7,5,6,10,11,10,5,10,7,7,7,16,5,5,5,5,5,5,5,5,5,5,5,5,5,5,5,5,5,5,5,5,5,5,5,5,5,5,5,5,5,5,5,5,5,5,5,5,5,5,5,5,5,5,5,5,5,5,5,5,5,5,5,5,5,5,5,5,5,5,5,5,5,5,5,5
37,862,867,867,866,863,856,860,849,877,872,877,869,875,870,858,859,894,872,867,874,865,867,865,867,905,902,877,889,873,867,879,872,901,911,894,902,877,882,880,879,916,914,886,889,891,894,880,881,893,902,915,896,894,890,893,890,928,917,918,909,907,892,885,899,7,6,6,6,5,6,5,8,7,6,6,5,5,4,5,6,11,7,5,9,5,6,5,6,10,5,6,5,7,6,5,7,11,5,6,7,6,6,7,6,7,7,6,7,7,6,7,8,7,10,9,7,7,6,7,8,9,11,8,8,8,7,7,13,5,5,5,5,5,5,5,5,5,5,5,5,5,5,5,5,5,5,5,5,5,5,5,5,5,5,5,5,5,5,5,5,5,5,5,5,5,5,5,5,5,5,5,5,5,5,5,5,5,5,5,5,5,5,5,5,5,5,5,5,5,5,5,5
38,881,881,871,864,860,850,851,851,876,877,880,859,865,861,860,857,890,901,882,882,870,871,866,857,880,901,874,888,887,879,861,876,904,897,901,897,884,887,877,887,907,906,891,899,891,882,884,888,909,918,906,894,904,890,881,878,921,903,925,905,891,903,902,848,7,5,4,6,4,5,5,6,6,5,5,5,5,4,5,5,9,6,6,5,5,6,5,6,6,5,6,5,5,4,6,6,8,6,6,5,7,5,6,6,7,7,6,7,6,6,8,8,8,7,7,9,7,5,6,10,9,9,6,6,6,8,9,16,5,5,5,5,5,5,5,5,5,5,5,5,5,5,5,5,5,5,5,5,5,5,5,5,5,5,5,5,5,5,5,5,5,5,5,5,5,5,5,5,5,5,5,5,5,5,5,5,5,5,5,5,5,5,5,5,5,5,5,5,5,5,5,5
39,875,883,870,871,860,867,858,851,880,894,885,867,872,858,864,849,894,887,879,891,883,863,867,872,893,900,894,880,878,877,871,865,906,905,895,897,873,895,870,881,914,899,904,893,919,879,881,869,904,913,901,911,886,892,879,893,923,906,906,920,900,887,898,904,6,8,5,6,6,5,5,6,8,6,7,6,6,5,6,5,9,7,5,6,4,6,5,5,8,5,5,5,5,5,7,7,8,6,6,6,6,5,5,6,8,5,6,7,8,7,9,5,8,10,7,8,6,6,8,8,8,10,6,9,8,7,7,17,5,5,5,5,5,5,5,5,5,5,5,5,5,5,5,5,5,5,5,5,5,5,5,5,5,5,5,5,5,5,5,5,5,5,5,5,5,5,5,5,5,5,5,5,5,5,5,5,5,5,5,5,5,5,5,5,5,5,5,5,5,5,5,5
40,888,884,872,880,861,859,860,851,882,881,878,865,858,854,860,868,886,889,879,888,873,869,863,860,892,895,884,887,881,880,876,861,920,902,892,873,890,888,876,870,890,898,893,899,888,892,898,880,916,892,903,897,895,884,890,899,925,884,913,906,910,897,889,875,7,5,5,6,5,6,5,7,7,5,5,6,6,5,5,5,8,9,5,6,5,4,4,6,7,5,8,4,5,6,5,7,7,5,5,6,5,5,6,6,6,6,6,7,7,6,6,6,7,10,7,8,7,5,7,9,8,13,6,9,7,8,6,11,5,5,5,5,5,5,5,5,5,5,5,5,5,5,5,5,5,5,5,5,5,5,5,5,5,5,5,5,5,5,5,5,5,5,5,5,5,5,5,5,5,5,5,5,5,5,5,5,5,5,5,5,5,5,5,5,5,5,5,5,5,5,5,5
41,888,875,881,867,861,860,858,857,890,871,872,872,873,870,864,846,893,878,894,869,873,864,879,851,890,898,901,868,880,878,868,878,910,884,898,887,885,882,877,862,906,899,897,905,881,889,884,887,909,910,895,903,895,894,885,880,929,907,919,909,889,904,902,904,8,7,6,5,5,7,5,8,7,6,6,5,6,6,6,6,9,8,6,7,5,5,6,6,8,5,6,5,6,6,8,7,9,7,5,6,7,5,6,6,7,6,8,6,7,6,5,7,9,7,6,6,6,6,7,10,9,11,5,14,8,8,6,18,5,5,5,5,5,5,5,5,5,5,5,5,5,5,5,5,5,5,5,5,5,5,5,5,5,5,5,5,5,5,5,5,5,5,5,5,5,5,5,5,5,5,5,5,5,5,5,5,5,5,5,5,5,5,5,5,5,5,5,5,5,5,5,5
42,871,881,875,861,865,861,857,850,891,892,879,873,866,863,858,852,890,878,869,878,869,867,876,856,900,896,877,886,884,880,866,871,903,903,894,895,882,875,873,875,905,908,910,900,890,885,875,884,916,900,908,895,902,897,877,901,930,921,903,902,896,894,894,881,6,7,5,6,4,5,6,6,6,6,5,5,5,4,5,5,9,8,5,6,5,5,6,6,8,5,6,4,6,6,6,8,9,6,5,6,6,7,6,6,7,6,7,7,6,6,6,6,9,9,7,6,5,6,6,8,8,9,7,9,6,6,6,17,5,5,5,5,5,5,5,5,5,5,5,5,5,5,5,5,5,5,5,5,5,5,5,5,5,5,5,5,5,5,5,5,5,5,5,5,5,5,5,5,5,5,5,5,5,5,5,5,5,5,5,5,5,5,5,5,5,5,5,5,5,5,5,5
43,882,874,859,864,859,861,857,842,880,881,876,875,865,864,869,859,901,919,875,884,866,869,864,854,893,893,879,881,876,870,877,865,906,889,911,891,891,881,869,870,917,897,896,892,889,882,886,877,912,914,911,891,896,904,891,879,918,907,912,898,898,896,911,865,7,8,6,6,5,5,6,5,7,5,6,5,6,4,6,6,9,7,5,6,4,5,6,7,8,6,8,6,5,6,6,8,11,5,5,5,6,6,5,5,9,5,6,7,7,6,6,6,8,10,8,6,7,7,6,8,9,10,7,9,6,8,10,14,5,5,5,5,5,5,5,5,5,5,5,5,5,5,5,5,5,5,5,5,5,5,5,5,5,5,5,5,5,5,5,5,5,5,5,5,5,5,5,5,5,5,5,5,5,5,5,5,5,5,5,5,5,5,5,5,5,5,5,5,5,5,5,5
44,878,886,874,872,858,852,855,862,884,871,870,875,863,873,859,865,889,884,890,875,873,881,860,857,900,890,882,884,880,874,872,858,903,889,896,888,881,883,870,876,907,904,905,891,898,891,872,875,911,910,915,902,890,892,898,870,938,927,904,905,893,905,902,886,7,7,4,6,4,6,5,5,7,5,4,5,6,5,5,5,8,8,7,6,4,6,5,6,7,6,7,4,5,4,6,6,7,6,5,5,7,5,6,5,7,5,7,6,7,5,5,6,8,11,7,7,6,6,8,8,8,12,7,10,8,8,5,15,5,5,5,5,5,5,5,5,5,5,5,5,5,5,5,5,5,5,5,5,5,5,5,5,5,5,5,5,5,5,5,5,5,5,5,5,5,5,5,5,5,5,5,5,5,5,5,5,5,5,5,5,5,5,5,5,5,5,5,5,5,5,5,5
45,886,866,875,866,867,855,857,854,882,883,877,879,868,865,861,864,884,879,883,884,871,869,870,859,887,894,897,894,878,873,871,862,902,914,900,884,896,877,881,877,908,914,900,896,891,898,889,870,919,918,898,912,888,886,881,902,929,911,916,916,895,889,900,905,7,6,6,6,5,5,4,9,7,6,5,5,6,5,6,6,10,7,5,6,6,5,5,6,8,5,6,5,6,6,7,7,9,6,6,8,6,6,6,6,9,8,7,7,7,6,8,6,10,8,6,6,7,6,7,9,10,11,6,7,7,6,7,20,5,5,5,5,5,5,5,5,5,5,5,5,5,5,5,5,5,5,5,5,5,5,5,5,5,5,5,5,5,5,5,5,5,5,5,5,5,5,5,5,5,5,5,5,5,5,5,5,5,5,5,5,5,5,5,5,5,5,5,5,5,5,5,5
46,873,876,872,863,867,856,855,853,883,881,865,881,858,863,862,859,884,872,885,876,877,862,857,867,901,888,888,881,880,888,872,877,905,895,897,891,886,871,885,870,914,897,885,889,896,884,874,881,925,905,898,908,895,877,893,881,932,942,918,920,895,918,911,912,6,7,4,6,5,5,4,7,6,5,5,5,6,4,5,5,9,8,5,7,5,5,4,6,8,5,5,5,5,5,6,6,8,6,5,5,6,6,6,8,8,6,7,6,7,6,6,8,9,10,7,8,6,6,6,8,10,11,8,8,6,7,7,14,5,5,5,5,5,5,5,5,5,5,5,5,5,5,5,5,5,5,5,5,5,5,5,5,5,5,5,5,5,5,5,5,5,5,5,5,5,5,5,5,5,5,5,5,5,5,5,5,5,5,5,5,5,5,5,5,5,5,5,5,5,5,5,5
47,879,872,875,861,858,868,855,860,885,886,879,882,864,865,860,852,895,890,879,880,881,878,858,858,903,889,880,891,884,865,868,871,886,900,892,895,909,883,879,862,913,901,888,901,897,900,892,876,911,916,917,905,900,889,897,895,932,932,927,916,892,906,896,877,6,6,5,7,4,6,6,7,6,6,5,5,5,4,5,6,9,7,7,7,5,5,6,6,7,5,9,5,5,6,6,8,9,7,5,6,7,5,5,6,7,6,6,7,6,6,6,7,7,8,7,6,7,6,8,10,9,12,8,11,6,7,8,15,5,5,5,5,5,5,5,5,5,5,5,5,5,5,5,5,5,5,5,5,5,5,5,5,5,5,5,5,5,5,5,5,5,5,5,5,5,5,5,5,5,5,5,5,5,5,5,5,5,5,5,5,5,5,5,5,5,5,5,5,5,5,5,5
48,886,870,885,873,847,859,857,850,880,882,870,879,883,863,855,848,883,889,889,889,874,875,861,868,884,895,884,887,885,865,877,870,886,895,899,890,882,874,874,876,906,901,900,890,881,882,877,879,909,905,894,897,894,895,897,884,917,926,894,899,899,887,903,871,7,6,5,5,5,5,5,5,7,6,5,5,5,4,5,5,8,6,6,5,5,5,5,7,6,6,7,4,5,5,6,7,7,6,5,5,5,6,5,6,7,6,6,6,8,7,5,6,8,10,6,7,6,5,5,7,9,9,6,9,7,5,6,15,5,5,5,5,5,5,5,5,5,5,5,5,5,5,5,5,5,5,5,5,5,5,5,5,5,5,5,5,5,5,5,5,5,5,5,5,5,5,5,5,5,5,5,5,5,5,5,5,5,5,5,5,5,5,5,5,5,5,5,5,5,5,5,5
49,882,877,859,873,876,854,863,846,878,874,883,874,868,865,859,855,886,888,888,878,875,868,865,868,895,891,876,881,878,863,867,863,901,895,891,896,882,879,880,878,908,916,912,905,896,879,881,883,896,887,907,902,889,902,885,880,931,939,910,906,902,881,905,903,7,7,5,5,6,6,5,8,7,7,5,5,7,5,6,6,12,8,6,5,5,5,5,6,7,6,7,5,5,5,6,7,10,6,5,6,6,6,5,7,6,6,6,7,6,5,6,7,6,9,8,6,6,6,7,8,10,13,7,11,8,6,7,20,5,5,5,5,5,5,5,5,5,5,5,5,5,5,5,5,5,5,5,5,5,5,5,5,5,5,5,5,5,5,5,5,5,5,5,5,5,5,5,5,5,5,5,5,5,5,5,5,5,5,5,5,5,5,5,5,5,5,5,5,5,5,5,5
50,883,890,873,861,856,844,856,846,903,876,877,869,867,864,863,863,889,875,883,882,862,866,869,865,891,886,895,886,882,877,872,853,909,892,892,891,891,879,871,876,910,905,911,897,900,888,883,881,916,911,897,900,894,881,890,880,915,903,900,892,892,895,901,926,8,6,5,6,4,4,5,6,8,5,5,5,6,4,5,5,8,9,5,6,5,5,5,6,7,5,6,5,6,5,6,6,8,6,5,5,6,5,5,6,6,5,5,6,8,6,6,5,8,8,8,7,6,6,6,10,8,8,6,8,6,6,6,16,5,5,5,5,5,5,5,5,5,5,5,5,5,5,5,5,5,5,5,5,5,5,5,5,5,5,5,5,5,5,5,5,5,5,5,5,5,5,5,5,5,5,5,5,5,5,5,5,5,5,5,5,5,5,5,5,5,5,5,5,5,5,5,5
51,888,876,871,853,873,857,857,858,888,884,869,869,873,870,872,843,898,881,890,871,872,882,869,854,892,901,881,893,878,885,871,853,912,885,897,902,886,893,867,866,916,903,904,909,893,877,895,880,898,898,918,896,889,883,898,885,928,875,912,911,903,902,911,865,6,5,5,7,7,5,5,6,7,5,4,5,7,5,7,5,10,9,6,7,5,6,6,6,8,7,7,6,7,5,6,7,8,5,6,6,6,6,6,7,6,5,7,8,7,8,10,7,7,10,11,8,7,7,7,9,8,12,6,9,7,9,9,19,5,5,5,5,5,5,5,5,5,5,5,5,5,5,5,5,5,5,5,5,5,5,5,5,5,5,5,5,5,5,5,5,5,5,5,5,5,5,5,5,5,5,5,5,5,5,5,5,5,5,5,5,5,5,5,5,5,5,5,5,5,5,5,5
52,883,879,862,873,863,855,869,850,888,880,875,866,868,854,856,863,884,881,882,877,878,858,866,855,899,895,899,892,877,868,873,876,904,897,890,895,886,887,881,876,916,896,916,889,895,884,892,870,902,921,899,892,905,895,893,889,909,914,910,902,909,902,906,885,7,7,6,5,5,5,6,5,7,5,4,5,5,5,5,5,8,7,6,5,6,6,5,4,6,7,6,5,5,5,6,8,8,6,6,5,6,5,6,7,7,5,6,5,7,5,6,7,6,7,8,7,9,5,7,7,9,10,7,9,7,6,7,17,5,5,5,5,5,5,5,5,5,5,5,5,5,5,5,5,5,5,5,5,5,5,5,5,5,5,5,5,5,5,5,5,5,5,5,5,5,5,5,5,5,5,5,5,5,5,5,5,5,5,5,5,5,5,5,5,5,5,5,5,5,5,5,5
53,874,877,868,865,871,853,856,847,888,877,874,874,867,871,868,857,871,897,877,887,874,878,869,867,897,904,885,895,884,880,867,869,912,896,894,876,885,893,886,880,913,897,891,892,897,890,876,895,926,926,910,895,893,899,891,880,928,913,914,902,908,887,910,895,6,5,7,7,5,5,5,6,8,5,5,5,6,5,5,5,9,7,7,6,4,6,5,8,8,5,7,5,5,7,6,10,9,6,5,6,7,5,4,8,5,6,6,6,6,6,6,9,9,11,9,8,7,5,7,9,9,9,7,10,6,7,10,19,5,5,5,5,5,5,5,5,5,5,5,5,5,5,5,5,5,5,5,5,5,5,5,5,5,5,5,5,5,5,5,5,5,5,5,5,5,5,5,5,5,5,5,5,5,5,5,5,5,5,5,5,5,5,5,5,5,5,5,5,5,5,5,5
54,893,889,876,876,857,857,864,866,870,887,877,868,876,866,864,857,894,892,880,885,871,875,867,875,893,900,880,882,873,873,872,875,897,897,890,896,891,881,883,877,916,903,910,890,902,894,890,881,904,901,907,906,900,899,894,880,928,903,914,896,905,904,891,912,7,5,5,5,4,5,5,4,7,5,5,4,5,4,6,5,11,8,5,7,5,5,5,6,7,6,7,5,6,6,5,5,8,4,4,5,5,5,7,5,5,5,5,7,7,6,7,6,6,11,8,6,6,5,6,10,10,13,6,9,8,4,7,14,5,5,5,5,5,5,5,5,5,5,5,5,5,5,5,5,5,5,5,5,5,5,5,5,5,5,5,5,5,5,5,5,5,5,5,5,5,5,5,5,5,5,5,5,5,5,5,5,5,5,5,5,5,5,5,5,5,5,5,5,5,5,5,5
55,878,879,863,872,858,856,844,849,896,880,880,873,873,876,861,844,900,884,872,890,867,870,877,865,886,880,881,886,885,884,877,866,882,898,887,895,882,889,880,876,902,903,905,898,894,890,888,873,923,915,895,898,888,889,897,880,925,904,923,914,896,894,901,860,6,6,6,6,5,7,5,6,8,5,6,6,7,5,6,5,11,8,6,7,5,5,5,7,9,6,8,5,6,5,5,8,9,6,5,6,6,5,6,6,8,6,6,7,8,8,8,7,8,7,6,6,7,5,6,12,11,10,7,7,6,8,7,17,5,5,5,5,5,5,5,5,5,5,5,5,5,5,5,5,5,5,5,5,5,5,5,5,5,5,5,5,5,5,5,5,5,5,5,5,5,5,5,5,5,5,5,5,5,5,5,5,5,5,5,5,5,5,5,5,5,5,5,5,5,5,5,5
56,877,868,873,862,862,854,857,855,891,876,869,871,873,862,868,850,868,884,881,881,872,874,863,861,887,886,892,878,884,882,872,871,892,888,894,889,884,883,876,870,894,907,905,893,894,881,885,879,905,901,915,903,901,901,885,875,919,915,923,896,895,896,897,903,6,6,4,6,5,6,5,6,6,6,5,4,5,4,6,6,7,8,5,5,5,5,4,6,6,6,6,4,6,5,6,7,9,5,4,7,6,5,5,5,6,7,7,5,9,5,7,6,8,9,9,6,7,6,7,9,12,10,6,8,7,7,7,16,5,5,5,5,5,5,5,5,5,5,5,5,5,5,5,5,5,5,5,5,5,5,5,5,5,5,5,5,5,5,5,5,5,5,5,5,5,5,5,5,5,5,5,5,5,5,5,5,5,5,5,5,5,5,5,5,5,5,5,5,5,5,5,5
57,870,878,872,870,866,857,845,849,891,889,866,881,869,868,852,858,901,898,888,885,875,873,865,858,898,895,894,882,878,878,880,888,914,902,891,888,887,897,889,859,906,901,893,889,897,892,899,883,916,922,888,902,910,886,894,876,918,865,901,919,905,887,901,877,6,7,6,6,5,6,5,8,7,6,5,5,6,4,5,6,9,12,5,6,6,6,5,7,7,5,7,5,6,5,7,6,11,5,5,6,7,7,7,6,7,6,6,7,8,7,9,7,8,11,9,8,7,6,7,10,15,13,7,9,7,6,8,12,5,5,5,5,5,5,5,5,5,5,5,5,5,5,5,5,5,5,5,5,5,5,5,5,5,5,5,5,5,5,5,5,5,5,5,5,5,5,5,5,5,5,5,5,5,5,5,5,5,5,5,5,5,5,5,5,5,9,5,5,5,5,5,5
58,876,881,868,860,866,858,858,848,880,878,878,874,865,865,863,866,880,893,885,884,870,871,864,866,901,895,889,882,883,877,874,869,920,902,895,884,877,865,876,879,894,904,897,898,892,886,888,874,916,919,897,897,900,893,883,893,903,893,905,929,905,903,912,908,6,5,5,6,5,6,5,6,7,6,5,5,5,4,5,5,8,6,6,6,6,4,5,7,7,7,8,5,5,5,6,7,11,5,5,7,6,6,5,6,7,6,6,6,7,6,8,5,9,10,7,7,6,6,6,11,12,10,5,10,7,8,7,12,5,5,5,5,5,5,5,5,5,5,5,5,5,5,5,5,5,5,5,5,5,5,5,5,5,5,5,5,5,5,5,5,5,5,5,5,5,5,5,5,5,5,5,5,5,5,5,5,5,5,5,5,5,5,5,5,5,5,5,5,5,5,5,5
59,874,871,874,866,862,865,855,856,883,878,869,874,871,859,868,863,895,876,871,878,877,871,870,871,893,887,885,880,879,881,876,860,891,900,894,877,880,877,881,864,899,903,896,882,887,887,878,866,914,912,912,901,900,886,891,848,939,916,923,894,905,896,886,890,7,6,6,6,5,4,6,5,6,5,5,5,6,4,6,5,9,7,5,5,6,5,6,6,8,6,9,6,6,5,7,7,7,5,5,6,6,7,5,7,8,6,6,7,9,6,7,7,8,9,8,7,7,5,9,10,10,13,6,10,7,6,7,15,5,5,5,5,5,5,5,5,5,5,5,5,5,5,5,5,5,5,5,5,5,5,5,5,5,5,5,5,5,5,5,5,5,5,5,5,5,5,5,5,5,5,5,5,5,5,5,5,5,5,5,5,5,5,5,5,5,5,5,5,5,5,5,5
60,889,874,864,866,870,866,860,858,894,871,875,870,863,864,862,853,902,873,872,883,873,867,860,867,896,893,883,892,883,878,872,873,903,905,898,887,883,883,878,873,908,907,908,881,886,889,881,876,907,917,909,902,901,895,888,881,911,902,911,911,902,901,899,901,9,6,5,7,6,6,5,6,6,4,5,5,5,4,6,6,10,7,6,6,5,5,5,6,7,6,7,4,5,4,5,6,7,6,6,5,5,5,5,5,8,7,5,7,6,6,7,7,6,11,8,6,5,5,7,9,10,9,6,10,7,7,7,17,5,5,5,5,5,5,5,5,5,5,5,5,5,5,5,5,5,5,5,5,5,5,5,5,5,5,5,5,5,5,5,5,5,5,5,5,5,5,5,5,5,5,5,5,5,5,5,5,5,5,5,5,5,5,5,5,5,5,5,5,5,5,5,5
61,877,876,886,878,858,863,858,864,884,878,882,870,876,869,868,863,880,881,877,866,880,870,859,872,903,883,894,894,882,870,876,862,915,900,884,874,876,898,893,873,911,908,907,888,883,886,886,882,902,906,905,904,887,886,885,888,929,909,922,900,909,907,892,894,7,7,7,6,5,5,6,6,6,5,6,5,6,5,6,5,6,8,7,6,5,5,6,5,8,5,6,4,6,6,5,8,11,6,5,5,7,5,5,5,8,7,5,6,7,6,7,8,6,12,7,7,6,7,6,11,12,13,7,9,7,8,8,15,5,5,5,5,5,5,5,5,5,5,5,5,5,5,5,5,5,5,5,5,5,5,5,5,5,5,5,5,5,5,5,5,5,5,5,5,5,5,5,5,5,5,5,5,5,5,5,5,5,5,5,5,5,5,5,5,5,5,5,5,5,5,5,5
62,884,875,859,852,860,860,861,857,887,884,867,875,863,872,858,859,886,891,884,876,871,871,861,861,891,893,891,880,880,869,871,865,895,901,892,891,882,883,884,869,915,911,903,898,890,893,880,870,910,898,894,899,903,894,883,893,923,915,918,910,889,890,905,895,6,7,4,6,4,5,5,7,8,5,5,5,6,5,5,5,7,6,5,6,5,5,5,6,8,6,5,5,6,5,6,7,8,6,5,5,6,5,6,6,5,6,6,6,7,6,7,8,7,8,6,7,6,7,7,8,9,11,8,9,7,6,6,14,5,5,5,5,5,5,5,5,5,5,5,5,5,5,5,5,5,5,5,5,5,5,5,5,5,5,5,5,5,5,5,5,5,5,5,5,5,5,5,5,5,5,5,5,5,5,5,5,5,5,5,5,5,5,5,5,5,5,5,5,5,5,5,5
63,884,881,873,853,862,853,863,850,891,889,873,882,868,868,858,868,891,891,883,863,875,865,883,866,893,887,882,883,871,868,881,864,892,898,884,899,893,875,878,875,915,916,893,891,897,887,883,893,902,917,914,908,893,891,894,887,945,891,897,903,901,893,908,896,7,7,5,6,5,6,5,6,9,6,5,5,5,5,5,5,10,8,6,6,4,6,7,6,6,6,7,5,6,5,6,7,8,6,7,6,6,6,5,6,7,6,7,6,7,6,9,6,7,8,8,6,7,7,7,8,11,9,6,10,7,7,8,14,5,5,5,5,5,5,5,5,5,5,5,5,5,5,5,5,5,5,5,5,5,5,5,5,5,5,5,5,5,5,5,5,5,5,5,5,5,5,5,5,5,5,5,5,5,5,5,5,5,5,5,5,5,5,5,5,5,5,5,5,5,5,5,5
64,884,877,865,870,862,864,857,851,880,889,887,863,868,856,869,869,874,872,876,868,872,876,862,864,900,890,896,887,878,870,865,862,909,910,891,902,874,899,871,871,911,910,893,896,894,889,886,890,908,926,889,900,896,901,886,895,898,923,922,892,908,889,890,887,6,7,5,7,5,4,4,6,6,5,5,5,5,4,6,6,8,7,5,6,5,5,4,5,7,5,7,5,5,5,5,7,8,5,6,6,6,6,5,7,7,5,5,5,7,6,8,8,7,11,8,7,6,6,6,8,8,17,6,8,7,6,8,15,5,5,5,5,5,5,5,5,5,5,5,5,5,5,5,5,5,5,5,5,5,5,5,5,5,5,5,5,5,5,5,5,5,5,5,5,5,5,5,5,5,5,5,5,5,5,5,5,5,5,5,5,5,5,5,5,5,5,5,5,5,5,5,5
65,883,873,880,878,859,858,858,856,875,876,874,872,874,861,857,833,891,893,878,875,863,868,879,857,895,891,894,884,885,884,881,873,889,908,895,883,886,891,889,874,904,901,912,902,899,884,878,878,919,919,916,885,903,893,891,891,913,918,905,910,909,901,904,906,7,6,6,5,6,6,4,6,8,5,5,5,6,5,6,5,10,8,5,6,4,6,5,6,6,7,7,6,5,5,6,7,7,7,4,7,7,5,6,7,7,7,5,7,8,6,7,7,10,8,8,7,5,6,8,8,9,11,7,11,8,7,8,17,5,5,5,5,5,5,5,5,5,5,5,5,5,5,5,5,5,5,5,5,5,5,5,5,5,5,5,5,5,5,5,5,5,5,5,5,5,5,5,5,5,5,5,5,5,5,5,5,5,5,5,5,5,5,5,5,5,5,5,5,5,5,5,5
66,869,891,868,880,866,851,862,844,875,876,867,867,859,862,863,852,875,877,887,891,876,859,863,873,887,895,897,895,882,879,867,877,904,908,896,888,897,885,884,880,908,908,917,899,890,892,886,892,920,909,911,902,897,891,886,898,929,902,900,922,903,899,882,879,6,6,5,5,5,6,5,5,7,6,5,5,7,4,5,6,8,9,6,7,5,6,4,6,6,6,6,6,5,4,5,7,8,5,5,8,6,5,6,7,6,6,5,6,5,6,6,7,7,8,8,6,6,6,6,10,11,12,5,8,6,6,7,14,5,5,5,5,5,5,5,5,5,5,5,5,5,5,5,5,5,5,5,5,5,5,5,5,5,5,5,5,5,5,5,5,5,5,5,5,5,5,5,5,5,5,5,5,5,5,5,5,5,5,5,5,5,5,5,5,5,5,5,5,5,5,5,5
67,884,877,877,874,866,873,845,865,897,868,872,886,870,875,863,855,899,885,877,883,881,870,859,859,898,889,887,886,884,879,876,873,892,895,891,899,874,883,887,884,915,897,904,902,906,879,885,878,909,902,899,897,890,889,887,868,942,916,910,913,901,906,895,906,7,5,6,6,6,6,6,6,6,6,5,6,6,5,6,5,8,8,6,6,5,5,6,6,6,6,6,5,7,5,6,6,9,6,6,6,7,6,7,6,7,8,8,8,7,6,8,7,8,9,6,8,6,5,6,11,12,10,6,9,8,9,8,13,5,5,5,5,5,5,5,5,5,5,5,5,5,5,5,5,5,5,5,5,5,5,5,5,5,5,5,5,5,5,5,5,5,5,5,5,5,5,5,5,5,5,5,5,5,5,5,5,5,5,5,5,5,5,5,5,5,5,5,5,5,5,5,5
68,867,859,874,876,853,848,853,855,879,883,879,874,868,860,868,857,882,887,880,874,864,862,872,852,890,893,878,876,874,874,873,864,884,901,903,895,894,874,877,875,908,908,895,899,891,901,883,879,910,922,891,900,886,877,879,895,911,903,906,905,898,902,891,891,7,5,4,6,5,5,5,6,5,6,6,4,5,5,5,6,7,6,5,5,4,6,6,5,7,6,6,5,6,5,6,7,9,6,5,5,5,5,5,6,5,7,6,6,6,6,7,6,7,8,8,6,5,6,6,9,9,10,7,8,6,7,8,19,5,5,5,5,5,5,5,5,5,5,5,5,5,5,5,5,5,5,5,5,5,5,5,5,5,5,5,5,5,5,5,5,5,5,5,5,5,5,5,5,5,5,5,5,5,5,5,5,5,5,5,5,5,5,5,5,5,5,5,5,5,5,5,5
69,873,884,871,871,858,857,848,847,879,886,884,875,865,857,861,855,885,887,886,873,875,864,867,858,895,903,881,889,883,872,879,853,900,892,884,906,893,886,884,879,914,899,889,914,894,882,883,891,913,908,897,891,899,883,891,883,909,927,914,896,902,903,903,899,7,5,4,6,5,6,5,6,6,6,5,5,6,5,5,7,7,7,6,6,6,6,5,5,7,5,5,5,6,5,6,7,8,6,5,6,5,5,7,6,6,6,6,8,7,6,7,7,8,9,6,9,7,6,9,10,9,14,7,8,7,6,6,15,5,5,5,5,5,5,5,5,5,5,5,5,5,5,5,5,5,5,5,5,5,5,5,5,5,5,5,5,5,5,5,5,5,5,5,5,5,5,5,5,5,5,5,5,5,5,5,5,5,5,5,5,5,5,5,5,5,5,5,5,5,5,5,5
70,885,885,869,870,859,867,863,841,876,878,886,874,873,867,858,858,887,886,885,882,873,875,875,868,887,879,892,886,866,877,865,860,904,890,902,891,888,883,883,872,918,900,891,893,889,894,869,880,914,905,904,904,894,902,894,880,933,913,912,903,906,905,883,892,7,6,6,5,4,6,5,7,7,5,5,5,6,4,5,5,9,6,5,5,5,5,5,4,6,5,6,5,5,6,5,7,9,6,5,5,7,5,6,7,6,6,6,6,6,6,7,6,7,9,8,7,7,5,7,9,7,10,6,9,7,7,7,19,5,5,5,5,5,5,5,5,5,5,5,5,5,5,5,5,5,5,5,5,5,5,5,5,5,5,5,5,5,5,5,5,5,5,5,5,5,5,5,5,5,5,5,5,5,5,5,5,5,5,5,5,5,5,5,5,5,5,5,5,5,5,5,5
71,872,876,873,875,854,859,854,846,892,896,886,871,879,864,862,853,879,886,872,882,871,874,874,855,887,898,891,870,873,873,866,879,899,897,897,897,885,880,876,879,913,903,903,890,880,884,891,884,902,921,900,904,894,895,882,898,918,958,905,905,904,899,908,892,7,7,5,5,5,6,5,6,6,7,6,6,7,5,5,5,7,9,6,6,5,5,6,6,8,7,7,5,5,6,6,7,10,6,5,6,6,5,5,6,6,6,7,8,7,6,6,9,8,10,8,8,6,5,6,10,15,16,8,13,8,7,8,18,5,5,5,5,5,5,5,5,5,5,5,5,5,5,5,5,5,5,5,5,5,5,5,5,5,5,5,5,5,5,5,5,5,5,5,5,5,5,5,5,5,5,5,5,5,5,5,5,5,5,5,5,5,5,5,5,5,5,5,5,5,5,5,5
72,877,888,861,874,867,854,847,864,881,889,869,869,857,864,864,854,890,880,879,877,880,866,871,866,882,892,893,888,885,873,870,879,903,898,895,882,883,878,873,876,919,898,902,896,886,890,882,869,915,890,894,903,894,901,896,879,922,902,921,912,898,894,901,899,6,6,5,5,5,5,6,5,7,6,4,5,5,5,6,5,9,8,5,5,4,6,5,5,7,5,5,4,6,5,6,5,8,6,5,5,7,5,5,6,8,7,7,6,7,5,7,6,8,9,8,6,7,6,8,8,9,11,7,9,7,7,5,10,5,5,5,5,5,5,5,5,5,5,5,5,5,5,5,5,5,5,5,5,5,5,5,5,5,5,5,5,5,5,5,5,5,5,5,5,5,5,5,5,5,5,5,5,5,5,5,5,5,5,5,5,5,5,5,5,5,5,5,5,5,5,5,5
73,895,869,871,858,866,856,861,851,890,887,878,869,860,860,868,851,902,885,879,888,886,865,870,866,885,894,885,887,880,878,872,863,910,896,884,881,884,879,870,874,904,907,898,905,890,877,875,879,912,916,901,901,896,898,880,884,930,958,914,920,905,908,902,869,9,6,5,7,5,5,5,7,8,6,5,5,5,5,4,6,9,9,7,6,5,7,6,5,7,6,6,4,6,5,5,7,8,6,6,7,6,5,5,6,6,5,6,8,7,6,7,10,9,8,6,7,8,5,7,9,12,19,7,8,7,7,6,14,5,5,5,5,5,5,5,5,5,5,5,5,5,5,5,5,5,5,5,5,5,5,5,5,5,5,5,5,5,5,5,5,5,5,5,5,5,5,5,5,5,5,5,5,5,5,5,5,5,5,5,5,5,5,5,5,5,5,5,5,5,5,5,5
74,869,885,870,850,870,866,864,853,883,878,870,869,870,862,862,861,882,892,880,885,861,871,862,862,898,891,877,889,881,869,870,880,909,907,902,902,901,889,879,861,904,905,899,895,886,891,883,882,922,901,896,906,897,893,881,888,899,918,915,905,904,903,900,897,6,5,5,5,6,6,5,7,5,5,5,5,6,4,6,5,9,8,6,6,4,5,4,5,6,6,6,5,5,5,5,6,7,5,6,5,6,5,6,6,6,5,6,7,7,6,6,6,9,7,9,6,7,5,6,9,8,10,5,10,7,7,8,16,5,5,5,5,5,5,5,5,5,5,5,5,5,5,5,5,5,5,5,5,5,5,5,5,5,5,5,5,5,5,5,5,5,5,5,5,5,5,5,5,5,5,5,5,5,5,5,5,5,5,5,5,5,5,5,5,5,5,5,5,5,5,5,5
75,882,866,881,877,862,852,854,847,896,881,869,873,867,871,868,864,887,879,893,877,869,875,872,868,892,894,887,884,886,868,850,875,912,895,895,891,893,886,871,870,900,888,906,893,895,886,886,878,909,917,910,903,901,892,896,876,925,922,924,914,907,911,907,890,8,6,5,5,5,5,6,6,8,5,4,5,5,5,6,6,9,6,7,6,6,5,6,7,7,5,6,6,6,6,6,7,8,6,5,6,7,6,6,6,7,7,5,6,7,6,7,8,7,13,8,7,7,6,7,10,8,16,7,10,8,7,8,16,5,5,5,5,5,5,5,5,5,5,5,5,5,5,5,5,5,5,5,5,5,5,5,5,5,5,5,5,5,5,5,5,5,5,5,5,5,5,5,5,5,5,5,5,5,5,5,5,5,5,5,5,5,5,5,5,5,5,5,5,5,5,5,5
76,884,882,875,859,860,864,856,849,872,879,873,875,867,863,867,853,887,897,885,882,881,878,865,867,893,886,884,881,882,874,871,872,902,912,894,891,873,889,886,876,901,910,894,898,881,893,891,869,908,895,899,903,899,897,894,873,917,911,905,896,896,901,908,883,6,5,5,6,5,4,5,6,6,6,5,5,6,4,6,5,7,7,5,6,4,5,5,4,8,5,6,5,5,5,5,5,8,5,5,6,6,5,6,5,7,6,5,6,7,5,6,7,7,8,6,7,6,6,8,8,9,11,6,8,6,6,8,11,5,5,5,5,5,5,5,5,5,5,5,5,5,5,5,5,5,5,5,5,5,5,5,5,5,5,5,5,5,5,5,5,5,5,5,5,5,5,5,5,5,5,5,5,5,5,5,5,5,5,5,5,5,5,5,5,5,5,5,5,5,5,5,5
77,879,879,874,869,865,856,866,853,891,867,879,873,868,864,866,845,893,901,882,890,868,868,871,869,912,889,879,885,878,880,874,869,892,895,914,884,891,882,882,873,906,907,891,893,901,871,876,892,912,905,906,894,895,888,891,883,929,916,908,904,907,903,916,884,7,6,5,7,6,6,6,6,6,6,5,5,5,5,6,6,9,8,5,6,5,7,6,6,7,8,6,7,5,5,6,7,8,6,6,6,6,6,6,7,7,7,6,7,8,7,6,7,9,9,8,7,6,5,7,10,9,10,7,9,9,6,8,15,5,5,5,5,5,5,5,5,5,5,5,5,5,5,5,5,5,5,5,5,5,5,5,5,5,5,5,5,5,5,5,5,5,5,5,5,5,5,5,5,5,5,5,5,5,5,5,5,5,5,5,5,5,5,5,5,5,5,5,5,5,5,5,5
78,862,879,870,880,864,861,870,843,908,876,880,874,874,865,861,854,896,872,878,880,874,865,871,868,901,890,893,888,880,881,867,858,911,890,891,891,886,869,876,876,905,896,909,889,892,892,881,876,915,909,910,904,896,894,898,896,934,892,908,893,891,888,913,873,7,6,6,6,5,6,6,6,8,5,6,5,5,5,6,4,9,8,6,8,5,5,5,5,8,5,7,6,5,5,5,8,9,5,5,5,7,5,6,6,7,6,5,6,7,5,7,6,7,7,8,6,7,6,7,7,8,13,7,7,6,5,9,16,5,5,5,5,5,5,5,5,5,5,5,5,5,5,5,5,5,5,5,5,5,5,5,5,5,5,5,5,5,5,5,5,5,5,5,5,5,5,5,5,5,5,5,5,5,5,5,5,5,5,5,5,5,5,5,5,5,5,5,5,5,5,5,5
79,883,879,883,873,855,855,859,847,894,876,871,866,862,877,874,865,884,875,881,862,873,866,874,862,903,891,871,878,874,873,876,875,901,900,891,891,892,880,877,886,915,898,900,892,884,892,876,868,909,881,894,903,903,891,889,902,922,911,906,904,902,890,892,897,8,7,6,6,5,5,5,6,6,6,5,4,7,5,7,5,7,9,7,6,5,5,6,5,8,6,6,5,5,6,5,6,9,6,5,6,6,5,6,6,7,6,6,6,7,7,6,7,7,14,8,8,6,5,8,12,7,14,7,10,7,8,7,18,5,5,5,5,5,5,5,5,5,5,5,5,5,5,5,5,5,5,5,5,5,5,5,5,5,5,5,5,5,5,5,5,5,5,5,5,5,5,5,5,5,5,5,5,5,5,5,5,5,5,5,5,5,5,5,5,5,5,5,5,5,5,5,5
80,885,876,862,865,860,858,864,861,899,877,880,867,865,860,858,857,879,888,862,867,880,877,869,870,901,894,894,892,880,884,868,866,889,904,890,889,878,883,882,878,910,901,907,894,901,888,884,876,919,905,895,894,903,886,896,880,904,930,912,917,903,907,898,870,8,7,5,6,5,6,6,5,8,5,5,5,5,4,6,5,7,6,6,6,4,5,5,6,8,6,6,5,6,5,4,8,7,5,4,5,6,5,6,6,7,5,5,6,6,6,7,6,8,9,7,7,6,5,7,8,8,9,6,8,8,9,7,14,5,5,5,5,5,5,5,5,5,5,5,5,5,5,5,5,5,5,5,5,5,5,5,5,5,5,5,5,5,5,5,5,5,5,5,5,5,5,5,5,5,5,5,5,5,5,5,5,5,5,5,5,5,5,5,5,5,5,5,5,5,5,5,5
81,884,873,874,860,861,864,868,858,894,878,872,876,868,868,866,856,896,889,879,880,887,868,877,856,887,889,882,890,887,877,872,864,898,901,896,904,890,878,886,880,913,902,895,901,895,896,907,875,922,900,910,906,897,878,892,890,939,920,899,908,905,896,905,895,7,7,5,6,6,5,5,7,6,6,5,7,6,5,5,6,9,7,6,5,5,5,6,6,7,6,6,5,6,6,6,8,8,6,5,6,6,7,7,6,6,6,6,8,8,7,8,9,8,10,9,7,6,6,9,9,10,10,7,6,8,6,7,20,5,5,5,5,5,5,5,5,5,5,5,5,5,5,5,5,5,5,5,5,5,5,5,5,5,5,5,5,5,5,5,5,5,5,5,5,5,5,5,5,5,5,5,5,5,5,5,5,5,5,5,5,5,5,5,5,5,5,5,5,5,5,5,5
82,879,884,874,870,868,854,861,855,892,879,871,872,863,860,876,865,893,887,871,880,872,877,862,861,903,887,874,888,877,871,868,869,894,891,900,895,882,885,885,885,895,907,896,891,903,883,875,873,896,913,909,896,886,891,887,896,926,921,906,903,897,899,903,896,6,5,5,5,5,5,5,5,5,6,5,4,5,4,6,5,9,7,5,5,5,5,5,6,7,5,7,5,5,5,6,7,7,5,5,5,6,5,6,6,5,6,6,6,7,5,6,8,7,10,7,7,6,5,6,10,7,10,7,10,6,7,6,15,5,5,5,5,5,5,5,5,5,5,5,5,5,5,5,5,5,5,5,5,5,5,5,5,5,5,5,5,5,5,5,5,5,5,5,5,5,5,5,5,5,5,5,5,5,5,5,5,5,5,5,5,5,5,5,5,5,5,5,5,5,5,5,5
83,880,880,874,848,864,863,856,862,874,875,869,879,874,864,863,852,873,879,886,865,871,872,870,863,891,895,884,889,878,882,863,854,895,907,904,890,890,892,891,866,895,907,901,905,891,881,879,880,911,926,899,903,894,880,880,891,934,938,919,898,901,897,905,890,7,6,6,6,5,6,5,7,8,5,5,5,5,5,5,5,12,9,6,7,5,5,5,5,6,5,7,6,6,5,7,6,8,6,6,6,7,6,6,7,8,7,7,7,7,6,7,6,8,10,7,7,6,6,7,9,8,15,7,9,8,9,8,12,5,5,5,5,5,5,5,5,5,5,5,5,5,5,5,5,5,5,5,5,5,5,5,5,5,5,5,5,5,5,5,5,5,5,5,5,5,5,5,5,5,5,5,5,5,5,5,5,5,5,5,5,5,5,5,5,5,5,5,5,5,5,5,5
84,878,883,869,866,865,856,853,844,877,881,872,865,871,859,858,844,882,891,883,882,868,862,869,867,905,894,891,883,873,877,877,860,901,893,893,892,880,881,882,877,896,906,905,895,890,892,893,863,920,908,909,894,891,888,891,894,934,924,917,914,906,905,894,856,7,6,5,6,5,6,5,5,7,5,4,5,5,3,5,5,8,7,6,6,5,6,5,5,7,7,6,5,5,5,6,6,8,6,5,5,6,7,6,7,5,5,6,6,8,6,5,6,7,7,6,8,6,7,6,9,8,10,6,7,6,5,6,17,5,5,5,5,5,5,5,5,5,5,5,5,5,5,5,5,5,5,5,5,5,5,5,5,5,5,5,5,5,5,5,5,5,5,5,5,5,5,5,5,5,5,5,5,5,5,5,5,5,5,5,5,5,5,5,5,5,5,5,5,5,5,5,5
85,880,860,878,871,869,859,853,848,882,877,874,864,870,862,853,856,891,882,878,874,872,868,866,866,897,889,879,891,884,882,872,863,898,899,888,890,888,895,871,884,906,903,891,900,879,885,895,891,931,902,913,910,880,898,888,869,933,929,920,900,897,907,899,903,6,6,6,7,5,6,6,6,7,5,5,4,5,4,6,7,9,7,5,5,5,5,6,6,8,6,7,6,6,5,5,7,7,5,5,6,8,5,5,6,7,7,6,8,6,7,9,8,8,10,9,7,6,5,7,8,7,11,6,8,8,7,6,14,5,5,5,5,5,5,5,5,5,5,5,5,5,5,5,5,5,5,5,5,5,5,5,5,5,5,5,5,5,5,5,5,5,5,5,5,5,5,5,5,5,5,5,5,5,5,5,5,5,5,5,5,5,5,5,5,5,5,5,5,5,5,5,5
86,878,884,871,859,866,865,849,856,890,879,879,877,870,858,878,855,891,900,881,878,871,868,869,868,906,901,884,885,887,886,872,856,906,899,895,892,886,880,891,875,899,906,915,891,888,880,892,884,908,896,903,893,887,891,898,887,907,909,906,922,891,891,890,897,6,6,5,6,5,7,5,7,6,5,5,5,5,5,4,6,8,7,5,5,6,5,5,6,7,6,5,5,5,5,5,6,8,6,5,5,6,5,6,6,6,5,5,6,7,5,6,7,7,8,6,7,6,5,7,9,10,14,6,8,6,6,7,11,5,5,5,5,5,5,5,5,5,5,5,5,5,5,5,5,5,5,5,5,5,5,5,5,5,5,5,5,5,5,5,5,5,5,5,5,5,5,5,5,5,5,5,5,5,5,5,5,5,5,5,5,5,5,5,5,5,5,5,5,5,5,5,5
87,878,867,869,862,871,873,845,859,872,881,876,879,864,860,856,865,878,907,882,881,875,877,870,871,916,889,881,887,885,874,864,881,898,897,894,890,873,873,877,869,900,898,896,885,892,894,875,863,916,901,892,893,898,903,904,891,921,901,911,905,899,899,897,882,10,5,7,6,6,6,6,7,7,6,5,5,5,5,5,5,8,9,5,6,5,6,6,5,8,5,7,4,6,7,6,6,7,7,5,5,6,6,6,6,6,4,5,6,6,5,8,7,8,8,8,6,7,6,8,7,9,14,7,9,7,7,9,15,5,5,5,5,5,5,5,5,5,5,5,5,5,5,5,5,5,5,5,5,5,5,5,5,5,5,5,5,5,5,5,5,5,5,5,5,5,5,5,5,5,5,5,5,5,5,5,5,5,5,5,5,5,5,5,5,5,5,5,5,5,5,5,5
88,882,880,864,867,861,863,849,860,871,879,874,875,871,862,856,853,895,874,878,875,867,864,874,857,895,894,893,884,881,886,873,869,911,904,885,890,880,885,895,862,906,898,903,901,904,893,888,897,922,904,905,898,898,896,888,865,942,910,902,892,901,893,888,876,8,7,5,7,4,6,5,6,6,5,5,6,6,4,5,6,9,7,6,8,5,6,5,5,8,6,6,5,5,5,6,7,9,6,5,5,5,6,6,5,6,7,5,7,6,6,7,8,9,10,6,8,6,6,6,9,9,10,6,8,8,7,6,11,5,5,5,5,5,5,5,5,5,5,5,5,5,5,5,5,5,5,5,5,5,5,5,5,5,5,5,5,5,5,5,5,5,5,5,5,5,5,5,5,5,5,5,5,5,5,5,5,5,5,5,5,5,5,5,5,5,5,5,5,5,5,5,5
89,867,879,864,852,859,850,860,853,871,876,867,872,864,862,857,850,892,887,877,876,864,866,869,854,900,901,895,879,883,880,877,856,913,908,889,894,889,889,882,868,901,905,906,914,890,880,878,883,928,914,902,906,892,895,891,883,936,940,920,921,897,891,895,876,9,6,6,6,5,6,5,6,6,6,5,5,6,4,5,7,9,8,6,6,5,5,6,6,7,5,7,5,6,6,6,6,11,5,5,5,7,5,6,7,8,6,5,8,8,5,6,7,9,7,7,7,7,7,7,13,8,14,6,9,6,7,7,16,5,5,5,5,5,5,5,5,5,5,5,5,5,5,5,5,5,5,5,5,5,5,5,5,5,5,5,5,5,5,5,5,5,5,5,5,5,5,5,5,5,5,5,5,5,5,5,5,5,5,5,5,5,5,5,5,5,5,5,5,5,5,5,5
90,883,876,874,873,864,855,859,854,879,884,884,870,873,866,857,851,892,886,873,883,878,872,856,866,897,890,883,889,870,882,868,853,918,889,895,895,886,884,887,865,905,912,910,901,895,886,884,875,916,914,907,904,893,883,887,884,908,903,909,901,899,892,904,906,7,6,5,6,5,6,5,7,7,5,5,4,6,4,5,5,8,7,6,5,5,6,5,4,7,6,7,4,6,4,6,6,8,6,5,5,6,6,7,6,7,6,6,5,6,6,8,9,8,8,7,7,8,6,8,9,8,16,6,11,7,5,7,12,5,5,5,5,5,5,5,5,5,5,5,5,5,5,5,5,5,5,5,5,5,5,5,5,5,5,5,5,5,5,5,5,5,5,5,5,5,5,5,5,5,5,5,5,5,5,5,5,5,5,5,5,5,5,5,5,5,5,5,5,5,5,5,5
91,885,880,871,864,856,863,861,850,878,887,877,863,858,861,862,867,887,895,894,876,867,869,859,860,894,879,876,880,884,884,868,855,885,901,892,883,883,880,883,876,918,896,907,891,890,880,867,873,920,923,892,886,904,890,891,892,924,918,916,908,886,887,900,906,9,5,6,6,5,6,6,7,7,6,5,4,6,4,6,6,10,7,7,6,5,5,5,6,7,6,7,6,6,4,5,7,8,4,5,5,7,5,6,7,6,6,7,6,8,6,7,6,8,9,7,7,8,7,6,7,10,16,7,8,7,6,6,14,5,5,5,5,5,5,5,5,5,5,5,5,5,5,5,5,5,5,5,5,5,5,5,5,5,5,5,5,5,5,5,5,5,5,5,5,5,5,5,5,5,5,5,5,5,5,5,5,5,5,5,5,5,5,5,5,5,5,5,5,5,5,5,5
92,883,875,875,867,857,849,863,864,884,878,872,874,876,861,865,863,884,890,886,863,878,869,858,858,889,880,904,884,888,873,874,862,894,894,890,888,888,882,871,885,897,900,904,908,893,891,883,876,894,900,886,910,895,889,897,883,935,908,914,909,884,886,903,899,6,6,6,6,4,6,5,8,8,5,4,5,5,4,6,6,9,8,6,6,6,5,5,5,8,6,8,6,6,5,5,7,7,5,4,6,6,7,5,6,7,6,6,8,6,6,7,7,10,10,6,6,6,6,7,10,10,11,5,9,7,6,6,14,5,5,5,5,5,5,5,5,5,5,5,5,5,5,5,5,5,5,5,5,5,5,5,5,5,5,5,5,5,5,5,5,5,5,5,5,5,5,5,5,5,5,5,5,5,5,5,5,5,5,5,5,5,5,5,5,5,5,5,5,5,5,5,5
93,857,883,866,872,862,863,859,866,886,869,875,868,865,871,863,857,887,875,872,885,874,870,872,870,889,894,886,886,876,867,863,860,889,896,892,897,886,891,881,882,906,897,898,915,898,884,873,870,905,910,903,886,897,893,900,899,924,905,894,901,892,896,896,844,7,7,6,8,5,7,6,6,6,5,5,5,5,5,6,6,12,8,6,6,5,5,7,6,7,6,7,6,6,6,7,10,7,7,6,6,5,5,7,6,7,7,6,6,7,6,7,6,8,8,7,7,6,7,8,12,10,12,4,10,8,7,6,16,5,5,5,5,5,5,5,5,5,5,5,5,5,5,5,5,5,5,5,5,5,5,5,5,5,5,5,5,5,5,5,5,5,5,5,5,5,5,5,5,5,5,5,5,5,5,5,5,5,5,5,5,5,5,5,5,5,5,5,5,5,5,5,5
94,888,886,868,872,856,861,847,852,883,883,876,883,862,868,856,849,881,895,885,884,874,866,865,862,897,896,891,891,877,871,867,858,894,896,896,891,895,875,875,874,923,908,900,894,895,889,878,878,918,918,907,913,894,884,892,877,925,911,908,904,922,895,915,868,7,5,6,6,5,7,6,6,6,5,5,5,6,4,5,6,7,6,6,7,5,6,5,5,8,5,6,5,5,5,5,6,8,6,5,6,5,6,6,5,7,7,6,7,7,5,6,6,10,9,7,8,7,7,7,8,9,10,6,9,8,6,7,12,5,5,5,5,5,5,5,5,5,5,5,5,5,5,5,5,5,5,5,5,5,5,5,5,5,5,5,5,5,5,5,5,5,5,5,5,5,5,5,5,5,5,5,5,5,5,5,5,5,5,5,5,5,5,5,5,5,5,5,5,5,5,5,5
95,893,871,871,875,873,857,852,856,891,876,870,878,870,858,857,854,889,883,890,869,881,858,862,867,884,883,895,881,880,880,870,873,900,899,898,890,881,887,888,883,910,905,907,886,905,896,890,893,894,914,913,917,898,895,883,887,925,939,907,888,897,893,908,904,8,6,5,6,4,5,6,7,8,5,5,6,5,6,5,5,12,8,7,7,4,6,6,6,7,6,6,5,6,4,5,6,10,7,5,7,7,6,6,6,7,6,5,6,8,7,10,8,9,9,10,8,7,7,6,11,8,10,8,8,8,7,7,24,5,5,5,5,5,5,5,5,5,5,5,5,5,5,5,5,5,5,5,5,5,5,5,5,5,5,5,5,5,5,5,5,5,5,5,5,5,5,5,5,5,5,5,5,5,5,5,5,5,5,5,5,5,5,5,5,5,5,5,5,5,5,5,5
96,878,881,871,874,856,863,860,846,878,879,878,875,864,869,859,842,891,882,879,885,874,865,861,867,895,879,882,887,884,869,871,849,915,902,896,894,894,877,885,862,901,903,902,903,894,888,891,887,908,931,907,900,904,890,904,888,928,919,914,887,919,897,908,889,7,5,5,6,4,6,5,5,7,6,6,5,6,4,5,5,10,7,6,6,5,5,5,6,8,6,5,4,6,6,7,7,9,6,6,5,6,5,7,5,7,6,6,6,6,5,7,7,7,12,7,7,6,6,6,9,10,11,6,6,7,6,8,12,5,5,5,5,5,5,5,5,5,5,5,5,5,5,5,5,5,5,5,5,5,5,5,5,5,5,5,5,5,5,5,5,5,5,5,5,5,5,5,5,5,5,5,5,5,5,5,5,5,5,5,5,5,5,5,5,5,5,5,5,5,5,5,5
97,870,875,872,876,865,857,861,859,883,883,886,878,879,858,857,862,888,887,878,869,876,863,859,865,894,889,887,879,882,881,862,869,910,894,903,890,894,876,883,886,903,903,902,899,907,892,897,883,912,904,915,907,897,889,879,877,921,942,913,907,907,880,890,887,7,6,6,7,5,7,6,6,8,6,5,5,6,5,6,6,11,9,6,7,7,6,5,6,7,5,7,6,6,7,6,8,9,7,6,6,7,6,5,7,7,5,6,6,7,8,11,6,8,10,7,8,7,6,7,8,10,10,8,9,7,7,7,12,5,5,5,5,5,5,5,5,5,5,5,5,5,5,5,5,5,5,5,5,5,5,5,5,5,5,5,5,5,5,5,5,5,5,5,5,5,5,5,5,5,5,5,5,5,5,5,5,5,5,5,5,5,5,5,5,5,5,5,5,5,5,5,5
98,889,872,860,866,856,846,849,855,890,883,878,876,877,862,859,862,902,884,872,878,866,873,861,849,900,894,901,884,870,872,885,875,897,898,892,887,885,883,875,873,912,899,893,886,884,886,885,871,923,913,897,895,890,903,898,884,938,921,896,901,898,903,897,899,7,6,5,5,5,5,6,6,7,5,5,5,6,4,5,5,9,9,6,5,5,5,5,5,7,7,7,7,5,4,5,8,7,5,5,5,7,5,5,7,6,5,5,7,6,6,6,6,7,9,8,7,7,6,6,8,8,9,7,8,8,7,6,15,5,5,5,5,5,5,5,5,5,5,5,5,5,5,5,5,5,5,5,5,5,5,5,5,5,5,5,5,5,5,5,5,5,5,5,5,5,5,5,5,5,5,5,5,5,5,5,5,5,5,5,5,5,5,5,5,5,5,5,5,5,5,5,5
99,878,872,862,856,861,864,860,856,875,877,875,876,871,862,854,867,874,897,881,882,873,869,863,859,891,885,884,883,884,876,875,868,900,899,908,905,882,880,885,869,905,918,901,899,879,882,876,881,904,918,903,905,890,891,866,894,922,917,912,922,891,896,902,888,6,6,5,6,5,5,7,7,7,5,5,5,5,4,6,5,8,7,6,6,5,5,5,6,7,5,6,4,6,6,6,8,9,7,6,7,6,5,6,8,7,7,7,7,8,7,7,7,7,10,8,6,7,6,6,9,8,11,10,7,9,8,10,21,5,5,5,5,5,5,5,5,5,5,5,5,5,5,5,5,5,5,5,5,5,5,5,5,5,5,5,5,5,5,5,5,5,5,5,5,5,5,5,5,5,5,5,5,5,5,5,5,5,5,5,5,5,5,5,5,5,5,5,5,5,5,5,5
100,883,884,876,874,868,860,856,854,873,881,882,871,874,864,853,853,897,878,877,879,875,870,874,862,884,897,884,886,875,878,870,881,891,896,900,885,889,863,877,881,912,904,898,890,900,884,887,872,913,912,895,910,885,887,892,872,930,903,907,899,902,902,901,888,7,7,5,6,5,6,5,7,6,5,5,5,5,5,5,4,10,8,6,6,5,5,5,5,7,6,6,4,5,5,5,5,6,6,6,6,6,5,6,6,6,6,5,6,7,5,7,6,8,8,8,8,6,6,6,8,8,10,7,9,6,7,6,11,5,5,5,5,5,5,5,5,5,5,5,5,5,5,5,5,5,5,5,5,5,5,5,5,5,5,5,5,5,5,5,5,5,5,5,5,5,5,5,5,5,5,5,5,5,5,5,5,5,5,5,5,5,5,5,5,5,5,5,5,5,5,5,5
101,879,871,871,865,861,852,845,867,872,884,870,874,873,862,863,859,879,880,872,870,872,871,865,871,893,894,882,897,889,875,872,869,898,903,898,902,888,887,884,877,921,904,907,897,886,891,876,890,911,894,895,896,899,888,900,896,922,917,910,906,911,894,899,887,8,7,5,8,5,5,6,6,7,5,5,5,4,4,5,5,9,8,5,5,6,5,6,5,7,6,7,6,5,6,7,7,10,6,5,6,7,7,6,6,7,6,5,6,6,6,7,7,7,12,6,7,6,7,7,10,10,19,8,10,7,9,7,13,5,5,5,5,5,5,5,5,5,5,5,5,5,5,5,5,5,5,5,5,5,5,5,5,5,5,5,5,5,5,5,5,5,5,5,5,5,5,5,5,5,5,5,5,5,5,5,5,5,5,5,5,5,5,5,5,5,5,5,5,5,5,5,5
102,875,877,873,860,862,852,860,849,878,886,873,863,870,875,862,857,888,898,886,879,876,871,865,860,896,888,879,881,879,869,867,869,896,891,892,891,893,882,877,860,911,908,898,896,882,887,879,871,916,911,879,889,894,890,894,879,937,914,906,904,907,893,907,882,8,5,5,6,5,5,4,6,7,5,5,5,5,5,5,5,7,7,5,6,4,4,5,4,7,6,7,5,5,5,7,6,8,5,5,5,6,5,6,5,7,6,6,7,8,6,7,6,8,6,6,8,7,6,6,10,8,11,8,10,8,5,7,16,5,5,5,5,5,5,5,5,5,5,5,5,5,5,5,5,5,5,5,5,5,5,5,5,5,5,5,5,5,5,5,5,5,5,5,5,5,5,5,5,5,5,5,5,5,5,5,5,5,5,5,5,5,5,5,5,5,5,5,5,5,5,5,5
103,873,886,861,858,863,870,858,852,890,867,868,871,863,857,854,856,876,878,886,882,878,876,870,870,894,893,890,886,889,868,864,853,877,885,894,894,900,889,879,873,914,893,908,886,887,894,880,876,892,913,899,881,893,885,881,901,914,913,919,913,885,885,912,890,5,5,5,5,5,6,6,7,6,5,5,5,5,5,6,5,8,7,6,5,4,6,6,7,8,7,8,6,5,5,6,6,9,6,5,5,6,4,5,6,6,5,9,6,7,7,7,5,7,9,6,8,7,7,8,8,7,14,6,9,5,7,6,12,5,5,5,5,5,5,5,5,5,5,5,5,5,5,5,5,5,5,5,5,5,5,5,5,5,5,5,5,5,5,5,5,5,5,5,5,5,5,5,5,5,5,5,5,5,5,5,5,5,5,5,5,5,5,5,5,5,5,5,5,5,5,5,5
104,865,875,873,880,864,862,859,856,896,878,879,877,865,869,865,867,890,888,873,877,883,862,865,851,897,888,891,884,878,874,867,874,904,893,897,902,887,878,884,876,910,894,885,894,907,894,889,892,911,905,899,907,890,885,896,874,913,883,897,896,900,894,905,890,8,7,6,6,5,6,5,4,8,5,5,5,5,4,6,5,11,8,5,5,4,5,5,5,6,7,6,4,5,5,5,9,8,5,5,5,6,5,6,6,8,6,5,6,7,6,7,8,9,11,8,7,6,7,7,9,11,13,6,10,6,6,7,15,5,5,5,5,5,5,5,5,5,5,5,5,5,5,5,5,5,5,5,5,5,5,5,5,5,5,5,5,5,5,5,5,5,5,5,5,5,5,5,5,5,5,5,5,5,5,5,5,5,5,5,5,5,5,5,5,5,5,5,5,5,5,5,5
105,888,880,872,859,862,859,856,856,906,888,873,879,867,863,857,860,885,886,877,886,870,875,872,865,888,894,884,875,876,878,885,870,903,891,900,900,892,871,874,867,895,901,896,898,883,882,880,876,909,927,911,895,895,874,869,871,931,905,914,903,906,896,896,890,8,6,5,7,5,6,5,6,9,6,5,5,5,5,5,6,9,6,6,6,6,5,6,5,10,6,8,5,7,5,6,8,10,6,5,6,5,5,6,7,7,6,6,7,7,6,8,6,8,9,8,7,7,5,7,10,10,11,7,9,9,7,8,18,5,5,5,5,5,5,5,5,5,5,5,5,5,5,5,5,5,5,5,5,5,5,5,5,5,5,5,5,5,5,5,5,5,5,5,5,5,5,5,5,5,5,5,5,5,5,5,5,5,5,5,5,5,5,5,5,5,5,5,5,5,5,5,5
106,874,876,871,872,869,860,863,843,882,881,884,866,871,867,874,854,884,893,885,875,873,864,858,863,896,888,886,888,881,877,869,872,899,893,895,888,895,885,873,870,918,900,898,885,895,901,899,880,906,918,921,895,890,897,886,886,933,907,898,907,897,897,903,871,7,5,5,6,5,6,5,5,6,6,5,5,6,5,6,4,9,7,6,5,5,6,5,6,8,6,6,4,6,6,5,6,9,6,5,6,6,5,5,6,6,6,6,7,6,6,6,6,8,8,7,7,5,6,6,9,11,12,6,10,6,6,6,14,5,5,5,5,5,5,5,5,5,5,5,5,5,5,5,5,5,5,5,5,5,5,5,5,5,5,5,5,5,5,5,5,5,5,5,5,5,5,5,5,5,5,5,5,5,5,5,5,5,5,5,5,5,5,5,5,5,5,5,5,5,5,5,5
107,878,877,871,855,861,863,859,860,901,883,870,869,869,858,861,865,882,877,870,877,875,871,865,864,882,888,895,887,885,882,872,863,897,898,887,886,879,897,882,886,917,898,906,902,897,884,882,887,910,924,913,888,887,886,901,870,922,927,915,907,889,907,900,882,7,6,5,6,5,6,5,6,7,7,5,6,6,4,5,5,8,8,5,7,5,5,6,6,7,6,6,5,6,6,7,8,8,6,5,5,6,7,7,6,6,6,6,8,7,5,7,7,8,9,7,9,7,7,8,9,9,12,5,7,9,8,7,13,5,5,5,5,5,5,5,5,5,5,5,5,5,5,5,5,5,5,5,5,5,5,5,5,5,5,5,5,5,5,5,5,5,5,5,5,5,5,5,5,5,5,5,5,5,5,5,5,5,5,5,5,5,5,5,5,5,5,5,5,5,5,5,5
108,877,881,863,869,872,859,868,853,896,882,873,867,872,865,864,863,876,886,887,888,877,873,868,865,886,899,899,879,883,877,881,869,890,907,888,887,896,888,875,870,909,899,891,895,898,878,877,891,910,908,903,907,890,887,878,896,905,915,909,908,902,887,905,897,7,5,5,6,5,6,5,5,6,5,5,4,4,5,5,5,6,8,6,6,5,6,5,5,6,5,6,5,6,6,6,6,7,5,5,4,6,5,5,6,8,7,6,8,7,6,7,7,7,8,7,6,5,6,6,8,8,11,7,7,6,6,6,15,5,5,5,5,5,5,5,5,5,5,5,5,5,5,5,5,5,5,5,5,5,5,5,5,5,5,5,5,5,5,5,5,5,5,5,5,5,5,5,5,5,5,5,5,5,5,5,5,5,5,5,5,5,5,5,5,5,5,5,5,5,5,5,5
109,882,882,887,860,864,864,850,845,875,887,876,866,872,863,858,851,891,897,882,872,878,865,867,858,894,887,885,885,876,872,872,872,894,891,892,901,874,883,886,873,915,918,903,876,882,890,882,874,915,893,910,901,907,881,892,870,921,914,916,916,913,903,911,875,7,6,6,6,5,6,7,6,8,6,5,4,6,4,5,5,12,8,5,6,6,6,5,6,8,5,6,5,5,6,5,8,9,6,5,6,7,6,6,6,6,7,8,7,7,5,8,8,7,8,8,7,6,7,8,10,8,15,6,9,10,8,7,14,5,5,5,5,5,5,5,5,5,5,5,5,5,5,5,5,5,5,5,5,5,5,5,5,5,5,5,5,5,5,5,5,5,5,5,5,5,5,5,5,5,5,5,5,5,5,5,5,5,5,5,5,5,5,5,5,5,5,5,5,5,5,5,5
110,881,871,881,868,862,858,857,851,898,884,872,875,861,863,869,861,883,888,887,878,870,863,866,868,891,890,883,886,882,879,872,859,897,905,894,888,885,877,877,872,921,904,894,889,887,884,886,880,911,922,906,906,896,888,890,874,920,939,889,917,901,892,902,891,7,6,6,6,4,6,5,5,6,4,4,5,6,4,6,5,8,7,5,5,5,5,5,5,7,6,6,6,6,5,6,7,9,6,5,6,7,5,6,5,6,5,5,5,5,5,8,7,7,8,7,7,6,7,6,11,9,10,6,8,8,6,7,12,5,5,5,5,5,5,5,5,5,5,5,5,5,5,5,5,5,5,5,5,5,5,5,5,5,5,5,5,5,5,5,5,5,5,5,5,5,5,5,5,5,5,5,5,5,5,5,5,5,5,5,5,5,5,5,5,5,5,5,5,5,5,5,5
111,872,886,872,870,863,856,852,864,887,882,878,870,860,868,862,854,880,895,877,876,869,873,852,866,893,894,881,880,879,879,866,877,895,899,897,881,876,887,882,872,906,904,904,908,893,889,895,892,911,904,892,891,891,893,894,893,918,950,919,901,900,888,905,890,7,6,5,7,5,6,5,5,8,6,6,5,6,4,6,6,8,7,6,8,5,6,6,6,9,7,6,6,6,5,6,6,12,6,5,6,7,5,5,7,9,7,7,8,7,6,6,10,9,10,8,8,7,7,7,8,8,13,8,9,7,7,7,16,5,5,5,5,5,5,5,5,5,5,5,5,5,5,5,5,5,5,5,5,5,5,5,5,5,5,5,5,5,5,5,5,5,5,5,5,5,5,5,5,5,5,5,5,5,5,5,5,5,5,5,5,5,5,5,5,5,5,5,5,5,5,5,5
112,872,878,869,866,856,861,849,849,880,881,878,880,870,864,867,866,881,882,878,886,878,864,874,851,895,890,884,886,874,880,868,874,904,899,893,889,894,884,881,880,900,901,898,893,895,884,891,888,918,904,888,893,896,884,887,878,928,908,906,896,895,896,889,873,6,6,5,6,4,5,5,5,5,5,5,5,5,5,6,5,9,8,6,6,4,5,6,5,7,5,8,6,5,5,6,8,9,7,5,6,6,5,5,5,7,5,6,6,6,5,7,7,8,10,8,6,7,5,6,9,10,11,7,9,6,7,8,15,5,5,5,5,5,5,5,5,5,5,5,5,5,5,5,5,5,5,5,5,5,5,5,5,5,5,5,5,5,5,5,5,5,5,5,5,5,5,5,5,5,5,5,5,5,5,5,5,5,5,5,5,5,5,5,5,5,5,5,5,5,5,5,5
113,878,874,878,874,855,853,861,859,892,880,871,879,870,867,858,858,890,885,893,885,868,862,868,868,901,887,886,892,887,893,880,864,907,898,884,885,883,886,877,876,905,878,898,899,897,888,893,879,928,893,913,888,890,885,908,880,908,917,914,901,906,893,889,882,6,7,4,5,5,6,5,7,7,6,5,5,5,5,6,5,9,8,6,6,6,6,6,6,7,5,6,5,6,6,6,7,8,7,5,6,7,6,6,8,6,6,6,8,7,6,7,7,8,10,9,8,6,5,7,8,8,11,7,9,9,7,8,16,5,5,5,5,5,5,5,5,5,5,5,5,5,5,5,5,5,5,5,5,5,5,5,5,5,5,5,5,5,5,5,5,5,5,5,5,5,5,5,5,5,5,5,5,5,5,5,5,5,5,5,5,5,5,5,5,5,5,5,5,5,5,5,5
114,877,869,873,872,866,856,853,853,886,872,879,869,862,872,857,860,864,888,874,888,869,879,864,866,885,891,885,879,875,868,881,870,899,909,892,884,889,895,877,862,909,912,902,899,900,889,875,891,912,916,900,903,886,897,883,884,939,940,912,927,896,888,889,869,7,6,5,6,5,5,6,6,5,5,5,4,6,5,5,5,9,9,6,6,5,4,6,6,7,6,6,4,6,5,6,6,7,6,6,6,5,5,5,6,7,6,5,7,6,5,6,7,7,9,8,6,6,7,6,10,11,11,7,9,7,6,6,17,5,5,5,5,5,5,5,5,5,5,5,5,5,5,5,5,5,5,5,5,5,5,5,5,5,5,5,5,5,5,5,5,5,5,5,5,5,5,5,5,5,5,5,5,5,5,5,5,5,5,5,5,5,5,5,5,5,5,5,5,5,5,5,5
115,885,884,875,861,852,860,862,853,877,886,876,878,874,867,861,851,899,890,886,880,884,875,865,862,899,881,880,884,878,880,878,861,906,912,885,885,880,898,881,869,913,906,906,895,895,864,882,874,921,907,919,907,897,883,885,881,935,954,911,910,901,905,902,905,6,6,6,6,5,8,5,7,7,6,5,6,6,5,5,6,12,8,5,6,4,6,6,6,10,6,8,5,5,5,7,6,7,5,4,6,6,6,8,6,8,6,6,7,7,6,7,6,9,10,8,7,9,7,6,8,10,12,7,7,8,8,7,14,5,5,5,5,5,5,5,5,5,5,5,5,5,5,5,5,5,5,5,5,5,5,5,5,5,5,5,5,5,5,5,5,5,5,5,5,5,5,5,5,5,5,5,5,5,5,5,5,5,5,5,5,5,5,5,5,5,5,5,5,5,5,5,5
116,886,882,877,863,866,853,859,852,887,876,878,872,880,862,865,851,913,883,887,881,869,866,860,869,890,895,883,886,885,880,854,878,905,892,894,880,896,891,892,892,914,894,911,886,887,882,877,884,909,908,901,894,882,897,897,896,909,929,912,903,895,906,905,874,6,6,6,6,5,6,4,6,8,5,5,4,5,4,6,5,8,7,6,6,5,5,5,5,7,5,7,6,6,5,5,6,8,5,5,6,5,5,5,7,7,6,5,7,6,6,6,7,9,10,7,8,6,5,8,8,8,13,6,8,6,5,7,11,5,5,5,5,5,5,5,5,5,5,5,5,5,5,5,5,5,5,5,5,5,5,5,5,5,5,5,5,5,5,5,5,5,5,5,5,5,5,5,5,5,5,5,5,5,5,5,5,5,5,5,5,5,5,5,5,5,5,5,5,5,5,5,5
117,872,859,867,877,857,857,852,852,882,876,875,884,870,857,857,852,903,877,879,873,870,881,858,868,899,894,895,880,875,885,884,871,905,890,889,897,881,891,880,881,915,914,911,908,889,880,875,893,908,914,909,905,905,893,907,880,922,924,904,889,901,892,907,887,6,5,6,5,4,6,6,6,9,6,5,5,6,3,5,5,9,8,5,7,6,6,5,4,8,6,7,5,5,5,7,7,9,6,5,6,6,5,6,6,10,7,7,8,6,6,5,10,9,9,8,6,6,7,8,12,8,19,7,10,7,8,7,11,5,5,5,5,5,5,5,5,5,5,5,5,5,5,5,5,5,5,5,5,5,5,5,5,5,5,5,5,5,5,5,5,5,5,5,5,5,5,5,5,5,5,5,5,5,5,5,5,5,5,5,5,5,5,5,5,5,5,5,5,5,5,5,5
118,884,880,874,858,865,852,853,848,901,876,874,873,872,873,864,848,891,900,887,889,877,874,867,848,895,896,884,889,877,882,872,865,905,899,895,888,889,882,879,876,906,903,910,896,904,885,884,885,905,906,898,902,892,895,900,880,918,899,910,898,905,903,892,888,8,6,5,5,5,5,4,7,7,5,4,4,5,5,6,5,8,8,5,6,4,5,5,6,7,6,6,5,5,6,5,6,9,6,5,5,5,5,5,5,7,5,5,7,8,6,7,7,7,9,8,6,7,6,7,7,9,10,5,10,8,8,6,14,5,5,5,5,5,5,5,5,5,5,5,5,5,5,5,5,5,5,5,5,5,5,5,5,5,5,5,5,5,5,5,5,5,5,5,5,5,5,5,5,5,5,5,5,5,5,5,5,5,5,5,5,5,5,5,5,5,5,5,5,5,5,5,5
119,880,887,866,876,868,862,854,852,891,878,883,869,865,870,864,860,877,895,882,878,872,867,872,856,902,894,892,888,880,894,871,856,898,899,896,889,874,879,881,869,891,911,902,907,886,890,877,881,906,901,913,880,886,904,891,881,937,909,914,905,912,896,893,882,7,6,5,7,5,7,6,7,6,5,5,5,7,5,6,5,8,7,6,6,6,5,5,5,8,6,7,5,6,6,4,7,9,7,6,5,6,6,5,7,6,7,6,8,6,8,7,6,8,9,9,7,7,6,6,10,12,11,5,10,7,8,8,12,5,5,5,5,5,5,5,5,5,5,5,5,5,5,5,5,5,5,5,5,5,5,5,5,5,5,5,5,5,5,5,5,5,5,5,5,5,5,5,5,5,5,5,5,5,5,5,5,5,5,5,5,5,5,5,5,5,5,5,5,5,5,5,5
120,872,875,872,876,851,860,849,857,876,878,885,866,875,867,856,850,893,879,879,876,878,869,879,861,882,893,891,887,877,885,872,862,892,892,891,895,880,883,879,859,896,909,900,894,896,881,887,873,901,899,896,907,897,900,889,888,937,923,901,908,911,893,893,887,7,5,5,5,5,6,5,8,6,5,6,5,5,5,4,6,8,7,6,5,6,6,6,5,7,8,6,5,5,5,6,7,8,6,5,5,6,4,5,6,5,6,6,7,6,5,6,6,5,9,7,6,7,6,7,8,10,14,6,7,7,6,6,15,5,5,5,5,5,5,5,5,5,5,5,5,5,5,5,5,5,5,5,5,5,5,5,5,5,5,5,5,5,5,5,5,5,5,5,5,5,5,5,5,5,5,5,5,5,5,5,5,5,5,5,5,5,5,5,5,5,5,5,5,5,5,5,5
121,892,875,866,873,857,861,858,857,882,866,883,891,869,859,866,853,882,903,888,873,879,875,869,857,893,896,892,890,883,872,876,869,906,904,896,888,879,884,874,870,905,910,897,895,890,885,891,883,907,902,916,890,897,900,894,884,947,905,898,897,882,894,897,863,6,7,5,6,5,6,6,7,7,6,4,6,5,5,5,6,8,8,7,6,5,6,5,6,7,4,7,5,6,5,6,8,9,5,6,5,6,7,6,6,8,7,6,7,7,6,7,7,9,11,8,9,8,7,6,9,13,14,7,10,7,6,6,11,5,5,5,5,5,5,5,5,5,5,5,5,5,5,5,5,5,5,5,5,5,5,5,5,5,5,5,5,5,5,5,5,5,5,5,5,5,5,5,5,5,5,5,5,5,5,5,5,5,5,5,5,5,5,5,5,5,5,5,5,5,5,5,5
122,885,874,874,871,854,858,856,855,883,888,881,867,864,870,865,868,891,900,886,869,879,864,870,871,892,903,894,877,870,869,874,863,904,891,890,886,878,880,872,872,904,919,901,889,896,887,885,875,900,893,900,904,895,893,897,873,913,905,905,901,907,879,896,869,7,6,5,5,4,5,5,7,7,6,5,5,5,4,5,5,8,6,6,7,6,6,5,6,9,6,7,5,5,6,6,7,7,6,5,5,5,7,6,7,7,6,6,6,7,5,7,7,9,9,7,6,7,4,7,9,7,11,6,9,7,8,6,14,5,5,5,5,5,5,5,5,5,5,5,5,5,5,5,5,5,5,5,5,5,5,5,5,5,5,5,5,5,5,5,5,5,5,5,5,5,5,5,5,5,5,5,5,5,5,5,5,5,5,5,5,5,5,5,5,5,5,5,5,5,5,5,5
123,876,885,870,871,861,850,868,853,876,872,872,874,857,862,863,855,885,878,880,889,885,879,862,864,885,898,888,882,875,876,884,872,897,912,901,876,889,880,868,880,905,904,905,887,897,888,880,903,893,909,899,888,909,882,888,872,938,913,910,912,907,907,909,865,7,5,6,6,5,5,6,7,8,7,6,5,6,4,5,5,9,8,6,6,4,5,4,5,7,7,6,5,5,7,7,7,12,5,5,6,6,7,6,5,7,5,7,7,8,7,7,9,8,7,7,7,5,6,6,10,12,14,8,9,7,6,6,16,5,5,5,5,5,5,5,5,5,5,5,5,5,5,5,5,5,5,5,5,5,5,5,5,5,5,5,5,5,5,5,5,5,5,5,5,5,5,5,5,5,5,5,5,5,5,5,5,5,5,5,5,5,5,5,5,5,5,5,5,5,5,5,5
124,887,879,874,871,857,868,854,855,893,887,872,885,869,863,858,855,908,891,875,880,874,880,869,862,908,890,890,880,880,870,880,859,903,899,884,887,894,889,872,876,900,893,906,895,898,886,873,880,896,907,904,900,905,891,892,907,933,936,903,904,900,900,896,905,8,6,6,5,4,5,5,7,5,5,5,6,6,4,5,6,7,9,6,6,5,5,6,5,7,6,6,5,5,5,6,7,8,6,5,5,8,5,5,6,6,6,6,6,6,5,6,5,7,10,6,6,6,6,7,9,11,12,7,8,6,6,6,12,5,5,5,5,5,5,5,5,5,5,5,5,5,5,5,5,5,5,5,5,5,5,5,5,5,5,5,5,5,5,5,5,5,5,5,5,5,5,5,5,5,5,5,5,5,5,5,5,5,5,5,5,5,5,5,5,5,5,5,5,5,5,5,5
125,898,877,885,874,862,860,854,858,880,883,875,873,864,866,861,844,890,883,888,881,878,871,865,861,886,898,881,878,893,880,859,863,900,891,897,900,894,882,880,868,911,911,913,905,901,894,872,882,928,886,902,888,891,891,891,888,921,917,903,902,891,908,913,863,9,6,7,5,5,6,5,7,6,6,5,5,6,5,5,4,9,9,6,6,5,5,5,6,8,8,7,5,6,5,6,7,9,6,5,6,5,5,6,6,6,7,6,8,7,8,5,7,8,9,7,7,6,5,6,11,8,14,6,10,8,6,8,13,5,5,5,5,5,5,5,5,5,5,5,5,5,5,5,5,5,5,5,5,5,5,5,5,5,5,5,5,5,5,5,5,5,5,5,5,5,5,5,5,5,5,5,5,5,5,5,5,5,5,5,5,5,5,5,5,5,5,5,5,5,5,5,5
126,874,883,869,865,852,861,845,853,879,883,874,869,864,869,860,851,894,902,875,869,868,866,877,871,893,883,896,884,876,876,878,866,900,908,901,896,886,887,871,876,907,893,900,892,894,881,890,881,935,907,907,898,891,894,877,904,930,907,914,916,900,902,914,861,7,5,6,5,5,6,6,6,8,5,5,4,5,5,6,5,9,7,6,5,6,6,6,6,6,5,7,5,6,6,5,9,9,5,5,6,6,5,5,6,7,6,5,6,7,6,8,7,9,8,8,6,7,5,7,11,8,12,7,8,6,7,7,13,5,5,5,5,5,5,5,5,5,5,5,5,5,5,5,5,5,5,5,5,5,5,5,5,5,5,5,5,5,5,5,5,5,5,5,5,5,5,5,5,5,5,5,5,5,5,5,5,5,5,5,5,5,5,5,5,5,5,5,5,5,5,5,5
127,875,887,869,870,858,860,859,855,878,882,864,859,867,869,854,860,890,873,886,886,885,877,873,860,891,887,886,889,877,876,863,866,921,894,887,888,896,882,870,866,911,893,913,903,896,891,890,873,906,923,910,915,895,894,899,888,922,898,909,913,895,888,903,899,6,6,5,7,5,6,6,7,7,5,5,5,5,5,5,5,10,8,6,6,4,5,6,6,7,6,5,5,6,5,5,6,8,6,5,6,6,5,5,8,9,6,6,8,7,6,8,7,8,9,7,7,8,9,7,8,10,10,8,8,6,5,8,14,5,5,5,5,5,5,5,5,5,5,5,5,5,5,5,5,5,5,5,5,5,5,5,5,5,5,5,5,5,5,5,5,5,5,5,5,5,5,5,5,5,5,5,5,5,5,5,5,5,5,5,5,5,5,5,5,5,5,5,5,5,5,5,5
128,879,874,875,863,867,859,851,857,884,876,874,880,862,864,863,849,882,888,872,861,875,868,865,860,897,890,879,887,880,867,867,871,908,888,901,893,880,881,877,869,901,903,905,895,890,889,889,870,917,908,904,892,897,893,888,878,916,929,916,908,904,890,904,866,6,6,5,6,4,6,6,5,7,5,5,4,6,4,5,5,8,7,5,6,5,5,5,5,7,5,7,4,6,6,5,7,10,5,5,6,7,5,5,6,8,5,6,6,6,6,7,9,8,8,8,8,7,5,6,12,8,12,5,6,6,5,6,13,5,5,5,5,5,5,5,5,5,5,5,5,5,5,5,5,5,5,5,5,5,5,5,5,5,5,5,5,5,5,5,5,5,5,5,5,5,5,5,5,5,5,5,5,5,5,5,5,5,5,5,5,5,5,5,5,5,5,5,5,5,5,5,5
129,874,875,877,865,861,864,858,865,872,881,872,887,873,871,863,858,892,883,893,880,875,872,864,862,894,886,886,887,882,861,863,859,907,901,893,891,881,887,882,886,895,897,902,904,912,882,893,896,913,919,914,914,891,880,897,885,910,899,912,892,901,906,909,910,7,6,6,7,5,6,5,6,7,6,5,6,5,5,6,5,10,9,6,6,6,5,5,5,7,7,7,4,6,5,7,8,7,6,5,6,8,5,6,8,7,6,7,9,6,7,6,8,8,13,8,8,7,5,7,9,9,14,6,9,6,7,6,13,5,5,5,5,5,5,5,5,5,5,5,5,5,5,5,5,5,5,5,5,5,5,5,5,5,5,5,5,5,5,5,5,5,5,5,5,5,5,5,5,5,5,5,5,5,5,5,5,5,5,5,5,5,5,5,5,5,5,5,5,5,5,5,5
130,878,874,862,859,868,861,849,846,874,880,888,877,876,865,866,856,904,879,883,879,873,871,863,866,888,883,890,888,877,877,879,861,904,897,898,887,888,878,868,870,897,906,896,896,894,879,886,881,911,911,890,892,898,885,890,903,921,914,911,909,899,900,903,923,6,6,5,6,5,5,5,5,6,6,5,5,5,5,6,6,8,8,5,5,4,5,5,5,6,6,5,4,5,6,6,7,8,5,5,6,6,5,5,7,6,6,6,7,6,6,7,7,8,9,7,8,7,6,6,8,12,11,5,9,6,6,7,17,5,5,5,5,5,5,5,5,5,5,5,5,5,5,5,5,5,5,5,5,5,5,5,5,5,5,5,5,5,5,5,5,5,5,5,5,5,5,5,5,5,5,5,5,5,5,5,5,5,5,5,5,5,5,5,5,5,5,5,5,5,5,5,5
131,866,864,878,877,854,872,852,870,872,873,872,869,874,863,858,836,891,898,880,871,872,867,869,868,892,891,899,880,881,862,869,877,914,900,896,893,889,880,870,872,909,903,906,917,890,884,885,869,916,889,912,902,898,888,877,868,916,919,900,895,895,893,899,892,8,6,6,6,5,7,6,10,7,5,5,5,5,5,5,6,8,6,5,7,5,7,6,5,6,6,6,5,5,5,7,5,8,6,6,5,7,5,6,5,6,6,7,6,7,6,8,9,9,8,7,6,6,8,6,10,10,10,7,8,7,6,8,17,5,5,5,5,5,5,5,5,5,5,5,5,5,5,5,5,5,5,5,5,5,5,5,5,5,5,5,5,5,5,5,5,5,5,5,5,5,5,5,5,5,5,5,5,5,5,5,5,5,5,5,5,5,5,5,5,5,5,5,5,5,5,5,5
132,881,878,869,866,868,857,850,842,896,880,880,875,871,866,860,859,894,889,885,872,871,871,871,856,916,883,880,886,878,886,875,867,908,897,899,891,897,893,876,875,908,912,901,895,887,881,896,880,936,894,913,897,903,899,876,877,913,923,912,904,904,897,897,901,7,5,4,6,5,6,5,5,7,5,5,5,5,5,5,5,13,8,5,6,5,6,5,6,8,5,6,5,6,5,7,8,7,6,5,5,6,5,5,6,7,7,6,6,8,6,6,8,13,8,8,8,7,6,6,9,9,14,7,8,7,7,5,17,5,5,5,5,5,5,5,5,5,5,5,5,5,5,5,5,5,5,5,5,5,5,5,5,5,5,5,5,5,5,5,5,5,5,5,5,5,5,5,5,5,5,5,5,5,5,5,5,5,5,5,5,5,5,5,5,5,5,5,5,5,5,5,5
133,888,877,877,875,864,860,870,850,896,878,879,876,861,861,863,843,880,892,880,878,876,874,868,870,898,891,891,889,878,868,876,883,904,898,895,885,889,883,888,872,911,901,906,893,892,882,888,887,915,909,905,903,896,903,898,890,930,894,900,908,893,898,880,896,9,7,6,5,5,6,7,6,8,6,5,5,6,6,5,5,10,7,5,5,6,6,5,6,7,6,8,4,6,6,6,5,9,6,5,6,7,6,6,8,8,6,7,7,8,5,8,7,9,6,7,6,6,6,7,8,10,11,8,8,7,7,6,16,5,5,5,5,5,5,5,5,5,5,5,5,5,5,5,5,5,5,5,5,5,5,5,5,5,5,5,5,5,5,5,5,5,5,5,5,5,5,5,5,5,5,5,5,5,5,5,5,5,5,5,5,5,5,5,5,5,5,5,5,5,5,5,5
134,887,881,868,868,865,860,860,842,884,878,869,869,866,865,858,844,883,894,881,882,873,877,871,859,903,899,890,880,878,876,873,866,893,905,880,896,889,883,887,874,923,888,903,910,881,874,884,875,915,913,924,901,888,897,882,878,917,911,901,926,911,896,902,890,6,6,5,7,4,6,5,5,6,5,4,4,6,5,5,5,8,7,6,5,5,5,4,6,9,5,6,6,5,5,5,7,7,6,5,5,6,6,6,7,7,6,6,8,7,7,6,7,7,7,6,6,7,5,7,10,9,11,5,10,6,5,8,19,5,5,5,5,5,5,5,5,5,5,5,5,5,5,5,5,5,5,5,5,5,5,5,5,5,5,5,5,5,5,5,5,5,5,5,5,5,5,5,5,5,5,5,5,5,5,5,5,5,5,5,5,5,5,5,5,5,5,5,5,5,5,5,5
135,889,874,879,865,866,858,860,873,881,874,888,878,874,866,862,864,884,891,880,875,882,874,865,871,896,884,890,891,878,883,860,856,900,896,895,895,884,877,883,872,893,917,899,897,875,886,892,874,889,917,914,892,888,895,882,905,921,929,905,920,904,888,899,891,7,6,5,7,5,6,7,6,9,5,6,6,6,4,5,6,9,8,6,5,5,5,6,5,7,6,6,5,5,5,5,8,8,7,5,6,6,6,7,6,5,6,6,7,7,6,7,6,9,9,8,8,6,6,7,12,11,12,7,9,8,6,7,20,5,5,5,5,5,5,5,5,5,5,5,5,5,5,5,5,5,5,5,5,5,5,5,5,5,5,5,5,5,5,5,5,5,5,5,5,5,5,5,5,5,5,5,5,5,5,5,5,5,5,5,5,5,5,5,5,5,5,5,5,5,5,5,5
136,883,862,873,875,869,855,856,848,882,874,881,871,884,872,861,854,877,880,885,897,875,871,852,869,893,890,891,884,881,873,892,853,907,894,894,891,888,869,876,872,914,906,898,904,901,885,877,882,906,897,903,890,889,886,888,882,911,923,898,904,896,899,901,912,8,5,5,5,6,5,5,5,8,6,5,5,6,5,5,5,9,7,5,6,5,5,5,4,6,5,6,6,5,5,7,7,8,7,5,5,6,6,5,7,6,7,6,6,7,6,7,8,6,8,7,7,6,7,6,8,8,13,6,11,6,7,7,17,5,5,5,5,5,5,5,5,5,5,5,5,5,5,5,5,5,5,5,5,5,5,5,5,5,5,5,5,5,5,5,5,5,5,5,5,5,5,5,5,5,5,5,5,5,5,5,5,5,5,5,5,5,5,5,5,5,5,5,5,5,5,5,5
137,891,889,879,871,849,878,847,860,881,891,871,875,874,863,857,858,897,880,879,880,874,870,864,859,899,884,893,886,887,880,866,860,911,906,893,896,886,870,878,871,914,905,903,901,898,876,888,873,912,905,918,898,901,897,899,871,918,931,915,904,901,906,889,906,10,6,5,6,5,5,5,5,8,6,5,5,6,4,5,5,8,9,6,7,5,6,5,7,9,6,5,5,6,5,6,7,7,6,5,7,6,6,5,7,6,7,7,7,7,6,7,7,8,9,10,7,6,6,8,9,7,12,6,11,8,9,7,11,5,5,5,5,5,5,5,5,5,5,5,5,5,5,5,5,5,5,5,5,5,5,5,5,5,5,5,5,5,5,5,5,5,5,5,5,5,5,5,5,5,5,5,5,5,5,5,5,5,5,5,5,5,5,5,5,5,5,5,5,5,5,5,5
138,874,882,870,865,863,855,861,855,889,890,874,874,881,860,861,853,888,892,880,879,873,861,867,856,899,882,894,881,878,878,872,866,899,898,894,886,883,880,878,868,909,889,901,902,890,886,884,876,918,922,893,906,887,889,895,877,927,911,903,910,884,905,893,905,7,7,5,6,5,6,6,6,5,7,5,5,5,5,4,5,8,7,5,6,5,5,5,6,8,6,5,5,5,5,5,7,9,5,5,5,7,5,6,6,8,5,6,8,7,5,7,6,7,8,6,8,6,6,7,9,10,12,5,8,7,8,7,24,5,5,5,5,5,5,5,5,5,5,5,5,5,5,5,5,5,5,5,5,5,5,5,5,5,5,5,5,5,5,5,5,5,5,5,5,5,5,5,5,5,5,5,5,5,5,5,5,5,5,5,5,5,5,5,5,5,5,5,5,5,5,5,5
139,884,874,885,879,858,848,855,846,882,870,866,873,889,868,866,862,894,898,884,882,882,874,865,862,900,884,880,880,886,871,876,866,910,903,895,884,884,886,874,889,907,911,891,890,895,903,889,880,908,901,892,899,890,896,893,880,942,901,901,925,913,900,912,884,8,7,5,6,5,5,5,8,7,6,5,5,6,5,6,5,8,7,6,5,5,5,4,7,7,5,7,5,7,6,5,7,9,7,5,6,7,6,5,6,7,6,5,7,7,7,8,7,7,11,10,10,7,6,8,9,7,10,8,8,8,7,7,12,5,5,5,5,5,5,5,5,5,5,5,5,5,5,5,5,5,5,5,5,5,5,5,5,5,5,5,5,5,5,5,5,5,5,5,5,5,5,5,5,5,5,5,5,5,5,5,5,5,5,5,5,5,5,5,5,5,5,5,5,5,5,5,5
140,882,880,867,863,863,861,865,854,893,882,879,879,869,869,857,846,891,882,883,886,874,862,877,863,910,881,891,871,882,870,867,863,898,903,891,889,886,882,873,878,921,887,911,896,884,880,888,874,915,901,900,900,901,903,905,884,917,929,901,930,905,893,917,886,7,7,5,6,4,6,5,6,7,6,5,5,6,4,4,6,9,8,5,6,5,5,5,6,6,5,5,5,5,5,6,7,8,7,5,4,6,5,5,7,7,6,7,6,6,6,7,6,7,9,7,6,8,6,5,9,7,7,6,9,7,7,8,14,5,5,5,5,5,5,5,5,5,5,5,5,5,5,5,5,5,5,5,5,5,5,5,5,5,5,5,5,5,5,5,5,5,5,5,5,5,5,5,5,5,5,5,5,5,5,5,5,5,5,5,5,5,5,5,5,5,5,5,5,5,5,5,5
141,870,879,871,873,863,864,862,853,893,870,879,876,867,854,866,851,883,885,870,884,873,868,865,858,896,896,885,893,872,884,863,863,904,892,898,894,880,886,867,863,904,908,896,905,886,885,883,882,913,931,901,895,898,885,893,891,908,904,899,891,899,898,895,900,7,7,5,6,6,5,5,7,6,7,5,6,5,6,5,6,8,9,7,7,5,5,5,6,8,7,6,8,5,6,6,7,9,5,5,6,7,6,5,6,6,6,7,6,7,5,7,7,11,11,7,8,8,5,6,9,10,13,7,9,7,7,10,13,5,5,5,5,5,5,5,5,5,5,5,5,5,5,5,5,5,5,5,5,5,5,5,5,5,5,5,5,5,5,5,5,5,5,5,5,5,5,5,5,5,5,5,5,5,5,5,5,5,5,5,5,5,5,5,5,5,5,5,5,5,5,5,5
142,887,865,870,869,870,853,857,845,872,883,873,872,860,862,858,860,884,895,897,878,870,866,868,864,887,898,890,895,871,880,876,862,896,900,888,891,890,891,869,876,911,913,910,883,897,886,891,881,911,907,911,906,891,900,894,865,936,910,913,909,904,888,889,888,7,6,5,6,5,6,5,6,7,5,5,5,4,5,5,4,7,9,6,6,5,5,4,5,6,5,5,5,5,5,6,6,7,5,4,5,6,5,5,5,7,7,6,6,6,7,6,6,7,8,7,7,7,5,7,9,6,11,8,10,7,5,8,14,5,5,5,5,5,5,5,5,5,5,5,5,5,5,5,5,5,5,5,5,5,5,5,5,5,5,5,5,5,5,5,5,5,5,5,5,5,5,5,5,5,5,5,5,5,5,5,5,5,5,5,5,5,5,5,5,5,5,5,5,5,5,5,5
143,879,880,864,867,871,860,855,858,879,889,873,872,866,866,872,860,897,881,888,884,880,868,870,860,904,889,890,872,878,872,877,877,902,887,900,888,893,872,889,877,908,899,902,909,899,886,885,887,911,900,905,898,899,883,890,884,909,904,919,911,914,907,906,897,7,6,5,7,4,6,7,7,8,7,5,5,6,6,6,5,7,8,6,5,5,5,5,5,7,6,6,5,6,5,6,7,8,5,5,6,6,7,7,5,7,5,6,9,7,6,8,7,8,9,8,6,7,7,8,8,8,19,7,10,8,9,7,14,5,5,5,5,5,5,5,5,5,5,5,5,5,5,5,5,5,5,5,5,5,5,5,5,5,5,5,5,5,5,5,5,5,5,5,5,5,5,5,5,5,5,5,5,5,5,5,5,5,5,5,5,5,5,5,5,5,5,5,5,5,5,5,5
144,891,867,860,874,864,859,872,850,892,890,875,872,871,872,860,848,885,903,883,885,872,881,862,862,893,889,888,883,877,877,863,860,874,898,896,895,888,889,878,871,901,909,902,893,894,895,881,872,902,915,894,903,897,880,893,875,915,897,904,922,906,897,908,867,7,5,5,5,4,6,6,5,7,5,5,5,5,5,5,6,7,7,5,6,5,5,5,5,6,6,5,5,5,5,6,6,8,6,5,6,6,5,6,8,7,7,6,7,6,5,6,6,6,7,7,6,7,6,6,9,9,10,7,9,7,6,7,17,5,5,5,5,5,5,5,5,5,5,5,5,5,5,5,5,5,5,5,5,5,5,5,5,5,5,5,5,5,5,5,5,5,5,5,5,5,5,5,5,5,5,5,5,5,5,5,5,5,5,5,5,5,5,5,5,5,5,5,5,5,5,5,5
145,885,868,867,874,861,862,849,857,879,874,865,869,878,860,864,845,887,890,874,883,871,875,866,870,906,900,880,878,873,880,878,862,903,892,885,893,897,885,882,885,919,906,898,902,892,881,881,891,902,895,913,911,902,891,896,894,925,921,902,921,905,900,908,894,7,6,5,6,5,6,6,6,6,5,5,4,5,6,6,6,7,7,5,6,6,5,5,5,6,5,7,5,5,5,7,7,10,6,5,5,6,5,6,6,6,8,7,7,7,6,9,8,9,8,9,8,8,5,6,9,10,14,7,9,7,8,8,16,5,5,5,5,5,5,5,5,5,5,5,5,5,5,5,5,5,5,5,5,5,5,5,5,5,5,5,5,5,5,5,5,5,5,5,5,5,5,5,5,5,5,5,5,5,5,5,5,5,5,5,5,5,5,5,5,5,5,5,5,5,5,5,5
146,874,878,871,863,867,860,851,861,886,874,882,877,879,869,866,864,895,886,872,883,875,864,860,857,890,908,885,890,876,871,880,863,908,900,891,882,879,891,883,858,900,903,901,892,898,890,885,877,919,916,908,897,889,893,898,890,934,897,897,924,897,886,905,903,6,7,4,6,5,6,6,6,6,5,6,5,6,4,6,5,9,7,7,5,5,6,4,5,6,6,6,4,6,5,5,6,9,6,5,6,6,5,6,6,6,6,7,7,7,6,6,6,8,8,9,9,6,6,6,9,9,10,6,8,6,6,7,10,5,5,5,5,5,5,5,5,5,5,5,5,5,5,5,5,5,5,5,5,5,5,5,5,5,5,5,5,5,5,5,5,5,5,5,5,5,5,5,5,5,5,5,5,5,5,5,5,5,5,5,5,5,5,5,5,5,5,5,5,5,5,5,5
147,871,875,858,865,860,853,860,848,890,878,875,866,871,863,866,857,884,891,884,895,873,870,870,863,889,891,879,892,881,878,872,860,888,899,894,893,884,881,886,872,919,902,899,896,908,881,887,893,918,904,895,888,901,890,883,890,921,913,916,894,885,884,912,914,6,6,5,7,5,6,5,7,7,6,5,5,6,5,6,5,9,7,6,7,4,5,6,4,6,7,8,6,5,5,6,7,8,6,5,6,7,7,6,5,6,7,7,7,9,6,8,10,8,8,9,7,6,7,7,11,10,14,6,8,7,5,8,11,5,5,5,5,5,5,5,5,5,5,5,5,5,5,5,5,5,5,5,5,5,5,5,5,5,5,5,5,5,5,5,5,5,5,5,5,5,5,5,5,5,5,5,5,5,5,5,5,5,5,5,5,5,5,5,5,5,5,5,5,5,5,5,5
148,870,879,879,868,862,854,857,855,883,873,877,871,879,860,860,856,900,883,877,878,887,858,857,864,905,896,890,883,878,872,875,859,902,895,888,886,884,873,874,875,904,892,904,889,893,889,899,890,903,902,907,907,897,896,900,890,921,904,894,907,898,897,900,888,6,6,5,5,4,6,6,8,8,6,5,5,5,4,5,5,9,6,5,5,5,5,5,5,8,7,5,5,6,5,6,6,8,6,5,5,6,6,6,5,6,6,7,6,7,6,7,7,7,8,8,7,7,6,7,9,9,10,6,9,6,6,7,17,5,5,5,5,5,5,5,5,5,5,5,5,5,5,5,5,5,5,5,5,5,5,5,5,5,5,5,5,5,5,5,5,5,5,5,5,5,5,5,5,5,5,5,5,5,5,5,5,5,5,5,5,5,5,5,5,5,5,5,5,5,5,5,5
149,867,885,869,865,862,862,858,848,875,879,869,873,874,864,859,867,893,882,882,867,877,860,865,864,890,895,891,884,887,874,877,874,912,899,891,884,894,880,871,892,908,884,905,888,903,887,867,880,909,888,925,898,892,895,890,890,921,912,919,901,907,902,910,882,7,7,6,6,5,5,5,5,7,5,4,5,6,5,5,6,10,6,6,6,6,5,6,5,7,7,5,4,7,5,7,8,8,6,4,6,5,6,5,6,7,6,6,6,7,6,6,8,9,8,11,7,6,6,8,11,10,13,6,8,8,8,8,14,5,5,5,5,5,5,5,5,5,5,5,5,5,5,5,5,5,5,5,5,5,5,5,5,5,5,5,5,5,5,5,5,5,5,5,5,5,5,5,5,5,5,5,5,5,5,5,5,5,5,5,5,5,5,5,5,5,5,5,5,5,5,5,5
150,883,877,879,864,855,855,865,855,887,887,865,871,860,870,857,854,894,885,875,887,871,869,859,853,886,890,889,883,890,872,874,866,905,899,889,901,894,878,879,874,884,912,892,886,891,885,876,880,904,905,914,902,882,888,886,901,922,911,910,911,904,887,909,880,7,6,5,7,5,6,5,7,6,5,5,4,5,5,5,5,10,6,6,6,6,5,5,6,5,5,5,5,6,5,5,6,9,6,5,6,5,6,5,7,7,6,6,6,7,5,7,6,7,8,8,6,6,6,6,7,8,11,5,7,8,7,7,19,5,5,5,5,5,5,5,5,5,5,5,5,5,5,5,5,5,5,5,5,5,5,5,5,5,5,5,5,5,5,5,5,5,5,5,5,5,5,5,5,5,5,5,5,5,5,5,5,5,5,5,5,5,5,5,5,5,5,5,5,5,5,5,5
151,874,875,869,859,864,850,853,851,883,879,873,871,860,868,863,870,883,885,875,878,878,860,865,862,890,888,887,875,883,882,871,863,900,900,888,899,875,880,874,884,920,912,895,903,907,889,891,891,923,913,909,903,895,894,884,891,941,923,903,926,893,894,902,897,6,8,5,7,6,5,6,6,6,5,5,5,6,5,6,6,10,9,7,5,6,6,5,5,7,5,6,5,6,5,6,7,9,7,4,5,7,7,5,5,5,7,7,7,9,6,9,7,10,9,8,8,7,7,6,8,8,10,7,9,6,8,7,16,5,5,5,5,5,5,5,5,5,5,5,5,5,5,5,5,5,5,5,5,5,5,5,5,5,5,5,5,5,5,5,5,5,5,5,5,5,5,5,5,5,5,5,5,5,5,5,5,5,5,5,5,5,5,5,5,5,5,5,5,5,5,5,5
152,880,883,871,854,868,856,855,848,889,882,884,869,873,873,857,861,885,874,886,874,874,861,867,858,895,884,886,884,878,886,867,858,907,890,893,893,892,881,877,870,895,900,899,913,883,896,882,864,915,912,907,901,902,903,893,882,901,909,916,891,903,900,902,895,5,8,5,6,5,5,4,5,6,6,5,5,4,5,5,5,7,8,5,7,5,5,5,5,8,5,5,6,5,5,5,8,9,5,5,7,7,5,5,6,7,6,5,7,8,5,6,7,10,8,7,7,5,6,6,9,8,11,6,8,6,7,7,18,5,5,5,5,5,5,5,5,5,5,5,5,5,5,5,5,5,5,5,5,5,5,5,5,5,5,5,5,5,5,5,5,5,5,5,5,5,5,5,5,5,5,5,5,5,5,5,5,5,5,5,5,5,5,5,5,5,5,5,5,5,5,5,5
153,877,872,861,863,863,865,865,838,883,886,880,869,879,870,860,865,898,886,877,876,878,871,872,870,897,900,904,890,879,875,873,872,898,894,892,896,876,889,878,875,905,895,897,891,888,886,881,881,898,914,898,894,883,898,894,885,912,912,914,885,923,908,882,912,7,6,5,7,5,5,6,6,6,5,5,5,6,5,5,5,9,9,6,7,4,5,6,7,8,5,7,6,5,6,6,7,8,6,5,7,6,5,5,6,6,6,7,7,8,6,7,7,9,13,6,7,5,6,7,8,9,13,5,9,8,8,6,23,5,5,5,5,5,5,5,5,5,5,5,5,5,5,5,5,5,5,5,5,5,5,5,5,5,5,5,5,5,5,5,5,5,5,5,5,5,5,5,5,5,5,5,5,5,5,5,5,5,5,5,5,5,5,5,5,5,5,5,5,5,5,5,5
154,866,883,881,878,871,859,862,848,877,884,875,869,878,866,861,854,875,898,887,883,880,861,865,864,901,892,890,884,881,881,870,877,902,902,889,890,889,897,877,874,894,906,907,897,872,893,875,889,915,893,904,890,890,891,883,886,924,932,914,915,904,895,899,895,8,7,5,5,5,5,5,6,7,5,5,5,5,5,5,5,8,7,6,6,6,6,5,5,6,7,6,6,5,5,5,7,9,5,5,6,5,6,6,5,5,6,5,6,7,6,5,7,8,8,7,7,6,5,7,10,8,11,5,8,7,5,7,21,5,5,5,5,5,5,5,5,5,5,5,5,5,5,5,5,5,5,5,5,5,5,5,5,5,5,5,5,5,5,5,5,5,5,5,5,5,5,5,5,5,5,5,5,5,5,5,5,5,5,5,5,5,5,5,5,5,5,5,5,5,5,5,5
155,895,884,869,875,857,853,851,845,890,874,869,870,871,865,858,862,885,897,882,873,874,868,877,852,896,896,890,874,881,872,852,873,913,898,899,897,886,879,884,879,910,905,904,895,900,897,889,872,918,904,908,915,912,883,893,905,908,934,916,927,896,895,895,882,7,7,5,5,4,5,7,5,7,6,5,5,6,5,4,6,9,9,6,7,6,7,7,5,7,7,6,5,6,5,6,7,11,6,5,6,6,6,6,8,8,6,7,7,9,6,8,7,9,14,7,7,7,6,7,7,8,12,6,9,10,7,6,17,5,5,5,5,5,5,5,5,5,5,5,5,5,5,5,5,5,5,5,5,5,5,5,5,5,5,5,5,5,5,5,5,5,5,5,5,5,5,5,5,5,5,5,5,5,5,5,5,5,5,5,5,5,5,5,5,5,5,5,5,5,5,5,5
156,896,872,874,878,854,860,858,852,887,881,878,868,868,863,868,858,888,877,880,871,875,876,864,851,893,892,886,882,885,877,873,868,909,890,891,898,893,876,873,885,895,910,900,901,887,887,890,880,893,902,923,895,895,884,882,874,931,912,899,898,901,902,901,892,7,6,4,8,4,5,5,7,7,5,6,5,5,4,5,5,9,7,5,6,4,5,5,5,7,6,6,5,6,4,6,8,9,5,5,6,6,6,5,5,6,6,6,7,6,5,7,6,9,10,9,7,8,5,6,9,9,10,7,9,7,7,6,16,5,5,5,5,5,5,5,5,5,5,5,5,5,5,5,5,5,5,5,5,5,5,5,5,5,5,5,5,5,5,5,5,5,5,5,5,5,5,5,5,5,5,5,5,5,5,5,5,5,5,5,5,5,5,5,5,5,5,5,5,5,5,5,5
157,875,877,875,865,861,848,864,856,884,882,875,872,868,857,860,855,883,882,885,876,873,867,869,865,906,890,891,890,882,867,877,864,882,902,901,891,897,889,885,870,910,909,899,891,885,883,887,882,914,906,902,906,896,897,890,881,917,921,897,894,887,893,901,858,7,8,5,7,5,6,5,8,6,6,5,5,6,6,6,6,9,8,5,5,6,6,6,6,10,6,7,5,6,5,7,7,8,7,5,5,8,6,6,7,7,7,6,7,6,6,6,7,9,8,6,8,7,6,7,14,9,13,6,8,6,7,9,18,5,5,5,5,5,5,5,5,5,5,5,5,5,5,5,5,5,5,5,5,5,5,5,5,5,5,5,5,5,5,5,5,5,5,5,5,5,5,5,5,5,5,5,5,5,5,5,5,5,5,5,5,5,5,5,5,5,5,5,5,5,5,5,5
158,878,880,879,861,864,848,866,854,873,869,876,881,868,865,861,857,881,890,883,870,879,864,864,859,881,896,892,890,884,885,876,862,895,903,890,890,880,875,874,870,900,911,896,893,896,881,883,886,898,899,892,895,895,890,894,876,932,930,921,893,902,903,901,903,5,7,5,6,5,5,5,7,7,6,5,5,5,4,5,6,12,9,6,7,6,7,5,5,7,5,6,6,5,5,6,7,7,5,5,5,6,5,6,5,6,7,6,6,7,5,6,6,7,10,10,7,6,5,6,9,10,12,6,10,8,8,8,15,5,5,5,5,5,5,5,5,5,5,5,5,5,5,5,5,5,5,5,5,5,5,5,5,5,5,5,5,5,5,5,5,5,5,5,5,5,5,5,5,5,5,5,5,5,5,5,5,5,5,5,5,5,5,5,5,5,5,5,5,5,5,5,5
159,888,872,874,867,863,850,851,856,882,876,888,874,879,860,853,857,886,894,877,888,863,869,863,874,896,888,890,877,868,885,867,865,901,905,890,881,881,882,879,876,919,896,897,905,897,882,882,884,906,886,896,892,884,901,878,879,956,927,913,907,906,884,899,886,9,7,5,8,4,6,6,7,8,5,6,5,5,5,4,5,8,7,5,6,5,5,5,6,8,6,7,6,5,7,6,7,8,5,6,6,6,6,5,8,6,8,7,8,8,6,7,7,10,12,7,10,6,6,5,8,13,10,7,11,8,6,7,14,5,5,5,5,5,5,5,5,5,5,5,5,5,5,5,5,5,5,5,5,5,5,5,5,5,5,5,5,5,5,5,5,5,5,5,5,5,5,5,5,5,5,5,5,5,5,5,5,5,5,5,5,5,5,5,5,5,5,5,5,5,5,5,5
160,880,876,885,864,869,862,852,860,877,893,878,871,867,862,862,861,901,887,883,889,874,879,871,865,897,895,884,877,871,871,869,878,905,897,887,899,881,879,880,866,920,894,914,904,884,878,897,875,906,909,898,890,880,894,888,868,938,891,916,904,920,889,900,902,6,7,5,6,5,6,5,7,7,5,5,4,5,4,5,5,8,7,6,6,5,5,6,6,7,5,5,5,5,5,5,5,8,5,5,6,7,5,6,7,7,6,5,6,7,5,6,7,7,7,7,6,6,5,6,9,10,9,7,11,7,6,6,18,5,5,5,5,5,5,5,5,5,5,5,5,5,5,5,5,5,5,5,5,5,5,5,5,5,5,5,5,5,5,5,5,5,5,5,5,5,5,5,5,5,5,5,5,5,5,5,5,5,5,5,5,5,5,5,5,5,5,5,5,5,5,5,5
161,882,870,877,871,878,854,859,861,891,871,874,869,876,864,855,856,890,885,879,888,872,865,876,867,908,898,887,891,887,877,860,864,906,891,888,889,884,882,880,877,916,908,899,896,893,885,875,873,905,940,917,896,904,897,893,875,927,914,916,913,900,887,890,875,8,6,5,8,6,5,4,7,8,6,5,5,6,5,5,5,9,6,6,6,5,6,6,6,9,5,5,5,6,7,7,7,9,6,5,5,6,6,6,7,6,7,6,7,8,6,6,7,7,11,8,7,6,6,9,11,11,11,5,8,7,7,5,29,5,5,5,5,5,5,5,5,5,5,5,5,5,5,5,5,5,5,5,5,5,5,5,5,5,5,5,5,5,5,5,5,5,5,5,5,5,5,5,5,5,5,5,5,5,5,5,5,5,5,5,5,5,5,5,5,5,5,5,5,5,5,5,5
162,875,881,869,863,864,859,853,858,880,880,883,870,875,859,863,857,904,884,889,882,868,868,870,851,893,876,893,885,877,879,873,860,901,893,902,889,895,887,876,869,921,902,905,902,883,882,899,882,914,903,911,905,909,901,900,876,910,938,899,905,899,883,902,884,7,5,5,6,5,5,5,7,7,5,6,5,5,4,5,5,9,8,5,6,5,5,6,5,7,5,6,5,6,5,6,6,8,5,5,5,7,6,5,6,7,5,5,7,8,7,7,8,8,7,7,6,6,6,7,8,9,11,5,9,6,7,5,14,5,5,5,5,5,5,5,5,5,5,5,5,5,5,5,5,5,5,5,5,5,5,5,5,5,5,5,5,5,5,5,5,5,5,5,5,5,5,5,5,5,5,5,5,5,5,5,5,5,5,5,5,5,5,5,5,5,5,5,5,5,5,5,5
163,872,867,874,870,869,862,861,845,886,882,884,878,889,853,863,860,886,895,886,865,879,875,869,852,903,889,899,879,877,885,863,867,884,908,902,895,883,892,892,883,915,894,898,897,894,885,885,880,911,906,901,910,900,885,886,885,926,916,910,891,894,901,906,904,7,5,6,6,6,6,6,6,6,5,5,5,6,6,6,6,8,7,5,6,5,5,5,6,9,5,6,5,6,6,7,8,8,6,5,6,6,5,5,6,8,7,6,7,8,7,8,7,9,10,8,7,7,7,8,9,10,13,6,8,8,6,6,15,5,5,5,5,5,5,5,5,5,5,5,5,5,5,5,5,5,5,5,5,5,5,5,5,5,5,5,5,5,5,5,5,5,5,5,5,5,5,5,5,5,5,5,5,5,5,5,5,5,5,5,5,5,5,5,5,5,5,5,5,5,5,5,5
164,878,871,876,870,862,862,861,855,889,872,876,876,870,860,858,863,892,892,872,868,873,863,859,857,892,877,883,881,879,874,867,872,900,894,903,890,890,869,876,870,911,895,905,897,885,900,880,873,910,922,908,911,908,897,897,885,931,905,912,912,911,895,899,892,7,7,5,5,5,4,6,6,7,6,5,5,6,4,5,7,9,7,6,6,5,6,4,6,7,5,6,6,6,5,5,8,8,6,6,5,7,5,5,6,7,5,8,6,7,6,6,6,7,8,8,8,7,6,6,8,10,10,7,7,8,7,6,12,5,5,5,5,5,5,5,5,5,5,5,5,5,5,5,5,5,5,5,5,5,5,5,5,5,5,5,5,5,5,5,5,5,5,5,5,5,5,5,5,5,5,5,5,5,5,5,5,5,5,5,5,5,5,5,5,5,5,5,5,5,5,5,5
165,893,879,875,865,861,864,857,867,881,887,869,874,868,859,867,862,899,888,870,879,866,861,865,863,914,899,896,880,891,880,876,859,897,900,894,892,879,886,879,879,912,891,895,897,899,889,890,887,920,907,912,897,890,891,890,891,920,908,906,922,903,895,902,899,7,6,5,7,5,5,6,6,8,6,5,5,6,5,6,5,9,7,6,6,5,5,5,5,7,6,6,5,7,6,6,7,8,7,5,5,5,5,5,6,9,6,6,7,7,6,7,7,8,12,10,5,7,7,8,8,7,11,6,12,7,6,6,24,5,5,5,5,5,5,5,5,5,5,5,5,5,5,5,5,5,5,5,5,5,5,5,5,5,5,5,5,5,5,5,5,5,5,5,5,5,5,5,5,5,5,5,5,5,5,5,5,5,5,5,5,5,5,5,5,5,5,5,5,5,5,5,5
166,880,873,873,870,861,857,857,846,897,884,880,875,872,861,855,862,898,881,875,891,865,871,860,862,902,893,874,890,874,883,876,873,892,894,895,890,883,888,885,864,905,904,895,884,890,898,891,875,909,903,900,898,890,881,900,878,932,906,911,903,904,885,895,889,8,7,4,7,5,6,4,5,7,5,5,5,4,4,5,5,7,8,5,6,5,5,6,7,8,6,7,4,5,5,6,8,8,6,5,5,6,6,6,6,6,5,6,6,7,7,7,5,7,8,7,5,6,6,7,8,11,10,6,8,7,6,6,17,5,5,5,5,5,5,5,5,5,5,5,5,5,5,5,5,5,5,5,5,5,5,5,5,5,5,5,5,5,5,5,5,5,5,5,5,5,5,5,5,5,5,5,5,5,5,5,5,5,5,5,5,5,5,5,5,5,5,5,5,5,5,5,5
167,872,873,872,864,860,866,860,844,875,886,878,871,865,860,866,863,867,900,883,872,874,876,880,862,894,895,883,895,880,885,864,873,894,904,889,895,890,884,873,876,923,898,900,905,880,905,872,873,927,893,899,900,898,899,889,880,920,899,911,910,897,896,900,894,8,6,6,7,4,6,4,6,7,6,5,5,5,5,6,5,9,7,6,7,5,5,6,5,7,7,7,5,5,5,6,7,7,7,5,6,6,7,6,6,7,7,7,8,8,6,6,9,6,10,7,6,7,6,8,10,10,9,6,7,6,6,10,17,5,5,5,5,5,5,5,5,5,5,5,5,5,5,5,5,5,5,5,5,5,5,5,5,5,5,5,5,5,5,5,5,5,5,5,5,5,5,5,5,5,5,5,5,5,5,5,5,5,5,5,5,5,5,5,5,5,5,5,5,5,5,5,5
168,878,892,873,862,859,853,859,841,877,882,872,876,869,863,856,859,887,875,884,866,873,867,871,861,895,890,889,877,880,882,862,877,909,904,895,894,893,888,886,868,909,895,912,903,896,884,887,890,919,906,897,888,903,895,892,882,900,920,915,914,899,902,901,880,7,5,6,6,5,6,5,6,7,5,4,4,4,4,5,5,9,6,6,6,5,5,5,7,7,6,6,5,6,5,7,6,9,7,5,6,6,5,6,6,7,7,6,7,7,5,8,6,7,8,7,6,5,6,6,9,9,12,5,7,6,7,7,11,5,5,5,5,5,5,5,5,5,5,5,5,5,5,5,5,5,5,5,5,5,5,5,5,5,5,5,5,5,5,5,5,5,5,5,5,5,5,5,5,5,5,5,5,5,5,5,5,5,5,5,5,5,5,5,5,5,5,5,5,5,5,5,5
169,873,880,880,869,862,849,844,849,893,881,871,881,864,874,853,850,883,896,888,875,871,863,861,862,904,897,880,883,879,879,876,869,913,902,897,896,884,886,887,883,908,901,905,905,901,879,886,885,924,900,886,903,894,893,903,876,919,912,909,911,913,908,886,896,7,6,6,6,4,6,5,6,6,7,5,5,6,5,5,4,9,8,6,7,6,5,6,6,8,7,7,5,5,4,6,10,8,5,6,6,6,5,6,6,6,6,5,6,7,6,7,8,8,10,7,7,7,8,7,8,9,11,7,12,8,6,7,19,5,5,5,5,5,5,5,5,5,5,5,5,5,5,5,5,5,5,5,5,5,5,5,5,5,5,5,5,5,5,5,5,5,5,5,5,5,5,5,5,5,5,5,5,5,5,5,5,5,5,5,5,5,5,5,5,5,5,5,5,5,5,5,5
170,888,883,876,879,872,857,851,857,882,868,878,869,862,865,864,863,891,870,873,875,869,866,875,872,895,889,888,889,884,877,879,849,911,900,891,888,886,888,880,885,916,900,889,893,895,901,883,883,907,893,916,909,897,886,901,871,933,934,909,899,906,889,882,888,6,5,5,5,6,6,5,5,7,6,5,5,6,4,6,5,9,7,5,6,5,6,5,6,6,5,6,5,6,5,6,8,6,5,5,5,7,6,5,5,6,5,5,6,7,5,7,8,7,10,7,7,6,6,7,9,8,12,6,9,9,6,7,9,5,5,5,5,5,5,5,5,5,5,5,5,5,5,5,5,5,5,5,5,5,5,5,5,5,5,5,5,5,5,5,5,5,5,5,5,5,5,5,5,5,5,5,5,5,5,5,5,5,5,5,5,5,5,5,5,5,5,5,5,5,5,5,5
171,880,887,858,862,872,858,851,843,889,873,878,861,865,860,859,859,902,882,879,881,866,861,878,864,892,882,891,883,887,867,877,869,911,891,901,886,886,880,881,877,925,906,897,899,879,889,878,863,918,917,914,907,893,887,887,889,929,919,895,918,902,905,905,867,6,5,5,7,6,6,6,5,6,6,6,6,6,5,6,5,12,8,5,6,5,6,5,7,7,5,7,5,7,5,6,9,11,6,6,6,6,6,6,6,8,6,6,8,7,7,8,8,9,10,8,7,7,6,7,9,8,16,5,8,7,7,7,13,5,5,5,5,5,5,5,5,5,5,5,5,5,5,5,5,5,5,5,5,5,5,5,5,5,5,5,5,5,5,5,5,5,5,5,5,5,5,5,5,5,5,5,5,5,5,5,5,5,5,5,5,5,5,5,5,5,5,5,5,5,5,5,5
172,878,877,877,866,864,864,860,859,877,880,880,874,867,869,868,864,881,879,876,874,876,866,868,866,905,889,882,882,880,868,873,854,908,897,890,881,885,885,875,888,900,909,897,902,895,887,885,878,928,904,899,896,892,882,893,861,924,922,901,907,890,894,904,874,6,6,5,7,5,6,5,6,7,5,6,5,6,5,5,4,8,6,5,6,6,6,6,4,7,6,5,6,6,6,5,6,6,6,5,6,5,5,5,6,8,5,6,7,7,5,7,6,6,9,7,7,6,6,6,8,9,14,6,10,7,6,8,14,5,5,5,5,5,5,5,5,5,5,5,5,5,5,5,5,5,5,5,5,5,5,5,5,5,5,5,5,5,5,5,5,5,5,5,5,5,5,5,5,5,5,5,5,5,5,5,5,5,5,5,5,5,5,5,5,5,5,5,5,5,5,5,5
173,869,884,872,869,867,868,851,844,901,882,867,871,875,870,865,859,896,883,882,886,872,861,865,877,901,893,887,880,885,878,866,863,893,903,897,889,875,888,881,881,912,916,902,901,897,899,883,880,908,901,907,905,896,892,898,869,933,925,911,901,901,893,886,898,6,7,5,5,5,5,5,6,8,6,5,5,6,5,6,6,8,8,5,6,5,5,5,5,8,6,6,6,7,4,6,7,6,5,6,5,5,6,5,7,7,8,6,8,8,7,7,6,7,10,6,7,7,6,7,10,8,12,6,10,6,6,8,18,5,5,5,5,5,5,5,5,5,5,5,5,5,5,5,5,5,5,5,5,5,5,5,5,5,5,5,5,5,5,5,5,5,5,5,5,5,5,5,5,5,5,5,5,5,5,5,5,5,5,5,5,5,5,5,5,5,5,5,5,5,5,5,5
174,878,870,867,868,868,864,858,850,883,886,878,883,877,860,864,860,905,876,885,877,872,864,859,864,896,881,898,882,878,878,872,862,889,909,895,892,886,888,882,874,910,892,896,895,889,880,893,887,920,909,917,894,904,912,904,874,921,906,915,914,888,899,898,873,7,6,4,6,5,6,6,6,8,5,5,6,5,6,6,4,8,7,5,6,5,6,5,5,8,5,6,6,5,6,6,7,7,5,5,5,7,5,5,6,7,6,6,7,8,6,7,8,7,7,9,6,6,6,7,8,7,9,7,7,7,6,9,14,5,5,5,5,5,5,5,5,5,5,5,5,5,5,5,5,5,5,5,5,5,5,5,5,5,5,5,5,5,5,5,5,5,5,5,5,5,5,5,5,5,5,5,5,5,5,5,5,5,5,5,5,5,5,5,5,5,5,5,5,5,5,5,5
175,878,883,875,866,868,870,854,859,895,873,872,880,878,867,870,855,900,893,894,888,880,871,855,871,894,887,884,885,877,876,873,862,911,898,889,893,889,889,874,866,906,905,885,894,889,890,879,884,908,911,905,896,896,889,891,893,924,938,909,912,900,901,902,876,8,8,6,6,5,5,5,7,6,7,5,5,5,5,4,5,10,6,6,6,7,5,5,5,8,6,7,5,6,5,6,7,11,7,5,6,6,5,5,6,7,6,5,6,8,5,7,6,7,8,8,6,6,5,7,10,9,16,9,9,8,6,7,19,5,5,5,5,5,5,5,5,5,5,5,5,5,5,5,5,5,5,5,5,5,5,5,5,5,5,5,5,5,5,5,5,5,5,5,5,5,5,5,5,5,5,5,5,5,5,5,5,5,5,5,5,5,5,5,5,5,5,5,5,5,5,5,5
176,874,865,886,866,871,849,860,855,884,879,873,869,865,864,865,854,890,897,882,869,871,870,862,870,891,891,890,888,887,877,874,863,908,891,893,882,891,884,880,871,910,918,901,901,890,891,874,878,919,924,907,893,892,891,888,904,916,910,898,908,905,887,897,890,7,5,6,6,5,5,4,6,8,5,5,4,5,5,5,6,8,7,6,7,5,5,5,5,6,6,6,5,6,5,6,8,8,5,5,6,5,5,5,6,7,6,6,7,7,6,5,5,8,7,8,7,6,7,8,9,12,10,7,9,7,6,8,16,5,5,5,5,5,5,5,5,5,5,5,5,5,5,5,5,5,5,5,5,5,5,5,5,5,5,5,5,5,5,5,5,5,5,5,5,5,5,5,5,5,5,5,5,5,5,5,5,5,5,5,5,5,5,5,5,5,5,5,5,5,5,5,5
177,892,873,871,861,856,854,858,847,871,882,859,868,862,868,868,852,895,876,890,885,873,864,866,873,898,880,886,888,882,869,869,876,891,903,885,908,895,888,871,876,900,906,890,884,890,886,886,879,911,905,917,909,897,907,889,885,937,919,902,909,897,894,893,897,8,7,5,7,5,5,5,7,6,6,6,6,6,5,6,6,9,6,6,6,6,5,6,6,7,5,6,5,7,5,6,7,7,6,5,6,5,6,5,7,8,6,6,7,7,6,8,6,7,10,7,7,8,6,8,14,9,14,7,8,6,7,8,18,5,5,5,5,5,5,5,5,5,5,5,5,5,5,5,5,5,5,5,5,5,5,5,5,5,5,5,5,5,5,5,5,5,5,5,5,5,5,5,5,5,5,5,5,5,5,5,5,5,5,5,5,5,5,5,5,5,5,5,5,5,5,5,5
178,886,866,877,868,856,861,851,864,881,884,882,870,870,866,868,860,902,893,870,889,874,872,853,862,887,885,888,882,871,868,878,864,891,897,896,896,894,882,882,877,916,909,908,900,885,889,886,884,906,918,919,893,909,897,894,893,919,931,896,896,905,873,906,880,7,6,6,6,4,6,5,6,8,6,5,5,6,5,5,4,9,7,5,6,5,5,6,5,7,7,6,5,5,6,6,6,6,5,5,7,7,5,6,6,6,7,5,6,7,6,5,8,7,7,10,8,5,7,8,9,9,12,6,7,7,6,7,15,5,5,5,5,5,5,5,5,5,5,5,5,5,5,5,5,5,5,5,5,5,5,5,5,5,5,5,5,5,5,5,5,5,5,5,5,5,5,5,5,5,5,5,5,5,5,5,5,5,5,5,5,5,5,5,5,5,5,5,5,5,5,5,5
179,876,888,875,877,862,867,853,853,883,880,877,880,868,863,858,868,886,884,877,881,875,879,866,862,890,886,902,885,880,882,880,862,882,895,895,880,889,884,880,879,913,894,898,899,893,895,880,892,912,927,907,898,893,897,901,890,906,919,909,912,893,893,913,890,7,6,6,6,6,5,5,6,9,6,5,5,5,4,5,6,10,8,5,6,4,5,5,8,9,6,6,6,6,5,7,6,7,6,5,7,6,5,6,6,8,6,6,7,8,8,6,8,7,9,9,8,6,5,8,10,10,14,6,12,7,7,8,18,5,5,5,5,5,5,5,5,5,5,5,5,5,5,5,5,5,5,5,5,5,5,5,5,5,5,5,5,5,5,5,5,5,5,5,5,5,5,5,5,5,5,5,5,5,5,5,5,5,5,5,5,5,5,5,5,5,5,5,5,5,5,5,5
180,902,873,873,861,861,855,851,852,888,883,869,872,872,867,863,859,886,897,875,887,869,867,873,863,901,888,893,882,895,872,867,861,888,907,894,897,894,884,891,865,902,898,899,898,885,869,883,882,909,910,905,899,898,896,874,884,922,917,911,917,911,907,896,852,11,7,6,6,5,5,5,5,6,5,5,5,6,4,5,4,9,8,6,6,5,6,6,5,7,6,7,5,7,5,6,6,7,5,5,6,6,5,4,6,6,6,6,7,6,6,6,7,6,11,6,6,8,6,6,8,9,11,6,9,8,5,9,11,5,5,5,5,5,5,5,5,5,5,5,5,5,5,5,5,5,5,5,5,5,5,5,5,5,5,5,5,5,5,5,5,5,5,5,5,5,5,5,5,5,5,5,5,5,5,5,5,5,5,5,5,5,5,5,5,5,5,5,5,5,5,5,5
181,876,875,870,866,865,868,867,852,873,886,873,880,873,862,864,863,886,900,891,879,877,867,865,865,893,887,888,888,885,876,882,884,916,892,896,886,884,871,878,877,907,902,901,898,907,886,892,881,925,915,907,911,894,901,891,895,916,925,921,915,899,912,899,877,7,7,5,6,5,5,6,7,7,5,6,5,5,5,6,6,10,7,7,7,6,6,5,5,7,5,6,5,7,5,7,7,8,5,4,6,7,6,7,8,7,6,5,7,7,7,6,6,7,9,8,7,6,7,8,9,8,11,6,9,7,5,6,11,5,5,5,5,5,5,5,5,5,5,5,5,5,5,5,5,5,5,5,5,5,5,5,5,5,5,5,5,5,5,5,5,5,5,5,5,5,5,5,5,5,5,5,5,5,5,5,5,5,5,5,5,5,5,5,5,5,5,5,5,5,5,5,5
182,877,867,868,883,866,866,853,862,870,883,873,878,879,867,866,863,901,884,872,881,864,864,865,862,896,878,889,884,880,874,873,856,905,895,888,888,888,871,883,869,901,887,907,899,895,886,874,887,918,889,891,902,890,888,895,895,925,929,908,913,900,894,903,867,7,5,5,6,4,7,5,5,6,6,5,5,6,4,5,5,7,7,6,7,5,5,6,5,8,5,6,6,6,5,5,6,7,5,5,5,6,6,6,7,7,6,8,6,6,5,6,7,8,11,9,6,6,6,7,10,9,11,7,8,6,6,6,12,5,5,5,5,5,5,5,5,5,5,5,5,5,5,5,5,5,5,5,5,5,5,5,5,5,5,5,5,5,5,5,5,5,5,5,5,5,5,5,5,5,5,5,5,5,5,5,5,5,5,5,5,5,5,5,5,5,5,5,5,5,5,5,5
183,886,872,873,873,857,863,852,852,885,893,884,882,872,872,850,863,878,873,889,883,877,872,876,861,893,891,886,877,886,884,872,854,894,908,898,897,896,886,873,868,919,897,901,897,889,875,882,876,913,899,900,898,899,884,886,870,937,907,909,911,892,899,894,875,9,6,5,5,5,6,5,6,7,6,5,7,6,5,5,6,7,8,6,6,5,5,6,5,8,6,6,6,7,5,5,7,8,6,5,6,5,5,5,7,8,7,6,6,7,5,7,7,6,10,7,8,7,6,6,16,9,11,5,11,7,8,8,10,5,5,5,5,5,5,5,5,5,5,5,5,5,5,5,5,5,5,5,5,5,5,5,5,5,5,5,5,5,5,5,5,5,5,5,5,5,5,5,5,5,5,5,5,5,5,5,5,5,5,5,5,5,5,5,5,5,5,5,5,5,5,5,5
184,868,882,856,874,869,859,859,876,873,881,878,869,882,855,862,847,885,884,877,877,864,868,872,854,885,891,892,887,877,882,879,880,904,895,891,880,885,885,881,882,903,901,895,891,903,880,881,875,906,914,902,909,897,887,885,877,914,924,903,923,899,902,906,861,6,6,5,5,5,6,5,5,6,5,5,5,6,4,5,5,8,6,5,6,4,6,5,5,9,5,7,5,6,4,6,5,8,6,4,6,7,5,5,6,9,6,6,6,7,5,6,6,7,9,7,6,8,6,7,10,7,9,6,10,7,8,7,11,5,5,5,5,5,5,5,5,5,5,5,5,5,5,5,5,5,5,5,5,5,5,5,5,5,5,5,5,5,5,5,5,5,5,5,5,5,5,5,5,5,5,5,5,5,5,5,5,5,5,5,5,5,5,5,5,5,5,5,5,5,5,5,5
185,865,873,872,871,856,859,856,867,900,887,876,870,861,855,860,856,880,888,884,891,876,881,865,867,887,895,873,882,877,875,869,882,890,894,898,884,899,875,888,880,893,904,897,892,894,894,877,883,885,919,890,917,894,884,879,879,931,933,911,909,913,905,906,895,6,6,5,8,5,5,5,6,7,6,5,6,6,5,5,6,8,5,5,6,5,5,5,5,7,6,6,5,5,6,7,7,11,5,5,7,5,6,7,7,7,5,7,6,7,7,7,7,8,7,9,7,7,5,6,10,9,16,6,8,9,6,7,21,5,5,5,5,5,5,5,5,5,5,5,5,5,5,5,5,5,5,5,5,5,5,5,5,5,5,5,5,5,5,5,5,5,5,5,5,5,5,5,5,5,5,5,5,5,5,5,5,5,5,5,5,5,5,5,5,5,5,5,5,5,5,5,5
186,892,868,870,861,865,855,852,848,877,884,875,878,862,857,861,858,875,886,886,868,878,880,871,864,897,896,896,881,879,872,873,871,909,909,886,877,881,875,873,879,908,893,893,903,896,886,882,881,918,898,899,908,894,891,900,874,933,915,919,906,903,891,895,876,8,5,6,6,5,6,5,5,7,5,5,6,6,4,5,5,8,6,5,7,5,5,5,6,6,6,6,5,5,6,5,7,7,5,5,6,6,6,5,8,8,6,5,8,7,6,8,7,8,10,6,6,7,6,5,9,10,10,6,9,6,7,7,19,5,5,5,5,5,5,5,5,5,5,5,5,5,5,5,5,5,5,5,5,5,5,5,5,5,5,5,5,5,5,5,5,5,5,5,5,5,5,5,5,5,5,5,5,5,5,5,5,5,5,5,5,5,5,5,5,5,5,5,5,5,5,5,5
187,879,876,878,867,862,856,865,842,888,883,878,878,865,870,867,858,880,888,878,875,869,871,872,863,881,898,885,879,882,864,881,879,916,893,899,896,882,889,876,881,913,915,895,890,888,901,880,874,906,911,905,898,893,893,893,886,928,901,913,912,922,906,911,911,7,5,5,7,5,6,5,5,7,6,5,5,6,4,5,5,8,9,6,6,6,5,6,6,6,5,6,5,5,6,7,6,7,6,5,6,6,6,5,6,6,6,6,6,8,7,7,6,7,11,8,7,8,7,8,7,9,13,6,9,6,8,9,21,5,5,5,5,5,5,5,5,5,5,5,5,5,5,5,5,5,5,5,5,5,5,5,5,5,5,5,5,5,5,5,5,5,5,5,5,5,5,5,5,5,5,5,5,5,5,5,5,5,5,5,5,5,5,5,5,5,5,5,5,5,5,5,5
188,870,889,878,866,864,860,855,852,889,880,873,877,866,868,854,861,890,885,869,888,871,870,863,853,886,883,894,893,887,861,871,861,919,904,886,889,882,881,882,871,900,899,902,905,890,885,896,882,904,912,901,908,888,897,895,888,921,912,918,910,897,898,886,907,6,5,5,7,5,6,5,6,8,6,5,5,6,4,5,6,9,7,5,6,5,5,5,6,7,5,6,5,6,4,5,6,7,6,4,5,6,4,5,6,7,7,4,8,6,5,8,7,6,10,7,7,6,5,7,10,9,11,7,10,6,7,6,10,5,5,5,5,5,5,5,5,5,5,5,5,5,5,5,5,5,5,5,5,5,5,5,5,5,5,5,5,5,5,5,5,5,5,5,5,5,5,5,5,5,5,5,5,5,5,5,5,5,5,5,5,5,5,5,5,5,5,5,5,5,5,5,5
189,864,892,872,861,861,857,851,838,890,887,881,876,864,860,870,848,887,902,882,888,873,857,872,877,905,897,896,881,874,883,871,871,905,901,896,896,898,866,874,871,910,912,906,893,875,901,880,874,902,902,913,898,903,891,892,903,927,910,910,909,873,889,904,909,7,8,5,6,5,6,5,7,9,5,6,5,6,4,5,6,8,8,6,6,5,6,5,6,6,6,6,5,5,5,6,5,9,6,5,5,6,5,7,7,8,7,7,6,7,6,8,7,8,10,7,7,6,6,7,12,10,16,7,10,6,7,8,14,5,5,5,5,5,5,5,5,5,5,5,5,5,5,5,5,5,5,5,5,5,5,5,5,5,5,5,5,5,5,5,5,5,5,5,5,5,5,5,5,5,5,5,5,5,5,5,5,5,5,5,5,5,5,5,5,5,5,5,5,5,5,5,5
190,880,868,873,876,862,867,873,843,877,892,869,869,869,866,854,856,873,879,874,873,875,879,863,866,886,895,894,890,878,880,878,869,915,903,881,887,878,886,881,875,901,904,897,902,896,880,883,877,918,898,912,889,904,901,888,895,933,904,911,909,908,898,891,888,7,5,5,6,5,5,5,7,7,6,5,5,5,4,5,5,7,7,5,6,4,6,4,6,7,6,5,4,6,5,7,7,9,6,5,5,6,7,5,6,7,7,6,7,6,5,7,7,7,10,9,7,7,6,7,8,9,15,6,7,7,7,8,13,5,5,5,5,5,5,5,5,5,5,5,5,5,5,5,5,5,5,5,5,5,5,5,5,5,5,5,5,5,5,5,5,5,5,5,5,5,5,5,5,5,5,5,5,5,5,5,5,5,5,5,5,5,5,5,5,5,5,5,5,5,5,5,5
191,874,893,862,865,861,854,854,851,904,880,875,869,865,867,859,862,888,889,875,884,876,871,866,864,896,886,879,889,877,873,865,861,895,899,896,884,891,873,879,878,905,903,895,907,890,882,881,880,922,931,902,891,895,891,887,896,923,927,919,909,912,902,902,899,6,6,6,5,5,6,5,6,8,6,5,5,6,5,5,5,10,6,6,5,4,5,6,7,7,5,9,4,5,6,5,7,9,7,5,6,5,6,6,6,7,6,7,7,6,6,8,8,9,11,7,7,7,6,6,10,8,9,6,11,8,7,8,11,5,5,5,5,5,5,5,5,5,5,5,5,5,5,5,5,5,5,5,5,5,5,5,5,5,5,5,5,5,5,5,5,5,5,5,5,5,5,5,5,5,5,5,5,5,5,5,5,5,5,5,5,5,5,5,5,5,5,5,5,5,5,5,5
192,880,883,872,862,872,858,858,840,885,869,882,881,864,859,865,846,880,877,887,889,874,868,866,874,899,889,886,878,885,879,882,873,907,885,886,888,879,882,885,877,906,906,903,889,886,890,884,884,898,909,919,899,900,893,895,882,920,912,905,895,896,899,888,860,7,5,6,6,5,6,5,5,5,6,5,5,5,4,6,5,10,7,6,6,5,5,4,5,8,6,5,5,6,7,6,7,8,6,4,6,6,6,5,5,6,6,7,6,9,6,7,7,6,10,9,8,7,5,6,8,7,14,6,8,8,7,6,15,5,5,5,5,5,5,5,5,5,5,5,5,5,5,5,5,5,5,5,5,5,5,5,5,5,5,5,5,5,5,5,5,5,5,5,5,5,5,5,5,5,5,5,5,5,5,5,5,5,5,5,5,5,5,5,5,5,5,5,5,5,5,5,5
193,878,880,860,862,869,853,860,848,879,888,869,887,870,855,863,858,886,875,876,877,873,875,866,865,886,884,897,879,883,871,883,878,898,898,895,899,891,885,900,877,919,899,905,895,893,884,888,871,909,902,902,879,890,877,896,890,925,926,922,900,900,905,900,905,7,6,5,6,6,6,5,6,7,5,6,6,5,5,5,5,9,7,6,7,5,6,5,5,9,6,7,6,6,6,6,8,9,6,6,7,8,5,7,7,7,6,6,7,7,7,8,7,8,10,8,7,6,7,7,9,9,10,6,11,7,7,7,14,5,5,5,5,5,5,5,5,5,5,5,5,5,5,5,5,5,5,5,5,5,5,5,5,5,5,5,5,5,5,5,5,5,5,5,5,5,5,5,5,5,5,5,5,5,5,5,5,5,5,5,5,5,5,5,5,5,5,5,5,5,5,5,5
194,878,877,875,869,865,850,854,852,882,865,884,882,855,860,867,860,874,898,886,872,876,869,859,859,894,897,885,878,884,869,868,870,906,894,891,884,895,891,874,869,908,890,905,896,887,872,885,877,924,905,906,885,884,882,894,875,926,914,909,898,907,879,909,880,8,6,5,5,5,5,4,6,8,6,5,5,6,5,5,5,9,7,6,6,5,5,5,7,6,5,7,6,6,5,5,8,9,6,5,5,7,5,5,6,9,7,7,7,7,6,6,7,7,9,7,6,5,6,6,10,10,12,7,8,8,5,7,13,5,5,5,5,5,5,5,5,5,5,5,5,5,5,5,5,5,5,5,5,5,5,5,5,5,5,5,5,5,5,5,5,5,5,5,5,5,5,5,5,5,5,5,5,5,5,5,5,5,5,5,5,5,5,5,5,5,5,5,5,5,5,5,5
195,885,877,879,857,858,862,860,858,893,884,872,877,874,865,867,854,891,888,881,881,878,861,875,865,897,878,883,881,883,878,873,872,914,905,895,886,888,890,877,879,902,900,892,896,901,881,877,888,904,928,898,900,888,884,882,884,929,907,915,908,886,898,900,889,7,8,6,6,4,6,5,7,7,4,5,6,6,4,6,6,9,9,5,6,6,5,5,6,8,6,6,5,6,5,6,7,10,7,5,5,7,5,6,6,7,6,5,7,7,5,6,8,6,10,7,6,6,7,6,9,9,11,8,10,6,8,8,18,5,5,5,5,5,5,5,5,5,5,5,5,5,5,5,5,5,5,5,5,5,5,5,5,5,5,5,5,5,5,5,5,5,5,5,5,5,5,5,5,5,5,5,5,5,5,5,5,5,5,5,5,5,5,5,5,5,5,5,5,5,5,5,5
196,874,885,869,865,853,866,857,859,896,870,875,879,863,870,865,851,897,898,877,882,874,874,872,871,909,887,895,887,877,869,864,861,895,898,892,890,897,878,876,879,893,895,904,896,887,886,888,877,924,918,888,900,899,902,892,871,913,901,898,915,905,897,891,879,6,6,5,7,4,5,4,5,6,6,5,5,6,5,5,5,8,7,7,6,6,6,5,6,9,6,6,4,5,5,6,6,7,5,4,8,6,5,5,5,6,6,6,6,7,5,6,7,9,8,9,7,5,6,6,8,9,9,7,11,7,7,7,12,5,5,5,5,5,5,5,5,5,5,5,5,5,5,5,5,5,5,5,5,5,5,5,5,5,5,5,5,5,5,5,5,5,5,5,5,5,5,5,5,5,5,5,5,5,5,5,5,5,5,5,5,5,5,5,5,5,5,5,5,5,5,5,5
197,880,878,856,869,857,861,860,857,882,878,886,867,877,868,855,869,904,884,876,883,876,860,869,854,906,897,882,880,882,875,862,861,887,895,896,882,881,888,881,859,899,909,901,903,906,873,889,876,904,903,909,898,896,902,890,887,924,936,922,904,899,899,900,889,8,8,5,8,6,6,5,6,7,5,6,5,7,5,5,6,9,6,6,6,5,7,6,5,8,5,8,5,5,7,5,7,10,6,6,5,7,6,7,7,7,7,7,7,8,7,7,6,8,10,8,6,7,7,8,8,8,12,7,10,7,8,6,19,5,5,5,5,5,5,5,5,5,5,5,5,5,5,5,5,5,5,5,5,5,5,5,5,5,5,5,5,5,5,5,5,5,5,5,5,5,5,5,5,5,5,5,5,5,5,5,5,5,5,5,5,5,5,5,5,5,5,5,5,5,5,5,5
198,874,876,871,867,873,858,865,846,888,890,873,872,859,869,860,853,890,891,881,887,878,873,860,872,894,894,882,881,879,879,872,859,893,895,898,884,892,880,876,876,916,899,897,899,880,892,889,885,914,921,913,894,893,883,903,905,937,908,894,910,899,905,903,897,5,7,4,7,5,6,5,5,7,6,4,6,6,4,6,6,8,6,6,5,6,4,5,5,7,5,7,6,6,5,6,7,8,6,5,6,5,4,6,6,7,6,6,6,6,6,7,7,8,8,8,7,6,6,6,10,11,10,6,9,7,7,6,16,5,5,5,5,5,5,5,5,5,5,5,5,5,5,5,5,5,5,5,5,5,5,5,5,5,5,5,5,5,5,5,5,5,5,5,5,5,5,5,5,5,5,5,5,5,5,5,5,5,5,5,5,5,5,5,5,5,5,5,5,5,5,5,5
199,876,879,875,866,867,859,868,845,889,878,873,873,869,856,853,864,906,892,885,879,865,876,863,855,898,895,896,878,887,869,867,880,900,899,892,890,898,880,874,877,912,897,905,899,889,890,890,880,898,899,907,906,883,901,893,877,926,911,906,917,878,896,888,894,6,6,5,6,6,6,6,5,8,5,5,5,8,5,5,6,8,5,6,6,5,6,6,6,7,6,6,6,5,6,5,7,9,5,5,6,5,6,6,5,6,6,5,8,6,6,7,7,11,9,7,7,6,7,9,11,10,9,9,8,8,6,8,17,5,5,5,5,5,5,5,5,5,5,5,5,5,5,5,5,5,5,5,5,5,5,5,5,5,5,5,5,5,5,5,5,5,5,5,5,5,5,5,5,5,5,5,5,5,5,5,5,5,5,5,5,5,5,5,5,5,5,5,5,5,5,5,5
