frame,dist_z0,dist_z1,dist_z2,dist_z3,dist_z4,dist_z5,dist_z6,dist_z7,dist_z8,dist_z9,dist_z10,dist_z11,dist_z12,dist_z13,dist_z14,dist_z15,dist_z16,dist_z17,dist_z18,dist_z19,dist_z20,dist_z21,dist_z22,dist_z23,dist_z24,dist_z25,dist_z26,dist_z27,dist_z28,dist_z29,dist_z30,dist_z31,dist_z32,dist_z33,dist_z34,dist_z35,dist_z36,dist_z37,dist_z38,dist_z39,dist_z40,dist_z41,dist_z42,dist_z43,dist_z44,dist_z45,dist_z46,dist_z47,dist_z48,dist_z49,dist_z50,dist_z51,dist_z52,dist_z53,dist_z54,dist_z55,dist_z56,dist_z57,dist_z58,dist_z59,dist_z60,dist_z61,dist_z62,dist_z63,sigma_z0,sigma_z1,sigma_z2,sigma_z3,sigma_z4,sigma_z5,sigma_z6,sigma_z7,sigma_z8,sigma_z9,sigma_z10,sigma_z11,sigma_z12,sigma_z13,sigma_z14,sigma_z15,sigma_z16,sigma_z17,sigma_z18,sigma_z19,sigma_z20,sigma_z21,sigma_z22,sigma_z23,sigma_z24,sigma_z25,sigma_z26,sigma_z27,sigma_z28,sigma_z29,sigma_z30,sigma_z31,sigma_z32,sigma_z33,sigma_z34,sigma_z35,sigma_z36,sigma_z37,sigma_z38,sigma_z39,sigma_z40,sigma_z41,sigma_z42,sigma_z43,sigma_z44,sigma_z45,sigma_z46,sigma_z47,sigma_z48,sigma_z49,sigma_z50,sigma_z51,sigma_z52,sigma_z53,sigma_z54,sigma_z55,sigma_z56,sigma_z57,sigma_z58,sigma_z59,sigma_z60,sigma_z61,sigma_z62,sigma_z63,status_z0,status_z1,status_z2,status_z3,status_z4,status_z5,status_z6,status_z7,status_z8,status_z9,status_z10,status_z11,status_z12,status_z13,status_z14,status_z15,status_z16,status_z17,status_z18,status_z19,status_z20,status_z21,status_z22,status_z23,status_z24,status_z25,status_z26,status_z27,status_z28,status_z29,status_z30,status_z31,status_z32,status_z33,status_z34,status_z35,status_z36,status_z37,status_z38,status_z39,status_z40,status_z41,status_z42,status_z43,status_z44,status_z45,status_z46,status_z47,status_z48,status_z49,status_z50,status_z51,status_z52,status_z53,status_z54,status_z55,status_z56,status_z57,status_z58,status_z59,status_z60,status_z61,status_z62,status_z63
0,478,476,473,472,464,460,469,463,486,485,482,473,467,470,473,462,484,493,481,486,474,474,473,471,487,487,487,484,482,476,473,471,495,490,491,484,488,478,477,477,505,500,494,492,486,489,480,477,512,498,497,492,497,485,491,480,515,515,497,495,496,491,490,488,3,3,3,3,2,2,3,3,3,3,3,3,3,3,3,3,4,3,3,3,2,3,2,3,4,3,3,3,2,2,3,3,3,3,3,3,3,3,3,3,4,3,3,3,3,3,3,3,4,3,3,4,3,3,3,3,4,5,3,4,3,4,4,5,5,5,5,5,5,5,5,5,5,5,5,5,5,5,5,5,5,5,5,5,5,5,5,5,5,5,5,5,5,5,5,5,5,5,5,5,5,5,5,5,5,5,5,5,5,5,5,5,5,5,5,5,5,5,5,5,5,5,5,5,5,5,5,5
1,477,480,475,468,466,467,468,462,498,482,477,474,480,468,471,467,490,488,485,479,480,474,469,472,493,486,489,483,480,475,468,470,499,500,491,487,483,481,477,472,504,498,492,486,487,479,480,480,503,497,500,500,484,485,484,480,504,506,504,494,502,498,503,497,4,3,3,3,3,3,3,3,4,3,3,3,3,2,3,3,4,3,3,3,3,3,3,3,3,3,3,3,3,3,3,3,4,4,3,3,3,3,3,3,4,3,3,3,3,3,3,4,4,4,4,3,3,4,3,3,4,6,3,4,4,4,4,5,5,5,5,5,5,5,5,5,5,5,5,5,5,5,5,5,5,5,5,5,5,5,5,5,5,5,5,5,5,5,5,5,5,5,5,5,5,5,5,5,5,5,5,5,5,5,5,5,5,5,5,5,5,5,5,5,5,5,5,5,5,5,5,5
2,488,477,473,476,470,471,461,461,484,485,473,475,471,472,468,466,486,492,488,481,473,471,471,467,491,499,493,478,479,477,474,477,499,494,487,486,487,485,480,478,500,492,487,490,492,482,479,482,504,501,495,492,489,488,493,483,514,500,496,505,490,489,497,491,4,2,3,3,2,3,3,3,3,3,3,3,2,2,3,3,4,3,3,3,2,3,3,3,4,3,3,3,2,2,3,3,4,3,3,3,3,2,3,3,3,4,3,3,3,3,3,3,4,3,3,3,3,3,3,4,4,5,3,4,4,3,3,5,5,5,5,5,5,5,5,5,5,5,5,5,5,5,5,5,5,5,5,5,5,5,5,5,5,5,5,5,5,5,5,5,5,5,5,5,5,5,5,5,5,5,5,5,5,5,5,5,5,5,5,5,5,5,5,5,5,5,5,5,5,5,5,5
3,482,480,474,475,470,463,467,462,483,479,481,473,475,467,469,463,486,485,483,479,480,472,467,473,492,488,488,482,484,481,480,473,497,494,488,491,483,490,484,478,503,497,495,490,494,486,480,484,508,497,496,500,490,490,488,483,506,512,507,496,498,498,492,477,4,3,3,3,3,3,3,3,3,3,3,3,3,3,3,3,4,4,3,3,3,3,3,3,4,3,3,3,3,3,3,3,4,3,3,3,3,3,3,3,3,4,4,3,3,3,3,3,4,4,4,3,4,3,3,4,4,4,3,4,3,4,4,5,5,5,5,5,5,5,5,5,5,5,5,5,5,5,5,5,5,5,5,5,5,5,5,5,5,5,5,5,5,5,5,5,5,5,5,5,5,5,5,5,5,5,5,5,5,5,5,5,5,5,5,5,5,5,5,5,5,5,5,5,5,5,5,5
4,481,476,470,469,468,466,463,462,481,482,479,472,476,470,466,462,495,489,481,486,474,470,471,474,489,484,488,485,479,478,475,468,492,496,491,488,482,484,484,475,498,495,493,484,489,482,487,484,507,505,495,498,490,482,492,483,507,508,504,499,505,491,496,494,3,3,3,3,3,2,3,3,3,3,3,2,2,2,2,3,4,4,3,3,2,3,2,3,4,3,3,2,3,3,3,3,3,3,3,3,3,3,3,3,3,4,3,3,3,3,4,3,4,4,4,4,3,3,3,4,3,4,3,4,3,3,4,6,5,5,5,5,5,5,5,5,5,5,5,5,5,5,5,5,5,5,5,5,5,5,5,5,5,5,5,5,5,5,5,5,5,5,5,5,5,5,5,5,5,5,5,5,5,5,5,5,5,5,5,5,5,5,5,5,5,5,5,5,5,5,5,5
5,478,483,472,468,465,468,467,463,491,489,479,482,476,463,466,470,488,487,479,480,474,472,470,463,500,494,486,483,477,477,473,473,506,494,491,490,481,480,479,477,508,496,500,485,491,488,485,478,508,497,501,495,497,491,490,484,517,508,503,500,503,497,498,488,4,3,3,3,3,3,3,3,3,3,3,3,3,3,3,3,3,4,3,3,3,3,3,3,4,3,3,3,3,3,3,3,4,3,3,3,3,3,3,3,4,4,3,3,3,3,3,4,3,4,4,4,3,4,3,4,4,5,4,4,4,4,4,5,5,5,5,5,5,5,5,5,5,5,5,5,5,5,5,5,5,5,5,5,5,5,5,5,5,5,5,5,5,5,5,5,5,5,5,5,5,5,5,5,5,5,5,5,5,5,5,5,5,5,5,5,5,5,5,5,5,5,5,5,5,5,5,5
6,480,481,478,474,468,467,467,462,486,479,476,474,471,472,469,457,484,481,477,481,474,473,469,469,491,489,490,480,483,477,471,470,499,487,495,487,481,481,481,478,499,492,498,494,487,486,481,478,503,502,507,496,487,483,487,491,510,505,498,503,493,484,493,491,3,3,3,3,2,3,3,3,3,3,3,3,2,2,3,3,3,3,3,3,2,2,3,3,3,3,3,2,2,2,3,3,4,3,3,3,3,3,3,4,3,4,3,3,3,3,4,4,4,4,3,3,3,3,3,4,3,5,3,4,4,4,4,5,5,5,5,5,5,5,5,5,5,5,5,5,5,5,5,5,5,5,5,5,5,5,5,5,5,5,5,5,5,5,5,5,5,5,5,5,5,5,5,5,5,5,5,5,5,5,5,5,5,5,5,5,5,5,5,5,5,5,5,5,5,5,5,5
7,479,486,470,471,470,467,470,461,480,481,483,476,475,474,468,467,488,489,487,480,477,473,475,468,499,482,491,483,480,478,476,472,499,494,488,488,481,479,478,477,499,498,492,493,489,486,479,481,517,495,506,496,502,487,483,491,504,507,509,501,495,497,485,491,4,3,3,3,3,2,3,3,3,3,3,3,3,3,3,3,3,4,3,3,3,3,3,3,4,3,3,3,3,3,3,3,4,3,3,3,3,3,3,3,4,4,4,3,3,3,3,4,4,4,3,4,3,3,3,4,4,4,4,4,3,4,4,6,5,5,5,5,5,5,5,5,5,5,5,5,5,5,5,5,5,5,5,5,5,5,5,5,5,5,5,5,5,5,5,5,5,5,5,5,5,5,5,5,5,5,5,5,5,5,5,5,5,5,5,5,5,5,5,5,5,5,5,5,5,5,5,5
8,478,477,481,477,465,465,461,464,483,479,478,472,470,468,472,459,488,487,477,479,474,476,469,468,494,488,485,485,478,479,471,464,502,494,486,490,482,482,478,472,506,498,491,489,493,482,484,479,504,498,507,499,498,490,490,492,511,504,503,499,498,497,492,492,3,3,3,3,2,3,3,3,3,3,3,2,2,2,3,2,3,4,3,3,2,3,3,3,3,3,3,3,3,3,3,3,4,3,3,3,3,3,3,3,3,3,3,3,3,3,3,4,4,4,3,3,4,4,3,4,4,5,3,4,3,4,4,5,5,5,5,5,5,5,5,5,5,5,5,5,5,5,5,5,5,5,5,5,5,5,5,5,5,5,5,5,5,5,5,5,5,5,5,5,5,5,5,5,5,5,5,5,5,5,5,5,5,5,5,5,5,5,5,5,5,5,5,5,5,5,5,5
9,485,480,477,466,471,469,467,461,484,476,479,474,478,468,466,462,492,489,485,481,477,472,470,469,499,488,491,488,484,485,471,478,501,497,487,490,486,476,480,477,507,492,496,487,488,485,486,474,511,506,497,501,498,489,484,476,516,503,502,499,495,496,492,492,4,3,3,3,3,3,3,3,3,3,3,3,3,3,3,3,3,3,3,3,3,3,3,3,3,3,3,3,3,3,3,3,4,4,3,3,3,3,3,3,4,4,4,4,3,3,4,4,4,4,4,3,4,4,3,3,5,5,4,4,4,3,3,6,5,5,5,5,5,5,5,5,5,5,5,5,5,5,5,5,5,5,5,5,5,5,5,5,5,5,5,5,5,5,5,5,5,5,5,5,5,5,5,5,5,5,5,5,5,5,5,5,5,5,5,5,5,5,5,5,5,5,5,5,5,5,5,5
10,485,478,480,472,465,466,464,468,483,485,475,471,470,467,468,468,489,487,477,478,478,474,473,467,494,491,491,486,481,478,474,471,497,501,487,494,483,481,479,473,506,504,493,489,485,482,480,479,509,503,501,493,495,484,483,484,509,508,501,497,499,493,501,492,4,3,3,3,3,3,3,3,3,3,3,2,2,2,3,3,4,4,3,3,2,3,3,3,3,3,3,2,3,3,3,3,3,3,3,3,3,2,3,3,3,3,3,3,3,3,3,4,3,4,3,4,3,3,4,3,5,4,3,4,3,4,3,5,5,5,5,5,5,5,5,5,5,5,5,5,5,5,5,5,5,5,5,5,5,5,5,5,5,5,5,5,5,5,5,5,5,5,5,5,5,5,5,5,5,5,5,5,5,5,5,5,5,5,5,5,5,5,5,5,5,5,5,5,5,5,5,5
11,482,484,477,478,468,466,458,462,487,485,476,482,473,476,470,469,493,484,486,482,478,471,471,468,489,485,486,486,484,486,473,470,496,496,495,487,487,486,476,471,497,494,497,491,486,483,488,481,504,511,497,498,490,495,487,486,512,507,503,504,497,486,500,485,4,3,3,3,2,3,3,3,3,3,3,3,3,3,3,3,4,4,3,3,2,3,3,3,4,3,3,3,3,3,3,3,4,4,3,3,3,3,3,3,4,4,4,3,3,3,4,3,4,4,3,3,3,3,3,4,4,5,3,4,4,4,4,5,5,5,5,5,5,5,5,5,5,5,5,5,5,5,5,5,5,5,5,5,5,5,5,5,5,5,5,5,5,5,5,5,5,5,5,5,5,5,5,5,5,5,5,5,5,5,5,5,5,5,5,5,5,5,5,5,5,5,5,5,5,5,5,5
12,478,480,475,474,468,468,461,457,484,482,483,478,475,468,465,463,492,488,484,476,477,471,469,475,497,486,485,485,487,476,473,473,500,495,488,485,489,488,479,473,498,493,494,488,486,487,481,479,511,501,495,496,490,489,493,481,503,513,504,504,502,493,489,485,3,3,3,3,2,3,3,3,3,2,3,3,2,2,3,3,3,3,3,2,2,3,3,3,3,3,3,2,3,3,2,3,3,3,3,3,3,3,3,3,4,3,3,3,3,3,3,4,4,4,3,3,3,3,3,3,4,4,3,4,3,3,3,5,5,5,5,5,5,5,5,5,5,5,5,5,5,5,5,5,5,5,5,5,5,5,5,5,5,5,5,5,5,5,5,5,5,5,5,5,5,5,5,5,5,5,5,5,5,5,5,5,5,5,5,5,5,5,5,5,5,5,5,5,5,5,5,5
13,481,481,475,476,474,470,464,464,486,480,483,477,476,469,467,467,485,482,483,477,479,476,472,470,500,490,490,485,482,475,474,473,499,496,488,486,486,477,479,482,508,499,498,498,493,484,480,488,499,501,497,499,492,491,486,489,525,514,502,502,498,494,493,494,3,3,3,3,3,3,3,3,3,3,3,3,3,3,3,3,4,4,3,3,3,3,3,3,3,3,3,3,3,2,3,3,3,3,3,3,3,3,3,3,4,3,4,4,4,3,3,3,4,4,4,3,4,4,3,4,5,5,3,4,3,4,4,4,5,5,5,5,5,5,5,5,5,5,5,5,5,5,5,5,5,5,5,5,5,5,5,5,5,5,5,5,5,5,5,5,5,5,5,5,5,5,5,5,5,5,5,5,5,5,5,5,5,5,5,5,5,5,5,5,5,5,5,5,5,5,5,5
14,482,483,476,469,471,468,462,460,487,478,483,476,475,469,466,462,489,485,485,483,475,472,474,467,490,492,485,482,487,480,477,472,507,496,489,492,485,478,476,480,502,502,491,496,486,481,487,477,506,498,494,501,493,489,489,480,513,506,507,500,499,493,490,488,3,3,3,3,2,3,3,3,3,3,3,2,3,2,3,3,3,3,3,3,2,3,2,3,3,3,3,2,2,2,3,3,4,3,3,3,3,3,3,3,3,3,3,3,3,3,3,3,4,4,3,3,3,3,3,3,4,5,3,4,4,3,4,5,5,5,5,5,5,5,5,5,5,5,5,5,5,5,5,5,5,5,5,5,5,5,5,5,5,5,5,5,5,5,5,5,5,5,5,5,5,5,5,5,5,5,5,5,5,5,5,5,5,5,5,5,5,5,5,5,5,5,5,5,5,5,5,5
15,484,481,469,470,468,464,464,471,484,485,485,476,474,471,465,466,490,490,478,482,479,475,468,465,493,491,492,483,481,476,477,474,496,495,483,493,480,481,478,475,510,498,495,491,497,484,488,476,511,495,504,501,494,490,492,486,518,508,506,501,490,498,498,495,4,3,3,3,3,3,3,3,3,3,3,3,3,3,3,3,4,4,3,3,2,3,3,3,3,3,3,3,3,3,3,3,3,3,3,3,3,2,3,3,4,3,3,3,3,3,4,3,4,4,3,3,4,3,3,4,4,5,4,4,4,4,4,5,5,5,5,5,5,5,5,5,5,5,5,5,5,5,5,5,5,5,5,5,5,5,5,5,5,5,5,5,5,5,5,5,5,5,5,5,5,5,5,5,5,5,5,5,5,5,5,5,5,5,5,5,5,5,5,5,5,5,5,5,5,5,5,5
16,483,477,478,471,466,468,467,462,488,477,481,473,475,471,466,469,487,483,488,474,474,471,470,468,495,489,484,487,476,480,470,472,500,494,494,489,484,482,477,481,499,495,490,491,489,488,485,476,510,501,506,503,494,487,487,503,502,510,507,499,498,490,494,494,3,3,3,3,2,3,3,3,3,3,3,3,2,2,3,3,3,3,3,3,2,2,3,3,4,3,3,2,3,3,3,3,4,3,3,3,3,3,3,4,3,4,3,3,3,3,3,3,4,4,3,4,3,3,3,5,3,5,3,4,4,3,4,4,5,5,5,5,5,5,5,5,5,5,5,5,5,5,5,5,5,5,5,5,5,5,5,5,5,5,5,5,5,5,5,5,5,5,5,5,5,5,5,5,5,5,5,5,5,5,5,5,5,5,5,5,5,5,5,5,5,5,5,5,5,5,5,5
17,481,477,472,470,468,464,469,459,484,484,487,471,470,467,460,463,485,494,488,480,476,472,471,467,490,489,489,484,483,476,471,471,501,495,490,485,482,483,486,473,504,505,492,493,488,491,487,485,510,501,490,494,487,488,491,482,511,500,498,494,499,496,499,491,4,3,3,3,3,2,2,3,3,3,3,3,3,2,3,3,4,3,3,3,2,3,3,3,3,3,3,2,3,2,3,3,4,3,3,3,3,3,3,3,4,4,3,3,3,3,4,3,4,4,4,4,3,4,4,3,4,6,3,4,4,4,4,5,5,5,5,5,5,5,5,5,5,5,5,5,5,5,5,5,5,5,5,5,5,5,5,5,5,5,5,5,5,5,5,5,5,5,5,5,5,5,5,5,5,5,5,5,5,5,5,5,5,5,5,5,5,5,5,5,5,5,5,5,5,5,5,5
18,485,483,474,468,466,472,467,464,485,483,476,477,477,470,472,465,490,489,488,480,477,471,470,468,494,491,486,485,478,475,478,466,499,488,488,490,481,487,478,472,498,494,499,494,491,481,483,482,508,504,502,497,493,490,488,484,514,517,509,502,502,493,493,485,4,3,3,3,2,3,2,3,3,3,3,2,2,2,2,3,3,4,3,3,2,2,3,3,3,3,3,2,2,2,3,3,3,3,3,3,3,3,3,3,3,3,3,3,3,3,3,3,4,4,3,3,3,3,3,4,4,5,4,4,3,3,4,5,5,5,5,5,5,5,5,5,5,5,5,5,5,5,5,5,5,5,5,5,5,5,5,5,5,5,5,5,5,5,5,5,5,5,5,5,5,5,5,5,5,5,5,5,5,5,5,5,5,5,5,5,5,5,5,5,5,5,5,5,5,5,5,5
19,487,479,475,471,469,468,471,460,489,479,480,479,468,471,466,465,491,485,489,480,482,473,474,467,492,485,487,487,477,476,476,471,503,491,491,488,483,486,484,475,502,497,492,494,487,491,482,484,511,504,499,495,498,492,495,497,517,509,497,492,498,487,499,494,4,3,3,3,3,3,3,3,4,3,3,3,2,2,3,3,3,4,3,3,3,3,3,3,3,3,3,3,3,2,3,4,4,3,3,3,3,3,3,3,4,4,4,4,3,3,3,3,4,4,4,4,3,4,3,5,4,5,3,4,3,4,3,5,5,5,5,5,5,5,5,5,5,5,5,5,5,5,5,5,5,5,5,5,5,5,5,5,5,5,5,5,5,5,5,5,5,5,5,5,5,5,5,5,5,5,5,5,5,5,5,5,5,5,5,5,5,5,5,5,5,5,5,5,5,5,5,5
20,487,480,478,470,466,462,463,461,484,482,481,479,476,469,466,461,479,483,480,481,476,475,471,461,498,488,483,485,480,476,476,465,498,491,494,488,482,481,485,472,505,493,488,486,491,486,489,484,505,500,499,498,492,494,488,484,512,504,501,498,504,490,493,486,4,3,3,3,2,2,3,3,3,3,3,3,2,2,2,3,4,4,3,3,3,3,2,2,3,3,3,3,2,2,3,3,3,3,3,3,3,3,3,3,3,3,3,3,3,3,3,3,3,4,3,3,3,3,3,4,4,5,3,3,3,3,3,5,5,5,5,5,5,5,5,5,5,5,5,5,5,5,5,5,5,5,5,5,5,5,5,5,5,5,5,5,5,5,5,5,5,5,5,5,5,5,5,5,5,5,5,5,5,5,5,5,5,5,5,5,5,5,5,5,5,5,5,5,5,5,5,5
21,484,485,475,476,466,466,463,464,488,476,479,472,478,470,469,466,485,488,480,482,478,475,469,468,490,487,493,482,480,479,473,476,497,489,492,489,484,485,472,474,499,499,493,500,488,487,484,485,515,505,495,493,495,489,484,488,507,512,500,502,502,492,487,499,4,3,3,3,2,3,3,3,3,3,3,3,3,3,3,3,3,4,3,3,2,3,3,3,4,3,3,3,3,3,3,3,4,3,3,3,3,3,3,4,3,3,3,4,3,3,3,3,3,4,4,4,4,4,3,4,4,5,3,4,3,3,3,5,5,5,5,5,5,5,5,5,5,5,5,5,5,5,5,5,5,5,5,5,5,5,5,5,5,5,5,5,5,5,5,5,5,5,5,5,5,5,5,5,5,5,5,5,5,5,5,5,5,5,5,5,5,5,5,5,5,5,5,5,5,5,5,5
22,484,484,473,472,468,466,462,456,487,481,482,471,470,469,464,467,488,493,481,478,480,471,465,466,495,489,483,481,483,478,471,466,494,497,487,488,486,483,476,477,501,499,495,490,495,487,480,483,510,504,503,488,492,487,488,478,505,503,503,506,496,492,490,494,3,3,3,3,2,3,3,3,3,2,3,2,2,2,2,3,3,3,3,3,2,2,2,3,3,3,3,2,3,3,3,3,4,3,3,3,3,3,3,3,3,4,3,3,3,3,3,3,3,4,3,3,3,3,3,3,4,5,3,4,3,3,4,5,5,5,5,5,5,5,5,5,5,5,5,5,5,5,5,5,5,5,5,5,5,5,5,5,5,5,5,5,5,5,5,5,5,5,5,5,5,5,5,5,5,5,5,5,5,5,5,5,5,5,5,5,5,5,5,5,5,5,5,5,5,5,5,5
23,479,480,471,475,469,470,470,468,482,473,481,473,475,470,468,462,492,478,477,486,478,476,470,468,498,491,491,486,483,477,474,464,504,497,493,488,487,485,476,472,499,498,491,488,486,484,479,473,509,509,498,497,492,488,490,478,506,505,504,496,491,493,495,487,3,3,3,3,2,3,3,3,3,3,3,2,3,2,3,3,3,4,3,3,3,3,3,3,3,3,3,3,3,3,3,3,4,3,3,3,3,3,3,3,4,4,3,3,3,3,3,3,5,4,4,3,3,4,3,3,5,5,3,4,4,4,4,5,5,5,5,5,5,5,5,5,5,5,5,5,5,5,5,5,5,5,5,5,5,5,5,5,5,5,5,5,5,5,5,5,5,5,5,5,5,5,5,5,5,5,5,5,5,5,5,5,5,5,5,5,5,5,5,5,5,5,5,5,5,5,5,5
24,477,480,468,471,465,464,460,468,492,486,479,478,467,471,471,461,490,482,481,475,477,472,469,464,494,491,485,487,484,474,473,472,504,493,490,486,488,478,481,476,493,497,500,487,485,482,477,481,506,503,499,499,491,493,484,485,511,510,501,502,491,494,493,481,3,3,3,3,2,3,3,3,3,3,3,2,2,3,3,3,3,4,3,3,2,3,2,3,4,3,3,2,3,2,3,3,3,3,3,3,3,2,3,3,3,3,4,3,3,3,3,3,3,4,4,4,3,3,3,3,4,4,3,4,4,3,3,6,5,5,5,5,5,5,5,5,5,5,5,5,5,5,5,5,5,5,5,5,5,5,5,5,5,5,5,5,5,5,5,5,5,5,5,5,5,5,5,5,5,5,5,5,5,5,5,5,5,5,5,5,5,5,5,5,5,5,5,5,5,5,5,5
25,484,482,478,474,467,465,464,459,488,484,474,476,474,469,468,467,494,493,479,482,485,474,471,462,497,486,500,483,475,476,482,470,504,491,495,485,489,475,478,477,505,496,501,487,487,488,486,479,505,506,499,497,491,492,490,485,509,505,502,505,497,497,491,496,4,3,3,3,3,3,3,3,3,3,3,3,3,3,3,3,4,3,3,3,3,3,3,3,4,3,3,3,3,2,3,3,4,3,3,3,3,3,3,3,4,4,4,3,3,3,3,4,4,4,3,4,4,3,3,3,5,4,3,4,4,4,4,5,5,5,5,5,5,5,5,5,5,5,5,5,5,5,5,5,5,5,5,5,5,5,5,5,5,5,5,5,5,5,5,5,5,5,5,5,5,5,5,5,5,5,5,5,5,5,5,5,5,5,5,5,5,5,5,5,5,5,5,5,5,5,5,5
26,479,485,480,472,468,469,466,460,491,485,482,473,473,472,468,464,487,491,487,481,473,479,473,470,500,489,485,481,483,471,472,470,501,488,491,487,482,484,476,476,508,494,495,491,489,488,486,478,504,499,492,497,492,485,488,492,500,504,508,499,498,489,500,494,4,3,3,3,2,3,3,3,4,2,3,3,2,2,3,3,3,4,3,3,3,3,3,3,3,3,3,2,2,3,3,3,4,3,3,3,3,3,3,3,3,4,3,3,3,3,4,3,4,3,3,3,3,3,3,4,5,5,3,4,3,3,4,5,5,5,5,5,5,5,5,5,5,5,5,5,5,5,5,5,5,5,5,5,5,5,5,5,5,5,5,5,5,5,5,5,5,5,5,5,5,5,5,5,5,5,5,5,5,5,5,5,5,5,5,5,5,5,5,5,5,5,5,5,5,5,5,5
27,485,487,474,469,473,464,466,464,485,480,483,475,473,467,466,464,491,490,481,483,477,475,473,464,500,493,485,483,479,480,481,464,497,492,489,493,482,483,478,477,500,495,498,491,486,487,485,485,508,493,506,501,494,488,486,486,507,503,503,498,495,496,500,491,4,3,3,3,3,3,3,3,3,3,3,3,3,3,3,3,3,3,3,3,2,3,3,3,3,3,3,3,3,3,3,3,4,3,3,3,3,3,3,4,4,4,4,3,3,3,4,4,4,4,4,4,3,4,3,3,4,5,4,4,4,4,4,6,5,5,5,5,5,5,5,5,5,5,5,5,5,5,5,5,5,5,5,5,5,5,5,5,5,5,5,5,5,5,5,5,5,5,5,5,5,5,5,5,5,5,5,5,5,5,5,5,5,5,5,5,5,5,5,5,5,5,5,5,5,5,5,5
28,477,480,474,475,460,464,465,463,487,478,479,475,472,472,466,464,495,486,485,480,480,473,467,469,499,491,486,484,483,474,476,472,499,494,493,491,488,483,476,476,502,494,496,500,495,490,481,481,505,501,501,492,493,492,488,485,513,499,503,509,503,490,492,491,3,3,3,3,2,2,3,3,3,3,3,3,2,2,2,3,3,4,3,3,2,2,2,3,3,3,3,2,2,2,3,3,4,3,3,3,3,3,3,3,3,3,3,3,3,3,3,3,4,4,4,3,3,3,3,4,5,4,3,4,3,3,3,5,5,5,5,5,5,5,5,5,5,5,5,5,5,5,5,5,5,5,5,5,5,5,5,5,5,5,5,5,5,5,5,5,5,5,5,5,5,5,5,5,5,5,5,5,5,5,5,5,5,5,5,5,5,5,5,5,5,5,5,5,5,5,5,5
29,480,478,474,473,464,469,461,470,483,481,474,474,473,471,470,467,486,487,483,479,479,473,468,469,499,493,496,485,481,475,474,471,492,492,493,490,488,481,477,477,502,501,490,483,491,486,480,485,498,500,496,495,491,488,488,487,508,520,505,504,490,490,494,494,3,3,3,3,2,3,3,3,3,3,3,3,3,2,3,3,4,4,3,3,2,3,3,4,3,3,3,3,3,2,3,3,5,3,3,3,3,3,3,3,4,3,3,3,3,3,3,3,4,4,4,3,4,4,3,4,4,5,4,4,3,3,4,6,5,5,5,5,5,5,5,5,5,5,5,5,5,5,5,5,5,5,5,5,5,5,5,5,5,5,5,5,5,5,5,5,5,5,5,5,5,5,5,5,5,5,5,5,5,5,5,5,5,5,5,5,5,5,5,5,5,5,5,5,5,5,5,5
30,478,477,473,476,467,471,463,461,479,480,482,471,472,472,466,457,488,488,480,480,475,477,471,472,493,490,488,484,477,478,476,470,496,493,492,488,488,479,481,473,504,492,489,488,492,484,483,489,509,497,497,493,492,485,488,479,519,503,504,499,490,494,500,492,3,3,3,3,2,3,3,2,3,3,3,2,2,2,2,2,3,3,3,3,2,2,3,3,3,3,3,2,3,2,3,3,4,3,3,3,3,3,3,3,3,4,3,3,3,3,3,3,4,3,3,4,3,3,3,4,4,4,3,4,3,3,4,6,5,5,5,5,5,5,5,5,5,5,5,5,5,5,5,5,5,5,5,5,5,5,5,5,5,5,5,5,5,5,5,5,5,5,5,5,5,5,5,5,5,5,5,5,5,5,5,5,5,5,5,5,5,5,5,5,5,5,5,5,5,5,5,5
31,485,479,475,471,471,468,462,460,484,484,479,472,477,472,468,469,486,486,482,483,476,484,468,466,495,488,483,482,479,475,476,467,499,499,490,480,480,484,477,477,511,492,494,492,491,484,479,479,508,501,491,491,493,481,490,490,511,500,502,499,492,495,497,497,4,3,3,3,3,3,3,3,3,3,3,3,3,3,3,3,4,3,3,3,3,3,3,3,4,3,3,3,3,3,3,3,4,4,3,3,3,3,3,4,4,4,4,3,3,3,3,4,4,4,4,4,4,3,3,4,3,5,3,4,3,3,4,7,5,5,5,5,5,5,5,5,5,5,5,5,5,5,5,5,5,5,5,5,5,5,5,5,5,5,5,5,5,5,5,5,5,5,5,5,5,5,5,5,5,5,5,5,5,5,5,5,5,5,5,5,5,5,5,5,5,5,5,5,5,5,5,5
32,480,477,474,469,463,465,463,469,489,478,478,479,471,466,468,463,488,493,486,483,479,473,473,464,490,488,494,486,482,479,477,472,497,491,486,487,486,482,475,479,505,493,485,487,490,485,478,478,508,508,500,495,505,493,484,488,509,510,503,501,499,491,491,485,4,3,3,3,2,2,3,3,3,3,3,3,2,2,2,2,3,3,3,3,2,3,3,3,3,3,3,3,2,2,3,3,3,3,3,3,2,3,3,3,3,4,3,3,3,3,3,3,4,4,3,3,4,4,3,4,6,4,3,4,3,4,4,5,5,5,5,5,5,5,5,5,5,5,5,5,5,5,5,5,5,5,5,5,5,5,5,5,5,5,5,5,5,5,5,5,5,5,5,5,5,5,5,5,5,5,5,5,5,5,5,5,5,5,5,5,5,5,5,5,5,5,5,5,5,5,5,5
33,488,482,470,473,472,471,460,465,484,483,482,476,462,470,463,466,488,491,481,482,481,471,472,469,493,493,491,484,480,480,472,466,499,495,486,491,488,478,479,474,500,500,493,498,490,485,479,481,506,503,497,501,492,492,492,484,509,509,504,493,489,492,495,493,4,3,3,3,3,3,3,3,4,3,3,3,3,2,3,3,3,4,3,3,3,3,3,3,3,3,3,3,3,3,3,3,4,3,3,3,3,3,3,3,3,3,3,3,3,3,3,3,4,4,3,4,4,4,4,4,4,4,4,4,4,3,4,5,5,5,5,5,5,5,5,5,5,5,5,5,5,5,5,5,5,5,5,5,5,5,5,5,5,5,5,5,5,5,5,5,5,5,5,5,5,5,5,5,5,5,5,5,5,5,5,5,5,5,5,5,5,5,5,5,5,5,5,5,5,5,5,5
34,475,480,468,473,465,464,461,462,484,481,482,480,475,468,466,463,483,491,490,480,480,472,473,466,496,488,487,486,475,479,476,467,503,491,488,494,486,482,478,477,508,507,490,493,491,486,483,480,506,498,499,493,489,484,490,483,510,508,507,494,498,494,492,488,3,3,3,3,2,3,3,3,3,3,3,3,3,2,2,3,4,4,3,3,2,3,3,3,3,3,3,2,3,2,3,3,3,3,3,3,2,3,2,3,4,4,3,3,3,3,3,3,4,4,3,3,3,3,3,4,4,4,3,4,3,3,4,5,5,5,5,5,5,5,5,5,5,5,5,5,5,5,5,5,5,5,5,5,5,5,5,5,5,5,5,5,5,5,5,5,5,5,5,5,5,5,5,5,5,5,5,5,5,5,5,5,5,5,5,5,5,5,5,5,5,5,5,5,5,5,5,5
35,472,480,480,470,465,467,465,465,492,486,482,474,478,472,468,468,488,489,483,480,477,469,470,465,498,487,492,480,478,477,476,473,494,498,493,487,485,482,484,476,503,499,492,494,489,486,477,477,507,506,499,494,498,493,482,485,502,514,510,500,498,494,495,482,3,3,3,3,3,3,3,3,3,3,3,3,3,3,3,3,4,3,3,3,2,3,3,3,3,3,3,3,3,3,3,3,4,3,3,3,3,3,3,3,4,4,3,3,3,3,3,4,4,4,4,3,4,3,4,4,5,5,4,3,3,3,3,5,5,5,5,5,5,5,5,5,5,5,5,5,5,5,5,5,5,5,5,5,5,5,5,5,5,5,5,5,5,5,5,5,5,5,5,5,5,5,5,5,5,5,5,5,5,5,5,5,5,5,5,5,5,5,5,5,5,5,5,5,5,5,5,5
36,481,484,470,466,470,463,467,457,495,487,475,477,473,470,473,465,485,487,482,481,477,472,465,468,493,497,484,480,480,481,473,467,497,497,491,488,485,488,478,483,497,494,489,495,486,481,487,472,510,509,497,491,493,489,491,492,514,508,512,507,500,491,492,483,3,3,3,3,3,3,3,3,4,2,3,3,2,2,3,3,4,4,3,3,2,2,3,3,3,3,3,2,2,3,3,3,3,3,3,3,2,3,3,3,3,4,3,3,3,3,3,3,4,4,3,4,3,3,3,4,4,4,4,4,3,3,4,5,5,5,5,5,5,5,5,5,5,5,5,5,5,5,5,5,5,5,5,5,5,5,5,5,5,5,5,5,5,5,5,5,5,5,5,5,5,5,5,5,5,5,5,5,5,5,5,5,5,5,5,5,5,5,5,5,5,5,5,5,5,5,5,5
37,479,479,473,473,471,465,459,470,484,478,478,476,474,468,469,463,488,485,482,476,479,472,481,464,497,489,484,474,482,473,471,475,496,488,491,491,484,486,476,481,501,497,494,488,494,487,484,471,505,502,500,497,497,491,500,490,512,515,497,502,490,499,491,476,4,3,3,3,3,2,3,3,3,3,3,3,3,2,3,3,4,4,3,3,2,3,3,3,4,3,3,3,3,2,3,3,4,3,3,3,3,3,3,4,4,4,3,3,3,3,3,3,4,4,4,3,4,3,4,4,5,4,3,4,4,4,4,5,5,5,5,5,5,5,5,5,5,5,5,5,5,5,5,5,5,5,5,5,5,5,5,5,5,5,5,5,5,5,5,5,5,5,5,5,5,5,5,5,5,5,5,5,5,5,5,5,5,5,5,5,5,5,5,5,5,5,5,5,5,5,5,5
38,479,477,476,476,468,469,465,458,493,478,481,474,472,471,467,466,488,483,483,474,479,474,468,466,495,492,484,486,474,483,474,469,491,492,486,488,484,479,477,477,509,494,494,493,487,483,476,482,513,496,502,492,492,487,482,480,504,506,508,499,501,494,491,480,3,3,3,3,2,2,3,3,3,3,3,2,2,2,2,3,3,4,3,3,2,2,2,3,3,3,3,3,3,3,3,3,4,3,3,3,3,3,3,3,4,3,3,3,3,3,3,3,3,4,3,4,3,3,4,3,4,4,3,3,3,3,3,5,5,5,5,5,5,5,5,5,5,5,5,5,5,5,5,5,5,5,5,5,5,5,5,5,5,5,5,5,5,5,5,5,5,5,5,5,5,5,5,5,5,5,5,5,5,5,5,5,5,5,5,5,5,5,5,5,5,5,5,5,5,5,5,5
39,486,480,474,469,467,466,466,460,484,482,481,477,473,469,471,463,489,495,482,480,478,469,471,468,494,488,487,483,482,475,473,473,500,491,490,490,493,484,483,472,500,490,499,495,490,479,485,480,502,504,499,497,495,487,488,488,512,508,506,494,490,489,490,498,4,3,3,3,2,3,3,3,3,2,3,3,2,3,3,3,3,3,3,3,2,3,3,3,3,3,3,2,3,3,3,3,4,3,3,3,3,3,3,4,4,4,4,3,3,3,4,3,4,5,3,3,4,3,3,4,4,6,3,4,4,4,4,5,5,5,5,5,5,5,5,5,5,5,5,5,5,5,5,5,5,5,5,5,5,5,5,5,5,5,5,5,5,5,5,5,5,5,5,5,5,5,5,5,5,5,5,5,5,5,5,5,5,5,5,5,5,5,5,5,5,5,5,5,5,5,5,5
40,486,475,471,473,467,469,463,462,483,479,479,470,468,470,467,466,488,489,477,481,480,470,463,468,498,488,487,486,481,482,472,467,502,489,492,491,484,480,480,478,498,496,501,486,481,485,480,486,504,504,491,500,494,485,486,488,510,497,500,492,499,486,489,494,4,3,3,3,3,3,3,3,3,3,3,2,2,2,3,3,4,3,3,3,2,3,2,3,3,3,3,3,3,2,3,3,4,3,3,3,3,3,3,3,3,4,3,3,3,3,3,3,3,4,4,3,3,3,3,4,4,5,3,4,3,4,4,5,5,5,5,5,5,5,5,5,5,5,5,5,5,5,5,5,5,5,5,5,5,5,5,5,5,5,5,5,5,5,5,5,5,5,5,5,5,5,5,5,5,5,5,5,5,5,5,5,5,5,5,5,5,5,5,5,5,5,5,5,5,5,5,5
41,475,489,477,476,462,468,464,454,484,483,483,473,474,470,464,469,490,486,487,476,477,473,469,468,494,493,486,485,478,471,475,472,503,493,488,490,487,484,484,475,498,501,493,496,492,483,478,480,500,502,497,487,491,494,492,486,503,513,500,500,499,495,489,495,4,3,3,3,2,3,3,3,3,3,3,3,3,3,3,3,4,3,3,3,3,3,3,3,4,4,3,3,3,3,3,3,4,3,3,3,3,3,3,3,3,4,4,4,3,3,3,4,4,4,3,4,3,3,3,4,4,5,3,4,3,4,4,5,5,5,5,5,5,5,5,5,5,5,5,5,5,5,5,5,5,5,5,5,5,5,5,5,5,5,5,5,5,5,5,5,5,5,5,5,5,5,5,5,5,5,5,5,5,5,5,5,5,5,5,5,5,5,5,5,5,5,5,5,5,5,5,5
42,482,477,480,470,468,466,466,462,489,484,481,472,471,472,465,462,494,485,486,480,476,473,470,475,491,486,484,484,484,474,474,471,498,492,488,484,488,485,475,471,504,501,498,485,492,479,486,480,504,502,500,491,491,490,491,488,508,514,501,500,497,492,495,493,4,3,3,3,2,3,3,2,3,3,3,2,2,2,3,3,3,4,3,3,2,3,3,3,3,3,3,2,3,2,3,3,3,3,3,3,3,3,3,3,4,3,3,3,3,3,3,3,4,4,3,4,3,3,3,4,4,4,3,4,3,3,4,5,5,5,5,5,5,5,5,5,5,5,5,5,5,5,5,5,5,5,5,5,5,5,5,5,5,5,5,5,5,5,5,5,5,5,5,5,5,5,5,5,5,5,5,5,5,5,5,5,5,5,5,5,5,5,5,5,5,5,5,5,5,5,5,5
43,479,479,468,473,464,464,461,464,481,477,484,471,475,473,468,463,488,486,480,482,480,475,475,475,500,491,493,483,481,476,474,468,503,497,491,489,489,482,482,477,498,493,497,493,488,487,483,482,503,506,503,503,492,486,483,484,513,515,510,501,488,478,494,503,4,3,3,3,2,3,3,3,3,3,3,3,3,3,3,3,3,4,3,3,2,3,3,3,4,3,3,3,3,3,3,3,4,4,3,3,3,3,3,3,4,4,3,4,3,3,3,4,4,4,3,3,3,4,3,4,4,4,4,4,4,4,4,5,5,5,5,5,5,5,5,5,5,5,5,5,5,5,5,5,5,5,5,5,5,5,5,5,5,5,5,5,5,5,5,5,5,5,5,5,5,5,5,5,5,5,5,5,5,5,5,5,5,5,5,5,5,5,5,5,5,5,5,5,5,5,5,5
44,479,482,473,473,469,469,464,465,484,477,476,476,474,469,467,466,491,489,482,481,474,475,462,473,492,492,484,484,482,483,476,467,499,502,493,487,484,483,478,474,501,491,493,492,493,479,485,481,502,505,500,493,487,482,487,484,504,510,497,499,496,490,478,490,4,3,3,3,2,3,3,3,3,3,3,2,2,2,3,3,4,3,3,3,2,3,2,3,3,3,3,3,2,3,3,3,4,3,3,3,3,3,3,3,3,3,3,3,3,3,3,3,3,4,3,4,3,3,3,4,4,4,3,4,3,3,4,5,5,5,5,5,5,5,5,5,5,5,5,5,5,5,5,5,5,5,5,5,5,5,5,5,5,5,5,5,5,5,5,5,5,5,5,5,5,5,5,5,5,5,5,5,5,5,5,5,5,5,5,5,5,5,5,5,5,5,5,5,5,5,5,5
45,483,481,470,470,469,468,463,457,486,477,478,475,471,468,469,461,490,483,482,482,473,471,472,467,494,489,492,481,477,480,477,469,491,494,491,487,490,485,478,477,503,494,490,492,494,483,483,477,508,498,495,496,498,495,486,486,514,509,502,498,496,488,500,483,4,3,3,3,2,3,3,3,3,3,3,3,3,3,3,3,4,4,3,3,2,3,3,3,3,3,3,3,3,3,3,3,4,3,3,3,3,3,3,3,3,4,4,3,3,3,3,4,5,4,3,3,3,3,3,4,5,6,4,4,4,4,4,5,5,5,5,5,5,5,5,5,5,5,5,5,5,5,5,5,5,5,5,5,5,5,5,5,5,5,5,5,5,5,5,5,5,5,5,5,5,5,5,5,5,5,5,5,5,5,5,5,5,5,5,5,5,5,5,5,5,5,5,5,5,5,5,5
46,480,477,475,472,469,462,467,460,492,484,474,478,471,462,465,460,493,482,484,480,476,474,473,468,494,484,493,483,483,475,473,472,496,492,490,487,478,484,473,474,499,490,492,489,492,487,486,484,511,501,494,501,492,488,490,483,504,506,509,494,496,498,498,484,3,3,3,3,2,2,3,2,3,2,3,2,3,3,3,3,3,4,3,3,2,3,3,3,3,3,3,2,2,2,3,3,3,3,3,3,3,3,2,3,3,3,3,3,4,3,3,3,3,4,4,3,3,3,3,4,5,6,4,4,3,3,4,5,5,5,5,5,5,5,5,5,5,5,5,5,5,5,5,5,5,5,5,5,5,5,5,5,5,5,5,5,5,5,5,5,5,5,5,5,5,5,5,5,5,5,5,5,5,5,5,5,5,5,5,5,5,5,5,5,5,5,5,5,5,5,5,5
47,489,482,475,468,470,472,458,463,489,477,480,476,474,466,476,462,488,493,480,481,477,471,468,464,493,497,487,480,482,476,472,472,495,484,490,488,485,484,481,474,501,496,489,485,484,478,485,490,498,502,498,495,492,486,491,483,512,515,506,500,496,499,498,483,3,3,3,3,3,3,3,3,4,3,3,3,3,2,3,3,3,3,3,3,3,3,3,3,3,3,3,3,3,2,3,3,4,3,3,3,3,3,3,3,4,4,3,3,3,3,3,3,4,4,4,3,3,3,3,4,4,5,3,4,3,3,4,5,5,5,5,5,5,5,5,5,5,5,5,5,5,5,5,5,5,5,5,5,5,5,5,5,5,5,5,5,5,5,5,5,5,5,5,5,5,5,5,5,5,5,5,5,5,5,5,5,5,5,5,5,5,5,5,5,5,5,5,5,5,5,5,5
48,490,480,470,476,466,467,466,462,485,482,483,475,473,470,471,462,495,492,484,479,481,472,471,469,494,487,487,485,477,479,474,470,498,494,493,486,482,484,480,477,502,501,494,492,486,482,481,482,507,500,491,497,491,485,494,487,508,510,509,504,491,493,496,482,4,3,3,3,2,3,3,3,3,2,3,3,3,2,3,3,3,3,3,2,2,2,3,3,3,3,3,2,3,2,3,3,3,3,3,3,3,3,3,3,4,3,3,3,3,3,3,3,4,4,4,3,3,3,3,4,4,5,3,4,4,3,4,5,5,5,5,5,5,5,5,5,5,5,5,5,5,5,5,5,5,5,5,5,5,5,5,5,5,5,5,5,5,5,5,5,5,5,5,5,5,5,5,5,5,5,5,5,5,5,5,5,5,5,5,5,5,5,5,5,5,5,5,5,5,5,5,5
49,487,481,478,474,468,462,464,466,489,484,475,475,478,470,469,465,486,483,484,476,475,479,470,460,492,487,487,483,477,477,476,469,494,491,490,491,491,483,480,478,507,503,502,493,490,485,480,476,500,500,492,500,494,496,492,477,503,505,502,500,500,490,495,492,4,3,3,3,3,3,3,3,3,4,3,3,3,3,3,3,3,4,3,3,2,3,3,3,3,3,3,3,3,3,3,3,4,3,3,3,3,3,3,3,4,3,4,4,3,3,3,3,3,4,4,3,4,3,3,4,4,5,3,4,4,4,4,5,5,5,5,5,5,5,5,5,5,5,5,5,5,5,5,5,5,5,5,5,5,5,5,5,5,5,5,5,5,5,5,5,5,5,5,5,5,5,5,5,5,5,5,5,5,5,5,5,5,5,5,5,5,5,5,5,5,5,5,5,5,5,5,5
50,480,479,473,475,467,463,464,464,485,476,475,475,476,468,467,460,491,483,484,476,478,476,467,472,499,482,485,487,474,472,472,474,497,493,488,490,488,480,476,475,496,496,492,487,484,488,478,474,515,501,495,491,492,479,489,488,513,507,501,501,498,483,488,492,3,3,3,3,2,3,3,3,3,3,3,3,2,2,3,2,3,4,3,3,2,2,3,3,3,3,3,2,3,2,3,3,4,3,3,3,3,3,3,3,3,4,3,3,3,3,3,3,4,4,3,3,3,3,3,4,4,4,3,4,3,4,4,5,5,5,5,5,5,5,5,5,5,5,5,5,5,5,5,5,5,5,5,5,5,5,5,5,5,5,5,5,5,5,5,5,5,5,5,5,5,5,5,5,5,5,5,5,5,5,5,5,5,5,5,5,5,5,5,5,5,5,5,5,5,5,5,5
51,485,483,469,472,467,472,462,462,489,481,481,477,471,468,468,468,495,481,482,477,480,473,470,462,495,485,490,484,479,481,472,473,492,496,495,490,490,485,478,478,498,502,490,492,491,485,487,482,503,501,499,491,499,492,493,494,504,514,503,501,502,494,494,485,4,3,3,3,2,3,3,3,4,3,3,3,2,3,3,3,4,4,3,3,2,3,3,3,3,3,3,3,3,3,3,3,4,3,3,3,3,3,3,3,3,3,3,3,3,3,4,3,4,4,3,4,4,3,4,4,4,4,4,5,4,4,4,5,5,5,5,5,5,5,5,5,5,5,5,5,5,5,5,5,5,5,5,5,5,5,5,5,5,5,5,5,5,5,5,5,5,5,5,5,5,5,5,5,5,5,5,5,5,5,5,5,5,5,5,5,5,5,5,5,5,5,5,5,5,5,5,5
52,479,473,473,471,468,469,462,467,491,485,483,474,472,469,472,465,485,489,480,482,479,473,473,467,488,486,491,480,483,474,470,470,498,490,493,491,485,483,477,474,502,490,497,496,493,486,479,479,508,508,497,494,491,491,490,488,509,513,505,497,500,487,491,485,3,3,3,3,2,3,3,3,3,3,3,3,3,2,3,3,3,4,3,3,2,3,3,3,4,3,3,2,2,2,3,3,4,3,3,3,2,2,3,3,3,4,3,4,3,3,3,3,3,4,3,3,3,3,3,4,4,5,3,4,3,4,4,5,5,5,5,5,5,5,5,5,5,5,5,5,5,5,5,5,5,5,5,5,5,5,5,5,5,5,5,5,5,5,5,5,5,5,5,5,5,5,5,5,5,5,5,5,5,5,5,5,5,5,5,5,5,5,5,5,5,5,5,5,5,5,5,5
53,479,484,476,476,470,462,468,467,489,477,478,478,474,473,464,465,488,498,486,480,477,472,471,472,491,493,488,481,475,477,473,472,500,488,493,491,484,481,478,472,501,499,488,488,492,480,485,476,500,501,501,489,488,489,490,483,516,504,493,495,494,492,499,493,4,3,3,3,2,2,3,3,3,3,3,3,3,3,3,3,3,3,3,3,2,3,3,3,3,4,3,2,3,2,3,3,4,3,3,3,3,3,3,3,3,3,3,3,3,3,3,4,4,4,4,4,3,3,3,4,5,5,3,4,4,3,4,5,5,5,5,5,5,5,5,5,5,5,5,5,5,5,5,5,5,5,5,5,5,5,5,5,5,5,5,5,5,5,5,5,5,5,5,5,5,5,5,5,5,5,5,5,5,5,5,5,5,5,5,5,5,5,5,5,5,5,5,5,5,5,5,5
54,484,476,473,473,467,470,464,453,485,478,481,472,475,469,466,468,491,481,479,474,480,471,468,471,495,489,483,483,475,479,474,475,498,497,494,491,490,481,480,477,498,491,495,493,487,484,482,485,495,505,493,500,494,484,492,489,520,509,498,501,490,494,498,490,3,3,3,3,3,2,3,3,3,3,3,2,3,2,2,3,3,3,3,2,2,3,2,3,3,3,3,3,3,2,3,3,4,3,3,3,3,2,3,3,3,3,3,3,3,3,3,3,4,4,4,3,4,3,3,4,4,4,3,3,4,3,4,6,5,5,5,5,5,5,5,5,5,5,5,5,5,5,5,5,5,5,5,5,5,5,5,5,5,5,5,5,5,5,5,5,5,5,5,5,5,5,5,5,5,5,5,5,5,5,5,5,5,5,5,5,5,5,5,5,5,5,5,5,5,5,5,5
55,480,478,471,478,468,467,463,464,497,478,483,472,469,477,473,466,487,495,485,482,474,474,471,473,485,492,484,488,479,478,471,468,496,495,494,490,484,484,481,474,500,490,494,493,491,485,486,482,502,501,497,492,486,493,489,485,512,510,505,493,495,497,492,493,4,3,3,3,2,3,3,3,4,3,3,3,3,3,2,3,3,3,3,3,3,3,3,3,4,3,3,3,3,3,3,3,3,4,3,3,3,3,3,3,4,4,4,3,3,3,3,4,4,4,4,3,3,3,3,3,5,5,4,4,4,4,4,6,5,5,5,5,5,5,5,5,5,5,5,5,5,5,5,5,5,5,5,5,5,5,5,5,5,5,5,5,5,5,5,5,5,5,5,5,5,5,5,5,5,5,5,5,5,5,5,5,5,5,5,5,5,5,5,5,5,5,5,5,5,5,5,5
56,482,480,475,474,468,460,464,462,483,480,479,471,476,472,468,467,489,488,483,486,477,473,474,468,493,487,489,488,481,478,477,469,498,499,488,483,480,484,476,478,505,492,495,493,480,487,486,478,510,501,500,496,487,490,492,492,518,508,498,511,495,495,495,491,4,3,3,3,2,2,3,3,3,2,3,2,3,2,2,3,3,3,3,3,2,3,3,3,3,3,3,2,2,2,3,3,3,3,3,3,3,3,3,3,3,3,3,3,3,3,3,3,4,4,4,4,3,3,3,4,4,5,3,4,3,3,3,6,5,5,5,5,5,5,5,5,5,5,5,5,5,5,5,5,5,5,5,5,5,5,5,5,5,5,5,5,5,5,5,5,5,5,5,5,5,5,5,5,5,5,5,5,5,5,5,5,5,5,5,5,5,5,5,5,5,5,5,5,5,5,5,5
57,481,484,473,475,473,466,459,465,489,488,482,475,472,470,473,467,491,492,488,482,475,475,465,473,496,489,485,477,486,479,471,477,491,494,487,496,481,478,483,475,500,507,498,491,492,485,480,475,501,503,489,500,492,486,488,484,506,502,497,507,503,497,490,490,4,3,3,3,3,3,3,3,4,3,3,3,3,3,3,3,4,4,3,3,2,3,2,2,4,3,3,3,3,2,3,3,4,3,3,3,3,3,3,3,3,4,4,4,3,3,3,3,5,4,3,3,3,3,3,3,4,5,4,4,4,4,3,5,5,5,5,5,5,5,5,5,5,5,5,5,5,5,5,5,5,5,5,5,5,5,5,5,5,5,5,5,5,5,5,5,5,5,5,5,5,5,5,5,5,5,5,5,5,5,5,5,5,5,5,5,5,5,5,5,5,5,5,5,5,5,5,5
58,481,480,476,476,465,468,463,467,491,484,477,475,478,469,468,465,487,490,477,477,475,473,469,463,493,491,484,481,478,480,473,473,502,494,487,482,485,478,479,477,497,496,491,489,488,487,480,481,504,499,503,495,494,485,490,487,513,510,507,499,495,491,493,483,4,3,3,3,3,3,3,3,3,3,3,2,2,2,3,3,4,3,3,3,2,3,2,3,3,3,3,2,3,2,3,3,3,3,3,3,3,3,3,3,3,3,3,3,3,3,3,3,4,4,3,3,3,3,4,3,4,5,3,4,4,4,4,5,5,5,5,5,5,5,5,5,5,5,5,5,5,5,5,5,5,5,5,5,5,5,5,5,5,5,5,5,5,5,5,5,5,5,5,5,5,5,5,5,5,5,5,5,5,5,5,5,5,5,5,5,5,5,5,5,5,5,5,5,5,5,5,5
59,478,481,477,471,471,468,465,461,487,484,476,478,475,471,465,463,491,484,486,480,476,471,468,467,491,484,484,487,476,482,472,474,501,488,485,489,488,482,484,478,505,491,498,492,486,484,478,479,502,498,498,494,487,491,490,488,509,501,509,503,502,491,499,488,4,3,3,3,2,3,3,3,3,3,3,3,3,2,3,3,3,4,3,3,2,3,3,3,4,3,3,3,3,3,3,3,4,3,3,3,3,3,3,3,4,3,3,3,3,3,3,3,4,4,3,4,3,3,3,4,4,5,4,4,3,3,4,5,5,5,5,5,5,5,5,5,5,5,5,5,5,5,5,5,5,5,5,5,5,5,5,5,5,5,5,5,5,5,5,5,5,5,5,5,5,5,5,5,5,5,5,5,5,5,5,5,5,5,5,5,5,5,5,5,5,5,5,5,5,5,5,5
60,483,478,474,474,468,462,464,464,486,486,476,474,477,468,468,462,485,492,480,482,480,472,475,464,495,486,484,490,482,477,472,475,497,497,494,490,485,484,480,470,506,494,494,489,488,482,483,474,505,498,506,489,493,482,484,483,518,507,505,499,497,495,489,483,3,3,3,3,3,3,3,3,3,3,3,3,2,2,3,3,3,3,3,3,3,3,3,3,3,3,3,3,2,2,3,3,3,3,3,2,3,3,3,3,4,4,4,3,3,3,3,3,4,4,3,3,3,3,3,4,5,5,3,4,3,3,3,5,5,5,5,5,5,5,5,5,5,5,5,5,5,5,5,5,5,5,5,5,5,5,5,5,5,5,5,5,5,5,5,5,5,5,5,5,5,5,5,5,5,5,5,5,5,5,5,5,5,5,5,5,5,5,5,5,5,5,5,5,5,5,5,5
61,482,481,475,469,466,465,465,461,486,485,477,475,476,469,465,461,484,483,476,480,472,475,471,469,495,487,486,484,479,486,479,474,492,492,492,485,485,482,474,479,504,501,494,491,489,489,484,481,506,496,504,497,497,495,484,481,511,505,510,497,501,488,491,488,4,3,3,3,3,3,3,3,3,3,3,3,2,3,3,3,3,3,3,3,2,3,3,3,3,3,3,3,3,3,3,3,4,3,3,3,3,2,3,4,3,4,3,3,3,3,3,4,4,4,3,4,4,3,3,4,4,5,4,4,4,4,3,6,5,5,5,5,5,5,5,5,5,5,5,5,5,5,5,5,5,5,5,5,5,5,5,5,5,5,5,5,5,5,5,5,5,5,5,5,5,5,5,5,5,5,5,5,5,5,5,5,5,5,5,5,5,5,5,5,5,5,5,5,5,5,5,5
62,490,480,474,470,470,469,466,459,492,479,482,478,470,469,466,461,488,485,481,485,475,472,468,461,492,492,491,482,477,478,478,474,495,502,493,487,485,483,476,470,503,501,497,491,486,484,480,476,503,505,496,497,494,486,487,483,508,511,504,497,496,497,495,497,4,3,3,3,2,3,3,3,3,3,3,3,2,2,2,3,3,4,3,3,2,3,3,3,4,3,3,2,3,2,3,3,4,3,3,3,3,3,3,3,3,3,3,3,3,3,3,4,4,4,3,3,3,3,3,4,4,5,3,4,4,3,3,6,5,5,5,5,5,5,5,5,5,5,5,5,5,5,5,5,5,5,5,5,5,5,5,5,5,5,5,5,5,5,5,5,5,5,5,5,5,5,5,5,5,5,5,5,5,5,5,5,5,5,5,5,5,5,5,5,5,5,5,5,5,5,5,5
63,479,478,479,466,472,465,459,469,487,484,478,476,474,469,465,469,492,491,483,485,476,474,470,472,498,492,486,487,481,479,475,474,502,497,494,487,482,480,476,475,496,501,494,501,485,483,482,478,503,499,504,498,493,494,486,490,511,520,497,497,503,487,497,497,4,3,3,3,3,3,3,3,3,3,3,3,3,2,3,3,3,3,3,3,2,3,3,3,3,4,3,3,3,3,3,3,4,4,3,3,3,3,3,3,4,3,3,3,3,3,3,3,4,4,4,3,3,4,4,4,5,5,3,4,3,4,4,5,5,5,5,5,5,5,5,5,5,5,5,5,5,5,5,5,5,5,5,5,5,5,5,5,5,5,5,5,5,5,5,5,5,5,5,5,5,5,5,5,5,5,5,5,5,5,5,5,5,5,5,5,5,5,5,5,5,5,5,5,5,5,5,5
64,482,479,472,464,464,464,463,453,486,475,475,479,473,466,464,466,486,485,481,483,476,468,470,464,494,486,491,488,485,476,478,470,495,486,487,488,488,481,482,475,502,501,496,489,496,485,484,478,502,498,501,496,492,490,492,485,512,501,510,501,494,495,490,483,4,3,3,3,2,3,3,3,3,3,2,3,3,2,2,3,3,3,3,3,2,2,2,3,3,3,3,3,2,2,3,3,3,3,3,3,3,3,3,3,3,3,3,3,3,3,3,3,4,4,3,4,3,3,3,4,4,5,3,3,3,3,3,5,5,5,5,5,5,5,5,5,5,5,5,5,5,5,5,5,5,5,5,5,5,5,5,5,5,5,5,5,5,5,5,5,5,5,5,5,5,5,5,5,5,5,5,5,5,5,5,5,5,5,5,5,5,5,5,5,5,5,5,5,5,5,5,5
65,487,488,476,472,474,465,467,462,486,478,477,472,473,471,464,465,494,487,481,480,477,467,474,480,495,489,493,489,480,474,475,477,501,494,491,490,486,481,479,480,500,491,488,486,494,486,483,474,503,505,498,494,498,488,482,484,515,507,504,502,502,490,500,486,4,3,3,3,3,3,3,3,3,3,3,3,3,3,2,3,3,4,3,3,2,3,3,3,4,3,3,3,3,3,3,3,4,3,3,3,3,3,3,4,4,4,3,3,3,3,3,4,4,4,4,4,4,4,4,4,4,4,4,4,4,4,4,6,5,5,5,5,5,5,5,5,5,5,5,5,5,5,5,5,5,5,5,5,5,5,5,5,5,5,5,5,5,5,5,5,5,5,5,5,5,5,5,5,5,5,5,5,5,5,5,5,5,5,5,5,5,5,5,5,5,5,5,5,5,5,5,5
66,485,481,474,473,463,463,465,462,487,479,478,474,475,472,463,466,493,489,479,480,475,473,473,467,494,490,490,481,478,478,474,476,500,493,491,485,489,479,477,474,513,497,492,495,489,483,482,475,504,504,494,487,496,492,489,484,511,511,505,498,497,495,490,496,4,3,3,3,2,2,3,3,3,3,3,2,3,3,3,3,3,4,3,3,2,3,2,3,4,3,3,2,3,2,3,3,3,3,3,3,3,2,3,3,4,3,3,3,3,3,3,3,4,4,4,4,3,3,3,4,4,4,3,3,3,4,3,4,5,5,5,5,5,5,5,5,5,5,5,5,5,5,5,5,5,5,5,5,5,5,5,5,5,5,5,5,5,5,5,5,5,5,5,5,5,5,5,5,5,5,5,5,5,5,5,5,5,5,5,5,5,5,5,5,5,5,5,5,5,5,5,5
67,479,480,472,471,468,465,470,458,484,486,483,473,473,469,470,467,491,484,481,486,472,479,479,466,499,490,485,484,481,483,474,473,503,490,495,490,488,485,480,475,502,493,496,496,486,481,480,477,509,500,501,493,495,494,494,484,516,508,502,498,506,493,494,493,4,3,3,3,2,3,2,3,3,3,3,3,2,2,3,3,4,4,3,3,2,3,3,3,4,4,3,3,3,3,3,3,4,3,3,3,3,3,3,3,3,4,4,4,3,3,4,3,4,4,3,4,4,4,3,4,5,6,3,4,4,3,4,6,5,5,5,5,5,5,5,5,5,5,5,5,5,5,5,5,5,5,5,5,5,5,5,5,5,5,5,5,5,5,5,5,5,5,5,5,5,5,5,5,5,5,5,5,5,5,5,5,5,5,5,5,5,5,5,5,5,5,5,5,5,5,5,5
68,493,481,480,473,472,469,459,464,483,480,481,472,475,473,464,463,492,482,481,480,475,474,473,472,495,490,487,480,482,473,476,472,497,494,493,492,485,479,476,477,499,492,496,498,495,487,488,481,513,505,496,493,492,495,480,482,515,508,508,497,494,499,487,494,4,3,3,3,2,3,3,3,3,3,3,2,2,2,3,3,3,3,3,3,2,3,3,3,3,3,3,2,2,2,3,3,3,3,3,3,3,3,3,3,3,4,3,3,3,3,4,3,4,4,3,4,4,3,3,4,4,5,4,4,3,3,3,5,5,5,5,5,5,5,5,5,5,5,5,5,5,5,5,5,5,5,5,5,5,5,5,5,5,5,5,5,5,5,5,5,5,5,5,5,5,5,5,5,5,5,5,5,5,5,5,5,5,5,5,5,5,5,5,5,5,5,5,5,5,5,5,5
69,478,484,472,468,473,469,469,465,489,478,481,473,473,472,471,465,489,487,482,484,476,474,470,468,498,488,488,480,481,477,473,472,496,494,489,486,488,479,481,478,495,487,493,486,496,482,483,482,508,505,498,494,500,486,486,472,518,512,505,494,494,489,496,491,4,3,3,3,3,3,2,3,3,3,3,3,2,3,3,3,4,3,3,3,2,3,3,3,3,3,3,3,2,3,3,3,3,3,3,3,3,3,3,3,3,4,4,3,3,3,3,4,4,4,3,4,4,4,3,4,4,4,4,4,3,4,4,6,5,5,5,5,5,5,5,5,5,5,5,5,5,5,5,5,5,5,5,5,5,5,5,5,5,5,5,5,5,5,5,5,5,5,5,5,5,5,5,5,5,5,5,5,5,5,5,5,5,5,5,5,5,5,5,5,5,5,5,5,5,5,5,5
70,481,476,478,473,469,462,463,465,486,481,480,475,476,469,466,464,494,487,478,483,472,471,471,474,487,485,490,485,476,474,477,468,497,496,492,489,483,483,479,482,500,497,494,492,493,485,479,484,502,506,502,492,489,488,485,485,500,506,506,510,498,485,497,503,4,3,2,3,2,2,3,3,3,3,3,3,3,2,3,3,4,4,3,3,2,2,3,3,3,3,3,2,3,3,3,3,3,3,3,3,3,3,3,3,3,3,3,3,3,3,3,3,4,4,3,4,3,3,3,4,5,5,4,4,3,3,3,5,5,5,5,5,5,5,5,5,5,5,5,5,5,5,5,5,5,5,5,5,5,5,5,5,5,5,5,5,5,5,5,5,5,5,5,5,5,5,5,5,5,5,5,5,5,5,5,5,5,5,5,5,5,5,5,5,5,5,5,5,5,5,5,5
71,482,479,479,471,469,463,462,462,491,484,479,471,469,470,461,460,489,484,482,479,480,474,467,469,498,485,489,482,474,479,475,467,492,492,496,484,481,489,479,479,502,499,494,490,494,488,483,478,508,501,498,488,491,490,488,478,509,518,508,498,501,493,495,486,4,3,3,3,3,3,3,3,4,3,3,3,3,2,3,3,4,4,3,3,3,3,3,3,3,3,3,2,3,3,3,3,3,3,4,3,3,3,3,3,3,3,4,3,3,3,3,3,5,4,3,4,3,4,3,3,4,4,4,4,4,3,4,5,5,5,5,5,5,5,5,5,5,5,5,5,5,5,5,5,5,5,5,5,5,5,5,5,5,5,5,5,5,5,5,5,5,5,5,5,5,5,5,5,5,5,5,5,5,5,5,5,5,5,5,5,5,5,5,5,5,5,5,5,5,5,5,5
72,480,474,473,471,470,468,467,462,486,476,478,467,474,471,468,466,489,481,483,481,476,479,472,469,497,489,483,481,477,484,469,476,499,492,488,488,489,470,479,477,509,498,499,489,490,486,482,480,505,503,499,490,491,491,490,483,503,498,509,502,501,492,485,487,3,3,3,3,2,3,3,3,3,3,3,2,3,2,3,3,3,4,3,3,2,3,3,3,3,3,3,3,2,3,3,3,3,3,3,3,2,3,3,3,4,4,3,3,3,3,3,3,4,4,3,3,3,3,3,4,4,5,4,4,3,3,3,5,5,5,5,5,5,5,5,5,5,5,5,5,5,5,5,5,5,5,5,5,5,5,5,5,5,5,5,5,5,5,5,5,5,5,5,5,5,5,5,5,5,5,5,5,5,5,5,5,5,5,5,5,5,5,5,5,5,5,5,5,5,5,5,5
73,488,477,473,470,469,462,466,463,485,482,478,473,476,466,472,471,484,486,484,482,478,470,470,467,495,492,493,486,485,476,472,478,499,487,491,482,485,483,481,476,501,488,500,492,494,481,483,472,503,500,501,502,496,488,489,482,511,507,499,508,501,500,486,493,4,3,3,3,3,3,3,3,3,3,3,3,3,2,3,3,4,4,3,3,2,3,3,3,3,3,3,3,3,3,3,3,4,3,3,3,3,3,3,3,4,3,4,4,4,3,3,3,4,4,4,4,3,4,3,4,4,5,4,4,3,4,4,6,5,5,5,5,5,5,5,5,5,5,5,5,5,5,5,5,5,5,5,5,5,5,5,5,5,5,5,5,5,5,5,5,5,5,5,5,5,5,5,5,5,5,5,5,5,5,5,5,5,5,5,5,5,5,5,5,5,5,5,5,5,5,5,5
74,473,475,470,471,467,466,464,461,486,485,477,478,470,470,466,460,490,488,480,482,475,474,473,468,497,487,484,487,482,475,477,470,497,492,492,489,481,480,479,477,504,502,495,493,495,486,483,476,505,503,504,496,495,488,492,488,509,513,503,491,500,490,499,498,3,3,3,3,3,2,3,3,3,3,3,3,2,2,2,2,3,4,3,3,2,2,3,3,3,3,3,2,3,2,3,3,4,3,3,3,3,3,3,3,3,3,3,3,3,3,3,3,3,4,3,4,3,3,3,4,4,4,3,4,3,3,3,5,5,5,5,5,5,5,5,5,5,5,5,5,5,5,5,5,5,5,5,5,5,5,5,5,5,5,5,5,5,5,5,5,5,5,5,5,5,5,5,5,5,5,5,5,5,5,5,5,5,5,5,5,5,5,5,5,5,5,5,5,5,5,5,5
75,483,483,477,470,471,465,464,462,483,485,483,475,474,470,473,466,487,485,477,484,473,469,474,469,495,491,488,482,481,479,480,476,503,487,492,491,486,482,477,483,499,499,493,491,493,487,482,478,512,492,499,491,496,490,482,492,514,501,511,506,497,488,483,494,4,3,3,3,3,3,3,3,3,3,3,3,3,2,3,3,4,4,3,3,3,3,3,3,4,4,3,3,3,3,3,3,4,3,3,3,3,3,3,4,3,3,3,3,3,3,4,3,4,3,3,4,3,3,3,4,4,5,4,5,3,3,4,7,5,5,5,5,5,5,5,5,5,5,5,5,5,5,5,5,5,5,5,5,5,5,5,5,5,5,5,5,5,5,5,5,5,5,5,5,5,5,5,5,5,5,5,5,5,5,5,5,5,5,5,5,5,5,5,5,5,5,5,5,5,5,5,5
76,476,481,475,470,466,463,461,462,480,485,476,479,474,467,468,464,484,489,485,480,474,472,471,469,498,492,490,480,479,480,474,473,497,493,491,485,483,483,477,475,510,492,496,501,487,492,485,481,503,504,498,500,490,482,490,485,507,513,500,504,493,490,498,491,3,3,3,3,2,2,3,3,3,3,3,2,2,2,3,3,3,3,3,3,2,3,3,3,3,3,3,2,3,2,3,3,4,3,3,3,2,3,3,3,4,4,3,3,3,3,3,3,4,4,3,3,3,3,3,3,4,4,3,4,3,3,4,6,5,5,5,5,5,5,5,5,5,5,5,5,5,5,5,5,5,5,5,5,5,5,5,5,5,5,5,5,5,5,5,5,5,5,5,5,5,5,5,5,5,5,5,5,5,5,5,5,5,5,5,5,5,5,5,5,5,5,5,5,5,5,5,5
77,485,477,473,477,470,467,460,462,490,482,480,478,470,469,468,462,491,488,480,481,478,470,467,472,495,493,488,484,479,481,472,473,501,495,489,489,485,482,485,476,507,486,498,491,489,485,480,482,515,502,498,500,489,488,487,486,519,503,506,493,495,490,494,487,3,2,3,3,3,3,3,3,3,3,3,3,2,2,3,3,3,4,3,3,2,3,3,3,3,4,3,3,3,3,3,3,4,3,3,3,3,3,3,4,4,4,4,3,3,3,3,3,3,4,3,3,3,4,3,5,5,5,4,4,4,3,4,5,5,5,5,5,5,5,5,5,5,5,5,5,5,5,5,5,5,5,5,5,5,5,5,5,5,5,5,5,5,5,5,5,5,5,5,5,5,5,5,5,5,5,5,5,5,5,5,5,5,5,5,5,5,5,5,5,5,5,5,5,5,5,5,5
78,478,480,469,477,469,464,468,461,487,477,480,476,477,468,473,463,494,493,480,480,477,478,470,468,491,497,489,484,478,480,479,471,497,490,489,490,489,479,474,479,503,499,491,486,491,487,487,478,502,504,491,495,492,490,488,488,512,506,501,501,489,496,500,496,3,3,3,3,3,2,2,3,3,3,3,3,2,2,3,3,3,3,3,3,2,3,3,3,4,2,3,2,3,2,3,3,3,3,3,3,3,3,2,3,3,4,3,3,3,3,3,3,4,4,3,4,3,3,3,3,4,4,3,3,3,3,4,5,5,5,5,5,5,5,5,5,5,5,5,5,5,5,5,5,5,5,5,5,5,5,5,5,5,5,5,5,5,5,5,5,5,5,5,5,5,5,5,5,5,5,5,5,5,5,5,5,5,5,5,5,5,5,5,5,5,5,5,5,5,5,5,5
79,476,476,477,468,469,465,465,466,487,483,481,474,467,474,464,464,487,490,484,481,482,474,471,476,492,486,479,484,482,482,473,479,499,503,492,489,484,483,480,474,499,492,496,486,493,490,483,478,501,508,494,496,492,489,487,491,498,510,499,505,496,493,491,488,4,3,3,3,3,3,3,3,4,3,3,3,3,3,3,3,3,3,3,3,2,3,3,3,3,3,3,3,3,2,3,4,4,4,3,3,3,3,3,3,4,3,3,3,3,3,3,3,4,4,3,3,4,4,3,4,5,5,3,4,4,3,4,5,5,5,5,5,5,5,5,5,5,5,5,5,5,5,5,5,5,5,5,5,5,5,5,5,5,5,5,5,5,5,5,5,5,5,5,5,5,5,5,5,5,5,5,5,5,5,5,5,5,5,5,5,5,5,5,5,5,5,5,5,5,5,5,5
80,479,481,473,472,470,464,467,458,488,481,481,473,469,474,465,463,485,491,485,479,478,473,473,467,498,489,487,486,485,484,475,473,498,491,494,488,493,482,476,471,501,499,496,490,489,482,486,477,505,503,512,494,492,484,490,485,504,514,497,503,494,492,490,488,4,3,3,3,2,2,2,3,3,2,3,2,2,2,3,3,3,4,3,3,2,3,3,3,3,3,3,3,2,2,2,3,3,3,3,3,3,3,3,3,3,3,3,3,3,3,4,3,4,4,3,3,3,3,3,3,5,4,3,4,4,3,3,6,5,5,5,5,5,5,5,5,5,5,5,5,5,5,5,5,5,5,5,5,5,5,5,5,5,5,5,5,5,5,5,5,5,5,5,5,5,5,5,5,5,5,5,5,5,5,5,5,5,5,5,5,5,5,5,5,5,5,5,5,5,5,5,5
81,480,482,475,474,470,463,462,464,489,482,481,475,473,469,469,465,492,485,482,480,477,474,469,465,497,488,494,482,476,476,478,476,501,494,487,497,485,484,470,475,502,497,495,488,492,484,487,472,503,499,496,500,486,482,483,494,507,500,506,504,495,491,487,488,3,3,3,3,3,2,3,3,3,3,3,3,2,2,3,3,4,4,3,3,2,3,3,3,3,3,3,3,3,2,3,4,4,3,3,3,3,3,3,3,3,3,4,3,3,3,3,4,4,4,3,4,3,3,3,4,4,4,4,5,4,4,4,6,5,5,5,5,5,5,5,5,5,5,5,5,5,5,5,5,5,5,5,5,5,5,5,5,5,5,5,5,5,5,5,5,5,5,5,5,5,5,5,5,5,5,5,5,5,5,5,5,5,5,5,5,5,5,5,5,5,5,5,5,5,5,5,5
82,482,480,480,475,469,470,466,465,486,485,473,472,474,469,468,470,483,486,484,479,479,471,474,464,491,489,485,487,477,477,468,475,495,495,484,488,486,480,478,468,501,501,499,487,485,487,483,476,511,500,504,491,500,483,495,488,507,517,502,497,496,497,496,485,4,3,3,3,3,3,2,3,3,3,3,3,2,2,3,2,4,4,3,3,2,3,3,3,4,3,3,2,3,3,3,3,3,3,3,3,3,3,3,3,3,3,3,3,3,3,3,3,3,4,3,4,3,3,3,4,4,4,4,4,3,4,4,5,5,5,5,5,5,5,5,5,5,5,5,5,5,5,5,5,5,5,5,5,5,5,5,5,5,5,5,5,5,5,5,5,5,5,5,5,5,5,5,5,5,5,5,5,5,5,5,5,5,5,5,5,5,5,5,5,5,5,5,5,5,5,5,5
83,479,481,474,469,470,466,465,464,485,476,480,474,469,471,462,464,490,494,487,481,476,473,474,470,493,487,489,481,478,477,472,472,499,492,489,495,489,482,477,482,502,501,493,490,487,484,482,482,504,500,503,496,496,489,496,487,516,502,501,502,495,492,500,491,4,3,3,3,3,3,3,3,3,3,3,3,3,3,3,3,4,4,3,3,2,3,3,3,3,3,3,3,3,2,3,3,3,3,3,3,3,3,3,4,3,4,3,3,3,3,3,3,4,4,3,4,4,4,3,4,5,5,3,4,4,3,4,5,5,5,5,5,5,5,5,5,5,5,5,5,5,5,5,5,5,5,5,5,5,5,5,5,5,5,5,5,5,5,5,5,5,5,5,5,5,5,5,5,5,5,5,5,5,5,5,5,5,5,5,5,5,5,5,5,5,5,5,5,5,5,5,5
84,485,481,484,471,464,464,465,458,483,478,479,470,470,466,465,465,490,495,485,478,472,476,466,465,488,488,486,486,478,475,472,470,495,495,487,484,484,488,478,475,506,496,493,490,484,483,482,484,502,496,500,499,491,491,484,487,519,511,503,500,495,489,496,484,4,3,3,3,3,2,3,3,3,3,3,2,3,2,2,3,3,3,3,3,2,3,3,3,3,3,3,3,2,2,3,3,4,3,3,3,3,3,3,3,4,3,3,3,3,3,3,3,4,3,3,3,4,3,3,3,4,4,3,4,3,3,4,4,5,5,5,5,5,5,5,5,5,5,5,5,5,5,5,5,5,5,5,5,5,5,5,5,5,5,5,5,5,5,5,5,5,5,5,5,5,5,5,5,5,5,5,5,5,5,5,5,5,5,5,5,5,5,5,5,5,5,5,5,5,5,5,5
85,488,480,472,467,471,475,462,470,482,484,481,474,476,468,469,463,491,491,488,481,481,473,473,467,496,489,486,482,479,481,474,473,508,490,490,487,483,485,480,476,505,487,494,491,486,482,481,476,508,498,500,500,493,488,490,486,509,507,505,500,500,495,494,498,4,3,3,3,3,3,3,3,3,3,3,3,3,2,2,3,3,3,3,3,3,3,3,3,3,3,3,3,3,3,3,3,4,3,3,3,3,3,3,3,4,4,3,4,3,3,3,3,4,4,3,4,3,3,3,4,5,6,3,4,3,4,4,5,5,5,5,5,5,5,5,5,5,5,5,5,5,5,5,5,5,5,5,5,5,5,5,5,5,5,5,5,5,5,5,5,5,5,5,5,5,5,5,5,5,5,5,5,5,5,5,5,5,5,5,5,5,5,5,5,5,5,5,5,5,5,5,5
86,487,481,472,476,468,465,460,459,489,481,482,480,475,468,468,463,490,490,481,475,478,474,471,468,495,490,492,484,476,476,475,468,496,496,489,485,486,480,480,480,503,501,493,493,488,488,483,481,501,502,497,493,490,486,486,482,507,513,494,505,503,488,494,494,3,3,3,3,2,3,3,3,3,3,3,3,2,2,3,3,3,3,3,2,2,3,3,3,3,3,3,2,3,2,3,3,4,3,3,3,3,3,3,3,4,3,3,3,3,3,3,3,4,4,3,3,3,3,3,3,4,4,3,4,3,3,4,6,5,5,5,5,5,5,5,5,5,5,5,5,5,5,5,5,5,5,5,5,5,5,5,5,5,5,5,5,5,5,5,5,5,5,5,5,5,5,5,5,5,5,5,5,5,5,5,5,5,5,5,5,5,5,5,5,5,5,5,5,5,5,5,5
87,484,474,469,478,469,471,466,463,490,482,479,480,477,469,462,469,494,483,482,477,479,474,466,463,501,497,489,485,483,482,476,473,498,493,489,491,489,487,478,474,497,495,493,494,483,484,485,479,502,502,495,489,492,488,488,484,511,498,506,493,491,494,499,484,4,3,3,3,3,3,3,3,4,3,3,3,3,2,3,3,4,4,3,3,2,3,3,3,4,4,3,3,3,3,3,3,4,3,3,3,3,3,3,3,3,4,4,3,3,3,3,3,4,4,3,4,4,4,3,3,5,5,4,4,4,4,4,5,5,5,5,5,5,5,5,5,5,5,5,5,5,5,5,5,5,5,5,5,5,5,5,5,5,5,5,5,5,5,5,5,5,5,5,5,5,5,5,5,5,5,5,5,5,5,5,5,5,5,5,5,5,5,5,5,5,5,5,5,5,5,5,5
88,481,479,475,474,469,466,466,464,495,475,477,477,472,474,463,459,495,493,479,480,474,474,467,469,492,488,488,479,484,475,474,470,495,489,487,490,485,486,481,474,505,496,495,493,489,484,486,480,509,499,502,499,492,490,488,487,515,503,501,500,496,494,489,484,4,3,3,3,3,3,2,3,4,3,2,3,2,2,3,3,3,3,3,3,2,3,2,3,3,3,3,3,2,2,3,3,3,3,3,2,3,3,3,3,3,4,3,3,3,3,3,4,4,4,4,3,3,3,3,4,5,5,3,4,3,3,3,5,5,5,5,5,5,5,5,5,5,5,5,5,5,5,5,5,5,5,5,5,5,5,5,5,5,5,5,5,5,5,5,5,5,5,5,5,5,5,5,5,5,5,5,5,5,5,5,5,5,5,5,5,5,5,5,5,5,5,5,5,5,5,5,5
89,483,486,477,472,479,478,460,464,485,481,482,474,480,467,467,466,490,493,484,477,477,472,472,467,499,485,489,479,486,480,468,473,496,495,488,488,484,483,481,474,499,498,500,489,496,488,487,483,511,505,500,491,494,495,487,482,510,512,504,497,498,493,494,485,4,3,3,3,3,3,3,3,3,3,3,3,3,2,3,3,3,3,3,3,2,3,3,3,3,3,3,3,3,3,3,3,4,3,3,3,3,3,3,3,3,4,4,3,3,3,4,4,4,4,4,4,3,3,3,3,4,5,4,4,4,4,4,6,5,5,5,5,5,5,5,5,5,5,5,5,5,5,5,5,5,5,5,5,5,5,5,5,5,5,5,5,5,5,5,5,5,5,5,5,5,5,5,5,5,5,5,5,5,5,5,5,5,5,5,5,5,5,5,5,5,5,5,5,5,5,5,5
90,485,481,477,471,467,465,464,466,481,481,479,469,477,466,470,465,483,486,478,483,476,478,473,471,500,491,490,480,484,475,477,475,502,492,489,493,484,480,484,478,503,494,489,496,486,484,483,473,502,499,504,501,489,486,487,486,507,505,504,501,491,494,486,492,4,3,3,3,2,2,3,3,3,3,3,3,2,2,3,3,4,4,3,3,2,3,3,3,4,3,3,2,3,2,3,3,4,3,3,3,3,3,3,3,3,4,3,3,3,3,3,3,4,4,3,3,3,4,3,4,4,5,3,4,4,3,3,6,5,5,5,5,5,5,5,5,5,5,5,5,5,5,5,5,5,5,5,5,5,5,5,5,5,5,5,5,5,5,5,5,5,5,5,5,5,5,5,5,5,5,5,5,5,5,5,5,5,5,5,5,5,5,5,5,5,5,5,5,5,5,5,5
91,483,483,476,473,467,463,465,463,484,487,477,471,471,465,464,468,491,491,485,479,481,475,468,472,490,489,483,477,485,477,478,472,496,501,494,488,485,481,476,471,507,501,493,489,491,487,477,487,510,509,500,497,492,481,484,490,514,506,504,496,492,494,490,488,4,3,3,3,3,3,3,3,3,3,3,3,3,3,3,3,4,3,3,3,2,3,3,3,4,3,3,3,3,2,3,3,4,4,3,3,3,3,3,3,4,3,3,3,3,3,3,3,4,5,3,3,4,3,4,4,5,5,3,5,4,4,3,6,5,5,5,5,5,5,5,5,5,5,5,5,5,5,5,5,5,5,5,5,5,5,5,5,5,5,5,5,5,5,5,5,5,5,5,5,5,5,5,5,5,5,5,5,5,5,5,5,5,5,5,5,5,5,5,5,5,5,5,5,5,5,5,5
92,485,478,478,472,470,468,461,461,485,476,477,476,475,472,465,464,488,490,480,486,479,474,475,467,496,491,488,483,483,477,470,474,493,493,494,486,481,481,481,470,501,496,492,491,492,486,480,484,505,499,499,492,497,487,488,487,515,502,506,505,490,495,490,491,3,3,3,3,2,3,3,3,3,3,3,2,2,2,3,3,3,3,3,3,2,2,3,3,3,3,3,2,2,3,3,3,4,3,3,3,3,3,3,3,3,4,3,3,3,3,3,3,4,4,3,3,4,3,3,4,4,4,3,4,3,3,4,5,5,5,5,5,5,5,5,5,5,5,5,5,5,5,5,5,5,5,5,5,5,5,5,5,5,5,5,5,5,5,5,5,5,5,5,5,5,5,5,5,5,5,5,5,5,5,5,5,5,5,5,5,5,5,5,5,5,5,5,5,5,5,5,5
93,485,477,472,477,469,462,464,465,487,481,480,478,466,470,469,467,487,494,487,481,473,476,472,469,492,487,486,488,477,479,472,471,488,483,491,494,484,489,481,479,503,500,493,494,496,485,489,473,508,494,498,486,490,485,486,482,510,501,511,501,491,494,493,491,4,3,3,3,2,3,3,3,3,3,3,3,3,3,3,3,3,3,3,3,3,3,3,3,3,3,3,3,3,3,3,3,4,3,3,3,3,3,3,4,3,4,3,3,4,3,4,3,4,3,3,4,3,4,3,4,5,5,4,4,4,3,4,5,5,5,5,5,5,5,5,5,5,5,5,5,5,5,5,5,5,5,5,5,5,5,5,5,5,5,5,5,5,5,5,5,5,5,5,5,5,5,5,5,5,5,5,5,5,5,5,5,5,5,5,5,5,5,5,5,5,5,5,5,5,5,5,5
94,480,480,474,475,464,469,464,462,489,480,481,475,472,470,461,458,486,492,479,482,472,476,471,467,495,483,493,483,485,483,478,476,499,494,489,487,485,480,477,475,505,491,500,490,486,483,481,483,508,507,499,493,492,488,486,493,515,503,507,494,493,491,492,502,3,3,3,3,2,3,3,3,3,3,3,3,2,2,2,2,3,3,3,3,2,3,3,3,3,3,3,3,2,2,3,3,3,3,3,3,3,2,3,3,4,3,3,3,3,3,3,3,4,4,3,4,3,3,3,4,4,5,3,4,4,3,3,4,5,5,5,5,5,5,5,5,5,5,5,5,5,5,5,5,5,5,5,5,5,5,5,5,5,5,5,5,5,5,5,5,5,5,5,5,5,5,5,5,5,5,5,5,5,5,5,5,5,5,5,5,5,5,5,5,5,5,5,5,5,5,5,5
95,483,482,471,471,469,462,467,462,489,483,479,475,471,467,468,464,496,487,482,485,482,475,473,468,495,494,486,488,482,473,478,473,494,491,492,483,486,482,482,474,502,501,492,488,490,486,477,476,508,502,496,506,495,488,488,487,510,507,504,501,496,496,492,485,4,3,3,3,3,3,3,3,3,3,3,3,2,3,3,3,4,4,3,3,3,3,3,3,3,4,3,3,3,3,3,3,3,3,3,3,3,3,3,3,4,3,3,3,4,3,3,4,5,4,3,4,4,3,3,4,4,5,3,4,3,4,4,5,5,5,5,5,5,5,5,5,5,5,5,5,5,5,5,5,5,5,5,5,5,5,5,5,5,5,5,5,5,5,5,5,5,5,5,5,5,5,5,5,5,5,5,5,5,5,5,5,5,5,5,5,5,5,5,5,5,5,5,5,5,5,5,5
96,482,479,473,471,468,472,462,462,483,478,478,473,472,464,470,458,489,490,480,478,476,476,469,464,497,484,494,485,484,477,475,466,499,492,488,488,492,485,477,478,507,501,497,493,490,479,488,478,508,500,495,496,494,483,485,483,511,504,503,504,496,490,486,503,4,3,3,3,2,3,3,3,3,3,3,2,2,2,3,3,3,3,3,3,2,2,3,3,4,3,3,3,2,2,3,3,4,3,3,3,3,2,3,3,3,3,3,3,3,3,4,3,4,4,3,3,3,4,3,4,4,4,3,4,3,4,4,4,5,5,5,5,5,5,5,5,5,5,5,5,5,5,5,5,5,5,5,5,5,5,5,5,5,5,5,5,5,5,5,5,5,5,5,5,5,5,5,5,5,5,5,5,5,5,5,5,5,5,5,5,5,5,5,5,5,5,5,5,5,5,5,5
97,484,480,478,471,470,464,466,454,480,479,485,479,471,470,470,464,491,483,486,481,477,479,474,474,491,487,489,484,482,477,473,473,498,496,488,491,489,481,483,473,508,494,500,486,486,486,481,478,512,517,502,497,495,484,487,486,505,510,505,506,487,498,491,477,3,3,3,3,3,3,3,3,3,3,3,3,3,3,3,3,4,4,3,3,3,3,3,3,3,3,3,3,2,3,3,3,4,4,3,3,3,3,3,3,4,4,3,4,3,3,4,4,4,4,3,3,4,3,3,4,4,4,3,4,4,4,4,5,5,5,5,5,5,5,5,5,5,5,5,5,5,5,5,5,5,5,5,5,5,5,5,5,5,5,5,5,5,5,5,5,5,5,5,5,5,5,5,5,5,5,5,5,5,5,5,5,5,5,5,5,5,5,5,5,5,5,5,5,5,5,5,5
98,486,477,476,472,471,469,460,463,490,477,473,476,465,470,464,463,495,487,481,477,480,472,468,465,499,489,485,482,480,478,467,473,503,488,491,483,478,480,477,477,504,500,490,489,488,488,482,479,503,502,500,497,495,488,486,488,507,499,503,502,494,492,499,490,3,2,3,3,2,3,3,3,3,3,2,2,3,2,3,3,4,4,3,3,2,2,2,3,3,3,3,2,3,2,2,3,3,3,3,3,3,3,3,3,4,4,3,3,3,3,4,4,4,4,3,3,4,3,3,4,4,5,3,4,4,4,4,5,5,5,5,5,5,5,5,5,5,5,5,5,5,5,5,5,5,5,5,5,5,5,5,5,5,5,5,5,5,5,5,5,5,5,5,5,5,5,5,5,5,5,5,5,5,5,5,5,5,5,5,5,5,5,5,5,5,5,5,5,5,5,5,5
99,482,477,474,467,468,465,460,474,484,482,483,478,475,473,464,471,497,491,481,481,475,473,468,473,497,494,489,484,482,479,480,475,503,498,489,484,486,487,476,478,495,495,491,484,494,482,481,483,508,509,497,505,496,493,491,482,509,514,502,502,492,497,489,492,4,3,3,3,3,3,3,3,3,3,3,3,3,3,2,3,4,3,3,3,3,3,3,3,4,4,3,3,3,3,3,3,4,3,3,3,3,3,3,3,4,4,3,3,4,3,3,4,4,4,3,4,3,3,3,4,4,5,4,4,4,4,4,5,5,5,5,5,5,5,5,5,5,5,5,5,5,5,5,5,5,5,5,5,5,5,5,5,5,5,5,5,5,5,5,5,5,5,5,5,5,5,5,5,5,5,5,5,5,5,5,5,5,5,5,5,5,5,5,5,5,5,5,5,5,5,5,5
100,483,479,474,470,472,467,464,460,491,484,482,474,477,468,467,459,491,487,480,480,472,469,472,466,493,485,486,482,481,475,472,477,500,501,488,490,486,484,477,477,498,498,495,494,491,487,478,479,507,507,495,496,490,489,483,480,507,520,510,508,498,490,490,493,4,3,3,3,2,3,3,3,3,3,3,2,3,2,3,3,3,4,3,3,3,2,2,3,3,3,3,2,3,2,3,3,4,3,3,3,3,3,3,3,3,3,3,4,3,3,3,3,3,4,3,3,3,3,3,3,4,4,3,4,3,3,3,6,5,5,5,5,5,5,5,5,5,5,5,5,5,5,5,5,5,5,5,5,5,5,5,5,5,5,5,5,5,5,5,5,5,5,5,5,5,5,5,5,5,5,5,5,5,5,5,5,5,5,5,5,5,5,5,5,5,5,5,5,5,5,5,5
101,485,480,475,474,472,465,468,465,485,482,480,482,473,469,474,468,493,488,483,475,476,474,467,467,483,491,488,486,476,474,474,473,495,493,488,488,487,480,479,479,502,496,500,492,490,484,486,479,502,507,497,494,489,491,494,481,511,503,504,501,502,497,498,493,4,3,3,3,2,3,3,3,3,3,3,3,3,2,3,3,3,4,3,3,2,3,2,3,4,4,3,3,3,2,3,3,4,3,3,3,3,3,3,3,3,4,3,4,3,3,3,3,4,5,4,4,3,3,4,4,4,5,4,4,4,4,4,6,5,5,5,5,5,5,5,5,5,5,5,5,5,5,5,5,5,5,5,5,5,5,5,5,5,5,5,5,5,5,5,5,5,5,5,5,5,5,5,5,5,5,5,5,5,5,5,5,5,5,5,5,5,5,5,5,5,5,5,5,5,5,5,5
102,482,480,472,469,470,466,465,466,485,483,477,477,470,471,464,469,491,490,483,484,476,473,471,470,493,490,485,482,479,476,470,470,491,486,497,489,489,486,477,477,499,498,501,493,488,488,481,479,500,498,497,498,497,488,485,484,508,509,501,497,497,497,495,496,3,3,3,3,2,3,3,3,3,3,3,3,2,2,2,3,3,4,3,3,2,2,3,3,3,3,3,2,3,2,3,3,4,3,3,3,3,3,3,3,3,3,3,3,3,3,3,3,4,4,3,3,4,3,3,3,4,6,3,3,4,4,4,4,5,5,5,5,5,5,5,5,5,5,5,5,5,5,5,5,5,5,5,5,5,5,5,5,5,5,5,5,5,5,5,5,5,5,5,5,5,5,5,5,5,5,5,5,5,5,5,5,5,5,5,5,5,5,5,5,5,5,5,5,5,5,5,5
103,475,481,476,467,469,465,464,460,482,483,481,472,470,468,462,459,485,486,475,480,483,472,474,471,492,491,486,481,481,481,474,473,500,490,489,486,484,480,482,471,506,504,491,493,494,481,483,483,511,502,491,496,503,489,491,493,512,509,504,495,503,491,497,494,3,3,3,3,3,3,3,3,3,3,3,3,3,2,3,3,3,4,3,3,2,3,3,3,3,4,3,3,3,2,3,3,4,3,3,3,3,3,3,3,4,3,3,4,4,3,3,4,3,4,4,4,3,3,3,4,5,5,3,4,3,4,4,6,5,5,5,5,5,5,5,5,5,5,5,5,5,5,5,5,5,5,5,5,5,5,5,5,5,5,5,5,5,5,5,5,5,5,5,5,5,5,5,5,5,5,5,5,5,5,5,5,5,5,5,5,5,5,5,5,5,5,5,5,5,5,5,5
104,478,477,474,470,468,464,464,456,484,475,478,474,475,470,469,461,488,493,483,480,475,468,473,467,495,489,486,481,483,475,473,473,498,497,491,490,488,481,484,471,500,496,495,496,491,483,479,475,502,500,497,492,488,493,483,491,512,506,505,504,497,494,490,494,3,2,3,3,2,2,3,3,3,3,3,3,2,2,3,3,3,4,3,3,2,3,3,3,4,3,3,3,2,2,3,3,3,3,3,3,3,2,3,3,3,4,3,3,3,2,3,3,4,4,3,4,4,3,4,4,4,5,3,4,3,3,4,5,5,5,5,5,5,5,5,5,5,5,5,5,5,5,5,5,5,5,5,5,5,5,5,5,5,5,5,5,5,5,5,5,5,5,5,5,5,5,5,5,5,5,5,5,5,5,5,5,5,5,5,5,5,5,5,5,5,5,5,5,5,5,5,5
105,478,486,473,476,470,471,462,467,493,482,479,481,473,468,467,464,487,489,482,479,481,473,474,467,499,487,478,482,484,477,474,470,509,495,489,489,481,484,477,481,501,499,490,498,488,482,487,483,512,507,497,496,491,493,483,484,509,510,503,503,491,490,491,491,4,3,3,3,3,3,3,3,4,3,3,3,2,3,3,3,4,3,3,3,3,3,3,3,3,3,3,3,3,3,3,3,4,3,3,3,3,3,3,4,4,3,3,4,4,3,4,3,4,4,3,4,3,3,3,4,4,5,4,5,3,3,4,5,5,5,5,5,5,5,5,5,5,5,5,5,5,5,5,5,5,5,5,5,5,5,5,5,5,5,5,5,5,5,5,5,5,5,5,5,5,5,5,5,5,5,5,5,5,5,5,5,5,5,5,5,5,5,5,5,5,5,5,5,5,5,5,5
106,487,482,473,473,471,462,470,463,493,482,480,476,474,469,468,465,489,487,481,483,477,472,471,469,496,492,488,480,482,477,479,472,501,491,489,485,487,483,480,482,506,499,498,490,489,489,478,480,504,496,500,499,490,486,497,485,520,513,505,497,491,492,490,485,4,3,3,3,2,2,3,3,3,2,3,2,2,2,3,3,3,4,3,3,2,3,3,3,3,3,3,3,2,2,3,3,4,3,3,3,3,2,3,3,4,4,3,3,3,3,3,3,4,4,3,3,3,3,3,3,5,5,3,3,4,3,3,5,5,5,5,5,5,5,5,5,5,5,5,5,5,5,5,5,5,5,5,5,5,5,5,5,5,5,5,5,5,5,5,5,5,5,5,5,5,5,5,5,5,5,5,5,5,5,5,5,5,5,5,5,5,5,5,5,5,5,5,5,5,5,5,5
107,491,474,476,478,469,465,464,461,492,480,478,474,471,470,471,462,492,483,479,478,474,471,468,469,499,495,496,480,474,475,474,476,499,492,489,493,489,485,476,474,506,489,496,485,494,485,481,487,509,499,495,495,487,493,489,481,515,507,499,502,498,487,496,492,3,3,3,3,3,3,3,3,4,3,3,2,3,2,3,3,4,4,3,3,2,3,3,3,3,3,3,3,3,2,3,3,3,3,3,3,3,3,3,3,4,3,3,3,3,3,4,3,3,4,3,3,3,3,3,4,4,5,3,4,4,4,3,6,5,5,5,5,5,5,5,5,5,5,5,5,5,5,5,5,5,5,5,5,5,5,5,5,5,5,5,5,5,5,5,5,5,5,5,5,5,5,5,5,5,5,5,5,5,5,5,5,5,5,5,5,5,5,5,5,5,5,5,5,5,5,5,5
108,481,482,473,469,466,471,460,457,487,485,482,472,474,466,464,462,491,495,481,486,475,475,472,471,499,487,487,475,485,482,471,464,500,489,491,490,487,479,472,479,501,498,493,489,483,484,480,472,508,499,501,488,492,487,488,487,510,501,503,500,498,496,489,488,3,3,3,3,2,3,3,3,3,3,3,2,2,2,3,2,3,3,3,3,2,2,3,3,3,3,3,3,2,2,3,3,4,3,3,3,3,3,3,3,3,3,3,3,3,3,3,3,3,4,3,4,3,3,3,4,5,4,3,4,3,4,4,5,5,5,5,5,5,5,5,5,5,5,5,5,5,5,5,5,5,5,5,5,5,5,5,5,5,5,5,5,5,5,5,5,5,5,5,5,5,5,5,5,5,5,5,5,5,5,5,5,5,5,5,5,5,5,5,5,5,5,5,5,5,5,5,5
109,481,480,476,473,468,472,468,465,486,478,478,476,474,471,468,462,489,491,483,485,479,475,468,471,494,492,488,484,483,478,472,471,502,489,486,489,487,484,479,476,498,500,495,494,487,491,482,485,507,506,498,496,488,494,487,484,502,515,506,499,487,496,494,494,3,3,3,3,2,3,2,3,3,3,3,3,3,2,3,3,4,3,3,3,2,3,3,3,3,4,3,3,3,3,3,3,4,3,3,3,3,3,3,4,3,4,3,3,3,3,3,3,4,4,3,4,4,3,3,4,4,5,4,4,4,4,4,5,5,5,5,5,5,5,5,5,5,5,5,5,5,5,5,5,5,5,5,5,5,5,5,5,5,5,5,5,5,5,5,5,5,5,5,5,5,5,5,5,5,5,5,5,5,5,5,5,5,5,5,5,5,5,5,5,5,5,5,5,5,5,5,5
110,482,475,474,474,467,465,461,464,490,482,480,477,475,471,467,467,491,486,484,485,477,477,469,466,495,479,485,487,479,477,474,474,492,500,489,491,481,482,479,474,504,499,496,492,486,481,477,484,503,505,503,489,490,490,488,483,514,507,503,497,496,486,491,491,3,3,3,3,2,2,3,3,3,2,3,3,2,2,3,3,3,3,3,3,2,3,3,3,3,3,3,3,2,2,3,3,3,3,3,3,3,3,3,3,4,3,3,3,3,3,3,3,4,4,3,4,3,3,3,3,4,4,3,4,3,4,4,5,5,5,5,5,5,5,5,5,5,5,5,5,5,5,5,5,5,5,5,5,5,5,5,5,5,5,5,5,5,5,5,5,5,5,5,5,5,5,5,5,5,5,5,5,5,5,5,5,5,5,5,5,5,5,5,5,5,5,5,5,5,5,5,5
111,481,480,475,479,467,468,466,469,489,472,480,475,474,471,469,463,490,486,484,485,476,470,471,471,491,490,487,483,483,480,475,474,500,496,488,487,484,481,476,471,504,493,501,491,490,486,479,485,509,501,499,490,490,493,481,482,515,498,503,500,500,496,489,489,4,3,3,4,2,3,3,3,3,3,3,3,2,3,3,3,4,3,3,3,2,3,3,3,3,3,3,3,3,3,3,3,4,4,3,3,3,3,3,3,4,4,4,3,3,3,3,3,4,4,4,4,3,4,4,3,5,5,4,4,4,4,4,5,5,5,5,5,5,5,5,5,5,5,5,5,5,5,5,5,5,5,5,5,5,5,5,5,5,5,5,5,5,5,5,5,5,5,5,5,5,5,5,5,5,5,5,5,5,5,5,5,5,5,5,5,5,5,5,5,5,5,5,5,5,5,5,5
112,480,479,477,475,468,467,459,463,486,486,477,478,476,464,468,461,491,492,486,479,474,479,469,471,497,487,495,486,481,476,471,473,497,496,488,486,479,484,480,472,503,491,494,496,485,482,482,479,512,499,498,491,490,491,486,483,515,513,502,499,502,496,498,492,3,3,3,3,2,3,3,3,3,3,3,3,2,3,2,2,4,3,3,3,2,3,3,3,3,3,3,3,3,3,3,3,4,3,3,3,3,3,3,3,3,3,3,3,3,3,3,3,4,4,4,3,3,3,3,3,4,4,3,4,3,3,4,6,5,5,5,5,5,5,5,5,5,5,5,5,5,5,5,5,5,5,5,5,5,5,5,5,5,5,5,5,5,5,5,5,5,5,5,5,5,5,5,5,5,5,5,5,5,5,5,5,5,5,5,5,5,5,5,5,5,5,5,5,5,5,5,5
113,476,477,474,472,471,466,462,461,491,479,474,477,472,471,463,460,492,486,486,485,477,478,471,464,497,490,487,482,482,481,479,477,501,495,487,496,483,481,481,475,504,498,488,493,491,483,489,475,515,497,504,498,500,490,492,481,510,503,499,504,496,492,495,492,4,3,3,3,2,3,3,3,4,3,3,3,2,3,3,3,3,4,3,3,3,3,3,3,4,3,3,3,3,3,3,3,4,3,3,3,3,3,3,3,4,3,3,3,4,3,4,4,4,4,3,3,4,3,3,3,4,5,4,4,3,3,4,5,5,5,5,5,5,5,5,5,5,5,5,5,5,5,5,5,5,5,5,5,5,5,5,5,5,5,5,5,5,5,5,5,5,5,5,5,5,5,5,5,5,5,5,5,5,5,5,5,5,5,5,5,5,5,5,5,5,5,5,5,5,5,5,5
114,483,479,480,467,464,464,463,468,492,474,481,472,471,470,464,462,490,488,481,481,478,476,469,469,491,488,486,479,485,476,475,476,494,492,488,491,483,485,477,473,500,491,493,492,493,482,490,477,503,503,500,487,493,493,486,484,511,505,509,495,497,491,492,497,3,3,3,3,2,2,3,3,3,3,3,2,2,2,3,3,3,4,3,3,2,3,3,3,3,3,3,3,3,2,3,3,4,3,3,3,3,3,3,3,3,4,3,3,3,3,3,4,4,4,3,3,3,3,3,3,5,5,3,4,3,3,3,4,5,5,5,5,5,5,5,5,5,5,5,5,5,5,5,5,5,5,5,5,5,5,5,5,5,5,5,5,5,5,5,5,5,5,5,5,5,5,5,5,5,5,5,5,5,5,5,5,5,5,5,5,5,5,5,5,5,5,5,5,5,5,5,5
115,477,476,476,467,468,466,463,462,484,481,478,477,471,467,469,460,495,490,479,481,477,470,471,470,492,487,487,480,477,477,475,467,498,492,488,490,483,483,482,477,505,496,496,486,494,491,488,481,504,498,497,497,491,485,492,485,512,504,500,505,498,488,493,492,3,3,3,3,3,3,3,3,3,3,3,3,3,2,3,3,3,3,3,3,2,3,3,3,3,3,3,3,3,3,3,3,4,3,3,3,3,3,3,3,4,4,3,3,3,3,3,3,4,4,4,3,3,3,4,4,4,5,3,4,3,3,4,5,5,5,5,5,5,5,5,5,5,5,5,5,5,5,5,5,5,5,5,5,5,5,5,5,5,5,5,5,5,5,5,5,5,5,5,5,5,5,5,5,5,5,5,5,5,5,5,5,5,5,5,5,5,5,5,5,5,5,5,5,5,5,5,5
116,486,478,472,477,469,468,467,462,484,488,480,473,475,470,471,465,487,482,485,477,470,473,475,470,499,491,481,483,477,477,473,476,495,491,491,486,484,482,478,475,506,495,492,486,489,486,478,479,503,498,500,498,491,483,494,482,507,496,506,495,494,498,490,476,3,3,3,3,3,3,3,3,3,3,3,3,2,2,3,3,3,4,3,3,3,3,3,3,3,3,3,2,3,2,2,3,3,3,3,2,3,3,3,3,3,3,3,3,3,3,3,3,4,4,3,3,3,3,3,4,4,4,4,3,4,3,3,5,5,5,5,5,5,5,5,5,5,5,5,5,5,5,5,5,5,5,5,5,5,5,5,5,5,5,5,5,5,5,5,5,5,5,5,5,5,5,5,5,5,5,5,5,5,5,5,5,5,5,5,5,5,5,5,5,5,5,5,5,5,5,5,5
117,484,474,476,477,467,464,465,466,486,478,479,477,469,470,464,460,490,489,481,480,474,473,470,468,494,495,493,481,486,475,472,475,498,494,493,492,487,479,485,482,501,495,499,490,488,480,478,484,508,500,497,497,490,490,484,486,506,511,504,496,491,505,491,493,4,3,3,3,2,3,3,3,3,3,3,3,3,3,3,3,4,3,3,3,2,2,2,3,3,3,3,3,3,3,3,3,4,3,3,3,3,3,3,4,4,3,4,3,3,3,3,3,3,4,3,3,3,4,3,4,5,5,4,5,4,4,4,6,5,5,5,5,5,5,5,5,5,5,5,5,5,5,5,5,5,5,5,5,5,5,5,5,5,5,5,5,5,5,5,5,5,5,5,5,5,5,5,5,5,5,5,5,5,5,5,5,5,5,5,5,5,5,5,5,5,5,5,5,5,5,5,5
118,483,474,469,473,468,467,468,463,485,484,475,474,473,469,467,464,488,485,485,479,472,474,467,470,494,489,490,489,480,481,474,472,492,493,486,484,486,477,478,477,503,495,498,495,488,488,483,476,513,505,500,500,494,490,480,489,511,510,507,501,498,484,496,480,4,3,3,3,2,2,3,3,3,3,3,2,2,2,3,3,3,4,3,3,2,3,3,3,3,3,3,3,3,2,3,3,3,3,3,3,3,2,3,3,4,4,4,3,3,3,3,4,3,4,3,3,3,4,3,4,4,5,3,4,3,4,3,4,5,5,5,5,5,5,5,5,5,5,5,5,5,5,5,5,5,5,5,5,5,5,5,5,5,5,5,5,5,5,5,5,5,5,5,5,5,5,5,5,5,5,5,5,5,5,5,5,5,5,5,5,5,5,5,5,5,5,5,5,5,5,5,5
119,487,481,471,478,476,467,466,459,488,478,480,474,472,470,471,461,484,491,480,478,481,476,470,470,497,493,487,481,483,480,471,470,497,496,488,487,489,484,475,480,502,499,492,491,485,482,485,485,509,500,500,500,490,491,483,488,504,513,506,498,503,487,486,496,3,3,3,3,3,3,3,3,4,3,3,3,3,3,3,3,4,4,3,3,3,3,3,3,3,3,3,3,3,3,3,3,4,3,3,3,3,3,3,3,4,4,3,3,3,3,3,4,4,4,3,4,4,3,4,4,4,4,4,4,3,4,4,4,5,5,5,5,5,5,5,5,5,5,5,5,5,5,5,5,5,5,5,5,5,5,5,5,5,5,5,5,5,5,5,5,5,5,5,5,5,5,5,5,5,5,5,5,5,5,5,5,5,5,5,5,5,5,5,5,5,5,5,5,5,5,5,5
120,476,479,475,462,468,467,465,461,492,478,476,469,470,468,469,464,493,492,483,480,474,473,466,468,482,486,488,482,480,482,476,470,500,493,489,482,482,476,483,478,501,499,494,491,494,487,485,477,505,498,493,492,489,489,490,487,509,507,507,500,502,496,492,490,3,3,3,3,2,3,3,3,3,3,3,3,2,2,3,3,3,3,3,3,2,3,2,3,3,3,3,2,3,2,3,3,3,3,3,3,2,3,3,3,3,4,3,3,3,3,3,3,4,4,3,4,3,3,3,4,4,6,4,4,3,3,3,5,5,5,5,5,5,5,5,5,5,5,5,5,5,5,5,5,5,5,5,5,5,5,5,5,5,5,5,5,5,5,5,5,5,5,5,5,5,5,5,5,5,5,5,5,5,5,5,5,5,5,5,5,5,5,5,5,5,5,5,5,5,5,5,5
121,479,481,475,472,468,465,460,455,482,484,481,473,472,468,472,459,493,484,483,485,478,472,473,471,495,496,487,480,478,478,477,471,494,489,489,484,485,484,477,472,505,492,496,492,488,483,487,478,508,498,496,500,492,485,488,477,517,510,499,497,497,501,487,494,4,3,3,3,2,3,3,3,3,3,3,3,3,2,3,3,3,3,3,3,2,3,3,3,3,4,3,2,3,3,3,3,4,3,3,3,3,3,3,3,4,4,3,4,3,3,4,3,4,4,4,3,4,3,4,4,4,4,3,4,3,4,3,5,5,5,5,5,5,5,5,5,5,5,5,5,5,5,5,5,5,5,5,5,5,5,5,5,5,5,5,5,5,5,5,5,5,5,5,5,5,5,5,5,5,5,5,5,5,5,5,5,5,5,5,5,5,5,5,5,5,5,5,5,5,5,5,5
122,484,473,472,470,467,461,465,461,482,482,473,471,471,468,473,466,491,491,480,477,483,477,466,467,491,491,487,478,478,479,473,469,496,492,492,485,487,482,480,478,502,499,501,492,489,487,480,483,503,502,500,490,494,487,477,488,509,501,505,499,494,492,490,484,4,3,3,3,2,2,3,3,3,3,3,2,2,2,3,3,3,3,3,3,2,3,2,3,3,3,3,3,3,2,3,3,3,3,3,3,3,3,3,3,3,3,3,3,3,3,3,3,4,4,3,3,3,4,3,3,4,5,3,4,4,3,3,5,5,5,5,5,5,5,5,5,5,5,5,5,5,5,5,5,5,5,5,5,5,5,5,5,5,5,5,5,5,5,5,5,5,5,5,5,5,5,5,5,5,5,5,5,5,5,5,5,5,5,5,5,5,5,5,5,5,5,5,5,5,5,5,5
123,481,477,477,467,469,464,468,468,483,477,484,474,471,473,463,461,487,490,480,479,477,473,464,474,494,486,488,483,482,474,475,467,501,492,491,486,486,479,480,473,509,496,494,493,488,482,480,473,511,506,498,491,496,488,492,485,505,507,504,499,497,493,498,498,4,3,3,3,3,3,3,3,3,3,3,3,3,2,3,3,3,3,3,3,3,3,2,3,3,3,3,3,3,2,3,3,4,3,3,3,3,3,3,3,4,4,3,3,3,3,3,4,3,4,3,4,3,3,3,4,4,4,4,4,4,3,4,4,5,5,5,5,5,5,5,5,5,5,5,5,5,5,5,5,5,5,5,5,5,5,5,5,5,5,5,5,5,5,5,5,5,5,5,5,5,5,5,5,5,5,5,5,5,5,5,5,5,5,5,5,5,5,5,5,5,5,5,5,5,5,5,5
124,479,480,475,473,474,461,467,465,486,483,478,475,475,473,470,461,492,494,483,482,474,474,469,466,497,491,489,483,482,476,475,477,499,495,486,482,481,478,482,473,503,500,495,486,491,488,485,485,501,508,500,501,489,491,488,490,515,504,508,497,497,496,496,497,3,3,3,3,2,2,3,3,3,3,3,3,3,2,3,3,3,3,3,3,2,3,3,3,3,3,3,3,3,2,3,3,3,3,3,2,2,3,3,3,3,3,3,3,3,3,3,3,4,4,3,3,3,3,3,3,5,5,4,4,4,3,4,6,5,5,5,5,5,5,5,5,5,5,5,5,5,5,5,5,5,5,5,5,5,5,5,5,5,5,5,5,5,5,5,5,5,5,5,5,5,5,5,5,5,5,5,5,5,5,5,5,5,5,5,5,5,5,5,5,5,5,5,5,5,5,5,5
125,481,483,471,482,470,467,461,466,490,486,480,476,475,470,472,465,494,485,481,479,480,476,474,470,500,490,484,482,483,475,473,468,493,497,489,488,489,486,483,480,505,496,498,491,486,488,481,483,507,499,496,490,498,490,498,482,512,502,503,499,502,487,489,489,4,3,3,3,3,3,3,3,3,4,3,3,3,3,3,3,3,4,3,3,2,3,3,3,3,3,3,3,3,2,3,3,4,4,3,3,3,3,3,4,4,4,4,3,3,3,4,3,4,4,4,4,4,3,3,4,4,5,4,5,4,4,3,5,5,5,5,5,5,5,5,5,5,5,5,5,5,5,5,5,5,5,5,5,5,5,5,5,5,5,5,5,5,5,5,5,5,5,5,5,5,5,5,5,5,5,5,5,5,5,5,5,5,5,5,5,5,5,5,5,5,5,5,5,5,5,5,5
126,491,477,486,466,465,464,467,462,491,481,476,479,476,469,465,466,487,476,484,483,478,475,475,470,498,487,483,483,478,476,474,468,499,497,491,484,482,480,473,474,506,501,495,486,494,486,481,476,505,498,496,492,493,490,486,485,505,504,504,500,498,494,492,486,4,3,3,3,2,3,3,3,3,2,3,3,3,2,2,3,3,3,3,3,2,3,3,3,3,3,3,2,2,2,3,3,3,3,3,3,2,3,2,3,3,3,3,3,3,3,3,3,4,4,4,4,3,3,4,4,5,5,3,4,3,3,4,5,5,5,5,5,5,5,5,5,5,5,5,5,5,5,5,5,5,5,5,5,5,5,5,5,5,5,5,5,5,5,5,5,5,5,5,5,5,5,5,5,5,5,5,5,5,5,5,5,5,5,5,5,5,5,5,5,5,5,5,5,5,5,5,5
127,481,480,476,473,466,465,468,458,488,483,482,479,468,463,468,466,486,491,482,484,472,473,474,468,490,490,491,483,477,479,476,474,501,492,488,486,483,487,474,485,505,491,492,495,489,486,485,481,508,504,491,495,491,487,490,489,509,514,510,498,493,497,493,491,4,3,3,3,2,3,3,3,3,3,3,3,3,2,3,3,4,3,3,3,2,3,3,3,4,3,3,3,3,2,3,3,4,3,3,3,3,3,3,3,4,4,3,3,3,3,4,3,4,4,4,3,3,4,3,4,5,4,4,4,4,3,4,6,5,5,5,5,5,5,5,5,5,5,5,5,5,5,5,5,5,5,5,5,5,5,5,5,5,5,5,5,5,5,5,5,5,5,5,5,5,5,5,5,5,5,5,5,5,5,5,5,5,5,5,5,5,5,5,5,5,5,5,5,5,5,5,5
128,487,481,477,469,467,466,465,462,487,490,474,474,472,466,468,466,489,483,486,479,483,470,469,469,498,498,486,481,481,477,477,475,493,494,486,490,485,481,479,478,502,497,494,490,488,491,488,473,509,499,500,499,495,488,491,490,514,501,505,506,499,493,492,484,4,3,3,3,2,3,3,3,3,3,2,2,3,2,3,3,3,4,3,3,2,2,2,3,3,3,3,2,2,2,3,3,4,3,3,3,2,3,3,3,3,3,3,3,3,3,4,3,4,4,3,3,4,3,3,4,4,5,3,4,3,3,4,5,5,5,5,5,5,5,5,5,5,5,5,5,5,5,5,5,5,5,5,5,5,5,5,5,5,5,5,5,5,5,5,5,5,5,5,5,5,5,5,5,5,5,5,5,5,5,5,5,5,5,5,5,5,5,5,5,5,5,5,5,5,5,5,5
129,484,480,470,471,470,463,467,464,489,483,477,473,477,467,463,464,484,488,480,478,482,472,477,473,492,492,485,482,484,477,477,474,500,495,493,486,487,481,481,475,491,498,498,494,483,482,481,482,510,493,500,495,493,489,485,480,517,517,503,497,501,495,494,490,4,3,3,3,3,3,2,3,4,3,3,3,3,3,3,3,3,3,3,3,3,3,3,3,3,3,3,3,3,2,3,3,3,4,3,3,3,3,3,4,4,3,3,3,3,3,3,4,4,4,3,4,4,3,3,3,5,4,4,4,3,3,4,5,5,5,5,5,5,5,5,5,5,5,5,5,5,5,5,5,5,5,5,5,5,5,5,5,5,5,5,5,5,5,5,5,5,5,5,5,5,5,5,5,5,5,5,5,5,5,5,5,5,5,5,5,5,5,5,5,5,5,5,5,5,5,5,5
130,478,479,480,469,471,466,462,464,484,479,472,470,471,471,467,461,488,490,484,480,475,473,466,470,491,491,486,484,483,478,475,475,498,488,490,488,484,480,477,479,504,498,490,489,489,485,488,476,505,492,505,494,486,489,486,484,516,505,500,497,498,499,501,482,3,3,3,3,3,3,3,3,3,3,3,3,2,2,3,3,3,3,3,3,2,3,3,3,3,4,3,2,3,2,3,3,3,3,3,3,2,3,3,3,3,4,3,3,3,3,3,3,4,3,3,3,3,3,3,4,4,5,3,4,3,4,4,5,5,5,5,5,5,5,5,5,5,5,5,5,5,5,5,5,5,5,5,5,5,5,5,5,5,5,5,5,5,5,5,5,5,5,5,5,5,5,5,5,5,5,5,5,5,5,5,5,5,5,5,5,5,5,5,5,5,5,5,5,5,5,5,5
131,482,478,471,475,467,469,460,456,484,481,478,466,473,467,467,464,489,487,483,478,478,473,472,473,489,487,486,484,475,480,479,472,494,495,492,487,485,480,480,472,504,490,494,493,488,485,476,479,504,500,499,493,502,488,485,485,513,501,502,492,498,490,496,505,4,3,3,3,2,3,3,3,3,3,3,2,3,2,3,3,3,4,3,3,2,3,3,3,4,3,3,3,3,2,3,3,4,3,3,3,3,3,3,4,3,4,3,3,3,3,4,4,4,4,3,4,4,4,3,4,4,5,3,4,3,4,4,5,5,5,5,5,5,5,5,5,5,5,5,5,5,5,5,5,5,5,5,5,5,5,5,5,5,5,5,5,5,5,5,5,5,5,5,5,5,5,5,5,5,5,5,5,5,5,5,5,5,5,5,5,5,5,5,5,5,5,5,5,5,5,5,5
132,485,483,480,469,468,461,461,469,487,484,476,474,469,468,476,467,490,488,482,476,479,470,470,468,497,489,481,479,480,478,477,466,498,495,490,490,489,481,476,479,503,502,493,490,481,483,477,481,507,500,501,501,493,491,486,491,508,511,506,498,492,495,495,494,3,3,3,3,2,2,3,3,3,3,2,3,2,2,3,3,3,3,3,3,2,3,2,3,3,3,3,2,3,2,3,3,4,3,3,3,2,3,3,3,3,3,3,3,3,3,3,3,3,4,3,3,3,3,3,4,4,4,3,4,4,3,4,6,5,5,5,5,5,5,5,5,5,5,5,5,5,5,5,5,5,5,5,5,5,5,5,5,5,5,5,5,5,5,5,5,5,5,5,5,5,5,5,5,5,5,5,5,5,5,5,5,5,5,5,5,5,5,5,5,5,5,5,5,5,5,5,5
133,488,478,480,471,468,465,465,462,485,474,479,477,473,472,466,462,490,488,481,481,477,473,471,474,494,492,489,484,482,477,479,479,499,496,482,487,486,484,483,473,506,498,487,488,490,483,479,481,505,498,506,492,493,492,490,485,518,513,504,499,499,489,497,493,3,3,3,3,3,3,3,3,3,3,3,3,3,2,3,3,4,4,3,3,2,3,3,3,4,3,3,3,3,3,3,3,4,3,3,3,3,3,3,4,3,4,3,3,3,3,3,4,3,3,4,4,4,3,3,4,5,5,3,4,5,4,4,5,5,5,5,5,5,5,5,5,5,5,5,5,5,5,5,5,5,5,5,5,5,5,5,5,5,5,5,5,5,5,5,5,5,5,5,5,5,5,5,5,5,5,5,5,5,5,5,5,5,5,5,5,5,5,5,5,5,5,5,5,5,5,5,5
134,482,481,479,475,470,461,459,465,481,486,478,482,468,468,470,462,492,482,484,478,480,472,467,471,493,488,490,487,479,479,475,471,496,499,486,493,482,485,484,478,503,499,495,495,488,483,482,479,505,501,503,497,487,485,480,490,513,509,503,499,498,490,492,490,4,3,3,2,2,3,3,3,3,3,3,3,2,2,3,3,3,3,3,3,2,3,2,3,3,3,3,3,3,3,3,3,4,3,3,3,3,2,3,3,3,4,3,3,3,3,3,3,4,4,4,3,3,3,3,4,5,5,3,4,3,3,3,6,5,5,5,5,5,5,5,5,5,5,5,5,5,5,5,5,5,5,5,5,5,5,5,5,5,5,5,5,5,5,5,5,5,5,5,5,5,5,5,5,5,5,5,5,5,5,5,5,5,5,5,5,5,5,5,5,5,5,5,5,5,5,5,5
135,483,479,483,473,469,466,463,457,487,486,485,476,475,481,468,468,487,491,474,482,475,473,472,472,495,493,489,484,478,480,475,469,496,492,484,487,485,481,476,473,505,491,495,495,497,488,480,476,497,500,499,496,491,489,490,487,513,504,505,498,494,492,489,496,3,3,3,3,2,3,3,3,3,3,3,3,3,3,3,3,4,3,3,3,3,3,3,3,3,4,3,3,3,3,3,3,3,4,3,3,3,3,3,3,4,4,4,4,4,3,3,4,4,4,3,3,3,4,3,4,4,5,3,4,4,4,4,6,5,5,5,5,5,5,5,5,5,5,5,5,5,5,5,5,5,5,5,5,5,5,5,5,5,5,5,5,5,5,5,5,5,5,5,5,5,5,5,5,5,5,5,5,5,5,5,5,5,5,5,5,5,5,5,5,5,5,5,5,5,5,5,5
136,481,477,478,467,469,463,459,460,488,486,480,471,475,471,469,467,486,485,487,483,478,472,473,470,498,496,485,482,481,478,472,479,497,499,493,492,482,472,476,477,505,493,495,493,486,486,485,478,508,500,495,492,492,491,486,487,514,514,505,501,497,496,492,494,3,3,3,3,2,2,3,3,3,3,3,2,2,2,3,3,3,4,3,3,2,3,3,3,3,3,3,2,2,2,3,4,3,3,3,3,3,3,3,4,3,3,3,3,3,3,3,3,3,4,3,4,3,4,3,3,4,5,4,4,3,4,4,5,5,5,5,5,5,5,5,5,5,5,5,5,5,5,5,5,5,5,5,5,5,5,5,5,5,5,5,5,5,5,5,5,5,5,5,5,5,5,5,5,5,5,5,5,5,5,5,5,5,5,5,5,5,5,5,5,5,5,5,5,5,5,5,5
137,479,483,471,477,471,470,458,463,486,481,480,478,474,467,469,470,492,491,486,480,475,475,473,466,492,489,488,482,481,476,477,468,500,490,490,486,485,486,475,477,513,498,491,494,486,483,479,479,515,504,500,501,494,483,492,487,507,498,504,489,500,503,494,482,4,3,3,3,3,3,3,3,3,3,3,3,3,2,3,3,3,5,3,3,2,3,3,3,3,3,3,3,3,3,3,3,3,3,3,3,3,3,3,3,4,3,3,4,3,3,3,4,3,4,4,3,3,4,3,4,5,5,4,4,4,4,4,5,5,5,5,5,5,5,5,5,5,5,5,5,5,5,5,5,5,5,5,5,5,5,5,5,5,5,5,5,5,5,5,5,5,5,5,5,5,5,5,5,5,5,5,5,5,5,5,5,5,5,5,5,5,5,5,5,5,5,5,5,5,5,5,5
138,479,476,473,470,465,468,462,462,490,485,478,475,469,470,469,469,491,482,480,484,476,472,468,475,494,489,486,482,480,480,476,465,499,493,489,488,483,477,482,479,508,493,488,489,485,484,482,482,505,504,501,496,493,494,487,480,505,501,501,498,497,488,490,488,3,3,3,3,2,3,3,2,3,3,3,2,3,2,3,3,4,3,3,3,2,2,3,3,3,3,3,2,3,3,3,3,3,3,3,3,3,2,3,3,3,4,3,3,3,3,3,3,4,4,3,3,3,3,3,3,4,5,3,4,3,4,3,5,5,5,5,5,5,5,5,5,5,5,5,5,5,5,5,5,5,5,5,5,5,5,5,5,5,5,5,5,5,5,5,5,5,5,5,5,5,5,5,5,5,5,5,5,5,5,5,5,5,5,5,5,5,5,5,5,5,5,5,5,5,5,5,5
139,483,478,474,471,469,464,465,471,488,481,479,471,473,473,466,466,490,493,482,481,481,469,469,468,493,491,491,478,482,476,472,470,494,497,491,489,492,481,480,474,507,489,494,500,494,488,482,478,507,508,500,491,500,491,489,491,508,507,507,494,506,491,496,487,4,3,3,3,3,3,3,3,3,3,3,3,3,3,3,3,3,4,3,3,2,3,3,3,3,4,3,3,3,3,3,3,3,4,3,3,3,3,3,3,4,4,4,4,4,3,3,3,4,4,3,4,4,4,4,4,5,6,3,4,3,3,4,5,5,5,5,5,5,5,5,5,5,5,5,5,5,5,5,5,5,5,5,5,5,5,5,5,5,5,5,5,5,5,5,5,5,5,5,5,5,5,5,5,5,5,5,5,5,5,5,5,5,5,5,5,5,5,5,5,5,5,5,5,5,5,5,5
140,484,479,476,473,466,467,465,463,486,482,479,473,478,471,467,464,486,480,485,479,475,473,476,474,494,483,493,482,486,481,477,473,501,489,490,489,485,479,481,477,508,499,488,491,493,484,476,475,507,502,504,500,488,491,484,492,509,505,509,500,504,495,495,495,4,3,3,3,2,3,3,3,3,3,3,3,3,2,3,3,4,4,3,3,2,3,3,2,3,3,3,2,3,2,3,3,4,3,3,3,3,3,3,3,3,4,3,3,3,3,3,3,4,4,3,3,3,4,4,4,4,5,4,4,3,3,3,5,5,5,5,5,5,5,5,5,5,5,5,5,5,5,5,5,5,5,5,5,5,5,5,5,5,5,5,5,5,5,5,5,5,5,5,5,5,5,5,5,5,5,5,5,5,5,5,5,5,5,5,5,5,5,5,5,5,5,5,5,5,5,5,5
141,485,478,473,468,469,469,465,465,489,476,480,476,475,468,468,467,478,486,484,480,476,475,469,468,498,494,483,482,483,476,472,472,505,491,488,487,485,481,480,475,501,505,492,490,490,482,480,482,500,501,502,496,496,483,491,484,520,510,505,499,497,483,494,482,3,3,3,3,2,3,3,3,3,3,3,3,3,3,3,3,4,4,3,3,3,3,3,3,4,4,3,3,3,3,3,3,4,3,3,3,3,3,3,3,4,4,3,3,3,3,4,4,4,4,4,3,4,4,3,4,5,5,4,4,4,4,4,5,5,5,5,5,5,5,5,5,5,5,5,5,5,5,5,5,5,5,5,5,5,5,5,5,5,5,5,5,5,5,5,5,5,5,5,5,5,5,5,5,5,5,5,5,5,5,5,5,5,5,5,5,5,5,5,5,5,5,5,5,5,5,5,5
142,492,479,475,474,465,462,463,460,480,477,481,476,468,476,466,465,492,490,482,480,474,467,468,466,487,493,486,487,484,479,476,468,495,492,487,487,493,483,478,478,496,501,489,491,494,484,486,484,513,507,505,500,497,488,486,488,513,503,500,498,502,496,487,488,3,3,3,3,3,2,3,3,3,3,3,3,2,3,2,3,3,3,3,3,2,3,2,3,4,3,3,2,2,2,3,3,4,3,2,3,3,3,3,3,3,3,3,3,3,3,3,3,3,4,3,3,4,3,3,4,4,5,3,4,3,3,4,5,5,5,5,5,5,5,5,5,5,5,5,5,5,5,5,5,5,5,5,5,5,5,5,5,5,5,5,5,5,5,5,5,5,5,5,5,5,5,5,5,5,5,5,5,5,5,5,5,5,5,5,5,5,5,5,5,5,5,5,5,5,5,5,5
143,485,483,481,476,469,466,466,459,490,481,481,477,478,466,468,464,488,489,483,486,479,476,468,467,496,492,488,482,480,485,472,469,498,497,487,493,486,480,480,475,500,500,496,492,491,483,487,480,505,509,504,499,491,481,495,486,510,511,506,502,500,496,495,496,3,3,3,3,3,3,3,3,4,3,3,3,3,2,3,3,4,3,3,3,3,3,3,3,3,3,3,3,3,3,3,3,4,4,3,3,3,3,3,3,4,3,3,4,4,3,3,3,4,4,4,3,3,3,3,4,4,5,3,4,3,4,4,5,5,5,5,5,5,5,5,5,5,5,5,5,5,5,5,5,5,5,5,5,5,5,5,5,5,5,5,5,5,5,5,5,5,5,5,5,5,5,5,5,5,5,5,5,5,5,5,5,5,5,5,5,5,5,5,5,5,5,5,5,5,5,5,5
144,479,480,476,472,466,463,464,462,484,484,476,476,476,470,464,469,482,489,485,481,481,471,473,468,495,494,489,487,484,478,471,470,498,496,485,484,485,479,482,480,507,494,493,486,487,489,480,478,508,502,500,499,494,489,484,487,508,503,504,501,496,499,493,478,3,3,3,3,3,2,3,3,3,3,3,3,2,3,3,3,3,3,3,3,2,2,3,3,3,3,3,2,3,2,3,3,4,3,3,3,3,3,3,3,3,3,3,3,3,3,3,4,4,4,3,3,3,3,4,4,5,5,3,4,3,3,3,5,5,5,5,5,5,5,5,5,5,5,5,5,5,5,5,5,5,5,5,5,5,5,5,5,5,5,5,5,5,5,5,5,5,5,5,5,5,5,5,5,5,5,5,5,5,5,5,5,5,5,5,5,5,5,5,5,5,5,5,5,5,5,5,5
145,482,485,470,469,473,467,461,463,484,479,483,470,465,472,469,465,491,486,479,478,477,476,467,467,490,488,486,484,481,481,475,475,496,493,487,489,484,479,478,476,508,496,496,499,494,485,483,483,509,505,501,498,495,489,485,498,505,504,506,508,502,497,492,492,3,3,3,3,3,3,3,3,3,3,3,3,2,2,3,3,4,4,3,3,3,3,3,3,4,3,3,3,3,3,3,4,4,4,3,3,3,3,3,3,4,3,3,4,3,3,3,3,5,4,4,3,4,3,3,4,4,5,3,4,3,4,4,6,5,5,5,5,5,5,5,5,5,5,5,5,5,5,5,5,5,5,5,5,5,5,5,5,5,5,5,5,5,5,5,5,5,5,5,5,5,5,5,5,5,5,5,5,5,5,5,5,5,5,5,5,5,5,5,5,5,5,5,5,5,5,5,5
146,483,475,472,472,467,470,466,457,486,484,477,474,474,469,474,469,487,484,487,489,481,477,473,471,493,488,486,482,484,472,475,471,499,499,488,485,489,480,481,472,500,488,491,489,490,489,481,474,510,502,495,500,489,487,487,487,503,503,499,496,498,491,491,479,4,3,3,3,2,3,3,3,3,3,3,3,2,2,3,3,3,3,3,3,3,3,2,3,3,3,3,3,2,3,3,3,3,4,3,3,3,3,3,3,3,3,3,3,3,3,3,3,4,4,4,3,3,3,3,4,4,4,3,4,3,3,4,5,5,5,5,5,5,5,5,5,5,5,5,5,5,5,5,5,5,5,5,5,5,5,5,5,5,5,5,5,5,5,5,5,5,5,5,5,5,5,5,5,5,5,5,5,5,5,5,5,5,5,5,5,5,5,5,5,5,5,5,5,5,5,5,5
147,485,484,476,470,470,466,464,456,488,480,478,475,470,470,463,465,487,486,484,479,476,474,470,463,496,491,488,477,481,477,479,472,500,493,491,490,482,485,475,473,508,492,494,492,484,490,488,482,507,505,501,506,494,484,488,487,512,498,500,501,497,492,487,499,5,3,3,3,3,3,3,3,3,3,3,3,3,3,3,3,5,4,3,3,3,3,3,3,3,3,3,3,3,3,3,3,4,3,3,3,3,3,3,3,3,3,4,3,3,3,4,3,4,4,4,3,3,3,3,3,4,4,3,4,3,3,4,5,5,5,5,5,5,5,5,5,5,5,5,5,5,5,5,5,5,5,5,5,5,5,5,5,5,5,5,5,5,5,5,5,5,5,5,5,5,5,5,5,5,5,5,5,5,5,5,5,5,5,5,5,5,5,5,5,5,5,5,5,5,5,5,5
148,485,479,481,472,471,465,462,464,481,480,479,470,472,471,469,463,486,484,487,483,476,472,468,468,498,490,487,481,478,476,476,472,497,490,492,485,489,485,480,477,501,493,488,491,490,481,482,481,498,503,496,501,488,490,489,484,507,512,504,495,500,502,493,494,3,3,3,3,2,2,3,3,3,2,3,2,2,2,3,3,3,3,3,3,2,3,2,3,4,3,3,2,2,3,3,3,4,3,3,2,3,3,3,3,3,4,3,3,3,3,3,4,4,4,3,3,3,4,3,3,4,4,4,4,3,4,4,5,5,5,5,5,5,5,5,5,5,5,5,5,5,5,5,5,5,5,5,5,5,5,5,5,5,5,5,5,5,5,5,5,5,5,5,5,5,5,5,5,5,5,5,5,5,5,5,5,5,5,5,5,5,5,5,5,5,5,5,5,5,5,5,5
149,476,474,476,476,469,471,465,465,486,478,485,479,477,471,469,465,495,496,482,489,477,473,471,469,490,489,487,484,480,481,477,475,496,496,486,486,482,484,483,477,506,492,497,495,486,485,488,483,504,508,500,498,495,486,493,485,511,513,504,499,491,495,491,483,4,3,3,3,2,3,3,3,3,3,3,3,3,3,3,3,4,4,3,3,3,3,3,3,3,3,3,3,3,2,3,3,3,3,3,3,3,3,3,3,4,4,3,3,3,3,3,3,4,4,3,3,4,4,4,4,5,4,4,4,4,3,3,5,5,5,5,5,5,5,5,5,5,5,5,5,5,5,5,5,5,5,5,5,5,5,5,5,5,5,5,5,5,5,5,5,5,5,5,5,5,5,5,5,5,5,5,5,5,5,5,5,5,5,5,5,5,5,5,5,5,5,5,5,5,5,5,5
150,483,480,476,472,469,466,464,462,489,480,480,472,475,468,471,468,486,487,482,480,471,470,466,473,496,493,487,483,484,483,472,466,488,493,492,491,489,481,476,477,501,500,493,490,494,486,474,485,514,502,496,490,492,487,490,480,515,509,501,503,492,494,495,490,4,3,3,3,2,3,3,3,3,3,3,3,2,2,2,3,3,4,3,3,3,3,2,3,3,3,3,2,3,3,3,3,3,3,3,3,3,3,3,3,3,3,3,3,3,3,3,3,4,4,3,4,4,3,3,4,4,5,3,4,4,3,3,5,5,5,5,5,5,5,5,5,5,5,5,5,5,5,5,5,5,5,5,5,5,5,5,5,5,5,5,5,5,5,5,5,5,5,5,5,5,5,5,5,5,5,5,5,5,5,5,5,5,5,5,5,5,5,5,5,5,5,5,5,5,5,5,5
151,483,480,476,471,470,467,463,466,490,484,473,478,472,468,469,460,487,490,485,481,472,482,472,468,488,496,489,483,476,474,478,469,499,493,485,481,488,486,483,480,496,495,491,496,494,487,483,474,507,506,499,494,497,490,483,481,510,511,500,500,497,495,499,481,4,3,3,3,3,3,3,3,3,3,3,3,3,2,3,3,3,4,3,3,2,3,3,3,4,4,3,3,3,3,3,3,4,3,3,3,3,3,3,3,4,4,3,4,4,3,3,3,4,4,3,3,4,4,4,3,4,5,4,4,4,4,4,5,5,5,5,5,5,5,5,5,5,5,5,5,5,5,5,5,5,5,5,5,5,5,5,5,5,5,5,5,5,5,5,5,5,5,5,5,5,5,5,5,5,5,5,5,5,5,5,5,5,5,5,5,5,5,5,5,5,5,5,5,5,5,5,5
152,477,479,473,473,469,472,463,463,488,483,477,477,475,469,469,463,486,477,480,481,475,473,469,469,499,494,490,484,485,477,473,472,496,496,491,485,487,482,477,471,509,495,496,496,496,491,476,479,507,500,494,496,495,483,486,481,508,509,502,493,497,495,490,490,3,3,3,3,2,3,3,3,3,2,3,3,3,2,3,3,3,3,3,3,2,3,3,3,3,3,3,2,2,2,3,3,3,3,3,2,3,2,3,3,4,4,3,3,3,3,3,3,4,3,3,3,3,3,3,3,4,5,3,4,3,3,4,5,5,5,5,5,5,5,5,5,5,5,5,5,5,5,5,5,5,5,5,5,5,5,5,5,5,5,5,5,5,5,5,5,5,5,5,5,5,5,5,5,5,5,5,5,5,5,5,5,5,5,5,5,5,5,5,5,5,5,5,5,5,5,5,5
153,487,482,473,469,466,470,469,462,492,484,481,481,475,468,464,464,490,488,482,482,474,473,469,468,499,491,487,486,482,480,472,474,501,492,486,492,489,487,478,476,498,502,492,491,497,490,482,478,506,502,499,487,491,493,484,488,506,506,511,505,493,492,487,488,4,3,3,3,3,3,3,3,4,3,3,3,3,2,2,3,3,4,3,3,3,3,3,3,3,3,3,3,3,3,3,3,4,3,3,3,3,3,3,3,3,4,3,3,4,3,3,3,4,4,3,4,3,3,3,4,4,4,4,4,4,4,4,5,5,5,5,5,5,5,5,5,5,5,5,5,5,5,5,5,5,5,5,5,5,5,5,5,5,5,5,5,5,5,5,5,5,5,5,5,5,5,5,5,5,5,5,5,5,5,5,5,5,5,5,5,5,5,5,5,5,5,5,5,5,5,5,5
154,478,475,473,477,470,469,460,458,484,479,481,473,467,467,467,465,493,489,481,481,476,476,475,473,495,498,482,483,483,476,478,473,498,494,491,485,483,485,474,472,505,503,490,492,493,490,485,486,512,502,500,496,498,484,495,488,508,511,498,503,499,491,491,490,3,3,3,3,2,2,3,3,3,3,3,3,2,2,3,3,3,4,3,3,2,3,3,2,4,3,3,2,3,2,3,3,3,3,3,3,3,3,3,3,3,3,3,3,3,3,3,3,3,4,3,3,3,3,3,3,4,4,3,4,3,3,4,5,5,5,5,5,5,5,5,5,5,5,5,5,5,5,5,5,5,5,5,5,5,5,5,5,5,5,5,5,5,5,5,5,5,5,5,5,5,5,5,5,5,5,5,5,5,5,5,5,5,5,5,5,5,5,5,5,5,5,5,5,5,5,5,5
155,488,481,479,469,471,464,466,463,485,482,484,480,474,472,472,467,489,493,487,485,476,471,469,471,495,486,483,484,477,478,472,470,496,495,487,488,485,478,478,468,505,486,498,493,489,485,485,482,513,496,498,492,495,490,488,484,514,506,506,502,504,492,491,495,3,3,3,3,3,3,3,3,3,3,3,3,3,3,3,3,3,3,3,3,2,3,3,3,4,3,3,3,3,3,3,3,4,3,3,3,3,3,3,3,3,3,3,3,4,3,4,3,4,4,4,4,4,3,3,4,4,4,4,4,4,4,4,5,5,5,5,5,5,5,5,5,5,5,5,5,5,5,5,5,5,5,5,5,5,5,5,5,5,5,5,5,5,5,5,5,5,5,5,5,5,5,5,5,5,5,5,5,5,5,5,5,5,5,5,5,5,5,5,5,5,5,5,5,5,5,5,5
156,478,477,472,467,470,462,461,462,484,480,478,478,472,467,463,466,488,491,487,480,474,476,471,466,502,489,490,481,487,479,473,476,496,493,493,490,485,482,480,479,507,493,489,494,492,484,480,475,511,499,499,500,496,491,496,490,512,504,507,507,501,494,497,493,4,3,3,3,3,2,3,3,3,3,3,3,3,2,2,3,3,4,3,3,2,3,2,3,4,3,3,2,3,2,3,3,3,3,3,3,3,3,3,3,3,3,3,3,3,3,3,3,4,4,3,3,3,3,4,4,4,5,3,4,3,4,3,5,5,5,5,5,5,5,5,5,5,5,5,5,5,5,5,5,5,5,5,5,5,5,5,5,5,5,5,5,5,5,5,5,5,5,5,5,5,5,5,5,5,5,5,5,5,5,5,5,5,5,5,5,5,5,5,5,5,5,5,5,5,5,5,5
157,482,476,477,479,464,461,467,453,490,477,483,473,470,471,469,467,489,486,480,475,476,474,473,466,497,496,483,485,479,477,473,471,496,502,491,486,487,484,477,482,496,492,489,486,486,489,488,478,510,503,500,498,489,488,495,485,513,507,498,499,494,494,495,502,4,3,3,3,3,2,3,3,4,3,3,3,2,3,3,3,4,4,3,3,2,3,3,3,4,3,3,3,3,3,2,3,3,4,3,3,3,3,3,4,4,4,3,3,3,3,4,4,4,4,3,4,3,4,4,4,4,5,3,4,3,4,4,5,5,5,5,5,5,5,5,5,5,5,5,5,5,5,5,5,5,5,5,5,5,5,5,5,5,5,5,5,5,5,5,5,5,5,5,5,5,5,5,5,5,5,5,5,5,5,5,5,5,5,5,5,5,5,5,5,5,5,5,5,5,5,5,5
158,479,477,476,470,470,471,461,460,480,481,480,476,478,469,469,463,491,480,483,482,475,475,472,469,489,490,488,488,477,477,481,474,498,498,486,487,484,480,477,475,499,498,494,493,491,482,480,478,498,510,496,496,491,482,490,486,500,502,504,495,496,497,494,483,4,3,3,3,2,3,3,2,3,3,3,3,2,2,3,3,3,4,3,3,2,3,3,3,3,3,3,3,3,2,3,3,4,3,3,3,3,3,3,3,3,3,3,3,3,3,3,3,4,4,3,3,3,3,3,3,5,5,4,3,3,3,4,5,5,5,5,5,5,5,5,5,5,5,5,5,5,5,5,5,5,5,5,5,5,5,5,5,5,5,5,5,5,5,5,5,5,5,5,5,5,5,5,5,5,5,5,5,5,5,5,5,5,5,5,5,5,5,5,5,5,5,5,5,5,5,5,5
159,478,482,474,479,469,467,468,466,486,484,480,476,471,465,469,464,496,486,481,478,476,479,466,471,500,490,493,484,485,474,475,475,493,500,495,489,488,481,479,484,495,495,492,483,496,491,483,486,507,504,495,500,492,482,486,492,514,511,503,500,498,489,501,492,4,3,3,3,3,3,3,3,3,3,3,3,3,2,3,3,3,3,3,3,2,3,3,3,3,3,3,3,2,3,3,3,3,3,3,3,3,3,3,3,3,4,4,3,4,3,3,3,4,4,4,3,4,3,3,4,4,4,3,4,3,4,5,5,5,5,5,5,5,5,5,5,5,5,5,5,5,5,5,5,5,5,5,5,5,5,5,5,5,5,5,5,5,5,5,5,5,5,5,5,5,5,5,5,5,5,5,5,5,5,5,5,5,5,5,5,5,5,5,5,5,5,5,5,5,5,5,5
160,479,479,478,470,465,467,462,468,479,483,479,474,474,470,463,463,494,483,489,480,477,468,471,468,494,487,492,482,475,472,476,471,503,491,491,491,488,483,485,474,499,493,492,490,492,484,490,478,502,503,503,500,491,492,490,491,519,510,503,500,492,491,490,482,3,3,2,3,2,2,3,3,3,3,3,2,3,2,2,3,4,4,3,3,2,3,3,3,3,3,3,2,3,2,3,3,4,3,3,3,3,3,3,3,3,4,3,3,3,3,3,3,4,4,3,3,3,3,3,4,4,5,3,4,4,3,4,5,5,5,5,5,5,5,5,5,5,5,5,5,5,5,5,5,5,5,5,5,5,5,5,5,5,5,5,5,5,5,5,5,5,5,5,5,5,5,5,5,5,5,5,5,5,5,5,5,5,5,5,5,5,5,5,5,5,5,5,5,5,5,5,5
161,480,477,477,473,466,465,465,457,492,482,479,479,478,468,463,468,492,489,478,481,476,477,471,470,496,492,494,484,479,475,477,469,506,491,490,489,489,480,480,478,508,488,489,482,493,489,487,479,503,511,502,492,495,493,492,482,513,517,505,508,503,493,500,488,4,3,3,3,3,3,3,3,3,3,3,3,3,2,3,3,4,4,3,3,3,3,3,3,3,3,3,3,3,3,3,3,4,3,3,3,3,3,3,4,4,4,3,3,4,3,4,4,4,5,3,4,3,3,3,4,4,5,3,5,3,4,4,6,5,5,5,5,5,5,5,5,5,5,5,5,5,5,5,5,5,5,5,5,5,5,5,5,5,5,5,5,5,5,5,5,5,5,5,5,5,5,5,5,5,5,5,5,5,5,5,5,5,5,5,5,5,5,5,5,5,5,5,5,5,5,5,5
162,481,475,477,473,469,468,464,465,485,483,475,475,472,470,470,462,487,485,479,482,475,475,472,464,496,492,492,480,479,478,481,475,497,484,489,486,487,477,476,474,502,497,490,490,490,482,480,481,500,491,501,494,488,484,485,483,508,510,499,505,494,492,494,495,3,3,3,3,2,3,3,3,3,2,3,2,3,2,3,3,4,4,3,3,2,3,3,3,3,3,3,2,2,2,3,4,4,3,3,3,3,2,3,3,3,3,3,3,3,3,3,3,3,4,3,4,3,3,3,3,4,5,3,4,3,4,4,5,5,5,5,5,5,5,5,5,5,5,5,5,5,5,5,5,5,5,5,5,5,5,5,5,5,5,5,5,5,5,5,5,5,5,5,5,5,5,5,5,5,5,5,5,5,5,5,5,5,5,5,5,5,5,5,5,5,5,5,5,5,5,5,5
163,480,475,469,469,468,468,464,456,487,482,486,479,479,470,474,467,493,483,487,481,478,472,471,465,494,493,488,483,485,480,473,470,493,493,489,488,484,488,480,477,504,499,498,492,489,482,480,483,513,505,502,504,495,485,495,483,511,502,504,502,500,488,496,495,4,3,3,3,3,3,3,3,3,3,3,3,3,2,3,3,3,4,3,3,3,3,3,3,4,3,3,3,3,2,3,3,4,3,3,3,3,3,3,3,4,3,3,3,3,3,3,3,4,4,3,3,3,3,4,4,4,5,4,4,3,4,4,7,5,5,5,5,5,5,5,5,5,5,5,5,5,5,5,5,5,5,5,5,5,5,5,5,5,5,5,5,5,5,5,5,5,5,5,5,5,5,5,5,5,5,5,5,5,5,5,5,5,5,5,5,5,5,5,5,5,5,5,5,5,5,5,5
164,475,480,475,478,469,462,468,462,485,487,480,475,472,469,465,463,488,485,487,482,478,475,469,469,499,488,491,484,478,478,477,469,501,493,485,488,482,480,482,477,500,500,494,488,493,491,479,484,508,508,501,491,494,488,489,487,521,508,507,504,503,498,487,484,3,3,3,3,2,2,3,3,3,3,3,2,3,2,2,3,3,4,3,3,2,3,3,2,3,3,3,2,2,2,3,3,3,3,3,3,2,2,3,3,3,3,3,3,3,3,3,3,4,4,3,3,4,4,3,4,5,5,3,4,3,4,3,4,5,5,5,5,5,5,5,5,5,5,5,5,5,5,5,5,5,5,5,5,5,5,5,5,5,5,5,5,5,5,5,5,5,5,5,5,5,5,5,5,5,5,5,5,5,5,5,5,5,5,5,5,5,5,5,5,5,5,5,5,5,5,5,5
165,479,480,476,463,469,468,460,462,488,481,479,478,478,474,465,464,490,484,486,478,481,473,473,464,494,484,484,483,481,479,476,469,499,492,494,486,489,481,485,482,508,497,496,487,490,484,480,472,513,502,498,494,492,493,491,492,514,506,495,498,492,497,492,494,3,3,3,3,3,3,3,3,4,2,3,3,3,3,2,3,3,4,3,3,3,3,3,3,3,3,3,3,3,2,3,3,4,3,3,3,3,3,3,4,4,4,4,4,3,3,4,3,4,4,3,4,3,3,3,4,5,5,4,4,4,4,4,5,5,5,5,5,5,5,5,5,5,5,5,5,5,5,5,5,5,5,5,5,5,5,5,5,5,5,5,5,5,5,5,5,5,5,5,5,5,5,5,5,5,5,5,5,5,5,5,5,5,5,5,5,5,5,5,5,5,5,5,5,5,5,5,5
166,484,478,477,469,465,465,459,467,485,484,479,479,475,465,468,468,496,482,489,475,473,472,467,477,498,487,485,479,481,474,472,474,506,495,495,487,494,482,485,474,496,501,497,495,492,488,490,472,509,507,503,499,487,487,488,486,516,512,500,495,495,494,494,489,4,3,3,3,2,2,3,3,3,3,3,3,3,2,3,3,3,4,3,3,2,2,2,3,3,3,3,2,2,2,3,3,3,3,3,2,3,3,3,3,4,3,4,3,3,3,3,3,4,4,3,3,3,3,3,4,4,4,3,3,4,3,4,5,5,5,5,5,5,5,5,5,5,5,5,5,5,5,5,5,5,5,5,5,5,5,5,5,5,5,5,5,5,5,5,5,5,5,5,5,5,5,5,5,5,5,5,5,5,5,5,5,5,5,5,5,5,5,5,5,5,5,5,5,5,5,5,5
167,479,474,476,467,474,469,462,465,481,482,481,476,476,467,472,460,486,483,494,481,476,474,470,467,497,488,489,480,478,478,469,471,495,491,487,489,486,479,479,478,501,499,499,499,485,485,488,474,512,508,497,498,490,487,491,490,508,512,493,502,493,495,494,487,3,3,3,3,3,3,3,3,3,3,3,3,3,2,3,3,4,4,3,3,2,3,3,3,3,3,3,3,3,3,3,3,4,3,3,3,3,3,3,4,4,3,3,4,3,3,4,4,3,4,3,4,4,4,3,4,4,5,3,4,3,3,4,5,5,5,5,5,5,5,5,5,5,5,5,5,5,5,5,5,5,5,5,5,5,5,5,5,5,5,5,5,5,5,5,5,5,5,5,5,5,5,5,5,5,5,5,5,5,5,5,5,5,5,5,5,5,5,5,5,5,5,5,5,5,5,5,5
168,479,480,473,472,469,468,466,465,489,480,479,475,477,470,464,461,487,486,484,487,476,474,471,464,496,492,487,485,482,479,478,472,498,496,488,485,487,484,481,479,504,489,498,486,496,491,479,478,503,501,499,500,491,494,487,487,508,506,507,505,502,499,494,494,4,3,3,3,2,3,3,3,3,3,2,3,3,2,3,2,3,4,3,3,2,3,3,3,3,3,3,2,2,2,3,3,4,3,3,3,3,3,3,3,3,3,4,3,3,3,3,3,4,4,3,3,3,3,3,4,4,4,4,4,3,3,3,5,5,5,5,5,5,5,5,5,5,5,5,5,5,5,5,5,5,5,5,5,5,5,5,5,5,5,5,5,5,5,5,5,5,5,5,5,5,5,5,5,5,5,5,5,5,5,5,5,5,5,5,5,5,5,5,5,5,5,5,5,5,5,5,5
169,479,478,470,474,470,468,467,462,487,480,480,478,471,469,466,463,494,487,481,479,472,473,470,468,500,483,494,488,482,482,480,471,502,491,489,489,478,482,480,475,502,497,495,488,485,487,485,482,513,498,499,491,496,487,488,487,501,500,500,510,501,495,486,490,4,3,3,3,3,3,4,3,3,3,3,3,3,2,3,3,4,4,3,3,3,3,3,3,4,3,3,3,3,3,3,4,4,3,3,3,3,3,3,3,4,3,3,3,3,3,4,3,3,4,3,4,4,4,3,4,5,5,3,4,3,4,4,5,5,5,5,5,5,5,5,5,5,5,5,5,5,5,5,5,5,5,5,5,5,5,5,5,5,5,5,5,5,5,5,5,5,5,5,5,5,5,5,5,5,5,5,5,5,5,5,5,5,5,5,5,5,5,5,5,5,5,5,5,5,5,5,5
170,482,478,469,477,467,467,469,460,492,482,486,477,474,469,466,470,488,493,481,481,472,472,478,470,488,492,484,483,472,481,475,473,499,493,487,491,486,484,478,473,507,500,497,489,490,486,484,476,511,507,496,501,489,491,488,483,502,505,505,500,494,496,494,498,3,3,3,2,2,3,2,3,3,3,3,3,3,3,2,3,3,3,3,3,2,2,3,3,3,3,3,3,3,3,3,3,3,3,3,3,3,3,3,3,3,3,4,3,3,3,3,3,4,4,3,3,3,3,3,4,4,5,3,4,3,3,4,5,5,5,5,5,5,5,5,5,5,5,5,5,5,5,5,5,5,5,5,5,5,5,5,5,5,5,5,5,5,5,5,5,5,5,5,5,5,5,5,5,5,5,5,5,5,5,5,5,5,5,5,5,5,5,5,5,5,5,5,5,5,5,5,5
171,485,483,472,476,473,467,458,455,487,480,483,476,468,476,467,463,496,490,484,482,482,477,473,468,495,490,485,488,477,480,479,472,494,492,490,489,485,482,477,480,505,498,493,490,491,485,484,477,510,500,503,496,496,497,492,473,502,503,502,497,495,493,490,485,4,3,3,3,3,3,3,3,3,3,3,3,3,3,3,3,4,4,3,3,3,3,3,3,3,4,3,3,3,3,3,3,3,3,3,3,3,3,3,4,3,4,3,3,3,3,4,3,5,4,4,3,3,3,3,3,4,5,4,4,4,4,4,5,5,5,5,5,5,5,5,5,5,5,5,5,5,5,5,5,5,5,5,5,5,5,5,5,5,5,5,5,5,5,5,5,5,5,5,5,5,5,5,5,5,5,5,5,5,5,5,5,5,5,5,5,5,5,5,5,5,5,5,5,5,5,5,5
172,477,477,475,472,469,461,466,461,484,485,480,478,471,462,466,468,492,488,483,479,476,472,470,467,497,486,489,481,481,475,474,469,501,495,488,487,485,484,474,472,502,502,486,489,490,486,483,485,499,495,494,499,491,489,484,478,515,511,501,499,497,495,491,485,3,3,3,3,2,2,2,3,3,2,3,3,2,2,3,3,3,4,3,3,2,3,3,3,4,3,3,2,3,3,3,3,4,3,3,3,3,3,3,3,3,3,3,3,3,3,3,3,4,4,3,3,3,4,3,3,5,6,3,4,3,3,3,5,5,5,5,5,5,5,5,5,5,5,5,5,5,5,5,5,5,5,5,5,5,5,5,5,5,5,5,5,5,5,5,5,5,5,5,5,5,5,5,5,5,5,5,5,5,5,5,5,5,5,5,5,5,5,5,5,5,5,5,5,5,5,5,5
173,474,478,475,469,468,470,462,467,486,480,476,475,474,468,470,464,492,488,480,483,478,472,473,467,494,490,486,481,478,478,479,471,505,491,489,497,485,479,472,481,509,495,495,495,497,483,482,479,499,499,496,491,495,485,488,491,517,502,502,499,493,496,491,486,3,3,3,3,2,3,3,3,3,3,3,3,2,2,3,3,4,4,3,3,2,3,3,3,4,3,3,3,3,3,3,3,4,3,3,3,2,3,3,3,4,4,3,3,3,3,4,4,4,4,3,4,4,4,3,4,4,5,4,4,4,4,4,5,5,5,5,5,5,5,5,5,5,5,5,5,5,5,5,5,5,5,5,5,5,5,5,5,5,5,5,5,5,5,5,5,5,5,5,5,5,5,5,5,5,5,5,5,5,5,5,5,5,5,5,5,5,5,5,5,5,5,5,5,5,5,5,5
174,484,479,474,470,471,467,460,457,484,487,474,472,478,465,468,467,489,484,476,477,476,473,472,468,492,490,485,484,482,480,474,474,498,491,491,488,485,479,475,475,502,493,494,494,490,485,490,485,503,505,497,499,489,496,496,483,508,508,500,504,491,496,499,488,4,3,3,3,2,3,3,3,3,2,3,2,2,2,3,3,3,4,3,2,2,2,3,3,3,3,3,2,2,3,3,3,4,3,3,3,3,2,3,3,3,4,3,3,3,3,3,3,4,4,3,3,3,3,4,3,4,4,3,4,4,3,4,5,5,5,5,5,5,5,5,5,5,5,5,5,5,5,5,5,5,5,5,5,5,5,5,5,5,5,5,5,5,5,5,5,5,5,5,5,5,5,5,5,5,5,5,5,5,5,5,5,5,5,5,5,5,5,5,5,5,5,5,5,5,5,5,5
175,481,482,481,476,467,469,466,462,491,488,483,474,476,467,467,462,494,489,481,485,478,474,472,473,500,492,488,483,481,476,469,471,501,497,491,488,486,482,479,472,500,498,497,489,488,486,485,481,505,511,505,492,487,494,483,482,511,514,507,502,490,493,487,496,4,3,3,4,2,3,3,3,3,3,3,3,3,2,3,3,4,4,3,3,3,3,3,3,4,4,3,3,3,3,3,3,4,4,3,3,3,2,3,3,4,4,4,3,3,3,3,3,4,4,3,4,3,3,4,4,5,4,4,4,4,4,3,5,5,5,5,5,5,5,5,5,5,5,5,5,5,5,5,5,5,5,5,5,5,5,5,5,5,5,5,5,5,5,5,5,5,5,5,5,5,5,5,5,5,5,5,5,5,5,5,5,5,5,5,5,5,5,5,5,5,5,5,5,5,5,5,5
176,477,482,471,469,469,465,460,453,493,485,477,472,468,469,471,467,493,483,481,480,478,474,471,470,496,491,490,480,483,482,471,472,494,496,496,490,488,481,477,484,501,493,491,497,487,482,486,483,507,504,501,494,493,484,484,487,519,501,497,500,489,497,494,485,3,3,3,3,2,3,3,3,3,3,3,3,2,2,3,3,3,4,3,3,3,2,3,3,3,3,3,2,2,2,3,3,3,3,3,3,3,3,3,3,4,3,3,3,3,3,3,3,4,4,3,3,3,3,4,4,4,4,3,4,4,3,3,5,5,5,5,5,5,5,5,5,5,5,5,5,5,5,5,5,5,5,5,5,5,5,5,5,5,5,5,5,5,5,5,5,5,5,5,5,5,5,5,5,5,5,5,5,5,5,5,5,5,5,5,5,5,5,5,5,5,5,5,5,5,5,5,5
177,478,475,477,471,467,470,461,464,492,482,477,476,472,469,471,466,491,485,484,475,477,475,472,469,483,494,490,488,484,477,474,470,490,500,490,493,484,482,482,484,507,500,497,488,488,488,485,476,514,500,500,497,497,495,489,483,512,513,499,499,498,495,495,500,4,3,3,3,3,3,3,3,4,3,3,3,3,3,3,3,4,3,3,3,2,3,3,3,4,4,3,3,3,3,3,3,4,3,3,3,3,3,3,4,4,4,3,3,3,3,4,4,4,4,4,3,4,3,3,4,4,4,3,4,3,4,4,5,5,5,5,5,5,5,5,5,5,5,5,5,5,5,5,5,5,5,5,5,5,5,5,5,5,5,5,5,5,5,5,5,5,5,5,5,5,5,5,5,5,5,5,5,5,5,5,5,5,5,5,5,5,5,5,5,5,5,5,5,5,5,5,5
178,484,480,479,474,469,466,465,460,483,481,474,475,472,469,469,461,494,486,485,477,474,476,465,472,493,486,488,489,481,478,470,475,498,489,487,487,487,481,479,478,502,504,495,496,486,484,485,478,502,505,492,494,491,481,485,485,518,498,507,500,494,503,492,494,3,3,3,3,2,3,3,3,3,2,2,2,2,2,3,3,3,4,3,3,2,3,2,3,3,3,3,2,3,2,3,3,3,3,3,3,3,2,3,3,4,3,3,3,3,3,3,4,4,4,4,4,3,3,3,3,5,5,4,4,4,4,3,5,5,5,5,5,5,5,5,5,5,5,5,5,5,5,5,5,5,5,5,5,5,5,5,5,5,5,5,5,5,5,5,5,5,5,5,5,5,5,5,5,5,5,5,5,5,5,5,5,5,5,5,5,5,5,5,5,5,5,5,5,5,5,5,5
179,477,485,476,469,469,462,460,469,487,480,477,476,477,472,466,462,486,479,486,485,475,476,481,473,494,493,489,487,475,480,475,466,505,494,492,487,484,481,481,479,502,496,494,497,490,487,479,480,506,499,502,494,491,487,499,482,510,503,507,493,496,488,491,492,3,3,3,3,3,3,3,3,4,3,3,3,3,3,3,3,4,4,3,3,2,3,3,3,3,3,3,3,3,2,3,3,4,3,3,3,3,3,3,4,3,3,4,4,3,3,3,4,4,4,3,4,4,4,3,4,4,5,4,4,3,4,4,5,5,5,5,5,5,5,5,5,5,5,5,5,5,5,5,5,5,5,5,5,5,5,5,5,5,5,5,5,5,5,5,5,5,5,5,5,5,5,5,5,5,5,5,5,5,5,5,5,5,5,5,5,5,5,5,5,5,5,5,5,5,5,5,5
180,484,479,475,468,472,464,460,465,486,486,476,476,476,467,466,464,488,496,482,479,477,478,472,466,499,492,488,485,477,474,473,473,502,493,484,488,483,484,479,478,502,496,495,492,485,483,477,483,503,506,496,500,489,485,484,481,515,506,503,497,508,489,498,489,4,3,3,3,3,3,3,3,3,3,2,2,2,2,3,3,3,3,3,3,2,3,3,3,3,3,3,2,3,2,3,3,4,3,3,3,3,3,3,4,3,3,3,3,3,3,3,3,4,4,3,3,3,3,3,3,4,5,3,4,3,4,4,5,5,5,5,5,5,5,5,5,5,5,5,5,5,5,5,5,5,5,5,5,5,5,5,5,5,5,5,5,5,5,5,5,5,5,5,5,5,5,5,5,5,5,5,5,5,5,5,5,5,5,5,5,5,5,5,5,5,5,5,5,5,5,5,5
181,480,479,472,478,471,472,462,464,485,489,476,475,469,468,470,464,489,488,477,486,475,477,468,470,491,495,488,482,483,480,471,470,499,494,489,486,490,482,480,476,500,501,494,487,497,483,481,480,502,498,506,494,489,489,484,487,507,501,504,503,491,504,487,492,3,3,3,3,3,3,3,3,3,3,3,3,3,2,3,3,4,3,3,3,2,3,3,3,3,4,3,2,3,3,3,3,4,3,3,3,3,3,3,3,3,4,4,3,3,3,3,3,4,4,4,4,3,3,3,4,4,5,3,4,4,4,4,6,5,5,5,5,5,5,5,5,5,5,5,5,5,5,5,5,5,5,5,5,5,5,5,5,5,5,5,5,5,5,5,5,5,5,5,5,5,5,5,5,5,5,5,5,5,5,5,5,5,5,5,5,5,5,5,5,5,5,5,5,5,5,5,5
182,480,481,472,476,471,468,465,460,486,484,473,475,471,468,470,461,495,494,479,477,475,475,468,463,495,488,484,481,479,473,475,470,495,496,489,485,487,476,476,476,502,499,492,491,491,483,483,481,509,505,501,495,492,494,482,487,514,502,504,496,499,494,492,495,3,3,3,3,2,3,3,3,3,3,3,3,2,2,3,2,4,3,3,3,2,3,3,3,3,3,3,2,3,2,3,3,3,3,3,3,3,3,3,3,3,4,3,3,3,3,3,3,3,4,3,4,3,4,3,3,4,5,4,4,3,3,4,5,5,5,5,5,5,5,5,5,5,5,5,5,5,5,5,5,5,5,5,5,5,5,5,5,5,5,5,5,5,5,5,5,5,5,5,5,5,5,5,5,5,5,5,5,5,5,5,5,5,5,5,5,5,5,5,5,5,5,5,5,5,5,5,5
183,471,479,472,473,471,467,465,459,492,483,479,476,472,474,468,465,488,487,487,481,481,476,472,468,489,495,491,488,489,475,475,473,500,487,490,487,482,485,485,471,502,507,492,489,487,480,485,483,512,506,511,496,494,491,492,482,510,511,502,501,491,496,487,492,3,3,3,3,2,3,3,3,4,3,3,3,2,2,3,3,3,4,3,3,3,2,3,3,4,3,3,3,3,2,3,3,4,3,3,3,3,3,3,3,3,3,3,3,3,3,3,3,4,4,4,3,3,3,3,3,4,4,4,4,4,3,4,6,5,5,5,5,5,5,5,5,5,5,5,5,5,5,5,5,5,5,5,5,5,5,5,5,5,5,5,5,5,5,5,5,5,5,5,5,5,5,5,5,5,5,5,5,5,5,5,5,5,5,5,5,5,5,5,5,5,5,5,5,5,5,5,5
184,482,483,479,471,470,464,467,457,480,486,477,477,478,471,471,462,489,476,485,478,475,473,468,466,490,492,489,487,477,476,475,472,499,485,489,494,485,482,479,480,503,492,488,491,491,484,480,479,501,504,497,496,494,489,491,481,510,505,504,498,496,486,498,488,4,3,3,3,2,2,3,3,3,3,3,3,3,2,3,3,3,4,3,3,2,3,2,3,3,3,3,2,3,2,3,3,3,3,3,3,3,2,3,3,4,4,3,3,3,3,3,4,4,4,3,3,4,3,3,4,5,5,4,3,3,4,4,5,5,5,5,5,5,5,5,5,5,5,5,5,5,5,5,5,5,5,5,5,5,5,5,5,5,5,5,5,5,5,5,5,5,5,5,5,5,5,5,5,5,5,5,5,5,5,5,5,5,5,5,5,5,5,5,5,5,5,5,5,5,5,5,5
185,489,483,474,468,470,467,465,460,487,481,480,473,477,470,466,463,485,491,480,484,480,476,473,475,492,489,481,485,483,481,480,470,504,493,492,484,489,477,478,471,506,500,494,501,486,486,484,486,513,503,502,495,497,490,484,488,514,500,505,501,494,498,498,485,4,3,3,3,3,3,3,3,3,3,3,3,2,2,2,3,3,3,3,3,2,3,3,3,3,3,3,2,3,3,3,3,4,3,3,3,3,3,3,3,4,4,4,4,3,3,3,3,4,4,4,3,3,4,3,4,4,5,3,4,4,4,4,5,5,5,5,5,5,5,5,5,5,5,5,5,5,5,5,5,5,5,5,5,5,5,5,5,5,5,5,5,5,5,5,5,5,5,5,5,5,5,5,5,5,5,5,5,5,5,5,5,5,5,5,5,5,5,5,5,5,5,5,5,5,5,5,5
186,480,475,477,470,471,462,464,460,484,482,477,474,471,472,469,461,488,476,483,481,475,471,478,467,498,487,489,484,479,478,474,478,494,494,488,488,479,482,481,478,500,501,496,491,487,485,483,479,505,504,503,492,491,490,483,488,512,518,508,502,497,496,498,486,4,2,3,3,2,2,3,2,3,2,3,2,2,2,3,3,3,3,3,3,2,2,3,3,3,3,3,2,3,2,3,3,3,3,3,3,3,3,3,3,3,3,3,3,3,3,3,3,4,4,3,4,3,4,3,4,4,5,4,4,3,4,4,5,5,5,5,5,5,5,5,5,5,5,5,5,5,5,5,5,5,5,5,5,5,5,5,5,5,5,5,5,5,5,5,5,5,5,5,5,5,5,5,5,5,5,5,5,5,5,5,5,5,5,5,5,5,5,5,5,5,5,5,5,5,5,5,5
187,483,478,477,473,467,468,461,464,488,482,480,476,471,470,467,458,493,485,474,474,477,467,472,471,491,493,486,483,483,477,475,468,504,489,488,483,488,478,480,482,499,504,499,490,489,487,489,480,503,498,499,499,494,490,492,492,508,511,507,505,499,492,489,488,3,3,3,3,3,3,3,3,3,3,3,3,3,2,3,3,3,4,3,3,2,3,3,3,4,3,3,2,3,2,3,3,4,3,3,3,3,3,3,4,3,3,3,3,3,3,4,4,4,4,3,4,4,3,3,4,4,4,4,4,4,3,4,5,5,5,5,5,5,5,5,5,5,5,5,5,5,5,5,5,5,5,5,5,5,5,5,5,5,5,5,5,5,5,5,5,5,5,5,5,5,5,5,5,5,5,5,5,5,5,5,5,5,5,5,5,5,5,5,5,5,5,5,5,5,5,5,5
188,482,473,473,470,473,467,465,455,482,481,478,477,472,466,466,463,488,489,477,479,478,477,473,471,495,492,486,482,476,475,474,469,503,491,490,500,489,487,478,472,503,495,494,494,488,493,479,484,499,505,503,494,490,487,488,491,510,509,504,493,495,493,493,492,3,2,3,3,2,2,3,3,3,2,2,3,2,2,2,3,3,3,3,3,2,3,3,3,3,3,3,2,2,2,3,3,3,3,3,3,3,3,3,3,4,3,3,4,3,3,3,3,3,4,4,3,3,3,3,4,4,4,3,4,4,3,3,4,5,5,5,5,5,5,5,5,5,5,5,5,5,5,5,5,5,5,5,5,5,5,5,5,5,5,5,5,5,5,5,5,5,5,5,5,5,5,5,5,5,5,5,5,5,5,5,5,5,5,5,5,5,5,5,5,5,5,5,5,5,5,5,5
189,482,478,485,473,469,466,459,468,483,477,474,479,475,471,468,469,494,485,481,479,479,472,472,468,496,490,491,487,479,474,472,470,496,490,490,497,485,481,480,483,507,501,497,493,496,484,486,473,510,502,500,503,492,486,485,488,508,510,507,505,491,498,491,489,4,3,3,3,3,3,3,3,3,3,3,3,3,2,2,3,4,4,3,3,3,3,3,3,3,3,3,3,3,3,3,3,4,3,3,3,3,3,3,3,4,3,4,4,3,3,4,3,4,4,3,4,3,4,3,4,4,4,3,4,4,4,4,5,5,5,5,5,5,5,5,5,5,5,5,5,5,5,5,5,5,5,5,5,5,5,5,5,5,5,5,5,5,5,5,5,5,5,5,5,5,5,5,5,5,5,5,5,5,5,5,5,5,5,5,5,5,5,5,5,5,5,5,5,5,5,5,5
190,481,475,476,463,469,467,471,466,486,481,480,471,471,467,462,462,491,487,487,480,474,472,473,460,500,485,488,480,479,481,471,465,500,496,494,490,484,481,478,475,502,501,495,488,490,485,487,473,502,495,499,495,496,490,486,491,514,499,499,498,504,495,489,494,4,3,3,3,2,3,2,3,3,2,3,2,2,2,3,3,3,3,3,2,2,2,3,3,3,3,3,2,3,2,2,3,4,3,3,3,3,3,3,3,4,3,3,3,3,3,3,3,4,4,3,3,3,3,3,4,4,4,3,4,3,3,3,4,5,5,5,5,5,5,5,5,5,5,5,5,5,5,5,5,5,5,5,5,5,5,5,5,5,5,5,5,5,5,5,5,5,5,5,5,5,5,5,5,5,5,5,5,5,5,5,5,5,5,5,5,5,5,5,5,5,5,5,5,5,5,5,5
191,480,481,477,468,473,468,467,464,478,478,476,475,470,469,471,472,484,483,484,479,474,473,471,469,496,499,488,489,483,473,480,472,495,491,488,490,487,479,479,472,509,505,501,489,487,486,487,480,506,511,500,497,495,493,484,483,520,506,506,497,500,491,499,485,4,3,3,3,3,3,3,3,3,3,3,3,3,2,3,3,3,4,3,3,3,3,3,3,3,4,3,3,2,3,3,3,4,3,3,3,3,3,3,3,4,4,4,3,3,3,4,3,4,4,4,4,4,3,4,4,5,6,3,4,4,3,4,6,5,5,5,5,5,5,5,5,5,5,5,5,5,5,5,5,5,5,5,5,5,5,5,5,5,5,5,5,5,5,5,5,5,5,5,5,5,5,5,5,5,5,5,5,5,5,5,5,5,5,5,5,5,5,5,5,5,5,5,5,5,5,5,5
192,478,478,476,469,471,463,464,459,488,482,483,471,472,470,464,467,489,491,484,480,475,475,470,471,491,487,486,485,478,477,475,476,496,492,490,488,482,476,481,474,496,492,501,494,494,484,481,470,504,500,502,499,495,493,488,488,507,514,501,498,498,491,495,490,4,3,3,3,2,2,3,2,3,2,3,2,2,2,2,3,3,3,3,2,2,3,2,3,3,3,3,3,3,2,3,3,3,3,3,3,3,2,3,3,3,3,4,3,3,3,3,3,4,4,3,3,3,3,3,4,4,4,3,4,3,3,4,5,5,5,5,5,5,5,5,5,5,5,5,5,5,5,5,5,5,5,5,5,5,5,5,5,5,5,5,5,5,5,5,5,5,5,5,5,5,5,5,5,5,5,5,5,5,5,5,5,5,5,5,5,5,5,5,5,5,5,5,5,5,5,5,5
193,484,482,476,470,472,467,461,466,490,476,475,474,476,471,469,464,479,486,481,483,473,474,467,473,495,491,489,484,485,479,469,473,501,501,487,490,483,485,480,479,500,498,494,486,490,487,480,479,505,505,501,496,493,489,493,478,509,505,500,500,500,494,495,491,4,3,3,3,3,3,3,3,3,3,3,3,3,2,3,3,4,4,3,3,3,3,2,3,3,3,3,3,2,2,3,3,4,4,3,3,3,3,3,4,3,4,3,3,3,3,3,4,4,4,3,4,4,4,3,3,4,5,4,4,4,3,4,6,5,5,5,5,5,5,5,5,5,5,5,5,5,5,5,5,5,5,5,5,5,5,5,5,5,5,5,5,5,5,5,5,5,5,5,5,5,5,5,5,5,5,5,5,5,5,5,5,5,5,5,5,5,5,5,5,5,5,5,5,5,5,5,5
194,485,479,470,473,468,468,463,467,488,476,484,476,472,466,464,463,488,495,483,483,474,476,469,467,495,491,484,483,477,478,473,475,501,491,485,493,485,483,478,477,498,492,490,493,492,486,479,486,502,499,502,493,494,490,489,491,514,511,504,503,497,487,497,484,3,3,3,3,2,3,3,3,3,3,3,3,2,2,2,3,3,3,3,3,2,2,3,3,3,3,3,2,3,2,2,3,3,3,3,3,3,3,3,3,3,4,3,3,3,3,3,3,4,4,3,3,4,3,3,3,4,5,3,4,3,4,4,5,5,5,5,5,5,5,5,5,5,5,5,5,5,5,5,5,5,5,5,5,5,5,5,5,5,5,5,5,5,5,5,5,5,5,5,5,5,5,5,5,5,5,5,5,5,5,5,5,5,5,5,5,5,5,5,5,5,5,5,5,5,5,5,5
195,490,480,476,469,468,463,465,469,491,479,475,475,480,467,467,464,492,483,485,477,476,472,471,468,494,484,484,485,485,479,474,470,500,492,487,486,488,483,479,477,499,491,492,491,493,482,483,480,512,499,501,492,497,491,493,484,512,513,502,497,498,489,495,487,3,3,3,3,3,3,3,3,3,3,3,3,3,2,3,3,4,4,3,3,3,3,3,3,4,3,3,3,3,3,3,3,3,3,3,3,3,3,3,3,3,4,3,3,4,3,4,4,4,3,3,3,4,3,3,4,4,5,3,4,4,4,4,6,5,5,5,5,5,5,5,5,5,5,5,5,5,5,5,5,5,5,5,5,5,5,5,5,5,5,5,5,5,5,5,5,5,5,5,5,5,5,5,5,5,5,5,5,5,5,5,5,5,5,5,5,5,5,5,5,5,5,5,5,5,5,5,5
196,482,477,472,466,469,467,462,467,484,482,482,470,478,466,470,464,491,480,487,483,475,471,467,467,494,489,484,478,477,477,478,472,500,488,493,491,487,480,481,469,499,495,492,491,486,486,479,478,508,500,501,491,488,483,493,489,510,502,507,503,490,489,494,492,3,3,3,3,2,2,3,3,3,3,3,2,3,2,3,3,3,3,3,3,2,2,2,3,3,3,3,2,3,2,3,3,4,3,3,3,3,3,3,3,3,3,3,3,3,3,3,3,5,4,4,4,3,3,3,4,4,5,4,4,4,4,4,5,5,5,5,5,5,5,5,5,5,5,5,5,5,5,5,5,5,5,5,5,5,5,5,5,5,5,5,5,5,5,5,5,5,5,5,5,5,5,5,5,5,5,5,5,5,5,5,5,5,5,5,5,5,5,5,5,5,5,5,5,5,5,5,5
197,484,483,473,475,471,468,466,464,483,479,480,476,477,468,470,468,487,490,483,475,477,477,471,468,496,488,485,485,483,484,476,470,497,497,489,485,491,486,488,479,499,503,490,490,502,486,485,475,505,501,493,498,491,487,491,483,511,513,501,505,500,491,496,497,4,3,3,3,2,3,3,3,3,3,3,3,3,3,3,3,4,3,3,3,3,3,3,3,3,3,3,3,3,3,3,3,4,3,3,3,3,3,3,4,4,3,3,3,4,3,4,4,4,4,3,3,3,3,3,4,4,5,3,4,3,4,4,5,5,5,5,5,5,5,5,5,5,5,5,5,5,5,5,5,5,5,5,5,5,5,5,5,5,5,5,5,5,5,5,5,5,5,5,5,5,5,5,5,5,5,5,5,5,5,5,5,5,5,5,5,5,5,5,5,5,5,5,5,5,5,5,5
198,482,477,474,476,468,466,463,466,483,483,478,476,472,469,461,464,487,484,483,486,478,473,472,465,501,493,487,480,484,476,479,473,500,492,489,489,491,483,478,473,502,489,494,489,497,485,489,483,507,501,497,492,498,488,484,492,513,503,504,502,492,495,491,495,3,3,3,3,2,3,3,3,3,3,3,3,3,2,2,3,3,4,3,3,2,3,3,3,3,3,3,2,3,2,3,3,4,3,3,3,3,2,3,3,3,3,3,3,3,3,3,3,4,4,3,3,3,4,3,4,4,5,3,4,4,3,4,5,5,5,5,5,5,5,5,5,5,5,5,5,5,5,5,5,5,5,5,5,5,5,5,5,5,5,5,5,5,5,5,5,5,5,5,5,5,5,5,5,5,5,5,5,5,5,5,5,5,5,5,5,5,5,5,5,5,5,5,5,5,5,5,5
199,488,483,469,473,466,469,465,465,490,478,478,477,471,470,468,468,481,487,481,482,477,473,477,471,495,491,494,483,484,475,473,465,502,492,490,485,479,484,480,482,500,493,497,487,495,491,478,481,507,505,494,494,490,489,484,490,510,509,504,499,492,492,498,491,4,3,3,3,2,3,3,3,4,3,3,3,3,3,3,3,3,3,3,3,2,3,3,3,4,3,3,2,2,3,3,3,4,3,3,3,3,3,3,4,4,4,4,3,3,3,4,3,4,4,3,3,3,4,4,4,4,4,3,3,4,4,4,6,5,5,5,5,5,5,5,5,5,5,5,5,5,5,5,5,5,5,5,5,5,5,5,5,5,5,5,5,5,5,5,5,5,5,5,5,5,5,5,5,5,5,5,5,5,5,5,5,5,5,5,5,5,5,5,5,5,5,5,5,5,5,5,5
