frame,dist_z0,dist_z1,dist_z2,dist_z3,dist_z4,dist_z5,dist_z6,dist_z7,dist_z8,dist_z9,dist_z10,dist_z11,dist_z12,dist_z13,dist_z14,dist_z15,dist_z16,dist_z17,dist_z18,dist_z19,dist_z20,dist_z21,dist_z22,dist_z23,dist_z24,dist_z25,dist_z26,dist_z27,dist_z28,dist_z29,dist_z30,dist_z31,dist_z32,dist_z33,dist_z34,dist_z35,dist_z36,dist_z37,dist_z38,dist_z39,dist_z40,dist_z41,dist_z42,dist_z43,dist_z44,dist_z45,dist_z46,dist_z47,dist_z48,dist_z49,dist_z50,dist_z51,dist_z52,dist_z53,dist_z54,dist_z55,dist_z56,dist_z57,dist_z58,dist_z59,dist_z60,dist_z61,dist_z62,dist_z63,sigma_z0,sigma_z1,sigma_z2,sigma_z3,sigma_z4,sigma_z5,sigma_z6,sigma_z7,sigma_z8,sigma_z9,sigma_z10,sigma_z11,sigma_z12,sigma_z13,sigma_z14,sigma_z15,sigma_z16,sigma_z17,sigma_z18,sigma_z19,sigma_z20,sigma_z21,sigma_z22,sigma_z23,sigma_z24,sigma_z25,sigma_z26,sigma_z27,sigma_z28,sigma_z29,sigma_z30,sigma_z31,sigma_z32,sigma_z33,sigma_z34,sigma_z35,sigma_z36,sigma_z37,sigma_z38,sigma_z39,sigma_z40,sigma_z41,sigma_z42,sigma_z43,sigma_z44,sigma_z45,sigma_z46,sigma_z47,sigma_z48,sigma_z49,sigma_z50,sigma_z51,sigma_z52,sigma_z53,sigma_z54,sigma_z55,sigma_z56,sigma_z57,sigma_z58,sigma_z59,sigma_z60,sigma_z61,sigma_z62,sigma_z63,status_z0,status_z1,status_z2,status_z3,status_z4,status_z5,status_z6,status_z7,status_z8,status_z9,status_z10,status_z11,status_z12,status_z13,status_z14,status_z15,status_z16,status_z17,status_z18,status_z19,status_z20,status_z21,status_z22,status_z23,status_z24,status_z25,status_z26,status_z27,status_z28,status_z29,status_z30,status_z31,status_z32,status_z33,status_z34,status_z35,status_z36,status_z37,status_z38,status_z39,status_z40,status_z41,status_z42,status_z43,status_z44,status_z45,status_z46,status_z47,status_z48,status_z49,status_z50,status_z51,status_z52,status_z53,status_z54,status_z55,status_z56,status_z57,status_z58,status_z59,status_z60,status_z61,status_z62,status_z63
0,678,670,668,667,657,663,652,651,692,673,673,675,664,661,653,655,687,694,678,676,673,677,662,668,696,696,686,685,684,675,671,674,709,692,687,693,694,680,683,673,710,713,709,701,693,694,692,678,710,717,708,700,697,693,688,676,726,730,716,695,709,700,706,694,5,4,4,4,4,4,4,5,5,4,4,4,4,4,4,3,6,5,5,4,4,4,4,4,5,4,5,4,4,4,4,4,6,4,4,5,5,5,5,5,5,4,5,5,5,4,5,5,7,6,6,5,4,5,6,7,8,7,4,6,5,5,7,11,5,5,5,5,5,5,5,5,5,5,5,5,5,5,5,5,5,5,5,5,5,5,5,5,5,5,5,5,5,5,5,5,5,5,5,5,5,5,5,5,5,5,5,5,5,5,5,5,5,5,5,5,5,5,5,5,5,5,5,5,5,5,5,5
1,683,680,674,667,665,652,655,659,688,683,686,670,670,665,670,662,686,696,678,677,676,671,668,672,692,695,694,682,674,687,677,673,692,704,694,700,688,688,682,689,708,707,704,709,689,689,682,680,711,714,713,704,697,690,689,703,725,715,710,708,711,702,696,686,6,4,5,5,3,4,4,6,5,4,4,4,4,4,4,4,6,7,5,4,4,5,4,5,6,4,5,4,4,4,5,5,8,5,5,4,5,5,4,6,5,6,5,5,6,4,6,5,6,6,5,5,5,5,6,7,8,7,5,9,5,5,6,10,5,5,5,5,5,5,5,5,5,5,5,5,5,5,5,5,5,5,5,5,5,5,5,5,5,5,5,5,5,5,5,5,5,5,5,5,5,5,5,5,5,5,5,5,5,5,5,5,5,5,5,5,5,5,5,5,5,5,5,5,5,5,5,5
2,679,683,666,659,666,660,660,653,686,679,671,673,672,662,660,658,696,686,682,674,671,675,666,656,699,692,689,681,679,672,671,667,711,699,704,692,682,685,675,665,715,704,706,695,698,696,691,682,722,723,713,698,700,699,680,683,719,732,715,711,702,685,703,701,5,4,4,4,3,4,4,4,5,4,4,4,4,4,4,4,4,6,5,4,3,5,4,5,6,5,5,4,4,4,4,5,6,4,5,5,4,5,5,4,6,5,5,5,7,4,5,4,7,7,5,5,5,5,4,6,8,7,5,6,6,6,6,9,5,5,5,5,5,5,5,5,5,5,5,5,5,5,5,5,5,5,5,5,5,5,5,5,5,5,5,5,5,5,5,5,5,5,5,5,5,5,5,5,5,5,5,5,5,5,5,5,5,5,5,5,5,5,5,5,5,5,5,5,5,5,5,5
3,687,665,678,662,660,664,650,652,690,676,677,671,667,669,660,662,681,688,688,682,677,669,670,660,689,697,679,687,685,677,665,661,691,701,684,701,693,688,682,679,716,714,704,700,695,681,698,690,713,711,710,698,700,693,693,706,720,717,710,712,716,692,704,707,5,4,4,4,4,4,4,5,5,4,4,5,5,4,4,4,8,5,5,5,4,4,3,4,5,5,5,4,4,4,5,5,6,5,4,4,5,5,4,5,5,6,5,5,6,5,5,4,7,7,4,5,5,5,6,6,7,12,5,7,6,5,6,10,5,5,5,5,5,5,5,5,5,5,5,5,5,5,5,5,5,5,5,5,5,5,5,5,5,5,5,5,5,5,5,5,5,5,5,5,5,5,5,5,5,5,5,5,5,5,5,5,5,5,5,5,5,5,5,5,5,5,5,5,5,5,5,5
4,682,678,666,666,666,659,654,642,692,678,674,671,665,663,665,659,689,683,684,675,674,660,658,664,702,695,689,683,687,682,671,672,712,700,702,696,694,681,682,681,709,707,708,707,691,692,689,678,716,715,706,704,700,689,687,679,735,724,723,702,709,698,699,692,6,4,3,4,4,4,4,4,5,4,4,4,4,4,5,4,6,5,4,4,3,3,4,4,5,4,5,4,4,4,4,5,6,4,4,5,5,5,4,5,5,5,5,5,5,4,5,5,6,7,5,6,5,4,6,6,8,7,6,6,7,5,6,10,5,5,5,5,5,5,5,5,5,5,5,5,5,5,5,5,5,5,5,5,5,5,5,5,5,5,5,5,5,5,5,5,5,5,5,5,5,5,5,5,5,5,5,5,5,5,5,5,5,5,5,5,5,5,5,5,5,5,5,5,5,5,5,5
5,685,668,675,667,669,666,650,657,685,691,676,675,675,664,662,656,677,684,681,675,677,670,658,663,700,696,681,680,676,678,683,666,699,703,697,703,688,691,676,675,718,704,714,696,702,682,687,679,715,714,703,712,701,697,700,695,722,706,709,700,706,696,696,686,6,4,4,4,4,4,4,5,4,5,4,5,5,4,5,4,7,7,5,5,4,4,4,4,6,5,5,4,4,4,4,6,7,5,5,4,5,4,4,4,6,6,6,5,6,4,5,6,9,7,6,6,6,5,6,7,7,9,5,6,5,7,6,10,5,5,5,5,5,5,5,5,5,5,5,5,5,5,5,5,5,5,5,5,5,5,5,5,5,5,5,5,5,5,5,5,5,5,5,5,5,5,5,5,5,5,5,5,5,5,5,5,5,5,5,5,5,5,5,5,5,5,5,5,5,5,5,5
6,666,680,667,654,660,661,664,656,683,673,674,673,671,663,672,656,696,686,680,676,678,671,665,666,698,688,691,680,676,676,672,676,704,697,688,692,687,679,680,673,721,716,708,699,690,688,689,683,734,718,711,703,696,689,696,688,721,717,710,706,710,701,701,697,4,4,4,4,4,3,4,4,4,4,4,3,4,4,4,3,6,5,5,4,4,5,4,4,6,4,5,4,4,4,4,5,5,4,4,5,4,4,5,4,7,5,5,5,6,5,4,6,7,6,7,7,4,5,4,6,7,8,7,7,6,7,6,10,5,5,5,5,5,5,5,5,5,5,5,5,5,5,5,5,5,5,5,5,5,5,5,5,5,5,5,5,5,5,5,5,5,5,5,5,5,5,5,5,5,5,5,5,5,5,5,5,5,5,5,5,5,5,5,5,5,5,5,5,5,5,5,5
7,672,676,677,662,662,654,652,652,683,674,678,669,669,661,653,661,704,687,686,678,675,676,664,663,701,693,690,682,678,684,685,676,714,698,704,698,693,677,678,671,718,704,707,704,691,691,695,677,724,723,701,717,697,700,697,693,720,722,717,708,715,711,705,673,5,4,5,4,4,4,4,5,4,5,5,4,4,4,4,4,6,6,4,5,4,5,5,5,7,5,5,4,4,4,5,6,6,4,5,4,5,5,6,5,6,5,5,6,6,4,6,5,7,9,7,5,6,5,6,6,7,8,5,8,6,6,6,9,5,5,5,5,5,5,5,5,5,5,5,5,5,5,5,5,5,5,5,5,5,5,5,5,5,5,5,5,5,5,5,5,5,5,5,5,5,5,5,5,5,5,5,5,5,5,5,5,5,5,5,5,5,5,5,5,5,5,5,5,5,5,5,5
8,685,674,659,665,661,663,662,665,685,673,676,674,672,663,661,654,691,684,684,677,679,682,664,659,703,691,694,681,681,675,668,667,688,700,690,686,688,682,679,682,707,704,699,687,698,689,689,683,724,711,708,711,690,699,691,672,734,715,708,710,698,689,697,687,5,4,5,5,4,4,4,6,5,3,4,5,4,4,4,4,6,5,5,4,4,5,3,4,5,4,5,4,4,4,4,4,5,4,4,4,4,4,5,5,5,4,4,5,4,4,5,5,5,6,5,6,4,6,5,6,8,8,5,7,7,6,6,8,5,5,5,5,5,5,5,5,5,5,5,5,5,5,5,5,5,5,5,5,5,5,5,5,5,5,5,5,5,5,5,5,5,5,5,5,5,5,5,5,5,5,5,5,5,5,5,5,5,5,5,5,5,5,5,5,5,5,5,5,5,5,5,5
9,677,674,665,664,659,658,659,654,689,682,683,673,663,665,669,667,683,694,684,674,677,674,674,657,704,690,695,691,680,673,678,664,706,700,696,697,693,684,691,666,705,710,699,699,684,682,682,689,726,712,709,706,706,699,684,686,733,717,727,722,710,702,698,679,5,5,4,4,4,4,5,5,5,5,4,4,4,4,4,4,7,6,4,5,4,4,4,4,6,5,5,4,4,4,4,5,5,5,4,4,6,4,5,4,5,7,4,5,5,5,6,5,6,8,6,6,5,5,5,6,8,8,6,8,5,6,6,13,5,5,5,5,5,5,5,5,5,5,5,5,5,5,5,5,5,5,5,5,5,5,5,5,5,5,5,5,5,5,5,5,5,5,5,5,5,5,5,5,5,5,5,5,5,5,5,5,5,5,5,5,5,5,5,5,5,5,5,5,5,5,5,5
10,676,678,673,660,665,663,655,658,686,679,678,666,666,663,656,656,691,690,690,685,674,670,669,666,697,699,696,688,676,671,669,668,700,695,693,684,695,687,678,681,702,713,706,700,695,689,692,678,731,710,710,709,698,701,700,688,722,734,711,716,703,696,700,680,5,4,4,4,3,4,4,4,5,4,4,4,4,4,4,4,5,5,6,4,4,4,3,5,7,4,5,4,4,4,4,4,5,4,5,5,5,4,4,4,5,5,5,5,5,4,5,5,6,5,5,4,5,6,6,7,7,7,5,7,6,5,6,7,5,5,5,5,5,5,5,5,5,5,5,5,5,5,5,5,5,5,5,5,5,5,5,5,5,5,5,5,5,5,5,5,5,5,5,5,5,5,5,5,5,5,5,5,5,5,5,5,5,5,5,5,5,5,5,5,5,5,5,5,5,5,5,5
11,679,682,667,661,657,661,658,649,686,675,677,665,665,661,653,654,698,686,683,679,674,668,670,671,696,695,689,690,672,680,672,668,703,697,697,693,685,686,682,673,713,704,693,700,704,701,688,694,720,714,697,691,689,697,691,701,733,720,721,718,704,701,707,688,6,4,4,4,4,4,4,5,6,4,4,4,4,4,5,4,6,6,5,6,4,4,5,5,6,4,5,4,4,4,6,5,5,5,5,5,5,5,5,5,5,6,5,5,6,5,5,5,6,6,5,5,5,5,6,8,9,7,6,6,5,6,8,12,5,5,5,5,5,5,5,5,5,5,5,5,5,5,5,5,5,5,5,5,5,5,5,5,5,5,5,5,5,5,5,5,5,5,5,5,5,5,5,5,5,5,5,5,5,5,5,5,5,5,5,5,5,5,5,5,5,5,5,5,5,5,5,5
12,685,667,666,667,667,663,658,649,692,676,675,674,668,666,667,658,687,686,677,683,675,664,672,661,708,696,692,681,680,675,676,672,705,693,697,696,695,684,684,680,707,711,703,705,685,695,679,684,718,719,712,700,709,695,684,683,726,711,707,709,708,696,692,705,5,4,4,5,3,4,4,5,5,4,4,4,4,4,3,4,4,6,4,5,4,4,4,4,5,5,5,4,4,4,4,5,6,4,4,4,5,5,4,5,6,6,5,5,6,4,5,5,5,6,6,5,5,5,5,6,7,7,5,7,7,5,5,9,5,5,5,5,5,5,5,5,5,5,5,5,5,5,5,5,5,5,5,5,5,5,5,5,5,5,5,5,5,5,5,5,5,5,5,5,5,5,5,5,5,5,5,5,5,5,5,5,5,5,5,5,5,5,5,5,5,5,5,5,5,5,5,5
13,671,683,676,669,661,651,649,649,681,680,676,676,660,665,645,659,689,688,682,682,673,670,666,663,699,687,685,689,683,677,671,667,709,702,702,692,690,688,680,671,722,711,706,699,690,681,687,682,720,717,695,703,700,697,697,686,730,731,719,713,698,706,697,705,5,4,4,4,4,4,4,5,5,5,5,4,4,4,3,4,7,6,5,5,4,5,5,4,6,4,5,5,4,5,4,4,7,5,4,5,5,5,4,5,5,6,5,5,5,6,6,6,5,8,5,6,4,5,5,6,8,8,6,7,7,6,5,9,5,5,5,5,5,5,5,5,5,5,5,5,5,5,5,5,5,5,5,5,5,5,5,5,5,5,5,5,5,5,5,5,5,5,5,5,5,5,5,5,5,5,5,5,5,5,5,5,5,5,5,5,5,5,5,5,5,5,5,5,5,5,5,5
14,688,673,663,659,660,653,646,664,686,689,675,671,676,663,650,649,684,692,676,685,672,674,665,666,704,694,698,682,685,671,672,659,711,703,700,694,688,691,680,673,707,697,709,688,695,694,685,684,726,716,706,707,700,692,697,689,731,724,713,724,713,704,703,704,6,4,3,5,4,4,4,4,5,4,4,4,5,3,4,4,6,6,5,5,4,4,4,4,5,4,4,4,4,4,4,6,6,4,4,4,5,4,4,4,6,4,6,6,5,4,5,4,7,6,5,6,5,5,5,6,8,7,5,8,6,6,6,8,5,5,5,5,5,5,5,5,5,5,5,5,5,5,5,5,5,5,5,5,5,5,5,5,5,5,5,5,5,5,5,5,5,5,5,5,5,5,5,5,5,5,5,5,5,5,5,5,5,5,5,5,5,5,5,5,5,5,5,5,5,5,5,5
15,676,674,667,670,667,665,656,646,691,681,676,678,669,663,665,656,679,688,684,675,673,669,669,658,697,696,683,688,686,678,678,686,701,695,701,694,683,692,687,669,725,710,711,697,703,688,697,685,717,722,710,696,692,694,694,683,718,702,711,721,704,696,711,704,5,4,4,4,3,4,4,5,5,5,4,5,4,4,4,3,6,6,4,5,4,5,5,4,6,5,5,4,4,4,4,6,6,4,4,5,5,6,4,4,6,4,6,5,6,5,5,6,7,7,8,6,5,5,6,5,6,8,5,7,7,6,7,9,5,5,5,5,5,5,5,5,5,5,5,5,5,5,5,5,5,5,5,5,5,5,5,5,5,5,5,5,5,5,5,5,5,5,5,5,5,5,5,5,5,5,5,5,5,5,5,5,5,5,5,5,5,5,5,5,5,5,5,5,5,5,5,5
16,677,676,682,664,665,661,654,655,692,684,670,672,672,665,660,671,690,703,678,681,671,665,672,662,697,686,693,689,679,672,667,675,706,702,699,689,690,687,672,666,699,710,703,715,702,686,694,679,722,724,711,711,694,694,704,693,715,722,711,720,706,698,707,678,5,5,4,4,4,4,4,5,6,4,4,3,4,4,4,4,6,6,4,5,4,4,4,4,6,4,6,4,3,4,4,4,6,4,4,4,5,5,4,4,5,5,4,5,5,5,5,5,6,8,5,6,4,5,5,6,7,13,5,7,7,5,6,9,5,5,5,5,5,5,5,5,5,5,5,5,5,5,5,5,5,5,5,5,5,5,5,5,5,5,5,5,5,5,5,5,5,5,5,5,5,5,5,5,5,5,5,5,5,5,5,5,5,5,5,5,5,5,5,5,5,5,5,5,5,5,5,5
17,685,681,670,659,667,653,651,654,686,679,681,671,668,661,656,657,681,698,679,673,677,666,674,663,686,686,701,684,689,677,678,666,704,696,694,694,696,682,681,675,702,708,706,696,702,693,690,688,707,722,695,708,705,697,701,696,723,721,717,713,708,695,703,692,6,4,4,6,4,5,4,5,4,4,4,5,5,4,4,4,6,6,5,5,4,4,4,4,6,4,5,4,4,4,5,5,6,5,4,4,5,5,4,5,6,5,5,5,6,5,5,6,6,7,6,6,5,5,7,6,8,10,5,7,5,6,6,11,5,5,5,5,5,5,5,5,5,5,5,5,5,5,5,5,5,5,5,5,5,5,5,5,5,5,5,5,5,5,5,5,5,5,5,5,5,5,5,5,5,5,5,5,5,5,5,5,5,5,5,5,5,5,5,5,5,5,5,5,5,5,5,5
18,678,675,665,667,669,656,656,658,682,676,681,676,665,663,664,654,687,687,687,681,678,666,666,657,692,695,688,688,681,673,671,672,699,688,706,694,687,686,682,677,714,704,697,701,691,686,685,677,711,711,706,712,698,689,697,692,730,724,707,710,695,697,700,690,5,5,4,4,4,4,4,5,6,4,4,5,4,4,4,4,6,5,4,5,4,4,4,4,6,4,5,4,4,4,4,5,7,4,4,5,4,4,4,5,5,6,4,4,6,4,4,5,6,7,5,6,6,4,5,7,8,8,5,7,6,6,6,9,5,5,5,5,5,5,5,5,5,5,5,5,5,5,5,5,5,5,5,5,5,5,5,5,5,5,5,5,5,5,5,5,5,5,5,5,5,5,5,5,5,5,5,5,5,5,5,5,5,5,5,5,5,5,5,5,5,5,5,5,5,5,5,5
19,671,676,672,666,653,671,655,667,678,686,681,671,671,661,652,660,690,690,684,682,678,668,670,659,698,691,682,683,683,675,675,663,699,692,699,686,696,690,678,678,712,702,706,709,697,687,694,680,719,714,712,697,698,686,698,698,711,729,705,702,700,699,692,691,5,6,4,4,4,4,4,5,5,5,4,4,4,4,4,4,6,5,5,6,4,4,4,4,6,5,5,5,4,4,4,4,6,5,5,5,5,5,5,5,6,5,5,6,4,5,6,5,8,6,5,5,5,5,6,7,8,13,6,7,6,7,6,13,5,5,5,5,5,5,5,5,5,5,5,5,5,5,5,5,5,5,5,5,5,5,5,5,5,5,5,5,5,5,5,5,5,5,5,5,5,5,5,5,5,5,5,5,5,5,5,5,5,5,5,5,5,5,5,5,5,5,5,5,5,5,5,5
20,685,671,664,671,661,658,657,661,686,678,673,678,662,665,664,659,692,699,686,688,675,679,664,663,704,698,681,678,685,681,679,667,701,699,695,694,693,686,681,673,707,715,704,702,684,693,692,688,728,713,720,709,694,694,691,685,725,721,713,718,701,706,689,685,6,5,4,5,3,4,4,4,4,4,4,4,4,4,4,4,5,5,4,5,3,5,4,4,5,4,4,4,4,4,4,5,6,4,4,5,5,4,4,4,4,6,4,5,5,4,5,6,5,7,6,6,5,6,6,6,7,7,4,7,6,5,6,8,5,5,5,5,5,5,5,5,5,5,5,5,5,5,5,5,5,5,5,5,5,5,5,5,5,5,5,5,5,5,5,5,5,5,5,5,5,5,5,5,5,5,5,5,5,5,5,5,5,5,5,5,5,5,5,5,5,5,5,5,5,5,5,5
21,680,682,667,673,664,651,655,654,683,678,679,673,667,656,666,659,691,682,683,682,681,666,664,667,690,698,689,678,685,677,669,668,709,694,689,707,690,691,680,675,706,702,712,699,699,686,682,681,718,715,711,698,695,703,699,679,719,723,719,700,713,695,709,711,5,4,4,5,4,4,4,6,4,4,4,4,4,4,4,4,6,6,4,5,4,5,5,5,6,4,5,4,4,5,5,5,6,4,4,4,5,5,4,5,7,6,5,5,7,5,5,5,7,7,7,6,5,5,5,7,8,9,6,6,6,6,8,9,5,5,5,5,5,5,5,5,5,5,5,5,5,5,5,5,5,5,5,5,5,5,5,5,5,5,5,5,5,5,5,5,5,5,5,5,5,5,5,5,5,5,5,5,5,5,5,5,5,5,5,5,5,5,5,5,5,5,5,5,5,5,5,5
22,683,674,668,662,671,661,665,647,689,671,671,666,673,660,661,660,688,685,679,678,674,666,662,663,698,693,683,684,678,678,675,667,704,700,699,688,704,690,683,677,713,708,697,711,698,694,694,682,711,714,709,706,701,697,683,682,722,716,717,708,711,695,684,719,6,5,4,4,3,3,4,4,5,4,4,4,5,4,4,4,5,5,5,5,4,4,4,4,6,4,5,4,4,4,5,4,5,4,4,4,4,4,4,5,5,5,5,5,5,4,5,5,7,6,6,6,5,5,5,7,8,8,5,5,6,6,6,9,5,5,5,5,5,5,5,5,5,5,5,5,5,5,5,5,5,5,5,5,5,5,5,5,5,5,5,5,5,5,5,5,5,5,5,5,5,5,5,5,5,5,5,5,5,5,5,5,5,5,5,5,5,5,5,5,5,5,5,5,5,5,5,5
23,681,684,666,666,662,664,660,661,686,677,670,673,668,665,663,658,682,688,681,676,672,667,663,664,691,685,691,684,680,681,664,656,697,705,696,698,695,682,679,680,712,708,699,697,704,687,695,680,710,727,708,708,692,700,697,685,721,732,711,699,719,703,693,686,5,5,4,4,4,4,4,5,4,4,5,4,4,4,4,4,6,6,5,5,4,4,4,4,5,5,6,4,4,5,4,6,7,5,4,4,6,5,5,5,6,6,5,7,5,4,6,5,6,6,6,7,4,6,6,7,7,7,5,8,6,5,5,8,5,5,5,5,5,5,5,5,5,5,5,5,5,5,5,5,5,5,5,5,5,5,5,5,5,5,5,5,5,5,5,5,5,5,5,5,5,5,5,5,5,5,5,5,5,5,5,5,5,5,5,5,5,5,5,5,5,5,5,5,5,5,5,5
24,681,677,670,660,662,657,663,656,686,680,677,670,665,671,662,652,692,685,686,679,676,672,661,666,698,693,694,680,687,690,668,664,709,703,686,690,685,688,679,679,708,699,700,693,695,695,676,682,726,723,701,707,698,700,690,713,719,722,716,709,707,700,705,699,5,5,4,4,3,3,4,4,5,5,4,4,4,4,3,4,7,6,5,4,4,4,4,4,6,4,5,4,4,4,4,6,6,5,4,4,5,5,4,5,4,5,4,7,5,4,5,6,6,8,6,6,5,5,6,9,7,8,6,7,6,5,7,7,5,5,5,5,5,5,5,5,5,5,5,5,5,5,5,5,5,5,5,5,5,5,5,5,5,5,5,5,5,5,5,5,5,5,5,5,5,5,5,5,5,5,5,5,5,5,5,5,5,5,5,5,5,5,5,5,5,5,5,5,5,5,5,5
25,675,666,674,666,657,656,657,665,689,680,682,670,670,656,660,659,687,688,689,683,679,667,660,671,696,696,687,687,684,685,673,675,712,708,694,692,684,682,687,663,705,714,704,697,695,679,687,688,712,720,706,707,701,690,684,684,718,707,714,716,706,697,693,689,5,4,4,4,4,4,4,4,5,5,4,4,4,4,5,4,6,5,4,5,4,4,4,5,6,5,5,5,5,5,5,5,6,6,5,5,5,5,4,4,6,4,5,5,7,5,4,6,6,10,5,6,5,5,5,5,7,9,5,8,6,6,7,10,5,5,5,5,5,5,5,5,5,5,5,5,5,5,5,5,5,5,5,5,5,5,5,5,5,5,5,5,5,5,5,5,5,5,5,5,5,5,5,5,5,5,5,5,5,5,5,5,5,5,5,5,5,5,5,5,5,5,5,5,5,5,5,5
26,676,672,674,664,664,656,661,657,682,672,676,677,677,658,660,666,700,684,680,681,669,674,662,662,703,704,684,690,678,682,677,672,713,708,692,699,687,680,682,680,720,700,700,696,696,695,687,678,716,714,701,708,696,695,693,689,716,725,716,720,712,707,697,701,5,4,4,5,4,4,4,4,5,4,4,4,4,3,4,4,6,5,4,5,3,4,4,4,6,4,5,4,4,4,5,4,6,4,5,4,4,4,4,5,6,6,5,4,5,4,5,5,7,7,6,7,5,5,5,6,7,8,5,8,5,6,6,7,5,5,5,5,5,5,5,5,5,5,5,5,5,5,5,5,5,5,5,5,5,5,5,5,5,5,5,5,5,5,5,5,5,5,5,5,5,5,5,5,5,5,5,5,5,5,5,5,5,5,5,5,5,5,5,5,5,5,5,5,5,5,5,5
27,681,681,665,674,663,656,657,652,686,677,688,674,662,671,662,653,695,687,677,685,673,664,668,664,706,701,687,686,689,674,678,663,712,692,695,688,688,690,682,669,714,708,700,695,696,687,690,681,720,717,706,710,704,710,701,689,731,698,725,708,713,704,709,710,5,4,4,5,3,5,4,5,5,5,4,4,4,4,4,4,6,5,5,4,4,4,4,5,5,4,5,4,5,4,4,5,6,5,5,5,5,4,4,5,6,5,4,5,5,4,5,5,7,7,6,6,6,6,5,7,6,10,6,6,5,5,7,8,5,5,5,5,5,5,5,5,5,5,5,5,5,5,5,5,5,5,5,5,5,5,5,5,5,5,5,5,5,5,5,5,5,5,5,5,5,5,5,5,5,5,5,5,5,5,5,5,5,5,5,5,5,5,5,5,5,5,5,5,5,5,5,5
28,675,668,677,666,660,666,655,650,691,675,673,663,669,670,668,653,687,693,686,680,679,671,668,670,692,692,684,682,676,676,675,669,716,698,694,695,682,686,689,682,715,700,701,705,703,686,687,685,720,710,713,701,701,700,691,690,731,718,724,729,702,700,698,700,5,6,5,4,4,4,4,5,5,4,4,4,4,4,4,3,6,6,4,5,4,4,4,4,5,4,4,4,4,4,4,5,6,4,4,4,5,4,4,5,6,6,4,5,5,4,5,6,6,6,5,6,5,6,6,7,8,8,6,8,6,6,5,12,5,5,5,5,5,5,5,5,5,5,5,5,5,5,5,5,5,5,5,5,5,5,5,5,5,5,5,5,5,5,5,5,5,5,5,5,5,5,5,5,5,5,5,5,5,5,5,5,5,5,5,5,5,5,5,5,5,5,5,5,5,5,5,5
29,680,673,669,660,658,659,660,655,688,680,679,680,667,669,669,663,687,693,682,680,674,673,665,660,695,694,690,686,678,675,681,676,697,704,687,689,689,687,680,676,713,702,689,694,692,688,681,689,725,713,694,700,697,699,690,682,736,707,707,709,707,713,701,714,6,4,4,4,4,4,4,6,5,4,4,4,4,4,3,4,7,7,4,6,4,5,4,4,6,4,5,4,4,5,5,5,7,4,5,5,6,4,5,5,5,6,5,5,5,4,5,5,6,7,6,6,4,6,6,6,7,9,5,6,7,6,6,8,5,5,5,5,5,5,5,5,5,5,5,5,5,5,5,5,5,5,5,5,5,5,5,5,5,5,5,5,5,5,5,5,5,5,5,5,5,5,5,5,5,5,5,5,5,5,5,5,5,5,5,5,5,5,5,5,5,5,5,5,5,5,5,5
30,674,683,675,671,664,654,663,661,683,678,676,670,665,657,656,656,683,684,683,679,676,672,670,661,693,695,698,691,679,679,667,669,689,701,699,689,687,681,679,668,711,698,694,686,693,691,690,693,725,699,706,703,703,692,707,690,724,709,719,715,704,701,704,696,5,4,4,4,3,4,4,4,5,4,3,4,4,4,4,3,6,6,5,4,4,4,3,3,6,4,4,4,4,4,4,5,5,4,4,5,6,4,4,4,5,5,4,6,6,5,5,5,6,7,5,5,6,5,5,6,7,8,5,6,5,4,6,9,5,5,5,5,5,5,5,5,5,5,5,5,5,5,5,5,5,5,5,5,5,5,5,5,5,5,5,5,5,5,5,5,5,5,5,5,5,5,5,5,5,5,5,5,5,5,5,5,5,5,5,5,5,5,5,5,5,5,5,5,5,5,5,5
31,681,678,670,667,663,657,654,654,683,692,674,670,666,664,660,657,678,699,686,677,672,667,660,667,695,695,694,680,684,682,670,671,702,689,698,687,700,683,683,676,710,704,714,703,703,691,674,672,728,710,701,701,709,704,676,691,724,725,719,705,697,695,702,709,6,6,5,4,4,4,4,5,5,4,4,4,4,4,4,5,6,6,5,5,3,4,4,4,6,5,6,4,4,4,5,5,7,4,5,5,5,4,4,4,5,5,5,5,6,5,5,5,7,7,5,7,6,6,5,7,9,6,5,8,6,6,6,11,5,5,5,5,5,5,5,5,5,5,5,5,5,5,5,5,5,5,5,5,5,5,5,5,5,5,5,5,5,5,5,5,5,5,5,5,5,5,5,5,5,5,5,5,5,5,5,5,5,5,5,5,5,5,5,5,5,5,5,5,5,5,5,5
32,684,672,671,667,668,665,657,654,693,676,674,670,674,662,660,658,684,697,683,687,672,666,666,665,706,688,688,688,679,676,666,680,716,701,692,689,691,686,676,680,713,714,701,693,689,686,688,680,710,712,704,708,704,704,692,681,728,738,723,711,706,712,695,695,6,4,4,4,3,4,4,5,5,4,3,4,4,4,4,4,7,6,4,5,4,4,3,4,5,5,5,4,4,4,4,5,6,5,5,4,5,4,5,5,5,5,5,6,7,4,5,5,6,8,7,5,5,6,5,8,7,9,5,6,6,6,5,9,5,5,5,5,5,5,5,5,5,5,5,5,5,5,5,5,5,5,5,5,5,5,5,5,5,5,5,5,5,5,5,5,5,5,5,5,5,5,5,5,5,5,5,5,5,5,5,5,5,5,5,5,5,5,5,5,5,5,5,5,5,5,5,5
33,684,667,670,677,660,659,654,643,677,674,679,668,672,660,660,664,689,674,685,670,671,672,663,674,698,696,689,683,677,678,676,662,712,702,699,701,697,689,680,673,711,706,705,697,695,682,678,693,721,723,693,717,692,694,698,691,741,717,734,714,708,702,704,685,6,5,4,5,4,4,4,4,5,4,4,4,5,4,5,4,5,5,5,5,4,5,4,5,5,4,5,4,4,5,5,5,6,5,5,4,5,6,4,6,6,5,6,4,6,5,5,6,5,7,5,6,6,5,4,7,9,8,6,6,6,6,6,14,5,5,5,5,5,5,5,5,5,5,5,5,5,5,5,5,5,5,5,5,5,5,5,5,5,5,5,5,5,5,5,5,5,5,5,5,5,5,5,5,5,5,5,5,5,5,5,5,5,5,5,5,5,5,5,5,5,5,5,5,5,5,5,5
34,690,681,678,661,664,652,659,647,690,676,675,669,667,669,661,660,688,687,680,677,678,671,668,666,706,697,697,691,678,679,664,674,702,701,693,685,689,686,684,674,718,714,699,697,694,698,685,678,735,718,706,713,696,693,707,687,723,721,723,711,718,704,706,705,4,4,4,4,4,4,4,4,5,4,4,4,4,4,4,4,6,5,4,5,4,4,3,4,5,5,4,4,3,4,4,6,7,5,4,4,4,4,4,4,5,5,5,5,6,4,5,6,7,7,5,5,5,5,5,6,7,8,5,5,6,5,5,10,5,5,5,5,5,5,5,5,5,5,5,5,5,5,5,5,5,5,5,5,5,5,5,5,5,5,5,5,5,5,5,5,5,5,5,5,5,5,5,5,5,5,5,5,5,5,5,5,5,5,5,5,5,5,5,5,5,5,5,5,5,5,5,5
35,676,685,659,668,659,662,655,648,694,674,671,678,660,662,661,666,685,695,686,683,671,662,669,671,696,695,699,695,674,675,663,669,701,698,693,700,683,689,677,669,712,710,702,706,696,690,696,677,726,699,704,701,701,695,689,688,731,720,714,709,698,703,708,700,6,4,4,4,4,3,4,5,5,4,4,4,4,4,4,4,6,6,4,5,4,4,5,5,6,4,6,4,4,4,5,5,8,6,5,4,5,5,5,4,5,6,5,5,5,4,5,6,6,8,6,5,5,6,6,6,9,11,5,7,6,6,7,10,5,5,5,5,5,5,5,5,5,5,5,5,5,5,5,5,5,5,5,5,5,5,5,5,5,5,5,5,5,5,5,5,5,5,5,5,5,5,5,5,5,5,5,5,5,5,5,5,5,5,5,5,5,5,5,5,5,5,5,5,5,5,5,5
36,679,671,666,672,660,659,645,654,691,678,680,675,674,657,663,657,696,701,685,680,666,669,662,661,705,697,682,685,676,681,674,671,703,696,701,690,688,686,681,680,711,712,710,700,702,688,684,686,718,708,710,693,698,688,698,691,725,719,708,701,713,698,698,697,5,4,4,4,4,3,4,5,5,4,4,5,4,4,4,4,6,6,5,5,4,4,4,4,5,5,5,4,4,4,5,4,5,4,4,5,5,4,4,4,5,5,5,5,5,5,5,5,5,6,5,6,5,5,5,5,7,8,5,6,6,5,5,9,5,5,5,5,5,5,5,5,5,5,5,5,5,5,5,5,5,5,5,5,5,5,5,5,5,5,5,5,5,5,5,5,5,5,5,5,5,5,5,5,5,5,5,5,5,5,5,5,5,5,5,5,5,5,5,5,5,5,5,5,5,5,5,5
37,685,679,674,673,669,656,651,663,689,680,680,663,667,671,648,655,685,686,688,672,679,675,671,664,705,702,701,688,673,684,672,679,703,711,702,693,684,684,680,676,714,717,693,701,693,690,683,687,731,694,711,702,695,692,696,680,738,733,724,705,703,701,712,701,6,5,4,4,4,4,4,6,6,4,4,4,4,4,4,4,8,6,4,5,4,5,4,4,7,5,5,5,4,4,5,5,8,5,6,5,5,5,5,4,6,4,4,5,6,4,6,5,6,6,6,5,6,6,6,6,8,10,6,8,5,5,7,12,5,5,5,5,5,5,5,5,5,5,5,5,5,5,5,5,5,5,5,5,5,5,5,5,5,5,5,5,5,5,5,5,5,5,5,5,5,5,5,5,5,5,5,5,5,5,5,5,5,5,5,5,5,5,5,5,5,5,5,5,5,5,5,5
38,668,685,661,661,661,656,657,652,689,674,674,670,663,663,667,657,699,683,689,685,671,665,666,660,696,694,692,684,675,675,679,669,701,695,686,687,692,692,680,676,715,698,707,707,688,680,682,685,711,717,692,701,699,690,699,680,714,720,717,701,709,711,695,707,4,4,3,4,3,4,4,4,4,4,4,4,4,4,3,3,5,5,4,4,4,4,4,4,5,4,5,5,4,4,4,5,7,4,4,4,5,4,5,4,6,5,5,5,5,4,5,6,6,6,6,6,5,4,4,7,6,7,5,7,8,6,5,8,5,5,5,5,5,5,5,5,5,5,5,5,5,5,5,5,5,5,5,5,5,5,5,5,5,5,5,5,5,5,5,5,5,5,5,5,5,5,5,5,5,5,5,5,5,5,5,5,5,5,5,5,5,5,5,5,5,5,5,5,5,5,5,5
39,673,672,675,662,662,669,652,647,683,675,675,672,667,660,655,652,686,689,684,688,678,666,660,671,693,696,688,678,677,677,679,671,703,691,696,687,699,685,674,679,713,700,699,701,698,691,685,681,719,714,709,703,701,693,698,688,719,723,727,716,714,704,706,694,4,6,5,4,5,5,4,5,4,4,4,4,4,4,4,4,8,6,5,6,4,5,4,5,5,4,5,5,4,4,6,5,5,4,5,5,6,5,5,5,5,5,4,5,6,4,6,6,6,6,5,6,5,5,5,5,7,8,7,7,8,6,6,10,5,5,5,5,5,5,5,5,5,5,5,5,5,5,5,5,5,5,5,5,5,5,5,5,5,5,5,5,5,5,5,5,5,5,5,5,5,5,5,5,5,5,5,5,5,5,5,5,5,5,5,5,5,5,5,5,5,5,5,5,5,5,5,5
40,682,676,669,667,660,657,647,652,682,677,679,670,662,665,672,659,688,689,687,674,673,678,667,660,702,695,690,682,678,679,670,667,708,697,696,685,690,689,683,676,706,702,703,695,700,693,690,685,711,719,713,703,705,697,695,698,720,726,729,720,711,704,701,678,5,4,4,4,4,5,3,4,5,4,4,4,4,4,4,4,6,5,5,5,4,4,4,3,5,5,5,4,4,4,4,5,6,4,4,5,5,5,4,4,6,5,5,5,6,4,4,6,5,6,5,6,5,5,6,7,8,8,5,6,5,6,5,8,5,5,5,5,5,5,5,5,5,5,5,5,5,5,5,5,5,5,5,5,5,5,5,5,5,5,5,5,5,5,5,5,5,5,5,5,5,5,5,5,5,5,5,5,5,5,5,5,5,5,5,5,5,5,5,5,5,5,5,5,5,5,5,5
41,684,683,665,666,657,665,649,650,681,681,683,670,671,663,656,666,683,692,688,670,678,678,666,663,712,694,683,679,682,676,672,681,704,694,694,685,691,677,674,680,715,711,697,702,688,697,694,675,702,734,713,703,698,695,701,684,725,735,714,710,696,691,699,715,6,5,4,4,4,4,4,5,5,5,5,4,5,4,4,4,6,6,4,5,4,5,3,4,6,4,5,4,4,4,5,5,6,5,5,5,5,4,4,5,5,6,5,5,6,5,5,5,7,6,5,7,5,5,5,5,7,10,6,7,6,6,5,12,5,5,5,5,5,5,5,5,5,5,5,5,5,5,5,5,5,5,5,5,5,5,5,5,5,5,5,5,5,5,5,5,5,5,5,5,5,5,5,5,5,5,5,5,5,5,5,5,5,5,5,5,5,5,5,5,5,5,5,5,5,5,5,5
42,670,674,675,667,657,662,657,661,685,693,679,673,665,663,665,663,693,683,689,683,675,665,674,664,700,695,686,687,683,680,670,668,704,704,687,689,677,688,683,676,714,707,704,702,697,696,688,671,732,719,712,697,705,690,702,688,729,726,709,698,711,710,697,683,6,4,4,4,4,4,4,4,4,5,3,4,4,3,4,4,6,5,4,5,4,4,4,4,5,4,5,4,4,4,4,5,6,4,4,5,4,5,4,4,6,6,4,5,5,4,4,5,6,7,5,5,5,4,5,6,7,9,5,6,5,5,6,9,5,5,5,5,5,5,5,5,5,5,5,5,5,5,5,5,5,5,5,5,5,5,5,5,5,5,5,5,5,5,5,5,5,5,5,5,5,5,5,5,5,5,5,5,5,5,5,5,5,5,5,5,5,5,5,5,5,5,5,5,5,5,5,5
43,683,671,673,666,657,664,660,644,685,685,683,670,677,670,659,658,699,691,687,674,679,669,665,670,701,688,690,685,683,679,670,663,716,692,692,688,688,684,681,681,726,712,695,695,696,685,683,688,725,715,712,707,698,695,696,694,717,712,704,715,705,708,713,690,5,5,5,4,4,4,4,4,5,4,4,4,5,4,4,4,6,6,5,4,4,5,4,5,6,5,5,4,4,4,5,4,6,5,5,5,5,5,5,6,7,5,5,5,5,5,7,5,7,8,5,6,5,6,5,6,8,8,5,7,6,6,7,9,5,5,5,5,5,5,5,5,5,5,5,5,5,5,5,5,5,5,5,5,5,5,5,5,5,5,5,5,5,5,5,5,5,5,5,5,5,5,5,5,5,5,5,5,5,5,5,5,5,5,5,5,5,5,5,5,5,5,5,5,5,5,5,5
44,684,675,668,663,655,665,657,654,686,679,675,666,667,663,660,661,699,685,688,669,667,674,675,666,693,688,691,686,679,688,673,658,708,700,695,696,689,685,694,672,717,696,702,699,695,683,691,679,716,710,705,711,695,688,690,677,724,729,707,701,713,706,719,679,5,5,4,4,4,4,4,4,4,5,4,4,3,3,4,4,6,5,4,4,4,4,4,4,6,4,5,4,4,4,4,5,6,4,4,5,4,4,4,5,6,5,4,6,6,5,5,5,5,7,6,5,5,5,6,7,8,9,4,8,4,5,6,10,5,5,5,5,5,5,5,5,5,5,5,5,5,5,5,5,5,5,5,5,5,5,5,5,5,5,5,5,5,5,5,5,5,5,5,5,5,5,5,5,5,5,5,5,5,5,5,5,5,5,5,5,5,5,5,5,5,5,5,5,5,5,5,5
45,670,675,668,655,658,655,663,654,679,687,680,678,668,668,661,654,693,695,685,671,686,671,657,671,705,694,685,684,680,687,671,672,712,688,699,683,687,678,683,681,709,700,701,704,694,694,682,681,716,720,702,716,707,696,699,685,721,733,715,715,709,689,695,704,5,4,4,5,4,4,4,5,4,5,4,5,4,4,4,4,6,6,4,5,3,4,4,4,8,5,5,4,4,5,5,5,6,4,4,5,5,5,4,5,6,6,5,5,5,5,5,6,6,7,6,7,5,5,5,7,9,8,6,6,7,6,6,12,5,5,5,5,5,5,5,5,5,5,5,5,5,5,5,5,5,5,5,5,5,5,5,5,5,5,5,5,5,5,5,5,5,5,5,5,5,5,5,5,5,5,5,5,5,5,5,5,5,5,5,5,5,5,5,5,5,5,5,5,5,5,5,5
46,692,677,670,666,659,663,656,648,682,678,679,662,669,668,668,656,679,682,681,676,681,671,662,664,692,695,686,682,686,677,671,673,701,701,693,694,692,683,684,685,708,706,707,694,693,686,691,688,719,691,706,703,699,689,698,678,725,712,715,700,707,707,697,697,4,4,4,4,4,4,4,4,4,4,3,4,4,4,4,3,7,6,5,4,3,5,4,4,6,4,5,4,4,4,5,5,5,4,4,4,5,4,4,5,5,6,5,4,5,4,5,6,6,7,6,6,5,5,5,5,7,10,5,6,5,5,5,9,5,5,5,5,5,5,5,5,5,5,5,5,5,5,5,5,5,5,5,5,5,5,5,5,5,5,5,5,5,5,5,5,5,5,5,5,5,5,5,5,5,5,5,5,5,5,5,5,5,5,5,5,5,5,5,5,5,5,5,5,5,5,5,5
47,685,679,663,665,655,650,655,645,685,680,685,665,666,671,655,661,698,689,689,684,675,669,672,660,700,690,694,683,677,670,679,674,706,706,698,690,685,687,682,669,719,708,714,700,692,695,690,682,713,708,713,703,705,700,696,695,734,716,719,697,710,699,700,699,6,4,3,4,4,4,4,4,5,5,4,4,4,4,5,4,7,5,4,5,4,5,4,4,6,5,5,4,4,4,5,5,6,5,4,4,4,5,5,5,5,6,6,5,7,4,5,5,6,6,4,6,6,5,5,6,8,6,6,6,7,5,6,8,5,5,5,5,5,5,5,5,5,5,5,5,5,5,5,5,5,5,5,5,5,5,5,5,5,5,5,5,5,5,5,5,5,5,5,5,5,5,5,5,5,5,5,5,5,5,5,5,5,5,5,5,5,5,5,5,5,5,5,5,5,5,5,5
48,681,675,669,669,662,653,659,640,685,681,678,667,667,659,658,658,688,692,676,679,670,665,670,663,700,691,695,694,686,683,670,669,700,701,696,697,692,676,684,678,714,716,696,692,692,698,676,685,699,713,717,710,695,700,700,689,711,705,705,715,693,704,691,679,6,4,4,3,3,4,4,4,5,4,4,4,4,4,4,4,6,5,5,4,4,4,3,4,5,4,6,4,4,4,5,5,5,5,4,4,5,4,4,4,6,5,4,6,5,4,5,5,5,8,5,6,5,5,5,7,6,8,5,8,5,6,5,9,5,5,5,5,5,5,5,5,5,5,5,5,5,5,5,5,5,5,5,5,5,5,5,5,5,5,5,5,5,5,5,5,5,5,5,5,5,5,5,5,5,5,5,5,5,5,5,5,5,5,5,5,5,5,5,5,5,5,5,5,5,5,5,5
49,682,672,671,668,660,659,655,650,678,680,681,674,672,663,662,657,705,690,683,679,671,672,669,668,702,696,701,685,675,670,676,663,690,706,685,692,689,684,684,666,706,708,708,696,692,688,693,676,712,707,708,696,701,700,700,684,725,722,709,710,704,704,714,707,5,5,5,5,4,4,4,5,4,4,4,4,5,4,4,4,6,6,5,5,4,5,3,5,6,4,4,4,4,4,5,5,6,5,4,5,5,4,4,4,6,6,6,5,5,4,6,5,7,7,7,7,6,5,5,6,9,8,5,7,6,6,6,10,5,5,5,5,5,5,5,5,5,5,5,5,5,5,5,5,5,5,5,5,5,5,5,5,5,5,5,5,5,5,5,5,5,5,5,5,5,5,5,5,5,5,5,5,5,5,5,5,5,5,5,5,5,5,5,5,5,5,5,5,5,5,5,5
50,678,673,669,671,653,659,657,659,699,680,682,670,661,667,653,660,689,690,675,674,670,670,673,661,696,688,684,686,687,676,672,670,693,691,697,686,690,687,684,687,712,703,704,704,694,689,688,680,719,718,720,712,702,688,701,680,719,712,723,720,697,693,699,698,5,4,4,4,3,3,4,5,5,4,4,4,4,4,4,4,6,5,5,5,4,4,4,4,5,4,5,4,4,4,4,5,6,4,5,5,5,5,4,5,6,6,4,5,5,4,5,5,5,6,6,6,4,5,6,6,7,7,6,8,6,5,5,8,5,5,5,5,5,5,5,5,5,5,5,5,5,5,5,5,5,5,5,5,5,5,5,5,5,5,5,5,5,5,5,5,5,5,5,5,5,5,5,5,5,5,5,5,5,5,5,5,5,5,5,5,5,5,5,5,5,5,5,5,5,5,5,5
51,681,680,664,666,660,662,669,652,692,684,680,673,666,669,650,656,702,684,681,681,683,672,660,657,703,688,696,685,675,681,669,668,691,711,696,694,689,682,672,676,706,701,700,697,694,690,677,684,711,722,701,707,712,687,690,682,726,721,713,717,703,704,707,686,6,4,4,5,4,4,4,5,5,5,4,5,4,4,4,4,5,5,5,5,4,5,4,5,5,5,5,4,4,4,5,7,6,6,4,5,5,5,4,5,6,5,5,5,5,4,5,5,6,7,7,5,6,5,5,6,8,8,5,9,7,6,6,9,5,5,5,5,5,5,5,5,5,5,5,5,5,5,5,5,5,5,5,5,5,5,5,5,5,5,5,5,5,5,5,5,5,5,5,5,5,5,5,5,5,5,5,5,5,5,5,5,5,5,5,5,5,5,5,5,5,5,5,5,5,5,5,5
52,679,664,667,668,657,655,650,651,678,674,670,667,667,665,660,661,689,681,683,681,678,675,660,668,700,697,679,684,675,671,671,671,695,697,696,698,672,687,684,679,711,706,705,702,699,693,684,684,716,712,705,702,696,689,695,693,729,732,710,704,707,715,695,693,5,4,4,4,4,4,4,4,5,4,4,4,4,4,3,4,5,4,5,4,4,5,3,4,6,5,5,4,3,4,4,5,7,4,4,5,4,5,4,5,4,5,4,6,6,4,5,6,6,7,6,5,5,5,5,6,8,9,5,5,6,7,5,9,5,5,5,5,5,5,5,5,5,5,5,5,5,5,5,5,5,5,5,5,5,5,5,5,5,5,5,5,5,5,5,5,5,5,5,5,5,5,5,5,5,5,5,5,5,5,5,5,5,5,5,5,5,5,5,5,5,5,5,5,5,5,5,5
53,683,677,673,672,659,665,655,656,678,680,669,664,666,664,657,664,698,681,686,683,676,673,677,666,702,688,693,687,686,682,669,668,708,712,697,690,696,689,667,663,706,712,712,693,693,690,697,686,719,722,702,706,709,696,702,688,730,737,710,722,700,691,709,699,5,4,5,5,4,4,4,5,5,5,5,4,4,4,4,4,6,5,4,5,3,4,4,4,6,5,5,4,4,4,4,5,5,5,4,5,6,4,5,5,6,4,6,5,6,4,5,6,6,8,5,7,6,4,5,6,8,8,6,9,6,5,7,11,5,5,5,5,5,5,5,5,5,5,5,5,5,5,5,5,5,5,5,5,5,5,5,5,5,5,5,5,5,5,5,5,5,5,5,5,5,5,5,5,5,5,5,5,5,5,5,5,5,5,5,5,5,5,5,5,5,5,5,5,5,5,5,5
54,683,674,668,661,666,655,661,647,692,680,677,674,674,660,662,658,690,688,679,670,669,670,669,662,696,694,687,685,687,680,678,666,702,694,695,699,685,687,683,675,723,695,711,696,699,684,692,683,720,708,709,709,702,701,703,696,711,730,711,710,701,694,696,709,5,5,3,3,4,4,4,5,5,4,4,3,4,3,4,4,5,5,4,4,4,4,4,3,5,4,5,4,4,4,5,4,6,4,4,4,5,5,4,4,5,5,4,4,5,5,5,5,6,6,5,6,5,6,5,6,6,8,5,8,6,5,6,9,5,5,5,5,5,5,5,5,5,5,5,5,5,5,5,5,5,5,5,5,5,5,5,5,5,5,5,5,5,5,5,5,5,5,5,5,5,5,5,5,5,5,5,5,5,5,5,5,5,5,5,5,5,5,5,5,5,5,5,5,5,5,5,5
55,681,677,675,666,663,660,652,647,682,684,684,669,669,658,664,662,695,683,689,676,670,665,664,663,691,697,689,684,682,680,668,671,714,712,688,690,684,687,686,678,717,706,703,702,703,689,688,694,707,715,701,714,706,708,693,693,725,731,725,715,710,693,696,688,6,5,5,5,4,4,4,5,5,5,4,4,4,4,4,4,6,5,4,4,4,4,4,4,6,5,5,5,4,5,4,5,7,5,5,5,4,5,5,5,6,5,5,5,6,5,6,6,6,7,6,5,6,4,5,8,9,8,6,7,5,6,6,9,5,5,5,5,5,5,5,5,5,5,5,5,5,5,5,5,5,5,5,5,5,5,5,5,5,5,5,5,5,5,5,5,5,5,5,5,5,5,5,5,5,5,5,5,5,5,5,5,5,5,5,5,5,5,5,5,5,5,5,5,5,5,5,5
56,676,674,669,663,660,657,665,657,694,684,676,674,674,664,654,660,693,684,688,675,674,671,657,658,694,691,705,683,683,681,677,663,700,701,696,692,696,680,676,677,706,720,707,702,685,690,676,679,710,713,691,704,697,697,687,692,730,722,712,716,708,697,704,700,5,4,4,4,4,4,4,5,5,4,4,4,4,4,3,4,5,5,5,4,4,4,4,4,5,4,5,4,4,4,4,4,6,4,4,5,5,4,5,6,5,5,5,5,5,4,5,5,6,6,5,5,4,5,5,5,7,9,5,7,6,4,6,8,5,5,5,5,5,5,5,5,5,5,5,5,5,5,5,5,5,5,5,5,5,5,5,5,5,5,5,5,5,5,5,5,5,5,5,5,5,5,5,5,5,5,5,5,5,5,5,5,5,5,5,5,5,5,5,5,5,5,5,5,5,5,5,5
57,688,682,665,670,658,662,656,653,691,679,676,676,665,670,666,655,681,691,680,678,670,669,666,660,700,692,692,688,680,679,662,674,699,705,685,693,687,678,680,687,717,705,706,695,697,691,682,687,721,713,714,699,698,698,677,689,728,717,724,717,699,700,701,710,7,4,5,4,4,4,4,6,6,4,4,4,4,4,5,4,6,6,5,5,4,4,5,4,6,5,5,4,4,4,4,5,7,5,5,5,5,5,5,5,5,5,5,5,6,4,5,6,5,6,5,6,5,5,5,6,7,8,6,7,6,6,6,8,5,5,5,5,5,5,5,5,5,5,5,5,5,5,5,5,5,5,5,5,5,5,5,5,5,5,5,5,5,5,5,5,5,5,5,5,5,5,5,5,5,5,5,5,5,5,5,5,5,5,5,5,5,5,5,5,5,5,5,5,5,5,5,5
58,673,680,671,665,661,653,656,657,693,673,670,673,666,662,658,660,695,684,679,682,678,674,674,667,702,692,687,681,683,685,670,665,710,700,691,693,691,691,680,673,710,702,710,696,694,683,693,684,717,700,697,702,712,689,690,693,722,724,719,712,693,697,702,712,5,4,4,4,4,3,4,4,5,4,5,4,4,3,4,3,6,5,4,5,4,4,4,4,5,5,5,4,4,5,5,5,6,4,4,5,5,4,4,4,5,5,5,5,6,4,5,5,5,7,6,5,6,5,5,8,6,10,6,7,5,5,6,8,5,5,5,5,5,5,5,5,5,5,5,5,5,5,5,5,5,5,5,5,5,5,5,5,5,5,5,5,5,5,5,5,5,5,5,5,5,5,5,5,5,5,5,5,5,5,5,5,5,5,5,5,5,5,5,5,5,5,5,5,5,5,5,5
59,681,668,677,671,660,662,652,650,699,677,675,679,672,667,662,650,689,682,683,687,677,683,669,661,694,697,696,678,685,680,665,668,710,705,694,693,689,679,684,674,714,700,704,701,694,691,682,680,729,714,707,710,701,698,683,689,724,717,718,703,706,703,705,696,6,5,4,5,5,4,4,5,6,4,4,4,4,4,5,5,8,5,5,6,4,4,4,4,6,5,6,4,4,4,4,5,6,5,5,5,5,4,5,5,5,5,5,5,5,4,6,5,7,8,7,5,5,5,5,6,7,9,6,6,7,5,6,11,5,5,5,5,5,5,5,5,5,5,5,5,5,5,5,5,5,5,5,5,5,5,5,5,5,5,5,5,5,5,5,5,5,5,5,5,5,5,5,5,5,5,5,5,5,5,5,5,5,5,5,5,5,5,5,5,5,5,5,5,5,5,5,5
60,683,672,672,667,655,663,654,654,684,678,676,674,669,665,659,661,679,695,678,681,675,671,668,661,694,690,691,682,687,684,677,671,705,696,699,703,687,684,670,681,715,700,708,694,701,687,676,692,719,719,711,700,703,705,698,685,737,720,719,707,709,701,699,682,6,5,4,4,4,4,4,4,5,4,4,4,4,4,4,4,5,6,4,5,4,4,4,4,6,4,5,3,4,4,5,5,6,5,4,4,4,5,5,4,5,5,5,5,5,4,4,5,5,7,5,6,4,4,7,6,8,7,4,6,5,5,6,8,5,5,5,5,5,5,5,5,5,5,5,5,5,5,5,5,5,5,5,5,5,5,5,5,5,5,5,5,5,5,5,5,5,5,5,5,5,5,5,5,5,5,5,5,5,5,5,5,5,5,5,5,5,5,5,5,5,5,5,5,5,5,5,5
61,683,677,678,668,661,662,664,652,691,682,676,660,668,664,666,660,689,695,673,686,673,667,657,666,702,696,695,684,687,677,671,668,711,703,704,697,686,677,681,675,707,709,700,701,703,692,686,677,712,716,710,720,701,698,705,686,730,719,714,694,715,707,701,707,6,4,4,4,3,4,4,4,6,5,4,4,4,4,4,4,7,5,5,6,4,5,4,5,5,5,5,4,5,5,5,4,6,5,4,5,5,4,4,5,5,6,5,5,6,5,5,5,5,8,5,6,6,5,5,7,9,6,5,9,6,6,6,9,5,5,5,5,5,5,5,5,5,5,5,5,5,5,5,5,5,5,5,5,5,5,5,5,5,5,5,5,5,5,5,5,5,5,5,5,5,5,5,5,5,5,5,5,5,5,5,5,5,5,5,5,5,5,5,5,5,5,5,5,5,5,5,5
62,669,673,662,669,665,658,658,655,686,680,681,666,669,665,659,660,697,689,673,676,678,678,660,656,693,697,696,687,676,674,673,667,693,695,697,689,693,682,682,672,719,708,709,695,703,687,682,684,712,721,706,704,699,700,703,688,716,728,711,717,708,698,703,697,5,5,4,4,3,4,4,3,4,4,4,4,4,4,3,4,5,6,4,5,4,4,3,4,6,4,4,4,3,4,5,5,6,5,4,5,5,5,4,5,6,5,5,5,5,5,4,5,6,7,5,6,5,5,6,5,6,8,5,7,5,6,6,8,5,5,5,5,5,5,5,5,5,5,5,5,5,5,5,5,5,5,5,5,5,5,5,5,5,5,5,5,5,5,5,5,5,5,5,5,5,5,5,5,5,5,5,5,5,5,5,5,5,5,5,5,5,5,5,5,5,5,5,5,5,5,5,5
63,681,675,677,666,655,659,659,652,691,681,678,670,669,664,660,659,686,691,672,670,669,673,657,669,704,690,688,681,683,673,666,677,705,700,705,685,690,682,671,677,706,704,699,701,690,685,680,687,725,718,715,694,697,692,685,687,719,718,715,710,712,694,703,706,5,5,5,5,4,4,4,4,5,5,5,4,5,4,5,4,7,6,5,5,4,5,4,4,6,4,6,4,4,4,4,4,6,5,4,5,5,5,5,5,6,6,5,5,6,5,6,6,6,7,5,6,6,4,6,6,7,11,5,7,6,6,5,8,5,5,5,5,5,5,5,5,5,5,5,5,5,5,5,5,5,5,5,5,5,5,5,5,5,5,5,5,5,5,5,5,5,5,5,5,5,5,5,5,5,5,5,5,5,5,5,5,5,5,5,5,5,5,5,5,5,5,5,5,5,5,5,5
64,679,678,680,665,656,655,660,649,683,685,675,670,660,663,659,656,688,674,681,670,673,677,660,662,696,689,694,685,683,678,681,672,692,707,686,699,682,680,680,675,720,709,702,694,697,691,680,690,718,711,709,689,709,706,700,691,733,721,713,707,714,704,697,709,5,5,5,4,4,4,4,4,4,5,4,4,3,4,4,3,6,4,4,4,3,5,4,4,6,4,5,4,4,4,4,5,6,5,4,5,5,4,5,4,6,5,5,5,5,4,4,5,5,6,5,5,4,6,7,6,8,6,6,7,5,5,6,8,5,5,5,5,5,5,5,5,5,5,5,5,5,5,5,5,5,5,5,5,5,5,5,5,5,5,5,5,5,5,5,5,5,5,5,5,5,5,5,5,5,5,5,5,5,5,5,5,5,5,5,5,5,5,5,5,5,5,5,5,5,5,5,5
65,675,675,670,671,657,662,651,653,699,681,676,671,665,664,659,649,673,686,691,676,677,681,670,665,691,699,694,686,685,679,676,668,702,703,701,700,691,685,672,670,713,701,708,695,693,688,689,673,722,711,720,700,694,697,695,698,715,711,712,714,714,705,710,695,5,5,4,5,4,4,4,5,6,5,4,4,5,4,4,4,5,5,4,4,4,5,4,5,5,4,6,4,4,4,4,4,7,5,4,5,6,5,5,4,6,5,5,5,7,4,5,5,6,7,5,6,5,5,5,8,8,8,5,7,5,6,7,9,5,5,5,5,5,5,5,5,5,5,5,5,5,5,5,5,5,5,5,5,5,5,5,5,5,5,5,5,5,5,5,5,5,5,5,5,5,5,5,5,5,5,5,5,5,5,5,5,5,5,5,5,5,5,5,5,5,5,5,5,5,5,5,5
66,679,673,671,666,661,656,657,659,686,677,682,662,673,668,650,659,692,692,688,679,677,676,671,659,697,691,683,684,689,675,668,668,701,696,693,686,685,691,679,676,707,705,703,701,688,697,696,683,728,703,709,708,693,700,698,690,714,708,721,706,707,701,710,689,5,5,4,4,4,4,4,5,5,4,3,4,5,4,4,3,5,5,5,5,4,4,4,4,6,4,4,4,4,4,5,5,8,4,5,5,5,5,4,5,5,5,5,5,5,4,5,5,6,7,6,6,5,5,5,5,6,8,5,5,5,5,6,9,5,5,5,5,5,5,5,5,5,5,5,5,5,5,5,5,5,5,5,5,5,5,5,5,5,5,5,5,5,5,5,5,5,5,5,5,5,5,5,5,5,5,5,5,5,5,5,5,5,5,5,5,5,5,5,5,5,5,5,5,5,5,5,5
67,668,689,671,665,671,658,650,645,683,680,680,668,670,662,669,657,693,688,687,679,669,665,661,669,694,694,691,695,681,681,671,672,708,694,687,684,688,675,687,668,706,697,694,699,689,684,680,682,715,709,708,703,700,687,698,679,718,715,712,708,712,694,700,683,5,5,4,4,4,3,4,5,5,4,4,4,4,4,4,4,6,6,5,5,4,4,4,4,5,5,5,4,4,5,5,5,6,5,4,5,4,5,4,6,6,6,5,6,7,5,5,5,6,6,5,7,5,5,6,7,6,10,7,6,7,6,7,9,5,5,5,5,5,5,5,5,5,5,5,5,5,5,5,5,5,5,5,5,5,5,5,5,5,5,5,5,5,5,5,5,5,5,5,5,5,5,5,5,5,5,5,5,5,5,5,5,5,5,5,5,5,5,5,5,5,5,5,5,5,5,5,5
68,680,677,668,665,654,655,660,658,683,674,680,675,673,663,664,662,690,680,682,678,676,669,661,657,699,687,695,684,683,681,670,687,704,689,697,694,685,684,686,681,708,711,711,700,685,692,687,684,712,719,715,707,696,699,684,692,714,726,714,719,709,704,703,685,6,4,4,4,4,4,4,4,5,4,4,4,4,4,3,4,7,5,5,5,4,4,4,3,6,4,5,4,4,4,4,6,5,4,4,5,5,5,4,5,5,6,5,5,6,4,5,6,5,8,6,6,5,5,5,7,7,9,5,9,6,6,6,9,5,5,5,5,5,5,5,5,5,5,5,5,5,5,5,5,5,5,5,5,5,5,5,5,5,5,5,5,5,5,5,5,5,5,5,5,5,5,5,5,5,5,5,5,5,5,5,5,5,5,5,5,5,5,5,5,5,5,5,5,5,5,5,5
69,678,686,674,667,666,657,655,655,688,687,680,671,668,657,666,652,700,691,676,673,677,678,671,666,701,700,687,688,680,671,675,670,699,702,698,696,694,693,670,676,717,701,700,690,696,683,682,694,706,722,709,714,697,693,703,697,714,726,720,703,703,709,696,702,5,5,4,4,3,4,4,4,6,5,4,5,4,4,4,4,5,6,5,5,4,5,5,4,7,5,5,5,4,5,5,5,7,4,6,4,5,5,5,4,6,6,5,6,5,5,6,4,7,8,6,5,5,5,6,6,7,7,5,6,6,6,5,10,5,5,5,5,5,5,5,5,5,5,5,5,5,5,5,5,5,5,5,5,5,5,5,5,5,5,5,5,5,5,5,5,5,5,5,5,5,5,5,5,5,5,5,5,5,5,5,5,5,5,5,5,5,5,5,5,5,5,5,5,5,5,5,5
70,680,682,665,664,659,657,658,656,688,678,677,670,664,659,662,661,685,686,684,673,673,669,670,665,708,687,683,684,675,681,680,672,703,691,686,683,688,678,672,679,709,704,700,696,696,679,689,690,718,710,714,701,698,693,700,685,721,728,717,704,702,694,703,690,6,4,4,4,4,4,4,4,5,4,4,4,4,4,3,3,6,5,5,4,4,4,5,4,8,4,5,4,4,4,4,4,8,4,4,4,5,4,4,5,6,5,4,5,5,4,5,4,7,6,7,5,5,4,5,6,7,10,5,7,5,7,5,10,5,5,5,5,5,5,5,5,5,5,5,5,5,5,5,5,5,5,5,5,5,5,5,5,5,5,5,5,5,5,5,5,5,5,5,5,5,5,5,5,5,5,5,5,5,5,5,5,5,5,5,5,5,5,5,5,5,5,5,5,5,5,5,5
71,678,670,685,661,661,660,655,662,692,685,679,677,670,663,663,659,689,688,684,685,666,668,663,655,697,693,701,686,691,679,669,670,715,702,685,687,690,678,679,677,704,708,704,708,681,690,687,683,718,712,710,703,703,703,694,693,713,720,712,696,711,701,689,687,5,5,5,4,4,4,4,5,5,5,4,4,4,4,4,4,6,5,5,5,4,4,5,4,5,5,5,5,5,4,4,5,6,5,4,5,5,4,5,4,5,6,6,6,6,4,5,6,6,7,5,6,5,5,5,7,7,9,6,7,6,6,5,11,5,5,5,5,5,5,5,5,5,5,5,5,5,5,5,5,5,5,5,5,5,5,5,5,5,5,5,5,5,5,5,5,5,5,5,5,5,5,5,5,5,5,5,5,5,5,5,5,5,5,5,5,5,5,5,5,5,5,5,5,5,5,5,5
72,678,684,669,666,652,660,654,652,694,678,667,666,667,663,660,650,691,682,686,677,676,672,676,669,695,689,686,685,685,679,675,663,700,699,694,698,690,678,679,673,714,701,709,703,694,691,686,687,715,711,714,694,702,690,695,685,738,708,722,705,698,701,686,689,5,4,4,4,3,4,4,5,5,4,4,4,4,4,4,3,6,5,5,5,4,4,3,4,7,4,5,4,4,4,4,5,6,4,4,4,5,4,4,4,5,5,4,5,5,4,5,5,6,7,6,6,5,4,7,5,7,8,5,6,6,6,6,9,5,5,5,5,5,5,5,5,5,5,5,5,5,5,5,5,5,5,5,5,5,5,5,5,5,5,5,5,5,5,5,5,5,5,5,5,5,5,5,5,5,5,5,5,5,5,5,5,5,5,5,5,5,5,5,5,5,5,5,5,5,5,5,5
73,692,678,671,656,663,655,655,656,691,684,671,678,666,665,666,657,702,694,682,690,676,668,670,669,708,695,688,684,686,683,672,666,697,701,701,698,692,686,675,678,716,714,705,687,688,689,700,676,718,715,714,709,706,701,684,701,737,728,720,701,707,703,708,697,5,4,4,5,4,4,4,5,5,4,4,3,4,4,4,4,6,6,5,6,4,4,4,4,5,4,6,4,5,5,5,4,7,5,5,5,5,4,5,5,5,5,5,5,8,5,5,5,5,8,5,6,5,6,5,7,10,9,5,6,7,5,5,12,5,5,5,5,5,5,5,5,5,5,5,5,5,5,5,5,5,5,5,5,5,5,5,5,5,5,5,5,5,5,5,5,5,5,5,5,5,5,5,5,5,5,5,5,5,5,5,5,5,5,5,5,5,5,5,5,5,5,5,5,5,5,5,5
74,673,671,675,669,655,655,649,656,683,682,662,675,668,661,657,654,691,699,678,683,672,668,660,664,702,693,684,678,674,670,663,673,701,699,703,698,682,694,669,678,697,703,706,701,690,693,694,679,721,705,708,700,702,702,702,697,722,712,729,707,702,702,708,684,5,4,4,4,4,4,4,5,5,4,4,3,4,4,4,4,6,6,4,5,4,4,4,4,6,5,4,4,3,3,4,5,7,4,5,5,4,4,4,5,5,6,5,5,5,4,5,5,5,6,6,5,5,5,5,6,7,7,6,7,6,5,6,7,5,5,5,5,5,5,5,5,5,5,5,5,5,5,5,5,5,5,5,5,5,5,5,5,5,5,5,5,5,5,5,5,5,5,5,5,5,5,5,5,5,5,5,5,5,5,5,5,5,5,5,5,5,5,5,5,5,5,5,5,5,5,5,5
75,673,670,674,667,667,660,660,661,684,676,674,674,667,671,664,661,682,685,678,682,676,664,679,657,702,687,687,689,678,683,665,666,706,699,703,683,688,686,689,684,706,719,711,696,676,700,692,685,728,706,716,711,696,682,693,702,727,730,721,709,695,701,702,715,6,5,5,4,4,4,5,4,5,5,4,4,4,4,3,4,5,6,5,5,3,4,4,4,5,5,5,5,4,5,4,4,8,5,5,4,5,5,5,5,5,4,5,5,6,5,5,6,7,6,5,6,5,6,5,7,7,8,5,8,6,5,6,10,5,5,5,5,5,5,5,5,5,5,5,5,5,5,5,5,5,5,5,5,5,5,5,5,5,5,5,5,5,5,5,5,5,5,5,5,5,5,5,5,5,5,5,5,5,5,5,5,5,5,5,5,5,5,5,5,5,5,5,5,5,5,5,5
76,678,677,667,667,667,659,650,661,688,680,674,674,670,668,660,662,679,682,692,684,678,671,657,671,694,691,694,686,673,673,664,668,696,703,696,701,694,680,672,685,713,703,700,697,691,691,687,679,732,721,711,707,702,691,683,697,722,714,717,712,698,708,700,689,5,4,4,4,3,4,4,4,5,4,3,4,4,4,4,4,6,5,4,5,4,4,3,4,6,4,6,4,4,4,4,4,7,4,4,5,5,4,4,5,5,5,4,4,6,4,5,5,6,7,5,6,5,4,5,7,6,7,5,6,5,5,7,7,5,5,5,5,5,5,5,5,5,5,5,5,5,5,5,5,5,5,5,5,5,5,5,5,5,5,5,5,5,5,5,5,5,5,5,5,5,5,5,5,5,5,5,5,5,5,5,5,5,5,5,5,5,5,5,5,5,5,5,5,5,5,5,5
77,675,679,670,663,657,668,656,649,691,682,684,664,671,662,662,656,693,694,691,673,671,671,664,664,689,693,684,696,674,680,663,669,698,698,696,690,683,684,684,679,707,698,711,712,707,697,688,679,709,714,719,707,708,690,703,695,715,717,724,706,709,701,700,693,5,5,4,4,4,4,4,5,5,5,5,4,4,4,4,4,5,5,4,5,4,4,4,4,7,5,5,5,5,4,4,5,8,4,4,5,5,5,4,5,6,6,5,6,5,5,4,6,7,7,6,5,6,4,6,7,8,7,7,9,5,5,5,13,5,5,5,5,5,5,5,5,5,5,5,5,5,5,5,5,5,5,5,5,5,5,5,5,5,5,5,5,5,5,5,5,5,5,5,5,5,5,5,5,5,5,5,5,5,5,5,5,5,5,5,5,5,5,5,5,5,5,5,5,5,5,5,5
78,686,680,669,665,653,658,648,663,686,680,684,671,669,661,661,658,683,693,685,678,671,676,668,664,698,693,694,691,684,680,670,663,707,705,692,697,683,685,678,674,708,698,704,697,692,686,689,686,718,720,707,702,697,700,690,688,713,710,720,712,719,708,695,689,5,4,4,4,3,3,4,4,5,4,3,4,4,4,4,4,6,6,5,4,3,4,3,4,6,4,5,4,4,5,5,5,5,5,4,5,4,4,5,4,5,5,5,5,5,4,5,4,6,7,6,6,5,5,5,5,6,8,5,5,5,5,6,10,5,5,5,5,5,5,5,5,5,5,5,5,5,5,5,5,5,5,5,5,5,5,5,5,5,5,5,5,5,5,5,5,5,5,5,5,5,5,5,5,5,5,5,5,5,5,5,5,5,5,5,5,5,5,5,5,5,5,5,5,5,5,5,5
79,682,681,673,669,668,662,662,658,690,675,670,677,664,666,668,657,698,688,690,674,672,670,665,671,701,695,680,689,682,684,682,673,705,694,695,685,703,685,678,680,707,711,710,715,692,683,694,694,719,712,705,710,698,693,701,690,727,719,720,719,702,709,698,725,5,4,5,5,4,4,4,4,5,4,4,4,4,4,4,4,6,6,4,4,4,5,4,4,6,5,5,4,4,5,5,6,5,4,4,5,5,5,5,5,5,5,6,5,6,5,6,5,6,7,5,5,5,5,6,7,10,9,6,8,7,6,6,10,5,5,5,5,5,5,5,5,5,5,5,5,5,5,5,5,5,5,5,5,5,5,5,5,5,5,5,5,5,5,5,5,5,5,5,5,5,5,5,5,5,5,5,5,5,5,5,5,5,5,5,5,5,5,5,5,5,5,5,5,5,5,5,5
80,679,680,674,667,667,665,660,658,686,676,678,667,664,666,662,650,695,677,689,679,674,668,659,671,702,686,690,677,691,675,670,673,709,698,694,702,688,685,683,671,713,701,699,705,692,687,690,684,709,718,706,709,699,699,685,691,720,719,710,705,718,700,699,697,6,5,4,4,3,4,4,4,4,4,4,4,4,4,4,4,5,5,4,4,3,4,4,5,4,4,5,4,4,4,4,4,5,5,5,4,5,5,6,4,5,5,5,5,6,5,5,5,6,7,5,5,5,5,5,6,7,7,5,6,5,6,6,9,5,5,5,5,5,5,5,5,5,5,5,5,5,5,5,5,5,5,5,5,5,5,5,5,5,5,5,5,5,5,5,5,5,5,5,5,5,5,5,5,5,5,5,5,5,5,5,5,5,5,5,5,5,5,5,5,5,5,5,5,5,5,5,5
81,673,676,667,673,657,657,659,656,687,687,686,670,669,665,663,669,693,697,688,684,668,668,661,663,690,696,685,684,687,683,680,668,717,693,693,701,685,682,667,686,707,711,702,702,689,692,691,689,721,714,702,700,698,692,693,699,722,715,713,699,703,714,720,705,5,5,5,5,4,4,5,5,5,5,4,5,5,4,4,5,6,6,5,4,4,4,5,4,6,4,5,4,5,4,5,5,7,5,5,6,5,5,5,6,5,6,6,5,6,5,5,6,7,7,6,5,4,4,6,6,8,9,5,9,7,6,7,8,5,5,5,5,5,5,5,5,5,5,5,5,5,5,5,5,5,5,5,5,5,5,5,5,5,5,5,5,5,5,5,5,5,5,5,5,5,5,5,5,5,5,5,5,5,5,5,5,5,5,5,5,5,5,5,5,5,5,5,5,5,5,5,5
82,675,684,671,670,662,656,650,648,680,674,679,668,671,666,667,655,684,692,673,684,673,677,672,660,699,697,683,689,685,674,673,677,716,701,695,693,690,687,681,678,711,709,697,694,703,690,687,673,722,712,711,700,693,697,696,695,723,722,721,716,713,703,708,683,5,4,4,4,3,4,4,4,5,4,4,4,4,4,4,4,6,5,4,5,4,5,4,4,6,5,4,4,4,4,5,5,5,4,4,4,5,5,4,4,5,5,5,5,5,4,4,4,6,6,5,5,5,5,5,6,8,9,5,6,5,6,5,9,5,5,5,5,5,5,5,5,5,5,5,5,5,5,5,5,5,5,5,5,5,5,5,5,5,5,5,5,5,5,5,5,5,5,5,5,5,5,5,5,5,5,5,5,5,5,5,5,5,5,5,5,5,5,5,5,5,5,5,5,5,5,5,5
83,688,678,670,666,663,659,655,654,691,678,675,669,669,666,660,659,686,681,688,677,669,680,670,667,700,692,691,696,676,680,677,662,689,700,692,690,686,685,675,682,716,708,709,696,693,696,682,680,723,721,706,698,698,691,703,695,714,704,709,702,710,698,706,703,6,5,4,5,4,5,4,5,5,4,4,4,4,4,5,4,7,5,4,5,4,5,3,4,7,4,5,3,4,4,5,5,6,5,5,5,5,5,5,5,6,5,5,5,6,5,6,5,6,8,5,6,5,5,6,7,8,8,5,5,5,6,7,8,5,5,5,5,5,5,5,5,5,5,5,5,5,5,5,5,5,5,5,5,5,5,5,5,5,5,5,5,5,5,5,5,5,5,5,5,5,5,5,5,5,5,5,5,5,5,5,5,5,5,5,5,5,5,5,5,5,5,5,5,5,5,5,5
84,680,677,675,661,658,650,661,652,685,677,673,676,674,663,660,660,688,693,687,674,675,672,674,661,692,693,684,676,683,684,672,670,696,700,697,691,687,677,679,680,700,698,710,687,694,691,691,681,717,712,713,696,694,694,690,687,729,717,713,715,700,702,711,699,5,4,4,4,4,4,4,4,5,4,4,3,4,4,4,4,5,6,5,4,4,4,4,4,5,4,5,3,4,4,4,4,6,4,4,5,4,4,5,4,6,5,5,5,5,4,5,5,6,6,6,5,5,4,5,5,9,9,5,7,6,4,6,7,5,5,5,5,5,5,5,5,5,5,5,5,5,5,5,5,5,5,5,5,5,5,5,5,5,5,5,5,5,5,5,5,5,5,5,5,5,5,5,5,5,5,5,5,5,5,5,5,5,5,5,5,5,5,5,5,5,5,5,5,5,5,5,5
85,680,678,673,668,657,668,657,653,682,688,676,670,670,666,651,664,696,690,682,694,683,671,665,668,683,697,690,684,686,671,676,679,715,699,697,689,681,681,683,680,717,711,706,701,695,692,685,692,704,709,717,699,705,700,694,687,712,721,713,712,722,693,697,695,5,4,4,5,4,4,4,6,5,5,4,4,4,4,4,4,6,7,6,4,4,5,4,5,6,4,5,4,4,4,4,5,6,4,5,4,5,5,4,5,6,5,5,5,5,4,6,6,6,6,6,5,6,4,5,7,10,9,5,7,6,6,5,14,5,5,5,5,5,5,5,5,5,5,5,5,5,5,5,5,5,5,5,5,5,5,5,5,5,5,5,5,5,5,5,5,5,5,5,5,5,5,5,5,5,5,5,5,5,5,5,5,5,5,5,5,5,5,5,5,5,5,5,5,5,5,5,5
86,673,673,676,663,655,650,657,656,697,679,673,677,667,670,661,664,686,680,677,680,670,677,665,661,701,697,695,684,677,677,672,675,703,695,692,698,683,680,675,671,718,703,697,699,694,684,682,682,721,710,704,702,705,693,695,687,718,720,719,709,702,695,698,688,5,5,4,4,3,4,3,4,6,4,4,5,4,3,4,4,6,5,4,5,3,4,4,4,6,5,5,4,4,4,5,5,7,5,4,5,4,4,4,5,5,5,4,4,4,5,5,5,7,7,5,6,5,5,7,6,7,9,6,7,4,6,6,10,5,5,5,5,5,5,5,5,5,5,5,5,5,5,5,5,5,5,5,5,5,5,5,5,5,5,5,5,5,5,5,5,5,5,5,5,5,5,5,5,5,5,5,5,5,5,5,5,5,5,5,5,5,5,5,5,5,5,5,5,5,5,5,5
87,690,673,670,658,657,657,654,656,688,681,670,674,668,660,652,655,705,674,676,679,673,667,664,657,703,701,693,682,682,677,677,669,701,704,696,698,685,684,683,679,715,701,700,681,687,689,678,687,719,718,713,702,700,691,687,685,720,723,713,720,704,704,693,690,5,5,5,4,4,4,4,5,5,4,4,4,4,3,4,4,6,5,5,5,4,4,5,4,7,4,5,4,4,4,5,5,7,5,4,5,5,6,4,5,6,5,5,5,6,5,6,6,6,7,6,6,5,5,6,6,6,8,6,7,6,7,5,9,5,5,5,5,5,5,5,5,5,5,5,5,5,5,5,5,5,5,5,5,5,5,5,5,5,5,5,5,5,5,5,5,5,5,5,5,5,5,5,5,5,5,5,5,5,5,5,5,5,5,5,5,5,5,5,5,5,5,5,5,5,5,5,5
88,677,686,674,664,659,660,660,652,673,674,670,670,666,657,668,647,687,688,684,677,677,677,668,666,700,691,695,685,683,678,669,674,708,701,693,690,697,687,688,669,716,712,713,690,698,686,697,679,718,706,704,690,702,692,691,687,720,713,720,703,698,713,698,694,5,5,4,5,4,5,4,4,5,4,4,4,4,4,4,3,6,5,4,4,4,5,3,4,6,4,5,4,4,4,5,5,5,5,5,5,5,5,5,4,5,6,5,5,4,4,5,4,5,5,6,5,5,5,6,6,8,7,5,6,7,5,6,11,5,5,5,5,5,5,5,5,5,5,5,5,5,5,5,5,5,5,5,5,5,5,5,5,5,5,5,5,5,5,5,5,5,5,5,5,5,5,5,5,5,5,5,5,5,5,5,5,5,5,5,5,5,5,5,5,5,5,5,5,5,5,5,5
89,670,671,674,669,661,663,657,656,680,683,678,673,673,667,659,660,687,694,676,675,671,677,662,668,693,691,697,675,684,678,679,671,714,696,695,685,688,677,670,680,723,709,711,680,696,680,684,685,722,717,704,703,699,693,699,693,730,740,707,704,711,707,699,692,5,5,4,4,4,4,4,4,5,4,4,4,5,4,4,4,7,6,5,5,4,5,4,4,5,4,5,4,4,4,4,6,7,4,5,5,5,4,5,5,6,6,5,5,6,5,6,5,5,6,6,6,6,5,6,6,8,9,5,6,6,6,6,9,5,5,5,5,5,5,5,5,5,5,5,5,5,5,5,5,5,5,5,5,5,5,5,5,5,5,5,5,5,5,5,5,5,5,5,5,5,5,5,5,5,5,5,5,5,5,5,5,5,5,5,5,5,5,5,5,5,5,5,5,5,5,5,5
90,683,689,661,657,661,660,661,657,687,679,676,669,668,661,662,655,672,694,681,678,675,675,661,661,700,688,683,687,685,675,678,670,698,695,692,687,684,684,673,677,697,703,702,697,695,700,690,683,728,710,705,707,702,692,684,679,715,721,713,713,708,698,702,682,6,4,4,5,4,4,4,5,5,4,4,4,4,4,4,4,5,5,4,5,3,4,4,4,6,4,5,4,4,4,5,5,6,4,5,4,5,4,4,4,5,5,4,4,6,4,5,5,6,6,5,7,5,4,5,6,7,10,5,7,6,5,7,8,5,5,5,5,5,5,5,5,5,5,5,5,5,5,5,5,5,5,5,5,5,5,5,5,5,5,5,5,5,5,5,5,5,5,5,5,5,5,5,5,5,5,5,5,5,5,5,5,5,5,5,5,5,5,5,5,5,5,5,5,5,5,5,5
91,679,677,671,668,666,656,662,648,677,673,673,674,670,657,665,661,692,692,680,683,676,674,662,656,695,696,684,690,685,676,682,670,718,697,690,688,696,686,678,679,710,691,695,692,694,690,691,682,718,721,705,695,695,701,695,689,728,708,722,700,703,700,701,684,6,5,4,4,3,4,4,4,6,5,4,4,4,4,4,4,8,6,5,5,3,5,4,4,5,5,5,4,4,5,6,5,6,5,5,5,5,5,5,5,5,5,4,6,5,5,5,6,7,8,6,6,5,6,6,6,9,10,6,9,6,6,5,11,5,5,5,5,5,5,5,5,5,5,5,5,5,5,5,5,5,5,5,5,5,5,5,5,5,5,5,5,5,5,5,5,5,5,5,5,5,5,5,5,5,5,5,5,5,5,5,5,5,5,5,5,5,5,5,5,5,5,5,5,5,5,5,5
92,675,669,673,660,662,654,657,651,674,680,678,678,668,657,667,658,697,685,692,684,679,672,667,669,698,701,690,679,684,675,677,673,709,703,693,700,683,684,679,673,726,705,698,688,699,687,686,680,712,718,699,704,700,704,694,693,744,733,722,705,702,682,702,698,5,4,4,5,4,3,4,5,5,4,5,4,4,3,4,4,5,4,4,5,4,4,3,4,5,4,5,4,4,4,5,5,5,4,4,4,4,4,4,4,6,6,4,4,5,4,5,5,6,6,5,5,5,5,6,7,9,10,5,6,6,5,5,9,5,5,5,5,5,5,5,5,5,5,5,5,5,5,5,5,5,5,5,5,5,5,5,5,5,5,5,5,5,5,5,5,5,5,5,5,5,5,5,5,5,5,5,5,5,5,5,5,5,5,5,5,5,5,5,5,5,5,5,5,5,5,5,5
93,692,671,675,663,658,661,650,652,693,680,677,670,669,665,660,659,684,697,684,692,675,673,670,669,701,696,689,685,691,675,668,668,703,704,694,690,681,686,675,680,705,712,696,698,688,698,684,688,733,718,706,698,699,697,702,698,725,721,713,704,717,705,700,705,5,4,5,4,4,4,4,5,5,4,4,4,4,4,4,4,7,6,4,4,4,5,4,4,6,5,6,4,5,4,5,5,7,5,4,6,5,5,4,5,5,5,4,6,6,4,5,6,7,7,8,6,6,5,5,6,10,10,5,7,6,5,6,10,5,5,5,5,5,5,5,5,5,5,5,5,5,5,5,5,5,5,5,5,5,5,5,5,5,5,5,5,5,5,5,5,5,5,5,5,5,5,5,5,5,5,5,5,5,5,5,5,5,5,5,5,5,5,5,5,5,5,5,5,5,5,5,5
94,685,684,664,670,661,655,655,654,695,677,677,671,663,660,661,665,690,684,681,681,677,668,670,662,704,689,688,677,678,682,658,669,701,700,697,693,693,686,683,676,706,712,703,703,690,689,689,679,714,733,693,708,689,693,699,694,727,705,716,701,703,702,696,696,5,4,4,4,4,4,4,5,6,4,3,4,4,3,4,4,6,5,4,5,4,4,5,4,5,5,5,3,3,4,4,5,6,4,4,4,4,4,4,5,5,4,5,5,5,4,5,5,6,7,5,7,4,4,5,7,7,8,5,5,6,5,5,7,5,5,5,5,5,5,5,5,5,5,5,5,5,5,5,5,5,5,5,5,5,5,5,5,5,5,5,5,5,5,5,5,5,5,5,5,5,5,5,5,5,5,5,5,5,5,5,5,5,5,5,5,5,5,5,5,5,5,5,5,5,5,5,5
95,682,679,670,669,658,657,657,653,700,683,669,671,670,664,664,653,687,688,686,681,675,666,666,680,697,694,691,676,688,677,673,666,709,708,701,695,699,688,681,662,725,713,707,703,708,683,686,682,725,712,713,705,699,696,699,690,723,706,719,705,708,705,700,694,5,4,4,4,4,4,4,5,5,5,5,5,4,4,4,4,6,6,4,5,4,4,4,5,6,5,4,4,5,4,6,5,5,5,4,4,6,5,4,5,7,5,5,5,5,5,6,6,6,6,6,6,5,5,7,7,6,9,6,6,5,5,5,9,5,5,5,5,5,5,5,5,5,5,5,5,5,5,5,5,5,5,5,5,5,5,5,5,5,5,5,5,5,5,5,5,5,5,5,5,5,5,5,5,5,5,5,5,5,5,5,5,5,5,5,5,5,5,5,5,5,5,5,5,5,5,5,5
96,679,676,674,669,658,654,656,651,686,675,684,669,667,671,667,654,694,689,684,676,674,677,658,660,704,680,690,678,678,677,674,660,698,693,701,700,693,686,686,683,728,693,696,711,696,689,685,683,725,721,705,706,709,695,702,683,726,721,715,717,702,693,688,701,6,4,4,4,4,4,4,5,4,4,3,4,4,4,4,4,5,7,5,5,3,4,4,4,6,4,5,3,4,4,5,4,6,5,4,4,5,5,4,5,6,4,4,5,5,5,4,6,5,6,6,5,5,5,5,6,7,8,5,8,7,6,5,7,5,5,5,5,5,5,5,5,5,5,5,5,5,5,5,5,5,5,5,5,5,5,5,5,5,5,5,5,5,5,5,5,5,5,5,5,5,5,5,5,5,5,5,5,5,5,5,5,5,5,5,5,5,5,5,5,5,5,5,5,5,5,5,5
97,676,677,670,675,656,657,659,650,683,680,676,673,673,669,660,657,682,688,678,680,678,671,666,674,708,695,691,685,678,681,668,667,700,697,702,689,681,682,674,672,717,713,699,699,697,685,694,681,713,705,701,703,703,693,697,698,724,709,710,720,706,699,691,711,5,5,4,5,4,4,4,5,5,4,3,4,4,4,4,4,6,6,5,5,4,4,4,5,6,5,5,4,4,4,5,5,7,4,5,5,5,5,5,4,5,6,5,5,7,5,5,5,7,7,6,6,5,6,5,7,8,9,7,7,6,5,7,11,5,5,5,5,5,5,5,5,5,5,5,5,5,5,5,5,5,5,5,5,5,5,5,5,5,5,5,5,5,5,5,5,5,5,5,5,5,5,5,5,5,5,5,5,5,5,5,5,5,5,5,5,5,5,5,5,5,5,5,5,5,5,5,5
98,669,673,672,673,660,661,652,651,690,682,675,679,669,662,660,655,698,692,675,677,672,666,669,667,693,699,687,689,689,675,675,673,716,704,700,690,684,684,672,674,714,702,709,694,701,697,686,690,726,716,715,710,699,692,696,688,717,720,707,722,708,699,702,693,4,5,4,5,4,3,4,5,5,4,4,4,4,4,3,4,6,6,4,4,4,4,4,4,5,4,5,4,4,4,4,4,6,5,4,5,4,4,4,4,6,6,5,5,5,4,5,6,5,6,5,6,5,5,6,6,6,8,6,7,5,5,5,9,5,5,5,5,5,5,5,5,5,5,5,5,5,5,5,5,5,5,5,5,5,5,5,5,5,5,5,5,5,5,5,5,5,5,5,5,5,5,5,5,5,5,5,5,5,5,5,5,5,5,5,5,5,5,5,5,5,5,5,5,5,5,5,5
99,673,669,669,671,662,658,658,656,693,687,678,669,670,662,663,655,678,676,676,672,672,664,666,658,688,688,682,691,691,680,670,670,711,697,692,677,697,692,685,671,716,708,702,715,700,700,692,674,718,705,695,697,705,694,690,692,728,725,728,721,717,690,707,700,6,5,4,5,4,4,4,4,5,5,4,4,4,4,4,4,7,5,5,4,3,5,4,4,6,5,5,4,4,5,4,5,7,5,4,5,6,5,5,5,5,6,5,6,5,4,6,5,6,7,6,5,5,5,6,6,9,8,6,7,6,6,7,8,5,5,5,5,5,5,5,5,5,5,5,5,5,5,5,5,5,5,5,5,5,5,5,5,5,5,5,5,5,5,5,5,5,5,5,5,5,5,5,5,5,5,5,5,5,5,5,5,5,5,5,5,5,5,5,5,5,5,5,5,5,5,5,5
100,677,670,671,661,671,662,658,656,689,681,681,670,665,663,659,649,687,692,687,692,670,668,661,671,695,701,683,686,679,680,676,669,711,705,698,699,686,685,673,671,707,709,701,695,697,696,690,685,711,722,708,697,698,697,680,708,727,712,712,714,704,707,717,686,6,4,4,4,3,4,3,5,5,4,4,4,4,4,4,4,6,6,4,4,3,4,4,4,5,4,5,4,4,4,5,5,6,4,5,4,4,5,4,5,5,5,5,5,6,4,4,5,6,7,5,6,5,5,5,6,9,10,5,7,6,5,5,8,5,5,5,5,5,5,5,5,5,5,5,5,5,5,5,5,5,5,5,5,5,5,5,5,5,5,5,5,5,5,5,5,5,5,5,5,5,5,5,5,5,5,5,5,5,5,5,5,5,5,5,5,5,5,5,5,5,5,5,5,5,5,5,5
101,693,668,673,668,659,657,657,660,678,683,673,671,671,667,663,663,703,688,684,681,673,668,675,667,706,693,698,678,677,675,666,656,712,706,692,689,686,675,679,679,704,701,705,695,695,696,689,695,708,724,710,698,692,688,698,686,735,740,724,709,699,708,709,684,7,5,5,4,4,4,4,4,6,5,5,5,4,4,4,4,6,6,5,5,4,4,4,4,6,5,5,4,4,4,4,5,6,5,5,5,5,4,5,5,6,5,5,5,5,4,5,7,6,6,6,6,5,5,4,6,8,10,6,8,6,5,7,11,5,5,5,5,5,5,5,5,5,5,5,5,5,5,5,5,5,5,5,5,5,5,5,5,5,5,5,5,5,5,5,5,5,5,5,5,5,5,5,5,5,5,5,5,5,5,5,5,5,5,5,5,5,5,5,5,5,5,5,5,5,5,5,5
102,676,666,662,669,665,655,659,656,691,679,682,674,674,662,650,658,699,691,680,685,679,666,662,666,693,691,688,690,683,680,673,667,700,702,698,693,692,691,679,677,714,692,705,699,690,683,690,678,717,717,714,712,700,698,695,684,724,729,715,732,701,697,700,700,5,5,3,4,3,4,4,5,5,4,3,4,4,4,4,4,5,5,4,5,4,4,4,4,4,4,5,4,4,4,5,5,6,4,4,5,5,5,4,5,5,4,5,5,5,5,5,6,5,8,5,5,4,6,5,6,6,7,5,7,5,5,5,9,5,5,5,5,5,5,5,5,5,5,5,5,5,5,5,5,5,5,5,5,5,5,5,5,5,5,5,5,5,5,5,5,5,5,5,5,5,5,5,5,5,5,5,5,5,5,5,5,5,5,5,5,5,5,5,5,5,5,5,5,5,5,5,5
103,670,683,669,668,656,656,651,653,689,678,674,682,656,661,660,653,681,697,690,681,680,670,662,661,705,690,689,682,689,676,673,679,698,705,699,693,691,684,684,686,713,709,700,697,693,690,685,678,710,706,710,703,703,700,694,693,715,715,720,692,700,687,696,701,5,4,4,4,4,4,4,5,6,5,4,4,4,4,4,4,6,6,4,5,4,4,5,4,5,4,5,4,4,4,6,5,7,5,4,5,6,5,4,5,6,5,5,5,6,5,6,7,6,8,7,6,5,6,5,6,7,8,6,7,7,6,7,8,5,5,5,5,5,5,5,5,5,5,5,5,5,5,5,5,5,5,5,5,5,5,5,5,5,5,5,5,5,5,5,5,5,5,5,5,5,5,5,5,5,5,5,5,5,5,5,5,5,5,5,5,5,5,5,5,5,5,5,5,5,5,5,5
104,683,668,678,661,660,658,654,654,693,677,676,678,667,668,669,655,693,685,683,683,670,666,662,668,704,697,683,681,686,671,669,670,706,699,702,689,684,688,678,671,719,706,701,698,703,700,683,691,707,726,708,704,693,695,684,698,723,709,718,708,708,705,694,699,5,4,5,4,4,4,4,4,5,4,4,3,4,3,4,4,5,5,4,4,3,4,4,4,5,4,4,4,4,4,4,5,8,4,4,4,4,5,4,4,5,5,4,5,7,4,5,5,6,7,5,6,5,5,6,6,8,8,6,7,5,4,5,8,5,5,5,5,5,5,5,5,5,5,5,5,5,5,5,5,5,5,5,5,5,5,5,5,5,5,5,5,5,5,5,5,5,5,5,5,5,5,5,5,5,5,5,5,5,5,5,5,5,5,5,5,5,5,5,5,5,5,5,5,5,5,5,5
105,683,675,669,660,661,652,657,655,672,681,682,672,663,666,667,656,699,687,686,680,673,664,666,674,704,687,683,692,682,677,679,677,713,699,700,691,700,676,681,680,719,705,696,696,697,688,693,679,725,726,703,713,699,694,690,697,726,721,710,720,706,707,707,688,5,4,5,4,4,4,4,4,5,4,4,3,4,4,4,4,5,5,5,5,3,4,4,5,6,5,5,4,4,4,4,5,6,5,5,5,6,4,4,5,5,6,5,5,7,6,5,6,5,7,6,6,5,5,6,8,9,9,5,7,6,6,7,9,5,5,5,5,5,5,5,5,5,5,5,5,5,5,5,5,5,5,5,5,5,5,5,5,5,5,5,5,5,5,5,5,5,5,5,5,5,5,5,5,5,5,5,5,5,5,5,5,5,5,5,5,5,5,5,5,5,5,5,5,5,5,5,5
106,687,679,677,668,658,660,657,657,688,678,677,672,666,660,659,657,695,688,687,681,676,671,665,655,691,693,679,688,680,668,677,664,712,700,694,690,686,688,679,675,714,712,692,702,698,687,690,681,732,714,713,704,699,701,700,688,723,722,708,716,706,710,705,706,5,5,4,4,3,4,4,5,5,4,4,4,4,3,4,3,4,5,4,5,3,4,4,3,5,4,5,4,4,4,4,4,6,4,4,5,5,4,4,5,5,5,5,5,5,4,4,5,6,9,6,6,5,5,5,6,6,8,5,8,6,5,6,10,5,5,5,5,5,5,5,5,5,5,5,5,5,5,5,5,5,5,5,5,5,5,5,5,5,5,5,5,5,5,5,5,5,5,5,5,5,5,5,5,5,5,5,5,5,5,5,5,5,5,5,5,5,5,5,5,5,5,5,5,5,5,5,5
107,671,668,665,670,654,661,654,652,670,677,677,670,675,664,655,662,686,693,685,677,684,671,673,676,700,693,696,686,679,676,665,670,712,694,697,684,689,687,681,679,708,711,706,703,692,688,681,684,731,702,705,700,695,700,694,696,716,706,706,708,700,698,697,698,5,5,4,4,3,4,4,5,6,5,4,5,5,4,4,4,8,5,5,5,4,5,4,5,6,4,5,4,4,4,4,6,7,4,4,5,5,5,4,5,5,5,5,6,5,4,5,5,6,5,6,6,5,6,6,8,8,10,5,6,6,6,5,8,5,5,5,5,5,5,5,5,5,5,5,5,5,5,5,5,5,5,5,5,5,5,5,5,5,5,5,5,5,5,5,5,5,5,5,5,5,5,5,5,5,5,5,5,5,5,5,5,5,5,5,5,5,5,5,5,5,5,5,5,5,5,5,5
108,677,677,669,667,659,663,652,656,671,681,669,672,658,671,666,668,683,685,683,675,675,667,657,663,697,699,683,683,682,678,673,671,712,696,698,692,688,682,683,681,718,710,704,701,690,698,684,677,715,724,704,706,694,697,692,705,721,739,717,726,710,709,700,707,5,4,4,4,4,4,4,5,4,4,5,4,4,4,3,4,6,5,4,4,3,4,4,4,6,5,5,4,5,4,5,4,5,4,4,5,5,5,4,5,6,6,4,5,5,4,5,5,6,8,5,7,4,5,5,6,7,9,5,8,6,5,6,12,5,5,5,5,5,5,5,5,5,5,5,5,5,5,5,5,5,5,5,5,5,5,5,5,5,5,5,5,5,5,5,5,5,5,5,5,5,5,5,5,5,5,5,5,5,5,5,5,5,5,5,5,5,5,5,5,5,5,5,5,5,5,5,5
109,676,674,669,666,663,664,652,654,697,676,671,676,674,666,645,660,696,689,692,684,673,667,675,663,708,695,682,684,679,679,675,672,707,707,695,687,685,683,679,677,720,704,712,690,690,696,692,686,712,726,718,698,698,697,703,690,742,732,718,721,712,710,702,682,5,4,4,4,5,4,4,4,6,4,4,4,5,4,4,4,6,6,4,5,4,4,4,4,7,5,5,4,4,4,5,5,6,5,4,5,5,5,4,5,5,5,5,6,7,4,4,6,6,6,6,5,5,6,5,6,7,10,5,5,5,5,6,11,5,5,5,5,5,5,5,5,5,5,5,5,5,5,5,5,5,5,5,5,5,5,5,5,5,5,5,5,5,5,5,5,5,5,5,5,5,5,5,5,5,5,5,5,5,5,5,5,5,5,5,5,5,5,5,5,5,5,5,5,5,5,5,5
110,682,679,669,667,659,658,655,661,690,681,681,674,670,668,661,661,674,691,680,673,678,673,666,663,707,694,692,687,679,678,672,669,693,710,705,698,698,686,692,677,714,702,701,701,698,694,689,687,721,706,710,708,694,699,695,687,724,737,716,704,718,694,706,707,6,4,4,4,4,3,3,4,5,4,4,5,4,4,4,4,6,6,5,4,4,4,3,4,5,4,5,4,4,4,5,5,5,5,4,4,5,5,4,5,5,5,5,6,5,4,5,5,6,6,6,6,5,5,5,7,11,11,5,8,5,6,6,9,5,5,5,5,5,5,5,5,5,5,5,5,5,5,5,5,5,5,5,5,5,5,5,5,5,5,5,5,5,5,5,5,5,5,5,5,5,5,5,5,5,5,5,5,5,5,5,5,5,5,5,5,5,5,5,5,5,5,5,5,5,5,5,5
111,687,683,674,665,659,662,650,655,683,672,679,670,669,660,668,659,683,692,683,677,669,676,666,655,698,694,694,689,683,686,674,660,703,696,690,693,684,688,663,676,715,708,707,704,695,681,686,681,727,713,718,708,699,700,682,696,722,722,713,703,701,709,704,707,5,4,4,4,4,4,4,5,5,4,4,4,4,4,4,4,6,6,4,5,4,4,4,4,5,5,5,4,4,5,5,5,6,5,5,5,5,5,4,5,5,6,5,5,5,5,5,5,5,9,5,6,6,5,6,6,8,9,5,7,7,6,6,10,5,5,5,5,5,5,5,5,5,5,5,5,5,5,5,5,5,5,5,5,5,5,5,5,5,5,5,5,5,5,5,5,5,5,5,5,5,5,5,5,5,5,5,5,5,5,5,5,5,5,5,5,5,5,5,5,5,5,5,5,5,5,5,5
112,686,674,668,665,669,659,650,653,685,678,672,670,666,653,664,658,699,681,682,674,677,673,672,664,705,696,692,685,681,674,669,668,691,696,702,695,693,678,679,676,721,705,690,699,693,695,688,678,708,708,719,698,696,692,695,688,715,731,714,707,699,700,696,698,5,5,4,4,4,4,4,5,4,4,5,4,4,3,4,4,5,5,5,4,4,4,3,5,5,5,5,4,4,4,5,4,7,4,3,4,5,4,5,5,5,5,5,5,5,5,5,4,6,6,5,6,4,5,5,7,7,8,6,6,6,4,5,11,5,5,5,5,5,5,5,5,5,5,5,5,5,5,5,5,5,5,5,5,5,5,5,5,5,5,5,5,5,5,5,5,5,5,5,5,5,5,5,5,5,5,5,5,5,5,5,5,5,5,5,5,5,5,5,5,5,5,5,5,5,5,5,5
113,676,676,670,664,661,658,652,644,680,680,683,667,667,670,663,655,682,691,686,671,678,667,665,668,708,686,698,682,682,672,672,679,706,712,700,690,684,685,674,674,710,719,699,704,686,694,688,681,727,715,707,700,701,702,695,695,730,707,721,707,706,696,692,713,5,4,5,4,4,4,4,4,5,5,4,4,4,4,4,4,7,6,4,5,4,4,4,4,6,5,5,4,4,4,4,5,7,6,4,5,4,5,4,5,6,5,5,5,6,4,5,6,6,7,6,6,5,6,5,7,9,10,6,7,6,5,6,11,5,5,5,5,5,5,5,5,5,5,5,5,5,5,5,5,5,5,5,5,5,5,5,5,5,5,5,5,5,5,5,5,5,5,5,5,5,5,5,5,5,5,5,5,5,5,5,5,5,5,5,5,5,5,5,5,5,5,5,5,5,5,5,5
114,674,678,667,667,662,659,657,650,686,685,679,669,673,658,656,659,689,689,682,684,674,663,667,657,692,698,689,679,679,673,675,665,697,707,696,695,687,682,685,677,715,708,703,698,694,693,681,681,716,700,707,703,694,689,695,686,719,709,713,715,702,707,699,709,5,5,4,4,3,4,4,4,4,4,3,4,4,4,4,3,8,5,5,5,3,4,4,4,6,5,5,4,4,4,4,4,6,4,4,4,4,4,4,4,5,5,5,5,5,4,5,5,5,5,6,6,4,5,6,5,6,7,5,7,7,5,6,8,5,5,5,5,5,5,5,5,5,5,5,5,5,5,5,5,5,5,5,5,5,5,5,5,5,5,5,5,5,5,5,5,5,5,5,5,5,5,5,5,5,5,5,5,5,5,5,5,5,5,5,5,5,5,5,5,5,5,5,5,5,5,5,5
115,672,674,669,664,657,653,652,644,678,682,681,680,671,664,665,653,700,685,686,679,675,670,670,662,703,693,688,692,681,676,675,671,707,702,693,690,688,694,675,668,700,703,712,695,699,695,686,684,714,715,703,700,697,686,702,689,723,738,728,719,700,707,706,672,5,5,4,4,4,4,4,4,5,5,4,5,4,4,4,4,6,6,5,6,4,4,3,4,6,4,5,5,4,4,5,5,7,5,5,5,6,6,5,5,4,6,6,6,5,4,6,5,5,6,6,5,5,4,5,7,7,9,6,7,7,6,6,11,5,5,5,5,5,5,5,5,5,5,5,5,5,5,5,5,5,5,5,5,5,5,5,5,5,5,5,5,5,5,5,5,5,5,5,5,5,5,5,5,5,5,5,5,5,5,5,5,5,5,5,5,5,5,5,5,5,5,5,5,5,5,5,5
116,679,674,662,667,657,651,656,661,693,678,677,665,666,668,662,657,694,695,680,675,673,673,669,667,692,706,683,692,681,676,672,666,706,695,707,696,691,690,670,673,717,701,694,689,685,695,692,684,727,724,701,702,701,697,695,686,732,727,725,724,705,706,700,702,6,4,3,5,3,4,4,4,5,4,3,4,4,4,4,3,7,5,4,4,4,4,3,4,5,4,5,4,4,4,5,4,7,4,4,5,4,5,4,5,6,4,4,5,5,4,4,5,5,6,6,6,5,5,5,7,8,8,7,7,5,4,5,8,5,5,5,5,5,5,5,5,5,5,5,5,5,5,5,5,5,5,5,5,5,5,5,5,5,5,5,5,5,5,5,5,5,5,5,5,5,5,5,5,5,5,5,5,5,5,5,5,5,5,5,5,5,5,5,5,5,5,5,5,5,5,5,5
117,675,682,672,667,661,661,654,653,684,680,676,675,668,659,661,657,686,685,679,681,676,660,669,663,698,697,689,689,676,677,678,668,696,696,694,689,689,686,688,669,718,704,696,705,700,695,696,689,722,719,716,712,709,694,705,688,724,717,714,703,706,695,710,705,5,4,4,5,4,4,4,4,4,4,4,4,4,4,4,4,6,5,5,5,4,4,4,5,6,5,5,5,4,4,4,5,7,5,4,5,5,5,5,5,5,5,4,6,5,5,6,5,6,7,5,5,6,6,5,6,6,9,5,9,7,6,7,8,5,5,5,5,5,5,5,5,5,5,5,5,5,5,5,5,5,5,5,5,5,5,5,5,5,5,5,5,5,5,5,5,5,5,5,5,5,5,5,5,5,5,5,5,5,5,5,5,5,5,5,5,5,5,5,5,5,5,5,5,5,5,5,5
118,674,672,665,671,659,664,647,657,686,686,679,671,668,667,653,656,690,684,681,675,674,666,665,666,700,686,692,678,680,675,671,666,703,701,693,693,686,690,684,680,715,712,703,708,689,697,685,686,712,708,701,711,708,693,689,693,723,720,718,719,712,701,706,695,4,4,4,4,3,3,4,5,5,5,4,4,4,4,4,4,7,5,5,4,3,4,3,3,5,4,5,3,4,4,5,4,5,4,4,6,5,5,4,5,5,5,5,5,6,4,5,5,7,7,6,4,5,5,6,6,9,9,5,7,5,5,6,10,5,5,5,5,5,5,5,5,5,5,5,5,5,5,5,5,5,5,5,5,5,5,5,5,5,5,5,5,5,5,5,5,5,5,5,5,5,5,5,5,5,5,5,5,5,5,5,5,5,5,5,5,5,5,5,5,5,5,5,5,5,5,5,5
119,677,677,672,664,668,657,656,662,690,679,681,670,675,668,661,655,688,687,680,683,669,677,659,658,699,693,694,680,678,685,674,667,709,701,698,695,694,682,682,677,717,701,697,701,704,694,689,688,723,719,707,709,706,692,694,694,731,717,716,691,693,712,687,681,5,4,4,4,5,4,4,3,5,5,4,4,5,4,4,4,5,6,5,6,3,5,5,4,6,4,5,4,4,4,5,5,6,5,4,5,5,5,5,5,6,6,5,5,6,4,5,5,7,9,5,5,5,6,5,7,7,7,5,7,5,5,5,9,5,5,5,5,5,5,5,5,5,5,5,5,5,5,5,5,5,5,5,5,5,5,5,5,5,5,5,5,5,5,5,5,5,5,5,5,5,5,5,5,5,5,5,5,5,5,5,5,5,5,5,5,5,5,5,5,5,5,5,5,5,5,5,5
120,685,674,668,660,665,660,658,656,691,685,669,673,671,671,667,660,691,689,679,671,677,680,672,663,697,688,686,681,682,674,675,682,703,700,698,687,686,678,682,668,715,707,706,704,699,695,680,685,719,723,695,707,705,696,693,686,730,725,726,712,711,691,714,691,6,5,4,4,4,3,4,4,4,4,4,4,4,4,4,4,6,5,5,4,3,4,4,4,5,4,5,4,4,4,5,5,7,4,4,4,5,4,5,4,5,5,5,6,5,4,4,7,7,7,6,7,5,5,5,7,9,9,5,6,6,5,6,9,5,5,5,5,5,5,5,5,5,5,5,5,5,5,5,5,5,5,5,5,5,5,5,5,5,5,5,5,5,5,5,5,5,5,5,5,5,5,5,5,5,5,5,5,5,5,5,5,5,5,5,5,5,5,5,5,5,5,5,5,5,5,5,5
121,677,675,668,661,660,662,655,651,679,679,676,670,667,666,660,664,686,695,686,681,670,667,673,668,703,695,687,686,685,680,672,672,709,700,700,695,692,692,681,673,705,701,702,699,688,685,684,685,724,724,709,700,700,694,688,686,714,711,716,713,706,701,700,686,5,5,4,5,4,4,4,6,5,4,4,4,4,4,4,4,6,6,4,5,4,4,4,5,6,4,5,4,5,4,5,4,6,5,5,4,6,5,5,5,5,5,5,6,5,5,5,6,6,7,6,6,5,5,6,6,8,9,6,8,6,6,5,10,5,5,5,5,5,5,5,5,5,5,5,5,5,5,5,5,5,5,5,5,5,5,5,5,5,5,5,5,5,5,5,5,5,5,5,5,5,5,5,5,5,5,5,5,5,5,5,5,5,5,5,5,5,5,5,5,5,5,5,5,5,5,5,5
122,676,674,668,669,658,665,658,649,677,685,669,670,666,657,659,656,692,689,688,683,669,671,662,664,696,698,691,691,683,674,674,667,706,696,699,696,682,677,674,675,721,721,701,705,690,699,690,676,719,716,706,706,701,695,693,697,722,717,718,710,709,693,711,711,5,4,4,5,4,4,4,5,6,4,4,4,4,3,4,3,6,5,4,5,3,4,4,4,6,4,5,4,4,4,5,6,5,4,4,4,4,4,4,5,6,5,4,5,6,5,5,5,6,7,5,5,5,5,5,6,8,9,6,7,8,5,6,8,5,5,5,5,5,5,5,5,5,5,5,5,5,5,5,5,5,5,5,5,5,5,5,5,5,5,5,5,5,5,5,5,5,5,5,5,5,5,5,5,5,5,5,5,5,5,5,5,5,5,5,5,5,5,5,5,5,5,5,5,5,5,5,5
123,690,676,666,667,659,656,654,658,685,683,679,678,671,667,654,659,689,678,678,681,676,678,663,669,701,690,682,685,681,678,669,665,706,702,702,694,699,685,684,676,710,708,708,710,695,685,684,688,717,723,711,702,695,701,695,701,728,733,721,730,717,702,697,692,6,4,4,4,4,4,4,4,5,5,4,4,4,4,4,4,6,5,4,5,4,5,4,5,5,4,5,4,4,4,5,5,5,4,4,4,4,5,4,5,4,7,5,6,6,5,6,6,7,8,5,6,5,5,5,6,10,7,6,8,7,5,7,9,5,5,5,5,5,5,5,5,5,5,5,5,5,5,5,5,5,5,5,5,5,5,5,5,5,5,5,5,5,5,5,5,5,5,5,5,5,5,5,5,5,5,5,5,5,5,5,5,5,5,5,5,5,5,5,5,5,5,5,5,5,5,5,5
124,689,685,672,675,657,665,657,654,686,675,675,672,665,669,663,658,699,679,681,676,670,670,667,666,691,695,691,680,681,676,679,665,705,702,694,684,691,677,674,685,723,692,703,692,699,691,684,688,717,713,712,709,706,695,689,694,732,728,721,710,711,704,699,705,5,4,4,4,4,4,4,5,5,4,4,4,3,4,4,4,6,5,4,4,3,4,4,4,6,4,5,4,4,4,4,4,6,4,4,5,5,4,4,5,5,4,5,5,5,4,6,5,5,6,5,5,5,5,5,6,8,9,5,7,5,5,5,9,5,5,5,5,5,5,5,5,5,5,5,5,5,5,5,5,5,5,5,5,5,5,5,5,5,5,5,5,5,5,5,5,5,5,5,5,5,5,5,5,5,5,5,5,5,5,5,5,5,5,5,5,5,5,5,5,5,5,5,5,5,5,5,5
125,684,680,680,659,663,658,652,660,688,678,670,665,675,663,656,656,696,696,680,684,674,666,667,666,690,707,688,689,686,671,675,673,706,710,691,699,693,682,674,677,715,703,701,701,694,682,682,686,730,710,712,703,701,698,694,694,711,726,722,710,706,701,702,687,6,4,4,4,4,5,4,4,6,5,4,4,5,4,4,4,6,6,5,4,4,4,5,5,6,5,5,4,5,4,4,5,6,5,5,5,5,4,4,6,6,4,5,5,7,5,5,6,7,7,5,6,6,6,5,7,6,8,6,8,7,5,7,11,5,5,5,5,5,5,5,5,5,5,5,5,5,5,5,5,5,5,5,5,5,5,5,5,5,5,5,5,5,5,5,5,5,5,5,5,5,5,5,5,5,5,5,5,5,5,5,5,5,5,5,5,5,5,5,5,5,5,5,5,5,5,5,5
126,685,667,665,664,661,657,651,653,679,679,677,670,668,665,659,659,693,680,688,682,673,671,667,659,698,688,688,681,679,686,682,664,704,701,692,689,689,691,683,673,721,701,701,707,696,684,696,680,714,713,707,705,705,692,693,693,719,733,716,715,708,697,696,694,5,4,4,4,4,4,4,5,5,4,4,4,4,4,4,4,5,5,4,5,4,4,5,4,6,4,5,4,4,5,4,4,5,4,5,4,4,4,4,5,5,5,5,6,5,4,6,6,7,6,6,6,5,4,5,6,8,7,5,7,6,5,6,8,5,5,5,5,5,5,5,5,5,5,5,5,5,5,5,5,5,5,5,5,5,5,5,5,5,5,5,5,5,5,5,5,5,5,5,5,5,5,5,5,5,5,5,5,5,5,5,5,5,5,5,5,5,5,5,5,5,5,5,5,5,5,5,5
127,679,677,672,666,658,660,655,647,680,682,666,673,669,665,664,658,690,700,677,679,675,670,671,675,703,691,688,683,675,680,680,674,706,696,700,703,693,687,688,680,720,703,699,701,702,690,683,682,715,702,710,699,697,688,699,683,729,709,722,715,713,705,706,680,5,4,4,4,4,4,4,5,5,5,5,4,4,4,5,4,6,6,5,4,4,4,4,4,6,5,5,4,4,5,4,5,6,4,6,4,5,5,4,5,6,5,5,6,5,5,5,6,5,6,6,6,5,4,6,7,8,8,5,7,5,6,6,9,5,5,5,5,5,5,5,5,5,5,5,5,5,5,5,5,5,5,5,5,5,5,5,5,5,5,5,5,5,5,5,5,5,5,5,5,5,5,5,5,5,5,5,5,5,5,5,5,5,5,5,5,5,5,5,5,5,5,5,5,5,5,5,5
128,680,681,670,671,654,655,659,655,692,678,672,674,656,657,663,658,680,686,684,673,675,672,669,667,702,694,687,684,681,678,674,667,712,696,697,687,694,686,677,673,714,703,694,695,701,694,695,682,719,708,708,700,700,692,703,684,733,718,715,714,704,716,699,700,5,4,4,4,4,4,4,4,5,4,5,4,4,3,3,4,6,6,4,4,4,4,3,4,6,5,5,4,4,4,5,5,5,4,4,5,5,4,5,4,5,5,5,5,5,4,5,6,5,6,5,5,5,6,6,7,9,8,5,8,7,6,5,8,5,5,5,5,5,5,5,5,5,5,5,5,5,5,5,5,5,5,5,5,5,5,5,5,5,5,5,5,5,5,5,5,5,5,5,5,5,5,5,5,5,5,5,5,5,5,5,5,5,5,5,5,5,5,5,5,5,5,5,5,5,5,5,5
129,683,676,668,660,655,652,665,650,683,674,675,671,667,663,662,653,684,684,682,677,679,670,662,671,705,691,700,693,683,674,680,678,700,697,704,687,691,690,684,676,719,707,708,700,699,683,689,688,721,707,711,701,694,700,694,683,728,710,710,720,710,704,695,707,5,6,4,4,4,4,4,5,5,4,4,4,5,4,4,4,6,5,4,5,4,5,4,5,5,4,5,4,4,4,4,4,6,5,4,5,4,5,4,5,6,6,5,5,5,5,5,5,5,7,5,7,6,6,6,6,7,7,5,8,6,6,5,9,5,5,5,5,5,5,5,5,5,5,5,5,5,5,5,5,5,5,5,5,5,5,5,5,5,5,5,5,5,5,5,5,5,5,5,5,5,5,5,5,5,5,5,5,5,5,5,5,5,5,5,5,5,5,5,5,5,5,5,5,5,5,5,5
130,677,679,674,666,661,658,654,660,683,681,676,679,663,662,660,657,699,697,687,680,672,667,668,665,703,699,688,691,690,678,678,689,704,702,693,693,693,686,672,676,717,713,696,701,692,684,688,679,711,719,707,700,701,694,685,706,738,711,722,710,711,699,697,711,5,4,4,4,4,4,4,5,4,4,4,3,4,3,4,4,7,6,5,5,4,4,4,4,7,4,5,4,4,4,5,6,7,4,4,5,5,5,5,5,5,6,4,6,6,4,5,5,6,6,6,5,5,5,4,6,8,9,6,7,5,6,5,10,5,5,5,5,5,5,5,5,5,5,5,5,5,5,5,5,5,5,5,5,5,5,5,5,5,5,5,5,5,5,5,5,5,5,5,5,5,5,5,5,5,5,5,5,5,5,5,5,5,5,5,5,5,5,5,5,5,5,5,5,5,5,5,5
131,681,674,669,664,661,652,649,652,685,671,686,674,670,667,663,658,688,691,683,675,674,671,671,672,703,693,694,692,681,683,666,678,714,711,699,686,695,689,675,680,716,702,703,699,701,691,688,682,709,721,714,696,695,686,699,715,712,727,710,706,711,700,709,700,5,4,4,4,4,4,4,5,5,4,4,4,4,4,4,3,6,6,5,5,4,5,4,5,4,4,4,5,4,5,4,5,6,6,4,5,6,6,6,5,6,5,5,6,6,5,5,5,6,8,6,6,5,5,5,6,7,9,6,6,6,5,6,11,5,5,5,5,5,5,5,5,5,5,5,5,5,5,5,5,5,5,5,5,5,5,5,5,5,5,5,5,5,5,5,5,5,5,5,5,5,5,5,5,5,5,5,5,5,5,5,5,5,5,5,5,5,5,5,5,5,5,5,5,5,5,5,5
132,684,671,672,657,662,657,658,651,677,683,670,675,668,662,672,651,682,694,689,680,674,673,663,661,704,694,693,691,683,680,673,670,702,703,696,690,685,690,674,680,699,709,709,703,687,684,692,679,715,718,701,699,700,698,700,672,717,721,723,715,706,704,698,700,5,5,4,5,3,4,4,5,4,4,4,4,5,4,4,4,6,6,4,5,4,5,4,4,5,4,5,4,4,4,5,5,7,4,4,5,5,5,4,4,6,6,4,5,6,5,5,5,7,6,6,6,5,5,4,6,6,8,6,7,7,6,4,8,5,5,5,5,5,5,5,5,5,5,5,5,5,5,5,5,5,5,5,5,5,5,5,5,5,5,5,5,5,5,5,5,5,5,5,5,5,5,5,5,5,5,5,5,5,5,5,5,5,5,5,5,5,5,5,5,5,5,5,5,5,5,5,5
133,688,683,675,671,668,652,663,657,684,685,673,667,673,666,660,654,690,686,673,680,679,676,664,662,698,697,693,680,684,683,668,670,694,689,695,702,686,686,680,675,717,704,707,698,700,683,686,688,733,713,711,705,695,694,695,685,728,738,721,712,706,697,711,688,7,4,5,5,3,4,4,5,5,5,4,5,5,4,4,4,6,5,4,5,4,4,4,4,6,5,6,4,5,5,5,5,7,4,4,4,5,4,4,5,5,6,6,6,6,4,5,4,6,7,5,7,6,4,6,8,9,8,6,8,7,7,6,8,5,5,5,5,5,5,5,5,5,5,5,5,5,5,5,5,5,5,5,5,5,5,5,5,5,5,5,5,5,5,5,5,5,5,5,5,5,5,5,5,5,5,5,5,5,5,5,5,5,5,5,5,5,5,5,5,5,5,5,5,5,5,5,5
134,683,680,674,665,658,659,661,649,685,671,679,671,662,661,658,656,689,697,675,681,671,664,676,654,696,702,686,678,688,682,669,672,708,701,697,698,694,683,677,675,717,711,703,707,695,698,682,681,729,709,698,697,700,692,705,696,719,710,729,716,712,707,696,686,6,4,4,4,4,4,4,5,4,4,4,4,4,4,4,4,7,6,4,5,4,4,3,4,7,5,5,4,4,4,4,5,6,5,4,4,5,4,5,5,5,6,5,5,5,4,4,5,5,6,5,5,5,5,6,6,9,9,6,7,5,5,5,12,5,5,5,5,5,5,5,5,5,5,5,5,5,5,5,5,5,5,5,5,5,5,5,5,5,5,5,5,5,5,5,5,5,5,5,5,5,5,5,5,5,5,5,5,5,5,5,5,5,5,5,5,5,5,5,5,5,5,5,5,5,5,5,5
135,680,675,674,669,663,657,654,654,677,681,675,671,664,660,665,652,686,689,680,672,677,672,663,659,694,698,693,686,679,676,663,674,707,705,704,696,686,684,675,673,713,707,700,703,692,683,687,674,717,718,718,699,708,694,687,683,717,711,718,702,703,699,703,699,6,5,4,4,4,4,4,4,6,5,4,4,4,4,3,4,7,6,5,5,4,4,4,4,7,5,5,4,4,4,4,4,7,5,4,4,5,4,5,5,5,5,5,5,7,6,5,5,5,7,5,5,5,5,6,6,8,11,6,6,7,6,5,12,5,5,5,5,5,5,5,5,5,5,5,5,5,5,5,5,5,5,5,5,5,5,5,5,5,5,5,5,5,5,5,5,5,5,5,5,5,5,5,5,5,5,5,5,5,5,5,5,5,5,5,5,5,5,5,5,5,5,5,5,5,5,5,5
136,684,668,678,662,661,658,656,652,691,681,669,673,678,663,660,663,691,687,683,682,670,669,667,666,710,691,689,687,678,673,683,662,711,699,697,696,684,690,686,680,719,704,701,702,706,686,680,691,701,709,698,702,696,700,694,688,718,718,713,715,701,702,690,689,5,5,4,4,4,3,4,5,5,4,4,5,4,4,3,4,7,5,4,5,4,4,4,4,5,4,5,4,3,4,4,4,5,5,4,5,4,5,4,5,5,5,5,5,5,4,4,4,6,6,6,6,4,5,6,5,7,8,5,7,6,5,6,9,5,5,5,5,5,5,5,5,5,5,5,5,5,5,5,5,5,5,5,5,5,5,5,5,5,5,5,5,5,5,5,5,5,5,5,5,5,5,5,5,5,5,5,5,5,5,5,5,5,5,5,5,5,5,5,5,5,5,5,5,5,5,5,5
137,684,686,668,679,668,664,653,656,694,672,673,670,669,667,661,661,682,683,683,667,673,673,669,668,706,696,693,692,685,676,670,658,705,697,698,699,688,686,673,689,715,701,705,695,692,700,686,696,726,720,696,706,698,688,690,677,722,734,717,714,725,699,699,685,6,4,4,5,3,4,4,6,6,4,5,4,4,4,5,4,6,6,4,5,4,5,4,4,5,5,6,4,4,4,5,5,8,4,4,7,5,5,5,6,5,5,5,5,7,5,5,6,8,7,6,5,5,5,6,6,7,8,6,8,6,6,5,10,5,5,5,5,5,5,5,5,5,5,5,5,5,5,5,5,5,5,5,5,5,5,5,5,5,5,5,5,5,5,5,5,5,5,5,5,5,5,5,5,5,5,5,5,5,5,5,5,5,5,5,5,5,5,5,5,5,5,5,5,5,5,5,5
138,679,677,674,676,663,663,655,649,691,678,675,677,670,662,661,653,681,676,689,681,676,668,670,659,709,694,692,677,682,674,680,671,716,706,701,692,692,677,676,668,707,702,698,707,695,688,688,683,720,720,717,703,694,698,687,688,723,719,720,731,708,704,699,677,5,4,4,5,4,4,4,4,5,4,4,4,4,3,4,4,5,5,4,5,4,4,3,4,5,5,5,3,4,4,5,5,6,4,4,5,5,4,5,5,5,5,5,5,6,4,5,5,8,6,6,6,5,5,5,6,7,10,6,8,6,5,6,8,5,5,5,5,5,5,5,5,5,5,5,5,5,5,5,5,5,5,5,5,5,5,5,5,5,5,5,5,5,5,5,5,5,5,5,5,5,5,5,5,5,5,5,5,5,5,5,5,5,5,5,5,5,5,5,5,5,5,5,5,5,5,5,5
139,678,676,659,672,652,658,655,650,685,685,677,675,677,664,659,657,695,693,680,672,667,677,669,665,696,688,690,683,682,689,674,671,706,698,699,687,686,682,679,683,712,704,699,695,695,688,687,686,705,709,703,714,705,697,695,679,715,709,716,706,707,714,701,702,5,4,4,4,3,4,4,4,5,4,4,3,4,4,4,4,6,5,5,4,4,5,5,4,7,5,5,4,4,5,5,4,6,4,5,5,4,5,5,6,5,6,4,5,6,5,5,6,6,6,5,5,5,5,5,6,7,9,6,10,5,6,5,9,5,5,5,5,5,5,5,5,5,5,5,5,5,5,5,5,5,5,5,5,5,5,5,5,5,5,5,5,5,5,5,5,5,5,5,5,5,5,5,5,5,5,5,5,5,5,5,5,5,5,5,5,5,5,5,5,5,5,5,5,5,5,5,5
140,677,671,668,656,661,654,651,650,686,677,681,669,672,658,656,656,685,691,684,671,674,677,664,668,697,696,690,686,682,675,671,659,709,708,700,685,692,692,678,674,705,705,700,701,686,696,691,691,729,720,706,711,696,699,695,687,720,709,702,696,715,700,706,711,5,5,4,5,4,4,4,5,4,4,4,4,4,3,4,4,6,6,5,4,4,4,4,4,6,5,5,4,4,4,4,5,6,5,4,4,5,4,5,5,5,6,4,4,5,4,5,5,5,6,6,5,4,5,7,5,6,8,5,6,5,5,6,8,5,5,5,5,5,5,5,5,5,5,5,5,5,5,5,5,5,5,5,5,5,5,5,5,5,5,5,5,5,5,5,5,5,5,5,5,5,5,5,5,5,5,5,5,5,5,5,5,5,5,5,5,5,5,5,5,5,5,5,5,5,5,5,5
141,678,676,668,673,665,660,650,656,683,676,678,667,670,666,663,667,699,693,685,681,673,666,664,666,692,693,689,680,684,673,674,677,717,703,692,681,687,677,692,672,714,714,698,690,698,687,680,695,707,710,697,696,707,704,702,681,725,722,718,724,711,700,703,705,5,5,4,5,3,4,4,4,6,4,5,4,4,4,4,5,6,6,5,5,4,4,4,4,5,4,5,4,5,4,5,5,5,5,4,4,5,4,5,5,5,6,5,6,6,4,6,5,6,7,6,6,5,6,5,6,7,7,5,8,8,6,6,10,5,5,5,5,5,5,5,5,5,5,5,5,5,5,5,5,5,5,5,5,5,5,5,5,5,5,5,5,5,5,5,5,5,5,5,5,5,5,5,5,5,5,5,5,5,5,5,5,5,5,5,5,5,5,5,5,5,5,5,5,5,5,5,5
142,682,684,668,661,662,650,652,655,689,686,672,667,668,671,662,662,694,692,678,686,677,661,672,665,702,697,698,681,670,680,677,671,708,699,697,700,697,688,678,675,714,705,705,699,688,699,677,680,722,713,716,711,695,688,694,685,732,729,719,703,710,702,692,694,5,4,4,5,3,4,4,5,5,4,4,4,4,4,4,4,7,6,4,4,4,4,4,4,6,4,6,4,4,4,4,4,8,4,4,4,5,4,4,5,5,5,4,4,5,4,5,5,6,7,6,6,5,4,6,6,8,7,6,6,5,5,5,11,5,5,5,5,5,5,5,5,5,5,5,5,5,5,5,5,5,5,5,5,5,5,5,5,5,5,5,5,5,5,5,5,5,5,5,5,5,5,5,5,5,5,5,5,5,5,5,5,5,5,5,5,5,5,5,5,5,5,5,5,5,5,5,5
143,683,684,666,668,657,660,659,648,687,681,678,671,673,661,661,660,689,689,685,675,671,674,666,662,700,695,698,685,676,678,672,666,701,697,692,692,687,685,676,665,715,708,702,705,685,694,688,680,715,713,721,704,703,688,686,686,731,727,717,725,705,701,702,700,6,5,4,5,4,4,4,5,5,4,4,5,4,4,4,4,7,6,5,5,4,5,4,5,7,5,6,4,4,4,5,5,6,4,4,5,5,5,5,5,5,5,4,6,6,5,6,6,6,7,6,5,5,5,6,6,8,8,5,9,7,5,6,9,5,5,5,5,5,5,5,5,5,5,5,5,5,5,5,5,5,5,5,5,5,5,5,5,5,5,5,5,5,5,5,5,5,5,5,5,5,5,5,5,5,5,5,5,5,5,5,5,5,5,5,5,5,5,5,5,5,5,5,5,5,5,5,5
144,688,672,664,657,656,659,652,651,686,681,679,669,674,666,661,660,691,682,681,680,675,667,674,661,698,694,682,684,688,677,671,658,713,700,693,690,687,690,671,689,716,702,706,705,697,689,688,683,718,711,717,705,693,700,691,695,719,731,717,722,709,707,701,709,6,5,4,4,3,4,4,5,5,4,4,4,4,4,5,4,5,5,5,5,4,4,5,4,7,4,4,4,4,4,5,5,6,4,5,5,5,5,4,5,5,5,5,5,5,5,4,5,6,6,5,6,4,5,6,6,6,10,5,8,6,6,6,9,5,5,5,5,5,5,5,5,5,5,5,5,5,5,5,5,5,5,5,5,5,5,5,5,5,5,5,5,5,5,5,5,5,5,5,5,5,5,5,5,5,5,5,5,5,5,5,5,5,5,5,5,5,5,5,5,5,5,5,5,5,5,5,5
145,693,679,666,659,664,658,655,655,683,688,671,667,663,660,669,660,691,685,680,689,671,665,666,669,701,697,689,686,678,664,679,665,713,701,697,696,686,673,681,681,712,708,706,705,702,677,688,677,727,708,714,710,708,698,693,690,744,733,720,714,704,695,710,709,5,4,4,4,4,4,4,5,5,5,4,4,4,4,4,4,5,6,5,4,4,4,4,5,7,4,5,4,4,4,5,6,6,5,5,5,5,4,4,6,5,4,5,5,5,4,5,5,5,8,6,5,6,6,5,6,6,8,6,8,7,6,6,10,5,5,5,5,5,5,5,5,5,5,5,5,5,5,5,5,5,5,5,5,5,5,5,5,5,5,5,5,5,5,5,5,5,5,5,5,5,5,5,5,5,5,5,5,5,5,5,5,5,5,5,5,5,5,5,5,5,5,5,5,5,5,5,5
146,678,677,678,665,659,660,657,659,683,673,680,665,669,659,664,655,694,685,682,679,675,671,661,666,702,695,692,688,683,681,679,669,705,708,697,694,680,673,682,674,716,721,710,701,697,684,681,686,716,715,709,705,701,697,696,698,725,716,708,721,698,703,691,713,5,4,4,4,3,4,4,4,6,4,4,4,4,3,4,4,7,5,5,4,4,4,4,4,7,4,5,4,4,4,4,4,6,5,4,5,4,4,4,4,5,5,4,5,5,5,5,5,5,5,5,6,5,5,5,6,9,9,5,7,6,6,5,9,5,5,5,5,5,5,5,5,5,5,5,5,5,5,5,5,5,5,5,5,5,5,5,5,5,5,5,5,5,5,5,5,5,5,5,5,5,5,5,5,5,5,5,5,5,5,5,5,5,5,5,5,5,5,5,5,5,5,5,5,5,5,5,5
147,682,680,669,671,657,666,652,656,692,683,684,672,673,657,659,655,702,682,679,688,674,668,659,667,697,692,683,688,681,675,672,668,692,695,699,686,688,681,676,683,716,715,697,693,692,685,685,683,715,707,712,708,704,700,694,695,733,715,716,704,716,693,707,705,5,5,5,5,4,5,4,4,6,5,4,4,5,4,5,4,6,5,4,5,4,5,4,4,6,4,5,4,4,4,5,5,6,5,4,5,5,4,5,5,5,4,4,5,6,5,5,5,7,6,6,6,5,5,6,6,9,8,6,9,7,6,7,9,5,5,5,5,5,5,5,5,5,5,5,5,5,5,5,5,5,5,5,5,5,5,5,5,5,5,5,5,5,5,5,5,5,5,5,5,5,5,5,5,5,5,5,5,5,5,5,5,5,5,5,5,5,5,5,5,5,5,5,5,5,5,5,5
148,670,673,671,658,659,649,658,649,674,677,682,673,668,665,664,666,683,696,681,679,671,676,668,662,696,690,686,689,685,681,666,672,714,712,690,690,691,688,683,676,713,710,709,693,700,694,674,685,716,731,702,707,696,696,688,702,746,709,721,713,700,711,696,673,5,5,4,4,3,4,4,4,5,4,4,4,4,4,4,4,6,6,4,5,3,5,4,4,6,4,4,4,4,4,4,5,5,6,4,4,4,4,4,5,6,6,5,5,4,5,5,5,6,6,6,7,5,6,6,7,7,8,6,8,5,5,6,12,5,5,5,5,5,5,5,5,5,5,5,5,5,5,5,5,5,5,5,5,5,5,5,5,5,5,5,5,5,5,5,5,5,5,5,5,5,5,5,5,5,5,5,5,5,5,5,5,5,5,5,5,5,5,5,5,5,5,5,5,5,5,5,5
149,666,673,669,660,661,663,650,644,695,678,676,667,676,663,668,657,681,681,683,675,672,676,657,664,693,694,687,673,683,676,677,655,699,704,698,687,687,680,684,674,716,705,702,693,687,690,678,682,727,727,709,703,707,699,695,691,736,727,715,724,710,702,708,701,5,5,4,4,4,4,4,4,6,4,3,4,5,4,4,4,6,7,5,5,4,4,4,4,6,4,5,4,4,4,5,5,6,5,4,5,4,4,5,5,5,5,5,7,6,4,5,5,5,7,5,6,6,5,7,6,7,8,6,8,7,5,6,14,5,5,5,5,5,5,5,5,5,5,5,5,5,5,5,5,5,5,5,5,5,5,5,5,5,5,5,5,5,5,5,5,5,5,5,5,5,5,5,5,5,5,5,5,5,5,5,5,5,5,5,5,5,5,5,5,5,5,5,5,5,5,5,5
150,678,669,665,671,667,666,648,652,686,675,682,667,663,655,667,655,696,684,677,673,670,672,663,663,709,686,694,686,683,681,670,658,703,700,702,693,696,686,688,677,703,697,702,701,687,691,686,690,711,716,712,705,700,700,688,691,722,721,723,728,716,709,705,692,6,5,4,4,3,4,4,5,4,4,4,4,4,3,4,4,6,5,5,5,3,4,4,4,5,4,5,4,4,4,5,4,7,4,5,5,5,5,4,5,6,5,5,4,5,4,4,5,6,7,6,6,5,5,5,6,6,8,5,8,6,5,5,11,5,5,5,5,5,5,5,5,5,5,5,5,5,5,5,5,5,5,5,5,5,5,5,5,5,5,5,5,5,5,5,5,5,5,5,5,5,5,5,5,5,5,5,5,5,5,5,5,5,5,5,5,5,5,5,5,5,5,5,5,5,5,5,5
151,680,678,668,668,659,664,657,656,681,685,677,675,669,660,662,662,703,684,687,681,674,667,670,665,691,695,689,682,682,675,682,673,706,701,697,689,688,688,676,672,713,692,702,699,695,689,691,690,717,719,700,703,705,693,702,692,739,715,717,709,713,701,703,689,5,4,4,4,4,4,4,4,5,5,4,4,4,4,4,4,6,5,4,5,4,4,5,4,6,5,5,4,5,4,4,5,6,5,5,5,5,4,5,5,6,6,6,6,5,5,6,8,6,8,6,6,5,5,5,7,7,10,5,7,5,5,6,10,5,5,5,5,5,5,5,5,5,5,5,5,5,5,5,5,5,5,5,5,5,5,5,5,5,5,5,5,5,5,5,5,5,5,5,5,5,5,5,5,5,5,5,5,5,5,5,5,5,5,5,5,5,5,5,5,5,5,5,5,5,5,5,5
152,682,669,674,661,666,662,656,649,691,675,677,675,664,672,661,662,689,693,675,682,671,671,673,660,697,692,691,677,682,673,665,675,706,697,701,697,684,681,680,679,704,711,699,702,696,688,682,680,724,722,712,709,705,711,683,690,734,716,723,710,717,701,702,694,5,5,4,4,3,4,4,4,6,4,4,4,4,4,4,4,6,4,4,5,4,5,4,4,5,4,5,4,4,4,4,5,5,4,4,5,5,4,4,5,6,6,5,5,6,4,5,5,6,8,5,6,5,5,5,6,7,8,6,6,7,6,5,10,5,5,5,5,5,5,5,5,5,5,5,5,5,5,5,5,5,5,5,5,5,5,5,5,5,5,5,5,5,5,5,5,5,5,5,5,5,5,5,5,5,5,5,5,5,5,5,5,5,5,5,5,5,5,5,5,5,5,5,5,5,5,5,5
153,674,674,668,665,661,667,666,649,686,679,676,682,669,664,657,652,695,685,686,683,679,670,669,658,703,694,690,687,676,686,665,669,705,701,691,691,693,687,675,674,710,700,707,697,698,689,694,690,721,709,709,694,706,698,696,684,715,724,717,697,709,707,701,693,4,5,4,4,4,4,5,5,5,4,4,5,4,4,5,4,5,5,5,5,4,5,4,4,6,5,5,4,4,4,5,5,9,4,5,5,5,5,4,5,5,6,5,5,7,4,6,5,7,6,6,5,5,5,7,6,7,10,5,9,6,6,5,9,5,5,5,5,5,5,5,5,5,5,5,5,5,5,5,5,5,5,5,5,5,5,5,5,5,5,5,5,5,5,5,5,5,5,5,5,5,5,5,5,5,5,5,5,5,5,5,5,5,5,5,5,5,5,5,5,5,5,5,5,5,5,5,5
154,678,675,673,664,668,655,658,658,680,676,675,667,673,659,659,654,687,680,680,674,675,674,668,659,711,692,695,687,685,674,671,661,705,698,688,696,680,687,675,680,714,695,700,702,693,693,681,680,707,736,710,699,698,700,689,691,738,713,714,704,693,700,706,681,5,4,4,4,4,3,4,5,5,4,3,4,4,3,4,3,6,5,5,5,4,4,4,4,6,4,4,4,4,4,5,4,5,4,4,6,5,5,4,5,5,4,5,5,5,4,5,5,5,6,7,5,5,5,6,6,7,8,5,8,6,7,6,8,5,5,5,5,5,5,5,5,5,5,5,5,5,5,5,5,5,5,5,5,5,5,5,5,5,5,5,5,5,5,5,5,5,5,5,5,5,5,5,5,5,5,5,5,5,5,5,5,5,5,5,5,5,5,5,5,5,5,5,5,5,5,5,5
155,676,668,676,672,661,662,663,647,695,679,675,671,662,661,656,653,681,685,684,674,677,674,671,658,700,692,691,690,680,678,668,663,710,698,693,681,691,683,679,682,711,704,707,692,702,683,700,675,731,709,717,703,696,687,699,686,728,723,724,712,709,698,698,695,6,5,4,5,4,4,4,4,6,4,4,4,4,4,4,4,7,6,4,5,4,4,4,4,6,4,5,4,4,5,5,5,6,4,4,4,5,4,4,5,6,6,5,6,6,5,6,6,6,7,5,6,5,4,5,5,9,7,6,6,6,6,5,12,5,5,5,5,5,5,5,5,5,5,5,5,5,5,5,5,5,5,5,5,5,5,5,5,5,5,5,5,5,5,5,5,5,5,5,5,5,5,5,5,5,5,5,5,5,5,5,5,5,5,5,5,5,5,5,5,5,5,5,5,5,5,5,5
156,674,677,675,667,662,653,653,654,685,677,685,663,664,668,663,657,691,684,684,681,672,673,664,658,698,691,689,692,683,683,676,672,706,702,688,693,681,680,677,672,710,700,711,699,683,694,680,677,723,711,719,704,712,692,692,685,728,730,715,713,712,705,705,684,5,4,4,4,4,4,3,5,5,4,4,4,4,4,4,4,5,4,5,4,4,4,4,4,5,4,5,4,4,4,5,5,5,5,4,4,4,4,5,5,4,5,5,4,5,4,5,5,6,7,5,5,5,4,5,6,9,9,5,6,6,4,6,8,5,5,5,5,5,5,5,5,5,5,5,5,5,5,5,5,5,5,5,5,5,5,5,5,5,5,5,5,5,5,5,5,5,5,5,5,5,5,5,5,5,5,5,5,5,5,5,5,5,5,5,5,5,5,5,5,5,5,5,5,5,5,5,5
157,683,673,677,668,659,665,655,657,695,678,685,683,663,665,656,660,696,690,686,689,677,674,670,665,701,695,689,683,683,686,669,679,715,699,697,694,675,678,673,684,710,701,706,702,697,693,688,692,711,727,698,714,693,684,698,681,743,735,713,719,717,709,696,681,5,5,5,5,4,4,4,4,5,4,4,5,5,4,4,4,6,6,4,4,4,5,4,5,7,5,5,4,4,5,5,5,7,5,4,5,5,4,5,5,5,5,5,6,5,4,5,5,7,7,6,6,5,5,5,5,7,7,5,7,6,5,7,9,5,5,5,5,5,5,5,5,5,5,5,5,5,5,5,5,5,5,5,5,5,5,5,5,5,5,5,5,5,5,5,5,5,5,5,5,5,5,5,5,5,5,5,5,5,5,5,5,5,5,5,5,5,5,5,5,5,5,5,5,5,5,5,5
158,678,674,675,666,662,660,653,660,677,686,676,667,669,669,663,655,694,687,684,689,679,658,667,664,707,687,697,680,674,671,671,671,714,690,692,686,676,695,665,685,707,707,702,693,692,692,679,686,723,700,699,705,694,689,695,699,721,730,715,723,703,701,703,693,5,5,4,4,4,4,4,5,5,5,4,4,4,4,4,4,6,5,5,4,3,4,3,4,5,4,6,4,4,4,4,4,6,4,4,5,4,4,4,5,5,6,5,5,5,4,5,5,5,5,6,6,5,4,5,7,7,8,5,6,5,4,5,9,5,5,5,5,5,5,5,5,5,5,5,5,5,5,5,5,5,5,5,5,5,5,5,5,5,5,5,5,5,5,5,5,5,5,5,5,5,5,5,5,5,5,5,5,5,5,5,5,5,5,5,5,5,5,5,5,5,5,5,5,5,5,5,5
159,683,682,667,670,659,654,649,654,687,681,677,671,662,663,653,655,693,689,689,674,671,661,669,668,707,698,693,699,684,664,672,665,693,707,701,692,689,683,678,675,714,694,712,706,689,689,692,685,719,714,710,710,701,691,690,681,729,718,718,708,708,706,691,692,6,5,3,5,4,4,4,5,6,5,4,4,4,4,4,4,7,6,4,5,3,4,5,4,5,5,5,4,4,4,5,5,6,5,4,5,4,5,6,5,6,6,5,6,6,5,5,5,8,6,5,7,5,5,6,6,9,10,6,7,6,6,6,10,5,5,5,5,5,5,5,5,5,5,5,5,5,5,5,5,5,5,5,5,5,5,5,5,5,5,5,5,5,5,5,5,5,5,5,5,5,5,5,5,5,5,5,5,5,5,5,5,5,5,5,5,5,5,5,5,5,5,5,5,5,5,5,5
160,674,675,668,661,663,652,649,652,692,674,675,671,668,666,660,651,685,692,677,682,673,673,666,662,699,694,692,680,680,674,668,674,708,707,687,691,686,694,674,677,713,703,697,695,693,693,690,674,716,713,709,704,706,689,697,698,725,711,721,719,718,705,707,696,5,4,4,4,3,4,4,5,5,4,4,4,4,4,4,4,6,5,5,4,4,4,4,4,6,4,5,4,4,4,4,5,6,5,5,4,5,5,4,5,5,5,5,5,5,4,5,5,6,6,7,6,5,5,5,6,10,9,5,8,6,5,6,9,5,5,5,5,5,5,5,5,5,5,5,5,5,5,5,5,5,5,5,5,5,5,5,5,5,5,5,5,5,5,5,5,5,5,5,5,5,5,5,5,5,5,5,5,5,5,5,5,5,5,5,5,5,5,5,5,5,5,5,5,5,5,5,5
161,670,674,668,670,665,653,653,649,691,683,682,676,672,661,660,656,691,684,681,672,675,676,668,663,708,692,686,686,678,674,671,676,701,698,693,684,685,684,673,673,712,693,706,697,696,682,700,684,707,725,705,709,702,691,686,686,731,726,724,720,707,695,701,696,5,5,4,4,4,5,4,5,5,4,4,4,4,4,4,4,7,6,5,4,4,4,4,4,4,5,5,4,4,4,5,5,7,5,5,5,5,4,5,5,5,4,5,6,5,5,6,5,5,8,5,8,4,5,6,6,8,7,6,6,6,6,5,8,5,5,5,5,5,5,5,5,5,5,5,5,5,5,5,5,5,5,5,5,5,5,5,5,5,5,5,5,5,5,5,5,5,5,5,5,5,5,5,5,5,5,5,5,5,5,5,5,5,5,5,5,5,5,5,5,5,5,5,5,5,5,5,5
162,685,680,676,673,656,661,663,644,686,688,672,668,667,663,654,661,685,694,682,678,675,670,660,664,695,696,694,677,681,679,673,680,709,696,703,696,693,691,681,679,703,706,699,696,693,689,689,686,716,706,707,706,698,696,690,691,720,721,710,705,710,709,680,697,6,4,4,4,4,4,4,4,5,4,4,4,4,4,4,4,7,5,5,5,4,4,4,4,6,5,5,3,4,4,5,5,6,4,4,4,5,4,4,5,5,5,4,5,6,4,5,5,6,6,5,6,5,5,5,7,8,8,6,6,5,5,5,9,5,5,5,5,5,5,5,5,5,5,5,5,5,5,5,5,5,5,5,5,5,5,5,5,5,5,5,5,5,5,5,5,5,5,5,5,5,5,5,5,5,5,5,5,5,5,5,5,5,5,5,5,5,5,5,5,5,5,5,5,5,5,5,5
163,676,671,675,670,661,656,646,646,690,681,682,682,666,662,668,658,679,690,686,674,673,669,665,662,715,692,691,686,687,670,672,670,706,709,679,692,688,688,682,668,724,709,708,710,695,688,692,680,720,726,714,703,697,695,691,685,709,717,710,716,709,703,699,699,5,5,4,4,4,4,4,5,5,5,4,4,5,4,4,4,6,7,4,5,4,5,5,4,6,4,5,4,5,4,5,5,6,5,4,5,5,4,4,5,6,4,5,5,5,5,5,5,5,8,6,5,5,5,5,7,8,8,5,6,5,7,7,9,5,5,5,5,5,5,5,5,5,5,5,5,5,5,5,5,5,5,5,5,5,5,5,5,5,5,5,5,5,5,5,5,5,5,5,5,5,5,5,5,5,5,5,5,5,5,5,5,5,5,5,5,5,5,5,5,5,5,5,5,5,5,5,5
164,683,677,665,663,658,652,659,653,682,687,680,670,672,669,666,654,692,690,683,674,677,677,658,667,704,696,690,690,685,672,682,663,705,693,696,699,691,689,674,686,708,711,697,691,691,684,680,689,721,719,708,696,699,703,686,691,739,713,711,712,710,706,700,697,6,4,4,4,4,5,4,4,4,3,3,4,4,4,3,4,5,5,5,5,3,4,4,4,6,4,5,4,4,4,4,4,5,4,4,4,4,5,4,5,5,6,4,5,5,4,5,5,8,8,6,6,5,5,5,5,7,9,5,7,5,5,6,8,5,5,5,5,5,5,5,5,5,5,5,5,5,5,5,5,5,5,5,5,5,5,5,5,5,5,5,5,5,5,5,5,5,5,5,5,5,5,5,5,5,5,5,5,5,5,5,5,5,5,5,5,5,5,5,5,5,5,5,5,5,5,5,5
165,682,678,666,663,660,657,653,654,679,673,675,666,670,656,656,664,696,676,678,683,670,666,664,674,696,692,684,684,680,679,671,658,711,698,696,691,692,688,683,668,707,715,702,698,695,685,686,675,730,724,709,711,701,706,696,699,730,726,705,696,712,701,714,695,5,4,4,5,3,4,5,5,5,4,4,4,4,3,4,4,6,6,4,5,4,5,4,5,6,4,5,4,4,4,5,4,6,5,5,5,5,6,4,4,5,5,5,5,6,5,5,6,6,8,5,6,5,6,5,5,7,14,6,8,5,5,6,10,5,5,5,5,5,5,5,5,5,5,5,5,5,5,5,5,5,5,5,5,5,5,5,5,5,5,5,5,5,5,5,5,5,5,5,5,5,5,5,5,5,5,5,5,5,5,5,5,5,5,5,5,5,5,5,5,5,5,5,5,5,5,5,5
166,680,678,674,663,662,656,654,658,685,678,681,679,675,665,660,664,689,693,683,673,679,674,668,659,701,689,685,677,678,674,665,678,712,699,693,697,693,689,688,676,710,694,697,695,691,686,688,681,715,731,703,703,702,692,682,690,728,729,727,700,710,707,701,705,5,4,5,4,3,4,3,4,4,4,4,3,4,4,4,4,5,5,4,4,4,5,4,4,5,5,5,4,4,4,4,5,5,5,4,4,5,5,4,4,5,5,4,5,6,4,5,5,7,6,6,6,5,5,5,6,12,9,5,6,5,5,6,9,5,5,5,5,5,5,5,5,5,5,5,5,5,5,5,5,5,5,5,5,5,5,5,5,5,5,5,5,5,5,5,5,5,5,5,5,5,5,5,5,5,5,5,5,5,5,5,5,5,5,5,5,5,5,5,5,5,5,5,5,5,5,5,5
167,684,676,660,663,654,659,659,663,679,677,678,673,678,665,667,652,690,677,685,671,674,663,670,664,692,696,691,685,680,679,671,677,704,702,699,688,689,696,671,678,725,711,707,701,703,683,685,673,714,708,709,707,704,691,700,698,729,727,710,700,698,701,701,706,6,4,4,4,4,4,4,4,4,4,4,5,4,4,4,4,6,6,5,4,4,5,5,5,6,5,5,4,4,4,5,5,6,4,4,5,5,4,5,5,7,6,5,4,6,5,5,4,6,7,5,5,5,5,6,7,9,9,5,6,6,4,6,10,5,5,5,5,5,5,5,5,5,5,5,5,5,5,5,5,5,5,5,5,5,5,5,5,5,5,5,5,5,5,5,5,5,5,5,5,5,5,5,5,5,5,5,5,5,5,5,5,5,5,5,5,5,5,5,5,5,5,5,5,5,5,5,5
168,676,674,677,672,667,661,660,656,694,680,683,674,670,669,659,658,695,685,683,677,676,665,663,662,695,687,685,683,679,679,678,675,710,696,693,698,685,688,681,673,708,711,705,701,692,700,675,680,724,722,702,709,705,694,695,692,715,723,717,703,707,714,696,689,5,5,4,4,3,3,3,4,5,4,3,4,4,3,4,3,5,6,5,5,4,4,5,4,6,4,4,4,4,4,4,6,6,4,4,4,5,4,4,5,4,5,5,5,6,4,5,5,7,8,6,6,5,5,5,6,7,7,7,7,6,5,6,10,5,5,5,5,5,5,5,5,5,5,5,5,5,5,5,5,5,5,5,5,5,5,5,5,5,5,5,5,5,5,5,5,5,5,5,5,5,5,5,5,5,5,5,5,5,5,5,5,5,5,5,5,5,5,5,5,5,5,5,5,5,5,5,5
169,695,680,662,663,661,660,656,652,688,678,671,678,668,661,657,663,697,690,680,677,676,661,655,668,687,695,698,686,675,676,666,679,707,701,692,692,693,687,679,686,717,707,700,693,696,688,691,678,711,704,719,699,700,695,697,690,711,720,728,706,713,706,713,700,5,4,5,4,4,4,4,5,5,4,4,4,5,3,4,4,6,7,5,5,4,4,4,4,6,5,5,4,4,4,4,5,6,5,4,5,5,6,5,5,5,6,5,5,6,5,5,4,6,7,6,6,5,5,5,7,8,6,7,8,5,6,6,11,5,5,5,5,5,5,5,5,5,5,5,5,5,5,5,5,5,5,5,5,5,5,5,5,5,5,5,5,5,5,5,5,5,5,5,5,5,5,5,5,5,5,5,5,5,5,5,5,5,5,5,5,5,5,5,5,5,5,5,5,5,5,5,5
170,679,673,670,667,660,657,652,647,687,681,681,674,679,665,664,660,691,676,680,678,677,676,665,666,689,694,685,673,685,677,673,668,716,694,701,690,689,686,680,677,710,713,709,700,700,691,689,683,720,722,703,702,703,692,694,698,713,739,710,719,709,706,692,707,5,4,4,4,4,3,3,4,4,4,4,4,5,4,4,4,5,5,5,5,3,4,4,4,6,5,5,4,4,4,5,4,7,4,5,5,5,4,4,5,5,6,6,5,5,4,4,5,6,6,5,5,5,5,7,7,7,8,5,7,5,5,6,8,5,5,5,5,5,5,5,5,5,5,5,5,5,5,5,5,5,5,5,5,5,5,5,5,5,5,5,5,5,5,5,5,5,5,5,5,5,5,5,5,5,5,5,5,5,5,5,5,5,5,5,5,5,5,5,5,5,5,5,5,5,5,5,5
171,672,679,668,666,662,668,659,652,688,680,675,668,668,664,665,665,691,693,687,679,676,667,661,666,705,693,698,683,679,676,679,676,712,710,690,686,692,682,675,674,721,716,704,704,686,690,698,684,710,717,710,716,706,706,687,688,730,714,718,708,696,700,707,703,5,4,4,5,3,4,4,5,5,4,5,4,4,4,4,4,7,6,5,5,4,4,4,5,6,5,6,4,4,4,5,5,7,5,5,5,5,5,5,5,6,6,5,6,5,5,6,6,6,8,5,6,5,5,5,7,8,9,6,8,5,5,6,14,5,5,5,5,5,5,5,5,5,5,5,5,5,5,5,5,5,5,5,5,5,5,5,5,5,5,5,5,5,5,5,5,5,5,5,5,5,5,5,5,5,5,5,5,5,5,5,5,5,5,5,5,5,5,5,5,5,5,5,5,5,5,5,5
172,680,678,667,665,663,656,654,645,689,678,678,680,666,663,652,656,686,699,679,683,686,673,670,665,692,685,693,683,678,678,677,672,704,702,696,680,685,678,681,659,710,707,708,701,698,683,693,678,705,714,716,699,703,694,695,695,729,724,720,713,713,697,707,703,5,4,4,4,4,4,4,5,5,4,4,4,4,4,4,4,8,6,4,5,4,5,4,4,6,4,5,4,4,4,4,5,7,4,4,4,4,4,4,5,5,5,5,5,5,5,4,5,5,7,5,6,5,5,6,7,8,8,5,7,6,6,6,9,5,5,5,5,5,5,5,5,5,5,5,5,5,5,5,5,5,5,5,5,5,5,5,5,5,5,5,5,5,5,5,5,5,5,5,5,5,5,5,5,5,5,5,5,5,5,5,5,5,5,5,5,5,5,5,5,5,5,5,5,5,5,5,5
173,686,680,669,664,661,653,652,641,690,686,677,665,669,672,654,662,687,700,678,676,670,671,670,668,698,687,688,685,686,685,685,669,704,695,697,691,684,679,677,671,709,703,706,703,699,688,688,673,726,718,711,704,699,694,708,706,731,731,728,716,713,706,690,682,5,4,4,5,4,4,4,4,5,5,4,4,5,3,5,4,7,5,4,5,4,5,5,4,6,5,5,4,4,5,4,5,8,4,4,6,5,5,5,5,6,6,5,5,5,5,5,5,7,8,6,6,5,5,6,6,8,8,7,6,6,5,6,9,5,5,5,5,5,5,5,5,5,5,5,5,5,5,5,5,5,5,5,5,5,5,5,5,5,5,5,5,5,5,5,5,5,5,5,5,5,5,5,5,5,5,5,5,5,5,5,5,5,5,5,5,5,5,5,5,5,5,5,5,5,5,5,5
174,678,677,674,672,660,657,657,652,697,676,677,661,665,659,668,658,674,685,687,672,668,664,669,658,714,694,688,679,694,674,679,666,713,694,691,697,676,686,678,681,715,698,709,696,693,685,690,683,721,717,712,698,703,687,695,693,726,738,717,706,720,700,698,693,5,5,4,4,4,3,4,5,6,4,3,3,4,3,4,4,6,5,5,4,4,4,4,4,6,4,5,4,5,4,5,5,6,5,5,4,4,4,3,5,5,5,6,5,6,5,4,6,5,6,5,5,5,5,4,6,9,9,6,8,6,5,4,7,5,5,5,5,5,5,5,5,5,5,5,5,5,5,5,5,5,5,5,5,5,5,5,5,5,5,5,5,5,5,5,5,5,5,5,5,5,5,5,5,5,5,5,5,5,5,5,5,5,5,5,5,5,5,5,5,5,5,5,5,5,5,5,5
175,682,671,669,660,666,658,658,653,686,674,680,670,668,665,662,647,687,682,681,675,678,669,665,657,705,687,691,690,683,676,679,669,713,704,697,689,685,681,688,678,711,692,693,707,689,686,681,682,724,702,711,703,707,701,697,695,713,713,716,719,701,706,706,692,6,5,5,4,4,4,4,5,5,4,4,5,4,4,5,4,6,5,5,5,4,4,3,4,6,5,6,4,4,4,4,6,6,5,4,5,5,5,4,5,5,5,6,5,6,5,4,5,6,6,5,7,6,5,4,6,8,9,6,8,6,5,7,8,5,5,5,5,5,5,5,5,5,5,5,5,5,5,5,5,5,5,5,5,5,5,5,5,5,5,5,5,5,5,5,5,5,5,5,5,5,5,5,5,5,5,5,5,5,5,5,5,5,5,5,5,5,5,5,5,5,5,5,5,5,5,5,5
176,684,667,668,663,666,665,654,641,693,681,673,672,667,668,659,654,711,689,690,692,673,672,663,659,692,689,693,692,684,677,665,662,709,694,695,691,683,685,680,678,707,704,706,700,687,687,684,686,718,711,724,708,695,703,693,710,725,708,717,717,706,701,692,699,6,5,4,4,3,4,4,4,6,4,5,4,4,4,4,4,6,5,5,4,4,4,4,4,6,5,5,4,4,5,4,4,6,4,5,5,4,5,4,5,4,5,6,5,6,4,4,6,6,5,6,6,5,5,6,7,9,9,5,8,5,6,4,13,5,5,5,5,5,5,5,5,5,5,5,5,5,5,5,5,5,5,5,5,5,5,5,5,5,5,5,5,5,5,5,5,5,5,5,5,5,5,5,5,5,5,5,5,5,5,5,5,5,5,5,5,5,5,5,5,5,5,5,5,5,5,5,5
177,681,677,667,660,666,661,657,657,699,675,672,680,668,666,664,653,688,698,682,677,668,667,668,656,708,699,692,684,689,681,678,666,711,700,696,693,692,688,683,678,715,712,693,698,695,686,682,687,706,706,714,702,693,690,695,682,721,718,707,707,703,704,707,677,5,4,4,4,3,4,4,5,6,4,4,4,4,3,4,4,8,6,4,5,4,4,4,4,5,5,6,4,5,5,5,4,6,5,5,4,5,5,4,5,5,5,6,5,5,4,6,5,6,7,5,6,5,6,4,7,8,7,5,6,5,6,6,10,5,5,5,5,5,5,5,5,5,5,5,5,5,5,5,5,5,5,5,5,5,5,5,5,5,5,5,5,5,5,5,5,5,5,5,5,5,5,5,5,5,5,5,5,5,5,5,5,5,5,5,5,5,5,5,5,5,5,5,5,5,5,5,5
178,683,682,675,668,652,663,662,653,693,677,673,676,670,660,664,653,695,684,679,680,675,673,669,664,702,687,700,690,679,671,676,669,706,700,700,700,680,681,685,675,715,710,698,700,705,686,683,690,711,709,714,711,694,690,694,694,728,709,715,712,721,711,702,691,5,5,4,4,3,4,4,4,5,4,4,3,4,3,4,4,8,5,5,4,4,5,4,4,6,4,4,4,4,4,5,5,5,5,3,4,4,4,4,5,6,5,5,4,5,4,5,5,6,7,7,6,4,5,4,7,7,8,5,5,5,5,6,9,5,5,5,5,5,5,5,5,5,5,5,5,5,5,5,5,5,5,5,5,5,5,5,5,5,5,5,5,5,5,5,5,5,5,5,5,5,5,5,5,5,5,5,5,5,5,5,5,5,5,5,5,5,5,5,5,5,5,5,5,5,5,5,5
179,686,678,672,663,659,657,664,644,683,676,672,670,676,673,673,643,699,693,689,683,669,674,673,670,699,684,685,685,680,673,672,661,712,702,698,685,689,680,687,684,726,704,711,700,693,691,680,695,724,728,706,709,707,692,707,689,729,726,720,707,694,699,705,698,6,5,4,5,4,4,5,4,5,4,4,4,4,4,4,4,5,6,6,5,3,5,4,5,6,5,5,4,4,4,4,5,6,4,5,5,5,5,5,6,6,6,5,5,7,4,5,5,8,9,7,6,6,5,6,6,7,9,7,7,5,6,6,10,5,5,5,5,5,5,5,5,5,5,5,5,5,5,5,5,5,5,5,5,5,5,5,5,5,5,5,5,5,5,5,5,5,5,5,5,5,5,5,5,5,5,5,5,5,5,5,5,5,5,5,5,5,5,5,5,5,5,5,5,5,5,5,5
180,680,670,665,659,662,665,652,645,689,682,680,671,673,666,664,657,695,688,674,681,679,668,657,663,697,689,696,685,689,671,677,678,709,697,699,694,692,681,682,676,707,711,698,694,706,695,683,680,720,725,717,694,706,704,687,692,724,737,719,711,707,701,697,703,5,5,4,4,3,4,4,4,5,5,4,4,5,4,4,4,4,6,5,4,4,4,4,5,6,4,5,4,4,4,5,5,6,4,5,4,4,4,4,5,5,5,5,4,5,4,5,5,5,7,5,6,5,5,6,6,9,10,6,6,5,6,5,12,5,5,5,5,5,5,5,5,5,5,5,5,5,5,5,5,5,5,5,5,5,5,5,5,5,5,5,5,5,5,5,5,5,5,5,5,5,5,5,5,5,5,5,5,5,5,5,5,5,5,5,5,5,5,5,5,5,5,5,5,5,5,5,5
181,684,670,676,665,671,657,646,648,683,682,679,675,658,662,664,658,691,686,683,678,667,667,675,660,701,694,689,684,681,677,669,671,701,699,695,697,696,677,682,683,711,704,709,696,699,692,687,685,715,710,711,704,709,692,699,695,733,719,719,701,714,709,716,706,7,5,5,5,4,4,5,5,5,5,4,4,4,4,4,4,6,5,5,5,3,5,4,4,6,4,5,4,5,4,5,5,6,4,5,4,5,4,5,6,5,5,5,5,6,5,6,6,6,7,5,6,5,5,6,7,9,10,5,8,5,5,7,10,5,5,5,5,5,5,5,5,5,5,5,5,5,5,5,5,5,5,5,5,5,5,5,5,5,5,5,5,5,5,5,5,5,5,5,5,5,5,5,5,5,5,5,5,5,5,5,5,5,5,5,5,5,5,5,5,5,5,5,5,5,5,5,5
182,673,680,670,666,657,657,654,666,693,681,679,671,669,661,654,654,686,690,689,682,668,666,668,669,706,687,688,681,682,678,670,675,712,712,688,693,698,676,683,681,710,713,700,708,693,686,686,686,725,701,713,703,699,694,689,690,719,726,709,714,710,694,699,685,6,4,4,4,4,4,4,4,6,4,4,4,4,4,4,3,7,5,4,5,3,4,4,4,5,4,5,4,4,4,5,5,5,5,5,5,6,4,4,5,5,5,4,6,5,5,5,5,7,6,6,5,4,5,5,7,8,8,5,6,6,5,5,9,5,5,5,5,5,5,5,5,5,5,5,5,5,5,5,5,5,5,5,5,5,5,5,5,5,5,5,5,5,5,5,5,5,5,5,5,5,5,5,5,5,5,5,5,5,5,5,5,5,5,5,5,5,5,5,5,5,5,5,5,5,5,5,5
183,675,686,662,669,671,654,652,658,698,681,676,668,669,664,659,659,691,693,687,679,679,662,670,663,696,692,694,688,682,675,673,670,726,708,697,705,689,680,680,670,718,710,706,703,707,692,688,691,711,714,711,706,694,695,694,688,721,710,714,714,704,701,701,712,6,4,4,4,4,4,4,4,5,5,4,4,4,4,4,4,6,7,4,4,4,4,4,5,6,5,5,4,4,4,5,5,7,5,4,4,5,5,4,4,5,6,5,5,5,5,5,5,6,7,7,6,5,5,5,7,7,9,6,7,6,7,5,9,5,5,5,5,5,5,5,5,5,5,5,5,5,5,5,5,5,5,5,5,5,5,5,5,5,5,5,5,5,5,5,5,5,5,5,5,5,5,5,5,5,5,5,5,5,5,5,5,5,5,5,5,5,5,5,5,5,5,5,5,5,5,5,5
184,675,666,675,661,668,650,653,655,685,687,673,667,672,662,659,657,691,689,682,689,681,679,659,668,696,697,696,690,684,677,675,667,699,712,697,687,690,689,682,680,725,709,698,703,697,696,678,680,717,712,705,709,701,695,692,689,715,708,719,706,699,700,700,683,5,4,4,4,3,4,3,4,5,5,3,4,4,5,4,4,6,6,5,5,4,5,4,4,6,5,5,4,4,4,5,4,6,5,4,5,5,5,4,5,6,5,4,5,5,4,4,5,5,6,5,6,5,6,5,6,7,9,5,7,5,6,6,8,5,5,5,5,5,5,5,5,5,5,5,5,5,5,5,5,5,5,5,5,5,5,5,5,5,5,5,5,5,5,5,5,5,5,5,5,5,5,5,5,5,5,5,5,5,5,5,5,5,5,5,5,5,5,5,5,5,5,5,5,5,5,5,5
185,667,668,671,668,656,655,652,652,699,676,681,676,658,659,657,660,690,689,677,686,671,668,670,670,711,691,676,686,681,673,681,661,695,694,684,692,684,692,682,681,713,703,709,694,702,700,690,675,726,706,720,705,702,698,696,696,719,727,715,701,710,697,708,700,5,5,4,5,4,3,4,5,6,5,4,4,4,4,4,4,6,5,5,5,3,5,4,4,5,4,5,4,4,4,4,6,7,5,4,5,5,5,4,5,5,6,5,6,5,5,5,5,6,6,5,7,6,5,6,7,8,9,5,7,7,6,6,10,5,5,5,5,5,5,5,5,5,5,5,5,5,5,5,5,5,5,5,5,5,5,5,5,5,5,5,5,5,5,5,5,5,5,5,5,5,5,5,5,5,5,5,5,5,5,5,5,5,5,5,5,5,5,5,5,5,5,5,5,5,5,5,5
186,675,670,669,664,655,661,657,658,686,678,674,671,666,664,663,661,700,685,680,676,678,678,672,666,706,695,689,681,681,688,672,668,706,701,690,693,691,683,679,672,712,705,701,697,688,691,693,678,723,709,703,704,707,693,682,684,714,710,706,711,702,704,713,697,5,4,4,4,4,4,4,3,5,4,4,5,4,4,3,4,5,5,5,5,4,5,4,4,7,4,5,4,4,4,5,5,5,4,4,5,5,4,5,4,5,5,5,5,5,4,5,5,5,6,6,5,5,5,6,6,7,9,5,7,6,6,5,9,5,5,5,5,5,5,5,5,5,5,5,5,5,5,5,5,5,5,5,5,5,5,5,5,5,5,5,5,5,5,5,5,5,5,5,5,5,5,5,5,5,5,5,5,5,5,5,5,5,5,5,5,5,5,5,5,5,5,5,5,5,5,5,5
187,680,672,671,665,661,661,656,652,680,684,673,673,671,657,661,654,703,689,677,679,673,674,671,663,697,697,689,681,681,671,665,678,706,696,705,686,694,680,677,676,719,701,694,704,687,691,686,686,724,720,713,704,698,703,677,686,723,731,716,713,706,704,700,686,5,5,4,4,4,4,4,4,5,4,4,5,4,4,3,4,7,6,5,5,4,4,5,4,6,5,5,4,4,4,4,6,6,5,4,5,5,4,4,5,6,5,4,5,6,5,5,6,5,7,5,6,5,5,6,6,7,8,6,8,5,6,6,10,5,5,5,5,5,5,5,5,5,5,5,5,5,5,5,5,5,5,5,5,5,5,5,5,5,5,5,5,5,5,5,5,5,5,5,5,5,5,5,5,5,5,5,5,5,5,5,5,5,5,5,5,5,5,5,5,5,5,5,5,5,5,5,5
188,684,675,682,660,659,653,650,658,692,674,675,678,672,660,659,658,684,696,677,677,673,666,675,663,690,685,694,677,678,678,673,667,705,699,695,684,691,679,680,675,710,709,709,701,686,691,681,676,709,730,714,702,703,689,677,695,716,739,727,713,708,696,699,685,5,4,5,4,4,4,3,5,5,5,4,4,4,3,4,4,6,6,5,5,4,4,4,4,5,4,5,4,4,4,4,5,6,4,4,4,5,4,5,5,5,5,5,5,5,4,5,5,6,7,5,5,5,5,5,6,6,8,7,6,7,5,5,8,5,5,5,5,5,5,5,5,5,5,5,5,5,5,5,5,5,5,5,5,5,5,5,5,5,5,5,5,5,5,5,5,5,5,5,5,5,5,5,5,5,5,5,5,5,5,5,5,5,5,5,5,5,5,5,5,5,5,5,5,5,5,5,5
189,688,677,665,673,659,663,660,660,685,680,681,676,677,667,657,659,696,686,685,684,680,675,670,654,699,698,697,686,685,673,672,671,704,703,691,692,687,689,679,677,719,705,700,702,703,693,683,679,711,713,705,699,701,700,697,695,736,719,702,712,705,705,703,686,5,5,5,5,3,4,4,4,4,4,4,4,4,4,4,4,5,6,6,5,4,5,5,4,6,5,5,5,4,4,5,5,6,5,5,5,5,5,5,6,6,5,5,6,5,5,5,6,7,10,6,6,5,5,6,7,9,10,6,7,6,5,6,14,5,5,5,5,5,5,5,5,5,5,5,5,5,5,5,5,5,5,5,5,5,5,5,5,5,5,5,5,5,5,5,5,5,5,5,5,5,5,5,5,5,5,5,5,5,5,5,5,5,5,5,5,5,5,5,5,5,5,5,5,5,5,5,5
190,679,673,673,668,661,657,653,651,685,676,674,669,663,662,662,660,679,688,683,678,665,671,672,666,703,690,696,685,682,677,681,670,701,690,704,692,687,682,675,685,714,707,699,704,685,691,682,680,721,714,711,704,703,682,694,686,730,717,721,709,704,703,701,705,5,4,4,4,3,4,4,4,4,4,4,4,4,3,4,4,6,5,4,5,4,4,4,4,4,4,6,4,4,4,5,5,8,4,4,5,5,4,5,5,5,6,4,4,6,4,4,5,5,6,5,5,6,5,5,7,7,7,5,7,6,5,6,7,5,5,5,5,5,5,5,5,5,5,5,5,5,5,5,5,5,5,5,5,5,5,5,5,5,5,5,5,5,5,5,5,5,5,5,5,5,5,5,5,5,5,5,5,5,5,5,5,5,5,5,5,5,5,5,5,5,5,5,5,5,5,5,5
191,672,684,665,667,655,659,662,650,690,683,683,671,671,671,655,652,686,692,680,678,678,669,672,669,709,693,694,688,687,667,668,666,707,698,696,688,682,689,679,676,717,711,705,701,692,691,683,685,721,703,711,700,700,704,692,695,723,709,717,704,696,707,692,677,6,5,4,5,4,4,4,5,6,5,4,4,4,4,5,5,6,7,5,5,4,4,4,4,5,5,4,4,4,5,4,4,8,4,5,5,4,5,4,5,6,6,5,5,6,4,6,5,6,7,6,6,5,6,5,7,8,10,6,6,6,6,5,9,5,5,5,5,5,5,5,5,5,5,5,5,5,5,5,5,5,5,5,5,5,5,5,5,5,5,5,5,5,5,5,5,5,5,5,5,5,5,5,5,5,5,5,5,5,5,5,5,5,5,5,5,5,5,5,5,5,5,5,5,5,5,5,5
192,680,665,679,664,662,658,653,652,687,682,676,678,669,661,662,662,698,683,676,680,672,664,670,670,706,691,694,675,691,672,671,670,708,696,698,692,677,684,669,681,715,709,697,698,703,694,687,682,720,717,693,699,699,693,695,679,731,723,729,701,709,700,704,707,6,4,4,4,3,4,4,5,5,4,4,5,4,4,4,4,5,5,5,5,4,4,3,5,5,4,5,3,5,4,5,5,6,4,4,5,4,4,4,5,6,5,5,5,5,4,5,5,5,7,6,5,4,6,5,8,11,8,6,6,5,5,6,7,5,5,5,5,5,5,5,5,5,5,5,5,5,5,5,5,5,5,5,5,5,5,5,5,5,5,5,5,5,5,5,5,5,5,5,5,5,5,5,5,5,5,5,5,5,5,5,5,5,5,5,5,5,5,5,5,5,5,5,5,5,5,5,5
193,688,676,669,667,670,656,661,656,678,680,671,671,672,663,661,660,695,691,688,681,672,666,660,663,700,692,690,687,690,672,677,667,703,701,698,691,687,684,683,675,716,700,705,700,678,694,688,679,728,716,724,722,702,700,690,673,739,720,720,718,711,702,692,703,7,5,4,5,4,5,4,4,5,5,5,4,5,4,3,4,6,6,5,5,4,4,4,4,7,5,5,4,4,4,4,5,6,5,5,6,5,5,4,5,5,5,5,5,5,4,5,6,6,7,6,7,6,5,6,7,7,10,6,8,6,6,5,9,5,5,5,5,5,5,5,5,5,5,5,5,5,5,5,5,5,5,5,5,5,5,5,5,5,5,5,5,5,5,5,5,5,5,5,5,5,5,5,5,5,5,5,5,5,5,5,5,5,5,5,5,5,5,5,5,5,5,5,5,5,5,5,5
194,689,674,675,671,660,666,651,647,683,674,678,674,663,661,666,658,693,692,684,680,676,678,665,669,698,695,703,681,682,677,679,671,715,708,695,690,691,680,680,673,712,708,698,696,697,691,689,688,723,707,709,698,698,689,699,687,726,721,714,709,699,694,700,699,5,5,4,4,4,3,4,4,5,4,4,4,4,3,3,4,5,6,4,5,4,4,4,5,5,4,4,4,4,4,5,4,7,4,4,5,5,4,5,5,5,4,4,5,5,4,5,5,7,6,5,6,5,5,5,5,8,8,6,6,6,5,6,11,5,5,5,5,5,5,5,5,5,5,5,5,5,5,5,5,5,5,5,5,5,5,5,5,5,5,5,5,5,5,5,5,5,5,5,5,5,5,5,5,5,5,5,5,5,5,5,5,5,5,5,5,5,5,5,5,5,5,5,5,5,5,5,5
195,672,675,665,664,660,659,654,651,687,678,668,670,663,660,656,670,685,692,680,682,675,670,672,663,692,697,684,693,680,680,674,670,708,701,695,691,685,686,672,678,707,718,701,703,701,694,693,677,735,723,719,711,688,704,689,684,725,702,701,713,715,711,699,696,5,5,4,4,4,4,3,5,5,5,4,4,4,4,4,4,7,6,5,5,4,4,4,4,6,4,6,5,4,4,5,5,8,5,5,5,5,5,5,6,5,5,5,4,5,4,4,6,6,5,5,6,5,5,6,6,8,9,5,9,6,6,6,8,5,5,5,5,5,5,5,5,5,5,5,5,5,5,5,5,5,5,5,5,5,5,5,5,5,5,5,5,5,5,5,5,5,5,5,5,5,5,5,5,5,5,5,5,5,5,5,5,5,5,5,5,5,5,5,5,5,5,5,5,5,5,5,5
196,685,675,668,671,665,652,664,652,689,681,674,674,661,670,657,656,700,689,689,686,680,672,663,664,702,689,686,687,679,679,679,664,703,708,697,682,690,685,676,676,703,710,700,700,691,698,691,682,704,708,712,708,704,706,698,686,723,709,716,711,704,697,705,688,6,5,4,5,4,4,4,5,4,5,4,3,4,4,4,3,5,5,4,4,4,4,4,4,6,4,5,4,4,4,5,4,5,5,4,5,4,4,4,5,5,6,5,5,5,4,5,5,6,6,4,4,4,5,5,6,8,8,6,6,6,6,5,8,5,5,5,5,5,5,5,5,5,5,5,5,5,5,5,5,5,5,5,5,5,5,5,5,5,5,5,5,5,5,5,5,5,5,5,5,5,5,5,5,5,5,5,5,5,5,5,5,5,5,5,5,5,5,5,5,5,5,5,5,5,5,5,5
197,682,676,677,664,657,657,658,650,682,687,673,675,671,654,660,657,700,687,687,689,687,679,670,663,703,690,689,679,687,677,675,666,697,707,697,692,683,687,684,679,712,708,699,689,701,691,685,683,718,716,719,701,702,689,688,701,720,726,727,697,719,718,699,707,6,4,5,5,4,4,4,6,6,4,4,4,5,4,5,4,6,6,5,4,3,5,4,4,6,4,5,4,4,4,5,5,7,5,6,5,5,5,4,5,5,6,5,5,5,5,5,5,5,6,5,6,6,5,6,6,8,9,5,6,7,5,5,9,5,5,5,5,5,5,5,5,5,5,5,5,5,5,5,5,5,5,5,5,5,5,5,5,5,5,5,5,5,5,5,5,5,5,5,5,5,5,5,5,5,5,5,5,5,5,5,5,5,5,5,5,5,5,5,5,5,5,5,5,5,5,5,5
198,678,663,666,665,661,660,659,649,683,683,679,672,670,663,658,659,687,695,688,679,674,669,668,666,703,700,691,680,681,679,676,679,705,698,688,695,688,693,671,684,708,703,702,699,691,689,694,684,710,716,718,705,698,705,708,700,736,730,725,713,697,700,696,693,5,4,4,4,3,4,4,4,5,4,4,4,4,4,4,4,6,7,4,5,3,4,4,4,6,4,5,4,4,4,5,5,6,4,4,5,5,4,4,5,5,5,5,4,6,4,5,4,6,6,5,5,5,6,5,6,8,8,6,6,5,5,5,9,5,5,5,5,5,5,5,5,5,5,5,5,5,5,5,5,5,5,5,5,5,5,5,5,5,5,5,5,5,5,5,5,5,5,5,5,5,5,5,5,5,5,5,5,5,5,5,5,5,5,5,5,5,5,5,5,5,5,5,5,5,5,5,5
199,676,674,677,663,657,658,654,656,684,674,672,665,673,661,664,646,701,692,688,669,681,666,660,664,700,697,686,691,682,688,670,662,708,707,697,692,684,692,674,675,711,702,704,692,715,689,689,687,723,710,728,702,701,697,703,693,728,718,723,726,695,698,697,707,5,4,4,4,4,4,4,6,5,5,4,4,5,4,4,4,7,7,5,5,4,4,4,4,5,4,5,4,4,5,5,4,6,5,5,5,4,4,5,5,5,5,5,6,6,4,6,5,5,7,6,7,5,5,5,6,8,12,6,8,6,7,6,9,5,5,5,5,5,5,5,5,5,5,5,5,5,5,5,5,5,5,5,5,5,5,5,5,5,5,5,5,5,5,5,5,5,5,5,5,5,5,5,5,5,5,5,5,5,5,5,5,5,5,5,5,5,5,5,5,5,5,5,5,5,5,5,5
