frame,dist_z0,dist_z1,dist_z2,dist_z3,dist_z4,dist_z5,dist_z6,dist_z7,dist_z8,dist_z9,dist_z10,dist_z11,dist_z12,dist_z13,dist_z14,dist_z15,dist_z16,dist_z17,dist_z18,dist_z19,dist_z20,dist_z21,dist_z22,dist_z23,dist_z24,dist_z25,dist_z26,dist_z27,dist_z28,dist_z29,dist_z30,dist_z31,dist_z32,dist_z33,dist_z34,dist_z35,dist_z36,dist_z37,dist_z38,dist_z39,dist_z40,dist_z41,dist_z42,dist_z43,dist_z44,dist_z45,dist_z46,dist_z47,dist_z48,dist_z49,dist_z50,dist_z51,dist_z52,dist_z53,dist_z54,dist_z55,dist_z56,dist_z57,dist_z58,dist_z59,dist_z60,dist_z61,dist_z62,dist_z63,sigma_z0,sigma_z1,sigma_z2,sigma_z3,sigma_z4,sigma_z5,sigma_z6,sigma_z7,sigma_z8,sigma_z9,sigma_z10,sigma_z11,sigma_z12,sigma_z13,sigma_z14,sigma_z15,sigma_z16,sigma_z17,sigma_z18,sigma_z19,sigma_z20,sigma_z21,sigma_z22,sigma_z23,sigma_z24,sigma_z25,sigma_z26,sigma_z27,sigma_z28,sigma_z29,sigma_z30,sigma_z31,sigma_z32,sigma_z33,sigma_z34,sigma_z35,sigma_z36,sigma_z37,sigma_z38,sigma_z39,sigma_z40,sigma_z41,sigma_z42,sigma_z43,sigma_z44,sigma_z45,sigma_z46,sigma_z47,sigma_z48,sigma_z49,sigma_z50,sigma_z51,sigma_z52,sigma_z53,sigma_z54,sigma_z55,sigma_z56,sigma_z57,sigma_z58,sigma_z59,sigma_z60,sigma_z61,sigma_z62,sigma_z63,status_z0,status_z1,status_z2,status_z3,status_z4,status_z5,status_z6,status_z7,status_z8,status_z9,status_z10,status_z11,status_z12,status_z13,status_z14,status_z15,status_z16,status_z17,status_z18,status_z19,status_z20,status_z21,status_z22,status_z23,status_z24,status_z25,status_z26,status_z27,status_z28,status_z29,status_z30,status_z31,status_z32,status_z33,status_z34,status_z35,status_z36,status_z37,status_z38,status_z39,status_z40,status_z41,status_z42,status_z43,status_z44,status_z45,status_z46,status_z47,status_z48,status_z49,status_z50,status_z51,status_z52,status_z53,status_z54,status_z55,status_z56,status_z57,status_z58,status_z59,status_z60,status_z61,status_z62,status_z63
0,869,878,870,868,861,857,859,847,893,876,873,870,872,872,862,858,885,887,880,880,879,864,867,863,882,903,891,894,872,869,875,873,902,890,892,891,895,868,884,882,915,888,897,897,890,880,884,876,915,909,913,908,888,891,890,885,922,916,905,917,900,891,903,911,7,5,4,6,5,5,5,5,6,5,5,4,6,4,5,5,7,6,5,6,4,5,5,4,6,6,6,4,5,5,5,8,9,5,6,5,7,5,5,5,6,6,6,6,6,5,6,6,7,9,8,7,5,7,7,9,9,11,6,9,7,6,7,11,5,5,5,5,5,5,5,5,5,5,5,5,5,5,5,5,5,5,5,5,5,5,5,5,5,5,5,5,5,5,5,5,5,5,5,5,5,5,5,5,5,5,5,5,5,5,5,5,5,5,5,5,5,5,5,5,5,5,5,5,5,5,5,5
1,880,893,876,869,860,854,863,848,893,885,866,879,878,869,858,858,893,893,887,877,872,870,881,858,887,891,896,896,885,891,866,855,900,904,902,896,894,872,887,874,899,899,896,900,885,896,884,884,916,921,902,904,895,894,896,868,926,910,908,909,909,899,897,877,6,6,5,5,4,6,5,5,7,6,5,6,5,5,5,6,9,8,6,6,5,5,5,6,7,7,6,5,6,5,5,6,10,6,6,6,6,6,6,6,7,6,6,7,7,6,7,6,7,11,7,7,6,8,7,11,8,10,7,10,7,7,6,16,5,5,5,5,5,5,5,5,5,5,5,5,5,5,5,5,5,5,5,5,5,5,5,5,5,5,5,5,5,5,5,5,5,5,5,5,5,5,5,5,5,5,5,5,5,5,5,5,5,5,5,5,5,5,5,5,5,5,5,5,5,5,5,5
2,876,879,874,868,858,856,853,852,879,882,874,880,868,874,862,851,871,895,881,873,875,870,865,866,903,892,896,886,883,878,880,867,893,903,899,892,893,881,874,879,903,895,893,885,902,895,885,886,916,907,907,899,900,886,890,881,926,902,902,911,901,896,904,887,6,7,5,5,4,5,4,6,8,6,4,5,7,4,6,5,7,7,5,7,5,6,5,5,7,5,6,5,6,5,5,7,8,6,5,5,5,5,6,6,6,6,7,6,7,7,6,6,9,9,7,7,7,7,7,8,9,14,6,8,6,7,8,19,5,5,5,5,5,5,5,5,5,5,5,5,5,5,5,5,5,5,5,5,5,5,5,5,5,5,5,5,5,5,5,5,5,5,5,5,5,5,5,5,5,5,5,5,5,5,5,5,5,5,5,5,5,5,5,5,5,5,5,5,5,5,5,5
3,878,887,879,867,862,855,867,850,887,878,872,885,869,865,868,849,889,879,885,870,882,875,876,862,886,894,898,871,875,873,876,877,913,904,895,890,881,883,866,874,898,901,904,888,878,892,898,873,907,925,909,901,891,896,897,898,921,922,922,885,904,908,906,874,7,5,7,7,6,6,5,7,7,5,5,5,6,4,6,5,8,9,6,6,5,5,7,5,5,5,6,5,5,6,7,8,8,7,5,5,7,5,7,6,6,6,5,7,8,6,8,7,6,10,7,6,7,6,8,11,8,16,7,7,6,5,8,13,5,5,5,5,5,5,5,5,5,5,5,5,5,5,5,5,5,5,5,5,5,5,5,5,5,5,5,5,5,5,5,5,5,5,5,5,5,5,5,5,5,5,5,5,5,5,5,5,5,5,5,5,5,5,5,5,5,5,5,5,5,5,5,5
4,883,886,869,866,866,864,864,846,889,883,874,873,867,867,863,851,895,901,875,876,880,871,862,868,884,885,879,880,887,876,871,870,918,902,895,890,884,886,882,882,911,898,903,889,894,893,884,869,910,918,909,893,892,887,889,897,925,907,916,921,903,896,895,890,7,6,5,7,5,7,5,6,7,5,4,5,5,4,5,5,9,8,5,7,4,5,5,4,8,6,7,5,6,4,5,7,9,6,5,5,6,5,6,6,5,6,6,6,7,6,8,6,8,9,9,8,6,6,6,9,8,13,8,9,6,7,8,15,5,5,5,5,5,5,5,5,5,5,5,5,5,5,5,5,5,5,5,5,5,5,5,5,5,5,5,5,5,5,5,5,5,5,5,5,5,5,5,5,5,5,5,5,5,5,5,5,5,5,5,5,5,5,5,5,5,5,5,5,5,5,5,5
5,871,880,868,866,872,865,840,855,895,887,868,876,875,860,873,856,882,875,895,869,874,859,866,859,890,900,901,886,878,875,867,862,909,885,895,894,882,893,874,884,902,901,907,902,894,890,882,876,895,934,911,902,884,891,889,879,915,920,915,908,907,887,894,901,6,6,6,6,6,5,4,7,7,6,5,6,4,5,6,5,9,8,8,7,4,5,5,5,8,7,6,5,7,6,6,8,9,5,5,5,7,7,5,6,7,7,6,7,8,7,8,7,8,15,8,9,7,6,7,10,11,14,6,11,8,6,8,14,5,5,5,5,5,5,5,5,5,5,5,5,5,5,5,5,5,5,5,5,5,5,5,5,5,5,5,5,5,5,5,5,5,5,5,5,5,5,5,5,5,5,5,5,5,5,5,5,5,5,5,5,5,5,5,5,5,5,5,5,5,5,5,5
6,885,880,867,860,863,857,865,850,874,884,879,871,873,863,857,862,884,888,874,882,870,874,864,858,895,890,887,892,888,873,870,867,902,901,882,891,889,875,876,886,922,891,894,899,896,887,894,881,919,904,910,899,889,889,886,871,933,927,910,898,904,898,899,902,6,7,6,6,5,6,5,5,7,5,5,5,5,5,5,4,8,8,5,7,5,5,5,6,7,5,6,5,6,5,5,7,10,7,5,6,5,6,5,6,8,7,6,7,6,5,6,6,8,9,7,6,6,6,6,11,9,13,7,8,7,8,8,12,5,5,5,5,5,5,5,5,5,5,5,5,5,5,5,5,5,5,5,5,5,5,5,5,5,5,5,5,5,5,5,5,5,5,5,5,5,5,5,5,5,5,5,5,5,5,5,5,5,5,5,5,5,5,5,5,5,5,5,5,5,5,5,5
7,881,878,880,874,858,860,863,856,891,875,874,878,872,860,864,860,901,886,883,868,876,875,863,857,889,888,879,890,879,878,878,872,894,895,896,893,884,893,885,870,914,907,907,912,895,878,890,879,911,922,896,889,893,887,888,896,935,920,918,902,927,898,896,876,8,7,5,7,5,7,5,8,6,5,5,5,6,5,7,4,10,7,7,6,5,6,5,6,6,6,6,5,6,5,6,8,10,6,4,6,6,5,6,7,6,7,6,5,6,5,8,7,9,9,7,8,7,8,6,7,10,13,6,10,8,7,7,18,5,5,5,5,5,5,5,5,5,5,5,5,5,5,5,5,5,5,5,5,5,5,5,5,5,5,5,5,5,5,5,5,5,5,5,5,5,5,5,5,5,5,5,5,5,5,5,5,5,5,5,5,5,5,5,5,5,5,5,5,5,5,5,5
8,885,883,867,868,866,852,862,846,889,884,872,880,857,870,875,859,890,889,887,881,877,869,858,864,893,894,895,889,885,875,863,868,911,899,899,895,886,881,872,864,920,904,903,890,897,888,881,880,931,892,909,897,895,889,883,905,908,913,919,905,918,887,904,877,7,5,4,6,5,6,5,6,5,5,4,5,6,4,5,4,9,9,5,8,4,5,4,4,7,6,6,5,7,4,6,6,8,6,5,5,6,5,5,6,7,6,7,7,7,6,6,7,7,8,8,7,6,4,7,11,9,12,5,7,8,7,7,14,5,5,5,5,5,5,5,5,5,5,5,5,5,5,5,5,5,5,5,5,5,5,5,5,5,5,5,5,5,5,5,5,5,5,5,5,5,5,5,5,5,5,5,5,5,5,5,5,5,5,5,5,5,5,5,5,5,5,5,5,5,5,5,5
9,883,880,866,862,859,862,853,852,882,885,887,875,876,862,868,863,878,901,878,889,878,864,866,856,912,896,885,889,886,881,865,864,890,899,895,886,886,878,882,883,899,910,901,887,888,882,873,885,910,901,903,912,900,905,894,889,919,912,901,905,917,896,901,877,7,6,6,7,5,5,5,6,9,6,5,5,6,5,6,7,9,9,7,6,6,7,5,6,9,6,7,7,6,5,5,7,7,6,6,5,6,5,7,6,8,7,5,7,5,6,8,7,8,9,6,8,6,7,7,8,11,17,8,8,8,6,7,9,5,5,5,5,5,5,5,5,5,5,5,5,5,5,5,5,5,5,5,5,5,5,5,5,5,5,5,5,5,5,5,5,5,5,5,5,5,5,5,5,5,5,5,5,5,5,5,5,5,5,5,5,5,5,5,5,5,5,5,5,5,5,5,5
10,876,882,873,860,867,856,862,852,878,885,876,869,871,860,868,854,896,891,891,891,871,864,868,864,908,892,889,877,882,880,875,885,900,904,892,897,894,885,872,875,921,905,910,883,891,887,882,870,903,892,920,903,912,886,887,886,929,906,906,887,901,903,900,917,6,7,5,6,5,5,5,6,7,6,4,4,5,4,5,6,9,6,6,5,5,6,5,7,10,6,6,5,5,5,5,7,9,6,5,5,5,5,4,6,7,7,5,6,6,5,6,6,7,7,7,7,8,5,7,14,9,11,6,7,6,6,7,15,5,5,5,5,5,5,5,5,5,5,5,5,5,5,5,5,5,5,5,5,5,5,5,5,5,5,5,5,5,5,5,5,5,5,5,5,5,5,5,5,5,5,5,5,5,5,5,5,5,5,5,5,5,5,5,5,5,5,5,5,5,5,5,5
11,889,888,877,867,874,861,859,849,888,897,877,886,867,869,860,857,895,883,883,883,871,860,868,852,893,906,888,888,883,876,870,884,894,888,893,888,889,890,876,871,898,912,900,902,903,889,895,886,915,922,911,917,905,884,891,887,930,918,915,905,900,903,888,867,7,5,5,6,5,5,7,6,6,7,5,5,6,5,5,5,8,6,6,5,5,5,5,6,7,5,6,4,6,5,6,6,10,7,5,5,6,6,5,6,7,7,7,7,10,6,9,8,8,7,8,6,5,7,7,9,9,12,6,11,9,8,8,19,5,5,5,5,5,5,5,5,5,5,5,5,5,5,5,5,5,5,5,5,5,5,5,5,5,5,5,5,5,5,5,5,5,5,5,5,5,5,5,5,5,5,5,5,5,5,5,5,5,5,5,5,5,5,5,5,5,5,5,5,5,5,5,5
12,880,865,874,855,870,857,858,850,882,869,867,879,863,853,860,855,879,885,875,884,869,873,859,863,909,894,894,886,874,881,870,871,912,891,902,900,891,879,888,868,913,907,907,893,896,896,881,901,915,908,907,909,891,890,888,887,930,938,913,906,908,901,910,901,7,5,6,5,5,5,6,6,7,5,4,5,6,4,5,5,8,8,5,6,5,4,5,5,7,5,7,4,6,5,5,7,9,6,6,5,6,5,6,7,7,6,7,6,8,6,6,9,7,9,7,7,6,5,5,7,8,12,5,8,7,7,7,13,5,5,5,5,5,5,5,5,5,5,5,5,5,5,5,5,5,5,5,5,5,5,5,5,5,5,5,5,5,5,5,5,5,5,5,5,5,5,5,5,5,5,5,5,5,5,5,5,5,5,5,5,5,5,5,5,5,5,5,5,5,5,5,5
13,874,876,883,868,869,846,861,847,887,900,880,871,869,863,870,850,891,885,889,893,881,867,869,869,884,902,892,883,884,880,870,863,894,911,898,892,896,885,874,869,905,907,903,905,884,895,884,881,913,914,898,896,913,886,893,889,926,916,904,920,914,911,885,879,7,8,5,5,5,6,5,6,7,8,7,5,7,5,6,6,10,8,7,9,5,5,6,6,9,5,7,5,6,5,6,8,7,6,5,7,7,6,5,6,7,7,6,7,8,7,7,7,9,8,7,8,6,7,8,7,8,10,7,8,8,8,8,11,5,5,5,5,5,5,5,5,5,5,5,5,5,5,5,5,5,5,5,5,5,5,5,5,5,5,5,5,5,5,5,5,5,5,5,5,5,5,5,5,5,5,5,5,5,5,5,5,5,5,5,5,5,5,5,5,5,5,5,5,5,5,5,5
14,881,883,861,862,863,859,854,851,880,884,863,875,862,868,867,853,882,896,878,888,874,873,869,876,915,895,889,884,884,877,869,867,916,907,888,902,887,879,872,873,902,909,895,898,898,881,883,880,921,904,920,899,898,890,877,893,929,917,902,897,909,900,883,882,7,7,5,6,5,6,5,6,7,6,5,4,5,5,6,5,10,8,6,6,5,5,5,6,9,7,5,4,6,6,6,7,11,4,5,5,6,5,5,6,6,6,6,6,7,5,5,6,8,7,7,7,6,7,6,9,8,11,6,8,7,6,7,14,5,5,5,5,5,5,5,5,5,5,5,5,5,5,5,5,5,5,5,5,5,5,5,5,5,5,5,5,5,5,5,5,5,5,5,5,5,5,5,5,5,5,5,5,5,5,5,5,5,5,5,5,5,5,5,5,5,5,5,5,5,5,5,5
15,889,870,870,864,864,855,862,850,896,887,883,868,877,871,864,863,886,918,885,870,868,867,861,851,891,892,900,886,889,873,878,866,901,901,887,889,898,881,882,862,913,904,899,903,895,901,877,887,908,912,893,897,895,892,890,882,909,909,910,896,917,907,893,872,8,5,5,6,5,5,6,6,6,6,6,5,5,5,6,6,8,13,5,7,5,6,6,7,7,6,6,6,7,5,7,7,8,7,4,5,5,6,5,5,6,6,7,8,6,6,8,6,8,7,9,7,6,5,6,10,9,10,6,16,9,8,7,23,5,5,5,5,5,5,5,5,5,5,5,5,5,5,5,5,5,5,5,5,5,5,5,5,5,5,5,5,5,5,5,5,5,5,5,5,5,5,5,5,5,5,5,5,5,5,5,5,5,5,5,5,5,5,5,5,5,5,5,5,5,5,5,5
16,887,862,877,874,869,862,845,860,885,870,889,871,873,861,858,854,895,892,879,877,869,862,870,854,896,895,874,883,884,886,859,864,907,902,896,889,886,881,853,876,906,902,912,906,897,894,887,874,914,908,898,899,903,886,894,871,933,916,916,891,902,902,885,875,7,6,5,7,5,5,5,5,7,5,4,4,5,4,5,5,9,7,6,5,5,4,5,6,7,6,6,5,6,5,5,8,7,5,5,5,6,5,5,5,6,6,6,7,7,6,7,6,7,7,7,7,7,5,6,8,9,12,6,9,7,7,7,13,5,5,5,5,5,5,5,5,5,5,5,5,5,5,5,5,5,5,5,5,5,5,5,5,5,5,5,5,5,5,5,5,5,5,5,5,5,5,5,5,5,5,5,5,5,5,5,5,5,5,5,5,5,5,5,5,5,5,5,5,5,5,5,5
17,883,879,877,872,864,870,859,852,895,879,885,866,872,863,860,857,884,893,884,883,884,883,875,849,895,895,890,888,889,886,871,869,898,895,899,890,897,879,877,873,917,895,915,909,896,896,872,869,917,913,893,904,889,883,889,894,930,915,922,908,915,891,902,903,6,7,6,6,5,6,5,6,6,5,6,5,5,4,5,5,9,9,6,6,5,6,6,5,7,6,6,4,7,5,6,7,8,6,6,5,6,6,6,7,8,6,6,8,8,7,7,7,7,10,6,8,7,6,6,8,9,20,6,7,7,6,6,16,5,5,5,5,5,5,5,5,5,5,5,5,5,5,5,5,5,5,5,5,5,5,5,5,5,5,5,5,5,5,5,5,5,5,5,5,5,5,5,5,5,5,5,5,5,5,5,5,5,5,5,5,5,5,5,5,5,5,5,5,5,5,5,5
18,885,877,870,874,857,865,850,845,891,886,869,873,870,866,861,862,882,886,875,886,877,866,865,863,896,895,877,883,886,875,882,870,913,894,889,893,886,888,883,875,905,902,891,903,893,895,884,876,917,899,894,901,906,897,888,879,926,931,905,907,908,892,891,868,7,5,6,6,4,5,5,4,6,5,5,5,5,4,5,5,8,7,6,6,4,4,5,5,6,6,6,5,5,4,5,8,9,6,6,5,6,5,5,8,7,7,5,7,7,6,6,7,9,9,8,6,8,5,6,10,8,14,7,7,8,7,7,16,5,5,5,5,5,5,5,5,5,5,5,5,5,5,5,5,5,5,5,5,5,5,5,5,5,5,5,5,5,5,5,5,5,5,5,5,5,5,5,5,5,5,5,5,5,5,5,5,5,5,5,5,5,5,5,5,5,5,5,5,5,5,5,5
19,876,888,877,875,867,869,856,853,885,887,878,867,873,871,863,856,876,898,904,868,870,874,864,863,898,903,885,892,878,887,888,871,905,895,890,894,900,874,880,859,913,908,898,891,894,888,876,887,919,907,907,897,895,893,893,898,909,922,906,919,901,884,902,888,6,4,5,6,5,5,5,7,7,5,6,5,5,4,5,5,9,7,8,7,5,6,4,5,8,5,6,5,6,5,6,8,8,6,6,7,6,6,6,5,5,6,6,6,8,6,7,7,7,13,8,7,7,5,7,10,8,10,7,11,9,5,7,12,5,5,5,5,5,5,5,5,5,5,5,5,5,5,5,5,5,5,5,5,5,5,5,5,5,5,5,5,5,5,5,5,5,5,5,5,5,5,5,5,5,5,5,5,5,5,5,5,5,5,5,5,5,5,5,5,5,5,5,5,5,5,5,5
20,875,877,876,869,860,870,861,850,886,873,886,872,882,864,857,853,890,875,878,870,876,875,871,866,904,888,897,883,885,878,880,871,887,906,897,890,897,885,885,862,911,906,905,901,891,885,890,893,904,911,889,900,883,895,893,878,927,902,913,912,904,887,899,879,7,7,5,6,4,7,6,6,8,5,5,5,5,4,5,5,10,8,5,7,5,5,5,4,7,5,5,6,6,6,6,9,8,5,5,4,5,5,5,6,8,6,6,7,8,6,8,7,6,7,7,6,6,5,7,10,10,10,7,7,7,6,8,14,5,5,5,5,5,5,5,5,5,5,5,5,5,5,5,5,5,5,5,5,5,5,5,5,5,5,5,5,5,5,5,5,5,5,5,5,5,5,5,5,5,5,5,5,5,5,5,5,5,5,5,5,5,5,5,5,5,5,5,5,5,5,5,5
21,877,879,869,863,856,854,850,867,888,881,885,871,872,865,864,852,881,885,889,867,879,868,865,855,893,895,878,881,871,870,869,864,916,903,895,895,881,868,873,877,905,910,900,897,887,901,889,884,908,899,901,909,900,904,889,874,911,920,902,908,905,896,894,896,6,7,6,7,5,6,6,7,8,6,5,5,5,5,6,7,9,9,6,7,6,6,5,6,6,6,7,7,5,6,6,6,8,6,6,6,6,5,7,7,8,8,5,8,7,6,8,8,7,7,7,6,5,7,6,9,12,15,7,11,8,6,8,14,5,5,5,5,5,5,5,5,5,5,5,5,5,5,5,5,5,5,5,5,5,5,5,5,5,5,5,5,5,5,5,5,5,5,5,5,5,5,5,5,5,5,5,5,5,5,5,5,5,5,5,5,5,5,5,5,5,5,5,5,5,5,5,5
22,882,864,879,856,868,864,852,848,886,877,878,870,871,866,860,851,889,884,886,876,872,863,858,865,896,891,889,886,884,886,869,874,903,895,902,891,887,874,881,866,914,899,901,889,896,881,891,896,903,896,899,911,898,901,898,910,937,928,915,899,924,901,920,879,7,6,5,6,5,6,5,5,6,5,5,4,6,4,5,6,9,7,6,5,5,6,5,7,8,5,7,5,6,4,5,6,7,5,5,6,6,5,6,6,8,5,5,5,7,5,8,8,7,8,6,6,6,5,6,10,12,13,6,10,8,7,8,18,5,5,5,5,5,5,5,5,5,5,5,5,5,5,5,5,5,5,5,5,5,5,5,5,5,5,5,5,5,5,5,5,5,5,5,5,5,5,5,5,5,5,5,5,5,5,5,5,5,5,5,5,5,5,5,5,5,5,5,5,5,5,5,5
23,883,868,875,885,870,849,857,851,892,881,872,865,865,866,865,852,892,892,886,896,871,879,870,873,895,895,896,882,882,881,873,872,894,897,883,891,874,882,877,869,907,903,904,900,894,891,899,877,906,920,901,906,892,897,897,899,932,918,900,926,889,893,916,874,7,6,5,5,6,6,5,7,7,5,5,4,7,4,6,5,8,9,7,7,5,6,6,7,7,7,7,6,6,5,6,8,7,7,5,6,5,6,5,7,7,6,7,6,6,6,8,7,8,8,7,7,6,5,7,8,10,11,7,9,6,8,8,13,5,5,5,5,5,5,5,5,5,5,5,5,5,5,5,5,5,5,5,5,5,5,5,5,5,5,5,5,5,5,5,5,5,5,5,5,5,5,5,5,5,5,5,5,5,5,5,5,5,5,5,5,5,5,5,5,5,5,5,5,5,5,5,5
24,886,868,865,864,864,862,849,852,871,879,872,871,868,864,860,850,889,883,891,888,877,878,867,871,908,891,893,879,881,878,877,847,900,904,900,913,890,889,875,878,908,902,896,908,876,889,895,876,911,920,897,894,905,887,885,891,925,918,912,926,881,885,902,874,7,5,6,7,4,6,4,7,7,4,5,5,6,4,5,6,9,8,6,6,4,5,5,5,7,5,6,5,6,6,5,6,10,7,5,8,7,5,6,7,6,6,6,6,6,5,8,6,8,8,8,6,5,6,7,8,8,10,5,8,7,7,6,15,5,5,5,5,5,5,5,5,5,5,5,5,5,5,5,5,5,5,5,5,5,5,5,5,5,5,5,5,5,5,5,5,5,5,5,5,5,5,5,5,5,5,5,5,5,5,5,5,5,5,5,5,5,5,5,5,5,5,5,5,5,5,5,5
25,882,874,874,855,870,853,854,864,892,883,891,874,872,869,868,855,898,899,885,895,881,866,872,861,893,891,873,885,875,885,870,863,899,906,885,891,887,887,877,875,906,913,902,901,905,880,887,895,920,914,912,913,897,892,884,896,928,923,910,894,910,899,889,871,7,7,5,8,6,6,6,5,6,7,4,6,5,5,7,5,9,7,7,6,5,5,5,7,6,6,6,6,5,5,7,8,8,7,5,6,6,5,6,7,8,5,6,7,7,6,7,6,9,8,9,7,6,5,8,9,9,14,7,10,7,9,8,12,5,5,5,5,5,5,5,5,5,5,5,5,5,5,5,5,5,5,5,5,5,5,5,5,5,5,5,5,5,5,5,5,5,5,5,5,5,5,5,5,5,5,5,5,5,5,5,5,5,5,5,5,5,5,5,5,5,5,5,5,5,5,5,5
26,873,885,875,862,866,859,864,850,894,885,873,872,869,868,855,866,876,888,886,861,878,866,859,862,889,901,882,878,885,880,881,875,888,907,899,903,897,890,888,865,917,903,901,889,885,896,883,879,918,914,909,899,902,885,892,882,916,896,923,899,897,895,899,876,6,6,5,6,5,5,6,6,6,5,4,5,6,4,6,5,7,6,6,6,5,5,5,7,7,6,5,5,6,4,6,5,8,5,5,6,6,5,5,6,6,6,6,6,8,7,7,6,8,8,7,8,6,6,6,9,9,16,6,8,6,8,7,12,5,5,5,5,5,5,5,5,5,5,5,5,5,5,5,5,5,5,5,5,5,5,5,5,5,5,5,5,5,5,5,5,5,5,5,5,5,5,5,5,5,5,5,5,5,5,5,5,5,5,5,5,5,5,5,5,5,5,5,5,5,5,5,5
27,869,887,870,870,867,860,866,858,883,882,872,871,874,865,859,857,885,885,872,869,881,865,866,861,893,883,884,881,873,878,873,867,897,912,899,896,893,888,886,871,900,902,905,888,878,889,885,888,901,897,913,912,895,894,901,887,922,933,905,923,913,905,882,904,6,5,6,6,5,6,7,6,7,6,5,6,6,5,6,6,13,7,6,7,5,6,5,6,7,5,7,5,5,6,6,8,7,8,6,7,6,6,6,7,7,6,6,7,9,6,7,7,8,8,7,6,6,8,7,10,7,16,6,9,7,8,7,14,5,5,5,5,5,5,5,5,5,5,5,5,5,5,5,5,5,5,5,5,5,5,5,5,5,5,5,5,5,5,5,5,5,5,5,5,5,5,5,5,5,5,5,5,5,5,5,5,5,5,5,5,5,5,5,5,5,5,5,5,5,5,5,5
28,890,882,875,883,869,861,863,849,892,891,880,874,868,866,868,858,891,893,897,882,876,873,868,864,898,880,891,890,888,869,873,878,891,895,902,895,888,876,871,867,914,899,894,889,884,884,890,873,926,905,908,913,889,898,895,903,918,932,914,901,893,910,888,894,8,5,4,7,5,6,6,6,6,6,5,4,6,4,6,5,8,6,6,6,5,5,5,6,7,6,6,5,7,5,6,6,7,5,5,5,6,6,5,6,7,6,6,6,7,6,6,7,9,8,7,6,6,5,7,10,8,9,6,9,8,8,7,17,5,5,5,5,5,5,5,5,5,5,5,5,5,5,5,5,5,5,5,5,5,5,5,5,5,5,5,5,5,5,5,5,5,5,5,5,5,5,5,5,5,5,5,5,5,5,5,5,5,5,5,5,5,5,5,5,5,5,5,5,5,5,5,5
29,891,867,869,865,861,861,858,859,881,883,881,870,879,861,862,846,884,892,876,884,876,867,879,854,915,886,900,883,873,868,877,875,904,904,892,896,880,883,892,868,911,894,891,900,897,888,889,873,904,914,901,887,893,896,891,887,939,939,917,906,904,890,893,872,8,6,5,7,5,7,4,8,8,6,5,5,5,4,6,6,9,7,6,6,5,6,5,6,6,6,7,6,6,5,7,6,9,6,5,5,6,6,5,6,6,6,7,6,7,6,7,6,10,10,8,8,7,8,7,10,11,12,8,9,8,7,7,11,5,5,5,5,5,5,5,5,5,5,5,5,5,5,5,5,5,5,5,5,5,5,5,5,5,5,5,5,5,5,5,5,5,5,5,5,5,5,5,5,5,5,5,5,5,5,5,5,5,5,5,5,5,5,5,5,5,5,5,5,5,5,5,5
30,886,879,875,870,869,866,864,854,895,881,885,879,858,857,854,859,884,887,882,874,864,859,874,866,894,898,880,881,883,879,876,873,900,900,896,890,899,881,875,873,901,897,891,901,892,886,894,880,923,920,901,903,897,893,889,873,932,923,919,899,902,889,899,894,7,7,4,7,4,5,5,6,5,5,5,5,5,4,5,5,9,8,6,6,5,5,5,6,6,6,6,5,6,5,6,6,9,6,5,6,6,6,5,5,7,6,6,5,6,5,7,6,10,9,6,6,7,5,7,11,9,12,6,9,6,7,7,14,5,5,5,5,5,5,5,5,5,5,5,5,5,5,5,5,5,5,5,5,5,5,5,5,5,5,5,5,5,5,5,5,5,5,5,5,5,5,5,5,5,5,5,5,5,5,5,5,5,5,5,5,5,5,5,5,5,5,5,5,5,5,5,5
31,888,877,877,852,870,856,863,859,892,873,879,870,859,861,865,849,884,880,876,885,875,872,869,856,888,888,889,880,881,882,866,872,893,894,903,889,885,894,869,873,917,904,902,905,896,893,892,876,910,946,907,906,917,893,890,885,944,917,912,910,905,901,908,886,7,6,5,6,6,6,4,6,6,5,5,5,6,5,5,6,9,6,6,6,6,5,6,6,7,6,7,5,6,5,6,9,8,6,6,5,6,8,6,5,7,7,7,7,9,6,6,8,9,11,7,8,6,7,7,10,9,9,9,8,7,8,7,13,5,5,5,5,5,5,5,5,5,5,5,5,5,5,5,5,5,5,5,5,5,5,5,5,5,5,5,5,5,5,5,5,5,5,5,5,5,5,5,5,5,5,5,5,5,5,5,5,5,5,5,5,5,5,5,5,5,5,5,5,5,5,5,5
32,868,874,871,858,860,865,851,855,895,895,885,880,866,865,857,870,903,884,879,885,874,867,866,856,892,880,895,884,883,873,876,870,902,892,898,886,885,881,878,885,901,900,886,902,895,884,880,876,918,903,903,914,896,891,895,887,932,917,910,924,893,891,908,906,6,7,5,5,5,5,6,6,6,6,6,5,6,4,4,5,7,8,6,6,5,5,5,5,7,5,6,6,6,5,6,7,8,6,6,6,6,7,6,5,7,7,5,7,7,5,7,7,7,9,7,7,7,6,7,8,9,11,5,7,6,6,8,14,5,5,5,5,5,5,5,5,5,5,5,5,5,5,5,5,5,5,5,5,5,5,5,5,5,5,5,5,5,5,5,5,5,5,5,5,5,5,5,5,5,5,5,5,5,5,5,5,5,5,5,5,5,5,5,5,5,5,5,5,5,5,5,5
33,880,888,865,877,869,860,855,848,894,883,887,878,867,860,860,862,892,898,873,879,865,874,865,858,880,894,899,888,873,865,864,866,913,904,896,894,885,891,889,877,913,898,897,893,889,886,890,876,910,927,910,906,883,894,902,892,929,930,913,909,913,904,891,886,8,6,5,6,5,6,5,6,7,5,6,5,6,5,5,5,9,7,6,7,5,6,5,6,8,6,6,6,5,6,6,8,8,6,5,5,7,6,6,7,6,5,6,7,8,6,7,6,5,10,8,7,6,6,8,8,9,12,8,8,9,8,8,15,5,5,5,5,5,5,5,5,5,5,5,5,5,5,5,5,5,5,5,5,5,5,5,5,5,5,5,5,5,5,5,5,5,5,5,5,5,5,5,5,5,5,5,5,5,5,5,5,5,5,5,5,5,5,5,5,5,5,5,5,5,5,5,5
34,876,876,869,866,866,867,854,851,873,879,880,884,874,866,871,847,911,882,880,869,866,876,872,866,893,896,894,894,877,876,871,874,911,894,895,889,884,878,884,881,901,918,900,885,884,888,874,890,911,924,916,900,906,887,894,898,936,912,914,913,892,890,894,904,7,6,6,6,5,5,6,6,6,5,4,5,4,5,6,5,7,8,6,6,5,5,5,5,7,7,6,5,6,6,5,6,9,6,6,5,6,6,5,6,8,6,5,7,6,5,7,8,8,9,9,7,6,6,7,9,10,10,5,9,7,7,8,15,5,5,5,5,5,5,5,5,5,5,5,5,5,5,5,5,5,5,5,5,5,5,5,5,5,5,5,5,5,5,5,5,5,5,5,5,5,5,5,5,5,5,5,5,5,5,5,5,5,5,5,5,5,5,5,5,5,5,5,5,5,5,5,5
35,877,871,868,865,866,870,855,861,890,877,881,869,862,865,865,857,885,906,890,876,871,875,857,857,880,889,894,888,881,871,872,879,902,899,905,885,873,892,887,861,903,896,902,891,897,885,890,881,905,907,913,893,879,896,886,891,919,934,914,908,902,885,898,882,6,6,5,6,5,7,5,7,6,6,5,4,6,4,6,5,9,7,6,6,5,5,5,6,7,6,8,5,6,6,5,7,11,5,6,7,6,6,7,7,7,6,7,7,7,6,7,7,7,9,6,7,5,5,7,7,11,15,7,7,7,6,8,13,5,5,5,5,5,5,5,5,5,5,5,5,5,5,5,5,5,5,5,5,5,5,5,5,5,5,5,5,5,5,5,5,5,5,5,5,5,5,5,5,5,5,5,5,5,5,5,5,5,5,5,5,5,5,5,5,5,5,5,5,5,5,5,5
36,887,882,867,878,862,866,862,852,878,886,873,881,868,867,857,866,887,899,884,886,878,863,873,858,909,895,892,890,885,882,881,883,910,896,884,898,894,890,874,868,913,907,902,897,878,886,879,873,916,923,899,905,898,901,889,882,937,935,904,914,904,898,902,900,7,6,5,6,5,6,5,6,7,5,4,5,6,4,5,6,8,7,5,7,5,4,5,6,9,6,6,4,5,6,5,6,9,5,5,5,5,5,5,7,7,7,6,7,8,6,6,6,7,8,7,6,6,7,6,9,9,12,7,9,7,6,10,10,5,5,5,5,5,5,5,5,5,5,5,5,5,5,5,5,5,5,5,5,5,5,5,5,5,5,5,5,5,5,5,5,5,5,5,5,5,5,5,5,5,5,5,5,5,5,5,5,5,5,5,5,5,5,5,5,5,5,5,5,5,5,5,5
37,901,874,867,865,857,857,859,855,895,869,876,876,872,879,862,865,880,896,893,881,872,876,876,858,898,891,893,877,882,873,880,873,905,908,893,898,888,875,883,864,913,920,888,899,881,885,884,889,910,901,904,910,903,894,894,889,918,910,927,900,899,890,889,908,6,6,6,7,4,6,6,6,8,6,6,5,5,5,6,6,10,7,6,6,5,5,6,6,7,6,7,5,6,6,7,5,9,6,6,5,5,6,6,6,8,7,6,7,7,6,8,6,7,10,7,7,6,5,8,9,10,11,8,12,7,7,8,12,5,5,5,5,5,5,5,5,5,5,5,5,5,5,5,5,5,5,5,5,5,5,5,5,5,5,5,5,5,5,5,5,5,5,5,5,5,5,5,5,5,5,5,5,5,5,5,5,5,5,5,5,5,5,5,5,5,5,5,5,5,5,5,5
38,870,876,869,866,852,863,856,853,889,888,879,870,858,863,861,865,889,890,885,879,871,863,871,870,900,895,901,884,881,871,871,877,909,892,888,881,890,882,883,881,905,907,897,897,900,890,886,888,912,915,903,893,897,889,882,877,931,917,902,916,898,905,893,892,7,6,6,5,5,6,5,6,6,6,5,5,5,4,5,5,7,8,5,6,5,6,5,7,7,7,7,5,6,6,6,5,8,5,5,5,6,5,6,6,7,6,6,6,8,6,7,7,6,7,7,6,7,7,6,10,8,12,6,10,8,8,7,20,5,5,5,5,5,5,5,5,5,5,5,5,5,5,5,5,5,5,5,5,5,5,5,5,5,5,5,5,5,5,5,5,5,5,5,5,5,5,5,5,5,5,5,5,5,5,5,5,5,5,5,5,5,5,5,5,5,5,5,5,5,5,5,5
39,874,873,876,853,858,857,854,844,891,876,878,877,881,866,856,864,889,892,886,893,880,873,877,869,897,897,906,887,891,877,870,865,916,896,883,899,886,891,874,867,904,909,911,893,896,892,896,870,929,919,895,896,890,907,892,899,919,920,922,922,898,899,890,864,7,7,5,6,6,6,4,6,7,5,7,6,5,5,5,5,10,7,6,7,5,6,7,7,8,5,7,6,7,6,5,7,10,6,6,6,6,5,6,6,8,6,5,6,8,6,7,7,9,10,7,7,7,7,7,9,9,12,7,12,7,7,9,18,5,5,5,5,5,5,5,5,5,5,5,5,5,5,5,5,5,5,5,5,5,5,5,5,5,5,5,5,5,5,5,5,5,5,5,5,5,5,5,5,5,5,5,5,5,5,5,5,5,5,5,5,5,5,5,5,5,5,5,5,5,5,5,5
40,886,872,871,856,864,863,862,862,889,878,885,871,879,862,865,864,892,883,888,888,875,873,861,862,900,899,891,884,872,879,880,874,907,894,891,905,892,885,875,878,896,906,911,896,882,895,891,878,927,909,897,912,897,882,885,885,931,906,901,909,912,884,883,928,6,6,4,5,4,5,5,7,6,5,5,4,6,4,5,5,10,8,6,6,6,5,5,5,8,7,6,5,5,5,6,6,7,5,5,6,5,6,5,5,5,5,7,6,9,6,7,7,7,8,7,7,6,4,6,11,9,10,6,10,7,6,7,17,5,5,5,5,5,5,5,5,5,5,5,5,5,5,5,5,5,5,5,5,5,5,5,5,5,5,5,5,5,5,5,5,5,5,5,5,5,5,5,5,5,5,5,5,5,5,5,5,5,5,5,5,5,5,5,5,5,5,5,5,5,5,5,5
41,874,873,876,872,865,839,845,864,896,883,877,873,890,873,860,845,907,883,888,867,872,865,857,862,896,894,895,883,878,880,875,883,892,907,892,896,889,885,880,877,899,895,905,901,889,898,896,885,908,902,908,897,896,900,894,886,934,931,919,904,893,900,902,862,7,6,5,6,6,5,6,6,6,5,5,5,6,5,6,6,11,8,5,6,5,5,5,6,9,5,7,5,7,5,6,9,9,5,5,6,6,5,6,6,8,6,7,7,7,7,6,7,8,13,8,7,7,6,8,8,11,11,6,8,7,7,8,22,5,5,5,5,5,5,5,5,5,5,5,5,5,5,5,5,5,5,5,5,5,5,5,5,5,5,5,5,5,5,5,5,5,5,5,5,5,5,5,5,5,5,5,5,5,5,5,5,5,5,5,5,5,5,5,5,5,5,5,5,5,5,5,5
42,881,866,872,863,869,865,861,857,886,882,877,877,875,866,854,859,902,890,887,876,878,865,863,858,891,902,891,886,881,880,878,870,899,898,898,895,890,881,871,880,900,911,896,896,900,892,885,886,905,906,906,919,895,886,897,894,924,920,911,910,899,910,884,880,7,5,5,6,5,7,4,6,5,5,5,5,5,4,4,5,7,7,5,7,5,6,5,5,6,6,6,5,5,5,5,7,8,5,5,6,6,5,5,6,6,6,7,7,8,5,7,7,7,8,7,7,6,6,7,10,7,11,5,7,6,6,6,12,5,5,5,5,5,5,5,5,5,5,5,5,5,5,5,5,5,5,5,5,5,5,5,5,5,5,5,5,5,5,5,5,5,5,5,5,5,5,5,5,5,5,5,5,5,5,5,5,5,5,5,5,5,5,5,5,5,5,5,5,5,5,5,5
43,885,867,865,853,872,868,860,856,885,869,875,880,864,859,865,858,894,882,872,881,878,876,870,854,889,899,892,878,875,871,875,865,910,895,892,881,888,877,887,880,903,903,892,905,891,897,887,879,913,921,905,891,896,904,897,882,923,918,905,913,898,899,896,901,9,7,5,6,6,8,6,7,9,6,5,6,6,4,5,6,12,8,6,7,5,6,6,6,7,8,6,5,6,5,6,9,7,6,5,6,7,7,5,6,7,6,6,6,7,7,7,6,8,9,8,6,7,7,6,11,9,12,6,11,7,7,9,27,5,5,5,5,5,5,5,5,5,5,5,5,5,5,5,5,5,5,5,5,5,5,5,5,5,5,5,5,5,5,5,5,5,5,5,5,5,5,5,5,5,5,5,5,5,5,5,5,5,5,5,5,5,5,5,5,5,5,5,5,5,5,5,5
44,890,883,877,871,872,860,859,854,888,879,874,876,868,868,861,851,888,891,886,882,872,862,869,856,897,897,889,889,882,877,875,870,900,889,898,896,887,878,877,867,901,894,902,882,893,886,885,877,927,915,920,897,898,891,876,893,907,899,912,921,917,896,901,893,8,6,5,7,5,5,5,6,7,4,5,5,6,4,5,4,8,6,5,6,5,5,5,6,6,6,5,6,6,5,6,7,7,5,5,5,7,6,5,6,7,6,6,7,7,5,7,8,7,8,6,8,6,7,8,11,11,9,7,10,6,7,10,14,5,5,5,5,5,5,5,5,5,5,5,5,5,5,5,5,5,5,5,5,5,5,5,5,5,5,5,5,5,5,5,5,5,5,5,5,5,5,5,5,5,5,5,5,5,5,5,5,5,5,5,5,5,5,5,5,5,5,5,5,5,5,5,5
45,886,872,876,862,868,861,847,852,886,883,884,884,866,869,862,853,901,906,889,882,880,878,863,874,883,896,891,878,881,876,880,876,915,902,894,897,876,890,878,875,906,911,893,889,893,875,895,875,921,918,904,893,912,895,892,880,920,911,910,903,900,905,901,898,7,6,5,6,6,7,5,8,6,5,6,6,6,4,5,7,9,8,6,6,6,5,5,6,7,6,7,5,6,6,6,7,8,7,5,6,6,5,6,6,8,7,6,7,7,6,7,6,7,8,8,8,6,6,7,10,8,10,6,10,7,8,8,26,5,5,5,5,5,5,5,5,5,5,5,5,5,5,5,5,5,5,5,5,5,5,5,5,5,5,5,5,5,5,5,5,5,5,5,5,5,5,5,5,5,5,5,5,5,5,5,5,5,5,5,5,5,5,5,5,5,5,5,5,5,5,5,5
46,869,870,869,861,853,864,862,837,891,882,876,872,863,856,858,861,892,881,880,878,873,863,872,865,901,882,888,888,886,871,867,860,896,884,902,884,905,878,872,867,898,899,894,898,890,886,880,873,912,910,901,896,903,897,889,891,918,915,908,895,902,894,899,872,6,6,5,6,4,6,5,4,9,6,5,6,6,5,5,5,9,8,5,5,5,6,5,5,7,5,6,6,5,6,5,7,9,5,6,7,6,5,5,5,6,6,5,6,7,6,5,7,8,7,7,6,6,6,6,7,8,13,5,7,8,6,7,12,5,5,5,5,5,5,5,5,5,5,5,5,5,5,5,5,5,5,5,5,5,5,5,5,5,5,5,5,5,5,5,5,5,5,5,5,5,5,5,5,5,5,5,5,5,5,5,5,5,5,5,5,5,5,5,5,5,5,5,5,5,5,5,5
47,884,873,873,871,868,854,857,847,877,866,880,875,861,869,867,854,893,879,891,887,875,887,871,870,902,893,896,891,885,882,885,876,910,895,890,891,896,892,876,874,905,899,905,900,901,895,896,888,915,900,886,903,895,899,891,865,917,915,897,912,898,895,906,909,8,8,5,5,5,5,6,6,7,6,5,5,6,4,5,6,8,9,6,6,5,6,6,6,8,7,6,5,6,4,7,7,9,6,5,6,6,5,6,6,8,5,7,7,7,7,9,6,8,10,8,6,7,5,7,8,8,12,6,7,7,6,8,12,5,5,5,5,5,5,5,5,5,5,5,5,5,5,5,5,5,5,5,5,5,5,5,5,5,5,5,5,5,5,5,5,5,5,5,5,5,5,5,5,5,5,5,5,5,5,5,5,5,5,5,5,5,5,5,5,5,5,5,5,5,5,5,5
48,868,876,878,866,867,861,858,843,879,886,872,874,876,865,857,856,886,896,873,876,872,881,866,870,908,889,877,883,884,870,872,862,901,896,895,878,890,881,877,868,902,899,906,898,902,880,882,896,900,919,892,895,897,891,880,888,937,908,899,896,901,901,896,893,7,6,4,6,4,5,5,6,7,5,4,5,4,5,4,4,8,7,5,6,5,5,6,5,8,6,6,4,5,6,5,7,7,5,4,6,6,5,6,6,8,5,7,5,7,6,7,7,7,11,8,7,7,5,6,7,10,11,7,9,7,6,7,13,5,5,5,5,5,5,5,5,5,5,5,5,5,5,5,5,5,5,5,5,5,5,5,5,5,5,5,5,5,5,5,5,5,5,5,5,5,5,5,5,5,5,5,5,5,5,5,5,5,5,5,5,5,5,5,5,5,5,5,5,5,5,5,5
49,889,892,872,858,858,866,866,856,897,875,878,872,877,865,863,863,907,893,873,881,871,877,861,859,892,883,880,874,877,882,870,865,897,908,898,903,887,878,871,879,910,909,902,905,898,890,885,896,915,889,902,896,887,893,885,873,915,903,917,919,903,894,892,866,8,7,5,7,5,6,5,7,7,5,4,6,5,5,6,6,10,8,6,5,6,5,5,7,8,5,7,5,5,4,6,8,8,7,6,6,6,6,5,8,9,6,7,7,7,6,8,10,9,8,6,7,8,5,6,11,9,10,6,12,8,6,8,9,5,5,5,5,5,5,5,5,5,5,5,5,5,5,5,5,5,5,5,5,5,5,5,5,5,5,5,5,5,5,5,5,5,5,5,5,5,5,5,5,5,5,5,5,5,5,5,5,5,5,5,5,5,5,5,5,5,5,5,5,5,5,5,5
50,875,881,873,864,870,850,862,857,892,886,874,878,873,862,860,848,882,893,864,883,867,885,871,874,905,884,890,898,887,869,873,869,899,907,895,891,885,875,878,878,909,906,891,901,893,893,888,871,912,901,893,899,901,904,904,900,936,922,918,902,902,889,910,877,7,6,5,6,5,5,5,6,6,5,5,5,5,4,5,5,9,6,5,6,5,6,6,5,7,5,5,5,6,5,5,6,8,4,4,5,6,5,6,6,11,7,5,6,7,6,7,6,8,8,6,6,7,6,8,9,7,12,7,9,6,5,7,14,5,5,5,5,5,5,5,5,5,5,5,5,5,5,5,5,5,5,5,5,5,5,5,5,5,5,5,5,5,5,5,5,5,5,5,5,5,5,5,5,5,5,5,5,5,5,5,5,5,5,5,5,5,5,5,5,5,5,5,5,5,5,5,5
51,874,877,864,878,863,860,854,856,889,878,889,877,879,865,865,864,888,869,885,874,874,874,859,869,898,901,888,891,886,879,869,860,902,903,901,885,874,882,881,867,913,895,899,905,890,884,892,886,920,913,919,889,893,890,885,893,920,923,913,905,905,916,896,901,7,6,6,6,5,6,6,6,6,5,5,5,6,5,5,6,8,7,6,7,6,6,5,5,7,5,6,5,7,5,6,7,9,7,5,6,6,5,7,7,6,6,7,8,8,6,7,7,8,11,10,7,6,6,7,9,10,12,6,10,7,6,5,18,5,5,5,5,5,5,5,5,5,5,5,5,5,5,5,5,5,5,5,5,5,5,5,5,5,5,5,5,5,5,5,5,5,5,5,5,5,5,5,5,5,5,5,5,5,5,5,5,5,5,5,5,5,5,5,5,5,5,5,5,5,5,5,5
52,870,875,870,869,868,855,857,858,877,876,874,879,864,866,855,861,882,884,883,875,869,864,874,866,894,889,888,878,876,879,880,862,896,894,903,900,891,882,875,867,898,906,897,898,907,889,876,883,909,926,911,917,890,897,878,874,925,913,909,918,883,892,898,897,7,6,6,6,5,6,5,6,7,5,5,6,5,5,5,5,7,7,5,8,5,6,5,6,7,6,7,5,5,6,6,6,6,7,6,6,6,5,5,6,6,7,5,7,7,6,6,7,8,9,8,7,6,5,8,11,9,10,7,7,7,7,7,17,5,5,5,5,5,5,5,5,5,5,5,5,5,5,5,5,5,5,5,5,5,5,5,5,5,5,5,5,5,5,5,5,5,5,5,5,5,5,5,5,5,5,5,5,5,5,5,5,5,5,5,5,5,5,5,5,5,5,5,5,5,5,5,5
53,879,883,882,874,861,861,861,852,887,880,885,876,877,874,862,862,894,883,880,882,868,866,872,875,892,892,888,883,881,874,868,872,912,898,899,900,881,887,882,868,911,893,903,902,904,888,893,881,924,899,919,901,895,891,887,864,928,917,896,918,897,890,903,891,7,6,4,6,5,6,5,6,7,6,5,5,5,5,5,5,10,7,5,6,6,5,5,5,8,6,6,5,6,6,5,6,8,7,5,6,6,6,8,7,6,7,6,6,8,6,5,9,7,10,8,10,7,6,7,9,10,12,7,9,7,6,7,14,5,5,5,5,5,5,5,5,5,5,5,5,5,5,5,5,5,5,5,5,5,5,5,5,5,5,5,5,5,5,5,5,5,5,5,5,5,5,5,5,5,5,5,5,5,5,5,5,5,5,5,5,5,5,5,5,5,5,5,5,5,5,5,5
54,896,895,873,881,874,862,865,860,888,879,875,879,864,871,852,854,877,884,883,871,881,861,868,858,893,896,891,891,885,875,869,875,916,900,910,899,890,884,868,862,907,903,907,900,900,885,884,869,933,916,911,892,906,889,897,893,921,900,919,910,918,900,903,880,6,6,5,5,4,5,5,5,8,5,5,4,6,6,5,6,6,7,6,6,5,6,5,5,7,4,6,6,6,6,5,6,9,5,6,6,5,5,6,6,7,6,7,7,7,6,6,7,10,8,7,8,8,7,7,11,8,10,7,8,8,8,6,11,5,5,5,5,5,5,5,5,5,5,5,5,5,5,5,5,5,5,5,5,5,5,5,5,5,5,5,5,5,5,5,5,5,5,5,5,5,5,5,5,5,5,5,5,5,5,5,5,5,5,5,5,5,5,5,5,5,5,5,5,5,5,5,5
55,885,876,878,866,859,860,859,855,885,883,879,872,866,868,857,864,902,898,882,870,872,862,864,880,891,891,885,882,887,873,875,859,911,900,897,891,882,888,880,877,904,908,896,883,886,895,892,868,906,914,916,913,908,900,890,882,891,924,903,920,890,906,897,861,8,7,5,5,5,6,6,6,7,6,5,5,7,5,5,5,8,8,6,7,5,6,6,5,7,6,7,5,5,5,6,8,9,6,6,5,6,5,6,8,6,5,6,7,6,6,7,8,8,12,9,7,8,6,7,10,10,14,7,8,7,7,6,17,5,5,5,5,5,5,5,5,5,5,5,5,5,5,5,5,5,5,5,5,5,5,5,5,5,5,5,5,5,5,5,5,5,5,5,5,5,5,5,5,5,5,5,5,5,5,5,5,5,5,5,5,5,5,5,5,5,5,5,5,5,5,5,5
56,885,880,875,872,863,858,841,852,882,879,876,876,880,861,862,859,888,892,885,873,874,874,864,865,890,890,898,873,881,873,870,870,900,906,896,900,885,879,878,878,908,908,900,904,892,907,883,859,912,922,902,905,893,891,885,890,932,909,918,908,909,901,886,878,6,6,5,6,5,6,5,6,6,5,4,4,5,4,5,6,7,6,6,5,6,5,5,5,6,6,7,5,5,6,5,7,8,6,5,6,6,4,7,6,6,6,6,7,5,7,7,6,7,8,8,7,5,6,6,9,9,11,6,8,7,6,7,15,5,5,5,5,5,5,5,5,5,5,5,5,5,5,5,5,5,5,5,5,5,5,5,5,5,5,5,5,5,5,5,5,5,5,5,5,5,5,5,5,5,5,5,5,5,5,5,5,5,5,5,5,5,5,5,5,5,5,5,5,5,5,5,5
57,872,878,877,876,870,854,848,851,897,885,875,867,874,867,854,858,875,892,880,865,864,877,880,867,892,894,891,880,888,877,883,854,902,902,903,890,876,878,882,878,913,900,905,900,885,889,872,892,915,899,901,891,885,897,889,874,930,918,897,908,903,905,893,864,9,7,6,7,5,5,6,6,6,6,6,6,5,5,5,5,8,7,6,7,5,5,6,6,8,7,7,5,5,4,6,7,12,5,5,8,6,5,6,7,7,5,5,6,7,6,6,8,8,8,8,7,5,6,7,11,11,9,6,8,7,7,8,25,5,5,5,5,5,5,5,5,5,5,5,5,5,5,5,5,5,5,5,5,5,5,5,5,5,5,5,5,5,5,5,5,5,5,5,5,5,5,5,5,5,5,5,5,5,5,5,5,5,5,5,5,5,5,5,5,5,5,5,5,5,5,5,5
58,890,887,877,870,866,865,861,841,900,879,877,883,865,864,862,865,890,882,883,860,873,869,865,858,885,878,888,890,874,872,870,856,901,904,891,894,887,871,871,888,904,898,898,905,896,873,889,882,904,892,901,896,903,883,891,880,917,895,908,918,907,906,907,908,7,5,5,7,5,5,5,6,7,5,5,6,6,5,5,6,8,9,6,6,5,5,4,5,8,6,5,6,5,5,5,6,11,5,5,5,7,6,5,5,7,7,6,8,6,5,6,7,6,8,7,7,6,6,7,7,9,10,6,9,8,6,7,14,5,5,5,5,5,5,5,5,5,5,5,5,5,5,5,5,5,5,5,5,5,5,5,5,5,5,5,5,5,5,5,5,5,5,5,5,5,5,5,5,5,5,5,5,5,5,5,5,5,5,5,5,5,5,5,5,5,5,5,5,5,5,5,5
59,882,889,877,868,860,864,857,856,896,883,867,884,873,859,874,866,895,894,870,875,873,866,865,858,898,891,875,890,878,875,872,866,887,890,879,873,887,873,894,872,895,912,909,887,882,890,898,879,936,894,897,900,911,888,897,893,933,909,915,905,890,891,891,892,7,5,7,6,5,5,6,8,8,5,5,5,6,5,4,5,9,6,5,6,5,6,6,5,8,7,7,4,5,6,7,7,8,6,5,6,5,6,6,6,6,6,8,6,8,6,8,6,8,11,7,6,7,6,7,8,9,12,5,11,6,7,6,14,5,5,5,5,5,5,5,5,5,5,5,5,5,5,5,5,5,5,5,5,5,5,5,5,5,5,5,5,5,5,5,5,5,5,5,5,5,5,5,5,5,5,5,5,5,5,5,5,5,5,5,5,5,5,5,5,5,5,5,5,5,5,5,5
60,878,869,868,870,872,851,860,847,879,874,872,868,866,875,859,854,891,885,887,887,868,871,859,858,894,901,892,887,880,870,867,873,911,894,900,894,884,878,877,879,905,910,900,888,898,884,895,887,908,905,919,895,893,886,892,883,919,912,916,919,901,884,896,888,6,6,6,7,5,5,6,5,6,5,5,5,7,5,4,6,9,10,6,6,5,6,5,5,7,6,5,4,5,5,5,6,7,5,5,5,6,5,5,5,7,5,6,6,8,5,5,6,8,10,8,6,6,6,7,9,8,10,8,7,7,7,6,15,5,5,5,5,5,5,5,5,5,5,5,5,5,5,5,5,5,5,5,5,5,5,5,5,5,5,5,5,5,5,5,5,5,5,5,5,5,5,5,5,5,5,5,5,5,5,5,5,5,5,5,5,5,5,5,5,5,5,5,5,5,5,5,5
61,877,889,883,862,862,855,856,860,887,885,878,871,872,868,854,859,893,900,883,876,879,867,864,861,901,891,891,881,884,877,874,869,913,898,893,884,893,886,878,878,909,903,907,900,894,885,876,886,919,899,910,904,894,894,894,894,933,901,916,911,909,891,900,883,7,7,5,7,5,5,5,8,6,5,5,5,5,5,5,6,8,8,5,7,5,6,7,7,9,7,6,6,7,6,6,7,7,6,5,6,5,5,6,6,7,8,6,7,8,6,6,7,8,10,7,6,7,7,6,11,8,10,7,8,7,7,6,17,5,5,5,5,5,5,5,5,5,5,5,5,5,5,5,5,5,5,5,5,5,5,5,5,5,5,5,5,5,5,5,5,5,5,5,5,5,5,5,5,5,5,5,5,5,5,5,5,5,5,5,5,5,5,5,5,5,5,5,5,5,5,5,5
62,879,883,883,870,864,864,862,852,876,886,877,872,868,862,854,866,906,886,883,878,880,863,860,858,889,886,888,886,887,871,869,873,908,894,903,899,891,874,884,876,917,914,909,904,895,879,888,899,917,909,897,904,896,899,879,893,928,915,915,903,904,895,906,885,6,7,5,6,4,6,5,6,6,5,5,4,6,5,6,5,7,9,6,6,4,6,4,5,7,6,6,5,6,6,5,7,8,6,5,8,7,5,5,6,6,6,6,8,7,5,7,8,8,8,8,6,7,5,7,9,7,13,6,12,7,6,6,13,5,5,5,5,5,5,5,5,5,5,5,5,5,5,5,5,5,5,5,5,5,5,5,5,5,5,5,5,5,5,5,5,5,5,5,5,5,5,5,5,5,5,5,5,5,5,5,5,5,5,5,5,5,5,5,5,5,5,5,5,5,5,5,5
63,902,871,871,871,880,866,857,844,894,885,872,867,872,873,873,852,895,879,880,893,872,882,868,863,910,896,890,886,881,874,868,870,905,904,894,900,891,878,885,880,908,919,892,900,885,886,891,884,910,916,902,905,909,895,891,899,937,926,916,897,899,898,903,901,6,6,5,6,5,6,5,5,8,6,5,5,5,5,5,6,10,8,6,7,5,5,5,5,8,6,6,5,6,5,6,7,8,4,5,6,6,6,6,6,7,7,6,7,7,5,8,7,7,7,8,7,6,6,6,7,10,12,8,9,6,7,6,11,5,5,5,5,5,5,5,5,5,5,5,5,5,5,5,5,5,5,5,5,5,5,5,5,5,5,5,5,5,5,5,5,5,5,5,5,5,5,5,5,5,5,5,5,5,5,5,5,5,5,5,5,5,5,5,5,5,5,5,5,5,5,5,5
64,880,878,875,867,865,849,858,848,878,879,874,879,883,860,862,864,892,885,890,872,869,875,863,856,898,890,896,886,893,878,876,866,899,895,887,883,873,881,866,881,905,912,889,894,894,884,884,881,916,916,894,901,901,901,886,878,916,920,911,906,893,900,902,881,6,6,4,7,4,5,5,5,7,5,4,5,6,4,5,6,9,8,6,6,4,6,5,5,8,6,6,5,4,6,5,7,8,6,5,6,5,5,4,5,6,7,5,6,6,5,6,8,8,8,9,9,7,6,6,7,9,9,6,8,7,6,9,11,5,5,5,5,5,5,5,5,5,5,5,5,5,5,5,5,5,5,5,5,5,5,5,5,5,5,5,5,5,5,5,5,5,5,5,5,5,5,5,5,5,5,5,5,5,5,5,5,5,5,5,5,5,5,5,5,5,5,5,5,5,5,5,5
65,891,877,862,869,864,854,873,853,895,876,881,875,875,866,871,864,883,896,878,883,876,861,883,859,887,892,891,895,881,873,875,872,892,908,885,883,888,885,882,876,910,897,912,904,891,892,872,881,932,895,904,905,897,905,898,898,929,919,899,891,902,905,917,887,8,6,5,7,5,6,6,7,6,6,5,5,5,5,7,5,7,12,5,7,6,6,6,6,7,7,6,5,6,6,6,8,7,6,6,7,6,5,5,7,7,7,8,8,7,6,6,7,10,8,8,7,7,6,7,11,10,14,6,8,8,7,6,13,5,5,5,5,5,5,5,5,5,5,5,5,5,5,5,5,5,5,5,5,5,5,5,5,5,5,5,5,5,5,5,5,5,5,5,5,5,5,5,5,5,5,5,5,5,5,5,5,5,5,5,5,5,5,5,5,5,5,5,5,5,5,5,5
66,874,882,881,874,866,858,843,848,880,882,872,872,869,872,860,851,876,891,885,881,863,869,866,863,884,893,891,884,882,876,879,862,892,896,896,882,890,892,877,875,905,911,916,889,881,899,884,897,906,905,905,897,894,905,893,880,923,918,904,907,901,896,898,906,8,5,5,6,5,5,6,6,7,6,5,5,7,5,5,4,7,10,6,6,4,6,5,7,9,6,6,5,5,6,6,6,7,6,5,6,5,5,6,6,7,5,5,6,6,7,7,6,6,10,8,6,7,5,6,9,8,10,5,9,7,6,8,15,5,5,5,5,5,5,5,5,5,5,5,5,5,5,5,5,5,5,5,5,5,5,5,5,5,5,5,5,5,5,5,5,5,5,5,5,5,5,5,5,5,5,5,5,5,5,5,5,5,5,5,5,5,5,5,5,5,5,5,5,5,5,5,5
67,880,868,867,871,856,853,863,852,873,879,869,877,872,854,865,866,905,885,877,875,872,871,867,868,889,887,884,880,887,873,869,857,894,887,901,880,886,886,878,876,892,900,910,908,911,879,882,880,903,904,917,904,901,884,887,895,920,914,917,913,907,907,891,887,6,6,5,5,4,5,6,6,6,6,5,5,6,4,5,5,8,7,7,6,6,5,4,5,8,6,6,6,6,6,6,6,9,5,6,6,7,6,6,6,6,7,6,8,8,6,7,5,6,8,7,6,8,7,6,10,9,12,6,9,7,8,8,21,5,5,5,5,5,5,5,5,5,5,5,5,5,5,5,5,5,5,5,5,5,5,5,5,5,5,5,5,5,5,5,5,5,5,5,5,5,5,5,5,5,5,5,5,5,5,5,5,5,5,5,5,5,5,5,5,5,5,5,5,5,5,5,5
68,889,865,875,859,867,862,871,861,896,874,874,875,882,864,860,858,890,891,879,864,870,882,875,852,896,884,876,892,890,876,878,876,906,902,893,892,889,890,879,881,913,913,904,894,893,881,891,897,912,929,898,903,890,897,891,889,915,907,916,911,893,902,902,916,7,5,4,6,5,5,6,6,6,6,5,5,6,4,6,5,8,8,5,6,5,6,5,6,9,6,6,4,4,6,6,6,8,7,5,5,7,5,5,5,7,6,6,6,6,5,7,7,9,8,6,6,6,6,5,9,8,12,6,11,6,7,7,27,5,5,5,5,5,5,5,5,5,5,5,5,5,5,5,5,5,5,5,5,5,5,5,5,5,5,5,5,5,5,5,5,5,5,5,5,5,5,5,5,5,5,5,5,5,5,5,5,5,5,5,5,5,5,5,5,5,5,5,5,5,5,5,5
69,887,873,872,853,863,858,854,846,892,888,878,866,874,860,870,868,888,875,882,875,880,859,866,865,904,884,887,887,874,889,876,862,890,890,901,898,870,875,885,886,906,911,901,902,903,897,883,884,904,919,923,901,898,891,889,885,921,911,905,899,900,899,898,879,8,7,5,6,5,6,6,7,6,6,5,5,5,4,6,5,9,6,6,6,6,6,5,5,9,6,6,5,5,5,5,8,8,5,5,6,5,6,6,7,6,7,7,6,8,7,7,6,7,8,9,6,6,6,7,8,10,17,7,9,7,7,7,14,5,5,5,5,5,5,5,5,5,5,5,5,5,5,5,5,5,5,5,5,5,5,5,5,5,5,5,5,5,5,5,5,5,5,5,5,5,5,5,5,5,5,5,5,5,5,5,5,5,5,5,5,5,5,5,5,5,5,5,5,5,5,5,5
70,870,880,871,862,861,861,865,844,875,884,880,872,876,862,875,858,883,887,867,874,866,880,860,862,889,896,886,884,875,867,875,869,898,900,893,886,886,880,870,875,906,884,902,910,893,873,876,876,915,899,901,902,904,893,892,890,939,912,912,907,908,911,895,882,5,6,5,6,5,6,5,6,7,5,5,5,5,4,6,5,9,7,6,5,5,6,5,6,7,6,6,6,6,5,6,6,8,7,4,6,7,6,5,6,7,6,6,7,6,7,6,8,7,9,7,7,5,6,7,9,10,16,6,8,8,6,7,10,5,5,5,5,5,5,5,5,5,5,5,5,5,5,5,5,5,5,5,5,5,5,5,5,5,5,5,5,5,5,5,5,5,5,5,5,5,5,5,5,5,5,5,5,5,5,5,5,5,5,5,5,5,5,5,5,5,5,5,5,5,5,5,5
71,883,889,868,859,859,868,861,850,888,887,874,877,876,852,857,864,897,879,877,870,882,875,868,871,892,906,890,876,881,875,873,871,913,890,898,895,894,889,882,892,911,906,901,900,895,888,888,877,901,900,892,896,886,897,881,894,938,901,904,916,902,904,899,884,7,6,5,6,5,5,6,5,6,6,5,5,6,5,5,6,12,9,6,6,5,5,5,6,7,5,7,5,5,6,5,7,6,6,5,6,5,6,6,8,5,6,7,7,7,6,7,7,9,9,7,6,6,5,7,10,7,12,7,11,8,8,7,19,5,5,5,5,5,5,5,5,5,5,5,5,5,5,5,5,5,5,5,5,5,5,5,5,5,5,5,5,5,5,5,5,5,5,5,5,5,5,5,5,5,5,5,5,5,5,5,5,5,5,5,5,5,5,5,5,5,5,5,5,5,5,5,5
72,876,884,880,869,865,848,862,859,888,883,873,877,859,860,868,867,881,889,873,869,879,865,861,865,888,888,884,886,878,866,879,876,903,911,883,894,893,880,886,873,903,898,903,893,890,889,863,878,911,906,903,880,900,894,892,880,918,910,906,921,906,903,908,896,5,4,5,6,5,5,5,5,7,6,5,4,5,5,6,6,7,6,6,6,4,5,5,5,7,6,7,5,5,5,5,7,8,5,5,6,7,6,6,5,7,5,7,6,6,7,5,7,8,9,7,6,7,4,6,9,7,13,7,8,7,6,7,10,5,5,5,5,5,5,5,5,5,5,5,5,5,5,5,5,5,5,5,5,5,5,5,5,5,5,5,5,5,5,5,5,5,5,5,5,5,5,5,5,5,5,5,5,5,5,5,5,5,5,5,5,5,5,5,5,5,5,5,5,5,5,5,5
73,881,872,869,883,867,855,868,856,894,869,888,879,866,856,870,859,885,902,875,881,875,866,864,866,898,889,899,882,877,878,868,866,898,893,908,886,885,885,875,863,921,900,901,898,903,893,885,892,908,896,909,905,904,883,909,896,941,914,905,922,896,889,915,858,8,6,6,5,5,5,5,7,6,6,6,6,6,5,7,6,9,9,6,6,5,7,5,5,7,7,6,6,6,5,6,7,7,5,6,5,7,6,6,6,8,6,7,7,8,6,8,8,7,8,9,7,8,6,8,9,8,15,8,10,9,7,9,16,5,5,5,5,5,5,5,5,5,5,5,5,5,5,5,5,5,5,5,5,5,5,5,5,5,5,5,5,5,5,5,5,5,5,5,5,5,5,5,5,5,5,5,5,5,5,5,5,5,5,5,5,5,5,5,5,5,5,5,5,5,5,5,5
74,892,868,874,874,877,856,846,849,889,878,889,877,862,863,862,860,901,875,883,883,874,871,864,858,889,887,890,881,879,874,867,870,906,908,900,889,893,873,883,873,914,906,900,901,893,883,884,887,906,917,891,902,885,893,908,869,918,942,910,919,890,908,910,890,8,6,4,5,5,5,5,6,6,5,5,4,6,4,6,5,8,6,5,5,5,5,5,7,5,5,6,5,5,6,7,8,7,5,5,5,5,6,5,6,5,7,7,7,7,6,7,7,7,9,8,7,6,6,7,9,8,10,8,9,7,10,7,15,5,5,5,5,5,5,5,5,5,5,5,5,5,5,5,5,5,5,5,5,5,5,5,5,5,5,5,5,5,5,5,5,5,5,5,5,5,5,5,5,5,5,5,5,5,5,5,5,5,5,5,5,5,5,5,5,5,5,5,5,5,5,5,5
75,884,869,878,872,867,862,863,858,880,897,871,880,865,872,870,841,899,889,892,883,870,879,874,868,886,884,900,872,880,879,877,862,907,888,891,885,877,877,876,877,906,895,894,896,880,890,870,882,918,900,913,889,884,889,889,886,928,889,909,883,897,897,898,870,7,6,6,5,5,7,5,8,9,7,5,6,5,5,6,6,10,7,7,6,5,6,6,6,8,6,7,5,6,5,6,7,8,5,5,6,7,7,4,7,6,5,7,7,7,7,7,6,7,10,8,7,6,6,7,10,10,11,7,9,6,8,7,9,5,5,5,5,5,5,5,5,5,5,5,5,5,5,5,5,5,5,5,5,5,5,5,5,5,5,5,5,5,5,5,5,5,5,5,5,5,5,5,5,5,5,5,5,5,5,5,5,5,5,5,5,5,5,5,5,5,5,5,5,5,5,5,5
76,894,876,864,874,858,851,864,843,870,877,876,867,868,869,869,851,881,891,879,872,865,868,864,861,900,886,885,879,881,880,879,856,895,893,888,894,885,870,875,878,901,893,897,901,891,894,904,885,904,907,904,890,905,899,897,871,932,909,908,912,901,910,890,881,7,7,5,5,5,5,5,6,5,5,4,5,5,5,5,5,9,6,5,7,4,5,5,6,8,5,7,5,6,5,6,6,8,5,5,5,6,5,6,5,7,6,5,6,6,6,6,6,6,8,6,7,5,5,7,8,8,10,6,9,7,9,8,14,5,5,5,5,5,5,5,5,5,5,5,5,5,5,5,5,5,5,5,5,5,5,5,5,5,5,5,5,5,5,5,5,5,5,5,5,5,5,5,5,5,5,5,5,5,5,5,5,5,5,5,5,5,5,5,5,5,5,5,5,5,5,5,5
77,887,874,871,856,866,869,860,852,896,885,876,870,873,862,868,846,880,892,884,894,866,880,857,857,885,893,889,877,875,876,869,877,891,898,892,897,890,882,869,884,910,904,898,895,895,887,887,887,932,918,898,893,907,893,894,887,936,929,912,899,906,895,892,889,8,8,6,6,5,6,5,6,6,5,5,5,6,6,5,5,9,6,7,7,6,6,5,5,7,7,7,5,6,6,6,6,7,6,5,7,6,6,6,7,7,6,6,6,7,5,7,8,8,8,8,7,9,7,7,10,10,11,7,9,7,8,8,13,5,5,5,5,5,5,5,5,5,5,5,5,5,5,5,5,5,5,5,5,5,5,5,5,5,5,5,5,5,5,5,5,5,5,5,5,5,5,5,5,5,5,5,5,5,5,5,5,5,5,5,5,5,5,5,5,5,5,5,5,5,5,5,5
78,869,871,862,880,863,855,852,850,879,885,879,874,859,872,869,848,891,883,890,877,881,863,868,859,900,887,898,893,886,891,876,871,915,910,893,899,889,877,890,866,906,911,896,905,896,890,883,881,936,908,901,904,895,889,873,884,907,913,908,909,909,882,906,870,8,5,5,8,5,6,5,6,7,5,4,5,6,5,5,6,9,8,5,6,4,5,5,5,7,5,6,5,6,5,6,8,8,5,4,5,5,6,6,7,5,5,6,7,6,7,6,6,8,7,7,6,6,7,6,8,9,11,7,9,7,6,7,16,5,5,5,5,5,5,5,5,5,5,5,5,5,5,5,5,5,5,5,5,5,5,5,5,5,5,5,5,5,5,5,5,5,5,5,5,5,5,5,5,5,5,5,5,5,5,5,5,5,5,5,5,5,5,5,5,5,5,5,5,5,5,5,5
79,875,889,875,864,854,855,864,850,889,878,875,866,872,862,869,847,877,877,878,866,881,872,862,858,905,888,882,882,880,872,874,869,897,891,887,905,892,883,881,884,912,917,913,888,891,891,892,873,914,916,909,913,894,896,888,887,938,928,916,903,894,898,894,907,6,7,5,6,5,6,5,7,9,5,5,5,7,5,6,6,8,7,6,6,5,5,5,5,7,6,6,5,6,5,6,8,7,5,6,7,6,5,6,7,8,7,5,6,7,6,6,7,8,8,9,9,8,6,7,8,8,9,7,8,7,6,8,22,5,5,5,5,5,5,5,5,5,5,5,5,5,5,5,5,5,5,5,5,5,5,5,5,5,5,5,5,5,5,5,5,5,5,5,5,5,5,5,5,5,5,5,5,5,5,5,5,5,5,5,5,5,5,5,5,5,5,5,5,5,5,5,5
80,870,877,868,866,862,866,861,848,893,876,885,872,864,876,862,852,880,890,877,878,876,881,870,856,892,904,888,882,885,876,879,872,915,899,901,886,887,882,878,880,899,899,901,905,888,882,882,876,910,893,925,887,895,888,880,872,920,897,907,918,908,898,910,877,6,7,6,6,5,6,4,6,7,5,6,5,6,4,6,5,8,6,5,6,5,4,5,5,7,6,8,5,5,5,6,7,6,6,4,5,7,5,6,7,6,6,4,7,8,6,7,6,7,8,9,8,5,5,6,11,9,9,7,7,9,6,7,16,5,5,5,5,5,5,5,5,5,5,5,5,5,5,5,5,5,5,5,5,5,5,5,5,5,5,5,5,5,5,5,5,5,5,5,5,5,5,5,5,5,5,5,5,5,5,5,5,5,5,5,5,5,5,5,5,5,5,5,5,5,5,5,5
81,875,881,872,867,852,861,859,869,884,885,892,876,856,864,863,863,879,881,881,886,873,878,873,865,883,895,878,889,887,875,877,869,883,898,896,901,892,886,879,863,904,899,893,890,878,886,886,888,914,922,916,911,896,899,893,901,940,940,915,913,885,896,908,888,6,6,5,7,4,7,6,5,9,6,5,5,6,5,6,5,9,8,6,6,5,5,6,5,8,7,7,5,6,5,6,7,9,5,5,5,6,5,6,7,7,7,6,7,8,6,7,8,8,9,10,9,8,6,6,9,8,12,6,7,9,7,8,14,5,5,5,5,5,5,5,5,5,5,5,5,5,5,5,5,5,5,5,5,5,5,5,5,5,5,5,5,5,5,5,5,5,5,5,5,5,5,5,5,5,5,5,5,5,5,5,5,5,5,5,5,5,5,5,5,5,5,5,5,5,5,5,5
82,886,870,870,866,858,861,857,857,886,882,887,881,870,865,863,857,899,906,887,880,872,870,870,856,891,892,879,878,885,878,873,860,881,890,894,883,896,881,879,874,903,896,902,891,895,890,887,871,917,905,917,912,908,896,884,870,922,919,909,906,882,890,894,905,7,6,5,6,5,5,4,7,6,5,5,5,5,5,5,5,8,7,5,6,5,5,5,6,5,5,7,5,5,5,6,6,8,5,5,6,6,6,6,6,6,7,6,6,7,5,8,7,9,10,7,7,6,6,6,9,7,13,5,9,7,8,7,21,5,5,5,5,5,5,5,5,5,5,5,5,5,5,5,5,5,5,5,5,5,5,5,5,5,5,5,5,5,5,5,5,5,5,5,5,5,5,5,5,5,5,5,5,5,5,5,5,5,5,5,5,5,5,5,5,5,5,5,5,5,5,5,5
83,880,890,861,860,866,852,848,860,883,869,882,876,870,862,864,858,874,885,887,873,886,876,865,857,903,900,888,886,878,875,880,869,906,895,892,880,889,875,890,874,914,903,912,888,895,891,876,869,910,921,909,889,901,893,880,897,943,937,915,908,908,889,879,889,8,5,5,6,5,6,5,5,9,5,5,6,5,5,6,5,12,8,7,7,5,5,6,6,8,8,7,5,6,5,6,7,8,6,6,6,7,5,7,7,9,7,6,6,6,6,6,6,8,8,7,8,7,6,7,10,12,11,6,8,7,8,7,17,5,5,5,5,5,5,5,5,5,5,5,5,5,5,5,5,5,5,5,5,5,5,5,5,5,5,5,5,5,5,5,5,5,5,5,5,5,5,5,5,5,5,5,5,5,5,5,5,5,5,5,5,5,5,5,5,5,5,5,5,5,5,5,5
84,878,886,881,868,861,855,860,857,891,878,870,865,868,869,858,867,893,893,887,891,879,862,867,854,902,896,871,886,878,876,870,867,914,890,895,890,874,886,879,877,913,894,904,894,894,880,891,878,901,910,905,897,894,884,889,884,929,925,907,896,895,902,888,880,8,8,5,5,5,6,5,6,6,5,5,5,5,4,5,6,8,6,5,6,4,5,4,6,7,6,7,5,5,6,6,7,8,5,5,5,7,5,5,5,7,7,6,6,7,5,7,6,9,8,7,7,6,6,7,9,7,11,6,7,6,7,7,13,5,5,5,5,5,5,5,5,5,5,5,5,5,5,5,5,5,5,5,5,5,5,5,5,5,5,5,5,5,5,5,5,5,5,5,5,5,5,5,5,5,5,5,5,5,5,5,5,5,5,5,5,5,5,5,5,5,5,5,5,5,5,5,5
85,883,872,876,877,869,851,853,868,888,890,876,881,866,871,866,856,891,888,887,881,881,870,861,856,901,891,880,885,883,881,881,869,917,888,895,887,889,885,869,855,911,895,901,906,900,885,883,886,908,919,897,904,889,889,911,866,921,889,919,899,902,900,883,875,7,6,5,6,6,5,6,6,5,6,5,6,7,4,6,6,10,6,5,6,5,5,5,6,7,6,6,5,6,5,6,8,8,5,5,7,7,5,5,6,8,6,5,6,8,6,8,7,7,13,6,7,7,6,7,9,8,14,7,9,6,7,8,11,5,5,5,5,5,5,5,5,5,5,5,5,5,5,5,5,5,5,5,5,5,5,5,5,5,5,5,5,5,5,5,5,5,5,5,5,5,5,5,5,5,5,5,5,5,5,5,5,5,5,5,5,5,5,5,5,5,5,5,5,5,5,5,5
86,866,891,863,856,864,856,860,858,888,874,872,871,858,871,868,860,880,887,883,884,879,859,860,869,884,886,877,886,881,869,868,879,900,895,899,884,890,877,885,873,912,890,898,894,889,885,875,887,913,900,901,903,891,889,885,876,925,907,897,912,899,899,903,890,6,5,5,6,5,6,5,5,6,5,5,5,5,4,7,5,7,8,6,6,6,5,5,6,6,6,6,5,6,6,5,10,7,5,5,6,5,6,6,5,7,6,6,6,6,6,7,7,8,10,7,7,7,7,7,8,7,10,7,7,6,6,6,14,5,5,5,5,5,5,5,5,5,5,5,5,5,5,5,5,5,5,5,5,5,5,5,5,5,5,5,5,5,5,5,5,5,5,5,5,5,5,5,5,5,5,5,5,5,5,5,5,5,5,5,5,5,5,5,5,5,5,5,5,5,5,5,5
87,888,867,875,850,856,867,856,849,893,884,882,874,873,860,866,847,898,885,880,886,873,875,860,844,913,897,885,878,877,876,863,875,892,897,890,904,885,888,878,867,917,902,911,906,895,881,890,875,916,906,901,912,900,884,886,884,931,927,902,904,905,906,901,859,8,5,6,5,5,5,5,7,6,6,6,6,6,5,6,6,10,8,5,7,6,5,4,6,6,6,5,6,5,6,5,8,8,5,5,7,7,5,5,7,7,6,7,7,7,7,7,8,9,11,8,9,9,6,7,8,10,15,6,12,7,8,8,12,5,5,5,5,5,5,5,5,5,5,5,5,5,5,5,5,5,5,5,5,5,5,5,5,5,5,5,5,5,5,5,5,5,5,5,5,5,5,5,5,5,5,5,5,5,5,5,5,5,5,5,5,5,5,5,5,5,5,5,5,5,5,5,5
88,876,879,873,870,872,860,864,855,889,878,877,871,863,868,852,843,882,884,881,889,875,867,869,858,894,882,893,884,878,865,871,869,905,902,890,892,884,888,882,871,916,905,889,899,893,892,900,873,916,908,900,895,899,899,890,891,930,913,915,913,900,902,896,878,7,6,6,6,5,6,5,6,7,5,6,5,6,5,5,5,9,8,7,5,5,5,5,6,7,5,6,4,6,5,5,6,8,6,5,5,6,6,6,7,6,6,5,6,7,8,7,6,10,10,6,9,6,5,7,11,8,11,6,8,7,5,6,9,5,5,5,5,5,5,5,5,5,5,5,5,5,5,5,5,5,5,5,5,5,5,5,5,5,5,5,5,5,5,5,5,5,5,5,5,5,5,5,5,5,5,5,5,5,5,5,5,5,5,5,5,5,5,5,5,5,5,5,5,5,5,5,5
89,881,870,868,871,863,866,862,863,909,877,875,880,865,869,859,860,884,890,883,878,874,869,873,858,903,880,897,885,877,872,875,866,905,905,892,895,905,893,874,879,915,896,899,902,898,893,877,872,899,902,890,907,899,882,907,881,920,912,910,891,902,917,893,870,5,5,5,7,6,7,6,6,8,5,5,6,5,5,5,5,8,9,6,7,5,6,5,5,6,5,6,5,5,6,6,9,7,6,5,6,7,6,6,6,7,7,7,9,8,7,7,6,6,10,8,6,7,7,5,7,9,13,6,9,7,6,9,12,5,5,5,5,5,5,5,5,5,5,5,5,5,5,5,5,5,5,5,5,5,5,5,5,5,5,5,5,5,5,5,5,5,5,5,5,5,5,5,5,5,5,5,5,5,5,5,5,5,5,5,5,5,5,5,5,5,5,5,5,5,5,5,5
90,879,883,877,870,858,870,854,855,890,874,868,878,852,871,867,860,885,885,887,885,866,867,863,864,896,905,890,881,881,866,886,864,890,887,901,884,897,868,874,873,915,908,908,902,888,886,882,874,917,919,905,904,889,897,898,892,940,922,909,913,907,912,896,872,8,5,5,7,4,6,6,6,6,5,5,5,5,4,6,5,10,6,6,6,5,5,4,7,8,5,6,5,6,5,7,8,7,5,5,6,6,5,5,6,7,6,5,7,7,6,8,7,7,9,7,7,5,6,6,7,8,13,6,9,7,6,6,11,5,5,5,5,5,5,5,5,5,5,5,5,5,5,5,5,5,5,5,5,5,5,5,5,5,5,5,5,5,5,5,5,5,5,5,5,5,5,5,5,5,5,5,5,5,5,5,5,5,5,5,5,5,5,5,5,5,5,5,5,5,5,5,5
91,878,883,869,881,863,855,874,859,879,885,876,873,877,868,859,851,898,885,879,883,869,875,883,862,892,888,899,884,872,881,873,859,896,896,900,897,888,878,880,872,909,908,897,890,894,897,883,876,910,906,903,916,908,893,886,882,919,929,910,912,892,907,899,896,8,5,6,6,5,7,7,7,7,5,6,6,5,5,6,6,9,8,7,5,6,6,7,7,10,5,7,4,6,6,6,8,8,6,5,6,7,7,6,8,7,8,5,6,6,7,8,5,8,11,8,8,6,6,8,10,8,11,7,7,7,6,7,14,5,5,5,5,5,5,5,5,5,5,5,5,5,5,5,5,5,5,5,5,5,5,5,5,5,5,5,5,5,5,5,5,5,5,5,5,5,5,5,5,5,5,5,5,5,5,5,5,5,5,5,5,5,5,5,5,5,5,5,5,5,5,5,5
92,875,883,876,871,861,865,861,860,880,878,875,875,868,869,859,858,887,891,891,892,862,876,865,872,898,905,894,891,879,870,889,872,911,906,895,894,890,887,867,873,914,909,898,900,891,888,883,873,914,903,900,897,898,883,881,889,934,932,931,908,896,894,901,884,7,5,6,6,4,5,5,5,7,5,5,5,5,5,5,6,7,6,6,6,4,5,4,5,7,5,6,6,5,5,5,6,11,5,5,5,7,5,5,7,6,6,5,6,7,5,6,6,8,9,9,7,6,6,6,13,9,10,6,11,6,7,7,11,5,5,5,5,5,5,5,5,5,5,5,5,5,5,5,5,5,5,5,5,5,5,5,5,5,5,5,5,5,5,5,5,5,5,5,5,5,5,5,5,5,5,5,5,5,5,5,5,5,5,5,5,5,5,5,5,5,5,5,5,5,5,5,5
93,881,878,864,865,857,882,857,860,882,878,883,884,876,866,871,866,895,892,877,876,890,865,872,864,898,884,891,876,887,879,888,884,901,894,898,894,893,873,882,881,916,908,896,893,890,887,896,876,923,907,906,901,898,895,894,883,919,914,901,895,893,892,911,870,8,7,6,6,5,6,5,5,8,6,6,5,5,4,6,5,9,9,8,6,5,6,7,5,7,5,6,5,6,5,7,7,10,6,5,6,5,7,6,5,8,6,6,7,6,6,6,7,7,11,9,7,6,6,7,9,8,12,7,8,6,7,7,12,5,5,5,5,5,5,5,5,5,5,5,5,5,5,5,5,5,5,5,5,5,5,5,5,5,5,5,5,5,5,5,5,5,5,5,5,5,5,5,5,5,5,5,5,5,5,5,5,5,5,5,5,5,5,5,5,5,5,5,5,5,5,5,5
94,874,883,874,863,861,849,851,852,884,883,872,877,876,859,861,865,903,881,884,877,872,879,877,862,898,892,896,891,881,880,873,872,920,902,900,891,897,874,880,876,915,915,908,912,901,880,880,892,918,923,906,905,894,897,891,873,939,906,908,901,904,885,910,879,6,5,5,7,4,5,5,6,6,5,5,5,5,4,5,5,7,8,6,6,5,6,6,6,8,6,6,6,6,5,5,7,8,6,5,6,6,6,5,6,8,6,5,7,7,5,7,8,9,8,7,8,6,6,7,12,11,11,6,9,8,6,6,12,5,5,5,5,5,5,5,5,5,5,5,5,5,5,5,5,5,5,5,5,5,5,5,5,5,5,5,5,5,5,5,5,5,5,5,5,5,5,5,5,5,5,5,5,5,5,5,5,5,5,5,5,5,5,5,5,5,5,5,5,5,5,5,5
95,879,869,870,881,862,860,854,856,886,873,883,879,869,872,863,849,878,881,883,876,877,870,872,849,904,882,887,881,888,878,878,877,896,886,896,900,887,884,879,877,904,905,890,888,898,893,902,897,925,910,899,890,894,901,887,892,914,920,910,907,892,886,896,912,7,6,6,5,5,6,6,6,6,7,5,6,7,5,6,5,9,8,6,7,5,5,6,6,8,6,7,5,6,5,5,6,8,5,5,6,7,6,6,8,8,5,6,6,6,7,9,9,7,8,7,8,7,6,6,10,9,12,6,8,7,7,6,16,5,5,5,5,5,5,5,5,5,5,5,5,5,5,5,5,5,5,5,5,5,5,5,5,5,5,5,5,5,5,5,5,5,5,5,5,5,5,5,5,5,5,5,5,5,5,5,5,5,5,5,5,5,5,5,5,5,5,5,5,5,5,5,5
96,882,876,870,868,875,862,861,856,883,872,875,880,866,872,863,864,883,892,893,869,870,869,869,860,893,887,895,881,873,883,883,874,889,895,889,880,887,884,877,870,912,892,904,899,889,884,890,880,907,920,916,898,888,903,895,899,904,909,903,893,897,895,898,859,7,6,5,6,4,5,5,5,6,6,4,5,6,5,6,6,8,6,6,6,5,5,6,6,7,5,7,6,5,4,6,8,7,6,4,5,7,5,5,6,6,6,6,7,5,6,6,7,6,8,6,8,6,6,6,9,9,9,7,9,7,7,7,15,5,5,5,5,5,5,5,5,5,5,5,5,5,5,5,5,5,5,5,5,5,5,5,5,5,5,5,5,5,5,5,5,5,5,5,5,5,5,5,5,5,5,5,5,5,5,5,5,5,5,5,5,5,5,5,5,5,5,5,5,5,5,5,5
97,879,883,872,882,870,852,856,850,887,883,889,871,868,859,860,855,921,890,876,880,875,876,862,864,903,878,884,886,879,876,887,863,901,899,894,871,883,887,861,877,906,894,908,894,905,890,874,878,907,905,910,901,886,896,913,877,929,911,916,909,912,904,908,892,7,7,5,7,6,5,5,6,6,5,6,5,4,4,5,6,9,7,5,6,6,5,5,6,8,5,6,5,6,5,6,7,9,6,6,6,5,5,7,6,7,6,8,8,7,6,6,8,8,11,8,7,6,5,7,10,12,10,7,7,8,7,7,15,5,5,5,5,5,5,5,5,5,5,5,5,5,5,5,5,5,5,5,5,5,5,5,5,5,5,5,5,5,5,5,5,5,5,5,5,5,5,5,5,5,5,5,5,5,5,5,5,5,5,5,5,5,5,5,5,5,5,5,5,5,5,5,5
98,876,868,875,871,875,869,854,850,880,891,874,877,864,876,865,846,890,898,881,890,868,868,859,863,901,899,898,883,875,869,872,868,921,904,905,889,881,876,889,870,890,911,915,888,882,884,885,873,895,916,908,895,890,878,885,873,929,916,919,909,907,894,907,892,7,6,5,6,5,5,4,5,7,6,4,5,6,5,5,6,8,7,5,6,5,6,5,7,8,5,6,5,5,6,5,7,6,4,6,5,6,5,7,7,6,6,5,7,8,6,6,7,7,9,8,6,6,6,7,9,8,11,6,8,6,5,8,17,5,5,5,5,5,5,5,5,5,5,5,5,5,5,5,5,5,5,5,5,5,5,5,5,5,5,5,5,5,5,5,5,5,5,5,5,5,5,5,5,5,5,5,5,5,5,5,5,5,5,5,5,5,5,5,5,5,5,5,5,5,5,5,5
99,901,878,881,868,861,860,867,852,884,871,879,883,861,868,856,856,882,892,886,873,873,870,866,847,895,903,901,889,882,886,881,882,895,889,887,895,889,890,883,882,897,894,896,897,883,880,886,886,915,917,915,909,908,900,887,897,927,918,907,914,898,888,912,861,8,7,6,7,5,5,5,7,7,6,6,6,5,5,5,5,8,6,6,6,6,5,6,5,6,9,6,4,6,5,6,6,8,6,5,7,7,7,7,8,8,7,6,7,7,7,8,7,9,9,9,7,6,7,6,10,10,13,6,9,7,6,7,15,5,5,5,5,5,5,5,5,5,5,5,5,5,5,5,5,5,5,5,5,5,5,5,5,5,5,5,5,5,5,5,5,5,5,5,5,5,5,5,5,5,5,5,5,5,5,5,5,5,5,5,5,5,5,5,5,5,5,5,5,5,5,5,5
100,878,882,878,870,862,857,856,846,887,869,876,872,882,868,854,839,899,898,873,891,875,873,874,867,893,893,887,881,877,880,888,863,914,891,911,883,883,876,883,885,916,894,907,896,891,898,884,894,912,897,908,900,904,897,897,888,927,903,910,895,912,876,897,884,6,6,5,6,5,5,6,6,6,6,5,5,6,4,5,5,9,7,5,6,5,5,5,5,7,7,7,5,6,6,6,7,7,5,6,5,6,6,5,5,7,6,5,6,6,6,7,9,8,8,6,6,7,5,6,8,9,8,7,10,7,7,7,15,5,5,5,5,5,5,5,5,5,5,5,5,5,5,5,5,5,5,5,5,5,5,5,5,5,5,5,5,5,5,5,5,5,5,5,5,5,5,5,5,5,5,5,5,5,5,5,5,5,5,5,5,5,5,5,5,5,5,5,5,5,5,5,5
101,895,889,875,851,859,863,858,864,891,881,871,877,872,862,866,868,889,904,872,883,868,867,859,860,898,894,894,892,885,885,878,866,893,899,891,891,880,889,888,880,893,903,918,887,880,886,893,893,919,908,916,903,894,903,884,882,929,933,923,910,914,900,895,887,8,6,6,6,5,6,6,8,10,6,4,5,5,5,6,6,10,6,6,6,5,6,6,8,8,7,7,5,5,5,6,8,7,7,5,6,6,6,6,7,6,7,6,6,7,6,7,7,8,10,8,6,8,7,6,10,9,19,7,8,7,5,7,19,5,5,5,5,5,5,5,5,5,5,5,5,5,5,5,5,5,5,5,5,5,5,5,5,5,5,5,5,5,5,5,5,5,5,5,5,5,5,5,5,5,5,5,5,5,5,5,5,5,5,5,5,5,5,5,5,5,5,5,5,5,5,5,5
102,881,881,878,877,865,857,859,848,897,881,878,870,860,863,861,871,902,896,878,865,856,876,859,866,899,897,882,884,885,869,879,871,901,890,891,895,885,894,874,875,911,905,899,892,901,890,880,879,907,911,911,909,898,895,903,881,932,916,916,917,882,916,918,900,6,7,5,6,5,5,5,7,6,5,5,5,5,5,4,6,10,7,6,6,4,5,6,4,7,6,7,6,5,5,7,8,8,6,5,6,7,6,5,6,7,5,5,6,7,7,6,8,7,7,8,6,6,7,5,8,7,11,8,8,7,6,8,11,5,5,5,5,5,5,5,5,5,5,5,5,5,5,5,5,5,5,5,5,5,5,5,5,5,5,5,5,5,5,5,5,5,5,5,5,5,5,5,5,5,5,5,5,5,5,5,5,5,5,5,5,5,5,5,5,5,5,5,5,5,5,5,5
103,878,875,871,856,867,855,852,853,890,879,874,867,880,856,858,852,890,906,874,876,881,865,859,873,908,886,881,892,878,867,876,849,907,900,894,898,892,879,879,881,923,914,908,886,895,891,885,870,913,928,893,901,890,882,881,884,918,926,915,911,885,890,898,890,6,6,5,5,5,6,6,6,6,6,4,4,5,5,5,6,9,7,6,6,4,7,5,6,7,6,7,5,5,5,7,7,8,6,5,5,6,7,5,7,7,7,7,6,7,6,7,8,7,10,8,7,7,6,7,8,8,8,6,13,8,6,5,18,5,5,5,5,5,5,5,5,5,5,5,5,5,5,5,5,5,5,5,5,5,5,5,5,5,5,5,5,5,5,5,5,5,5,5,5,5,5,5,5,5,5,5,5,5,5,5,5,5,5,5,5,5,5,5,5,5,5,5,5,5,5,5,5
104,874,874,859,875,862,854,856,856,892,883,873,886,860,865,853,854,890,897,896,864,880,871,858,861,894,893,898,887,877,881,885,865,876,893,895,891,893,882,877,879,911,915,902,894,888,887,874,892,909,914,894,898,890,895,883,884,927,897,913,915,898,901,896,887,6,6,6,6,5,5,5,7,6,6,5,5,6,4,5,5,8,8,7,5,5,5,4,6,5,6,6,5,5,6,6,8,7,6,5,5,6,5,5,6,7,6,6,6,6,6,8,8,8,6,7,6,6,6,7,8,9,13,6,8,8,7,6,17,5,5,5,5,5,5,5,5,5,5,5,5,5,5,5,5,5,5,5,5,5,5,5,5,5,5,5,5,5,5,5,5,5,5,5,5,5,5,5,5,5,5,5,5,5,5,5,5,5,5,5,5,5,5,5,5,5,5,5,5,5,5,5,5
105,873,878,882,873,861,855,862,870,880,889,888,874,874,857,862,857,886,891,890,873,879,871,876,864,891,882,894,883,886,867,885,865,901,901,895,898,897,894,882,871,903,901,904,898,898,896,883,880,918,905,908,886,886,882,885,901,915,918,912,903,904,904,910,885,7,6,5,7,5,5,6,6,9,6,6,5,5,4,5,6,9,7,7,6,5,5,5,5,6,5,6,6,6,5,6,7,8,7,5,7,6,5,5,6,8,8,6,6,7,8,7,6,9,10,7,7,5,7,6,11,7,16,6,9,8,7,7,10,5,5,5,5,5,5,5,5,5,5,5,5,5,5,5,5,5,5,5,5,5,5,5,5,5,5,5,5,5,5,5,5,5,5,5,5,5,5,5,5,5,5,5,5,5,5,5,5,5,5,5,5,5,5,5,5,5,5,5,5,5,5,5,5
106,883,876,869,866,869,865,848,848,886,882,879,874,868,880,861,868,886,887,896,894,882,863,860,869,889,891,880,878,880,873,866,864,900,903,899,897,877,890,882,877,912,902,905,912,891,884,891,893,919,932,906,899,891,892,886,900,918,900,913,917,889,884,904,900,7,7,6,7,5,7,5,5,7,5,5,6,5,5,5,5,9,8,7,7,5,6,4,5,6,6,6,5,6,5,6,7,8,6,5,5,6,6,7,5,8,5,6,5,6,6,6,8,9,10,7,6,7,4,7,10,8,9,6,8,7,6,7,21,5,5,5,5,5,5,5,5,5,5,5,5,5,5,5,5,5,5,5,5,5,5,5,5,5,5,5,5,5,5,5,5,5,5,5,5,5,5,5,5,5,5,5,5,5,5,5,5,5,5,5,5,5,5,5,5,5,5,5,5,5,5,5,5
107,879,877,871,874,873,864,857,856,886,877,881,875,866,861,866,858,899,881,884,886,877,879,872,868,888,884,883,887,881,876,873,867,893,908,900,888,893,885,882,868,906,905,895,890,888,896,890,892,910,920,906,903,890,889,887,893,923,936,897,906,895,906,899,852,6,6,6,5,4,5,5,7,6,6,5,6,6,4,6,5,9,7,6,7,6,5,6,5,6,6,6,5,5,6,7,7,9,5,5,6,5,6,6,8,7,8,5,7,8,8,7,7,10,9,9,6,6,7,6,9,9,13,7,11,8,8,6,11,5,5,5,5,5,5,5,5,5,5,5,5,5,5,5,5,5,5,5,5,5,5,5,5,5,5,5,5,5,5,5,5,5,5,5,5,5,5,5,5,5,5,5,5,5,5,5,5,5,5,5,5,5,5,5,5,5,5,5,5,5,5,5,5
108,885,883,868,870,859,854,868,858,896,874,874,873,873,861,854,852,879,897,887,869,881,869,873,857,899,899,892,879,871,882,875,870,905,891,901,905,882,876,874,878,906,906,903,883,896,882,883,882,895,900,910,902,893,889,894,883,914,912,915,907,907,895,896,884,7,7,5,5,4,5,5,5,6,5,5,5,5,5,5,5,7,10,6,6,5,6,6,6,7,6,6,5,5,6,6,6,8,5,6,6,7,5,5,6,7,5,6,6,7,5,6,6,6,8,7,7,7,7,6,10,8,14,6,9,6,6,8,12,5,5,5,5,5,5,5,5,5,5,5,5,5,5,5,5,5,5,5,5,5,5,5,5,5,5,5,5,5,5,5,5,5,5,5,5,5,5,5,5,5,5,5,5,5,5,5,5,5,5,5,5,5,5,5,5,5,5,5,5,5,5,5,5
109,874,890,874,867,872,860,859,876,886,869,878,866,875,870,874,855,893,885,875,883,883,863,862,866,906,897,892,876,875,894,876,885,903,896,899,907,882,872,876,879,901,897,894,901,908,888,891,887,903,926,912,905,902,888,891,894,937,912,904,910,910,893,900,884,6,5,5,7,6,6,4,6,6,5,6,5,5,5,5,6,9,9,5,6,4,6,4,5,8,7,7,5,5,5,6,6,9,6,5,6,6,5,6,5,7,7,6,8,7,6,7,6,7,8,8,6,5,6,7,9,10,18,6,11,10,7,7,13,5,5,5,5,5,5,5,5,5,5,5,5,5,5,5,5,5,5,5,5,5,5,5,5,5,5,5,5,5,5,5,5,5,5,5,5,5,5,5,5,5,5,5,5,5,5,5,5,5,5,5,5,5,5,5,5,5,5,5,5,5,5,5,5
110,884,872,871,865,863,869,857,848,887,880,871,872,880,864,868,860,890,887,876,885,865,865,864,862,891,885,895,877,887,879,869,878,909,900,900,886,890,886,879,860,900,900,897,891,896,889,880,888,897,914,904,902,903,896,873,886,921,926,912,894,904,903,907,895,6,6,6,7,5,4,4,6,7,6,5,5,6,4,6,5,8,7,6,5,4,5,5,4,6,6,7,5,7,5,5,7,9,5,5,6,6,5,6,5,7,6,6,7,8,5,7,6,10,8,6,6,7,7,6,7,7,15,7,9,8,7,9,12,5,5,5,5,5,5,5,5,5,5,5,5,5,5,5,5,5,5,5,5,5,5,5,5,5,5,5,5,5,5,5,5,5,5,5,5,5,5,5,5,5,5,5,5,5,5,5,5,5,5,5,5,5,5,5,5,5,5,5,5,5,5,5,5
111,889,883,882,877,862,859,866,854,879,878,871,884,873,860,872,855,898,883,882,888,865,870,869,871,894,903,885,886,874,884,866,870,902,902,893,893,901,893,884,879,896,904,904,906,898,885,886,893,921,920,910,893,889,882,884,874,917,902,915,909,911,899,899,908,8,6,6,6,5,6,5,6,8,5,5,6,5,4,6,6,10,8,6,7,5,6,6,5,6,6,7,5,5,5,6,9,10,6,6,5,6,6,6,7,6,6,5,6,7,7,6,8,11,10,8,8,6,6,7,9,8,10,6,12,7,7,8,15,5,5,5,5,5,5,5,5,5,5,5,5,5,5,5,5,5,5,5,5,5,5,5,5,5,5,5,5,5,5,5,5,5,5,5,5,5,5,5,5,5,5,5,5,5,5,5,5,5,5,5,5,5,5,5,5,5,5,5,5,5,5,5,5
112,882,890,860,877,863,857,852,847,885,894,874,875,868,871,863,855,885,890,883,878,877,862,865,865,897,886,902,885,882,883,876,866,904,898,891,883,882,879,888,873,915,912,904,894,889,885,881,893,914,902,916,881,904,892,895,880,920,930,904,904,902,894,896,895,6,6,5,7,5,6,6,5,5,6,5,6,6,4,6,6,8,7,5,5,5,5,4,5,7,5,6,4,6,6,7,7,9,7,6,6,6,4,6,7,5,5,5,6,6,5,7,8,7,8,8,7,5,6,7,8,8,10,7,10,6,6,8,15,5,5,5,5,5,5,5,5,5,5,5,5,5,5,5,5,5,5,5,5,5,5,5,5,5,5,5,5,5,5,5,5,5,5,5,5,5,5,5,5,5,5,5,5,5,5,5,5,5,5,5,5,5,5,5,5,5,5,5,5,5,5,5,5
113,881,884,871,874,860,864,863,868,887,883,883,877,867,866,865,873,881,885,900,868,881,865,867,857,894,898,895,891,880,871,869,861,911,895,902,887,889,876,869,878,905,909,908,894,894,895,885,885,928,912,924,895,890,892,893,872,919,913,906,906,887,897,896,871,5,8,6,7,5,7,5,7,7,6,7,6,6,5,6,6,7,7,6,6,6,5,6,6,8,7,7,5,6,6,7,7,12,6,6,7,6,6,5,5,7,6,7,7,6,6,7,6,10,10,7,6,6,7,7,10,11,11,7,9,8,8,7,13,5,5,5,5,5,5,5,5,5,5,5,5,5,5,5,5,5,5,5,5,5,5,5,5,5,5,5,5,5,5,5,5,5,5,5,5,5,5,5,5,5,5,5,5,5,5,5,5,5,5,5,5,5,5,5,5,5,5,5,5,5,5,5,5
114,875,877,876,864,860,857,856,843,887,880,876,872,874,873,861,872,892,887,879,878,871,867,863,856,897,884,882,893,874,874,870,873,900,896,906,893,888,879,875,878,890,901,911,891,897,891,892,891,906,894,904,906,893,899,889,871,926,899,912,902,895,894,896,886,7,7,5,6,5,6,5,5,6,5,5,5,4,4,5,6,8,9,5,5,5,4,5,6,8,5,6,5,5,5,6,7,8,5,6,6,7,5,5,5,6,7,6,7,6,7,7,7,9,8,8,7,7,6,7,9,9,9,5,9,7,6,6,13,5,5,5,5,5,5,5,5,5,5,5,5,5,5,5,5,5,5,5,5,5,5,5,5,5,5,5,5,5,5,5,5,5,5,5,5,5,5,5,5,5,5,5,5,5,5,5,5,5,5,5,5,5,5,5,5,5,5,5,5,5,5,5,5
115,875,880,863,868,867,870,859,848,890,872,884,882,874,860,871,851,890,878,883,879,872,860,867,866,898,893,886,888,875,885,882,869,898,902,896,896,899,886,882,878,917,903,910,917,868,884,884,883,922,908,896,897,900,897,891,878,917,936,911,901,899,900,884,899,7,7,5,7,6,6,5,6,7,5,6,6,6,4,7,6,8,8,6,6,5,6,5,7,8,7,7,5,5,6,5,8,9,6,5,5,6,5,6,5,7,6,5,6,7,6,8,8,9,8,8,8,7,6,7,8,8,13,9,10,6,7,7,11,5,5,5,5,5,5,5,5,5,5,5,5,5,5,5,5,5,5,5,5,5,5,5,5,5,5,5,5,5,5,5,5,5,5,5,5,5,5,5,5,5,5,5,5,5,5,5,5,5,5,5,5,5,5,5,5,5,5,5,5,5,5,5,5
116,888,875,878,870,871,857,859,859,883,874,870,874,874,862,869,857,885,877,878,882,871,869,865,878,899,892,890,884,875,882,879,868,915,901,890,879,889,879,874,864,902,910,894,903,898,893,875,881,912,909,914,905,900,900,897,883,925,914,910,910,897,892,894,901,6,6,6,7,5,5,6,6,7,4,4,5,6,4,6,4,8,7,7,6,5,5,5,6,7,6,5,4,6,5,5,8,7,5,5,5,6,6,6,6,6,7,6,7,7,6,6,7,8,8,9,7,6,7,6,7,8,10,7,10,6,6,9,16,5,5,5,5,5,5,5,5,5,5,5,5,5,5,5,5,5,5,5,5,5,5,5,5,5,5,5,5,5,5,5,5,5,5,5,5,5,5,5,5,5,5,5,5,5,5,5,5,5,5,5,5,5,5,5,5,5,5,5,5,5,5,5,5
117,881,880,873,872,866,867,861,862,880,891,874,868,860,860,869,855,879,920,881,887,881,875,859,864,902,891,897,886,881,877,874,877,911,905,885,885,889,889,868,878,909,903,912,897,910,880,885,873,921,908,900,901,889,894,869,883,943,934,910,909,898,902,911,895,6,7,7,5,5,5,6,6,8,6,5,4,6,4,5,5,8,9,6,6,5,6,5,6,8,6,6,5,6,6,8,7,9,6,4,7,6,5,5,8,8,6,8,7,9,6,8,8,9,10,7,7,7,5,8,8,10,10,7,10,7,7,8,18,5,5,5,5,5,5,5,5,5,5,5,5,5,5,5,5,5,5,5,5,5,5,5,5,5,5,5,5,5,5,5,5,5,5,5,5,5,5,5,5,5,5,5,5,5,5,5,5,5,5,5,5,5,5,5,5,5,5,5,5,5,5,5,5
118,880,876,874,875,858,861,861,849,877,880,877,868,881,865,869,862,889,889,876,886,875,870,878,873,905,893,897,888,874,879,867,866,918,900,904,885,882,883,889,867,923,900,910,899,882,890,881,878,916,906,915,900,909,892,886,901,928,930,905,896,900,897,899,884,7,6,4,6,4,5,4,6,7,5,5,5,5,5,5,5,8,5,4,6,4,5,6,5,7,6,7,5,5,5,5,7,9,6,5,6,6,5,6,5,8,5,7,6,6,6,6,5,6,11,8,6,8,5,6,10,11,11,7,7,8,6,6,15,5,5,5,5,5,5,5,5,5,5,5,5,5,5,5,5,5,5,5,5,5,5,5,5,5,5,5,5,5,5,5,5,5,5,5,5,5,5,5,5,5,5,5,5,5,5,5,5,5,5,5,5,5,5,5,5,5,5,5,5,5,5,5,5
119,882,884,878,867,869,864,852,853,884,891,884,882,873,858,865,865,876,900,881,873,873,869,875,862,900,897,885,882,884,886,867,874,914,899,901,899,897,872,887,873,897,912,908,898,900,890,898,881,907,917,909,912,893,904,893,886,930,909,912,903,898,903,895,862,7,5,5,6,5,5,5,6,6,5,6,5,6,5,5,5,8,7,6,9,5,7,6,5,7,6,7,5,6,5,6,8,10,7,6,5,6,6,7,6,6,6,5,7,7,7,9,6,11,7,8,9,7,6,7,9,9,15,6,8,7,7,7,13,5,5,5,5,5,5,5,5,5,5,5,5,5,5,5,5,5,5,5,5,5,5,5,5,5,5,5,5,5,5,5,5,5,5,5,5,5,5,5,5,5,5,5,5,5,5,5,5,5,5,5,5,5,5,5,5,5,5,5,5,5,5,5,5
120,885,874,873,874,872,863,856,852,895,881,882,870,877,870,860,850,893,884,885,877,875,876,870,862,894,883,889,879,880,876,863,866,907,893,896,903,901,887,881,863,901,913,904,899,903,886,897,878,898,918,888,909,891,893,893,870,933,921,916,898,916,898,890,905,7,5,5,5,5,6,7,6,7,5,5,5,5,5,6,5,10,6,6,5,6,5,5,4,8,6,6,5,5,5,4,7,8,6,5,6,6,5,5,7,6,7,5,7,7,5,8,8,9,8,7,7,8,6,6,10,9,13,5,8,5,6,7,18,5,5,5,5,5,5,5,5,5,5,5,5,5,5,5,5,5,5,5,5,5,5,5,5,5,5,5,5,5,5,5,5,5,5,5,5,5,5,5,5,5,5,5,5,5,5,5,5,5,5,5,5,5,5,5,5,5,5,5,5,5,5,5,5
121,878,882,868,848,882,856,864,867,878,884,876,883,874,877,865,847,895,885,871,879,884,880,866,855,895,905,889,889,887,889,880,856,897,901,892,886,886,882,879,879,918,904,908,903,890,886,890,875,908,930,894,914,909,888,892,889,920,905,922,899,917,908,899,857,7,6,6,5,5,6,4,5,9,5,6,6,6,6,6,6,10,6,8,5,5,6,5,7,9,5,7,5,7,6,6,8,7,5,6,6,6,6,7,6,7,7,7,8,7,6,6,6,6,10,6,9,5,5,7,8,7,10,6,11,8,8,7,19,5,5,5,5,5,5,5,5,5,5,5,5,5,5,5,5,5,5,5,5,5,5,5,5,5,5,5,5,5,5,5,5,5,5,5,5,5,5,5,5,5,5,5,5,5,5,5,5,5,5,5,5,5,5,5,5,5,5,5,5,5,5,5,5
122,883,869,878,872,867,867,863,852,887,889,886,875,877,869,855,854,886,906,887,888,872,863,860,872,906,889,884,867,881,874,869,873,900,883,887,889,874,889,873,884,916,906,902,891,891,892,893,901,921,897,909,903,900,894,903,878,934,912,916,910,903,909,897,885,6,6,5,5,5,6,5,7,6,6,6,5,5,4,5,5,7,8,5,6,5,6,4,6,9,5,6,4,5,6,5,8,8,6,4,5,5,5,5,8,6,6,5,5,7,6,7,8,8,9,5,5,6,5,7,7,12,11,6,8,8,7,6,11,5,5,5,5,5,5,5,5,5,5,5,5,5,5,5,5,5,5,5,5,5,5,5,5,5,5,5,5,5,5,5,5,5,5,5,5,5,5,5,5,5,5,5,5,5,5,5,5,5,5,5,5,5,5,5,5,5,5,5,5,5,5,5,5
123,876,887,863,872,864,852,867,865,879,868,881,869,859,864,864,860,905,885,890,874,879,884,864,864,892,894,890,877,880,881,871,859,906,904,896,898,887,883,884,877,917,897,906,907,883,894,884,873,908,920,923,899,896,899,888,891,937,914,902,907,897,907,894,870,7,6,6,5,5,5,6,6,7,6,6,6,6,5,6,5,9,7,6,6,4,6,5,6,7,6,7,5,6,5,6,7,8,5,6,6,7,5,6,7,6,5,8,8,8,8,7,6,9,9,11,5,5,5,7,14,11,13,7,13,6,7,8,16,5,5,5,5,5,5,5,5,5,5,5,5,5,5,5,5,5,5,5,5,5,5,5,5,5,5,5,5,5,5,5,5,5,5,5,5,5,5,5,5,5,5,5,5,5,5,5,5,5,5,5,5,5,5,5,5,5,5,5,5,5,5,5,5
124,867,871,881,868,863,858,860,854,883,882,877,868,875,854,856,860,880,898,874,881,879,873,862,863,908,899,862,880,879,869,878,870,915,893,889,894,895,886,880,874,914,910,896,898,901,897,884,876,926,898,919,893,891,901,889,888,945,927,913,902,895,893,899,876,6,5,5,6,5,5,4,7,7,5,5,5,5,5,5,5,7,6,5,6,4,5,5,6,6,7,5,6,6,5,6,7,7,5,5,5,5,5,5,7,7,5,5,6,8,6,7,6,8,10,6,7,5,6,7,9,8,12,6,10,6,6,6,10,5,5,5,5,5,5,5,5,5,5,5,5,5,5,5,5,5,5,5,5,5,5,5,5,5,5,5,5,5,5,5,5,5,5,5,5,5,5,5,5,5,5,5,5,5,5,5,5,5,5,5,5,5,5,5,5,5,5,5,5,5,5,5,5
125,885,893,875,865,863,853,849,856,871,888,865,872,868,871,873,853,892,879,874,879,877,872,862,862,893,896,888,887,888,879,873,851,897,894,897,881,875,884,868,882,913,909,905,900,893,886,884,875,897,908,909,886,899,895,895,889,924,912,920,913,903,897,899,904,7,6,5,6,5,6,6,7,6,6,5,6,5,5,6,6,11,9,6,6,6,6,4,6,6,6,6,6,7,5,5,7,8,6,5,6,6,5,6,6,6,6,6,6,7,6,7,7,9,12,7,8,7,6,7,10,8,9,8,8,7,7,7,26,5,5,5,5,5,5,5,5,5,5,5,5,5,5,5,5,5,5,5,5,5,5,5,5,5,5,5,5,5,5,5,5,5,5,5,5,5,5,5,5,5,5,5,5,5,5,5,5,5,5,5,5,5,5,5,5,5,5,5,5,5,5,5,5
126,891,885,861,859,850,863,868,855,886,862,884,876,872,861,862,847,875,880,876,885,877,874,864,868,887,885,892,883,886,884,865,864,906,903,895,886,891,885,875,882,908,896,901,897,896,889,885,883,918,910,895,900,896,895,887,864,941,923,904,909,897,889,910,876,8,7,5,6,4,6,5,6,7,5,5,5,5,4,5,5,8,6,5,5,5,5,5,4,6,6,7,5,7,5,6,6,7,6,5,5,6,5,5,8,6,6,6,6,8,6,6,7,8,8,6,6,7,6,7,8,9,13,7,7,6,7,7,9,5,5,5,5,5,5,5,5,5,5,5,5,5,5,5,5,5,5,5,5,5,5,5,5,5,5,5,5,5,5,5,5,5,5,5,5,5,5,5,5,5,5,5,5,5,5,5,5,5,5,5,5,5,5,5,5,5,5,5,5,5,5,5,5
127,909,878,870,873,865,856,857,855,893,892,883,876,860,860,872,862,888,896,875,879,871,882,868,863,904,890,893,891,887,876,869,881,910,913,896,881,892,890,882,874,902,917,915,899,900,886,884,893,931,912,913,908,894,881,886,894,916,906,907,893,904,900,914,895,7,6,6,5,5,6,5,6,6,7,5,5,6,5,5,5,8,8,6,6,6,7,6,6,9,7,7,5,5,6,8,7,7,5,5,7,8,6,6,9,8,7,5,8,9,6,7,10,11,8,10,7,7,5,8,6,12,10,7,8,6,7,9,13,5,5,5,5,5,5,5,5,5,5,5,5,5,5,5,5,5,5,5,5,5,5,5,5,5,5,5,5,5,5,5,5,5,5,5,5,5,5,5,5,5,5,5,5,5,5,5,5,5,5,5,5,5,5,5,5,5,5,5,5,5,5,5,5
128,886,887,872,854,866,857,853,844,895,885,877,879,884,864,863,856,875,887,881,877,872,875,870,867,880,891,885,880,878,871,874,853,906,898,895,880,890,882,873,877,914,915,899,889,882,886,894,890,905,912,895,899,900,891,897,880,907,915,910,905,897,898,905,886,7,6,5,5,5,5,5,5,7,5,5,5,6,4,5,5,8,8,5,5,5,7,5,6,6,6,6,6,5,5,6,5,10,6,5,6,6,6,6,5,5,6,5,6,8,5,8,6,6,8,7,8,4,5,7,10,8,11,8,8,8,7,6,14,5,5,5,5,5,5,5,5,5,5,5,5,5,5,5,5,5,5,5,5,5,5,5,5,5,5,5,5,5,5,5,5,5,5,5,5,5,5,5,5,5,5,5,5,5,5,5,5,5,5,5,5,5,5,5,5,5,5,5,5,5,5,5,5
129,883,877,869,869,865,853,863,863,891,885,890,877,874,869,863,846,899,887,884,878,874,868,868,876,882,896,895,885,884,878,863,858,897,891,896,887,893,879,869,873,912,911,899,900,889,895,889,868,927,900,907,911,902,897,893,899,943,919,912,900,900,904,901,904,7,7,6,7,5,5,5,6,7,6,6,6,6,5,5,5,10,8,6,6,6,5,6,5,9,5,7,4,6,7,7,7,8,6,6,5,7,6,5,7,7,6,6,7,6,7,6,8,11,8,8,6,7,6,8,8,12,15,9,9,9,8,7,14,5,5,5,5,5,5,5,5,5,5,5,5,5,5,5,5,5,5,5,5,5,5,5,5,5,5,5,5,5,5,5,5,5,5,5,5,5,5,5,5,5,5,5,5,5,5,5,5,5,5,5,5,5,5,5,5,5,5,5,5,5,5,5,5
130,886,872,881,868,868,860,868,862,890,882,876,870,872,857,862,858,890,901,874,876,869,868,876,856,902,896,890,889,886,888,868,855,900,893,895,889,892,885,885,867,909,911,901,887,898,892,884,885,913,911,915,910,885,901,895,889,922,923,919,898,904,884,891,891,6,6,5,7,5,7,5,6,7,6,6,5,5,4,5,5,9,6,8,6,4,6,6,5,7,6,7,6,6,5,5,7,10,6,5,5,6,5,6,7,8,7,6,6,7,6,6,6,7,7,8,7,6,5,6,9,8,16,6,7,7,9,8,17,5,5,5,5,5,5,5,5,5,5,5,5,5,5,5,5,5,5,5,5,5,5,5,5,5,5,5,5,5,5,5,5,5,5,5,5,5,5,5,5,5,5,5,5,5,5,5,5,5,5,5,5,5,5,5,5,5,5,5,5,5,5,5,5
131,888,884,872,866,864,849,862,865,884,870,876,859,864,868,863,855,880,894,885,889,871,861,865,875,902,894,893,885,875,887,870,862,905,885,902,913,882,885,875,879,914,900,905,888,893,895,892,886,922,911,911,894,907,901,889,888,924,931,912,902,910,890,896,863,8,6,6,7,4,5,6,6,8,6,5,6,5,6,6,7,7,6,6,7,5,5,5,6,7,6,6,4,5,5,5,7,8,6,5,7,7,5,5,7,7,5,7,6,6,7,6,8,7,8,8,6,7,6,7,8,8,10,6,11,7,6,7,13,5,5,5,5,5,5,5,5,5,5,5,5,5,5,5,5,5,5,5,5,5,5,5,5,5,5,5,5,5,5,5,5,5,5,5,5,5,5,5,5,5,5,5,5,5,5,5,5,5,5,5,5,5,5,5,5,5,5,5,5,5,5,5,5
132,895,872,880,867,868,858,867,864,885,888,876,868,865,870,855,847,883,894,886,884,868,877,869,857,904,892,892,898,881,869,885,866,894,903,887,895,880,888,869,881,900,900,899,901,893,880,875,884,905,903,901,894,892,897,886,894,927,907,917,908,884,904,905,896,6,5,5,7,5,5,5,5,7,5,5,5,6,4,5,5,8,7,5,6,5,4,5,6,7,5,6,4,5,5,7,7,8,4,5,5,7,5,5,6,7,7,6,6,6,5,5,7,7,10,6,7,6,5,7,10,7,11,5,10,7,6,6,11,5,5,5,5,5,5,5,5,5,5,5,5,5,5,5,5,5,5,5,5,5,5,5,5,5,5,5,5,5,5,5,5,5,5,5,5,5,5,5,5,5,5,5,5,5,5,5,5,5,5,5,5,5,5,5,5,5,5,5,5,5,5,5,5
133,895,876,867,869,871,862,860,860,896,878,882,871,868,862,848,857,897,883,885,890,883,873,874,867,887,890,885,886,877,885,867,879,911,901,903,889,879,887,878,878,905,909,905,906,885,881,871,881,913,899,907,908,895,891,888,865,930,916,917,911,900,891,893,881,6,5,5,7,6,6,5,7,9,4,5,5,7,4,5,6,9,10,5,6,5,6,6,6,7,6,8,5,6,5,5,8,9,5,5,8,6,6,6,7,9,7,8,7,6,6,6,6,8,9,9,9,7,5,6,9,9,11,6,10,7,6,7,12,5,5,5,5,5,5,5,5,5,5,5,5,5,5,5,5,5,5,5,5,5,5,5,5,5,5,5,5,5,5,5,5,5,5,5,5,5,5,5,5,5,5,5,5,5,5,5,5,5,5,5,5,5,5,5,5,5,5,5,5,5,5,5,5
134,892,877,877,873,866,855,858,857,874,880,884,880,874,864,864,866,897,880,880,886,888,871,872,862,907,895,878,890,877,878,870,868,892,898,896,890,888,885,881,872,913,905,906,912,889,889,877,874,910,905,889,902,886,886,904,876,916,928,902,899,897,889,894,891,8,5,4,6,5,5,5,7,6,5,5,5,5,4,6,5,8,8,5,6,5,4,6,6,9,7,6,4,5,4,5,7,7,6,4,5,5,5,6,5,6,6,6,7,5,5,5,7,8,10,8,9,6,6,8,9,9,10,8,7,7,7,6,13,5,5,5,5,5,5,5,5,5,5,5,5,5,5,5,5,5,5,5,5,5,5,5,5,5,5,5,5,5,5,5,5,5,5,5,5,5,5,5,5,5,5,5,5,5,5,5,5,5,5,5,5,5,5,5,5,5,5,5,5,5,5,5,5
135,889,883,875,877,867,870,858,868,888,880,879,874,877,862,863,857,891,872,884,879,876,860,871,881,880,894,884,888,883,873,876,861,895,909,898,885,896,879,884,876,903,892,915,904,893,898,889,880,909,910,898,901,897,897,881,890,908,917,907,894,905,898,887,903,6,5,5,6,5,5,5,6,6,6,6,6,5,5,7,5,9,9,6,6,4,6,5,6,8,5,6,6,5,6,8,6,11,6,6,6,6,5,7,7,8,6,6,7,7,7,8,6,8,11,7,6,7,6,6,6,8,18,7,9,7,5,7,18,5,5,5,5,5,5,5,5,5,5,5,5,5,5,5,5,5,5,5,5,5,5,5,5,5,5,5,5,5,5,5,5,5,5,5,5,5,5,5,5,5,5,5,5,5,5,5,5,5,5,5,5,5,5,5,5,5,5,5,5,5,5,5,5
136,875,877,879,866,862,861,867,855,877,882,870,880,866,867,870,857,898,889,882,881,866,879,875,874,889,889,883,886,883,873,864,856,895,913,893,896,884,882,877,874,914,902,916,892,901,906,868,876,910,911,933,903,892,900,894,885,930,910,910,896,907,890,879,917,5,5,5,5,4,5,5,7,7,6,5,5,6,4,5,5,6,8,6,6,5,5,6,5,6,5,7,4,5,6,5,7,7,5,5,6,6,5,5,6,8,7,5,6,7,7,7,6,8,9,10,9,8,6,8,10,11,13,7,9,7,6,6,17,5,5,5,5,5,5,5,5,5,5,5,5,5,5,5,5,5,5,5,5,5,5,5,5,5,5,5,5,5,5,5,5,5,5,5,5,5,5,5,5,5,5,5,5,5,5,5,5,5,5,5,5,5,5,5,5,5,5,5,5,5,5,5,5
137,869,871,879,866,870,877,862,839,886,882,875,872,851,871,865,858,907,880,887,869,881,884,871,859,895,887,894,879,885,879,866,871,901,898,889,890,904,887,878,868,931,913,901,894,889,889,901,885,903,919,903,896,900,897,887,896,919,913,905,907,896,906,905,884,6,5,5,7,5,6,4,5,5,5,5,5,5,5,5,5,8,8,5,6,5,5,5,5,8,5,6,6,6,6,6,9,10,5,4,6,7,6,5,6,8,8,6,6,8,6,7,8,6,9,7,8,8,5,7,9,8,9,6,8,7,7,7,10,5,5,5,5,5,5,5,5,5,5,5,5,5,5,5,5,5,5,5,5,5,5,5,5,5,5,5,5,5,5,5,5,5,5,5,5,5,5,5,5,5,5,5,5,5,5,5,5,5,5,5,5,5,5,5,5,5,5,5,5,5,5,5,5
138,877,865,863,874,858,862,849,852,884,879,876,877,860,862,860,852,900,884,885,875,873,874,877,856,892,898,884,886,869,879,869,867,924,908,890,895,888,870,875,869,907,906,902,891,888,889,876,884,911,900,890,904,891,893,893,909,924,941,907,894,904,902,883,882,6,6,5,7,4,6,5,7,6,5,5,5,6,4,5,7,9,6,6,6,5,5,6,5,7,5,5,6,5,5,5,7,10,5,5,5,6,5,4,6,7,5,7,5,6,5,6,6,8,9,8,6,6,6,7,10,9,8,5,8,9,7,6,13,5,5,5,5,5,5,5,5,5,5,5,5,5,5,5,5,5,5,5,5,5,5,5,5,5,5,5,5,5,5,5,5,5,5,5,5,5,5,5,5,5,5,5,5,5,5,5,5,5,5,5,5,5,5,5,5,5,5,5,5,5,5,5,5
139,882,877,872,876,855,854,866,855,887,876,878,871,867,864,877,862,893,900,893,886,868,870,871,852,892,892,906,885,874,874,867,863,908,896,899,886,890,887,880,866,910,897,902,890,891,894,875,880,914,900,906,899,893,897,872,898,926,921,896,925,907,897,899,902,6,7,6,8,5,7,6,6,5,5,5,5,5,4,5,5,9,9,6,6,5,5,6,6,6,6,6,5,5,7,5,7,8,7,5,6,8,5,6,6,6,8,6,6,7,6,6,6,7,9,8,7,7,6,6,8,9,11,7,8,9,7,6,19,5,5,5,5,5,5,5,5,5,5,5,5,5,5,5,5,5,5,5,5,5,5,5,5,5,5,5,5,5,5,5,5,5,5,5,5,5,5,5,5,5,5,5,5,5,5,5,5,5,5,5,5,5,5,5,5,5,5,5,5,5,5,5,5
140,873,878,882,872,859,861,858,846,885,889,869,874,868,867,850,859,874,892,880,886,883,878,871,863,916,899,897,883,881,879,876,873,900,896,890,892,886,886,871,880,915,896,893,900,901,890,894,881,911,911,916,898,895,893,888,874,931,923,899,894,905,889,900,896,6,6,4,8,5,6,5,5,6,6,5,5,6,5,4,6,9,7,5,6,4,5,5,5,9,5,6,5,6,6,6,6,7,5,6,6,6,6,5,5,7,5,5,6,8,6,6,7,8,11,9,7,7,5,6,8,9,13,6,10,8,6,6,17,5,5,5,5,5,5,5,5,5,5,5,5,5,5,5,5,5,5,5,5,5,5,5,5,5,5,5,5,5,5,5,5,5,5,5,5,5,5,5,5,5,5,5,5,5,5,5,5,5,5,5,5,5,5,5,5,5,5,5,5,5,5,5,5
141,888,875,874,874,868,865,853,855,883,876,869,863,867,866,858,842,899,888,883,884,887,866,866,851,892,893,899,882,889,872,878,869,897,908,893,892,883,882,896,869,909,895,908,884,900,889,881,878,915,906,915,903,898,890,888,884,924,909,910,924,899,899,900,888,8,6,5,7,5,6,5,7,6,5,5,6,5,5,5,5,9,6,6,5,5,5,5,5,8,6,7,6,7,5,7,8,9,7,5,5,8,6,7,5,7,7,7,6,7,6,7,6,10,11,8,7,7,8,6,10,8,11,5,9,7,7,6,17,5,5,5,5,5,5,5,5,5,5,5,5,5,5,5,5,5,5,5,5,5,5,5,5,5,5,5,5,5,5,5,5,5,5,5,5,5,5,5,5,5,5,5,5,5,5,5,5,5,5,5,5,5,5,5,5,5,5,5,5,5,5,5,5
142,875,874,861,864,868,851,852,848,891,883,879,867,873,869,867,848,887,892,881,878,877,867,871,863,913,899,900,884,887,882,869,862,906,903,891,891,873,886,881,878,898,891,893,904,889,888,893,880,920,926,909,895,897,898,878,883,924,914,909,905,907,893,898,872,7,6,5,7,5,5,5,5,6,5,5,5,5,4,6,5,8,9,6,5,5,5,5,5,8,6,6,4,6,5,6,7,8,6,5,6,6,4,6,5,6,6,4,6,6,6,8,7,9,10,7,8,6,6,5,8,10,10,5,6,6,6,7,12,5,5,5,5,5,5,5,5,5,5,5,5,5,5,5,5,5,5,5,5,5,5,5,5,5,5,5,5,5,5,5,5,5,5,5,5,5,5,5,5,5,5,5,5,5,5,5,5,5,5,5,5,5,5,5,5,5,5,5,5,5,5,5,5
143,885,883,873,867,866,862,859,852,878,892,882,872,879,865,863,861,891,902,893,865,869,874,871,867,891,880,893,873,877,887,869,870,899,893,902,893,903,888,889,871,901,898,898,884,879,894,903,892,913,901,911,902,898,897,890,882,927,920,917,914,901,916,899,871,6,5,5,6,5,6,5,6,7,6,5,4,5,5,5,5,10,7,6,7,5,6,6,8,7,4,6,5,5,5,8,7,8,6,6,6,6,6,6,6,7,7,6,5,8,6,8,7,7,10,8,7,6,5,7,10,8,12,8,11,6,7,7,15,5,5,5,5,5,5,5,5,5,5,5,5,5,5,5,5,5,5,5,5,5,5,5,5,5,5,5,5,5,5,5,5,5,5,5,5,5,5,5,5,5,5,5,5,5,5,5,5,5,5,5,5,5,5,5,5,5,5,5,5,5,5,5,5
144,888,879,872,871,864,850,859,858,879,873,885,878,865,868,856,855,882,890,877,879,873,876,868,866,894,892,902,889,882,879,863,874,898,901,897,889,890,886,878,877,904,896,903,908,885,893,888,864,904,910,910,917,892,888,903,883,924,926,920,904,903,896,893,885,7,7,5,5,4,5,5,8,7,6,5,4,6,5,5,6,7,9,5,6,5,5,5,5,6,6,6,5,6,5,7,9,7,6,5,5,7,6,5,8,6,5,6,7,8,6,7,7,8,8,8,7,6,5,8,8,9,10,6,10,7,6,7,12,5,5,5,5,5,5,5,5,5,5,5,5,5,5,5,5,5,5,5,5,5,5,5,5,5,5,5,5,5,5,5,5,5,5,5,5,5,5,5,5,5,5,5,5,5,5,5,5,5,5,5,5,5,5,5,5,5,5,5,5,5,5,5,5
145,876,853,858,869,874,860,846,854,877,876,868,876,881,863,863,861,887,900,896,879,877,861,871,870,902,896,885,882,873,885,867,875,909,909,883,873,895,892,885,880,913,911,909,902,894,893,894,872,901,914,920,901,908,894,898,891,924,894,908,910,906,894,903,909,8,7,5,7,6,6,6,7,7,5,5,5,5,5,5,5,9,7,7,5,5,5,5,5,8,6,5,5,5,4,5,7,10,6,5,7,6,6,6,6,6,7,7,7,7,7,6,6,8,11,6,6,6,6,8,9,9,10,8,11,9,6,7,15,5,5,5,5,5,5,5,5,5,5,5,5,5,5,5,5,5,5,5,5,5,5,5,5,5,5,5,5,5,5,5,5,5,5,5,5,5,5,5,5,5,5,5,5,5,5,5,5,5,5,5,5,5,5,5,5,5,5,5,5,5,5,5,5
146,883,872,878,876,870,859,865,862,887,879,883,869,871,865,859,860,877,900,893,872,879,875,873,873,909,904,889,874,878,878,867,865,906,897,895,883,879,877,877,863,906,901,889,903,897,883,883,876,908,913,906,889,900,895,881,904,928,911,912,898,916,905,903,910,7,6,5,9,4,6,5,5,7,4,5,5,5,4,5,6,7,6,6,6,4,5,6,6,8,7,8,5,5,6,6,7,10,6,5,5,6,5,6,6,6,5,5,7,7,4,7,7,7,8,7,8,6,6,6,10,11,11,5,8,7,8,7,23,5,5,5,5,5,5,5,5,5,5,5,5,5,5,5,5,5,5,5,5,5,5,5,5,5,5,5,5,5,5,5,5,5,5,5,5,5,5,5,5,5,5,5,5,5,5,5,5,5,5,5,5,5,5,5,5,5,5,5,5,5,5,5,5
147,863,881,877,853,857,866,858,854,900,887,875,877,868,865,864,860,888,884,875,882,881,874,871,871,898,888,895,883,882,878,872,872,917,908,904,897,899,888,877,880,913,890,899,900,897,902,890,867,911,893,923,903,898,892,889,868,925,933,908,904,899,893,897,884,7,6,5,5,6,6,6,5,7,6,6,5,6,5,5,6,9,8,6,7,4,6,5,5,10,6,7,6,6,4,6,7,9,6,6,5,6,5,7,6,5,6,6,8,9,6,6,7,8,9,9,8,7,6,7,9,8,13,6,10,8,7,7,15,5,5,5,5,5,5,5,5,5,5,5,5,5,5,5,5,5,5,5,5,5,5,5,5,5,5,5,5,5,5,5,5,5,5,5,5,5,5,5,5,5,5,5,5,5,5,5,5,5,5,5,5,5,5,5,5,5,5,5,5,5,5,5,5
148,871,873,875,870,870,861,846,853,882,873,876,876,872,856,871,859,904,893,873,877,873,870,859,853,899,889,887,892,884,884,878,871,915,895,896,892,887,887,881,878,902,911,902,899,886,879,886,885,914,919,910,907,903,897,896,890,911,899,913,901,893,896,919,912,7,7,5,5,5,6,5,6,6,6,4,5,5,5,6,6,7,9,6,7,5,5,5,5,7,5,7,5,6,4,7,7,11,5,5,6,6,5,6,5,7,6,6,7,7,5,7,8,11,7,7,7,5,5,8,9,10,12,6,9,6,6,8,13,5,5,5,5,5,5,5,5,5,5,5,5,5,5,5,5,5,5,5,5,5,5,5,5,5,5,5,5,5,5,5,5,5,5,5,5,5,5,5,5,5,5,5,5,5,5,5,5,5,5,5,5,5,5,5,5,5,5,5,5,5,5,5,5
149,875,875,870,866,858,868,858,862,890,882,876,867,858,867,859,850,885,885,878,885,885,870,862,858,896,891,898,896,882,883,865,868,911,904,904,894,879,891,878,867,915,900,900,889,898,893,884,863,891,906,922,895,892,898,875,893,937,909,925,903,908,883,916,886,6,6,5,6,5,7,5,6,6,6,6,4,6,5,5,5,8,9,5,6,5,6,4,7,7,6,6,5,6,5,5,7,7,7,6,7,7,6,5,6,6,6,7,7,6,7,6,8,7,9,7,6,7,6,8,8,8,13,6,10,8,8,11,14,5,5,5,5,5,5,5,5,5,5,5,5,5,5,5,5,5,5,5,5,5,5,5,5,5,5,5,5,5,5,5,5,5,5,5,5,5,5,5,5,5,5,5,5,5,5,5,5,5,5,5,5,5,5,5,5,5,5,5,5,5,5,5,5
150,874,873,871,864,854,868,860,856,882,876,872,859,875,871,864,845,897,888,891,887,872,883,862,857,882,880,874,891,878,879,862,884,896,901,885,898,895,877,894,878,911,903,901,901,887,891,886,867,916,921,908,897,890,884,889,879,896,913,914,908,912,898,908,903,7,6,4,7,4,5,4,5,5,5,5,6,6,5,5,5,9,8,7,6,5,5,5,6,7,5,7,5,5,5,7,8,7,6,5,5,6,6,6,6,8,6,6,8,5,6,7,9,9,9,6,6,6,6,7,10,8,13,7,8,8,7,6,13,5,5,5,5,5,5,5,5,5,5,5,5,5,5,5,5,5,5,5,5,5,5,5,5,5,5,5,5,5,5,5,5,5,5,5,5,5,5,5,5,5,5,5,5,5,5,5,5,5,5,5,5,5,5,5,5,5,5,5,5,5,5,5,5
151,870,883,866,878,869,858,859,845,901,886,875,868,873,863,863,853,879,869,879,878,877,869,878,872,904,903,881,874,872,874,866,876,906,907,895,889,879,894,886,863,911,908,892,889,870,900,880,890,907,904,907,908,891,901,889,901,930,917,918,905,911,888,914,901,6,6,5,5,5,6,5,6,6,5,4,4,5,5,5,5,8,9,7,5,6,5,6,6,8,6,8,5,5,6,6,9,10,6,7,6,5,6,5,6,6,6,6,6,7,7,8,7,7,9,8,9,6,7,6,10,9,11,7,9,9,7,11,18,5,5,5,5,5,5,5,5,5,5,5,5,5,5,5,5,5,5,5,5,5,5,5,5,5,5,5,5,5,5,5,5,5,5,5,5,5,5,5,5,5,5,5,5,5,5,5,5,5,5,5,5,5,5,5,5,5,5,5,5,5,5,5,5
152,876,879,877,868,861,860,849,858,882,877,870,873,865,873,863,857,900,880,877,886,866,854,874,846,894,898,883,882,881,874,890,864,895,902,899,896,891,881,871,881,911,907,914,897,889,902,882,882,914,914,904,893,901,891,884,895,927,913,901,916,892,893,879,886,7,6,5,8,5,4,5,5,8,5,4,5,4,5,5,6,9,7,5,6,5,5,6,5,7,5,7,5,6,6,6,7,8,5,5,5,6,5,5,5,7,5,5,6,6,6,6,8,7,6,8,8,7,5,6,9,10,13,7,7,6,7,6,14,5,5,5,5,5,5,5,5,5,5,5,5,5,5,5,5,5,5,5,5,5,5,5,5,5,5,5,5,5,5,5,5,5,5,5,5,5,5,5,5,5,5,5,5,5,5,5,5,5,5,5,5,5,5,5,5,5,5,5,5,5,5,5,5
153,881,874,867,872,873,860,860,859,878,887,874,872,872,863,853,856,900,875,881,879,876,871,878,862,901,886,894,875,875,886,872,873,908,899,899,897,888,890,873,878,916,911,894,907,907,882,897,869,912,912,914,882,893,881,887,882,938,923,893,910,913,905,907,886,5,6,5,6,4,6,5,7,8,6,5,5,7,5,5,5,8,8,6,5,6,5,6,6,9,6,6,5,5,5,5,8,8,7,6,6,8,6,5,7,6,8,6,7,9,6,6,7,8,6,7,8,6,6,7,11,11,13,6,8,8,8,8,17,5,5,5,5,5,5,5,5,5,5,5,5,5,5,5,5,5,5,5,5,5,5,5,5,5,5,5,5,5,5,5,5,5,5,5,5,5,5,5,5,5,5,5,5,5,5,5,5,5,5,5,5,5,5,5,5,5,5,5,5,5,5,5,5
154,873,881,872,861,865,854,856,859,876,888,877,874,859,872,850,857,883,890,880,882,879,883,862,861,913,897,880,882,873,879,877,876,911,906,891,892,892,883,877,860,905,902,904,902,900,883,886,879,905,927,906,895,901,901,888,896,923,913,901,914,903,895,901,884,6,6,5,6,5,5,5,6,6,6,5,5,5,4,5,5,8,6,5,6,5,5,5,5,8,6,6,5,5,4,7,10,11,5,4,4,5,5,6,6,6,5,5,7,7,5,7,6,7,9,7,6,5,6,6,9,9,13,6,11,7,6,7,14,5,5,5,5,5,5,5,5,5,5,5,5,5,5,5,5,5,5,5,5,5,5,5,5,5,5,5,5,5,5,5,5,5,5,5,5,5,5,5,5,5,5,5,5,5,5,5,5,5,5,5,5,5,5,5,5,5,5,5,5,5,5,5,5
155,876,879,877,870,858,860,863,859,877,887,872,875,870,863,864,854,885,872,884,882,875,882,864,855,894,887,899,904,880,892,880,881,912,892,901,889,889,885,889,863,901,905,884,895,886,885,893,882,904,929,893,897,907,899,902,871,937,917,896,895,908,887,894,864,7,7,5,8,5,6,6,7,8,6,5,5,7,5,5,5,8,7,6,6,5,6,5,6,9,7,5,6,6,6,6,7,9,6,5,6,6,5,6,6,9,6,6,6,7,6,6,7,10,9,10,8,7,8,8,9,11,14,6,6,9,6,8,16,5,5,5,5,5,5,5,5,5,5,5,5,5,5,5,5,5,5,5,5,5,5,5,5,5,5,5,5,5,5,5,5,5,5,5,5,5,5,5,5,5,5,5,5,5,5,5,5,5,5,5,5,5,5,5,5,5,5,5,5,5,5,5,5
156,881,881,868,868,862,853,856,849,887,882,880,871,866,854,865,860,896,886,886,879,865,870,870,872,905,892,893,887,884,875,876,872,886,892,892,886,899,889,894,873,911,913,903,905,886,895,896,887,923,901,907,904,908,889,890,879,910,916,908,889,904,894,903,878,6,6,5,6,5,5,5,6,6,5,6,4,5,5,5,5,8,8,6,6,5,5,5,5,8,5,6,6,6,5,6,7,6,5,4,5,8,5,6,6,6,5,7,6,6,6,7,6,10,8,8,6,7,6,6,10,11,11,7,7,7,7,6,11,5,5,5,5,5,5,5,5,5,5,5,5,5,5,5,5,5,5,5,5,5,5,5,5,5,5,5,5,5,5,5,5,5,5,5,5,5,5,5,5,5,5,5,5,5,5,5,5,5,5,5,5,5,5,5,5,5,5,5,5,5,5,5,5
157,888,874,862,887,860,858,870,849,886,884,881,867,879,871,856,858,896,886,877,882,876,868,867,868,890,900,897,884,881,870,873,866,913,890,893,880,890,899,891,875,908,901,903,893,894,887,874,891,912,925,898,901,890,889,887,900,946,925,912,910,910,904,900,874,7,6,5,6,5,6,5,5,6,5,5,5,6,4,5,5,10,9,7,6,5,6,5,6,6,6,5,5,5,5,7,7,10,7,5,6,5,7,7,5,8,5,7,7,8,6,6,8,7,9,7,6,7,6,7,10,9,13,6,9,9,7,5,14,5,5,5,5,5,5,5,5,5,5,5,5,5,5,5,5,5,5,5,5,5,5,5,5,5,5,5,5,5,5,5,5,5,5,5,5,5,5,5,5,5,5,5,5,5,5,5,5,5,5,5,5,5,5,5,5,5,5,5,5,5,5,5,5
158,889,867,876,874,872,859,858,852,879,875,873,873,865,866,857,846,888,870,892,881,882,865,870,860,898,892,890,875,876,873,870,867,903,898,896,891,891,897,871,875,901,903,899,887,897,876,880,876,903,914,909,913,898,899,890,883,946,907,901,889,909,903,905,887,5,5,5,5,6,7,5,6,7,5,5,4,5,4,4,5,9,8,6,6,5,5,5,6,7,6,6,5,5,6,6,7,8,6,5,6,8,5,6,7,7,5,8,6,7,6,6,7,6,8,8,7,7,6,5,10,8,11,7,9,7,7,7,12,5,5,5,5,5,5,5,5,5,5,5,5,5,5,5,5,5,5,5,5,5,5,5,5,5,5,5,5,5,5,5,5,5,5,5,5,5,5,5,5,5,5,5,5,5,5,5,5,5,5,5,5,5,5,5,5,5,5,5,5,5,5,5,5
159,881,876,867,864,861,855,865,864,895,869,872,875,881,856,871,863,889,878,884,871,879,870,876,865,897,891,895,881,880,886,864,867,905,904,896,902,883,889,882,873,907,896,889,899,883,890,881,882,922,904,893,907,902,888,891,890,917,918,913,896,911,896,903,882,6,7,6,7,5,6,5,8,8,6,5,6,6,5,4,5,9,8,6,7,5,6,6,5,7,7,6,6,6,5,7,7,12,6,5,7,6,6,6,7,6,5,6,7,6,7,8,7,9,7,6,8,6,5,7,12,8,14,7,8,7,7,7,20,5,5,5,5,5,5,5,5,5,5,5,5,5,5,5,5,5,5,5,5,5,5,5,5,5,5,5,5,5,5,5,5,5,5,5,5,5,5,5,5,5,5,5,5,5,5,5,5,5,5,5,5,5,5,5,5,5,5,5,5,5,5,5,5
160,865,882,880,865,857,851,862,852,880,877,875,869,876,866,858,844,901,900,864,885,871,880,877,865,892,888,884,885,886,874,873,861,905,904,888,900,884,883,878,873,895,915,917,907,893,892,873,879,904,913,905,892,905,893,895,914,934,929,913,895,901,903,900,876,7,6,5,8,5,5,6,6,7,5,5,5,5,4,5,5,11,7,6,5,5,5,6,5,6,6,7,5,4,5,6,7,10,7,5,6,6,4,6,5,6,6,5,8,8,6,6,6,8,8,8,9,5,8,5,9,8,13,6,8,6,8,7,14,5,5,5,5,5,5,5,5,5,5,5,5,5,5,5,5,5,5,5,5,5,5,5,5,5,5,5,5,5,5,5,5,5,5,5,5,5,5,5,5,5,5,5,5,5,5,5,5,5,5,5,5,5,5,5,5,5,5,5,5,5,5,5,5
161,881,883,882,862,868,857,861,857,887,877,889,877,864,871,865,856,890,882,871,876,873,861,880,862,899,889,899,888,883,880,867,870,908,895,901,893,895,890,885,871,912,912,903,897,897,887,878,876,911,897,920,902,898,894,890,876,929,940,914,907,902,898,881,910,7,5,5,7,5,6,5,6,7,5,6,5,6,5,6,5,8,9,7,7,6,5,6,5,8,6,6,5,6,7,5,7,9,6,6,6,7,8,6,7,6,6,6,7,8,6,6,7,11,9,9,6,7,6,7,9,10,12,8,9,7,7,7,13,5,5,5,5,5,5,5,5,5,5,5,5,5,5,5,5,5,5,5,5,5,5,5,5,5,5,5,5,5,5,5,5,5,5,5,5,5,5,5,5,5,5,5,5,5,5,5,5,5,5,5,5,5,5,5,5,5,5,5,5,5,5,5,5
162,869,871,883,867,861,870,860,859,877,882,872,874,869,870,862,850,882,883,886,879,871,873,872,870,897,890,874,882,882,886,877,868,908,907,896,902,895,876,873,880,909,907,898,893,887,882,883,878,901,914,901,899,891,886,893,896,928,909,919,902,897,889,905,893,5,6,5,6,5,5,5,6,6,4,5,5,5,5,5,5,7,8,6,7,5,5,5,5,7,5,6,5,6,5,5,7,8,4,5,6,5,6,5,6,6,6,7,5,7,6,6,6,7,8,7,7,7,6,5,8,8,10,7,8,6,6,8,20,5,5,5,5,5,5,5,5,5,5,5,5,5,5,5,5,5,5,5,5,5,5,5,5,5,5,5,5,5,5,5,5,5,5,5,5,5,5,5,5,5,5,5,5,5,5,5,5,5,5,5,5,5,5,5,5,5,5,5,5,5,5,5,5
163,872,881,872,878,859,865,859,853,905,870,883,870,878,860,866,873,897,879,883,879,871,867,858,862,883,893,883,883,881,883,868,868,890,908,901,899,900,891,883,862,892,905,895,915,889,885,871,879,923,912,917,903,904,903,885,873,911,903,913,898,905,887,887,884,8,6,5,6,4,5,6,5,7,7,5,5,6,4,5,6,10,7,6,6,6,5,5,5,7,8,9,5,5,4,6,9,11,5,5,6,8,6,5,7,6,6,6,9,8,5,6,7,7,12,8,8,6,7,6,10,9,10,6,13,8,6,6,14,5,5,5,5,5,5,5,5,5,5,5,5,5,5,5,5,5,5,5,5,5,5,5,5,5,5,5,5,5,5,5,5,5,5,5,5,5,5,5,5,5,5,5,5,5,5,5,5,5,5,5,5,5,5,5,5,5,5,5,5,5,5,5,5
164,881,879,874,862,863,872,852,838,895,878,877,869,869,870,869,858,902,892,873,865,879,872,866,855,899,889,892,878,878,876,866,860,904,901,903,891,892,888,875,879,911,906,909,893,903,885,883,876,923,903,898,899,909,900,892,891,929,910,905,907,908,895,901,884,7,5,4,6,4,6,4,5,6,4,5,5,6,5,5,5,7,7,7,7,5,6,5,5,6,6,6,5,6,5,5,6,11,6,5,6,6,5,6,6,6,5,6,7,6,5,7,7,7,9,7,6,7,6,6,8,9,12,7,9,6,6,6,18,5,5,5,5,5,5,5,5,5,5,5,5,5,5,5,5,5,5,5,5,5,5,5,5,5,5,5,5,5,5,5,5,5,5,5,5,5,5,5,5,5,5,5,5,5,5,5,5,5,5,5,5,5,5,5,5,5,5,5,5,5,5,5,5
165,885,890,877,877,866,860,857,847,887,872,870,870,876,877,879,862,896,884,873,888,874,866,863,865,912,886,885,894,884,877,875,868,902,906,899,887,881,877,879,869,919,919,909,894,898,896,903,884,907,897,913,911,908,888,906,869,921,914,900,917,906,898,898,895,7,5,5,7,5,6,5,7,6,7,5,4,6,5,5,5,11,8,7,6,5,5,5,6,9,7,6,4,6,6,6,7,8,4,4,6,6,6,6,8,9,7,5,6,7,7,5,7,8,8,8,8,6,7,9,8,7,12,7,10,7,6,5,17,5,5,5,5,5,5,5,5,5,5,5,5,5,5,5,5,5,5,5,5,5,5,5,5,5,5,5,5,5,5,5,5,5,5,5,5,5,5,5,5,5,5,5,5,5,5,5,5,5,5,5,5,5,5,5,5,5,5,5,5,5,5,5,5
166,876,894,875,861,863,860,854,848,890,883,874,873,860,859,855,842,890,886,890,880,873,877,872,864,898,881,890,883,884,880,883,865,891,889,895,896,885,884,877,885,890,917,914,896,893,886,885,872,910,895,885,904,892,886,898,902,934,910,909,904,888,894,902,890,6,6,6,6,5,6,5,7,6,5,4,5,5,4,5,5,7,8,6,6,5,5,5,6,6,5,6,5,6,6,6,6,7,5,6,5,5,5,6,5,6,8,5,7,6,6,7,7,8,8,7,8,5,5,7,8,9,9,7,9,7,5,6,11,5,5,5,5,5,5,5,5,5,5,5,5,5,5,5,5,5,5,5,5,5,5,5,5,5,5,5,5,5,5,5,5,5,5,5,5,5,5,5,5,5,5,5,5,5,5,5,5,5,5,5,5,5,5,5,5,5,5,5,5,5,5,5,5
167,864,882,865,874,868,860,863,860,893,886,885,865,870,867,864,858,898,899,881,881,880,881,872,850,886,894,890,883,885,865,871,869,891,889,881,894,890,885,880,870,911,899,896,895,902,890,890,875,924,926,908,903,907,886,878,888,933,909,904,903,882,893,899,884,6,8,6,5,6,7,5,6,7,7,6,5,6,5,5,5,10,8,6,6,6,6,5,4,7,6,6,5,7,5,6,8,9,6,4,6,7,6,6,7,6,8,6,7,7,8,8,6,9,10,8,7,5,6,7,7,11,13,8,9,7,8,7,15,5,5,5,5,5,5,5,5,5,5,5,5,5,5,5,5,5,5,5,5,5,5,5,5,5,5,5,5,5,5,5,5,5,5,5,5,5,5,5,5,5,5,5,5,5,5,5,5,5,5,5,5,5,5,5,5,5,5,5,5,5,5,5,5
168,871,879,875,873,862,864,856,861,898,902,878,877,874,862,868,845,879,872,883,890,879,872,869,856,885,902,889,878,875,874,875,874,897,900,897,889,887,871,892,877,917,907,897,891,893,886,877,881,905,913,883,903,891,894,895,886,904,910,914,897,897,899,905,892,7,5,5,6,4,7,4,7,8,6,5,5,5,5,6,7,7,8,6,6,5,6,5,5,8,6,7,5,5,5,6,8,9,5,5,5,6,5,6,5,7,5,5,6,7,6,6,5,8,10,8,7,7,6,9,8,9,13,6,7,7,6,6,14,5,5,5,5,5,5,5,5,5,5,5,5,5,5,5,5,5,5,5,5,5,5,5,5,5,5,5,5,5,5,5,5,5,5,5,5,5,5,5,5,5,5,5,5,5,5,5,5,5,5,5,5,5,5,5,5,5,5,5,5,5,5,5,5
169,872,876,867,873,865,867,853,856,890,881,885,875,870,866,850,855,897,881,895,876,883,875,854,868,899,897,883,881,872,877,879,872,898,898,892,894,889,883,880,869,910,900,915,884,896,874,891,877,916,897,916,916,900,891,900,870,926,930,908,909,899,893,916,892,7,5,6,6,5,5,5,6,6,6,6,6,5,5,5,5,8,7,6,6,5,6,5,5,7,7,7,5,6,6,6,8,8,7,5,6,8,5,5,7,6,5,7,6,7,7,8,7,8,9,9,7,6,7,7,8,10,16,8,11,7,7,8,14,5,5,5,5,5,5,5,5,5,5,5,5,5,5,5,5,5,5,5,5,5,5,5,5,5,5,5,5,5,5,5,5,5,5,5,5,5,5,5,5,5,5,5,5,5,5,5,5,5,5,5,5,5,5,5,5,5,5,5,5,5,5,5,5
170,869,874,866,873,864,868,858,851,878,881,882,873,861,857,865,845,902,888,887,873,876,876,865,863,897,898,889,891,873,865,871,867,898,906,896,896,891,878,880,868,905,915,886,897,894,892,892,878,922,918,895,898,896,889,882,879,939,924,901,920,900,890,886,857,8,7,4,5,5,4,5,7,7,6,5,5,6,5,6,5,8,7,6,5,5,5,6,6,6,6,6,4,6,5,5,8,8,5,4,6,5,6,6,6,7,6,5,7,6,7,7,7,7,10,7,6,5,6,7,10,8,13,6,7,7,7,6,15,5,5,5,5,5,5,5,5,5,5,5,5,5,5,5,5,5,5,5,5,5,5,5,5,5,5,5,5,5,5,5,5,5,5,5,5,5,5,5,5,5,5,5,5,5,5,5,5,5,5,5,5,5,5,5,5,5,5,5,5,5,5,5,5
171,886,891,873,867,859,866,851,855,892,885,879,860,873,865,869,856,881,891,886,871,871,870,869,861,886,892,891,884,884,885,890,881,900,900,887,888,895,869,865,876,893,915,898,897,900,900,881,892,921,919,911,899,906,888,887,882,919,903,922,914,900,902,901,912,11,7,5,6,4,7,6,6,9,5,6,6,7,5,5,5,9,7,6,6,5,5,5,7,7,6,5,6,6,5,7,7,9,6,5,6,6,6,7,7,7,8,6,7,7,7,6,8,11,8,9,7,6,7,6,10,7,9,7,10,8,5,7,21,5,5,5,5,5,5,5,5,5,5,5,5,5,5,5,5,5,5,5,5,5,5,5,5,5,5,5,5,5,5,5,5,5,5,5,5,5,5,5,5,5,5,5,5,5,5,5,5,5,5,5,5,5,5,5,5,5,5,5,5,5,5,5,5
172,879,877,880,878,865,865,869,847,883,870,875,871,872,863,863,857,902,897,877,877,876,888,872,862,899,884,897,889,885,875,872,877,915,902,892,896,883,880,880,873,897,911,910,904,895,892,889,889,918,906,891,902,888,890,906,893,916,911,904,902,899,891,900,884,6,6,4,6,4,6,5,5,9,5,5,4,4,5,4,5,9,6,5,5,4,6,5,6,8,5,6,5,6,5,6,7,6,7,5,6,6,6,5,7,6,6,7,7,6,5,8,6,8,8,8,6,7,6,8,11,8,11,7,10,6,8,7,16,5,5,5,5,5,5,5,5,5,5,5,5,5,5,5,5,5,5,5,5,5,5,5,5,5,5,5,5,5,5,5,5,5,5,5,5,5,5,5,5,5,5,5,5,5,5,5,5,5,5,5,5,5,5,5,5,5,5,5,5,5,5,5,5
173,882,888,877,863,861,862,860,859,892,881,875,865,863,869,862,856,891,891,886,877,880,878,865,878,912,894,887,885,888,886,868,864,909,895,892,896,893,893,880,883,893,907,906,888,898,884,886,896,911,918,897,889,883,887,888,888,931,916,927,911,903,896,893,879,6,6,6,7,5,6,6,5,6,7,5,5,6,5,6,5,9,7,6,6,4,5,5,5,8,7,7,5,4,5,6,7,9,7,5,6,6,6,5,5,6,5,7,7,7,5,8,10,7,11,7,8,6,6,7,9,10,13,8,10,7,6,7,18,5,5,5,5,5,5,5,5,5,5,5,5,5,5,5,5,5,5,5,5,5,5,5,5,5,5,5,5,5,5,5,5,5,5,5,5,5,5,5,5,5,5,5,5,5,5,5,5,5,5,5,5,5,5,5,5,5,5,5,5,5,5,5,5
174,877,879,870,867,865,868,858,843,891,878,881,871,874,863,866,858,895,902,889,878,879,876,861,866,897,893,896,880,884,867,858,866,901,897,908,899,890,893,866,873,905,905,900,891,896,884,885,886,920,898,917,906,892,885,891,890,918,924,912,911,904,895,900,892,7,5,5,6,5,5,5,6,7,5,5,5,6,4,5,5,8,7,6,6,4,4,6,5,7,7,5,5,6,5,6,7,8,4,6,5,6,6,5,5,6,6,6,6,8,5,7,7,7,9,8,6,6,6,6,9,8,11,7,11,8,7,7,13,5,5,5,5,5,5,5,5,5,5,5,5,5,5,5,5,5,5,5,5,5,5,5,5,5,5,5,5,5,5,5,5,5,5,5,5,5,5,5,5,5,5,5,5,5,5,5,5,5,5,5,5,5,5,5,5,5,5,5,5,5,5,5,5
175,870,861,869,861,867,870,863,862,885,884,883,876,871,865,858,854,896,882,878,859,864,866,862,850,899,897,897,870,883,882,864,858,902,899,900,900,894,885,871,891,916,914,907,907,895,896,894,887,922,924,899,895,900,894,888,891,920,908,906,905,915,909,886,884,6,7,6,6,5,5,6,8,8,6,5,5,5,5,5,5,9,8,6,6,5,6,6,6,6,7,6,5,6,4,4,7,7,6,5,5,5,5,5,6,6,8,5,8,8,7,8,8,11,9,8,6,7,6,8,8,8,10,7,10,11,5,7,13,5,5,5,5,5,5,5,5,5,5,5,5,5,5,5,5,5,5,5,5,5,5,5,5,5,5,5,5,5,5,5,5,5,5,5,5,5,5,5,5,5,5,5,5,5,5,5,5,5,5,5,5,5,5,5,5,5,5,5,5,5,5,5,5
176,885,878,872,876,863,863,848,856,891,876,870,870,874,863,862,848,897,876,886,880,867,877,863,866,878,895,887,878,884,875,866,869,923,894,890,901,894,887,883,879,901,896,904,910,902,882,893,891,902,921,895,909,886,897,877,888,926,893,911,897,901,905,895,913,6,6,4,7,4,6,5,6,6,7,4,5,5,5,6,6,10,6,6,5,5,5,4,4,5,7,6,5,6,6,6,5,7,5,4,6,5,5,5,5,8,6,7,7,8,6,7,7,8,8,7,6,7,6,7,8,7,12,7,9,7,6,7,15,5,5,5,5,5,5,5,5,5,5,5,5,5,5,5,5,5,5,5,5,5,5,5,5,5,5,5,5,5,5,5,5,5,5,5,5,5,5,5,5,5,5,5,5,5,5,5,5,5,5,5,5,5,5,5,5,5,5,5,5,5,5,5,5
177,883,872,867,865,869,852,843,850,891,885,871,872,874,860,862,851,894,883,891,868,868,868,869,850,888,886,876,880,883,877,876,861,902,901,900,892,886,883,878,863,911,915,905,881,889,894,879,887,914,913,914,877,901,899,886,894,924,920,919,893,893,900,883,908,8,6,5,6,5,6,5,7,11,5,5,5,6,5,6,7,11,8,6,6,5,6,5,5,8,6,6,6,6,5,7,7,9,6,5,6,6,6,6,6,6,7,6,7,9,8,7,7,7,9,8,6,8,6,7,8,8,12,6,9,7,7,7,15,5,5,5,5,5,5,5,5,5,5,5,5,5,5,5,5,5,5,5,5,5,5,5,5,5,5,5,5,5,5,5,5,5,5,5,5,5,5,5,5,5,5,5,5,5,5,5,5,5,5,5,5,5,5,5,5,5,5,5,5,5,5,5,5
178,881,874,872,870,863,854,864,853,872,873,885,876,872,864,855,861,892,890,892,885,861,876,878,861,900,897,879,884,884,886,871,867,887,887,890,889,898,886,875,876,906,887,885,898,893,902,876,871,906,909,901,904,899,894,897,893,927,896,911,908,904,886,897,876,7,6,4,7,5,6,5,6,6,5,6,4,6,4,5,5,9,8,5,6,5,6,6,5,6,5,7,5,5,6,6,7,9,4,5,6,5,6,6,6,6,5,5,6,8,5,6,7,8,8,6,8,6,5,7,8,10,9,6,9,7,6,5,13,5,5,5,5,5,5,5,5,5,5,5,5,5,5,5,5,5,5,5,5,5,5,5,5,5,5,5,5,5,5,5,5,5,5,5,5,5,5,5,5,5,5,5,5,5,5,5,5,5,5,5,5,5,5,5,5,5,5,5,5,5,5,5,5
179,881,860,878,880,869,864,860,858,881,881,876,880,865,876,873,862,891,891,881,877,878,872,871,859,897,904,895,885,887,884,876,877,925,900,895,898,879,887,870,889,896,896,889,898,896,894,871,878,921,909,903,896,897,883,901,874,926,929,927,920,887,892,904,896,7,7,5,5,6,6,6,5,7,5,5,6,6,5,4,5,8,8,5,5,6,6,6,6,8,7,6,6,5,5,7,6,13,5,5,7,7,5,5,7,9,5,6,6,6,7,7,5,9,10,7,6,7,6,9,10,16,14,8,8,6,7,10,13,5,5,5,5,5,5,5,5,5,5,5,5,5,5,5,5,5,5,5,5,5,5,5,5,5,5,5,5,5,5,5,5,5,5,5,5,5,5,5,5,5,5,5,5,5,5,5,5,5,5,5,5,5,5,5,5,5,5,5,5,5,5,5,5
180,889,888,874,874,867,857,856,861,877,874,874,880,864,858,866,857,897,887,889,876,868,870,869,863,896,897,889,878,874,868,876,861,899,888,885,888,889,888,879,881,906,900,893,898,901,879,873,889,924,906,908,897,893,909,885,889,923,920,907,892,890,905,897,890,8,5,5,6,4,5,5,5,7,5,6,6,6,4,6,6,10,6,6,5,5,5,5,6,7,5,5,5,5,5,6,9,9,6,5,6,6,5,5,5,6,6,6,7,7,5,5,8,10,9,6,7,6,6,7,8,10,8,6,9,7,7,6,13,5,5,5,5,5,5,5,5,5,5,5,5,5,5,5,5,5,5,5,5,5,5,5,5,5,5,5,5,5,5,5,5,5,5,5,5,5,5,5,5,5,5,5,5,5,5,5,5,5,5,5,5,5,5,5,5,5,5,5,5,5,5,5,5
181,890,890,894,870,870,854,849,852,883,880,876,873,866,864,872,858,890,878,879,880,870,873,875,860,888,900,897,882,887,874,875,866,889,905,902,888,900,902,877,892,898,903,902,894,903,883,886,875,906,898,904,894,895,907,888,901,940,916,918,907,899,890,899,913,7,7,7,7,5,6,5,7,6,6,5,5,6,4,6,5,10,8,5,7,6,6,6,5,7,6,6,5,6,6,6,7,8,5,5,5,8,6,5,6,6,7,6,7,7,6,7,7,9,10,8,7,7,6,6,8,12,17,5,9,7,6,8,13,5,5,5,5,5,5,5,5,5,5,5,5,5,5,5,5,5,5,5,5,5,5,5,5,5,5,5,5,5,5,5,5,5,5,5,5,5,5,5,5,5,5,5,5,5,5,5,5,5,5,5,5,5,5,5,5,5,5,5,5,5,5,5,5
182,881,881,869,876,861,861,865,861,873,879,881,871,876,859,867,858,889,890,890,878,873,874,862,854,905,898,887,882,872,887,876,861,899,896,899,892,889,872,877,872,898,908,905,902,893,881,884,892,897,903,896,897,906,908,887,881,919,910,899,918,905,903,900,877,8,5,5,8,5,5,5,6,8,5,5,5,5,4,5,4,8,8,6,6,5,5,5,6,7,4,6,5,5,5,6,7,8,6,5,5,7,6,5,6,6,6,6,7,6,6,6,8,7,11,8,6,5,6,6,10,6,9,6,8,7,7,7,12,5,5,5,5,5,5,5,5,5,5,5,5,5,5,5,5,5,5,5,5,5,5,5,5,5,5,5,5,5,5,5,5,5,5,5,5,5,5,5,5,5,5,5,5,5,5,5,5,5,5,5,5,5,5,5,5,5,5,5,5,5,5,5,5
183,863,887,868,869,866,861,852,852,865,888,876,877,862,864,867,859,882,896,888,878,880,876,863,867,907,893,893,883,883,889,873,863,910,903,895,896,889,879,865,889,906,893,903,904,899,886,889,877,918,914,901,911,885,899,889,867,904,906,917,911,905,894,906,902,7,5,6,7,5,6,5,7,6,5,5,5,6,4,6,5,8,11,6,7,4,6,5,6,8,6,6,6,6,5,7,8,10,7,4,6,7,5,4,6,7,7,6,7,7,6,6,7,8,9,8,7,6,7,6,9,8,11,6,8,7,6,7,10,5,5,5,5,5,5,5,5,5,5,5,5,5,5,5,5,5,5,5,5,5,5,5,5,5,5,5,5,5,5,5,5,5,5,5,5,5,5,5,5,5,5,5,5,5,5,5,5,5,5,5,5,5,5,5,5,5,5,5,5,5,5,5,5
184,896,877,872,882,863,865,855,860,869,883,869,872,877,860,857,856,886,881,878,880,872,873,871,862,896,900,881,884,883,878,877,868,912,902,896,891,896,865,882,870,920,906,899,899,911,891,888,890,901,895,907,893,893,890,892,901,911,906,908,896,899,903,899,889,6,6,6,6,5,6,5,5,5,5,4,5,6,4,6,5,9,7,5,5,4,5,6,7,6,6,6,6,5,5,6,8,9,5,6,6,5,5,5,8,6,6,6,6,11,6,7,7,8,9,8,6,7,5,7,9,9,10,6,6,6,6,6,11,5,5,5,5,5,5,5,5,5,5,5,5,5,5,5,5,5,5,5,5,5,5,5,5,5,5,5,5,5,5,5,5,5,5,5,5,5,5,5,5,5,5,5,5,5,5,5,5,5,5,5,5,5,5,5,5,5,5,5,5,5,5,5,5
185,882,877,875,862,861,860,857,855,890,871,875,876,867,864,866,861,889,891,892,883,876,876,856,865,901,889,887,890,876,870,876,867,916,891,897,890,895,881,882,885,916,916,900,882,906,894,891,894,907,915,911,906,911,891,893,878,914,896,919,934,897,893,892,925,7,5,7,7,6,6,6,6,5,6,6,5,6,4,5,5,10,9,6,7,5,5,5,6,7,6,8,5,6,6,7,7,9,6,5,6,6,7,6,6,7,7,6,6,9,6,7,7,7,12,9,7,6,7,8,10,9,12,7,11,6,9,7,22,5,5,5,5,5,5,5,5,5,5,5,5,5,5,5,5,5,5,5,5,5,5,5,5,5,5,5,5,5,5,5,5,5,5,5,5,5,5,5,5,5,5,5,5,5,5,5,5,5,5,5,5,5,5,5,5,5,5,5,5,5,5,5,5
186,878,874,881,863,872,853,850,845,892,875,879,864,870,870,857,860,898,891,884,879,878,870,861,862,886,897,886,889,876,890,870,861,918,905,894,885,881,880,875,880,915,902,893,890,895,887,886,879,911,909,895,904,895,892,897,885,934,928,921,893,902,899,914,894,7,6,5,5,4,7,6,5,7,6,5,5,5,5,5,5,8,8,5,7,5,6,5,6,8,5,7,6,5,5,5,7,7,5,5,5,6,5,5,6,6,6,6,7,6,6,7,7,8,9,7,7,6,5,7,10,9,11,6,7,8,8,8,14,5,5,5,5,5,5,5,5,5,5,5,5,5,5,5,5,5,5,5,5,5,5,5,5,5,5,5,5,5,5,5,5,5,5,5,5,5,5,5,5,5,5,5,5,5,5,5,5,5,5,5,5,5,5,5,5,5,5,5,5,5,5,5,5
187,879,871,878,868,864,861,858,866,883,891,874,879,879,863,856,855,878,887,882,884,881,872,870,860,892,889,885,888,879,886,887,860,899,891,898,899,895,887,889,871,910,904,904,896,898,892,897,880,909,909,903,899,907,894,888,882,919,930,908,892,899,897,905,908,6,7,6,6,5,6,6,6,6,7,5,5,8,5,5,5,8,7,6,6,6,6,5,6,8,7,7,6,5,4,7,8,8,5,5,7,7,6,7,5,10,7,6,6,7,6,7,9,8,8,8,8,8,6,7,8,10,11,7,9,8,6,7,12,5,5,5,5,5,5,5,5,5,5,5,5,5,5,5,5,5,5,5,5,5,5,5,5,5,5,5,5,5,5,5,5,5,5,5,5,5,5,5,5,5,5,5,5,5,5,5,5,5,5,5,5,5,5,5,5,5,5,5,5,5,5,5,5
188,886,869,882,866,866,861,850,848,902,880,878,868,873,858,856,839,887,893,891,874,873,864,859,850,916,893,896,889,887,872,861,860,902,901,897,900,886,886,884,871,912,903,894,903,898,887,873,880,920,911,889,908,894,899,897,886,924,925,913,895,908,901,885,884,9,5,5,6,5,6,5,6,7,5,5,5,5,4,5,4,9,8,6,7,5,5,4,4,8,6,6,5,5,5,6,6,7,6,5,6,6,5,6,7,9,6,6,6,7,6,7,8,8,8,8,6,6,6,7,8,9,8,6,8,7,6,6,11,5,5,5,5,5,5,5,5,5,5,5,5,5,5,5,5,5,5,5,5,5,5,5,5,5,5,5,5,5,5,5,5,5,5,5,5,5,5,5,5,5,5,5,5,5,5,5,5,5,5,5,5,5,5,5,5,5,5,5,5,5,5,5,5
189,851,881,874,870,869,862,856,854,890,876,888,875,878,868,869,860,886,886,879,872,880,859,859,855,896,884,903,885,879,868,876,874,887,898,897,884,889,876,876,881,911,900,898,896,897,893,897,885,913,897,924,904,910,884,888,884,920,936,903,919,903,886,898,879,7,6,5,5,4,6,5,8,10,5,5,5,5,5,7,5,9,9,6,6,4,6,5,5,8,5,6,6,6,6,6,8,7,6,5,6,7,5,5,6,7,6,6,7,8,7,8,10,8,9,9,6,7,6,8,10,10,13,7,7,7,6,7,16,5,5,5,5,5,5,5,5,5,5,5,5,5,5,5,5,5,5,5,5,5,5,5,5,5,5,5,5,5,5,5,5,5,5,5,5,5,5,5,5,5,5,5,5,5,5,5,5,5,5,5,5,5,5,5,5,5,5,5,5,5,5,5,5
190,878,875,867,873,867,862,864,850,896,874,883,869,866,865,871,856,918,876,889,876,876,865,867,868,898,898,872,878,884,872,864,856,906,892,886,892,887,890,880,870,899,899,899,888,893,892,888,881,912,904,900,900,898,904,901,867,927,915,905,914,904,896,898,883,7,6,5,6,5,5,4,6,6,5,6,5,6,4,6,5,7,7,6,6,5,5,6,7,8,6,8,5,6,6,6,5,9,5,5,4,7,5,5,7,7,6,5,6,8,6,7,6,7,8,7,6,6,5,6,8,10,10,7,8,6,6,6,12,5,5,5,5,5,5,5,5,5,5,5,5,5,5,5,5,5,5,5,5,5,5,5,5,5,5,5,5,5,5,5,5,5,5,5,5,5,5,5,5,5,5,5,5,5,5,5,5,5,5,5,5,5,5,5,5,5,5,5,5,5,5,5,5
191,885,873,860,865,874,872,864,850,896,884,879,871,873,861,864,866,878,896,884,881,873,874,870,864,893,900,873,880,878,879,875,859,899,899,891,898,892,893,883,872,916,902,909,899,898,881,892,886,915,921,895,897,895,897,892,890,922,923,904,906,899,897,906,876,6,5,5,6,5,7,5,6,6,5,5,5,6,4,5,6,8,6,7,6,6,7,5,6,8,5,7,5,6,5,5,6,8,7,5,6,6,5,6,8,8,5,7,8,6,5,8,6,8,8,10,7,6,6,7,10,9,12,7,8,7,8,8,12,5,5,5,5,5,5,5,5,5,5,5,5,5,5,5,5,5,5,5,5,5,5,5,5,5,5,5,5,5,5,5,5,5,5,5,5,5,5,5,5,5,5,5,5,5,5,5,5,5,5,5,5,5,5,5,5,5,5,5,5,5,5,5,5
192,880,873,876,865,863,860,856,858,883,869,872,871,876,865,859,854,887,889,884,879,874,871,876,867,896,890,891,889,876,881,869,871,903,902,890,903,895,888,888,871,902,903,904,886,885,895,884,877,906,905,890,901,893,880,881,884,926,928,910,911,902,887,899,867,6,6,5,6,5,5,5,7,7,6,5,6,5,5,5,5,7,9,6,5,5,5,6,5,7,5,5,5,5,6,6,5,9,7,4,6,5,7,7,7,6,6,5,5,8,5,7,6,8,8,6,7,6,5,7,9,7,10,7,12,6,7,6,14,5,5,5,5,5,5,5,5,5,5,5,5,5,5,5,5,5,5,5,5,5,5,5,5,5,5,5,5,5,5,5,5,5,5,5,5,5,5,5,5,5,5,5,5,5,5,5,5,5,5,5,5,5,5,5,5,5,5,5,5,5,5,5,5
193,876,881,869,866,865,867,866,848,895,887,882,881,873,868,862,868,896,900,887,873,876,863,855,858,905,889,892,888,887,878,879,885,881,900,893,906,890,895,884,876,897,899,893,889,896,895,888,878,921,918,908,905,903,887,894,876,918,935,901,912,903,904,897,854,8,8,5,7,6,6,5,6,7,6,6,6,5,5,5,6,7,6,6,6,5,6,4,6,9,5,5,5,6,6,6,7,8,6,4,7,8,7,5,5,7,5,6,7,7,8,9,8,6,10,9,8,5,6,6,9,9,11,7,8,9,7,8,17,5,5,5,5,5,5,5,5,5,5,5,5,5,5,5,5,5,5,5,5,5,5,5,5,5,5,5,5,5,5,5,5,5,5,5,5,5,5,5,5,5,5,5,5,5,5,5,5,5,5,5,5,5,5,5,5,5,5,5,5,5,5,5,5
194,874,875,868,865,857,872,851,864,893,892,878,884,878,875,862,856,908,881,887,881,877,868,862,860,898,889,890,885,882,880,879,881,908,898,894,884,891,879,881,867,915,906,902,891,894,901,875,886,909,909,916,899,898,888,899,891,915,929,903,924,901,886,902,896,6,5,6,5,4,5,6,5,7,6,5,5,6,5,5,5,7,9,5,5,5,5,4,6,7,6,6,6,5,6,6,6,9,5,5,6,6,5,6,7,6,6,6,6,7,7,6,7,7,10,8,7,7,7,5,8,8,12,7,9,7,8,7,15,5,5,5,5,5,5,5,5,5,5,5,5,5,5,5,5,5,5,5,5,5,5,5,5,5,5,5,5,5,5,5,5,5,5,5,5,5,5,5,5,5,5,5,5,5,5,5,5,5,5,5,5,5,5,5,5,5,5,5,5,5,5,5,5
195,880,868,875,863,867,877,856,849,885,875,876,872,867,875,868,862,895,879,880,877,880,874,872,854,911,888,884,890,878,892,887,860,910,907,899,897,889,886,878,859,904,902,902,889,885,882,884,884,912,892,910,913,892,888,898,882,933,921,909,901,888,899,896,860,8,6,4,6,5,5,5,6,8,5,5,4,7,5,4,5,9,8,7,6,5,6,5,6,8,7,6,5,6,5,6,8,10,7,5,6,8,5,5,7,7,7,7,7,7,7,6,7,8,8,8,7,6,7,9,12,11,10,6,8,8,8,9,17,5,5,5,5,5,5,5,5,5,5,5,5,5,5,5,5,5,5,5,5,5,5,5,5,5,5,5,5,5,5,5,5,5,5,5,5,5,5,5,5,5,5,5,5,5,5,5,5,5,5,5,5,5,5,5,5,5,5,5,5,5,5,5,5
196,882,882,873,870,868,859,869,864,895,889,876,867,867,865,859,855,899,892,876,882,869,871,878,853,895,886,893,893,889,876,872,878,909,892,897,888,880,885,877,861,903,897,899,893,889,891,886,879,903,911,891,892,908,889,886,884,927,920,920,900,905,888,903,905,6,9,5,7,5,5,5,8,5,5,5,5,5,5,5,5,9,7,5,6,5,5,5,7,7,6,5,4,6,6,5,7,9,5,5,5,6,5,5,6,6,5,6,5,7,6,8,7,7,8,7,6,6,6,6,7,9,12,6,9,6,6,8,17,5,5,5,5,5,5,5,5,5,5,5,5,5,5,5,5,5,5,5,5,5,5,5,5,5,5,5,5,5,5,5,5,5,5,5,5,5,5,5,5,5,5,5,5,5,5,5,5,5,5,5,5,5,5,5,5,5,5,5,5,5,5,5,5
197,874,876,874,865,869,863,868,853,881,876,874,878,869,869,865,864,901,895,887,872,878,873,856,881,897,903,883,883,870,870,880,876,896,901,891,886,895,887,874,874,911,898,890,905,900,884,875,886,911,920,909,889,887,890,894,894,918,935,901,904,894,891,919,895,7,7,6,7,5,7,6,7,8,6,5,5,6,5,5,6,9,7,6,6,6,6,5,6,7,6,8,5,6,6,6,7,7,6,4,6,5,6,7,7,7,6,5,7,7,6,6,7,9,8,8,9,7,7,7,8,9,16,7,7,8,5,8,14,5,5,5,5,5,5,5,5,5,5,5,5,5,5,5,5,5,5,5,5,5,5,5,5,5,5,5,5,5,5,5,5,5,5,5,5,5,5,5,5,5,5,5,5,5,5,5,5,5,5,5,5,5,5,5,5,5,5,5,5,5,5,5,5
198,865,891,871,868,858,864,868,856,900,881,879,871,871,866,862,856,884,882,890,872,867,866,867,858,904,892,898,879,880,876,869,873,894,901,889,896,896,889,871,875,908,907,901,909,890,891,889,884,904,904,899,898,895,890,895,877,941,911,910,905,903,887,907,899,8,6,4,6,5,6,5,6,7,5,5,5,5,5,5,5,10,7,6,6,4,6,5,5,9,6,7,6,5,6,5,7,8,6,5,6,5,5,5,6,8,6,6,6,7,6,6,8,7,10,7,7,6,6,8,8,7,11,6,9,7,6,8,18,5,5,5,5,5,5,5,5,5,5,5,5,5,5,5,5,5,5,5,5,5,5,5,5,5,5,5,5,5,5,5,5,5,5,5,5,5,5,5,5,5,5,5,5,5,5,5,5,5,5,5,5,5,5,5,5,5,5,5,5,5,5,5,5
199,876,892,871,877,874,854,868,857,892,881,875,868,868,856,858,859,863,893,882,884,871,874,865,873,900,893,877,895,889,886,873,873,924,898,894,896,898,886,892,867,920,906,893,903,897,889,883,874,920,901,911,902,896,898,893,891,924,893,903,914,901,899,903,898,6,6,5,5,6,6,7,7,7,5,6,6,5,4,5,5,9,8,6,6,5,6,6,6,8,6,7,6,5,5,6,9,8,6,5,6,6,5,6,5,8,6,5,8,8,6,7,7,9,10,7,8,8,6,7,7,7,8,6,9,7,7,7,14,5,5,5,5,5,5,5,5,5,5,5,5,5,5,5,5,5,5,5,5,5,5,5,5,5,5,5,5,5,5,5,5,5,5,5,5,5,5,5,5,5,5,5,5,5,5,5,5,5,5,5,5,5,5,5,5,5,5,5,5,5,5,5,5
