frame,dist_z0,dist_z1,dist_z2,dist_z3,dist_z4,dist_z5,dist_z6,dist_z7,dist_z8,dist_z9,dist_z10,dist_z11,dist_z12,dist_z13,dist_z14,dist_z15,dist_z16,dist_z17,dist_z18,dist_z19,dist_z20,dist_z21,dist_z22,dist_z23,dist_z24,dist_z25,dist_z26,dist_z27,dist_z28,dist_z29,dist_z30,dist_z31,dist_z32,dist_z33,dist_z34,dist_z35,dist_z36,dist_z37,dist_z38,dist_z39,dist_z40,dist_z41,dist_z42,dist_z43,dist_z44,dist_z45,dist_z46,dist_z47,dist_z48,dist_z49,dist_z50,dist_z51,dist_z52,dist_z53,dist_z54,dist_z55,dist_z56,dist_z57,dist_z58,dist_z59,dist_z60,dist_z61,dist_z62,dist_z63,sigma_z0,sigma_z1,sigma_z2,sigma_z3,sigma_z4,sigma_z5,sigma_z6,sigma_z7,sigma_z8,sigma_z9,sigma_z10,sigma_z11,sigma_z12,sigma_z13,sigma_z14,sigma_z15,sigma_z16,sigma_z17,sigma_z18,sigma_z19,sigma_z20,sigma_z21,sigma_z22,sigma_z23,sigma_z24,sigma_z25,sigma_z26,sigma_z27,sigma_z28,sigma_z29,sigma_z30,sigma_z31,sigma_z32,sigma_z33,sigma_z34,sigma_z35,sigma_z36,sigma_z37,sigma_z38,sigma_z39,sigma_z40,sigma_z41,sigma_z42,sigma_z43,sigma_z44,sigma_z45,sigma_z46,sigma_z47,sigma_z48,sigma_z49,sigma_z50,sigma_z51,sigma_z52,sigma_z53,sigma_z54,sigma_z55,sigma_z56,sigma_z57,sigma_z58,sigma_z59,sigma_z60,sigma_z61,sigma_z62,sigma_z63,status_z0,status_z1,status_z2,status_z3,status_z4,status_z5,status_z6,status_z7,status_z8,status_z9,status_z10,status_z11,status_z12,status_z13,status_z14,status_z15,status_z16,status_z17,status_z18,status_z19,status_z20,status_z21,status_z22,status_z23,status_z24,status_z25,status_z26,status_z27,status_z28,status_z29,status_z30,status_z31,status_z32,status_z33,status_z34,status_z35,status_z36,status_z37,status_z38,status_z39,status_z40,status_z41,status_z42,status_z43,status_z44,status_z45,status_z46,status_z47,status_z48,status_z49,status_z50,status_z51,status_z52,status_z53,status_z54,status_z55,status_z56,status_z57,status_z58,status_z59,status_z60,status_z61,status_z62,status_z63
0,687,669,670,659,656,662,652,645,684,671,669,675,669,665,662,660,690,685,677,678,682,664,672,665,707,697,678,679,677,676,675,678,711,697,700,693,681,679,686,675,708,707,706,695,690,696,685,679,717,724,710,716,706,692,690,686,711,727,708,707,704,712,707,700,6,4,4,4,4,4,4,4,5,3,4,5,4,4,3,4,6,5,4,4,4,4,4,4,6,4,4,4,4,4,4,5,6,4,4,5,5,4,4,5,5,6,5,5,6,4,5,5,6,5,6,5,5,5,5,6,7,7,5,7,6,5,5,9,5,5,5,5,5,5,5,5,5,5,5,5,5,5,5,5,5,5,5,5,5,5,5,5,5,5,5,5,5,5,5,5,5,5,5,5,5,5,5,5,5,5,5,5,5,5,5,5,5,5,5,5,5,5,5,5,5,5,5,5,5,5,5,5
1,689,667,674,676,659,664,656,654,698,679,686,668,664,659,659,657,683,686,675,678,678,667,677,670,704,698,693,689,683,669,672,670,696,708,695,690,691,684,687,678,724,691,703,707,689,690,679,681,719,707,709,715,708,700,695,692,737,712,723,688,697,695,699,706,7,4,5,4,4,4,4,5,5,4,4,4,4,4,4,4,6,6,5,5,4,4,4,5,5,4,6,4,5,4,4,5,7,5,4,5,5,5,5,5,7,5,5,5,5,4,6,6,5,7,7,5,6,5,6,7,8,10,6,7,7,6,6,9,5,5,5,5,5,5,5,5,5,5,5,5,5,5,5,5,5,5,5,5,5,5,5,5,5,5,5,5,5,5,5,5,5,5,5,5,5,5,5,5,5,5,5,5,5,5,5,5,5,5,5,5,5,5,5,5,5,5,5,5,5,5,5,5
2,677,677,673,667,664,654,659,649,691,677,669,677,669,672,670,655,686,688,686,667,675,675,666,663,705,706,700,684,678,675,672,666,707,696,687,690,687,680,682,665,706,714,694,703,689,690,686,687,717,723,712,700,695,688,691,700,723,722,719,705,710,697,703,704,5,4,4,4,4,4,4,4,6,4,4,4,4,3,4,4,7,5,4,5,4,4,4,4,6,5,5,4,4,4,5,4,6,4,5,5,5,5,4,4,6,6,4,5,6,4,4,6,6,6,5,5,5,5,5,7,7,8,6,5,5,6,5,9,5,5,5,5,5,5,5,5,5,5,5,5,5,5,5,5,5,5,5,5,5,5,5,5,5,5,5,5,5,5,5,5,5,5,5,5,5,5,5,5,5,5,5,5,5,5,5,5,5,5,5,5,5,5,5,5,5,5,5,5,5,5,5,5
3,690,667,664,666,669,665,662,649,690,681,682,675,669,664,666,660,686,692,681,672,678,665,666,664,706,704,706,679,685,676,674,674,710,701,698,698,688,688,679,670,713,702,702,696,696,695,686,683,717,710,704,700,700,692,702,685,735,724,716,701,716,705,700,691,5,5,4,5,3,4,4,5,5,4,4,3,4,4,4,4,6,6,5,5,4,4,5,5,7,5,7,4,4,4,5,5,6,5,5,4,5,5,6,5,6,5,6,5,6,5,5,6,5,6,6,5,5,5,6,6,7,9,6,6,7,5,7,9,5,5,5,5,5,5,5,5,5,5,5,5,5,5,5,5,5,5,5,5,5,5,5,5,5,5,5,5,5,5,5,5,5,5,5,5,5,5,5,5,5,5,5,5,5,5,5,5,5,5,5,5,5,5,5,5,5,5,5,5,5,5,5,5
4,673,684,678,668,662,659,651,652,676,680,665,670,665,658,670,661,688,684,684,673,673,676,667,663,695,697,688,681,676,681,672,660,713,699,693,692,686,677,684,676,718,695,703,714,688,677,683,687,718,703,704,704,705,687,680,694,714,721,718,719,701,699,709,696,5,4,5,4,4,4,3,5,6,4,4,4,4,3,4,4,6,6,5,4,4,5,4,4,6,4,5,4,4,4,5,5,6,5,5,5,5,4,4,5,5,4,5,5,5,5,5,5,5,6,6,5,5,5,5,7,7,9,5,6,5,4,6,8,5,5,5,5,5,5,5,5,5,5,5,5,5,5,5,5,5,5,5,5,5,5,5,5,5,5,5,5,5,5,5,5,5,5,5,5,5,5,5,5,5,5,5,5,5,5,5,5,5,5,5,5,5,5,5,5,5,5,5,5,5,5,5,5
5,678,676,671,669,653,659,658,650,688,685,670,674,670,664,649,651,691,693,674,680,674,665,674,665,701,695,689,681,680,687,664,675,704,699,702,678,692,677,679,671,720,711,707,688,700,690,690,681,726,709,717,701,693,698,700,698,736,717,710,708,706,705,698,710,5,5,4,4,4,4,4,5,5,5,4,4,5,4,4,4,7,6,5,5,4,5,4,4,7,4,5,4,4,4,5,6,6,5,4,4,5,4,5,4,6,6,6,5,5,5,6,5,6,7,5,5,4,5,5,7,9,8,5,7,7,5,6,10,5,5,5,5,5,5,5,5,5,5,5,5,5,5,5,5,5,5,5,5,5,5,5,5,5,5,5,5,5,5,5,5,5,5,5,5,5,5,5,5,5,5,5,5,5,5,5,5,5,5,5,5,5,5,5,5,5,5,5,5,5,5,5,5
6,681,683,672,671,662,656,655,648,688,685,683,675,667,666,653,649,702,678,684,692,670,676,667,666,700,697,691,688,687,678,669,673,711,709,686,700,692,682,680,673,724,705,704,697,695,689,684,679,719,707,704,703,705,696,692,691,723,720,719,698,710,694,689,687,5,4,5,4,3,3,4,4,4,4,4,3,4,4,4,4,5,5,5,4,3,5,4,4,5,5,5,4,4,4,4,5,8,5,5,5,4,5,4,5,5,5,5,6,5,4,4,5,5,6,6,5,5,5,5,6,8,8,5,8,6,6,5,7,5,5,5,5,5,5,5,5,5,5,5,5,5,5,5,5,5,5,5,5,5,5,5,5,5,5,5,5,5,5,5,5,5,5,5,5,5,5,5,5,5,5,5,5,5,5,5,5,5,5,5,5,5,5,5,5,5,5,5,5,5,5,5,5
7,687,679,676,674,660,656,650,658,679,682,669,677,671,667,670,659,695,687,685,678,674,674,664,660,697,685,684,686,688,675,683,657,707,706,694,695,687,682,685,682,713,718,703,696,690,692,673,681,721,713,703,705,706,701,694,690,729,720,711,705,705,700,706,685,4,4,4,4,4,4,4,4,4,5,4,4,5,4,4,3,5,7,5,5,4,5,4,4,6,5,5,4,4,4,6,5,7,5,5,6,5,5,4,5,6,5,4,6,6,4,6,5,5,7,6,7,7,5,6,6,8,11,5,7,5,5,6,9,5,5,5,5,5,5,5,5,5,5,5,5,5,5,5,5,5,5,5,5,5,5,5,5,5,5,5,5,5,5,5,5,5,5,5,5,5,5,5,5,5,5,5,5,5,5,5,5,5,5,5,5,5,5,5,5,5,5,5,5,5,5,5,5
8,685,672,668,662,662,664,663,657,681,678,682,677,669,663,661,654,683,687,678,669,677,669,672,664,704,689,687,679,684,675,673,674,712,697,686,692,689,679,685,678,717,714,703,697,698,685,683,682,718,701,714,700,706,696,687,688,731,720,717,714,694,702,694,744,5,4,3,4,3,4,4,4,5,5,4,3,4,4,3,4,5,6,5,4,4,4,4,4,6,4,5,4,4,4,4,4,6,4,5,5,5,4,4,4,5,6,5,4,5,5,5,5,7,6,5,6,5,5,6,5,9,7,5,7,6,6,5,8,5,5,5,5,5,5,5,5,5,5,5,5,5,5,5,5,5,5,5,5,5,5,5,5,5,5,5,5,5,5,5,5,5,5,5,5,5,5,5,5,5,5,5,5,5,5,5,5,5,5,5,5,5,5,5,5,5,5,5,5,5,5,5,5
9,673,678,672,660,670,660,666,647,683,696,678,674,671,665,655,652,678,694,688,682,668,675,667,671,695,697,700,686,680,679,666,673,713,703,685,693,689,677,683,677,713,706,707,705,703,686,678,681,725,716,709,702,704,687,686,701,733,724,718,707,712,701,705,697,5,5,4,4,4,4,5,5,5,4,4,5,4,4,4,4,6,6,4,6,4,5,3,5,6,4,6,4,4,4,5,5,6,5,5,5,6,4,4,5,6,6,5,5,6,5,5,6,6,6,5,6,6,5,6,9,10,7,5,7,6,6,6,8,5,5,5,5,5,5,5,5,5,5,5,5,5,5,5,5,5,5,5,5,5,5,5,5,5,5,5,5,5,5,5,5,5,5,5,5,5,5,5,5,5,5,5,5,5,5,5,5,5,5,5,5,5,5,5,5,5,5,5,5,5,5,5,5
10,685,679,676,666,666,660,650,658,691,681,676,671,676,664,667,661,696,695,683,679,673,674,665,657,710,687,691,684,677,681,671,666,700,698,695,697,687,681,683,670,709,694,701,695,691,696,693,697,712,708,712,694,700,696,688,703,710,711,724,714,706,693,710,694,5,6,4,4,3,4,4,4,5,4,3,3,4,4,4,4,6,6,5,5,3,4,4,4,5,4,5,4,4,4,5,4,7,5,4,4,4,4,4,4,6,5,4,5,6,4,5,5,6,6,6,5,5,5,5,7,5,9,6,6,6,6,6,9,5,5,5,5,5,5,5,5,5,5,5,5,5,5,5,5,5,5,5,5,5,5,5,5,5,5,5,5,5,5,5,5,5,5,5,5,5,5,5,5,5,5,5,5,5,5,5,5,5,5,5,5,5,5,5,5,5,5,5,5,5,5,5,5
11,676,681,670,669,661,656,640,656,695,676,682,682,671,658,665,663,695,678,677,682,674,677,667,667,690,695,686,677,674,688,676,669,700,695,695,689,690,689,684,672,709,706,709,697,714,688,686,688,713,710,709,702,696,689,700,685,722,724,719,705,720,697,700,700,4,4,4,4,4,4,4,4,5,4,4,4,4,4,3,4,5,6,4,5,4,5,5,4,6,5,5,4,4,5,5,4,9,5,5,5,5,5,4,5,5,6,5,5,5,5,5,4,8,7,5,5,5,5,5,6,7,8,6,9,5,6,5,10,5,5,5,5,5,5,5,5,5,5,5,5,5,5,5,5,5,5,5,5,5,5,5,5,5,5,5,5,5,5,5,5,5,5,5,5,5,5,5,5,5,5,5,5,5,5,5,5,5,5,5,5,5,5,5,5,5,5,5,5,5,5,5,5
12,684,674,668,669,668,662,656,657,691,680,678,673,666,668,659,664,689,679,683,679,673,664,666,656,705,697,687,687,678,679,675,666,697,692,698,693,689,690,677,666,714,708,701,705,688,696,696,686,702,712,701,714,691,699,694,690,722,726,716,718,711,706,698,704,5,4,4,4,3,4,4,5,5,5,4,5,4,4,3,4,6,5,5,5,4,4,4,4,5,4,5,4,4,4,4,4,6,4,3,4,5,4,5,4,6,5,4,5,5,4,5,5,5,6,5,5,5,5,5,6,10,8,6,7,5,6,6,13,5,5,5,5,5,5,5,5,5,5,5,5,5,5,5,5,5,5,5,5,5,5,5,5,5,5,5,5,5,5,5,5,5,5,5,5,5,5,5,5,5,5,5,5,5,5,5,5,5,5,5,5,5,5,5,5,5,5,5,5,5,5,5,5
13,678,676,670,664,658,663,652,665,692,676,682,679,670,663,664,656,692,694,679,692,673,672,662,658,694,690,692,684,684,672,679,667,711,694,695,697,676,684,679,686,718,706,693,701,694,697,689,678,713,727,707,694,689,696,698,688,734,722,721,701,702,697,717,705,6,5,4,4,4,4,3,4,5,4,4,4,4,4,4,4,6,7,4,4,4,4,4,4,6,5,5,4,4,4,4,5,6,5,4,5,5,4,5,6,5,5,5,5,5,4,5,5,6,8,6,6,4,5,5,6,6,10,6,7,6,6,6,12,5,5,5,5,5,5,5,5,5,5,5,5,5,5,5,5,5,5,5,5,5,5,5,5,5,5,5,5,5,5,5,5,5,5,5,5,5,5,5,5,5,5,5,5,5,5,5,5,5,5,5,5,5,5,5,5,5,5,5,5,5,5,5,5
14,682,676,668,666,665,655,652,652,687,679,680,666,666,663,662,652,697,682,687,680,674,669,667,664,706,691,684,688,690,676,669,674,702,705,697,690,697,683,680,672,715,710,702,697,700,699,688,682,713,714,710,705,691,690,689,692,720,719,715,716,713,705,709,704,5,6,4,4,3,4,4,5,5,4,4,4,4,3,4,4,5,5,4,5,3,4,4,4,6,5,4,4,4,3,4,5,6,4,3,5,5,4,4,5,5,6,5,5,6,5,4,5,6,6,5,5,5,5,6,6,6,7,5,7,5,6,7,11,5,5,5,5,5,5,5,5,5,5,5,5,5,5,5,5,5,5,5,5,5,5,5,5,5,5,5,5,5,5,5,5,5,5,5,5,5,5,5,5,5,5,5,5,5,5,5,5,5,5,5,5,5,5,5,5,5,5,5,5,5,5,5,5
15,679,672,676,666,658,657,655,640,692,675,677,672,667,670,661,666,695,685,678,678,676,666,666,665,704,695,696,681,678,676,670,676,700,701,686,693,688,686,686,686,713,715,692,699,706,690,684,685,711,710,702,712,705,702,683,694,722,715,713,726,698,700,701,695,6,5,5,4,4,4,4,4,5,4,4,4,4,4,4,4,6,5,6,5,4,4,5,4,6,5,6,4,4,4,5,5,6,5,5,5,5,5,4,5,5,5,5,5,6,5,7,6,6,6,7,5,5,6,5,6,8,9,5,7,7,7,6,10,5,5,5,5,5,5,5,5,5,5,5,5,5,5,5,5,5,5,5,5,5,5,5,5,5,5,5,5,5,5,5,5,5,5,5,5,5,5,5,5,5,5,5,5,5,5,5,5,5,5,5,5,5,5,5,5,5,5,5,5,5,5,5,5
16,679,675,670,665,654,655,650,651,684,682,677,671,675,664,658,659,695,701,680,684,667,672,662,662,706,695,695,683,688,677,668,675,701,695,706,691,684,685,676,681,712,705,703,702,688,689,688,682,717,723,710,693,699,692,700,688,723,721,720,706,697,697,697,701,5,5,4,4,3,4,4,5,5,4,4,4,5,4,4,4,6,6,3,5,3,4,4,4,5,5,5,4,4,3,4,5,6,4,4,5,5,5,5,4,5,5,6,5,5,4,5,5,5,7,5,6,4,5,5,7,7,8,5,6,5,7,6,9,5,5,5,5,5,5,5,5,5,5,5,5,5,5,5,5,5,5,5,5,5,5,5,5,5,5,5,5,5,5,5,5,5,5,5,5,5,5,5,5,5,5,5,5,5,5,5,5,5,5,5,5,5,5,5,5,5,5,5,5,5,5,5,5
17,689,677,670,670,672,655,654,649,677,685,682,670,675,656,663,650,691,684,685,678,677,668,664,667,699,695,701,684,684,677,682,659,705,698,701,684,691,683,681,675,707,703,691,699,689,705,682,682,723,702,720,699,700,695,687,694,723,712,722,707,704,703,701,705,5,5,4,5,4,3,4,5,6,5,4,4,5,4,5,4,5,5,5,5,4,4,4,4,7,5,4,4,4,4,5,5,6,5,5,4,5,5,4,5,6,5,5,5,6,5,4,5,6,6,6,7,6,5,5,7,8,9,7,8,6,6,6,9,5,5,5,5,5,5,5,5,5,5,5,5,5,5,5,5,5,5,5,5,5,5,5,5,5,5,5,5,5,5,5,5,5,5,5,5,5,5,5,5,5,5,5,5,5,5,5,5,5,5,5,5,5,5,5,5,5,5,5,5,5,5,5,5
18,677,672,674,671,653,656,650,654,694,677,678,665,669,665,655,658,690,688,683,670,672,673,672,667,707,695,698,683,683,683,668,666,710,701,695,698,701,675,673,677,722,694,706,699,695,691,698,690,731,721,705,698,704,702,700,696,726,721,724,707,711,698,691,705,5,5,4,5,4,4,3,5,5,4,4,4,4,4,4,4,6,5,4,5,4,4,4,4,6,5,6,4,4,4,4,4,6,4,4,4,5,4,4,5,6,4,5,5,5,4,5,5,6,8,5,5,5,5,5,6,7,7,6,6,5,5,5,9,5,5,5,5,5,5,5,5,5,5,5,5,5,5,5,5,5,5,5,5,5,5,5,5,5,5,5,5,5,5,5,5,5,5,5,5,5,5,5,5,5,5,5,5,5,5,5,5,5,5,5,5,5,5,5,5,5,5,5,5,5,5,5,5
19,673,673,668,667,663,662,657,647,685,675,676,674,663,658,663,662,690,691,683,674,679,667,659,666,699,701,698,683,678,675,680,663,707,701,699,692,695,680,671,680,713,706,701,707,699,687,681,687,716,712,710,718,702,697,704,692,717,720,715,721,702,702,707,694,5,5,4,4,4,4,4,5,6,5,4,5,4,4,4,4,5,6,5,4,4,4,4,5,6,5,4,4,4,4,5,4,6,5,4,5,5,4,4,6,6,5,5,6,6,4,6,4,8,7,5,7,5,5,6,5,8,10,6,8,6,5,5,9,5,5,5,5,5,5,5,5,5,5,5,5,5,5,5,5,5,5,5,5,5,5,5,5,5,5,5,5,5,5,5,5,5,5,5,5,5,5,5,5,5,5,5,5,5,5,5,5,5,5,5,5,5,5,5,5,5,5,5,5,5,5,5,5
20,681,670,664,666,663,655,661,655,688,685,677,670,669,663,661,655,682,684,693,680,675,668,671,659,715,684,693,688,679,674,667,671,707,704,696,685,686,680,687,672,701,707,711,703,692,690,671,682,719,710,709,706,710,693,689,690,728,719,725,713,707,702,700,683,5,5,4,4,4,4,4,5,5,4,4,4,4,3,4,4,5,5,4,4,3,4,4,4,5,5,5,5,4,4,4,4,7,4,4,5,5,4,4,5,6,5,6,5,5,4,5,5,7,6,7,6,5,5,5,6,7,8,5,6,6,5,6,9,5,5,5,5,5,5,5,5,5,5,5,5,5,5,5,5,5,5,5,5,5,5,5,5,5,5,5,5,5,5,5,5,5,5,5,5,5,5,5,5,5,5,5,5,5,5,5,5,5,5,5,5,5,5,5,5,5,5,5,5,5,5,5,5
21,676,676,678,663,659,662,655,662,686,679,676,671,671,662,652,659,689,690,677,684,678,678,662,655,703,690,687,684,683,672,676,659,696,701,703,688,683,686,681,673,707,695,708,694,700,687,676,681,727,713,714,707,694,695,677,690,715,714,711,689,720,689,708,691,5,5,5,4,4,4,4,6,5,4,4,5,4,4,4,4,6,5,5,5,4,5,4,4,5,4,5,4,5,4,5,5,7,4,4,5,5,5,4,5,4,5,5,5,5,4,5,6,7,7,5,5,5,5,5,7,7,7,6,7,5,5,6,12,5,5,5,5,5,5,5,5,5,5,5,5,5,5,5,5,5,5,5,5,5,5,5,5,5,5,5,5,5,5,5,5,5,5,5,5,5,5,5,5,5,5,5,5,5,5,5,5,5,5,5,5,5,5,5,5,5,5,5,5,5,5,5,5
22,677,681,668,661,661,660,650,653,684,684,680,673,680,667,663,661,695,686,689,677,674,669,664,659,701,697,691,686,688,681,681,679,709,699,702,684,690,681,684,683,712,713,700,699,697,695,691,693,718,723,706,704,718,690,696,698,719,716,711,712,697,700,701,697,5,4,4,4,4,3,3,5,5,4,4,4,5,4,3,4,5,5,4,5,3,4,4,4,6,4,6,4,4,4,5,5,6,4,4,4,4,4,4,5,5,4,4,6,5,5,5,5,7,7,5,6,6,5,5,7,8,11,5,7,5,4,5,8,5,5,5,5,5,5,5,5,5,5,5,5,5,5,5,5,5,5,5,5,5,5,5,5,5,5,5,5,5,5,5,5,5,5,5,5,5,5,5,5,5,5,5,5,5,5,5,5,5,5,5,5,5,5,5,5,5,5,5,5,5,5,5,5
23,681,675,670,665,660,654,664,657,676,685,672,666,672,664,662,665,692,680,679,677,677,668,669,668,698,686,692,677,682,680,673,671,706,716,695,688,692,694,678,669,700,704,700,705,696,691,693,680,720,719,706,710,701,694,700,690,710,718,726,711,710,706,699,706,5,5,4,4,4,4,4,5,5,6,5,4,4,4,4,4,7,6,5,4,4,5,4,4,6,4,5,4,4,4,5,4,7,5,5,5,5,5,5,5,6,6,5,6,6,4,5,5,6,7,7,5,5,5,5,6,7,11,6,9,6,6,6,8,5,5,5,5,5,5,5,5,5,5,5,5,5,5,5,5,5,5,5,5,5,5,5,5,5,5,5,5,5,5,5,5,5,5,5,5,5,5,5,5,5,5,5,5,5,5,5,5,5,5,5,5,5,5,5,5,5,5,5,5,5,5,5,5
24,681,672,673,670,667,665,652,641,683,678,686,676,668,657,655,660,683,701,684,680,676,672,665,667,694,691,690,681,684,683,673,662,714,699,695,692,692,676,682,675,715,698,697,702,692,697,689,688,719,708,704,698,707,700,692,691,724,724,715,705,711,694,698,701,5,5,4,4,3,4,4,4,4,4,4,4,4,3,4,4,6,6,4,4,4,5,4,4,5,4,5,4,4,4,5,4,5,5,4,5,4,4,4,4,6,5,4,5,6,4,5,6,7,7,6,6,5,6,6,6,6,7,5,8,5,6,5,8,5,5,5,5,5,5,5,5,5,5,5,5,5,5,5,5,5,5,5,5,5,5,5,5,5,5,5,5,5,5,5,5,5,5,5,5,5,5,5,5,5,5,5,5,5,5,5,5,5,5,5,5,5,5,5,5,5,5,5,5,5,5,5,5
25,688,686,676,665,671,661,655,649,677,682,684,675,667,667,655,658,691,681,674,680,677,671,664,664,708,699,686,678,688,685,682,671,703,708,687,688,691,677,678,668,711,696,705,696,692,700,693,689,719,733,707,706,709,692,697,687,717,721,724,706,713,696,697,691,6,5,5,4,3,4,4,5,6,4,4,5,4,4,4,4,6,5,4,5,4,4,5,4,6,5,5,4,4,5,5,5,6,5,5,5,5,4,4,4,5,5,4,5,6,5,6,5,7,6,7,6,5,5,6,7,8,9,6,5,5,5,4,10,5,5,5,5,5,5,5,5,5,5,5,5,5,5,5,5,5,5,5,5,5,5,5,5,5,5,5,5,5,5,5,5,5,5,5,5,5,5,5,5,5,5,5,5,5,5,5,5,5,5,5,5,5,5,5,5,5,5,5,5,5,5,5,5
26,674,672,676,665,662,659,653,652,684,682,686,676,669,668,665,661,690,687,679,677,678,670,667,663,696,693,694,679,678,682,683,669,703,702,700,692,684,686,680,673,713,700,700,701,688,683,690,691,718,716,711,720,700,686,687,696,725,730,710,711,709,685,709,695,5,5,4,4,4,4,4,4,5,4,4,4,4,3,3,4,6,6,5,5,4,4,4,4,5,4,5,4,4,4,4,4,6,5,4,5,4,4,4,4,5,5,5,5,6,5,5,5,5,7,6,5,5,4,5,6,8,9,5,6,6,5,6,9,5,5,5,5,5,5,5,5,5,5,5,5,5,5,5,5,5,5,5,5,5,5,5,5,5,5,5,5,5,5,5,5,5,5,5,5,5,5,5,5,5,5,5,5,5,5,5,5,5,5,5,5,5,5,5,5,5,5,5,5,5,5,5,5
27,685,676,673,666,663,663,659,650,688,682,685,678,671,673,666,660,691,688,686,679,673,670,660,669,706,690,684,682,679,688,675,677,695,702,689,690,689,679,676,679,702,708,710,697,682,700,691,691,716,714,698,706,696,704,699,693,722,737,719,725,693,705,703,703,6,5,4,4,4,4,4,5,5,5,4,4,4,4,5,4,8,7,6,5,4,5,4,4,6,5,5,4,4,4,4,6,7,4,5,5,5,4,5,5,6,6,6,4,6,5,5,5,6,6,6,6,4,7,5,7,7,7,7,8,6,5,7,8,5,5,5,5,5,5,5,5,5,5,5,5,5,5,5,5,5,5,5,5,5,5,5,5,5,5,5,5,5,5,5,5,5,5,5,5,5,5,5,5,5,5,5,5,5,5,5,5,5,5,5,5,5,5,5,5,5,5,5,5,5,5,5,5
28,685,670,674,670,666,658,660,649,680,678,680,668,673,660,659,659,689,688,678,684,678,673,666,656,696,689,688,683,677,681,675,674,700,708,699,696,691,682,679,681,708,710,703,708,702,688,696,685,718,739,715,713,706,694,704,689,727,698,709,727,708,707,703,702,6,4,5,4,4,4,4,5,5,4,4,4,4,4,4,4,5,6,4,3,4,4,3,4,5,5,5,3,4,4,4,5,7,5,4,4,5,4,4,4,5,5,5,6,5,5,5,5,7,7,4,6,5,5,5,7,8,9,5,8,6,4,6,9,5,5,5,5,5,5,5,5,5,5,5,5,5,5,5,5,5,5,5,5,5,5,5,5,5,5,5,5,5,5,5,5,5,5,5,5,5,5,5,5,5,5,5,5,5,5,5,5,5,5,5,5,5,5,5,5,5,5,5,5,5,5,5,5
29,680,671,667,665,666,663,656,658,686,674,675,669,668,662,671,654,686,682,689,680,675,667,664,660,704,701,691,686,683,681,672,670,714,705,695,690,698,689,679,675,716,711,704,692,700,683,688,681,726,708,713,707,696,695,698,694,708,700,713,705,710,712,693,701,6,5,4,4,4,3,4,5,5,4,4,4,4,4,4,4,6,5,5,5,4,5,4,5,5,5,5,4,4,4,5,5,5,5,4,5,4,6,4,5,6,6,5,6,5,5,5,5,5,6,5,6,6,5,5,7,7,8,6,8,5,5,5,9,5,5,5,5,5,5,5,5,5,5,5,5,5,5,5,5,5,5,5,5,5,5,5,5,5,5,5,5,5,5,5,5,5,5,5,5,5,5,5,5,5,5,5,5,5,5,5,5,5,5,5,5,5,5,5,5,5,5,5,5,5,5,5,5
30,673,679,669,665,660,649,652,655,679,682,687,671,664,662,663,658,696,682,681,677,677,671,666,667,693,694,689,685,680,681,676,671,703,700,695,690,704,687,679,677,712,704,699,695,697,691,688,682,725,715,707,707,700,693,687,688,728,725,709,715,704,703,711,694,4,4,4,4,4,4,4,5,5,5,4,4,4,4,4,4,5,5,5,5,4,5,4,5,5,4,5,4,4,4,4,5,6,4,4,4,5,5,4,5,5,5,5,5,5,4,5,5,7,6,5,5,5,5,5,6,8,8,5,7,6,5,6,8,5,5,5,5,5,5,5,5,5,5,5,5,5,5,5,5,5,5,5,5,5,5,5,5,5,5,5,5,5,5,5,5,5,5,5,5,5,5,5,5,5,5,5,5,5,5,5,5,5,5,5,5,5,5,5,5,5,5,5,5,5,5,5,5
31,692,672,674,667,662,667,655,651,689,680,682,667,672,658,661,653,687,689,683,685,673,672,668,666,689,695,692,692,682,672,671,684,697,700,694,686,682,683,686,687,709,705,704,703,694,687,695,679,707,711,714,702,700,694,694,685,720,734,728,713,699,703,702,666,6,4,5,4,4,4,4,5,5,4,4,4,5,4,4,4,7,6,5,5,4,5,4,4,6,5,5,5,5,4,5,6,5,5,5,5,4,5,4,6,5,5,4,6,6,6,5,5,5,7,5,6,5,5,6,7,7,11,6,6,6,5,5,9,5,5,5,5,5,5,5,5,5,5,5,5,5,5,5,5,5,5,5,5,5,5,5,5,5,5,5,5,5,5,5,5,5,5,5,5,5,5,5,5,5,5,5,5,5,5,5,5,5,5,5,5,5,5,5,5,5,5,5,5,5,5,5,5
32,682,677,669,666,665,648,656,657,697,676,665,676,671,668,657,655,681,686,689,676,672,673,664,654,682,700,691,691,681,684,671,665,708,700,703,694,685,675,672,681,718,714,702,707,693,693,687,679,711,706,712,709,710,695,698,687,729,724,716,714,703,691,711,669,5,4,4,4,3,4,4,5,6,4,4,4,4,3,4,3,5,6,4,4,3,4,5,4,5,4,5,5,4,4,5,4,6,4,5,5,4,4,4,5,5,6,5,5,6,5,5,5,6,6,6,5,6,5,5,6,9,6,5,7,6,5,6,10,5,5,5,5,5,5,5,5,5,5,5,5,5,5,5,5,5,5,5,5,5,5,5,5,5,5,5,5,5,5,5,5,5,5,5,5,5,5,5,5,5,5,5,5,5,5,5,5,5,5,5,5,5,5,5,5,5,5,5,5,5,5,5,5
33,690,676,675,673,661,664,653,652,695,679,673,670,672,660,670,655,686,683,680,681,678,664,677,659,703,702,692,686,679,681,679,679,708,701,690,694,691,688,686,678,711,700,694,696,694,687,690,692,720,712,715,699,702,700,689,690,717,718,720,700,727,690,694,689,6,5,5,5,4,4,4,5,5,4,4,4,5,4,4,4,7,5,5,5,4,4,4,4,7,5,5,4,4,5,4,5,6,5,5,5,5,5,4,5,5,5,5,5,5,5,5,6,5,6,5,6,5,5,5,7,7,10,6,8,6,6,6,8,5,5,5,5,5,5,5,5,5,5,5,5,5,5,5,5,5,5,5,5,5,5,5,5,5,5,5,5,5,5,5,5,5,5,5,5,5,5,5,5,5,5,5,5,5,5,5,5,5,5,5,5,5,5,5,5,5,5,5,5,5,5,5,5
34,676,677,673,668,657,660,657,655,696,686,687,676,670,662,656,657,684,677,689,672,675,666,664,672,695,696,691,690,690,680,675,668,698,702,691,697,683,681,685,688,724,713,705,693,689,691,674,682,712,708,703,708,697,706,683,686,722,712,714,722,708,696,700,692,6,5,4,4,4,4,4,5,5,4,4,3,4,4,4,4,6,4,4,4,4,4,4,4,5,5,5,4,4,4,5,5,7,4,5,5,4,4,4,5,6,5,5,6,6,4,5,5,7,6,6,7,5,6,6,6,7,8,6,6,5,6,6,9,5,5,5,5,5,5,5,5,5,5,5,5,5,5,5,5,5,5,5,5,5,5,5,5,5,5,5,5,5,5,5,5,5,5,5,5,5,5,5,5,5,5,5,5,5,5,5,5,5,5,5,5,5,5,5,5,5,5,5,5,5,5,5,5
35,692,678,671,664,653,659,659,663,689,685,679,671,677,659,659,654,702,686,687,671,676,669,673,661,687,688,692,682,677,678,676,667,713,700,694,687,687,695,682,677,713,713,704,699,690,686,689,682,716,740,711,715,703,695,696,689,729,740,724,713,711,706,693,686,6,4,5,4,4,4,4,4,5,5,4,4,5,4,4,4,5,5,4,5,4,4,4,5,5,5,5,4,5,4,5,5,6,5,5,4,5,5,4,5,5,6,5,5,6,4,6,6,6,8,6,6,6,5,7,6,7,9,7,8,6,5,5,8,5,5,5,5,5,5,5,5,5,5,5,5,5,5,5,5,5,5,5,5,5,5,5,5,5,5,5,5,5,5,5,5,5,5,5,5,5,5,5,5,5,5,5,5,5,5,5,5,5,5,5,5,5,5,5,5,5,5,5,5,5,5,5,5
36,673,671,670,667,659,657,655,652,688,682,672,671,667,656,659,656,687,695,678,676,669,666,668,668,695,693,685,683,680,680,678,668,703,699,689,686,682,679,686,675,719,715,709,697,707,681,687,680,712,708,701,699,697,684,697,687,743,726,727,701,706,708,702,694,5,4,4,5,4,4,4,4,5,4,4,4,4,3,4,3,6,6,5,5,3,4,5,4,5,4,5,4,4,4,4,5,7,4,4,5,4,4,4,5,5,5,5,5,6,4,5,5,6,5,5,5,5,5,5,6,6,7,6,10,6,5,5,11,5,5,5,5,5,5,5,5,5,5,5,5,5,5,5,5,5,5,5,5,5,5,5,5,5,5,5,5,5,5,5,5,5,5,5,5,5,5,5,5,5,5,5,5,5,5,5,5,5,5,5,5,5,5,5,5,5,5,5,5,5,5,5,5
37,679,677,676,662,653,662,655,655,681,683,681,677,670,660,662,655,698,690,678,674,675,671,662,668,701,699,693,690,682,675,667,669,699,707,691,701,696,680,688,686,724,708,705,710,706,677,685,677,714,709,711,709,700,691,692,692,723,725,714,715,714,701,708,699,5,4,4,4,4,4,4,3,4,4,4,5,4,4,5,4,5,6,5,5,4,4,4,4,7,5,5,4,4,4,5,4,8,5,5,4,4,4,4,5,6,5,5,5,5,5,6,6,7,6,5,6,5,5,5,6,8,7,6,8,5,5,6,10,5,5,5,5,5,5,5,5,5,5,5,5,5,5,5,5,5,5,5,5,5,5,5,5,5,5,5,5,5,5,5,5,5,5,5,5,5,5,5,5,5,5,5,5,5,5,5,5,5,5,5,5,5,5,5,5,5,5,5,5,5,5,5,5
38,677,676,669,671,661,661,657,646,686,687,677,675,672,665,668,653,695,682,676,679,668,670,669,664,703,693,687,692,687,677,675,680,708,699,695,690,684,681,675,673,709,699,684,683,688,689,686,691,713,709,713,705,700,686,697,700,719,713,710,701,710,707,697,691,5,4,4,4,4,4,4,4,4,5,4,4,4,4,4,4,5,5,5,5,4,4,4,4,6,5,5,4,4,4,5,5,6,4,4,5,4,4,5,4,5,5,5,5,5,5,5,6,6,7,5,6,5,5,5,7,7,10,5,6,5,5,6,9,5,5,5,5,5,5,5,5,5,5,5,5,5,5,5,5,5,5,5,5,5,5,5,5,5,5,5,5,5,5,5,5,5,5,5,5,5,5,5,5,5,5,5,5,5,5,5,5,5,5,5,5,5,5,5,5,5,5,5,5,5,5,5,5
39,684,680,671,674,661,659,656,651,681,677,677,672,664,660,666,654,694,691,690,673,674,681,673,658,702,695,677,691,691,671,667,667,698,702,697,686,687,685,682,684,714,701,702,700,693,694,682,678,731,714,709,703,696,690,700,692,719,703,714,700,700,708,692,700,5,4,4,5,4,4,4,5,6,4,4,5,4,4,4,4,5,6,5,4,4,6,3,4,5,5,4,5,4,4,5,5,6,5,5,5,5,5,4,6,5,6,4,5,6,5,5,4,7,8,5,7,5,5,6,6,8,8,5,6,6,6,6,8,5,5,5,5,5,5,5,5,5,5,5,5,5,5,5,5,5,5,5,5,5,5,5,5,5,5,5,5,5,5,5,5,5,5,5,5,5,5,5,5,5,5,5,5,5,5,5,5,5,5,5,5,5,5,5,5,5,5,5,5,5,5,5,5
40,686,681,668,664,656,662,654,647,691,684,687,666,667,660,658,667,690,679,686,679,677,674,663,672,704,699,692,686,678,681,674,673,692,706,696,683,691,681,682,676,710,699,712,699,696,698,691,690,722,709,712,711,703,686,693,691,727,733,719,704,710,691,705,691,6,4,4,4,4,4,4,4,5,4,4,4,4,4,4,4,6,5,4,4,4,4,4,5,7,4,5,4,4,4,4,4,5,5,4,4,4,4,4,5,5,5,5,6,5,5,5,6,6,7,6,6,5,4,5,6,8,8,5,7,7,5,5,8,5,5,5,5,5,5,5,5,5,5,5,5,5,5,5,5,5,5,5,5,5,5,5,5,5,5,5,5,5,5,5,5,5,5,5,5,5,5,5,5,5,5,5,5,5,5,5,5,5,5,5,5,5,5,5,5,5,5,5,5,5,5,5,5
41,674,675,673,666,666,662,656,656,684,678,672,677,669,672,661,662,693,686,683,683,679,672,658,664,703,690,692,690,677,670,674,673,706,695,700,694,687,691,677,679,726,700,708,703,699,689,685,682,727,726,717,704,690,707,691,700,719,716,714,723,707,707,704,707,5,5,5,5,4,4,4,5,5,4,4,5,4,4,4,4,7,5,5,5,4,4,4,4,5,5,5,5,4,4,5,5,5,5,4,5,5,4,5,5,6,5,5,6,5,5,5,5,8,6,6,6,4,6,6,8,8,7,5,7,6,6,7,10,5,5,5,5,5,5,5,5,5,5,5,5,5,5,5,5,5,5,5,5,5,5,5,5,5,5,5,5,5,5,5,5,5,5,5,5,5,5,5,5,5,5,5,5,5,5,5,5,5,5,5,5,5,5,5,5,5,5,5,5,5,5,5,5
42,673,674,672,664,661,666,655,663,680,684,674,667,670,663,659,658,692,691,682,671,672,672,671,665,703,697,691,690,682,683,672,669,712,696,702,691,686,689,682,684,707,710,698,699,698,690,692,688,717,716,715,705,695,704,692,673,717,713,721,709,699,706,705,687,4,5,4,4,3,4,3,5,4,5,4,3,4,4,4,3,5,6,4,4,4,4,4,4,7,4,5,4,4,4,5,5,6,4,4,5,4,5,4,5,4,6,4,5,7,4,5,5,5,7,5,6,4,5,5,6,8,8,6,6,6,5,6,10,5,5,5,5,5,5,5,5,5,5,5,5,5,5,5,5,5,5,5,5,5,5,5,5,5,5,5,5,5,5,5,5,5,5,5,5,5,5,5,5,5,5,5,5,5,5,5,5,5,5,5,5,5,5,5,5,5,5,5,5,5,5,5,5
43,685,683,674,668,661,656,649,652,701,680,682,673,671,667,668,658,706,691,674,685,673,674,667,668,714,694,692,680,682,682,677,671,699,703,693,701,691,685,686,675,697,701,704,691,704,682,680,693,715,717,705,699,698,688,698,691,723,728,720,713,704,716,694,696,6,4,4,5,4,4,4,4,6,4,4,4,4,4,4,4,5,5,5,5,4,5,5,4,6,5,5,4,4,5,6,4,7,5,4,4,5,5,4,5,5,5,5,6,5,5,5,5,7,7,7,6,5,5,7,6,7,10,6,7,5,7,7,9,5,5,5,5,5,5,5,5,5,5,5,5,5,5,5,5,5,5,5,5,5,5,5,5,5,5,5,5,5,5,5,5,5,5,5,5,5,5,5,5,5,5,5,5,5,5,5,5,5,5,5,5,5,5,5,5,5,5,5,5,5,5,5,5
44,680,677,679,668,667,663,657,654,688,676,680,670,669,666,657,653,696,681,667,688,672,674,671,662,692,696,693,683,682,672,675,672,699,703,691,688,691,688,672,681,712,694,707,699,699,682,678,684,721,712,711,712,704,692,701,694,726,714,718,701,705,693,703,687,5,5,4,4,3,3,4,5,5,4,4,4,4,4,4,4,6,5,4,5,4,5,5,4,5,5,4,4,4,4,5,4,5,4,4,5,5,5,4,5,4,4,5,4,5,4,5,6,9,6,4,5,5,5,5,7,7,10,5,7,5,5,7,9,5,5,5,5,5,5,5,5,5,5,5,5,5,5,5,5,5,5,5,5,5,5,5,5,5,5,5,5,5,5,5,5,5,5,5,5,5,5,5,5,5,5,5,5,5,5,5,5,5,5,5,5,5,5,5,5,5,5,5,5,5,5,5,5
45,679,676,667,666,665,661,656,660,686,685,676,673,672,661,657,648,680,685,690,677,679,666,663,668,702,690,694,687,676,681,672,669,701,714,699,692,688,682,690,675,702,698,695,707,691,692,697,680,722,715,708,712,703,699,694,679,723,726,717,708,707,701,707,712,6,5,5,5,5,4,4,5,6,5,4,4,4,4,4,4,6,5,5,5,4,5,5,5,5,4,5,4,4,4,5,4,7,4,4,5,5,5,4,5,5,5,5,5,6,4,6,5,5,7,6,5,5,5,6,7,8,9,6,6,8,5,6,10,5,5,5,5,5,5,5,5,5,5,5,5,5,5,5,5,5,5,5,5,5,5,5,5,5,5,5,5,5,5,5,5,5,5,5,5,5,5,5,5,5,5,5,5,5,5,5,5,5,5,5,5,5,5,5,5,5,5,5,5,5,5,5,5
46,677,671,668,669,660,653,657,652,691,676,685,672,670,664,663,657,689,695,686,679,666,672,659,668,698,689,700,684,679,674,667,672,713,701,699,696,688,688,683,679,714,702,705,702,686,696,693,686,721,710,706,711,696,695,691,697,735,724,712,706,712,700,698,702,5,5,4,4,4,3,3,5,5,4,4,4,4,4,5,4,6,6,4,5,4,4,4,4,5,5,4,4,4,4,4,4,6,4,4,4,5,4,4,5,5,5,5,5,5,5,5,6,6,6,5,4,5,5,6,6,7,7,5,7,5,6,5,8,5,5,5,5,5,5,5,5,5,5,5,5,5,5,5,5,5,5,5,5,5,5,5,5,5,5,5,5,5,5,5,5,5,5,5,5,5,5,5,5,5,5,5,5,5,5,5,5,5,5,5,5,5,5,5,5,5,5,5,5,5,5,5,5
47,683,680,670,667,653,666,649,651,692,683,674,673,669,660,673,656,696,689,693,678,672,676,667,670,709,692,689,690,686,677,659,664,704,703,690,693,689,685,682,685,723,701,704,694,693,687,683,688,713,710,705,703,703,691,692,695,715,710,714,720,706,704,698,705,6,4,4,4,4,4,4,5,6,5,5,4,4,4,4,4,7,6,4,6,4,4,5,4,6,4,5,4,4,4,4,5,6,6,4,5,5,5,5,5,6,5,5,7,7,5,6,5,6,7,7,6,5,4,5,6,8,10,5,7,5,5,7,9,5,5,5,5,5,5,5,5,5,5,5,5,5,5,5,5,5,5,5,5,5,5,5,5,5,5,5,5,5,5,5,5,5,5,5,5,5,5,5,5,5,5,5,5,5,5,5,5,5,5,5,5,5,5,5,5,5,5,5,5,5,5,5,5
48,683,669,677,659,667,656,658,659,678,678,677,674,668,665,668,655,691,682,681,676,675,671,664,668,702,691,690,679,680,680,672,674,706,700,701,697,689,691,680,679,720,703,704,694,698,690,683,681,718,704,717,706,703,686,701,694,717,715,712,715,706,709,698,706,5,5,4,4,3,4,4,4,5,4,4,4,4,4,3,4,6,6,4,4,3,4,4,4,6,4,5,4,4,4,5,5,5,5,3,5,4,4,4,5,6,5,5,5,6,4,6,5,6,6,8,5,5,4,6,6,6,7,5,7,5,5,5,9,5,5,5,5,5,5,5,5,5,5,5,5,5,5,5,5,5,5,5,5,5,5,5,5,5,5,5,5,5,5,5,5,5,5,5,5,5,5,5,5,5,5,5,5,5,5,5,5,5,5,5,5,5,5,5,5,5,5,5,5,5,5,5,5
49,679,673,669,661,663,665,653,647,689,685,682,680,664,660,664,656,698,685,673,678,675,666,667,665,695,689,690,687,680,685,677,670,696,700,697,697,689,684,682,688,721,701,696,699,691,691,685,681,722,707,703,712,690,699,697,704,727,725,715,708,709,701,704,681,5,5,5,4,4,4,4,6,4,5,4,4,4,4,3,4,6,6,5,5,4,4,5,4,6,4,6,4,4,5,5,5,7,4,4,5,5,5,4,5,6,5,5,5,7,4,6,5,6,6,6,7,5,5,5,8,8,10,5,7,8,7,7,10,5,5,5,5,5,5,5,5,5,5,5,5,5,5,5,5,5,5,5,5,5,5,5,5,5,5,5,5,5,5,5,5,5,5,5,5,5,5,5,5,5,5,5,5,5,5,5,5,5,5,5,5,5,5,5,5,5,5,5,5,5,5,5,5
50,673,666,671,668,663,660,661,645,686,681,684,667,671,657,659,660,692,685,685,683,673,676,670,674,688,695,681,681,681,677,677,668,704,703,700,694,693,680,679,678,695,709,702,699,690,684,693,677,724,711,713,695,698,700,693,696,718,709,718,718,711,700,709,692,5,4,4,4,4,4,4,5,5,4,4,4,4,4,3,3,5,5,5,4,4,4,4,4,5,4,4,4,4,4,5,4,5,5,4,4,5,4,4,5,5,6,4,5,6,5,6,5,6,8,6,5,5,4,6,6,8,8,5,7,5,6,5,11,5,5,5,5,5,5,5,5,5,5,5,5,5,5,5,5,5,5,5,5,5,5,5,5,5,5,5,5,5,5,5,5,5,5,5,5,5,5,5,5,5,5,5,5,5,5,5,5,5,5,5,5,5,5,5,5,5,5,5,5,5,5,5,5
51,694,673,664,663,664,663,660,658,685,679,686,672,664,671,664,657,703,696,684,689,674,670,666,658,701,700,689,678,682,675,665,670,694,702,703,697,683,689,675,670,709,700,701,708,692,689,681,684,725,706,701,715,692,694,684,694,704,721,722,705,708,702,698,712,7,5,4,4,3,4,5,5,4,5,4,5,4,4,4,4,6,5,5,4,4,4,4,4,7,5,5,4,4,4,4,5,7,5,5,5,5,5,5,5,5,6,5,6,6,5,5,5,5,7,7,5,5,5,5,7,6,7,6,7,5,5,6,12,5,5,5,5,5,5,5,5,5,5,5,5,5,5,5,5,5,5,5,5,5,5,5,5,5,5,5,5,5,5,5,5,5,5,5,5,5,5,5,5,5,5,5,5,5,5,5,5,5,5,5,5,5,5,5,5,5,5,5,5,5,5,5,5
52,682,674,671,667,660,650,660,650,692,680,670,669,661,667,658,657,692,682,680,678,671,675,666,665,702,694,683,681,685,681,671,671,723,695,699,697,694,683,682,678,717,699,697,697,696,691,683,685,727,711,707,698,700,698,687,702,727,715,711,717,713,708,704,684,6,5,4,4,4,4,4,5,5,4,4,4,4,5,4,4,6,4,5,4,3,4,4,4,5,5,5,4,4,4,5,5,6,4,4,4,5,5,4,4,6,6,5,6,6,4,5,5,5,6,4,5,5,5,5,6,8,8,6,8,6,5,6,11,5,5,5,5,5,5,5,5,5,5,5,5,5,5,5,5,5,5,5,5,5,5,5,5,5,5,5,5,5,5,5,5,5,5,5,5,5,5,5,5,5,5,5,5,5,5,5,5,5,5,5,5,5,5,5,5,5,5,5,5,5,5,5,5
53,680,684,673,667,662,659,664,652,690,681,676,668,669,662,659,654,695,689,682,680,672,675,657,676,690,694,699,690,685,681,664,669,692,700,690,691,698,687,680,692,700,703,706,696,698,681,686,687,714,716,713,693,697,691,702,683,730,729,713,707,703,702,709,689,6,5,4,4,4,4,4,5,5,5,4,4,4,4,5,3,6,6,4,5,4,5,4,5,6,5,6,5,4,5,4,4,7,5,5,5,5,5,5,6,5,6,5,5,6,5,5,6,8,6,6,6,5,5,5,6,7,8,5,7,6,6,8,9,5,5,5,5,5,5,5,5,5,5,5,5,5,5,5,5,5,5,5,5,5,5,5,5,5,5,5,5,5,5,5,5,5,5,5,5,5,5,5,5,5,5,5,5,5,5,5,5,5,5,5,5,5,5,5,5,5,5,5,5,5,5,5,5
54,690,671,669,673,656,656,652,655,687,678,681,660,669,662,659,660,691,686,686,677,675,676,665,662,693,700,690,688,677,677,673,660,720,703,704,689,688,676,678,673,707,703,706,705,696,682,683,676,716,715,717,700,699,702,696,698,720,720,718,709,714,696,696,687,7,5,4,4,4,3,4,5,5,4,3,4,4,4,4,4,7,6,4,4,4,5,4,4,5,4,5,4,4,4,5,5,7,4,4,4,5,4,5,5,6,5,5,5,5,5,5,5,6,7,5,5,5,6,5,7,6,8,5,7,6,6,5,10,5,5,5,5,5,5,5,5,5,5,5,5,5,5,5,5,5,5,5,5,5,5,5,5,5,5,5,5,5,5,5,5,5,5,5,5,5,5,5,5,5,5,5,5,5,5,5,5,5,5,5,5,5,5,5,5,5,5,5,5,5,5,5,5
55,673,667,671,658,655,662,654,654,689,683,678,668,672,662,667,656,673,685,680,674,675,675,659,661,693,699,682,683,689,682,674,673,707,696,709,700,685,693,675,675,705,713,699,706,690,693,693,676,729,706,698,704,706,696,684,701,707,707,714,697,711,704,703,733,5,5,4,4,4,4,4,4,5,4,4,4,4,4,4,4,6,5,5,4,5,5,4,4,6,4,5,4,4,4,5,5,6,5,4,4,4,4,5,6,5,6,5,5,6,4,5,5,6,6,6,6,5,6,5,6,7,8,5,9,5,6,6,15,5,5,5,5,5,5,5,5,5,5,5,5,5,5,5,5,5,5,5,5,5,5,5,5,5,5,5,5,5,5,5,5,5,5,5,5,5,5,5,5,5,5,5,5,5,5,5,5,5,5,5,5,5,5,5,5,5,5,5,5,5,5,5,5
56,681,668,672,666,661,654,653,659,686,680,669,675,673,666,657,664,688,692,685,680,674,669,664,663,694,696,682,686,677,671,671,670,710,700,692,695,683,688,682,678,706,707,716,697,700,695,691,693,713,722,711,706,704,694,683,686,730,707,718,719,709,693,714,706,5,5,4,4,3,4,4,4,4,4,4,3,4,3,4,4,6,6,5,4,3,4,4,4,6,4,5,4,4,4,5,5,5,5,4,5,4,4,4,5,5,5,5,6,5,4,4,6,7,7,5,6,5,4,5,6,7,7,6,7,6,6,7,8,5,5,5,5,5,5,5,5,5,5,5,5,5,5,5,5,5,5,5,5,5,5,5,5,5,5,5,5,5,5,5,5,5,5,5,5,5,5,5,5,5,5,5,5,5,5,5,5,5,5,5,5,5,5,5,5,5,5,5,5,5,5,5,5
57,683,678,672,668,661,658,662,662,689,670,678,666,668,666,665,661,689,694,686,679,681,672,670,666,698,696,696,679,690,682,684,675,703,703,701,692,689,693,688,681,715,692,716,704,710,692,682,674,719,706,704,696,704,699,698,700,729,724,715,717,702,703,694,692,5,4,4,5,4,4,4,4,5,4,4,4,5,4,5,4,7,6,5,5,4,5,4,4,5,4,5,4,4,4,4,5,5,4,4,5,5,6,5,5,7,6,6,5,6,4,5,5,6,7,6,5,6,6,5,7,8,7,5,7,6,5,6,11,5,5,5,5,5,5,5,5,5,5,5,5,5,5,5,5,5,5,5,5,5,5,5,5,5,5,5,5,5,5,5,5,5,5,5,5,5,5,5,5,5,5,5,5,5,5,5,5,5,5,5,5,5,5,5,5,5,5,5,5,5,5,5,5
58,680,670,670,661,657,656,658,648,684,687,677,668,673,660,657,658,684,684,685,676,677,675,670,666,693,694,690,685,688,680,675,655,694,702,693,703,690,682,680,675,714,708,704,695,705,682,688,681,719,703,697,714,703,699,692,691,729,724,709,702,694,710,697,692,5,4,4,4,4,4,4,4,5,5,4,4,4,4,4,4,5,5,4,5,4,3,3,4,5,4,5,4,4,4,5,5,5,4,5,4,5,4,5,4,5,6,5,5,5,5,5,5,6,6,5,5,4,5,6,7,8,7,5,7,6,5,6,9,5,5,5,5,5,5,5,5,5,5,5,5,5,5,5,5,5,5,5,5,5,5,5,5,5,5,5,5,5,5,5,5,5,5,5,5,5,5,5,5,5,5,5,5,5,5,5,5,5,5,5,5,5,5,5,5,5,5,5,5,5,5,5,5
59,681,674,672,664,658,667,651,655,686,679,669,671,675,662,658,656,677,696,677,674,673,668,658,671,701,696,695,682,680,679,669,666,710,697,696,689,688,681,681,677,718,702,708,709,699,694,676,676,713,718,710,714,697,695,699,693,734,735,710,711,709,713,696,698,5,5,4,4,4,4,4,5,5,4,4,4,4,4,5,3,5,6,5,4,4,4,4,4,6,4,6,4,4,4,4,4,6,4,4,4,5,5,4,5,6,5,5,5,6,4,5,5,7,7,5,7,5,5,6,6,7,8,6,8,6,6,5,9,5,5,5,5,5,5,5,5,5,5,5,5,5,5,5,5,5,5,5,5,5,5,5,5,5,5,5,5,5,5,5,5,5,5,5,5,5,5,5,5,5,5,5,5,5,5,5,5,5,5,5,5,5,5,5,5,5,5,5,5,5,5,5,5
60,679,675,669,666,665,656,652,652,686,683,680,667,677,663,660,664,693,684,687,671,677,669,669,670,698,699,697,687,682,674,678,673,706,698,697,692,687,678,689,680,712,713,702,696,691,698,683,683,726,724,702,697,696,689,700,682,723,737,718,712,710,697,698,706,6,4,3,4,4,4,4,5,5,4,4,4,4,3,4,4,8,5,5,4,4,4,5,4,6,5,6,4,4,4,4,5,4,4,4,5,4,4,4,5,5,4,4,5,6,4,4,6,5,7,5,6,5,5,6,6,8,8,6,6,5,5,5,8,5,5,5,5,5,5,5,5,5,5,5,5,5,5,5,5,5,5,5,5,5,5,5,5,5,5,5,5,5,5,5,5,5,5,5,5,5,5,5,5,5,5,5,5,5,5,5,5,5,5,5,5,5,5,5,5,5,5,5,5,5,5,5,5
61,675,677,671,664,661,663,661,648,685,683,676,672,668,666,664,657,683,685,686,682,677,678,667,662,708,685,688,684,688,677,675,671,704,700,694,685,695,682,682,689,707,700,711,695,703,690,679,686,727,715,715,702,704,704,691,686,727,729,718,715,707,704,711,690,5,4,4,4,4,4,5,5,5,5,4,4,4,4,4,4,6,6,5,5,4,5,4,4,6,4,5,4,4,4,5,5,6,4,5,5,5,5,4,6,6,5,6,5,5,5,6,6,6,7,5,7,5,6,6,8,8,8,6,7,5,5,5,11,5,5,5,5,5,5,5,5,5,5,5,5,5,5,5,5,5,5,5,5,5,5,5,5,5,5,5,5,5,5,5,5,5,5,5,5,5,5,5,5,5,5,5,5,5,5,5,5,5,5,5,5,5,5,5,5,5,5,5,5,5,5,5,5
62,673,675,669,662,663,667,664,655,680,675,674,676,669,664,663,663,694,682,678,689,678,669,670,667,699,688,681,686,676,675,671,666,700,701,688,693,690,691,676,681,713,704,707,704,700,697,684,690,725,706,711,702,708,702,696,682,731,713,718,717,708,699,703,701,5,5,4,4,4,4,4,4,5,5,5,5,4,4,4,4,6,6,4,4,4,4,4,4,6,4,5,4,4,4,5,5,6,4,5,5,5,5,4,4,5,5,5,5,5,5,4,5,5,6,5,5,5,6,5,7,8,7,5,7,5,5,7,8,5,5,5,5,5,5,5,5,5,5,5,5,5,5,5,5,5,5,5,5,5,5,5,5,5,5,5,5,5,5,5,5,5,5,5,5,5,5,5,5,5,5,5,5,5,5,5,5,5,5,5,5,5,5,5,5,5,5,5,5,5,5,5,5
63,677,674,672,665,667,656,649,647,683,679,677,666,670,661,667,650,686,684,686,681,674,669,666,661,700,702,679,690,682,672,671,664,704,702,683,697,685,679,686,673,706,705,708,698,696,694,688,687,714,706,701,701,696,694,697,691,729,720,712,715,707,704,705,713,5,4,5,5,4,4,4,5,5,5,5,4,4,4,4,4,6,7,4,5,4,5,3,4,6,5,5,5,4,4,5,6,6,5,4,4,5,5,5,5,5,6,5,5,6,5,5,7,6,6,6,5,5,6,6,6,8,9,5,7,7,6,6,11,5,5,5,5,5,5,5,5,5,5,5,5,5,5,5,5,5,5,5,5,5,5,5,5,5,5,5,5,5,5,5,5,5,5,5,5,5,5,5,5,5,5,5,5,5,5,5,5,5,5,5,5,5,5,5,5,5,5,5,5,5,5,5,5
64,676,686,671,668,657,655,658,656,693,678,672,679,673,658,660,652,698,693,685,676,675,667,664,659,693,694,693,688,677,674,676,676,707,695,694,687,684,682,686,677,715,709,702,697,700,690,692,682,720,712,701,711,697,698,693,685,730,722,713,716,709,699,706,691,5,4,3,4,4,3,4,5,5,4,4,3,4,4,4,4,6,6,5,4,4,4,4,4,6,5,5,4,4,4,5,6,7,4,5,5,5,4,4,5,5,5,4,5,5,4,5,5,5,6,5,6,5,5,6,5,8,6,5,6,5,4,6,9,5,5,5,5,5,5,5,5,5,5,5,5,5,5,5,5,5,5,5,5,5,5,5,5,5,5,5,5,5,5,5,5,5,5,5,5,5,5,5,5,5,5,5,5,5,5,5,5,5,5,5,5,5,5,5,5,5,5,5,5,5,5,5,5
65,678,673,671,656,670,662,640,656,689,684,672,675,669,664,660,659,691,686,681,682,682,676,671,657,699,687,691,681,683,682,677,664,697,699,691,696,683,683,673,679,716,705,701,693,695,692,689,706,718,721,712,703,700,700,696,689,715,715,713,714,701,712,701,709,6,5,4,4,4,4,4,5,5,5,4,4,5,4,5,3,6,6,5,5,4,5,4,4,7,5,5,4,4,4,4,5,7,5,5,6,5,5,5,5,5,6,4,5,5,4,5,5,7,7,6,6,5,5,6,6,8,10,6,7,6,6,6,11,5,5,5,5,5,5,5,5,5,5,5,5,5,5,5,5,5,5,5,5,5,5,5,5,5,5,5,5,5,5,5,5,5,5,5,5,5,5,5,5,5,5,5,5,5,5,5,5,5,5,5,5,5,5,5,5,5,5,5,5,5,5,5,5
66,680,682,668,667,663,666,646,658,688,679,679,667,666,667,658,656,695,689,683,687,678,667,663,667,684,695,679,691,681,678,666,680,717,697,695,700,688,685,681,677,711,701,702,703,693,689,684,691,725,730,711,704,693,697,692,686,725,715,708,721,716,714,700,696,6,4,4,4,3,4,3,4,5,4,3,4,4,4,4,4,4,5,5,4,4,4,4,4,5,5,4,4,4,4,4,5,6,4,3,4,5,5,4,4,5,5,5,5,5,5,5,6,6,6,5,6,4,5,6,7,8,8,5,8,5,5,5,9,5,5,5,5,5,5,5,5,5,5,5,5,5,5,5,5,5,5,5,5,5,5,5,5,5,5,5,5,5,5,5,5,5,5,5,5,5,5,5,5,5,5,5,5,5,5,5,5,5,5,5,5,5,5,5,5,5,5,5,5,5,5,5,5
67,683,679,669,669,657,657,662,647,690,676,672,668,662,658,656,654,703,679,684,675,672,668,669,667,692,691,682,682,687,677,671,679,710,703,701,698,688,686,673,684,717,697,715,703,691,694,685,685,711,728,709,714,709,703,700,687,726,719,710,708,710,697,717,683,7,6,4,5,4,4,5,5,6,4,4,4,4,4,4,4,6,6,4,4,4,4,4,4,5,5,5,4,4,5,5,6,6,5,3,4,6,5,5,6,5,5,6,5,6,4,5,5,7,7,5,5,6,5,5,7,9,7,5,7,8,6,9,10,5,5,5,5,5,5,5,5,5,5,5,5,5,5,5,5,5,5,5,5,5,5,5,5,5,5,5,5,5,5,5,5,5,5,5,5,5,5,5,5,5,5,5,5,5,5,5,5,5,5,5,5,5,5,5,5,5,5,5,5,5,5,5,5
68,678,668,672,669,665,662,657,652,685,683,680,663,667,664,658,655,695,678,683,682,676,671,669,665,696,692,684,680,679,682,675,659,697,691,698,694,694,685,691,679,711,707,706,701,692,687,684,700,712,717,704,706,699,693,699,684,711,715,713,695,711,703,691,695,5,5,4,4,4,4,4,4,5,5,4,4,4,4,3,4,8,5,5,5,4,4,4,5,5,4,5,4,4,4,4,5,6,4,4,5,5,5,4,5,5,5,4,5,6,5,4,4,7,6,6,5,5,5,7,7,6,10,5,7,5,5,5,10,5,5,5,5,5,5,5,5,5,5,5,5,5,5,5,5,5,5,5,5,5,5,5,5,5,5,5,5,5,5,5,5,5,5,5,5,5,5,5,5,5,5,5,5,5,5,5,5,5,5,5,5,5,5,5,5,5,5,5,5,5,5,5,5
69,676,674,680,671,664,653,649,656,692,689,677,677,665,664,669,658,692,686,686,686,684,667,666,658,710,704,690,687,679,674,670,670,697,696,699,703,682,678,683,678,719,702,705,703,693,686,696,685,723,716,705,701,701,695,685,683,713,726,729,712,701,694,705,696,5,5,4,5,4,5,5,5,5,5,4,5,4,4,3,4,7,5,6,5,5,5,5,4,7,5,5,4,4,3,5,5,6,4,5,4,5,4,4,5,6,5,6,6,7,5,5,5,5,7,5,7,6,6,5,6,8,8,7,6,7,6,6,8,5,5,5,5,5,5,5,5,5,5,5,5,5,5,5,5,5,5,5,5,5,5,5,5,5,5,5,5,5,5,5,5,5,5,5,5,5,5,5,5,5,5,5,5,5,5,5,5,5,5,5,5,5,5,5,5,5,5,5,5,5,5,5,5
70,676,678,674,661,660,648,652,658,675,678,675,669,667,658,663,659,685,689,689,687,673,668,658,667,687,691,681,684,684,677,665,664,696,697,700,684,697,691,685,677,718,709,700,698,697,687,686,681,708,731,718,692,699,696,691,698,711,721,720,716,701,691,693,699,5,4,5,4,4,4,4,5,5,4,4,4,4,3,4,4,6,5,4,4,4,4,4,4,5,4,4,4,4,4,4,4,6,4,4,5,5,5,4,5,5,7,5,5,6,5,4,5,5,6,8,5,5,5,6,6,7,7,5,7,5,5,5,8,5,5,5,5,5,5,5,5,5,5,5,5,5,5,5,5,5,5,5,5,5,5,5,5,5,5,5,5,5,5,5,5,5,5,5,5,5,5,5,5,5,5,5,5,5,5,5,5,5,5,5,5,5,5,5,5,5,5,5,5,5,5,5,5
71,680,673,677,667,664,656,655,646,692,684,665,674,676,666,654,666,691,690,686,687,676,662,670,658,706,700,694,690,686,677,665,675,716,705,706,698,683,688,677,674,716,697,703,697,705,692,690,689,713,707,709,718,707,691,692,697,726,727,709,718,706,701,709,700,6,5,5,5,4,4,4,4,5,5,4,4,4,4,4,5,6,6,4,6,4,4,5,4,6,5,5,5,4,4,5,5,8,5,4,6,5,5,4,5,6,5,5,5,5,4,5,6,8,6,7,7,7,5,6,6,8,8,5,7,6,6,6,7,5,5,5,5,5,5,5,5,5,5,5,5,5,5,5,5,5,5,5,5,5,5,5,5,5,5,5,5,5,5,5,5,5,5,5,5,5,5,5,5,5,5,5,5,5,5,5,5,5,5,5,5,5,5,5,5,5,5,5,5,5,5,5,5
72,676,670,669,663,665,658,652,652,687,681,680,668,677,663,667,667,693,692,674,672,679,669,675,666,705,689,694,686,685,673,681,670,698,697,691,688,688,683,676,680,715,705,700,697,702,689,682,678,727,715,716,708,699,695,695,698,701,719,722,720,713,693,700,692,5,4,5,4,3,4,3,5,4,4,4,4,4,4,4,3,5,7,4,4,4,4,4,4,5,4,5,4,4,4,4,4,6,4,5,4,5,4,4,5,6,5,5,4,4,4,5,5,7,6,6,6,5,5,5,7,8,9,6,6,6,6,5,7,5,5,5,5,5,5,5,5,5,5,5,5,5,5,5,5,5,5,5,5,5,5,5,5,5,5,5,5,5,5,5,5,5,5,5,5,5,5,5,5,5,5,5,5,5,5,5,5,5,5,5,5,5,5,5,5,5,5,5,5,5,5,5,5
73,680,676,668,674,663,661,656,657,690,687,668,666,666,661,667,651,692,694,680,672,673,680,674,665,703,702,700,679,677,676,685,667,699,692,690,688,699,680,680,683,717,713,703,697,698,695,683,677,720,723,719,707,700,701,692,677,724,731,719,723,705,694,706,698,5,5,4,4,4,4,4,5,5,5,4,4,4,4,4,4,5,6,5,5,3,5,4,4,7,5,4,4,4,4,4,4,7,5,6,5,5,4,5,5,6,6,5,4,7,5,5,5,8,7,5,7,5,5,6,6,8,9,6,7,5,7,6,9,5,5,5,5,5,5,5,5,5,5,5,5,5,5,5,5,5,5,5,5,5,5,5,5,5,5,5,5,5,5,5,5,5,5,5,5,5,5,5,5,5,5,5,5,5,5,5,5,5,5,5,5,5,5,5,5,5,5,5,5,5,5,5,5
74,673,684,671,667,667,666,651,647,677,683,678,675,667,665,653,657,681,680,687,691,679,671,662,668,691,696,693,688,676,679,669,668,705,709,695,690,676,677,679,673,713,709,701,690,704,688,690,687,714,714,705,704,698,689,699,693,728,728,721,700,711,703,711,706,5,4,4,4,4,4,4,4,4,4,4,4,4,4,4,3,5,4,5,4,4,4,4,4,5,4,5,4,4,4,4,5,5,4,4,4,4,4,5,4,5,6,5,5,5,5,5,6,7,7,6,7,4,5,4,7,9,8,6,8,6,5,7,13,5,5,5,5,5,5,5,5,5,5,5,5,5,5,5,5,5,5,5,5,5,5,5,5,5,5,5,5,5,5,5,5,5,5,5,5,5,5,5,5,5,5,5,5,5,5,5,5,5,5,5,5,5,5,5,5,5,5,5,5,5,5,5,5
75,668,674,673,663,658,664,663,646,688,684,679,672,672,661,661,659,687,690,687,683,672,672,670,669,705,685,697,690,686,680,676,674,704,707,691,697,681,687,687,673,701,709,692,697,690,691,705,675,714,712,703,705,693,688,685,688,717,723,715,708,704,698,705,697,5,5,4,4,4,4,4,3,5,5,5,4,4,4,5,4,6,6,4,5,4,5,4,5,5,4,5,5,4,4,5,4,5,5,4,4,4,4,4,4,6,7,6,5,5,4,6,5,6,8,6,6,4,5,6,6,11,12,5,8,7,6,7,12,5,5,5,5,5,5,5,5,5,5,5,5,5,5,5,5,5,5,5,5,5,5,5,5,5,5,5,5,5,5,5,5,5,5,5,5,5,5,5,5,5,5,5,5,5,5,5,5,5,5,5,5,5,5,5,5,5,5,5,5,5,5,5,5
76,682,673,669,671,656,653,658,647,692,687,685,669,669,663,651,660,696,687,675,674,669,679,658,665,705,701,690,686,686,674,668,662,719,697,685,692,692,684,676,681,714,711,704,702,699,691,687,684,714,720,707,699,698,704,698,693,715,709,707,714,704,719,719,710,5,4,3,4,4,4,4,5,5,4,4,4,4,4,4,4,6,5,4,4,4,4,4,4,7,5,5,4,4,4,5,5,6,4,4,4,5,5,4,5,5,6,5,4,6,4,5,4,7,7,5,5,4,5,4,6,5,8,5,6,6,5,7,9,5,5,5,5,5,5,5,5,5,5,5,5,5,5,5,5,5,5,5,5,5,5,5,5,5,5,5,5,5,5,5,5,5,5,5,5,5,5,5,5,5,5,5,5,5,5,5,5,5,5,5,5,5,5,5,5,5,5,5,5,5,5,5,5
77,677,681,675,671,658,658,652,655,686,677,672,668,667,666,664,664,683,696,693,681,673,666,663,669,689,691,689,683,679,673,686,674,710,703,698,685,691,683,685,681,724,703,713,693,694,695,700,683,720,711,711,702,703,709,699,696,729,736,720,703,714,696,700,683,5,5,4,5,4,4,4,5,6,5,4,4,4,4,4,4,6,7,4,5,4,4,4,4,6,5,5,4,4,4,4,4,6,5,4,5,4,5,4,5,7,5,5,6,6,4,5,6,7,7,6,5,5,7,5,7,8,10,5,6,5,6,5,9,5,5,5,5,5,5,5,5,5,5,5,5,5,5,5,5,5,5,5,5,5,5,5,5,5,5,5,5,5,5,5,5,5,5,5,5,5,5,5,5,5,5,5,5,5,5,5,5,5,5,5,5,5,5,5,5,5,5,5,5,5,5,5,5
78,676,668,670,667,668,659,657,650,673,671,670,677,667,665,659,665,689,693,675,686,673,667,663,663,699,686,683,684,675,678,667,665,702,701,697,697,686,680,676,687,712,704,704,692,691,692,681,684,709,717,700,713,698,695,702,689,727,719,706,718,708,691,704,680,4,4,4,4,4,3,4,5,6,4,4,4,4,4,4,4,5,6,4,4,3,4,4,4,5,4,5,4,4,4,4,4,7,4,4,5,5,4,4,5,5,5,5,5,6,4,5,5,6,7,6,6,5,5,5,5,6,7,5,7,5,6,6,9,5,5,5,5,5,5,5,5,5,5,5,5,5,5,5,5,5,5,5,5,5,5,5,5,5,5,5,5,5,5,5,5,5,5,5,5,5,5,5,5,5,5,5,5,5,5,5,5,5,5,5,5,5,5,5,5,5,5,5,5,5,5,5,5
79,682,674,668,666,668,659,651,654,684,684,681,671,669,662,661,658,698,684,689,671,677,671,671,661,694,694,694,686,687,676,670,668,707,701,697,697,688,681,684,685,711,704,701,689,689,691,693,692,723,713,712,695,708,696,697,688,725,715,720,704,707,703,704,699,6,5,5,5,4,4,4,5,5,5,4,4,4,3,5,4,8,6,6,5,4,4,5,4,7,5,5,4,5,4,5,4,6,5,4,5,5,4,4,6,6,5,5,5,6,4,6,7,5,7,5,6,7,5,5,6,7,9,6,7,5,5,6,9,5,5,5,5,5,5,5,5,5,5,5,5,5,5,5,5,5,5,5,5,5,5,5,5,5,5,5,5,5,5,5,5,5,5,5,5,5,5,5,5,5,5,5,5,5,5,5,5,5,5,5,5,5,5,5,5,5,5,5,5,5,5,5,5
80,686,682,671,668,661,658,648,659,688,683,669,671,667,666,660,657,696,685,681,683,672,674,667,666,708,701,685,679,679,677,672,663,700,702,698,687,683,682,682,677,702,713,713,695,692,692,678,685,711,727,707,704,692,692,682,690,730,722,721,717,710,711,695,706,5,4,4,4,3,3,3,5,5,4,4,4,4,4,4,4,5,5,5,5,4,4,5,4,6,5,5,4,4,4,4,4,7,5,4,4,4,4,3,4,6,6,5,5,6,5,5,6,6,6,5,5,4,5,5,7,7,8,6,7,5,4,6,10,5,5,5,5,5,5,5,5,5,5,5,5,5,5,5,5,5,5,5,5,5,5,5,5,5,5,5,5,5,5,5,5,5,5,5,5,5,5,5,5,5,5,5,5,5,5,5,5,5,5,5,5,5,5,5,5,5,5,5,5,5,5,5,5
81,672,684,672,660,661,656,660,666,682,681,677,683,664,659,670,651,695,698,683,678,673,668,665,663,707,695,691,681,682,677,670,673,711,708,685,696,682,690,681,677,717,708,695,687,690,688,681,684,716,712,715,699,705,693,695,704,720,714,719,707,708,709,708,689,5,5,4,4,4,3,5,4,5,5,4,4,4,4,4,4,6,6,4,5,3,4,5,5,5,5,5,4,4,4,4,5,7,4,4,5,5,4,4,4,5,6,5,6,5,5,6,6,6,7,5,5,5,5,5,5,8,9,6,6,8,5,6,9,5,5,5,5,5,5,5,5,5,5,5,5,5,5,5,5,5,5,5,5,5,5,5,5,5,5,5,5,5,5,5,5,5,5,5,5,5,5,5,5,5,5,5,5,5,5,5,5,5,5,5,5,5,5,5,5,5,5,5,5,5,5,5,5
82,677,675,672,662,660,654,655,655,679,680,672,668,670,662,663,662,683,688,687,679,674,674,668,664,700,689,694,682,684,680,679,663,720,697,694,699,695,685,693,673,722,703,699,696,701,691,688,675,716,729,705,703,702,690,689,679,720,730,706,703,712,704,703,687,6,5,4,5,4,3,4,4,5,4,4,4,4,4,3,4,6,5,4,5,3,5,4,4,7,4,4,4,4,4,5,4,6,4,4,4,5,5,4,5,6,5,5,5,5,5,5,5,5,9,6,5,5,4,5,6,8,7,5,8,5,4,5,10,5,5,5,5,5,5,5,5,5,5,5,5,5,5,5,5,5,5,5,5,5,5,5,5,5,5,5,5,5,5,5,5,5,5,5,5,5,5,5,5,5,5,5,5,5,5,5,5,5,5,5,5,5,5,5,5,5,5,5,5,5,5,5,5
83,688,677,672,663,660,659,657,665,688,682,672,678,661,664,668,664,684,697,683,674,670,677,662,659,697,695,689,692,680,679,673,669,702,702,696,692,693,681,683,673,715,707,700,701,697,693,678,689,707,716,711,711,703,705,702,690,703,727,707,691,688,700,700,687,5,4,5,4,4,4,4,5,5,5,4,5,4,4,4,4,7,6,5,5,4,5,4,5,7,5,5,5,4,4,5,5,7,4,6,5,5,4,4,4,6,5,5,5,5,4,5,5,6,8,7,7,5,4,5,7,9,10,6,7,5,6,6,10,5,5,5,5,5,5,5,5,5,5,5,5,5,5,5,5,5,5,5,5,5,5,5,5,5,5,5,5,5,5,5,5,5,5,5,5,5,5,5,5,5,5,5,5,5,5,5,5,5,5,5,5,5,5,5,5,5,5,5,5,5,5,5,5
84,683,669,672,669,665,666,657,659,681,685,672,672,678,658,664,656,693,686,683,678,679,679,664,655,698,692,688,686,686,675,669,663,710,696,694,681,686,686,682,674,709,710,702,704,692,690,691,687,723,724,709,705,705,706,705,706,734,732,713,708,708,701,697,699,5,5,4,5,4,4,4,4,4,5,4,4,4,4,4,4,8,5,5,5,4,5,4,4,5,4,5,4,5,4,5,4,5,4,5,4,5,5,4,4,5,5,5,5,6,4,4,5,6,7,6,6,5,5,6,7,9,10,5,6,5,5,6,9,5,5,5,5,5,5,5,5,5,5,5,5,5,5,5,5,5,5,5,5,5,5,5,5,5,5,5,5,5,5,5,5,5,5,5,5,5,5,5,5,5,5,5,5,5,5,5,5,5,5,5,5,5,5,5,5,5,5,5,5,5,5,5,5
85,691,674,668,674,661,647,652,658,685,686,677,675,672,660,653,657,695,684,685,675,674,675,665,668,694,695,696,688,675,677,662,671,712,701,696,688,685,688,689,680,716,702,697,689,697,682,688,684,716,718,711,698,702,684,694,690,722,731,715,701,718,686,695,697,6,5,4,5,4,4,4,4,5,4,4,4,4,4,4,3,6,6,5,4,4,5,5,4,7,5,5,4,4,4,4,5,6,4,4,5,4,5,5,5,6,5,5,5,6,5,6,5,8,7,5,6,6,5,6,7,7,10,5,7,6,5,7,9,5,5,5,5,5,5,5,5,5,5,5,5,5,5,5,5,5,5,5,5,5,5,5,5,5,5,5,5,5,5,5,5,5,5,5,5,5,5,5,5,5,5,5,5,5,5,5,5,5,5,5,5,5,5,5,5,5,5,5,5,5,5,5,5
86,691,684,673,662,663,660,654,662,687,682,674,673,670,665,663,661,689,693,682,676,670,675,658,664,700,702,689,687,685,676,678,665,704,702,700,696,689,679,681,678,709,713,707,704,693,687,695,685,714,702,707,699,708,700,686,686,722,710,719,706,694,705,699,684,6,4,4,4,4,4,4,4,6,4,4,4,4,4,4,4,6,6,5,5,3,4,4,4,6,5,5,4,4,4,4,5,7,4,4,4,4,4,4,4,5,6,4,5,6,4,5,6,6,6,5,5,5,5,6,5,8,10,5,6,6,5,4,9,5,5,5,5,5,5,5,5,5,5,5,5,5,5,5,5,5,5,5,5,5,5,5,5,5,5,5,5,5,5,5,5,5,5,5,5,5,5,5,5,5,5,5,5,5,5,5,5,5,5,5,5,5,5,5,5,5,5,5,5,5,5,5,5
87,683,674,673,667,662,656,657,645,694,686,682,672,667,666,666,656,689,690,681,681,671,672,671,673,698,687,686,686,682,675,674,668,698,704,688,692,685,689,681,677,703,717,706,702,695,698,684,682,721,707,715,705,693,697,691,692,735,724,717,705,708,700,691,696,6,5,4,4,3,4,4,4,5,5,4,4,4,4,4,4,6,6,5,5,4,4,4,5,6,5,6,4,4,5,5,5,6,4,5,4,4,4,4,5,6,5,4,5,5,5,5,5,6,7,6,6,5,5,6,7,6,8,5,7,6,7,6,10,5,5,5,5,5,5,5,5,5,5,5,5,5,5,5,5,5,5,5,5,5,5,5,5,5,5,5,5,5,5,5,5,5,5,5,5,5,5,5,5,5,5,5,5,5,5,5,5,5,5,5,5,5,5,5,5,5,5,5,5,5,5,5,5
88,677,674,679,661,661,660,661,651,682,685,679,668,679,666,658,652,684,684,681,680,681,672,671,665,700,694,686,688,686,680,673,674,707,704,688,692,686,673,681,676,714,711,705,686,708,682,695,684,717,711,718,706,705,690,690,685,726,715,711,713,705,701,703,683,5,4,4,4,4,3,4,4,5,4,4,4,5,4,4,4,6,5,5,4,4,4,4,4,6,5,5,4,4,4,5,5,5,5,4,5,5,4,4,5,5,6,5,5,5,5,5,5,5,6,5,6,5,4,6,5,8,9,4,6,5,5,6,8,5,5,5,5,5,5,5,5,5,5,5,5,5,5,5,5,5,5,5,5,5,5,5,5,5,5,5,5,5,5,5,5,5,5,5,5,5,5,5,5,5,5,5,5,5,5,5,5,5,5,5,5,5,5,5,5,5,5,5,5,5,5,5,5
89,692,668,674,663,660,660,657,657,699,677,667,677,664,663,662,658,685,692,688,678,673,668,662,658,689,695,690,681,672,683,670,678,708,706,693,686,699,688,685,671,699,703,698,702,705,682,691,688,713,709,709,715,695,689,702,683,737,731,710,711,715,696,684,703,5,5,4,4,4,5,4,4,6,4,4,4,4,4,5,4,6,6,5,5,4,4,4,4,6,5,6,4,4,4,5,6,6,5,4,4,5,5,5,4,5,6,5,6,5,5,5,5,7,6,6,6,6,5,5,6,8,9,5,7,7,7,5,9,5,5,5,5,5,5,5,5,5,5,5,5,5,5,5,5,5,5,5,5,5,5,5,5,5,5,5,5,5,5,5,5,5,5,5,5,5,5,5,5,5,5,5,5,5,5,5,5,5,5,5,5,5,5,5,5,5,5,5,5,5,5,5,5
90,682,677,673,670,672,654,652,647,677,681,677,668,665,661,664,662,684,685,684,679,676,668,659,664,688,695,688,690,684,680,673,663,705,698,694,697,691,690,673,678,699,704,699,696,695,694,689,686,723,705,709,689,693,702,694,710,732,714,716,712,710,709,705,686,6,4,4,4,4,4,3,5,5,4,3,4,4,3,4,4,5,6,4,5,3,4,4,3,5,4,5,4,4,4,5,4,6,4,5,6,4,5,5,4,6,5,4,6,5,4,4,5,6,6,6,5,5,5,5,6,9,8,6,7,5,6,6,9,5,5,5,5,5,5,5,5,5,5,5,5,5,5,5,5,5,5,5,5,5,5,5,5,5,5,5,5,5,5,5,5,5,5,5,5,5,5,5,5,5,5,5,5,5,5,5,5,5,5,5,5,5,5,5,5,5,5,5,5,5,5,5,5
91,676,679,665,670,669,658,664,645,684,680,671,678,670,671,667,663,691,687,687,674,675,668,670,657,698,688,693,679,683,674,668,669,692,703,700,699,679,683,673,683,712,703,700,700,698,685,691,691,702,701,714,702,689,695,703,691,719,745,723,719,702,693,697,695,6,4,4,4,4,4,4,5,5,5,4,5,4,3,4,4,7,6,5,5,4,4,5,5,6,4,5,4,5,4,5,5,8,5,5,6,5,5,5,6,5,6,5,5,6,6,5,6,6,7,6,7,4,5,6,6,7,11,6,7,6,5,5,10,5,5,5,5,5,5,5,5,5,5,5,5,5,5,5,5,5,5,5,5,5,5,5,5,5,5,5,5,5,5,5,5,5,5,5,5,5,5,5,5,5,5,5,5,5,5,5,5,5,5,5,5,5,5,5,5,5,5,5,5,5,5,5,5
92,675,681,670,669,658,654,657,651,683,687,674,669,667,661,654,661,698,683,680,684,672,676,669,663,685,694,691,682,678,677,685,666,709,703,695,685,682,682,681,673,710,705,705,706,682,692,684,686,714,710,716,706,707,694,686,681,731,732,721,709,716,701,708,698,5,4,4,4,4,4,4,4,4,4,4,4,4,3,4,4,5,5,5,4,3,5,5,4,6,5,4,4,4,4,4,4,6,5,4,5,4,4,4,5,5,5,5,5,5,5,4,5,7,7,5,6,5,5,5,8,10,9,5,7,5,6,7,8,5,5,5,5,5,5,5,5,5,5,5,5,5,5,5,5,5,5,5,5,5,5,5,5,5,5,5,5,5,5,5,5,5,5,5,5,5,5,5,5,5,5,5,5,5,5,5,5,5,5,5,5,5,5,5,5,5,5,5,5,5,5,5,5
93,683,678,676,676,666,666,645,649,690,687,677,672,675,666,656,659,695,695,690,680,680,673,653,666,695,693,695,682,680,678,679,669,712,700,697,700,687,686,685,683,720,714,704,702,690,686,690,689,715,728,709,710,691,698,693,691,732,709,713,721,714,699,701,700,6,4,5,5,3,4,4,5,5,4,4,5,4,4,5,4,5,6,5,5,4,5,4,4,6,5,7,4,4,4,5,5,6,5,4,6,5,5,4,6,6,5,5,5,5,5,5,5,6,8,7,7,5,6,6,7,7,9,5,8,5,7,6,9,5,5,5,5,5,5,5,5,5,5,5,5,5,5,5,5,5,5,5,5,5,5,5,5,5,5,5,5,5,5,5,5,5,5,5,5,5,5,5,5,5,5,5,5,5,5,5,5,5,5,5,5,5,5,5,5,5,5,5,5,5,5,5,5
94,676,674,673,661,667,663,652,662,678,684,675,674,667,662,664,657,687,686,680,679,666,669,669,663,697,694,688,678,679,674,670,671,694,702,698,700,689,684,677,672,711,699,707,702,700,688,692,688,709,724,711,704,694,700,690,698,721,723,717,697,718,702,708,698,5,4,4,4,3,4,4,4,5,4,4,4,4,4,3,4,6,6,5,5,3,4,3,4,4,4,5,4,3,4,4,5,6,5,4,5,4,5,5,5,5,5,5,5,5,4,5,5,6,8,5,5,5,5,5,6,10,8,5,6,6,5,5,8,5,5,5,5,5,5,5,5,5,5,5,5,5,5,5,5,5,5,5,5,5,5,5,5,5,5,5,5,5,5,5,5,5,5,5,5,5,5,5,5,5,5,5,5,5,5,5,5,5,5,5,5,5,5,5,5,5,5,5,5,5,5,5,5
95,686,689,668,668,664,657,660,657,691,681,676,670,672,669,667,663,701,679,680,676,683,672,659,663,691,700,693,688,683,681,663,672,704,705,702,699,681,680,684,667,711,720,707,696,697,691,684,680,720,710,707,709,702,697,699,687,719,728,711,713,715,703,698,678,5,5,4,5,4,4,4,4,5,4,4,4,5,4,4,4,6,5,5,4,4,5,5,5,6,5,5,5,4,4,5,5,7,5,4,5,4,4,5,5,6,7,5,5,5,4,5,5,7,7,5,5,6,5,5,6,6,8,6,6,5,5,7,11,5,5,5,5,5,5,5,5,5,5,5,5,5,5,5,5,5,5,5,5,5,5,5,5,5,5,5,5,5,5,5,5,5,5,5,5,5,5,5,5,5,5,5,5,5,5,5,5,5,5,5,5,5,5,5,5,5,5,5,5,5,5,5,5
96,674,675,664,667,664,661,651,652,694,675,682,666,674,661,659,656,685,684,682,675,674,665,665,662,691,695,688,690,683,691,668,669,711,711,694,693,688,683,689,686,707,698,702,696,696,687,681,693,715,720,711,709,699,697,703,700,729,724,726,698,707,699,711,696,5,4,4,3,4,4,4,3,5,4,4,4,4,4,4,3,7,5,5,4,4,4,4,4,6,4,4,4,4,3,5,4,6,5,4,5,5,4,4,5,6,5,5,5,6,6,5,5,6,8,5,6,5,5,5,7,8,9,6,8,6,5,6,9,5,5,5,5,5,5,5,5,5,5,5,5,5,5,5,5,5,5,5,5,5,5,5,5,5,5,5,5,5,5,5,5,5,5,5,5,5,5,5,5,5,5,5,5,5,5,5,5,5,5,5,5,5,5,5,5,5,5,5,5,5,5,5,5
97,672,677,674,665,661,672,654,657,686,686,670,673,677,659,662,660,706,692,683,677,668,668,674,663,695,694,692,690,681,677,670,656,712,705,705,692,690,688,672,684,701,700,703,701,693,690,678,682,714,706,707,710,701,691,707,692,710,709,719,713,707,698,694,693,5,4,5,4,4,4,4,5,5,5,5,5,5,4,5,4,6,6,5,4,4,4,4,5,6,5,6,4,5,5,5,6,8,5,4,5,5,4,5,5,5,6,5,6,6,5,6,6,5,6,6,7,5,5,6,7,7,10,6,8,6,7,5,9,5,5,5,5,5,5,5,5,5,5,5,5,5,5,5,5,5,5,5,5,5,5,5,5,5,5,5,5,5,5,5,5,5,5,5,5,5,5,5,5,5,5,5,5,5,5,5,5,5,5,5,5,5,5,5,5,5,5,5,5,5,5,5,5
98,680,672,674,666,667,663,651,651,681,680,672,675,671,660,658,666,690,696,687,676,674,669,666,662,703,693,694,684,683,679,673,660,704,700,692,689,688,687,687,682,716,712,708,701,695,690,691,677,725,705,700,705,696,693,690,691,722,710,716,703,709,700,697,689,5,4,4,4,3,4,4,4,4,4,4,4,4,4,4,4,7,6,4,4,4,4,4,4,5,4,4,4,4,4,4,5,6,5,5,4,5,4,4,5,5,6,5,6,6,5,5,5,6,6,5,6,5,5,6,7,7,8,5,6,6,5,4,9,5,5,5,5,5,5,5,5,5,5,5,5,5,5,5,5,5,5,5,5,5,5,5,5,5,5,5,5,5,5,5,5,5,5,5,5,5,5,5,5,5,5,5,5,5,5,5,5,5,5,5,5,5,5,5,5,5,5,5,5,5,5,5,5
99,683,672,665,671,659,659,656,659,679,674,674,666,667,663,663,659,680,692,690,680,675,671,670,667,702,695,693,680,690,670,675,678,706,691,699,694,692,679,680,682,716,711,706,688,688,694,690,684,710,700,709,710,694,689,689,677,727,721,709,710,702,704,695,697,6,5,4,5,4,4,4,5,5,4,4,5,5,4,4,4,6,6,4,5,4,4,4,4,7,5,5,4,5,4,5,6,6,5,4,6,5,5,4,6,5,6,5,6,5,4,6,5,7,6,5,7,5,4,6,6,9,7,5,7,7,6,6,11,5,5,5,5,5,5,5,5,5,5,5,5,5,5,5,5,5,5,5,5,5,5,5,5,5,5,5,5,5,5,5,5,5,5,5,5,5,5,5,5,5,5,5,5,5,5,5,5,5,5,5,5,5,5,5,5,5,5,5,5,5,5,5,5
100,679,673,682,659,660,654,658,652,687,681,678,678,663,669,656,662,686,673,690,690,684,672,656,664,697,690,696,678,682,676,670,668,713,704,687,692,689,690,683,680,705,707,697,696,698,692,694,676,730,714,705,706,700,700,688,688,711,739,710,712,693,691,700,702,4,4,4,4,4,3,4,4,6,5,4,3,4,4,4,4,5,5,4,5,4,5,4,4,7,4,6,4,4,3,5,5,6,4,5,4,5,4,4,5,4,5,4,5,5,5,5,5,7,7,6,6,5,6,6,6,6,8,5,6,6,5,6,11,5,5,5,5,5,5,5,5,5,5,5,5,5,5,5,5,5,5,5,5,5,5,5,5,5,5,5,5,5,5,5,5,5,5,5,5,5,5,5,5,5,5,5,5,5,5,5,5,5,5,5,5,5,5,5,5,5,5,5,5,5,5,5,5
101,684,676,672,670,661,661,655,651,697,678,674,673,675,666,658,663,688,680,675,684,678,662,669,665,708,700,691,687,682,675,674,672,700,701,699,691,691,691,686,684,714,701,692,697,683,694,695,676,726,724,706,719,697,691,692,690,725,716,716,716,703,694,704,716,6,4,4,4,4,4,5,4,6,5,4,4,4,4,4,4,6,5,5,6,4,4,4,4,5,5,4,4,4,4,5,4,5,5,5,5,5,5,4,6,5,5,4,5,6,4,6,6,8,8,6,6,5,5,6,6,8,9,5,7,7,6,6,9,5,5,5,5,5,5,5,5,5,5,5,5,5,5,5,5,5,5,5,5,5,5,5,5,5,5,5,5,5,5,5,5,5,5,5,5,5,5,5,5,5,5,5,5,5,5,5,5,5,5,5,5,5,5,5,5,5,5,5,5,5,5,5,5
102,684,674,690,669,662,661,658,653,689,673,678,667,679,661,654,659,697,683,684,684,678,673,665,670,698,690,692,688,677,685,671,668,712,706,688,697,691,683,680,679,705,703,709,703,689,684,688,679,719,710,705,689,703,700,694,696,710,718,712,700,705,698,702,700,5,5,5,4,3,4,4,4,6,4,4,4,5,4,4,3,5,5,5,5,4,4,4,4,6,4,5,5,4,4,5,4,6,5,5,4,5,4,4,5,4,5,4,5,6,5,5,5,7,6,7,4,5,5,4,6,8,8,6,6,6,5,5,10,5,5,5,5,5,5,5,5,5,5,5,5,5,5,5,5,5,5,5,5,5,5,5,5,5,5,5,5,5,5,5,5,5,5,5,5,5,5,5,5,5,5,5,5,5,5,5,5,5,5,5,5,5,5,5,5,5,5,5,5,5,5,5,5
103,672,677,669,663,669,656,650,656,699,682,670,670,666,666,659,664,693,687,685,686,667,666,665,666,699,693,698,686,682,677,669,671,711,714,694,694,684,690,685,680,713,703,703,698,710,706,693,677,700,709,710,711,701,699,686,688,727,726,726,714,711,688,693,693,5,4,5,5,4,4,4,5,5,5,4,4,4,4,5,4,5,5,5,4,4,4,3,4,7,5,5,4,4,5,4,5,6,6,5,4,5,6,4,5,7,6,5,5,6,5,5,6,5,7,6,6,5,6,6,5,9,8,6,8,5,6,6,11,5,5,5,5,5,5,5,5,5,5,5,5,5,5,5,5,5,5,5,5,5,5,5,5,5,5,5,5,5,5,5,5,5,5,5,5,5,5,5,5,5,5,5,5,5,5,5,5,5,5,5,5,5,5,5,5,5,5,5,5,5,5,5,5
104,673,673,668,668,656,662,658,654,686,677,677,678,674,665,667,657,692,690,690,678,677,673,672,656,692,693,695,683,689,678,667,670,694,702,702,695,692,685,679,670,714,707,700,703,694,689,687,687,717,717,718,711,700,696,689,695,726,706,700,712,721,693,704,694,5,5,4,4,4,4,4,4,4,4,4,4,4,4,4,4,6,5,4,5,3,4,5,4,5,5,5,4,4,4,4,4,6,5,4,5,4,5,4,4,5,5,5,5,5,5,5,5,6,6,5,5,5,5,6,7,8,7,5,6,5,6,6,9,5,5,5,5,5,5,5,5,5,5,5,5,5,5,5,5,5,5,5,5,5,5,5,5,5,5,5,5,5,5,5,5,5,5,5,5,5,5,5,5,5,5,5,5,5,5,5,5,5,5,5,5,5,5,5,5,5,5,5,5,5,5,5,5
105,686,671,677,666,664,668,660,656,699,674,672,673,666,666,653,660,695,686,680,671,677,666,670,663,692,690,696,692,680,682,679,677,703,700,701,693,692,685,696,671,714,702,709,696,706,690,684,677,724,720,699,701,706,709,678,684,738,727,712,703,711,707,706,700,6,5,5,4,4,5,4,4,5,4,4,3,4,4,4,4,6,6,5,4,4,4,4,4,6,4,6,4,4,4,5,5,5,5,4,5,5,5,5,5,6,5,6,5,6,5,5,5,6,8,6,6,5,5,5,7,9,9,6,7,5,8,6,10,5,5,5,5,5,5,5,5,5,5,5,5,5,5,5,5,5,5,5,5,5,5,5,5,5,5,5,5,5,5,5,5,5,5,5,5,5,5,5,5,5,5,5,5,5,5,5,5,5,5,5,5,5,5,5,5,5,5,5,5,5,5,5,5
106,674,679,668,663,669,659,657,649,688,680,669,665,675,660,663,654,689,691,687,675,679,670,675,653,700,689,680,684,680,676,665,666,704,692,695,692,687,680,682,682,713,716,708,696,699,697,686,679,719,711,701,700,701,690,696,689,730,717,712,708,708,704,702,729,6,4,4,4,3,4,4,4,5,4,4,4,4,4,4,4,8,6,4,4,4,4,4,5,5,4,5,4,4,4,4,4,5,5,4,5,5,5,5,5,5,4,4,5,5,4,5,5,5,5,6,5,5,5,4,6,5,7,5,6,5,5,6,9,5,5,5,5,5,5,5,5,5,5,5,5,5,5,5,5,5,5,5,5,5,5,5,5,5,5,5,5,5,5,5,5,5,5,5,5,5,5,5,5,5,5,5,5,5,5,5,5,5,5,5,5,5,5,5,5,5,5,5,5,5,5,5,5
107,669,679,671,668,669,653,651,649,693,680,675,672,668,657,664,652,699,685,683,682,670,667,673,662,690,695,691,681,670,684,675,662,705,700,696,689,692,681,679,690,713,713,702,698,710,692,685,689,727,712,707,701,702,696,707,685,730,722,708,714,710,706,686,709,5,4,4,4,4,4,4,5,5,4,4,4,4,4,4,4,6,5,5,4,3,4,4,4,6,5,5,4,5,5,5,5,6,5,4,5,5,5,5,7,6,7,5,5,6,4,5,6,6,7,7,6,5,6,5,6,10,8,6,7,6,6,5,8,5,5,5,5,5,5,5,5,5,5,5,5,5,5,5,5,5,5,5,5,5,5,5,5,5,5,5,5,5,5,5,5,5,5,5,5,5,5,5,5,5,5,5,5,5,5,5,5,5,5,5,5,5,5,5,5,5,5,5,5,5,5,5,5
108,681,676,675,666,664,661,662,648,681,673,675,670,669,661,668,658,689,678,687,678,673,668,671,670,706,690,695,693,680,679,677,671,707,696,697,688,689,676,678,678,699,710,702,697,699,691,679,682,714,713,712,706,698,698,692,689,740,713,709,708,705,706,713,696,5,4,4,4,4,4,4,4,5,4,4,4,4,4,4,4,5,8,4,5,3,4,5,4,7,4,6,4,4,4,5,5,6,4,4,4,5,5,5,5,6,6,5,6,4,4,5,5,6,6,5,6,5,5,5,6,6,9,5,6,7,7,6,10,5,5,5,5,5,5,5,5,5,5,5,5,5,5,5,5,5,5,5,5,5,5,5,5,5,5,5,5,5,5,5,5,5,5,5,5,5,5,5,5,5,5,5,5,5,5,5,5,5,5,5,5,5,5,5,5,5,5,5,5,5,5,5,5
109,687,671,664,661,665,665,661,649,691,683,678,668,671,660,659,658,683,685,688,688,669,669,671,664,702,694,691,675,693,685,658,684,711,698,690,693,689,694,681,676,711,699,708,701,696,691,688,691,717,708,708,700,693,694,686,697,707,709,719,703,714,713,698,716,6,5,4,4,4,4,4,5,6,5,4,4,4,4,4,4,6,6,6,4,4,4,4,4,5,4,5,4,5,5,4,5,6,5,5,4,5,4,4,5,4,5,5,6,6,5,6,5,6,8,5,6,6,5,6,6,7,10,6,6,6,6,5,11,5,5,5,5,5,5,5,5,5,5,5,5,5,5,5,5,5,5,5,5,5,5,5,5,5,5,5,5,5,5,5,5,5,5,5,5,5,5,5,5,5,5,5,5,5,5,5,5,5,5,5,5,5,5,5,5,5,5,5,5,5,5,5,5
110,680,675,679,668,665,651,655,658,693,693,676,665,674,666,668,671,693,693,681,687,669,674,664,659,687,695,687,687,692,681,680,663,712,699,693,688,695,681,668,678,713,706,703,688,686,695,692,691,717,710,715,702,707,694,696,688,720,708,716,719,710,702,692,678,4,5,4,4,4,4,4,4,5,4,4,4,4,4,4,5,5,6,5,5,4,4,4,4,5,4,6,4,4,4,5,5,6,4,4,5,4,4,4,5,5,5,5,6,5,4,6,5,6,6,6,6,5,5,5,7,7,6,6,8,5,5,6,9,5,5,5,5,5,5,5,5,5,5,5,5,5,5,5,5,5,5,5,5,5,5,5,5,5,5,5,5,5,5,5,5,5,5,5,5,5,5,5,5,5,5,5,5,5,5,5,5,5,5,5,5,5,5,5,5,5,5,5,5,5,5,5,5
111,674,673,673,669,662,661,656,648,687,681,680,676,681,663,664,656,694,697,685,679,668,668,661,666,703,699,689,697,679,679,670,672,703,706,695,686,689,684,674,675,710,698,703,696,692,690,688,679,727,710,706,714,708,691,682,686,720,726,720,713,699,698,697,687,5,4,4,4,4,4,4,4,5,5,4,5,5,4,4,4,6,7,5,5,3,5,5,4,7,4,6,3,4,4,5,5,6,5,5,5,5,4,5,4,5,6,5,4,6,4,5,5,6,6,6,5,5,6,6,7,9,10,5,7,6,6,5,8,5,5,5,5,5,5,5,5,5,5,5,5,5,5,5,5,5,5,5,5,5,5,5,5,5,5,5,5,5,5,5,5,5,5,5,5,5,5,5,5,5,5,5,5,5,5,5,5,5,5,5,5,5,5,5,5,5,5,5,5,5,5,5,5
112,678,680,670,669,661,663,652,656,680,679,678,675,674,661,656,654,689,682,687,682,672,668,667,667,689,696,689,687,682,677,671,673,695,702,701,694,690,687,676,681,710,714,700,702,696,695,687,690,714,718,709,702,692,698,689,693,714,716,713,713,715,697,705,692,4,4,4,4,4,4,4,5,4,4,4,4,5,4,4,4,6,4,4,4,4,4,4,4,5,4,5,4,4,4,5,5,6,5,4,4,5,5,4,5,5,6,5,5,7,4,5,6,7,6,5,6,5,5,5,7,6,9,6,7,7,6,6,12,5,5,5,5,5,5,5,5,5,5,5,5,5,5,5,5,5,5,5,5,5,5,5,5,5,5,5,5,5,5,5,5,5,5,5,5,5,5,5,5,5,5,5,5,5,5,5,5,5,5,5,5,5,5,5,5,5,5,5,5,5,5,5,5
113,679,671,665,669,667,663,660,654,686,681,671,674,666,664,660,659,681,700,674,681,670,675,668,667,709,696,679,692,678,680,674,686,713,698,693,689,691,685,671,678,721,707,699,699,709,692,694,687,713,714,698,706,702,692,704,687,728,726,719,726,710,690,705,693,6,5,4,4,5,4,5,5,6,4,4,4,4,4,5,4,8,7,5,5,4,5,4,5,4,4,5,5,4,5,5,5,7,4,5,4,5,5,4,4,6,5,5,5,5,4,5,6,6,8,6,7,6,5,6,6,8,9,5,7,7,6,6,11,5,5,5,5,5,5,5,5,5,5,5,5,5,5,5,5,5,5,5,5,5,5,5,5,5,5,5,5,5,5,5,5,5,5,5,5,5,5,5,5,5,5,5,5,5,5,5,5,5,5,5,5,5,5,5,5,5,5,5,5,5,5,5,5
114,680,687,669,669,662,653,651,655,694,681,676,671,668,670,663,666,678,682,673,676,667,674,666,658,701,705,690,689,679,674,670,675,706,699,703,694,690,685,678,674,713,708,703,693,703,696,686,672,719,715,705,701,694,692,704,695,719,732,722,711,711,717,707,692,5,5,4,4,3,4,4,5,5,4,4,4,4,4,4,4,6,5,4,4,4,4,3,4,5,5,5,4,4,4,5,5,5,5,4,5,5,5,5,5,5,6,4,4,5,4,4,5,7,7,6,5,5,5,5,6,7,9,6,7,5,5,6,8,5,5,5,5,5,5,5,5,5,5,5,5,5,5,5,5,5,5,5,5,5,5,5,5,5,5,5,5,5,5,5,5,5,5,5,5,5,5,5,5,5,5,5,5,5,5,5,5,5,5,5,5,5,5,5,5,5,5,5,5,5,5,5,5
115,686,682,670,668,665,661,662,649,697,680,679,669,679,663,663,659,702,678,688,675,681,676,667,656,702,696,689,690,678,676,669,676,709,698,697,702,693,684,686,679,712,709,706,694,701,695,682,689,722,714,712,708,706,702,706,687,723,716,724,705,710,712,705,694,6,5,4,5,3,4,4,5,6,4,3,4,5,4,3,4,6,5,5,4,4,4,5,4,7,5,5,5,4,4,6,5,5,5,6,4,6,5,4,6,5,5,5,6,6,4,7,6,7,7,5,6,6,5,5,7,8,6,6,8,7,6,6,13,5,5,5,5,5,5,5,5,5,5,5,5,5,5,5,5,5,5,5,5,5,5,5,5,5,5,5,5,5,5,5,5,5,5,5,5,5,5,5,5,5,5,5,5,5,5,5,5,5,5,5,5,5,5,5,5,5,5,5,5,5,5,5,5
116,682,669,674,665,653,647,658,649,695,678,678,670,666,674,662,654,687,682,689,680,672,674,667,659,704,696,687,686,681,675,683,669,703,703,700,693,683,691,678,671,712,702,697,699,687,696,691,697,734,713,708,695,692,696,685,694,748,730,713,705,711,701,708,694,5,5,4,4,3,4,4,4,5,4,4,4,4,3,4,4,6,5,5,4,4,5,3,4,7,5,5,4,4,4,4,5,5,4,4,4,5,5,4,4,5,5,4,5,5,4,5,5,7,7,6,5,4,4,5,7,9,8,5,6,6,5,6,8,5,5,5,5,5,5,5,5,5,5,5,5,5,5,5,5,5,5,5,5,5,5,5,5,5,5,5,5,5,5,5,5,5,5,5,5,5,5,5,5,5,5,5,5,5,5,5,5,5,5,5,5,5,5,5,5,5,5,5,5,5,5,5,5
117,684,675,667,664,664,655,661,654,674,684,675,666,665,663,656,662,694,696,690,678,677,672,661,664,703,700,692,687,678,683,677,673,696,701,696,694,683,693,684,680,711,700,696,697,683,688,693,686,718,724,705,701,705,704,697,690,710,725,717,706,702,699,698,696,6,5,4,4,4,5,5,4,5,5,4,4,4,4,4,5,5,6,4,5,4,5,4,4,8,5,5,5,4,4,6,4,7,4,5,5,5,4,4,6,5,5,4,5,6,4,5,6,6,7,6,5,5,6,6,7,8,10,5,7,5,5,6,11,5,5,5,5,5,5,5,5,5,5,5,5,5,5,5,5,5,5,5,5,5,5,5,5,5,5,5,5,5,5,5,5,5,5,5,5,5,5,5,5,5,5,5,5,5,5,5,5,5,5,5,5,5,5,5,5,5,5,5,5,5,5,5,5
118,691,677,664,667,659,657,657,658,689,682,680,672,659,663,665,650,688,687,689,672,671,671,676,665,709,691,691,690,684,682,670,666,700,694,685,686,688,682,679,690,694,709,705,699,709,690,689,679,731,715,698,706,694,695,699,686,4000,724,709,720,708,700,714,701,6,4,4,5,4,3,4,4,4,4,3,4,4,4,4,4,5,5,4,5,3,4,4,4,7,5,5,4,4,5,5,5,7,4,4,5,4,4,5,6,4,4,4,5,5,4,4,5,6,6,6,6,5,5,5,7,10,8,5,7,6,6,7,11,5,5,5,5,5,5,5,5,5,5,5,5,5,5,5,5,5,5,5,5,5,5,5,5,5,5,5,5,5,5,5,5,5,5,5,5,5,5,5,5,5,5,5,5,5,5,5,5,5,5,5,5,5,5,5,5,255,5,5,5,5,5,5,5
119,684,674,667,674,669,661,662,660,689,683,678,663,668,661,671,652,689,682,684,677,665,672,663,663,697,697,693,685,682,675,677,675,706,700,699,696,680,689,680,673,712,704,706,703,686,693,687,691,721,711,709,703,693,704,691,694,737,726,715,697,698,709,701,704,5,4,4,5,4,4,5,6,5,4,4,4,5,4,4,4,7,5,5,5,4,5,4,4,7,5,5,4,4,4,5,5,6,5,4,4,5,5,4,5,6,6,5,6,6,4,5,5,6,6,5,7,5,4,6,7,8,8,6,6,6,6,6,12,5,5,5,5,5,5,5,5,5,5,5,5,5,5,5,5,5,5,5,5,5,5,5,5,5,5,5,5,5,5,5,5,5,5,5,5,5,5,5,5,5,5,5,5,5,5,5,5,5,5,5,5,5,5,5,5,5,5,5,5,5,5,5,5
120,683,680,668,665,657,660,650,658,690,685,674,670,671,663,658,656,685,691,688,675,677,668,665,667,699,692,687,690,678,669,673,669,708,701,697,697,690,680,672,675,708,705,707,698,696,696,691,672,711,713,712,698,698,696,693,689,731,723,720,687,707,704,700,686,6,4,4,4,4,4,4,4,5,5,4,4,4,4,4,4,6,6,4,4,4,4,4,4,5,5,5,4,4,3,4,4,6,4,3,5,4,4,5,4,6,5,5,7,5,4,5,5,6,6,4,6,5,5,5,6,7,7,5,7,7,5,5,7,5,5,5,5,5,5,5,5,5,5,5,5,5,5,5,5,5,5,5,5,5,5,5,5,5,5,5,5,5,5,5,5,5,5,5,5,5,5,5,5,5,5,5,5,5,5,5,5,5,5,5,5,5,5,5,5,5,5,5,5,5,5,5,5
121,684,683,668,665,662,665,665,644,686,677,676,673,674,670,661,655,690,689,681,678,676,676,664,661,691,700,685,686,677,678,675,677,700,695,696,695,692,687,682,672,718,701,697,702,692,690,681,684,725,706,707,694,694,697,690,678,722,725,713,715,695,708,699,703,5,4,4,5,4,5,5,5,6,4,4,4,4,5,4,4,5,6,4,5,4,5,4,4,6,5,5,4,4,5,5,5,6,4,4,5,5,4,4,5,5,5,4,7,7,6,4,6,6,7,5,6,4,6,5,7,7,9,5,7,6,6,6,10,5,5,5,5,5,5,5,5,5,5,5,5,5,5,5,5,5,5,5,5,5,5,5,5,5,5,5,5,5,5,5,5,5,5,5,5,5,5,5,5,5,5,5,5,5,5,5,5,5,5,5,5,5,5,5,5,5,5,5,5,5,5,5,5
122,689,671,676,660,663,655,657,656,682,675,673,675,668,662,667,660,691,687,681,673,670,679,665,668,686,694,693,680,683,679,673,667,716,693,698,701,683,696,679,670,703,701,701,690,699,693,680,680,713,707,713,697,712,691,698,693,733,718,719,709,714,703,711,697,4,5,4,4,4,4,4,5,5,4,4,5,4,4,3,4,6,5,4,5,3,5,4,4,5,5,5,3,4,4,4,4,6,4,4,4,4,4,4,5,5,5,5,4,5,5,5,5,6,6,4,5,6,5,5,6,8,10,5,6,6,5,6,12,5,5,5,5,5,5,5,5,5,5,5,5,5,5,5,5,5,5,5,5,5,5,5,5,5,5,5,5,5,5,5,5,5,5,5,5,5,5,5,5,5,5,5,5,5,5,5,5,5,5,5,5,5,5,5,5,5,5,5,5,5,5,5,5
123,694,676,672,664,667,657,667,658,689,680,679,668,669,676,659,674,699,690,678,675,680,677,666,667,693,687,691,688,676,680,677,676,715,702,704,691,687,681,689,675,715,702,706,699,693,689,693,683,727,714,705,706,700,701,696,689,719,722,713,713,706,701,698,703,6,4,4,4,3,4,5,5,5,4,4,4,4,4,4,5,9,7,5,5,4,4,4,4,6,4,5,4,4,4,4,4,6,4,4,5,5,5,4,5,5,5,5,5,7,5,5,6,5,6,5,7,5,6,5,6,8,8,5,7,7,6,4,10,5,5,5,5,5,5,5,5,5,5,5,5,5,5,5,5,5,5,5,5,5,5,5,5,5,5,5,5,5,5,5,5,5,5,5,5,5,5,5,5,5,5,5,5,5,5,5,5,5,5,5,5,5,5,5,5,5,5,5,5,5,5,5,5
124,680,683,678,666,664,657,656,647,684,682,683,674,660,666,660,663,692,682,692,681,672,664,678,663,697,690,690,685,681,677,672,675,714,697,690,689,688,694,677,665,715,713,700,689,694,692,685,687,709,693,720,701,697,702,697,681,717,729,722,713,709,697,709,690,5,5,4,4,4,4,4,4,5,4,4,4,4,3,4,4,6,5,4,4,4,4,4,4,4,4,5,4,4,4,4,4,6,4,4,4,5,4,4,5,5,4,4,5,5,4,4,6,5,6,6,6,4,5,5,6,7,8,5,7,6,5,6,10,5,5,5,5,5,5,5,5,5,5,5,5,5,5,5,5,5,5,5,5,5,5,5,5,5,5,5,5,5,5,5,5,5,5,5,5,5,5,5,5,5,5,5,5,5,5,5,5,5,5,5,5,5,5,5,5,5,5,5,5,5,5,5,5
125,676,671,677,670,660,666,651,647,686,685,673,670,675,674,669,652,705,690,683,674,676,665,672,666,707,692,690,691,684,681,679,668,713,700,703,701,690,685,685,686,714,706,703,692,694,698,689,680,721,711,706,714,701,684,710,688,736,727,707,719,708,699,700,681,5,4,4,4,3,4,4,5,6,5,5,4,5,3,5,4,6,7,5,4,4,4,4,4,5,5,5,5,4,4,4,5,6,5,4,4,5,4,4,5,6,5,5,5,6,4,4,5,6,6,7,5,6,5,6,6,7,8,5,7,6,6,5,9,5,5,5,5,5,5,5,5,5,5,5,5,5,5,5,5,5,5,5,5,5,5,5,5,5,5,5,5,5,5,5,5,5,5,5,5,5,5,5,5,5,5,5,5,5,5,5,5,5,5,5,5,5,5,5,5,5,5,5,5,5,5,5,5
126,673,671,660,664,660,659,655,652,687,688,674,670,666,663,658,656,696,689,688,683,675,679,675,663,702,692,696,686,688,676,668,674,683,698,690,694,686,687,675,678,711,712,697,693,688,688,687,689,716,726,714,706,707,694,690,695,718,720,712,701,701,710,707,666,5,4,4,4,4,4,4,4,4,4,4,4,4,4,4,4,5,5,4,5,3,4,5,4,6,5,4,4,4,4,5,5,6,4,4,4,5,5,5,5,5,4,4,5,5,5,5,5,5,7,5,6,5,4,5,7,8,8,5,6,6,5,6,7,5,5,5,5,5,5,5,5,5,5,5,5,5,5,5,5,5,5,5,5,5,5,5,5,5,5,5,5,5,5,5,5,5,5,5,5,5,5,5,5,5,5,5,5,5,5,5,5,5,5,5,5,5,5,5,5,5,5,5,5,5,5,5,5
127,681,681,677,667,661,664,654,659,686,681,679,668,667,666,669,663,688,696,690,679,676,673,667,668,700,688,690,689,680,676,667,672,707,698,699,702,696,688,675,681,718,704,707,699,699,685,686,680,726,716,719,709,708,692,705,696,727,721,713,709,710,702,700,695,6,4,4,4,3,4,4,6,4,5,4,4,4,4,4,4,7,6,5,6,3,5,4,4,6,5,5,4,4,4,4,5,5,6,4,4,5,5,5,5,5,5,5,5,5,5,5,6,7,7,6,7,6,6,6,7,8,7,5,7,7,5,6,7,5,5,5,5,5,5,5,5,5,5,5,5,5,5,5,5,5,5,5,5,5,5,5,5,5,5,5,5,5,5,5,5,5,5,5,5,5,5,5,5,5,5,5,5,5,5,5,5,5,5,5,5,5,5,5,5,5,5,5,5,5,5,5,5
128,680,674,668,664,656,666,665,656,689,681,673,673,669,656,663,658,689,688,691,678,668,665,666,672,706,691,704,686,683,686,679,673,703,706,697,699,686,688,679,667,719,708,707,700,693,690,694,681,725,707,706,716,698,699,688,696,732,714,721,721,709,689,700,707,5,5,4,4,3,4,4,5,5,4,5,5,4,4,4,4,6,6,4,5,4,4,3,4,7,4,6,4,4,4,5,4,6,4,5,5,5,5,4,4,5,5,5,5,5,4,5,5,6,6,6,6,4,5,6,6,7,8,5,7,5,5,6,9,5,5,5,5,5,5,5,5,5,5,5,5,5,5,5,5,5,5,5,5,5,5,5,5,5,5,5,5,5,5,5,5,5,5,5,5,5,5,5,5,5,5,5,5,5,5,5,5,5,5,5,5,5,5,5,5,5,5,5,5,5,5,5,5
129,682,674,671,667,658,662,658,656,690,673,674,671,670,658,668,666,689,695,691,684,678,658,672,675,708,692,694,689,680,681,679,675,710,707,686,690,691,690,689,678,711,714,710,693,697,694,676,691,725,711,711,698,703,706,689,692,714,698,714,710,714,692,703,702,5,5,4,4,4,4,5,6,5,4,4,4,4,3,4,4,6,5,6,5,4,4,4,5,5,5,6,4,4,4,5,5,5,5,5,5,5,4,5,5,5,4,5,5,5,5,5,5,7,8,6,5,5,5,7,6,7,7,5,9,5,5,6,8,5,5,5,5,5,5,5,5,5,5,5,5,5,5,5,5,5,5,5,5,5,5,5,5,5,5,5,5,5,5,5,5,5,5,5,5,5,5,5,5,5,5,5,5,5,5,5,5,5,5,5,5,5,5,5,5,5,5,5,5,5,5,5,5
130,676,683,672,674,658,648,650,650,696,681,676,676,672,660,657,665,696,685,672,673,677,667,667,667,692,694,696,683,684,681,669,666,706,697,693,701,698,679,682,676,715,707,696,702,696,698,687,686,714,721,702,709,699,701,691,691,716,713,716,706,714,710,707,690,5,4,4,4,4,4,3,4,5,4,3,4,4,4,4,4,6,5,4,5,4,4,3,4,5,4,5,4,4,4,4,4,5,4,4,4,4,5,4,5,5,6,5,5,6,5,5,5,7,7,6,6,5,5,5,6,7,6,5,6,6,5,6,9,5,5,5,5,5,5,5,5,5,5,5,5,5,5,5,5,5,5,5,5,5,5,5,5,5,5,5,5,5,5,5,5,5,5,5,5,5,5,5,5,5,5,5,5,5,5,5,5,5,5,5,5,5,5,5,5,5,5,5,5,5,5,5,5
131,674,682,671,663,652,663,650,652,685,683,675,668,670,662,663,656,689,690,684,683,670,672,666,665,698,687,699,685,680,672,662,672,693,710,689,688,689,685,674,679,716,712,700,694,693,688,703,681,724,712,706,698,708,699,699,691,724,720,710,692,713,691,710,677,5,5,5,4,4,4,4,5,6,5,4,4,5,4,3,4,5,5,5,5,4,5,4,5,5,4,6,4,4,4,4,5,6,4,5,5,5,5,5,4,6,7,5,5,5,4,6,7,5,7,6,6,6,5,5,7,9,8,6,8,5,6,7,9,5,5,5,5,5,5,5,5,5,5,5,5,5,5,5,5,5,5,5,5,5,5,5,5,5,5,5,5,5,5,5,5,5,5,5,5,5,5,5,5,5,5,5,5,5,5,5,5,5,5,5,5,5,5,5,5,5,5,5,5,5,5,5,5
132,671,676,682,658,657,668,657,649,678,685,679,666,670,663,658,643,700,692,675,678,675,672,668,671,695,695,684,691,690,679,678,672,700,706,699,698,686,683,674,673,719,702,702,688,696,690,672,681,724,728,707,714,687,704,702,695,719,705,718,718,705,708,710,710,4,4,5,4,4,4,4,5,4,5,3,4,4,4,4,4,5,6,4,5,4,4,4,4,6,4,5,4,4,4,5,5,7,5,4,4,5,5,4,5,5,5,5,6,5,4,5,5,6,7,5,5,5,7,6,6,10,7,5,8,7,6,5,18,5,5,5,5,5,5,5,5,5,5,5,5,5,5,5,5,5,5,5,5,5,5,5,5,5,5,5,5,5,5,5,5,5,5,5,5,5,5,5,5,5,5,5,5,5,5,5,5,5,5,5,5,5,5,5,5,5,5,5,5,5,5,5,5
133,671,672,675,664,663,657,655,645,680,674,676,669,667,669,657,655,694,695,673,678,675,669,659,670,697,686,688,686,680,683,672,664,704,699,706,697,688,689,687,672,717,701,701,709,682,685,684,685,731,706,706,704,698,701,692,689,730,717,715,705,719,696,718,699,6,4,4,4,3,5,4,5,5,4,4,4,5,3,4,4,7,5,4,5,4,4,4,4,5,5,6,4,4,5,5,6,6,5,4,4,5,5,5,4,5,5,5,6,6,5,5,5,7,7,5,7,5,5,5,6,11,10,6,6,6,7,6,10,5,5,5,5,5,5,5,5,5,5,5,5,5,5,5,5,5,5,5,5,5,5,5,5,5,5,5,5,5,5,5,5,5,5,5,5,5,5,5,5,5,5,5,5,5,5,5,5,5,5,5,5,5,5,5,5,5,5,5,5,5,5,5,5
134,672,673,676,668,665,648,650,660,693,683,676,669,675,657,659,654,694,692,685,669,675,666,663,651,702,688,690,683,676,669,681,670,705,704,701,700,688,680,681,675,714,703,711,699,701,690,694,681,722,713,715,722,698,690,689,690,722,710,717,713,710,698,712,682,5,5,4,4,4,4,3,4,5,5,4,4,4,3,4,3,6,5,5,4,3,4,4,4,5,4,5,4,4,3,5,4,5,4,4,4,4,4,4,5,5,6,5,5,7,4,5,5,8,6,5,8,5,4,5,7,6,8,5,7,5,6,6,9,5,5,5,5,5,5,5,5,5,5,5,5,5,5,5,5,5,5,5,5,5,5,5,5,5,5,5,5,5,5,5,5,5,5,5,5,5,5,5,5,5,5,5,5,5,5,5,5,5,5,5,5,5,5,5,5,5,5,5,5,5,5,5,5
135,680,670,674,666,663,655,658,654,678,675,680,668,666,662,663,650,685,688,681,678,676,675,668,667,701,702,701,689,679,677,675,671,700,697,695,679,687,690,682,677,715,714,697,699,690,691,688,682,725,714,701,698,701,691,699,696,721,728,720,708,705,707,705,696,5,5,5,4,4,4,4,5,6,4,4,4,4,4,4,4,6,6,6,5,4,5,5,4,5,5,5,4,4,4,5,5,7,4,5,5,5,4,5,5,5,6,5,6,6,4,5,6,8,6,6,6,5,5,4,6,8,8,5,7,6,6,6,10,5,5,5,5,5,5,5,5,5,5,5,5,5,5,5,5,5,5,5,5,5,5,5,5,5,5,5,5,5,5,5,5,5,5,5,5,5,5,5,5,5,5,5,5,5,5,5,5,5,5,5,5,5,5,5,5,5,5,5,5,5,5,5,5
136,677,676,669,656,654,665,657,654,689,681,680,673,668,662,657,656,677,682,675,675,679,671,670,660,696,693,683,685,684,673,680,660,692,701,699,687,692,694,682,682,709,701,707,697,697,694,685,684,723,711,699,699,700,699,691,689,741,725,720,696,699,715,708,692,5,5,4,4,4,4,4,5,5,4,3,4,4,3,4,4,7,5,5,5,4,4,5,3,5,4,5,4,4,4,4,5,6,5,4,5,5,4,4,5,5,5,5,5,6,4,4,6,8,7,6,6,5,5,5,5,7,10,5,8,6,4,5,10,5,5,5,5,5,5,5,5,5,5,5,5,5,5,5,5,5,5,5,5,5,5,5,5,5,5,5,5,5,5,5,5,5,5,5,5,5,5,5,5,5,5,5,5,5,5,5,5,5,5,5,5,5,5,5,5,5,5,5,5,5,5,5,5
137,687,672,675,668,659,655,661,654,685,684,676,680,667,659,663,659,680,683,687,671,677,668,667,665,696,703,695,687,681,679,679,662,706,705,686,697,691,681,678,671,720,706,711,696,696,694,690,686,728,720,709,711,702,698,700,680,738,721,726,719,705,702,708,684,5,5,5,4,3,4,4,5,5,4,5,4,4,4,4,4,6,5,4,5,4,4,4,5,6,5,6,4,4,5,5,6,6,5,4,4,5,5,5,5,5,6,6,5,5,5,5,6,6,7,7,7,5,5,5,8,7,9,6,7,7,6,5,9,5,5,5,5,5,5,5,5,5,5,5,5,5,5,5,5,5,5,5,5,5,5,5,5,5,5,5,5,5,5,5,5,5,5,5,5,5,5,5,5,5,5,5,5,5,5,5,5,5,5,5,5,5,5,5,5,5,5,5,5,5,5,5,5
138,682,666,670,663,654,657,656,654,689,680,679,675,674,658,664,656,680,700,680,686,679,667,660,665,694,702,689,687,684,672,677,681,714,703,704,693,693,681,683,683,704,706,708,693,698,697,678,673,707,716,707,697,700,693,685,686,729,707,726,722,697,699,710,704,5,4,4,4,3,4,4,4,5,4,4,5,4,3,3,4,5,6,4,4,4,4,4,4,6,4,5,4,4,4,5,5,5,5,4,4,4,4,4,5,5,5,5,5,5,4,5,5,6,7,5,5,4,5,5,5,7,10,6,7,6,5,5,10,5,5,5,5,5,5,5,5,5,5,5,5,5,5,5,5,5,5,5,5,5,5,5,5,5,5,5,5,5,5,5,5,5,5,5,5,5,5,5,5,5,5,5,5,5,5,5,5,5,5,5,5,5,5,5,5,5,5,5,5,5,5,5,5
139,689,683,684,666,656,656,653,655,699,685,676,675,671,652,663,660,692,684,686,679,673,670,666,665,696,691,704,678,681,679,659,675,712,695,693,698,687,688,682,679,724,705,702,708,703,690,676,685,721,712,713,690,695,698,693,693,714,716,717,700,695,709,704,695,7,4,4,4,4,4,4,5,5,5,4,5,4,3,4,4,8,5,4,5,4,4,4,4,6,4,4,4,4,4,4,6,6,5,4,4,5,5,4,5,6,6,5,5,6,4,5,6,7,7,5,5,5,5,5,7,7,9,6,5,7,6,7,12,5,5,5,5,5,5,5,5,5,5,5,5,5,5,5,5,5,5,5,5,5,5,5,5,5,5,5,5,5,5,5,5,5,5,5,5,5,5,5,5,5,5,5,5,5,5,5,5,5,5,5,5,5,5,5,5,5,5,5,5,5,5,5,5
140,674,678,675,664,659,657,661,652,684,678,678,672,679,666,668,654,687,683,687,679,669,669,665,665,697,686,689,687,683,678,667,668,707,706,691,687,703,678,673,678,709,706,700,701,691,691,676,683,726,710,714,708,703,697,692,690,739,710,711,710,703,697,694,682,4,4,4,4,4,4,4,5,4,4,4,4,5,4,3,3,7,5,4,4,3,5,4,4,6,4,4,4,4,4,5,4,5,5,4,5,6,4,4,5,6,6,5,5,6,4,5,5,6,7,5,6,6,5,6,6,6,8,5,7,6,6,5,10,5,5,5,5,5,5,5,5,5,5,5,5,5,5,5,5,5,5,5,5,5,5,5,5,5,5,5,5,5,5,5,5,5,5,5,5,5,5,5,5,5,5,5,5,5,5,5,5,5,5,5,5,5,5,5,5,5,5,5,5,5,5,5,5
141,672,679,668,663,664,660,651,656,681,687,681,674,665,664,659,663,684,681,690,681,680,666,666,653,699,696,692,687,680,678,679,679,709,700,710,695,686,686,673,685,714,700,699,698,694,697,675,693,713,727,706,710,711,695,690,685,731,718,721,700,710,706,709,702,5,6,4,4,4,4,4,4,4,5,4,5,4,4,4,4,7,6,5,5,4,4,4,5,6,5,6,4,4,4,6,6,6,4,5,5,5,5,4,7,6,5,5,5,5,5,6,5,7,6,6,7,6,5,5,6,9,8,5,6,5,4,7,8,5,5,5,5,5,5,5,5,5,5,5,5,5,5,5,5,5,5,5,5,5,5,5,5,5,5,5,5,5,5,5,5,5,5,5,5,5,5,5,5,5,5,5,5,5,5,5,5,5,5,5,5,5,5,5,5,5,5,5,5,5,5,5,5
142,680,676,671,657,663,650,654,654,684,681,679,679,666,660,661,652,697,688,676,679,677,665,666,663,702,688,688,687,683,674,665,667,699,699,696,697,684,686,686,681,710,714,702,702,704,684,676,682,714,712,708,699,705,688,687,694,726,720,721,706,706,706,714,692,5,4,4,5,4,4,3,4,5,4,4,3,4,3,3,4,5,6,5,4,4,4,5,4,5,4,5,4,4,3,5,5,6,4,4,4,5,4,5,6,5,6,4,5,5,5,4,5,6,6,5,5,5,5,4,6,9,9,6,5,6,5,7,11,5,5,5,5,5,5,5,5,5,5,5,5,5,5,5,5,5,5,5,5,5,5,5,5,5,5,5,5,5,5,5,5,5,5,5,5,5,5,5,5,5,5,5,5,5,5,5,5,5,5,5,5,5,5,5,5,5,5,5,5,5,5,5,5
143,676,667,672,667,657,659,647,659,684,678,678,675,669,659,656,658,699,690,681,686,678,668,673,658,704,693,688,676,686,671,675,675,707,704,704,691,690,683,684,671,711,698,705,701,684,691,685,688,711,724,705,709,703,697,690,697,712,723,712,705,703,692,697,671,5,5,4,4,4,4,4,4,5,4,4,3,4,4,3,4,6,6,5,4,4,4,3,4,5,5,6,4,4,4,5,5,6,5,4,5,5,5,4,5,5,5,6,5,5,4,6,5,6,8,6,5,6,5,6,7,7,8,5,7,7,6,5,10,5,5,5,5,5,5,5,5,5,5,5,5,5,5,5,5,5,5,5,5,5,5,5,5,5,5,5,5,5,5,5,5,5,5,5,5,5,5,5,5,5,5,5,5,5,5,5,5,5,5,5,5,5,5,5,5,5,5,5,5,5,5,5,5
144,678,680,676,665,658,662,657,652,687,675,677,673,674,665,662,653,692,686,681,682,671,669,662,657,708,693,681,694,682,676,671,668,705,700,696,685,685,677,685,673,712,709,699,697,689,691,683,671,718,726,706,711,697,695,695,706,724,720,722,711,702,706,702,695,5,4,4,5,4,4,4,5,5,4,4,4,4,4,4,3,6,6,5,5,3,4,4,4,5,4,5,4,4,4,5,5,5,4,5,5,4,5,4,5,5,5,5,5,6,4,4,4,7,8,6,6,5,5,4,7,7,10,6,7,6,5,5,8,5,5,5,5,5,5,5,5,5,5,5,5,5,5,5,5,5,5,5,5,5,5,5,5,5,5,5,5,5,5,5,5,5,5,5,5,5,5,5,5,5,5,5,5,5,5,5,5,5,5,5,5,5,5,5,5,5,5,5,5,5,5,5,5
145,679,667,668,667,659,660,649,650,680,685,674,669,673,661,667,652,694,687,692,681,667,668,662,664,691,694,697,691,681,675,673,679,701,717,698,692,694,686,687,670,709,709,701,702,685,701,685,689,720,701,698,692,707,692,687,692,737,716,722,714,708,706,698,701,5,5,4,5,4,4,4,4,5,5,4,5,4,4,3,3,6,6,5,5,3,4,4,4,6,4,5,4,4,4,5,6,7,7,5,5,5,5,4,4,6,6,5,5,6,4,5,5,6,6,6,5,5,5,6,7,6,8,6,7,6,6,6,8,5,5,5,5,5,5,5,5,5,5,5,5,5,5,5,5,5,5,5,5,5,5,5,5,5,5,5,5,5,5,5,5,5,5,5,5,5,5,5,5,5,5,5,5,5,5,5,5,5,5,5,5,5,5,5,5,5,5,5,5,5,5,5,5
146,671,684,669,674,665,656,658,658,684,684,675,671,675,665,654,663,696,693,686,673,677,675,672,658,685,689,683,685,681,674,670,673,688,697,699,691,690,689,677,677,715,705,694,705,697,687,684,689,712,725,712,705,702,693,701,691,727,729,714,707,705,703,713,696,4,4,4,4,4,4,4,4,4,4,4,4,4,4,4,4,5,5,4,5,4,4,3,4,6,4,5,4,4,4,4,5,6,4,4,5,5,5,5,4,5,5,4,5,6,5,5,5,6,7,5,6,5,5,5,6,7,7,4,7,6,6,7,10,5,5,5,5,5,5,5,5,5,5,5,5,5,5,5,5,5,5,5,5,5,5,5,5,5,5,5,5,5,5,5,5,5,5,5,5,5,5,5,5,5,5,5,5,5,5,5,5,5,5,5,5,5,5,5,5,5,5,5,5,5,5,5,5
147,680,676,672,671,660,657,651,657,686,680,679,670,665,666,664,660,695,687,677,684,666,670,665,657,704,698,697,681,681,674,660,669,698,699,699,692,694,686,679,679,726,718,697,702,706,688,692,687,716,724,697,704,701,694,683,706,723,725,721,715,710,700,701,694,5,5,5,4,4,4,4,4,5,5,4,4,4,4,4,4,6,6,5,4,4,4,4,4,8,5,5,4,4,4,4,5,7,4,4,5,5,4,5,4,5,5,4,5,5,5,6,5,5,8,6,6,6,5,6,6,8,11,5,8,6,5,7,7,5,5,5,5,5,5,5,5,5,5,5,5,5,5,5,5,5,5,5,5,5,5,5,5,5,5,5,5,5,5,5,5,5,5,5,5,5,5,5,5,5,5,5,5,5,5,5,5,5,5,5,5,5,5,5,5,5,5,5,5,5,5,5,5
148,677,672,665,666,657,659,653,652,694,686,679,679,676,672,662,650,693,684,683,679,678,671,666,665,699,695,686,681,675,678,680,671,712,695,697,696,685,683,678,679,714,707,704,698,699,695,684,693,728,708,704,709,704,702,706,687,728,723,717,720,701,700,704,722,5,5,3,4,4,4,4,4,5,4,4,3,3,4,4,3,5,5,4,4,4,5,5,4,6,4,5,4,4,4,4,4,5,4,4,4,5,4,4,5,6,6,4,5,5,4,4,4,5,5,6,6,4,4,5,6,8,10,5,6,5,5,5,9,5,5,5,5,5,5,5,5,5,5,5,5,5,5,5,5,5,5,5,5,5,5,5,5,5,5,5,5,5,5,5,5,5,5,5,5,5,5,5,5,5,5,5,5,5,5,5,5,5,5,5,5,5,5,5,5,5,5,5,5,5,5,5,5
149,671,677,669,674,661,654,654,656,691,686,671,670,675,656,664,657,689,688,687,671,678,664,668,660,703,689,693,682,684,681,675,664,716,697,705,690,688,692,688,684,710,713,707,694,694,686,684,684,728,705,709,698,693,699,699,687,720,740,707,715,706,689,703,688,5,4,4,5,4,4,4,4,5,5,4,4,4,3,4,4,7,5,4,5,4,4,5,4,7,4,5,4,4,5,5,4,7,5,4,5,5,4,4,6,6,6,5,5,5,6,4,5,7,8,6,6,5,6,5,7,8,10,6,8,5,6,7,9,5,5,5,5,5,5,5,5,5,5,5,5,5,5,5,5,5,5,5,5,5,5,5,5,5,5,5,5,5,5,5,5,5,5,5,5,5,5,5,5,5,5,5,5,5,5,5,5,5,5,5,5,5,5,5,5,5,5,5,5,5,5,5,5
150,683,671,671,663,660,659,655,648,689,682,683,663,661,665,664,658,689,675,680,671,676,666,663,662,699,688,698,678,681,678,666,670,711,707,694,696,690,685,689,671,718,714,698,703,702,697,694,676,709,721,720,700,714,692,692,686,714,716,707,715,704,702,704,691,5,5,4,4,4,4,4,5,5,4,4,4,4,4,4,4,6,6,5,4,3,4,4,4,6,4,4,4,4,4,5,4,6,4,4,5,5,5,4,5,5,4,5,5,5,4,6,5,6,6,6,6,5,4,5,5,8,8,5,7,6,6,6,9,5,5,5,5,5,5,5,5,5,5,5,5,5,5,5,5,5,5,5,5,5,5,5,5,5,5,5,5,5,5,5,5,5,5,5,5,5,5,5,5,5,5,5,5,5,5,5,5,5,5,5,5,5,5,5,5,5,5,5,5,5,5,5,5
151,685,680,673,671,661,656,659,652,684,682,672,671,672,661,656,661,688,696,675,674,673,673,664,672,698,699,694,677,681,680,681,673,700,699,692,695,693,685,680,675,721,708,696,695,698,699,693,695,717,705,708,701,706,700,694,683,713,717,711,708,708,709,710,688,5,4,5,4,3,3,4,4,6,5,4,4,4,4,4,4,6,6,5,4,4,5,4,4,6,5,6,4,4,4,4,5,7,5,5,5,5,5,4,5,6,6,5,5,7,5,4,4,7,7,7,6,6,6,5,6,6,11,6,6,6,7,6,10,5,5,5,5,5,5,5,5,5,5,5,5,5,5,5,5,5,5,5,5,5,5,5,5,5,5,5,5,5,5,5,5,5,5,5,5,5,5,5,5,5,5,5,5,5,5,5,5,5,5,5,5,5,5,5,5,5,5,5,5,5,5,5,5
152,679,676,673,655,662,660,656,643,685,672,675,676,668,671,663,660,683,685,692,687,671,668,659,664,700,705,699,681,681,679,675,680,704,701,704,693,694,686,676,683,705,710,707,695,699,689,686,682,725,715,709,710,702,692,681,697,722,707,718,716,710,705,701,703,5,4,4,5,3,4,4,4,4,4,4,3,4,3,4,4,6,6,5,5,4,5,4,4,5,5,4,4,4,4,4,6,5,4,4,5,5,4,5,5,4,6,5,4,5,4,5,5,5,7,6,5,5,5,4,5,6,8,5,8,6,5,5,8,5,5,5,5,5,5,5,5,5,5,5,5,5,5,5,5,5,5,5,5,5,5,5,5,5,5,5,5,5,5,5,5,5,5,5,5,5,5,5,5,5,5,5,5,5,5,5,5,5,5,5,5,5,5,5,5,5,5,5,5,5,5,5,5
153,687,672,670,664,666,656,657,655,688,681,668,682,666,663,660,658,698,695,675,680,676,667,662,659,710,696,687,686,678,683,671,668,700,698,694,690,685,684,684,689,710,710,706,696,704,686,690,687,716,720,715,703,697,696,705,697,713,707,726,712,697,705,702,700,6,5,4,5,4,4,4,6,6,4,4,4,4,4,5,4,6,6,5,4,4,4,4,4,5,5,5,4,4,4,5,5,8,5,5,4,5,4,5,6,6,5,5,5,5,5,5,6,7,8,5,6,5,5,6,6,8,8,7,8,7,5,6,13,5,5,5,5,5,5,5,5,5,5,5,5,5,5,5,5,5,5,5,5,5,5,5,5,5,5,5,5,5,5,5,5,5,5,5,5,5,5,5,5,5,5,5,5,5,5,5,5,5,5,5,5,5,5,5,5,5,5,5,5,5,5,5,5
154,685,683,672,667,665,656,646,655,678,678,668,673,669,666,658,653,698,687,676,681,674,673,662,661,708,697,685,684,679,675,676,669,705,700,695,688,684,687,685,676,712,710,711,687,699,690,682,686,725,711,710,693,686,686,682,694,739,720,720,724,703,713,703,709,5,4,4,4,4,4,4,5,4,4,4,4,4,4,5,3,5,4,5,4,4,4,4,4,5,4,5,4,4,4,5,5,5,5,5,5,5,4,4,5,5,5,5,6,5,4,5,6,6,6,5,6,5,4,5,6,6,8,5,7,5,6,5,9,5,5,5,5,5,5,5,5,5,5,5,5,5,5,5,5,5,5,5,5,5,5,5,5,5,5,5,5,5,5,5,5,5,5,5,5,5,5,5,5,5,5,5,5,5,5,5,5,5,5,5,5,5,5,5,5,5,5,5,5,5,5,5,5
155,681,667,671,663,661,661,655,655,685,683,672,670,665,668,659,663,684,698,687,685,674,676,662,663,696,691,692,676,681,681,668,669,711,701,701,690,688,688,686,684,711,701,714,689,696,690,687,684,712,713,701,710,695,701,692,686,721,734,712,712,716,707,697,710,6,5,5,4,4,4,4,5,5,5,4,4,4,4,5,4,6,6,4,5,4,5,5,5,6,5,4,4,4,5,4,5,6,5,4,5,5,5,4,6,5,5,5,6,6,5,5,7,6,8,6,7,5,6,6,7,8,9,6,6,5,6,6,8,5,5,5,5,5,5,5,5,5,5,5,5,5,5,5,5,5,5,5,5,5,5,5,5,5,5,5,5,5,5,5,5,5,5,5,5,5,5,5,5,5,5,5,5,5,5,5,5,5,5,5,5,5,5,5,5,5,5,5,5,5,5,5,5
156,679,675,675,660,665,658,653,646,685,686,675,676,667,657,653,659,694,685,686,686,676,665,675,658,704,702,697,687,682,679,679,671,709,702,688,694,691,682,681,664,712,707,701,700,685,690,679,690,717,706,717,715,710,697,690,689,714,725,712,725,711,711,704,696,5,5,4,4,4,4,4,4,5,4,4,4,4,4,4,4,7,5,5,4,4,4,4,4,7,5,5,4,4,4,4,5,5,4,4,6,5,4,4,5,6,5,5,5,5,4,6,6,5,7,6,4,6,5,6,6,9,7,6,7,6,6,6,9,5,5,5,5,5,5,5,5,5,5,5,5,5,5,5,5,5,5,5,5,5,5,5,5,5,5,5,5,5,5,5,5,5,5,5,5,5,5,5,5,5,5,5,5,5,5,5,5,5,5,5,5,5,5,5,5,5,5,5,5,5,5,5,5
157,679,671,672,671,669,663,657,657,692,684,679,674,661,663,660,657,695,691,678,681,684,666,666,672,698,695,696,687,681,672,683,675,708,707,695,693,689,682,676,675,717,701,715,695,690,687,696,692,717,721,709,705,693,695,695,692,711,723,717,718,716,703,691,706,5,5,5,4,4,4,5,4,5,4,4,5,4,4,5,4,8,6,5,6,4,4,4,5,6,5,4,4,4,4,4,4,6,5,5,5,5,5,5,5,6,7,5,6,6,5,5,4,6,8,6,6,5,5,6,7,7,10,6,7,6,5,6,9,5,5,5,5,5,5,5,5,5,5,5,5,5,5,5,5,5,5,5,5,5,5,5,5,5,5,5,5,5,5,5,5,5,5,5,5,5,5,5,5,5,5,5,5,5,5,5,5,5,5,5,5,5,5,5,5,5,5,5,5,5,5,5,5
158,682,674,670,661,658,659,652,656,692,685,677,671,672,663,661,664,693,681,679,680,670,672,669,665,698,701,688,677,678,680,674,675,699,688,685,697,685,691,687,677,718,707,700,701,688,692,688,690,718,714,702,701,691,683,688,689,729,721,721,728,712,708,707,708,5,4,4,4,3,3,4,5,5,4,4,4,4,4,4,4,5,5,4,4,4,4,4,4,5,4,5,4,4,4,5,5,6,4,4,4,4,4,4,4,6,5,5,5,5,4,5,5,5,7,5,5,5,5,5,6,8,7,6,6,4,5,5,13,5,5,5,5,5,5,5,5,5,5,5,5,5,5,5,5,5,5,5,5,5,5,5,5,5,5,5,5,5,5,5,5,5,5,5,5,5,5,5,5,5,5,5,5,5,5,5,5,5,5,5,5,5,5,5,5,5,5,5,5,5,5,5,5
159,676,675,665,671,670,656,654,657,684,678,677,670,666,662,652,664,683,687,696,682,672,665,669,667,697,680,694,684,682,673,677,674,697,704,688,688,691,685,687,677,721,705,699,693,695,691,676,684,713,714,710,708,693,698,685,692,719,727,711,716,709,709,698,684,5,4,4,4,3,4,4,4,5,4,4,4,4,4,4,4,6,5,5,4,4,4,4,4,5,5,5,4,4,4,4,5,8,5,5,5,5,4,5,5,5,6,5,4,4,4,6,5,6,7,5,5,4,5,5,8,8,10,6,7,5,6,6,11,5,5,5,5,5,5,5,5,5,5,5,5,5,5,5,5,5,5,5,5,5,5,5,5,5,5,5,5,5,5,5,5,5,5,5,5,5,5,5,5,5,5,5,5,5,5,5,5,5,5,5,5,5,5,5,5,5,5,5,5,5,5,5,5
160,675,680,671,669,659,655,658,659,686,684,680,675,669,662,668,657,699,691,678,684,674,677,662,664,704,695,688,685,680,676,668,671,708,705,692,695,684,679,683,678,714,706,701,702,701,684,697,687,721,710,714,707,692,702,691,692,725,725,717,701,708,701,699,698,6,4,4,4,4,3,4,5,5,4,4,4,4,4,4,4,5,5,4,4,4,4,4,4,6,5,5,4,4,4,5,5,8,5,4,4,5,5,4,5,5,5,5,4,5,4,5,5,6,7,7,7,5,5,5,6,7,8,5,5,5,6,5,8,5,5,5,5,5,5,5,5,5,5,5,5,5,5,5,5,5,5,5,5,5,5,5,5,5,5,5,5,5,5,5,5,5,5,5,5,5,5,5,5,5,5,5,5,5,5,5,5,5,5,5,5,5,5,5,5,5,5,5,5,5,5,5,5
161,676,674,672,676,660,661,661,648,689,671,675,670,674,666,666,660,693,691,679,682,675,667,670,670,693,694,706,680,682,672,677,663,696,702,699,695,689,698,675,676,712,713,708,704,693,695,679,679,718,712,706,713,704,699,693,697,736,718,710,711,713,703,694,699,5,4,4,4,4,4,4,5,4,4,4,5,4,4,4,4,7,6,5,5,4,5,4,5,5,5,5,4,4,4,5,6,7,5,5,5,5,4,4,5,5,6,5,6,6,4,5,6,6,6,6,5,5,5,7,6,8,8,5,6,7,5,6,10,5,5,5,5,5,5,5,5,5,5,5,5,5,5,5,5,5,5,5,5,5,5,5,5,5,5,5,5,5,5,5,5,5,5,5,5,5,5,5,5,5,5,5,5,5,5,5,5,5,5,5,5,5,5,5,5,5,5,5,5,5,5,5,5
162,679,673,666,666,660,659,656,649,685,675,674,680,667,666,657,658,694,684,688,678,675,671,667,663,687,695,690,681,675,670,671,667,707,688,691,693,693,681,685,681,717,704,710,701,686,691,690,691,724,723,712,701,690,688,695,698,728,719,722,698,710,707,708,684,5,4,4,4,4,3,4,5,4,4,4,4,4,4,4,4,6,5,4,5,4,5,3,4,7,4,5,4,4,3,5,4,5,4,4,5,5,4,4,5,5,4,5,5,5,4,5,5,6,8,5,6,5,4,5,6,8,8,6,7,6,5,6,9,5,5,5,5,5,5,5,5,5,5,5,5,5,5,5,5,5,5,5,5,5,5,5,5,5,5,5,5,5,5,5,5,5,5,5,5,5,5,5,5,5,5,5,5,5,5,5,5,5,5,5,5,5,5,5,5,5,5,5,5,5,5,5,5
163,678,676,679,667,657,659,664,646,691,680,683,668,666,665,666,656,680,690,679,681,675,673,669,666,697,698,691,685,689,661,678,672,712,706,689,703,684,683,685,687,700,706,701,697,697,690,687,692,717,718,708,694,715,688,680,686,743,733,713,716,710,686,706,715,5,5,5,4,4,4,4,5,5,4,4,4,5,4,4,4,7,6,5,5,4,5,5,5,8,4,6,4,4,4,5,5,6,5,5,4,4,5,4,5,5,5,6,6,5,4,5,4,6,6,6,5,5,5,6,7,8,7,6,8,5,5,7,9,5,5,5,5,5,5,5,5,5,5,5,5,5,5,5,5,5,5,5,5,5,5,5,5,5,5,5,5,5,5,5,5,5,5,5,5,5,5,5,5,5,5,5,5,5,5,5,5,5,5,5,5,5,5,5,5,5,5,5,5,5,5,5,5
164,679,673,664,662,661,653,655,650,698,689,672,671,667,664,666,654,684,691,692,683,680,672,662,663,697,691,686,690,689,677,675,673,699,701,702,692,694,678,681,675,707,707,699,707,696,686,692,699,707,716,714,705,695,692,686,699,735,709,726,712,697,699,697,687,5,4,3,4,4,4,4,5,5,4,4,4,4,4,4,4,6,5,4,5,3,4,4,4,5,4,5,4,4,4,4,5,7,4,3,5,5,4,4,5,5,6,4,5,5,5,5,5,5,6,5,7,5,5,5,7,8,8,5,6,5,4,5,7,5,5,5,5,5,5,5,5,5,5,5,5,5,5,5,5,5,5,5,5,5,5,5,5,5,5,5,5,5,5,5,5,5,5,5,5,5,5,5,5,5,5,5,5,5,5,5,5,5,5,5,5,5,5,5,5,5,5,5,5,5,5,5,5
165,687,669,677,667,663,650,646,640,695,683,674,672,665,666,675,661,700,697,688,678,680,664,666,665,710,699,684,687,691,679,671,675,701,705,703,689,684,675,678,675,708,711,699,701,685,683,702,684,717,710,714,706,703,696,695,684,723,729,723,706,708,691,698,694,8,5,5,4,4,4,4,4,5,5,5,5,4,4,4,4,8,6,4,5,4,4,5,4,6,5,6,4,4,5,5,5,8,5,4,5,5,4,4,5,6,5,5,6,5,4,6,6,8,8,7,6,5,5,6,6,7,9,6,8,6,6,5,9,5,5,5,5,5,5,5,5,5,5,5,5,5,5,5,5,5,5,5,5,5,5,5,5,5,5,5,5,5,5,5,5,5,5,5,5,5,5,5,5,5,5,5,5,5,5,5,5,5,5,5,5,5,5,5,5,5,5,5,5,5,5,5,5
166,682,672,669,666,666,663,662,647,694,678,672,663,676,666,662,659,681,690,680,682,673,665,657,663,708,698,695,692,680,678,683,660,706,697,704,692,691,686,683,680,722,705,715,704,714,695,682,677,725,706,708,699,692,694,690,690,723,711,719,722,700,704,696,680,5,5,4,4,3,4,4,4,5,4,4,4,4,4,4,4,6,5,4,5,4,4,4,4,5,5,5,5,4,4,4,5,6,5,4,4,5,4,4,5,5,5,5,5,7,4,5,5,8,6,5,5,4,5,6,6,6,9,5,8,5,5,5,10,5,5,5,5,5,5,5,5,5,5,5,5,5,5,5,5,5,5,5,5,5,5,5,5,5,5,5,5,5,5,5,5,5,5,5,5,5,5,5,5,5,5,5,5,5,5,5,5,5,5,5,5,5,5,5,5,5,5,5,5,5,5,5,5
167,687,678,673,663,659,660,662,654,688,678,681,669,664,666,667,663,700,691,672,673,676,674,674,664,706,700,690,685,674,676,680,673,715,703,696,701,690,684,676,679,716,706,702,707,701,681,682,687,720,714,702,699,701,702,702,695,708,714,720,706,697,714,707,685,6,6,4,4,4,4,4,5,5,4,4,4,4,4,4,5,6,6,5,4,4,4,5,4,5,5,5,4,4,4,5,5,6,5,4,4,5,4,4,5,5,6,5,5,5,5,4,5,5,7,6,6,5,6,5,7,7,9,6,7,6,6,7,9,5,5,5,5,5,5,5,5,5,5,5,5,5,5,5,5,5,5,5,5,5,5,5,5,5,5,5,5,5,5,5,5,5,5,5,5,5,5,5,5,5,5,5,5,5,5,5,5,5,5,5,5,5,5,5,5,5,5,5,5,5,5,5,5
168,678,677,663,667,660,659,654,645,683,677,673,671,679,661,664,656,689,687,677,676,680,665,670,671,698,702,694,689,686,675,668,669,693,694,700,690,688,676,677,681,714,706,702,698,704,688,687,690,720,720,711,696,705,697,681,689,723,710,722,701,709,695,685,700,5,4,3,4,4,3,4,4,6,4,4,4,5,4,4,4,6,6,5,5,4,4,3,4,6,5,5,4,4,4,4,4,6,4,4,4,5,4,4,5,4,5,5,4,5,4,5,4,6,7,5,6,4,5,5,7,11,9,6,7,6,6,6,9,5,5,5,5,5,5,5,5,5,5,5,5,5,5,5,5,5,5,5,5,5,5,5,5,5,5,5,5,5,5,5,5,5,5,5,5,5,5,5,5,5,5,5,5,5,5,5,5,5,5,5,5,5,5,5,5,5,5,5,5,5,5,5,5
169,692,678,674,674,659,653,657,654,686,677,684,673,668,663,657,659,684,685,684,679,671,668,660,668,702,689,690,686,676,682,680,673,703,702,699,700,701,678,682,671,708,718,714,689,699,694,680,685,718,707,713,710,702,700,685,674,731,708,723,718,703,705,698,689,5,5,4,5,4,4,4,5,5,4,4,4,4,4,4,4,7,5,4,5,4,4,4,5,5,4,5,4,4,4,5,5,6,4,4,6,5,5,4,5,5,6,6,5,5,5,5,6,7,5,6,6,5,5,6,5,8,8,6,7,5,4,6,10,5,5,5,5,5,5,5,5,5,5,5,5,5,5,5,5,5,5,5,5,5,5,5,5,5,5,5,5,5,5,5,5,5,5,5,5,5,5,5,5,5,5,5,5,5,5,5,5,5,5,5,5,5,5,5,5,5,5,5,5,5,5,5,5
170,688,675,668,665,663,649,654,653,682,681,689,670,671,667,657,650,691,680,686,677,675,668,660,667,697,698,682,684,683,676,678,666,709,709,693,691,684,688,681,674,713,701,705,696,692,689,684,682,714,722,709,712,699,694,692,688,719,728,720,704,704,695,713,701,4,4,4,5,3,3,4,4,5,4,4,4,4,4,4,4,7,5,5,4,3,4,4,4,6,4,5,4,4,4,4,4,6,5,4,5,4,5,5,4,5,5,4,5,5,5,5,5,6,7,6,7,5,5,5,6,8,9,5,8,5,5,6,11,5,5,5,5,5,5,5,5,5,5,5,5,5,5,5,5,5,5,5,5,5,5,5,5,5,5,5,5,5,5,5,5,5,5,5,5,5,5,5,5,5,5,5,5,5,5,5,5,5,5,5,5,5,5,5,5,5,5,5,5,5,5,5,5
171,685,677,673,667,665,655,660,659,693,681,683,666,671,656,667,661,691,678,678,673,668,669,678,653,692,695,687,685,687,673,678,676,699,717,696,690,684,681,677,681,711,703,708,700,685,691,689,683,716,719,710,706,700,707,691,702,734,715,724,706,704,697,696,695,7,4,4,4,3,4,4,5,5,5,4,4,5,4,4,4,5,5,5,4,4,4,4,5,7,5,5,4,4,4,5,5,5,5,4,4,4,5,5,5,5,6,5,5,6,4,5,6,6,7,6,6,5,4,5,8,10,10,6,6,7,5,6,8,5,5,5,5,5,5,5,5,5,5,5,5,5,5,5,5,5,5,5,5,5,5,5,5,5,5,5,5,5,5,5,5,5,5,5,5,5,5,5,5,5,5,5,5,5,5,5,5,5,5,5,5,5,5,5,5,5,5,5,5,5,5,5,5
172,684,683,663,669,663,659,657,658,689,687,683,672,665,666,665,662,687,693,683,685,673,674,665,659,694,695,688,688,684,684,667,670,695,697,694,700,684,687,684,678,703,721,710,697,699,693,688,681,717,705,694,704,690,698,699,693,732,720,714,708,702,704,698,705,5,4,4,4,4,4,4,4,5,5,3,4,4,4,4,4,6,5,5,4,4,5,4,4,5,4,5,4,4,4,4,4,6,5,4,4,5,4,4,5,5,5,5,5,6,4,5,6,7,7,6,6,4,5,5,5,7,8,5,6,6,5,6,7,5,5,5,5,5,5,5,5,5,5,5,5,5,5,5,5,5,5,5,5,5,5,5,5,5,5,5,5,5,5,5,5,5,5,5,5,5,5,5,5,5,5,5,5,5,5,5,5,5,5,5,5,5,5,5,5,5,5,5,5,5,5,5,5
173,676,667,671,661,659,662,640,657,691,685,683,675,667,663,659,664,687,690,684,682,679,673,665,667,691,701,687,683,690,675,667,662,703,699,699,693,679,685,686,677,722,710,699,695,708,692,688,684,719,709,705,705,699,697,698,690,736,738,721,708,706,700,702,681,5,5,4,5,4,4,4,6,6,5,4,4,4,4,4,4,6,7,5,5,4,5,4,4,6,6,5,4,4,4,5,5,6,4,4,4,5,5,4,5,7,6,5,5,5,4,6,5,6,6,6,6,6,5,7,7,6,11,6,9,5,6,5,10,5,5,5,5,5,5,5,5,5,5,5,5,5,5,5,5,5,5,5,5,5,5,5,5,5,5,5,5,5,5,5,5,5,5,5,5,5,5,5,5,5,5,5,5,5,5,5,5,5,5,5,5,5,5,5,5,5,5,5,5,5,5,5,5
174,680,672,684,665,656,659,655,646,688,687,667,676,664,659,660,658,687,683,674,676,676,667,666,659,707,696,686,680,687,674,664,662,700,696,697,688,691,680,679,682,710,713,704,704,696,692,689,692,721,722,709,701,711,703,696,700,715,702,716,714,711,703,703,680,5,4,4,4,4,3,4,4,5,3,4,3,4,4,3,4,6,5,5,5,4,4,4,4,5,4,5,4,4,4,4,5,5,4,4,5,5,4,3,5,5,6,4,5,4,5,5,6,6,8,5,6,5,5,4,8,7,8,5,7,5,5,5,8,5,5,5,5,5,5,5,5,5,5,5,5,5,5,5,5,5,5,5,5,5,5,5,5,5,5,5,5,5,5,5,5,5,5,5,5,5,5,5,5,5,5,5,5,5,5,5,5,5,5,5,5,5,5,5,5,5,5,5,5,5,5,5,5
175,684,680,675,665,656,660,664,647,689,676,675,676,670,663,663,655,688,689,679,680,668,666,662,663,695,695,690,683,688,669,680,671,698,695,699,690,695,684,674,680,717,690,690,702,696,684,693,675,710,721,706,711,706,689,691,700,731,730,715,700,706,704,707,683,5,5,4,5,4,4,5,4,5,4,5,4,4,4,4,5,7,7,5,5,4,4,4,4,6,5,5,4,4,4,5,5,7,4,4,5,5,5,4,6,5,5,5,5,6,4,5,5,6,7,6,5,6,5,7,8,9,9,6,9,6,6,6,8,5,5,5,5,5,5,5,5,5,5,5,5,5,5,5,5,5,5,5,5,5,5,5,5,5,5,5,5,5,5,5,5,5,5,5,5,5,5,5,5,5,5,5,5,5,5,5,5,5,5,5,5,5,5,5,5,5,5,5,5,5,5,5,5
176,686,672,672,668,658,667,663,653,689,684,686,666,678,665,658,658,692,689,681,680,674,667,665,660,697,682,691,686,674,667,678,665,712,701,698,702,691,691,674,678,705,709,697,707,689,686,688,685,716,704,719,694,709,696,692,704,732,720,717,708,706,699,709,679,5,4,4,4,4,4,4,5,5,4,4,4,4,4,4,4,6,6,5,4,3,4,4,4,5,4,5,4,4,3,5,5,7,5,4,4,5,5,4,4,5,6,5,5,6,5,4,6,5,6,5,6,5,4,5,8,8,9,5,7,5,6,7,8,5,5,5,5,5,5,5,5,5,5,5,5,5,5,5,5,5,5,5,5,5,5,5,5,5,5,5,5,5,5,5,5,5,5,5,5,5,5,5,5,5,5,5,5,5,5,5,5,5,5,5,5,5,5,5,5,5,5,5,5,5,5,5,5
177,677,678,683,664,665,657,652,660,692,678,674,674,663,666,653,667,690,695,684,684,674,676,669,666,692,692,692,685,678,684,671,677,695,694,694,703,685,678,677,669,709,705,704,705,704,687,688,689,724,700,706,695,703,705,686,670,728,728,727,704,714,697,708,695,6,5,5,4,4,4,4,4,6,4,5,4,4,4,5,4,6,6,6,5,4,5,4,4,6,4,5,4,4,4,5,5,7,4,5,6,4,5,5,4,5,5,4,5,6,6,5,5,8,9,5,6,5,6,5,7,8,10,6,7,5,6,6,9,5,5,5,5,5,5,5,5,5,5,5,5,5,5,5,5,5,5,5,5,5,5,5,5,5,5,5,5,5,5,5,5,5,5,5,5,5,5,5,5,5,5,5,5,5,5,5,5,5,5,5,5,5,5,5,5,5,5,5,5,5,5,5,5
178,678,669,666,662,663,662,649,652,687,680,671,667,670,670,666,660,688,675,678,687,676,679,669,665,702,703,683,683,684,681,670,663,708,699,695,695,693,681,671,670,713,702,702,699,700,689,688,684,710,704,698,692,707,691,699,679,715,702,723,709,710,710,713,688,5,4,4,4,3,3,4,5,5,4,4,4,4,3,4,3,5,4,4,5,4,4,4,4,7,5,5,4,4,4,4,4,6,4,4,5,5,4,4,5,5,6,5,5,5,4,5,5,6,5,6,6,5,4,4,6,6,7,5,8,8,5,6,8,5,5,5,5,5,5,5,5,5,5,5,5,5,5,5,5,5,5,5,5,5,5,5,5,5,5,5,5,5,5,5,5,5,5,5,5,5,5,5,5,5,5,5,5,5,5,5,5,5,5,5,5,5,5,5,5,5,5,5,5,5,5,5,5
179,691,680,669,669,652,665,660,660,679,678,672,667,671,658,672,660,697,695,684,676,675,665,662,662,699,696,694,679,675,679,677,679,699,694,703,694,683,682,687,683,713,700,706,685,690,688,688,683,716,699,709,699,690,699,704,698,722,722,718,710,694,717,705,701,6,4,4,4,4,4,4,4,5,4,4,4,4,4,4,4,5,6,6,5,3,4,4,4,7,5,5,4,5,4,4,5,7,5,5,5,5,5,4,5,5,5,5,5,6,5,6,6,8,5,7,5,5,5,6,6,8,8,6,8,6,6,7,8,5,5,5,5,5,5,5,5,5,5,5,5,5,5,5,5,5,5,5,5,5,5,5,5,5,5,5,5,5,5,5,5,5,5,5,5,5,5,5,5,5,5,5,5,5,5,5,5,5,5,5,5,5,5,5,5,5,5,5,5,5,5,5,5
180,685,677,664,656,657,655,642,659,682,696,672,670,670,662,658,655,688,699,681,677,675,671,665,665,696,694,686,685,681,673,667,659,699,698,697,695,703,685,675,679,712,707,700,692,701,685,685,687,716,717,713,695,706,680,682,687,737,725,716,700,709,702,696,702,5,4,4,4,4,4,4,4,4,4,4,4,4,4,4,4,6,6,4,5,4,5,4,4,5,5,4,4,4,4,4,5,6,5,4,6,6,4,5,4,5,5,5,4,5,4,6,4,6,7,6,5,5,4,5,7,6,7,6,6,7,5,5,7,5,5,5,5,5,5,5,5,5,5,5,5,5,5,5,5,5,5,5,5,5,5,5,5,5,5,5,5,5,5,5,5,5,5,5,5,5,5,5,5,5,5,5,5,5,5,5,5,5,5,5,5,5,5,5,5,5,5,5,5,5,5,5,5
181,677,678,679,666,658,661,656,657,671,678,677,672,667,667,668,656,680,690,690,686,672,672,662,663,697,686,699,699,685,683,674,667,697,700,688,704,686,683,685,673,709,711,706,705,703,686,693,690,721,711,706,711,696,705,699,692,728,718,724,704,698,705,709,698,6,4,4,4,4,4,4,4,5,5,4,5,5,4,4,4,7,5,4,5,3,4,4,4,6,5,5,4,4,5,4,5,7,5,5,4,5,5,4,4,5,6,6,5,5,4,5,4,7,6,6,6,5,5,5,7,9,7,6,7,7,5,7,9,5,5,5,5,5,5,5,5,5,5,5,5,5,5,5,5,5,5,5,5,5,5,5,5,5,5,5,5,5,5,5,5,5,5,5,5,5,5,5,5,5,5,5,5,5,5,5,5,5,5,5,5,5,5,5,5,5,5,5,5,5,5,5,5
182,688,669,670,659,654,659,653,648,681,681,682,667,665,662,656,659,691,676,678,684,667,661,669,668,690,693,695,680,681,678,675,671,708,700,701,693,679,680,674,670,719,716,706,701,697,688,695,692,708,725,706,708,703,700,689,691,744,718,713,704,706,702,703,695,6,5,4,3,3,4,4,4,4,4,4,4,4,4,4,4,7,6,4,5,3,4,4,4,5,5,5,4,4,4,4,5,6,5,4,4,5,4,4,5,6,4,5,5,6,5,5,5,6,7,6,7,6,5,6,6,7,7,5,8,6,5,6,8,5,5,5,5,5,5,5,5,5,5,5,5,5,5,5,5,5,5,5,5,5,5,5,5,5,5,5,5,5,5,5,5,5,5,5,5,5,5,5,5,5,5,5,5,5,5,5,5,5,5,5,5,5,5,5,5,5,5,5,5,5,5,5,5
183,683,680,677,669,656,652,660,650,683,681,687,664,668,663,662,659,692,695,687,680,671,678,671,667,699,689,686,678,692,685,674,656,705,698,701,694,691,686,683,678,716,707,699,694,687,691,694,688,707,717,703,704,696,702,692,688,719,718,713,710,706,708,704,683,5,6,4,5,4,4,5,5,5,4,4,4,4,4,4,4,6,6,6,5,4,5,4,4,5,4,5,4,4,5,5,5,8,4,4,5,5,4,4,5,5,6,5,5,5,4,5,5,6,8,7,6,5,4,7,6,8,7,5,7,5,4,6,11,5,5,5,5,5,5,5,5,5,5,5,5,5,5,5,5,5,5,5,5,5,5,5,5,5,5,5,5,5,5,5,5,5,5,5,5,5,5,5,5,5,5,5,5,5,5,5,5,5,5,5,5,5,5,5,5,5,5,5,5,5,5,5,5
184,671,673,672,664,665,658,649,649,695,683,687,674,670,660,658,654,688,687,674,686,671,665,662,657,691,697,693,686,686,678,660,664,695,691,695,696,692,681,680,667,718,695,704,700,696,687,683,679,722,731,705,700,702,694,692,686,726,731,715,702,706,708,708,691,5,4,4,4,3,4,4,4,6,4,4,4,4,4,4,4,6,5,4,4,4,4,4,4,5,4,5,4,4,4,4,5,6,4,5,4,5,4,4,4,5,6,4,5,5,5,5,5,5,8,6,5,5,5,5,6,7,8,5,6,5,5,6,8,5,5,5,5,5,5,5,5,5,5,5,5,5,5,5,5,5,5,5,5,5,5,5,5,5,5,5,5,5,5,5,5,5,5,5,5,5,5,5,5,5,5,5,5,5,5,5,5,5,5,5,5,5,5,5,5,5,5,5,5,5,5,5,5
185,673,677,673,664,668,659,652,650,675,682,673,671,668,663,659,660,703,685,692,680,675,672,681,663,702,702,691,683,671,681,672,673,703,694,691,694,685,679,685,669,714,717,696,696,685,692,687,684,723,715,712,709,706,700,696,690,711,725,717,715,702,706,702,689,4,5,5,4,4,4,4,5,5,5,5,5,4,4,4,4,6,5,5,5,4,4,4,5,7,5,5,4,4,5,5,5,7,4,5,5,5,4,4,5,5,6,5,5,6,5,5,6,7,7,5,5,5,6,6,6,7,7,6,7,7,6,6,8,5,5,5,5,5,5,5,5,5,5,5,5,5,5,5,5,5,5,5,5,5,5,5,5,5,5,5,5,5,5,5,5,5,5,5,5,5,5,5,5,5,5,5,5,5,5,5,5,5,5,5,5,5,5,5,5,5,5,5,5,5,5,5,5
186,677,676,674,667,668,652,648,650,685,686,684,673,667,659,667,659,687,692,687,685,678,675,664,665,707,693,692,689,680,678,674,678,695,706,700,694,688,681,681,680,722,715,700,703,696,697,694,689,707,713,707,703,693,694,699,689,723,721,711,708,707,705,708,707,5,4,5,4,3,4,4,5,5,4,4,4,4,4,4,4,6,5,5,5,4,4,4,4,5,4,4,4,4,4,5,5,6,4,4,5,5,4,5,5,6,5,5,5,5,4,5,6,6,6,5,5,4,4,5,6,7,8,5,7,6,5,7,10,5,5,5,5,5,5,5,5,5,5,5,5,5,5,5,5,5,5,5,5,5,5,5,5,5,5,5,5,5,5,5,5,5,5,5,5,5,5,5,5,5,5,5,5,5,5,5,5,5,5,5,5,5,5,5,5,5,5,5,5,5,5,5,5
187,684,674,682,661,662,659,654,661,691,685,675,663,675,664,666,664,699,690,677,682,675,663,667,667,690,698,691,678,682,679,670,669,695,710,693,691,685,689,679,671,714,703,697,699,695,691,683,688,707,709,714,709,709,703,691,693,741,727,713,713,706,701,709,678,7,5,5,5,4,4,4,4,5,5,4,4,4,4,4,5,6,6,5,6,4,4,4,4,6,5,5,4,4,5,4,4,6,5,5,5,5,5,4,4,5,5,5,6,6,5,5,5,6,8,6,6,5,5,5,7,7,10,5,8,6,5,7,12,5,5,5,5,5,5,5,5,5,5,5,5,5,5,5,5,5,5,5,5,5,5,5,5,5,5,5,5,5,5,5,5,5,5,5,5,5,5,5,5,5,5,5,5,5,5,5,5,5,5,5,5,5,5,5,5,5,5,5,5,5,5,5,5
188,675,676,659,657,664,655,647,660,692,676,675,672,665,665,655,660,693,685,678,673,685,673,660,670,695,693,684,674,680,681,668,681,714,699,693,696,690,688,683,675,707,707,710,706,695,686,687,689,715,711,710,706,706,697,690,701,732,731,709,718,697,711,695,680,5,5,4,4,4,4,4,5,5,4,3,4,4,4,4,4,5,5,4,4,4,5,4,5,6,4,4,4,4,4,4,5,5,4,4,5,5,5,4,5,4,6,5,5,5,5,5,5,6,6,5,6,5,5,5,7,8,9,5,7,5,5,5,8,5,5,5,5,5,5,5,5,5,5,5,5,5,5,5,5,5,5,5,5,5,5,5,5,5,5,5,5,5,5,5,5,5,5,5,5,5,5,5,5,5,5,5,5,5,5,5,5,5,5,5,5,5,5,5,5,5,5,5,5,5,5,5,5
189,682,671,667,666,663,663,660,652,678,673,687,668,666,667,653,664,683,697,682,676,676,678,669,664,704,703,684,685,682,677,681,674,689,701,692,693,691,684,676,677,719,706,695,700,704,695,686,690,714,704,719,710,704,694,687,697,719,725,703,702,700,708,703,679,7,5,4,4,4,4,4,5,5,4,5,4,4,4,4,4,7,6,5,5,4,5,4,4,5,5,5,5,4,5,6,5,6,5,5,5,5,5,6,5,5,6,5,5,5,4,5,5,6,7,6,6,6,5,6,8,7,9,4,8,6,6,6,10,5,5,5,5,5,5,5,5,5,5,5,5,5,5,5,5,5,5,5,5,5,5,5,5,5,5,5,5,5,5,5,5,5,5,5,5,5,5,5,5,5,5,5,5,5,5,5,5,5,5,5,5,5,5,5,5,5,5,5,5,5,5,5,5
190,687,678,671,660,667,662,656,664,673,672,675,680,673,661,664,657,699,684,685,681,678,674,667,677,691,702,687,682,689,675,680,671,708,694,691,693,687,681,679,672,718,694,698,705,696,690,683,688,732,712,709,703,701,697,687,695,741,723,723,717,705,706,706,693,6,5,4,5,4,4,4,4,5,4,4,4,4,4,3,4,5,5,4,5,4,4,3,5,5,5,4,4,4,4,5,4,6,4,4,5,4,4,4,4,5,5,5,5,5,4,5,5,6,6,5,6,5,6,6,7,6,6,6,6,5,5,6,9,5,5,5,5,5,5,5,5,5,5,5,5,5,5,5,5,5,5,5,5,5,5,5,5,5,5,5,5,5,5,5,5,5,5,5,5,5,5,5,5,5,5,5,5,5,5,5,5,5,5,5,5,5,5,5,5,5,5,5,5,5,5,5,5
191,680,684,668,664,657,661,649,648,694,682,675,670,675,668,665,661,689,690,689,682,679,669,664,672,697,687,698,685,681,671,679,677,704,705,697,693,691,684,676,669,713,718,703,712,690,688,697,685,715,710,707,710,701,699,694,689,714,713,704,700,715,710,694,713,5,4,4,4,4,4,4,4,6,5,4,4,4,3,4,4,8,6,5,5,4,4,5,4,6,5,6,4,4,4,5,5,6,5,4,5,5,5,4,5,5,7,5,6,7,4,6,5,8,6,5,5,5,6,4,7,6,10,5,6,6,6,6,9,5,5,5,5,5,5,5,5,5,5,5,5,5,5,5,5,5,5,5,5,5,5,5,5,5,5,5,5,5,5,5,5,5,5,5,5,5,5,5,5,5,5,5,5,5,5,5,5,5,5,5,5,5,5,5,5,5,5,5,5,5,5,5,5
192,689,670,670,665,664,656,650,654,684,675,676,668,668,660,661,656,688,683,685,678,676,679,663,661,693,701,688,678,680,675,674,669,700,707,702,690,686,681,676,685,715,699,697,706,697,698,689,688,717,722,715,698,694,705,699,678,712,727,717,715,710,704,697,690,5,5,4,4,3,4,4,5,5,4,4,4,4,4,5,4,6,5,5,5,4,4,4,4,6,6,5,4,4,4,5,5,7,5,4,5,5,4,4,5,5,5,4,5,6,5,5,6,7,7,5,5,5,5,6,6,7,7,6,6,5,5,5,9,5,5,5,5,5,5,5,5,5,5,5,5,5,5,5,5,5,5,5,5,5,5,5,5,5,5,5,5,5,5,5,5,5,5,5,5,5,5,5,5,5,5,5,5,5,5,5,5,5,5,5,5,5,5,5,5,5,5,5,5,5,5,5,5
193,678,676,672,664,663,661,662,658,691,678,669,666,662,669,657,660,685,693,676,674,666,675,667,667,694,696,696,689,683,680,667,673,711,692,692,693,706,682,689,680,712,706,705,704,689,692,695,683,703,722,713,715,694,696,687,682,717,731,717,702,705,706,701,687,5,4,4,4,4,3,4,4,5,5,4,4,4,4,4,4,5,7,5,4,4,5,5,4,7,4,6,4,4,4,5,5,6,4,5,5,7,5,5,5,5,6,5,5,5,4,5,6,6,7,6,5,6,5,6,7,8,9,6,6,7,5,5,9,5,5,5,5,5,5,5,5,5,5,5,5,5,5,5,5,5,5,5,5,5,5,5,5,5,5,5,5,5,5,5,5,5,5,5,5,5,5,5,5,5,5,5,5,5,5,5,5,5,5,5,5,5,5,5,5,5,5,5,5,5,5,5,5
194,676,669,671,667,668,651,657,658,692,689,679,668,668,669,661,658,694,689,680,672,679,671,666,664,689,695,695,681,677,673,671,667,703,703,688,701,688,683,681,678,702,713,700,702,698,676,692,683,731,708,697,704,701,699,681,688,725,725,717,705,706,700,702,700,5,5,4,4,3,4,4,4,5,4,5,4,4,4,4,4,6,6,5,4,4,4,4,4,5,4,4,4,4,4,4,5,5,5,4,4,5,4,5,4,5,5,4,5,5,4,5,5,5,7,6,6,6,4,5,6,8,7,5,6,5,4,5,8,5,5,5,5,5,5,5,5,5,5,5,5,5,5,5,5,5,5,5,5,5,5,5,5,5,5,5,5,5,5,5,5,5,5,5,5,5,5,5,5,5,5,5,5,5,5,5,5,5,5,5,5,5,5,5,5,5,5,5,5,5,5,5,5
195,676,683,666,673,666,662,663,652,693,673,678,670,664,670,660,658,682,688,683,680,667,675,661,661,694,695,698,683,684,683,666,674,711,700,699,691,698,681,686,677,713,705,705,694,700,675,677,682,708,724,699,699,709,701,699,686,734,708,721,708,703,710,695,689,6,5,4,5,4,4,4,5,6,5,4,5,4,4,3,4,7,5,3,6,4,4,4,4,6,4,5,4,4,5,4,5,6,4,4,5,4,4,4,6,5,5,5,6,5,5,5,5,7,8,6,6,6,6,5,6,9,8,5,7,6,6,7,8,5,5,5,5,5,5,5,5,5,5,5,5,5,5,5,5,5,5,5,5,5,5,5,5,5,5,5,5,5,5,5,5,5,5,5,5,5,5,5,5,5,5,5,5,5,5,5,5,5,5,5,5,5,5,5,5,5,5,5,5,5,5,5,5
196,687,668,668,664,667,656,651,653,687,681,683,669,671,662,668,651,690,681,690,679,675,672,669,677,689,689,678,681,675,677,668,673,705,692,692,695,697,687,686,673,717,710,717,692,698,698,687,678,719,713,712,703,699,702,696,695,747,702,709,716,715,708,711,688,4,5,4,4,4,4,4,4,4,4,4,4,4,4,4,4,7,6,4,5,3,4,4,4,5,4,4,4,4,3,4,6,7,4,5,4,5,5,4,4,5,5,6,5,6,4,5,5,6,6,5,6,5,6,5,9,9,9,5,6,8,6,6,12,5,5,5,5,5,5,5,5,5,5,5,5,5,5,5,5,5,5,5,5,5,5,5,5,5,5,5,5,5,5,5,5,5,5,5,5,5,5,5,5,5,5,5,5,5,5,5,5,5,5,5,5,5,5,5,5,5,5,5,5,5,5,5,5
197,673,672,666,663,669,662,650,651,691,685,672,675,667,670,657,656,694,680,682,671,669,676,668,671,689,692,695,694,677,680,673,664,700,702,696,700,688,681,677,682,702,703,701,694,702,688,681,687,713,713,705,709,707,696,708,697,728,718,716,704,711,707,686,698,5,5,4,5,5,4,4,5,4,4,4,4,4,4,4,4,6,6,5,5,4,4,3,4,6,4,6,5,4,4,4,6,8,5,5,4,5,5,4,5,6,5,5,5,5,5,5,5,8,8,7,6,6,6,6,6,9,9,6,10,5,6,6,12,5,5,5,5,5,5,5,5,5,5,5,5,5,5,5,5,5,5,5,5,5,5,5,5,5,5,5,5,5,5,5,5,5,5,5,5,5,5,5,5,5,5,5,5,5,5,5,5,5,5,5,5,5,5,5,5,5,5,5,5,5,5,5,5
198,682,669,671,672,666,661,660,652,689,688,680,662,675,658,658,654,689,690,675,678,673,667,670,665,711,682,691,684,680,682,676,675,697,703,692,690,689,687,675,680,712,704,706,699,701,683,685,694,715,714,717,707,692,693,693,700,723,713,716,722,708,705,703,698,5,5,4,4,3,3,4,5,4,5,3,4,4,4,4,4,5,6,4,4,3,4,4,4,6,5,5,4,4,4,4,5,6,4,4,5,5,4,4,5,5,6,5,5,5,5,5,6,7,6,5,6,4,5,5,6,7,7,5,8,5,6,6,9,5,5,5,5,5,5,5,5,5,5,5,5,5,5,5,5,5,5,5,5,5,5,5,5,5,5,5,5,5,5,5,5,5,5,5,5,5,5,5,5,5,5,5,5,5,5,5,5,5,5,5,5,5,5,5,5,5,5,5,5,5,5,5,5
199,675,677,671,660,658,654,656,650,682,671,679,674,669,663,663,658,691,692,677,677,678,675,668,669,691,698,689,689,689,674,682,680,699,708,710,703,688,692,682,668,717,701,708,708,688,692,694,689,721,719,693,704,678,703,699,693,712,717,717,712,703,703,703,684,5,4,4,4,4,5,4,4,5,4,4,4,5,4,5,4,7,6,5,5,4,5,5,4,6,5,5,4,5,4,4,5,7,5,4,6,5,5,4,4,6,6,5,5,6,5,5,5,7,8,6,6,5,5,5,5,8,8,6,5,5,6,6,10,5,5,5,5,5,5,5,5,5,5,5,5,5,5,5,5,5,5,5,5,5,5,5,5,5,5,5,5,5,5,5,5,5,5,5,5,5,5,5,5,5,5,5,5,5,5,5,5,5,5,5,5,5,5,5,5,5,5,5,5,5,5,5,5
