frame,dist_z0,dist_z1,dist_z2,dist_z3,dist_z4,dist_z5,dist_z6,dist_z7,dist_z8,dist_z9,dist_z10,dist_z11,dist_z12,dist_z13,dist_z14,dist_z15,dist_z16,dist_z17,dist_z18,dist_z19,dist_z20,dist_z21,dist_z22,dist_z23,dist_z24,dist_z25,dist_z26,dist_z27,dist_z28,dist_z29,dist_z30,dist_z31,dist_z32,dist_z33,dist_z34,dist_z35,dist_z36,dist_z37,dist_z38,dist_z39,dist_z40,dist_z41,dist_z42,dist_z43,dist_z44,dist_z45,dist_z46,dist_z47,dist_z48,dist_z49,dist_z50,dist_z51,dist_z52,dist_z53,dist_z54,dist_z55,dist_z56,dist_z57,dist_z58,dist_z59,dist_z60,dist_z61,dist_z62,dist_z63,sigma_z0,sigma_z1,sigma_z2,sigma_z3,sigma_z4,sigma_z5,sigma_z6,sigma_z7,sigma_z8,sigma_z9,sigma_z10,sigma_z11,sigma_z12,sigma_z13,sigma_z14,sigma_z15,sigma_z16,sigma_z17,sigma_z18,sigma_z19,sigma_z20,sigma_z21,sigma_z22,sigma_z23,sigma_z24,sigma_z25,sigma_z26,sigma_z27,sigma_z28,sigma_z29,sigma_z30,sigma_z31,sigma_z32,sigma_z33,sigma_z34,sigma_z35,sigma_z36,sigma_z37,sigma_z38,sigma_z39,sigma_z40,sigma_z41,sigma_z42,sigma_z43,sigma_z44,sigma_z45,sigma_z46,sigma_z47,sigma_z48,sigma_z49,sigma_z50,sigma_z51,sigma_z52,sigma_z53,sigma_z54,sigma_z55,sigma_z56,sigma_z57,sigma_z58,sigma_z59,sigma_z60,sigma_z61,sigma_z62,sigma_z63,status_z0,status_z1,status_z2,status_z3,status_z4,status_z5,status_z6,status_z7,status_z8,status_z9,status_z10,status_z11,status_z12,status_z13,status_z14,status_z15,status_z16,status_z17,status_z18,status_z19,status_z20,status_z21,status_z22,status_z23,status_z24,status_z25,status_z26,status_z27,status_z28,status_z29,status_z30,status_z31,status_z32,status_z33,status_z34,status_z35,status_z36,status_z37,status_z38,status_z39,status_z40,status_z41,status_z42,status_z43,status_z44,status_z45,status_z46,status_z47,status_z48,status_z49,status_z50,status_z51,status_z52,status_z53,status_z54,status_z55,status_z56,status_z57,status_z58,status_z59,status_z60,status_z61,status_z62,status_z63
0,479,475,473,475,465,468,462,461,484,487,479,478,479,466,471,466,492,491,479,485,476,477,474,468,496,486,480,480,480,479,476,472,504,492,495,487,482,482,482,477,497,498,494,496,487,487,490,483,501,505,500,494,489,487,485,479,511,515,511,494,502,494,489,485,3,3,3,3,2,3,3,3,3,3,3,3,3,2,3,3,4,3,3,3,2,3,3,3,4,3,3,2,3,2,3,3,4,4,3,3,3,3,3,3,4,3,4,4,3,3,4,3,4,5,4,3,3,4,3,3,4,7,4,4,3,4,4,5,5,5,5,5,5,5,5,5,5,5,5,5,5,5,5,5,5,5,5,5,5,5,5,5,5,5,5,5,5,5,5,5,5,5,5,5,5,5,5,5,5,5,5,5,5,5,5,5,5,5,5,5,5,5,5,5,5,5,5,5,5,5,5,5
1,476,479,472,474,465,467,464,463,487,481,476,476,473,467,472,468,490,487,480,474,478,473,472,474,492,491,486,485,481,483,475,476,496,495,488,486,483,481,480,479,502,498,490,495,487,479,483,488,503,500,498,499,494,493,489,481,514,508,502,496,498,496,496,493,3,3,3,3,2,3,3,3,3,3,2,3,3,2,2,3,3,4,3,2,2,3,3,3,3,3,3,2,3,2,3,3,3,3,3,3,2,2,3,3,3,4,3,3,3,3,4,3,4,4,3,3,3,3,3,4,4,4,3,4,3,4,4,6,5,5,5,5,5,5,5,5,5,5,5,5,5,5,5,5,5,5,5,5,5,5,5,5,5,5,5,5,5,5,5,5,5,5,5,5,5,5,5,5,5,5,5,5,5,5,5,5,5,5,5,5,5,5,5,5,5,5,5,5,5,5,5,5
2,478,480,474,473,468,465,461,464,490,483,480,474,474,470,468,462,492,486,483,473,476,475,468,468,494,487,487,483,480,477,472,468,499,489,488,488,485,488,486,471,495,492,499,490,489,484,485,484,505,502,496,499,491,486,491,487,518,503,503,495,500,497,495,486,3,3,3,3,2,2,3,3,3,3,3,3,2,2,3,3,4,3,3,3,2,3,3,3,3,3,3,3,3,3,3,3,4,3,3,3,3,3,3,3,4,4,4,3,3,3,3,4,4,4,3,4,4,3,4,4,5,5,3,4,4,4,4,5,5,5,5,5,5,5,5,5,5,5,5,5,5,5,5,5,5,5,5,5,5,5,5,5,5,5,5,5,5,5,5,5,5,5,5,5,5,5,5,5,5,5,5,5,5,5,5,5,5,5,5,5,5,5,5,5,5,5,5,5,5,5,5,5
3,482,486,469,470,470,465,462,462,486,485,478,480,471,466,465,470,493,488,485,479,479,474,476,464,492,493,489,484,477,476,476,470,499,492,491,490,484,487,480,472,499,498,490,491,493,481,487,478,510,502,498,497,483,483,491,487,513,506,501,497,505,492,496,477,4,3,3,3,2,2,3,3,3,3,3,3,2,2,3,2,4,3,3,3,2,3,3,3,3,3,3,2,3,3,3,3,4,3,3,3,3,3,3,3,3,4,3,3,3,3,4,3,4,4,3,3,3,3,3,4,4,5,3,4,3,4,4,4,5,5,5,5,5,5,5,5,5,5,5,5,5,5,5,5,5,5,5,5,5,5,5,5,5,5,5,5,5,5,5,5,5,5,5,5,5,5,5,5,5,5,5,5,5,5,5,5,5,5,5,5,5,5,5,5,5,5,5,5,5,5,5,5
4,473,479,476,474,467,466,465,463,493,479,480,477,478,469,467,469,493,489,483,481,479,475,476,468,494,487,484,484,483,471,473,468,496,495,489,490,488,477,478,477,505,501,488,486,489,490,486,476,513,511,494,491,490,494,491,477,516,509,504,495,491,497,492,480,3,3,3,3,3,3,3,3,4,3,3,3,3,2,3,3,3,4,3,3,3,3,3,3,3,3,3,3,3,3,3,3,4,3,3,3,3,3,3,3,3,3,3,3,3,3,3,3,4,4,4,4,3,3,3,4,4,5,4,4,4,4,3,6,5,5,5,5,5,5,5,5,5,5,5,5,5,5,5,5,5,5,5,5,5,5,5,5,5,5,5,5,5,5,5,5,5,5,5,5,5,5,5,5,5,5,5,5,5,5,5,5,5,5,5,5,5,5,5,5,5,5,5,5,5,5,5,5
5,483,481,472,473,472,465,461,461,493,477,483,474,474,470,473,467,490,488,487,479,474,471,466,471,494,485,488,480,480,479,475,471,506,496,490,489,489,484,481,476,498,497,496,494,493,483,478,481,499,506,502,491,491,490,492,487,514,509,503,499,498,490,491,487,3,3,3,3,2,2,3,3,3,3,3,3,2,2,3,3,3,4,3,3,2,3,2,3,3,3,3,2,2,3,3,3,4,3,3,3,3,3,3,3,3,3,3,3,3,3,3,4,4,4,3,4,3,3,3,4,4,4,3,4,4,3,3,5,5,5,5,5,5,5,5,5,5,5,5,5,5,5,5,5,5,5,5,5,5,5,5,5,5,5,5,5,5,5,5,5,5,5,5,5,5,5,5,5,5,5,5,5,5,5,5,5,5,5,5,5,5,5,5,5,5,5,5,5,5,5,5,5
6,479,476,472,474,465,464,464,461,482,484,481,475,473,465,469,464,492,491,485,476,479,476,470,465,499,493,491,477,485,481,480,471,506,495,492,494,484,484,481,479,496,496,491,492,496,489,484,486,510,498,496,490,492,491,484,485,517,505,495,500,492,492,494,491,3,3,3,3,2,2,3,3,3,2,3,3,3,2,3,3,4,3,3,3,3,3,3,3,3,3,3,3,3,2,3,3,4,4,3,3,3,3,3,4,4,4,3,3,4,3,3,3,4,4,4,4,3,3,3,4,4,5,3,4,4,5,4,5,5,5,5,5,5,5,5,5,5,5,5,5,5,5,5,5,5,5,5,5,5,5,5,5,5,5,5,5,5,5,5,5,5,5,5,5,5,5,5,5,5,5,5,5,5,5,5,5,5,5,5,5,5,5,5,5,5,5,5,5,5,5,5,5
7,484,480,476,469,470,467,462,466,483,479,478,476,468,472,467,466,488,480,482,481,477,477,474,468,500,485,489,483,476,480,474,479,487,495,485,485,484,485,483,477,502,497,496,496,487,479,484,484,506,503,497,495,495,489,484,491,507,503,508,497,498,491,492,486,3,3,3,3,2,3,3,3,3,3,3,3,2,2,2,3,3,3,3,3,2,3,3,3,3,3,3,3,3,2,3,3,4,3,3,3,3,3,3,3,4,4,3,4,3,3,3,3,4,4,3,3,4,3,3,4,4,5,4,4,3,3,4,6,5,5,5,5,5,5,5,5,5,5,5,5,5,5,5,5,5,5,5,5,5,5,5,5,5,5,5,5,5,5,5,5,5,5,5,5,5,5,5,5,5,5,5,5,5,5,5,5,5,5,5,5,5,5,5,5,5,5,5,5,5,5,5,5
8,482,480,473,473,469,465,466,460,488,482,474,474,470,468,466,466,477,483,482,486,480,475,469,473,500,490,489,484,484,478,475,471,505,492,493,490,485,481,476,479,498,496,493,494,480,476,488,483,505,513,499,490,495,496,483,487,510,501,509,503,491,488,494,486,4,3,3,3,3,3,3,3,3,3,3,3,2,2,3,3,4,3,3,3,3,3,3,3,3,3,3,2,3,3,3,3,4,3,3,3,3,3,3,3,4,4,4,3,3,3,3,3,5,3,3,4,4,3,4,4,5,5,4,4,4,4,4,5,5,5,5,5,5,5,5,5,5,5,5,5,5,5,5,5,5,5,5,5,5,5,5,5,5,5,5,5,5,5,5,5,5,5,5,5,5,5,5,5,5,5,5,5,5,5,5,5,5,5,5,5,5,5,5,5,5,5,5,5,5,5,5,5
9,482,483,482,473,468,466,462,460,483,484,473,478,474,468,462,464,486,493,485,483,478,478,473,473,482,485,486,480,480,481,470,469,498,498,487,492,486,478,481,470,503,495,496,490,492,484,489,474,507,502,498,499,494,487,486,488,510,503,505,504,498,494,496,493,3,3,2,3,2,3,3,3,3,3,3,3,3,2,2,3,3,3,3,3,2,3,3,3,3,3,3,3,2,2,3,3,4,3,3,3,3,3,3,3,3,4,4,3,3,3,3,3,4,3,3,3,3,3,3,4,4,4,3,4,4,3,3,6,5,5,5,5,5,5,5,5,5,5,5,5,5,5,5,5,5,5,5,5,5,5,5,5,5,5,5,5,5,5,5,5,5,5,5,5,5,5,5,5,5,5,5,5,5,5,5,5,5,5,5,5,5,5,5,5,5,5,5,5,5,5,5,5
10,482,482,475,473,466,461,460,462,484,481,481,480,474,469,466,473,492,480,482,482,478,471,466,465,494,493,486,487,481,477,476,469,495,491,489,487,485,477,480,474,500,494,491,492,492,489,491,482,497,500,504,497,494,491,493,485,508,519,520,505,493,496,493,487,4,3,3,3,3,2,3,3,3,3,3,3,3,2,3,3,3,4,3,3,3,3,3,3,3,3,3,3,3,3,3,3,4,3,3,3,3,3,3,3,3,4,3,4,4,3,4,3,4,4,4,3,4,3,4,4,4,5,4,4,3,3,4,6,5,5,5,5,5,5,5,5,5,5,5,5,5,5,5,5,5,5,5,5,5,5,5,5,5,5,5,5,5,5,5,5,5,5,5,5,5,5,5,5,5,5,5,5,5,5,5,5,5,5,5,5,5,5,5,5,5,5,5,5,5,5,5,5
11,488,476,472,476,464,465,463,462,483,476,477,476,473,472,468,466,492,489,483,479,475,474,471,475,494,489,486,480,475,478,480,475,495,495,492,484,485,480,475,475,500,492,492,492,488,486,486,483,510,503,502,492,493,483,488,489,517,508,501,510,487,496,487,494,4,3,3,3,2,3,3,3,3,3,3,3,2,2,3,3,3,3,3,3,2,2,3,3,3,3,3,3,3,3,3,3,3,3,3,3,2,3,3,3,3,3,3,3,3,3,3,3,3,4,3,4,3,3,3,4,4,4,3,4,4,4,4,5,5,5,5,5,5,5,5,5,5,5,5,5,5,5,5,5,5,5,5,5,5,5,5,5,5,5,5,5,5,5,5,5,5,5,5,5,5,5,5,5,5,5,5,5,5,5,5,5,5,5,5,5,5,5,5,5,5,5,5,5,5,5,5,5
12,484,476,479,473,468,466,462,460,484,479,481,480,468,470,467,469,493,487,480,480,480,472,470,472,489,497,492,483,483,477,480,473,496,498,487,486,486,479,484,473,509,495,496,489,494,487,487,480,510,507,490,498,499,479,486,476,499,507,511,496,501,493,495,496,4,3,3,3,3,3,3,3,3,3,3,3,3,2,3,2,3,3,3,3,2,3,3,3,4,3,3,3,2,2,3,3,4,4,3,3,3,3,3,3,4,4,4,3,3,3,3,3,4,4,4,3,3,3,3,4,5,4,4,4,4,3,4,4,5,5,5,5,5,5,5,5,5,5,5,5,5,5,5,5,5,5,5,5,5,5,5,5,5,5,5,5,5,5,5,5,5,5,5,5,5,5,5,5,5,5,5,5,5,5,5,5,5,5,5,5,5,5,5,5,5,5,5,5,5,5,5,5
13,475,482,473,470,470,468,460,462,487,478,476,474,475,466,467,468,485,485,484,481,481,476,468,465,492,491,492,482,482,477,474,473,502,493,488,487,486,485,484,473,497,493,492,492,493,484,487,478,508,504,498,498,493,492,491,483,507,504,502,498,494,491,494,485,3,3,3,3,2,3,3,3,3,3,3,3,2,2,3,2,3,3,3,3,2,3,2,3,3,3,3,3,3,3,2,3,3,3,3,3,3,3,3,3,3,3,3,3,3,3,3,3,4,4,3,3,3,3,3,4,4,5,3,4,4,3,4,5,5,5,5,5,5,5,5,5,5,5,5,5,5,5,5,5,5,5,5,5,5,5,5,5,5,5,5,5,5,5,5,5,5,5,5,5,5,5,5,5,5,5,5,5,5,5,5,5,5,5,5,5,5,5,5,5,5,5,5,5,5,5,5,5
14,479,473,471,473,466,465,468,462,481,477,483,472,472,471,471,467,494,487,482,475,477,471,464,469,496,490,485,482,477,479,478,471,500,491,494,486,484,483,472,476,501,497,492,497,492,484,493,480,509,504,494,496,496,491,481,487,513,510,504,503,496,491,500,492,4,3,3,3,3,3,3,3,3,3,3,3,3,3,3,3,4,4,3,3,2,3,3,3,4,3,3,3,3,3,3,3,4,3,3,3,3,3,3,3,3,4,3,4,3,3,4,4,5,4,4,4,4,3,3,4,5,4,4,4,4,3,4,5,5,5,5,5,5,5,5,5,5,5,5,5,5,5,5,5,5,5,5,5,5,5,5,5,5,5,5,5,5,5,5,5,5,5,5,5,5,5,5,5,5,5,5,5,5,5,5,5,5,5,5,5,5,5,5,5,5,5,5,5,5,5,5,5
15,477,478,473,469,466,461,468,465,481,473,478,468,473,475,464,469,488,482,484,481,474,477,468,466,499,490,484,481,482,476,479,470,498,489,489,490,484,483,477,473,497,497,491,489,495,487,484,477,506,495,498,497,494,487,488,487,519,511,505,507,503,492,494,487,3,2,3,3,3,2,2,3,3,3,3,2,2,3,2,3,3,3,3,3,2,3,3,3,3,3,3,2,3,2,3,3,4,3,3,3,2,3,3,3,3,4,3,3,3,3,3,3,4,3,3,3,3,3,3,4,5,4,3,4,3,3,4,6,5,5,5,5,5,5,5,5,5,5,5,5,5,5,5,5,5,5,5,5,5,5,5,5,5,5,5,5,5,5,5,5,5,5,5,5,5,5,5,5,5,5,5,5,5,5,5,5,5,5,5,5,5,5,5,5,5,5,5,5,5,5,5,5
16,481,478,466,474,468,467,462,467,485,480,484,481,474,475,466,462,491,484,478,478,476,477,468,466,500,485,490,480,476,479,473,477,498,494,493,486,486,481,477,478,512,501,495,493,492,484,485,477,508,500,498,493,489,485,493,488,512,506,500,494,499,498,491,492,4,3,3,3,2,3,3,3,3,3,3,3,3,3,3,3,3,4,3,3,3,3,3,3,3,3,3,3,3,2,3,4,4,3,3,3,3,3,3,4,4,3,3,3,3,3,4,3,5,3,3,3,3,4,3,4,4,5,3,4,3,4,4,6,5,5,5,5,5,5,5,5,5,5,5,5,5,5,5,5,5,5,5,5,5,5,5,5,5,5,5,5,5,5,5,5,5,5,5,5,5,5,5,5,5,5,5,5,5,5,5,5,5,5,5,5,5,5,5,5,5,5,5,5,5,5,5,5
17,485,481,473,464,466,470,469,465,481,483,475,477,478,468,462,469,487,491,482,479,476,467,467,471,491,484,485,487,478,478,475,478,501,489,488,491,483,486,481,470,504,498,492,493,491,483,481,478,503,497,504,493,490,482,486,487,512,510,504,499,501,496,496,492,4,3,3,3,2,3,3,3,3,2,3,3,3,2,3,3,3,3,3,3,2,3,3,3,3,3,3,2,3,2,3,3,3,3,3,3,3,3,3,3,4,4,3,3,3,3,3,3,4,4,3,4,3,3,3,4,4,5,3,3,3,4,4,5,5,5,5,5,5,5,5,5,5,5,5,5,5,5,5,5,5,5,5,5,5,5,5,5,5,5,5,5,5,5,5,5,5,5,5,5,5,5,5,5,5,5,5,5,5,5,5,5,5,5,5,5,5,5,5,5,5,5,5,5,5,5,5,5
18,487,480,476,471,467,466,462,467,479,480,476,474,474,470,467,457,482,482,483,480,479,476,473,476,491,490,491,480,479,481,471,480,506,489,492,490,486,482,479,474,498,492,492,491,496,481,483,485,505,513,504,499,495,495,497,491,511,507,506,493,497,487,486,499,4,3,3,3,3,3,3,3,3,3,3,3,3,2,3,3,3,4,3,3,2,3,3,3,3,3,3,3,3,3,3,4,4,3,3,3,3,3,3,3,4,4,3,3,4,3,4,3,4,4,4,4,4,3,4,4,5,5,4,4,4,4,3,5,5,5,5,5,5,5,5,5,5,5,5,5,5,5,5,5,5,5,5,5,5,5,5,5,5,5,5,5,5,5,5,5,5,5,5,5,5,5,5,5,5,5,5,5,5,5,5,5,5,5,5,5,5,5,5,5,5,5,5,5,5,5,5,5
19,485,482,477,470,468,464,464,460,482,479,477,476,475,469,468,463,490,492,478,476,475,474,474,471,495,491,489,482,477,482,471,469,491,495,491,485,479,483,479,475,499,494,497,490,492,483,480,485,506,500,506,494,486,489,484,489,502,508,503,507,495,491,500,489,3,3,3,3,2,2,3,3,3,3,3,3,3,2,2,3,3,4,3,3,2,3,3,3,4,3,3,2,3,2,3,3,4,3,3,3,3,3,3,3,3,4,3,3,3,3,3,3,4,3,3,3,3,3,3,4,4,6,3,4,3,3,4,4,5,5,5,5,5,5,5,5,5,5,5,5,5,5,5,5,5,5,5,5,5,5,5,5,5,5,5,5,5,5,5,5,5,5,5,5,5,5,5,5,5,5,5,5,5,5,5,5,5,5,5,5,5,5,5,5,5,5,5,5,5,5,5,5
20,478,479,478,466,472,469,468,460,487,485,474,475,476,469,469,468,490,494,486,477,476,471,472,471,503,491,488,488,483,478,475,471,496,488,485,496,487,478,484,474,505,494,494,493,487,483,479,484,514,499,498,496,493,496,486,486,512,506,499,500,497,495,494,487,3,3,3,3,3,3,3,3,3,3,3,3,3,2,3,3,3,3,3,3,2,3,3,3,4,4,3,3,3,3,3,3,4,3,3,3,3,3,3,3,3,4,4,3,3,3,3,3,4,4,3,4,3,3,3,4,4,5,3,4,3,3,4,6,5,5,5,5,5,5,5,5,5,5,5,5,5,5,5,5,5,5,5,5,5,5,5,5,5,5,5,5,5,5,5,5,5,5,5,5,5,5,5,5,5,5,5,5,5,5,5,5,5,5,5,5,5,5,5,5,5,5,5,5,5,5,5,5
21,482,477,476,474,465,465,460,455,485,480,482,475,472,468,471,461,494,486,484,484,474,477,466,466,495,487,484,484,483,481,476,470,494,487,494,491,494,484,473,477,503,492,494,491,487,486,484,481,503,503,498,488,491,487,492,491,510,502,500,502,495,495,491,487,4,3,3,3,3,2,3,3,3,3,3,3,2,2,3,3,3,4,3,3,2,3,2,3,4,3,3,2,3,2,3,3,3,3,3,3,3,3,3,3,4,4,3,3,3,3,3,3,4,4,3,3,4,3,3,4,4,4,3,4,3,4,4,5,5,5,5,5,5,5,5,5,5,5,5,5,5,5,5,5,5,5,5,5,5,5,5,5,5,5,5,5,5,5,5,5,5,5,5,5,5,5,5,5,5,5,5,5,5,5,5,5,5,5,5,5,5,5,5,5,5,5,5,5,5,5,5,5
22,478,483,471,470,466,468,464,461,480,481,480,473,472,468,469,461,489,494,482,479,476,475,468,471,495,488,481,484,477,474,478,468,503,495,490,490,487,482,476,471,498,493,497,494,488,485,479,476,512,501,500,496,489,491,493,481,511,515,502,507,496,489,495,484,3,3,3,3,3,3,3,3,3,4,3,2,3,2,3,3,3,4,3,3,2,3,3,3,3,3,3,3,3,3,3,3,4,3,3,3,3,3,3,3,3,4,3,4,3,3,3,3,4,4,3,3,3,4,4,3,4,5,3,5,4,3,3,6,5,5,5,5,5,5,5,5,5,5,5,5,5,5,5,5,5,5,5,5,5,5,5,5,5,5,5,5,5,5,5,5,5,5,5,5,5,5,5,5,5,5,5,5,5,5,5,5,5,5,5,5,5,5,5,5,5,5,5,5,5,5,5,5
23,483,482,468,467,469,465,466,463,485,483,481,475,472,468,467,461,491,490,485,478,482,472,470,471,490,491,486,478,477,476,478,472,490,493,493,487,486,490,479,468,505,488,494,492,489,479,480,480,511,507,495,504,491,492,483,489,514,504,501,500,491,493,495,497,4,3,3,3,2,2,3,3,3,2,3,2,2,2,3,3,4,3,3,2,2,3,2,3,3,3,3,2,3,2,3,3,3,3,3,3,2,3,3,3,4,3,3,3,3,3,3,3,3,5,3,3,3,3,3,4,4,5,3,4,4,3,4,5,5,5,5,5,5,5,5,5,5,5,5,5,5,5,5,5,5,5,5,5,5,5,5,5,5,5,5,5,5,5,5,5,5,5,5,5,5,5,5,5,5,5,5,5,5,5,5,5,5,5,5,5,5,5,5,5,5,5,5,5,5,5,5,5
24,476,480,474,477,466,474,458,456,485,476,480,481,474,467,469,466,497,491,479,484,477,477,472,470,498,487,488,484,483,476,475,474,498,499,491,494,480,482,482,478,500,499,494,495,492,484,478,480,509,500,499,490,499,495,489,483,502,513,512,502,499,489,498,490,3,3,3,3,2,3,3,3,4,3,3,3,3,2,3,3,3,3,3,3,2,3,3,3,3,3,3,3,3,3,3,3,4,3,3,3,3,3,3,3,3,3,3,3,3,3,3,3,4,4,3,4,4,3,3,4,4,4,4,4,3,4,5,6,5,5,5,5,5,5,5,5,5,5,5,5,5,5,5,5,5,5,5,5,5,5,5,5,5,5,5,5,5,5,5,5,5,5,5,5,5,5,5,5,5,5,5,5,5,5,5,5,5,5,5,5,5,5,5,5,5,5,5,5,5,5,5,5
25,477,480,474,473,469,467,452,457,484,483,477,470,469,466,468,475,484,485,479,480,478,473,474,474,494,487,490,481,479,478,473,469,501,495,487,488,490,485,477,476,498,498,493,489,485,489,478,477,508,508,502,494,493,494,488,487,515,513,504,504,497,484,489,489,3,3,3,3,2,3,2,3,3,3,3,2,2,2,2,2,3,4,3,3,2,3,3,3,3,3,3,2,3,2,3,3,3,3,3,3,3,3,3,3,3,3,3,3,3,3,3,3,4,4,3,4,3,3,3,4,4,5,3,4,4,4,4,4,5,5,5,5,5,5,5,5,5,5,5,5,5,5,5,5,5,5,5,5,5,5,5,5,5,5,5,5,5,5,5,5,5,5,5,5,5,5,5,5,5,5,5,5,5,5,5,5,5,5,5,5,5,5,5,5,5,5,5,5,5,5,5,5
26,479,477,472,468,461,467,466,464,483,482,482,469,469,468,467,459,484,483,486,479,481,477,466,468,498,495,490,481,474,476,472,471,495,498,492,491,487,483,483,483,499,499,493,482,489,489,487,485,512,504,494,491,495,491,484,489,500,504,511,503,493,493,490,487,3,3,3,3,2,3,3,3,3,3,3,2,3,2,3,3,3,4,3,3,2,3,3,3,3,3,3,3,3,3,3,3,4,3,3,3,2,3,3,3,3,3,4,3,3,3,4,3,4,4,3,4,4,3,3,4,5,5,4,4,4,3,4,6,5,5,5,5,5,5,5,5,5,5,5,5,5,5,5,5,5,5,5,5,5,5,5,5,5,5,5,5,5,5,5,5,5,5,5,5,5,5,5,5,5,5,5,5,5,5,5,5,5,5,5,5,5,5,5,5,5,5,5,5,5,5,5,5
27,485,474,479,472,465,465,462,462,482,480,479,475,474,470,473,464,485,490,482,484,471,476,470,465,496,488,486,479,477,476,472,476,495,494,488,488,479,484,484,477,504,493,495,501,492,484,475,481,509,499,496,494,498,485,485,481,514,513,507,502,499,498,497,486,4,3,3,3,2,2,3,3,3,3,3,3,2,2,3,3,3,3,3,3,3,3,3,3,3,3,3,2,3,2,3,3,4,3,3,3,3,3,3,3,4,4,3,4,3,3,3,3,4,3,3,3,3,3,3,4,4,4,3,4,3,3,4,5,5,5,5,5,5,5,5,5,5,5,5,5,5,5,5,5,5,5,5,5,5,5,5,5,5,5,5,5,5,5,5,5,5,5,5,5,5,5,5,5,5,5,5,5,5,5,5,5,5,5,5,5,5,5,5,5,5,5,5,5,5,5,5,5
28,481,484,478,474,469,465,468,461,486,482,479,473,476,471,468,467,482,488,486,485,478,476,470,468,502,486,488,481,472,486,476,475,508,485,488,486,486,486,479,478,499,498,505,491,478,489,485,483,507,504,497,499,498,482,487,486,511,498,505,514,498,490,484,492,3,3,3,3,3,3,3,3,3,3,3,3,3,3,3,3,3,3,3,3,2,3,3,3,3,3,3,3,3,3,3,3,4,3,3,3,3,3,3,3,3,4,4,3,3,3,3,3,5,4,3,4,4,3,4,4,4,5,4,5,4,4,4,5,5,5,5,5,5,5,5,5,5,5,5,5,5,5,5,5,5,5,5,5,5,5,5,5,5,5,5,5,5,5,5,5,5,5,5,5,5,5,5,5,5,5,5,5,5,5,5,5,5,5,5,5,5,5,5,5,5,5,5,5,5,5,5,5
29,480,478,473,467,474,461,471,462,483,479,476,475,472,464,464,468,487,488,482,485,474,474,468,468,492,489,490,480,480,473,472,474,502,493,492,486,485,474,478,484,502,495,494,493,491,491,481,479,503,500,492,493,489,492,489,480,505,507,495,507,494,488,499,484,3,3,3,3,3,2,2,3,3,3,3,3,2,2,3,3,4,3,3,3,2,3,2,3,3,3,3,2,2,2,3,3,3,3,3,3,3,3,3,3,3,4,3,3,3,3,3,3,4,4,4,3,3,3,3,4,4,5,3,4,3,4,4,4,5,5,5,5,5,5,5,5,5,5,5,5,5,5,5,5,5,5,5,5,5,5,5,5,5,5,5,5,5,5,5,5,5,5,5,5,5,5,5,5,5,5,5,5,5,5,5,5,5,5,5,5,5,5,5,5,5,5,5,5,5,5,5,5
30,480,477,476,474,464,461,458,465,484,482,483,474,470,467,469,471,489,481,483,482,477,471,472,478,495,486,495,481,478,474,476,477,496,494,487,486,486,482,481,479,504,501,502,491,493,481,486,477,513,504,497,488,494,486,489,484,516,508,501,499,498,499,496,496,4,3,3,3,3,2,3,3,3,3,3,3,3,2,3,3,3,4,3,3,2,3,3,4,3,3,3,2,3,2,3,3,4,3,3,3,3,3,3,4,4,3,3,3,3,3,4,3,4,4,3,4,4,3,3,4,4,4,4,4,3,3,4,4,5,5,5,5,5,5,5,5,5,5,5,5,5,5,5,5,5,5,5,5,5,5,5,5,5,5,5,5,5,5,5,5,5,5,5,5,5,5,5,5,5,5,5,5,5,5,5,5,5,5,5,5,5,5,5,5,5,5,5,5,5,5,5,5
31,471,472,473,475,467,469,467,462,488,473,473,473,479,466,468,463,485,490,480,478,479,475,470,468,496,488,482,480,482,478,470,471,494,495,494,485,483,482,482,474,503,491,493,489,492,484,483,482,503,498,498,493,491,481,485,481,508,503,508,505,496,490,489,489,3,3,3,3,2,3,2,3,3,3,2,3,3,2,3,3,3,3,3,3,2,3,2,3,3,3,3,2,3,2,2,3,4,3,3,3,3,3,3,3,3,3,3,3,3,3,3,3,4,3,4,4,3,3,3,3,4,4,3,4,3,3,3,6,5,5,5,5,5,5,5,5,5,5,5,5,5,5,5,5,5,5,5,5,5,5,5,5,5,5,5,5,5,5,5,5,5,5,5,5,5,5,5,5,5,5,5,5,5,5,5,5,5,5,5,5,5,5,5,5,5,5,5,5,5,5,5,5
32,489,477,484,473,464,464,466,470,489,484,482,471,473,469,464,467,493,482,485,484,477,477,470,469,492,490,492,485,484,477,473,477,505,495,491,489,490,482,477,467,506,492,496,492,490,487,484,484,505,509,495,492,486,496,487,487,521,509,504,499,503,489,492,488,3,3,4,3,2,3,3,3,3,3,3,3,2,3,3,3,4,4,3,3,2,3,3,3,3,3,3,3,3,3,3,3,4,3,3,3,3,3,3,3,4,4,4,4,3,3,4,3,4,4,3,4,3,3,3,4,5,5,3,4,3,4,4,5,5,5,5,5,5,5,5,5,5,5,5,5,5,5,5,5,5,5,5,5,5,5,5,5,5,5,5,5,5,5,5,5,5,5,5,5,5,5,5,5,5,5,5,5,5,5,5,5,5,5,5,5,5,5,5,5,5,5,5,5,5,5,5,5
33,481,481,476,470,466,470,470,462,486,483,481,473,474,473,468,466,493,491,482,483,478,469,472,469,498,481,484,482,482,473,480,475,503,492,485,489,485,484,479,479,501,497,493,497,487,485,484,474,511,505,496,494,493,485,481,485,516,515,509,503,497,492,497,488,4,3,3,3,2,3,3,3,3,2,3,2,2,2,3,3,4,4,3,3,2,2,3,3,3,3,3,2,2,2,3,3,4,3,3,3,3,3,3,3,3,4,3,3,3,3,3,3,4,4,3,3,3,4,3,4,4,5,4,4,3,4,4,5,5,5,5,5,5,5,5,5,5,5,5,5,5,5,5,5,5,5,5,5,5,5,5,5,5,5,5,5,5,5,5,5,5,5,5,5,5,5,5,5,5,5,5,5,5,5,5,5,5,5,5,5,5,5,5,5,5,5,5,5,5,5,5,5
34,482,482,476,469,466,463,459,466,488,475,480,470,475,472,467,463,494,486,476,480,475,474,466,468,496,488,489,488,483,474,475,471,497,493,488,491,484,486,480,481,501,501,488,490,487,487,480,485,507,498,507,498,490,489,491,487,510,509,511,496,501,490,493,498,4,3,3,3,3,3,3,3,3,3,3,3,3,3,3,3,3,3,3,3,2,3,3,3,3,3,3,3,3,3,3,3,3,3,3,3,3,3,3,4,4,3,3,3,3,3,3,3,4,4,4,4,4,4,4,4,4,4,4,4,3,4,4,4,5,5,5,5,5,5,5,5,5,5,5,5,5,5,5,5,5,5,5,5,5,5,5,5,5,5,5,5,5,5,5,5,5,5,5,5,5,5,5,5,5,5,5,5,5,5,5,5,5,5,5,5,5,5,5,5,5,5,5,5,5,5,5,5
35,480,475,473,475,465,463,466,462,482,482,477,476,472,468,472,462,488,486,485,477,475,475,474,468,498,491,486,481,479,476,475,474,500,492,488,481,485,486,484,478,502,499,494,490,491,484,480,484,512,503,500,496,492,491,486,484,513,504,501,499,494,488,495,487,3,3,3,3,2,2,2,3,3,3,3,2,2,2,3,3,3,4,3,3,3,2,3,3,3,3,3,2,3,2,3,3,4,3,3,3,2,3,3,3,3,4,4,3,3,3,3,3,3,4,3,4,3,3,3,3,4,5,3,4,3,4,4,5,5,5,5,5,5,5,5,5,5,5,5,5,5,5,5,5,5,5,5,5,5,5,5,5,5,5,5,5,5,5,5,5,5,5,5,5,5,5,5,5,5,5,5,5,5,5,5,5,5,5,5,5,5,5,5,5,5,5,5,5,5,5,5,5
36,484,480,472,470,465,461,462,465,486,481,477,482,477,466,468,467,493,480,480,484,478,470,470,471,503,490,488,482,481,481,473,471,502,493,491,486,481,481,479,473,506,500,495,490,492,488,475,478,502,499,495,494,496,485,488,482,511,501,501,501,498,488,492,495,4,3,3,3,3,3,3,3,3,3,3,3,3,3,3,3,4,4,3,3,2,3,3,3,3,3,3,3,2,3,3,3,4,3,3,3,3,3,3,3,4,3,4,4,3,3,3,3,4,3,4,4,4,3,4,4,5,5,4,4,3,4,4,4,5,5,5,5,5,5,5,5,5,5,5,5,5,5,5,5,5,5,5,5,5,5,5,5,5,5,5,5,5,5,5,5,5,5,5,5,5,5,5,5,5,5,5,5,5,5,5,5,5,5,5,5,5,5,5,5,5,5,5,5,5,5,5,5
37,473,478,474,475,470,468,460,467,488,479,482,474,473,470,466,462,493,481,480,477,477,475,469,468,496,483,483,483,481,478,471,469,500,493,488,488,488,479,480,474,498,489,494,489,492,483,483,478,509,504,497,494,494,492,488,482,513,500,494,501,496,488,484,496,3,3,3,3,2,3,3,3,3,2,3,3,2,3,2,3,3,4,3,3,2,2,3,3,3,3,3,2,2,2,3,3,3,3,3,3,3,3,3,3,3,3,3,3,3,3,3,4,3,4,3,4,3,3,3,3,4,4,3,5,3,4,3,6,5,5,5,5,5,5,5,5,5,5,5,5,5,5,5,5,5,5,5,5,5,5,5,5,5,5,5,5,5,5,5,5,5,5,5,5,5,5,5,5,5,5,5,5,5,5,5,5,5,5,5,5,5,5,5,5,5,5,5,5,5,5,5,5
38,482,480,470,470,472,467,461,461,484,479,480,471,471,471,469,462,495,491,483,480,476,472,471,467,494,489,483,483,483,477,474,466,499,495,494,489,484,484,476,478,508,495,492,489,486,486,479,477,506,504,496,496,486,487,484,490,514,504,503,503,499,488,498,487,4,3,3,3,2,3,3,3,3,3,3,3,3,2,3,3,3,3,3,3,2,3,3,3,3,3,3,3,3,3,3,3,4,3,3,3,3,3,3,3,4,3,3,3,3,3,3,4,4,4,4,4,3,4,4,4,5,4,3,4,3,4,4,4,5,5,5,5,5,5,5,5,5,5,5,5,5,5,5,5,5,5,5,5,5,5,5,5,5,5,5,5,5,5,5,5,5,5,5,5,5,5,5,5,5,5,5,5,5,5,5,5,5,5,5,5,5,5,5,5,5,5,5,5,5,5,5,5
39,481,478,469,470,464,465,459,467,484,485,479,472,461,471,461,462,484,487,481,480,479,471,471,472,494,492,488,481,484,478,474,466,499,490,493,494,484,485,476,480,503,488,493,493,492,484,482,485,507,500,504,502,495,492,488,486,516,504,505,503,495,493,498,489,4,3,3,3,2,2,3,3,3,3,3,3,3,3,3,3,4,3,3,3,2,2,3,3,3,3,3,2,2,2,3,3,4,3,3,3,2,3,3,3,3,3,4,4,3,3,3,3,4,4,3,3,3,4,3,4,4,5,3,4,4,3,4,6,5,5,5,5,5,5,5,5,5,5,5,5,5,5,5,5,5,5,5,5,5,5,5,5,5,5,5,5,5,5,5,5,5,5,5,5,5,5,5,5,5,5,5,5,5,5,5,5,5,5,5,5,5,5,5,5,5,5,5,5,5,5,5,5
40,481,484,476,473,473,468,461,464,481,483,483,476,472,470,471,464,485,482,481,482,473,472,473,465,498,489,484,483,485,470,477,471,503,491,489,494,486,486,480,478,499,500,487,493,485,484,475,478,509,507,500,495,491,493,492,481,516,506,501,502,496,494,493,490,4,3,3,3,3,3,3,3,3,3,3,3,3,3,3,3,4,4,3,3,2,3,3,3,4,3,3,2,3,3,3,3,4,3,3,3,3,3,3,3,3,3,3,3,3,3,3,4,5,5,3,4,3,3,3,4,4,4,4,4,3,4,4,6,5,5,5,5,5,5,5,5,5,5,5,5,5,5,5,5,5,5,5,5,5,5,5,5,5,5,5,5,5,5,5,5,5,5,5,5,5,5,5,5,5,5,5,5,5,5,5,5,5,5,5,5,5,5,5,5,5,5,5,5,5,5,5,5
41,476,479,474,472,468,466,464,464,488,484,473,472,467,474,466,464,490,489,482,482,472,472,475,472,496,488,490,481,480,480,474,470,496,492,487,492,488,484,483,471,500,495,492,486,492,482,489,475,505,503,498,492,495,494,486,481,511,498,507,499,495,491,488,485,3,3,3,3,2,3,3,3,3,3,3,3,2,2,3,3,3,4,3,3,2,3,3,3,3,3,3,2,3,3,3,3,3,3,3,3,3,3,3,3,3,4,3,3,3,3,3,3,4,4,3,3,4,3,3,3,4,4,3,4,3,3,3,5,5,5,5,5,5,5,5,5,5,5,5,5,5,5,5,5,5,5,5,5,5,5,5,5,5,5,5,5,5,5,5,5,5,5,5,5,5,5,5,5,5,5,5,5,5,5,5,5,5,5,5,5,5,5,5,5,5,5,5,5,5,5,5,5
42,485,480,478,482,467,472,464,459,491,487,474,471,475,468,464,465,486,490,481,476,480,479,471,471,491,489,484,483,484,476,476,469,494,493,489,486,481,479,478,469,505,499,500,484,488,481,483,475,510,498,501,498,497,489,489,485,519,511,503,498,498,497,501,497,4,3,3,3,2,3,3,3,3,2,3,3,3,2,2,3,3,4,3,3,2,3,3,3,3,3,3,3,3,2,3,3,4,4,3,3,3,3,3,3,4,4,3,3,3,3,3,4,4,4,3,5,4,3,3,4,4,4,4,4,3,4,4,6,5,5,5,5,5,5,5,5,5,5,5,5,5,5,5,5,5,5,5,5,5,5,5,5,5,5,5,5,5,5,5,5,5,5,5,5,5,5,5,5,5,5,5,5,5,5,5,5,5,5,5,5,5,5,5,5,5,5,5,5,5,5,5,5
43,483,478,474,472,468,465,465,463,483,487,478,479,472,464,470,470,492,483,482,480,477,469,473,464,491,489,489,484,482,481,475,469,495,493,486,486,482,483,472,478,499,503,489,483,493,483,481,479,512,500,493,494,495,478,492,485,513,507,501,491,492,482,488,498,3,3,3,3,2,3,2,3,3,3,3,3,2,2,3,3,3,4,3,3,2,3,3,3,3,3,3,2,2,2,3,3,4,3,3,3,3,3,3,3,3,3,3,3,3,3,3,3,4,4,3,4,3,3,3,4,5,5,3,3,4,4,3,5,5,5,5,5,5,5,5,5,5,5,5,5,5,5,5,5,5,5,5,5,5,5,5,5,5,5,5,5,5,5,5,5,5,5,5,5,5,5,5,5,5,5,5,5,5,5,5,5,5,5,5,5,5,5,5,5,5,5,5,5,5,5,5,5
44,477,479,472,475,468,460,457,469,482,478,481,481,474,470,465,461,492,483,480,481,477,473,469,465,490,493,486,485,481,480,476,463,501,490,491,485,484,480,487,474,501,495,493,492,493,489,483,481,504,502,504,497,482,491,491,485,511,501,501,501,499,492,487,488,4,3,3,3,3,3,3,3,3,3,3,3,3,3,3,3,4,4,3,3,3,3,3,3,3,3,3,3,3,3,3,3,4,3,3,3,3,3,3,3,3,4,3,3,4,3,3,3,5,4,3,3,3,3,4,4,5,6,4,4,3,4,3,6,5,5,5,5,5,5,5,5,5,5,5,5,5,5,5,5,5,5,5,5,5,5,5,5,5,5,5,5,5,5,5,5,5,5,5,5,5,5,5,5,5,5,5,5,5,5,5,5,5,5,5,5,5,5,5,5,5,5,5,5,5,5,5,5
45,479,481,477,475,468,467,461,464,486,481,482,477,474,469,470,464,490,486,479,474,477,468,470,469,490,486,486,481,474,479,476,469,500,497,487,485,481,481,480,474,500,503,493,489,491,481,483,476,502,504,495,500,486,483,489,484,505,506,497,499,496,496,493,497,3,3,3,3,2,2,3,3,3,3,3,3,2,2,3,3,3,4,3,3,2,2,3,3,3,3,3,2,3,2,3,3,4,3,3,3,3,3,3,3,3,4,3,3,3,3,3,3,4,4,3,3,3,3,3,4,4,5,3,4,4,3,4,4,5,5,5,5,5,5,5,5,5,5,5,5,5,5,5,5,5,5,5,5,5,5,5,5,5,5,5,5,5,5,5,5,5,5,5,5,5,5,5,5,5,5,5,5,5,5,5,5,5,5,5,5,5,5,5,5,5,5,5,5,5,5,5,5
46,480,476,469,470,471,469,464,461,482,483,480,479,474,468,467,463,487,484,478,486,474,471,470,468,488,487,492,487,480,478,474,475,500,491,490,487,484,483,479,478,496,500,493,491,490,484,488,483,510,503,500,496,493,489,492,489,514,507,505,502,492,492,496,496,4,3,3,3,3,3,3,3,3,3,3,3,3,2,3,3,4,3,3,3,2,3,3,3,4,3,3,3,3,2,3,3,4,3,3,3,3,3,3,3,4,3,3,3,3,3,4,3,4,4,3,3,3,4,4,4,4,6,3,4,4,3,4,5,5,5,5,5,5,5,5,5,5,5,5,5,5,5,5,5,5,5,5,5,5,5,5,5,5,5,5,5,5,5,5,5,5,5,5,5,5,5,5,5,5,5,5,5,5,5,5,5,5,5,5,5,5,5,5,5,5,5,5,5,5,5,5,5
47,473,476,472,465,468,463,456,464,489,479,475,473,470,468,468,464,485,484,480,483,473,476,472,468,496,494,484,482,476,481,472,473,490,494,486,485,483,482,482,470,506,499,493,496,486,478,480,486,511,503,500,496,494,490,481,481,516,510,504,502,494,492,502,486,3,3,3,3,2,2,2,3,3,3,2,3,3,2,3,3,3,4,3,3,2,3,3,3,3,3,3,2,3,3,3,3,3,3,3,3,2,3,3,3,3,3,3,3,3,3,3,3,4,4,3,3,3,3,4,3,5,4,3,4,4,3,4,5,5,5,5,5,5,5,5,5,5,5,5,5,5,5,5,5,5,5,5,5,5,5,5,5,5,5,5,5,5,5,5,5,5,5,5,5,5,5,5,5,5,5,5,5,5,5,5,5,5,5,5,5,5,5,5,5,5,5,5,5,5,5,5,5
48,484,477,473,475,467,462,459,461,490,486,482,472,472,471,467,465,495,488,480,480,477,469,472,467,486,488,486,484,480,483,475,466,504,492,488,492,486,480,481,478,494,498,495,496,486,480,487,481,512,502,501,492,493,489,486,495,501,506,507,494,488,492,497,501,4,3,3,3,3,3,3,3,3,3,3,3,3,3,3,3,4,4,3,3,3,3,3,3,4,3,3,3,3,3,3,3,4,3,3,3,3,3,3,4,4,3,3,4,4,3,3,4,3,4,4,4,4,3,3,5,4,4,3,4,4,4,3,5,5,5,5,5,5,5,5,5,5,5,5,5,5,5,5,5,5,5,5,5,5,5,5,5,5,5,5,5,5,5,5,5,5,5,5,5,5,5,5,5,5,5,5,5,5,5,5,5,5,5,5,5,5,5,5,5,5,5,5,5,5,5,5,5
49,486,479,476,470,469,467,464,459,488,481,479,472,477,465,470,460,486,490,482,479,479,467,471,467,497,492,494,485,484,480,474,473,495,493,491,488,490,484,478,473,502,494,490,487,483,485,480,478,509,500,503,495,494,488,486,486,514,505,505,502,488,490,494,485,4,3,3,3,2,3,3,3,3,3,3,3,2,2,3,3,3,3,3,3,2,3,2,3,3,3,3,3,3,2,3,3,4,3,3,3,3,3,3,3,3,3,3,3,3,3,3,3,3,4,3,4,3,3,3,4,4,5,3,4,3,3,3,5,5,5,5,5,5,5,5,5,5,5,5,5,5,5,5,5,5,5,5,5,5,5,5,5,5,5,5,5,5,5,5,5,5,5,5,5,5,5,5,5,5,5,5,5,5,5,5,5,5,5,5,5,5,5,5,5,5,5,5,5,5,5,5,5
50,478,486,478,472,467,467,467,461,477,482,478,479,481,469,467,464,491,485,480,480,478,469,470,463,489,486,486,480,477,480,465,470,497,491,493,492,486,479,483,476,505,498,493,489,486,486,489,480,510,502,500,489,500,484,491,489,514,505,502,506,497,488,500,499,4,3,3,3,3,3,3,3,3,3,3,3,3,3,2,3,3,4,3,3,2,3,3,3,3,3,3,3,3,3,3,3,4,3,3,3,3,3,3,3,4,4,3,3,3,3,4,3,4,4,4,4,4,3,3,4,4,5,4,4,3,4,4,5,5,5,5,5,5,5,5,5,5,5,5,5,5,5,5,5,5,5,5,5,5,5,5,5,5,5,5,5,5,5,5,5,5,5,5,5,5,5,5,5,5,5,5,5,5,5,5,5,5,5,5,5,5,5,5,5,5,5,5,5,5,5,5,5
51,475,480,476,469,462,466,458,458,486,478,482,473,471,470,462,469,483,485,483,481,476,473,470,470,498,487,490,483,476,477,476,468,504,492,493,489,486,477,475,474,501,497,500,498,489,484,482,483,507,502,496,493,491,485,490,484,515,502,506,497,491,490,491,490,3,3,3,3,2,2,3,2,3,3,3,3,3,2,2,3,3,4,3,3,2,3,3,3,3,3,3,2,3,2,3,3,4,3,3,3,3,2,3,3,3,3,3,3,3,3,3,3,4,4,3,3,3,4,3,3,4,5,4,4,3,3,3,5,5,5,5,5,5,5,5,5,5,5,5,5,5,5,5,5,5,5,5,5,5,5,5,5,5,5,5,5,5,5,5,5,5,5,5,5,5,5,5,5,5,5,5,5,5,5,5,5,5,5,5,5,5,5,5,5,5,5,5,5,5,5,5,5
52,476,478,470,467,469,471,462,466,486,481,479,474,473,470,463,465,488,483,482,481,482,475,468,471,495,496,483,478,480,482,475,471,500,492,487,490,484,480,477,471,504,495,495,493,492,487,475,479,498,506,502,499,487,490,488,485,518,508,505,502,488,499,481,488,3,3,3,3,3,3,3,3,3,3,3,3,3,2,3,3,3,4,3,3,3,3,3,3,3,3,3,2,3,3,3,3,4,3,3,3,3,3,3,3,4,4,4,4,3,3,3,3,4,4,4,4,3,4,3,4,5,5,4,4,4,4,4,5,5,5,5,5,5,5,5,5,5,5,5,5,5,5,5,5,5,5,5,5,5,5,5,5,5,5,5,5,5,5,5,5,5,5,5,5,5,5,5,5,5,5,5,5,5,5,5,5,5,5,5,5,5,5,5,5,5,5,5,5,5,5,5,5
53,481,478,473,475,464,473,459,459,487,481,476,476,464,469,469,463,491,488,489,480,477,475,468,469,490,485,490,486,481,480,476,473,493,491,489,484,484,480,472,474,503,498,495,493,489,482,489,478,508,496,501,491,491,496,487,484,512,504,502,494,503,488,491,493,4,3,3,3,2,3,3,3,3,3,3,3,3,2,3,3,3,4,3,3,2,3,2,3,3,3,3,3,3,2,3,3,3,3,3,3,3,3,3,3,3,4,3,3,3,3,3,3,4,4,3,4,3,3,3,3,5,5,3,4,3,4,3,5,5,5,5,5,5,5,5,5,5,5,5,5,5,5,5,5,5,5,5,5,5,5,5,5,5,5,5,5,5,5,5,5,5,5,5,5,5,5,5,5,5,5,5,5,5,5,5,5,5,5,5,5,5,5,5,5,5,5,5,5,5,5,5,5
54,479,478,473,470,464,460,463,467,489,482,481,477,481,471,465,463,490,485,483,478,479,473,470,468,496,490,488,483,481,476,480,474,498,492,488,490,483,484,480,474,496,502,493,489,481,486,483,480,502,502,501,494,493,493,491,479,507,513,500,504,497,491,492,487,4,3,3,3,3,3,3,3,3,3,3,3,3,3,2,3,4,3,3,3,2,3,3,3,3,3,3,3,3,3,3,3,3,3,3,3,3,3,3,3,4,3,4,3,3,3,4,4,4,4,4,3,4,3,3,4,5,5,3,4,4,3,3,6,5,5,5,5,5,5,5,5,5,5,5,5,5,5,5,5,5,5,5,5,5,5,5,5,5,5,5,5,5,5,5,5,5,5,5,5,5,5,5,5,5,5,5,5,5,5,5,5,5,5,5,5,5,5,5,5,5,5,5,5,5,5,5,5
55,479,482,471,473,471,464,468,465,482,475,479,470,474,470,469,463,487,489,486,487,476,472,474,465,484,491,484,484,479,482,480,472,497,491,489,487,483,480,476,482,499,496,494,489,491,486,483,482,502,496,505,501,495,487,494,482,509,501,503,506,492,485,492,488,3,3,3,3,2,2,3,3,3,3,3,3,2,2,3,3,3,3,3,3,2,3,3,3,3,3,3,3,3,2,3,3,3,3,3,3,3,3,3,3,4,4,3,3,3,3,3,3,4,3,4,3,3,3,3,4,4,5,3,4,4,4,3,6,5,5,5,5,5,5,5,5,5,5,5,5,5,5,5,5,5,5,5,5,5,5,5,5,5,5,5,5,5,5,5,5,5,5,5,5,5,5,5,5,5,5,5,5,5,5,5,5,5,5,5,5,5,5,5,5,5,5,5,5,5,5,5,5
56,491,482,478,474,471,467,462,461,488,480,482,471,472,473,471,461,491,488,485,485,480,472,468,464,495,487,490,483,479,479,469,474,495,497,486,488,484,480,477,481,497,497,493,492,486,484,480,485,501,501,500,488,499,491,495,488,500,501,509,499,496,493,489,485,3,3,3,3,3,3,3,3,3,3,3,3,3,2,3,3,4,4,3,3,3,3,3,3,4,3,3,3,3,3,3,3,4,3,3,3,3,3,3,3,4,4,3,3,3,3,3,4,4,4,4,4,4,3,3,4,4,5,4,5,3,3,4,5,5,5,5,5,5,5,5,5,5,5,5,5,5,5,5,5,5,5,5,5,5,5,5,5,5,5,5,5,5,5,5,5,5,5,5,5,5,5,5,5,5,5,5,5,5,5,5,5,5,5,5,5,5,5,5,5,5,5,5,5,5,5,5,5
57,480,477,476,470,466,469,464,465,480,482,478,476,479,469,466,467,491,481,486,483,475,470,469,461,497,498,489,476,484,480,475,469,494,492,489,484,486,479,475,475,505,491,492,490,492,480,480,481,509,499,493,496,493,490,484,481,505,507,502,509,499,502,495,493,3,3,3,3,2,3,3,3,3,3,3,2,3,2,3,3,3,4,3,3,2,3,3,3,3,4,3,3,3,2,3,3,4,3,3,3,3,3,3,3,3,3,3,3,3,3,3,3,3,4,4,4,3,3,3,4,4,4,3,4,3,3,4,6,5,5,5,5,5,5,5,5,5,5,5,5,5,5,5,5,5,5,5,5,5,5,5,5,5,5,5,5,5,5,5,5,5,5,5,5,5,5,5,5,5,5,5,5,5,5,5,5,5,5,5,5,5,5,5,5,5,5,5,5,5,5,5,5
58,475,477,469,466,471,463,461,467,484,482,477,476,474,474,465,465,490,489,484,479,477,474,469,475,495,490,484,486,478,481,469,469,504,489,496,488,493,482,479,478,500,500,500,494,487,481,484,480,508,512,499,494,498,489,487,491,504,513,499,504,506,493,494,490,3,3,3,3,3,3,3,3,4,3,3,3,3,3,3,3,3,3,3,3,2,3,3,3,3,4,3,3,3,3,3,3,4,3,3,3,3,2,3,3,3,3,4,3,3,3,3,3,4,4,4,4,4,4,4,4,5,5,4,4,3,4,4,6,5,5,5,5,5,5,5,5,5,5,5,5,5,5,5,5,5,5,5,5,5,5,5,5,5,5,5,5,5,5,5,5,5,5,5,5,5,5,5,5,5,5,5,5,5,5,5,5,5,5,5,5,5,5,5,5,5,5,5,5,5,5,5,5
59,479,475,469,470,465,466,466,462,486,481,479,476,471,474,469,461,490,485,481,480,479,470,471,470,487,487,490,484,475,476,472,473,496,492,488,487,489,480,479,478,499,498,494,494,495,483,480,486,503,497,499,492,487,482,492,495,507,516,502,499,489,495,490,491,3,3,3,3,2,3,3,3,3,2,3,3,2,2,2,3,4,4,3,3,2,2,3,3,3,3,3,2,3,2,3,3,4,3,3,3,3,3,3,3,4,3,3,3,3,3,3,3,4,3,3,4,3,3,3,4,5,4,3,4,3,3,4,6,5,5,5,5,5,5,5,5,5,5,5,5,5,5,5,5,5,5,5,5,5,5,5,5,5,5,5,5,5,5,5,5,5,5,5,5,5,5,5,5,5,5,5,5,5,5,5,5,5,5,5,5,5,5,5,5,5,5,5,5,5,5,5,5
60,486,476,473,470,468,463,462,461,492,476,481,470,472,471,468,460,492,489,479,481,478,469,476,474,495,492,486,484,481,478,477,471,501,499,489,485,485,480,484,477,500,501,495,490,483,486,486,482,521,501,497,494,488,493,487,486,508,505,501,499,499,502,494,489,4,3,3,3,3,3,3,3,4,3,3,3,2,2,3,3,4,3,3,3,3,3,3,3,4,3,3,3,3,3,3,3,4,3,3,3,3,3,3,3,4,4,3,3,3,3,3,3,4,4,3,4,3,3,3,4,4,5,4,4,3,4,4,6,5,5,5,5,5,5,5,5,5,5,5,5,5,5,5,5,5,5,5,5,5,5,5,5,5,5,5,5,5,5,5,5,5,5,5,5,5,5,5,5,5,5,5,5,5,5,5,5,5,5,5,5,5,5,5,5,5,5,5,5,5,5,5,5
61,481,478,476,469,467,461,458,456,481,477,481,476,470,469,466,459,493,483,484,481,476,475,471,470,498,496,485,485,474,476,474,470,496,494,488,489,486,482,482,473,505,497,499,499,490,485,484,478,506,511,499,498,491,492,492,484,510,507,510,496,496,492,490,492,3,3,3,3,2,3,3,3,3,3,3,3,2,2,2,3,4,4,3,3,2,2,3,3,3,3,3,2,3,2,3,3,4,3,3,3,3,3,3,3,4,3,3,4,3,3,3,3,4,4,3,3,3,3,3,3,4,4,3,3,4,3,3,5,5,5,5,5,5,5,5,5,5,5,5,5,5,5,5,5,5,5,5,5,5,5,5,5,5,5,5,5,5,5,5,5,5,5,5,5,5,5,5,5,5,5,5,5,5,5,5,5,5,5,5,5,5,5,5,5,5,5,5,5,5,5,5,5
62,476,481,474,474,469,472,465,466,481,482,486,475,471,466,469,467,492,487,483,480,479,470,468,469,489,489,489,483,477,481,473,473,501,495,491,489,486,479,485,480,507,497,489,491,490,486,484,478,497,501,504,491,498,485,488,489,509,513,499,505,496,489,485,490,4,3,3,3,3,3,3,3,3,3,3,3,3,3,3,3,4,4,3,3,2,3,3,3,4,3,3,2,3,3,3,3,4,3,3,3,3,3,3,3,4,4,3,3,3,3,3,4,4,4,4,4,3,4,4,4,5,4,3,4,3,3,4,6,5,5,5,5,5,5,5,5,5,5,5,5,5,5,5,5,5,5,5,5,5,5,5,5,5,5,5,5,5,5,5,5,5,5,5,5,5,5,5,5,5,5,5,5,5,5,5,5,5,5,5,5,5,5,5,5,5,5,5,5,5,5,5,5
63,477,481,476,473,470,469,468,469,484,480,477,478,471,467,469,466,489,488,484,480,478,471,465,469,499,486,482,487,476,475,477,476,489,494,490,489,483,484,479,475,496,497,495,496,490,481,482,479,499,500,499,494,494,487,490,486,517,510,502,502,497,494,493,474,3,3,3,3,2,2,3,3,3,3,3,2,2,2,3,3,3,4,3,3,2,2,3,3,4,3,3,2,3,2,3,3,4,3,3,3,3,3,3,3,3,4,3,4,3,3,3,3,4,4,3,4,3,3,3,4,4,5,3,4,3,3,3,4,5,5,5,5,5,5,5,5,5,5,5,5,5,5,5,5,5,5,5,5,5,5,5,5,5,5,5,5,5,5,5,5,5,5,5,5,5,5,5,5,5,5,5,5,5,5,5,5,5,5,5,5,5,5,5,5,5,5,5,5,5,5,5,5
64,486,475,472,469,472,467,465,461,489,480,479,471,472,465,466,467,488,490,481,485,475,474,475,470,491,494,484,487,482,476,472,465,497,492,492,485,489,483,476,471,503,494,484,491,493,487,487,474,512,506,503,501,488,490,490,491,513,514,509,504,504,490,495,495,3,3,3,3,3,3,3,3,4,3,3,3,2,3,3,3,3,3,3,3,2,3,3,3,4,4,3,3,3,3,3,3,4,3,3,3,3,3,3,3,4,4,3,3,3,3,3,3,5,4,4,3,3,3,3,4,4,4,4,4,3,4,4,5,5,5,5,5,5,5,5,5,5,5,5,5,5,5,5,5,5,5,5,5,5,5,5,5,5,5,5,5,5,5,5,5,5,5,5,5,5,5,5,5,5,5,5,5,5,5,5,5,5,5,5,5,5,5,5,5,5,5,5,5,5,5,5,5
65,483,481,473,472,464,465,458,464,483,485,474,475,469,474,471,464,494,491,484,478,480,474,472,463,496,488,486,484,479,477,471,474,494,490,494,493,486,480,478,476,508,498,494,496,487,482,481,481,509,499,504,496,496,491,492,477,506,506,504,500,499,492,496,481,3,3,3,3,2,3,3,3,3,2,3,3,2,2,3,3,3,4,3,3,2,3,3,3,3,3,3,2,2,2,3,3,3,3,3,3,3,3,3,3,3,3,4,3,3,3,3,3,4,3,4,4,3,3,3,3,4,5,3,4,3,3,3,4,5,5,5,5,5,5,5,5,5,5,5,5,5,5,5,5,5,5,5,5,5,5,5,5,5,5,5,5,5,5,5,5,5,5,5,5,5,5,5,5,5,5,5,5,5,5,5,5,5,5,5,5,5,5,5,5,5,5,5,5,5,5,5,5
66,485,486,477,474,466,470,467,464,489,478,475,471,472,470,468,461,489,485,482,479,476,474,469,468,492,494,486,481,482,475,479,468,493,489,493,485,487,484,475,478,498,498,490,483,491,488,479,480,503,504,506,496,489,492,488,481,514,510,503,504,494,484,504,494,3,3,3,3,2,3,3,3,3,3,3,3,2,3,3,3,4,4,3,3,2,3,3,3,3,4,3,2,3,2,3,3,4,3,3,3,3,3,3,3,4,3,3,3,3,3,3,3,4,4,3,3,4,3,4,4,4,5,4,5,3,4,4,5,5,5,5,5,5,5,5,5,5,5,5,5,5,5,5,5,5,5,5,5,5,5,5,5,5,5,5,5,5,5,5,5,5,5,5,5,5,5,5,5,5,5,5,5,5,5,5,5,5,5,5,5,5,5,5,5,5,5,5,5,5,5,5,5
67,488,480,471,472,466,464,466,465,489,469,478,472,477,468,465,461,489,485,488,479,480,475,473,468,491,489,493,484,485,477,478,473,492,495,487,488,484,479,473,477,502,501,494,493,487,482,486,482,510,510,498,497,497,494,487,481,512,513,502,504,494,493,487,492,3,3,3,3,2,3,2,3,3,3,3,3,3,2,2,3,3,4,3,3,2,3,3,3,3,3,3,2,2,2,3,3,3,3,3,3,3,3,3,3,3,3,3,3,3,3,3,3,3,4,4,3,3,3,3,4,4,4,3,4,3,3,3,4,5,5,5,5,5,5,5,5,5,5,5,5,5,5,5,5,5,5,5,5,5,5,5,5,5,5,5,5,5,5,5,5,5,5,5,5,5,5,5,5,5,5,5,5,5,5,5,5,5,5,5,5,5,5,5,5,5,5,5,5,5,5,5,5
68,478,480,473,470,467,461,464,461,492,481,479,475,474,465,468,464,487,486,487,483,481,477,471,470,500,491,492,485,473,480,481,472,497,490,484,483,487,483,475,475,504,490,490,490,490,490,487,482,505,498,500,503,495,492,494,485,513,514,499,499,499,489,489,492,3,3,3,3,3,2,3,3,4,3,3,3,3,2,3,3,4,3,3,3,2,3,3,3,4,3,3,3,3,3,3,3,4,3,3,3,3,3,3,3,4,4,3,3,3,3,4,3,4,4,3,3,4,3,4,4,4,5,4,4,4,4,4,6,5,5,5,5,5,5,5,5,5,5,5,5,5,5,5,5,5,5,5,5,5,5,5,5,5,5,5,5,5,5,5,5,5,5,5,5,5,5,5,5,5,5,5,5,5,5,5,5,5,5,5,5,5,5,5,5,5,5,5,5,5,5,5,5
69,484,483,476,470,469,466,468,465,490,479,483,481,472,467,466,464,487,490,484,478,476,477,473,463,500,487,483,485,484,475,475,470,497,494,489,487,485,480,476,476,494,496,499,491,494,483,479,480,506,497,497,505,490,490,488,486,509,501,501,500,499,494,492,484,4,3,3,3,2,3,3,3,3,2,3,3,2,2,2,3,3,3,3,2,2,2,3,3,3,3,3,2,3,2,3,3,3,3,3,3,3,2,3,3,3,3,3,3,3,3,3,3,4,4,4,4,3,4,3,4,4,5,3,3,3,3,3,5,5,5,5,5,5,5,5,5,5,5,5,5,5,5,5,5,5,5,5,5,5,5,5,5,5,5,5,5,5,5,5,5,5,5,5,5,5,5,5,5,5,5,5,5,5,5,5,5,5,5,5,5,5,5,5,5,5,5,5,5,5,5,5,5
70,480,488,474,471,468,468,459,460,491,480,480,467,475,475,469,465,485,480,482,483,474,473,473,468,489,494,493,486,482,484,471,474,495,495,494,492,485,483,477,474,500,495,496,490,494,488,479,482,504,501,502,495,494,480,490,485,511,509,498,499,497,502,487,486,4,3,3,3,3,3,3,3,3,3,3,3,3,3,3,3,4,4,3,3,3,3,3,3,3,3,3,3,3,3,3,3,3,4,3,3,3,3,3,3,3,4,3,3,3,3,3,3,5,4,3,3,4,3,3,4,5,6,4,4,4,4,4,6,5,5,5,5,5,5,5,5,5,5,5,5,5,5,5,5,5,5,5,5,5,5,5,5,5,5,5,5,5,5,5,5,5,5,5,5,5,5,5,5,5,5,5,5,5,5,5,5,5,5,5,5,5,5,5,5,5,5,5,5,5,5,5,5
71,479,474,477,469,468,472,460,464,485,479,483,483,477,467,471,465,489,487,482,477,473,475,468,469,496,493,490,481,478,478,474,474,495,493,495,487,481,485,478,481,499,491,495,495,489,484,480,482,508,504,497,499,489,486,483,482,509,514,503,502,495,495,498,487,4,3,3,3,2,3,3,3,3,2,3,3,2,2,3,3,3,4,3,3,2,3,3,3,3,3,3,2,3,2,3,3,3,3,3,3,2,3,3,3,3,4,3,3,3,3,3,3,4,4,3,3,3,3,3,4,5,4,3,4,4,3,3,5,5,5,5,5,5,5,5,5,5,5,5,5,5,5,5,5,5,5,5,5,5,5,5,5,5,5,5,5,5,5,5,5,5,5,5,5,5,5,5,5,5,5,5,5,5,5,5,5,5,5,5,5,5,5,5,5,5,5,5,5,5,5,5,5
72,481,481,475,474,463,465,466,464,493,483,474,474,476,467,466,463,498,496,476,480,479,479,470,466,495,486,486,485,480,482,472,467,501,490,484,488,487,487,482,477,505,490,489,495,493,491,480,484,504,505,502,505,493,491,493,481,511,501,507,507,496,494,494,482,4,3,3,3,3,3,3,3,4,3,3,3,3,3,3,3,3,3,3,3,2,3,3,3,4,3,3,3,3,3,3,3,4,3,3,3,3,3,3,3,4,3,3,4,3,3,3,3,4,4,4,3,4,3,3,4,4,5,4,4,4,4,3,4,5,5,5,5,5,5,5,5,5,5,5,5,5,5,5,5,5,5,5,5,5,5,5,5,5,5,5,5,5,5,5,5,5,5,5,5,5,5,5,5,5,5,5,5,5,5,5,5,5,5,5,5,5,5,5,5,5,5,5,5,5,5,5,5
73,478,476,476,469,468,461,466,461,482,479,478,478,472,469,469,469,491,487,477,481,473,473,468,465,497,493,486,487,483,480,468,470,500,492,489,489,485,480,479,476,504,501,493,490,487,485,478,482,499,500,495,496,487,478,483,477,510,502,499,495,497,491,491,492,3,3,3,3,3,2,2,3,3,3,3,3,2,2,3,3,3,4,3,3,2,2,2,3,3,3,3,3,3,2,3,3,3,3,3,3,3,3,3,3,4,3,3,3,3,3,3,3,4,3,4,3,3,3,3,3,4,5,3,3,3,4,3,5,5,5,5,5,5,5,5,5,5,5,5,5,5,5,5,5,5,5,5,5,5,5,5,5,5,5,5,5,5,5,5,5,5,5,5,5,5,5,5,5,5,5,5,5,5,5,5,5,5,5,5,5,5,5,5,5,5,5,5,5,5,5,5,5
74,484,481,477,471,469,468,466,463,484,480,474,473,472,470,469,466,487,489,481,479,474,475,472,469,502,489,487,481,478,474,477,471,495,496,492,489,487,482,471,478,500,492,496,490,486,492,484,482,508,495,494,497,490,492,492,487,514,508,504,505,499,490,491,495,4,3,3,3,3,3,3,3,3,3,3,3,3,2,3,3,3,4,3,3,3,3,3,3,3,3,3,3,3,2,3,3,4,3,3,3,3,3,2,3,4,4,4,3,3,3,3,3,4,4,3,3,4,3,3,4,5,5,3,4,3,4,3,5,5,5,5,5,5,5,5,5,5,5,5,5,5,5,5,5,5,5,5,5,5,5,5,5,5,5,5,5,5,5,5,5,5,5,5,5,5,5,5,5,5,5,5,5,5,5,5,5,5,5,5,5,5,5,5,5,5,5,5,5,5,5,5,5
75,479,476,473,471,469,461,463,461,485,488,482,475,470,473,463,464,489,482,480,479,479,472,471,468,495,487,492,479,482,476,471,471,496,496,494,491,485,483,479,479,506,491,487,491,489,488,475,481,515,503,497,498,498,490,490,483,514,509,500,502,503,494,489,488,3,3,3,3,2,2,3,2,3,3,3,2,3,2,3,2,3,4,3,3,3,3,3,3,3,3,3,2,3,2,3,3,3,3,3,3,3,3,3,3,4,4,3,3,3,3,3,3,4,4,3,3,3,3,3,3,5,4,3,4,3,3,3,5,5,5,5,5,5,5,5,5,5,5,5,5,5,5,5,5,5,5,5,5,5,5,5,5,5,5,5,5,5,5,5,5,5,5,5,5,5,5,5,5,5,5,5,5,5,5,5,5,5,5,5,5,5,5,5,5,5,5,5,5,5,5,5,5
76,486,483,476,469,471,467,462,461,482,474,478,476,472,469,467,466,487,485,481,484,480,472,472,473,492,489,490,484,482,479,480,467,496,493,494,493,484,481,482,475,500,491,501,489,488,489,482,484,507,498,500,496,498,486,483,482,510,510,502,505,491,493,495,490,4,3,3,3,3,3,3,3,3,3,3,3,2,3,3,3,3,4,3,3,2,3,3,3,3,4,3,2,3,3,3,3,3,3,3,3,3,3,3,3,3,4,4,3,3,3,3,3,4,4,3,3,4,4,3,4,5,5,3,5,4,4,4,5,5,5,5,5,5,5,5,5,5,5,5,5,5,5,5,5,5,5,5,5,5,5,5,5,5,5,5,5,5,5,5,5,5,5,5,5,5,5,5,5,5,5,5,5,5,5,5,5,5,5,5,5,5,5,5,5,5,5,5,5,5,5,5,5
77,479,474,472,468,466,466,465,460,482,484,476,475,474,470,473,466,488,485,482,484,475,470,467,464,493,481,487,489,478,481,479,470,496,494,489,486,484,487,477,474,506,495,501,492,491,486,482,478,505,501,492,493,501,485,492,489,499,505,505,499,497,493,495,493,3,3,3,3,2,3,3,3,3,2,3,2,2,2,3,3,3,4,3,3,2,2,3,3,3,3,3,2,3,3,3,3,3,3,3,3,3,2,3,3,3,4,3,3,3,3,3,3,4,4,4,4,4,3,3,4,4,5,3,4,3,3,4,5,5,5,5,5,5,5,5,5,5,5,5,5,5,5,5,5,5,5,5,5,5,5,5,5,5,5,5,5,5,5,5,5,5,5,5,5,5,5,5,5,5,5,5,5,5,5,5,5,5,5,5,5,5,5,5,5,5,5,5,5,5,5,5,5
78,480,482,478,466,467,462,467,462,485,479,480,473,468,470,468,462,494,486,485,478,474,473,474,468,490,492,493,483,479,478,477,469,498,498,490,488,488,482,479,477,495,490,498,493,496,484,485,486,503,500,500,499,491,493,487,482,511,500,505,499,505,499,490,487,4,3,3,3,3,3,3,3,4,3,3,3,3,3,3,3,4,4,3,3,2,3,3,3,3,3,3,3,3,2,3,3,4,3,3,3,3,3,3,4,3,4,4,4,3,3,4,3,4,4,4,4,4,3,3,4,4,4,4,4,3,4,4,6,5,5,5,5,5,5,5,5,5,5,5,5,5,5,5,5,5,5,5,5,5,5,5,5,5,5,5,5,5,5,5,5,5,5,5,5,5,5,5,5,5,5,5,5,5,5,5,5,5,5,5,5,5,5,5,5,5,5,5,5,5,5,5,5
79,480,480,480,474,471,466,465,457,496,483,477,475,471,464,472,459,490,492,485,482,476,473,468,469,489,484,490,482,484,480,474,471,494,500,489,486,487,485,476,475,503,494,490,493,488,488,484,475,500,510,495,495,493,492,489,487,510,512,503,503,495,492,487,482,4,3,3,3,3,2,3,3,3,3,3,3,2,2,3,3,3,4,3,3,2,3,3,3,3,3,3,2,2,2,3,3,3,4,3,3,3,3,3,3,3,4,3,3,3,3,3,3,4,4,3,4,3,4,3,4,5,4,3,4,3,3,3,4,5,5,5,5,5,5,5,5,5,5,5,5,5,5,5,5,5,5,5,5,5,5,5,5,5,5,5,5,5,5,5,5,5,5,5,5,5,5,5,5,5,5,5,5,5,5,5,5,5,5,5,5,5,5,5,5,5,5,5,5,5,5,5,5
80,480,480,476,467,470,467,462,457,483,484,482,479,477,470,465,464,490,484,486,484,480,471,473,467,498,487,493,484,475,477,470,470,492,494,490,488,485,480,485,480,496,494,493,494,488,488,478,483,510,511,501,496,490,489,481,484,513,509,508,504,502,488,495,498,4,3,3,3,3,3,3,3,3,3,3,3,2,3,3,3,4,3,3,3,2,3,3,3,4,3,3,3,3,3,3,3,4,3,3,3,3,3,3,3,4,4,3,3,3,3,3,4,4,4,3,3,3,4,3,4,4,4,4,4,4,3,4,5,5,5,5,5,5,5,5,5,5,5,5,5,5,5,5,5,5,5,5,5,5,5,5,5,5,5,5,5,5,5,5,5,5,5,5,5,5,5,5,5,5,5,5,5,5,5,5,5,5,5,5,5,5,5,5,5,5,5,5,5,5,5,5,5
81,475,482,479,475,469,462,464,463,485,483,478,476,473,471,468,465,490,489,484,476,473,475,464,463,493,484,491,481,473,479,474,470,500,488,495,489,482,481,485,472,506,496,488,491,489,478,476,487,502,502,496,503,493,485,482,489,501,500,510,504,495,492,490,496,3,3,3,3,2,3,3,3,3,3,3,3,2,2,3,2,3,3,3,3,2,2,3,3,3,3,3,2,3,2,3,3,4,3,3,3,3,3,3,3,4,4,3,3,3,3,3,3,4,4,3,3,3,3,4,4,4,5,4,4,3,3,3,4,5,5,5,5,5,5,5,5,5,5,5,5,5,5,5,5,5,5,5,5,5,5,5,5,5,5,5,5,5,5,5,5,5,5,5,5,5,5,5,5,5,5,5,5,5,5,5,5,5,5,5,5,5,5,5,5,5,5,5,5,5,5,5,5
82,484,484,478,473,468,472,461,466,488,484,479,480,475,470,468,466,492,490,483,480,477,472,472,468,489,498,489,485,477,474,470,469,494,498,491,488,486,483,478,471,510,499,495,492,492,487,482,481,509,508,500,489,491,495,489,482,516,506,497,502,498,496,497,487,4,3,3,3,3,3,3,3,4,3,3,3,3,2,2,3,4,4,3,3,2,3,3,3,4,3,3,3,3,3,3,3,4,4,3,3,3,3,3,3,4,3,3,3,3,3,4,4,4,4,4,4,4,4,3,4,4,4,4,4,3,4,4,5,5,5,5,5,5,5,5,5,5,5,5,5,5,5,5,5,5,5,5,5,5,5,5,5,5,5,5,5,5,5,5,5,5,5,5,5,5,5,5,5,5,5,5,5,5,5,5,5,5,5,5,5,5,5,5,5,5,5,5,5,5,5,5,5
83,479,478,475,470,463,469,462,460,489,481,479,474,473,471,466,461,489,480,481,479,481,474,469,468,492,492,489,481,485,473,474,470,492,491,495,491,487,481,479,479,505,495,495,493,488,483,483,481,507,492,499,493,494,485,478,477,505,507,506,500,499,490,496,492,3,3,3,3,2,3,3,3,3,2,3,3,2,2,2,3,3,4,3,3,2,3,3,3,3,3,3,2,2,2,3,3,3,3,3,3,3,3,3,3,4,4,3,3,3,3,3,3,4,4,3,4,3,3,3,3,4,4,3,4,3,3,4,4,5,5,5,5,5,5,5,5,5,5,5,5,5,5,5,5,5,5,5,5,5,5,5,5,5,5,5,5,5,5,5,5,5,5,5,5,5,5,5,5,5,5,5,5,5,5,5,5,5,5,5,5,5,5,5,5,5,5,5,5,5,5,5,5
84,478,481,475,473,470,467,463,460,490,478,480,478,473,465,468,464,485,491,480,480,475,469,473,470,494,487,489,479,480,471,474,469,504,497,485,488,485,482,478,479,503,490,499,489,493,488,487,478,506,504,502,499,492,485,491,484,505,504,506,507,496,493,495,493,3,3,3,3,2,3,3,3,3,3,3,3,3,2,3,3,4,3,3,3,2,3,3,3,3,3,3,3,3,3,3,3,4,3,3,3,3,3,3,3,3,4,3,3,3,3,3,3,4,4,4,3,4,4,3,4,3,5,4,4,4,3,4,5,5,5,5,5,5,5,5,5,5,5,5,5,5,5,5,5,5,5,5,5,5,5,5,5,5,5,5,5,5,5,5,5,5,5,5,5,5,5,5,5,5,5,5,5,5,5,5,5,5,5,5,5,5,5,5,5,5,5,5,5,5,5,5,5
85,483,479,474,474,469,471,465,465,487,487,477,473,470,473,469,463,477,485,483,483,473,471,469,464,495,490,485,482,483,471,474,465,499,495,489,491,483,486,479,483,498,493,492,493,486,486,485,482,505,501,499,498,493,488,488,483,507,500,501,494,498,488,494,491,3,3,3,3,2,3,3,3,3,2,3,3,3,2,3,3,4,4,3,3,2,3,3,3,3,3,3,3,2,3,2,3,4,3,3,3,3,3,3,3,3,3,3,3,3,3,3,3,4,4,3,3,3,3,3,4,4,5,3,4,3,3,4,6,5,5,5,5,5,5,5,5,5,5,5,5,5,5,5,5,5,5,5,5,5,5,5,5,5,5,5,5,5,5,5,5,5,5,5,5,5,5,5,5,5,5,5,5,5,5,5,5,5,5,5,5,5,5,5,5,5,5,5,5,5,5,5,5
86,486,481,477,474,468,470,466,464,483,482,484,476,470,469,466,470,489,490,478,483,475,471,467,475,495,490,486,480,486,478,478,482,499,494,489,493,482,481,481,475,500,498,496,499,490,482,486,480,501,506,497,497,492,491,491,480,505,504,500,501,500,498,489,478,4,3,3,3,3,3,3,3,3,3,3,3,3,2,3,3,4,4,3,3,3,3,3,3,3,3,3,3,3,2,3,4,4,3,3,3,3,3,3,3,4,3,4,3,3,3,4,4,4,4,3,4,4,3,3,4,4,4,3,4,3,4,4,5,5,5,5,5,5,5,5,5,5,5,5,5,5,5,5,5,5,5,5,5,5,5,5,5,5,5,5,5,5,5,5,5,5,5,5,5,5,5,5,5,5,5,5,5,5,5,5,5,5,5,5,5,5,5,5,5,5,5,5,5,5,5,5,5
87,482,483,470,477,468,464,467,464,480,482,474,475,476,469,472,468,484,485,488,479,474,473,469,463,485,492,486,484,479,477,475,470,499,491,487,494,489,480,481,470,505,497,499,487,488,481,486,476,508,512,502,497,490,488,485,481,515,508,503,501,496,490,497,491,4,3,3,3,2,2,2,3,3,3,3,3,3,2,3,3,4,3,3,3,2,3,3,3,4,3,3,3,3,2,3,3,3,3,3,3,3,3,3,3,3,3,4,3,3,3,3,3,4,4,3,3,3,3,3,3,4,4,4,4,4,4,4,5,5,5,5,5,5,5,5,5,5,5,5,5,5,5,5,5,5,5,5,5,5,5,5,5,5,5,5,5,5,5,5,5,5,5,5,5,5,5,5,5,5,5,5,5,5,5,5,5,5,5,5,5,5,5,5,5,5,5,5,5,5,5,5,5
88,483,478,480,466,470,468,464,462,485,477,479,475,472,473,469,467,491,480,486,484,476,476,473,466,495,483,488,478,475,478,479,466,498,494,488,489,483,484,478,478,506,490,492,492,491,483,489,477,500,504,500,494,491,484,487,479,512,509,502,496,506,492,500,486,3,3,4,3,3,3,3,3,3,3,3,3,3,3,3,3,4,4,3,3,2,3,3,3,3,3,3,3,3,3,3,3,4,3,3,3,3,3,3,4,4,4,3,3,3,3,4,4,4,4,3,4,4,3,4,3,4,4,4,4,3,4,4,5,5,5,5,5,5,5,5,5,5,5,5,5,5,5,5,5,5,5,5,5,5,5,5,5,5,5,5,5,5,5,5,5,5,5,5,5,5,5,5,5,5,5,5,5,5,5,5,5,5,5,5,5,5,5,5,5,5,5,5,5,5,5,5,5
89,488,480,472,468,464,467,471,463,486,480,480,473,472,472,469,461,494,488,487,485,476,473,467,468,499,488,489,483,482,480,473,473,496,499,486,492,490,481,476,476,501,496,493,488,489,484,477,481,502,510,495,493,490,485,480,488,512,509,511,508,498,489,496,495,3,3,3,3,2,3,3,3,3,3,3,3,3,2,2,3,3,3,3,3,2,2,2,3,3,3,3,2,2,2,3,3,4,3,3,3,3,2,3,3,3,4,3,3,3,3,3,3,4,4,3,4,3,3,4,4,4,5,4,4,3,3,4,4,5,5,5,5,5,5,5,5,5,5,5,5,5,5,5,5,5,5,5,5,5,5,5,5,5,5,5,5,5,5,5,5,5,5,5,5,5,5,5,5,5,5,5,5,5,5,5,5,5,5,5,5,5,5,5,5,5,5,5,5,5,5,5,5
90,483,477,474,475,467,468,462,463,489,472,480,478,473,470,471,463,496,487,478,481,478,470,471,466,499,493,489,481,479,474,474,475,500,491,491,492,488,483,476,474,508,493,500,495,495,487,485,482,503,506,498,497,480,484,488,483,517,504,506,503,498,489,492,496,4,3,3,3,3,3,3,3,4,3,3,3,3,3,3,3,4,3,3,3,2,3,3,3,4,3,3,2,3,2,3,3,4,3,3,3,3,3,3,3,4,4,4,3,4,3,4,3,4,4,4,4,3,3,3,3,4,6,4,4,4,4,4,5,5,5,5,5,5,5,5,5,5,5,5,5,5,5,5,5,5,5,5,5,5,5,5,5,5,5,5,5,5,5,5,5,5,5,5,5,5,5,5,5,5,5,5,5,5,5,5,5,5,5,5,5,5,5,5,5,5,5,5,5,5,5,5,5
91,479,474,474,472,474,470,468,464,490,482,480,475,476,470,468,458,488,484,480,480,478,470,470,469,492,485,487,482,475,476,473,470,499,497,490,489,482,478,482,473,503,495,489,495,482,485,480,485,508,503,496,503,495,493,490,489,508,507,499,501,497,489,491,495,3,3,3,3,2,3,3,3,3,3,3,2,2,2,3,3,3,3,3,3,2,2,2,3,4,3,3,2,3,2,3,3,3,3,3,3,2,3,3,3,3,3,3,3,3,3,3,3,4,3,3,3,3,4,3,4,4,5,3,4,3,3,3,4,5,5,5,5,5,5,5,5,5,5,5,5,5,5,5,5,5,5,5,5,5,5,5,5,5,5,5,5,5,5,5,5,5,5,5,5,5,5,5,5,5,5,5,5,5,5,5,5,5,5,5,5,5,5,5,5,5,5,5,5,5,5,5,5
92,486,477,476,474,464,468,459,464,485,485,477,474,477,469,467,464,491,485,480,476,473,476,473,476,493,485,489,481,479,481,478,474,505,497,493,489,487,477,482,475,502,500,490,488,493,490,486,480,508,500,498,491,494,489,491,488,512,514,504,494,496,483,495,486,3,3,3,3,3,3,3,3,3,3,3,3,3,3,3,3,3,4,3,3,3,3,3,3,3,3,3,3,3,3,3,3,4,3,3,3,3,3,3,3,4,3,3,3,3,3,4,4,5,4,3,3,3,3,3,4,5,4,3,4,3,4,4,5,5,5,5,5,5,5,5,5,5,5,5,5,5,5,5,5,5,5,5,5,5,5,5,5,5,5,5,5,5,5,5,5,5,5,5,5,5,5,5,5,5,5,5,5,5,5,5,5,5,5,5,5,5,5,5,5,5,5,5,5,5,5,5,5
93,482,482,477,469,469,464,461,458,483,476,480,474,475,467,463,461,482,482,481,486,473,470,468,468,500,492,486,485,479,479,473,471,501,489,492,490,480,483,483,482,501,500,493,484,490,485,490,479,509,497,496,494,493,485,489,489,512,507,503,502,496,492,492,476,4,3,3,3,2,2,3,3,3,3,3,3,2,2,3,3,3,4,3,3,3,2,2,3,3,3,3,2,3,3,3,3,3,3,3,3,3,3,3,3,3,3,3,3,3,3,3,3,4,4,3,3,3,3,3,4,4,4,3,4,3,3,4,5,5,5,5,5,5,5,5,5,5,5,5,5,5,5,5,5,5,5,5,5,5,5,5,5,5,5,5,5,5,5,5,5,5,5,5,5,5,5,5,5,5,5,5,5,5,5,5,5,5,5,5,5,5,5,5,5,5,5,5,5,5,5,5,5
94,480,477,469,473,465,465,463,462,485,486,481,477,474,473,461,468,488,492,480,480,478,474,471,468,499,488,488,481,479,483,474,477,504,492,483,492,481,483,476,486,500,498,494,492,492,489,484,479,510,505,503,489,490,486,492,488,510,501,502,504,498,490,489,491,3,3,3,3,2,3,3,3,3,3,3,3,3,3,3,3,3,3,3,3,2,3,3,3,3,3,3,3,3,3,3,3,4,3,3,3,3,3,3,3,3,4,3,4,3,3,4,4,4,4,3,3,3,4,3,4,4,5,4,4,3,3,4,5,5,5,5,5,5,5,5,5,5,5,5,5,5,5,5,5,5,5,5,5,5,5,5,5,5,5,5,5,5,5,5,5,5,5,5,5,5,5,5,5,5,5,5,5,5,5,5,5,5,5,5,5,5,5,5,5,5,5,5,5,5,5,5,5
95,477,478,475,474,469,465,465,467,486,482,479,471,477,471,464,469,493,489,484,483,482,474,471,476,496,487,482,484,482,479,479,467,498,489,491,487,489,480,476,474,500,495,492,488,485,484,483,485,505,494,498,498,499,484,483,476,510,513,502,504,487,488,495,490,3,3,3,3,3,3,3,3,3,3,3,2,2,2,3,3,4,3,3,3,2,3,3,2,3,3,3,2,2,2,3,3,3,3,3,3,3,2,3,3,3,4,3,3,3,3,3,3,3,4,3,4,3,3,3,3,4,5,3,4,3,4,4,5,5,5,5,5,5,5,5,5,5,5,5,5,5,5,5,5,5,5,5,5,5,5,5,5,5,5,5,5,5,5,5,5,5,5,5,5,5,5,5,5,5,5,5,5,5,5,5,5,5,5,5,5,5,5,5,5,5,5,5,5,5,5,5,5
96,479,481,471,472,467,466,462,460,485,484,481,473,473,465,464,464,492,486,480,484,478,469,473,472,498,489,483,487,481,484,472,477,494,492,495,492,484,482,486,474,506,503,496,492,485,481,489,494,502,501,503,494,494,500,492,495,516,502,507,494,500,498,492,486,4,3,3,3,2,3,3,3,3,3,3,3,3,2,3,3,4,4,3,3,3,3,3,3,3,3,3,3,3,3,3,3,4,3,3,3,3,3,3,3,3,3,4,3,3,3,3,3,4,4,4,3,3,3,4,4,5,5,4,4,4,4,4,6,5,5,5,5,5,5,5,5,5,5,5,5,5,5,5,5,5,5,5,5,5,5,5,5,5,5,5,5,5,5,5,5,5,5,5,5,5,5,5,5,5,5,5,5,5,5,5,5,5,5,5,5,5,5,5,5,5,5,5,5,5,5,5,5
97,489,479,470,474,468,466,461,460,486,481,475,475,472,467,470,458,490,482,478,479,478,475,467,470,491,483,492,482,480,478,474,473,491,492,492,488,489,480,474,480,500,498,489,495,491,485,479,477,503,497,497,498,491,486,489,482,505,514,501,498,498,496,493,483,3,3,3,3,2,3,3,3,3,3,2,3,2,2,3,3,3,4,3,3,2,3,2,3,3,3,3,2,3,2,3,3,4,3,3,3,3,2,3,3,3,4,3,3,3,3,3,3,4,4,3,3,3,3,3,3,4,4,3,4,3,3,4,5,5,5,5,5,5,5,5,5,5,5,5,5,5,5,5,5,5,5,5,5,5,5,5,5,5,5,5,5,5,5,5,5,5,5,5,5,5,5,5,5,5,5,5,5,5,5,5,5,5,5,5,5,5,5,5,5,5,5,5,5,5,5,5,5
98,479,474,480,472,468,468,462,466,490,479,479,470,474,475,466,465,489,492,483,491,480,477,474,467,493,493,486,479,483,474,472,469,504,492,490,490,485,481,478,482,504,496,492,494,487,486,488,480,504,509,499,505,494,490,486,485,510,511,500,505,496,485,497,487,3,3,3,3,2,3,3,3,3,3,3,2,2,3,3,3,3,3,3,3,2,3,3,3,3,3,3,3,3,2,3,3,4,3,3,3,3,3,3,3,4,4,3,3,3,3,4,4,4,4,3,3,3,3,3,4,5,4,3,4,3,4,4,5,5,5,5,5,5,5,5,5,5,5,5,5,5,5,5,5,5,5,5,5,5,5,5,5,5,5,5,5,5,5,5,5,5,5,5,5,5,5,5,5,5,5,5,5,5,5,5,5,5,5,5,5,5,5,5,5,5,5,5,5,5,5,5,5
99,478,476,471,473,468,463,461,460,487,480,473,475,475,464,457,460,492,477,488,476,478,476,475,467,496,488,487,487,482,477,468,471,500,484,490,485,483,480,477,482,503,499,492,492,488,492,484,484,499,504,499,500,486,489,484,490,515,513,504,501,496,498,493,482,3,3,3,3,2,2,3,3,3,3,2,3,2,2,2,2,3,3,3,3,2,3,3,3,3,3,3,3,2,2,3,3,3,3,3,3,2,3,3,3,3,3,3,3,3,3,3,3,3,4,3,3,3,3,3,4,5,4,3,4,3,3,3,5,5,5,5,5,5,5,5,5,5,5,5,5,5,5,5,5,5,5,5,5,5,5,5,5,5,5,5,5,5,5,5,5,5,5,5,5,5,5,5,5,5,5,5,5,5,5,5,5,5,5,5,5,5,5,5,5,5,5,5,5,5,5,5,5
100,477,481,476,475,466,465,466,461,485,486,484,479,470,470,465,460,489,489,478,477,479,472,470,470,491,487,487,479,475,480,476,471,493,492,488,487,483,483,477,478,498,499,498,494,491,492,481,479,507,501,502,496,492,493,494,484,511,508,512,503,500,487,506,486,3,3,3,3,3,3,3,3,3,3,3,3,2,3,3,3,4,3,3,3,2,3,3,3,3,3,3,3,3,2,3,3,4,3,3,3,3,3,3,3,4,3,3,3,3,3,3,4,4,4,3,4,3,3,3,4,4,6,4,4,3,4,4,5,5,5,5,5,5,5,5,5,5,5,5,5,5,5,5,5,5,5,5,5,5,5,5,5,5,5,5,5,5,5,5,5,5,5,5,5,5,5,5,5,5,5,5,5,5,5,5,5,5,5,5,5,5,5,5,5,5,5,5,5,5,5,5,5
101,482,483,475,473,469,465,461,462,490,479,477,470,475,469,473,469,495,481,479,473,474,476,470,471,492,493,487,481,481,471,477,467,492,492,486,485,483,480,475,476,496,494,496,492,486,491,483,485,512,499,499,494,494,486,488,484,519,504,505,507,491,492,496,491,4,3,3,3,2,3,3,3,3,3,3,3,3,2,3,3,3,3,3,3,2,3,3,3,3,3,3,3,2,2,3,3,3,3,3,3,2,3,3,3,3,4,3,3,3,3,3,3,3,4,3,3,3,3,3,4,4,5,3,4,3,3,4,6,5,5,5,5,5,5,5,5,5,5,5,5,5,5,5,5,5,5,5,5,5,5,5,5,5,5,5,5,5,5,5,5,5,5,5,5,5,5,5,5,5,5,5,5,5,5,5,5,5,5,5,5,5,5,5,5,5,5,5,5,5,5,5,5
102,482,481,481,465,466,463,464,460,488,484,479,476,476,470,470,471,489,485,487,480,481,472,473,468,498,488,495,482,478,480,473,473,503,495,488,491,481,484,478,474,513,493,485,491,487,482,481,483,502,506,500,489,495,496,494,485,510,507,511,497,495,494,490,482,3,3,3,3,3,3,3,3,4,3,3,3,3,3,3,3,4,4,3,3,3,3,3,3,3,3,3,3,3,3,3,3,4,3,3,3,3,3,3,3,4,4,3,3,3,3,4,3,5,4,3,4,3,3,3,4,5,6,3,4,4,3,3,5,5,5,5,5,5,5,5,5,5,5,5,5,5,5,5,5,5,5,5,5,5,5,5,5,5,5,5,5,5,5,5,5,5,5,5,5,5,5,5,5,5,5,5,5,5,5,5,5,5,5,5,5,5,5,5,5,5,5,5,5,5,5,5,5
103,484,480,474,468,468,470,465,466,482,474,475,473,473,472,468,464,489,487,476,486,478,470,469,469,495,491,485,486,480,476,472,470,503,495,491,491,485,481,477,473,497,490,489,495,492,481,486,483,503,500,501,499,497,485,493,481,512,502,507,505,495,495,493,483,3,3,3,3,3,3,2,3,3,3,3,3,3,2,3,3,3,3,3,3,2,3,3,3,3,3,3,2,3,2,3,3,4,3,3,3,3,2,3,3,3,3,3,3,3,3,4,3,4,4,3,3,4,3,3,3,4,5,3,4,3,3,3,6,5,5,5,5,5,5,5,5,5,5,5,5,5,5,5,5,5,5,5,5,5,5,5,5,5,5,5,5,5,5,5,5,5,5,5,5,5,5,5,5,5,5,5,5,5,5,5,5,5,5,5,5,5,5,5,5,5,5,5,5,5,5,5,5
104,482,477,483,475,464,468,464,462,486,481,473,471,477,470,471,461,484,477,478,482,474,472,476,467,494,491,488,483,480,480,472,471,493,487,485,483,495,481,478,478,498,503,497,490,496,485,483,479,509,506,503,497,493,495,484,491,512,508,506,501,500,488,488,499,4,3,3,3,2,3,3,3,3,3,3,3,3,3,3,3,4,3,3,3,2,3,3,3,4,3,3,3,3,3,3,3,4,3,3,3,3,3,3,4,4,4,4,3,4,3,3,3,4,4,3,3,4,4,3,4,5,5,3,4,4,4,4,5,5,5,5,5,5,5,5,5,5,5,5,5,5,5,5,5,5,5,5,5,5,5,5,5,5,5,5,5,5,5,5,5,5,5,5,5,5,5,5,5,5,5,5,5,5,5,5,5,5,5,5,5,5,5,5,5,5,5,5,5,5,5,5,5
105,485,473,473,471,466,465,460,464,478,484,481,475,474,468,471,464,493,493,480,478,476,473,472,472,492,492,484,483,478,480,471,474,495,494,488,488,485,480,473,472,501,491,494,487,491,478,480,484,509,504,493,493,495,487,492,481,506,513,505,502,498,491,495,491,4,3,3,3,3,2,2,3,3,3,3,3,2,2,3,2,3,3,3,3,2,2,2,3,3,3,3,2,3,2,3,3,3,3,3,3,2,3,3,3,3,3,3,3,3,3,3,3,3,3,3,4,3,3,3,4,4,4,3,4,3,3,3,5,5,5,5,5,5,5,5,5,5,5,5,5,5,5,5,5,5,5,5,5,5,5,5,5,5,5,5,5,5,5,5,5,5,5,5,5,5,5,5,5,5,5,5,5,5,5,5,5,5,5,5,5,5,5,5,5,5,5,5,5,5,5,5,5
106,478,479,476,475,467,473,457,463,483,486,480,470,476,471,468,460,482,490,482,483,479,472,469,468,494,489,486,484,484,477,475,473,498,495,496,489,481,477,482,484,493,500,490,499,485,479,476,479,500,501,499,495,491,493,492,485,501,509,500,499,503,497,505,493,4,3,3,3,2,3,3,3,3,3,3,3,3,2,3,3,3,3,3,3,3,3,3,3,3,3,3,2,3,2,3,3,3,4,3,3,3,3,3,4,3,3,3,4,4,3,3,4,4,4,3,4,4,3,4,4,5,5,3,4,4,3,4,6,5,5,5,5,5,5,5,5,5,5,5,5,5,5,5,5,5,5,5,5,5,5,5,5,5,5,5,5,5,5,5,5,5,5,5,5,5,5,5,5,5,5,5,5,5,5,5,5,5,5,5,5,5,5,5,5,5,5,5,5,5,5,5,5
107,486,477,478,472,468,461,461,458,486,483,478,476,472,469,468,463,482,489,480,484,480,473,469,469,496,484,485,481,480,474,476,478,495,494,489,489,488,483,476,479,502,500,492,496,496,477,480,478,499,500,498,494,499,488,492,484,521,500,499,495,496,502,493,494,3,2,2,3,2,2,3,3,3,3,3,3,2,2,2,3,3,4,3,3,2,3,3,3,3,3,3,3,3,2,3,3,3,3,3,3,3,3,3,3,3,3,3,4,3,3,3,3,4,3,3,3,3,3,3,3,4,5,3,4,3,3,3,5,5,5,5,5,5,5,5,5,5,5,5,5,5,5,5,5,5,5,5,5,5,5,5,5,5,5,5,5,5,5,5,5,5,5,5,5,5,5,5,5,5,5,5,5,5,5,5,5,5,5,5,5,5,5,5,5,5,5,5,5,5,5,5,5
108,482,480,471,463,465,465,457,468,483,481,480,475,470,468,463,465,490,484,480,480,474,474,472,465,488,490,492,481,483,476,474,469,498,493,493,485,482,479,473,477,506,497,491,488,495,484,484,482,510,501,496,494,491,486,491,484,510,503,499,500,491,492,488,486,4,3,3,3,2,3,3,3,3,3,3,3,3,2,3,3,4,4,3,3,2,3,3,3,4,3,3,3,2,3,3,3,4,3,3,3,3,3,3,3,3,4,4,3,3,3,3,4,4,4,3,4,4,4,3,4,5,5,3,4,3,4,4,5,5,5,5,5,5,5,5,5,5,5,5,5,5,5,5,5,5,5,5,5,5,5,5,5,5,5,5,5,5,5,5,5,5,5,5,5,5,5,5,5,5,5,5,5,5,5,5,5,5,5,5,5,5,5,5,5,5,5,5,5,5,5,5,5
109,478,478,473,468,470,473,466,466,488,482,480,469,474,469,469,472,490,487,483,478,476,476,477,468,491,488,488,481,481,477,472,474,492,492,494,489,481,481,477,474,500,499,496,486,490,487,483,485,510,499,494,496,493,497,488,487,506,504,499,497,492,480,495,497,3,3,3,3,2,3,3,3,3,3,3,2,2,2,3,3,3,3,3,3,2,3,3,3,3,3,3,3,2,3,3,3,4,3,3,3,3,3,3,3,3,4,3,3,3,3,3,3,5,4,3,3,3,3,3,4,4,5,3,4,4,3,4,6,5,5,5,5,5,5,5,5,5,5,5,5,5,5,5,5,5,5,5,5,5,5,5,5,5,5,5,5,5,5,5,5,5,5,5,5,5,5,5,5,5,5,5,5,5,5,5,5,5,5,5,5,5,5,5,5,5,5,5,5,5,5,5,5
110,488,479,475,476,468,466,463,464,482,482,473,476,474,472,471,468,492,483,482,482,478,474,470,473,494,494,494,489,484,478,484,473,499,490,490,490,488,480,482,479,503,505,488,492,483,493,484,478,504,509,500,497,488,496,487,489,512,505,502,503,498,494,493,490,4,3,3,3,2,3,3,3,3,3,3,3,2,3,3,3,3,4,3,3,2,3,3,3,3,3,3,3,2,2,3,3,4,3,3,3,3,3,3,3,4,3,3,3,3,3,3,3,4,5,4,4,3,3,3,4,4,6,3,4,4,3,4,5,5,5,5,5,5,5,5,5,5,5,5,5,5,5,5,5,5,5,5,5,5,5,5,5,5,5,5,5,5,5,5,5,5,5,5,5,5,5,5,5,5,5,5,5,5,5,5,5,5,5,5,5,5,5,5,5,5,5,5,5,5,5,5,5
111,480,478,469,467,466,463,463,463,482,483,477,474,471,465,469,462,486,482,476,482,475,468,470,472,490,486,486,478,482,479,475,475,497,489,492,492,486,484,477,468,500,495,488,483,487,482,484,475,505,504,501,496,489,488,490,485,511,509,502,502,496,492,486,489,3,3,3,3,2,2,3,3,3,3,3,2,2,2,3,3,4,3,3,3,2,3,3,3,3,3,3,3,2,2,3,3,4,3,3,3,2,3,3,3,3,3,3,3,3,3,3,3,4,4,3,4,3,3,3,4,4,4,3,4,3,3,3,5,5,5,5,5,5,5,5,5,5,5,5,5,5,5,5,5,5,5,5,5,5,5,5,5,5,5,5,5,5,5,5,5,5,5,5,5,5,5,5,5,5,5,5,5,5,5,5,5,5,5,5,5,5,5,5,5,5,5,5,5,5,5,5,5
112,481,478,475,473,471,469,465,464,486,478,478,469,476,467,469,464,488,492,479,480,476,473,471,469,490,489,488,485,481,481,478,473,502,497,491,486,485,490,480,478,496,495,495,493,485,490,487,480,500,504,501,492,494,490,493,482,519,507,503,501,494,490,490,487,3,3,3,3,3,3,3,3,3,3,3,3,3,2,3,3,3,3,3,3,2,3,3,3,3,3,3,3,3,3,3,3,4,3,3,3,3,3,3,4,3,4,3,4,4,3,4,4,4,4,4,4,3,4,3,4,5,6,4,4,4,4,4,6,5,5,5,5,5,5,5,5,5,5,5,5,5,5,5,5,5,5,5,5,5,5,5,5,5,5,5,5,5,5,5,5,5,5,5,5,5,5,5,5,5,5,5,5,5,5,5,5,5,5,5,5,5,5,5,5,5,5,5,5,5,5,5,5
113,486,477,474,470,470,463,467,466,492,483,481,473,475,470,466,466,492,487,479,486,472,473,464,471,492,486,488,479,476,483,471,464,499,490,485,491,489,483,479,478,500,498,492,497,491,483,480,482,509,501,497,496,485,492,487,489,512,509,504,503,503,495,492,489,3,3,3,3,2,2,3,3,3,2,3,2,2,2,2,3,4,3,3,3,3,3,3,3,3,3,3,2,3,2,3,3,3,3,3,3,3,3,3,3,4,3,3,4,3,3,3,3,4,4,3,3,3,3,3,4,4,4,3,4,3,3,3,5,5,5,5,5,5,5,5,5,5,5,5,5,5,5,5,5,5,5,5,5,5,5,5,5,5,5,5,5,5,5,5,5,5,5,5,5,5,5,5,5,5,5,5,5,5,5,5,5,5,5,5,5,5,5,5,5,5,5,5,5,5,5,5,5
114,479,476,469,470,470,468,467,456,485,482,475,476,475,470,465,461,496,489,482,474,476,477,471,469,493,490,485,481,484,476,479,470,498,492,496,478,483,483,482,481,500,492,492,492,491,486,481,482,502,502,505,483,493,488,478,482,513,508,504,503,500,493,489,494,3,3,3,3,3,3,3,3,3,3,3,3,2,3,3,3,4,3,3,3,2,3,3,3,4,3,3,3,3,3,3,3,4,3,3,2,3,3,3,4,3,4,4,3,3,3,3,4,4,4,4,4,4,4,4,4,4,5,4,4,3,4,4,6,5,5,5,5,5,5,5,5,5,5,5,5,5,5,5,5,5,5,5,5,5,5,5,5,5,5,5,5,5,5,5,5,5,5,5,5,5,5,5,5,5,5,5,5,5,5,5,5,5,5,5,5,5,5,5,5,5,5,5,5,5,5,5,5
115,483,483,469,476,464,463,463,460,487,480,477,478,472,470,469,460,487,485,481,473,479,469,467,471,490,488,485,484,477,479,472,473,494,492,491,489,487,483,483,479,503,494,494,487,486,488,480,474,510,502,493,500,488,483,490,480,519,502,502,497,499,499,493,486,4,3,3,3,2,2,3,3,3,3,3,3,2,2,3,3,3,3,3,3,2,3,2,3,3,3,3,2,3,2,3,3,4,3,3,3,3,3,3,3,3,3,3,3,3,3,3,3,4,4,4,3,3,3,3,3,5,5,3,4,3,3,4,5,5,5,5,5,5,5,5,5,5,5,5,5,5,5,5,5,5,5,5,5,5,5,5,5,5,5,5,5,5,5,5,5,5,5,5,5,5,5,5,5,5,5,5,5,5,5,5,5,5,5,5,5,5,5,5,5,5,5,5,5,5,5,5,5
116,479,477,473,472,465,465,465,460,486,472,481,480,472,470,466,465,487,492,482,479,477,477,471,469,490,483,487,480,485,484,481,467,499,492,494,494,483,481,479,471,503,500,495,497,494,489,477,486,503,505,499,499,499,488,485,483,506,514,502,495,498,490,497,495,3,3,3,3,3,3,3,2,3,3,3,3,3,3,3,3,4,4,3,3,2,3,3,3,4,3,3,2,3,3,3,3,4,3,3,3,3,3,3,3,4,4,4,4,3,3,4,3,4,4,4,4,3,4,4,4,4,4,4,4,3,4,4,5,5,5,5,5,5,5,5,5,5,5,5,5,5,5,5,5,5,5,5,5,5,5,5,5,5,5,5,5,5,5,5,5,5,5,5,5,5,5,5,5,5,5,5,5,5,5,5,5,5,5,5,5,5,5,5,5,5,5,5,5,5,5,5,5
117,480,478,470,473,471,465,462,454,477,487,481,477,475,467,464,469,484,481,476,478,476,476,470,474,495,491,489,481,484,482,474,466,495,495,490,488,485,484,481,477,502,500,494,492,490,483,480,481,509,501,501,496,495,488,491,482,508,511,499,503,498,490,499,489,3,2,3,3,2,2,3,3,3,2,3,3,2,2,2,2,3,3,3,2,2,2,2,3,3,3,3,3,2,2,3,3,3,3,3,3,2,3,3,3,3,4,3,3,3,3,3,3,4,3,4,3,3,3,3,3,4,4,3,4,3,4,4,5,5,5,5,5,5,5,5,5,5,5,5,5,5,5,5,5,5,5,5,5,5,5,5,5,5,5,5,5,5,5,5,5,5,5,5,5,5,5,5,5,5,5,5,5,5,5,5,5,5,5,5,5,5,5,5,5,5,5,5,5,5,5,5,5
118,484,477,474,470,470,463,459,463,489,480,474,476,478,472,472,467,485,491,477,483,477,472,471,466,490,489,488,480,478,477,477,472,500,496,496,488,487,483,469,475,500,495,495,493,493,487,483,487,510,502,500,499,491,491,485,483,509,509,510,499,502,492,492,496,4,3,3,3,3,3,3,3,3,3,3,3,3,3,3,3,3,3,3,3,2,3,3,3,3,4,3,3,3,3,3,3,4,4,3,3,3,3,3,3,3,4,3,4,3,3,4,3,4,4,3,3,3,3,3,4,5,5,4,4,3,3,4,6,5,5,5,5,5,5,5,5,5,5,5,5,5,5,5,5,5,5,5,5,5,5,5,5,5,5,5,5,5,5,5,5,5,5,5,5,5,5,5,5,5,5,5,5,5,5,5,5,5,5,5,5,5,5,5,5,5,5,5,5,5,5,5,5
119,481,485,468,466,466,463,463,464,485,481,480,477,472,469,462,467,484,480,485,480,477,476,470,461,486,483,489,479,474,476,471,467,491,488,487,490,485,481,474,473,496,492,496,492,488,489,478,475,508,500,504,495,489,485,488,486,506,500,504,506,496,498,492,479,4,3,3,3,2,2,3,3,3,3,3,3,2,2,2,3,3,3,3,3,2,3,3,3,4,3,3,2,3,3,3,3,4,3,3,3,3,3,2,3,3,3,3,3,3,3,3,3,4,4,3,4,3,3,3,4,4,5,3,4,3,3,4,5,5,5,5,5,5,5,5,5,5,5,5,5,5,5,5,5,5,5,5,5,5,5,5,5,5,5,5,5,5,5,5,5,5,5,5,5,5,5,5,5,5,5,5,5,5,5,5,5,5,5,5,5,5,5,5,5,5,5,5,5,5,5,5,5
120,481,477,480,471,467,465,464,462,492,485,472,477,477,470,469,459,492,489,488,477,477,476,472,464,493,489,485,483,481,479,473,469,497,496,490,493,489,480,479,482,501,492,499,489,485,477,484,485,516,510,495,502,492,489,491,480,507,501,508,501,491,495,490,497,4,3,3,3,3,2,3,3,3,3,3,3,3,2,3,3,4,4,3,3,3,3,3,3,3,3,3,3,3,3,3,3,3,3,3,3,3,3,3,4,4,4,4,3,3,3,4,4,4,4,4,3,4,4,4,4,4,5,4,4,4,4,4,5,5,5,5,5,5,5,5,5,5,5,5,5,5,5,5,5,5,5,5,5,5,5,5,5,5,5,5,5,5,5,5,5,5,5,5,5,5,5,5,5,5,5,5,5,5,5,5,5,5,5,5,5,5,5,5,5,5,5,5,5,5,5,5,5
121,482,483,473,477,467,468,464,458,488,482,481,475,475,471,470,465,487,479,478,480,476,471,471,473,493,489,485,482,484,477,474,469,488,492,487,484,484,481,475,473,503,498,493,491,486,490,482,481,510,503,496,499,487,490,493,483,497,496,505,496,504,494,489,480,3,3,3,3,2,2,3,3,3,3,3,3,2,2,3,3,4,4,3,3,2,2,3,3,3,4,3,2,2,2,3,3,4,3,3,3,3,3,3,3,3,3,3,3,3,3,3,4,3,4,3,3,3,3,3,4,5,4,3,3,3,3,3,5,5,5,5,5,5,5,5,5,5,5,5,5,5,5,5,5,5,5,5,5,5,5,5,5,5,5,5,5,5,5,5,5,5,5,5,5,5,5,5,5,5,5,5,5,5,5,5,5,5,5,5,5,5,5,5,5,5,5,5,5,5,5,5,5
122,479,480,475,473,469,469,462,466,489,481,483,476,471,472,467,470,493,492,480,480,480,472,467,469,493,492,484,486,476,484,469,472,495,491,489,493,483,481,478,475,496,496,498,488,476,485,482,479,507,509,500,501,489,493,492,478,513,503,507,500,502,496,492,490,4,3,3,3,3,3,3,3,3,3,3,3,3,3,3,3,4,3,3,3,2,3,3,4,4,3,3,3,3,3,3,3,4,3,3,3,3,3,3,3,3,3,3,3,3,3,3,4,3,4,4,4,3,3,4,3,5,6,3,4,4,4,4,6,5,5,5,5,5,5,5,5,5,5,5,5,5,5,5,5,5,5,5,5,5,5,5,5,5,5,5,5,5,5,5,5,5,5,5,5,5,5,5,5,5,5,5,5,5,5,5,5,5,5,5,5,5,5,5,5,5,5,5,5,5,5,5,5
123,483,477,477,473,467,466,462,463,489,477,476,471,475,468,466,464,491,480,485,482,478,476,474,474,490,493,486,489,481,467,477,473,498,489,486,488,487,481,477,477,500,492,493,484,486,484,481,483,501,494,501,492,499,491,487,484,516,504,503,500,499,495,493,501,4,3,3,3,2,3,3,3,3,3,2,2,3,2,2,3,3,3,3,3,2,3,3,3,3,3,3,2,2,3,3,3,3,3,3,3,3,3,3,3,4,3,3,3,3,3,3,3,4,4,3,4,3,3,3,3,5,4,4,4,3,3,4,5,5,5,5,5,5,5,5,5,5,5,5,5,5,5,5,5,5,5,5,5,5,5,5,5,5,5,5,5,5,5,5,5,5,5,5,5,5,5,5,5,5,5,5,5,5,5,5,5,5,5,5,5,5,5,5,5,5,5,5,5,5,5,5,5
124,479,474,475,469,464,465,466,466,491,479,483,473,476,470,472,460,491,491,483,475,478,478,468,468,494,487,494,487,482,480,476,471,499,494,493,485,485,478,479,476,497,495,496,493,491,481,478,480,505,496,495,494,491,485,497,489,509,506,505,502,498,485,491,492,3,3,3,3,2,3,3,3,3,3,3,3,3,3,3,3,4,3,3,3,3,3,3,3,4,4,3,3,3,3,3,3,4,3,3,3,3,3,3,3,3,4,4,3,3,3,3,4,4,4,3,3,3,4,3,4,4,5,4,4,3,4,4,6,5,5,5,5,5,5,5,5,5,5,5,5,5,5,5,5,5,5,5,5,5,5,5,5,5,5,5,5,5,5,5,5,5,5,5,5,5,5,5,5,5,5,5,5,5,5,5,5,5,5,5,5,5,5,5,5,5,5,5,5,5,5,5,5
125,484,477,474,474,469,464,459,460,482,487,479,469,472,469,470,463,495,490,480,479,476,472,468,458,499,484,485,481,483,477,474,474,495,497,492,489,483,483,482,473,508,498,490,496,493,482,478,478,509,503,493,497,487,481,481,484,510,512,498,500,494,493,498,488,4,3,3,3,2,2,3,3,3,2,3,2,2,2,3,3,4,3,3,3,2,2,2,2,3,3,3,2,2,2,3,3,3,3,3,3,3,3,3,3,4,3,3,3,3,3,3,3,3,3,3,4,3,3,3,4,4,5,3,4,3,3,4,5,5,5,5,5,5,5,5,5,5,5,5,5,5,5,5,5,5,5,5,5,5,5,5,5,5,5,5,5,5,5,5,5,5,5,5,5,5,5,5,5,5,5,5,5,5,5,5,5,5,5,5,5,5,5,5,5,5,5,5,5,5,5,5,5
126,481,481,472,474,467,464,460,456,485,481,471,481,478,469,474,466,486,493,487,477,479,477,472,467,499,489,483,484,482,475,473,467,502,499,491,487,487,483,483,475,500,495,497,492,484,489,482,485,507,507,501,490,495,483,490,487,513,509,505,502,490,486,498,486,4,3,3,3,3,3,3,3,4,3,3,3,3,3,3,3,4,4,3,3,2,3,3,3,3,3,3,3,3,2,3,3,4,3,3,3,3,3,3,4,3,4,4,4,3,3,3,3,4,4,4,4,4,3,3,4,4,4,4,4,3,4,4,5,5,5,5,5,5,5,5,5,5,5,5,5,5,5,5,5,5,5,5,5,5,5,5,5,5,5,5,5,5,5,5,5,5,5,5,5,5,5,5,5,5,5,5,5,5,5,5,5,5,5,5,5,5,5,5,5,5,5,5,5,5,5,5,5
127,477,479,475,474,470,464,463,463,484,485,480,479,471,471,466,469,488,483,486,481,475,471,466,470,492,489,484,479,484,478,477,472,493,484,489,485,485,479,474,477,498,500,498,485,489,485,478,483,516,499,493,493,494,490,486,480,512,494,499,492,503,493,490,490,3,3,3,3,3,2,3,3,3,3,3,3,2,2,3,3,3,4,3,3,2,2,3,3,4,3,3,2,2,2,3,3,3,3,3,3,3,3,3,3,3,3,4,3,3,3,3,3,4,4,4,3,3,3,3,3,4,5,3,4,3,3,4,6,5,5,5,5,5,5,5,5,5,5,5,5,5,5,5,5,5,5,5,5,5,5,5,5,5,5,5,5,5,5,5,5,5,5,5,5,5,5,5,5,5,5,5,5,5,5,5,5,5,5,5,5,5,5,5,5,5,5,5,5,5,5,5,5
128,485,474,471,481,465,465,467,456,486,483,479,473,481,468,468,461,494,486,487,480,475,476,471,468,489,492,492,482,480,481,472,469,494,485,491,489,486,481,476,472,506,498,495,490,493,490,486,479,506,497,496,498,493,489,491,491,509,513,505,500,500,489,482,495,3,3,3,3,3,2,3,3,4,3,3,3,3,2,3,3,4,4,3,3,3,3,3,3,4,3,3,2,3,2,3,3,4,3,3,3,3,3,3,3,4,3,4,3,3,3,4,4,5,4,4,3,4,4,3,4,4,4,4,4,3,3,4,5,5,5,5,5,5,5,5,5,5,5,5,5,5,5,5,5,5,5,5,5,5,5,5,5,5,5,5,5,5,5,5,5,5,5,5,5,5,5,5,5,5,5,5,5,5,5,5,5,5,5,5,5,5,5,5,5,5,5,5,5,5,5,5,5
129,484,477,474,475,469,468,465,460,486,489,474,481,473,474,467,465,490,488,480,483,477,471,472,463,499,488,487,483,482,481,477,471,501,491,492,488,489,487,480,474,502,500,491,487,494,490,487,479,504,502,500,490,491,497,492,483,514,513,501,499,494,490,495,496,3,3,3,3,2,3,3,3,3,3,3,3,3,2,3,3,3,4,3,3,2,3,3,3,3,3,3,2,2,2,3,3,3,3,3,3,3,3,3,3,4,4,3,3,3,3,3,3,4,4,4,4,3,3,3,4,4,5,4,4,4,3,3,5,5,5,5,5,5,5,5,5,5,5,5,5,5,5,5,5,5,5,5,5,5,5,5,5,5,5,5,5,5,5,5,5,5,5,5,5,5,5,5,5,5,5,5,5,5,5,5,5,5,5,5,5,5,5,5,5,5,5,5,5,5,5,5,5
130,483,477,472,475,464,464,458,461,489,476,479,473,471,469,464,465,487,487,479,478,474,477,467,464,495,491,483,481,485,475,475,470,500,497,488,485,491,482,478,465,501,500,492,487,492,488,485,483,510,501,497,503,487,492,487,490,510,506,510,499,495,498,489,494,4,3,3,3,2,3,3,3,4,3,3,3,3,2,3,3,4,4,3,3,2,3,3,3,3,3,3,3,3,3,3,3,4,3,3,3,3,3,3,3,4,4,3,3,3,3,4,4,5,4,3,3,4,3,3,4,4,4,4,4,4,3,4,6,5,5,5,5,5,5,5,5,5,5,5,5,5,5,5,5,5,5,5,5,5,5,5,5,5,5,5,5,5,5,5,5,5,5,5,5,5,5,5,5,5,5,5,5,5,5,5,5,5,5,5,5,5,5,5,5,5,5,5,5,5,5,5,5
131,487,481,477,472,472,461,466,465,484,487,476,477,471,473,468,463,485,483,483,483,479,480,470,466,496,486,486,480,484,477,473,470,508,493,484,487,486,481,477,482,504,494,495,496,493,485,481,485,505,502,502,500,491,491,480,484,512,507,499,503,491,492,493,482,3,3,3,3,2,2,3,3,3,3,3,3,2,2,3,2,3,4,3,3,2,3,3,3,3,3,3,2,2,2,3,3,4,3,3,3,2,3,3,3,3,4,3,3,3,3,3,4,4,4,3,3,3,3,3,4,4,5,3,4,4,3,3,5,5,5,5,5,5,5,5,5,5,5,5,5,5,5,5,5,5,5,5,5,5,5,5,5,5,5,5,5,5,5,5,5,5,5,5,5,5,5,5,5,5,5,5,5,5,5,5,5,5,5,5,5,5,5,5,5,5,5,5,5,5,5,5,5
132,480,480,479,475,469,468,460,466,488,476,484,473,471,474,463,462,486,483,484,480,477,472,466,471,499,486,487,480,482,478,474,473,498,492,494,488,483,486,483,477,502,497,492,490,492,484,481,481,502,502,501,493,492,491,484,486,511,500,509,501,493,493,496,486,3,3,3,3,3,3,3,3,3,3,3,3,3,3,3,3,4,4,3,3,3,3,3,3,4,3,3,3,2,3,3,3,4,3,3,3,3,3,3,3,4,4,3,3,4,3,4,3,4,4,3,3,4,4,3,3,4,4,3,4,4,3,4,5,5,5,5,5,5,5,5,5,5,5,5,5,5,5,5,5,5,5,5,5,5,5,5,5,5,5,5,5,5,5,5,5,5,5,5,5,5,5,5,5,5,5,5,5,5,5,5,5,5,5,5,5,5,5,5,5,5,5,5,5,5,5,5,5
133,477,480,472,475,470,467,464,456,483,482,481,481,473,473,464,465,488,486,478,481,475,479,469,471,494,489,487,483,483,481,474,469,500,494,488,486,484,483,480,471,510,496,488,492,489,483,487,477,511,500,496,491,487,487,488,489,515,507,508,501,497,490,493,496,3,3,3,3,3,3,3,3,3,3,3,2,3,2,2,3,4,4,3,3,2,3,3,3,3,3,3,2,3,2,3,3,4,3,3,3,3,3,3,3,4,4,3,3,3,3,3,3,3,4,4,4,3,3,3,4,4,4,3,4,3,3,4,6,5,5,5,5,5,5,5,5,5,5,5,5,5,5,5,5,5,5,5,5,5,5,5,5,5,5,5,5,5,5,5,5,5,5,5,5,5,5,5,5,5,5,5,5,5,5,5,5,5,5,5,5,5,5,5,5,5,5,5,5,5,5,5,5
134,474,482,473,476,466,465,465,463,483,480,479,478,473,466,466,465,486,485,486,477,485,474,469,468,489,484,488,478,484,483,472,474,504,497,489,492,484,486,477,474,507,503,492,491,488,485,483,482,498,502,501,492,489,489,485,485,509,508,508,495,497,491,489,492,3,3,3,3,2,3,3,3,3,3,3,3,3,3,3,3,3,4,3,3,3,3,3,3,4,3,3,2,3,3,3,3,4,3,3,3,3,3,3,3,4,3,4,3,3,3,3,3,4,5,4,4,3,4,3,4,4,5,3,4,3,3,3,5,5,5,5,5,5,5,5,5,5,5,5,5,5,5,5,5,5,5,5,5,5,5,5,5,5,5,5,5,5,5,5,5,5,5,5,5,5,5,5,5,5,5,5,5,5,5,5,5,5,5,5,5,5,5,5,5,5,5,5,5,5,5,5,5
135,482,482,470,471,469,465,461,463,482,477,480,480,476,466,468,471,491,487,483,483,470,477,473,468,493,495,490,488,473,478,475,474,497,495,489,488,476,478,480,474,498,490,494,489,488,482,484,475,508,501,498,495,487,487,492,481,511,510,504,502,499,499,503,491,3,3,3,3,2,3,3,3,3,3,3,3,2,2,3,3,3,4,3,3,3,2,3,3,3,3,3,2,3,2,3,3,4,3,3,3,3,3,3,3,3,3,3,3,3,3,3,3,3,4,3,3,3,4,3,4,4,4,3,4,3,3,4,5,5,5,5,5,5,5,5,5,5,5,5,5,5,5,5,5,5,5,5,5,5,5,5,5,5,5,5,5,5,5,5,5,5,5,5,5,5,5,5,5,5,5,5,5,5,5,5,5,5,5,5,5,5,5,5,5,5,5,5,5,5,5,5,5
136,480,476,476,473,471,466,465,458,481,478,480,470,476,474,464,469,492,491,483,482,477,472,467,469,500,493,490,484,481,475,475,471,496,498,488,490,491,479,476,478,500,501,503,494,492,481,493,486,514,503,493,495,493,489,485,485,507,508,506,497,504,497,489,490,3,3,3,3,3,3,3,3,3,3,3,3,3,2,2,3,3,3,3,3,2,3,3,3,3,3,3,3,3,3,3,3,4,3,3,3,3,3,3,3,4,3,4,3,3,3,4,3,4,4,3,3,3,4,3,4,5,5,3,4,4,4,4,6,5,5,5,5,5,5,5,5,5,5,5,5,5,5,5,5,5,5,5,5,5,5,5,5,5,5,5,5,5,5,5,5,5,5,5,5,5,5,5,5,5,5,5,5,5,5,5,5,5,5,5,5,5,5,5,5,5,5,5,5,5,5,5,5
137,487,472,474,470,465,467,467,462,489,483,477,474,476,468,465,465,496,479,482,477,475,471,470,468,496,490,489,485,480,474,469,476,501,489,489,488,486,480,472,468,503,497,496,489,487,480,475,480,505,504,496,493,499,491,488,481,515,506,507,502,495,493,491,485,4,3,3,3,2,3,3,3,3,2,3,2,2,2,2,3,4,3,3,3,2,2,2,3,3,3,3,2,2,2,3,3,4,3,3,3,3,3,3,3,3,3,3,3,3,3,3,3,4,4,3,4,4,3,4,4,4,5,4,4,4,3,3,5,5,5,5,5,5,5,5,5,5,5,5,5,5,5,5,5,5,5,5,5,5,5,5,5,5,5,5,5,5,5,5,5,5,5,5,5,5,5,5,5,5,5,5,5,5,5,5,5,5,5,5,5,5,5,5,5,5,5,5,5,5,5,5,5
138,485,474,474,472,469,465,467,466,481,482,477,479,467,471,469,464,485,488,477,484,475,473,472,472,502,490,489,480,475,477,477,476,495,490,494,486,484,480,480,479,500,497,494,497,489,487,481,480,504,508,494,494,492,492,491,492,511,508,504,501,496,484,490,497,4,3,3,3,2,3,3,3,3,3,3,3,2,3,3,3,4,4,3,3,3,3,3,3,3,3,3,3,2,3,3,3,4,3,3,3,3,3,3,4,4,3,4,3,3,3,4,4,4,5,3,4,4,3,3,4,5,4,4,4,3,4,4,5,5,5,5,5,5,5,5,5,5,5,5,5,5,5,5,5,5,5,5,5,5,5,5,5,5,5,5,5,5,5,5,5,5,5,5,5,5,5,5,5,5,5,5,5,5,5,5,5,5,5,5,5,5,5,5,5,5,5,5,5,5,5,5,5
139,477,482,472,473,475,467,465,463,483,479,477,476,477,470,471,468,484,484,480,479,477,469,471,465,494,491,492,479,485,477,473,471,492,495,484,489,487,484,476,475,498,498,493,494,483,484,481,481,507,498,509,494,490,490,487,485,506,509,510,506,501,485,491,491,3,3,3,3,3,2,3,3,3,2,3,3,3,2,3,3,4,4,3,3,2,3,3,3,3,3,3,2,2,2,3,3,4,3,2,2,3,3,3,3,3,3,4,3,3,3,3,3,3,3,3,3,3,3,3,4,4,4,4,4,3,4,4,5,5,5,5,5,5,5,5,5,5,5,5,5,5,5,5,5,5,5,5,5,5,5,5,5,5,5,5,5,5,5,5,5,5,5,5,5,5,5,5,5,5,5,5,5,5,5,5,5,5,5,5,5,5,5,5,5,5,5,5,5,5,5,5,5
140,480,477,475,471,469,466,467,462,485,477,477,470,474,471,470,460,494,484,489,479,474,473,468,472,499,493,485,485,478,478,473,472,496,494,483,486,483,482,477,481,506,499,499,486,488,485,484,483,502,502,501,493,493,495,487,484,513,508,504,505,497,494,495,485,4,3,3,3,3,3,3,3,3,3,3,3,3,2,3,3,3,4,3,3,2,3,3,3,4,4,3,2,3,3,3,3,3,3,3,3,3,3,3,4,4,4,4,3,3,3,3,3,4,4,4,3,4,3,4,4,4,5,4,4,4,4,4,6,5,5,5,5,5,5,5,5,5,5,5,5,5,5,5,5,5,5,5,5,5,5,5,5,5,5,5,5,5,5,5,5,5,5,5,5,5,5,5,5,5,5,5,5,5,5,5,5,5,5,5,5,5,5,5,5,5,5,5,5,5,5,5,5
141,481,475,475,470,466,463,462,464,482,480,479,474,475,468,465,467,493,486,478,476,473,478,470,471,493,494,489,482,481,478,474,478,507,500,491,488,486,482,476,471,501,506,497,488,493,488,481,481,506,504,495,497,501,492,490,488,507,501,500,499,498,495,489,493,3,3,3,3,2,2,3,3,3,3,3,2,3,2,2,3,3,4,3,3,2,3,3,3,3,3,3,2,2,2,2,3,4,4,3,3,2,2,2,3,3,3,3,3,3,3,4,3,3,4,3,3,3,3,3,4,4,4,3,3,3,4,4,6,5,5,5,5,5,5,5,5,5,5,5,5,5,5,5,5,5,5,5,5,5,5,5,5,5,5,5,5,5,5,5,5,5,5,5,5,5,5,5,5,5,5,5,5,5,5,5,5,5,5,5,5,5,5,5,5,5,5,5,5,5,5,5,5
142,478,485,473,471,469,467,464,465,486,477,479,477,473,473,467,461,485,488,482,480,474,473,469,463,500,484,492,482,477,482,472,475,502,495,495,487,486,489,476,469,509,494,488,485,495,488,482,482,507,494,499,497,487,487,488,490,505,509,504,500,498,494,492,496,4,3,3,3,3,3,3,3,3,2,3,3,3,3,3,3,4,4,3,3,2,3,3,3,3,3,3,3,3,3,3,3,3,4,3,3,3,3,3,3,4,4,3,3,4,3,3,3,4,3,3,4,4,4,3,4,5,4,4,4,4,3,4,5,5,5,5,5,5,5,5,5,5,5,5,5,5,5,5,5,5,5,5,5,5,5,5,5,5,5,5,5,5,5,5,5,5,5,5,5,5,5,5,5,5,5,5,5,5,5,5,5,5,5,5,5,5,5,5,5,5,5,5,5,5,5,5,5
143,478,481,479,473,463,462,467,459,488,477,476,479,474,467,464,472,487,483,484,484,474,471,471,465,494,496,490,481,483,478,473,474,496,500,489,488,483,484,477,474,511,502,488,483,491,490,480,478,503,497,499,495,488,489,489,484,506,510,504,501,496,492,496,494,3,3,3,3,2,2,2,3,3,3,3,3,3,2,2,3,3,3,3,3,2,3,3,3,3,3,3,3,3,2,3,3,3,3,2,3,3,3,3,3,4,3,3,3,3,3,3,3,4,4,3,4,3,3,3,4,4,5,3,4,4,4,4,4,5,5,5,5,5,5,5,5,5,5,5,5,5,5,5,5,5,5,5,5,5,5,5,5,5,5,5,5,5,5,5,5,5,5,5,5,5,5,5,5,5,5,5,5,5,5,5,5,5,5,5,5,5,5,5,5,5,5,5,5,5,5,5,5
144,487,479,471,470,475,470,463,468,484,485,482,476,472,472,468,462,495,483,485,486,479,475,469,462,496,490,486,483,479,475,472,477,499,496,491,494,491,481,477,478,507,499,495,491,489,490,486,483,506,501,503,500,492,490,490,489,508,510,505,499,492,494,483,496,4,3,3,3,3,3,3,3,3,3,3,3,3,2,3,3,4,4,3,3,3,3,3,3,3,3,3,3,3,3,3,3,4,3,3,3,3,3,3,3,3,4,4,3,3,3,4,3,4,4,3,4,3,4,3,4,5,4,4,4,3,3,3,6,5,5,5,5,5,5,5,5,5,5,5,5,5,5,5,5,5,5,5,5,5,5,5,5,5,5,5,5,5,5,5,5,5,5,5,5,5,5,5,5,5,5,5,5,5,5,5,5,5,5,5,5,5,5,5,5,5,5,5,5,5,5,5,5
145,483,476,470,468,470,465,464,460,482,484,481,473,472,468,466,465,494,486,489,480,479,473,472,470,499,488,487,484,483,480,473,468,504,490,491,490,488,483,479,480,507,501,488,491,492,487,480,476,506,506,505,496,492,484,481,482,509,514,496,498,497,500,492,484,3,2,3,3,2,2,3,3,3,3,3,3,2,2,2,3,3,3,3,3,2,3,3,3,3,3,3,2,2,3,3,3,3,3,3,3,3,3,3,3,4,3,3,3,3,3,3,3,4,4,3,3,3,3,4,3,4,4,3,4,4,3,4,5,5,5,5,5,5,5,5,5,5,5,5,5,5,5,5,5,5,5,5,5,5,5,5,5,5,5,5,5,5,5,5,5,5,5,5,5,5,5,5,5,5,5,5,5,5,5,5,5,5,5,5,5,5,5,5,5,5,5,5,5,5,5,5,5
146,488,482,475,472,470,463,461,461,482,482,479,477,477,467,464,467,490,490,483,483,477,476,472,467,490,495,486,483,477,476,475,473,495,491,496,489,484,484,475,475,502,493,488,492,496,484,484,485,502,509,506,498,490,485,484,490,506,504,502,501,498,483,493,487,4,3,3,3,3,3,3,3,3,3,3,3,3,2,3,3,4,3,3,3,2,3,3,3,3,4,3,3,3,3,3,3,3,3,3,3,3,3,3,3,4,4,3,3,4,3,3,3,4,4,4,3,3,4,3,4,4,5,4,4,4,4,4,5,5,5,5,5,5,5,5,5,5,5,5,5,5,5,5,5,5,5,5,5,5,5,5,5,5,5,5,5,5,5,5,5,5,5,5,5,5,5,5,5,5,5,5,5,5,5,5,5,5,5,5,5,5,5,5,5,5,5,5,5,5,5,5,5
147,489,485,477,466,467,464,461,460,493,475,478,472,473,467,469,469,490,486,478,474,479,476,469,470,493,488,494,482,478,482,472,469,505,494,489,489,483,486,477,472,501,493,492,494,488,488,477,480,506,498,494,499,486,489,487,484,519,512,500,498,498,494,497,493,4,3,3,3,3,3,3,3,4,3,3,3,3,2,3,3,3,4,3,3,2,3,3,3,3,3,3,2,2,2,3,3,4,3,3,3,3,3,3,3,3,3,3,3,3,3,3,3,4,4,3,3,3,4,3,3,4,5,3,4,4,3,4,6,5,5,5,5,5,5,5,5,5,5,5,5,5,5,5,5,5,5,5,5,5,5,5,5,5,5,5,5,5,5,5,5,5,5,5,5,5,5,5,5,5,5,5,5,5,5,5,5,5,5,5,5,5,5,5,5,5,5,5,5,5,5,5,5
148,479,473,474,467,465,468,466,460,483,481,481,473,474,470,471,463,489,485,486,479,478,473,475,468,492,491,485,481,479,480,477,474,502,499,495,487,490,483,482,478,506,501,494,490,490,485,489,484,508,498,496,491,495,494,486,485,513,502,507,492,503,492,497,485,3,3,3,3,3,3,2,3,3,3,3,3,3,3,3,3,4,4,3,3,3,3,3,3,4,3,3,3,3,2,3,3,4,4,3,3,3,3,3,3,4,3,4,3,3,3,4,3,4,4,3,4,4,3,4,4,4,5,3,4,4,3,4,5,5,5,5,5,5,5,5,5,5,5,5,5,5,5,5,5,5,5,5,5,5,5,5,5,5,5,5,5,5,5,5,5,5,5,5,5,5,5,5,5,5,5,5,5,5,5,5,5,5,5,5,5,5,5,5,5,5,5,5,5,5,5,5,5
149,475,482,477,471,466,460,463,460,481,482,478,471,478,471,471,464,490,485,480,476,474,473,466,469,492,483,488,484,476,480,469,467,496,495,490,486,484,481,481,478,503,495,500,485,489,485,484,481,513,506,503,495,487,493,488,484,516,513,502,491,498,497,489,492,4,3,3,3,2,2,3,3,3,2,3,2,2,2,3,3,3,4,3,3,2,2,2,3,3,3,3,2,3,2,3,3,4,3,3,3,3,3,3,3,3,3,3,3,3,3,3,3,3,4,3,3,3,4,3,4,4,4,4,4,3,4,3,4,5,5,5,5,5,5,5,5,5,5,5,5,5,5,5,5,5,5,5,5,5,5,5,5,5,5,5,5,5,5,5,5,5,5,5,5,5,5,5,5,5,5,5,5,5,5,5,5,5,5,5,5,5,5,5,5,5,5,5,5,5,5,5,5
150,479,479,473,476,472,466,463,462,480,475,485,471,475,471,464,461,497,484,481,485,475,472,472,471,493,490,483,484,481,482,473,472,501,490,488,494,492,480,474,478,501,498,495,493,486,483,486,481,501,502,507,488,497,487,486,482,509,512,503,499,499,498,498,496,4,3,3,3,3,3,3,3,3,3,3,2,3,3,3,3,4,4,3,3,2,3,3,3,3,3,3,3,3,3,3,3,4,3,3,3,3,3,3,4,3,4,4,4,3,3,4,4,4,4,3,4,4,4,3,4,4,4,4,4,4,4,4,4,5,5,5,5,5,5,5,5,5,5,5,5,5,5,5,5,5,5,5,5,5,5,5,5,5,5,5,5,5,5,5,5,5,5,5,5,5,5,5,5,5,5,5,5,5,5,5,5,5,5,5,5,5,5,5,5,5,5,5,5,5,5,5,5
151,477,477,475,471,469,471,463,460,486,479,479,472,465,471,463,467,487,491,481,485,479,471,473,468,500,487,486,483,482,475,472,470,497,492,487,491,485,476,476,473,499,498,496,498,496,485,485,481,507,507,495,494,495,492,486,483,511,502,502,503,498,495,492,499,3,3,3,3,3,3,3,2,3,3,3,3,3,2,2,3,3,3,3,3,2,3,3,3,3,3,3,3,2,2,3,3,4,3,3,3,3,3,3,3,3,4,3,3,3,3,3,3,4,4,3,4,3,4,3,4,5,5,3,4,3,3,3,5,5,5,5,5,5,5,5,5,5,5,5,5,5,5,5,5,5,5,5,5,5,5,5,5,5,5,5,5,5,5,5,5,5,5,5,5,5,5,5,5,5,5,5,5,5,5,5,5,5,5,5,5,5,5,5,5,5,5,5,5,5,5,5,5
152,482,481,471,472,471,471,466,460,483,480,479,477,471,470,463,468,489,478,478,476,481,472,470,471,498,491,482,478,476,475,475,472,495,492,489,490,491,483,475,472,502,499,489,486,490,483,477,471,502,511,494,500,494,489,483,485,500,501,500,494,501,494,495,491,4,3,3,3,3,3,3,2,3,3,3,3,3,2,2,3,3,4,3,3,3,3,3,3,4,3,3,3,3,2,3,3,4,3,3,3,3,3,3,3,3,3,3,3,3,3,3,3,4,4,3,3,3,4,4,4,5,6,3,4,3,4,4,5,5,5,5,5,5,5,5,5,5,5,5,5,5,5,5,5,5,5,5,5,5,5,5,5,5,5,5,5,5,5,5,5,5,5,5,5,5,5,5,5,5,5,5,5,5,5,5,5,5,5,5,5,5,5,5,5,5,5,5,5,5,5,5,5
153,483,481,471,472,467,466,461,464,486,481,476,479,476,470,470,465,492,484,484,475,475,478,468,468,492,488,489,484,482,474,476,472,492,494,493,486,484,486,474,478,501,495,497,488,488,485,479,485,505,498,492,500,488,489,483,481,514,508,504,506,500,489,496,495,3,3,3,3,2,2,3,3,3,3,3,3,3,2,3,3,3,4,3,3,2,3,3,3,3,3,3,2,3,2,3,3,3,3,3,3,3,3,3,3,3,3,4,3,3,3,3,3,4,3,4,3,3,3,3,3,4,4,3,4,3,4,4,4,5,5,5,5,5,5,5,5,5,5,5,5,5,5,5,5,5,5,5,5,5,5,5,5,5,5,5,5,5,5,5,5,5,5,5,5,5,5,5,5,5,5,5,5,5,5,5,5,5,5,5,5,5,5,5,5,5,5,5,5,5,5,5,5
154,482,478,474,468,465,467,465,464,488,486,474,479,476,467,470,465,484,488,479,484,472,471,467,471,497,492,492,480,484,480,476,469,492,496,483,489,484,480,478,477,503,497,494,495,488,482,482,475,505,502,498,496,493,494,485,485,505,503,501,504,498,497,489,492,3,3,3,3,2,3,2,3,3,3,3,3,3,2,3,3,3,3,3,3,2,3,3,3,4,3,3,2,3,2,3,3,3,3,3,3,3,3,3,4,3,3,4,4,3,3,3,3,4,4,3,4,3,3,4,4,4,5,4,4,3,4,4,7,5,5,5,5,5,5,5,5,5,5,5,5,5,5,5,5,5,5,5,5,5,5,5,5,5,5,5,5,5,5,5,5,5,5,5,5,5,5,5,5,5,5,5,5,5,5,5,5,5,5,5,5,5,5,5,5,5,5,5,5,5,5,5,5
155,486,480,477,470,468,463,461,465,492,483,477,475,476,468,471,465,491,488,478,478,480,476,470,464,499,485,489,485,478,480,480,470,494,490,489,489,486,483,479,472,504,502,496,491,486,480,480,477,504,505,500,499,494,492,485,493,514,500,506,496,505,491,495,487,3,3,3,3,2,2,3,3,3,3,3,3,3,2,3,3,4,3,3,3,2,3,3,3,3,3,3,3,3,2,3,3,3,3,3,3,3,2,3,3,3,3,3,3,3,3,3,3,4,4,3,3,3,3,3,4,4,4,3,4,3,3,3,5,5,5,5,5,5,5,5,5,5,5,5,5,5,5,5,5,5,5,5,5,5,5,5,5,5,5,5,5,5,5,5,5,5,5,5,5,5,5,5,5,5,5,5,5,5,5,5,5,5,5,5,5,5,5,5,5,5,5,5,5,5,5,5,5
156,482,479,479,467,471,466,462,463,493,482,482,470,471,474,473,463,487,484,484,478,478,475,471,473,493,493,488,482,479,479,474,475,506,490,490,491,479,483,478,480,503,499,496,488,491,490,480,472,507,500,495,489,491,495,495,489,515,509,507,493,496,496,497,495,4,3,3,3,3,3,3,3,4,3,3,3,3,3,3,3,4,4,3,3,2,3,3,3,3,3,3,3,3,3,3,3,4,3,3,3,3,3,3,4,3,3,3,3,3,3,3,3,4,4,3,4,4,3,3,4,5,6,4,4,3,4,4,6,5,5,5,5,5,5,5,5,5,5,5,5,5,5,5,5,5,5,5,5,5,5,5,5,5,5,5,5,5,5,5,5,5,5,5,5,5,5,5,5,5,5,5,5,5,5,5,5,5,5,5,5,5,5,5,5,5,5,5,5,5,5,5,5
157,476,481,473,466,472,468,465,466,486,483,476,473,477,470,469,462,491,485,485,484,478,474,471,473,497,491,488,481,477,481,470,477,504,492,489,495,481,476,477,477,497,493,496,490,486,487,483,483,504,508,496,492,490,489,487,487,513,507,504,499,498,494,493,477,4,3,3,3,3,3,3,3,3,3,3,3,2,2,2,3,3,4,3,3,2,3,3,3,3,3,3,2,3,2,3,3,4,3,3,3,3,2,3,3,3,3,3,3,3,3,3,4,4,4,3,4,3,3,3,4,4,4,3,4,3,3,3,4,5,5,5,5,5,5,5,5,5,5,5,5,5,5,5,5,5,5,5,5,5,5,5,5,5,5,5,5,5,5,5,5,5,5,5,5,5,5,5,5,5,5,5,5,5,5,5,5,5,5,5,5,5,5,5,5,5,5,5,5,5,5,5,5
158,480,482,474,472,467,467,464,468,489,478,480,474,473,469,472,470,487,487,484,478,477,472,473,466,502,491,487,485,477,477,477,478,491,489,485,490,488,483,479,479,503,496,491,492,484,481,482,476,501,502,500,487,493,487,487,488,506,504,507,500,498,498,492,486,3,3,3,3,3,3,3,3,3,3,3,3,3,2,3,3,3,4,3,3,2,3,3,3,4,4,3,3,3,2,3,4,4,3,3,3,3,3,3,3,3,4,3,3,3,3,3,4,4,4,3,4,3,4,4,4,4,4,4,4,4,3,4,6,5,5,5,5,5,5,5,5,5,5,5,5,5,5,5,5,5,5,5,5,5,5,5,5,5,5,5,5,5,5,5,5,5,5,5,5,5,5,5,5,5,5,5,5,5,5,5,5,5,5,5,5,5,5,5,5,5,5,5,5,5,5,5,5
159,483,477,482,475,462,467,461,467,480,474,474,479,474,472,466,465,492,483,484,477,475,470,468,471,494,489,485,488,479,476,470,474,499,497,491,488,477,481,478,482,500,488,490,487,489,485,484,477,511,502,503,493,493,484,496,495,514,504,503,499,492,487,491,493,3,3,3,2,2,3,3,3,3,3,3,3,2,2,3,3,4,3,3,3,2,2,2,3,3,3,3,3,2,2,3,3,3,3,3,3,3,3,2,3,3,3,3,3,3,3,3,3,3,4,3,3,3,3,3,4,4,5,3,4,3,3,4,5,5,5,5,5,5,5,5,5,5,5,5,5,5,5,5,5,5,5,5,5,5,5,5,5,5,5,5,5,5,5,5,5,5,5,5,5,5,5,5,5,5,5,5,5,5,5,5,5,5,5,5,5,5,5,5,5,5,5,5,5,5,5,5,5
160,485,481,476,475,470,467,465,458,474,479,476,477,475,471,465,466,487,488,476,477,477,471,469,465,490,489,492,483,480,478,474,476,505,492,495,492,486,480,479,475,498,501,495,493,487,486,481,479,508,498,500,500,490,491,488,489,514,512,506,499,500,494,492,496,4,3,3,3,3,3,3,3,3,3,3,3,3,3,3,3,4,4,3,3,3,3,3,3,3,3,3,3,3,2,3,3,4,3,3,3,3,3,3,3,4,3,4,3,3,3,3,3,5,4,3,3,4,4,3,4,5,4,4,4,3,3,3,6,5,5,5,5,5,5,5,5,5,5,5,5,5,5,5,5,5,5,5,5,5,5,5,5,5,5,5,5,5,5,5,5,5,5,5,5,5,5,5,5,5,5,5,5,5,5,5,5,5,5,5,5,5,5,5,5,5,5,5,5,5,5,5,5
161,479,486,474,468,470,462,463,467,486,478,479,474,472,467,468,470,488,484,479,481,475,472,467,470,486,494,489,479,477,477,473,478,496,491,488,481,482,483,480,472,501,488,494,489,486,484,486,485,506,497,496,494,493,485,489,484,501,505,503,502,492,494,494,490,3,3,3,3,2,2,3,3,3,3,3,3,2,2,3,3,3,4,3,3,2,2,3,3,4,3,3,2,3,2,2,3,3,3,3,3,3,3,3,3,3,4,3,3,3,3,3,3,4,4,3,3,3,3,3,3,5,4,3,4,4,3,3,5,5,5,5,5,5,5,5,5,5,5,5,5,5,5,5,5,5,5,5,5,5,5,5,5,5,5,5,5,5,5,5,5,5,5,5,5,5,5,5,5,5,5,5,5,5,5,5,5,5,5,5,5,5,5,5,5,5,5,5,5,5,5,5,5
162,487,485,475,469,469,464,466,460,483,483,480,480,471,467,473,469,492,487,476,480,477,471,473,471,499,492,490,483,478,474,469,476,495,492,490,485,484,482,480,480,504,499,487,497,484,486,484,484,514,502,498,498,489,486,482,488,512,512,504,502,498,488,493,491,3,3,3,3,3,3,3,3,3,3,3,3,3,3,3,3,4,4,3,3,2,3,3,3,3,3,3,3,3,3,3,4,3,3,3,3,3,3,3,3,4,3,3,3,4,3,3,3,4,4,4,3,3,4,4,4,4,4,4,4,3,4,4,6,5,5,5,5,5,5,5,5,5,5,5,5,5,5,5,5,5,5,5,5,5,5,5,5,5,5,5,5,5,5,5,5,5,5,5,5,5,5,5,5,5,5,5,5,5,5,5,5,5,5,5,5,5,5,5,5,5,5,5,5,5,5,5,5
163,482,480,480,473,470,461,461,462,483,479,478,474,475,466,466,469,494,484,487,484,472,464,466,467,499,493,489,477,476,478,468,469,495,497,484,485,482,479,479,469,504,499,492,494,488,488,488,479,511,502,498,492,492,495,491,483,507,504,499,503,499,484,497,485,3,3,3,3,2,2,3,3,3,2,3,2,2,2,3,3,3,4,3,3,2,3,3,3,3,3,3,3,3,2,3,3,3,3,2,3,3,3,3,3,3,3,3,3,3,3,3,3,3,4,3,3,3,3,3,4,4,4,3,4,4,3,4,5,5,5,5,5,5,5,5,5,5,5,5,5,5,5,5,5,5,5,5,5,5,5,5,5,5,5,5,5,5,5,5,5,5,5,5,5,5,5,5,5,5,5,5,5,5,5,5,5,5,5,5,5,5,5,5,5,5,5,5,5,5,5,5,5
164,481,480,475,471,466,466,463,463,486,477,483,474,471,469,472,467,487,484,479,481,479,470,469,468,493,492,485,482,484,482,474,476,500,496,484,489,484,481,482,474,499,498,491,495,490,486,488,477,504,497,497,498,489,487,495,487,510,511,502,497,497,497,496,494,4,3,3,3,3,3,3,3,4,3,3,3,2,2,3,3,3,4,3,3,2,3,3,3,3,3,3,3,3,3,3,3,4,4,3,3,3,3,3,3,3,3,3,3,3,3,3,4,4,3,4,3,3,4,4,4,4,4,3,4,4,3,4,6,5,5,5,5,5,5,5,5,5,5,5,5,5,5,5,5,5,5,5,5,5,5,5,5,5,5,5,5,5,5,5,5,5,5,5,5,5,5,5,5,5,5,5,5,5,5,5,5,5,5,5,5,5,5,5,5,5,5,5,5,5,5,5,5
165,485,481,476,475,469,466,466,464,482,482,482,478,469,463,463,463,490,487,484,481,479,473,467,466,499,484,488,481,487,480,472,466,498,495,488,485,488,481,484,477,507,495,495,497,492,488,481,478,509,507,502,492,493,484,493,486,518,501,505,506,503,491,493,487,4,3,3,3,2,3,3,3,3,3,3,3,2,2,2,3,3,3,3,3,2,3,2,3,3,3,3,2,2,2,3,3,3,4,3,3,3,3,3,3,3,3,3,3,3,3,3,3,4,4,3,4,4,3,3,4,4,4,3,4,3,3,3,5,5,5,5,5,5,5,5,5,5,5,5,5,5,5,5,5,5,5,5,5,5,5,5,5,5,5,5,5,5,5,5,5,5,5,5,5,5,5,5,5,5,5,5,5,5,5,5,5,5,5,5,5,5,5,5,5,5,5,5,5,5,5,5,5
166,486,482,478,473,472,465,468,464,482,480,480,470,467,467,471,470,491,483,483,476,472,473,472,472,495,492,491,478,485,483,475,472,498,499,492,485,485,486,477,476,504,492,493,488,488,484,484,484,501,498,499,506,487,495,483,491,507,507,505,504,503,490,492,486,4,3,3,3,3,2,3,3,3,3,3,3,2,2,3,3,4,4,3,3,3,3,2,3,3,3,3,3,3,3,3,3,4,3,3,3,3,3,3,3,3,4,3,3,3,3,4,3,4,4,4,4,3,3,3,4,4,5,4,4,4,4,4,6,5,5,5,5,5,5,5,5,5,5,5,5,5,5,5,5,5,5,5,5,5,5,5,5,5,5,5,5,5,5,5,5,5,5,5,5,5,5,5,5,5,5,5,5,5,5,5,5,5,5,5,5,5,5,5,5,5,5,5,5,5,5,5,5
167,489,482,475,471,468,470,462,458,483,480,476,474,472,469,471,465,487,490,482,485,476,471,467,469,494,492,487,482,478,475,467,471,502,499,485,485,485,482,482,476,493,497,496,492,490,484,480,483,502,502,500,497,489,494,487,491,507,501,500,500,493,491,496,485,3,3,3,3,2,3,3,3,3,3,3,3,2,2,3,3,3,3,3,3,2,3,3,3,3,3,3,2,3,3,3,3,4,3,2,3,2,3,3,3,3,4,3,3,3,3,3,3,4,4,3,4,3,3,3,4,4,5,3,4,4,3,4,5,5,5,5,5,5,5,5,5,5,5,5,5,5,5,5,5,5,5,5,5,5,5,5,5,5,5,5,5,5,5,5,5,5,5,5,5,5,5,5,5,5,5,5,5,5,5,5,5,5,5,5,5,5,5,5,5,5,5,5,5,5,5,5,5
168,486,478,472,470,467,465,467,460,491,484,483,474,471,469,475,464,485,492,479,476,472,468,471,466,491,485,487,483,479,480,475,467,494,497,489,490,484,478,476,479,501,498,500,489,490,483,487,473,504,501,504,498,491,496,487,486,517,515,505,505,508,488,494,482,3,3,3,3,2,3,3,3,3,3,3,3,3,2,3,3,4,3,3,3,2,3,3,3,4,3,3,3,3,3,3,3,4,3,3,3,3,3,3,3,3,3,4,3,3,3,4,3,5,4,4,3,4,3,4,4,5,4,4,4,3,3,4,5,5,5,5,5,5,5,5,5,5,5,5,5,5,5,5,5,5,5,5,5,5,5,5,5,5,5,5,5,5,5,5,5,5,5,5,5,5,5,5,5,5,5,5,5,5,5,5,5,5,5,5,5,5,5,5,5,5,5,5,5,5,5,5,5
169,483,477,473,468,465,470,462,458,480,479,478,476,470,469,468,467,487,481,484,483,476,474,468,467,495,490,483,480,479,479,472,469,499,491,485,494,486,484,475,472,502,495,496,491,494,490,485,476,506,502,500,502,491,491,489,486,505,507,507,499,502,489,497,487,4,3,3,3,2,3,3,3,3,2,3,3,2,2,3,3,3,3,3,3,2,2,3,3,4,3,3,2,2,2,3,3,3,3,3,3,3,3,3,3,3,3,3,3,3,3,3,3,4,4,3,3,3,3,3,4,4,5,4,4,3,4,3,5,5,5,5,5,5,5,5,5,5,5,5,5,5,5,5,5,5,5,5,5,5,5,5,5,5,5,5,5,5,5,5,5,5,5,5,5,5,5,5,5,5,5,5,5,5,5,5,5,5,5,5,5,5,5,5,5,5,5,5,5,5,5,5,5
170,473,479,473,471,467,468,462,463,490,482,482,475,472,466,471,468,491,485,481,483,469,478,474,469,491,498,488,485,488,476,475,472,494,494,487,488,486,484,474,479,497,496,499,488,485,482,491,480,503,498,501,498,497,493,481,482,509,512,505,510,498,495,498,496,3,3,3,3,2,3,3,3,4,3,3,3,2,3,3,3,4,4,3,3,3,3,3,3,3,4,3,3,3,3,3,3,4,4,3,3,3,3,3,3,4,3,4,3,3,3,3,4,4,4,3,4,3,3,4,4,4,4,4,4,4,3,4,5,5,5,5,5,5,5,5,5,5,5,5,5,5,5,5,5,5,5,5,5,5,5,5,5,5,5,5,5,5,5,5,5,5,5,5,5,5,5,5,5,5,5,5,5,5,5,5,5,5,5,5,5,5,5,5,5,5,5,5,5,5,5,5,5
171,480,478,473,473,470,466,458,461,483,482,475,473,476,470,473,463,492,483,480,480,472,475,472,463,492,493,483,487,478,482,474,470,493,493,491,488,486,483,478,474,505,493,488,498,493,483,485,481,509,500,499,491,491,488,484,489,511,507,507,500,497,495,490,490,3,3,3,3,2,3,3,3,3,3,3,3,3,2,3,3,3,4,3,3,2,2,2,3,3,4,3,2,3,2,3,3,3,3,3,3,3,3,3,3,4,4,3,3,3,3,3,3,4,4,3,4,3,4,4,3,4,5,3,4,3,3,4,5,5,5,5,5,5,5,5,5,5,5,5,5,5,5,5,5,5,5,5,5,5,5,5,5,5,5,5,5,5,5,5,5,5,5,5,5,5,5,5,5,5,5,5,5,5,5,5,5,5,5,5,5,5,5,5,5,5,5,5,5,5,5,5,5
172,481,482,476,475,470,466,463,468,484,484,476,478,471,469,463,459,488,494,485,480,478,473,469,462,494,488,483,484,480,478,475,469,503,495,497,491,484,478,481,481,502,497,495,494,492,488,479,483,509,502,498,500,496,486,486,483,514,502,504,497,497,486,500,490,3,3,3,3,3,3,3,3,3,3,3,3,3,3,3,3,4,4,3,3,2,3,3,3,3,3,3,3,3,3,3,3,4,3,3,3,3,3,3,3,3,4,4,4,3,3,3,3,4,4,3,3,4,4,4,4,5,5,3,4,4,4,4,6,5,5,5,5,5,5,5,5,5,5,5,5,5,5,5,5,5,5,5,5,5,5,5,5,5,5,5,5,5,5,5,5,5,5,5,5,5,5,5,5,5,5,5,5,5,5,5,5,5,5,5,5,5,5,5,5,5,5,5,5,5,5,5,5
173,476,474,477,472,473,466,469,456,478,486,478,476,475,469,465,465,490,487,482,482,479,475,473,469,496,487,488,480,481,479,472,469,495,496,493,488,482,480,481,471,502,493,495,493,485,484,482,483,505,503,499,496,488,490,482,489,497,502,498,507,499,490,496,486,3,3,3,3,3,3,2,3,3,3,3,3,3,2,2,3,3,4,3,3,2,3,3,3,3,3,3,2,2,2,3,3,3,3,3,3,3,3,3,3,3,4,3,3,3,3,3,4,4,4,3,3,3,4,3,4,4,5,4,4,3,3,4,5,5,5,5,5,5,5,5,5,5,5,5,5,5,5,5,5,5,5,5,5,5,5,5,5,5,5,5,5,5,5,5,5,5,5,5,5,5,5,5,5,5,5,5,5,5,5,5,5,5,5,5,5,5,5,5,5,5,5,5,5,5,5,5,5
174,481,476,476,473,473,467,463,461,483,473,479,469,472,470,469,465,490,486,481,484,481,471,468,469,498,490,494,482,476,472,472,472,499,496,488,494,491,480,481,468,503,497,493,492,494,488,480,485,498,504,507,493,493,487,488,489,513,513,508,498,497,499,492,492,4,3,3,3,3,3,3,3,3,3,3,3,3,2,3,3,4,3,3,3,2,3,3,3,3,3,4,2,3,3,3,3,4,3,3,3,3,3,3,3,4,4,3,3,3,3,3,3,4,4,4,4,3,4,3,4,5,4,4,4,3,4,4,5,5,5,5,5,5,5,5,5,5,5,5,5,5,5,5,5,5,5,5,5,5,5,5,5,5,5,5,5,5,5,5,5,5,5,5,5,5,5,5,5,5,5,5,5,5,5,5,5,5,5,5,5,5,5,5,5,5,5,5,5,5,5,5,5
175,478,483,475,473,469,464,466,464,487,480,480,476,471,464,469,464,482,489,483,476,481,470,471,461,493,495,491,483,477,477,478,472,500,487,486,487,484,480,482,471,496,494,493,489,492,480,479,476,502,502,497,496,490,492,488,489,513,507,502,496,494,499,499,485,3,3,3,3,3,2,3,3,3,3,3,2,2,2,3,3,4,3,3,3,2,3,3,3,3,3,3,2,3,3,3,3,3,3,3,3,2,3,3,3,3,3,3,3,3,3,3,3,4,4,3,3,3,3,3,4,4,5,3,4,4,4,4,5,5,5,5,5,5,5,5,5,5,5,5,5,5,5,5,5,5,5,5,5,5,5,5,5,5,5,5,5,5,5,5,5,5,5,5,5,5,5,5,5,5,5,5,5,5,5,5,5,5,5,5,5,5,5,5,5,5,5,5,5,5,5,5,5
176,482,477,479,471,473,468,461,458,478,487,476,475,474,476,469,470,484,485,482,478,474,471,473,471,496,492,487,483,478,478,478,472,496,492,487,492,486,482,478,478,502,492,492,495,489,485,486,485,512,511,501,500,492,491,492,489,509,515,502,501,489,487,504,492,4,3,3,3,3,3,3,3,3,3,3,3,3,3,3,3,3,4,3,3,2,3,3,3,3,4,3,3,3,3,3,3,4,3,3,3,3,3,3,3,3,4,3,3,3,3,4,3,3,5,3,3,3,4,4,4,4,4,4,4,4,4,5,6,5,5,5,5,5,5,5,5,5,5,5,5,5,5,5,5,5,5,5,5,5,5,5,5,5,5,5,5,5,5,5,5,5,5,5,5,5,5,5,5,5,5,5,5,5,5,5,5,5,5,5,5,5,5,5,5,5,5,5,5,5,5,5,5
177,477,479,471,473,470,467,465,463,482,483,478,480,469,466,465,458,488,484,479,481,476,474,470,468,493,492,482,483,479,475,474,469,496,488,488,484,488,481,475,475,501,497,494,487,485,488,485,482,513,509,504,498,498,489,483,478,511,514,504,499,498,503,493,488,3,3,3,3,2,3,3,3,3,2,2,3,2,2,3,3,4,4,3,3,2,3,2,3,3,3,3,3,3,3,3,3,3,3,3,3,3,2,3,3,3,4,3,3,3,3,3,3,4,4,4,3,4,3,3,4,4,5,3,4,3,4,4,5,5,5,5,5,5,5,5,5,5,5,5,5,5,5,5,5,5,5,5,5,5,5,5,5,5,5,5,5,5,5,5,5,5,5,5,5,5,5,5,5,5,5,5,5,5,5,5,5,5,5,5,5,5,5,5,5,5,5,5,5,5,5,5,5
178,480,480,475,469,469,464,461,460,484,485,482,476,475,468,466,466,486,489,485,482,481,475,474,469,490,485,490,485,482,477,473,471,497,492,496,490,489,484,477,473,502,494,494,490,488,482,489,478,509,506,501,496,492,487,490,482,505,508,502,496,498,495,489,485,4,3,3,3,3,3,3,3,4,3,3,3,2,2,3,3,3,3,3,3,3,3,3,3,4,3,3,2,3,2,3,3,3,3,3,3,3,3,3,3,4,4,4,3,3,3,3,3,4,4,4,3,3,4,3,4,5,5,4,3,3,4,4,6,5,5,5,5,5,5,5,5,5,5,5,5,5,5,5,5,5,5,5,5,5,5,5,5,5,5,5,5,5,5,5,5,5,5,5,5,5,5,5,5,5,5,5,5,5,5,5,5,5,5,5,5,5,5,5,5,5,5,5,5,5,5,5,5
179,479,482,478,470,468,467,463,461,488,479,476,476,471,463,469,468,492,495,482,475,478,470,470,466,498,487,491,482,483,478,472,466,496,489,492,487,486,476,476,478,499,497,493,493,490,485,482,480,509,507,487,491,496,493,485,488,510,510,506,502,496,493,491,490,3,3,3,3,2,2,3,3,3,3,3,3,3,2,3,3,3,3,3,3,2,3,3,3,3,3,3,3,2,2,3,3,3,3,3,3,3,3,3,3,3,4,3,3,3,3,3,3,4,4,3,3,4,3,3,4,4,5,3,4,3,3,3,4,5,5,5,5,5,5,5,5,5,5,5,5,5,5,5,5,5,5,5,5,5,5,5,5,5,5,5,5,5,5,5,5,5,5,5,5,5,5,5,5,5,5,5,5,5,5,5,5,5,5,5,5,5,5,5,5,5,5,5,5,5,5,5,5
180,480,479,472,471,468,470,461,471,486,482,477,475,474,472,468,464,489,489,484,478,476,477,471,465,504,489,487,482,480,477,478,468,496,491,486,494,489,479,482,471,496,490,491,493,482,481,477,477,512,506,502,497,493,485,491,486,524,511,514,500,490,492,487,493,3,3,3,3,3,3,3,3,3,3,3,3,3,2,3,3,4,4,3,3,2,3,3,3,3,3,3,2,3,3,3,3,4,3,3,3,3,3,3,3,4,4,3,3,3,3,3,4,4,4,4,4,4,4,4,4,5,4,4,3,3,3,4,6,5,5,5,5,5,5,5,5,5,5,5,5,5,5,5,5,5,5,5,5,5,5,5,5,5,5,5,5,5,5,5,5,5,5,5,5,5,5,5,5,5,5,5,5,5,5,5,5,5,5,5,5,5,5,5,5,5,5,5,5,5,5,5,5
181,480,480,475,476,464,465,467,460,486,476,478,473,469,468,469,465,486,491,484,481,475,475,472,473,490,491,485,482,481,476,479,467,494,489,492,491,487,481,476,478,502,501,501,487,488,486,475,480,504,501,497,492,491,493,487,485,516,510,510,496,500,498,488,486,4,3,3,3,2,3,3,3,3,3,3,2,2,2,3,3,3,3,3,3,2,2,3,3,3,3,3,2,3,2,3,3,3,3,3,3,3,3,3,3,3,3,4,3,3,3,3,3,4,4,3,3,3,3,3,3,4,5,3,4,3,3,3,5,5,5,5,5,5,5,5,5,5,5,5,5,5,5,5,5,5,5,5,5,5,5,5,5,5,5,5,5,5,5,5,5,5,5,5,5,5,5,5,5,5,5,5,5,5,5,5,5,5,5,5,5,5,5,5,5,5,5,5,5,5,5,5,5
182,485,481,476,475,469,470,466,458,486,486,478,469,473,464,468,466,490,490,480,482,476,474,470,467,498,490,484,481,478,479,471,469,499,493,495,489,485,483,474,478,501,502,484,488,488,486,483,483,512,504,504,494,490,488,489,489,511,512,497,502,494,485,497,484,4,3,3,3,3,3,3,3,3,3,3,3,3,3,3,3,4,3,3,3,2,3,3,3,3,3,3,2,3,2,3,3,4,4,3,3,3,3,3,3,4,3,3,3,3,3,3,3,3,4,3,3,4,3,4,3,5,5,4,4,4,4,4,5,5,5,5,5,5,5,5,5,5,5,5,5,5,5,5,5,5,5,5,5,5,5,5,5,5,5,5,5,5,5,5,5,5,5,5,5,5,5,5,5,5,5,5,5,5,5,5,5,5,5,5,5,5,5,5,5,5,5,5,5,5,5,5,5
183,485,480,478,468,470,466,459,458,484,473,480,474,474,467,465,465,491,486,477,476,477,474,476,465,494,494,489,484,477,476,475,474,500,495,492,492,485,480,477,474,506,498,493,495,491,490,479,476,501,499,497,491,493,493,488,490,505,508,508,499,494,492,493,484,4,3,2,3,2,2,3,3,3,3,3,2,3,2,3,2,3,4,3,3,2,3,3,3,3,3,3,2,2,3,3,3,4,3,3,3,3,3,3,3,4,4,3,3,3,3,3,3,4,4,3,4,3,3,3,4,5,5,4,4,3,4,4,5,5,5,5,5,5,5,5,5,5,5,5,5,5,5,5,5,5,5,5,5,5,5,5,5,5,5,5,5,5,5,5,5,5,5,5,5,5,5,5,5,5,5,5,5,5,5,5,5,5,5,5,5,5,5,5,5,5,5,5,5,5,5,5,5
184,486,477,469,476,465,468,469,462,483,479,487,475,473,472,468,462,491,486,487,484,473,478,473,464,493,491,481,480,485,475,477,471,499,494,491,495,484,479,477,469,507,504,494,492,492,483,482,485,516,506,504,499,489,491,492,490,509,508,505,499,502,495,492,489,4,3,3,3,3,3,3,3,3,3,3,3,3,3,3,3,4,3,3,3,2,3,3,3,3,3,3,3,3,2,3,3,3,3,3,3,3,3,3,3,4,3,4,4,3,3,3,3,4,4,4,3,3,3,3,4,4,4,4,4,3,4,4,6,5,5,5,5,5,5,5,5,5,5,5,5,5,5,5,5,5,5,5,5,5,5,5,5,5,5,5,5,5,5,5,5,5,5,5,5,5,5,5,5,5,5,5,5,5,5,5,5,5,5,5,5,5,5,5,5,5,5,5,5,5,5,5,5
185,483,481,476,471,468,465,463,464,488,481,474,477,477,469,464,465,484,485,479,482,480,475,465,468,495,483,482,486,479,476,474,468,496,492,493,487,484,479,480,475,499,498,496,488,493,484,481,482,508,503,501,492,495,484,489,486,510,504,506,496,497,489,499,491,4,3,3,3,2,2,3,3,3,2,3,3,2,2,3,3,3,4,3,3,2,2,3,3,3,3,3,2,3,2,3,3,3,3,3,3,3,2,3,3,3,3,3,3,3,3,3,3,4,4,3,3,4,3,3,4,4,5,4,3,3,4,4,5,5,5,5,5,5,5,5,5,5,5,5,5,5,5,5,5,5,5,5,5,5,5,5,5,5,5,5,5,5,5,5,5,5,5,5,5,5,5,5,5,5,5,5,5,5,5,5,5,5,5,5,5,5,5,5,5,5,5,5,5,5,5,5,5
186,482,474,480,468,467,465,464,467,487,485,481,472,473,467,469,464,494,484,487,477,476,475,478,460,495,484,491,482,485,480,476,473,497,489,482,490,485,488,476,480,500,499,500,488,489,484,487,478,500,502,500,496,493,488,487,492,517,503,504,495,491,495,493,481,4,3,3,3,3,3,3,3,3,3,3,3,2,2,3,3,3,4,3,3,3,3,3,3,3,3,3,3,3,2,3,3,4,3,3,3,3,3,3,4,4,3,4,3,3,3,4,4,4,4,4,4,3,4,3,4,4,5,3,4,4,4,4,5,5,5,5,5,5,5,5,5,5,5,5,5,5,5,5,5,5,5,5,5,5,5,5,5,5,5,5,5,5,5,5,5,5,5,5,5,5,5,5,5,5,5,5,5,5,5,5,5,5,5,5,5,5,5,5,5,5,5,5,5,5,5,5,5
187,483,477,476,471,468,463,463,460,485,479,481,472,473,472,473,466,492,486,478,481,475,469,470,468,492,487,488,484,481,479,475,473,495,493,487,487,485,486,479,473,498,493,491,497,491,486,483,478,509,502,500,495,494,489,493,486,515,509,506,509,497,488,497,492,4,3,3,3,2,2,3,3,3,3,3,3,2,2,3,3,3,4,2,3,2,2,2,3,4,3,3,2,3,2,3,3,4,3,3,3,3,3,3,3,3,4,3,3,3,3,3,4,4,4,3,4,3,3,3,4,4,4,3,4,3,3,4,4,5,5,5,5,5,5,5,5,5,5,5,5,5,5,5,5,5,5,5,5,5,5,5,5,5,5,5,5,5,5,5,5,5,5,5,5,5,5,5,5,5,5,5,5,5,5,5,5,5,5,5,5,5,5,5,5,5,5,5,5,5,5,5,5
188,481,482,477,471,468,467,461,462,483,481,483,479,475,466,462,468,494,485,479,477,476,478,472,470,495,486,487,479,481,478,477,482,501,487,493,494,483,483,478,481,498,502,489,490,493,483,482,483,513,503,501,502,497,489,489,482,513,499,503,503,497,493,498,490,4,3,3,3,2,3,3,2,3,3,3,3,3,2,3,3,4,4,3,3,3,3,3,3,4,3,3,3,3,3,3,4,4,3,3,3,3,3,3,3,4,3,3,3,3,3,4,3,4,4,3,4,4,3,3,4,5,5,4,4,4,3,4,6,5,5,5,5,5,5,5,5,5,5,5,5,5,5,5,5,5,5,5,5,5,5,5,5,5,5,5,5,5,5,5,5,5,5,5,5,5,5,5,5,5,5,5,5,5,5,5,5,5,5,5,5,5,5,5,5,5,5,5,5,5,5,5,5
189,480,482,475,465,471,463,456,459,486,484,476,480,472,475,468,464,489,480,480,480,474,474,474,468,495,494,490,486,485,475,474,467,496,493,492,487,480,488,476,478,496,495,498,488,495,485,494,482,514,504,501,486,495,485,490,486,509,500,508,500,499,493,492,489,3,3,3,3,3,3,3,3,3,3,2,3,2,2,2,3,3,4,3,3,2,3,3,3,3,3,3,2,2,2,3,3,4,3,3,3,3,3,3,3,3,4,3,3,3,3,3,3,4,4,3,3,3,3,3,3,4,4,3,4,3,3,4,5,5,5,5,5,5,5,5,5,5,5,5,5,5,5,5,5,5,5,5,5,5,5,5,5,5,5,5,5,5,5,5,5,5,5,5,5,5,5,5,5,5,5,5,5,5,5,5,5,5,5,5,5,5,5,5,5,5,5,5,5,5,5,5,5
190,478,478,474,468,470,461,463,466,489,480,479,477,475,467,467,466,487,485,485,481,478,475,475,465,493,485,494,478,484,474,478,478,490,495,493,490,484,477,474,477,498,493,493,494,490,487,480,488,508,501,503,494,495,488,487,482,500,504,502,497,493,494,495,488,4,3,3,3,3,3,3,3,4,3,3,3,3,2,3,3,4,4,3,3,2,3,3,3,3,3,3,3,3,3,3,3,4,3,3,3,3,3,3,3,4,4,3,3,3,3,3,3,3,4,3,4,3,4,3,4,5,5,4,4,4,3,3,5,5,5,5,5,5,5,5,5,5,5,5,5,5,5,5,5,5,5,5,5,5,5,5,5,5,5,5,5,5,5,5,5,5,5,5,5,5,5,5,5,5,5,5,5,5,5,5,5,5,5,5,5,5,5,5,5,5,5,5,5,5,5,5,5
191,479,483,473,473,469,462,464,460,483,484,478,471,475,469,475,464,483,484,474,482,478,472,466,466,500,489,488,483,482,480,472,469,501,500,486,485,487,478,484,474,501,496,493,483,486,483,482,483,506,503,501,494,490,484,490,478,510,507,506,501,498,496,499,496,4,3,3,3,3,3,3,3,3,2,3,3,3,3,3,3,4,4,3,3,2,3,3,3,3,3,3,2,2,2,3,3,4,3,3,3,3,2,3,3,3,4,3,3,3,3,3,3,4,4,3,3,3,3,3,3,4,5,3,4,3,3,4,4,5,5,5,5,5,5,5,5,5,5,5,5,5,5,5,5,5,5,5,5,5,5,5,5,5,5,5,5,5,5,5,5,5,5,5,5,5,5,5,5,5,5,5,5,5,5,5,5,5,5,5,5,5,5,5,5,5,5,5,5,5,5,5,5
192,481,480,472,472,467,466,459,462,478,482,476,475,470,470,469,466,480,489,480,485,473,473,475,475,493,493,488,485,473,482,473,469,505,493,493,494,486,482,482,477,503,499,495,495,486,484,481,482,497,508,504,494,492,491,492,479,504,506,505,503,495,490,493,487,4,3,3,3,2,3,3,3,3,3,3,3,3,3,3,3,4,3,3,3,3,3,3,3,3,4,3,3,3,3,3,3,4,3,3,3,3,3,3,3,3,3,3,3,3,3,3,3,4,4,3,4,4,3,3,4,4,4,3,4,3,3,4,5,5,5,5,5,5,5,5,5,5,5,5,5,5,5,5,5,5,5,5,5,5,5,5,5,5,5,5,5,5,5,5,5,5,5,5,5,5,5,5,5,5,5,5,5,5,5,5,5,5,5,5,5,5,5,5,5,5,5,5,5,5,5,5,5
193,483,480,471,478,469,468,462,460,490,482,479,474,476,470,470,460,487,484,478,481,474,474,467,466,495,486,481,476,477,478,474,473,499,492,489,489,479,483,482,473,502,501,501,498,488,480,486,483,509,496,497,493,491,488,488,485,510,501,511,501,497,491,492,499,3,3,3,3,2,3,3,3,3,3,3,3,3,2,2,3,3,4,3,3,2,2,3,3,3,3,3,3,3,2,3,3,4,3,3,3,3,3,3,3,3,3,4,3,3,3,3,4,4,4,3,3,3,3,3,4,4,5,4,4,3,3,3,5,5,5,5,5,5,5,5,5,5,5,5,5,5,5,5,5,5,5,5,5,5,5,5,5,5,5,5,5,5,5,5,5,5,5,5,5,5,5,5,5,5,5,5,5,5,5,5,5,5,5,5,5,5,5,5,5,5,5,5,5,5,5,5,5
194,483,475,475,476,472,462,467,462,489,479,476,478,472,469,467,467,491,488,481,483,476,477,474,468,492,497,488,486,485,478,477,475,492,496,491,488,486,478,479,469,509,496,492,492,487,480,480,482,507,499,491,496,489,485,489,479,513,497,504,508,497,488,496,493,4,3,3,3,3,3,3,3,3,3,3,3,3,2,3,3,4,4,3,3,2,3,3,3,3,3,3,3,3,3,3,3,3,4,3,3,3,3,3,3,4,4,3,3,3,3,3,3,4,4,4,4,3,4,3,4,4,5,4,4,3,3,4,5,5,5,5,5,5,5,5,5,5,5,5,5,5,5,5,5,5,5,5,5,5,5,5,5,5,5,5,5,5,5,5,5,5,5,5,5,5,5,5,5,5,5,5,5,5,5,5,5,5,5,5,5,5,5,5,5,5,5,5,5,5,5,5,5
195,485,473,471,467,465,466,463,465,484,478,478,472,476,467,464,470,493,494,483,487,474,468,472,467,493,486,490,480,483,476,471,475,497,498,489,489,488,486,476,477,503,497,500,491,490,485,489,483,503,507,492,497,496,486,494,487,511,512,494,497,502,496,483,494,4,3,3,3,2,3,3,3,3,3,3,3,3,2,3,3,3,3,3,3,2,2,3,3,3,3,3,3,2,2,3,3,4,3,3,3,3,3,3,3,4,3,3,3,3,3,4,3,4,4,3,3,4,3,3,4,5,4,3,4,3,4,3,4,5,5,5,5,5,5,5,5,5,5,5,5,5,5,5,5,5,5,5,5,5,5,5,5,5,5,5,5,5,5,5,5,5,5,5,5,5,5,5,5,5,5,5,5,5,5,5,5,5,5,5,5,5,5,5,5,5,5,5,5,5,5,5,5
196,482,480,477,475,471,464,465,463,487,477,483,475,477,472,468,464,493,482,481,484,473,477,473,473,500,481,484,476,478,480,473,470,501,495,487,483,486,484,479,479,506,497,500,491,489,485,482,480,504,501,490,494,492,488,490,490,501,498,505,500,499,489,499,488,3,3,3,3,3,3,3,3,3,3,3,3,3,3,3,3,3,3,3,3,2,3,3,3,3,3,3,3,3,3,3,3,4,3,3,3,3,3,3,3,3,4,4,3,3,3,3,3,4,4,4,3,4,4,3,4,4,5,3,4,4,4,4,5,5,5,5,5,5,5,5,5,5,5,5,5,5,5,5,5,5,5,5,5,5,5,5,5,5,5,5,5,5,5,5,5,5,5,5,5,5,5,5,5,5,5,5,5,5,5,5,5,5,5,5,5,5,5,5,5,5,5,5,5,5,5,5,5
197,485,479,476,475,467,470,462,462,486,481,476,478,473,469,469,469,485,486,478,482,478,471,473,465,496,492,489,483,480,479,472,471,498,495,491,489,486,483,476,483,508,496,493,491,494,485,486,487,509,505,497,496,493,490,491,487,517,512,507,503,502,491,491,482,3,3,3,3,2,3,3,2,3,2,3,3,2,2,3,3,3,3,3,3,2,2,3,3,3,3,3,2,2,2,3,3,3,3,3,3,2,3,3,3,4,4,3,3,3,3,3,3,4,4,3,3,3,3,3,4,5,4,3,4,3,4,4,5,5,5,5,5,5,5,5,5,5,5,5,5,5,5,5,5,5,5,5,5,5,5,5,5,5,5,5,5,5,5,5,5,5,5,5,5,5,5,5,5,5,5,5,5,5,5,5,5,5,5,5,5,5,5,5,5,5,5,5,5,5,5,5,5
198,484,478,476,473,463,464,465,466,483,485,487,476,476,467,473,467,489,482,480,478,475,472,474,470,497,490,483,481,485,478,474,478,500,493,488,489,485,486,476,475,505,498,500,491,484,485,484,484,510,502,504,498,498,491,485,490,514,510,513,502,490,487,495,483,3,3,3,3,3,3,3,3,3,3,3,3,3,3,3,3,4,3,3,3,2,3,3,3,3,3,3,3,3,2,3,3,4,3,3,3,3,3,3,3,4,4,4,3,3,3,3,3,5,4,3,3,4,3,3,4,4,5,4,4,4,4,4,5,5,5,5,5,5,5,5,5,5,5,5,5,5,5,5,5,5,5,5,5,5,5,5,5,5,5,5,5,5,5,5,5,5,5,5,5,5,5,5,5,5,5,5,5,5,5,5,5,5,5,5,5,5,5,5,5,5,5,5,5,5,5,5,5
199,482,478,472,473,473,468,462,458,489,482,476,473,471,467,470,465,484,488,477,478,480,476,472,471,497,490,487,487,480,478,472,472,502,501,494,487,486,487,477,477,510,493,495,498,485,486,488,481,516,505,500,500,496,490,484,481,515,513,502,493,494,490,488,490,3,3,3,3,2,2,3,2,3,2,3,2,2,2,3,3,3,4,3,3,2,3,3,3,3,3,3,2,3,2,3,3,4,3,3,3,3,3,3,3,3,4,4,3,3,3,3,3,4,4,3,3,3,3,3,3,4,4,3,4,4,4,3,5,5,5,5,5,5,5,5,5,5,5,5,5,5,5,5,5,5,5,5,5,5,5,5,5,5,5,5,5,5,5,5,5,5,5,5,5,5,5,5,5,5,5,5,5,5,5,5,5,5,5,5,5,5,5,5,5,5,5,5,5,5,5,5,5
