frame,dist_z0,dist_z1,dist_z2,dist_z3,dist_z4,dist_z5,dist_z6,dist_z7,dist_z8,dist_z9,dist_z10,dist_z11,dist_z12,dist_z13,dist_z14,dist_z15,dist_z16,dist_z17,dist_z18,dist_z19,dist_z20,dist_z21,dist_z22,dist_z23,dist_z24,dist_z25,dist_z26,dist_z27,dist_z28,dist_z29,dist_z30,dist_z31,dist_z32,dist_z33,dist_z34,dist_z35,dist_z36,dist_z37,dist_z38,dist_z39,dist_z40,dist_z41,dist_z42,dist_z43,dist_z44,dist_z45,dist_z46,dist_z47,dist_z48,dist_z49,dist_z50,dist_z51,dist_z52,dist_z53,dist_z54,dist_z55,dist_z56,dist_z57,dist_z58,dist_z59,dist_z60,dist_z61,dist_z62,dist_z63,sigma_z0,sigma_z1,sigma_z2,sigma_z3,sigma_z4,sigma_z5,sigma_z6,sigma_z7,sigma_z8,sigma_z9,sigma_z10,sigma_z11,sigma_z12,sigma_z13,sigma_z14,sigma_z15,sigma_z16,sigma_z17,sigma_z18,sigma_z19,sigma_z20,sigma_z21,sigma_z22,sigma_z23,sigma_z24,sigma_z25,sigma_z26,sigma_z27,sigma_z28,sigma_z29,sigma_z30,sigma_z31,sigma_z32,sigma_z33,sigma_z34,sigma_z35,sigma_z36,sigma_z37,sigma_z38,sigma_z39,sigma_z40,sigma_z41,sigma_z42,sigma_z43,sigma_z44,sigma_z45,sigma_z46,sigma_z47,sigma_z48,sigma_z49,sigma_z50,sigma_z51,sigma_z52,sigma_z53,sigma_z54,sigma_z55,sigma_z56,sigma_z57,sigma_z58,sigma_z59,sigma_z60,sigma_z61,sigma_z62,sigma_z63,status_z0,status_z1,status_z2,status_z3,status_z4,status_z5,status_z6,status_z7,status_z8,status_z9,status_z10,status_z11,status_z12,status_z13,status_z14,status_z15,status_z16,status_z17,status_z18,status_z19,status_z20,status_z21,status_z22,status_z23,status_z24,status_z25,status_z26,status_z27,status_z28,status_z29,status_z30,status_z31,status_z32,status_z33,status_z34,status_z35,status_z36,status_z37,status_z38,status_z39,status_z40,status_z41,status_z42,status_z43,status_z44,status_z45,status_z46,status_z47,status_z48,status_z49,status_z50,status_z51,status_z52,status_z53,status_z54,status_z55,status_z56,status_z57,status_z58,status_z59,status_z60,status_z61,status_z62,status_z63
0,478,482,482,479,471,466,464,467,480,485,480,472,476,468,467,466,492,490,486,493,477,480,475,478,503,497,487,493,484,482,480,476,508,490,494,487,485,479,472,474,516,500,505,493,488,491,482,479,519,513,504,499,495,489,488,484,509,514,509,499,501,484,502,496,4,4,3,3,3,3,4,3,4,3,3,3,3,3,3,3,4,4,3,3,3,4,3,4,4,4,4,3,4,3,3,4,5,4,4,3,3,3,3,4,6,3,4,4,4,3,4,4,5,6,4,5,4,4,4,4,4,5,4,4,4,4,5,5,5,5,5,5,5,5,5,5,5,5,5,5,5,5,5,5,5,5,5,5,5,5,5,5,5,5,5,5,5,5,5,5,5,5,5,5,5,5,5,5,5,5,5,5,5,5,5,5,5,5,5,5,5,5,5,5,5,5,5,5,5,5,5,5
1,478,483,474,478,469,468,466,471,484,482,479,475,480,470,471,462,485,494,483,479,481,478,468,468,487,491,495,489,485,487,472,470,495,503,498,483,490,483,484,485,501,502,504,495,491,484,483,486,509,511,503,500,492,485,497,487,510,498,504,506,498,502,503,499,4,4,4,4,3,3,4,4,4,3,3,3,3,3,3,4,4,4,3,4,3,3,3,4,5,4,4,4,3,4,4,4,5,4,4,4,3,3,4,4,4,5,5,4,4,4,4,4,5,6,4,4,4,4,4,4,6,6,4,5,5,4,4,6,5,5,5,5,5,5,5,5,5,5,5,5,5,5,5,5,5,5,5,5,5,5,5,5,5,5,5,5,5,5,5,5,5,5,5,5,5,5,5,5,5,5,5,5,5,5,5,5,5,5,5,5,5,5,5,5,5,5,5,5,5,5,5,5
2,480,478,475,469,465,461,473,471,486,483,482,481,477,475,468,465,485,491,481,475,477,474,476,465,498,498,490,478,481,483,477,475,500,497,494,487,489,483,479,473,504,502,506,489,493,494,490,483,515,505,507,501,496,488,493,488,519,516,502,505,505,497,502,486,4,3,4,3,3,3,3,4,4,3,4,3,3,3,3,3,4,4,4,3,4,3,3,3,4,4,4,3,3,3,3,4,4,4,3,3,3,4,3,4,5,4,4,4,4,3,4,4,5,5,4,5,5,4,4,5,6,5,4,5,4,4,5,6,5,5,5,5,5,5,5,5,5,5,5,5,5,5,5,5,5,5,5,5,5,5,5,5,5,5,5,5,5,5,5,5,5,5,5,5,5,5,5,5,5,5,5,5,5,5,5,5,5,5,5,5,5,5,5,5,5,5,5,5,5,5,5,5
3,480,480,477,477,470,468,459,468,494,479,485,481,482,471,473,463,494,493,489,480,492,482,477,469,490,484,504,484,483,482,480,469,502,503,488,493,485,485,490,474,499,500,489,491,491,491,487,488,514,504,500,497,487,487,491,485,515,509,508,501,499,488,497,483,4,3,4,4,3,3,3,4,4,3,4,3,3,3,4,4,5,4,4,3,4,4,4,4,4,4,4,3,3,3,4,4,5,5,3,4,3,3,4,4,4,5,4,4,4,4,4,4,5,5,4,5,4,5,5,4,6,5,4,5,5,5,5,6,5,5,5,5,5,5,5,5,5,5,5,5,5,5,5,5,5,5,5,5,5,5,5,5,5,5,5,5,5,5,5,5,5,5,5,5,5,5,5,5,5,5,5,5,5,5,5,5,5,5,5,5,5,5,5,5,5,5,5,5,5,5,5,5
4,490,477,476,474,475,471,467,465,490,477,484,478,481,475,472,466,490,493,483,482,479,478,476,466,498,485,486,482,487,484,476,471,500,497,494,486,486,485,477,478,509,505,490,503,486,491,479,484,505,505,500,499,489,487,490,488,512,498,505,501,505,499,504,483,4,3,4,4,3,3,3,4,4,4,3,4,3,3,3,3,4,5,4,3,3,3,3,4,4,4,3,3,3,3,3,4,5,4,4,4,3,3,3,4,4,4,4,4,4,4,4,4,5,5,4,4,4,4,4,4,5,5,4,5,4,4,5,5,5,5,5,5,5,5,5,5,5,5,5,5,5,5,5,5,5,5,5,5,5,5,5,5,5,5,5,5,5,5,5,5,5,5,5,5,5,5,5,5,5,5,5,5,5,5,5,5,5,5,5,5,5,5,5,5,5,5,5,5,5,5,5,5
5,486,480,481,478,470,463,467,462,498,478,479,478,480,474,473,468,490,494,480,480,483,482,472,472,500,490,496,483,480,480,480,469,502,497,493,492,488,485,472,471,507,494,496,504,496,488,483,486,510,506,491,506,497,498,489,484,516,505,508,507,503,501,501,485,5,3,4,4,3,3,4,3,4,4,4,3,3,3,3,4,5,5,4,3,3,3,3,4,6,4,3,3,3,3,4,4,6,4,4,3,4,4,3,4,4,4,5,5,4,4,4,5,5,5,5,4,4,4,4,5,6,6,4,6,4,4,5,7,5,5,5,5,5,5,5,5,5,5,5,5,5,5,5,5,5,5,5,5,5,5,5,5,5,5,5,5,5,5,5,5,5,5,5,5,5,5,5,5,5,5,5,5,5,5,5,5,5,5,5,5,5,5,5,5,5,5,5,5,5,5,5,5
6,484,477,474,472,471,469,464,458,493,486,475,474,476,473,474,468,483,495,485,476,478,474,465,468,495,490,488,485,485,483,476,482,499,499,494,485,490,483,478,469,503,498,497,488,487,489,487,485,500,507,508,503,499,496,491,487,519,506,507,498,501,494,491,483,4,3,4,4,3,3,3,4,3,3,3,3,3,3,3,3,5,4,3,3,3,3,3,3,4,4,3,3,3,3,3,4,5,4,3,3,3,3,4,3,4,4,4,4,4,3,4,4,5,5,4,4,3,4,4,4,5,6,4,5,4,4,4,6,5,5,5,5,5,5,5,5,5,5,5,5,5,5,5,5,5,5,5,5,5,5,5,5,5,5,5,5,5,5,5,5,5,5,5,5,5,5,5,5,5,5,5,5,5,5,5,5,5,5,5,5,5,5,5,5,5,5,5,5,5,5,5,5
7,491,479,476,472,472,476,461,468,486,480,490,485,472,477,465,467,495,493,484,481,476,477,473,477,496,491,493,486,479,479,474,475,507,498,494,497,484,490,481,477,496,500,500,493,488,488,485,477,509,502,516,501,492,497,493,498,514,499,505,506,505,490,498,487,5,3,3,4,3,3,3,4,4,3,4,4,3,3,3,4,5,4,4,3,3,3,3,3,4,4,4,3,4,3,3,4,5,5,4,4,3,4,4,4,4,5,4,4,4,3,4,4,5,5,5,4,4,4,4,5,5,6,5,5,4,5,5,7,5,5,5,5,5,5,5,5,5,5,5,5,5,5,5,5,5,5,5,5,5,5,5,5,5,5,5,5,5,5,5,5,5,5,5,5,5,5,5,5,5,5,5,5,5,5,5,5,5,5,5,5,5,5,5,5,5,5,5,5,5,5,5,5
8,482,485,480,472,473,465,469,464,485,478,475,476,479,469,474,466,485,494,482,482,480,473,471,474,496,490,496,488,477,480,473,470,493,499,492,495,491,480,490,484,505,493,507,497,491,482,487,478,512,508,497,495,498,490,495,487,518,511,501,503,509,497,495,492,4,3,4,3,3,3,4,4,4,4,3,3,3,3,3,3,5,4,3,3,3,3,3,4,5,3,4,3,3,3,3,3,4,4,3,3,3,3,4,4,4,4,4,4,4,3,4,4,4,5,4,5,4,4,3,4,5,7,4,5,4,4,5,7,5,5,5,5,5,5,5,5,5,5,5,5,5,5,5,5,5,5,5,5,5,5,5,5,5,5,5,5,5,5,5,5,5,5,5,5,5,5,5,5,5,5,5,5,5,5,5,5,5,5,5,5,5,5,5,5,5,5,5,5,5,5,5,5
9,484,478,476,478,462,465,464,465,490,483,486,479,472,478,473,463,498,499,489,484,480,472,476,468,496,493,481,481,480,478,478,473,496,494,491,497,486,481,487,481,503,505,492,500,489,488,491,478,507,503,502,496,488,490,480,492,518,503,512,499,496,500,497,496,5,4,4,3,3,3,4,4,4,3,4,4,3,3,4,3,5,4,4,4,3,3,4,4,4,4,4,4,4,3,3,5,4,4,4,4,4,4,4,4,5,4,4,4,4,4,5,5,4,4,5,4,4,4,5,4,6,6,4,6,5,4,4,7,5,5,5,5,5,5,5,5,5,5,5,5,5,5,5,5,5,5,5,5,5,5,5,5,5,5,5,5,5,5,5,5,5,5,5,5,5,5,5,5,5,5,5,5,5,5,5,5,5,5,5,5,5,5,5,5,5,5,5,5,5,5,5,5
10,484,480,475,469,474,471,462,466,494,479,476,476,472,475,474,461,490,494,487,483,482,477,469,474,491,489,493,482,484,484,480,477,502,489,489,493,486,481,479,470,508,500,497,498,490,481,484,484,506,494,497,496,499,497,492,478,499,505,507,494,500,495,501,493,4,3,3,3,3,3,3,3,4,4,3,3,3,3,3,3,4,4,4,3,3,3,3,4,4,4,3,3,3,3,3,4,4,4,4,4,3,3,3,3,4,5,4,4,4,3,4,4,5,5,4,4,4,5,4,4,5,6,4,4,4,4,6,7,5,5,5,5,5,5,5,5,5,5,5,5,5,5,5,5,5,5,5,5,5,5,5,5,5,5,5,5,5,5,5,5,5,5,5,5,5,5,5,5,5,5,5,5,5,5,5,5,5,5,5,5,5,5,5,5,5,5,5,5,5,5,5,5
11,484,471,479,481,474,460,464,462,491,474,487,477,479,470,466,470,497,484,485,490,482,471,469,470,500,486,496,485,481,479,480,477,510,501,497,490,486,482,485,486,508,507,496,489,486,477,484,486,519,508,500,502,495,494,497,483,517,499,507,502,497,496,502,501,5,4,4,4,3,3,3,4,4,3,4,3,3,3,4,3,4,4,4,4,3,4,3,4,5,3,4,3,3,3,4,4,5,4,4,3,3,4,4,4,5,4,5,4,4,3,4,4,4,5,4,5,4,4,4,4,6,6,4,5,5,4,5,6,5,5,5,5,5,5,5,5,5,5,5,5,5,5,5,5,5,5,5,5,5,5,5,5,5,5,5,5,5,5,5,5,5,5,5,5,5,5,5,5,5,5,5,5,5,5,5,5,5,5,5,5,5,5,5,5,5,5,5,5,5,5,5,5
12,476,475,480,474,467,469,461,467,485,483,482,468,475,470,472,464,487,487,485,482,480,473,480,470,498,488,489,486,480,473,482,472,494,496,494,491,491,483,478,480,509,498,496,495,499,487,488,485,496,509,496,498,501,491,499,488,518,511,506,504,502,492,504,496,4,3,3,4,3,3,3,3,4,3,3,4,3,3,3,3,4,5,3,3,3,3,4,4,4,4,4,3,3,3,3,3,4,4,3,4,3,3,3,4,5,4,4,4,4,4,5,4,4,5,5,4,5,5,4,4,5,6,4,5,5,5,5,7,5,5,5,5,5,5,5,5,5,5,5,5,5,5,5,5,5,5,5,5,5,5,5,5,5,5,5,5,5,5,5,5,5,5,5,5,5,5,5,5,5,5,5,5,5,5,5,5,5,5,5,5,5,5,5,5,5,5,5,5,5,5,5,5
13,487,480,475,473,465,468,463,467,485,481,480,477,477,468,477,469,486,486,490,482,481,477,477,473,495,496,489,492,485,472,472,473,497,495,489,494,488,487,483,478,513,501,503,493,495,489,487,483,513,514,493,492,492,486,490,481,513,507,504,500,505,498,505,490,5,4,4,4,3,3,4,4,4,3,4,3,4,3,3,4,4,4,4,3,3,3,3,4,6,4,4,3,4,4,3,4,5,4,4,3,3,3,3,4,5,5,5,4,4,4,4,4,5,5,5,5,4,4,4,5,5,6,4,5,5,5,5,7,5,5,5,5,5,5,5,5,5,5,5,5,5,5,5,5,5,5,5,5,5,5,5,5,5,5,5,5,5,5,5,5,5,5,5,5,5,5,5,5,5,5,5,5,5,5,5,5,5,5,5,5,5,5,5,5,5,5,5,5,5,5,5,5
14,487,485,484,475,471,467,468,464,486,477,483,477,468,474,470,468,495,491,489,479,480,475,471,479,486,488,492,483,479,481,477,471,499,487,495,491,491,485,478,478,511,502,499,488,490,493,490,487,504,510,508,498,496,494,492,493,517,510,509,504,499,492,494,492,5,3,4,3,3,3,3,3,4,3,4,3,3,3,3,3,4,5,4,3,3,3,3,4,5,3,3,3,4,3,3,4,4,4,4,3,4,3,3,4,4,5,4,4,4,4,4,4,5,5,4,4,4,3,4,5,5,6,4,5,4,4,5,7,5,5,5,5,5,5,5,5,5,5,5,5,5,5,5,5,5,5,5,5,5,5,5,5,5,5,5,5,5,5,5,5,5,5,5,5,5,5,5,5,5,5,5,5,5,5,5,5,5,5,5,5,5,5,5,5,5,5,5,5,5,5,5,5
15,484,476,473,477,472,467,468,470,491,486,487,478,479,478,469,467,492,486,482,487,476,476,475,478,492,491,484,491,483,475,479,481,501,495,491,497,497,482,483,476,499,504,494,493,491,491,482,478,505,501,493,492,492,489,489,484,515,511,504,509,499,503,492,479,4,4,3,4,3,3,4,4,4,4,4,4,3,3,3,4,4,5,3,4,3,4,3,3,5,4,4,3,4,3,4,4,5,5,4,4,4,3,4,4,4,5,5,4,4,4,4,5,5,5,4,4,4,4,5,4,6,7,4,5,4,5,5,6,5,5,5,5,5,5,5,5,5,5,5,5,5,5,5,5,5,5,5,5,5,5,5,5,5,5,5,5,5,5,5,5,5,5,5,5,5,5,5,5,5,5,5,5,5,5,5,5,5,5,5,5,5,5,5,5,5,5,5,5,5,5,5,5
16,487,479,482,475,470,470,470,465,487,477,478,477,479,472,472,473,502,492,480,486,476,480,474,476,502,486,484,483,480,482,477,473,499,497,486,490,487,491,484,480,499,500,488,494,487,490,485,482,513,506,500,504,491,486,490,489,512,496,504,496,490,492,488,494,4,3,3,4,3,3,4,4,4,4,3,3,3,3,3,4,5,4,3,4,3,3,3,3,4,3,3,3,3,3,4,4,4,4,3,3,3,4,4,4,4,5,4,4,4,3,4,4,5,5,4,4,4,4,4,5,6,5,4,5,4,4,5,6,5,5,5,5,5,5,5,5,5,5,5,5,5,5,5,5,5,5,5,5,5,5,5,5,5,5,5,5,5,5,5,5,5,5,5,5,5,5,5,5,5,5,5,5,5,5,5,5,5,5,5,5,5,5,5,5,5,5,5,5,5,5,5,5
17,486,480,483,477,471,474,469,464,490,482,481,478,471,468,474,467,496,488,481,475,478,479,468,475,487,500,486,492,478,485,476,482,502,495,479,493,483,482,479,482,506,499,496,497,486,496,495,490,517,507,506,490,489,488,491,480,516,512,500,507,490,503,497,504,5,4,4,4,3,3,4,3,4,3,4,3,3,3,3,4,4,5,4,3,3,3,3,4,5,4,4,3,4,3,4,4,5,4,4,3,4,3,3,4,4,4,4,5,4,4,5,4,5,5,4,5,4,4,4,4,5,7,4,5,5,5,5,7,5,5,5,5,5,5,5,5,5,5,5,5,5,5,5,5,5,5,5,5,5,5,5,5,5,5,5,5,5,5,5,5,5,5,5,5,5,5,5,5,5,5,5,5,5,5,5,5,5,5,5,5,5,5,5,5,5,5,5,5,5,5,5,5
18,486,490,469,470,472,468,472,468,494,489,480,477,472,472,474,467,491,483,480,478,478,472,465,471,499,496,487,489,482,483,484,471,498,495,491,492,494,478,480,482,507,503,503,495,491,484,486,481,506,505,495,500,485,488,492,488,505,504,508,497,490,498,496,492,5,4,3,4,3,3,3,3,4,3,3,3,3,3,4,4,4,4,3,3,3,3,3,4,4,4,4,3,4,3,3,4,4,4,4,3,3,3,4,4,4,4,5,4,4,4,4,4,5,4,4,4,4,4,3,4,5,5,4,5,4,4,5,6,5,5,5,5,5,5,5,5,5,5,5,5,5,5,5,5,5,5,5,5,5,5,5,5,5,5,5,5,5,5,5,5,5,5,5,5,5,5,5,5,5,5,5,5,5,5,5,5,5,5,5,5,5,5,5,5,5,5,5,5,5,5,5,5
19,491,482,470,474,475,471,462,466,492,485,477,478,471,477,466,463,492,499,484,479,475,473,475,470,487,495,492,479,479,483,477,472,502,500,499,488,493,492,477,484,510,503,491,500,487,488,478,485,517,512,510,497,493,485,494,494,520,507,501,501,499,491,495,473,5,4,3,4,3,3,4,4,4,3,3,4,3,3,3,3,4,4,4,3,3,3,4,4,5,4,4,3,4,3,4,4,4,4,4,3,3,4,4,4,5,4,4,4,4,4,5,4,4,5,5,6,4,4,4,6,6,7,4,5,5,5,5,6,5,5,5,5,5,5,5,5,5,5,5,5,5,5,5,5,5,5,5,5,5,5,5,5,5,5,5,5,5,5,5,5,5,5,5,5,5,5,5,5,5,5,5,5,5,5,5,5,5,5,5,5,5,5,5,5,5,5,5,5,5,5,5,5
20,486,486,482,474,467,469,465,465,487,478,485,480,474,474,468,466,493,489,487,481,474,480,473,470,498,487,495,491,482,479,478,475,501,494,493,495,475,486,478,484,506,499,500,491,500,488,481,480,508,513,504,503,496,493,490,487,511,513,502,492,500,500,502,490,5,3,4,4,3,3,3,3,4,3,3,3,3,3,3,3,4,5,4,3,3,3,3,4,4,4,4,3,3,3,3,4,4,4,4,4,3,3,3,4,4,3,4,4,4,3,4,4,6,5,4,4,4,3,4,5,5,6,4,6,4,4,5,7,5,5,5,5,5,5,5,5,5,5,5,5,5,5,5,5,5,5,5,5,5,5,5,5,5,5,5,5,5,5,5,5,5,5,5,5,5,5,5,5,5,5,5,5,5,5,5,5,5,5,5,5,5,5,5,5,5,5,5,5,5,5,5,5
21,484,487,471,468,470,466,467,470,486,481,484,473,473,477,471,466,493,495,488,482,482,473,480,473,498,487,491,484,483,482,480,476,504,500,496,489,491,488,487,478,506,495,500,490,487,488,480,478,509,509,506,506,490,479,493,484,515,515,503,500,506,502,495,479,4,4,4,4,3,3,4,4,4,4,4,3,3,3,3,4,4,4,4,3,3,3,4,3,5,4,4,3,3,3,4,4,4,5,4,4,4,3,4,5,5,4,5,4,4,4,4,4,5,5,4,5,4,4,4,5,5,7,4,5,5,5,5,7,5,5,5,5,5,5,5,5,5,5,5,5,5,5,5,5,5,5,5,5,5,5,5,5,5,5,5,5,5,5,5,5,5,5,5,5,5,5,5,5,5,5,5,5,5,5,5,5,5,5,5,5,5,5,5,5,5,5,5,5,5,5,5,5
22,487,480,479,476,469,473,467,466,488,479,478,476,484,477,473,467,487,497,487,485,484,471,473,471,496,496,487,490,479,482,478,472,495,497,497,486,490,489,479,475,514,492,491,497,488,494,485,478,508,502,505,506,490,494,479,492,507,505,504,504,497,503,497,486,5,3,3,4,3,3,4,4,4,4,3,3,3,3,3,3,4,4,4,3,3,3,3,4,4,4,4,3,3,3,3,4,5,4,4,3,4,3,3,4,5,4,4,4,4,4,4,4,4,4,4,4,4,4,4,4,4,5,4,4,4,4,4,5,5,5,5,5,5,5,5,5,5,5,5,5,5,5,5,5,5,5,5,5,5,5,5,5,5,5,5,5,5,5,5,5,5,5,5,5,5,5,5,5,5,5,5,5,5,5,5,5,5,5,5,5,5,5,5,5,5,5,5,5,5,5,5,5
23,479,486,474,478,469,471,471,466,491,486,484,479,475,467,474,479,495,488,482,481,476,478,471,481,503,495,489,488,489,479,474,474,500,495,495,494,485,488,481,472,502,499,501,504,490,484,480,484,509,496,504,501,498,490,501,489,510,519,502,502,501,495,502,476,5,4,4,4,3,3,4,3,4,3,4,3,3,3,3,3,5,5,3,4,3,4,4,5,4,5,3,3,4,3,3,3,5,4,4,3,3,3,3,4,5,5,4,5,4,4,4,4,5,4,4,4,4,5,5,5,5,6,4,6,4,5,5,6,5,5,5,5,5,5,5,5,5,5,5,5,5,5,5,5,5,5,5,5,5,5,5,5,5,5,5,5,5,5,5,5,5,5,5,5,5,5,5,5,5,5,5,5,5,5,5,5,5,5,5,5,5,5,5,5,5,5,5,5,5,5,5,5
24,490,478,479,473,472,467,465,464,484,482,485,475,480,475,474,461,492,484,485,488,474,480,480,470,496,484,483,490,481,478,471,470,496,485,495,485,495,484,488,487,507,508,498,488,489,493,487,481,513,502,499,493,494,497,488,482,503,515,500,499,493,500,492,476,5,4,3,4,3,3,4,4,4,3,3,3,4,3,4,3,4,4,3,3,3,4,4,4,5,3,3,3,3,3,3,4,4,4,4,3,3,3,4,3,4,4,4,4,4,4,4,4,5,4,4,4,4,3,4,4,6,7,4,5,4,4,4,6,5,5,5,5,5,5,5,5,5,5,5,5,5,5,5,5,5,5,5,5,5,5,5,5,5,5,5,5,5,5,5,5,5,5,5,5,5,5,5,5,5,5,5,5,5,5,5,5,5,5,5,5,5,5,5,5,5,5,5,5,5,5,5,5
25,487,483,476,484,470,465,468,462,483,482,484,484,473,474,472,464,493,486,489,485,478,479,476,473,503,492,490,487,486,477,480,473,502,500,493,489,481,489,486,476,511,501,506,493,486,490,483,481,503,501,509,498,492,486,488,497,521,509,502,501,498,498,495,505,5,4,4,3,3,3,4,4,4,4,4,3,3,3,3,3,4,5,4,3,3,3,3,4,4,4,4,3,4,3,4,4,5,4,4,3,4,3,4,4,4,4,3,4,4,4,4,4,5,4,5,4,4,5,4,6,5,7,4,4,4,5,5,7,5,5,5,5,5,5,5,5,5,5,5,5,5,5,5,5,5,5,5,5,5,5,5,5,5,5,5,5,5,5,5,5,5,5,5,5,5,5,5,5,5,5,5,5,5,5,5,5,5,5,5,5,5,5,5,5,5,5,5,5,5,5,5,5
26,484,478,480,471,474,459,469,468,488,483,480,478,469,475,468,460,497,491,484,485,484,477,473,482,499,496,490,489,480,475,473,476,503,500,495,491,496,483,481,477,501,489,497,492,493,490,486,485,507,508,500,497,495,489,492,487,504,514,500,495,504,498,496,496,4,4,3,3,3,3,4,4,4,4,3,3,3,3,3,3,4,5,3,3,3,3,3,3,4,3,3,3,3,3,3,4,4,4,4,3,4,3,3,4,4,4,4,3,4,4,5,4,5,5,4,4,4,4,4,5,5,5,4,4,4,4,4,8,5,5,5,5,5,5,5,5,5,5,5,5,5,5,5,5,5,5,5,5,5,5,5,5,5,5,5,5,5,5,5,5,5,5,5,5,5,5,5,5,5,5,5,5,5,5,5,5,5,5,5,5,5,5,5,5,5,5,5,5,5,5,5,5
27,493,476,471,474,472,471,462,470,485,481,484,480,476,473,468,467,496,483,491,487,478,475,471,470,493,488,493,483,488,477,472,475,504,497,499,491,489,485,484,480,502,507,499,501,495,490,494,481,508,502,505,498,492,498,485,492,508,510,514,499,498,493,491,490,4,3,3,4,3,3,4,3,4,4,4,4,3,3,3,4,4,4,4,4,3,4,3,4,5,4,4,3,4,3,3,4,4,4,4,4,3,3,4,4,4,5,4,4,4,4,5,4,5,5,5,4,4,4,5,4,5,7,5,5,4,5,4,7,5,5,5,5,5,5,5,5,5,5,5,5,5,5,5,5,5,5,5,5,5,5,5,5,5,5,5,5,5,5,5,5,5,5,5,5,5,5,5,5,5,5,5,5,5,5,5,5,5,5,5,5,5,5,5,5,5,5,5,5,5,5,5,5
28,485,482,483,469,471,469,465,464,485,486,477,475,473,475,467,469,487,484,485,479,477,482,475,472,497,493,492,484,480,485,480,478,501,499,493,493,486,483,479,482,503,498,500,496,495,483,477,481,508,510,498,494,485,497,487,490,499,506,505,507,504,489,497,489,4,4,4,3,3,3,3,3,4,3,3,3,3,3,3,4,4,4,3,3,3,3,3,4,5,4,4,3,3,3,3,4,4,4,3,3,3,3,3,4,5,4,4,4,4,3,4,4,5,5,4,4,4,4,4,5,5,6,4,5,4,5,5,7,5,5,5,5,5,5,5,5,5,5,5,5,5,5,5,5,5,5,5,5,5,5,5,5,5,5,5,5,5,5,5,5,5,5,5,5,5,5,5,5,5,5,5,5,5,5,5,5,5,5,5,5,5,5,5,5,5,5,5,5,5,5,5,5
29,481,483,481,470,474,469,460,470,488,479,485,478,480,476,468,461,494,489,485,478,474,482,480,465,495,488,485,492,482,482,476,470,505,493,496,489,493,485,484,484,501,505,499,497,491,491,483,480,518,503,506,500,492,494,498,493,507,510,516,506,502,499,503,491,4,3,4,3,3,3,3,4,4,4,4,4,3,3,3,3,4,5,4,4,3,4,3,4,4,4,4,3,4,3,4,4,5,4,4,4,3,4,4,5,4,4,5,5,4,4,4,5,5,5,4,4,4,4,5,6,5,6,5,5,4,4,5,6,5,5,5,5,5,5,5,5,5,5,5,5,5,5,5,5,5,5,5,5,5,5,5,5,5,5,5,5,5,5,5,5,5,5,5,5,5,5,5,5,5,5,5,5,5,5,5,5,5,5,5,5,5,5,5,5,5,5,5,5,5,5,5,5
30,478,477,474,478,469,471,468,466,494,489,480,474,479,471,475,469,492,494,484,486,485,468,475,468,494,496,487,485,486,477,475,471,506,497,498,486,491,484,487,466,507,500,498,491,490,484,485,487,502,508,502,508,494,492,500,480,509,515,506,503,494,497,499,489,4,4,3,4,3,3,4,4,4,3,3,3,3,3,3,3,4,5,3,3,3,3,3,3,4,4,3,3,4,3,3,4,4,4,4,3,3,3,4,4,5,4,4,4,4,3,4,4,4,5,4,4,4,4,5,4,4,5,4,5,4,5,5,5,5,5,5,5,5,5,5,5,5,5,5,5,5,5,5,5,5,5,5,5,5,5,5,5,5,5,5,5,5,5,5,5,5,5,5,5,5,5,5,5,5,5,5,5,5,5,5,5,5,5,5,5,5,5,5,5,5,5,5,5,5,5,5,5
31,493,480,471,474,469,472,473,465,495,473,480,473,481,482,465,463,482,495,483,495,475,475,464,473,493,492,491,484,483,486,470,479,499,498,492,489,485,470,479,486,505,498,500,503,493,482,485,484,521,507,497,503,491,499,493,496,528,511,511,511,495,495,498,489,4,4,4,4,3,4,3,4,5,4,3,3,3,3,3,4,5,4,4,4,3,3,3,4,5,4,4,3,3,3,3,5,5,4,4,4,3,4,4,4,4,5,5,5,4,4,4,4,5,6,4,4,4,4,4,5,6,5,5,5,4,4,5,7,5,5,5,5,5,5,5,5,5,5,5,5,5,5,5,5,5,5,5,5,5,5,5,5,5,5,5,5,5,5,5,5,5,5,5,5,5,5,5,5,5,5,5,5,5,5,5,5,5,5,5,5,5,5,5,5,5,5,5,5,5,5,5,5
32,482,481,477,481,468,474,465,464,491,485,484,480,476,473,472,464,491,492,480,477,475,472,472,468,504,487,487,487,487,481,476,470,505,496,489,493,485,480,485,470,509,495,494,493,491,492,490,491,518,503,497,501,499,487,488,487,511,515,502,509,509,498,502,495,5,3,4,4,3,3,3,3,4,3,3,3,3,3,4,3,5,4,3,3,3,3,4,3,4,4,3,3,3,3,4,4,4,4,3,3,3,3,3,3,5,4,4,4,4,4,4,4,4,4,4,4,5,4,5,5,4,5,4,5,5,4,5,7,5,5,5,5,5,5,5,5,5,5,5,5,5,5,5,5,5,5,5,5,5,5,5,5,5,5,5,5,5,5,5,5,5,5,5,5,5,5,5,5,5,5,5,5,5,5,5,5,5,5,5,5,5,5,5,5,5,5,5,5,5,5,5,5
33,491,481,482,470,468,470,469,466,486,484,479,478,479,467,466,469,489,495,484,488,488,475,474,475,503,492,486,479,489,482,474,473,510,501,494,491,481,484,476,479,508,498,500,491,488,488,486,477,508,496,501,500,493,484,493,493,527,516,509,502,502,493,491,492,5,4,4,4,3,3,3,3,4,3,4,3,3,3,3,4,5,4,4,4,3,3,3,3,4,4,4,3,4,3,4,4,5,4,4,4,3,3,3,4,4,5,4,4,4,3,4,4,5,5,5,4,4,4,4,5,6,6,4,5,4,5,4,5,5,5,5,5,5,5,5,5,5,5,5,5,5,5,5,5,5,5,5,5,5,5,5,5,5,5,5,5,5,5,5,5,5,5,5,5,5,5,5,5,5,5,5,5,5,5,5,5,5,5,5,5,5,5,5,5,5,5,5,5,5,5,5,5
34,486,483,483,474,475,477,464,467,489,475,481,485,477,467,468,462,490,487,489,486,477,472,472,467,487,496,492,486,482,481,474,480,497,498,489,484,493,488,482,475,503,503,487,489,495,480,488,489,505,498,496,497,496,493,495,491,497,508,500,496,496,493,492,497,5,3,3,3,3,4,4,3,4,3,3,4,3,3,3,3,4,5,3,4,3,3,3,3,4,4,4,3,4,3,3,4,4,4,3,3,3,3,3,4,4,5,4,4,4,3,4,4,5,5,5,5,4,4,4,5,5,6,4,4,4,4,4,5,5,5,5,5,5,5,5,5,5,5,5,5,5,5,5,5,5,5,5,5,5,5,5,5,5,5,5,5,5,5,5,5,5,5,5,5,5,5,5,5,5,5,5,5,5,5,5,5,5,5,5,5,5,5,5,5,5,5,5,5,5,5,5,5
35,497,479,474,476,470,469,467,474,492,487,485,476,477,478,476,462,497,485,487,483,483,477,481,474,497,493,494,485,479,486,483,479,492,500,493,496,487,486,481,480,496,493,494,498,486,488,494,475,508,506,508,489,492,492,492,499,514,501,500,503,499,501,503,495,5,4,4,4,3,3,4,4,5,4,4,3,3,3,4,3,5,4,4,4,3,3,3,3,4,4,4,3,4,3,4,4,5,4,4,3,4,4,4,4,4,4,4,4,4,4,5,4,5,5,5,5,4,3,5,5,5,6,4,6,5,5,6,8,5,5,5,5,5,5,5,5,5,5,5,5,5,5,5,5,5,5,5,5,5,5,5,5,5,5,5,5,5,5,5,5,5,5,5,5,5,5,5,5,5,5,5,5,5,5,5,5,5,5,5,5,5,5,5,5,5,5,5,5,5,5,5,5
36,478,482,475,469,479,467,467,463,488,485,482,476,474,467,467,469,488,497,489,485,479,483,470,473,500,491,487,488,486,481,476,472,492,503,491,492,491,486,482,481,501,499,492,493,487,490,480,481,510,505,502,502,500,487,489,479,511,512,512,499,496,493,495,488,4,4,4,3,3,3,3,3,4,3,3,3,3,3,3,3,4,4,4,3,3,3,3,4,4,4,4,3,3,3,4,4,5,3,3,3,3,4,4,4,4,4,4,4,4,3,4,4,4,5,4,4,5,4,4,4,5,7,5,5,4,4,4,7,5,5,5,5,5,5,5,5,5,5,5,5,5,5,5,5,5,5,5,5,5,5,5,5,5,5,5,5,5,5,5,5,5,5,5,5,5,5,5,5,5,5,5,5,5,5,5,5,5,5,5,5,5,5,5,5,5,5,5,5,5,5,5,5
37,490,478,468,481,474,469,467,464,488,482,478,475,476,471,472,465,487,486,479,481,485,476,468,474,501,489,490,490,481,486,471,483,500,507,497,494,489,472,478,480,507,501,491,491,494,483,491,484,508,516,495,496,492,491,492,492,505,500,507,511,491,500,499,489,4,4,3,4,3,3,4,4,3,4,3,3,3,3,3,3,5,5,4,4,3,3,3,4,4,4,4,3,4,3,3,4,5,4,4,4,3,4,4,4,4,5,4,4,5,4,4,5,5,5,5,4,4,5,4,5,6,6,4,5,5,6,6,7,5,5,5,5,5,5,5,5,5,5,5,5,5,5,5,5,5,5,5,5,5,5,5,5,5,5,5,5,5,5,5,5,5,5,5,5,5,5,5,5,5,5,5,5,5,5,5,5,5,5,5,5,5,5,5,5,5,5,5,5,5,5,5,5
38,490,477,472,470,464,472,470,467,488,487,479,477,478,472,474,471,488,488,489,482,475,482,475,461,491,491,492,478,479,478,476,472,499,498,493,490,487,485,486,479,505,502,496,487,491,487,491,481,516,512,502,500,497,496,487,486,517,506,508,500,501,505,498,496,4,4,3,4,3,3,4,3,4,3,3,3,3,3,3,4,4,4,4,3,3,3,3,3,5,4,4,4,3,3,3,3,4,4,4,3,3,3,3,4,4,4,4,4,4,3,5,5,4,5,4,5,4,4,4,5,6,6,4,5,4,5,4,7,5,5,5,5,5,5,5,5,5,5,5,5,5,5,5,5,5,5,5,5,5,5,5,5,5,5,5,5,5,5,5,5,5,5,5,5,5,5,5,5,5,5,5,5,5,5,5,5,5,5,5,5,5,5,5,5,5,5,5,5,5,5,5,5
39,480,483,480,467,470,465,467,465,480,480,477,477,468,475,475,468,477,485,490,486,480,470,477,469,504,488,489,489,478,481,480,472,501,499,497,500,491,486,482,474,506,512,491,501,490,488,484,482,500,512,509,501,488,490,489,492,511,505,503,508,500,492,498,508,4,3,4,4,3,4,4,4,4,4,3,4,3,3,3,4,4,5,4,4,3,4,3,4,4,4,4,3,4,3,4,4,5,5,4,4,3,3,3,4,4,4,4,4,4,3,4,4,4,6,4,4,4,5,4,5,5,6,4,5,4,4,5,7,5,5,5,5,5,5,5,5,5,5,5,5,5,5,5,5,5,5,5,5,5,5,5,5,5,5,5,5,5,5,5,5,5,5,5,5,5,5,5,5,5,5,5,5,5,5,5,5,5,5,5,5,5,5,5,5,5,5,5,5,5,5,5,5
40,488,478,479,475,468,471,465,460,487,484,486,482,479,472,475,463,486,494,489,483,475,469,471,474,499,490,490,484,473,484,475,474,508,500,490,497,489,480,482,482,514,492,499,490,491,486,482,486,507,509,498,492,495,489,489,487,511,514,516,499,503,507,501,484,5,4,3,3,3,3,3,3,4,3,4,4,3,3,3,3,4,4,4,3,3,3,3,4,4,4,4,3,3,3,3,4,4,4,3,3,3,3,3,4,4,4,4,3,4,3,4,4,5,5,4,4,4,4,3,5,5,5,5,5,4,4,5,7,5,5,5,5,5,5,5,5,5,5,5,5,5,5,5,5,5,5,5,5,5,5,5,5,5,5,5,5,5,5,5,5,5,5,5,5,5,5,5,5,5,5,5,5,5,5,5,5,5,5,5,5,5,5,5,5,5,5,5,5,5,5,5,5
41,485,476,476,478,472,471,467,455,487,485,489,479,473,472,470,465,500,497,490,488,475,468,471,479,493,497,490,486,483,479,482,475,499,495,496,494,486,492,483,482,504,495,500,496,499,491,490,491,507,505,494,494,494,485,479,495,526,523,502,512,495,496,499,490,5,4,4,4,3,4,4,4,4,4,4,3,3,3,3,4,5,4,4,4,4,3,3,4,4,4,4,3,4,3,3,4,4,4,3,4,4,3,4,5,4,4,5,4,5,4,5,4,5,5,5,4,4,4,4,5,6,6,5,6,5,5,6,6,5,5,5,5,5,5,5,5,5,5,5,5,5,5,5,5,5,5,5,5,5,5,5,5,5,5,5,5,5,5,5,5,5,5,5,5,5,5,5,5,5,5,5,5,5,5,5,5,5,5,5,5,5,5,5,5,5,5,5,5,5,5,5,5
42,480,483,475,474,475,466,466,458,488,484,480,479,476,473,466,470,491,497,486,486,478,474,473,471,492,491,491,486,481,480,478,469,502,487,495,488,487,493,479,490,501,502,502,491,491,486,479,486,506,514,511,493,497,487,485,489,514,515,499,503,485,504,492,492,4,4,4,4,3,3,3,4,4,3,3,3,3,3,3,3,4,4,4,4,3,3,3,4,5,4,4,3,3,3,3,4,4,3,3,3,3,4,3,4,4,5,4,4,4,4,4,4,5,5,4,5,4,4,4,5,5,5,4,5,4,4,5,6,5,5,5,5,5,5,5,5,5,5,5,5,5,5,5,5,5,5,5,5,5,5,5,5,5,5,5,5,5,5,5,5,5,5,5,5,5,5,5,5,5,5,5,5,5,5,5,5,5,5,5,5,5,5,5,5,5,5,5,5,5,5,5,5
43,486,485,477,478,475,472,469,471,489,488,483,477,479,475,469,470,494,495,486,482,481,477,477,463,494,491,493,490,486,482,481,474,495,493,487,494,481,483,483,482,504,501,495,500,487,494,485,488,503,511,507,498,492,487,493,495,510,512,510,490,497,499,498,491,5,3,4,4,4,4,4,4,4,3,4,3,3,3,3,4,5,4,3,4,3,3,4,3,4,4,4,3,3,3,4,4,4,4,3,4,4,3,4,4,4,5,4,5,4,4,4,4,5,5,4,5,4,5,4,5,5,6,5,5,5,5,5,6,5,5,5,5,5,5,5,5,5,5,5,5,5,5,5,5,5,5,5,5,5,5,5,5,5,5,5,5,5,5,5,5,5,5,5,5,5,5,5,5,5,5,5,5,5,5,5,5,5,5,5,5,5,5,5,5,5,5,5,5,5,5,5,5
44,491,486,480,483,468,468,467,467,490,487,479,474,477,469,474,464,484,493,486,479,484,479,475,468,494,488,488,486,483,478,477,468,504,490,490,492,487,482,479,477,508,497,493,496,490,488,480,477,508,504,508,496,492,490,493,494,512,498,499,511,497,499,504,492,5,4,3,3,3,3,4,3,4,3,3,3,3,3,3,3,4,5,3,3,3,3,3,4,5,4,3,3,3,3,3,4,4,4,3,4,3,3,3,4,4,4,4,4,4,4,4,4,5,5,5,5,4,4,4,4,6,5,4,5,4,4,5,7,5,5,5,5,5,5,5,5,5,5,5,5,5,5,5,5,5,5,5,5,5,5,5,5,5,5,5,5,5,5,5,5,5,5,5,5,5,5,5,5,5,5,5,5,5,5,5,5,5,5,5,5,5,5,5,5,5,5,5,5,5,5,5,5
45,485,483,481,479,476,471,462,465,483,484,483,472,466,471,470,464,494,487,485,485,486,471,468,467,500,494,491,486,485,473,478,476,498,501,497,493,486,483,484,479,496,509,501,501,494,497,489,486,504,501,496,496,490,490,490,484,523,525,501,502,503,486,492,489,5,3,3,4,3,3,4,4,4,3,4,3,4,3,4,4,4,5,4,4,3,3,3,4,4,5,4,3,3,4,3,4,5,5,4,4,4,3,4,4,4,4,4,5,4,3,5,4,5,6,5,4,4,4,4,4,5,6,4,4,5,5,5,7,5,5,5,5,5,5,5,5,5,5,5,5,5,5,5,5,5,5,5,5,5,5,5,5,5,5,5,5,5,5,5,5,5,5,5,5,5,5,5,5,5,5,5,5,5,5,5,5,5,5,5,5,5,5,5,5,5,5,5,5,5,5,5,5
46,489,487,472,478,471,469,472,457,494,487,479,476,477,473,467,471,492,493,481,479,476,475,473,475,494,492,493,487,491,476,477,484,503,494,490,496,490,484,484,480,506,494,494,495,485,485,483,480,502,515,506,496,497,485,500,488,511,506,500,506,505,500,494,497,5,4,3,4,3,3,4,4,4,3,3,3,3,3,3,4,4,5,3,3,3,3,3,4,4,4,3,3,3,3,3,4,4,4,3,4,3,3,4,5,5,4,4,4,4,3,4,4,5,6,4,4,4,4,4,5,5,7,4,5,5,4,4,7,5,5,5,5,5,5,5,5,5,5,5,5,5,5,5,5,5,5,5,5,5,5,5,5,5,5,5,5,5,5,5,5,5,5,5,5,5,5,5,5,5,5,5,5,5,5,5,5,5,5,5,5,5,5,5,5,5,5,5,5,5,5,5,5
47,478,482,473,478,474,472,471,465,489,487,479,486,479,471,463,470,489,481,490,485,483,480,475,469,491,491,495,483,486,476,477,475,499,498,495,489,489,487,485,471,508,502,496,494,491,490,493,486,508,508,507,488,502,490,495,495,514,511,501,507,506,502,492,488,4,4,4,4,3,3,3,4,4,3,3,4,3,3,3,4,4,4,4,4,3,3,4,4,4,4,4,3,3,3,3,4,4,4,4,4,3,3,4,4,4,4,4,5,4,4,5,4,5,5,4,5,4,5,4,5,6,6,4,5,6,5,5,6,5,5,5,5,5,5,5,5,5,5,5,5,5,5,5,5,5,5,5,5,5,5,5,5,5,5,5,5,5,5,5,5,5,5,5,5,5,5,5,5,5,5,5,5,5,5,5,5,5,5,5,5,5,5,5,5,5,5,5,5,5,5,5,5
48,487,480,481,478,475,468,470,463,491,487,486,478,480,470,467,464,483,496,486,480,478,477,474,467,497,487,489,485,484,486,479,471,509,495,492,494,489,485,477,476,504,504,496,490,490,489,487,485,514,508,500,496,493,486,482,493,509,508,510,502,505,488,497,499,4,3,4,4,3,3,3,3,4,3,3,3,3,3,3,3,4,5,3,3,3,3,3,4,3,4,3,3,3,3,4,4,4,4,3,3,3,3,3,4,4,4,4,4,4,3,4,4,4,5,4,4,4,4,4,5,5,6,4,5,4,4,5,7,5,5,5,5,5,5,5,5,5,5,5,5,5,5,5,5,5,5,5,5,5,5,5,5,5,5,5,5,5,5,5,5,5,5,5,5,5,5,5,5,5,5,5,5,5,5,5,5,5,5,5,5,5,5,5,5,5,5,5,5,5,5,5,5
49,478,475,484,478,469,466,465,457,500,487,481,487,470,475,476,468,504,495,489,485,475,475,482,477,500,491,496,483,485,476,480,477,512,493,493,500,489,480,482,482,503,499,503,494,492,489,484,487,505,510,489,490,490,487,496,489,521,511,514,499,503,475,500,492,4,3,4,4,3,3,4,4,5,4,3,4,3,3,4,4,5,4,4,3,3,3,4,3,4,4,4,3,3,3,3,4,6,4,4,3,3,3,4,5,5,5,4,4,4,4,4,4,5,5,4,5,4,4,5,5,6,5,5,4,4,4,5,7,5,5,5,5,5,5,5,5,5,5,5,5,5,5,5,5,5,5,5,5,5,5,5,5,5,5,5,5,5,5,5,5,5,5,5,5,5,5,5,5,5,5,5,5,5,5,5,5,5,5,5,5,5,5,5,5,5,5,5,5,5,5,5,5
50,477,480,480,477,466,468,470,465,491,485,478,473,476,473,472,463,494,487,487,487,477,474,471,470,491,491,490,487,494,486,482,472,504,497,491,493,483,487,481,480,501,507,502,496,494,489,492,479,503,499,507,497,498,502,490,497,516,505,498,502,492,503,497,484,4,4,3,4,3,3,3,3,4,3,3,3,3,3,3,3,4,4,3,3,3,4,3,4,4,4,4,3,3,3,3,4,5,4,4,3,3,3,3,4,5,4,5,4,4,3,4,4,5,5,4,5,4,4,4,5,6,6,4,5,4,5,4,6,5,5,5,5,5,5,5,5,5,5,5,5,5,5,5,5,5,5,5,5,5,5,5,5,5,5,5,5,5,5,5,5,5,5,5,5,5,5,5,5,5,5,5,5,5,5,5,5,5,5,5,5,5,5,5,5,5,5,5,5,5,5,5,5
51,481,486,475,467,472,469,465,461,492,491,484,476,472,472,476,462,492,493,490,490,481,480,476,473,503,493,492,481,481,476,474,490,495,497,496,491,492,491,477,476,498,493,489,496,492,496,490,479,519,500,501,508,489,493,490,492,514,507,517,513,509,498,502,490,4,4,4,4,4,3,4,3,4,3,4,3,4,3,4,3,4,4,4,4,3,4,3,4,5,4,4,3,4,3,4,3,4,4,4,4,4,4,4,4,4,5,4,4,5,4,4,4,6,4,4,5,4,5,4,5,5,7,5,5,4,4,4,7,5,5,5,5,5,5,5,5,5,5,5,5,5,5,5,5,5,5,5,5,5,5,5,5,5,5,5,5,5,5,5,5,5,5,5,5,5,5,5,5,5,5,5,5,5,5,5,5,5,5,5,5,5,5,5,5,5,5,5,5,5,5,5,5
52,472,484,481,473,470,470,467,465,490,487,485,474,476,477,467,467,491,499,483,488,478,474,472,470,500,483,486,484,481,483,480,469,508,502,492,491,492,487,484,481,503,497,498,495,487,497,488,489,508,506,503,495,485,497,487,486,505,508,503,506,501,501,496,502,4,4,4,4,3,3,4,3,4,3,3,3,3,3,3,3,5,4,3,4,3,3,3,3,4,3,3,3,4,3,3,4,5,4,3,3,3,3,4,4,4,5,4,4,4,4,4,3,5,5,4,4,4,4,4,4,5,6,4,5,4,4,4,6,5,5,5,5,5,5,5,5,5,5,5,5,5,5,5,5,5,5,5,5,5,5,5,5,5,5,5,5,5,5,5,5,5,5,5,5,5,5,5,5,5,5,5,5,5,5,5,5,5,5,5,5,5,5,5,5,5,5,5,5,5,5,5,5
53,484,484,471,473,470,470,463,467,491,478,483,480,470,471,462,465,492,486,481,482,481,481,475,470,488,494,488,489,482,483,473,481,507,493,488,494,487,489,478,480,504,504,492,505,490,490,489,487,507,499,497,498,496,489,494,492,517,517,500,505,496,500,493,491,5,4,4,3,3,3,3,4,4,4,3,4,4,3,3,3,4,5,3,4,3,3,3,4,4,4,3,3,4,3,4,4,4,5,3,3,3,4,4,5,5,3,4,5,4,4,5,4,5,4,5,4,4,5,4,5,6,7,4,6,4,4,4,8,5,5,5,5,5,5,5,5,5,5,5,5,5,5,5,5,5,5,5,5,5,5,5,5,5,5,5,5,5,5,5,5,5,5,5,5,5,5,5,5,5,5,5,5,5,5,5,5,5,5,5,5,5,5,5,5,5,5,5,5,5,5,5,5
54,488,482,473,468,469,468,470,470,484,487,477,474,480,474,467,471,493,480,485,483,480,469,468,467,488,497,493,483,481,484,473,474,505,504,489,489,492,484,484,476,510,490,500,504,491,487,490,479,514,496,501,500,494,497,487,487,509,509,505,499,498,499,495,497,5,3,3,3,3,3,4,3,4,3,3,3,3,3,3,3,4,4,3,3,3,3,3,3,4,4,4,3,3,3,3,4,4,4,3,3,3,3,4,4,5,4,4,3,4,3,4,4,4,4,4,4,4,4,3,5,5,6,4,5,5,4,5,5,5,5,5,5,5,5,5,5,5,5,5,5,5,5,5,5,5,5,5,5,5,5,5,5,5,5,5,5,5,5,5,5,5,5,5,5,5,5,5,5,5,5,5,5,5,5,5,5,5,5,5,5,5,5,5,5,5,5,5,5,5,5,5,5
55,478,483,475,473,469,468,470,458,479,482,484,486,477,468,470,465,498,493,491,480,483,476,472,471,500,499,489,485,484,484,481,473,504,494,490,493,488,481,482,480,510,501,498,497,485,489,485,481,502,510,503,498,500,491,492,495,500,520,509,496,498,494,490,496,4,4,3,4,3,3,4,4,4,4,4,4,4,3,3,3,4,4,4,4,3,3,3,3,4,4,4,3,3,3,4,4,4,4,4,4,4,3,3,5,5,5,5,4,4,4,4,5,5,5,5,4,5,5,4,6,6,5,4,6,5,5,5,6,5,5,5,5,5,5,5,5,5,5,5,5,5,5,5,5,5,5,5,5,5,5,5,5,5,5,5,5,5,5,5,5,5,5,5,5,5,5,5,5,5,5,5,5,5,5,5,5,5,5,5,5,5,5,5,5,5,5,5,5,5,5,5,5
56,487,482,479,471,472,468,465,467,495,483,483,474,480,469,463,468,496,489,489,487,484,475,470,471,500,493,494,483,485,479,480,484,500,491,494,497,489,489,484,474,505,495,493,492,493,486,487,487,510,506,505,491,492,491,486,487,514,511,500,500,496,496,492,484,4,3,4,4,3,3,4,4,4,3,3,3,3,3,3,4,4,3,3,3,3,3,3,4,4,4,4,3,3,3,3,4,4,3,3,3,3,3,4,4,4,4,4,4,4,4,4,4,5,4,4,5,4,4,4,5,5,5,4,5,5,4,4,6,5,5,5,5,5,5,5,5,5,5,5,5,5,5,5,5,5,5,5,5,5,5,5,5,5,5,5,5,5,5,5,5,5,5,5,5,5,5,5,5,5,5,5,5,5,5,5,5,5,5,5,5,5,5,5,5,5,5,5,5,5,5,5,5
57,481,477,471,481,471,463,461,468,485,482,484,479,475,475,468,469,494,498,484,483,478,479,475,473,493,489,492,485,480,480,478,484,494,496,494,489,494,486,483,478,506,507,505,499,500,486,483,487,508,501,509,489,491,493,491,489,518,508,512,508,503,491,494,492,5,4,4,4,3,3,3,4,4,3,4,4,3,3,3,4,4,4,4,4,3,3,3,4,4,4,3,3,3,3,3,4,5,4,4,4,3,4,3,4,5,4,5,5,5,3,5,4,6,5,4,5,4,5,4,5,6,6,5,5,5,5,4,8,5,5,5,5,5,5,5,5,5,5,5,5,5,5,5,5,5,5,5,5,5,5,5,5,5,5,5,5,5,5,5,5,5,5,5,5,5,5,5,5,5,5,5,5,5,5,5,5,5,5,5,5,5,5,5,5,5,5,5,5,5,5,5,5
58,488,484,480,472,470,465,465,463,495,483,481,479,475,474,473,467,509,486,487,486,491,477,470,469,499,495,492,487,486,480,479,470,498,486,496,488,489,484,486,484,507,505,485,499,493,489,483,473,503,506,498,495,491,491,489,486,513,525,506,514,488,490,500,481,5,4,4,4,3,3,4,3,4,3,3,3,3,3,3,3,5,5,3,3,3,3,3,4,4,4,4,3,3,3,3,4,4,3,4,3,3,3,3,3,5,4,4,4,4,3,4,4,6,4,5,5,4,4,4,4,6,5,4,6,4,4,4,7,5,5,5,5,5,5,5,5,5,5,5,5,5,5,5,5,5,5,5,5,5,5,5,5,5,5,5,5,5,5,5,5,5,5,5,5,5,5,5,5,5,5,5,5,5,5,5,5,5,5,5,5,5,5,5,5,5,5,5,5,5,5,5,5
59,488,479,473,481,469,472,464,465,488,481,478,483,472,465,474,468,499,480,482,492,478,475,474,468,498,497,491,489,486,481,468,476,499,495,486,487,480,484,474,478,507,492,493,494,493,487,482,479,494,508,508,496,485,484,484,497,519,514,508,508,507,491,494,492,5,4,4,4,3,4,4,4,4,4,3,4,3,3,3,4,5,5,4,4,3,3,3,4,4,4,3,3,3,3,4,4,5,4,4,3,4,3,3,5,5,5,5,5,5,4,4,4,5,6,4,4,4,4,4,5,5,7,4,5,4,5,4,6,5,5,5,5,5,5,5,5,5,5,5,5,5,5,5,5,5,5,5,5,5,5,5,5,5,5,5,5,5,5,5,5,5,5,5,5,5,5,5,5,5,5,5,5,5,5,5,5,5,5,5,5,5,5,5,5,5,5,5,5,5,5,5,5
60,484,481,474,471,472,468,464,461,489,487,490,481,477,477,471,470,485,491,489,488,477,478,475,468,489,493,490,481,492,482,473,470,502,494,494,494,486,484,487,484,508,510,500,494,493,489,491,480,514,505,504,504,492,487,485,484,509,517,498,508,494,497,492,505,4,3,4,3,3,3,3,4,4,3,4,3,3,3,3,3,4,5,3,4,3,3,4,3,4,5,3,3,3,3,3,4,5,4,4,3,3,3,3,4,5,4,4,4,4,3,4,4,6,4,4,4,4,4,4,5,5,6,4,5,5,4,4,7,5,5,5,5,5,5,5,5,5,5,5,5,5,5,5,5,5,5,5,5,5,5,5,5,5,5,5,5,5,5,5,5,5,5,5,5,5,5,5,5,5,5,5,5,5,5,5,5,5,5,5,5,5,5,5,5,5,5,5,5,5,5,5,5
61,487,480,473,475,471,465,474,464,486,488,479,477,486,478,468,472,490,486,492,475,484,483,475,472,486,489,494,486,482,477,480,478,503,497,496,495,493,486,483,479,509,500,505,490,495,492,484,476,516,513,498,500,497,490,496,482,510,505,506,505,503,498,497,475,5,3,4,4,3,3,3,4,4,3,3,3,3,3,3,3,4,4,4,3,3,4,4,4,5,4,4,4,4,3,3,4,5,4,4,4,4,3,3,4,5,4,5,4,4,4,4,4,4,6,4,4,4,4,4,5,5,7,5,5,5,5,5,5,5,5,5,5,5,5,5,5,5,5,5,5,5,5,5,5,5,5,5,5,5,5,5,5,5,5,5,5,5,5,5,5,5,5,5,5,5,5,5,5,5,5,5,5,5,5,5,5,5,5,5,5,5,5,5,5,5,5,5,5,5,5,5,5
62,484,478,473,473,477,467,463,470,497,479,491,478,470,471,477,467,487,497,484,481,487,477,470,468,501,484,488,491,483,484,474,473,502,497,491,491,488,481,487,482,503,497,500,493,497,491,483,480,505,507,505,499,495,500,486,489,520,519,502,512,502,496,501,501,5,3,4,4,3,3,3,4,4,4,3,3,3,3,3,3,4,4,3,3,3,3,3,3,4,3,3,3,4,3,3,4,4,4,3,3,3,3,3,4,4,4,4,4,4,4,4,4,5,5,4,5,4,4,4,4,5,5,4,5,4,4,5,7,5,5,5,5,5,5,5,5,5,5,5,5,5,5,5,5,5,5,5,5,5,5,5,5,5,5,5,5,5,5,5,5,5,5,5,5,5,5,5,5,5,5,5,5,5,5,5,5,5,5,5,5,5,5,5,5,5,5,5,5,5,5,5,5
63,481,471,474,469,476,467,461,467,492,478,485,472,478,470,467,469,490,497,481,486,482,475,477,464,504,488,492,486,485,482,473,476,497,499,488,497,488,484,484,476,511,496,498,491,487,494,483,488,509,513,502,495,497,491,485,489,518,516,510,498,504,497,491,493,5,4,4,3,3,3,3,4,5,4,3,3,3,3,3,4,4,4,3,4,3,3,4,4,5,4,4,3,3,3,4,4,5,5,3,4,3,4,4,4,5,5,4,5,4,4,4,4,5,5,5,5,5,5,4,5,5,6,5,5,5,4,5,7,5,5,5,5,5,5,5,5,5,5,5,5,5,5,5,5,5,5,5,5,5,5,5,5,5,5,5,5,5,5,5,5,5,5,5,5,5,5,5,5,5,5,5,5,5,5,5,5,5,5,5,5,5,5,5,5,5,5,5,5,5,5,5,5
64,486,482,471,481,466,473,469,472,491,482,483,481,478,470,475,472,496,489,484,482,482,472,473,478,495,494,489,488,474,476,479,483,495,491,497,495,490,486,481,477,502,496,491,493,489,490,482,488,516,504,505,490,501,493,495,492,512,500,508,508,508,499,495,487,5,3,3,4,3,3,4,3,4,3,3,3,3,3,4,4,4,4,3,3,3,3,3,4,4,4,3,3,3,3,4,3,4,3,3,4,4,3,3,4,4,4,4,4,4,3,4,4,4,5,4,4,4,4,4,5,7,6,5,5,4,4,4,7,5,5,5,5,5,5,5,5,5,5,5,5,5,5,5,5,5,5,5,5,5,5,5,5,5,5,5,5,5,5,5,5,5,5,5,5,5,5,5,5,5,5,5,5,5,5,5,5,5,5,5,5,5,5,5,5,5,5,5,5,5,5,5,5
65,477,482,473,473,474,473,465,470,488,485,479,477,475,464,466,469,492,498,489,489,483,471,474,471,502,487,486,486,481,481,475,473,506,492,494,498,490,478,481,482,506,503,499,497,499,489,494,482,509,503,504,503,491,484,491,488,509,519,503,515,505,496,493,498,4,4,4,4,4,3,4,4,4,3,3,4,3,3,3,3,4,4,4,4,3,3,3,4,5,4,4,3,4,3,4,4,5,4,3,3,3,4,4,4,4,4,5,4,5,4,5,5,5,5,5,4,4,5,4,5,4,5,4,5,4,5,5,6,5,5,5,5,5,5,5,5,5,5,5,5,5,5,5,5,5,5,5,5,5,5,5,5,5,5,5,5,5,5,5,5,5,5,5,5,5,5,5,5,5,5,5,5,5,5,5,5,5,5,5,5,5,5,5,5,5,5,5,5,5,5,5,5
66,489,485,479,478,468,466,464,466,499,485,486,477,476,470,468,470,488,486,485,482,476,480,470,473,495,497,484,489,483,477,476,485,507,492,488,494,484,483,479,476,508,499,494,492,495,486,490,484,510,502,506,498,488,495,487,488,505,506,504,503,494,499,492,481,4,3,4,4,3,3,3,4,4,4,3,3,3,3,3,3,4,4,4,3,3,3,3,4,4,4,3,3,3,3,3,4,5,4,4,3,3,3,4,4,4,4,4,4,4,3,4,4,5,5,4,5,4,4,4,5,6,6,5,5,4,4,5,5,5,5,5,5,5,5,5,5,5,5,5,5,5,5,5,5,5,5,5,5,5,5,5,5,5,5,5,5,5,5,5,5,5,5,5,5,5,5,5,5,5,5,5,5,5,5,5,5,5,5,5,5,5,5,5,5,5,5,5,5,5,5,5,5
67,489,478,481,475,469,467,469,466,485,486,485,474,476,469,468,467,488,480,488,487,478,478,475,474,497,484,498,481,490,485,479,486,510,496,489,498,479,487,486,474,507,495,495,501,494,487,485,489,517,504,503,492,492,499,483,492,513,498,504,499,504,500,488,503,4,3,4,4,3,4,4,4,4,3,4,3,3,3,4,3,5,5,4,4,3,4,3,4,4,4,4,3,3,3,3,5,5,4,4,4,4,3,4,4,4,5,4,5,4,3,4,4,4,5,4,5,4,4,5,5,5,7,4,5,4,4,5,6,5,5,5,5,5,5,5,5,5,5,5,5,5,5,5,5,5,5,5,5,5,5,5,5,5,5,5,5,5,5,5,5,5,5,5,5,5,5,5,5,5,5,5,5,5,5,5,5,5,5,5,5,5,5,5,5,5,5,5,5,5,5,5,5
68,477,481,481,478,471,464,468,471,494,489,482,482,478,469,464,464,493,490,481,484,482,480,472,468,497,488,489,481,483,482,473,480,498,491,492,495,492,480,479,481,511,504,495,497,489,489,477,475,515,503,498,499,503,486,492,484,516,516,508,508,498,495,494,497,4,3,4,4,3,3,4,4,4,3,3,4,3,3,3,3,4,5,3,3,3,3,4,4,4,4,3,3,3,3,3,4,4,4,4,3,3,3,3,4,4,4,4,4,4,4,4,4,6,5,4,5,4,4,3,4,5,6,4,5,4,4,4,7,5,5,5,5,5,5,5,5,5,5,5,5,5,5,5,5,5,5,5,5,5,5,5,5,5,5,5,5,5,5,5,5,5,5,5,5,5,5,5,5,5,5,5,5,5,5,5,5,5,5,5,5,5,5,5,5,5,5,5,5,5,5,5,5
69,490,478,478,474,471,465,468,467,479,481,478,481,480,477,470,471,492,491,485,479,476,476,468,475,500,499,492,488,489,485,470,471,491,494,495,490,485,484,487,482,503,494,507,496,486,488,474,479,514,499,502,490,497,488,492,483,516,513,501,502,494,498,502,505,4,4,4,4,3,3,4,4,4,4,3,3,3,3,4,4,5,5,3,3,4,3,3,4,5,4,3,4,3,3,3,4,5,4,4,4,3,3,4,4,4,4,4,4,3,4,4,5,4,5,5,5,4,5,4,4,5,5,4,5,4,5,5,7,5,5,5,5,5,5,5,5,5,5,5,5,5,5,5,5,5,5,5,5,5,5,5,5,5,5,5,5,5,5,5,5,5,5,5,5,5,5,5,5,5,5,5,5,5,5,5,5,5,5,5,5,5,5,5,5,5,5,5,5,5,5,5,5
70,478,474,473,469,472,468,464,462,493,482,484,477,476,470,471,468,483,483,480,477,479,480,479,471,499,491,491,485,482,486,480,474,501,493,489,495,490,481,482,474,507,502,496,494,493,488,490,484,512,512,506,500,494,494,492,485,518,519,509,499,504,498,499,496,4,3,3,4,3,3,3,4,4,4,3,3,3,3,3,4,5,5,3,4,3,3,4,4,4,4,4,3,4,3,4,4,4,4,3,3,3,3,3,4,4,4,4,4,4,4,4,4,4,5,4,4,4,3,4,4,5,4,4,4,4,5,5,6,5,5,5,5,5,5,5,5,5,5,5,5,5,5,5,5,5,5,5,5,5,5,5,5,5,5,5,5,5,5,5,5,5,5,5,5,5,5,5,5,5,5,5,5,5,5,5,5,5,5,5,5,5,5,5,5,5,5,5,5,5,5,5,5
71,470,484,476,480,473,474,471,460,488,489,485,483,482,473,476,467,497,498,478,482,477,478,475,475,496,486,491,494,484,473,480,471,502,503,496,497,485,493,483,480,502,501,484,496,495,489,487,486,502,502,500,496,489,489,496,488,514,505,507,502,491,491,500,498,4,4,4,3,3,3,3,4,4,3,4,3,4,3,3,4,4,4,3,4,3,4,4,4,4,4,4,3,4,3,4,4,4,5,4,4,4,4,3,4,4,5,4,5,4,3,5,4,5,5,5,4,4,4,4,5,6,7,4,5,4,5,5,6,5,5,5,5,5,5,5,5,5,5,5,5,5,5,5,5,5,5,5,5,5,5,5,5,5,5,5,5,5,5,5,5,5,5,5,5,5,5,5,5,5,5,5,5,5,5,5,5,5,5,5,5,5,5,5,5,5,5,5,5,5,5,5,5
72,475,484,481,469,475,475,471,456,487,481,480,476,481,475,469,461,495,492,490,486,476,480,475,475,498,489,488,484,487,481,482,474,496,497,491,495,484,484,478,482,515,500,494,487,494,491,481,484,506,504,503,503,492,494,489,489,505,507,499,508,499,491,496,496,3,4,3,4,3,3,3,4,3,4,3,3,3,3,3,3,4,4,4,4,3,3,4,4,4,4,4,3,3,3,3,4,4,4,4,3,3,4,4,4,5,5,5,4,4,3,4,4,5,4,4,4,4,5,4,5,5,6,3,5,5,4,5,5,5,5,5,5,5,5,5,5,5,5,5,5,5,5,5,5,5,5,5,5,5,5,5,5,5,5,5,5,5,5,5,5,5,5,5,5,5,5,5,5,5,5,5,5,5,5,5,5,5,5,5,5,5,5,5,5,5,5,5,5,5,5,5,5
73,487,479,479,473,478,474,465,467,490,482,487,476,471,480,474,469,494,482,479,488,480,484,474,469,507,495,486,489,476,483,477,476,508,498,488,487,493,481,487,482,502,494,493,497,496,489,494,483,508,499,508,495,497,491,494,487,525,509,506,506,497,489,495,496,5,4,4,3,3,3,4,4,4,3,4,3,4,3,3,4,5,4,4,4,3,4,3,4,4,4,4,3,3,3,4,4,5,4,3,3,4,4,4,4,5,5,4,4,4,4,5,4,6,4,5,5,4,5,4,4,6,7,4,5,5,4,5,7,5,5,5,5,5,5,5,5,5,5,5,5,5,5,5,5,5,5,5,5,5,5,5,5,5,5,5,5,5,5,5,5,5,5,5,5,5,5,5,5,5,5,5,5,5,5,5,5,5,5,5,5,5,5,5,5,5,5,5,5,5,5,5,5
74,488,478,477,466,466,464,473,469,495,484,482,476,475,474,470,472,496,489,488,482,476,479,467,477,493,485,493,484,483,480,475,475,505,498,500,497,486,484,479,484,512,494,489,497,498,491,494,481,502,506,494,493,490,495,490,491,508,502,503,502,498,498,500,491,5,3,4,3,3,3,3,4,4,3,3,3,3,3,3,3,4,5,3,4,3,3,3,3,4,4,4,3,3,3,3,4,4,4,4,3,3,3,3,4,5,5,4,4,4,4,5,4,5,5,5,5,4,5,4,5,6,5,4,5,4,5,5,6,5,5,5,5,5,5,5,5,5,5,5,5,5,5,5,5,5,5,5,5,5,5,5,5,5,5,5,5,5,5,5,5,5,5,5,5,5,5,5,5,5,5,5,5,5,5,5,5,5,5,5,5,5,5,5,5,5,5,5,5,5,5,5,5
75,482,481,477,473,470,471,468,464,486,489,477,480,478,469,475,463,483,488,489,485,475,474,474,462,499,496,495,487,476,489,472,477,495,496,497,494,487,492,486,470,506,495,497,493,489,482,491,487,505,506,505,494,489,492,492,498,511,510,512,497,503,501,507,487,5,3,4,4,3,3,4,4,4,3,3,3,3,3,3,3,5,5,4,4,3,4,4,3,4,4,4,4,4,3,4,4,4,4,4,4,4,3,4,4,4,5,4,4,4,4,5,4,5,5,5,5,4,4,4,5,5,6,4,5,4,4,6,7,5,5,5,5,5,5,5,5,5,5,5,5,5,5,5,5,5,5,5,5,5,5,5,5,5,5,5,5,5,5,5,5,5,5,5,5,5,5,5,5,5,5,5,5,5,5,5,5,5,5,5,5,5,5,5,5,5,5,5,5,5,5,5,5
76,480,489,472,474,467,467,466,467,500,488,475,479,480,476,474,471,495,496,479,483,479,469,470,477,495,493,496,479,483,478,487,474,498,495,494,496,489,481,481,487,506,500,496,494,493,489,487,481,503,499,500,488,495,490,497,481,507,507,509,497,501,494,496,501,4,4,3,4,3,3,4,3,4,3,3,3,3,3,3,4,4,5,3,3,3,3,3,3,4,4,4,3,3,3,3,4,4,4,4,3,3,3,3,3,4,5,4,4,4,4,4,5,5,5,4,4,4,4,4,4,4,6,4,4,4,4,5,5,5,5,5,5,5,5,5,5,5,5,5,5,5,5,5,5,5,5,5,5,5,5,5,5,5,5,5,5,5,5,5,5,5,5,5,5,5,5,5,5,5,5,5,5,5,5,5,5,5,5,5,5,5,5,5,5,5,5,5,5,5,5,5,5
77,473,489,472,473,477,469,469,466,488,483,486,479,473,474,469,462,496,485,483,485,481,479,476,478,501,491,493,488,488,480,478,473,496,500,497,488,488,490,483,477,508,501,498,492,499,485,485,481,514,514,498,501,495,487,487,480,518,511,504,493,496,505,507,497,5,4,4,4,3,3,4,4,4,3,4,3,3,3,3,3,4,5,3,4,3,3,4,3,5,4,4,3,3,3,4,5,4,4,3,4,3,4,3,4,4,4,4,4,4,4,4,4,4,5,4,4,5,5,4,4,6,4,4,5,4,5,5,7,5,5,5,5,5,5,5,5,5,5,5,5,5,5,5,5,5,5,5,5,5,5,5,5,5,5,5,5,5,5,5,5,5,5,5,5,5,5,5,5,5,5,5,5,5,5,5,5,5,5,5,5,5,5,5,5,5,5,5,5,5,5,5,5
78,489,482,480,475,470,472,466,465,491,477,482,478,478,466,467,464,488,479,484,484,481,473,472,473,491,488,497,487,493,483,475,472,498,494,498,491,489,486,485,482,505,502,493,496,495,486,488,479,506,504,500,495,495,482,488,486,510,508,511,505,496,494,486,494,5,3,3,4,3,3,3,3,4,3,3,3,3,3,3,3,4,4,4,3,3,3,3,4,5,3,3,3,3,3,3,3,4,4,4,3,3,3,3,4,4,5,4,4,4,4,4,5,4,4,4,4,5,4,4,4,6,7,4,5,5,5,4,6,5,5,5,5,5,5,5,5,5,5,5,5,5,5,5,5,5,5,5,5,5,5,5,5,5,5,5,5,5,5,5,5,5,5,5,5,5,5,5,5,5,5,5,5,5,5,5,5,5,5,5,5,5,5,5,5,5,5,5,5,5,5,5,5
79,484,482,479,480,475,474,469,463,485,480,476,485,472,472,473,459,483,489,491,487,478,476,472,473,491,483,490,489,489,486,487,474,506,501,497,495,483,488,482,486,510,516,490,494,492,495,483,486,508,507,497,491,492,495,492,492,517,513,507,506,499,492,490,490,4,4,4,4,3,4,4,4,4,4,4,4,3,3,3,3,6,4,4,4,3,3,3,4,4,4,3,3,3,3,4,4,4,4,4,3,3,3,4,3,5,4,4,4,4,4,4,4,5,5,4,5,4,4,4,5,6,5,5,5,6,5,5,6,5,5,5,5,5,5,5,5,5,5,5,5,5,5,5,5,5,5,5,5,5,5,5,5,5,5,5,5,5,5,5,5,5,5,5,5,5,5,5,5,5,5,5,5,5,5,5,5,5,5,5,5,5,5,5,5,5,5,5,5,5,5,5,5
80,486,485,481,476,471,475,467,465,488,487,482,481,467,477,463,470,487,484,490,480,486,473,477,470,499,489,486,485,485,479,475,478,508,501,495,488,483,490,477,473,502,504,501,502,484,490,487,480,516,505,512,499,491,489,489,495,515,517,512,503,493,491,497,494,5,3,3,4,3,3,3,3,4,3,3,3,3,3,3,3,4,4,4,3,3,3,3,4,5,4,3,3,3,3,3,4,5,4,4,3,4,3,3,4,4,4,4,4,3,4,4,5,4,5,4,5,4,4,4,5,5,6,5,5,5,4,5,5,5,5,5,5,5,5,5,5,5,5,5,5,5,5,5,5,5,5,5,5,5,5,5,5,5,5,5,5,5,5,5,5,5,5,5,5,5,5,5,5,5,5,5,5,5,5,5,5,5,5,5,5,5,5,5,5,5,5,5,5,5,5,5,5
81,480,482,483,470,470,473,459,472,486,492,483,477,476,471,471,466,495,486,491,488,486,480,473,464,493,491,495,485,484,485,472,470,502,499,489,492,490,490,477,469,506,500,501,501,492,496,490,484,515,506,491,497,491,481,490,484,515,492,506,510,491,494,494,497,4,4,4,4,3,3,3,3,4,3,4,3,3,3,3,3,5,5,4,4,3,3,3,3,4,4,4,3,3,3,3,4,5,4,4,3,3,4,3,4,4,4,5,4,4,4,4,4,4,5,5,5,4,4,4,5,6,6,4,6,5,5,5,7,5,5,5,5,5,5,5,5,5,5,5,5,5,5,5,5,5,5,5,5,5,5,5,5,5,5,5,5,5,5,5,5,5,5,5,5,5,5,5,5,5,5,5,5,5,5,5,5,5,5,5,5,5,5,5,5,5,5,5,5,5,5,5,5
82,482,478,482,470,469,470,466,467,491,487,479,481,479,469,467,462,497,493,482,485,480,475,470,466,489,494,494,486,491,483,479,479,497,497,493,486,481,483,482,476,507,496,499,493,485,483,490,487,513,502,503,502,488,488,494,486,514,515,503,498,505,503,494,491,4,3,4,3,3,3,4,4,4,3,3,3,3,3,3,3,4,4,4,3,3,3,3,4,4,4,3,3,3,3,3,4,5,4,3,3,4,3,3,4,4,4,4,4,3,4,4,3,5,5,4,4,4,4,4,4,6,5,4,5,4,4,5,6,5,5,5,5,5,5,5,5,5,5,5,5,5,5,5,5,5,5,5,5,5,5,5,5,5,5,5,5,5,5,5,5,5,5,5,5,5,5,5,5,5,5,5,5,5,5,5,5,5,5,5,5,5,5,5,5,5,5,5,5,5,5,5,5
83,490,487,474,475,472,466,465,464,491,488,486,480,481,469,475,468,495,485,485,476,484,470,473,478,504,492,489,486,487,483,480,474,509,490,504,488,485,484,482,483,500,506,504,490,487,482,491,476,508,504,504,494,499,498,490,493,516,507,506,503,504,499,499,480,5,3,3,4,3,3,4,3,4,3,3,3,3,3,3,4,4,5,4,4,3,3,4,3,5,4,4,3,3,3,4,4,4,4,4,3,3,3,4,4,4,5,5,4,4,3,4,4,5,5,4,4,5,4,4,5,5,6,4,5,5,5,5,7,5,5,5,5,5,5,5,5,5,5,5,5,5,5,5,5,5,5,5,5,5,5,5,5,5,5,5,5,5,5,5,5,5,5,5,5,5,5,5,5,5,5,5,5,5,5,5,5,5,5,5,5,5,5,5,5,5,5,5,5,5,5,5,5
84,487,485,478,478,476,472,467,470,488,480,486,472,475,468,470,461,493,487,490,485,467,473,475,480,503,491,495,481,481,477,478,480,504,487,498,490,489,482,476,483,502,492,493,494,489,493,489,490,513,510,502,498,496,493,496,490,516,501,507,499,489,493,496,496,4,4,4,4,3,3,3,4,4,3,3,3,3,3,3,3,5,4,3,3,3,3,3,3,4,4,4,4,3,3,3,4,5,4,3,3,3,3,4,4,4,5,4,4,4,4,4,3,4,6,4,4,4,4,4,5,6,6,4,4,4,4,5,7,5,5,5,5,5,5,5,5,5,5,5,5,5,5,5,5,5,5,5,5,5,5,5,5,5,5,5,5,5,5,5,5,5,5,5,5,5,5,5,5,5,5,5,5,5,5,5,5,5,5,5,5,5,5,5,5,5,5,5,5,5,5,5,5
85,486,483,480,479,476,476,469,464,495,484,480,472,474,473,473,468,496,490,481,487,478,481,476,470,499,491,496,487,483,486,479,472,502,486,498,490,486,495,491,484,501,507,498,496,493,493,493,485,498,507,505,503,489,496,481,489,511,509,513,494,489,495,490,491,4,3,3,5,3,4,3,4,4,4,3,3,3,3,3,4,4,5,4,4,3,3,4,4,4,4,4,3,4,3,4,4,5,4,3,3,3,4,4,5,4,4,4,5,4,4,5,4,5,5,4,4,4,5,5,5,6,6,5,6,4,4,5,6,5,5,5,5,5,5,5,5,5,5,5,5,5,5,5,5,5,5,5,5,5,5,5,5,5,5,5,5,5,5,5,5,5,5,5,5,5,5,5,5,5,5,5,5,5,5,5,5,5,5,5,5,5,5,5,5,5,5,5,5,5,5,5,5
86,475,485,468,470,470,468,463,461,485,483,480,471,471,473,468,469,497,487,482,476,474,484,476,468,500,490,486,484,479,482,475,474,499,494,498,497,493,485,474,474,507,497,505,497,489,490,488,483,510,510,487,499,493,495,488,482,513,505,499,501,505,494,486,490,4,3,3,3,3,3,3,3,4,3,3,3,3,3,3,4,4,5,4,3,3,3,3,4,4,4,3,3,3,3,3,4,4,3,4,3,3,3,3,4,4,4,5,4,4,3,4,4,5,5,5,4,4,4,4,5,5,6,4,4,4,4,4,7,5,5,5,5,5,5,5,5,5,5,5,5,5,5,5,5,5,5,5,5,5,5,5,5,5,5,5,5,5,5,5,5,5,5,5,5,5,5,5,5,5,5,5,5,5,5,5,5,5,5,5,5,5,5,5,5,5,5,5,5,5,5,5,5
87,487,479,488,482,472,472,466,462,491,484,482,475,475,472,469,473,485,497,484,486,488,480,471,481,490,488,484,491,488,481,473,481,491,501,493,490,489,485,485,474,508,501,496,495,485,486,484,497,512,501,499,496,486,498,486,500,507,506,508,513,498,495,491,480,5,4,4,3,3,3,4,3,4,4,4,3,3,3,3,4,4,4,4,3,3,4,3,4,4,4,4,3,3,3,4,4,4,4,4,4,3,3,3,4,5,4,4,4,4,4,4,4,5,5,4,5,4,4,4,6,5,7,4,6,5,5,5,6,5,5,5,5,5,5,5,5,5,5,5,5,5,5,5,5,5,5,5,5,5,5,5,5,5,5,5,5,5,5,5,5,5,5,5,5,5,5,5,5,5,5,5,5,5,5,5,5,5,5,5,5,5,5,5,5,5,5,5,5,5,5,5,5
88,492,478,474,471,475,470,467,467,490,482,481,473,465,472,471,462,498,493,478,488,477,473,468,470,496,493,490,487,479,478,475,478,502,492,493,483,491,475,483,475,506,498,499,497,492,492,480,477,506,504,499,503,489,488,497,484,516,495,510,506,491,492,493,498,4,3,4,3,3,3,3,4,4,3,3,3,3,3,3,3,4,4,3,3,3,3,3,3,3,4,4,3,4,3,3,4,5,4,3,3,3,3,3,4,4,4,4,4,4,3,4,4,5,5,4,4,4,4,4,4,5,6,4,4,5,5,5,5,5,5,5,5,5,5,5,5,5,5,5,5,5,5,5,5,5,5,5,5,5,5,5,5,5,5,5,5,5,5,5,5,5,5,5,5,5,5,5,5,5,5,5,5,5,5,5,5,5,5,5,5,5,5,5,5,5,5,5,5,5,5,5,5
89,485,482,483,470,468,472,466,471,494,481,486,476,479,469,465,468,482,492,485,478,487,484,471,473,506,498,483,482,481,488,481,481,504,501,499,490,490,482,484,480,502,501,501,489,491,494,483,485,504,506,505,497,490,491,489,488,505,517,512,499,504,481,502,488,5,3,4,3,3,3,4,4,4,4,4,3,3,3,3,4,5,5,4,3,3,4,3,4,4,4,4,3,4,3,3,4,4,4,4,4,4,3,4,4,5,4,5,4,4,4,4,4,5,4,4,4,4,4,4,5,6,5,4,5,5,5,5,7,5,5,5,5,5,5,5,5,5,5,5,5,5,5,5,5,5,5,5,5,5,5,5,5,5,5,5,5,5,5,5,5,5,5,5,5,5,5,5,5,5,5,5,5,5,5,5,5,5,5,5,5,5,5,5,5,5,5,5,5,5,5,5,5
90,479,480,480,474,474,473,461,467,489,487,483,478,474,468,470,466,489,496,477,484,479,473,467,464,492,490,487,484,483,479,479,477,501,490,491,491,486,482,476,478,510,504,491,493,491,487,483,488,511,497,506,501,492,495,488,487,527,514,499,502,496,496,499,485,4,3,4,3,3,3,3,4,4,3,4,3,3,3,3,3,4,4,3,4,3,3,3,4,4,4,4,3,3,3,4,4,5,3,3,3,3,3,3,4,5,4,4,4,4,4,4,4,5,4,4,4,4,4,4,4,7,5,4,4,4,5,4,5,5,5,5,5,5,5,5,5,5,5,5,5,5,5,5,5,5,5,5,5,5,5,5,5,5,5,5,5,5,5,5,5,5,5,5,5,5,5,5,5,5,5,5,5,5,5,5,5,5,5,5,5,5,5,5,5,5,5,5,5,5,5,5,5
91,487,479,481,473,469,469,465,465,491,487,478,477,483,474,471,467,488,483,483,479,474,477,470,468,500,498,490,489,484,479,479,473,501,505,498,486,480,486,481,475,506,499,492,505,491,493,489,479,507,511,506,497,497,495,492,492,510,507,508,507,501,488,485,510,5,3,3,4,3,3,3,4,4,4,3,3,3,3,3,4,5,5,4,3,3,4,4,4,4,5,4,3,4,3,4,4,4,3,4,3,4,3,4,5,5,5,4,5,4,4,5,4,5,5,4,6,5,4,4,5,6,6,5,6,4,5,5,6,5,5,5,5,5,5,5,5,5,5,5,5,5,5,5,5,5,5,5,5,5,5,5,5,5,5,5,5,5,5,5,5,5,5,5,5,5,5,5,5,5,5,5,5,5,5,5,5,5,5,5,5,5,5,5,5,5,5,5,5,5,5,5,5
92,488,481,475,474,469,477,469,464,489,488,476,480,475,476,472,463,494,486,486,483,483,477,484,476,499,493,495,483,479,478,482,473,506,497,491,484,495,486,485,481,503,494,500,495,489,492,485,489,501,505,511,496,491,496,493,489,507,520,503,500,504,494,508,496,5,4,4,3,3,3,4,3,4,3,3,3,3,3,4,3,4,5,4,4,3,3,4,3,4,4,4,3,4,3,3,3,4,4,3,3,3,3,3,4,4,5,4,4,3,3,4,3,4,5,4,5,4,3,4,5,5,5,4,4,4,4,4,6,5,5,5,5,5,5,5,5,5,5,5,5,5,5,5,5,5,5,5,5,5,5,5,5,5,5,5,5,5,5,5,5,5,5,5,5,5,5,5,5,5,5,5,5,5,5,5,5,5,5,5,5,5,5,5,5,5,5,5,5,5,5,5,5
93,479,483,483,473,467,467,465,458,485,479,480,476,476,481,467,463,494,485,484,486,481,480,480,469,497,489,494,488,478,481,481,469,493,488,491,497,488,486,485,481,506,500,497,490,491,483,485,478,508,509,505,492,491,495,485,478,512,511,506,505,496,485,501,508,4,3,3,4,3,3,4,4,4,4,3,3,3,3,3,4,4,5,4,4,3,4,4,4,4,4,4,3,4,3,3,4,4,4,4,3,4,3,3,4,4,5,4,4,4,3,5,5,5,5,5,5,4,4,5,4,6,6,4,5,4,5,5,6,5,5,5,5,5,5,5,5,5,5,5,5,5,5,5,5,5,5,5,5,5,5,5,5,5,5,5,5,5,5,5,5,5,5,5,5,5,5,5,5,5,5,5,5,5,5,5,5,5,5,5,5,5,5,5,5,5,5,5,5,5,5,5,5
94,477,486,476,471,469,470,468,469,489,487,481,479,476,474,472,468,491,485,492,484,477,474,474,467,499,484,488,486,487,475,477,469,494,498,495,487,490,486,474,481,505,502,500,496,493,484,485,488,498,504,494,494,499,487,483,484,517,510,507,501,503,488,492,494,4,3,4,3,3,3,4,4,4,3,3,3,3,3,3,4,4,4,4,3,3,3,4,3,4,4,3,3,3,3,3,4,4,4,4,3,3,3,3,5,4,4,4,4,4,4,4,5,5,5,4,4,4,4,4,4,4,6,4,5,4,4,5,6,5,5,5,5,5,5,5,5,5,5,5,5,5,5,5,5,5,5,5,5,5,5,5,5,5,5,5,5,5,5,5,5,5,5,5,5,5,5,5,5,5,5,5,5,5,5,5,5,5,5,5,5,5,5,5,5,5,5,5,5,5,5,5,5
95,487,476,473,478,472,464,460,462,496,492,483,478,471,471,467,469,491,498,487,487,478,470,473,471,500,498,484,491,491,479,478,476,501,497,495,488,489,483,484,478,501,503,498,491,487,488,479,480,508,507,506,499,491,492,480,484,512,512,504,507,490,495,501,496,4,3,4,4,3,3,3,4,5,4,4,3,3,3,3,4,4,4,3,4,3,3,4,4,4,5,4,3,3,3,3,4,4,4,4,3,4,3,3,4,4,5,5,4,4,3,4,4,5,5,4,4,4,5,5,6,5,5,5,5,4,4,5,6,5,5,5,5,5,5,5,5,5,5,5,5,5,5,5,5,5,5,5,5,5,5,5,5,5,5,5,5,5,5,5,5,5,5,5,5,5,5,5,5,5,5,5,5,5,5,5,5,5,5,5,5,5,5,5,5,5,5,5,5,5,5,5,5
96,490,481,474,473,464,469,470,466,489,484,483,481,476,473,474,467,491,486,486,481,483,482,475,472,499,493,487,488,482,479,477,470,503,496,492,493,484,486,481,478,499,494,499,495,494,491,486,478,511,502,499,500,497,497,493,485,510,511,509,499,498,494,492,493,5,3,4,3,3,3,4,4,4,3,4,3,3,3,3,4,4,4,4,3,3,3,3,4,4,4,4,3,4,3,3,3,4,4,3,3,3,4,3,4,5,4,4,4,4,4,4,4,5,5,4,4,4,4,3,4,4,6,4,6,3,4,4,7,5,5,5,5,5,5,5,5,5,5,5,5,5,5,5,5,5,5,5,5,5,5,5,5,5,5,5,5,5,5,5,5,5,5,5,5,5,5,5,5,5,5,5,5,5,5,5,5,5,5,5,5,5,5,5,5,5,5,5,5,5,5,5,5
97,482,471,477,481,471,467,466,465,494,481,473,482,475,472,471,476,495,492,478,489,481,471,477,480,487,487,494,483,483,482,476,475,502,488,485,493,496,479,481,478,507,503,494,494,489,482,489,476,509,501,493,503,491,489,493,479,516,513,503,505,493,495,499,487,4,4,4,4,3,3,4,4,5,3,3,4,3,3,4,4,5,4,4,4,3,3,3,3,4,4,4,3,3,3,3,4,5,4,4,4,3,3,4,4,4,6,4,5,4,4,5,4,5,4,4,4,5,4,4,5,5,5,4,6,5,4,5,5,5,5,5,5,5,5,5,5,5,5,5,5,5,5,5,5,5,5,5,5,5,5,5,5,5,5,5,5,5,5,5,5,5,5,5,5,5,5,5,5,5,5,5,5,5,5,5,5,5,5,5,5,5,5,5,5,5,5,5,5,5,5,5,5
98,481,487,480,469,470,465,465,467,489,484,480,481,474,468,470,467,492,493,480,483,487,476,470,467,497,493,496,480,481,483,473,472,489,497,500,493,491,486,481,478,505,491,486,493,492,487,488,487,503,506,509,492,499,484,492,493,507,520,509,497,506,496,490,485,4,4,3,3,3,3,3,4,3,3,3,3,3,3,3,3,4,4,3,3,3,3,3,4,4,4,4,3,3,3,3,4,5,4,3,3,3,4,3,4,4,4,4,4,4,3,4,4,4,4,4,4,4,4,4,4,5,5,4,4,4,5,4,6,5,5,5,5,5,5,5,5,5,5,5,5,5,5,5,5,5,5,5,5,5,5,5,5,5,5,5,5,5,5,5,5,5,5,5,5,5,5,5,5,5,5,5,5,5,5,5,5,5,5,5,5,5,5,5,5,5,5,5,5,5,5,5,5
99,475,484,469,476,470,471,469,465,496,484,485,477,473,469,472,466,484,493,487,484,484,480,480,469,490,494,486,483,490,483,474,484,505,490,500,500,490,486,482,476,507,496,498,492,493,485,490,483,503,504,501,496,493,488,489,483,514,510,508,498,506,494,492,488,4,4,3,3,3,4,4,4,4,4,3,3,3,3,4,4,4,4,3,4,3,4,4,4,5,4,4,3,3,3,3,4,4,4,4,4,4,3,4,4,4,5,4,4,4,3,5,4,5,5,4,5,4,5,4,4,6,7,4,5,4,4,5,7,5,5,5,5,5,5,5,5,5,5,5,5,5,5,5,5,5,5,5,5,5,5,5,5,5,5,5,5,5,5,5,5,5,5,5,5,5,5,5,5,5,5,5,5,5,5,5,5,5,5,5,5,5,5,5,5,5,5,5,5,5,5,5,5
100,480,479,473,479,472,469,465,468,489,482,479,476,472,472,466,462,496,495,482,478,482,476,478,466,501,495,485,487,474,486,479,483,500,493,492,496,495,480,477,479,502,503,499,497,499,491,489,486,506,496,499,497,486,498,494,484,516,506,501,503,496,498,493,492,4,3,4,4,3,3,3,3,3,3,3,3,3,3,3,3,5,4,3,3,3,3,4,4,4,4,3,3,3,3,4,4,4,4,3,3,3,3,3,4,4,4,4,4,4,4,4,3,5,4,4,4,3,5,4,5,7,7,4,5,4,4,5,5,5,5,5,5,5,5,5,5,5,5,5,5,5,5,5,5,5,5,5,5,5,5,5,5,5,5,5,5,5,5,5,5,5,5,5,5,5,5,5,5,5,5,5,5,5,5,5,5,5,5,5,5,5,5,5,5,5,5,5,5,5,5,5,5
101,487,483,475,473,470,468,473,460,488,478,478,472,479,475,473,470,489,497,488,488,473,474,486,468,498,493,493,482,480,481,474,478,497,495,498,493,495,484,480,475,495,498,499,499,489,479,484,484,514,504,504,498,496,496,496,488,515,516,508,503,496,499,496,492,4,4,4,4,3,3,3,4,4,4,3,3,3,3,3,4,4,4,4,4,3,3,4,3,4,4,3,3,3,3,3,4,4,4,4,4,3,3,4,4,5,5,4,4,4,3,4,4,4,4,4,4,5,4,4,4,6,5,4,4,5,4,5,7,5,5,5,5,5,5,5,5,5,5,5,5,5,5,5,5,5,5,5,5,5,5,5,5,5,5,5,5,5,5,5,5,5,5,5,5,5,5,5,5,5,5,5,5,5,5,5,5,5,5,5,5,5,5,5,5,5,5,5,5,5,5,5,5
102,483,481,477,486,473,472,464,464,494,478,490,476,469,474,470,468,491,491,491,482,480,478,479,480,497,498,489,477,482,482,472,475,508,493,487,494,486,481,484,480,507,506,502,491,494,493,487,473,518,509,493,500,490,496,493,497,508,511,506,501,505,488,487,501,4,3,4,3,3,4,3,4,4,3,4,3,3,3,3,3,4,5,3,3,3,3,4,3,4,5,3,3,4,3,3,4,4,4,3,3,3,3,4,4,4,4,4,4,4,4,4,4,5,5,4,4,4,4,4,5,5,5,5,6,4,4,4,7,5,5,5,5,5,5,5,5,5,5,5,5,5,5,5,5,5,5,5,5,5,5,5,5,5,5,5,5,5,5,5,5,5,5,5,5,5,5,5,5,5,5,5,5,5,5,5,5,5,5,5,5,5,5,5,5,5,5,5,5,5,5,5,5
103,482,483,478,476,467,468,471,465,483,485,487,475,479,469,475,462,487,487,492,487,480,475,479,474,504,493,490,482,488,490,475,475,501,494,498,493,481,483,482,484,501,504,491,497,491,489,482,481,512,505,499,500,498,489,492,492,512,502,503,498,499,486,489,490,5,4,3,4,3,4,4,4,3,4,4,3,3,3,3,3,4,5,4,3,3,3,4,4,5,4,4,3,3,3,3,4,4,4,4,4,4,3,3,3,4,5,4,4,4,4,4,4,5,6,4,4,5,4,4,5,6,7,4,5,5,5,5,7,5,5,5,5,5,5,5,5,5,5,5,5,5,5,5,5,5,5,5,5,5,5,5,5,5,5,5,5,5,5,5,5,5,5,5,5,5,5,5,5,5,5,5,5,5,5,5,5,5,5,5,5,5,5,5,5,5,5,5,5,5,5,5,5
104,480,485,478,474,470,467,470,456,490,482,480,476,475,474,467,472,486,489,487,485,479,476,472,477,493,505,495,488,483,478,477,470,500,492,499,488,486,482,481,476,500,494,498,499,494,484,481,486,503,509,497,498,496,496,496,489,492,511,517,506,500,480,492,496,4,4,3,3,3,3,3,3,4,3,3,3,3,3,3,4,5,5,4,3,3,3,3,3,4,3,4,3,4,3,4,4,4,4,4,3,3,3,4,4,4,4,4,4,4,3,4,4,5,5,5,4,4,3,4,4,5,7,4,5,4,4,4,7,5,5,5,5,5,5,5,5,5,5,5,5,5,5,5,5,5,5,5,5,5,5,5,5,5,5,5,5,5,5,5,5,5,5,5,5,5,5,5,5,5,5,5,5,5,5,5,5,5,5,5,5,5,5,5,5,5,5,5,5,5,5,5,5
105,487,485,478,473,472,467,466,465,483,485,492,478,471,477,468,464,492,483,486,489,482,475,467,468,501,491,498,486,490,482,470,475,501,487,493,497,491,486,477,480,507,500,494,500,485,485,485,491,498,503,509,495,495,491,495,491,505,511,503,503,498,501,494,477,5,4,4,4,3,3,3,4,4,4,4,3,3,3,3,3,4,4,3,4,3,3,3,4,4,4,4,3,4,3,3,4,4,4,4,4,4,3,3,4,5,4,4,4,4,4,4,4,5,5,4,5,5,4,4,5,6,7,5,5,4,4,6,6,5,5,5,5,5,5,5,5,5,5,5,5,5,5,5,5,5,5,5,5,5,5,5,5,5,5,5,5,5,5,5,5,5,5,5,5,5,5,5,5,5,5,5,5,5,5,5,5,5,5,5,5,5,5,5,5,5,5,5,5,5,5,5,5
106,485,480,478,467,472,471,470,465,492,483,479,477,474,470,468,464,496,497,487,481,481,477,471,474,486,489,485,485,484,486,480,482,497,493,490,488,491,486,485,478,502,501,492,497,493,483,486,477,515,511,496,496,493,485,491,490,509,509,506,508,495,501,501,489,4,3,4,3,3,3,3,3,4,3,3,3,3,3,3,3,4,4,3,3,3,3,3,3,4,4,3,3,4,3,3,3,4,4,3,3,4,3,3,4,4,5,4,4,4,3,4,4,5,5,4,4,4,4,4,4,5,7,4,6,4,4,5,5,5,5,5,5,5,5,5,5,5,5,5,5,5,5,5,5,5,5,5,5,5,5,5,5,5,5,5,5,5,5,5,5,5,5,5,5,5,5,5,5,5,5,5,5,5,5,5,5,5,5,5,5,5,5,5,5,5,5,5,5,5,5,5,5
107,488,482,477,477,471,465,466,466,490,490,486,473,476,472,468,464,492,476,481,482,481,481,468,469,493,487,486,490,485,480,477,473,506,503,494,496,492,494,483,480,512,506,497,504,491,489,478,474,517,506,507,496,501,492,484,494,507,497,507,510,504,499,489,497,5,4,4,4,3,3,4,4,4,3,4,3,3,3,3,4,4,4,3,3,3,3,3,4,5,3,4,3,3,3,4,4,5,5,4,4,3,4,4,4,4,5,4,5,4,4,4,4,4,5,4,4,5,4,5,5,6,7,4,6,5,4,4,6,5,5,5,5,5,5,5,5,5,5,5,5,5,5,5,5,5,5,5,5,5,5,5,5,5,5,5,5,5,5,5,5,5,5,5,5,5,5,5,5,5,5,5,5,5,5,5,5,5,5,5,5,5,5,5,5,5,5,5,5,5,5,5,5
108,480,476,475,469,473,470,464,464,490,489,481,476,478,474,472,467,490,482,477,487,482,470,470,467,498,488,484,486,486,480,471,478,495,494,496,487,490,481,483,479,509,505,499,498,488,491,483,486,502,500,495,495,493,498,490,480,511,506,510,506,507,503,490,496,4,3,3,3,3,3,3,3,4,3,3,3,3,3,3,3,4,4,3,4,3,3,4,4,4,4,4,3,3,3,4,4,5,4,3,3,3,4,3,4,4,4,4,4,4,4,4,3,5,5,5,4,4,4,4,4,5,5,4,4,4,4,4,5,5,5,5,5,5,5,5,5,5,5,5,5,5,5,5,5,5,5,5,5,5,5,5,5,5,5,5,5,5,5,5,5,5,5,5,5,5,5,5,5,5,5,5,5,5,5,5,5,5,5,5,5,5,5,5,5,5,5,5,5,5,5,5,5
109,485,485,482,479,474,473,465,463,480,485,481,479,479,471,470,462,489,490,488,476,470,479,477,474,498,491,484,485,477,490,474,474,508,496,494,486,496,483,479,481,501,503,502,494,491,487,490,479,517,508,497,499,498,485,494,498,513,510,500,496,502,496,482,483,4,4,4,4,3,4,4,3,4,4,3,3,4,3,3,4,6,4,4,3,3,3,4,4,4,4,4,3,3,3,3,4,5,4,4,4,3,3,3,5,4,5,5,4,4,4,4,4,5,6,4,4,4,4,4,5,6,6,4,4,5,4,5,7,5,5,5,5,5,5,5,5,5,5,5,5,5,5,5,5,5,5,5,5,5,5,5,5,5,5,5,5,5,5,5,5,5,5,5,5,5,5,5,5,5,5,5,5,5,5,5,5,5,5,5,5,5,5,5,5,5,5,5,5,5,5,5,5
110,478,482,475,475,472,469,474,466,493,478,486,474,484,475,472,472,502,485,485,476,480,477,475,469,494,500,482,493,482,481,482,470,505,500,488,495,497,476,487,483,507,496,499,488,486,489,483,480,511,507,497,490,494,488,498,481,509,505,504,501,493,500,494,487,4,4,4,4,3,3,3,4,4,3,3,3,3,3,3,3,5,5,3,3,3,3,3,4,4,3,4,3,4,3,4,4,4,4,3,4,3,3,4,4,4,5,4,4,4,4,4,4,5,4,4,5,4,4,4,5,6,5,4,5,4,4,5,6,5,5,5,5,5,5,5,5,5,5,5,5,5,5,5,5,5,5,5,5,5,5,5,5,5,5,5,5,5,5,5,5,5,5,5,5,5,5,5,5,5,5,5,5,5,5,5,5,5,5,5,5,5,5,5,5,5,5,5,5,5,5,5,5
111,474,487,479,478,474,468,475,464,491,482,479,478,475,471,468,467,483,492,489,487,484,479,478,471,503,499,489,484,483,478,479,468,504,497,491,484,493,480,489,475,499,491,493,496,488,494,482,475,511,506,507,499,499,483,491,489,515,510,518,504,489,487,492,490,4,4,4,4,3,3,3,4,4,4,3,3,3,3,3,4,5,4,4,4,3,3,4,4,5,4,4,3,4,4,4,4,4,4,4,3,4,3,4,4,4,5,5,4,4,4,5,4,5,5,4,6,5,5,4,5,5,6,5,5,5,4,5,6,5,5,5,5,5,5,5,5,5,5,5,5,5,5,5,5,5,5,5,5,5,5,5,5,5,5,5,5,5,5,5,5,5,5,5,5,5,5,5,5,5,5,5,5,5,5,5,5,5,5,5,5,5,5,5,5,5,5,5,5,5,5,5,5
112,484,478,480,471,469,470,473,464,485,490,484,479,478,473,472,468,489,490,490,483,477,477,475,472,498,494,493,483,489,481,481,478,490,497,500,493,489,487,484,472,507,508,502,507,493,489,487,485,509,507,503,503,493,492,499,487,501,514,511,505,498,491,498,501,4,3,3,3,3,3,3,3,4,3,4,3,3,3,3,4,4,5,3,3,3,3,4,3,4,4,3,3,3,3,3,4,5,4,3,3,3,4,4,4,5,4,4,5,4,3,4,3,5,5,4,4,4,4,4,5,5,4,4,4,4,4,5,5,5,5,5,5,5,5,5,5,5,5,5,5,5,5,5,5,5,5,5,5,5,5,5,5,5,5,5,5,5,5,5,5,5,5,5,5,5,5,5,5,5,5,5,5,5,5,5,5,5,5,5,5,5,5,5,5,5,5,5,5,5,5,5,5
113,493,482,472,473,477,468,465,465,496,478,482,480,480,474,467,469,490,502,487,487,478,483,468,476,499,487,489,484,485,481,470,474,511,492,492,494,491,488,480,473,500,499,496,495,486,485,487,479,510,499,500,499,498,497,480,484,510,511,510,501,494,483,500,498,4,4,3,4,3,3,4,3,4,4,4,3,4,3,3,4,4,4,4,4,3,3,4,4,4,4,4,3,4,3,3,4,5,4,3,3,3,3,4,4,5,5,4,5,4,4,5,4,4,5,4,5,4,5,5,5,5,6,5,5,5,5,5,8,5,5,5,5,5,5,5,5,5,5,5,5,5,5,5,5,5,5,5,5,5,5,5,5,5,5,5,5,5,5,5,5,5,5,5,5,5,5,5,5,5,5,5,5,5,5,5,5,5,5,5,5,5,5,5,5,5,5,5,5,5,5,5,5
114,477,485,471,471,470,464,468,463,484,488,477,479,476,475,467,462,497,487,486,481,481,478,477,473,500,487,484,487,484,481,477,481,504,494,498,486,486,480,482,482,509,507,499,486,482,489,487,483,520,509,497,501,497,486,490,498,510,517,506,502,500,500,499,493,4,3,4,4,3,3,4,3,3,3,3,3,3,3,3,3,5,5,3,3,3,3,4,4,4,4,3,3,3,3,3,4,4,4,4,3,3,3,3,4,4,4,4,4,3,3,4,4,4,5,4,6,4,4,4,5,6,6,4,5,4,4,5,7,5,5,5,5,5,5,5,5,5,5,5,5,5,5,5,5,5,5,5,5,5,5,5,5,5,5,5,5,5,5,5,5,5,5,5,5,5,5,5,5,5,5,5,5,5,5,5,5,5,5,5,5,5,5,5,5,5,5,5,5,5,5,5,5
115,477,485,478,473,471,468,464,464,486,483,483,475,477,478,477,464,492,494,481,476,477,481,464,475,497,496,489,476,482,478,472,474,508,502,494,487,488,486,483,477,506,497,501,491,485,486,482,477,506,506,506,502,502,495,483,493,511,515,509,500,503,507,495,498,5,4,4,3,3,3,4,4,4,3,4,3,3,3,4,4,4,5,4,4,3,4,3,4,4,5,4,4,4,3,3,4,5,3,4,3,3,3,4,4,4,5,5,4,4,4,4,5,5,4,4,4,4,4,4,5,5,7,5,5,4,5,4,8,5,5,5,5,5,5,5,5,5,5,5,5,5,5,5,5,5,5,5,5,5,5,5,5,5,5,5,5,5,5,5,5,5,5,5,5,5,5,5,5,5,5,5,5,5,5,5,5,5,5,5,5,5,5,5,5,5,5,5,5,5,5,5,5
116,482,486,477,481,474,474,468,472,491,485,475,476,477,471,471,461,485,489,483,476,477,478,476,479,496,484,492,490,477,479,479,469,499,493,498,492,487,486,484,478,512,500,499,489,491,486,481,489,512,509,507,494,492,491,484,482,518,517,507,505,500,495,498,490,4,3,3,4,3,3,3,4,4,3,3,3,3,3,3,3,5,5,3,3,3,3,3,3,4,4,3,3,3,3,3,3,4,4,4,3,3,3,4,4,5,5,4,4,4,4,4,4,4,5,4,4,4,4,4,5,5,6,4,5,4,4,5,7,5,5,5,5,5,5,5,5,5,5,5,5,5,5,5,5,5,5,5,5,5,5,5,5,5,5,5,5,5,5,5,5,5,5,5,5,5,5,5,5,5,5,5,5,5,5,5,5,5,5,5,5,5,5,5,5,5,5,5,5,5,5,5,5
117,478,482,481,475,473,466,470,461,489,478,488,469,470,469,467,476,485,490,485,486,474,475,472,477,502,486,489,482,480,481,473,476,501,503,496,495,484,489,480,482,507,499,491,498,489,488,484,488,499,515,513,500,494,488,489,488,516,511,497,500,494,506,497,492,5,4,3,4,3,3,3,3,4,4,4,3,3,3,3,3,5,4,3,4,3,3,3,4,4,4,3,3,4,3,4,5,6,3,4,4,3,3,3,4,4,5,4,4,4,4,5,4,5,6,5,4,4,4,4,5,5,8,4,5,4,5,5,6,5,5,5,5,5,5,5,5,5,5,5,5,5,5,5,5,5,5,5,5,5,5,5,5,5,5,5,5,5,5,5,5,5,5,5,5,5,5,5,5,5,5,5,5,5,5,5,5,5,5,5,5,5,5,5,5,5,5,5,5,5,5,5,5
118,478,475,481,468,474,470,469,465,490,473,475,483,476,472,471,472,496,491,487,480,478,477,479,473,497,498,486,487,489,478,475,469,498,504,494,490,488,482,482,481,504,503,495,489,484,485,489,488,507,506,501,504,495,488,487,484,519,511,501,485,494,497,495,485,4,3,4,3,3,3,4,3,4,3,3,3,3,3,3,3,4,5,3,3,3,3,3,3,4,4,4,3,3,3,3,4,4,4,3,4,3,3,3,4,4,4,4,4,4,3,4,4,5,5,4,4,4,5,4,5,5,4,4,4,4,4,5,6,5,5,5,5,5,5,5,5,5,5,5,5,5,5,5,5,5,5,5,5,5,5,5,5,5,5,5,5,5,5,5,5,5,5,5,5,5,5,5,5,5,5,5,5,5,5,5,5,5,5,5,5,5,5,5,5,5,5,5,5,5,5,5,5
119,485,480,478,476,468,468,466,472,495,483,490,480,479,474,471,471,489,485,479,489,486,478,470,469,490,493,495,486,488,486,478,477,510,495,495,494,491,485,475,475,503,491,502,495,491,489,490,480,513,506,498,497,498,495,487,485,522,520,502,502,500,502,492,490,5,4,4,4,3,3,4,4,4,4,4,4,4,3,3,4,4,4,4,4,3,3,3,4,4,4,5,3,3,3,3,4,5,4,4,4,3,3,4,4,5,4,5,5,4,4,4,4,5,5,4,4,5,4,4,5,6,6,4,5,4,5,5,7,5,5,5,5,5,5,5,5,5,5,5,5,5,5,5,5,5,5,5,5,5,5,5,5,5,5,5,5,5,5,5,5,5,5,5,5,5,5,5,5,5,5,5,5,5,5,5,5,5,5,5,5,5,5,5,5,5,5,5,5,5,5,5,5
120,489,477,478,478,465,473,463,456,491,481,474,477,481,468,469,468,491,496,490,484,477,478,476,471,506,487,495,489,480,482,483,474,505,502,496,496,487,489,482,478,510,499,495,500,493,492,485,478,501,495,493,498,493,487,487,487,505,513,506,492,504,497,496,484,4,3,4,4,3,3,3,4,4,4,3,3,3,3,3,4,4,4,4,3,3,3,3,4,4,4,3,3,4,3,3,4,4,4,3,4,3,3,4,4,4,5,4,4,4,4,4,4,5,4,4,5,4,4,4,4,5,5,4,4,4,4,4,6,5,5,5,5,5,5,5,5,5,5,5,5,5,5,5,5,5,5,5,5,5,5,5,5,5,5,5,5,5,5,5,5,5,5,5,5,5,5,5,5,5,5,5,5,5,5,5,5,5,5,5,5,5,5,5,5,5,5,5,5,5,5,5,5
121,486,477,477,481,472,465,472,462,494,482,479,479,475,468,468,461,490,490,487,488,475,472,474,468,486,498,495,489,485,487,467,466,501,492,492,497,494,491,483,482,510,495,495,496,497,486,493,489,519,501,505,491,490,486,496,486,522,512,517,508,500,489,500,493,5,3,4,3,3,3,4,4,4,3,3,3,3,3,4,4,4,4,3,4,3,3,4,4,5,4,4,3,4,3,4,4,4,4,3,4,4,4,4,4,5,4,5,5,4,4,4,4,5,5,5,5,4,5,4,5,6,6,4,6,5,5,5,7,5,5,5,5,5,5,5,5,5,5,5,5,5,5,5,5,5,5,5,5,5,5,5,5,5,5,5,5,5,5,5,5,5,5,5,5,5,5,5,5,5,5,5,5,5,5,5,5,5,5,5,5,5,5,5,5,5,5,5,5,5,5,5,5
122,490,488,481,478,476,464,466,473,492,483,489,479,479,478,467,466,497,496,483,488,478,479,466,476,500,490,490,483,483,485,482,469,495,494,491,493,485,489,482,483,508,501,492,489,489,482,493,478,509,504,506,497,502,492,495,487,517,509,502,502,497,499,502,503,4,4,3,3,3,3,4,3,4,3,4,3,3,3,3,3,4,4,3,4,3,3,3,3,4,4,4,3,4,3,3,4,4,4,3,3,3,3,3,3,4,5,4,4,4,4,5,4,5,5,4,5,3,4,4,5,5,6,4,5,4,4,5,6,5,5,5,5,5,5,5,5,5,5,5,5,5,5,5,5,5,5,5,5,5,5,5,5,5,5,5,5,5,5,5,5,5,5,5,5,5,5,5,5,5,5,5,5,5,5,5,5,5,5,5,5,5,5,5,5,5,5,5,5,5,5,5,5
123,488,486,476,476,466,464,470,468,492,480,480,482,479,472,476,468,490,489,487,486,474,474,476,472,493,491,485,485,485,482,473,470,508,493,497,497,489,491,483,472,495,494,487,486,496,481,480,481,509,502,493,497,497,496,485,488,509,511,512,503,502,503,510,478,4,4,4,4,3,3,4,3,4,3,3,3,3,3,4,4,5,4,4,4,4,3,4,4,4,4,4,3,3,3,3,4,5,4,4,4,4,4,4,4,4,5,4,4,4,4,4,4,4,4,4,4,4,4,4,5,5,6,4,6,4,5,6,6,5,5,5,5,5,5,5,5,5,5,5,5,5,5,5,5,5,5,5,5,5,5,5,5,5,5,5,5,5,5,5,5,5,5,5,5,5,5,5,5,5,5,5,5,5,5,5,5,5,5,5,5,5,5,5,5,5,5,5,5,5,5,5,5
124,483,482,471,475,470,469,465,474,486,489,474,478,479,469,468,467,491,480,483,487,481,480,474,476,500,494,493,492,484,472,478,469,499,492,491,489,484,485,485,482,508,497,501,501,492,487,482,488,509,507,504,493,494,492,478,487,519,513,509,504,501,507,499,483,4,3,3,4,3,3,4,3,4,3,3,3,3,3,3,3,4,4,3,3,3,3,3,3,4,4,3,3,4,3,4,3,4,4,4,3,4,3,3,4,4,4,4,4,4,4,4,4,5,5,4,5,4,4,4,4,5,6,4,5,4,4,4,5,5,5,5,5,5,5,5,5,5,5,5,5,5,5,5,5,5,5,5,5,5,5,5,5,5,5,5,5,5,5,5,5,5,5,5,5,5,5,5,5,5,5,5,5,5,5,5,5,5,5,5,5,5,5,5,5,5,5,5,5,5,5,5,5
125,486,483,478,468,472,464,466,467,485,486,483,481,475,474,472,471,492,480,490,486,482,480,482,481,493,493,492,488,489,477,480,472,503,502,493,493,487,489,487,476,512,505,506,492,489,486,485,479,511,514,505,504,492,496,494,502,518,509,503,506,503,498,495,490,4,4,4,4,3,3,3,4,4,3,4,4,3,3,3,4,5,4,4,3,3,3,4,4,4,4,4,3,4,3,4,4,5,4,4,4,4,4,4,4,4,4,5,4,4,4,5,4,4,6,4,4,4,4,4,5,5,7,4,5,4,4,5,7,5,5,5,5,5,5,5,5,5,5,5,5,5,5,5,5,5,5,5,5,5,5,5,5,5,5,5,5,5,5,5,5,5,5,5,5,5,5,5,5,5,5,5,5,5,5,5,5,5,5,5,5,5,5,5,5,5,5,5,5,5,5,5,5
126,478,483,474,474,470,468,465,466,485,486,478,477,479,469,465,468,481,488,485,480,476,473,471,466,506,497,488,491,485,484,474,473,498,499,499,492,487,484,478,482,517,501,494,493,492,488,484,480,506,495,504,495,501,489,499,488,502,508,510,496,497,497,496,490,4,3,4,4,3,3,4,3,4,3,3,3,3,3,3,3,4,4,3,3,3,3,3,3,4,4,3,3,4,3,3,4,4,4,4,3,3,3,3,4,5,5,4,4,4,4,4,5,5,4,4,5,4,5,4,4,6,5,4,5,3,4,5,6,5,5,5,5,5,5,5,5,5,5,5,5,5,5,5,5,5,5,5,5,5,5,5,5,5,5,5,5,5,5,5,5,5,5,5,5,5,5,5,5,5,5,5,5,5,5,5,5,5,5,5,5,5,5,5,5,5,5,5,5,5,5,5,5
127,484,483,479,478,476,468,464,458,496,488,477,476,479,470,472,460,499,483,485,484,483,476,483,472,495,496,486,483,484,486,484,481,500,501,495,492,488,484,481,472,504,497,500,503,489,494,492,490,516,506,497,504,498,488,490,490,511,506,507,506,502,494,497,483,5,4,4,4,3,3,4,4,5,3,3,3,3,3,4,3,5,5,4,4,3,3,4,3,4,5,3,4,3,3,4,4,4,3,4,3,4,3,4,4,5,4,4,5,4,4,4,4,4,5,4,5,4,4,4,5,5,6,5,5,4,4,5,6,5,5,5,5,5,5,5,5,5,5,5,5,5,5,5,5,5,5,5,5,5,5,5,5,5,5,5,5,5,5,5,5,5,5,5,5,5,5,5,5,5,5,5,5,5,5,5,5,5,5,5,5,5,5,5,5,5,5,5,5,5,5,5,5
128,487,491,479,472,472,468,467,469,493,482,485,476,477,472,466,464,485,484,483,483,484,475,473,470,507,492,500,487,479,481,468,477,494,495,493,489,486,486,478,474,503,495,494,491,484,484,494,475,506,508,503,495,494,497,485,489,513,513,507,501,499,494,493,496,3,4,4,3,3,3,4,3,4,3,3,3,3,3,3,3,5,4,4,3,3,3,3,4,4,4,4,3,4,3,3,4,4,4,3,3,3,3,4,4,4,4,4,4,4,3,5,4,5,4,3,5,4,4,4,4,5,7,5,5,4,4,5,6,5,5,5,5,5,5,5,5,5,5,5,5,5,5,5,5,5,5,5,5,5,5,5,5,5,5,5,5,5,5,5,5,5,5,5,5,5,5,5,5,5,5,5,5,5,5,5,5,5,5,5,5,5,5,5,5,5,5,5,5,5,5,5,5
129,482,486,483,470,474,468,460,468,490,484,482,476,474,475,473,470,493,490,486,474,479,478,479,476,493,497,493,489,479,477,477,467,495,497,492,488,487,481,479,477,512,499,496,493,488,487,482,481,501,501,512,499,498,494,488,489,513,510,504,503,502,493,494,492,5,4,3,3,3,3,3,4,4,4,4,3,3,3,4,4,4,5,4,3,3,3,4,4,4,4,4,3,4,3,3,4,4,4,4,3,3,3,3,4,4,4,5,4,4,3,4,5,5,5,4,5,4,5,4,5,6,6,4,5,4,5,4,6,5,5,5,5,5,5,5,5,5,5,5,5,5,5,5,5,5,5,5,5,5,5,5,5,5,5,5,5,5,5,5,5,5,5,5,5,5,5,5,5,5,5,5,5,5,5,5,5,5,5,5,5,5,5,5,5,5,5,5,5,5,5,5,5
130,492,479,470,476,471,470,462,462,486,486,477,475,478,473,471,466,498,494,483,481,477,474,470,467,488,499,493,487,480,477,475,472,497,502,495,489,483,485,482,480,504,496,500,498,500,493,487,483,506,505,497,503,496,492,488,487,516,509,507,500,502,491,500,493,4,3,3,4,3,3,3,4,4,4,3,3,3,3,3,3,4,4,3,3,3,3,3,3,4,4,4,3,4,3,3,4,4,3,4,3,3,3,3,4,4,4,4,4,4,3,4,3,4,4,4,4,4,4,4,4,5,5,4,5,4,5,5,7,5,5,5,5,5,5,5,5,5,5,5,5,5,5,5,5,5,5,5,5,5,5,5,5,5,5,5,5,5,5,5,5,5,5,5,5,5,5,5,5,5,5,5,5,5,5,5,5,5,5,5,5,5,5,5,5,5,5,5,5,5,5,5,5
131,480,478,470,475,475,468,462,469,490,483,483,483,483,477,472,468,494,484,490,480,477,476,472,473,489,491,497,489,483,473,479,477,499,494,492,491,481,481,484,479,505,494,498,492,489,487,488,487,506,495,507,502,494,496,485,493,511,523,506,498,490,500,495,492,5,3,4,4,3,4,4,3,4,4,3,3,4,3,3,4,4,5,4,4,3,3,3,4,4,4,4,3,3,4,4,4,5,4,3,4,3,3,4,5,4,5,5,4,4,4,4,4,5,5,4,4,4,4,5,6,6,5,4,5,4,4,5,7,5,5,5,5,5,5,5,5,5,5,5,5,5,5,5,5,5,5,5,5,5,5,5,5,5,5,5,5,5,5,5,5,5,5,5,5,5,5,5,5,5,5,5,5,5,5,5,5,5,5,5,5,5,5,5,5,5,5,5,5,5,5,5,5
132,486,483,481,471,472,466,459,465,487,490,478,475,474,471,468,465,501,486,487,488,481,473,471,477,491,485,483,486,490,477,479,474,493,496,503,499,489,483,482,476,511,496,501,501,488,493,482,487,511,502,501,502,498,492,493,480,514,508,505,509,493,498,500,487,5,3,4,3,3,3,3,3,4,3,3,3,3,3,3,4,4,5,3,3,3,3,3,3,4,3,3,3,3,4,4,4,4,4,4,4,3,3,4,4,5,4,4,4,4,4,4,4,4,5,4,4,4,4,4,4,5,6,4,4,4,4,5,6,5,5,5,5,5,5,5,5,5,5,5,5,5,5,5,5,5,5,5,5,5,5,5,5,5,5,5,5,5,5,5,5,5,5,5,5,5,5,5,5,5,5,5,5,5,5,5,5,5,5,5,5,5,5,5,5,5,5,5,5,5,5,5,5
133,483,476,479,480,470,470,470,464,493,484,484,478,468,466,471,468,499,496,488,482,478,479,477,472,495,500,494,485,481,479,480,478,509,502,489,489,492,479,483,483,501,494,494,489,489,490,490,484,518,506,503,502,497,496,488,495,516,516,508,501,498,502,493,497,4,4,4,4,3,3,4,4,4,4,4,4,3,3,3,3,5,4,4,3,3,3,4,4,4,4,4,4,3,3,3,4,5,5,4,4,4,3,4,5,4,4,5,4,4,4,4,4,7,5,4,5,4,5,4,6,5,7,5,5,4,5,4,8,5,5,5,5,5,5,5,5,5,5,5,5,5,5,5,5,5,5,5,5,5,5,5,5,5,5,5,5,5,5,5,5,5,5,5,5,5,5,5,5,5,5,5,5,5,5,5,5,5,5,5,5,5,5,5,5,5,5,5,5,5,5,5,5
134,485,479,482,477,470,466,465,470,493,482,482,477,477,474,464,464,493,498,485,481,480,475,476,467,492,492,492,483,486,483,479,477,502,496,493,494,489,485,479,470,505,499,496,506,491,486,483,474,504,504,501,502,492,492,495,487,525,503,508,501,497,488,505,487,4,3,3,4,3,3,3,4,4,4,3,3,3,3,3,3,5,4,3,3,3,3,3,4,4,4,3,3,3,3,3,4,4,4,4,3,3,3,3,4,4,4,4,4,4,3,4,4,4,5,4,4,4,3,4,4,6,6,4,4,5,5,5,6,5,5,5,5,5,5,5,5,5,5,5,5,5,5,5,5,5,5,5,5,5,5,5,5,5,5,5,5,5,5,5,5,5,5,5,5,5,5,5,5,5,5,5,5,5,5,5,5,5,5,5,5,5,5,5,5,5,5,5,5,5,5,5,5
135,487,482,479,478,474,476,465,466,489,492,479,476,475,466,472,474,497,490,486,485,476,473,482,475,499,490,485,481,483,487,479,478,496,495,497,497,485,478,492,479,500,498,497,494,497,489,485,486,505,503,499,509,496,489,493,493,517,503,514,495,494,505,495,493,5,4,4,3,3,4,4,3,4,3,3,3,3,3,3,3,5,4,4,4,4,3,4,4,4,4,4,3,4,3,4,4,4,4,4,4,3,3,4,4,4,5,5,5,4,4,4,4,5,5,4,4,5,5,4,4,6,7,5,5,5,5,5,5,5,5,5,5,5,5,5,5,5,5,5,5,5,5,5,5,5,5,5,5,5,5,5,5,5,5,5,5,5,5,5,5,5,5,5,5,5,5,5,5,5,5,5,5,5,5,5,5,5,5,5,5,5,5,5,5,5,5,5,5,5,5,5,5
136,490,482,469,476,476,474,469,470,487,481,475,480,475,474,469,468,502,498,484,481,479,474,468,471,499,491,491,491,481,482,475,477,500,497,498,488,484,486,485,471,503,509,494,492,491,490,488,479,502,503,502,496,496,483,482,495,517,507,506,501,505,493,489,484,5,4,3,3,3,3,3,4,4,4,3,3,3,3,3,3,4,4,3,3,3,3,3,4,5,4,3,3,3,3,3,4,4,4,3,3,4,3,4,4,3,4,4,4,5,3,4,4,4,5,4,4,5,4,4,4,5,6,4,6,4,5,4,6,5,5,5,5,5,5,5,5,5,5,5,5,5,5,5,5,5,5,5,5,5,5,5,5,5,5,5,5,5,5,5,5,5,5,5,5,5,5,5,5,5,5,5,5,5,5,5,5,5,5,5,5,5,5,5,5,5,5,5,5,5,5,5,5
137,480,485,473,472,469,466,467,462,493,482,482,481,468,476,472,463,501,491,486,481,472,481,476,470,492,488,495,488,479,480,476,473,497,498,495,500,492,479,488,472,508,497,497,504,488,490,489,480,511,505,501,498,497,492,490,484,509,512,505,505,500,485,499,489,4,4,4,4,3,3,4,4,4,3,3,4,3,3,4,4,5,5,4,4,3,4,3,4,5,4,4,3,3,3,4,4,5,4,3,4,4,3,4,4,4,4,5,5,4,4,4,5,6,6,4,5,4,4,5,4,6,6,4,6,4,5,4,6,5,5,5,5,5,5,5,5,5,5,5,5,5,5,5,5,5,5,5,5,5,5,5,5,5,5,5,5,5,5,5,5,5,5,5,5,5,5,5,5,5,5,5,5,5,5,5,5,5,5,5,5,5,5,5,5,5,5,5,5,5,5,5,5
138,483,478,472,472,474,472,463,464,491,486,483,484,476,472,471,463,491,482,484,486,477,473,468,470,495,494,485,487,489,470,477,477,495,503,493,487,488,482,477,476,502,492,507,502,484,485,488,483,512,502,504,498,492,495,496,489,503,512,509,494,503,495,501,487,4,3,4,4,3,3,3,3,4,3,3,3,3,3,3,3,4,4,3,3,3,3,3,4,4,4,4,3,3,3,3,4,4,4,4,3,3,3,3,4,4,4,5,4,4,3,4,4,5,5,4,4,4,3,4,4,5,6,4,4,4,4,5,6,5,5,5,5,5,5,5,5,5,5,5,5,5,5,5,5,5,5,5,5,5,5,5,5,5,5,5,5,5,5,5,5,5,5,5,5,5,5,5,5,5,5,5,5,5,5,5,5,5,5,5,5,5,5,5,5,5,5,5,5,5,5,5,5
139,495,474,481,477,470,480,467,471,491,491,487,482,465,466,466,470,492,490,488,485,478,482,475,470,497,494,492,479,486,481,483,469,505,499,493,490,487,487,477,476,509,501,502,489,497,491,486,480,508,502,504,493,495,491,491,481,517,500,504,503,499,501,492,481,4,3,4,4,3,4,4,4,4,3,4,4,4,3,3,3,4,5,4,4,3,3,3,4,4,4,4,4,3,3,4,4,4,4,4,4,4,3,4,4,4,5,5,4,5,4,4,5,4,4,4,4,4,4,5,5,5,6,5,6,5,5,5,6,5,5,5,5,5,5,5,5,5,5,5,5,5,5,5,5,5,5,5,5,5,5,5,5,5,5,5,5,5,5,5,5,5,5,5,5,5,5,5,5,5,5,5,5,5,5,5,5,5,5,5,5,5,5,5,5,5,5,5,5,5,5,5,5
140,488,479,472,476,469,466,467,467,489,488,476,473,473,470,472,462,495,490,480,484,476,472,471,475,504,494,492,490,481,480,482,473,499,491,493,492,490,481,482,479,499,491,499,495,495,486,478,482,509,502,503,497,495,485,491,488,514,507,503,496,498,494,501,485,4,3,3,4,3,3,4,4,4,3,3,3,3,3,3,3,4,4,3,4,3,3,3,3,4,4,3,3,3,3,3,4,5,4,4,3,3,3,3,4,4,4,4,4,4,4,4,4,5,5,4,4,5,4,4,4,5,6,4,4,4,5,4,6,5,5,5,5,5,5,5,5,5,5,5,5,5,5,5,5,5,5,5,5,5,5,5,5,5,5,5,5,5,5,5,5,5,5,5,5,5,5,5,5,5,5,5,5,5,5,5,5,5,5,5,5,5,5,5,5,5,5,5,5,5,5,5,5
141,488,480,479,482,475,475,465,465,494,482,491,479,476,479,473,460,489,487,489,483,490,478,469,470,497,500,487,485,482,473,474,474,501,504,493,492,494,485,491,474,514,497,499,500,491,490,487,479,522,512,504,499,493,495,501,487,505,509,512,506,498,487,503,490,5,3,4,3,3,4,4,4,4,3,4,3,4,3,4,3,4,4,4,4,3,3,3,4,4,4,4,3,4,3,4,4,4,3,3,4,4,3,4,4,5,5,4,5,4,4,4,5,5,5,4,5,5,4,5,5,7,7,4,5,4,5,5,7,5,5,5,5,5,5,5,5,5,5,5,5,5,5,5,5,5,5,5,5,5,5,5,5,5,5,5,5,5,5,5,5,5,5,5,5,5,5,5,5,5,5,5,5,5,5,5,5,5,5,5,5,5,5,5,5,5,5,5,5,5,5,5,5
142,488,483,477,474,473,475,468,463,490,486,481,473,472,473,470,470,490,504,483,487,482,480,471,471,497,490,492,488,486,484,474,471,494,494,492,491,492,487,480,473,500,500,498,494,485,487,493,494,514,502,507,501,500,490,488,485,510,503,504,507,497,498,504,492,4,4,4,4,3,3,3,3,4,3,3,4,3,3,3,4,4,4,3,4,3,3,3,4,4,4,3,3,3,3,3,4,4,4,4,3,3,3,3,3,4,3,4,4,4,4,4,5,5,5,4,4,4,4,4,5,6,6,4,5,4,4,5,7,5,5,5,5,5,5,5,5,5,5,5,5,5,5,5,5,5,5,5,5,5,5,5,5,5,5,5,5,5,5,5,5,5,5,5,5,5,5,5,5,5,5,5,5,5,5,5,5,5,5,5,5,5,5,5,5,5,5,5,5,5,5,5,5
143,489,487,484,477,473,465,472,467,494,481,482,479,483,470,467,478,497,485,491,483,489,477,469,467,503,498,497,488,470,478,478,469,493,499,488,492,477,487,481,466,511,499,500,494,494,484,496,484,498,500,507,501,495,494,495,501,520,518,506,499,498,500,487,485,5,4,4,4,3,3,3,4,4,3,4,4,4,3,3,3,5,5,4,4,3,3,3,4,4,4,4,3,3,3,4,4,5,4,3,4,3,3,3,4,5,4,5,5,4,3,3,5,4,5,5,5,5,4,4,6,6,5,4,4,5,5,5,7,5,5,5,5,5,5,5,5,5,5,5,5,5,5,5,5,5,5,5,5,5,5,5,5,5,5,5,5,5,5,5,5,5,5,5,5,5,5,5,5,5,5,5,5,5,5,5,5,5,5,5,5,5,5,5,5,5,5,5,5,5,5,5,5
144,479,483,476,473,471,471,462,459,491,482,481,479,474,474,470,472,490,494,482,488,479,469,472,472,500,496,490,490,481,481,477,474,500,495,491,489,491,487,486,481,511,491,501,487,492,488,488,488,506,507,504,496,495,485,491,494,507,526,504,514,498,494,501,480,4,3,4,4,3,3,3,4,4,3,4,3,3,3,3,3,4,4,3,3,3,3,4,4,4,4,3,3,4,3,3,4,4,4,3,3,3,3,4,4,5,4,5,4,4,4,4,4,5,4,4,5,4,4,4,5,6,6,4,5,5,5,5,6,5,5,5,5,5,5,5,5,5,5,5,5,5,5,5,5,5,5,5,5,5,5,5,5,5,5,5,5,5,5,5,5,5,5,5,5,5,5,5,5,5,5,5,5,5,5,5,5,5,5,5,5,5,5,5,5,5,5,5,5,5,5,5,5
145,483,477,476,475,473,471,470,460,492,486,489,482,479,471,463,472,503,488,482,481,480,476,474,467,501,494,492,486,493,483,480,470,501,500,496,493,494,486,478,475,505,498,498,495,490,481,483,481,517,507,514,496,484,488,489,493,518,500,503,493,497,496,497,492,5,4,3,4,3,4,3,4,5,3,4,4,4,3,4,3,5,4,4,3,3,3,4,4,4,5,4,3,4,4,4,4,4,4,4,4,4,3,4,4,4,5,4,4,5,3,5,5,5,5,5,5,4,4,4,5,6,6,4,4,5,5,5,6,5,5,5,5,5,5,5,5,5,5,5,5,5,5,5,5,5,5,5,5,5,5,5,5,5,5,5,5,5,5,5,5,5,5,5,5,5,5,5,5,5,5,5,5,5,5,5,5,5,5,5,5,5,5,5,5,5,5,5,5,5,5,5,5
146,486,481,476,472,469,473,473,459,485,483,478,477,476,471,467,469,486,491,484,482,479,479,474,472,490,489,490,486,481,478,471,479,505,495,492,492,491,482,482,472,510,502,491,504,497,484,483,482,514,505,501,494,488,483,490,487,518,513,504,507,503,499,499,484,5,4,3,4,3,3,3,4,3,3,3,3,3,3,3,4,4,5,3,3,3,3,3,3,5,4,3,3,4,3,3,4,4,4,4,3,3,3,3,4,4,4,4,5,4,3,4,4,4,4,4,4,4,4,4,5,5,6,4,5,4,4,5,6,5,5,5,5,5,5,5,5,5,5,5,5,5,5,5,5,5,5,5,5,5,5,5,5,5,5,5,5,5,5,5,5,5,5,5,5,5,5,5,5,5,5,5,5,5,5,5,5,5,5,5,5,5,5,5,5,5,5,5,5,5,5,5,5
147,478,482,486,473,465,469,472,461,493,486,479,478,476,474,472,462,492,494,482,488,477,477,473,478,499,490,493,486,484,480,470,471,505,501,493,495,493,490,486,472,505,490,492,496,488,491,485,482,506,516,500,496,495,484,492,489,516,514,497,500,492,496,499,503,4,4,3,4,3,3,4,3,4,4,3,3,3,3,3,3,4,4,4,4,3,3,4,3,4,4,4,3,4,3,3,4,5,4,3,4,4,4,4,4,5,4,4,4,4,4,5,4,5,6,4,4,5,4,4,5,5,7,4,4,5,5,5,5,5,5,5,5,5,5,5,5,5,5,5,5,5,5,5,5,5,5,5,5,5,5,5,5,5,5,5,5,5,5,5,5,5,5,5,5,5,5,5,5,5,5,5,5,5,5,5,5,5,5,5,5,5,5,5,5,5,5,5,5,5,5,5,5
148,489,486,478,466,475,466,469,456,491,488,483,471,483,476,472,467,496,495,487,483,484,476,468,470,499,496,491,486,478,481,474,479,502,491,493,490,489,488,479,480,502,495,503,492,497,489,480,480,513,497,500,499,485,487,489,496,511,520,508,503,497,495,492,488,5,4,3,3,3,3,4,4,4,3,3,3,3,3,3,3,4,4,3,3,3,3,3,4,4,4,4,3,3,3,3,4,4,4,3,3,3,4,3,4,5,4,4,3,5,3,4,4,4,5,4,5,3,4,4,5,5,5,4,6,4,4,4,6,5,5,5,5,5,5,5,5,5,5,5,5,5,5,5,5,5,5,5,5,5,5,5,5,5,5,5,5,5,5,5,5,5,5,5,5,5,5,5,5,5,5,5,5,5,5,5,5,5,5,5,5,5,5,5,5,5,5,5,5,5,5,5,5
149,486,486,479,475,469,468,461,475,485,483,488,474,471,467,470,467,492,501,488,479,480,472,473,477,489,492,487,486,486,480,475,473,503,496,488,495,482,482,483,474,512,503,499,486,493,481,492,486,513,503,503,501,490,488,484,489,516,519,517,498,506,499,501,500,6,4,4,4,3,3,4,4,4,4,4,4,3,3,3,4,4,5,3,3,3,3,3,4,5,4,4,3,3,3,3,4,5,4,4,4,4,3,4,4,5,4,4,4,5,3,5,3,5,5,4,5,4,4,5,5,6,7,5,5,5,4,5,6,5,5,5,5,5,5,5,5,5,5,5,5,5,5,5,5,5,5,5,5,5,5,5,5,5,5,5,5,5,5,5,5,5,5,5,5,5,5,5,5,5,5,5,5,5,5,5,5,5,5,5,5,5,5,5,5,5,5,5,5,5,5,5,5
150,493,477,478,474,470,465,468,462,487,485,480,484,475,472,468,462,494,486,484,476,476,480,475,463,491,492,483,484,482,482,481,477,491,499,493,490,485,481,478,482,499,498,500,488,494,485,490,486,502,504,500,500,494,488,485,490,505,511,507,513,500,492,488,485,4,3,4,4,3,3,3,4,4,3,3,3,3,3,3,3,4,4,3,4,3,3,3,3,4,4,4,3,3,3,3,4,4,4,3,3,3,3,3,4,4,4,4,4,4,3,4,4,4,5,4,4,4,4,4,5,4,5,4,6,4,5,4,5,5,5,5,5,5,5,5,5,5,5,5,5,5,5,5,5,5,5,5,5,5,5,5,5,5,5,5,5,5,5,5,5,5,5,5,5,5,5,5,5,5,5,5,5,5,5,5,5,5,5,5,5,5,5,5,5,5,5,5,5,5,5,5,5
151,479,484,478,472,469,476,466,465,494,486,487,476,481,475,472,471,493,484,479,491,473,475,475,477,496,492,492,483,486,484,474,474,496,491,487,494,488,487,481,477,499,499,500,493,501,493,489,478,516,501,512,503,492,486,491,486,509,507,507,499,501,496,502,494,5,4,4,4,3,4,4,3,5,3,4,3,3,3,3,4,5,5,4,4,3,3,4,4,6,4,4,3,3,3,3,4,5,4,4,3,4,4,4,4,4,4,5,4,5,4,4,4,4,4,5,4,4,4,4,5,6,7,4,5,5,5,5,7,5,5,5,5,5,5,5,5,5,5,5,5,5,5,5,5,5,5,5,5,5,5,5,5,5,5,5,5,5,5,5,5,5,5,5,5,5,5,5,5,5,5,5,5,5,5,5,5,5,5,5,5,5,5,5,5,5,5,5,5,5,5,5,5
152,486,486,471,478,468,470,458,469,492,489,482,475,472,474,464,468,496,495,488,479,481,478,471,470,496,497,487,489,479,482,471,471,507,498,490,492,486,486,479,484,499,504,495,501,485,480,479,482,506,506,502,494,506,499,487,488,511,502,510,504,494,491,498,500,4,3,3,4,3,3,3,3,4,3,3,3,3,3,3,3,4,4,4,3,3,3,4,4,4,4,3,3,3,3,3,4,4,4,3,3,3,3,4,4,4,4,4,4,4,3,3,4,5,5,4,5,4,4,4,5,4,5,4,5,4,5,5,5,5,5,5,5,5,5,5,5,5,5,5,5,5,5,5,5,5,5,5,5,5,5,5,5,5,5,5,5,5,5,5,5,5,5,5,5,5,5,5,5,5,5,5,5,5,5,5,5,5,5,5,5,5,5,5,5,5,5,5,5,5,5,5,5
153,475,482,475,469,466,468,468,467,495,481,485,472,480,470,468,471,501,488,485,481,480,476,475,469,497,495,492,488,485,476,480,480,506,493,494,489,484,484,482,478,498,499,497,495,492,484,484,481,507,494,500,503,496,486,495,499,502,503,509,491,499,499,504,491,4,4,3,4,3,3,4,4,4,4,4,3,3,3,3,4,4,5,4,4,3,4,3,4,5,4,4,3,3,3,4,4,4,5,4,3,4,4,3,5,3,5,5,5,4,4,4,5,5,5,4,4,4,4,4,5,5,6,4,5,4,5,5,6,5,5,5,5,5,5,5,5,5,5,5,5,5,5,5,5,5,5,5,5,5,5,5,5,5,5,5,5,5,5,5,5,5,5,5,5,5,5,5,5,5,5,5,5,5,5,5,5,5,5,5,5,5,5,5,5,5,5,5,5,5,5,5,5
154,482,478,473,473,470,468,465,463,481,477,479,471,477,474,471,471,486,495,486,486,477,470,468,475,496,493,489,483,480,481,480,476,497,491,497,494,490,487,484,485,502,498,495,490,497,484,481,485,503,498,501,500,492,490,494,489,517,512,498,503,498,501,499,505,4,3,4,3,3,3,4,3,4,4,3,3,3,3,3,4,4,4,3,3,3,3,3,4,5,4,3,3,3,3,4,4,4,4,3,3,3,3,3,4,4,3,4,3,4,3,3,4,5,5,4,4,4,4,4,4,5,5,4,5,4,4,4,6,5,5,5,5,5,5,5,5,5,5,5,5,5,5,5,5,5,5,5,5,5,5,5,5,5,5,5,5,5,5,5,5,5,5,5,5,5,5,5,5,5,5,5,5,5,5,5,5,5,5,5,5,5,5,5,5,5,5,5,5,5,5,5,5
155,491,480,483,470,466,471,468,463,480,484,485,479,478,467,469,460,488,490,483,478,477,473,476,471,498,500,491,489,480,481,475,472,508,504,496,495,485,484,488,473,506,490,498,502,492,489,475,481,514,510,500,496,488,496,492,487,514,517,507,499,498,496,498,486,5,4,3,4,3,3,4,4,4,3,4,3,3,3,3,3,4,5,3,3,3,3,4,4,4,4,4,4,4,3,3,4,5,4,4,4,4,3,4,4,4,4,5,5,4,4,4,4,6,5,4,4,4,4,4,5,7,6,4,4,5,4,5,7,5,5,5,5,5,5,5,5,5,5,5,5,5,5,5,5,5,5,5,5,5,5,5,5,5,5,5,5,5,5,5,5,5,5,5,5,5,5,5,5,5,5,5,5,5,5,5,5,5,5,5,5,5,5,5,5,5,5,5,5,5,5,5,5
156,493,481,477,470,470,465,465,466,487,484,482,482,476,468,473,472,488,487,489,488,477,481,473,469,489,493,494,492,484,480,472,474,502,495,503,493,488,485,483,479,511,495,493,487,493,492,487,484,514,502,497,496,495,492,488,493,512,503,509,498,494,482,499,503,3,3,3,4,3,3,4,3,4,3,3,3,3,3,3,3,4,5,3,3,3,3,3,4,4,4,4,3,3,3,3,4,4,4,4,4,4,3,4,4,4,4,4,4,4,4,4,3,4,5,3,4,4,4,5,5,6,6,4,5,5,4,4,6,5,5,5,5,5,5,5,5,5,5,5,5,5,5,5,5,5,5,5,5,5,5,5,5,5,5,5,5,5,5,5,5,5,5,5,5,5,5,5,5,5,5,5,5,5,5,5,5,5,5,5,5,5,5,5,5,5,5,5,5,5,5,5,5
157,489,485,484,474,474,474,465,460,488,486,483,476,477,471,465,469,490,495,485,481,481,472,471,465,495,500,494,488,486,484,477,472,509,498,493,497,482,491,476,482,510,503,505,496,492,488,486,480,510,501,500,497,493,494,495,492,504,503,509,507,502,502,493,494,4,4,5,4,3,4,4,3,4,3,4,3,3,3,3,4,5,4,4,3,3,3,3,4,4,5,4,3,3,3,3,4,5,4,4,4,3,3,4,5,5,4,4,5,4,4,4,5,5,5,4,5,4,4,4,6,5,6,5,5,4,5,5,7,5,5,5,5,5,5,5,5,5,5,5,5,5,5,5,5,5,5,5,5,5,5,5,5,5,5,5,5,5,5,5,5,5,5,5,5,5,5,5,5,5,5,5,5,5,5,5,5,5,5,5,5,5,5,5,5,5,5,5,5,5,5,5,5
158,486,476,470,470,464,468,459,469,493,484,473,478,476,476,465,476,492,488,479,484,480,476,471,471,502,490,489,485,480,484,476,473,501,496,491,494,487,486,481,485,500,504,499,494,494,485,482,485,510,504,500,496,490,498,496,489,513,514,502,512,495,486,493,499,5,4,4,3,3,3,3,4,4,4,3,3,3,3,3,3,4,5,3,3,3,3,3,4,4,3,4,3,4,3,3,4,4,4,3,4,3,3,3,4,4,4,4,4,4,3,4,3,5,4,4,4,4,4,4,4,5,6,4,5,4,4,4,7,5,5,5,5,5,5,5,5,5,5,5,5,5,5,5,5,5,5,5,5,5,5,5,5,5,5,5,5,5,5,5,5,5,5,5,5,5,5,5,5,5,5,5,5,5,5,5,5,5,5,5,5,5,5,5,5,5,5,5,5,5,5,5,5
159,483,479,469,469,477,471,466,461,492,478,484,475,474,474,464,460,503,491,490,483,481,480,473,468,502,490,484,485,480,483,481,475,499,486,492,490,498,481,477,481,514,503,494,503,486,487,487,475,513,505,499,489,484,489,496,499,507,512,505,503,501,500,503,497,4,4,3,4,3,3,4,3,4,4,3,3,3,3,4,4,5,4,4,4,3,3,4,4,4,4,3,3,4,3,3,4,5,3,4,3,4,3,4,4,5,5,4,5,4,4,4,4,6,5,4,5,4,4,4,5,6,5,4,5,5,5,5,8,5,5,5,5,5,5,5,5,5,5,5,5,5,5,5,5,5,5,5,5,5,5,5,5,5,5,5,5,5,5,5,5,5,5,5,5,5,5,5,5,5,5,5,5,5,5,5,5,5,5,5,5,5,5,5,5,5,5,5,5,5,5,5,5
160,490,487,477,471,468,462,469,463,486,485,486,480,480,473,467,470,492,496,480,481,480,479,472,468,492,498,481,485,483,480,480,474,507,509,496,488,485,486,476,477,508,497,504,502,484,487,480,482,506,502,501,493,493,491,491,490,512,511,500,511,495,498,498,497,4,4,4,4,3,3,4,4,3,3,4,3,3,3,3,4,4,4,4,4,3,3,3,4,4,5,3,3,4,3,4,4,4,5,3,3,3,3,3,4,4,4,4,4,4,3,4,5,5,4,4,4,4,4,4,4,6,5,4,5,4,4,5,6,5,5,5,5,5,5,5,5,5,5,5,5,5,5,5,5,5,5,5,5,5,5,5,5,5,5,5,5,5,5,5,5,5,5,5,5,5,5,5,5,5,5,5,5,5,5,5,5,5,5,5,5,5,5,5,5,5,5,5,5,5,5,5,5
161,483,477,480,477,479,469,465,467,489,478,481,484,476,473,468,465,487,489,487,483,481,481,476,472,496,491,493,480,475,472,475,480,496,505,484,495,486,486,483,480,500,502,501,495,487,489,484,486,507,506,503,499,495,484,492,480,513,527,503,503,511,493,494,500,5,4,3,4,4,3,4,3,4,4,4,3,3,3,3,3,4,5,4,4,3,4,3,4,4,5,4,3,4,4,3,4,4,4,3,4,3,4,4,4,4,5,5,4,4,4,5,4,5,4,4,5,5,4,4,4,6,6,5,5,5,6,5,7,5,5,5,5,5,5,5,5,5,5,5,5,5,5,5,5,5,5,5,5,5,5,5,5,5,5,5,5,5,5,5,5,5,5,5,5,5,5,5,5,5,5,5,5,5,5,5,5,5,5,5,5,5,5,5,5,5,5,5,5,5,5,5,5
162,481,481,476,476,473,467,467,465,496,482,487,477,478,473,473,464,493,483,483,484,474,475,472,472,497,495,495,492,482,481,486,474,500,491,491,492,483,483,480,474,506,496,492,492,491,493,491,481,516,506,497,499,489,487,488,489,517,509,501,498,496,495,496,502,4,3,4,4,3,4,3,3,4,3,3,3,3,3,3,3,4,4,3,3,3,3,4,4,4,4,3,3,3,3,4,4,4,4,3,3,3,3,4,4,4,4,4,4,4,3,4,4,5,4,4,4,4,4,4,5,5,6,4,4,4,4,5,6,5,5,5,5,5,5,5,5,5,5,5,5,5,5,5,5,5,5,5,5,5,5,5,5,5,5,5,5,5,5,5,5,5,5,5,5,5,5,5,5,5,5,5,5,5,5,5,5,5,5,5,5,5,5,5,5,5,5,5,5,5,5,5,5
163,487,475,482,470,477,468,468,462,490,478,483,480,470,465,466,470,498,493,486,489,479,476,475,474,506,491,486,485,477,480,472,475,499,492,498,491,485,486,480,475,507,506,498,496,493,485,483,485,513,504,502,496,488,492,498,494,511,519,506,508,498,501,502,496,4,4,3,4,3,3,4,4,4,4,4,3,3,3,3,4,5,4,4,3,3,3,3,4,4,4,3,4,4,3,3,4,5,4,4,4,3,3,3,4,5,4,4,4,4,4,4,4,6,5,4,5,4,4,4,5,5,6,4,6,5,5,5,5,5,5,5,5,5,5,5,5,5,5,5,5,5,5,5,5,5,5,5,5,5,5,5,5,5,5,5,5,5,5,5,5,5,5,5,5,5,5,5,5,5,5,5,5,5,5,5,5,5,5,5,5,5,5,5,5,5,5,5,5,5,5,5,5
164,484,481,474,474,466,466,461,470,481,487,480,479,481,471,469,469,488,488,484,483,479,477,473,471,497,494,486,489,484,476,472,474,499,488,499,489,490,483,478,478,504,504,496,495,487,489,481,480,501,504,498,495,490,500,496,484,505,515,503,510,502,494,501,486,4,4,4,4,3,3,3,4,3,3,3,4,3,3,3,4,4,4,4,3,3,3,3,4,4,4,3,3,3,3,3,4,4,3,4,3,4,3,3,4,4,4,4,4,4,4,4,4,4,5,4,5,4,4,5,5,5,5,4,5,4,4,4,6,5,5,5,5,5,5,5,5,5,5,5,5,5,5,5,5,5,5,5,5,5,5,5,5,5,5,5,5,5,5,5,5,5,5,5,5,5,5,5,5,5,5,5,5,5,5,5,5,5,5,5,5,5,5,5,5,5,5,5,5,5,5,5,5
165,483,483,471,476,467,470,469,466,493,483,478,477,473,475,476,462,489,491,481,484,484,476,467,470,502,494,495,488,488,475,481,474,498,503,496,496,489,486,480,475,505,501,493,500,495,493,477,482,503,505,503,489,497,481,490,492,513,504,511,499,508,495,498,482,5,4,3,4,3,3,4,4,4,4,3,3,3,3,4,3,5,4,3,4,3,4,3,4,4,5,4,3,3,4,4,4,6,4,4,4,3,4,3,4,5,5,4,4,4,4,4,5,4,5,5,4,4,4,4,5,6,7,5,5,5,4,4,5,5,5,5,5,5,5,5,5,5,5,5,5,5,5,5,5,5,5,5,5,5,5,5,5,5,5,5,5,5,5,5,5,5,5,5,5,5,5,5,5,5,5,5,5,5,5,5,5,5,5,5,5,5,5,5,5,5,5,5,5,5,5,5,5
166,487,482,476,474,471,469,463,465,492,483,481,475,480,472,469,467,495,491,478,483,477,473,476,471,496,495,490,490,485,477,474,476,494,496,494,492,479,483,478,477,503,493,494,503,485,493,488,480,503,495,497,500,499,493,490,489,509,515,499,501,505,499,494,498,5,3,3,4,3,3,3,3,4,4,3,3,3,3,3,3,4,5,4,3,3,3,3,4,4,4,4,3,3,3,3,4,4,4,4,3,3,3,4,4,4,4,4,4,3,3,4,4,4,4,5,4,4,4,4,4,6,5,4,4,4,4,4,8,5,5,5,5,5,5,5,5,5,5,5,5,5,5,5,5,5,5,5,5,5,5,5,5,5,5,5,5,5,5,5,5,5,5,5,5,5,5,5,5,5,5,5,5,5,5,5,5,5,5,5,5,5,5,5,5,5,5,5,5,5,5,5,5
167,483,486,483,478,468,473,471,466,490,482,483,476,475,466,473,468,499,483,483,490,478,479,480,463,497,486,494,488,486,480,481,467,497,499,491,499,492,487,479,482,513,501,496,495,493,479,479,482,508,505,501,502,494,490,500,492,508,514,509,507,502,487,495,503,5,4,4,3,3,4,3,4,4,3,3,3,3,3,4,4,5,4,4,4,3,3,4,4,4,4,3,3,4,3,4,3,4,4,4,4,3,3,4,5,5,4,4,5,4,3,4,4,5,5,4,6,4,4,5,5,5,6,5,4,4,5,6,6,5,5,5,5,5,5,5,5,5,5,5,5,5,5,5,5,5,5,5,5,5,5,5,5,5,5,5,5,5,5,5,5,5,5,5,5,5,5,5,5,5,5,5,5,5,5,5,5,5,5,5,5,5,5,5,5,5,5,5,5,5,5,5,5
168,479,481,476,478,465,468,469,460,490,489,482,477,474,473,465,467,495,482,479,485,480,478,474,470,494,493,488,488,488,484,478,472,494,504,493,492,493,484,484,480,501,503,494,496,496,485,484,480,508,511,500,495,497,494,487,488,517,501,510,510,496,498,501,493,4,3,4,4,3,3,3,4,4,3,3,3,3,3,3,4,4,4,3,3,3,3,3,4,4,4,4,3,3,3,3,4,4,4,4,4,4,3,3,4,4,5,4,4,4,3,4,4,5,5,4,4,4,4,4,4,6,5,5,5,4,4,5,6,5,5,5,5,5,5,5,5,5,5,5,5,5,5,5,5,5,5,5,5,5,5,5,5,5,5,5,5,5,5,5,5,5,5,5,5,5,5,5,5,5,5,5,5,5,5,5,5,5,5,5,5,5,5,5,5,5,5,5,5,5,5,5,5
169,481,485,476,470,467,475,469,466,487,479,480,479,473,473,469,470,493,492,481,487,482,474,471,473,496,484,493,488,475,478,479,468,501,499,495,491,484,484,476,489,508,501,501,494,485,487,484,489,514,520,503,502,497,497,494,477,527,500,510,501,498,497,497,493,4,4,4,4,3,4,4,3,5,4,4,4,3,3,3,4,5,4,4,4,3,3,4,4,4,3,4,3,3,3,4,3,4,4,4,4,3,4,3,4,4,4,5,4,4,4,4,4,4,6,5,4,4,3,4,5,6,7,4,5,4,6,4,7,5,5,5,5,5,5,5,5,5,5,5,5,5,5,5,5,5,5,5,5,5,5,5,5,5,5,5,5,5,5,5,5,5,5,5,5,5,5,5,5,5,5,5,5,5,5,5,5,5,5,5,5,5,5,5,5,5,5,5,5,5,5,5,5
170,477,479,480,476,469,473,467,467,492,483,483,480,481,472,461,461,494,495,483,484,480,474,467,475,493,496,494,486,481,481,475,472,508,490,493,494,481,486,480,477,503,496,501,494,489,483,484,479,509,503,504,492,493,487,484,494,514,510,504,496,498,496,496,494,4,4,4,4,3,3,3,3,4,3,3,3,3,3,3,3,4,4,3,3,3,3,3,3,4,4,4,3,3,3,3,4,4,4,3,3,4,3,3,4,5,5,5,4,4,3,4,3,4,5,4,5,4,4,4,5,5,5,4,4,4,5,4,7,5,5,5,5,5,5,5,5,5,5,5,5,5,5,5,5,5,5,5,5,5,5,5,5,5,5,5,5,5,5,5,5,5,5,5,5,5,5,5,5,5,5,5,5,5,5,5,5,5,5,5,5,5,5,5,5,5,5,5,5,5,5,5,5
171,486,476,470,477,475,467,461,468,495,487,481,478,476,477,468,468,480,494,486,479,479,483,470,473,508,497,489,488,485,479,477,472,512,489,488,487,485,483,485,485,501,504,500,490,488,493,479,487,510,517,504,495,496,499,497,491,516,516,506,505,506,499,497,480,4,4,4,4,3,3,3,4,4,3,3,4,3,4,3,4,4,5,4,4,3,3,3,4,4,4,4,3,3,3,4,4,5,4,4,3,4,3,4,4,5,4,5,4,4,4,4,4,5,6,4,5,4,4,4,5,5,6,4,5,4,4,5,7,5,5,5,5,5,5,5,5,5,5,5,5,5,5,5,5,5,5,5,5,5,5,5,5,5,5,5,5,5,5,5,5,5,5,5,5,5,5,5,5,5,5,5,5,5,5,5,5,5,5,5,5,5,5,5,5,5,5,5,5,5,5,5,5
172,478,477,482,475,471,472,472,470,490,485,485,484,480,469,467,472,485,491,483,480,479,482,470,471,495,494,496,482,481,487,477,475,501,490,499,486,488,485,484,475,503,505,494,493,496,486,484,482,517,506,503,500,494,488,485,493,513,509,504,500,500,495,499,490,4,3,4,4,3,3,4,4,4,3,3,3,3,3,3,4,4,5,3,3,3,3,3,4,4,4,4,3,4,3,3,4,4,4,4,4,3,3,4,4,4,4,4,4,4,4,4,4,6,4,4,5,4,5,4,5,6,6,4,5,4,4,5,7,5,5,5,5,5,5,5,5,5,5,5,5,5,5,5,5,5,5,5,5,5,5,5,5,5,5,5,5,5,5,5,5,5,5,5,5,5,5,5,5,5,5,5,5,5,5,5,5,5,5,5,5,5,5,5,5,5,5,5,5,5,5,5,5
173,484,480,479,477,476,471,470,464,492,489,483,482,472,476,467,468,485,489,488,481,478,483,475,475,498,494,499,487,491,486,477,477,508,500,495,484,489,483,482,471,519,497,495,494,491,493,481,487,505,511,502,486,494,500,490,485,510,499,509,503,505,493,491,496,5,4,4,4,3,3,4,4,5,4,3,3,3,3,3,4,5,5,4,4,3,4,4,3,4,4,4,4,3,3,4,4,5,5,4,3,4,4,4,4,5,5,4,4,4,4,4,4,5,7,4,4,4,4,5,5,5,6,4,5,4,4,5,7,5,5,5,5,5,5,5,5,5,5,5,5,5,5,5,5,5,5,5,5,5,5,5,5,5,5,5,5,5,5,5,5,5,5,5,5,5,5,5,5,5,5,5,5,5,5,5,5,5,5,5,5,5,5,5,5,5,5,5,5,5,5,5,5
174,483,486,472,474,467,469,471,469,494,484,479,478,472,463,460,468,483,485,481,483,473,482,470,477,495,497,493,486,483,478,479,472,501,498,495,496,488,485,479,486,513,497,500,494,482,490,480,485,510,512,504,495,495,494,489,489,518,499,501,504,502,486,483,498,5,4,3,4,3,3,3,3,4,3,3,3,3,3,3,3,4,5,3,3,3,3,3,4,4,3,4,3,3,3,3,4,4,4,4,3,3,3,3,4,5,5,4,4,4,4,4,3,6,6,4,4,4,4,4,4,6,6,4,5,5,5,5,5,5,5,5,5,5,5,5,5,5,5,5,5,5,5,5,5,5,5,5,5,5,5,5,5,5,5,5,5,5,5,5,5,5,5,5,5,5,5,5,5,5,5,5,5,5,5,5,5,5,5,5,5,5,5,5,5,5,5,5,5,5,5,5,5
175,490,484,484,473,482,468,465,463,482,490,480,481,470,471,474,472,491,487,485,482,474,478,467,476,497,493,488,490,484,475,475,482,497,488,493,494,486,481,480,480,513,499,500,492,497,491,484,488,505,512,503,499,498,493,495,486,514,511,508,509,502,494,495,486,4,4,4,4,4,3,3,3,4,3,3,4,3,3,3,4,4,5,4,4,3,3,3,4,4,4,4,3,3,3,3,4,5,4,4,3,4,4,4,4,5,4,4,4,4,3,4,6,5,5,4,4,4,5,4,4,4,7,4,5,4,6,4,6,5,5,5,5,5,5,5,5,5,5,5,5,5,5,5,5,5,5,5,5,5,5,5,5,5,5,5,5,5,5,5,5,5,5,5,5,5,5,5,5,5,5,5,5,5,5,5,5,5,5,5,5,5,5,5,5,5,5,5,5,5,5,5,5
176,487,483,476,473,470,472,461,469,488,483,483,474,478,469,470,466,493,496,482,488,479,472,469,470,499,486,491,482,487,479,484,475,504,502,495,493,495,483,479,466,511,498,497,495,494,490,483,486,506,502,507,495,494,489,487,487,497,504,507,514,495,500,493,486,4,4,4,4,3,3,3,3,4,4,4,3,3,3,3,3,4,4,4,4,3,3,3,4,4,4,3,3,3,3,3,4,4,3,4,4,4,3,3,4,4,4,4,4,4,4,4,4,5,5,4,5,4,4,4,4,5,5,4,5,5,4,4,6,5,5,5,5,5,5,5,5,5,5,5,5,5,5,5,5,5,5,5,5,5,5,5,5,5,5,5,5,5,5,5,5,5,5,5,5,5,5,5,5,5,5,5,5,5,5,5,5,5,5,5,5,5,5,5,5,5,5,5,5,5,5,5,5
177,494,483,479,475,469,472,464,465,478,485,482,476,481,467,474,468,491,499,482,487,483,477,467,471,504,498,485,487,482,476,478,467,497,493,489,497,483,480,485,470,503,501,499,495,494,490,492,493,508,504,505,504,487,489,485,495,517,513,506,503,500,498,496,488,4,4,4,4,3,3,4,3,4,3,3,3,3,3,3,4,4,4,3,4,3,4,3,4,4,4,4,3,3,3,4,4,5,4,4,3,3,3,4,4,5,5,5,4,4,4,5,4,5,5,4,5,4,4,5,6,5,5,4,5,4,4,5,7,5,5,5,5,5,5,5,5,5,5,5,5,5,5,5,5,5,5,5,5,5,5,5,5,5,5,5,5,5,5,5,5,5,5,5,5,5,5,5,5,5,5,5,5,5,5,5,5,5,5,5,5,5,5,5,5,5,5,5,5,5,5,5,5
178,476,480,474,468,470,470,463,458,490,479,482,474,466,476,465,469,497,491,487,484,481,478,474,479,486,490,491,486,483,481,480,470,499,484,498,482,487,489,479,479,503,489,496,496,488,495,478,477,505,504,495,499,494,491,491,489,519,503,507,509,504,495,504,490,4,3,3,4,3,3,3,4,4,4,3,3,3,3,3,4,4,4,3,3,3,3,3,4,4,4,3,3,3,3,3,4,4,3,4,3,3,3,3,4,4,4,4,4,4,4,3,4,5,4,4,4,4,4,5,5,6,6,4,4,4,4,5,6,5,5,5,5,5,5,5,5,5,5,5,5,5,5,5,5,5,5,5,5,5,5,5,5,5,5,5,5,5,5,5,5,5,5,5,5,5,5,5,5,5,5,5,5,5,5,5,5,5,5,5,5,5,5,5,5,5,5,5,5,5,5,5,5
179,475,483,474,481,474,472,475,466,494,482,486,477,478,473,475,466,487,484,491,494,470,484,468,472,496,497,494,485,487,483,476,475,497,494,496,492,487,486,481,487,499,509,495,497,491,488,482,480,508,502,505,511,502,491,491,485,519,511,503,494,499,487,492,494,5,4,4,3,3,4,3,4,4,3,4,3,3,3,4,4,4,5,4,4,3,3,3,3,4,4,4,3,4,3,4,4,5,4,4,4,3,3,4,5,5,4,4,4,4,3,4,4,5,5,4,4,3,4,4,4,5,7,4,5,5,5,4,7,5,5,5,5,5,5,5,5,5,5,5,5,5,5,5,5,5,5,5,5,5,5,5,5,5,5,5,5,5,5,5,5,5,5,5,5,5,5,5,5,5,5,5,5,5,5,5,5,5,5,5,5,5,5,5,5,5,5,5,5,5,5,5,5
180,489,477,473,470,464,475,468,465,485,478,479,487,475,475,472,466,491,487,487,487,478,472,470,471,496,494,491,486,476,476,479,479,502,495,485,496,489,490,488,475,505,492,503,495,494,488,494,483,516,511,504,502,496,490,492,479,514,510,509,501,497,492,487,500,5,3,3,4,3,3,3,3,4,4,3,3,3,3,3,3,4,5,3,4,3,3,3,4,4,4,4,3,3,3,3,4,4,4,3,3,3,3,4,4,4,4,4,5,4,3,4,3,5,6,4,4,4,4,4,5,5,6,4,5,4,4,4,7,5,5,5,5,5,5,5,5,5,5,5,5,5,5,5,5,5,5,5,5,5,5,5,5,5,5,5,5,5,5,5,5,5,5,5,5,5,5,5,5,5,5,5,5,5,5,5,5,5,5,5,5,5,5,5,5,5,5,5,5,5,5,5,5
181,487,482,480,481,472,476,463,468,487,485,479,479,477,474,470,468,496,488,496,490,483,476,480,474,497,490,490,483,473,481,476,467,506,496,496,496,486,480,482,482,502,504,499,495,492,485,484,482,501,504,510,491,494,489,493,495,518,501,505,507,498,494,496,488,4,4,4,4,3,4,4,3,4,3,4,3,3,3,3,4,5,5,4,4,3,3,3,4,4,4,4,3,4,3,4,4,5,4,4,3,4,3,3,4,4,4,5,4,4,4,4,5,5,5,4,4,5,4,4,5,6,6,4,6,4,6,5,6,5,5,5,5,5,5,5,5,5,5,5,5,5,5,5,5,5,5,5,5,5,5,5,5,5,5,5,5,5,5,5,5,5,5,5,5,5,5,5,5,5,5,5,5,5,5,5,5,5,5,5,5,5,5,5,5,5,5,5,5,5,5,5,5
182,488,478,473,478,466,467,464,456,486,477,478,479,477,476,470,467,499,483,479,483,474,474,474,473,497,489,489,485,486,481,479,471,494,499,490,487,487,487,482,475,499,501,500,483,488,482,487,482,506,503,506,501,506,499,493,491,520,504,501,503,507,493,497,489,5,4,3,4,3,3,4,4,4,4,3,3,3,3,3,3,5,4,3,3,3,3,3,4,4,4,3,3,3,3,3,4,5,4,3,3,3,3,3,4,4,4,4,4,4,3,4,4,5,4,5,6,5,4,4,5,5,6,4,5,4,5,5,7,5,5,5,5,5,5,5,5,5,5,5,5,5,5,5,5,5,5,5,5,5,5,5,5,5,5,5,5,5,5,5,5,5,5,5,5,5,5,5,5,5,5,5,5,5,5,5,5,5,5,5,5,5,5,5,5,5,5,5,5,5,5,5,5
183,486,483,484,469,469,473,473,465,493,484,478,485,481,473,469,467,494,493,494,481,480,475,470,476,500,499,486,487,483,479,487,478,511,499,487,495,489,486,485,484,504,509,492,489,487,496,486,483,511,511,502,495,497,493,492,489,503,520,503,507,509,484,495,478,5,4,4,4,3,3,3,4,4,4,3,4,3,3,3,4,5,5,4,4,3,3,3,4,5,4,3,4,3,3,4,4,5,4,3,4,3,4,4,5,5,5,4,4,5,4,4,4,4,5,4,4,5,4,5,6,5,6,4,5,4,4,4,7,5,5,5,5,5,5,5,5,5,5,5,5,5,5,5,5,5,5,5,5,5,5,5,5,5,5,5,5,5,5,5,5,5,5,5,5,5,5,5,5,5,5,5,5,5,5,5,5,5,5,5,5,5,5,5,5,5,5,5,5,5,5,5,5
184,481,486,483,474,471,473,470,462,490,484,472,476,480,468,469,465,490,487,487,491,476,477,474,471,504,492,492,483,484,477,476,470,508,493,490,490,486,485,482,472,505,500,498,495,505,484,483,484,504,507,500,493,500,494,490,491,510,504,502,505,494,495,497,496,4,4,4,4,3,3,3,3,4,4,3,3,3,3,3,3,5,4,4,3,3,3,4,4,4,3,4,3,3,3,3,4,5,4,3,3,3,3,4,4,4,5,4,4,4,3,4,5,5,5,4,4,3,4,4,4,5,8,4,4,4,5,4,7,5,5,5,5,5,5,5,5,5,5,5,5,5,5,5,5,5,5,5,5,5,5,5,5,5,5,5,5,5,5,5,5,5,5,5,5,5,5,5,5,5,5,5,5,5,5,5,5,5,5,5,5,5,5,5,5,5,5,5,5,5,5,5,5
185,479,483,480,471,469,476,460,460,489,490,482,478,481,473,466,466,482,490,485,478,480,475,467,475,495,493,487,486,480,477,476,478,497,497,488,486,490,485,485,484,501,505,489,497,481,489,484,482,503,502,504,491,493,501,484,497,520,508,500,499,503,499,487,498,5,4,4,4,3,3,4,4,4,3,3,3,3,3,3,4,5,4,4,3,3,3,3,4,5,5,4,3,4,3,4,4,4,4,4,4,3,3,4,4,4,6,4,5,4,4,4,5,4,5,5,4,4,4,4,5,5,7,4,5,4,5,4,6,5,5,5,5,5,5,5,5,5,5,5,5,5,5,5,5,5,5,5,5,5,5,5,5,5,5,5,5,5,5,5,5,5,5,5,5,5,5,5,5,5,5,5,5,5,5,5,5,5,5,5,5,5,5,5,5,5,5,5,5,5,5,5,5
186,482,483,477,474,461,467,467,471,485,481,482,476,467,473,468,472,490,480,483,481,481,472,471,472,498,490,489,488,490,483,476,472,502,493,488,492,503,482,482,477,507,501,499,495,499,484,482,483,514,505,503,497,496,493,489,485,518,513,511,504,497,500,499,493,4,3,4,4,3,3,4,4,4,4,3,3,3,3,3,3,4,4,4,3,3,3,3,4,4,4,4,3,3,3,3,4,4,4,3,3,3,3,3,4,5,4,4,4,4,3,4,3,4,4,4,5,4,4,4,4,5,5,4,5,4,4,5,6,5,5,5,5,5,5,5,5,5,5,5,5,5,5,5,5,5,5,5,5,5,5,5,5,5,5,5,5,5,5,5,5,5,5,5,5,5,5,5,5,5,5,5,5,5,5,5,5,5,5,5,5,5,5,5,5,5,5,5,5,5,5,5,5
187,480,483,481,479,473,465,467,468,484,489,485,482,474,467,465,464,493,489,488,479,482,480,476,468,482,490,494,483,488,479,481,476,506,492,493,497,488,485,480,478,508,489,499,499,493,483,481,485,504,506,503,494,498,493,492,488,514,518,509,501,505,502,492,500,4,3,4,4,3,3,4,3,4,4,3,4,3,3,3,4,4,5,4,3,3,3,3,4,4,4,4,3,3,3,3,4,5,4,3,4,3,4,4,4,5,4,4,5,4,3,4,4,5,5,4,4,4,5,4,5,5,7,4,5,5,5,4,5,5,5,5,5,5,5,5,5,5,5,5,5,5,5,5,5,5,5,5,5,5,5,5,5,5,5,5,5,5,5,5,5,5,5,5,5,5,5,5,5,5,5,5,5,5,5,5,5,5,5,5,5,5,5,5,5,5,5,5,5,5,5,5,5
188,489,485,479,475,475,469,470,466,486,487,484,474,476,470,469,464,497,486,485,486,480,472,468,476,487,496,487,485,480,484,478,478,496,501,492,486,483,486,481,475,498,495,496,498,492,488,490,482,507,507,501,505,497,489,487,487,507,517,507,500,501,497,496,505,5,3,4,4,3,3,3,3,4,3,4,3,3,3,3,3,4,5,4,3,3,3,3,4,4,4,3,3,3,3,3,3,4,4,4,3,3,3,4,4,4,4,4,4,4,4,4,4,4,5,4,4,4,4,3,4,5,5,4,4,5,4,4,6,5,5,5,5,5,5,5,5,5,5,5,5,5,5,5,5,5,5,5,5,5,5,5,5,5,5,5,5,5,5,5,5,5,5,5,5,5,5,5,5,5,5,5,5,5,5,5,5,5,5,5,5,5,5,5,5,5,5,5,5,5,5,5,5
189,482,479,484,471,468,468,467,470,489,479,481,479,481,475,464,467,485,489,487,486,481,476,479,467,502,490,493,483,484,481,479,482,499,495,491,487,490,493,473,478,504,502,494,498,493,495,488,487,506,507,507,503,487,493,494,488,517,506,503,508,501,492,489,491,4,4,3,4,3,3,4,4,4,3,4,3,4,3,3,4,5,5,4,3,3,3,4,4,5,4,4,3,4,3,3,5,5,4,3,3,4,3,3,4,4,3,4,4,4,4,4,4,5,5,4,5,4,4,4,5,5,7,5,6,4,5,6,7,5,5,5,5,5,5,5,5,5,5,5,5,5,5,5,5,5,5,5,5,5,5,5,5,5,5,5,5,5,5,5,5,5,5,5,5,5,5,5,5,5,5,5,5,5,5,5,5,5,5,5,5,5,5,5,5,5,5,5,5,5,5,5,5
190,482,483,475,476,465,463,468,463,486,473,477,479,468,473,465,465,489,491,480,477,487,473,475,472,492,487,488,490,482,479,483,474,504,492,492,490,487,484,485,476,503,504,494,497,485,485,493,478,507,504,496,503,499,484,498,496,518,519,504,504,498,495,501,491,4,3,3,4,3,3,3,3,4,3,3,3,4,3,3,3,4,4,3,3,3,3,3,4,3,3,3,3,3,3,4,4,4,4,3,3,4,3,3,4,4,4,4,4,3,3,5,4,5,5,4,4,4,4,4,4,5,6,4,5,4,4,5,7,5,5,5,5,5,5,5,5,5,5,5,5,5,5,5,5,5,5,5,5,5,5,5,5,5,5,5,5,5,5,5,5,5,5,5,5,5,5,5,5,5,5,5,5,5,5,5,5,5,5,5,5,5,5,5,5,5,5,5,5,5,5,5,5
191,478,481,479,481,469,475,468,467,495,494,480,480,476,472,474,465,496,495,483,487,478,476,470,463,501,494,494,487,483,480,474,474,499,498,497,492,491,489,479,482,511,497,497,497,491,485,487,478,507,505,494,496,493,495,496,491,510,507,513,507,507,504,491,497,4,3,4,3,3,4,4,3,5,3,3,4,3,3,3,4,5,4,4,4,4,3,4,4,5,4,4,3,4,3,4,4,4,4,4,3,3,4,4,5,4,4,4,4,4,4,4,4,5,6,5,5,4,4,4,5,4,6,5,5,5,4,5,5,5,5,5,5,5,5,5,5,5,5,5,5,5,5,5,5,5,5,5,5,5,5,5,5,5,5,5,5,5,5,5,5,5,5,5,5,5,5,5,5,5,5,5,5,5,5,5,5,5,5,5,5,5,5,5,5,5,5,5,5,5,5,5,5
192,479,483,474,476,472,464,466,462,491,483,485,480,474,473,478,470,489,493,490,482,479,470,472,473,503,489,489,490,476,479,480,471,503,498,490,490,493,488,487,478,509,497,502,493,493,487,485,485,511,511,502,497,482,489,490,484,509,518,505,506,497,492,495,492,4,3,3,3,3,3,4,3,4,4,3,3,3,3,4,3,4,4,3,3,3,3,3,4,4,4,3,3,3,3,3,4,4,4,3,3,3,3,4,4,4,4,5,4,4,3,4,4,5,5,4,4,4,4,4,5,5,6,4,4,4,4,4,7,5,5,5,5,5,5,5,5,5,5,5,5,5,5,5,5,5,5,5,5,5,5,5,5,5,5,5,5,5,5,5,5,5,5,5,5,5,5,5,5,5,5,5,5,5,5,5,5,5,5,5,5,5,5,5,5,5,5,5,5,5,5,5,5
193,481,485,477,468,473,473,467,467,496,486,483,475,472,477,466,464,495,485,482,478,474,486,469,467,492,491,491,484,482,485,480,470,503,493,486,502,493,481,487,478,507,499,493,495,499,492,485,487,502,503,509,504,495,492,496,482,513,515,513,497,489,489,499,491,4,4,4,4,3,3,4,4,5,3,4,4,3,3,3,4,4,5,4,3,3,4,3,4,4,4,3,3,3,4,4,4,5,4,4,4,3,3,4,4,4,5,4,4,4,4,4,5,5,5,5,4,4,4,5,4,5,7,5,5,5,4,5,7,5,5,5,5,5,5,5,5,5,5,5,5,5,5,5,5,5,5,5,5,5,5,5,5,5,5,5,5,5,5,5,5,5,5,5,5,5,5,5,5,5,5,5,5,5,5,5,5,5,5,5,5,5,5,5,5,5,5,5,5,5,5,5,5
194,485,484,485,478,472,464,466,462,498,486,486,480,468,475,470,468,484,481,488,487,476,475,480,470,499,491,491,489,479,480,472,471,502,496,490,501,488,490,479,483,503,507,495,501,494,491,494,471,511,496,516,493,494,497,494,491,523,513,504,504,505,491,498,487,5,4,4,4,3,3,4,3,5,3,3,3,4,3,3,4,5,4,4,4,3,3,4,3,4,4,3,3,3,3,3,4,4,4,3,4,3,3,3,4,4,4,4,4,4,4,5,4,5,5,4,5,4,4,5,4,6,6,4,5,4,5,6,6,5,5,5,5,5,5,5,5,5,5,5,5,5,5,5,5,5,5,5,5,5,5,5,5,5,5,5,5,5,5,5,5,5,5,5,5,5,5,5,5,5,5,5,5,5,5,5,5,5,5,5,5,5,5,5,5,5,5,5,5,5,5,5,5
195,488,485,475,469,473,466,465,471,495,480,483,475,468,466,467,469,487,487,484,488,478,481,477,471,501,495,492,481,475,488,477,474,509,496,487,491,487,482,484,483,506,506,502,497,494,483,482,480,513,503,494,490,489,491,495,485,516,513,506,499,506,485,495,488,5,3,4,4,3,3,4,4,4,3,3,3,3,3,3,4,4,5,4,4,3,3,3,4,4,4,3,3,4,3,4,4,5,4,3,4,3,3,4,4,4,5,5,5,4,3,4,4,5,6,4,5,4,4,4,5,5,6,5,5,5,6,5,7,5,5,5,5,5,5,5,5,5,5,5,5,5,5,5,5,5,5,5,5,5,5,5,5,5,5,5,5,5,5,5,5,5,5,5,5,5,5,5,5,5,5,5,5,5,5,5,5,5,5,5,5,5,5,5,5,5,5,5,5,5,5,5,5
196,482,484,476,467,471,469,471,467,497,487,486,476,472,473,464,471,488,483,491,486,479,475,474,469,500,491,492,485,481,484,479,479,502,494,494,496,487,488,481,475,504,499,496,496,486,485,491,479,505,499,494,493,488,501,485,481,519,509,500,501,496,504,484,503,5,4,4,3,3,3,4,3,4,3,4,3,3,3,3,4,4,4,4,3,3,3,3,3,4,4,3,3,4,3,3,4,4,4,4,3,3,4,4,4,4,4,4,4,4,4,4,4,5,4,5,5,4,3,4,5,6,5,4,4,5,5,5,5,5,5,5,5,5,5,5,5,5,5,5,5,5,5,5,5,5,5,5,5,5,5,5,5,5,5,5,5,5,5,5,5,5,5,5,5,5,5,5,5,5,5,5,5,5,5,5,5,5,5,5,5,5,5,5,5,5,5,5,5,5,5,5,5
197,483,483,471,483,469,471,459,470,489,490,481,475,476,475,475,466,487,490,487,490,481,474,469,471,499,490,493,491,487,477,476,480,505,498,493,492,494,487,479,479,503,505,496,492,491,492,486,482,516,517,501,506,500,496,496,490,510,513,506,495,500,492,492,491,4,4,4,3,3,3,3,4,4,4,4,3,3,3,3,4,5,5,4,4,3,3,4,4,4,4,4,3,3,3,3,5,4,4,4,3,4,3,4,4,4,5,4,4,4,4,4,4,6,5,4,4,5,4,4,5,6,5,4,4,4,4,4,6,5,5,5,5,5,5,5,5,5,5,5,5,5,5,5,5,5,5,5,5,5,5,5,5,5,5,5,5,5,5,5,5,5,5,5,5,5,5,5,5,5,5,5,5,5,5,5,5,5,5,5,5,5,5,5,5,5,5,5,5,5,5,5,5
198,488,480,478,478,477,469,464,454,494,485,484,478,474,470,475,464,492,484,480,485,475,480,473,467,498,496,487,488,483,487,478,478,502,492,498,488,486,482,481,482,506,497,495,498,492,480,481,481,508,510,502,495,493,488,500,494,509,509,504,506,494,489,501,483,4,3,3,4,3,3,3,4,4,3,3,3,3,3,3,3,4,4,3,4,3,3,3,3,5,4,4,3,3,3,3,4,4,4,4,3,3,3,4,4,5,4,4,4,4,3,4,3,6,5,4,5,4,4,4,5,5,6,4,4,5,4,4,6,5,5,5,5,5,5,5,5,5,5,5,5,5,5,5,5,5,5,5,5,5,5,5,5,5,5,5,5,5,5,5,5,5,5,5,5,5,5,5,5,5,5,5,5,5,5,5,5,5,5,5,5,5,5,5,5,5,5,5,5,5,5,5,5
199,478,482,482,471,478,461,464,466,489,476,482,479,478,477,470,462,490,496,487,484,482,476,471,465,495,493,492,481,487,486,480,467,507,493,491,485,482,483,483,484,502,500,499,496,495,494,489,488,513,500,508,494,500,495,491,494,509,515,507,510,495,488,501,498,4,4,4,4,3,3,4,4,4,3,3,3,3,3,3,3,4,4,4,3,3,3,3,3,4,4,4,3,3,4,4,3,4,4,4,3,3,4,4,3,5,4,4,5,4,4,4,5,6,5,5,4,5,4,4,5,5,5,4,5,5,5,5,6,5,5,5,5,5,5,5,5,5,5,5,5,5,5,5,5,5,5,5,5,5,5,5,5,5,5,5,5,5,5,5,5,5,5,5,5,5,5,5,5,5,5,5,5,5,5,5,5,5,5,5,5,5,5,5,5,5,5,5,5,5,5,5,5
