frame,dist_z0,dist_z1,dist_z2,dist_z3,dist_z4,dist_z5,dist_z6,dist_z7,dist_z8,dist_z9,dist_z10,dist_z11,dist_z12,dist_z13,dist_z14,dist_z15,dist_z16,dist_z17,dist_z18,dist_z19,dist_z20,dist_z21,dist_z22,dist_z23,dist_z24,dist_z25,dist_z26,dist_z27,dist_z28,dist_z29,dist_z30,dist_z31,dist_z32,dist_z33,dist_z34,dist_z35,dist_z36,dist_z37,dist_z38,dist_z39,dist_z40,dist_z41,dist_z42,dist_z43,dist_z44,dist_z45,dist_z46,dist_z47,dist_z48,dist_z49,dist_z50,dist_z51,dist_z52,dist_z53,dist_z54,dist_z55,dist_z56,dist_z57,dist_z58,dist_z59,dist_z60,dist_z61,dist_z62,dist_z63,sigma_z0,sigma_z1,sigma_z2,sigma_z3,sigma_z4,sigma_z5,sigma_z6,sigma_z7,sigma_z8,sigma_z9,sigma_z10,sigma_z11,sigma_z12,sigma_z13,sigma_z14,sigma_z15,sigma_z16,sigma_z17,sigma_z18,sigma_z19,sigma_z20,sigma_z21,sigma_z22,sigma_z23,sigma_z24,sigma_z25,sigma_z26,sigma_z27,sigma_z28,sigma_z29,sigma_z30,sigma_z31,sigma_z32,sigma_z33,sigma_z34,sigma_z35,sigma_z36,sigma_z37,sigma_z38,sigma_z39,sigma_z40,sigma_z41,sigma_z42,sigma_z43,sigma_z44,sigma_z45,sigma_z46,sigma_z47,sigma_z48,sigma_z49,sigma_z50,sigma_z51,sigma_z52,sigma_z53,sigma_z54,sigma_z55,sigma_z56,sigma_z57,sigma_z58,sigma_z59,sigma_z60,sigma_z61,sigma_z62,sigma_z63,status_z0,status_z1,status_z2,status_z3,status_z4,status_z5,status_z6,status_z7,status_z8,status_z9,status_z10,status_z11,status_z12,status_z13,status_z14,status_z15,status_z16,status_z17,status_z18,status_z19,status_z20,status_z21,status_z22,status_z23,status_z24,status_z25,status_z26,status_z27,status_z28,status_z29,status_z30,status_z31,status_z32,status_z33,status_z34,status_z35,status_z36,status_z37,status_z38,status_z39,status_z40,status_z41,status_z42,status_z43,status_z44,status_z45,status_z46,status_z47,status_z48,status_z49,status_z50,status_z51,status_z52,status_z53,status_z54,status_z55,status_z56,status_z57,status_z58,status_z59,status_z60,status_z61,status_z62,status_z63
0,676,666,682,658,660,667,647,647,687,681,678,675,666,670,663,657,677,695,701,676,682,680,670,686,699,679,701,691,677,682,679,664,716,702,701,702,705,701,681,678,703,696,700,708,692,682,682,683,707,712,719,701,702,691,683,692,731,738,721,723,710,693,707,687,7,5,6,6,4,5,5,6,6,5,5,5,5,5,5,5,8,9,6,5,5,5,4,6,8,7,8,5,5,5,7,7,8,6,5,7,8,5,7,7,6,8,6,6,7,6,6,7,7,7,8,10,6,6,7,10,9,15,7,9,6,8,7,11,5,5,5,5,5,5,5,5,5,5,5,5,5,5,5,5,5,5,5,5,5,5,5,5,5,5,5,5,5,5,5,5,5,5,5,5,5,5,5,5,5,5,5,5,5,5,5,5,5,5,5,5,5,5,5,5,5,5,5,5,5,5,5,5
1,691,660,673,665,660,665,653,646,678,675,682,670,665,660,660,667,697,685,688,682,671,675,668,656,703,693,700,693,686,680,674,665,692,701,697,687,700,687,677,682,728,709,705,715,702,687,685,678,722,720,706,706,697,687,690,683,735,728,709,712,704,703,700,683,8,5,5,5,5,4,5,5,7,5,4,5,5,4,5,5,7,7,5,6,4,5,6,5,7,6,5,6,5,5,5,6,8,6,5,6,5,6,6,6,7,7,6,7,5,6,5,7,7,9,7,7,5,5,7,8,10,13,6,7,8,8,7,9,5,5,5,5,5,5,5,5,5,5,5,5,5,5,5,5,5,5,5,5,5,5,5,5,5,5,5,5,5,5,5,5,5,5,5,5,5,5,5,5,5,5,5,5,5,5,5,5,5,5,5,5,5,5,5,5,5,5,5,5,5,5,5,5
2,683,674,672,661,665,658,657,648,679,669,682,670,670,657,654,656,690,680,682,678,689,672,669,662,704,686,697,675,679,691,686,655,707,701,696,688,678,680,692,676,715,697,703,714,683,699,682,682,716,706,707,702,712,708,695,700,717,708,725,707,715,692,698,707,7,7,6,5,5,5,5,6,7,5,5,6,5,5,5,4,7,7,7,6,4,5,6,5,6,6,8,5,5,4,7,7,7,6,5,6,5,6,5,8,7,6,6,7,8,6,7,7,6,7,7,8,7,8,7,9,9,13,8,9,5,7,6,16,5,5,5,5,5,5,5,5,5,5,5,5,5,5,5,5,5,5,5,5,5,5,5,5,5,5,5,5,5,5,5,5,5,5,5,5,5,5,5,5,5,5,5,5,5,5,5,5,5,5,5,5,5,5,5,5,5,5,5,5,5,5,5,5
3,671,669,677,663,654,658,660,658,678,694,680,668,662,667,663,658,704,692,687,681,672,670,669,656,700,698,691,690,681,690,665,667,688,701,700,697,693,679,683,674,710,702,700,686,701,690,676,682,713,718,714,692,708,691,689,692,729,701,731,725,706,706,696,681,6,6,6,5,5,4,4,5,8,7,4,5,4,5,5,6,9,8,5,6,4,5,4,5,7,5,6,6,5,5,4,7,7,5,4,6,6,5,5,5,7,7,7,6,7,6,7,7,5,9,6,7,7,6,7,8,9,11,6,9,8,6,6,9,5,5,5,5,5,5,5,5,5,5,5,5,5,5,5,5,5,5,5,5,5,5,5,5,5,5,5,5,5,5,5,5,5,5,5,5,5,5,5,5,5,5,5,5,5,5,5,5,5,5,5,5,5,5,5,5,5,5,5,5,5,5,5,5
4,675,679,672,667,661,656,656,654,693,673,679,672,672,668,659,666,694,675,684,678,678,666,679,657,694,691,703,689,685,677,679,666,699,707,705,699,696,689,680,679,712,696,706,700,706,687,685,686,713,706,713,700,711,696,700,685,723,724,708,709,709,701,702,687,7,5,6,5,4,5,5,6,7,5,4,5,6,6,4,5,9,7,6,5,5,6,5,6,7,6,5,6,5,6,5,5,8,7,5,5,6,7,7,7,6,6,7,7,10,6,7,7,9,8,8,7,7,6,6,8,9,13,6,9,8,9,7,14,5,5,5,5,5,5,5,5,5,5,5,5,5,5,5,5,5,5,5,5,5,5,5,5,5,5,5,5,5,5,5,5,5,5,5,5,5,5,5,5,5,5,5,5,5,5,5,5,5,5,5,5,5,5,5,5,5,5,5,5,5,5,5,5
5,670,675,667,671,668,665,657,665,691,678,683,661,675,670,665,656,688,690,684,683,667,664,675,657,692,697,696,692,679,674,676,670,700,699,692,695,696,686,687,682,719,707,696,706,685,685,683,685,719,708,697,704,695,695,687,693,730,741,735,711,698,688,687,715,6,7,5,5,4,5,5,5,6,5,5,4,5,5,5,5,7,8,6,6,5,5,5,5,7,5,6,5,4,4,6,5,7,6,5,5,6,6,4,7,6,7,4,6,7,6,5,7,10,7,6,8,6,7,8,8,10,12,6,8,7,7,6,15,5,5,5,5,5,5,5,5,5,5,5,5,5,5,5,5,5,5,5,5,5,5,5,5,5,5,5,5,5,5,5,5,5,5,5,5,5,5,5,5,5,5,5,5,5,5,5,5,5,5,5,5,5,5,5,5,5,5,5,5,5,5,5,5
6,685,686,673,672,665,658,659,658,685,673,681,673,679,659,665,659,695,690,679,675,676,676,657,659,695,691,699,683,676,678,681,659,710,702,689,689,694,698,672,677,708,716,703,704,680,679,685,693,722,696,704,722,720,684,696,691,725,725,713,725,699,714,693,678,6,5,5,6,5,4,5,6,7,5,6,5,6,4,4,5,8,6,6,6,5,6,5,6,7,6,8,5,5,5,5,6,6,7,6,7,7,7,5,7,6,7,5,5,6,6,6,8,6,8,7,7,6,5,7,9,9,9,8,9,8,8,7,11,5,5,5,5,5,5,5,5,5,5,5,5,5,5,5,5,5,5,5,5,5,5,5,5,5,5,5,5,5,5,5,5,5,5,5,5,5,5,5,5,5,5,5,5,5,5,5,5,5,5,5,5,5,5,5,5,5,5,5,5,5,5,5,5
7,662,675,668,658,663,664,644,655,686,681,667,686,672,673,659,649,686,696,682,684,671,665,663,661,692,683,684,688,679,672,681,676,704,703,692,689,678,686,681,678,696,703,708,701,698,692,694,682,716,703,717,700,705,700,688,682,717,732,713,695,708,711,691,690,6,7,5,6,4,5,5,7,6,5,4,6,6,4,5,5,7,8,6,6,4,5,5,5,6,6,5,5,5,5,5,6,7,7,6,6,5,6,5,5,7,7,6,5,6,5,6,6,7,9,6,7,6,7,8,7,10,12,6,9,8,7,6,13,5,5,5,5,5,5,5,5,5,5,5,5,5,5,5,5,5,5,5,5,5,5,5,5,5,5,5,5,5,5,5,5,5,5,5,5,5,5,5,5,5,5,5,5,5,5,5,5,5,5,5,5,5,5,5,5,5,5,5,5,5,5,5,5
8,673,681,663,686,671,667,660,645,683,675,678,668,680,667,660,658,696,690,689,678,668,662,660,677,695,699,690,692,680,677,667,666,716,713,701,680,681,678,673,678,707,696,710,702,704,680,687,688,704,728,700,698,701,698,699,701,723,737,724,714,700,707,695,692,6,6,4,7,5,5,7,5,8,5,7,5,6,5,5,5,6,7,6,6,4,5,5,7,9,6,8,6,5,6,6,6,6,6,5,6,5,5,6,7,8,6,7,7,7,6,6,8,7,9,8,7,6,7,6,9,10,10,7,14,8,7,7,12,5,5,5,5,5,5,5,5,5,5,5,5,5,5,5,5,5,5,5,5,5,5,5,5,5,5,5,5,5,5,5,5,5,5,5,5,5,5,5,5,5,5,5,5,5,5,5,5,5,5,5,5,5,5,5,5,5,5,5,5,5,5,5,5
9,678,672,663,670,667,656,652,656,693,687,685,667,671,667,663,653,694,682,687,688,672,675,672,664,690,699,686,681,678,681,671,660,707,704,688,686,681,677,677,662,707,693,696,707,688,699,681,682,722,716,702,708,701,700,699,679,730,723,702,716,711,704,702,685,6,5,5,5,4,5,4,7,6,4,5,5,5,5,4,4,8,6,6,5,5,5,4,5,8,6,6,5,5,6,6,7,6,5,6,5,6,5,6,6,6,6,5,7,7,6,5,7,8,8,6,6,7,6,7,7,14,12,9,9,6,7,6,11,5,5,5,5,5,5,5,5,5,5,5,5,5,5,5,5,5,5,5,5,5,5,5,5,5,5,5,5,5,5,5,5,5,5,5,5,5,5,5,5,5,5,5,5,5,5,5,5,5,5,5,5,5,5,5,5,5,5,5,5,5,5,5,5
10,684,674,664,665,658,646,657,658,690,685,677,671,670,664,658,656,699,694,687,689,670,678,670,650,698,691,690,688,686,682,680,669,701,692,699,679,685,689,676,689,709,712,705,712,689,682,693,679,729,711,705,697,693,681,695,706,728,715,716,704,725,690,715,706,8,6,5,6,5,5,5,6,7,5,5,5,5,5,6,6,8,8,5,5,4,7,4,6,8,5,6,6,4,6,6,5,9,5,5,5,6,5,6,6,7,8,6,8,7,7,8,7,7,10,9,6,7,7,8,11,9,15,7,11,7,6,9,8,5,5,5,5,5,5,5,5,5,5,5,5,5,5,5,5,5,5,5,5,5,5,5,5,5,5,5,5,5,5,5,5,5,5,5,5,5,5,5,5,5,5,5,5,5,5,5,5,5,5,5,5,5,5,5,5,5,5,5,5,5,5,5,5
11,681,678,668,664,670,662,659,647,682,688,679,674,668,666,659,662,683,684,685,680,669,674,664,664,705,693,685,675,676,677,670,669,717,702,695,691,684,674,678,676,725,699,698,707,679,692,702,689,720,710,702,702,696,699,687,690,725,723,715,719,697,708,704,692,7,5,6,5,4,5,5,5,6,6,5,4,6,5,5,5,8,6,7,5,4,5,5,5,6,6,6,4,5,5,5,6,7,5,6,6,5,5,4,6,5,6,7,5,6,6,6,6,8,8,7,7,6,6,6,8,9,12,7,8,8,7,7,12,5,5,5,5,5,5,5,5,5,5,5,5,5,5,5,5,5,5,5,5,5,5,5,5,5,5,5,5,5,5,5,5,5,5,5,5,5,5,5,5,5,5,5,5,5,5,5,5,5,5,5,5,5,5,5,5,5,5,5,5,5,5,5,5
12,676,671,670,670,672,666,675,652,680,679,677,667,680,663,670,662,696,700,697,680,672,677,658,675,701,700,698,677,682,677,674,665,706,698,689,697,692,684,679,675,721,688,699,701,702,687,684,689,722,714,715,711,705,697,706,692,736,740,714,719,713,689,698,683,8,7,6,5,4,5,7,7,7,5,5,5,6,5,5,5,8,8,6,6,4,6,5,6,7,7,7,5,5,5,5,6,7,6,7,7,7,7,6,5,6,7,6,7,6,7,6,6,7,9,7,7,7,6,8,10,10,12,8,9,8,8,7,11,5,5,5,5,5,5,5,5,5,5,5,5,5,5,5,5,5,5,5,5,5,5,5,5,5,5,5,5,5,5,5,5,5,5,5,5,5,5,5,5,5,5,5,5,5,5,5,5,5,5,5,5,5,5,5,5,5,5,5,5,5,5,5,5
13,681,672,676,651,667,661,651,661,689,671,674,675,677,670,660,658,702,695,675,674,678,675,675,659,710,694,702,685,680,675,669,669,699,700,708,697,685,679,682,689,715,698,697,698,702,691,684,684,722,713,707,713,702,699,685,672,727,717,719,701,709,706,700,708,7,6,5,5,4,5,4,5,6,5,5,5,5,4,4,5,7,7,5,6,5,6,7,5,6,7,7,5,4,4,7,6,8,5,5,6,5,5,5,5,6,7,5,6,7,6,6,7,6,10,7,9,5,6,6,7,11,9,8,7,8,6,8,10,5,5,5,5,5,5,5,5,5,5,5,5,5,5,5,5,5,5,5,5,5,5,5,5,5,5,5,5,5,5,5,5,5,5,5,5,5,5,5,5,5,5,5,5,5,5,5,5,5,5,5,5,5,5,5,5,5,5,5,5,5,5,5,5
14,690,672,683,673,656,655,656,649,687,689,678,675,666,668,664,659,698,671,691,680,681,681,668,671,683,702,688,677,690,679,674,672,698,699,692,687,694,683,678,670,713,711,694,698,703,692,689,672,710,716,721,711,699,692,701,679,719,721,719,712,702,702,718,691,8,5,6,6,4,5,6,7,6,7,5,4,5,5,4,5,8,8,6,6,5,6,5,5,7,6,6,5,6,5,5,6,7,6,5,6,6,6,6,7,6,7,6,7,5,6,6,7,7,8,6,6,7,6,6,8,7,10,7,9,6,6,10,12,5,5,5,5,5,5,5,5,5,5,5,5,5,5,5,5,5,5,5,5,5,5,5,5,5,5,5,5,5,5,5,5,5,5,5,5,5,5,5,5,5,5,5,5,5,5,5,5,5,5,5,5,5,5,5,5,5,5,5,5,5,5,5,5
15,682,680,669,668,661,649,655,658,687,684,669,670,667,663,675,664,684,693,687,678,675,672,653,663,693,696,694,681,681,679,669,669,708,706,691,691,695,682,670,670,720,713,699,701,702,691,679,682,711,707,713,703,709,685,688,699,728,730,725,725,714,698,696,689,5,5,5,5,4,5,4,7,6,6,5,5,4,5,4,5,7,8,5,6,5,5,4,5,8,5,6,5,5,5,5,5,8,6,5,6,6,6,5,6,7,7,5,6,8,6,5,7,6,8,7,7,6,6,7,9,10,13,7,8,7,8,6,13,5,5,5,5,5,5,5,5,5,5,5,5,5,5,5,5,5,5,5,5,5,5,5,5,5,5,5,5,5,5,5,5,5,5,5,5,5,5,5,5,5,5,5,5,5,5,5,5,5,5,5,5,5,5,5,5,5,5,5,5,5,5,5,5
16,683,678,669,666,663,659,654,648,697,681,673,668,676,660,654,657,691,677,686,684,667,662,665,659,681,691,691,680,682,676,669,666,706,694,699,688,682,681,681,684,729,722,711,705,692,684,687,688,726,722,704,712,697,696,696,694,726,712,713,712,708,709,697,723,6,5,6,4,5,5,5,6,6,5,6,6,6,5,5,6,7,6,7,6,5,5,6,5,5,5,6,5,5,5,6,6,10,6,5,6,6,6,5,8,7,7,7,6,8,5,6,9,6,8,6,7,5,6,6,10,9,14,6,13,7,8,6,14,5,5,5,5,5,5,5,5,5,5,5,5,5,5,5,5,5,5,5,5,5,5,5,5,5,5,5,5,5,5,5,5,5,5,5,5,5,5,5,5,5,5,5,5,5,5,5,5,5,5,5,5,5,5,5,5,5,5,5,5,5,5,5,5
17,692,668,682,660,652,662,652,657,682,677,682,667,668,658,652,660,694,685,685,687,681,661,664,658,705,692,682,699,690,674,675,671,694,694,696,699,704,693,681,675,706,718,702,701,681,693,685,686,727,706,702,709,712,705,697,705,731,709,722,726,695,702,699,690,6,5,6,6,4,4,5,5,5,4,5,5,5,4,5,5,6,6,5,6,4,4,5,5,6,6,6,6,5,4,6,5,8,5,6,5,6,6,6,5,6,8,6,6,6,5,5,7,5,7,7,8,7,4,7,6,9,12,7,8,8,5,7,10,5,5,5,5,5,5,5,5,5,5,5,5,5,5,5,5,5,5,5,5,5,5,5,5,5,5,5,5,5,5,5,5,5,5,5,5,5,5,5,5,5,5,5,5,5,5,5,5,5,5,5,5,5,5,5,5,5,5,5,5,5,5,5,5
18,685,686,674,655,658,658,643,646,681,682,672,673,666,664,671,666,699,684,694,678,681,674,670,663,700,686,691,689,671,684,657,656,695,705,693,693,679,688,686,681,712,712,706,714,696,688,685,678,719,714,698,711,693,703,672,693,709,715,707,701,709,711,708,703,6,5,5,6,4,5,5,6,5,5,6,6,6,5,5,5,7,8,5,6,5,6,5,5,8,5,6,6,5,6,6,6,7,6,6,6,7,6,6,6,6,6,6,7,9,7,5,6,7,9,8,9,7,8,6,9,10,9,6,8,6,7,7,10,5,5,5,5,5,5,5,5,5,5,5,5,5,5,5,5,5,5,5,5,5,5,5,5,5,5,5,5,5,5,5,5,5,5,5,5,5,5,5,5,5,5,5,5,5,5,5,5,5,5,5,5,5,5,5,5,5,5,5,5,5,5,5,5
19,691,678,667,665,650,652,647,658,686,675,676,670,664,660,664,658,680,682,694,679,670,670,673,670,702,691,688,680,681,678,668,674,708,696,688,689,692,684,685,684,709,697,686,699,681,690,681,682,726,723,713,701,694,692,685,689,737,728,705,706,698,705,696,701,8,6,4,5,4,4,5,6,5,4,4,5,5,4,4,5,8,6,5,5,5,5,4,6,6,5,6,5,4,5,5,6,6,5,5,6,5,5,7,6,6,6,6,6,6,5,6,6,9,8,6,7,6,7,5,7,13,9,5,9,7,6,7,13,5,5,5,5,5,5,5,5,5,5,5,5,5,5,5,5,5,5,5,5,5,5,5,5,5,5,5,5,5,5,5,5,5,5,5,5,5,5,5,5,5,5,5,5,5,5,5,5,5,5,5,5,5,5,5,5,5,5,5,5,5,5,5,5
20,682,687,668,667,663,664,657,652,687,678,680,667,678,668,665,664,687,698,678,682,674,661,676,669,710,687,686,684,684,678,679,662,710,705,691,686,683,681,664,672,727,707,696,691,698,686,698,679,706,703,696,698,706,695,699,694,730,721,721,704,706,710,703,710,6,7,5,5,5,5,5,7,6,5,5,5,6,5,5,5,8,7,6,6,5,5,5,5,6,5,7,5,5,5,7,6,8,6,6,7,7,7,5,6,8,7,6,8,7,6,6,8,7,7,7,7,7,8,7,9,10,10,7,7,7,7,7,11,5,5,5,5,5,5,5,5,5,5,5,5,5,5,5,5,5,5,5,5,5,5,5,5,5,5,5,5,5,5,5,5,5,5,5,5,5,5,5,5,5,5,5,5,5,5,5,5,5,5,5,5,5,5,5,5,5,5,5,5,5,5,5,5
21,679,673,676,665,657,658,657,642,693,666,678,676,667,663,655,660,691,689,679,678,674,678,658,667,689,700,691,687,678,677,672,671,724,686,701,689,686,682,682,678,714,709,705,690,695,691,691,688,702,726,697,705,707,717,686,691,713,711,716,724,702,707,705,700,6,6,5,5,4,4,5,5,6,5,4,5,5,5,5,5,9,7,6,6,4,6,5,5,7,6,8,5,5,5,6,6,8,5,5,6,5,5,5,5,6,7,7,7,7,4,6,8,8,8,7,8,7,6,7,8,8,10,6,9,6,7,7,14,5,5,5,5,5,5,5,5,5,5,5,5,5,5,5,5,5,5,5,5,5,5,5,5,5,5,5,5,5,5,5,5,5,5,5,5,5,5,5,5,5,5,5,5,5,5,5,5,5,5,5,5,5,5,5,5,5,5,5,5,5,5,5,5
22,671,688,684,674,654,665,652,658,695,683,677,668,666,670,655,657,700,689,692,674,680,661,673,665,684,692,696,683,683,677,667,675,710,704,691,692,687,683,685,674,718,701,704,687,684,677,674,675,715,715,709,695,705,699,690,677,715,722,738,688,716,711,698,689,6,5,5,5,4,4,5,7,7,6,7,6,5,5,5,5,7,9,5,6,5,5,5,5,7,5,5,4,6,5,6,6,7,7,5,5,6,7,6,7,8,6,6,7,8,5,6,7,10,8,6,7,7,7,7,7,11,11,8,11,7,6,6,10,5,5,5,5,5,5,5,5,5,5,5,5,5,5,5,5,5,5,5,5,5,5,5,5,5,5,5,5,5,5,5,5,5,5,5,5,5,5,5,5,5,5,5,5,5,5,5,5,5,5,5,5,5,5,5,5,5,5,5,5,5,5,5,5
23,682,667,674,669,666,655,657,670,686,673,672,672,678,668,662,654,687,692,686,681,678,664,666,668,694,690,689,693,691,670,662,671,706,702,683,695,682,689,682,675,713,707,705,699,697,683,692,681,722,711,705,711,695,694,699,672,719,728,716,694,709,714,704,686,6,6,5,4,5,5,5,9,7,5,4,6,6,4,5,4,8,7,5,6,5,5,5,5,8,6,7,5,5,5,6,5,6,5,5,4,5,5,5,5,6,7,6,5,6,6,6,7,8,7,7,6,6,6,6,8,8,10,6,9,7,7,7,11,5,5,5,5,5,5,5,5,5,5,5,5,5,5,5,5,5,5,5,5,5,5,5,5,5,5,5,5,5,5,5,5,5,5,5,5,5,5,5,5,5,5,5,5,5,5,5,5,5,5,5,5,5,5,5,5,5,5,5,5,5,5,5,5
24,687,674,673,668,652,655,656,651,692,673,681,665,682,667,651,663,693,677,691,674,668,674,669,666,693,686,684,681,683,666,678,669,696,695,696,688,694,690,683,683,714,703,702,691,696,678,671,670,727,718,708,697,703,697,701,695,715,728,714,730,699,705,705,698,8,7,6,6,4,4,6,5,6,5,6,5,6,5,5,5,6,6,4,6,5,6,5,6,6,6,6,5,5,5,7,6,8,7,6,6,7,6,4,7,7,8,8,6,7,6,5,6,9,7,8,7,9,6,7,8,11,9,6,9,7,6,8,10,5,5,5,5,5,5,5,5,5,5,5,5,5,5,5,5,5,5,5,5,5,5,5,5,5,5,5,5,5,5,5,5,5,5,5,5,5,5,5,5,5,5,5,5,5,5,5,5,5,5,5,5,5,5,5,5,5,5,5,5,5,5,5,5
25,676,691,666,660,662,650,650,652,692,681,680,678,674,667,661,664,695,664,680,685,674,679,665,662,690,685,690,689,681,679,674,671,701,707,706,695,695,686,667,689,718,714,715,697,684,692,689,677,725,722,722,696,705,686,694,696,725,725,708,704,702,708,703,694,5,6,4,7,6,5,4,6,6,4,6,6,6,5,5,7,7,7,6,7,5,6,6,5,7,6,7,5,5,5,4,6,8,6,5,5,7,6,6,8,6,8,7,6,7,5,5,6,6,8,6,5,6,6,7,7,10,9,6,8,7,7,5,12,5,5,5,5,5,5,5,5,5,5,5,5,5,5,5,5,5,5,5,5,5,5,5,5,5,5,5,5,5,5,5,5,5,5,5,5,5,5,5,5,5,5,5,5,5,5,5,5,5,5,5,5,5,5,5,5,5,5,5,5,5,5,5,5
26,675,677,663,665,660,657,664,655,678,683,683,681,674,663,654,649,688,695,670,686,676,675,662,665,712,699,697,696,681,687,681,663,712,711,697,686,691,677,675,674,716,710,710,697,707,693,693,691,717,716,705,699,701,699,699,687,751,701,722,718,717,698,705,689,6,6,5,6,5,5,6,7,7,7,5,5,5,4,6,5,8,8,5,5,5,6,6,6,6,6,8,6,6,6,5,6,7,6,6,6,7,6,6,7,7,7,7,7,7,6,7,7,7,9,9,7,6,8,7,9,11,9,8,10,8,7,8,10,5,5,5,5,5,5,5,5,5,5,5,5,5,5,5,5,5,5,5,5,5,5,5,5,5,5,5,5,5,5,5,5,5,5,5,5,5,5,5,5,5,5,5,5,5,5,5,5,5,5,5,5,5,5,5,5,5,5,5,5,5,5,5,5
27,679,672,672,667,665,654,657,654,679,682,673,673,662,667,664,657,692,690,679,677,671,668,671,674,708,688,694,689,685,679,668,670,704,699,704,692,688,679,678,670,717,706,708,697,694,700,674,687,724,719,719,703,700,698,699,682,722,713,708,708,708,704,702,690,6,6,6,6,4,4,5,5,5,6,5,6,4,5,6,4,6,7,6,5,4,5,4,5,7,5,7,6,5,5,5,6,7,6,5,6,5,5,5,4,7,7,7,5,6,6,8,8,7,8,6,7,6,6,6,7,9,10,7,9,9,6,7,9,5,5,5,5,5,5,5,5,5,5,5,5,5,5,5,5,5,5,5,5,5,5,5,5,5,5,5,5,5,5,5,5,5,5,5,5,5,5,5,5,5,5,5,5,5,5,5,5,5,5,5,5,5,5,5,5,5,5,5,5,5,5,5,5
28,678,677,682,673,666,661,656,659,672,671,681,667,667,661,655,657,678,688,694,685,681,680,675,657,701,695,697,682,678,687,674,679,712,715,697,697,692,689,689,675,720,691,702,702,691,693,687,683,719,718,714,697,702,700,701,688,758,718,729,707,704,701,690,699,7,6,6,5,5,5,5,7,7,5,5,5,6,5,5,5,8,9,6,7,5,5,4,5,7,7,7,5,5,5,6,5,8,5,5,6,5,6,5,6,8,5,6,6,8,5,8,7,10,9,8,6,6,8,6,9,12,10,7,7,9,9,7,9,5,5,5,5,5,5,5,5,5,5,5,5,5,5,5,5,5,5,5,5,5,5,5,5,5,5,5,5,5,5,5,5,5,5,5,5,5,5,5,5,5,5,5,5,5,5,5,5,5,5,5,5,5,5,5,5,5,5,5,5,5,5,5,5
29,680,660,669,671,663,659,661,654,693,684,675,668,675,675,657,651,694,686,679,677,676,666,658,679,697,690,694,685,687,687,676,674,704,702,705,684,679,675,674,675,717,703,705,700,690,689,677,697,715,712,703,701,715,697,689,687,749,711,719,711,703,700,702,705,6,5,5,5,5,5,5,6,6,5,5,5,6,5,5,5,7,7,5,6,4,5,5,6,6,5,7,5,5,5,6,6,10,6,5,5,6,5,6,6,8,7,6,6,7,6,6,6,6,8,6,8,7,6,7,7,12,10,6,7,10,6,6,10,5,5,5,5,5,5,5,5,5,5,5,5,5,5,5,5,5,5,5,5,5,5,5,5,5,5,5,5,5,5,5,5,5,5,5,5,5,5,5,5,5,5,5,5,5,5,5,5,5,5,5,5,5,5,5,5,5,5,5,5,5,5,5,5
30,689,698,670,669,662,651,652,655,689,664,674,668,675,670,659,655,697,686,687,678,680,664,657,661,704,695,689,678,684,681,682,674,700,707,689,701,686,686,679,677,719,707,700,693,691,697,674,688,708,719,693,701,692,701,700,692,725,735,716,713,705,712,702,687,6,5,4,6,4,6,5,7,6,5,6,5,6,5,6,5,10,9,7,6,5,6,5,5,6,7,6,5,5,5,6,6,7,6,5,5,6,6,6,7,8,8,6,7,6,6,7,5,7,10,8,7,7,7,7,8,13,8,7,7,7,7,9,16,5,5,5,5,5,5,5,5,5,5,5,5,5,5,5,5,5,5,5,5,5,5,5,5,5,5,5,5,5,5,5,5,5,5,5,5,5,5,5,5,5,5,5,5,5,5,5,5,5,5,5,5,5,5,5,5,5,5,5,5,5,5,5,5
31,678,679,673,662,660,656,655,653,688,673,670,673,668,659,660,662,693,684,687,682,682,661,662,668,694,696,696,681,684,674,674,669,695,701,690,684,694,682,696,664,709,699,698,697,700,690,687,689,719,709,712,705,704,699,690,695,724,727,725,719,702,704,693,689,7,7,6,5,4,5,5,7,5,4,5,6,5,4,5,5,7,6,6,6,5,4,5,6,6,6,5,4,5,4,6,6,7,7,6,5,6,6,5,6,9,6,5,6,7,5,6,7,8,7,9,7,6,6,6,9,9,9,8,8,7,6,7,12,5,5,5,5,5,5,5,5,5,5,5,5,5,5,5,5,5,5,5,5,5,5,5,5,5,5,5,5,5,5,5,5,5,5,5,5,5,5,5,5,5,5,5,5,5,5,5,5,5,5,5,5,5,5,5,5,5,5,5,5,5,5,5,5
32,682,702,657,673,651,654,649,642,682,691,675,672,676,666,667,660,681,702,680,687,669,679,664,669,715,694,692,678,679,674,679,673,702,704,693,693,692,690,680,686,713,699,705,689,688,680,683,682,715,707,720,711,699,694,691,700,700,723,708,690,715,706,703,694,8,6,6,6,5,6,5,7,7,6,6,5,6,5,4,5,9,8,7,6,5,6,6,6,7,5,6,5,5,5,6,6,8,7,6,5,6,6,5,6,7,6,7,7,8,6,6,7,11,8,7,6,7,7,8,11,10,10,6,9,6,6,7,12,5,5,5,5,5,5,5,5,5,5,5,5,5,5,5,5,5,5,5,5,5,5,5,5,5,5,5,5,5,5,5,5,5,5,5,5,5,5,5,5,5,5,5,5,5,5,5,5,5,5,5,5,5,5,5,5,5,5,5,5,5,5,5,5
33,681,677,680,667,665,654,662,649,699,674,668,672,662,663,659,664,672,696,684,684,671,661,667,669,686,693,692,681,678,669,677,672,711,695,708,690,697,690,672,673,715,698,708,701,691,689,691,690,711,729,700,709,704,698,695,674,751,729,725,702,710,705,697,682,5,5,5,6,5,5,5,5,7,5,5,5,4,5,5,5,8,8,6,6,4,5,5,6,7,5,6,5,5,4,5,6,6,6,5,6,5,6,6,5,8,6,5,6,8,6,7,6,6,9,8,6,6,7,6,7,9,9,6,6,8,6,6,11,5,5,5,5,5,5,5,5,5,5,5,5,5,5,5,5,5,5,5,5,5,5,5,5,5,5,5,5,5,5,5,5,5,5,5,5,5,5,5,5,5,5,5,5,5,5,5,5,5,5,5,5,5,5,5,5,5,5,5,5,5,5,5,5
34,685,678,677,659,656,659,659,656,691,686,674,679,671,663,650,654,681,701,668,672,672,670,668,649,697,689,695,681,683,681,670,664,708,698,689,702,698,673,688,675,720,707,703,702,701,701,684,684,730,714,722,694,695,704,700,704,718,750,736,708,712,699,705,694,7,5,5,6,5,5,4,7,6,6,5,4,6,5,5,5,8,10,6,6,4,6,5,5,7,7,7,4,4,5,6,6,9,6,5,7,7,5,6,6,9,7,8,6,6,5,6,7,6,10,6,6,6,7,6,8,14,11,7,8,6,9,8,12,5,5,5,5,5,5,5,5,5,5,5,5,5,5,5,5,5,5,5,5,5,5,5,5,5,5,5,5,5,5,5,5,5,5,5,5,5,5,5,5,5,5,5,5,5,5,5,5,5,5,5,5,5,5,5,5,5,5,5,5,5,5,5,5
35,679,665,674,675,662,666,668,647,693,696,671,680,675,655,658,662,699,685,677,682,682,662,668,670,693,691,682,689,689,665,668,669,700,695,700,684,693,682,672,685,702,704,706,696,699,690,694,677,713,717,716,716,700,700,700,688,735,717,715,704,703,711,710,691,7,5,5,5,4,5,5,5,6,4,5,4,5,4,5,6,7,6,5,6,5,4,4,6,7,5,6,5,5,4,6,6,5,6,5,5,6,6,6,7,6,5,6,6,6,5,6,6,8,8,6,6,5,7,7,8,11,10,7,9,8,7,9,13,5,5,5,5,5,5,5,5,5,5,5,5,5,5,5,5,5,5,5,5,5,5,5,5,5,5,5,5,5,5,5,5,5,5,5,5,5,5,5,5,5,5,5,5,5,5,5,5,5,5,5,5,5,5,5,5,5,5,5,5,5,5,5,5
36,685,675,671,674,668,662,648,654,681,694,669,671,664,663,656,662,698,693,676,685,692,668,679,659,697,690,694,681,679,686,676,651,713,697,693,689,698,698,679,690,704,708,700,695,696,692,679,692,726,717,718,702,687,694,690,700,718,727,712,704,689,699,698,691,8,6,5,5,4,5,5,6,8,4,6,5,6,5,6,5,8,8,6,6,6,6,5,5,8,6,6,5,5,6,6,6,8,5,6,6,7,5,6,7,7,7,6,8,8,5,8,6,6,9,8,8,7,7,7,8,8,11,5,9,7,7,8,12,5,5,5,5,5,5,5,5,5,5,5,5,5,5,5,5,5,5,5,5,5,5,5,5,5,5,5,5,5,5,5,5,5,5,5,5,5,5,5,5,5,5,5,5,5,5,5,5,5,5,5,5,5,5,5,5,5,5,5,5,5,5,5,5
37,694,680,668,669,654,658,654,650,683,672,681,671,664,668,664,661,697,691,686,690,672,669,677,666,707,698,703,686,695,685,678,678,697,695,696,693,691,686,670,670,718,701,709,704,702,683,689,686,726,703,708,700,707,701,694,687,709,733,728,722,720,700,704,678,7,6,5,5,4,5,5,6,5,4,6,5,5,4,5,4,7,6,5,7,5,5,4,5,8,5,5,5,4,6,5,7,8,5,4,6,6,6,6,6,6,7,6,6,7,7,6,8,7,8,7,7,7,7,6,8,7,11,7,10,7,5,7,12,5,5,5,5,5,5,5,5,5,5,5,5,5,5,5,5,5,5,5,5,5,5,5,5,5,5,5,5,5,5,5,5,5,5,5,5,5,5,5,5,5,5,5,5,5,5,5,5,5,5,5,5,5,5,5,5,5,5,5,5,5,5,5,5
38,685,680,666,671,662,654,652,657,677,669,670,682,673,673,658,663,697,679,691,684,683,686,668,670,696,691,684,688,688,675,681,659,725,698,712,688,684,687,677,670,719,703,703,702,708,682,694,689,703,693,709,701,689,684,701,696,732,730,713,718,689,718,696,690,7,6,5,6,5,5,6,7,7,6,4,5,6,5,5,5,11,8,8,6,5,5,4,6,7,5,7,6,6,5,6,6,9,5,6,6,6,7,6,5,6,7,6,7,7,7,7,6,9,9,8,8,8,7,6,10,11,12,6,11,6,6,7,13,5,5,5,5,5,5,5,5,5,5,5,5,5,5,5,5,5,5,5,5,5,5,5,5,5,5,5,5,5,5,5,5,5,5,5,5,5,5,5,5,5,5,5,5,5,5,5,5,5,5,5,5,5,5,5,5,5,5,5,5,5,5,5,5
39,668,672,673,671,655,662,659,645,693,685,687,668,664,668,662,656,685,685,685,673,670,672,672,664,709,693,695,691,681,674,669,665,703,696,679,690,692,677,667,682,710,701,694,709,687,692,693,682,709,698,705,695,697,694,692,701,720,731,717,695,701,705,712,693,6,5,4,5,4,4,5,5,6,5,5,4,5,5,5,5,7,7,5,6,4,5,4,6,9,5,5,5,5,5,5,7,7,6,5,6,5,5,5,7,7,6,6,7,7,6,6,6,6,8,8,6,7,7,7,8,9,11,6,9,7,7,7,11,5,5,5,5,5,5,5,5,5,5,5,5,5,5,5,5,5,5,5,5,5,5,5,5,5,5,5,5,5,5,5,5,5,5,5,5,5,5,5,5,5,5,5,5,5,5,5,5,5,5,5,5,5,5,5,5,5,5,5,5,5,5,5,5
40,677,672,672,666,661,661,657,651,689,682,675,672,666,673,662,650,696,686,683,693,675,668,675,659,686,688,698,686,679,683,683,671,709,697,699,682,695,671,681,667,706,703,702,704,697,688,688,687,727,709,709,695,698,703,696,675,746,723,712,689,694,704,692,688,6,6,6,5,5,6,5,6,7,6,4,6,5,3,5,5,7,7,5,6,5,6,5,4,7,5,7,5,4,6,5,6,8,5,5,6,7,5,6,7,6,7,7,6,7,7,6,8,8,8,6,7,6,8,8,9,9,11,6,13,7,8,7,12,5,5,5,5,5,5,5,5,5,5,5,5,5,5,5,5,5,5,5,5,5,5,5,5,5,5,5,5,5,5,5,5,5,5,5,5,5,5,5,5,5,5,5,5,5,5,5,5,5,5,5,5,5,5,5,5,5,5,5,5,5,5,5,5
41,673,671,670,666,664,660,664,658,676,680,676,668,671,668,657,657,687,688,687,680,676,672,658,668,696,698,698,690,693,678,664,659,721,701,690,690,688,697,674,678,714,709,694,691,697,683,685,688,718,715,707,694,700,693,692,706,722,729,715,699,714,706,697,685,7,5,6,5,5,4,6,7,5,5,5,5,5,4,5,4,8,6,6,6,4,5,5,6,8,6,7,5,5,5,5,6,7,5,6,6,6,7,5,6,7,6,5,6,7,6,5,7,10,8,7,7,5,6,8,6,9,10,7,8,6,7,6,11,5,5,5,5,5,5,5,5,5,5,5,5,5,5,5,5,5,5,5,5,5,5,5,5,5,5,5,5,5,5,5,5,5,5,5,5,5,5,5,5,5,5,5,5,5,5,5,5,5,5,5,5,5,5,5,5,5,5,5,5,5,5,5,5
42,676,675,665,663,663,655,646,649,686,688,681,668,666,674,668,660,682,707,702,685,679,668,667,659,692,688,684,685,680,676,676,668,694,699,689,699,702,687,683,678,712,695,715,698,689,696,685,687,712,712,721,710,716,679,708,690,721,714,715,686,710,711,701,675,7,6,6,5,5,5,5,7,6,7,5,5,5,4,5,5,9,8,6,5,5,7,5,5,6,6,7,6,5,5,6,7,9,6,5,5,7,6,5,6,6,8,6,7,8,5,7,9,8,11,7,8,8,7,7,8,8,14,6,10,8,7,8,8,5,5,5,5,5,5,5,5,5,5,5,5,5,5,5,5,5,5,5,5,5,5,5,5,5,5,5,5,5,5,5,5,5,5,5,5,5,5,5,5,5,5,5,5,5,5,5,5,5,5,5,5,5,5,5,5,5,5,5,5,5,5,5,5
43,676,673,671,665,661,661,666,657,694,677,676,681,666,673,654,663,684,692,687,676,675,673,668,667,716,688,699,697,683,680,669,669,708,700,693,695,694,680,691,675,718,705,703,697,690,696,674,689,720,715,717,709,684,686,693,689,728,723,705,709,693,713,692,682,7,6,5,6,5,4,6,6,7,5,5,5,5,4,5,6,8,8,6,5,4,5,5,5,7,5,4,5,5,5,5,5,7,5,6,4,6,6,7,7,6,8,7,5,7,5,7,6,8,9,6,8,5,5,6,8,12,8,5,8,8,7,8,9,5,5,5,5,5,5,5,5,5,5,5,5,5,5,5,5,5,5,5,5,5,5,5,5,5,5,5,5,5,5,5,5,5,5,5,5,5,5,5,5,5,5,5,5,5,5,5,5,5,5,5,5,5,5,5,5,5,5,5,5,5,5,5,5
44,692,684,667,669,654,656,658,644,697,681,663,665,670,664,668,668,688,693,677,679,670,666,671,666,710,689,692,688,676,672,668,664,719,701,694,687,687,693,679,666,719,711,711,692,693,693,689,673,722,732,710,699,700,693,707,691,730,721,717,724,719,706,706,686,6,6,5,5,5,4,5,5,6,5,6,5,5,4,4,6,8,9,5,6,5,5,5,5,7,7,7,5,5,5,5,6,7,5,6,6,6,5,5,6,7,9,9,7,8,6,7,7,7,8,7,8,6,6,6,8,12,9,7,7,8,7,8,19,5,5,5,5,5,5,5,5,5,5,5,5,5,5,5,5,5,5,5,5,5,5,5,5,5,5,5,5,5,5,5,5,5,5,5,5,5,5,5,5,5,5,5,5,5,5,5,5,5,5,5,5,5,5,5,5,5,5,5,5,5,5,5,5
45,681,676,668,661,654,659,655,646,685,688,659,665,668,665,666,650,675,683,693,683,670,668,654,665,709,694,698,687,685,683,685,671,697,697,701,691,685,682,681,675,725,703,711,709,688,677,692,680,710,729,717,703,700,705,688,693,728,711,710,716,704,699,699,685,6,5,5,5,4,6,4,5,5,6,4,5,6,5,4,5,6,6,5,6,4,6,5,5,7,6,5,5,6,6,7,6,8,5,6,5,6,5,6,6,7,7,6,6,6,5,6,6,7,8,6,7,5,6,7,9,7,11,6,8,6,7,6,11,5,5,5,5,5,5,5,5,5,5,5,5,5,5,5,5,5,5,5,5,5,5,5,5,5,5,5,5,5,5,5,5,5,5,5,5,5,5,5,5,5,5,5,5,5,5,5,5,5,5,5,5,5,5,5,5,5,5,5,5,5,5,5,5
46,677,664,667,665,662,656,654,654,691,669,679,671,664,663,664,667,691,695,684,679,682,673,659,659,695,697,685,676,673,680,683,660,694,690,693,693,685,679,680,679,717,705,697,687,702,692,687,676,705,711,715,715,699,696,698,690,745,714,715,720,712,695,718,694,7,6,5,7,5,6,6,6,7,5,5,5,4,5,5,6,8,8,5,6,5,6,6,4,8,6,6,5,5,6,5,7,9,6,6,7,6,5,5,6,8,7,6,8,9,6,7,6,8,8,6,6,7,5,6,7,13,11,6,11,7,7,11,12,5,5,5,5,5,5,5,5,5,5,5,5,5,5,5,5,5,5,5,5,5,5,5,5,5,5,5,5,5,5,5,5,5,5,5,5,5,5,5,5,5,5,5,5,5,5,5,5,5,5,5,5,5,5,5,5,5,5,5,5,5,5,5,5
47,683,676,683,672,659,664,659,653,682,683,681,668,665,661,659,659,682,696,691,685,676,673,672,661,696,696,690,683,686,683,674,663,711,700,703,706,702,685,673,676,717,693,703,705,692,691,681,693,724,702,710,695,693,690,681,691,720,711,720,715,713,701,701,711,7,6,5,5,5,5,5,5,5,5,4,5,5,4,4,5,8,7,5,6,4,5,5,5,7,6,6,5,5,5,6,6,8,6,5,5,6,5,5,5,7,5,6,7,7,7,6,8,7,8,8,8,6,6,6,8,9,11,6,8,7,6,6,9,5,5,5,5,5,5,5,5,5,5,5,5,5,5,5,5,5,5,5,5,5,5,5,5,5,5,5,5,5,5,5,5,5,5,5,5,5,5,5,5,5,5,5,5,5,5,5,5,5,5,5,5,5,5,5,5,5,5,5,5,5,5,5,5
48,681,680,673,672,657,664,653,653,691,683,666,663,670,659,666,658,682,705,687,682,674,664,671,665,699,690,690,676,683,676,665,674,718,700,698,702,684,698,677,680,724,710,714,696,691,694,678,681,719,717,704,702,706,699,714,690,735,735,719,711,706,708,689,692,7,5,5,6,5,6,5,6,7,5,5,5,5,5,4,5,8,9,5,7,5,5,5,6,8,5,6,5,5,6,6,5,6,6,5,6,6,6,6,6,7,8,7,5,7,6,8,6,10,9,6,7,7,7,6,11,11,9,8,7,9,6,8,10,5,5,5,5,5,5,5,5,5,5,5,5,5,5,5,5,5,5,5,5,5,5,5,5,5,5,5,5,5,5,5,5,5,5,5,5,5,5,5,5,5,5,5,5,5,5,5,5,5,5,5,5,5,5,5,5,5,5,5,5,5,5,5,5
49,675,684,660,670,670,663,661,652,696,677,676,666,675,659,650,656,696,695,682,685,672,663,660,659,707,684,700,686,686,681,672,660,697,702,698,688,704,684,679,676,726,716,703,707,691,682,678,698,717,705,700,699,694,714,690,691,719,726,717,727,696,704,717,699,6,6,6,5,4,4,5,6,7,4,5,5,5,4,4,4,6,7,5,6,5,5,5,4,6,5,7,5,4,5,6,6,7,5,5,5,5,5,6,5,8,7,6,7,8,6,5,6,6,7,7,7,6,6,7,7,8,8,7,10,8,9,6,11,5,5,5,5,5,5,5,5,5,5,5,5,5,5,5,5,5,5,5,5,5,5,5,5,5,5,5,5,5,5,5,5,5,5,5,5,5,5,5,5,5,5,5,5,5,5,5,5,5,5,5,5,5,5,5,5,5,5,5,5,5,5,5,5
50,676,669,670,654,659,656,655,649,684,677,678,677,656,665,670,660,689,691,679,688,681,659,670,669,692,704,687,695,677,672,670,668,690,705,694,686,691,673,689,666,720,713,696,699,692,695,683,675,716,728,723,711,703,705,693,694,742,716,737,699,706,706,690,690,6,5,5,6,6,5,5,5,6,5,5,5,5,5,6,5,8,9,6,7,5,5,5,5,6,6,6,5,5,5,6,5,9,6,6,6,7,6,5,5,7,9,6,6,8,6,8,5,10,8,8,8,8,7,8,8,7,11,7,7,9,7,7,10,5,5,5,5,5,5,5,5,5,5,5,5,5,5,5,5,5,5,5,5,5,5,5,5,5,5,5,5,5,5,5,5,5,5,5,5,5,5,5,5,5,5,5,5,5,5,5,5,5,5,5,5,5,5,5,5,5,5,5,5,5,5,5,5
51,692,665,668,668,663,653,661,649,688,677,683,677,666,671,647,656,679,707,680,684,677,667,656,667,698,696,688,688,683,683,670,667,711,700,699,705,690,690,691,677,703,687,709,708,692,697,685,679,725,693,712,695,700,695,696,697,725,702,724,732,718,711,703,711,8,5,5,6,4,5,5,6,6,5,5,4,5,4,4,4,7,9,6,6,4,5,5,6,6,6,6,5,5,5,6,6,8,6,4,5,6,6,5,6,6,5,6,6,7,5,6,6,6,8,7,6,6,7,5,7,12,9,6,8,6,6,9,13,5,5,5,5,5,5,5,5,5,5,5,5,5,5,5,5,5,5,5,5,5,5,5,5,5,5,5,5,5,5,5,5,5,5,5,5,5,5,5,5,5,5,5,5,5,5,5,5,5,5,5,5,5,5,5,5,5,5,5,5,5,5,5,5
52,675,665,667,673,658,657,664,653,701,678,682,676,669,671,663,655,686,696,694,670,675,678,666,660,700,690,679,683,681,689,671,669,709,703,699,685,701,682,688,679,711,699,711,701,688,684,686,669,716,714,717,714,695,696,709,698,740,734,712,720,708,713,705,704,6,6,4,5,5,4,5,7,7,6,5,6,5,5,5,5,8,9,5,6,4,7,5,6,9,6,6,5,5,6,6,5,8,6,6,7,6,6,5,6,6,6,7,6,8,6,6,6,8,7,8,7,5,6,7,10,10,11,7,8,9,7,7,11,5,5,5,5,5,5,5,5,5,5,5,5,5,5,5,5,5,5,5,5,5,5,5,5,5,5,5,5,5,5,5,5,5,5,5,5,5,5,5,5,5,5,5,5,5,5,5,5,5,5,5,5,5,5,5,5,5,5,5,5,5,5,5,5
53,675,670,669,668,660,646,650,650,693,668,675,671,666,670,675,659,690,692,682,686,676,673,668,669,707,694,686,681,681,677,657,666,706,704,690,699,681,670,688,657,719,709,697,703,685,694,696,688,709,704,722,702,713,690,687,689,730,704,727,710,702,704,694,694,6,6,5,5,5,5,5,6,6,5,6,5,5,5,4,5,7,8,6,7,5,6,5,5,8,6,6,5,5,5,4,7,6,6,6,6,5,5,5,5,6,7,6,6,7,6,6,7,6,7,7,7,7,6,6,10,9,12,7,6,6,8,6,10,5,5,5,5,5,5,5,5,5,5,5,5,5,5,5,5,5,5,5,5,5,5,5,5,5,5,5,5,5,5,5,5,5,5,5,5,5,5,5,5,5,5,5,5,5,5,5,5,5,5,5,5,5,5,5,5,5,5,5,5,5,5,5,5
54,687,678,655,668,656,661,657,657,683,676,679,667,661,667,653,657,682,684,685,684,686,669,659,662,708,698,685,684,684,672,674,659,690,705,694,698,695,692,678,682,717,696,698,702,696,690,682,694,713,718,725,700,699,692,682,697,737,721,716,708,708,701,699,706,6,7,6,5,4,4,6,5,6,5,5,5,5,5,5,4,8,7,6,6,4,5,6,5,6,6,6,4,5,5,6,6,8,6,7,6,7,6,6,7,7,6,6,7,6,6,7,8,10,8,7,7,7,6,6,7,12,13,7,9,6,6,6,18,5,5,5,5,5,5,5,5,5,5,5,5,5,5,5,5,5,5,5,5,5,5,5,5,5,5,5,5,5,5,5,5,5,5,5,5,5,5,5,5,5,5,5,5,5,5,5,5,5,5,5,5,5,5,5,5,5,5,5,5,5,5,5,5
55,672,677,672,669,652,645,657,641,686,679,682,662,663,660,661,663,686,685,695,686,674,668,667,662,710,697,683,687,691,681,686,676,702,692,695,693,686,680,686,686,715,696,701,686,704,695,692,677,716,718,705,689,695,685,696,690,738,718,709,710,706,707,698,697,7,5,6,6,4,4,5,5,6,5,5,5,5,5,5,5,6,7,5,6,4,5,4,5,8,5,6,5,5,5,5,6,9,6,6,6,5,5,5,6,6,6,6,7,6,5,6,7,8,9,8,6,6,6,6,7,9,10,7,7,7,7,6,9,5,5,5,5,5,5,5,5,5,5,5,5,5,5,5,5,5,5,5,5,5,5,5,5,5,5,5,5,5,5,5,5,5,5,5,5,5,5,5,5,5,5,5,5,5,5,5,5,5,5,5,5,5,5,5,5,5,5,5,5,5,5,5,5
56,677,690,677,671,660,666,657,661,689,675,670,669,664,664,676,648,697,691,685,681,676,682,674,664,707,684,692,684,688,673,669,670,716,694,702,691,677,684,680,674,720,698,707,702,682,685,686,674,710,720,702,715,708,691,694,692,721,712,719,709,717,703,711,703,7,6,5,6,5,4,5,5,6,5,6,6,5,5,5,5,6,9,7,6,5,5,5,5,7,5,7,5,5,5,6,6,9,5,5,6,5,6,6,7,7,6,6,7,7,4,5,7,9,9,7,7,7,6,7,8,8,11,8,8,7,7,9,10,5,5,5,5,5,5,5,5,5,5,5,5,5,5,5,5,5,5,5,5,5,5,5,5,5,5,5,5,5,5,5,5,5,5,5,5,5,5,5,5,5,5,5,5,5,5,5,5,5,5,5,5,5,5,5,5,5,5,5,5,5,5,5,5
57,678,666,671,667,666,663,648,646,699,687,681,671,663,675,676,657,684,684,689,681,672,668,662,669,710,691,695,687,681,675,678,655,728,704,686,698,686,684,682,679,711,697,703,696,684,687,676,681,718,724,722,693,694,693,696,688,728,707,708,726,710,712,695,699,6,5,5,5,4,4,4,5,8,5,4,5,5,5,5,4,7,5,4,5,4,5,5,5,6,5,5,5,5,5,5,6,8,5,5,5,5,5,5,5,6,6,6,6,7,5,7,7,7,7,7,7,6,6,6,8,11,12,6,11,6,6,7,18,5,5,5,5,5,5,5,5,5,5,5,5,5,5,5,5,5,5,5,5,5,5,5,5,5,5,5,5,5,5,5,5,5,5,5,5,5,5,5,5,5,5,5,5,5,5,5,5,5,5,5,5,5,5,5,5,5,5,5,5,5,5,5,5
58,684,672,670,669,667,657,651,658,691,683,681,666,663,663,660,662,681,681,676,678,672,670,660,666,698,700,696,676,692,682,672,666,707,705,699,686,686,682,678,671,706,715,707,704,698,696,685,694,708,727,715,704,702,699,693,694,704,700,717,708,704,701,693,717,6,5,6,5,4,4,6,5,7,6,5,5,5,5,5,5,7,7,5,6,5,5,6,5,7,6,7,5,6,5,6,7,9,5,5,6,6,6,5,5,8,8,6,7,6,6,7,5,9,8,7,8,8,6,7,7,9,13,6,7,8,5,7,13,5,5,5,5,5,5,5,5,5,5,5,5,5,5,5,5,5,5,5,5,5,5,5,5,5,5,5,5,5,5,5,5,5,5,5,5,5,5,5,5,5,5,5,5,5,5,5,5,5,5,5,5,5,5,5,5,5,5,5,5,5,5,5,5
59,674,681,674,673,663,670,658,647,690,682,677,677,661,661,662,653,696,687,682,675,677,661,672,665,709,690,682,686,692,676,679,667,700,701,694,688,678,673,672,673,716,715,696,707,691,681,688,686,722,701,693,716,715,685,705,690,721,724,711,711,713,709,698,696,5,7,5,5,4,6,5,6,7,6,4,5,5,5,4,5,8,6,5,5,4,5,5,5,6,6,6,4,5,5,5,6,8,5,4,6,5,5,5,6,6,8,6,6,6,7,6,7,7,7,7,8,5,6,5,7,9,12,6,8,8,7,5,10,5,5,5,5,5,5,5,5,5,5,5,5,5,5,5,5,5,5,5,5,5,5,5,5,5,5,5,5,5,5,5,5,5,5,5,5,5,5,5,5,5,5,5,5,5,5,5,5,5,5,5,5,5,5,5,5,5,5,5,5,5,5,5,5
60,673,683,678,655,666,656,648,652,691,678,683,679,668,659,670,651,698,677,683,672,675,676,658,661,704,690,701,684,678,678,680,664,702,707,703,690,693,682,675,684,703,706,694,694,687,689,685,679,717,704,716,711,690,699,696,690,711,727,712,713,708,704,695,711,6,7,5,6,6,4,5,7,6,5,5,5,5,5,5,4,10,7,6,6,5,5,6,5,7,6,7,4,4,5,6,6,10,6,6,6,6,6,6,7,6,8,6,6,6,7,6,7,6,9,7,8,7,7,9,7,8,10,7,7,6,7,7,15,5,5,5,5,5,5,5,5,5,5,5,5,5,5,5,5,5,5,5,5,5,5,5,5,5,5,5,5,5,5,5,5,5,5,5,5,5,5,5,5,5,5,5,5,5,5,5,5,5,5,5,5,5,5,5,5,5,5,5,5,5,5,5,5
61,680,685,672,663,656,657,656,653,696,669,663,672,679,670,666,660,683,683,684,686,673,667,671,678,693,691,686,678,674,679,675,678,710,689,706,689,693,688,676,677,697,700,700,696,689,686,672,676,702,718,725,713,706,693,696,694,719,740,714,715,705,711,685,681,7,6,4,6,5,5,5,5,7,5,5,5,6,4,4,5,8,6,5,5,4,5,5,5,8,6,6,5,5,5,5,6,7,5,6,6,5,6,5,7,7,6,5,5,8,5,7,7,7,10,7,7,8,7,6,8,8,11,6,9,7,6,7,12,5,5,5,5,5,5,5,5,5,5,5,5,5,5,5,5,5,5,5,5,5,5,5,5,5,5,5,5,5,5,5,5,5,5,5,5,5,5,5,5,5,5,5,5,5,5,5,5,5,5,5,5,5,5,5,5,5,5,5,5,5,5,5,5
62,695,680,670,666,663,654,657,652,687,678,676,678,679,671,653,656,694,690,684,694,671,674,668,659,698,682,691,685,678,685,680,682,719,704,689,697,681,688,679,671,717,723,700,704,682,685,697,688,708,714,701,702,691,679,697,697,716,739,712,703,705,693,695,689,7,5,5,5,4,6,5,8,7,5,5,5,6,5,5,6,7,7,5,5,4,6,5,5,8,7,7,5,6,5,5,7,7,6,5,6,5,6,6,6,7,6,7,6,7,6,6,7,8,9,9,6,5,5,6,7,11,15,7,9,7,7,7,11,5,5,5,5,5,5,5,5,5,5,5,5,5,5,5,5,5,5,5,5,5,5,5,5,5,5,5,5,5,5,5,5,5,5,5,5,5,5,5,5,5,5,5,5,5,5,5,5,5,5,5,5,5,5,5,5,5,5,5,5,5,5,5,5
63,683,665,670,665,661,659,656,662,684,671,679,667,660,665,671,654,686,682,680,679,685,660,667,668,696,694,701,690,680,677,667,656,709,695,689,685,690,675,690,668,716,715,706,685,697,692,689,691,709,717,712,714,703,696,684,679,733,742,712,707,702,698,698,697,7,5,5,6,4,5,5,5,5,5,5,5,4,5,5,5,9,6,5,7,5,5,5,5,6,5,5,5,5,5,5,6,8,4,6,5,5,5,5,4,7,7,6,7,6,5,6,7,8,9,7,5,5,6,6,8,9,13,7,8,9,7,6,11,5,5,5,5,5,5,5,5,5,5,5,5,5,5,5,5,5,5,5,5,5,5,5,5,5,5,5,5,5,5,5,5,5,5,5,5,5,5,5,5,5,5,5,5,5,5,5,5,5,5,5,5,5,5,5,5,5,5,5,5,5,5,5,5
64,660,677,676,665,665,665,657,657,691,686,681,671,657,658,669,654,689,686,676,675,672,677,662,666,689,692,670,698,683,681,667,665,703,689,697,688,685,689,682,669,721,706,704,696,685,687,691,692,717,705,700,704,691,696,697,702,713,724,710,716,708,719,705,674,7,6,6,6,5,4,5,7,7,6,6,5,6,5,4,5,9,6,6,5,4,6,5,5,7,6,5,5,5,6,5,7,8,6,6,5,6,6,6,6,8,5,6,7,8,7,7,6,6,8,9,9,6,7,6,7,8,10,5,9,8,7,8,8,5,5,5,5,5,5,5,5,5,5,5,5,5,5,5,5,5,5,5,5,5,5,5,5,5,5,5,5,5,5,5,5,5,5,5,5,5,5,5,5,5,5,5,5,5,5,5,5,5,5,5,5,5,5,5,5,5,5,5,5,5,5,5,5
65,683,664,672,664,667,655,650,652,675,690,680,674,661,660,661,666,694,686,686,678,680,671,666,670,689,688,688,682,676,673,674,673,707,711,692,690,694,685,676,671,701,712,701,695,702,686,687,679,730,727,704,708,708,705,691,698,724,708,708,708,706,700,701,696,6,5,5,5,5,6,5,5,7,5,6,5,6,4,5,5,9,7,6,6,5,5,6,5,6,6,6,4,4,4,6,7,8,7,6,5,6,5,6,6,6,8,7,6,6,6,5,7,7,9,7,7,6,8,7,9,12,9,6,6,6,9,8,13,5,5,5,5,5,5,5,5,5,5,5,5,5,5,5,5,5,5,5,5,5,5,5,5,5,5,5,5,5,5,5,5,5,5,5,5,5,5,5,5,5,5,5,5,5,5,5,5,5,5,5,5,5,5,5,5,5,5,5,5,5,5,5,5
66,687,667,678,673,652,657,668,656,676,678,679,669,672,663,668,662,699,688,688,678,679,664,668,661,699,696,694,685,677,680,665,663,706,692,701,708,699,675,682,673,708,700,705,712,710,692,691,691,714,697,691,715,705,694,689,690,734,727,722,714,703,692,699,680,7,5,5,6,5,6,6,5,6,6,5,5,5,5,4,5,6,7,6,6,6,5,5,5,9,6,6,5,5,5,6,6,7,7,5,6,7,6,5,7,6,8,7,7,8,6,6,6,7,10,6,6,7,6,7,8,9,13,6,9,8,7,8,9,5,5,5,5,5,5,5,5,5,5,5,5,5,5,5,5,5,5,5,5,5,5,5,5,5,5,5,5,5,5,5,5,5,5,5,5,5,5,5,5,5,5,5,5,5,5,5,5,5,5,5,5,5,5,5,5,5,5,5,5,5,5,5,5
67,678,681,661,668,659,672,654,665,689,681,680,674,658,661,649,661,688,685,693,675,668,671,667,658,705,695,684,686,678,673,676,664,704,707,701,694,696,694,679,684,713,712,704,687,686,690,692,684,723,714,723,714,700,709,684,673,732,707,716,702,704,691,702,674,6,5,5,5,5,5,5,6,6,5,5,6,4,5,5,4,7,7,5,7,5,6,6,5,6,5,5,5,5,6,6,6,7,6,6,5,5,4,5,6,6,6,6,5,6,5,5,6,6,8,8,7,6,5,6,7,10,9,7,7,8,6,6,14,5,5,5,5,5,5,5,5,5,5,5,5,5,5,5,5,5,5,5,5,5,5,5,5,5,5,5,5,5,5,5,5,5,5,5,5,5,5,5,5,5,5,5,5,5,5,5,5,5,5,5,5,5,5,5,5,5,5,5,5,5,5,5,5
68,680,683,672,670,659,655,663,670,677,673,676,666,667,675,665,655,689,700,687,681,686,675,662,665,680,689,696,693,685,671,683,680,696,703,707,687,698,681,675,674,710,724,715,700,691,705,676,685,732,719,721,691,696,696,689,686,715,710,711,716,720,712,703,720,7,6,5,6,5,6,7,7,7,5,6,6,5,4,5,4,8,8,7,7,5,5,5,4,6,6,7,6,5,5,7,6,7,6,6,6,7,6,5,6,6,8,6,6,7,6,6,7,7,10,7,7,7,7,8,6,8,10,6,8,7,9,9,10,5,5,5,5,5,5,5,5,5,5,5,5,5,5,5,5,5,5,5,5,5,5,5,5,5,5,5,5,5,5,5,5,5,5,5,5,5,5,5,5,5,5,5,5,5,5,5,5,5,5,5,5,5,5,5,5,5,5,5,5,5,5,5,5
69,686,681,671,668,664,664,647,656,686,678,674,682,673,665,665,657,679,683,678,685,669,668,669,666,702,692,684,689,682,676,673,678,702,700,699,689,687,682,679,673,706,714,702,710,693,689,684,684,729,723,704,685,694,687,688,695,713,739,723,711,704,713,698,693,7,6,5,6,5,4,5,6,5,5,4,4,5,4,4,4,7,6,7,5,5,5,4,5,7,5,6,6,5,5,6,5,7,5,5,5,6,6,6,6,5,5,6,7,6,4,7,6,7,8,7,6,8,6,7,8,6,14,8,7,8,6,8,12,5,5,5,5,5,5,5,5,5,5,5,5,5,5,5,5,5,5,5,5,5,5,5,5,5,5,5,5,5,5,5,5,5,5,5,5,5,5,5,5,5,5,5,5,5,5,5,5,5,5,5,5,5,5,5,5,5,5,5,5,5,5,5,5
70,681,668,671,668,657,670,663,650,690,687,671,668,669,661,671,649,688,690,692,687,676,683,678,664,694,696,689,674,690,668,666,667,698,693,706,697,690,685,679,684,707,703,694,699,686,695,693,680,727,710,718,712,707,698,686,688,723,729,726,708,707,714,709,688,8,6,6,5,5,6,5,6,7,6,6,5,5,5,5,5,8,7,7,7,5,4,7,5,7,5,6,4,6,5,5,6,7,5,6,8,6,6,6,7,8,6,7,6,9,6,7,7,7,9,7,9,7,6,7,8,11,9,9,8,9,7,7,11,5,5,5,5,5,5,5,5,5,5,5,5,5,5,5,5,5,5,5,5,5,5,5,5,5,5,5,5,5,5,5,5,5,5,5,5,5,5,5,5,5,5,5,5,5,5,5,5,5,5,5,5,5,5,5,5,5,5,5,5,5,5,5,5
71,678,672,670,661,661,663,650,646,686,683,675,667,680,657,663,648,687,689,671,690,676,672,672,674,698,704,692,685,679,677,666,664,708,708,686,685,688,688,675,681,697,705,711,708,688,693,681,676,713,718,726,710,706,697,700,688,719,739,706,714,714,703,700,682,6,6,5,5,4,4,4,5,6,6,5,5,6,4,5,6,7,7,6,5,5,6,5,6,8,7,6,5,5,5,5,8,6,6,5,6,5,5,5,6,6,7,6,7,6,5,7,6,9,8,6,9,7,6,6,9,8,12,8,9,7,6,7,11,5,5,5,5,5,5,5,5,5,5,5,5,5,5,5,5,5,5,5,5,5,5,5,5,5,5,5,5,5,5,5,5,5,5,5,5,5,5,5,5,5,5,5,5,5,5,5,5,5,5,5,5,5,5,5,5,5,5,5,5,5,5,5,5
72,688,676,673,666,657,661,654,664,693,684,672,667,671,664,655,663,681,687,672,678,673,670,664,669,687,690,680,700,694,677,674,659,708,706,695,687,690,683,686,678,716,694,711,697,702,688,682,688,724,706,715,706,698,695,704,673,726,716,718,707,719,699,704,679,6,6,5,5,5,5,5,5,6,6,5,6,5,5,5,6,7,7,6,6,5,5,5,5,8,6,6,5,6,5,7,7,10,6,6,6,6,7,5,6,7,5,7,6,6,5,7,7,7,7,6,9,6,6,6,9,11,10,9,8,7,7,8,13,5,5,5,5,5,5,5,5,5,5,5,5,5,5,5,5,5,5,5,5,5,5,5,5,5,5,5,5,5,5,5,5,5,5,5,5,5,5,5,5,5,5,5,5,5,5,5,5,5,5,5,5,5,5,5,5,5,5,5,5,5,5,5,5
73,685,683,671,666,652,649,653,654,685,686,682,673,670,667,665,654,682,689,693,685,671,674,668,664,687,691,699,684,681,675,678,676,696,707,699,689,697,683,680,673,730,705,701,691,690,687,691,685,735,702,707,694,710,699,696,690,718,709,716,712,718,701,711,698,6,6,6,7,4,5,4,5,6,5,5,5,5,5,5,4,7,6,5,7,4,6,5,5,7,5,5,5,5,5,6,6,8,6,5,5,6,5,4,6,6,6,6,7,7,6,5,6,9,8,7,8,6,6,7,7,8,11,7,8,6,7,6,12,5,5,5,5,5,5,5,5,5,5,5,5,5,5,5,5,5,5,5,5,5,5,5,5,5,5,5,5,5,5,5,5,5,5,5,5,5,5,5,5,5,5,5,5,5,5,5,5,5,5,5,5,5,5,5,5,5,5,5,5,5,5,5,5
74,685,676,667,671,664,657,660,645,673,679,667,669,674,667,662,657,697,693,690,678,680,674,661,665,702,688,691,684,683,679,677,673,692,696,695,685,694,688,677,679,706,702,700,709,701,681,677,678,715,698,717,712,707,692,687,688,721,721,731,713,716,687,684,683,6,5,5,5,4,4,5,6,7,6,6,5,6,6,4,5,11,7,6,6,5,7,5,6,7,5,6,5,5,6,7,5,8,6,5,7,6,6,6,6,8,6,7,7,7,6,7,6,9,10,7,8,6,7,8,7,10,10,9,11,7,7,6,11,5,5,5,5,5,5,5,5,5,5,5,5,5,5,5,5,5,5,5,5,5,5,5,5,5,5,5,5,5,5,5,5,5,5,5,5,5,5,5,5,5,5,5,5,5,5,5,5,5,5,5,5,5,5,5,5,5,5,5,5,5,5,5,5
75,679,679,669,670,653,665,652,634,687,683,685,667,668,656,655,664,684,688,683,680,672,671,661,666,697,695,683,680,680,677,667,667,696,712,685,682,686,686,679,678,706,717,700,712,694,704,683,678,720,732,719,696,702,694,690,688,727,726,722,699,714,693,696,692,6,5,5,5,5,5,4,5,6,5,4,5,5,5,5,5,7,6,6,7,5,5,5,5,7,5,6,4,5,6,5,5,7,6,5,6,5,6,4,5,5,8,6,7,6,7,7,8,9,7,7,6,7,6,6,8,13,9,6,11,7,6,6,10,5,5,5,5,5,5,5,5,5,5,5,5,5,5,5,5,5,5,5,5,5,5,5,5,5,5,5,5,5,5,5,5,5,5,5,5,5,5,5,5,5,5,5,5,5,5,5,5,5,5,5,5,5,5,5,5,5,5,5,5,5,5,5,5
76,676,672,660,668,661,663,653,650,685,681,680,669,667,658,661,664,698,703,680,675,673,675,668,661,702,704,686,687,688,677,672,666,689,686,699,693,698,686,676,675,722,707,702,704,698,689,688,681,721,716,713,713,695,700,693,704,742,732,720,721,716,706,698,680,7,6,5,5,5,5,4,5,7,5,4,5,5,4,5,5,8,8,5,6,5,6,5,5,8,7,5,6,5,5,8,7,9,5,5,5,7,6,6,5,8,8,7,6,7,6,5,7,9,9,7,9,6,7,7,10,10,11,7,10,8,6,6,11,5,5,5,5,5,5,5,5,5,5,5,5,5,5,5,5,5,5,5,5,5,5,5,5,5,5,5,5,5,5,5,5,5,5,5,5,5,5,5,5,5,5,5,5,5,5,5,5,5,5,5,5,5,5,5,5,5,5,5,5,5,5,5,5
77,678,674,677,667,651,661,656,652,682,687,669,674,670,664,653,667,678,684,688,689,681,670,658,661,699,695,688,687,687,683,672,671,700,704,690,698,685,673,683,684,706,709,700,697,692,687,683,688,709,717,707,710,697,680,683,688,724,729,720,705,697,705,707,689,6,6,5,5,4,5,4,4,7,4,4,5,5,5,5,5,7,7,5,5,5,5,5,4,8,5,6,5,5,5,6,6,7,5,6,6,5,5,6,6,6,6,5,5,5,6,6,7,8,9,9,6,6,6,6,6,11,11,6,7,9,6,6,11,5,5,5,5,5,5,5,5,5,5,5,5,5,5,5,5,5,5,5,5,5,5,5,5,5,5,5,5,5,5,5,5,5,5,5,5,5,5,5,5,5,5,5,5,5,5,5,5,5,5,5,5,5,5,5,5,5,5,5,5,5,5,5,5
78,667,677,668,671,666,663,655,648,697,687,679,677,665,664,661,657,697,683,685,682,684,665,667,663,694,687,692,677,681,676,664,671,709,700,690,697,689,680,684,664,714,707,700,702,696,693,682,698,722,710,709,702,698,703,688,692,711,705,718,711,697,700,706,705,6,7,6,6,5,5,5,7,6,7,6,5,5,5,5,5,7,7,6,6,5,4,6,6,7,6,7,5,5,5,6,6,7,6,5,5,6,5,5,5,6,6,7,7,6,5,7,6,7,9,6,8,6,7,7,8,8,9,8,10,7,6,8,9,5,5,5,5,5,5,5,5,5,5,5,5,5,5,5,5,5,5,5,5,5,5,5,5,5,5,5,5,5,5,5,5,5,5,5,5,5,5,5,5,5,5,5,5,5,5,5,5,5,5,5,5,5,5,5,5,5,5,5,5,5,5,5,5
79,667,677,677,667,663,666,654,643,684,673,674,663,671,660,674,655,690,696,679,689,668,672,665,653,710,704,704,677,684,670,672,674,708,695,694,692,688,680,674,687,713,713,703,705,706,702,698,701,722,713,695,709,700,696,690,686,709,704,731,705,714,709,694,672,5,7,5,5,5,5,5,5,5,5,4,5,5,4,5,5,8,6,5,5,4,5,5,6,6,6,5,5,5,4,6,6,7,5,5,6,6,5,6,6,7,7,6,7,7,5,6,7,7,8,7,5,6,6,7,10,9,10,8,11,6,7,6,12,5,5,5,5,5,5,5,5,5,5,5,5,5,5,5,5,5,5,5,5,5,5,5,5,5,5,5,5,5,5,5,5,5,5,5,5,5,5,5,5,5,5,5,5,5,5,5,5,5,5,5,5,5,5,5,5,5,5,5,5,5,5,5,5
80,686,690,683,666,665,658,652,660,688,675,669,674,674,667,663,648,692,696,678,674,682,675,672,664,698,694,692,677,672,677,669,680,695,707,700,694,686,670,676,675,707,704,704,701,710,693,677,687,721,720,709,699,711,691,687,696,731,735,721,733,718,705,699,690,7,7,6,7,5,5,5,5,7,5,5,6,6,6,5,6,8,6,7,6,6,5,5,5,7,5,9,5,5,5,5,6,7,6,5,6,6,6,5,6,6,6,6,6,9,5,7,7,8,8,6,8,8,6,7,8,11,11,8,12,8,6,9,12,5,5,5,5,5,5,5,5,5,5,5,5,5,5,5,5,5,5,5,5,5,5,5,5,5,5,5,5,5,5,5,5,5,5,5,5,5,5,5,5,5,5,5,5,5,5,5,5,5,5,5,5,5,5,5,5,5,5,5,5,5,5,5,5
81,676,679,672,676,665,669,655,666,680,675,681,668,669,652,658,644,686,689,691,679,678,664,673,676,704,694,694,689,686,667,674,667,710,703,703,704,682,681,692,667,713,713,711,705,697,687,679,692,716,706,718,702,690,702,693,681,723,728,720,708,695,704,712,685,6,6,5,5,4,5,5,6,6,6,5,5,5,4,4,5,8,9,5,5,5,5,5,6,5,5,7,5,4,5,5,6,7,6,5,5,5,6,4,5,7,8,6,6,5,6,7,7,7,9,7,8,6,6,7,8,9,11,7,8,7,8,7,12,5,5,5,5,5,5,5,5,5,5,5,5,5,5,5,5,5,5,5,5,5,5,5,5,5,5,5,5,5,5,5,5,5,5,5,5,5,5,5,5,5,5,5,5,5,5,5,5,5,5,5,5,5,5,5,5,5,5,5,5,5,5,5,5
82,683,679,680,672,654,663,663,652,690,675,680,662,656,668,645,660,700,690,680,681,676,684,667,669,695,704,691,689,679,672,671,675,723,699,694,696,687,682,680,677,712,717,705,700,705,692,682,676,712,721,721,701,700,700,681,691,723,727,701,712,714,712,711,705,7,6,6,6,5,5,5,7,7,5,7,4,5,5,5,5,6,7,6,6,5,5,5,5,8,7,7,5,5,5,6,5,9,6,6,7,6,5,6,5,7,9,6,6,7,6,5,7,8,9,7,9,6,7,7,7,10,15,7,9,7,7,9,13,5,5,5,5,5,5,5,5,5,5,5,5,5,5,5,5,5,5,5,5,5,5,5,5,5,5,5,5,5,5,5,5,5,5,5,5,5,5,5,5,5,5,5,5,5,5,5,5,5,5,5,5,5,5,5,5,5,5,5,5,5,5,5,5
83,678,683,666,664,671,663,659,654,682,683,679,668,671,658,675,661,695,691,665,679,682,666,664,668,705,693,691,676,680,679,675,665,709,700,704,694,685,686,674,685,714,713,698,694,683,697,681,696,718,715,706,703,709,699,694,696,714,701,711,699,719,700,697,725,6,5,5,5,4,5,4,6,6,6,5,5,5,4,5,5,7,8,5,6,5,5,6,5,6,5,6,5,6,6,7,5,7,8,5,6,5,5,5,7,6,6,6,6,7,5,6,5,10,7,6,7,7,7,6,8,8,10,5,9,7,6,7,14,5,5,5,5,5,5,5,5,5,5,5,5,5,5,5,5,5,5,5,5,5,5,5,5,5,5,5,5,5,5,5,5,5,5,5,5,5,5,5,5,5,5,5,5,5,5,5,5,5,5,5,5,5,5,5,5,5,5,5,5,5,5,5,5
84,680,689,674,667,669,664,663,654,673,674,674,662,674,659,661,662,692,694,686,683,672,675,673,673,695,698,691,688,681,683,680,663,705,690,702,692,690,687,685,672,722,707,701,696,695,697,696,689,718,708,710,702,707,700,697,675,733,710,716,730,705,720,701,703,6,6,6,7,4,5,6,6,7,5,5,5,6,5,5,6,7,6,6,6,4,6,4,6,8,7,6,6,5,6,5,7,6,7,5,6,6,6,5,7,8,6,5,8,8,6,8,7,8,9,10,8,7,7,9,8,10,12,7,10,7,7,7,15,5,5,5,5,5,5,5,5,5,5,5,5,5,5,5,5,5,5,5,5,5,5,5,5,5,5,5,5,5,5,5,5,5,5,5,5,5,5,5,5,5,5,5,5,5,5,5,5,5,5,5,5,5,5,5,5,5,5,5,5,5,5,5,5
85,675,671,668,669,664,658,653,665,683,676,674,680,662,664,664,652,692,687,679,684,672,676,669,673,701,693,690,689,681,677,677,669,718,709,699,692,689,684,679,675,716,708,707,710,685,689,699,691,725,709,711,710,689,692,695,694,729,717,707,702,713,693,701,691,6,6,5,5,4,4,4,5,7,6,4,5,4,4,6,5,8,6,5,6,5,5,4,5,6,6,7,5,4,5,5,6,9,6,5,5,7,5,5,5,7,7,5,7,7,5,6,5,7,8,7,6,6,6,7,9,10,12,8,9,7,6,8,9,5,5,5,5,5,5,5,5,5,5,5,5,5,5,5,5,5,5,5,5,5,5,5,5,5,5,5,5,5,5,5,5,5,5,5,5,5,5,5,5,5,5,5,5,5,5,5,5,5,5,5,5,5,5,5,5,5,5,5,5,5,5,5,5
86,679,680,665,668,661,662,650,656,686,679,671,663,676,652,661,670,680,683,680,693,670,681,670,668,701,699,691,687,683,682,681,660,700,688,692,691,688,682,685,681,714,694,701,697,701,686,687,693,725,734,714,689,700,696,687,703,747,734,708,716,715,689,699,684,9,5,5,5,6,4,6,6,6,6,6,4,6,5,5,4,8,7,6,5,4,5,4,5,6,6,7,6,5,6,7,7,8,5,5,6,6,6,6,6,6,6,7,6,6,6,6,7,7,8,7,7,7,7,6,10,9,14,5,9,6,7,9,12,5,5,5,5,5,5,5,5,5,5,5,5,5,5,5,5,5,5,5,5,5,5,5,5,5,5,5,5,5,5,5,5,5,5,5,5,5,5,5,5,5,5,5,5,5,5,5,5,5,5,5,5,5,5,5,5,5,5,5,5,5,5,5,5
87,674,675,670,668,662,657,655,652,674,681,678,673,666,657,659,660,694,681,681,691,672,674,674,673,692,706,693,679,675,683,686,675,712,700,705,687,684,692,692,677,720,706,706,692,684,691,694,685,720,706,693,698,704,687,695,689,716,720,703,711,713,705,695,704,5,4,4,5,5,4,4,7,6,5,5,5,5,4,5,5,7,7,6,7,4,6,5,6,6,6,6,5,5,5,7,5,6,6,5,6,6,4,5,5,7,7,6,5,7,5,6,7,7,8,6,7,7,5,7,7,7,11,7,9,7,5,9,13,5,5,5,5,5,5,5,5,5,5,5,5,5,5,5,5,5,5,5,5,5,5,5,5,5,5,5,5,5,5,5,5,5,5,5,5,5,5,5,5,5,5,5,5,5,5,5,5,5,5,5,5,5,5,5,5,5,5,5,5,5,5,5,5
88,679,671,664,662,658,658,670,660,698,667,668,665,668,663,657,666,706,695,678,685,673,689,672,660,699,691,689,692,685,677,677,663,706,704,684,688,686,693,685,682,709,692,705,705,701,697,675,686,722,702,704,699,701,695,692,690,720,727,721,703,705,708,704,693,7,6,4,5,5,6,6,5,7,4,6,5,5,4,5,6,7,9,7,6,4,6,4,5,7,6,7,7,5,5,7,7,8,7,5,6,6,6,6,8,7,6,6,7,7,7,5,6,7,7,9,7,6,6,7,10,9,10,7,7,8,7,8,12,5,5,5,5,5,5,5,5,5,5,5,5,5,5,5,5,5,5,5,5,5,5,5,5,5,5,5,5,5,5,5,5,5,5,5,5,5,5,5,5,5,5,5,5,5,5,5,5,5,5,5,5,5,5,5,5,5,5,5,5,5,5,5,5
89,676,671,679,657,658,662,662,643,694,693,676,680,671,669,668,653,683,690,687,678,671,666,669,657,711,699,696,688,682,681,680,675,708,701,693,684,686,682,683,682,712,693,706,710,705,685,696,675,723,704,705,700,693,701,693,694,741,737,709,702,709,715,707,702,6,6,6,5,5,5,5,5,7,6,7,6,5,5,4,5,8,6,6,6,4,5,5,5,8,6,7,5,5,4,6,6,7,5,5,6,6,6,5,7,7,6,6,6,7,6,6,6,8,6,8,7,6,6,5,8,9,10,5,7,7,8,7,15,5,5,5,5,5,5,5,5,5,5,5,5,5,5,5,5,5,5,5,5,5,5,5,5,5,5,5,5,5,5,5,5,5,5,5,5,5,5,5,5,5,5,5,5,5,5,5,5,5,5,5,5,5,5,5,5,5,5,5,5,5,5,5,5
90,675,679,671,670,662,656,658,647,688,676,679,677,661,653,657,668,679,685,671,680,682,677,658,662,702,687,688,700,678,679,670,667,707,708,697,691,699,685,679,678,726,693,710,694,697,709,682,688,726,709,704,695,699,706,683,699,724,719,719,712,703,709,705,697,7,7,5,6,5,5,5,6,6,5,5,7,4,4,6,6,7,7,6,6,5,4,6,4,8,5,6,5,6,6,6,6,7,6,8,7,6,7,6,6,6,6,7,7,7,7,6,8,7,10,8,7,7,7,8,8,8,9,6,11,8,7,8,9,5,5,5,5,5,5,5,5,5,5,5,5,5,5,5,5,5,5,5,5,5,5,5,5,5,5,5,5,5,5,5,5,5,5,5,5,5,5,5,5,5,5,5,5,5,5,5,5,5,5,5,5,5,5,5,5,5,5,5,5,5,5,5,5
91,680,684,669,665,656,652,650,662,678,689,683,662,670,661,661,651,683,682,685,671,678,673,659,653,705,694,687,679,692,663,684,664,704,691,690,696,684,675,686,688,705,714,712,709,688,681,698,684,716,715,711,697,684,686,689,701,734,750,724,694,714,702,691,682,6,5,5,6,4,5,5,6,6,6,4,5,6,5,4,4,7,7,5,5,5,6,5,4,7,5,7,4,5,5,4,5,10,5,6,6,5,5,5,7,6,8,6,6,8,6,6,7,9,10,9,7,7,7,6,9,13,12,7,9,6,7,7,9,5,5,5,5,5,5,5,5,5,5,5,5,5,5,5,5,5,5,5,5,5,5,5,5,5,5,5,5,5,5,5,5,5,5,5,5,5,5,5,5,5,5,5,5,5,5,5,5,5,5,5,5,5,5,5,5,5,5,5,5,5,5,5,5
92,668,675,662,670,661,651,651,651,683,676,680,670,670,668,659,653,684,694,681,680,674,667,658,662,693,689,703,682,677,680,666,669,720,698,697,690,692,685,685,674,713,712,710,700,698,692,699,696,722,720,712,704,705,709,702,701,730,699,713,715,709,695,720,688,6,6,5,5,5,5,5,6,6,6,5,5,6,5,5,5,8,8,5,5,5,5,5,7,7,5,7,6,6,5,6,7,9,6,7,6,6,6,5,5,6,8,6,7,8,8,6,7,7,12,7,8,6,6,8,8,11,9,6,8,6,7,6,12,5,5,5,5,5,5,5,5,5,5,5,5,5,5,5,5,5,5,5,5,5,5,5,5,5,5,5,5,5,5,5,5,5,5,5,5,5,5,5,5,5,5,5,5,5,5,5,5,5,5,5,5,5,5,5,5,5,5,5,5,5,5,5,5
93,683,670,667,662,659,665,650,661,682,674,677,663,675,656,667,660,686,688,683,671,685,671,669,662,706,696,681,677,680,683,672,663,694,703,691,693,687,677,685,681,714,703,706,699,691,688,684,684,716,713,701,699,694,702,694,680,727,712,707,723,706,705,706,709,6,5,5,5,5,5,6,5,5,5,5,5,5,5,5,5,6,6,6,5,5,6,4,5,6,6,5,4,5,5,6,6,8,6,5,5,5,6,5,6,7,6,7,7,7,5,6,6,6,10,7,6,7,8,8,6,11,10,6,9,6,7,8,18,5,5,5,5,5,5,5,5,5,5,5,5,5,5,5,5,5,5,5,5,5,5,5,5,5,5,5,5,5,5,5,5,5,5,5,5,5,5,5,5,5,5,5,5,5,5,5,5,5,5,5,5,5,5,5,5,5,5,5,5,5,5,5,5
94,671,676,676,649,664,663,664,650,687,694,679,670,666,660,663,666,697,682,693,673,671,664,664,663,701,691,691,690,686,668,668,671,708,697,696,696,675,691,681,672,727,703,705,697,712,677,681,675,720,723,714,697,700,705,689,711,750,729,720,704,702,705,688,692,7,6,6,6,4,5,6,5,7,5,6,5,5,5,4,5,6,7,6,6,4,5,6,5,8,5,7,6,5,4,5,7,9,5,6,5,7,7,6,5,9,6,6,5,7,6,6,7,6,9,7,8,8,8,7,11,8,11,8,7,9,10,8,10,5,5,5,5,5,5,5,5,5,5,5,5,5,5,5,5,5,5,5,5,5,5,5,5,5,5,5,5,5,5,5,5,5,5,5,5,5,5,5,5,5,5,5,5,5,5,5,5,5,5,5,5,5,5,5,5,5,5,5,5,5,5,5,5
95,688,665,672,661,661,660,655,648,689,683,675,670,662,665,657,656,692,693,679,673,675,669,658,669,696,683,692,681,677,673,664,666,702,700,694,701,695,688,679,681,711,704,719,699,707,676,684,677,709,715,697,690,707,692,694,685,721,714,713,712,707,711,697,708,6,6,5,6,4,4,5,5,6,5,6,5,5,4,4,4,8,7,6,6,4,5,4,5,9,6,6,4,5,5,6,5,6,5,6,5,7,6,5,6,6,7,7,6,7,6,5,5,6,9,8,6,5,6,6,7,7,11,7,8,6,8,7,12,5,5,5,5,5,5,5,5,5,5,5,5,5,5,5,5,5,5,5,5,5,5,5,5,5,5,5,5,5,5,5,5,5,5,5,5,5,5,5,5,5,5,5,5,5,5,5,5,5,5,5,5,5,5,5,5,5,5,5,5,5,5,5,5
96,680,673,669,667,656,662,648,646,694,680,674,671,666,658,662,664,696,705,683,676,674,666,662,681,703,697,683,686,672,673,662,670,709,700,702,689,696,681,681,684,700,702,706,699,696,679,672,688,715,720,715,707,710,698,683,691,713,708,716,712,707,691,704,687,8,7,5,5,5,4,5,5,7,5,6,5,6,4,4,6,7,7,6,6,5,6,5,6,9,7,6,6,5,5,6,6,11,5,6,6,6,7,5,7,7,7,8,8,7,6,7,8,8,9,8,8,7,7,7,8,9,8,8,7,7,7,8,11,5,5,5,5,5,5,5,5,5,5,5,5,5,5,5,5,5,5,5,5,5,5,5,5,5,5,5,5,5,5,5,5,5,5,5,5,5,5,5,5,5,5,5,5,5,5,5,5,5,5,5,5,5,5,5,5,5,5,5,5,5,5,5,5
97,679,676,666,662,665,650,656,659,678,686,672,677,675,659,655,650,700,692,678,682,673,663,669,661,693,686,693,683,696,682,673,669,707,688,688,692,691,681,677,678,718,709,705,709,693,677,680,679,708,700,703,702,705,681,685,689,713,741,722,688,700,708,702,693,7,6,5,5,6,4,5,6,6,5,5,4,6,4,5,5,8,6,5,6,4,5,5,5,7,5,5,5,5,5,7,5,9,5,6,5,7,6,5,6,9,7,5,6,6,5,5,6,6,7,7,7,6,6,7,9,8,11,7,9,9,7,8,14,5,5,5,5,5,5,5,5,5,5,5,5,5,5,5,5,5,5,5,5,5,5,5,5,5,5,5,5,5,5,5,5,5,5,5,5,5,5,5,5,5,5,5,5,5,5,5,5,5,5,5,5,5,5,5,5,5,5,5,5,5,5,5,5
98,680,665,667,661,661,654,660,649,682,685,672,675,662,666,662,659,698,691,688,676,679,669,674,661,698,682,683,687,681,675,668,675,697,705,690,699,691,681,682,681,715,701,703,695,706,680,684,676,727,693,713,694,702,688,687,695,741,715,722,708,707,691,706,707,8,5,5,4,5,5,5,6,5,6,5,5,5,5,6,6,8,7,6,6,5,5,5,5,7,6,7,5,5,5,6,5,10,6,6,7,6,6,5,6,5,7,6,7,7,5,6,6,6,8,7,7,7,5,7,7,9,13,8,9,8,6,10,9,5,5,5,5,5,5,5,5,5,5,5,5,5,5,5,5,5,5,5,5,5,5,5,5,5,5,5,5,5,5,5,5,5,5,5,5,5,5,5,5,5,5,5,5,5,5,5,5,5,5,5,5,5,5,5,5,5,5,5,5,5,5,5,5
99,692,674,673,661,665,658,669,655,680,672,679,677,675,675,656,652,703,688,689,678,673,660,674,668,698,702,692,686,686,677,677,667,715,691,704,691,687,683,683,677,719,704,696,697,707,682,692,681,698,714,718,719,698,689,694,684,703,725,722,720,707,704,711,691,6,5,5,6,5,4,6,6,6,4,5,6,5,5,5,5,6,8,6,6,4,4,4,5,9,5,6,5,5,4,5,7,7,6,5,6,5,6,5,5,7,7,6,8,7,5,7,6,7,8,6,6,5,6,5,7,8,9,7,9,6,5,9,9,5,5,5,5,5,5,5,5,5,5,5,5,5,5,5,5,5,5,5,5,5,5,5,5,5,5,5,5,5,5,5,5,5,5,5,5,5,5,5,5,5,5,5,5,5,5,5,5,5,5,5,5,5,5,5,5,5,5,5,5,5,5,5,5
100,686,683,674,665,658,658,657,652,691,678,677,669,662,660,664,659,697,680,686,682,680,670,660,669,691,687,687,685,678,672,665,668,694,706,693,698,700,678,684,680,712,705,704,692,698,687,681,678,730,709,723,705,694,702,691,696,740,716,716,713,716,698,696,722,8,5,5,6,5,5,5,6,6,5,5,5,5,5,4,5,8,7,6,6,5,6,5,6,7,6,6,6,5,5,6,7,9,6,6,7,7,6,6,6,5,7,7,8,8,6,7,6,8,9,7,7,7,8,8,8,8,15,6,8,9,9,6,16,5,5,5,5,5,5,5,5,5,5,5,5,5,5,5,5,5,5,5,5,5,5,5,5,5,5,5,5,5,5,5,5,5,5,5,5,5,5,5,5,5,5,5,5,5,5,5,5,5,5,5,5,5,5,5,5,5,5,5,5,5,5,5,5
101,673,686,672,663,665,673,646,647,682,678,670,664,670,656,670,658,668,682,681,683,676,667,672,655,697,686,690,678,684,684,674,673,705,704,698,686,691,682,682,674,712,713,706,696,709,685,697,689,739,714,720,697,694,689,693,672,725,717,717,709,716,698,710,706,7,6,5,5,4,5,5,5,6,4,6,5,5,4,4,5,8,7,6,5,5,5,5,5,7,7,7,4,5,5,5,6,8,6,6,6,6,6,5,5,5,4,6,6,5,6,7,6,9,8,7,6,6,5,6,7,9,11,7,10,7,8,6,13,5,5,5,5,5,5,5,5,5,5,5,5,5,5,5,5,5,5,5,5,5,5,5,5,5,5,5,5,5,5,5,5,5,5,5,5,5,5,5,5,5,5,5,5,5,5,5,5,5,5,5,5,5,5,5,5,5,5,5,5,5,5,5,5
102,678,675,657,662,665,662,650,654,679,679,679,671,676,677,669,646,681,691,679,679,672,676,670,658,706,685,699,690,689,690,677,657,707,695,703,693,689,689,677,673,725,702,704,692,704,694,682,685,722,712,702,699,691,697,687,704,732,712,731,717,709,698,701,707,6,6,5,5,4,5,5,5,8,6,5,6,6,4,4,6,8,7,6,7,4,7,7,6,6,6,7,6,5,6,6,7,9,6,5,6,6,7,6,5,8,6,7,6,7,6,7,7,10,7,7,6,8,6,7,8,11,13,8,9,7,8,7,9,5,5,5,5,5,5,5,5,5,5,5,5,5,5,5,5,5,5,5,5,5,5,5,5,5,5,5,5,5,5,5,5,5,5,5,5,5,5,5,5,5,5,5,5,5,5,5,5,5,5,5,5,5,5,5,5,5,5,5,5,5,5,5,5
103,675,677,668,667,662,663,648,648,692,687,674,667,653,661,658,658,687,664,692,669,680,663,659,670,706,693,697,694,672,674,681,673,703,694,700,687,688,691,685,678,715,725,703,707,705,688,685,698,712,728,701,703,700,705,698,682,707,720,709,712,708,712,715,683,6,6,4,5,4,5,4,6,6,5,5,6,5,4,5,5,8,6,7,5,5,5,5,5,9,5,6,5,6,5,6,6,8,5,5,6,5,4,5,6,8,9,5,7,6,6,6,5,7,7,9,7,7,6,6,6,8,8,7,8,7,7,7,11,5,5,5,5,5,5,5,5,5,5,5,5,5,5,5,5,5,5,5,5,5,5,5,5,5,5,5,5,5,5,5,5,5,5,5,5,5,5,5,5,5,5,5,5,5,5,5,5,5,5,5,5,5,5,5,5,5,5,5,5,5,5,5,5
104,697,675,675,667,663,659,662,653,686,683,686,667,660,671,650,658,696,682,677,688,678,677,661,667,702,700,682,689,678,671,688,677,708,686,700,695,685,689,676,674,711,710,712,697,693,695,685,682,716,726,695,703,698,709,684,704,733,702,713,719,695,710,697,698,7,6,6,6,5,5,6,6,6,6,5,5,5,5,4,5,9,8,6,7,5,5,5,5,6,6,5,6,5,5,6,8,8,5,5,6,7,6,6,6,6,8,6,6,6,6,6,7,8,12,7,9,6,8,7,9,10,10,7,8,7,8,7,17,5,5,5,5,5,5,5,5,5,5,5,5,5,5,5,5,5,5,5,5,5,5,5,5,5,5,5,5,5,5,5,5,5,5,5,5,5,5,5,5,5,5,5,5,5,5,5,5,5,5,5,5,5,5,5,5,5,5,5,5,5,5,5,5
105,674,682,676,655,658,664,658,657,694,691,670,665,669,667,662,653,673,689,678,680,677,678,667,657,713,695,692,682,674,672,674,671,702,699,694,685,694,663,675,682,702,700,709,704,686,692,676,687,737,714,708,707,695,709,690,682,713,726,705,705,712,703,705,691,7,5,5,5,5,4,5,5,7,7,5,5,5,4,4,4,6,7,6,6,5,6,5,6,7,6,6,5,4,5,6,6,7,6,4,5,7,5,6,6,6,5,7,7,6,5,7,5,8,8,8,8,7,8,7,7,11,11,6,8,9,7,8,11,5,5,5,5,5,5,5,5,5,5,5,5,5,5,5,5,5,5,5,5,5,5,5,5,5,5,5,5,5,5,5,5,5,5,5,5,5,5,5,5,5,5,5,5,5,5,5,5,5,5,5,5,5,5,5,5,5,5,5,5,5,5,5,5
106,668,666,682,657,666,661,655,664,691,694,689,669,664,661,663,663,682,683,678,693,680,665,673,666,704,689,684,684,685,678,673,676,692,702,703,689,680,687,680,673,717,722,704,706,690,694,688,687,711,724,693,703,716,687,688,694,720,702,713,723,715,709,714,707,6,6,6,5,4,5,5,5,8,5,5,5,5,4,5,5,9,9,6,5,4,5,5,6,6,4,6,5,5,5,6,7,7,6,5,6,6,6,5,7,6,7,6,6,7,6,6,8,7,10,8,9,8,7,7,8,9,9,7,9,7,6,7,16,5,5,5,5,5,5,5,5,5,5,5,5,5,5,5,5,5,5,5,5,5,5,5,5,5,5,5,5,5,5,5,5,5,5,5,5,5,5,5,5,5,5,5,5,5,5,5,5,5,5,5,5,5,5,5,5,5,5,5,5,5,5,5,5
107,670,671,674,663,656,666,657,637,680,676,683,681,666,668,660,666,676,685,684,682,675,671,663,666,702,690,685,684,681,680,666,669,698,708,687,689,691,691,688,686,703,707,711,702,699,697,682,678,714,716,705,697,706,689,701,700,723,738,707,715,714,704,710,680,6,6,5,4,5,5,5,5,7,4,4,4,5,5,5,5,7,8,5,6,5,5,5,5,7,6,6,5,4,5,5,7,8,6,6,6,6,4,5,7,6,8,6,5,7,6,7,6,6,7,7,7,6,6,6,9,8,10,6,9,7,7,7,11,5,5,5,5,5,5,5,5,5,5,5,5,5,5,5,5,5,5,5,5,5,5,5,5,5,5,5,5,5,5,5,5,5,5,5,5,5,5,5,5,5,5,5,5,5,5,5,5,5,5,5,5,5,5,5,5,5,5,5,5,5,5,5,5
108,691,673,679,670,656,656,663,659,692,687,686,672,667,660,659,662,697,684,686,669,671,666,666,659,701,684,695,687,679,683,679,669,718,700,698,685,694,680,673,682,727,701,691,705,693,681,683,675,714,734,701,712,699,704,703,678,741,713,721,695,705,704,707,717,7,6,6,6,5,6,6,5,7,5,5,4,6,5,6,6,10,7,7,5,4,6,5,5,7,5,7,5,5,5,6,5,10,6,6,6,6,6,6,7,7,7,8,6,7,6,7,6,8,10,7,8,5,8,6,8,9,10,8,9,6,7,7,14,5,5,5,5,5,5,5,5,5,5,5,5,5,5,5,5,5,5,5,5,5,5,5,5,5,5,5,5,5,5,5,5,5,5,5,5,5,5,5,5,5,5,5,5,5,5,5,5,5,5,5,5,5,5,5,5,5,5,5,5,5,5,5,5
109,676,675,676,663,667,657,660,648,667,676,670,666,668,662,660,662,682,704,691,671,674,673,675,673,690,682,678,678,675,680,677,666,719,703,693,691,687,686,688,682,703,707,705,699,706,678,688,678,720,713,717,718,707,701,680,695,718,720,717,713,703,697,708,710,6,5,5,6,4,5,5,6,6,5,6,5,5,5,5,5,8,5,5,6,5,6,4,6,8,6,6,5,5,5,6,6,7,6,5,6,6,6,5,6,6,6,5,5,6,6,5,6,9,8,7,8,7,7,7,8,10,8,6,8,7,6,9,11,5,5,5,5,5,5,5,5,5,5,5,5,5,5,5,5,5,5,5,5,5,5,5,5,5,5,5,5,5,5,5,5,5,5,5,5,5,5,5,5,5,5,5,5,5,5,5,5,5,5,5,5,5,5,5,5,5,5,5,5,5,5,5,5
110,681,681,683,673,667,655,665,662,692,685,678,672,671,661,658,661,702,686,686,687,674,673,667,662,698,689,696,684,680,682,674,668,704,706,700,684,691,677,667,662,700,699,700,695,696,696,684,669,699,713,712,700,690,699,689,690,726,727,694,712,713,686,694,705,7,5,6,6,5,5,5,9,6,6,5,5,6,5,6,6,7,7,5,6,5,7,5,5,8,6,7,6,6,5,7,6,9,6,5,6,7,6,5,7,7,5,6,7,7,5,6,6,7,7,7,7,6,6,6,10,12,9,7,7,6,7,7,18,5,5,5,5,5,5,5,5,5,5,5,5,5,5,5,5,5,5,5,5,5,5,5,5,5,5,5,5,5,5,5,5,5,5,5,5,5,5,5,5,5,5,5,5,5,5,5,5,5,5,5,5,5,5,5,5,5,5,5,5,5,5,5,5
111,672,682,671,656,658,654,643,670,694,676,679,672,669,665,655,663,701,696,683,681,671,672,668,677,703,696,695,684,682,678,670,669,689,695,696,691,690,677,687,675,718,707,706,705,678,690,691,679,712,718,711,705,697,691,686,684,735,739,705,694,709,710,706,699,7,6,4,6,4,5,5,5,6,5,5,5,5,5,5,4,8,7,5,6,4,5,4,5,9,5,5,5,4,5,5,6,7,6,6,5,5,5,5,6,8,5,6,5,6,6,7,6,8,8,6,8,6,6,7,8,10,10,7,10,6,6,8,16,5,5,5,5,5,5,5,5,5,5,5,5,5,5,5,5,5,5,5,5,5,5,5,5,5,5,5,5,5,5,5,5,5,5,5,5,5,5,5,5,5,5,5,5,5,5,5,5,5,5,5,5,5,5,5,5,5,5,5,5,5,5,5,5
112,690,682,685,663,663,666,651,658,695,688,672,673,664,664,664,659,695,690,685,667,673,671,672,657,709,690,694,683,680,676,679,684,716,700,696,692,683,683,683,672,713,706,693,704,694,683,687,687,714,713,715,700,700,700,691,698,740,744,717,717,715,706,712,671,8,6,6,6,5,5,5,5,7,5,4,5,5,5,5,5,10,8,5,5,5,6,4,5,7,5,7,5,5,6,7,6,6,6,6,6,6,5,7,5,7,8,5,7,7,5,8,7,8,9,6,8,7,7,6,9,9,14,7,8,9,6,7,10,5,5,5,5,5,5,5,5,5,5,5,5,5,5,5,5,5,5,5,5,5,5,5,5,5,5,5,5,5,5,5,5,5,5,5,5,5,5,5,5,5,5,5,5,5,5,5,5,5,5,5,5,5,5,5,5,5,5,5,5,5,5,5,5
113,682,669,671,667,656,659,660,653,691,681,675,678,668,662,662,658,679,680,687,682,676,669,669,662,705,695,677,689,678,687,668,675,701,703,691,697,685,687,679,669,716,712,700,693,693,703,688,686,710,685,699,692,689,689,684,704,721,713,711,725,719,683,703,688,6,6,6,5,4,4,6,5,6,6,5,6,5,4,4,5,7,7,6,5,5,5,5,5,6,5,5,5,4,5,5,5,8,5,4,7,6,5,6,4,7,8,6,8,8,6,5,6,10,7,7,7,5,5,6,7,7,10,8,11,7,6,6,12,5,5,5,5,5,5,5,5,5,5,5,5,5,5,5,5,5,5,5,5,5,5,5,5,5,5,5,5,5,5,5,5,5,5,5,5,5,5,5,5,5,5,5,5,5,5,5,5,5,5,5,5,5,5,5,5,5,5,5,5,5,5,5,5
114,683,676,675,664,668,660,656,651,679,672,682,670,674,668,655,654,685,683,688,681,670,677,667,667,696,697,700,690,685,678,671,665,704,713,691,694,693,693,690,675,719,697,699,708,702,702,703,684,710,719,709,705,702,704,687,708,727,739,725,708,708,707,708,691,7,6,6,5,4,4,5,6,6,5,5,5,6,5,5,5,8,6,8,6,5,6,6,6,8,5,6,6,5,5,6,6,7,6,6,6,6,5,6,6,6,6,7,6,10,5,6,7,7,9,8,7,7,6,7,8,9,11,9,8,8,6,8,15,5,5,5,5,5,5,5,5,5,5,5,5,5,5,5,5,5,5,5,5,5,5,5,5,5,5,5,5,5,5,5,5,5,5,5,5,5,5,5,5,5,5,5,5,5,5,5,5,5,5,5,5,5,5,5,5,5,5,5,5,5,5,5,5
115,684,683,666,671,654,656,661,656,683,678,674,670,674,669,663,658,690,675,678,684,671,677,679,668,692,678,684,685,685,689,673,678,701,700,686,685,690,683,680,665,713,702,703,709,691,688,690,688,719,719,720,697,680,689,696,691,718,713,713,706,708,705,696,734,7,5,5,5,4,5,5,7,7,5,4,5,5,5,6,5,6,6,6,6,5,5,5,5,7,5,6,5,5,4,5,6,7,6,5,6,5,5,6,6,7,7,5,6,7,8,6,8,6,9,7,6,6,6,5,8,10,11,6,9,8,6,6,15,5,5,5,5,5,5,5,5,5,5,5,5,5,5,5,5,5,5,5,5,5,5,5,5,5,5,5,5,5,5,5,5,5,5,5,5,5,5,5,5,5,5,5,5,5,5,5,5,5,5,5,5,5,5,5,5,5,5,5,5,5,5,5,5
116,676,692,659,670,659,659,661,662,680,692,681,671,668,672,670,656,702,682,678,679,676,675,670,659,705,696,692,681,682,675,678,664,724,699,691,686,679,674,675,673,711,690,710,701,689,695,682,668,712,709,714,706,704,703,705,693,728,729,718,719,711,708,710,712,6,6,5,5,4,5,5,6,7,7,5,5,6,5,5,5,8,7,6,6,4,6,5,5,5,6,6,5,5,5,6,5,10,4,7,6,5,6,6,6,7,5,7,7,7,5,7,6,8,9,7,9,7,6,7,8,10,12,7,10,7,6,6,12,5,5,5,5,5,5,5,5,5,5,5,5,5,5,5,5,5,5,5,5,5,5,5,5,5,5,5,5,5,5,5,5,5,5,5,5,5,5,5,5,5,5,5,5,5,5,5,5,5,5,5,5,5,5,5,5,5,5,5,5,5,5,5,5
117,677,671,679,664,667,669,664,663,686,679,677,661,655,662,661,658,687,686,676,672,671,680,674,667,700,694,682,684,690,685,667,677,705,698,697,687,690,688,676,673,728,713,701,686,690,694,680,686,714,728,720,698,708,700,689,691,718,735,727,716,712,707,705,690,6,6,5,6,4,4,6,5,6,4,5,5,4,5,5,5,6,7,6,6,4,4,5,5,6,7,7,5,6,5,5,6,6,5,4,6,5,6,6,5,8,5,6,5,7,5,7,7,8,8,6,8,6,5,7,6,7,10,9,8,6,6,7,10,5,5,5,5,5,5,5,5,5,5,5,5,5,5,5,5,5,5,5,5,5,5,5,5,5,5,5,5,5,5,5,5,5,5,5,5,5,5,5,5,5,5,5,5,5,5,5,5,5,5,5,5,5,5,5,5,5,5,5,5,5,5,5,5
118,692,675,666,670,656,649,656,656,689,678,685,672,673,673,664,655,675,683,679,679,681,673,668,663,694,712,689,687,687,682,674,668,717,700,698,695,690,687,686,677,715,714,707,709,703,692,697,678,727,723,710,712,701,698,704,690,736,716,711,690,706,706,692,702,6,5,6,6,5,5,6,6,6,6,5,6,6,5,5,5,7,6,6,7,6,5,4,5,8,7,7,5,5,5,6,6,8,5,6,6,6,6,5,5,8,7,6,8,6,7,7,7,8,10,9,11,6,7,6,8,10,9,8,8,9,6,7,14,5,5,5,5,5,5,5,5,5,5,5,5,5,5,5,5,5,5,5,5,5,5,5,5,5,5,5,5,5,5,5,5,5,5,5,5,5,5,5,5,5,5,5,5,5,5,5,5,5,5,5,5,5,5,5,5,5,5,5,5,5,5,5,5
119,673,670,677,679,654,648,661,652,683,687,669,675,672,661,656,656,693,684,683,686,677,672,658,669,697,691,697,685,679,682,668,678,695,695,701,695,690,689,673,686,714,697,703,689,698,687,692,684,698,723,711,700,700,701,701,685,732,709,720,708,713,701,700,711,6,7,5,6,5,5,5,5,6,5,4,6,5,5,6,4,7,6,6,6,4,5,6,5,7,5,7,5,5,5,5,5,8,5,6,4,6,6,5,6,7,6,4,7,6,7,6,6,6,9,6,7,6,7,6,6,11,9,7,8,10,8,6,9,5,5,5,5,5,5,5,5,5,5,5,5,5,5,5,5,5,5,5,5,5,5,5,5,5,5,5,5,5,5,5,5,5,5,5,5,5,5,5,5,5,5,5,5,5,5,5,5,5,5,5,5,5,5,5,5,5,5,5,5,5,5,5,5
120,668,672,683,661,657,668,653,651,695,688,682,671,670,670,664,663,701,673,678,683,669,664,670,669,709,699,710,680,685,679,672,671,705,698,701,687,682,688,679,676,709,702,709,707,699,698,689,693,728,721,701,709,705,694,679,691,723,724,713,716,696,686,697,704,6,7,5,5,4,5,5,6,7,7,5,5,6,5,5,5,7,6,6,7,5,6,5,5,7,6,6,5,6,5,5,6,10,6,4,6,6,5,6,8,6,7,6,6,6,5,7,8,7,9,8,6,6,7,6,9,8,9,7,12,7,6,8,15,5,5,5,5,5,5,5,5,5,5,5,5,5,5,5,5,5,5,5,5,5,5,5,5,5,5,5,5,5,5,5,5,5,5,5,5,5,5,5,5,5,5,5,5,5,5,5,5,5,5,5,5,5,5,5,5,5,5,5,5,5,5,5,5
121,677,668,669,666,658,660,651,664,671,664,678,672,675,671,657,655,695,688,687,684,675,672,676,665,700,701,689,684,685,676,666,665,700,707,689,695,695,686,676,667,727,706,700,694,701,689,697,689,727,715,711,698,710,705,694,689,718,732,724,705,702,701,698,695,6,6,4,5,5,5,4,5,6,4,5,6,5,5,5,5,7,7,7,7,4,5,4,5,5,6,6,5,6,5,5,6,8,6,4,6,5,5,6,5,7,7,6,7,6,5,6,8,7,10,7,7,7,6,6,8,7,9,8,8,8,7,6,13,5,5,5,5,5,5,5,5,5,5,5,5,5,5,5,5,5,5,5,5,5,5,5,5,5,5,5,5,5,5,5,5,5,5,5,5,5,5,5,5,5,5,5,5,5,5,5,5,5,5,5,5,5,5,5,5,5,5,5,5,5,5,5,5
122,682,672,664,664,667,658,652,656,692,674,678,677,671,663,660,663,683,686,692,674,669,675,668,661,693,695,684,692,685,670,658,674,705,709,694,689,684,692,683,668,705,706,712,688,678,691,677,684,713,706,712,714,688,689,703,692,729,717,715,715,709,709,703,681,8,6,5,5,5,5,5,6,6,5,5,6,5,5,5,4,8,8,6,6,5,6,6,5,7,5,5,6,5,5,5,5,7,7,6,5,5,6,5,6,6,6,6,8,6,6,7,8,8,7,7,7,8,6,9,8,11,10,8,10,6,8,8,10,5,5,5,5,5,5,5,5,5,5,5,5,5,5,5,5,5,5,5,5,5,5,5,5,5,5,5,5,5,5,5,5,5,5,5,5,5,5,5,5,5,5,5,5,5,5,5,5,5,5,5,5,5,5,5,5,5,5,5,5,5,5,5,5
123,671,672,668,653,655,664,651,651,691,678,685,676,663,659,663,663,690,681,675,675,667,664,665,653,704,679,696,695,686,675,677,670,708,701,695,700,683,678,676,675,714,703,708,695,696,696,688,681,713,715,709,698,702,691,696,691,718,738,713,721,712,699,702,698,6,6,5,6,5,5,5,5,6,5,4,5,5,4,5,5,8,7,5,5,4,5,5,5,8,5,5,5,5,5,7,6,7,4,5,5,6,5,6,5,6,6,6,6,6,5,6,6,7,9,6,6,6,6,5,8,8,11,7,10,6,6,7,11,5,5,5,5,5,5,5,5,5,5,5,5,5,5,5,5,5,5,5,5,5,5,5,5,5,5,5,5,5,5,5,5,5,5,5,5,5,5,5,5,5,5,5,5,5,5,5,5,5,5,5,5,5,5,5,5,5,5,5,5,5,5,5,5
124,680,678,668,652,662,660,651,648,696,672,678,660,673,661,665,657,691,697,694,676,673,677,670,664,697,692,701,689,681,679,691,664,707,695,692,689,693,687,686,675,713,716,703,697,687,689,681,694,725,709,725,703,705,694,683,694,736,721,714,706,725,703,696,700,7,5,5,6,4,5,5,6,6,6,6,5,5,4,5,5,7,7,6,6,5,6,5,6,9,5,6,5,5,6,6,6,8,6,5,7,6,7,5,7,7,6,7,6,8,6,6,8,6,8,8,8,7,6,6,6,9,13,8,8,7,7,9,12,5,5,5,5,5,5,5,5,5,5,5,5,5,5,5,5,5,5,5,5,5,5,5,5,5,5,5,5,5,5,5,5,5,5,5,5,5,5,5,5,5,5,5,5,5,5,5,5,5,5,5,5,5,5,5,5,5,5,5,5,5,5,5,5
125,672,675,672,669,654,669,648,646,691,677,683,670,665,665,666,661,687,695,680,682,678,672,667,669,693,691,686,681,678,681,672,669,696,697,697,691,689,691,677,686,714,707,716,699,701,693,697,684,729,717,704,694,691,711,698,691,725,723,713,696,702,696,704,678,7,6,5,5,5,5,5,5,6,5,4,5,5,5,5,5,7,8,6,6,4,5,4,5,8,5,5,5,4,6,6,5,8,5,5,6,5,6,5,5,6,7,8,5,6,5,6,8,7,8,7,7,6,7,8,9,9,8,7,8,6,6,6,8,5,5,5,5,5,5,5,5,5,5,5,5,5,5,5,5,5,5,5,5,5,5,5,5,5,5,5,5,5,5,5,5,5,5,5,5,5,5,5,5,5,5,5,5,5,5,5,5,5,5,5,5,5,5,5,5,5,5,5,5,5,5,5,5
126,685,675,662,657,658,659,664,652,686,672,690,675,674,659,664,678,688,692,686,666,688,674,660,656,698,698,701,690,679,675,675,657,706,706,702,695,688,675,681,666,708,710,709,692,698,691,686,673,721,706,714,703,704,691,673,689,731,723,717,704,709,708,701,707,6,5,6,6,4,5,6,7,7,5,5,5,6,5,5,7,8,8,5,6,4,6,5,4,8,6,6,5,5,4,6,6,8,7,6,7,6,6,7,7,7,6,7,8,6,6,6,6,8,7,8,8,7,5,7,11,8,15,6,9,8,7,7,12,5,5,5,5,5,5,5,5,5,5,5,5,5,5,5,5,5,5,5,5,5,5,5,5,5,5,5,5,5,5,5,5,5,5,5,5,5,5,5,5,5,5,5,5,5,5,5,5,5,5,5,5,5,5,5,5,5,5,5,5,5,5,5,5
127,687,665,664,667,652,659,653,645,691,677,684,679,668,663,661,652,687,697,681,675,676,679,668,662,700,683,680,683,687,673,674,674,698,708,692,687,686,684,680,671,704,708,711,706,691,694,685,679,711,723,718,705,700,699,697,686,734,713,707,711,715,704,699,703,6,5,4,5,4,6,5,5,7,6,5,4,5,5,5,4,8,7,6,5,4,5,5,5,7,5,6,5,5,4,5,5,7,6,6,6,6,6,5,6,7,7,6,6,7,5,5,7,9,10,7,7,6,7,7,8,7,10,6,9,8,5,7,10,5,5,5,5,5,5,5,5,5,5,5,5,5,5,5,5,5,5,5,5,5,5,5,5,5,5,5,5,5,5,5,5,5,5,5,5,5,5,5,5,5,5,5,5,5,5,5,5,5,5,5,5,5,5,5,5,5,5,5,5,5,5,5,5
128,670,679,657,667,671,662,658,648,686,691,674,658,673,671,656,655,697,693,670,684,671,667,659,661,706,688,693,683,693,672,667,666,690,703,694,682,696,678,683,681,715,706,699,702,703,692,688,682,711,720,687,703,696,706,700,688,727,709,703,722,711,696,699,672,5,5,5,6,5,5,5,6,6,5,5,4,6,6,5,5,7,7,6,7,5,6,5,5,7,6,7,6,6,6,5,5,8,6,6,5,7,6,7,6,7,8,7,7,6,5,6,7,10,9,7,7,8,7,6,7,10,11,6,10,10,6,7,9,5,5,5,5,5,5,5,5,5,5,5,5,5,5,5,5,5,5,5,5,5,5,5,5,5,5,5,5,5,5,5,5,5,5,5,5,5,5,5,5,5,5,5,5,5,5,5,5,5,5,5,5,5,5,5,5,5,5,5,5,5,5,5,5
129,673,682,675,670,661,662,657,644,688,681,685,671,657,664,663,648,686,684,693,673,671,671,666,665,698,686,687,682,683,674,679,659,690,698,699,692,687,687,685,676,707,716,707,706,699,696,674,686,711,712,718,697,686,700,687,695,726,729,728,706,709,703,698,685,6,6,5,5,4,4,5,5,5,5,4,5,5,4,6,5,7,6,4,5,4,6,5,5,7,5,6,5,5,5,5,6,6,5,5,5,5,5,5,5,7,6,8,7,5,5,7,7,7,9,6,7,6,7,7,7,10,8,8,10,7,7,6,12,5,5,5,5,5,5,5,5,5,5,5,5,5,5,5,5,5,5,5,5,5,5,5,5,5,5,5,5,5,5,5,5,5,5,5,5,5,5,5,5,5,5,5,5,5,5,5,5,5,5,5,5,5,5,5,5,5,5,5,5,5,5,5,5
130,677,682,660,662,667,663,645,658,678,694,678,675,655,669,667,648,687,688,691,678,679,676,670,670,704,698,691,704,677,670,682,662,704,705,700,695,688,684,673,674,710,713,707,710,702,695,682,681,700,694,704,716,697,705,703,703,695,718,710,723,713,703,703,701,7,7,6,6,4,5,6,6,6,5,5,4,5,4,5,5,9,6,6,6,5,5,6,5,7,6,6,5,6,5,5,6,6,6,5,6,6,6,5,6,9,7,6,8,7,6,9,7,7,9,7,10,6,6,7,9,12,9,7,10,6,6,8,10,5,5,5,5,5,5,5,5,5,5,5,5,5,5,5,5,5,5,5,5,5,5,5,5,5,5,5,5,5,5,5,5,5,5,5,5,5,5,5,5,5,5,5,5,5,5,5,5,5,5,5,5,5,5,5,5,5,5,5,5,5,5,5,5
131,684,682,665,665,660,663,644,653,684,690,680,664,665,667,663,652,691,691,684,685,674,663,677,664,691,702,684,691,682,681,667,669,708,699,701,697,694,689,689,675,717,704,700,709,701,692,681,680,714,708,704,696,704,695,694,689,717,737,716,716,710,711,703,707,6,6,5,5,5,5,5,5,6,5,5,5,5,5,5,5,8,7,5,6,5,5,5,5,6,5,6,5,4,5,6,7,7,5,5,6,6,5,5,6,7,8,5,7,6,7,7,7,7,7,8,6,6,6,6,7,8,10,7,8,7,6,7,10,5,5,5,5,5,5,5,5,5,5,5,5,5,5,5,5,5,5,5,5,5,5,5,5,5,5,5,5,5,5,5,5,5,5,5,5,5,5,5,5,5,5,5,5,5,5,5,5,5,5,5,5,5,5,5,5,5,5,5,5,5,5,5,5
132,676,676,668,670,662,661,657,658,686,673,676,676,667,662,666,643,687,701,686,674,671,679,667,667,698,693,694,697,687,683,680,675,689,705,686,699,686,688,686,679,703,694,698,708,698,683,676,683,723,716,713,705,703,695,702,686,733,713,728,723,705,699,694,667,7,6,6,6,4,5,5,6,6,4,6,4,4,5,5,5,9,8,5,6,4,5,5,5,8,6,7,6,6,5,7,6,10,6,5,5,6,6,6,6,6,6,6,6,6,5,7,7,9,8,8,9,8,6,9,8,11,12,8,10,8,8,8,15,5,5,5,5,5,5,5,5,5,5,5,5,5,5,5,5,5,5,5,5,5,5,5,5,5,5,5,5,5,5,5,5,5,5,5,5,5,5,5,5,5,5,5,5,5,5,5,5,5,5,5,5,5,5,5,5,5,5,5,5,5,5,5,5
133,682,678,664,671,658,661,653,653,680,674,681,669,666,666,661,663,695,695,684,672,665,663,675,665,685,688,696,693,681,672,659,668,709,702,708,693,684,694,676,678,715,701,708,700,689,694,681,679,734,705,714,704,710,699,695,701,732,718,708,705,695,697,701,684,7,5,4,5,5,4,5,6,5,5,4,5,5,5,5,5,7,7,6,5,4,5,5,4,6,4,7,6,4,5,5,4,7,5,5,6,5,6,6,6,6,6,6,6,7,6,7,7,9,7,7,7,7,7,8,9,10,11,5,8,6,7,6,11,5,5,5,5,5,5,5,5,5,5,5,5,5,5,5,5,5,5,5,5,5,5,5,5,5,5,5,5,5,5,5,5,5,5,5,5,5,5,5,5,5,5,5,5,5,5,5,5,5,5,5,5,5,5,5,5,5,5,5,5,5,5,5,5
134,681,674,676,675,661,662,666,650,684,680,677,672,669,660,657,654,690,705,680,683,679,686,663,675,687,690,679,691,682,682,674,662,715,699,696,706,694,680,664,667,723,713,707,687,691,693,665,686,716,714,709,713,699,700,691,689,722,732,701,717,700,712,701,690,7,7,6,6,5,4,6,6,6,6,5,6,6,5,6,4,7,8,7,6,6,5,6,6,7,6,6,6,5,5,6,7,9,5,7,6,7,6,5,5,8,7,6,6,7,6,6,7,7,9,7,6,6,7,8,6,12,11,6,10,9,8,10,9,5,5,5,5,5,5,5,5,5,5,5,5,5,5,5,5,5,5,5,5,5,5,5,5,5,5,5,5,5,5,5,5,5,5,5,5,5,5,5,5,5,5,5,5,5,5,5,5,5,5,5,5,5,5,5,5,5,5,5,5,5,5,5,5
135,682,684,677,661,663,663,657,650,683,680,679,671,655,657,668,654,695,690,684,680,682,667,670,673,692,686,695,685,681,665,680,668,704,699,706,698,684,680,678,684,717,709,715,699,697,688,696,679,721,715,714,713,712,688,696,669,718,712,721,708,694,704,685,677,7,5,5,5,4,4,5,6,6,5,5,4,5,4,5,5,6,7,4,6,4,6,4,5,7,6,7,5,5,5,6,6,6,6,5,6,5,6,4,6,7,6,7,5,6,5,8,6,9,7,6,8,7,6,7,8,7,10,7,11,7,7,7,10,5,5,5,5,5,5,5,5,5,5,5,5,5,5,5,5,5,5,5,5,5,5,5,5,5,5,5,5,5,5,5,5,5,5,5,5,5,5,5,5,5,5,5,5,5,5,5,5,5,5,5,5,5,5,5,5,5,5,5,5,5,5,5,5
136,679,683,668,663,664,655,655,645,685,678,687,666,679,667,669,670,703,676,686,664,662,675,675,662,706,691,698,682,682,678,668,673,703,703,687,706,689,678,681,682,707,693,705,689,692,691,676,683,722,709,709,706,693,695,693,692,722,719,699,706,699,714,690,720,7,6,5,5,6,6,6,5,7,5,5,5,5,5,5,6,10,7,5,6,4,6,5,5,6,6,5,6,5,5,6,7,8,6,5,6,5,6,5,6,6,6,5,7,7,5,7,7,9,8,9,8,7,8,7,8,10,10,7,9,8,7,7,11,5,5,5,5,5,5,5,5,5,5,5,5,5,5,5,5,5,5,5,5,5,5,5,5,5,5,5,5,5,5,5,5,5,5,5,5,5,5,5,5,5,5,5,5,5,5,5,5,5,5,5,5,5,5,5,5,5,5,5,5,5,5,5,5
137,672,681,663,667,657,650,655,655,682,688,684,667,658,665,657,648,687,689,682,679,680,661,675,665,686,698,683,678,691,674,674,679,698,697,691,687,692,696,679,688,705,705,692,709,699,690,689,685,706,722,709,705,702,707,703,690,737,717,710,721,704,708,723,708,5,5,5,5,5,5,5,5,7,6,6,5,5,5,5,5,8,7,6,5,5,5,4,5,7,6,5,5,6,5,5,6,8,5,6,5,6,6,6,6,7,5,6,6,7,5,6,7,8,7,6,7,6,8,6,8,8,12,5,8,6,6,9,13,5,5,5,5,5,5,5,5,5,5,5,5,5,5,5,5,5,5,5,5,5,5,5,5,5,5,5,5,5,5,5,5,5,5,5,5,5,5,5,5,5,5,5,5,5,5,5,5,5,5,5,5,5,5,5,5,5,5,5,5,5,5,5,5
138,684,680,667,672,661,653,659,654,678,676,678,670,674,663,660,661,698,702,677,681,671,668,662,667,698,682,678,678,686,683,678,674,716,689,693,693,696,693,679,685,701,713,706,706,690,691,695,691,713,710,700,707,706,700,692,691,704,729,717,686,711,718,708,700,7,5,5,6,5,5,5,6,6,5,5,5,6,5,5,5,6,7,6,6,4,6,6,5,7,6,7,6,6,6,6,6,8,6,6,5,6,6,6,7,6,7,6,8,7,6,6,5,8,9,10,7,7,8,8,8,10,11,7,8,6,6,8,11,5,5,5,5,5,5,5,5,5,5,5,5,5,5,5,5,5,5,5,5,5,5,5,5,5,5,5,5,5,5,5,5,5,5,5,5,5,5,5,5,5,5,5,5,5,5,5,5,5,5,5,5,5,5,5,5,5,5,5,5,5,5,5,5
139,683,668,672,668,656,663,649,654,681,677,686,671,669,655,660,669,698,684,686,692,678,671,658,659,703,700,679,683,682,675,678,669,717,703,694,697,689,682,669,666,708,701,688,689,696,685,685,689,708,733,712,688,698,691,703,697,735,710,711,705,710,708,691,692,6,7,5,5,5,5,5,6,5,5,4,5,5,4,4,6,6,6,5,5,5,6,5,6,6,6,6,5,6,5,5,5,8,5,6,6,6,6,5,6,6,6,6,7,8,5,8,7,7,7,6,6,6,5,7,9,7,13,7,7,7,6,7,11,5,5,5,5,5,5,5,5,5,5,5,5,5,5,5,5,5,5,5,5,5,5,5,5,5,5,5,5,5,5,5,5,5,5,5,5,5,5,5,5,5,5,5,5,5,5,5,5,5,5,5,5,5,5,5,5,5,5,5,5,5,5,5,5
140,675,674,669,671,670,657,651,663,688,679,679,666,665,667,665,652,682,684,673,676,672,667,654,653,694,691,685,686,683,676,666,682,703,694,694,689,690,680,684,677,688,704,708,695,698,688,682,697,703,710,705,699,697,699,696,701,725,743,712,721,698,698,697,705,6,7,6,5,5,4,5,6,7,5,5,5,4,5,4,4,8,8,6,5,4,5,5,6,8,6,6,6,5,5,6,7,8,5,6,6,5,6,5,6,7,6,7,7,8,6,7,8,8,8,6,6,7,6,6,8,10,13,7,9,8,8,8,11,5,5,5,5,5,5,5,5,5,5,5,5,5,5,5,5,5,5,5,5,5,5,5,5,5,5,5,5,5,5,5,5,5,5,5,5,5,5,5,5,5,5,5,5,5,5,5,5,5,5,5,5,5,5,5,5,5,5,5,5,5,5,5,5
141,686,688,669,677,662,662,661,654,681,688,669,666,668,666,660,656,691,690,681,675,681,671,673,665,703,697,684,684,686,668,659,659,717,688,695,692,695,681,680,677,718,697,717,697,701,695,676,685,722,723,687,685,683,698,686,689,716,708,706,714,720,706,707,709,6,5,5,5,4,5,5,6,6,6,5,5,5,5,5,4,6,7,6,5,5,5,4,5,6,6,6,5,5,5,5,6,9,6,6,7,7,6,5,6,7,6,6,5,6,5,6,7,6,9,6,6,7,6,7,8,7,8,7,7,8,6,7,10,5,5,5,5,5,5,5,5,5,5,5,5,5,5,5,5,5,5,5,5,5,5,5,5,5,5,5,5,5,5,5,5,5,5,5,5,5,5,5,5,5,5,5,5,5,5,5,5,5,5,5,5,5,5,5,5,5,5,5,5,5,5,5,5
142,676,679,675,676,666,662,650,656,689,684,671,667,660,662,666,654,679,676,677,687,679,673,671,658,694,700,683,681,678,680,673,682,718,691,692,684,676,686,679,676,715,714,703,701,701,695,685,685,723,714,704,709,709,699,674,693,724,713,725,704,718,708,711,662,8,5,6,6,4,5,5,7,6,6,5,5,5,5,5,5,7,8,6,6,5,6,4,5,7,5,6,5,5,5,7,7,8,5,6,7,5,6,6,6,6,7,6,7,7,6,6,8,8,11,10,8,7,7,5,8,8,13,7,11,6,7,9,14,5,5,5,5,5,5,5,5,5,5,5,5,5,5,5,5,5,5,5,5,5,5,5,5,5,5,5,5,5,5,5,5,5,5,5,5,5,5,5,5,5,5,5,5,5,5,5,5,5,5,5,5,5,5,5,5,5,5,5,5,5,5,5,5
143,666,667,669,671,652,662,656,658,689,677,676,669,676,666,663,659,690,686,692,668,677,665,669,663,695,684,692,682,679,679,679,658,705,704,691,684,695,688,680,677,709,704,710,698,692,688,693,697,705,717,708,699,704,698,694,675,740,727,721,710,707,706,693,697,7,6,6,5,5,4,6,4,7,5,6,5,5,4,6,5,7,6,4,5,5,5,6,5,7,4,7,5,5,5,6,5,9,5,6,6,6,6,6,5,8,6,6,6,8,5,7,5,7,8,6,6,7,6,6,9,13,9,7,9,7,7,9,13,5,5,5,5,5,5,5,5,5,5,5,5,5,5,5,5,5,5,5,5,5,5,5,5,5,5,5,5,5,5,5,5,5,5,5,5,5,5,5,5,5,5,5,5,5,5,5,5,5,5,5,5,5,5,5,5,5,5,5,5,5,5,5,5
144,681,678,676,670,670,658,653,658,675,680,665,671,673,669,657,656,693,688,688,671,683,684,661,671,696,693,691,701,688,674,671,669,693,707,694,694,684,692,690,676,726,707,697,711,688,704,696,683,707,708,712,713,694,707,688,692,741,716,707,707,703,697,709,687,7,6,5,5,4,4,5,6,7,6,5,4,5,5,6,5,9,7,5,6,4,4,6,6,9,5,6,5,6,5,5,6,8,6,6,6,6,6,6,6,8,7,6,7,8,5,7,7,8,7,9,7,6,8,7,7,9,13,6,7,6,8,8,14,5,5,5,5,5,5,5,5,5,5,5,5,5,5,5,5,5,5,5,5,5,5,5,5,5,5,5,5,5,5,5,5,5,5,5,5,5,5,5,5,5,5,5,5,5,5,5,5,5,5,5,5,5,5,5,5,5,5,5,5,5,5,5,5
145,673,672,670,673,665,657,652,644,683,676,666,669,674,664,660,653,679,682,680,685,670,678,666,667,707,697,682,681,679,678,671,667,706,706,695,700,688,682,684,675,725,700,700,702,693,695,670,683,728,713,716,692,698,688,689,700,720,731,722,722,711,698,702,699,6,5,5,5,4,4,4,5,6,5,5,5,5,5,5,4,8,7,5,6,4,4,6,5,7,5,6,4,5,5,5,5,6,5,5,6,5,5,7,7,7,7,6,6,7,5,6,6,12,8,7,7,6,5,7,8,8,11,8,9,9,6,9,8,5,5,5,5,5,5,5,5,5,5,5,5,5,5,5,5,5,5,5,5,5,5,5,5,5,5,5,5,5,5,5,5,5,5,5,5,5,5,5,5,5,5,5,5,5,5,5,5,5,5,5,5,5,5,5,5,5,5,5,5,5,5,5,5
146,691,671,669,682,661,660,655,652,698,692,682,666,662,660,668,660,685,690,688,677,669,662,663,656,697,690,694,684,683,678,675,676,714,708,689,688,689,693,684,673,712,699,704,693,694,695,686,688,734,723,718,711,702,705,691,682,734,730,717,706,702,700,709,682,10,6,5,7,4,5,5,6,7,5,5,5,5,5,5,5,8,7,5,6,5,5,6,7,7,7,7,5,5,5,6,6,8,6,6,6,6,7,5,6,7,7,6,8,8,6,6,7,9,8,7,7,5,8,8,10,7,9,7,7,8,7,8,9,5,5,5,5,5,5,5,5,5,5,5,5,5,5,5,5,5,5,5,5,5,5,5,5,5,5,5,5,5,5,5,5,5,5,5,5,5,5,5,5,5,5,5,5,5,5,5,5,5,5,5,5,5,5,5,5,5,5,5,5,5,5,5,5
147,679,688,676,662,655,665,655,642,687,678,676,674,664,668,661,663,682,685,676,672,674,662,665,658,703,692,697,683,692,682,676,663,721,697,695,697,689,689,677,672,704,699,718,686,702,684,694,684,720,715,710,703,702,702,690,688,736,732,713,694,693,704,720,697,6,5,5,5,5,5,6,5,5,5,4,5,5,4,6,5,7,7,6,6,4,4,5,5,6,5,5,5,6,5,6,6,8,6,5,5,6,6,6,5,6,5,7,5,6,6,7,7,9,8,6,6,6,7,6,9,11,9,7,8,6,6,5,11,5,5,5,5,5,5,5,5,5,5,5,5,5,5,5,5,5,5,5,5,5,5,5,5,5,5,5,5,5,5,5,5,5,5,5,5,5,5,5,5,5,5,5,5,5,5,5,5,5,5,5,5,5,5,5,5,5,5,5,5,5,5,5,5
148,674,680,673,669,656,666,660,631,685,680,678,672,675,668,654,670,701,686,675,688,673,661,674,651,690,698,693,679,694,687,672,668,701,697,697,690,682,683,678,681,716,718,698,708,705,697,690,669,720,716,718,708,693,702,693,708,718,729,712,719,695,704,706,707,7,7,5,5,5,5,5,5,6,5,5,4,6,5,6,6,7,6,6,7,5,4,5,6,6,6,6,6,5,6,6,5,8,6,5,6,5,5,6,7,9,7,5,8,7,6,8,6,8,8,6,7,6,6,8,9,8,9,7,9,7,7,8,9,5,5,5,5,5,5,5,5,5,5,5,5,5,5,5,5,5,5,5,5,5,5,5,5,5,5,5,5,5,5,5,5,5,5,5,5,5,5,5,5,5,5,5,5,5,5,5,5,5,5,5,5,5,5,5,5,5,5,5,5,5,5,5,5
149,676,678,664,664,661,658,664,645,679,684,670,663,669,667,656,660,695,669,675,677,678,671,669,672,701,687,693,682,684,676,676,665,712,716,700,698,678,681,672,669,715,701,700,707,690,688,682,689,721,719,708,699,687,678,712,698,721,721,713,704,712,710,711,687,5,5,4,5,5,5,6,5,6,6,5,5,5,5,5,5,7,7,6,6,5,5,4,6,8,5,6,5,5,5,5,5,8,6,5,6,5,5,5,5,8,6,6,6,6,6,6,6,7,7,6,8,5,7,6,7,8,9,8,10,6,7,8,10,5,5,5,5,5,5,5,5,5,5,5,5,5,5,5,5,5,5,5,5,5,5,5,5,5,5,5,5,5,5,5,5,5,5,5,5,5,5,5,5,5,5,5,5,5,5,5,5,5,5,5,5,5,5,5,5,5,5,5,5,5,5,5,5
150,684,684,669,671,661,665,659,650,685,689,677,672,666,667,662,666,689,682,685,678,676,667,669,659,698,699,694,682,683,673,674,663,708,705,697,693,689,671,682,668,692,717,704,699,686,678,678,696,720,708,713,695,702,712,696,686,713,738,711,724,715,708,697,698,8,6,5,5,5,5,6,5,5,6,4,7,5,5,4,5,8,6,6,7,5,5,5,5,5,6,7,5,5,5,7,6,6,5,6,7,6,5,5,7,7,8,5,6,7,6,7,7,9,7,8,7,7,7,7,12,10,10,6,9,7,8,7,14,5,5,5,5,5,5,5,5,5,5,5,5,5,5,5,5,5,5,5,5,5,5,5,5,5,5,5,5,5,5,5,5,5,5,5,5,5,5,5,5,5,5,5,5,5,5,5,5,5,5,5,5,5,5,5,5,5,5,5,5,5,5,5,5
151,676,684,668,675,664,658,656,658,692,683,669,670,657,656,669,658,689,689,685,678,679,666,665,671,705,693,683,682,683,674,673,660,689,706,706,691,682,679,677,666,711,708,700,707,693,687,694,686,718,711,706,696,700,686,686,682,723,729,709,713,723,707,700,691,6,6,5,5,4,5,5,5,5,6,5,5,5,4,5,5,7,6,6,5,5,5,4,6,7,5,6,4,5,5,5,6,7,7,5,6,5,5,6,6,7,7,5,8,8,6,7,7,8,9,7,6,6,6,6,7,9,13,6,6,6,5,8,12,5,5,5,5,5,5,5,5,5,5,5,5,5,5,5,5,5,5,5,5,5,5,5,5,5,5,5,5,5,5,5,5,5,5,5,5,5,5,5,5,5,5,5,5,5,5,5,5,5,5,5,5,5,5,5,5,5,5,5,5,5,5,5,5
152,679,673,663,668,657,655,657,658,686,679,669,679,667,662,659,659,687,700,689,672,678,666,664,653,695,687,699,687,685,682,673,676,712,702,699,685,684,689,685,674,702,702,708,707,702,690,676,691,728,693,710,698,703,692,698,692,718,713,701,729,705,715,711,702,7,6,6,6,4,5,5,7,6,6,6,6,5,5,6,5,9,8,5,6,5,5,5,6,7,5,8,5,6,5,6,6,9,6,5,5,6,5,5,7,7,7,6,7,8,5,7,5,7,11,7,7,7,6,6,8,11,12,6,6,8,7,9,11,5,5,5,5,5,5,5,5,5,5,5,5,5,5,5,5,5,5,5,5,5,5,5,5,5,5,5,5,5,5,5,5,5,5,5,5,5,5,5,5,5,5,5,5,5,5,5,5,5,5,5,5,5,5,5,5,5,5,5,5,5,5,5,5
153,681,673,677,668,660,662,659,656,697,675,673,687,672,668,662,651,694,691,688,675,681,670,671,663,711,690,680,685,686,675,666,673,698,708,691,693,691,692,680,676,701,713,713,694,696,692,682,687,717,708,712,691,690,696,695,693,720,714,707,698,705,694,707,687,5,5,5,5,4,5,6,6,7,6,5,7,5,5,6,4,7,7,5,5,5,5,5,6,8,5,5,5,4,5,5,6,8,6,5,6,6,5,5,6,7,8,7,5,7,5,6,6,10,8,6,6,5,6,6,8,9,12,6,10,9,7,7,10,5,5,5,5,5,5,5,5,5,5,5,5,5,5,5,5,5,5,5,5,5,5,5,5,5,5,5,5,5,5,5,5,5,5,5,5,5,5,5,5,5,5,5,5,5,5,5,5,5,5,5,5,5,5,5,5,5,5,5,5,5,5,5,5
154,666,672,663,660,663,653,650,657,680,671,678,671,670,667,661,661,688,684,687,671,677,660,659,659,695,694,698,688,680,678,676,682,707,688,697,693,691,681,676,673,705,697,710,688,694,689,679,679,716,704,691,710,702,705,700,688,712,724,713,713,709,713,705,682,6,5,6,5,4,5,5,9,6,5,5,6,6,5,5,4,9,8,7,6,5,5,5,6,8,5,6,6,5,6,6,7,8,6,5,7,6,5,5,6,6,6,7,7,7,5,7,7,9,8,9,7,7,8,7,9,7,19,7,9,9,7,7,12,5,5,5,5,5,5,5,5,5,5,5,5,5,5,5,5,5,5,5,5,5,5,5,5,5,5,5,5,5,5,5,5,5,5,5,5,5,5,5,5,5,5,5,5,5,5,5,5,5,5,5,5,5,5,5,5,5,5,5,5,5,5,5,5
155,681,681,661,677,669,655,653,658,686,701,680,668,667,667,666,663,693,697,682,680,669,667,660,666,708,695,688,689,683,674,682,668,716,705,694,696,698,685,678,677,713,706,695,707,706,689,692,692,721,710,701,709,700,708,693,696,709,734,722,715,706,704,709,701,7,6,4,6,4,5,4,5,7,5,5,5,5,5,5,4,6,8,6,6,4,5,5,5,6,6,5,5,5,5,5,7,10,6,4,6,7,5,5,6,7,7,5,6,6,6,6,8,7,9,8,8,5,7,5,7,11,10,8,8,9,6,9,8,5,5,5,5,5,5,5,5,5,5,5,5,5,5,5,5,5,5,5,5,5,5,5,5,5,5,5,5,5,5,5,5,5,5,5,5,5,5,5,5,5,5,5,5,5,5,5,5,5,5,5,5,5,5,5,5,5,5,5,5,5,5,5,5
156,671,675,675,668,660,662,649,656,676,685,675,667,676,666,660,672,696,681,687,676,673,672,664,669,695,678,690,670,681,686,676,668,704,704,697,693,681,689,670,681,707,697,700,706,698,685,692,682,722,707,701,699,709,689,686,696,715,727,710,689,705,696,701,684,8,6,6,6,4,5,5,6,6,6,6,6,4,6,6,6,7,7,5,6,5,5,6,5,8,6,7,5,5,5,6,6,7,6,5,7,6,5,5,6,6,6,6,7,7,6,6,8,9,9,7,7,7,7,7,8,10,11,8,11,7,8,8,11,5,5,5,5,5,5,5,5,5,5,5,5,5,5,5,5,5,5,5,5,5,5,5,5,5,5,5,5,5,5,5,5,5,5,5,5,5,5,5,5,5,5,5,5,5,5,5,5,5,5,5,5,5,5,5,5,5,5,5,5,5,5,5,5
157,689,684,675,657,658,662,656,662,678,676,676,673,667,659,656,658,694,691,681,691,674,671,675,673,678,686,690,689,688,681,672,680,709,695,696,684,690,674,679,677,718,713,703,689,700,695,690,689,718,709,696,703,709,693,692,703,715,717,715,704,702,707,694,714,8,5,5,5,4,5,5,5,7,5,6,5,5,4,5,5,6,7,6,6,4,6,4,5,6,6,7,5,5,5,6,5,8,7,4,5,5,5,4,5,7,5,6,6,6,5,7,7,8,7,6,7,6,6,8,10,6,9,7,8,6,8,6,12,5,5,5,5,5,5,5,5,5,5,5,5,5,5,5,5,5,5,5,5,5,5,5,5,5,5,5,5,5,5,5,5,5,5,5,5,5,5,5,5,5,5,5,5,5,5,5,5,5,5,5,5,5,5,5,5,5,5,5,5,5,5,5,5
158,686,668,673,672,656,662,650,653,686,681,672,673,681,658,664,649,683,685,689,678,675,662,667,659,700,695,701,684,681,676,679,661,701,690,689,680,687,682,673,676,713,707,720,697,689,699,684,685,713,714,710,696,698,696,688,682,728,720,720,718,706,702,709,690,8,6,6,5,5,5,5,7,7,5,5,5,4,5,4,5,8,7,5,6,5,5,5,6,6,6,6,6,5,5,6,6,8,7,5,6,6,6,6,6,8,7,5,7,7,5,6,7,9,9,6,8,7,6,7,8,11,14,7,9,6,8,8,17,5,5,5,5,5,5,5,5,5,5,5,5,5,5,5,5,5,5,5,5,5,5,5,5,5,5,5,5,5,5,5,5,5,5,5,5,5,5,5,5,5,5,5,5,5,5,5,5,5,5,5,5,5,5,5,5,5,5,5,5,5,5,5,5
159,675,673,672,667,658,662,652,648,674,672,676,675,674,663,655,669,688,685,694,671,671,665,667,660,690,683,698,685,677,669,680,671,710,694,700,694,685,691,688,683,725,707,710,707,686,695,678,681,731,703,703,702,701,694,700,690,724,719,719,716,699,701,697,699,6,6,6,5,4,5,5,5,7,4,6,5,5,5,5,6,7,7,5,6,4,5,5,5,6,5,6,5,5,5,6,7,8,7,5,6,5,7,5,6,8,7,5,6,6,6,6,7,8,10,6,9,6,7,5,7,7,14,9,9,7,6,6,13,5,5,5,5,5,5,5,5,5,5,5,5,5,5,5,5,5,5,5,5,5,5,5,5,5,5,5,5,5,5,5,5,5,5,5,5,5,5,5,5,5,5,5,5,5,5,5,5,5,5,5,5,5,5,5,5,5,5,5,5,5,5,5,5
160,681,670,663,666,663,657,661,662,688,680,674,668,661,663,671,656,683,692,689,679,670,670,657,664,687,683,692,679,682,668,685,673,714,703,690,691,685,685,669,683,719,714,701,700,688,694,686,681,726,715,701,696,698,697,710,704,734,712,706,725,700,698,691,678,7,6,6,6,6,5,6,6,6,5,6,5,4,4,5,5,9,8,5,7,4,5,5,6,7,5,8,4,5,4,5,7,9,6,6,6,6,6,6,6,7,6,6,6,9,5,7,7,6,7,7,7,6,7,7,9,11,13,6,8,7,9,5,9,5,5,5,5,5,5,5,5,5,5,5,5,5,5,5,5,5,5,5,5,5,5,5,5,5,5,5,5,5,5,5,5,5,5,5,5,5,5,5,5,5,5,5,5,5,5,5,5,5,5,5,5,5,5,5,5,5,5,5,5,5,5,5,5
161,695,676,676,669,661,650,670,653,675,677,673,676,677,663,659,650,686,695,680,689,674,669,663,663,709,703,696,680,683,680,680,679,698,693,704,695,686,685,678,676,724,708,699,710,680,686,691,683,718,716,705,711,706,696,702,688,712,722,722,693,703,696,701,719,8,6,5,6,5,5,5,6,7,5,5,4,5,4,5,4,6,7,6,5,5,5,6,5,7,5,5,5,5,5,6,6,9,6,5,6,6,5,5,5,8,7,5,6,5,6,6,7,8,9,7,7,6,6,9,6,8,11,9,9,6,6,8,11,5,5,5,5,5,5,5,5,5,5,5,5,5,5,5,5,5,5,5,5,5,5,5,5,5,5,5,5,5,5,5,5,5,5,5,5,5,5,5,5,5,5,5,5,5,5,5,5,5,5,5,5,5,5,5,5,5,5,5,5,5,5,5,5
162,697,685,677,657,665,657,658,660,685,683,680,674,667,669,669,663,686,685,688,673,673,670,663,674,704,682,699,688,678,681,666,673,708,702,704,706,693,690,679,679,696,708,696,705,691,704,692,692,712,713,716,702,697,699,709,688,720,722,725,727,713,703,691,710,6,7,6,6,4,5,5,6,7,6,5,6,5,6,6,5,8,6,5,6,5,5,6,6,8,6,6,6,5,5,6,6,8,6,5,6,6,5,6,7,7,9,7,6,8,6,7,5,8,9,11,8,6,7,9,8,10,13,8,13,8,8,6,9,5,5,5,5,5,5,5,5,5,5,5,5,5,5,5,5,5,5,5,5,5,5,5,5,5,5,5,5,5,5,5,5,5,5,5,5,5,5,5,5,5,5,5,5,5,5,5,5,5,5,5,5,5,5,5,5,5,5,5,5,5,5,5,5
163,676,674,670,666,660,659,652,646,701,681,675,676,667,661,665,659,689,683,689,679,682,672,671,665,698,693,700,683,683,676,671,661,691,695,702,688,693,678,671,688,704,697,704,711,687,692,699,690,726,715,706,711,686,703,685,662,717,726,718,707,698,689,708,688,7,5,5,5,5,4,4,5,6,5,5,5,5,4,5,5,8,7,5,6,5,6,5,5,7,5,7,5,5,5,6,6,7,5,4,5,7,5,6,6,6,6,5,6,7,7,6,6,9,8,7,7,5,7,7,8,9,13,7,7,6,6,6,15,5,5,5,5,5,5,5,5,5,5,5,5,5,5,5,5,5,5,5,5,5,5,5,5,5,5,5,5,5,5,5,5,5,5,5,5,5,5,5,5,5,5,5,5,5,5,5,5,5,5,5,5,5,5,5,5,5,5,5,5,5,5,5,5
164,690,685,670,668,661,659,643,658,666,684,682,664,665,657,653,659,684,689,678,677,681,668,670,665,704,698,691,686,694,688,664,671,709,705,687,688,675,679,681,694,708,696,701,701,701,688,688,683,725,709,715,702,701,702,701,680,715,719,718,708,698,700,699,693,8,5,6,6,6,5,6,6,6,5,6,5,5,5,5,5,8,7,7,5,5,5,5,5,7,6,7,6,7,6,6,7,7,5,6,6,5,5,4,6,6,5,6,6,7,5,6,7,7,7,6,7,6,7,7,9,8,12,7,10,7,7,6,13,5,5,5,5,5,5,5,5,5,5,5,5,5,5,5,5,5,5,5,5,5,5,5,5,5,5,5,5,5,5,5,5,5,5,5,5,5,5,5,5,5,5,5,5,5,5,5,5,5,5,5,5,5,5,5,5,5,5,5,5,5,5,5,5
165,687,680,672,663,655,657,658,658,687,682,686,670,676,657,668,661,692,696,685,677,666,669,663,668,688,692,675,685,676,675,679,662,698,700,706,696,696,675,672,671,719,708,708,694,689,680,680,686,707,718,704,708,712,688,710,704,713,731,717,712,701,697,706,693,6,5,5,5,4,4,5,5,5,5,5,6,5,4,4,5,8,6,5,6,4,5,5,5,8,5,5,5,5,5,5,5,8,6,6,6,6,5,5,6,6,7,5,6,6,5,7,7,8,10,7,8,5,8,6,10,9,8,6,8,7,7,8,12,5,5,5,5,5,5,5,5,5,5,5,5,5,5,5,5,5,5,5,5,5,5,5,5,5,5,5,5,5,5,5,5,5,5,5,5,5,5,5,5,5,5,5,5,5,5,5,5,5,5,5,5,5,5,5,5,5,5,5,5,5,5,5,5
166,699,683,678,661,665,649,638,649,667,670,677,673,678,659,666,653,695,685,682,677,674,679,661,654,701,691,695,676,687,674,660,658,710,707,685,700,681,680,681,676,715,710,711,699,687,697,687,680,713,724,705,695,703,695,700,685,736,705,715,711,714,710,695,707,6,6,5,5,6,6,5,6,6,5,5,6,5,5,4,4,9,7,5,6,5,6,6,5,10,6,7,4,6,5,6,7,7,6,7,5,5,6,5,7,6,6,7,6,8,6,8,7,7,8,9,5,7,6,6,10,13,10,7,9,8,7,7,12,5,5,5,5,5,5,5,5,5,5,5,5,5,5,5,5,5,5,5,5,5,5,5,5,5,5,5,5,5,5,5,5,5,5,5,5,5,5,5,5,5,5,5,5,5,5,5,5,5,5,5,5,5,5,5,5,5,5,5,5,5,5,5,5
167,666,672,669,669,656,662,661,652,685,676,680,663,672,660,662,658,692,677,675,691,670,668,667,666,705,698,698,681,678,670,673,679,715,708,690,698,700,688,689,681,714,708,707,703,690,684,683,675,709,716,724,700,699,695,695,677,715,744,724,733,717,694,702,701,4,5,5,5,4,5,5,6,5,5,5,5,5,4,6,5,7,6,5,5,5,5,6,5,6,6,8,5,5,4,7,5,7,6,5,5,6,5,5,6,7,7,5,6,7,5,6,6,9,8,6,7,7,7,7,7,10,11,7,9,6,7,8,17,5,5,5,5,5,5,5,5,5,5,5,5,5,5,5,5,5,5,5,5,5,5,5,5,5,5,5,5,5,5,5,5,5,5,5,5,5,5,5,5,5,5,5,5,5,5,5,5,5,5,5,5,5,5,5,5,5,5,5,5,5,5,5,5
168,681,665,679,671,661,665,654,654,667,676,669,668,666,668,660,671,696,690,678,680,673,665,668,665,699,691,696,686,679,675,682,681,706,689,685,688,689,689,686,692,714,701,704,700,701,700,680,660,723,716,698,711,706,696,701,693,722,721,722,718,704,700,705,701,7,6,6,6,4,5,4,6,6,5,5,5,6,5,6,5,8,8,6,7,5,5,6,5,7,5,6,5,5,5,5,6,7,5,5,7,7,7,6,8,8,7,5,5,7,6,5,7,7,8,8,7,6,8,8,8,10,9,7,10,8,7,7,14,5,5,5,5,5,5,5,5,5,5,5,5,5,5,5,5,5,5,5,5,5,5,5,5,5,5,5,5,5,5,5,5,5,5,5,5,5,5,5,5,5,5,5,5,5,5,5,5,5,5,5,5,5,5,5,5,5,5,5,5,5,5,5,5
169,674,681,667,663,660,664,650,647,684,685,676,672,673,670,661,664,693,698,684,682,684,679,675,654,685,690,696,690,694,685,671,681,705,696,696,690,702,693,678,688,700,701,701,719,703,694,691,680,704,725,713,692,702,700,690,680,737,718,717,719,699,697,703,702,5,5,5,5,5,4,5,6,7,6,5,5,4,4,5,5,8,6,5,6,5,6,4,6,7,5,5,5,6,5,6,7,6,5,6,6,5,5,5,7,5,6,5,7,6,5,7,7,6,9,6,7,6,7,6,8,9,7,6,10,8,5,7,8,5,5,5,5,5,5,5,5,5,5,5,5,5,5,5,5,5,5,5,5,5,5,5,5,5,5,5,5,5,5,5,5,5,5,5,5,5,5,5,5,5,5,5,5,5,5,5,5,5,5,5,5,5,5,5,5,5,5,5,5,5,5,5,5
170,676,668,677,671,676,657,654,652,683,678,673,684,676,668,663,655,699,697,672,677,693,681,670,669,713,696,693,681,677,667,682,673,705,707,689,698,686,682,685,675,707,709,703,690,700,687,685,669,724,717,699,714,698,705,694,679,730,705,718,719,713,712,713,694,7,5,6,5,5,5,5,6,6,5,5,5,5,5,6,5,9,7,6,6,4,5,4,6,8,6,6,6,5,5,6,5,8,7,6,5,7,5,6,6,7,7,6,7,9,5,5,7,6,8,9,6,7,6,6,8,10,10,7,9,8,6,7,15,5,5,5,5,5,5,5,5,5,5,5,5,5,5,5,5,5,5,5,5,5,5,5,5,5,5,5,5,5,5,5,5,5,5,5,5,5,5,5,5,5,5,5,5,5,5,5,5,5,5,5,5,5,5,5,5,5,5,5,5,5,5,5,5
171,677,666,676,654,665,660,660,656,695,673,676,680,669,664,659,659,676,692,675,679,672,663,666,664,694,685,691,681,680,681,672,664,684,704,685,688,692,695,683,662,713,701,704,701,692,700,677,677,716,708,704,697,705,692,695,691,737,733,704,723,704,707,711,696,6,5,5,5,4,5,5,6,6,5,5,4,4,4,6,4,8,8,5,5,4,4,5,5,7,5,5,5,4,6,6,5,6,6,4,5,5,5,5,6,6,7,6,6,7,5,6,6,8,7,8,7,6,5,5,9,10,9,8,7,8,8,8,12,5,5,5,5,5,5,5,5,5,5,5,5,5,5,5,5,5,5,5,5,5,5,5,5,5,5,5,5,5,5,5,5,5,5,5,5,5,5,5,5,5,5,5,5,5,5,5,5,5,5,5,5,5,5,5,5,5,5,5,5,5,5,5,5
172,659,676,672,674,668,670,640,658,680,687,681,672,675,664,659,646,677,687,687,683,679,672,664,670,692,696,687,682,679,671,676,672,704,695,688,697,693,686,683,678,700,704,698,705,698,698,684,687,713,719,714,700,709,691,698,682,727,743,716,720,707,695,699,690,6,5,5,6,5,5,5,7,7,6,6,5,5,5,6,6,8,7,6,6,5,6,5,6,7,5,6,5,5,5,6,5,9,6,6,5,7,6,7,5,7,6,5,6,9,6,5,7,7,9,7,8,8,5,6,7,10,10,7,10,8,7,8,11,5,5,5,5,5,5,5,5,5,5,5,5,5,5,5,5,5,5,5,5,5,5,5,5,5,5,5,5,5,5,5,5,5,5,5,5,5,5,5,5,5,5,5,5,5,5,5,5,5,5,5,5,5,5,5,5,5,5,5,5,5,5,5,5
173,674,675,665,675,657,659,655,652,691,672,669,669,671,660,660,665,700,676,682,683,672,671,659,656,702,699,680,685,677,685,674,664,706,696,704,691,696,686,688,681,717,713,698,702,701,688,691,682,710,717,704,710,699,693,702,685,705,725,717,709,713,702,704,718,7,5,4,5,5,4,5,6,7,5,5,5,5,4,5,5,6,7,6,7,4,5,5,4,8,5,5,5,5,6,6,6,6,5,5,5,6,6,5,6,6,7,7,6,7,7,6,7,8,8,8,8,5,6,6,7,11,11,8,9,6,7,7,26,5,5,5,5,5,5,5,5,5,5,5,5,5,5,5,5,5,5,5,5,5,5,5,5,5,5,5,5,5,5,5,5,5,5,5,5,5,5,5,5,5,5,5,5,5,5,5,5,5,5,5,5,5,5,5,5,5,5,5,5,5,5,5,5
174,685,676,664,666,662,666,646,652,689,689,677,666,664,663,671,655,675,682,688,685,673,679,664,658,693,685,686,682,687,670,668,665,709,701,697,696,688,691,686,686,713,708,712,688,700,686,684,680,727,711,726,716,698,698,701,680,728,714,728,717,703,710,712,707,7,7,6,6,5,4,5,7,5,6,5,5,5,4,5,5,8,8,7,5,5,5,6,5,7,5,7,5,6,5,7,6,11,5,5,6,6,6,5,7,6,8,7,6,6,7,6,7,7,7,9,7,6,5,6,9,9,14,8,8,7,8,7,10,5,5,5,5,5,5,5,5,5,5,5,5,5,5,5,5,5,5,5,5,5,5,5,5,5,5,5,5,5,5,5,5,5,5,5,5,5,5,5,5,5,5,5,5,5,5,5,5,5,5,5,5,5,5,5,5,5,5,5,5,5,5,5,5
175,669,683,675,669,664,658,657,646,691,676,683,668,678,663,667,665,688,668,682,690,682,664,664,667,694,691,707,688,688,679,672,663,692,697,702,688,674,684,680,675,710,699,701,696,697,695,693,678,721,735,699,707,699,702,684,695,733,731,711,702,714,702,694,683,6,5,5,5,5,5,5,4,7,5,5,5,6,4,5,6,6,6,5,6,5,4,5,5,8,5,6,5,5,5,6,5,8,5,5,5,5,5,5,7,6,7,5,8,7,5,6,6,6,10,7,7,7,7,7,9,10,10,6,7,8,7,5,14,5,5,5,5,5,5,5,5,5,5,5,5,5,5,5,5,5,5,5,5,5,5,5,5,5,5,5,5,5,5,5,5,5,5,5,5,5,5,5,5,5,5,5,5,5,5,5,5,5,5,5,5,5,5,5,5,5,5,5,5,5,5,5,5
176,685,671,678,665,667,664,653,645,674,673,687,675,670,667,673,655,695,684,687,672,673,663,667,673,699,696,703,682,679,676,677,665,695,694,699,701,696,675,685,677,717,712,707,702,692,679,681,681,708,719,720,707,709,711,687,694,725,725,714,706,698,701,681,700,7,6,6,6,4,4,5,7,7,5,6,4,5,5,6,5,7,7,5,6,4,5,6,6,9,5,6,5,5,5,6,5,7,7,6,5,6,6,5,6,8,6,6,6,7,6,8,7,7,9,6,7,7,9,7,9,11,11,8,8,9,9,9,11,5,5,5,5,5,5,5,5,5,5,5,5,5,5,5,5,5,5,5,5,5,5,5,5,5,5,5,5,5,5,5,5,5,5,5,5,5,5,5,5,5,5,5,5,5,5,5,5,5,5,5,5,5,5,5,5,5,5,5,5,5,5,5,5
177,690,681,674,680,666,652,652,656,693,676,681,678,675,665,661,652,691,692,684,671,679,663,666,668,713,691,675,679,679,674,667,671,711,697,694,689,686,672,684,658,717,704,702,697,694,695,684,679,708,717,705,687,698,696,679,689,724,715,718,699,701,700,717,700,5,5,5,6,4,4,5,6,5,5,5,4,6,4,5,4,6,6,6,6,4,5,5,5,7,6,5,5,4,5,5,6,7,6,5,6,5,5,5,6,6,6,6,6,6,6,6,6,8,8,7,6,6,7,5,9,8,11,7,8,8,8,8,13,5,5,5,5,5,5,5,5,5,5,5,5,5,5,5,5,5,5,5,5,5,5,5,5,5,5,5,5,5,5,5,5,5,5,5,5,5,5,5,5,5,5,5,5,5,5,5,5,5,5,5,5,5,5,5,5,5,5,5,5,5,5,5,5
178,687,680,662,671,655,656,649,649,691,671,675,671,669,657,660,660,691,690,677,679,673,668,667,667,704,692,690,689,692,682,680,668,721,709,696,690,685,685,678,679,722,716,696,710,698,687,671,686,710,720,699,714,692,683,707,691,711,702,703,721,701,689,692,696,7,6,6,5,4,4,5,6,7,5,5,5,5,4,5,5,6,8,6,5,5,5,5,5,8,6,6,6,6,6,6,6,10,7,6,7,7,6,6,6,7,5,6,8,6,7,7,5,8,8,9,7,6,5,9,7,9,12,6,10,7,7,6,9,5,5,5,5,5,5,5,5,5,5,5,5,5,5,5,5,5,5,5,5,5,5,5,5,5,5,5,5,5,5,5,5,5,5,5,5,5,5,5,5,5,5,5,5,5,5,5,5,5,5,5,5,5,5,5,5,5,5,5,5,5,5,5,5
179,679,674,665,671,659,649,656,652,699,681,689,670,666,670,661,657,681,688,680,675,677,673,667,656,706,680,689,678,685,683,673,669,716,695,694,696,698,688,677,690,705,712,695,693,694,681,684,682,729,704,713,703,700,688,690,674,729,705,717,708,711,705,690,693,7,6,4,5,5,5,5,6,7,6,4,5,5,5,5,4,9,7,6,7,5,5,5,6,7,5,6,5,5,5,5,6,7,6,6,6,6,6,6,5,6,8,5,7,8,6,6,6,7,7,6,8,6,6,6,9,9,10,7,8,6,7,9,10,5,5,5,5,5,5,5,5,5,5,5,5,5,5,5,5,5,5,5,5,5,5,5,5,5,5,5,5,5,5,5,5,5,5,5,5,5,5,5,5,5,5,5,5,5,5,5,5,5,5,5,5,5,5,5,5,5,5,5,5,5,5,5,5
180,699,676,672,672,667,666,646,655,691,684,678,679,662,670,666,652,690,690,683,688,682,671,665,660,698,700,687,682,686,683,677,680,699,699,694,695,690,695,682,681,692,704,712,707,689,688,672,687,710,704,699,708,696,689,694,687,714,724,706,723,704,712,698,671,7,8,5,5,4,5,5,5,7,6,5,5,5,5,5,5,8,6,5,7,5,5,6,5,8,5,6,5,6,6,6,7,9,6,6,7,5,8,5,7,6,6,7,5,7,7,7,7,11,9,7,6,6,6,6,8,12,10,5,10,7,7,8,18,5,5,5,5,5,5,5,5,5,5,5,5,5,5,5,5,5,5,5,5,5,5,5,5,5,5,5,5,5,5,5,5,5,5,5,5,5,5,5,5,5,5,5,5,5,5,5,5,5,5,5,5,5,5,5,5,5,5,5,5,5,5,5,5
181,686,683,672,665,666,652,660,659,694,681,674,671,675,664,662,657,704,691,675,686,672,681,683,663,693,690,687,690,679,672,674,653,701,706,681,700,686,692,688,675,726,710,711,697,699,679,684,682,728,713,707,695,704,690,702,704,711,694,702,708,702,702,711,691,6,5,5,6,5,4,4,7,7,5,5,5,5,5,6,4,7,7,5,6,5,6,5,5,7,6,7,6,5,5,4,6,8,6,5,7,6,6,5,6,7,6,6,6,6,5,6,6,7,7,8,6,6,6,6,10,9,10,6,7,7,7,7,9,5,5,5,5,5,5,5,5,5,5,5,5,5,5,5,5,5,5,5,5,5,5,5,5,5,5,5,5,5,5,5,5,5,5,5,5,5,5,5,5,5,5,5,5,5,5,5,5,5,5,5,5,5,5,5,5,5,5,5,5,5,5,5,5
182,689,672,669,671,657,651,647,656,683,675,673,681,678,660,665,655,690,702,683,682,673,672,665,659,708,699,689,682,692,678,671,671,703,691,689,690,697,675,684,683,725,710,700,702,698,692,682,681,712,713,694,703,695,684,695,690,709,714,709,688,706,709,707,716,7,6,6,6,4,5,5,6,6,5,5,5,5,5,5,5,7,9,7,5,4,5,5,5,7,5,6,5,5,5,5,6,10,6,6,6,7,5,5,7,7,6,5,6,9,6,6,6,7,9,8,9,6,7,8,10,9,12,6,8,7,8,8,13,5,5,5,5,5,5,5,5,5,5,5,5,5,5,5,5,5,5,5,5,5,5,5,5,5,5,5,5,5,5,5,5,5,5,5,5,5,5,5,5,5,5,5,5,5,5,5,5,5,5,5,5,5,5,5,5,5,5,5,5,5,5,5,5
183,674,669,674,662,666,653,653,658,689,669,681,669,680,664,661,650,689,681,679,689,665,668,662,669,694,694,683,687,676,676,673,671,716,703,700,692,691,686,674,675,708,710,709,697,700,682,698,687,705,724,712,700,697,694,696,676,726,721,715,726,700,700,704,687,6,6,6,5,4,4,5,5,6,5,5,5,6,5,4,5,7,6,6,7,4,5,6,5,7,5,6,5,5,5,5,5,8,6,5,6,7,6,5,6,7,8,6,6,9,6,6,7,7,9,6,7,6,6,5,9,8,10,6,10,6,6,7,9,5,5,5,5,5,5,5,5,5,5,5,5,5,5,5,5,5,5,5,5,5,5,5,5,5,5,5,5,5,5,5,5,5,5,5,5,5,5,5,5,5,5,5,5,5,5,5,5,5,5,5,5,5,5,5,5,5,5,5,5,5,5,5,5
184,680,681,672,666,670,652,666,653,697,687,672,662,664,660,656,669,688,703,680,677,676,656,673,669,696,704,689,690,682,666,684,676,707,696,685,688,684,684,674,684,713,690,705,702,681,690,671,671,707,705,706,696,702,690,695,708,719,723,717,710,706,711,696,686,7,6,5,5,5,6,5,5,7,6,5,5,6,5,6,6,7,9,5,7,5,5,4,6,6,6,6,5,5,5,5,6,7,5,5,6,7,6,5,6,7,6,6,6,7,6,7,6,7,6,7,6,7,6,7,8,9,9,7,9,6,7,6,11,5,5,5,5,5,5,5,5,5,5,5,5,5,5,5,5,5,5,5,5,5,5,5,5,5,5,5,5,5,5,5,5,5,5,5,5,5,5,5,5,5,5,5,5,5,5,5,5,5,5,5,5,5,5,5,5,5,5,5,5,5,5,5,5
185,680,663,667,665,660,655,644,652,678,688,677,669,666,659,653,657,678,690,681,678,678,665,668,661,703,692,686,684,683,671,662,662,713,700,702,692,689,680,677,675,718,703,704,694,694,680,687,685,722,723,706,709,702,691,707,687,734,703,724,712,707,703,705,694,6,5,5,5,5,6,5,7,7,5,6,5,4,4,5,5,7,6,5,6,5,6,5,5,6,6,6,5,5,5,5,6,7,5,5,5,5,5,6,7,6,6,7,6,7,5,7,6,9,8,6,7,7,7,6,7,9,12,7,9,7,6,6,9,5,5,5,5,5,5,5,5,5,5,5,5,5,5,5,5,5,5,5,5,5,5,5,5,5,5,5,5,5,5,5,5,5,5,5,5,5,5,5,5,5,5,5,5,5,5,5,5,5,5,5,5,5,5,5,5,5,5,5,5,5,5,5,5
186,676,681,667,670,663,655,645,655,688,685,676,672,665,670,667,654,691,679,685,674,685,678,669,663,690,695,699,684,684,679,662,661,725,701,697,692,689,681,690,682,710,711,705,700,697,683,684,698,705,714,700,697,696,692,700,688,738,715,710,710,724,710,692,684,7,6,5,5,6,5,4,6,6,6,6,6,5,4,5,5,9,7,6,5,6,6,4,6,7,6,7,5,6,5,6,7,9,6,7,7,6,5,5,7,7,7,5,7,6,6,6,5,7,8,7,7,7,6,6,8,11,9,6,10,7,7,6,12,5,5,5,5,5,5,5,5,5,5,5,5,5,5,5,5,5,5,5,5,5,5,5,5,5,5,5,5,5,5,5,5,5,5,5,5,5,5,5,5,5,5,5,5,5,5,5,5,5,5,5,5,5,5,5,5,5,5,5,5,5,5,5,5
187,686,676,676,673,658,665,660,657,694,675,681,665,666,663,659,658,695,682,690,667,673,663,672,662,706,700,701,693,685,679,669,673,712,694,698,695,701,687,676,678,700,708,704,701,697,680,696,686,734,700,705,713,687,699,696,698,715,733,711,729,715,699,710,681,7,5,5,5,4,5,4,6,7,5,4,5,5,5,5,5,6,7,6,5,4,5,4,5,5,6,6,4,5,5,6,5,8,5,5,6,6,6,6,6,7,7,6,7,6,7,7,7,9,7,8,6,6,7,8,8,9,12,6,8,5,6,8,13,5,5,5,5,5,5,5,5,5,5,5,5,5,5,5,5,5,5,5,5,5,5,5,5,5,5,5,5,5,5,5,5,5,5,5,5,5,5,5,5,5,5,5,5,5,5,5,5,5,5,5,5,5,5,5,5,5,5,5,5,5,5,5,5
188,675,673,670,665,660,662,650,648,678,670,671,676,664,666,655,657,688,683,693,699,678,674,663,662,705,688,681,674,686,669,663,681,704,697,694,694,693,684,684,672,710,723,704,703,697,693,684,686,722,712,711,703,690,688,693,695,734,703,707,723,704,696,709,701,7,7,5,5,5,5,4,6,6,6,6,6,5,5,5,5,8,7,5,6,6,6,6,5,11,6,5,5,5,5,5,6,9,7,6,6,6,5,8,6,7,6,6,7,7,5,7,7,7,10,5,7,6,6,9,7,8,12,8,9,10,6,8,10,5,5,5,5,5,5,5,5,5,5,5,5,5,5,5,5,5,5,5,5,5,5,5,5,5,5,5,5,5,5,5,5,5,5,5,5,5,5,5,5,5,5,5,5,5,5,5,5,5,5,5,5,5,5,5,5,5,5,5,5,5,5,5,5
189,682,691,664,662,661,666,659,653,691,679,680,663,663,663,661,652,687,697,685,676,678,677,664,660,700,682,686,689,683,678,682,658,710,700,693,694,683,682,676,667,698,714,707,700,691,697,684,682,722,717,710,705,701,697,692,693,722,709,710,718,706,692,706,698,7,6,5,5,4,5,5,6,6,5,4,5,6,4,5,4,7,6,6,5,5,6,5,6,8,6,6,5,5,5,5,7,7,6,5,5,6,5,5,6,7,6,6,6,7,5,5,6,8,7,7,7,6,6,6,8,9,11,6,7,8,7,7,10,5,5,5,5,5,5,5,5,5,5,5,5,5,5,5,5,5,5,5,5,5,5,5,5,5,5,5,5,5,5,5,5,5,5,5,5,5,5,5,5,5,5,5,5,5,5,5,5,5,5,5,5,5,5,5,5,5,5,5,5,5,5,5,5
190,679,681,677,673,663,660,649,647,682,678,678,679,670,661,662,657,684,685,679,672,684,671,661,668,695,705,689,689,692,681,673,668,707,711,702,692,686,682,669,681,711,712,720,702,691,671,688,674,723,705,701,709,690,704,701,706,734,729,720,693,719,712,716,710,6,5,6,6,4,5,5,5,9,6,5,4,6,5,5,5,9,6,7,5,5,6,5,6,9,6,7,6,6,5,6,6,7,7,5,7,7,5,6,7,7,6,8,7,6,6,6,5,6,10,8,6,6,8,8,8,9,9,8,10,6,6,8,9,5,5,5,5,5,5,5,5,5,5,5,5,5,5,5,5,5,5,5,5,5,5,5,5,5,5,5,5,5,5,5,5,5,5,5,5,5,5,5,5,5,5,5,5,5,5,5,5,5,5,5,5,5,5,5,5,5,5,5,5,5,5,5,5
191,678,665,676,666,663,661,650,659,677,687,673,661,668,662,659,653,675,675,677,682,677,675,669,667,699,697,694,684,676,675,668,667,715,701,696,689,685,681,674,678,709,703,703,705,698,690,679,689,715,718,695,701,706,692,699,676,719,716,718,710,715,686,711,695,6,5,5,5,4,5,5,7,5,6,5,4,6,5,6,5,6,7,5,7,4,6,6,6,7,5,7,5,5,5,5,5,8,6,5,6,6,6,6,6,6,6,7,6,6,6,6,5,8,7,7,7,6,6,5,5,10,11,6,8,8,6,7,10,5,5,5,5,5,5,5,5,5,5,5,5,5,5,5,5,5,5,5,5,5,5,5,5,5,5,5,5,5,5,5,5,5,5,5,5,5,5,5,5,5,5,5,5,5,5,5,5,5,5,5,5,5,5,5,5,5,5,5,5,5,5,5,5
192,677,683,671,661,669,670,665,652,676,687,685,675,666,663,659,656,704,696,680,681,672,670,658,665,702,712,697,688,679,675,667,670,711,697,698,700,683,682,678,688,711,722,695,694,693,689,694,701,720,735,713,706,698,700,702,691,713,729,714,712,696,696,689,683,8,5,6,5,5,5,5,6,6,6,5,5,5,5,5,4,6,7,6,7,5,5,5,5,7,7,6,5,4,5,5,5,6,7,7,6,5,5,5,7,8,11,6,6,8,7,7,7,10,8,6,7,6,7,7,9,9,13,7,9,7,8,7,14,5,5,5,5,5,5,5,5,5,5,5,5,5,5,5,5,5,5,5,5,5,5,5,5,5,5,5,5,5,5,5,5,5,5,5,5,5,5,5,5,5,5,5,5,5,5,5,5,5,5,5,5,5,5,5,5,5,5,5,5,5,5,5,5
193,671,681,667,665,663,658,658,660,670,682,669,669,673,658,664,659,681,673,685,681,681,661,660,663,700,693,693,687,684,675,677,667,687,703,691,699,687,690,673,684,707,710,701,695,691,683,690,677,715,705,715,692,701,688,689,696,723,710,716,710,708,708,700,682,6,6,5,5,5,5,6,6,6,5,4,6,5,4,4,5,7,7,4,6,5,5,5,5,6,5,6,5,5,4,7,5,8,6,6,5,6,6,5,6,5,8,5,7,6,6,6,6,6,7,6,7,5,6,5,9,10,10,7,9,6,6,7,11,5,5,5,5,5,5,5,5,5,5,5,5,5,5,5,5,5,5,5,5,5,5,5,5,5,5,5,5,5,5,5,5,5,5,5,5,5,5,5,5,5,5,5,5,5,5,5,5,5,5,5,5,5,5,5,5,5,5,5,5,5,5,5,5
194,677,674,671,669,669,666,656,655,678,686,673,679,668,661,657,666,672,687,683,681,671,674,662,659,706,694,689,686,676,669,672,670,702,704,691,697,691,681,677,673,711,706,707,700,698,684,682,684,728,708,706,705,698,693,689,684,728,703,710,715,694,707,695,702,8,6,6,5,4,5,6,5,5,6,4,6,5,4,5,6,7,6,5,6,5,6,5,5,6,6,5,5,5,5,6,6,7,6,6,5,7,6,7,5,6,7,8,8,6,6,7,8,9,9,7,7,7,6,8,8,11,11,7,8,8,7,5,11,5,5,5,5,5,5,5,5,5,5,5,5,5,5,5,5,5,5,5,5,5,5,5,5,5,5,5,5,5,5,5,5,5,5,5,5,5,5,5,5,5,5,5,5,5,5,5,5,5,5,5,5,5,5,5,5,5,5,5,5,5,5,5,5
195,679,676,662,668,666,661,649,654,684,673,682,675,669,660,660,655,689,679,686,683,680,666,672,665,690,702,696,670,699,668,671,671,703,703,695,685,683,688,678,663,707,707,695,709,692,685,694,679,718,732,700,706,703,692,698,696,722,707,703,718,711,700,702,693,7,5,5,5,4,5,5,6,7,5,5,5,4,5,5,5,9,6,5,6,4,5,6,4,7,5,5,4,6,4,6,5,9,6,5,5,6,5,4,6,7,7,6,6,7,7,7,7,7,6,7,7,5,6,7,8,9,11,8,8,7,6,7,10,5,5,5,5,5,5,5,5,5,5,5,5,5,5,5,5,5,5,5,5,5,5,5,5,5,5,5,5,5,5,5,5,5,5,5,5,5,5,5,5,5,5,5,5,5,5,5,5,5,5,5,5,5,5,5,5,5,5,5,5,5,5,5,5
196,680,670,652,664,659,652,664,653,675,680,673,666,675,674,660,657,690,689,677,687,675,670,663,661,712,690,688,683,693,677,672,689,708,705,700,705,683,676,687,675,718,707,717,693,695,697,687,693,726,738,712,694,700,684,687,699,729,704,720,722,710,697,706,689,7,6,5,5,5,6,6,5,7,5,6,5,7,4,5,5,10,7,6,5,5,6,5,5,9,6,7,6,5,5,6,5,9,6,5,6,5,5,6,6,6,8,8,9,6,5,6,6,9,8,5,7,7,6,8,8,10,9,6,9,9,9,9,13,5,5,5,5,5,5,5,5,5,5,5,5,5,5,5,5,5,5,5,5,5,5,5,5,5,5,5,5,5,5,5,5,5,5,5,5,5,5,5,5,5,5,5,5,5,5,5,5,5,5,5,5,5,5,5,5,5,5,5,5,5,5,5,5
197,680,678,685,668,651,659,649,658,679,673,671,667,663,668,665,666,682,700,688,674,667,666,676,663,689,683,682,690,690,681,673,662,695,698,698,687,691,691,684,674,709,710,708,706,702,686,684,672,733,715,714,712,695,697,691,692,728,725,723,716,709,707,698,722,6,5,6,5,5,4,5,5,5,6,5,5,5,5,5,5,6,7,4,6,4,5,6,4,6,5,5,5,5,5,6,6,7,6,6,6,6,5,5,7,6,5,7,7,6,6,7,6,7,9,8,7,6,7,8,8,11,12,7,9,7,6,6,14,5,5,5,5,5,5,5,5,5,5,5,5,5,5,5,5,5,5,5,5,5,5,5,5,5,5,5,5,5,5,5,5,5,5,5,5,5,5,5,5,5,5,5,5,5,5,5,5,5,5,5,5,5,5,5,5,5,5,5,5,5,5,5,5
198,682,680,665,661,665,648,655,664,680,683,684,663,675,664,649,658,694,684,685,686,669,672,679,660,704,687,681,684,688,672,670,670,687,700,693,696,687,688,686,675,726,714,702,694,701,686,699,680,729,711,713,691,696,715,684,697,734,723,717,713,697,703,704,701,7,5,5,5,5,5,5,5,6,6,5,5,6,5,5,5,9,6,6,7,4,7,5,5,6,6,5,5,6,4,7,6,7,5,6,7,6,6,5,6,9,6,6,6,6,7,6,7,7,9,7,7,5,7,7,10,8,11,6,10,7,5,6,7,5,5,5,5,5,5,5,5,5,5,5,5,5,5,5,5,5,5,5,5,5,5,5,5,5,5,5,5,5,5,5,5,5,5,5,5,5,5,5,5,5,5,5,5,5,5,5,5,5,5,5,5,5,5,5,5,5,5,5,5,5,5,5,5
199,673,680,669,667,652,657,653,659,688,674,675,664,668,661,657,657,682,696,673,677,678,669,665,662,697,695,690,683,686,679,684,670,707,706,685,696,682,700,680,665,706,701,701,699,681,690,680,683,710,704,731,679,696,692,707,695,725,711,717,703,712,695,708,705,6,5,4,5,4,6,5,4,7,5,4,5,5,4,4,4,8,7,5,5,5,5,5,6,9,5,6,5,5,7,5,5,8,6,6,5,6,6,5,5,5,6,6,8,6,6,6,8,8,7,7,6,6,5,7,7,12,9,7,7,8,7,8,10,5,5,5,5,5,5,5,5,5,5,5,5,5,5,5,5,5,5,5,5,5,5,5,5,5,5,5,5,5,5,5,5,5,5,5,5,5,5,5,5,5,5,5,5,5,5,5,5,5,5,5,5,5,5,5,5,5,5,5,5,5,5,5,5
