frame,dist_z0,dist_z1,dist_z2,dist_z3,dist_z4,dist_z5,dist_z6,dist_z7,dist_z8,dist_z9,dist_z10,dist_z11,dist_z12,dist_z13,dist_z14,dist_z15,dist_z16,dist_z17,dist_z18,dist_z19,dist_z20,dist_z21,dist_z22,dist_z23,dist_z24,dist_z25,dist_z26,dist_z27,dist_z28,dist_z29,dist_z30,dist_z31,dist_z32,dist_z33,dist_z34,dist_z35,dist_z36,dist_z37,dist_z38,dist_z39,dist_z40,dist_z41,dist_z42,dist_z43,dist_z44,dist_z45,dist_z46,dist_z47,dist_z48,dist_z49,dist_z50,dist_z51,dist_z52,dist_z53,dist_z54,dist_z55,dist_z56,dist_z57,dist_z58,dist_z59,dist_z60,dist_z61,dist_z62,dist_z63,sigma_z0,sigma_z1,sigma_z2,sigma_z3,sigma_z4,sigma_z5,sigma_z6,sigma_z7,sigma_z8,sigma_z9,sigma_z10,sigma_z11,sigma_z12,sigma_z13,sigma_z14,sigma_z15,sigma_z16,sigma_z17,sigma_z18,sigma_z19,sigma_z20,sigma_z21,sigma_z22,sigma_z23,sigma_z24,sigma_z25,sigma_z26,sigma_z27,sigma_z28,sigma_z29,sigma_z30,sigma_z31,sigma_z32,sigma_z33,sigma_z34,sigma_z35,sigma_z36,sigma_z37,sigma_z38,sigma_z39,sigma_z40,sigma_z41,sigma_z42,sigma_z43,sigma_z44,sigma_z45,sigma_z46,sigma_z47,sigma_z48,sigma_z49,sigma_z50,sigma_z51,sigma_z52,sigma_z53,sigma_z54,sigma_z55,sigma_z56,sigma_z57,sigma_z58,sigma_z59,sigma_z60,sigma_z61,sigma_z62,sigma_z63,status_z0,status_z1,status_z2,status_z3,status_z4,status_z5,status_z6,status_z7,status_z8,status_z9,status_z10,status_z11,status_z12,status_z13,status_z14,status_z15,status_z16,status_z17,status_z18,status_z19,status_z20,status_z21,status_z22,status_z23,status_z24,status_z25,status_z26,status_z27,status_z28,status_z29,status_z30,status_z31,status_z32,status_z33,status_z34,status_z35,status_z36,status_z37,status_z38,status_z39,status_z40,status_z41,status_z42,status_z43,status_z44,status_z45,status_z46,status_z47,status_z48,status_z49,status_z50,status_z51,status_z52,status_z53,status_z54,status_z55,status_z56,status_z57,status_z58,status_z59,status_z60,status_z61,status_z62,status_z63
0,873,873,865,856,865,873,865,865,882,890,879,876,879,849,852,865,883,887,879,878,879,869,858,861,886,891,874,881,872,875,865,868,909,898,911,884,881,885,875,881,910,910,905,900,870,899,890,880,898,899,918,902,889,910,869,898,942,935,915,873,898,898,892,919,7,8,5,6,6,6,6,9,8,7,6,6,6,5,6,6,10,9,7,7,6,6,7,8,8,7,7,7,6,6,8,7,11,7,6,6,8,6,8,7,8,9,7,8,9,8,10,9,8,11,11,7,8,8,8,12,12,11,9,14,8,7,7,31,5,5,5,5,5,5,5,5,5,5,5,5,5,5,5,5,5,5,5,5,5,5,5,5,5,5,5,5,5,5,5,5,5,5,5,5,5,5,5,5,5,5,5,5,5,5,5,5,5,5,5,5,5,5,5,5,5,5,5,5,5,5,5,5
1,894,869,878,869,850,862,853,865,877,888,883,874,875,860,861,857,876,894,880,866,864,880,872,860,895,882,879,883,876,871,871,856,898,899,890,882,899,882,865,880,906,907,906,899,905,897,888,896,893,914,915,904,893,888,887,872,916,913,915,913,897,894,886,862,7,8,7,7,5,7,6,9,8,6,7,8,9,7,7,8,10,9,9,8,5,6,8,9,11,8,8,6,9,7,6,8,10,7,7,6,8,6,7,7,9,8,6,8,12,8,9,8,7,11,10,8,9,7,9,10,10,17,8,12,8,9,9,18,5,5,5,5,5,5,5,5,5,5,5,5,5,5,5,5,5,5,5,5,5,5,5,5,5,5,5,5,5,5,5,5,5,5,5,5,5,5,5,5,5,5,5,5,5,5,5,5,5,5,5,5,5,5,5,5,5,5,5,5,5,5,5,5
2,877,879,871,867,861,858,864,858,898,877,882,889,869,873,872,852,900,903,873,885,870,870,877,873,877,883,899,875,872,876,866,864,890,907,893,878,890,883,879,866,915,898,918,904,890,898,870,884,899,910,914,924,897,890,910,905,933,900,915,926,892,891,901,899,6,6,6,8,6,7,7,7,8,6,6,6,6,5,8,6,13,9,6,7,6,6,9,7,11,7,8,6,6,8,8,9,9,6,6,6,7,6,6,8,8,6,6,8,8,8,9,8,10,17,10,9,7,6,10,11,11,12,10,11,9,8,7,17,5,5,5,5,5,5,5,5,5,5,5,5,5,5,5,5,5,5,5,5,5,5,5,5,5,5,5,5,5,5,5,5,5,5,5,5,5,5,5,5,5,5,5,5,5,5,5,5,5,5,5,5,5,5,5,5,5,5,5,5,5,5,5,5
3,883,871,867,859,868,856,859,873,877,890,873,862,877,868,872,858,882,879,870,869,890,866,870,874,901,893,895,891,889,866,869,865,909,899,890,904,883,879,884,877,905,906,905,906,885,893,897,866,928,901,897,904,892,874,897,882,914,885,905,878,881,882,891,899,10,8,6,7,6,8,5,8,11,7,6,7,5,8,6,6,17,10,7,8,6,6,6,7,8,7,6,6,9,8,6,7,13,8,6,8,8,9,7,7,9,8,7,11,10,9,7,10,12,10,9,11,9,7,8,13,8,20,9,12,9,9,13,20,5,5,5,5,5,5,5,5,5,5,5,5,5,5,5,5,5,5,5,5,5,5,5,5,5,5,5,5,5,5,5,5,5,5,5,5,5,5,5,5,5,5,5,5,5,5,5,5,5,5,5,5,5,5,5,5,5,5,5,5,5,5,5,5
4,877,872,863,861,870,853,854,843,877,883,879,865,862,872,876,850,883,878,884,873,872,871,871,870,893,903,879,889,878,871,879,885,894,908,903,890,880,881,877,869,908,904,897,897,891,898,884,883,914,940,896,907,892,910,876,881,921,925,906,908,899,905,905,877,7,7,7,7,6,6,7,7,8,6,8,7,6,5,6,7,11,8,7,7,6,7,7,7,7,5,7,5,7,6,6,8,13,6,8,8,8,6,6,6,9,9,9,9,8,8,8,7,8,11,8,8,9,8,7,8,9,15,9,12,8,7,8,24,5,5,5,5,5,5,5,5,5,5,5,5,5,5,5,5,5,5,5,5,5,5,5,5,5,5,5,5,5,5,5,5,5,5,5,5,5,5,5,5,5,5,5,5,5,5,5,5,5,5,5,5,5,5,5,5,5,5,5,5,5,5,5,5
5,884,878,865,876,849,860,851,860,883,874,871,888,854,861,854,862,886,887,886,875,868,859,864,868,899,887,897,891,877,871,864,867,924,891,893,898,885,902,874,867,924,909,912,900,887,892,874,895,933,935,906,902,888,890,895,880,940,927,927,905,917,908,901,873,8,9,6,7,7,9,8,8,6,9,6,8,8,5,7,6,12,11,6,8,7,10,5,6,8,7,7,7,6,7,8,6,9,7,6,5,10,7,8,9,9,11,9,9,9,9,6,11,12,14,8,12,7,8,11,13,9,12,11,12,7,7,7,19,5,5,5,5,5,5,5,5,5,5,5,5,5,5,5,5,5,5,5,5,5,5,5,5,5,5,5,5,5,5,5,5,5,5,5,5,5,5,5,5,5,5,5,5,5,5,5,5,5,5,5,5,5,5,5,5,5,5,5,5,5,5,5,5
6,871,879,868,864,862,857,857,826,880,887,878,876,870,857,865,871,891,898,885,907,865,862,854,859,905,894,875,885,873,884,891,869,899,895,896,873,884,874,887,896,905,900,899,890,868,885,898,859,916,919,903,894,895,884,884,902,930,914,912,901,899,901,895,892,6,8,7,8,6,6,8,6,8,7,7,6,9,5,6,7,9,7,7,7,6,7,7,8,9,8,8,6,7,5,9,11,13,7,6,6,8,7,6,9,9,7,6,7,8,7,8,8,10,10,10,9,6,7,8,14,11,13,9,12,9,8,9,22,5,5,5,5,5,5,5,5,5,5,5,5,5,5,5,5,5,5,5,5,5,5,5,5,5,5,5,5,5,5,5,5,5,5,5,5,5,5,5,5,5,5,5,5,5,5,5,5,5,5,5,5,5,5,5,5,5,5,5,5,5,5,5,5
7,896,888,870,862,874,868,871,853,877,885,880,866,871,862,862,866,902,907,884,877,878,875,877,871,900,889,887,894,894,891,866,881,900,908,891,894,878,878,867,864,915,909,911,892,908,891,884,900,915,905,892,901,903,888,906,874,933,918,915,901,897,902,893,910,7,9,7,7,6,8,6,8,9,7,7,7,7,6,7,6,10,10,6,9,7,7,7,7,9,8,8,7,7,6,8,8,10,8,7,10,8,8,8,8,9,6,9,8,10,7,9,9,9,12,9,7,7,8,10,12,12,14,9,12,8,10,10,23,5,5,5,5,5,5,5,5,5,5,5,5,5,5,5,5,5,5,5,5,5,5,5,5,5,5,5,5,5,5,5,5,5,5,5,5,5,5,5,5,5,5,5,5,5,5,5,5,5,5,5,5,5,5,5,5,5,5,5,5,5,5,5,5
8,872,880,877,861,858,840,852,843,874,880,869,864,882,864,858,862,886,886,873,888,867,866,873,850,890,888,883,875,876,873,873,878,890,902,896,896,887,880,889,877,917,905,892,896,893,887,880,894,896,906,916,907,896,906,891,852,915,918,922,890,892,890,881,4000,8,8,5,7,5,5,5,7,8,9,5,6,6,6,5,6,10,11,5,7,5,6,7,7,9,7,7,7,7,8,7,7,14,8,6,7,8,7,7,8,6,6,7,9,9,9,9,9,9,13,8,9,6,7,9,10,10,11,8,8,8,10,8,23,5,5,5,5,5,5,5,5,5,5,5,5,5,5,5,5,5,5,5,5,5,5,5,5,5,5,5,5,5,5,5,5,5,5,5,5,5,5,5,5,5,5,5,5,5,5,5,5,5,5,5,5,5,5,5,5,5,5,5,5,5,5,5,255
9,866,870,869,861,865,856,851,891,897,885,879,872,867,859,850,852,884,895,872,874,873,870,872,857,877,896,891,897,879,882,886,870,909,902,888,885,867,880,885,881,899,887,896,899,890,897,878,887,920,909,884,890,905,897,895,891,940,895,901,903,893,887,917,4000,10,8,6,8,7,8,9,8,8,7,7,6,6,5,5,6,11,11,10,7,8,7,8,6,10,8,6,7,8,7,8,9,11,7,5,5,8,6,7,6,11,8,8,9,11,7,8,11,8,9,8,11,8,7,10,13,12,11,8,14,7,8,8,16,5,5,5,5,5,5,5,5,5,5,5,5,5,5,5,5,5,5,5,5,5,5,5,5,5,5,5,5,5,5,5,5,5,5,5,5,5,5,5,5,5,5,5,5,5,5,5,5,5,5,5,5,5,5,5,5,5,5,5,5,5,5,5,10
10,877,890,860,863,858,847,850,847,883,879,887,875,865,861,867,851,888,885,876,879,864,866,859,854,903,908,890,876,876,885,867,883,929,891,881,904,893,875,881,884,909,897,882,882,882,878,869,871,909,910,909,895,898,892,894,924,938,883,897,886,889,894,886,894,7,8,7,8,7,7,7,7,7,6,6,5,7,6,6,8,10,10,6,7,6,7,6,7,9,6,8,6,7,6,6,7,11,8,7,7,7,8,8,9,9,8,7,7,9,7,9,7,8,15,9,7,5,9,9,13,17,12,7,11,7,8,8,17,5,5,5,5,5,5,5,5,5,5,5,5,5,5,5,5,5,5,5,5,5,5,5,5,5,5,5,5,5,5,5,5,5,5,5,5,5,5,5,5,5,5,5,5,5,5,5,5,5,5,5,5,5,5,5,5,5,5,5,5,5,5,5,5
11,881,873,886,869,866,857,874,856,891,880,884,870,856,854,858,867,896,890,875,885,883,865,870,871,900,897,891,879,892,878,854,862,894,898,895,882,870,880,871,887,908,885,899,897,888,893,891,872,905,909,907,913,895,885,884,885,913,906,914,912,897,891,905,894,10,6,7,6,6,8,8,8,8,7,7,7,6,7,6,6,12,8,6,6,9,7,6,6,10,7,7,7,8,7,8,9,8,10,6,7,7,8,7,10,10,10,8,9,9,9,6,8,9,13,9,9,8,8,10,9,11,14,10,8,8,8,7,35,5,5,5,5,5,5,5,5,5,5,5,5,5,5,5,5,5,5,5,5,5,5,5,5,5,5,5,5,5,5,5,5,5,5,5,5,5,5,5,5,5,5,5,5,5,5,5,5,5,5,5,5,5,5,5,5,5,5,5,5,5,5,5,5
12,871,866,879,877,860,848,842,847,877,885,885,874,867,874,861,855,895,874,889,866,882,879,867,870,914,884,893,885,870,869,874,855,912,896,894,898,897,883,882,863,900,904,903,897,897,875,885,885,907,916,915,910,903,907,879,890,948,916,912,911,908,904,895,933,8,7,5,7,6,6,6,7,7,6,7,6,6,6,7,6,10,11,8,8,5,6,7,8,7,6,6,7,7,7,7,7,15,7,6,6,7,7,8,7,9,6,6,9,9,7,8,9,7,9,7,9,6,7,7,9,15,14,10,16,7,8,11,34,5,5,5,5,5,5,5,5,5,5,5,5,5,5,5,5,5,5,5,5,5,5,5,5,5,5,5,5,5,5,5,5,5,5,5,5,5,5,5,5,5,5,5,5,5,5,5,5,5,5,5,5,5,5,5,5,5,5,5,5,5,5,5,5
13,901,879,864,855,864,870,860,861,882,897,872,879,866,865,858,850,890,893,912,879,884,866,877,866,905,897,896,891,872,876,883,870,898,913,893,904,879,873,863,868,906,920,899,893,905,875,891,878,916,903,894,901,895,884,883,883,925,911,910,899,910,887,912,893,7,9,6,7,7,8,6,8,7,5,6,6,7,7,6,7,21,8,9,8,8,6,8,6,9,6,7,9,7,8,7,7,12,7,7,7,9,6,8,9,10,13,7,10,10,7,10,9,11,11,11,10,8,7,9,14,12,21,10,10,11,7,9,16,5,5,5,5,5,5,5,5,5,5,5,5,5,5,5,5,5,5,5,5,5,5,5,5,5,5,5,5,5,5,5,5,5,5,5,5,5,5,5,5,5,5,5,5,5,5,5,5,5,5,5,5,5,5,5,5,5,5,5,5,5,5,5,5
14,884,873,870,870,855,848,851,850,892,860,880,869,867,865,868,853,876,899,870,872,879,867,869,866,880,886,874,872,877,874,877,877,905,906,890,876,909,880,865,864,908,905,903,894,899,884,879,882,938,895,894,915,891,902,884,886,936,902,909,923,912,894,902,885,9,8,6,7,6,7,7,7,7,7,7,6,6,5,6,6,9,10,8,6,5,7,6,6,9,6,8,6,5,8,8,8,10,6,7,7,7,7,8,8,11,7,8,9,10,8,8,7,13,10,8,9,7,7,8,13,10,19,10,12,10,6,7,17,5,5,5,5,5,5,5,5,5,5,5,5,5,5,5,5,5,5,5,5,5,5,5,5,5,5,5,5,5,5,5,5,5,5,5,5,5,5,5,5,5,5,5,5,5,5,5,5,5,5,5,5,5,5,5,5,5,5,5,5,5,5,5,5
15,879,868,866,879,867,869,871,847,882,879,881,856,852,863,863,859,899,885,862,866,886,868,864,858,891,908,899,879,887,876,862,839,909,907,896,894,888,881,878,859,915,911,914,889,901,874,876,888,907,904,899,896,889,899,889,868,944,898,902,910,917,903,886,894,8,7,8,9,7,8,7,9,10,7,7,8,7,5,7,10,8,10,6,8,5,5,7,6,8,6,8,7,9,8,7,9,11,6,7,6,9,6,7,8,10,6,7,8,12,7,8,12,9,11,9,11,7,8,8,13,8,16,10,18,10,10,10,15,5,5,5,5,5,5,5,5,5,5,5,5,5,5,5,5,5,5,5,5,5,5,5,5,5,5,5,5,5,5,5,5,5,5,5,5,5,5,5,5,5,5,5,5,5,5,5,5,5,5,5,5,5,5,5,5,5,5,5,5,5,5,5,5
16,883,877,884,866,867,856,853,860,892,884,878,873,859,855,863,858,883,876,878,886,867,861,863,859,893,896,893,891,877,883,859,873,897,916,894,894,881,886,882,857,906,893,894,891,896,900,882,872,908,900,897,917,897,894,888,890,935,936,912,901,894,887,897,888,10,7,6,8,6,6,6,8,8,6,6,6,7,6,6,5,10,8,9,7,6,7,7,8,9,7,6,6,8,6,8,9,12,6,7,6,8,6,7,6,9,8,6,8,7,9,7,9,10,10,8,9,9,8,7,12,9,13,8,9,8,9,12,24,5,5,5,5,5,5,5,5,5,5,5,5,5,5,5,5,5,5,5,5,5,5,5,5,5,5,5,5,5,5,5,5,5,5,5,5,5,5,5,5,5,5,5,5,5,5,5,5,5,5,5,5,5,5,5,5,5,5,5,5,5,5,5,5
17,872,873,861,878,856,876,858,850,893,892,879,878,852,853,851,860,905,873,878,880,870,874,863,861,889,893,889,878,868,877,864,863,895,885,893,882,880,880,877,867,921,906,900,882,877,889,897,898,904,897,899,901,892,903,903,873,912,931,928,881,884,892,905,876,7,10,7,6,5,8,8,8,8,8,7,6,7,5,7,7,11,13,8,7,7,7,7,7,8,8,8,6,7,9,7,10,9,7,6,7,8,7,7,9,12,9,8,10,10,7,9,7,8,13,8,10,9,8,10,10,12,12,10,13,9,10,9,26,5,5,5,5,5,5,5,5,5,5,5,5,5,5,5,5,5,5,5,5,5,5,5,5,5,5,5,5,5,5,5,5,5,5,5,5,5,5,5,5,5,5,5,5,5,5,5,5,5,5,5,5,5,5,5,5,5,5,5,5,5,5,5,5
18,878,878,882,863,864,852,853,855,880,886,874,882,858,870,862,838,910,890,886,860,879,867,864,864,900,899,899,882,859,889,860,859,911,881,894,896,891,873,890,886,906,905,910,893,902,887,890,886,897,889,905,899,897,888,883,903,916,953,901,897,897,909,905,903,7,7,8,8,5,7,7,7,8,7,5,6,8,6,6,5,9,8,7,8,7,6,8,5,7,6,7,7,6,8,8,9,12,6,7,8,7,6,7,7,9,5,7,8,10,6,7,7,12,13,9,11,9,6,6,14,9,17,6,12,7,9,6,20,5,5,5,5,5,5,5,5,5,5,5,5,5,5,5,5,5,5,5,5,5,5,5,5,5,5,5,5,5,5,5,5,5,5,5,5,5,5,5,5,5,5,5,5,5,5,5,5,5,5,5,5,5,5,5,5,5,5,5,5,5,5,5,5
19,880,873,863,868,862,864,853,850,899,882,877,873,866,863,859,848,888,904,885,874,864,855,851,835,892,889,890,879,866,867,882,879,894,903,902,884,888,888,889,882,905,899,898,871,894,870,886,879,925,892,929,899,904,896,887,889,895,940,902,897,892,892,874,4000,8,8,6,8,6,7,8,7,10,7,6,6,9,5,6,7,13,10,9,9,6,6,7,6,7,7,8,7,7,7,8,8,7,8,6,7,9,7,7,9,9,8,7,8,8,8,8,9,10,11,7,9,8,7,10,11,10,11,6,12,8,11,9,20,5,5,5,5,5,5,5,5,5,5,5,5,5,5,5,5,5,5,5,5,5,5,5,5,5,5,5,5,5,5,5,5,5,5,5,5,5,5,5,5,5,5,5,5,5,5,5,5,5,5,5,5,5,5,5,5,5,5,5,5,5,5,5,255
20,877,893,865,868,863,849,845,867,901,871,889,875,863,862,863,854,878,870,880,887,882,872,867,866,895,899,903,884,886,877,874,876,926,897,906,886,889,879,870,882,897,888,891,900,881,891,884,876,904,936,902,891,893,889,892,894,922,880,902,923,905,905,889,4000,10,7,6,8,6,6,6,8,7,6,5,7,5,7,7,5,9,8,7,7,6,7,5,6,10,8,8,5,8,7,7,7,10,7,7,6,8,6,7,8,7,6,7,8,8,7,8,7,8,12,9,9,8,7,8,10,9,15,8,11,9,9,8,20,5,5,5,5,5,5,5,5,5,5,5,5,5,5,5,5,5,5,5,5,5,5,5,5,5,5,5,5,5,5,5,5,5,5,5,5,5,5,5,5,5,5,5,5,5,5,5,5,5,5,5,5,5,5,5,5,5,5,5,5,5,5,5,10
21,890,889,880,871,859,849,858,852,866,886,876,882,866,867,863,855,889,900,882,869,871,861,858,868,895,892,891,881,899,874,861,868,913,906,899,886,879,884,874,887,905,894,902,891,877,881,891,887,930,904,912,889,894,881,888,898,910,945,919,907,892,895,907,859,8,9,6,9,6,7,8,9,10,7,6,7,8,6,7,7,13,8,7,7,7,8,5,7,10,7,7,6,8,6,8,8,10,8,6,10,8,7,6,8,9,8,7,8,9,9,9,11,12,11,11,10,8,9,8,14,12,16,8,9,9,9,6,22,5,5,5,5,5,5,5,5,5,5,5,5,5,5,5,5,5,5,5,5,5,5,5,5,5,5,5,5,5,5,5,5,5,5,5,5,5,5,5,5,5,5,5,5,5,5,5,5,5,5,5,5,5,5,5,5,5,5,5,5,5,5,5,5
22,878,881,873,873,857,868,848,854,892,887,875,871,865,868,861,856,871,878,881,870,876,863,863,870,903,899,911,883,880,876,881,867,889,898,885,903,882,879,881,877,895,893,895,918,897,889,880,880,904,919,919,908,905,900,897,885,913,919,917,895,913,901,910,843,8,7,7,8,5,10,6,7,8,7,7,6,7,5,7,7,9,7,7,6,7,8,6,6,11,8,8,7,7,7,7,9,11,8,7,6,8,9,7,9,7,7,7,7,8,7,8,8,9,12,8,9,11,7,10,8,8,10,7,10,10,9,9,22,5,5,5,5,5,5,5,5,5,5,5,5,5,5,5,5,5,5,5,5,5,5,5,5,5,5,5,5,5,5,5,5,5,5,5,5,5,5,5,5,5,5,5,5,5,5,5,5,5,5,5,5,5,5,5,5,5,5,5,5,5,5,5,5
23,889,870,865,867,869,859,848,844,893,883,876,878,869,866,861,858,897,892,886,885,866,873,863,853,894,897,879,890,880,891,862,881,899,910,882,893,891,890,872,889,879,914,895,904,894,881,877,863,911,927,919,898,889,894,875,875,949,906,901,896,891,877,911,899,9,9,8,9,7,7,8,7,9,6,7,7,9,6,7,7,10,10,9,8,6,6,7,7,10,9,8,9,7,7,7,10,11,7,7,7,9,9,6,8,9,9,7,10,9,9,7,8,9,13,9,9,8,6,9,11,12,18,9,11,12,8,11,14,5,5,5,5,5,5,5,5,5,5,5,5,5,5,5,5,5,5,5,5,5,5,5,5,5,5,5,5,5,5,5,5,5,5,5,5,5,5,5,5,5,5,5,5,5,5,5,5,5,5,5,5,5,5,5,5,5,5,5,5,5,5,5,5
24,895,861,878,871,863,863,861,843,879,878,866,867,862,869,866,863,882,864,884,882,874,874,872,858,896,893,885,889,877,868,878,871,873,893,877,886,881,887,872,882,901,911,902,882,888,890,895,876,914,911,922,895,894,901,878,889,929,940,919,916,901,889,903,858,9,7,5,6,5,6,6,6,8,6,7,6,7,5,6,6,10,8,7,7,7,7,7,6,8,9,9,5,6,6,7,7,13,6,6,9,7,6,6,8,8,7,7,7,9,7,9,8,9,16,9,10,6,7,6,11,11,10,8,9,8,9,7,20,5,5,5,5,5,5,5,5,5,5,5,5,5,5,5,5,5,5,5,5,5,5,5,5,5,5,5,5,5,5,5,5,5,5,5,5,5,5,5,5,5,5,5,5,5,5,5,5,5,5,5,5,5,5,5,5,5,5,5,5,5,5,5,5
25,861,878,871,881,875,859,857,848,875,875,876,873,870,858,866,861,896,905,889,879,875,869,859,867,901,888,892,885,875,886,872,868,889,890,899,883,902,874,872,869,902,894,922,903,905,902,878,879,911,909,895,899,897,898,887,890,914,959,914,890,894,913,903,855,8,6,5,8,6,8,8,8,8,9,7,7,7,6,7,6,11,11,7,7,8,8,7,9,11,6,7,7,7,6,7,11,9,7,8,8,8,6,8,9,8,8,7,9,10,7,7,10,14,12,11,9,9,8,9,10,8,13,8,12,10,6,12,19,5,5,5,5,5,5,5,5,5,5,5,5,5,5,5,5,5,5,5,5,5,5,5,5,5,5,5,5,5,5,5,5,5,5,5,5,5,5,5,5,5,5,5,5,5,5,5,5,5,5,5,5,5,5,5,5,5,5,5,5,5,5,5,5
26,892,884,859,871,857,851,857,839,888,885,881,873,863,879,866,866,890,898,878,870,869,875,865,854,904,901,900,882,882,880,857,857,879,909,896,887,890,882,884,864,915,901,890,894,890,886,888,879,910,892,921,890,892,886,884,882,934,923,909,918,903,900,895,890,9,7,6,8,6,6,8,6,10,7,6,6,8,6,6,7,10,7,5,8,7,6,6,7,10,7,6,6,7,6,7,10,8,6,6,7,7,5,6,8,11,8,8,7,8,6,8,8,10,9,10,9,7,7,7,12,15,13,8,11,9,9,9,21,5,5,5,5,5,5,5,5,5,5,5,5,5,5,5,5,5,5,5,5,5,5,5,5,5,5,5,5,5,5,5,5,5,5,5,5,5,5,5,5,5,5,5,5,5,5,5,5,5,5,5,5,5,5,5,5,5,5,5,5,5,5,5,5
27,883,865,879,861,859,852,859,871,880,878,879,861,864,857,871,860,887,882,884,880,877,870,866,870,895,889,877,890,879,868,863,873,906,898,910,907,885,874,870,859,925,900,893,885,905,899,885,882,917,911,901,871,880,905,884,900,946,949,917,940,893,906,885,869,11,7,7,8,7,6,7,12,8,6,7,6,8,5,7,7,10,9,7,8,7,6,8,8,10,8,9,6,7,7,7,12,12,7,7,7,10,8,6,6,10,7,8,8,8,8,9,9,13,11,9,10,6,9,6,14,14,15,8,16,9,12,11,19,5,5,5,5,5,5,5,5,5,5,5,5,5,5,5,5,5,5,5,5,5,5,5,5,5,5,5,5,5,5,5,5,5,5,5,5,5,5,5,5,5,5,5,5,5,5,5,5,5,5,5,5,5,5,5,5,5,5,5,5,5,5,5,5
28,871,869,873,859,864,864,854,842,883,878,876,880,864,858,858,861,890,892,881,880,877,862,870,859,893,888,892,891,884,880,879,872,901,906,888,903,887,872,874,885,898,894,903,906,900,886,886,870,930,918,909,895,905,905,899,891,902,919,909,891,897,909,905,907,7,7,7,7,6,6,7,6,9,7,5,7,8,6,6,7,9,9,7,7,7,7,7,6,8,7,6,6,6,6,7,8,12,6,6,6,9,7,7,8,8,7,6,11,8,8,8,7,9,16,8,9,7,8,8,11,9,10,9,9,8,8,7,16,5,5,5,5,5,5,5,5,5,5,5,5,5,5,5,5,5,5,5,5,5,5,5,5,5,5,5,5,5,5,5,5,5,5,5,5,5,5,5,5,5,5,5,5,5,5,5,5,5,5,5,5,5,5,5,5,5,5,5,5,5,5,5,5
29,874,881,870,863,871,863,846,845,884,891,887,870,866,869,865,843,881,881,898,888,879,874,860,868,886,893,877,883,886,891,871,871,907,895,894,893,888,874,893,877,899,903,899,892,906,890,887,880,916,909,898,898,887,907,905,887,948,910,908,915,896,889,880,880,9,8,6,8,7,8,9,9,10,7,7,6,9,6,7,7,14,9,8,7,6,7,6,7,11,7,8,6,8,7,9,11,13,9,6,8,9,7,7,8,10,12,7,9,10,6,9,13,9,14,9,6,8,9,8,20,9,14,10,16,8,10,7,18,5,5,5,5,5,5,5,5,5,5,5,5,5,5,5,5,5,5,5,5,5,5,5,5,5,5,5,5,5,5,5,5,5,5,5,5,5,5,5,5,5,5,5,5,5,5,5,5,5,5,5,5,5,5,5,5,5,5,5,5,5,5,5,5
30,888,866,857,860,866,846,860,859,880,865,880,873,877,875,848,864,888,888,873,885,871,863,863,855,892,882,904,889,878,882,872,875,885,901,892,892,887,882,883,869,911,917,894,905,876,875,884,881,916,901,886,920,900,884,891,892,909,895,918,901,890,886,907,897,8,6,7,7,6,6,7,7,8,6,7,6,6,6,6,7,9,10,6,7,6,7,6,6,7,7,8,5,9,6,6,9,9,7,7,9,6,6,6,7,9,9,8,9,7,8,8,9,9,10,9,9,8,8,9,16,8,21,6,13,8,7,10,17,5,5,5,5,5,5,5,5,5,5,5,5,5,5,5,5,5,5,5,5,5,5,5,5,5,5,5,5,5,5,5,5,5,5,5,5,5,5,5,5,5,5,5,5,5,5,5,5,5,5,5,5,5,5,5,5,5,5,5,5,5,5,5,5
31,897,873,874,868,874,844,853,838,890,872,876,879,887,868,865,859,889,877,889,889,872,853,865,851,882,890,876,870,868,873,875,860,901,900,896,890,901,894,883,879,896,906,905,891,890,894,878,874,910,916,912,902,890,896,901,894,941,904,910,886,904,908,907,889,11,9,7,9,6,6,7,8,9,7,7,6,7,6,8,7,11,9,7,8,7,6,6,7,8,8,9,7,6,7,8,8,10,7,7,6,7,7,9,8,11,10,8,7,7,8,9,8,10,10,11,10,8,8,9,13,17,20,12,9,10,9,10,15,5,5,5,5,5,5,5,5,5,5,5,5,5,5,5,5,5,5,5,5,5,5,5,5,5,5,5,5,5,5,5,5,5,5,5,5,5,5,5,5,5,5,5,5,5,5,5,5,5,5,5,5,5,5,5,5,5,5,5,5,5,5,5,5
32,887,876,868,858,867,848,859,855,900,880,870,874,849,866,864,855,873,873,871,866,863,873,872,865,896,896,896,880,876,871,876,882,900,893,898,874,881,887,875,885,934,902,897,886,872,881,883,889,901,897,912,886,898,894,887,894,925,904,890,893,885,902,889,884,8,7,7,7,6,6,8,8,9,7,5,5,5,5,7,7,11,8,8,7,5,6,6,6,7,6,7,6,7,7,6,9,11,7,7,8,8,6,8,7,9,7,8,8,9,7,9,10,7,10,12,10,7,6,7,13,12,13,8,11,12,9,7,15,5,5,5,5,5,5,5,5,5,5,5,5,5,5,5,5,5,5,5,5,5,5,5,5,5,5,5,5,5,5,5,5,5,5,5,5,5,5,5,5,5,5,5,5,5,5,5,5,5,5,5,5,5,5,5,5,5,5,5,5,5,5,5,5
33,861,870,863,864,865,875,856,843,885,882,878,879,861,859,857,861,885,878,885,862,876,860,866,853,892,885,908,885,875,879,866,856,907,883,900,881,876,882,882,872,911,907,890,891,889,895,882,877,912,892,904,902,885,903,894,891,931,932,909,905,898,883,875,908,8,6,8,8,6,7,7,9,10,7,7,8,7,6,8,7,8,10,8,8,6,6,6,7,8,8,8,6,8,10,7,7,13,6,7,6,7,6,7,10,9,8,7,12,8,10,8,8,9,12,9,9,10,8,7,12,14,9,9,14,10,7,10,14,5,5,5,5,5,5,5,5,5,5,5,5,5,5,5,5,5,5,5,5,5,5,5,5,5,5,5,5,5,5,5,5,5,5,5,5,5,5,5,5,5,5,5,5,5,5,5,5,5,5,5,5,5,5,5,5,5,5,5,5,5,5,5,5
34,878,884,867,853,877,856,849,828,892,869,875,875,865,867,846,867,874,877,877,863,869,869,871,865,908,893,891,884,875,878,878,865,919,900,884,888,893,893,869,874,910,889,895,894,873,885,891,894,918,920,916,898,915,900,889,892,911,945,915,906,916,902,903,897,7,10,9,7,5,7,7,7,11,7,6,6,7,6,6,8,10,8,9,9,7,8,6,6,8,9,9,6,7,6,9,10,15,6,7,9,7,7,7,10,9,6,8,10,8,7,7,7,8,11,8,8,7,7,9,12,9,17,8,11,10,9,8,16,5,5,5,5,5,5,5,5,5,5,5,5,5,5,5,5,5,5,5,5,5,5,5,5,5,5,5,5,5,5,5,5,5,5,5,5,5,5,5,5,5,5,5,5,5,5,5,5,5,5,5,5,5,5,5,5,5,5,5,5,5,5,5,5
35,890,869,860,877,868,847,870,852,895,880,883,870,873,864,859,863,884,883,875,881,873,877,859,851,907,891,886,871,870,889,862,864,901,905,894,884,905,880,864,866,902,919,883,903,885,888,890,872,898,911,909,899,894,887,881,887,938,904,913,915,909,896,882,880,10,7,7,7,6,6,8,8,9,7,6,6,7,6,6,8,10,8,9,7,7,7,6,8,11,8,9,6,7,8,6,8,11,8,6,7,8,9,8,8,9,8,9,11,8,6,8,9,11,12,13,9,7,9,11,14,14,18,8,11,10,8,7,19,5,5,5,5,5,5,5,5,5,5,5,5,5,5,5,5,5,5,5,5,5,5,5,5,5,5,5,5,5,5,5,5,5,5,5,5,5,5,5,5,5,5,5,5,5,5,5,5,5,5,5,5,5,5,5,5,5,5,5,5,5,5,5,5
36,887,880,875,871,858,869,857,842,877,877,885,876,877,862,858,854,881,895,873,881,876,866,862,862,889,886,890,870,886,864,870,870,910,903,907,887,882,877,867,890,916,926,894,896,901,884,886,877,893,913,899,910,894,890,896,894,926,915,913,911,901,885,902,879,9,8,7,8,6,7,5,6,9,5,6,6,7,5,6,5,9,8,8,8,7,6,6,10,9,8,7,6,7,6,6,12,13,8,7,7,8,7,7,6,9,8,6,10,9,6,7,9,8,8,8,9,8,9,7,13,10,11,6,11,7,7,10,12,5,5,5,5,5,5,5,5,5,5,5,5,5,5,5,5,5,5,5,5,5,5,5,5,5,5,5,5,5,5,5,5,5,5,5,5,5,5,5,5,5,5,5,5,5,5,5,5,5,5,5,5,5,5,5,5,5,5,5,5,5,5,5,5
37,887,879,882,860,876,856,867,860,877,869,889,882,872,858,863,858,878,888,862,868,874,857,867,851,895,895,874,881,884,874,880,875,895,883,896,880,905,888,897,885,908,919,910,898,889,882,891,867,904,923,917,905,893,907,876,886,934,881,924,905,899,895,910,910,9,11,11,6,4,7,7,8,10,7,8,9,6,5,5,6,14,10,9,8,7,7,6,7,8,8,8,6,7,8,7,11,8,7,8,8,6,10,6,8,12,11,8,10,8,7,11,9,8,12,14,9,8,9,6,15,8,18,7,12,10,9,10,13,5,5,5,5,5,5,5,5,5,5,5,5,5,5,5,5,5,5,5,5,5,5,5,5,5,5,5,5,5,5,5,5,5,5,5,5,5,5,5,5,5,5,5,5,5,5,5,5,5,5,5,5,5,5,5,5,5,5,5,5,5,5,5,5
38,890,872,868,867,861,865,845,847,872,877,874,866,866,862,862,851,894,880,886,875,886,871,858,865,890,892,886,885,876,874,869,856,905,886,894,880,899,886,872,873,920,900,904,891,886,903,895,876,925,895,896,890,891,890,897,876,931,926,929,888,902,899,892,894,10,7,7,7,5,6,7,8,8,6,7,6,8,6,6,7,9,9,7,7,6,5,6,9,9,7,6,5,7,5,6,8,11,7,6,6,6,6,7,6,8,8,7,9,8,8,7,9,9,10,9,7,10,8,9,16,12,13,9,9,9,9,9,15,5,5,5,5,5,5,5,5,5,5,5,5,5,5,5,5,5,5,5,5,5,5,5,5,5,5,5,5,5,5,5,5,5,5,5,5,5,5,5,5,5,5,5,5,5,5,5,5,5,5,5,5,5,5,5,5,5,5,5,5,5,5,5,5
39,882,872,869,862,868,855,844,871,880,893,887,868,871,873,864,855,885,882,869,874,871,867,875,862,888,897,878,876,882,866,883,870,917,902,896,887,893,878,887,871,924,911,904,897,893,894,874,878,906,929,925,902,908,893,889,890,925,918,896,928,893,894,906,899,9,8,5,7,6,8,6,7,7,7,7,6,7,5,7,7,13,11,8,8,6,7,7,7,8,9,10,7,8,7,8,12,12,9,7,9,6,9,8,7,8,8,6,8,8,7,7,10,8,11,12,8,7,10,10,10,14,19,7,13,8,9,8,17,5,5,5,5,5,5,5,5,5,5,5,5,5,5,5,5,5,5,5,5,5,5,5,5,5,5,5,5,5,5,5,5,5,5,5,5,5,5,5,5,5,5,5,5,5,5,5,5,5,5,5,5,5,5,5,5,5,5,5,5,5,5,5,5
40,862,859,885,867,866,852,864,845,893,881,877,874,869,861,836,863,878,898,888,865,871,873,863,857,890,886,887,886,887,867,854,861,893,897,892,903,885,882,880,867,912,888,894,888,894,892,889,878,913,904,907,904,887,896,892,880,932,931,909,908,909,903,897,890,11,6,7,7,6,8,5,9,6,8,7,6,6,6,6,6,7,9,7,6,6,6,5,8,8,8,7,6,6,7,8,8,10,7,6,8,7,7,7,7,7,7,8,8,9,7,7,9,8,17,11,8,7,7,7,14,10,11,9,13,9,8,8,38,5,5,5,5,5,5,5,5,5,5,5,5,5,5,5,5,5,5,5,5,5,5,5,5,5,5,5,5,5,5,5,5,5,5,5,5,5,5,5,5,5,5,5,5,5,5,5,5,5,5,5,5,5,5,5,5,5,5,5,5,5,5,5,5
41,885,895,879,868,866,846,861,851,887,877,877,875,862,864,866,859,886,905,879,870,880,869,865,871,918,891,885,883,874,865,862,856,898,895,897,894,888,872,891,866,895,897,895,897,916,897,881,875,905,901,894,904,884,898,879,874,931,932,902,908,891,896,894,885,9,8,6,8,6,8,7,7,8,6,6,7,7,6,7,6,8,10,6,7,7,7,6,7,10,7,10,6,8,7,7,8,11,7,7,8,7,8,5,9,8,9,9,9,10,8,9,8,9,10,10,7,8,7,10,12,11,13,9,15,10,9,13,10,5,5,5,5,5,5,5,5,5,5,5,5,5,5,5,5,5,5,5,5,5,5,5,5,5,5,5,5,5,5,5,5,5,5,5,5,5,5,5,5,5,5,5,5,5,5,5,5,5,5,5,5,5,5,5,5,5,5,5,5,5,5,5,5
42,888,882,866,878,860,865,844,857,893,865,888,874,865,870,853,863,893,881,882,879,877,866,877,870,883,898,875,874,885,875,867,860,899,904,867,892,885,891,871,886,918,907,899,889,900,888,897,887,921,915,897,892,891,896,878,887,935,914,914,898,900,885,907,870,9,7,7,9,6,8,6,8,9,8,7,6,8,6,5,6,12,9,6,8,6,7,7,6,9,8,8,6,6,8,9,8,8,8,5,7,8,7,6,8,9,9,7,9,10,8,9,8,9,10,8,11,7,6,11,9,10,16,7,8,9,7,9,15,5,5,5,5,5,5,5,5,5,5,5,5,5,5,5,5,5,5,5,5,5,5,5,5,5,5,5,5,5,5,5,5,5,5,5,5,5,5,5,5,5,5,5,5,5,5,5,5,5,5,5,5,5,5,5,5,5,5,5,5,5,5,5,5
43,874,888,887,885,855,852,865,863,882,874,885,867,856,865,867,859,884,915,880,874,877,879,862,870,899,891,882,868,870,884,881,856,901,897,896,870,878,899,874,864,921,898,891,898,895,882,885,887,890,895,907,897,887,902,885,887,933,939,877,899,906,907,870,892,9,8,10,6,6,6,8,7,10,8,7,5,8,6,7,7,9,12,8,7,6,8,6,6,11,9,6,6,6,7,8,10,10,8,8,11,8,9,9,8,6,9,7,8,10,7,8,7,11,13,10,8,7,8,9,11,12,16,7,11,9,9,10,23,5,5,5,5,5,5,5,5,5,5,5,5,5,5,5,5,5,5,5,5,5,5,5,5,5,5,5,5,5,5,5,5,5,5,5,5,5,5,5,5,5,5,5,5,5,5,5,5,5,5,5,5,5,5,5,5,5,5,5,5,5,5,5,5
44,883,881,864,875,858,854,863,850,879,882,877,863,868,850,862,846,905,880,879,883,879,870,873,852,893,881,891,878,889,876,880,870,865,897,905,885,869,876,877,861,905,910,892,899,884,882,880,875,901,902,907,894,894,896,885,842,927,920,921,913,897,901,899,883,9,8,6,7,6,6,6,6,7,6,7,5,7,5,8,8,12,9,8,6,6,6,8,6,10,6,8,5,8,6,8,9,11,7,8,6,6,7,6,7,10,7,6,8,8,6,7,11,8,9,9,9,7,7,9,11,12,13,10,11,8,12,8,15,5,5,5,5,5,5,5,5,5,5,5,5,5,5,5,5,5,5,5,5,5,5,5,5,5,5,5,5,5,5,5,5,5,5,5,5,5,5,5,5,5,5,5,5,5,5,5,5,5,5,5,5,5,5,5,5,5,5,5,5,5,5,5,5
45,878,872,876,863,852,854,870,855,883,869,887,881,873,867,856,857,908,868,877,886,880,870,873,866,909,889,881,872,881,869,868,872,901,899,885,884,886,868,868,871,925,904,910,900,882,891,890,884,902,911,924,903,900,891,888,893,922,903,894,911,916,890,891,857,8,7,6,10,7,9,9,7,12,7,8,7,8,5,7,7,11,8,6,7,7,8,7,8,9,7,8,7,6,7,8,10,16,6,7,7,8,7,8,7,7,6,7,12,8,8,7,11,9,17,13,7,7,9,9,10,11,18,7,17,8,8,13,22,5,5,5,5,5,5,5,5,5,5,5,5,5,5,5,5,5,5,5,5,5,5,5,5,5,5,5,5,5,5,5,5,5,5,5,5,5,5,5,5,5,5,5,5,5,5,5,5,5,5,5,5,5,5,5,5,5,5,5,5,5,5,5,5
46,874,866,875,861,865,863,851,862,902,881,877,877,877,869,875,858,884,891,879,881,872,868,859,865,886,890,905,882,885,869,869,859,899,891,891,870,880,886,888,879,907,906,884,902,897,876,890,880,919,896,895,900,893,890,893,877,934,923,930,918,919,903,881,876,8,8,5,8,5,7,6,7,9,5,7,6,6,5,5,7,11,10,7,8,6,6,6,5,9,8,7,7,7,7,8,9,9,7,7,6,7,7,7,7,9,7,5,8,12,7,9,9,14,14,8,9,7,9,8,9,8,11,8,12,8,11,10,12,5,5,5,5,5,5,5,5,5,5,5,5,5,5,5,5,5,5,5,5,5,5,5,5,5,5,5,5,5,5,5,5,5,5,5,5,5,5,5,5,5,5,5,5,5,5,5,5,5,5,5,5,5,5,5,5,5,5,5,5,5,5,5,5
47,881,871,875,866,850,857,851,851,878,873,870,874,856,865,864,861,900,888,881,891,882,862,867,864,907,903,890,882,890,883,879,870,887,900,880,891,890,892,869,870,909,904,901,886,890,897,869,902,910,898,912,909,892,895,872,891,923,921,926,900,898,880,904,875,9,7,7,8,7,9,9,7,9,6,7,6,8,7,6,6,12,10,8,7,7,6,8,7,9,9,8,7,7,7,9,10,7,8,7,8,7,7,8,6,8,7,7,7,9,8,8,9,9,11,10,12,9,8,9,12,15,15,9,11,8,8,14,16,5,5,5,5,5,5,5,5,5,5,5,5,5,5,5,5,5,5,5,5,5,5,5,5,5,5,5,5,5,5,5,5,5,5,5,5,5,5,5,5,5,5,5,5,5,5,5,5,5,5,5,5,5,5,5,5,5,5,5,5,5,5,5,5
48,878,869,863,882,868,865,862,845,866,881,867,873,874,853,867,858,884,896,881,886,874,878,860,865,900,889,882,872,879,871,867,873,913,892,905,874,884,867,887,889,935,906,891,908,888,889,883,870,927,911,906,888,885,902,888,907,919,921,915,915,913,902,894,878,7,7,8,6,6,6,7,8,7,7,6,6,10,6,7,8,11,8,6,7,7,6,5,8,8,6,7,6,7,7,7,8,8,6,7,8,10,7,7,8,8,7,7,8,8,7,9,8,7,11,10,10,6,8,7,13,11,17,8,12,10,7,6,18,5,5,5,5,5,5,5,5,5,5,5,5,5,5,5,5,5,5,5,5,5,5,5,5,5,5,5,5,5,5,5,5,5,5,5,5,5,5,5,5,5,5,5,5,5,5,5,5,5,5,5,5,5,5,5,5,5,5,5,5,5,5,5,5
49,870,876,869,864,871,849,869,854,869,892,878,874,871,862,864,855,889,894,874,879,867,886,872,867,895,881,870,891,889,877,880,861,907,896,879,893,886,888,881,856,902,903,893,908,894,882,891,887,911,936,911,908,910,885,886,879,927,916,918,888,914,894,910,894,10,7,7,9,8,8,7,8,9,8,7,8,9,6,5,7,11,10,6,6,7,7,7,7,9,9,9,6,7,9,8,9,11,8,7,8,8,7,7,7,7,8,7,8,9,8,8,10,8,7,10,8,8,8,10,12,10,15,8,8,12,9,10,20,5,5,5,5,5,5,5,5,5,5,5,5,5,5,5,5,5,5,5,5,5,5,5,5,5,5,5,5,5,5,5,5,5,5,5,5,5,5,5,5,5,5,5,5,5,5,5,5,5,5,5,5,5,5,5,5,5,5,5,5,5,5,5,5
50,885,870,872,867,867,864,863,860,890,879,879,866,862,846,867,848,916,899,875,874,887,866,855,862,885,889,886,882,873,867,874,857,916,908,902,888,895,891,877,865,903,889,903,891,894,885,891,887,905,931,899,916,900,897,898,908,926,920,917,915,915,891,913,865,9,6,7,6,7,7,8,8,7,7,8,6,7,6,8,8,11,8,8,6,6,6,5,8,12,6,8,5,6,7,6,6,10,7,6,7,9,8,6,8,9,7,7,8,8,7,8,8,10,13,7,8,8,7,9,13,13,19,7,13,9,7,12,21,5,5,5,5,5,5,5,5,5,5,5,5,5,5,5,5,5,5,5,5,5,5,5,5,5,5,5,5,5,5,5,5,5,5,5,5,5,5,5,5,5,5,5,5,5,5,5,5,5,5,5,5,5,5,5,5,5,5,5,5,5,5,5,5
51,881,880,891,867,867,863,853,868,879,883,879,869,861,876,852,849,894,901,893,881,878,875,865,858,895,892,894,877,880,888,886,880,892,887,897,891,890,882,869,877,912,906,903,894,884,895,886,891,924,911,902,883,904,899,885,884,915,935,903,882,890,899,884,893,10,9,8,10,6,8,8,7,11,7,7,6,8,7,6,7,12,8,8,7,7,7,7,8,7,6,8,7,7,8,10,8,13,7,6,7,7,8,6,7,8,11,8,8,8,9,10,11,14,12,10,11,8,8,9,10,13,12,8,11,9,7,11,16,5,5,5,5,5,5,5,5,5,5,5,5,5,5,5,5,5,5,5,5,5,5,5,5,5,5,5,5,5,5,5,5,5,5,5,5,5,5,5,5,5,5,5,5,5,5,5,5,5,5,5,5,5,5,5,5,5,5,5,5,5,5,5,5
52,875,875,858,861,861,859,854,845,887,881,880,877,863,868,869,867,902,904,877,881,864,883,844,867,890,885,883,888,880,870,869,864,883,901,886,875,896,859,879,869,904,908,893,910,889,901,877,877,922,925,896,898,896,887,888,889,925,925,899,902,908,901,880,872,8,7,6,7,7,7,6,8,6,6,6,7,5,5,7,8,7,10,7,6,6,6,6,6,8,7,7,5,7,7,7,9,10,6,6,7,6,6,7,9,9,6,7,7,8,9,8,11,9,14,10,14,8,9,8,13,10,11,9,11,11,10,8,14,5,5,5,5,5,5,5,5,5,5,5,5,5,5,5,5,5,5,5,5,5,5,5,5,5,5,5,5,5,5,5,5,5,5,5,5,5,5,5,5,5,5,5,5,5,5,5,5,5,5,5,5,5,5,5,5,5,5,5,5,5,5,5,5
53,883,876,874,872,863,863,852,851,880,871,879,862,888,867,871,863,909,884,879,867,881,860,874,866,879,902,880,888,882,865,871,860,901,908,911,896,874,890,881,891,922,922,898,895,904,883,886,898,923,934,894,887,875,884,862,887,913,924,899,880,892,885,906,914,8,9,7,10,6,8,7,9,9,6,7,8,7,6,6,8,11,11,7,9,6,7,8,6,12,7,8,6,7,8,7,8,9,5,8,10,7,8,7,7,10,10,8,9,9,8,9,11,11,14,9,8,8,8,7,10,12,20,9,16,15,10,8,19,5,5,5,5,5,5,5,5,5,5,5,5,5,5,5,5,5,5,5,5,5,5,5,5,5,5,5,5,5,5,5,5,5,5,5,5,5,5,5,5,5,5,5,5,5,5,5,5,5,5,5,5,5,5,5,5,5,5,5,5,5,5,5,5
54,876,873,871,858,875,858,861,848,898,880,878,875,866,864,856,862,894,880,888,874,858,858,871,856,889,878,886,884,886,854,864,863,909,897,889,903,882,874,882,873,903,906,908,898,880,885,887,883,917,920,899,905,888,885,893,893,914,939,915,903,898,908,898,893,7,8,6,7,6,7,8,6,8,6,7,7,7,5,6,6,12,10,7,7,6,7,7,9,8,6,7,6,8,6,7,7,10,7,5,7,7,6,7,6,9,7,8,9,9,8,7,8,10,10,9,8,8,8,9,14,13,14,7,11,7,8,7,15,5,5,5,5,5,5,5,5,5,5,5,5,5,5,5,5,5,5,5,5,5,5,5,5,5,5,5,5,5,5,5,5,5,5,5,5,5,5,5,5,5,5,5,5,5,5,5,5,5,5,5,5,5,5,5,5,5,5,5,5,5,5,5,5
55,875,868,881,867,861,860,868,857,877,885,880,863,883,877,852,867,901,882,883,882,875,873,869,863,909,891,882,890,891,873,871,883,889,901,898,889,892,881,876,867,925,896,890,894,903,882,898,880,909,915,899,895,894,883,875,873,928,905,916,874,910,911,902,876,8,8,8,9,6,7,8,9,7,6,6,7,8,7,6,6,12,9,7,8,7,8,6,8,10,7,11,7,7,7,7,8,11,6,8,9,8,8,8,7,14,10,8,10,12,7,10,7,10,14,9,9,8,7,7,15,13,12,8,13,11,9,8,10,5,5,5,5,5,5,5,5,5,5,5,5,5,5,5,5,5,5,5,5,5,5,5,5,5,5,5,5,5,5,5,5,5,5,5,5,5,5,5,5,5,5,5,5,5,5,5,5,5,5,5,5,5,5,5,5,5,5,5,5,5,5,5,5
56,894,885,874,874,864,852,858,851,880,874,873,883,877,867,870,857,891,892,871,881,878,877,862,862,898,893,883,877,881,869,871,863,903,897,890,876,884,885,877,871,889,906,889,908,904,887,887,873,925,911,896,897,896,890,883,894,928,884,917,904,906,877,894,854,12,8,6,7,5,7,6,8,8,6,6,6,7,5,7,6,11,7,8,7,5,7,6,7,9,7,8,6,6,7,6,7,9,8,5,7,9,9,7,8,6,8,6,9,10,7,10,7,11,8,11,7,9,7,9,12,10,14,6,12,9,10,9,17,5,5,5,5,5,5,5,5,5,5,5,5,5,5,5,5,5,5,5,5,5,5,5,5,5,5,5,5,5,5,5,5,5,5,5,5,5,5,5,5,5,5,5,5,5,5,5,5,5,5,5,5,5,5,5,5,5,5,5,5,5,5,5,5
57,872,894,865,873,865,864,839,855,897,878,879,872,862,860,851,860,872,876,864,870,865,875,869,882,892,904,873,892,880,854,878,875,903,896,891,876,885,893,884,880,895,907,898,898,903,890,893,858,895,894,908,908,890,882,888,901,917,948,911,911,908,901,895,889,11,9,7,9,6,9,6,7,8,6,8,6,8,5,7,9,11,11,7,9,5,6,6,7,9,9,9,7,7,7,7,7,13,10,7,9,9,7,7,8,8,10,8,9,10,9,9,9,6,12,10,9,8,8,10,13,9,15,9,10,10,10,11,14,5,5,5,5,5,5,5,5,5,5,5,5,5,5,5,5,5,5,5,5,5,5,5,5,5,5,5,5,5,5,5,5,5,5,5,5,5,5,5,5,5,5,5,5,5,5,5,5,5,5,5,5,5,5,5,5,5,5,5,5,5,5,5,5
58,873,888,865,860,857,856,840,849,894,877,880,870,861,869,854,863,897,889,891,864,866,878,873,862,888,894,895,879,884,871,877,889,910,898,889,899,885,885,875,878,909,895,900,883,890,883,886,874,906,926,884,891,885,893,895,886,919,897,928,913,906,886,881,4000,8,8,7,7,6,6,6,6,7,7,7,6,8,6,6,6,11,11,7,9,6,6,7,8,7,6,8,7,6,7,7,8,10,9,8,7,8,6,6,9,9,9,8,7,8,7,8,7,8,11,10,10,8,8,10,9,10,9,8,9,11,6,7,14,5,5,5,5,5,5,5,5,5,5,5,5,5,5,5,5,5,5,5,5,5,5,5,5,5,5,5,5,5,5,5,5,5,5,5,5,5,5,5,5,5,5,5,5,5,5,5,5,5,5,5,5,5,5,5,5,5,5,5,5,5,5,5,255
59,861,875,879,865,861,852,870,850,888,892,871,871,868,851,856,859,878,872,894,887,864,870,875,869,899,895,884,881,877,875,879,884,916,900,899,894,891,883,880,856,915,887,908,903,893,897,882,881,924,913,910,910,883,890,882,859,921,927,928,928,899,890,889,4000,9,9,7,7,7,7,9,8,8,11,6,7,8,6,7,9,10,9,9,6,6,8,8,6,10,8,9,7,7,7,6,7,9,9,6,7,9,6,7,8,9,9,8,9,9,8,8,8,8,11,9,9,9,8,8,10,10,20,8,16,10,9,12,15,5,5,5,5,5,5,5,5,5,5,5,5,5,5,5,5,5,5,5,5,5,5,5,5,5,5,5,5,5,5,5,5,5,5,5,5,5,5,5,5,5,5,5,5,5,5,5,5,5,5,5,5,5,5,5,5,5,5,5,5,5,5,5,10
60,904,877,881,879,866,849,862,858,889,876,876,872,869,869,866,861,872,877,870,879,877,860,859,854,921,879,889,878,879,882,875,884,894,896,904,889,893,884,878,867,916,890,897,902,885,883,871,892,939,903,914,906,892,893,888,878,929,898,912,900,902,884,898,910,8,6,6,7,6,6,6,7,7,7,5,6,7,5,5,5,11,9,9,8,5,8,6,6,7,6,7,6,7,6,7,8,11,8,8,9,7,6,6,11,6,8,8,7,11,7,8,8,9,13,9,8,8,6,8,8,12,11,11,12,8,6,9,14,5,5,5,5,5,5,5,5,5,5,5,5,5,5,5,5,5,5,5,5,5,5,5,5,5,5,5,5,5,5,5,5,5,5,5,5,5,5,5,5,5,5,5,5,5,5,5,5,5,5,5,5,5,5,5,5,5,5,5,5,5,5,5,5
61,881,898,867,870,858,870,874,855,866,875,864,871,874,860,865,861,886,898,890,873,872,871,859,856,901,883,888,891,868,880,858,868,902,883,901,890,891,884,872,888,911,908,889,895,891,896,880,883,911,918,899,892,913,907,882,864,919,915,912,912,893,896,905,870,9,7,8,8,6,6,6,9,8,6,7,7,7,6,7,6,10,8,7,8,6,8,6,7,12,8,8,6,7,8,9,11,13,6,7,6,8,8,7,9,8,7,8,8,8,7,8,11,10,11,10,6,6,10,9,13,10,13,9,11,10,8,8,16,5,5,5,5,5,5,5,5,5,5,5,5,5,5,5,5,5,5,5,5,5,5,5,5,5,5,5,5,5,5,5,5,5,5,5,5,5,5,5,5,5,5,5,5,5,5,5,5,5,5,5,5,5,5,5,5,5,5,5,5,5,5,5,5
62,874,883,871,875,857,856,852,846,890,883,871,875,860,864,857,856,904,878,883,886,883,871,870,858,892,874,876,903,877,879,872,883,900,882,887,893,879,874,875,872,906,906,897,918,902,893,880,865,925,893,919,905,892,883,886,895,917,944,920,911,903,872,899,880,8,6,7,8,6,7,7,8,11,5,5,8,6,5,6,6,13,9,7,8,6,6,6,6,10,7,7,6,6,8,7,8,12,5,5,7,8,7,7,10,9,7,7,8,8,8,8,10,10,10,9,9,8,7,8,13,14,15,7,10,9,8,6,16,5,5,5,5,5,5,5,5,5,5,5,5,5,5,5,5,5,5,5,5,5,5,5,5,5,5,5,5,5,5,5,5,5,5,5,5,5,5,5,5,5,5,5,5,5,5,5,5,5,5,5,5,5,5,5,5,5,5,5,5,5,5,5,5
63,876,868,882,868,857,857,866,849,890,881,876,881,873,848,867,851,901,875,892,873,890,879,847,868,887,895,890,874,874,872,873,864,891,888,887,879,915,885,894,875,879,904,904,889,906,893,870,887,920,924,900,895,884,891,879,869,932,904,913,886,908,904,888,890,8,7,7,10,6,8,6,8,9,8,8,7,7,6,6,6,14,8,7,8,5,7,7,7,8,9,7,7,8,8,8,10,10,8,7,7,10,6,8,6,9,9,5,8,8,8,8,9,8,16,8,10,8,6,8,11,16,9,10,11,10,8,10,17,5,5,5,5,5,5,5,5,5,5,5,5,5,5,5,5,5,5,5,5,5,5,5,5,5,5,5,5,5,5,5,5,5,5,5,5,5,5,5,5,5,5,5,5,5,5,5,5,5,5,5,5,5,5,5,5,5,5,5,5,5,5,5,5
64,865,883,877,864,866,869,848,846,876,886,872,863,863,870,861,867,905,884,871,886,856,869,870,868,903,892,896,881,886,886,875,883,906,897,893,904,894,877,881,876,897,899,893,887,904,891,880,890,913,898,880,904,909,871,881,890,921,905,920,918,894,899,910,875,10,8,6,8,5,8,5,8,8,6,6,5,7,7,7,6,9,7,6,7,5,8,6,5,10,7,7,7,8,7,8,11,9,6,7,7,10,7,8,7,7,8,8,7,9,8,9,9,9,11,7,9,8,6,9,12,11,14,7,10,9,8,8,15,5,5,5,5,5,5,5,5,5,5,5,5,5,5,5,5,5,5,5,5,5,5,5,5,5,5,5,5,5,5,5,5,5,5,5,5,5,5,5,5,5,5,5,5,5,5,5,5,5,5,5,5,5,5,5,5,5,5,5,5,5,5,5,5
65,872,871,877,872,856,860,849,851,872,890,891,857,864,869,861,849,889,911,877,879,883,871,860,876,879,902,888,881,875,864,873,873,901,895,883,883,884,886,888,874,901,890,915,910,892,868,900,893,912,924,889,917,903,887,867,899,892,908,890,908,913,907,899,860,9,9,6,7,6,6,7,7,10,8,7,6,9,6,6,7,10,10,7,8,6,8,7,7,9,8,8,6,6,7,8,8,11,8,6,9,9,6,9,9,9,8,8,11,8,8,8,11,9,10,10,11,7,8,7,12,10,15,8,13,11,11,8,23,5,5,5,5,5,5,5,5,5,5,5,5,5,5,5,5,5,5,5,5,5,5,5,5,5,5,5,5,5,5,5,5,5,5,5,5,5,5,5,5,5,5,5,5,5,5,5,5,5,5,5,5,5,5,5,5,5,5,5,5,5,5,5,5
66,872,877,880,879,862,854,858,835,886,878,883,875,874,865,861,844,889,886,888,870,885,867,872,849,887,898,874,883,877,860,880,861,911,884,890,870,889,876,873,873,899,900,893,900,886,878,866,882,915,908,910,898,892,878,895,872,910,913,893,910,901,891,902,873,8,7,7,9,6,7,8,6,7,7,6,6,6,6,7,6,10,9,8,8,5,6,6,7,10,7,7,7,6,6,7,9,10,6,7,7,7,8,7,6,8,7,7,8,8,6,8,8,10,13,7,9,7,7,9,11,12,12,8,10,8,6,7,12,5,5,5,5,5,5,5,5,5,5,5,5,5,5,5,5,5,5,5,5,5,5,5,5,5,5,5,5,5,5,5,5,5,5,5,5,5,5,5,5,5,5,5,5,5,5,5,5,5,5,5,5,5,5,5,5,5,5,5,5,5,5,5,5
67,876,879,880,877,858,861,847,855,882,885,872,861,875,871,863,861,903,877,874,887,866,866,852,843,908,886,882,884,895,872,879,862,897,892,889,897,901,878,866,862,896,885,899,893,906,880,883,873,899,942,918,904,887,898,870,885,910,920,912,914,896,893,888,871,10,8,7,7,5,8,7,8,8,7,5,7,7,6,6,7,13,9,9,8,7,7,5,7,14,8,11,5,8,8,8,8,11,7,5,7,8,6,6,7,6,8,7,9,9,11,9,9,11,17,12,8,9,7,8,15,13,23,10,12,11,9,10,27,5,5,5,5,5,5,5,5,5,5,5,5,5,5,5,5,5,5,5,5,5,5,5,5,5,5,5,5,5,5,5,5,5,5,5,5,5,5,5,5,5,5,5,5,5,5,5,5,5,5,5,5,5,5,5,5,5,5,5,5,5,5,5,5
68,869,867,872,875,861,861,856,850,888,877,881,876,876,863,869,862,918,890,880,866,873,872,864,862,906,889,887,884,877,864,870,873,918,891,908,905,882,874,881,879,910,898,897,906,893,880,892,859,895,921,898,904,905,896,875,887,924,930,897,891,919,898,913,862,7,8,5,6,5,7,6,7,8,7,6,5,6,5,8,6,12,7,7,8,6,6,7,8,9,7,7,6,7,6,6,7,11,7,6,6,7,7,8,9,7,6,8,8,8,7,8,8,10,10,8,10,7,8,9,10,11,14,8,9,7,9,7,18,5,5,5,5,5,5,5,5,5,5,5,5,5,5,5,5,5,5,5,5,5,5,5,5,5,5,5,5,5,5,5,5,5,5,5,5,5,5,5,5,5,5,5,5,5,5,5,5,5,5,5,5,5,5,5,5,5,5,5,5,5,5,5,5
69,868,889,857,856,864,871,856,844,874,890,902,866,875,856,872,859,898,896,883,877,872,877,881,849,905,872,913,886,889,886,875,872,883,908,896,889,903,876,877,868,893,905,895,893,892,896,866,892,911,919,920,903,907,891,896,893,934,901,902,924,895,893,901,864,9,7,6,9,5,8,8,6,8,8,9,5,7,6,5,5,10,8,8,7,6,5,10,6,9,7,9,6,7,8,8,9,9,5,6,11,9,9,7,7,9,7,8,8,12,9,9,8,14,11,13,7,7,6,9,11,11,15,9,9,9,10,9,15,5,5,5,5,5,5,5,5,5,5,5,5,5,5,5,5,5,5,5,5,5,5,5,5,5,5,5,5,5,5,5,5,5,5,5,5,5,5,5,5,5,5,5,5,5,5,5,5,5,5,5,5,5,5,5,5,5,5,5,5,5,5,5,5
70,871,881,879,870,864,865,855,861,896,888,890,863,879,878,852,854,900,882,869,883,878,869,861,862,890,902,881,877,884,878,869,857,890,891,888,890,882,880,872,861,896,921,917,867,893,873,889,877,902,907,900,904,897,881,906,880,922,916,925,907,898,894,905,881,10,8,6,8,6,7,6,7,8,7,6,5,7,6,6,6,12,10,6,7,7,7,5,7,8,8,9,6,7,6,7,8,9,7,5,7,7,7,7,9,9,11,11,8,14,9,9,7,8,11,9,10,7,8,10,13,11,18,8,9,8,8,8,15,5,5,5,5,5,5,5,5,5,5,5,5,5,5,5,5,5,5,5,5,5,5,5,5,5,5,5,5,5,5,5,5,5,5,5,5,5,5,5,5,5,5,5,5,5,5,5,5,5,5,5,5,5,5,5,5,5,5,5,5,5,5,5,5
71,889,890,878,864,855,855,864,863,866,872,879,859,874,859,858,869,891,904,873,876,850,871,881,866,910,882,895,880,885,869,877,858,904,908,893,880,871,872,878,872,895,917,898,907,892,880,881,876,921,909,896,879,896,881,907,873,909,923,912,899,897,886,902,865,11,12,7,9,6,7,7,8,9,8,7,6,6,7,5,8,11,9,8,7,7,6,6,9,9,9,9,7,7,7,8,9,9,7,6,8,6,8,8,9,8,8,7,7,8,7,9,7,11,8,8,10,7,9,7,16,15,23,10,10,8,8,12,24,5,5,5,5,5,5,5,5,5,5,5,5,5,5,5,5,5,5,5,5,5,5,5,5,5,5,5,5,5,5,5,5,5,5,5,5,5,5,5,5,5,5,5,5,5,5,5,5,5,5,5,5,5,5,5,5,5,5,5,5,5,5,5,5
72,877,879,862,862,862,849,841,865,885,891,867,860,869,863,857,851,894,891,861,867,873,859,872,859,920,897,903,898,885,876,869,863,911,889,880,894,888,885,876,879,898,902,911,895,876,889,883,870,915,902,895,911,900,892,910,906,925,914,894,885,900,891,907,913,8,6,7,7,5,6,6,8,7,7,6,7,7,5,5,7,9,9,6,7,5,7,5,8,7,7,7,6,7,7,6,8,10,7,6,8,6,7,6,9,9,9,9,8,8,7,9,10,9,13,8,9,8,7,6,14,11,16,8,8,8,9,8,18,5,5,5,5,5,5,5,5,5,5,5,5,5,5,5,5,5,5,5,5,5,5,5,5,5,5,5,5,5,5,5,5,5,5,5,5,5,5,5,5,5,5,5,5,5,5,5,5,5,5,5,5,5,5,5,5,5,5,5,5,5,5,5,5
73,872,902,873,863,850,869,865,848,875,877,875,877,880,863,867,866,890,894,890,885,883,864,879,868,891,897,894,879,886,881,879,868,890,899,892,899,882,868,884,870,912,895,902,887,886,880,880,886,904,924,912,915,895,891,895,919,905,914,917,896,906,865,882,891,9,8,7,9,6,8,8,8,9,7,7,6,7,6,8,7,10,9,8,7,8,7,8,7,8,8,8,7,7,8,7,10,9,7,6,8,9,7,6,9,6,7,9,8,9,9,8,9,16,10,11,11,11,8,9,14,13,11,7,12,10,8,9,16,5,5,5,5,5,5,5,5,5,5,5,5,5,5,5,5,5,5,5,5,5,5,5,5,5,5,5,5,5,5,5,5,5,5,5,5,5,5,5,5,5,5,5,5,5,5,5,5,5,5,5,5,5,5,5,5,5,5,5,5,5,5,5,5
74,870,880,871,852,861,847,857,855,882,877,871,866,877,873,862,852,888,888,882,889,877,869,865,863,894,879,902,878,889,875,876,853,886,895,887,884,892,888,875,886,916,889,895,906,878,883,871,856,914,908,910,904,910,896,875,899,930,930,910,920,902,884,890,881,7,7,7,7,6,7,6,6,8,6,6,6,7,7,8,6,9,9,6,7,5,6,6,7,8,5,6,7,6,7,8,8,9,7,6,8,7,9,7,8,7,8,6,8,10,6,7,9,9,9,12,8,7,6,9,11,10,9,8,10,8,9,8,16,5,5,5,5,5,5,5,5,5,5,5,5,5,5,5,5,5,5,5,5,5,5,5,5,5,5,5,5,5,5,5,5,5,5,5,5,5,5,5,5,5,5,5,5,5,5,5,5,5,5,5,5,5,5,5,5,5,5,5,5,5,5,5,5
75,879,883,880,872,865,862,883,870,887,878,883,867,860,871,872,864,887,876,886,872,876,856,875,856,890,869,894,878,892,882,878,884,880,892,898,895,890,881,880,866,909,897,897,901,899,876,873,875,918,888,889,893,901,878,868,875,921,927,903,884,903,901,887,873,10,9,7,8,6,7,6,8,9,7,7,7,7,6,8,6,10,11,6,9,8,8,7,8,13,7,8,7,6,8,7,7,11,8,7,7,7,7,7,7,6,7,8,10,9,6,8,10,14,10,7,11,9,6,8,13,10,11,9,11,9,9,10,18,5,5,5,5,5,5,5,5,5,5,5,5,5,5,5,5,5,5,5,5,5,5,5,5,5,5,5,5,5,5,5,5,5,5,5,5,5,5,5,5,5,5,5,5,5,5,5,5,5,5,5,5,5,5,5,5,5,5,5,5,5,5,5,5
76,900,883,876,857,866,867,862,851,889,884,879,887,874,865,863,865,891,878,884,882,863,860,861,870,884,884,891,889,876,878,889,877,901,890,892,896,896,874,889,864,917,912,907,891,891,894,887,871,912,909,886,901,892,899,881,877,909,930,903,902,890,888,896,893,11,11,7,7,6,8,6,7,10,8,7,5,7,6,6,7,11,11,7,5,5,7,6,6,9,7,8,6,6,7,6,12,10,7,6,6,8,7,7,7,8,6,7,7,10,9,7,7,7,9,7,13,7,7,7,12,13,10,10,11,7,9,9,17,5,5,5,5,5,5,5,5,5,5,5,5,5,5,5,5,5,5,5,5,5,5,5,5,5,5,5,5,5,5,5,5,5,5,5,5,5,5,5,5,5,5,5,5,5,5,5,5,5,5,5,5,5,5,5,5,5,5,5,5,5,5,5,5
77,876,880,868,869,865,856,861,856,884,877,884,873,863,865,853,847,896,889,883,871,878,862,861,861,902,888,894,875,895,883,884,854,903,891,896,887,895,878,880,861,919,908,909,881,920,894,899,876,914,913,896,915,892,895,884,880,907,915,898,898,903,895,922,892,9,8,6,7,6,8,7,8,8,5,6,7,7,5,6,8,12,12,7,8,5,7,6,8,11,7,6,6,7,8,7,9,11,7,6,8,9,8,8,7,11,9,9,7,9,8,9,11,10,9,9,9,8,7,8,12,12,13,7,10,9,10,11,14,5,5,5,5,5,5,5,5,5,5,5,5,5,5,5,5,5,5,5,5,5,5,5,5,5,5,5,5,5,5,5,5,5,5,5,5,5,5,5,5,5,5,5,5,5,5,5,5,5,5,5,5,5,5,5,5,5,5,5,5,5,5,5,5
78,890,885,865,865,867,854,851,839,872,884,878,868,868,867,845,866,853,878,880,884,872,862,865,869,904,882,875,869,890,878,859,868,893,906,895,895,889,885,873,876,894,890,882,903,912,894,881,880,918,886,896,901,902,889,902,874,934,914,913,889,910,886,895,864,8,9,6,7,6,7,7,8,8,7,7,5,6,6,5,7,9,11,7,9,7,6,5,6,11,9,8,6,7,6,8,8,9,6,6,7,7,7,8,6,8,9,8,10,10,9,7,8,12,8,8,11,8,7,9,13,15,15,7,11,9,7,7,15,5,5,5,5,5,5,5,5,5,5,5,5,5,5,5,5,5,5,5,5,5,5,5,5,5,5,5,5,5,5,5,5,5,5,5,5,5,5,5,5,5,5,5,5,5,5,5,5,5,5,5,5,5,5,5,5,5,5,5,5,5,5,5,5
79,894,868,870,876,861,863,861,857,895,885,876,869,888,864,871,845,895,885,903,871,871,864,877,856,894,882,899,877,892,869,872,878,892,897,889,899,886,872,886,884,926,891,902,901,896,888,895,894,921,921,900,906,897,883,902,892,917,926,911,894,906,909,897,867,9,8,6,9,5,7,6,7,6,7,7,6,6,5,8,6,14,10,9,8,7,7,6,8,10,6,9,7,8,8,6,8,9,7,6,7,8,7,9,6,10,7,8,8,7,10,9,8,14,12,8,12,9,7,11,15,15,17,13,10,9,11,7,14,5,5,5,5,5,5,5,5,5,5,5,5,5,5,5,5,5,5,5,5,5,5,5,5,5,5,5,5,5,5,5,5,5,5,5,5,5,5,5,5,5,5,5,5,5,5,5,5,5,5,5,5,5,5,5,5,5,5,5,5,5,5,5,5
80,881,880,871,864,859,861,859,848,877,879,869,864,870,864,858,852,900,884,877,876,862,880,867,874,887,876,888,881,865,883,884,872,907,896,883,898,891,893,889,864,915,891,895,896,887,901,884,881,927,887,907,887,896,887,912,880,940,916,915,895,899,904,885,843,7,9,6,8,5,7,6,7,9,7,6,7,7,6,5,5,12,9,6,6,5,7,7,6,8,8,6,7,7,7,8,9,10,7,5,7,9,10,6,9,9,7,6,9,9,8,8,8,11,13,13,10,7,6,9,12,11,13,8,11,9,8,9,16,5,5,5,5,5,5,5,5,5,5,5,5,5,5,5,5,5,5,5,5,5,5,5,5,5,5,5,5,5,5,5,5,5,5,5,5,5,5,5,5,5,5,5,5,5,5,5,5,5,5,5,5,5,5,5,5,5,5,5,5,5,5,5,5
81,880,879,864,863,858,861,860,843,891,869,877,886,853,877,861,842,883,899,872,873,869,874,861,852,916,891,897,881,893,886,875,875,897,897,892,890,885,886,870,881,903,902,887,879,870,913,900,890,917,893,920,893,890,905,880,870,897,905,910,907,906,894,904,851,8,8,7,8,6,8,5,6,11,7,6,7,6,6,7,6,11,9,9,8,7,9,6,8,10,6,8,6,7,6,8,8,9,9,6,7,8,6,7,9,10,8,9,8,9,8,8,9,10,11,9,11,8,9,8,12,11,11,10,10,9,8,9,17,5,5,5,5,5,5,5,5,5,5,5,5,5,5,5,5,5,5,5,5,5,5,5,5,5,5,5,5,5,5,5,5,5,5,5,5,5,5,5,5,5,5,5,5,5,5,5,5,5,5,5,5,5,5,5,5,5,5,5,5,5,5,5,5
82,882,877,859,865,861,862,858,870,887,870,883,874,870,867,860,847,894,882,888,874,879,862,874,858,892,889,885,883,875,883,866,885,892,893,882,890,889,892,870,869,895,901,906,884,896,876,888,876,891,904,894,895,894,893,889,891,900,945,914,915,923,909,898,873,9,7,6,8,6,7,6,7,8,7,6,6,6,6,6,6,10,9,6,8,7,6,6,7,9,8,8,7,7,10,7,8,9,7,7,7,7,8,6,8,8,7,5,7,9,6,10,12,11,16,10,11,7,7,8,9,11,12,8,10,9,11,7,16,5,5,5,5,5,5,5,5,5,5,5,5,5,5,5,5,5,5,5,5,5,5,5,5,5,5,5,5,5,5,5,5,5,5,5,5,5,5,5,5,5,5,5,5,5,5,5,5,5,5,5,5,5,5,5,5,5,5,5,5,5,5,5,5
83,881,868,877,863,869,864,846,852,887,887,868,879,866,866,860,869,894,872,882,877,875,869,860,859,896,891,893,885,883,889,877,863,899,897,900,880,889,890,885,885,913,890,893,903,902,892,890,870,913,889,927,908,892,880,897,876,899,881,901,897,903,892,887,858,13,8,8,8,7,8,7,9,7,9,5,8,6,7,6,7,11,7,8,7,7,7,8,8,9,9,8,6,8,7,8,8,10,9,7,7,7,6,7,9,7,8,8,9,9,7,7,7,11,15,9,10,8,7,9,9,11,16,8,11,8,11,9,24,5,5,5,5,5,5,5,5,5,5,5,5,5,5,5,5,5,5,5,5,5,5,5,5,5,5,5,5,5,5,5,5,5,5,5,5,5,5,5,5,5,5,5,5,5,5,5,5,5,5,5,5,5,5,5,5,5,5,5,5,5,5,5,5
84,885,883,866,864,867,865,845,857,874,877,871,867,872,852,861,861,888,875,878,872,885,860,846,854,886,890,879,890,870,877,858,852,907,901,900,889,897,885,886,883,904,888,897,899,874,890,880,888,918,918,887,890,894,880,898,890,919,917,909,914,892,891,901,912,8,8,7,8,6,8,6,7,8,7,6,6,7,5,8,6,10,9,7,5,6,6,5,7,7,7,7,5,6,7,7,7,10,6,6,8,7,8,7,7,9,8,6,7,10,8,8,10,9,9,9,11,9,8,8,9,16,16,7,9,8,8,9,14,5,5,5,5,5,5,5,5,5,5,5,5,5,5,5,5,5,5,5,5,5,5,5,5,5,5,5,5,5,5,5,5,5,5,5,5,5,5,5,5,5,5,5,5,5,5,5,5,5,5,5,5,5,5,5,5,5,5,5,5,5,5,5,5
85,866,887,879,852,866,874,859,864,894,869,887,869,861,866,871,854,893,895,884,886,871,863,875,864,905,888,886,897,888,875,881,861,887,890,904,896,883,868,889,862,902,916,893,914,894,892,882,889,923,908,889,898,894,895,894,899,954,902,920,909,893,900,889,883,9,7,5,6,6,6,8,8,7,8,8,7,8,6,6,7,12,9,7,8,6,8,7,8,8,7,8,6,7,9,7,9,10,6,6,7,9,7,6,8,11,10,9,7,9,7,8,11,7,13,10,11,6,9,9,15,11,20,9,14,8,9,10,16,5,5,5,5,5,5,5,5,5,5,5,5,5,5,5,5,5,5,5,5,5,5,5,5,5,5,5,5,5,5,5,5,5,5,5,5,5,5,5,5,5,5,5,5,5,5,5,5,5,5,5,5,5,5,5,5,5,5,5,5,5,5,5,5
86,879,885,873,868,862,861,860,867,871,902,876,878,868,861,866,855,879,879,879,869,869,851,856,865,913,891,888,892,874,874,857,871,895,894,887,894,884,866,885,879,908,906,897,903,898,888,884,870,916,890,918,917,906,901,897,897,929,921,922,920,922,882,905,880,7,7,5,8,7,7,6,8,9,8,6,7,6,4,7,7,12,10,7,8,6,5,5,8,10,7,7,6,6,7,8,7,8,7,6,7,9,7,7,7,11,8,7,9,8,7,7,10,8,11,10,8,8,8,8,10,11,13,8,9,11,7,9,14,5,5,5,5,5,5,5,5,5,5,5,5,5,5,5,5,5,5,5,5,5,5,5,5,5,5,5,5,5,5,5,5,5,5,5,5,5,5,5,5,5,5,5,5,5,5,5,5,5,5,5,5,5,5,5,5,5,5,5,5,5,5,5,5
87,869,883,866,876,854,850,863,854,888,886,866,871,863,855,852,859,899,889,880,891,871,885,867,855,882,888,892,890,881,865,879,864,885,905,903,886,884,875,870,885,890,919,901,904,905,877,873,861,908,918,901,897,901,895,899,893,935,931,904,909,897,901,888,932,7,9,9,8,6,6,7,8,12,7,7,6,8,6,6,8,11,8,7,8,7,8,8,8,8,7,7,6,7,6,7,10,9,8,7,7,8,8,8,9,7,11,6,8,9,6,8,9,8,8,8,8,6,7,10,18,8,16,8,9,6,10,9,22,5,5,5,5,5,5,5,5,5,5,5,5,5,5,5,5,5,5,5,5,5,5,5,5,5,5,5,5,5,5,5,5,5,5,5,5,5,5,5,5,5,5,5,5,5,5,5,5,5,5,5,5,5,5,5,5,5,5,5,5,5,5,5,5
88,871,881,863,860,878,853,839,853,888,878,879,877,865,860,865,851,906,908,884,874,865,870,867,866,926,882,907,881,879,884,870,864,897,894,886,889,890,882,863,873,898,908,891,886,894,891,882,873,918,886,893,901,900,897,904,887,921,912,902,909,906,915,888,895,6,8,7,7,5,6,7,7,7,6,6,5,9,5,7,8,9,10,7,6,5,6,6,6,13,6,9,6,7,6,7,8,7,8,7,6,7,8,6,7,8,7,6,8,8,8,9,7,11,15,9,11,7,6,9,13,11,13,7,9,9,8,9,19,5,5,5,5,5,5,5,5,5,5,5,5,5,5,5,5,5,5,5,5,5,5,5,5,5,5,5,5,5,5,5,5,5,5,5,5,5,5,5,5,5,5,5,5,5,5,5,5,5,5,5,5,5,5,5,5,5,5,5,5,5,5,5,5
89,865,875,879,884,867,862,862,840,908,892,884,870,859,876,862,866,877,878,884,872,881,867,870,853,896,889,893,883,856,881,888,875,905,891,892,893,889,900,881,882,900,913,911,896,898,893,876,881,910,939,911,886,899,890,884,892,919,894,919,917,915,907,882,885,12,7,7,8,7,7,7,6,10,7,8,7,7,8,6,7,9,8,8,7,6,6,7,6,8,7,8,6,7,6,7,12,9,7,7,8,8,8,8,11,9,7,7,9,11,8,12,9,11,10,10,9,9,6,8,16,15,13,8,16,9,7,12,27,5,5,5,5,5,5,5,5,5,5,5,5,5,5,5,5,5,5,5,5,5,5,5,5,5,5,5,5,5,5,5,5,5,5,5,5,5,5,5,5,5,5,5,5,5,5,5,5,5,5,5,5,5,5,5,5,5,5,5,5,5,5,5,5
90,876,885,875,861,865,850,866,847,888,890,870,876,865,858,870,854,864,900,873,882,865,872,856,867,911,897,886,865,882,871,866,864,896,892,900,874,895,881,883,873,902,891,910,899,873,882,875,881,904,903,908,904,895,896,887,882,918,921,902,906,902,916,919,860,6,6,8,7,7,7,7,8,8,7,7,6,7,6,8,5,10,7,8,8,6,6,6,7,13,8,7,6,7,7,6,9,11,7,7,9,7,6,7,6,9,7,7,7,8,6,10,9,8,14,8,8,7,6,8,12,10,10,10,11,8,12,9,18,5,5,5,5,5,5,5,5,5,5,5,5,5,5,5,5,5,5,5,5,5,5,5,5,5,5,5,5,5,5,5,5,5,5,5,5,5,5,5,5,5,5,5,5,5,5,5,5,5,5,5,5,5,5,5,5,5,5,5,5,5,5,5,5
91,892,873,857,867,857,856,849,865,871,881,885,872,876,854,862,872,880,894,882,876,879,855,856,863,899,903,895,873,883,872,872,862,904,905,899,892,878,884,871,887,917,923,902,894,894,891,885,864,892,919,882,891,900,892,888,870,926,940,901,917,894,897,899,890,8,7,6,7,7,7,8,11,8,6,7,8,7,5,6,8,10,10,6,7,6,7,6,6,12,6,8,7,7,7,7,8,9,8,6,7,9,6,7,8,10,10,7,8,9,8,7,11,8,12,10,11,7,7,12,13,12,17,9,12,7,11,9,14,5,5,5,5,5,5,5,5,5,5,5,5,5,5,5,5,5,5,5,5,5,5,5,5,5,5,5,5,5,5,5,5,5,5,5,5,5,5,5,5,5,5,5,5,5,5,5,5,5,5,5,5,5,5,5,5,5,5,5,5,5,5,5,5
92,880,880,861,860,861,848,860,848,880,871,869,879,870,861,853,852,881,894,891,873,882,869,861,859,892,905,906,881,884,870,875,860,902,895,891,890,877,875,871,869,918,919,906,886,882,896,880,900,936,914,898,901,900,895,892,892,902,908,916,906,867,899,893,885,8,8,7,7,6,6,6,6,10,6,7,6,6,5,6,6,8,9,8,7,6,5,7,7,8,6,8,6,7,6,6,8,10,7,6,7,8,7,8,7,7,7,6,7,7,8,7,10,8,18,9,9,10,9,6,13,12,13,8,13,7,9,10,24,5,5,5,5,5,5,5,5,5,5,5,5,5,5,5,5,5,5,5,5,5,5,5,5,5,5,5,5,5,5,5,5,5,5,5,5,5,5,5,5,5,5,5,5,5,5,5,5,5,5,5,5,5,5,5,5,5,5,5,5,5,5,5,5
93,883,871,872,869,857,852,845,858,888,879,866,874,867,881,868,864,896,878,883,896,888,874,874,859,902,887,880,879,896,875,871,847,890,899,900,872,891,899,875,879,899,933,895,880,908,879,883,872,908,898,904,897,912,892,898,902,924,897,922,890,906,900,897,919,12,8,6,9,6,7,7,8,9,7,7,7,6,7,7,6,10,14,7,10,6,7,7,8,11,8,8,6,7,8,6,10,11,9,7,7,6,7,8,7,8,6,8,8,11,9,8,7,9,12,8,7,7,8,9,12,15,18,7,9,9,11,7,13,5,5,5,5,5,5,5,5,5,5,5,5,5,5,5,5,5,5,5,5,5,5,5,5,5,5,5,5,5,5,5,5,5,5,5,5,5,5,5,5,5,5,5,5,5,5,5,5,5,5,5,5,5,5,5,5,5,5,5,5,5,5,5,5
94,878,867,872,866,858,861,857,851,882,872,872,866,860,852,864,857,872,885,876,882,864,876,860,869,897,889,895,884,883,882,865,855,901,902,894,907,898,894,875,877,907,905,899,901,875,880,878,892,913,910,901,898,887,889,886,896,918,878,906,910,897,882,892,896,9,7,6,7,5,8,7,7,9,6,6,6,7,6,6,6,9,10,6,8,6,7,7,6,7,7,9,5,7,8,7,8,10,7,6,6,7,6,6,6,7,9,8,7,8,6,7,9,8,11,9,8,7,7,9,9,18,12,8,11,8,8,8,20,5,5,5,5,5,5,5,5,5,5,5,5,5,5,5,5,5,5,5,5,5,5,5,5,5,5,5,5,5,5,5,5,5,5,5,5,5,5,5,5,5,5,5,5,5,5,5,5,5,5,5,5,5,5,5,5,5,5,5,5,5,5,5,5
95,885,886,880,885,861,849,851,846,891,905,865,873,866,866,867,842,902,867,878,877,879,882,854,869,900,899,889,885,886,874,868,859,885,893,891,888,896,884,876,883,915,907,895,876,909,891,886,891,928,899,901,894,891,891,883,880,929,935,914,901,905,902,922,850,8,9,7,8,6,7,8,9,8,9,5,6,10,6,8,7,11,9,6,7,6,9,6,6,10,7,6,6,7,5,6,8,8,8,7,7,8,6,7,7,7,7,7,7,9,9,11,10,10,12,9,12,9,7,8,9,11,18,9,13,9,8,11,14,5,5,5,5,5,5,5,5,5,5,5,5,5,5,5,5,5,5,5,5,5,5,5,5,5,5,5,5,5,5,5,5,5,5,5,5,5,5,5,5,5,5,5,5,5,5,5,5,5,5,5,5,5,5,5,5,5,5,5,5,5,5,5,5
96,893,879,869,867,858,863,864,843,878,888,887,881,860,853,872,861,901,890,882,881,871,860,859,856,895,875,882,881,896,893,873,854,889,896,892,892,885,881,887,876,908,914,895,903,880,891,891,889,921,930,897,898,891,881,904,891,936,952,904,919,887,905,880,863,8,8,8,8,6,8,6,8,9,7,6,6,6,6,8,5,11,8,7,7,7,6,5,7,11,7,8,7,5,7,7,8,9,8,6,6,7,6,8,10,11,9,7,9,9,6,10,10,11,15,8,10,8,6,10,19,14,23,8,9,10,8,8,18,5,5,5,5,5,5,5,5,5,5,5,5,5,5,5,5,5,5,5,5,5,5,5,5,5,5,5,5,5,5,5,5,5,5,5,5,5,5,5,5,5,5,5,5,5,5,5,5,5,5,5,5,5,5,5,5,5,5,5,5,5,5,5,5
97,883,865,875,862,858,859,855,859,868,871,885,880,880,861,856,863,882,890,883,909,866,873,865,856,914,889,890,873,870,874,872,869,906,895,883,894,896,878,874,867,910,907,883,898,885,907,902,862,901,908,895,884,906,894,892,875,921,910,912,909,897,908,891,907,8,7,6,8,6,10,8,8,9,8,8,7,6,5,7,8,9,8,8,10,8,8,6,10,13,8,8,7,7,7,7,11,11,8,8,7,7,8,5,7,6,8,7,11,8,8,9,8,8,10,11,12,7,8,9,13,15,12,7,17,8,11,11,14,5,5,5,5,5,5,5,5,5,5,5,5,5,5,5,5,5,5,5,5,5,5,5,5,5,5,5,5,5,5,5,5,5,5,5,5,5,5,5,5,5,5,5,5,5,5,5,5,5,5,5,5,5,5,5,5,5,5,5,5,5,5,5,5
98,882,887,864,863,860,864,865,871,877,892,868,883,863,857,862,852,886,873,886,881,877,874,869,856,900,889,894,878,885,877,871,850,911,903,869,896,889,879,883,876,901,910,901,902,888,883,881,897,886,904,904,910,909,885,891,865,929,905,901,919,908,905,903,865,10,10,7,8,6,9,6,6,8,7,6,7,7,5,6,7,11,7,8,6,7,7,6,8,8,7,6,6,8,5,8,9,11,8,6,7,9,7,8,6,7,8,7,9,9,7,9,7,11,12,8,8,6,6,9,9,12,12,8,12,10,11,12,18,5,5,5,5,5,5,5,5,5,5,5,5,5,5,5,5,5,5,5,5,5,5,5,5,5,5,5,5,5,5,5,5,5,5,5,5,5,5,5,5,5,5,5,5,5,5,5,5,5,5,5,5,5,5,5,5,5,5,5,5,5,5,5,5
99,883,870,870,861,871,866,843,842,887,872,875,873,858,869,861,860,885,892,867,887,883,867,863,872,917,907,897,885,874,878,886,880,904,906,902,886,894,887,878,873,904,897,890,891,871,879,888,875,903,910,901,905,908,891,873,867,924,929,916,919,912,905,898,899,10,7,5,7,7,6,7,7,10,7,6,7,7,5,7,6,8,8,8,8,8,7,6,7,10,9,7,8,6,8,10,10,11,7,7,8,8,7,6,8,10,8,6,9,10,7,7,8,13,9,8,8,11,6,8,15,10,15,8,13,10,9,11,17,5,5,5,5,5,5,5,5,5,5,5,5,5,5,5,5,5,5,5,5,5,5,5,5,5,5,5,5,5,5,5,5,5,5,5,5,5,5,5,5,5,5,5,5,5,5,5,5,5,5,5,5,5,5,5,5,5,5,5,5,5,5,5,5
100,881,868,874,876,857,844,856,844,887,879,871,880,874,862,864,860,879,896,886,871,874,875,846,856,887,885,888,876,882,880,882,863,910,904,890,876,890,873,878,884,901,905,905,897,896,885,897,863,894,898,905,895,895,904,887,894,923,926,909,919,908,894,901,902,8,6,7,7,7,6,6,8,11,6,6,7,6,5,6,5,8,8,6,8,6,7,7,5,8,6,8,6,8,7,6,8,7,7,6,6,6,7,5,7,8,7,8,8,8,8,8,9,7,10,10,8,8,8,8,13,13,13,7,11,12,10,7,17,5,5,5,5,5,5,5,5,5,5,5,5,5,5,5,5,5,5,5,5,5,5,5,5,5,5,5,5,5,5,5,5,5,5,5,5,5,5,5,5,5,5,5,5,5,5,5,5,5,5,5,5,5,5,5,5,5,5,5,5,5,5,5,5
101,890,873,885,866,870,858,840,843,884,894,873,870,862,861,869,867,895,890,890,870,871,862,868,865,884,879,883,876,876,858,873,863,899,897,889,887,865,886,873,865,899,906,894,903,890,892,891,870,922,910,909,896,912,895,881,898,901,853,914,910,901,892,893,876,11,8,8,8,8,7,8,8,9,7,5,8,8,6,6,7,13,10,8,9,8,7,7,7,11,8,8,7,6,6,7,10,11,8,6,9,8,6,7,8,11,7,8,12,11,8,7,9,8,12,9,8,9,9,10,10,13,17,7,14,9,10,12,17,5,5,5,5,5,5,5,5,5,5,5,5,5,5,5,5,5,5,5,5,5,5,5,5,5,5,5,5,5,5,5,5,5,5,5,5,5,5,5,5,5,5,5,5,5,5,5,5,5,5,5,5,5,5,5,5,5,5,5,5,5,5,5,5
102,872,878,876,861,856,851,849,864,872,875,884,873,851,870,852,843,909,886,881,879,876,878,870,865,907,888,881,896,868,879,855,883,904,887,893,888,884,886,881,874,901,895,904,887,876,898,882,874,912,922,902,907,887,904,886,890,927,941,910,898,904,902,896,907,8,6,5,6,6,6,7,8,7,7,6,7,8,6,6,7,9,8,6,7,6,8,6,6,11,7,8,5,6,7,5,9,9,6,6,6,8,6,7,10,9,8,7,8,10,8,8,7,10,10,14,9,7,6,8,10,9,14,7,10,11,9,8,21,5,5,5,5,5,5,5,5,5,5,5,5,5,5,5,5,5,5,5,5,5,5,5,5,5,5,5,5,5,5,5,5,5,5,5,5,5,5,5,5,5,5,5,5,5,5,5,5,5,5,5,5,5,5,5,5,5,5,5,5,5,5,5,5
103,902,869,865,861,870,847,863,846,899,888,873,887,864,872,859,849,871,865,870,867,875,877,879,858,908,895,901,895,897,872,879,869,908,890,896,892,882,886,886,866,905,894,914,898,889,892,885,892,898,885,904,878,887,890,879,876,942,911,909,898,900,895,890,856,11,9,7,8,5,7,7,8,8,9,6,8,7,6,8,7,9,10,8,9,7,7,5,7,10,9,11,5,8,8,7,8,10,8,8,8,9,6,7,9,10,8,7,9,9,8,8,8,11,14,9,11,7,7,9,12,15,15,8,11,9,11,9,19,5,5,5,5,5,5,5,5,5,5,5,5,5,5,5,5,5,5,5,5,5,5,5,5,5,5,5,5,5,5,5,5,5,5,5,5,5,5,5,5,5,5,5,5,5,5,5,5,5,5,5,5,5,5,5,5,5,5,5,5,5,5,5,5
104,867,886,868,863,857,852,848,848,895,880,872,868,872,864,857,862,874,862,878,869,874,872,871,850,886,903,895,888,881,878,877,876,888,903,892,895,901,886,861,882,891,891,897,898,890,883,884,876,918,934,910,880,900,900,887,905,930,902,904,910,904,897,903,881,9,7,7,7,6,6,5,9,9,7,7,7,7,5,5,5,11,8,8,7,5,7,7,6,9,6,7,6,8,5,7,7,8,9,7,7,9,6,8,8,7,8,7,8,9,7,7,8,9,13,8,9,6,6,8,13,12,12,7,12,8,8,11,13,5,5,5,5,5,5,5,5,5,5,5,5,5,5,5,5,5,5,5,5,5,5,5,5,5,5,5,5,5,5,5,5,5,5,5,5,5,5,5,5,5,5,5,5,5,5,5,5,5,5,5,5,5,5,5,5,5,5,5,5,5,5,5,5
105,870,885,874,877,861,857,861,852,865,884,873,875,886,864,857,836,891,872,875,879,873,869,868,872,901,891,877,895,877,869,872,854,897,887,893,893,873,891,862,884,903,921,900,891,892,897,891,879,906,922,902,903,889,897,886,874,914,913,897,912,893,898,882,902,11,9,6,12,7,8,8,8,7,7,7,6,7,6,7,5,13,10,6,7,6,7,6,6,9,8,7,7,7,7,6,8,7,8,6,7,8,6,7,7,8,10,7,9,8,8,9,9,11,12,9,8,9,8,10,14,11,13,8,12,13,9,7,16,5,5,5,5,5,5,5,5,5,5,5,5,5,5,5,5,5,5,5,5,5,5,5,5,5,5,5,5,5,5,5,5,5,5,5,5,5,5,5,5,5,5,5,5,5,5,5,5,5,5,5,5,5,5,5,5,5,5,5,5,5,5,5,5
106,866,882,871,868,861,864,860,855,889,872,884,873,876,859,864,868,882,893,882,884,865,864,858,872,897,888,900,883,877,861,879,875,908,898,908,879,886,882,893,888,898,913,900,902,890,884,896,871,923,913,917,907,888,882,894,868,923,893,888,888,890,894,892,873,7,8,5,6,5,6,6,7,7,7,6,6,7,5,6,7,10,8,7,7,6,7,5,6,11,7,9,6,6,6,7,7,11,6,7,8,6,7,5,10,9,8,7,10,9,7,10,8,9,9,10,9,7,8,7,14,11,12,8,9,6,7,8,15,5,5,5,5,5,5,5,5,5,5,5,5,5,5,5,5,5,5,5,5,5,5,5,5,5,5,5,5,5,5,5,5,5,5,5,5,5,5,5,5,5,5,5,5,5,5,5,5,5,5,5,5,5,5,5,5,5,5,5,5,5,5,5,5
107,882,880,859,863,868,858,866,839,881,872,869,879,868,853,862,858,892,887,868,890,874,864,870,862,890,879,887,896,870,876,864,875,911,899,902,890,892,895,876,868,905,904,893,914,893,876,888,888,909,927,909,900,893,902,891,886,910,903,928,905,914,883,886,882,11,8,7,8,8,6,7,7,8,6,7,6,7,5,7,7,11,10,7,8,8,6,7,8,10,7,9,7,7,8,8,12,11,8,6,7,8,9,7,8,9,7,7,6,9,8,8,9,9,13,8,8,9,10,7,16,17,18,10,11,10,7,11,25,5,5,5,5,5,5,5,5,5,5,5,5,5,5,5,5,5,5,5,5,5,5,5,5,5,5,5,5,5,5,5,5,5,5,5,5,5,5,5,5,5,5,5,5,5,5,5,5,5,5,5,5,5,5,5,5,5,5,5,5,5,5,5,5
108,866,879,863,883,859,854,856,855,895,886,874,875,869,863,854,873,892,874,868,882,875,870,871,862,876,886,885,887,893,886,870,861,902,904,887,882,892,869,878,873,891,910,890,896,885,879,883,853,904,895,891,898,887,892,886,882,911,955,904,897,916,907,905,916,8,6,6,7,5,6,5,6,6,6,5,7,6,6,6,6,11,9,6,6,7,6,7,7,9,7,7,5,9,6,9,10,11,8,6,8,6,7,7,6,8,7,8,8,8,6,9,6,6,10,9,11,8,6,7,12,10,25,8,12,10,12,8,13,5,5,5,5,5,5,5,5,5,5,5,5,5,5,5,5,5,5,5,5,5,5,5,5,5,5,5,5,5,5,5,5,5,5,5,5,5,5,5,5,5,5,5,5,5,5,5,5,5,5,5,5,5,5,5,5,5,5,5,5,5,5,5,5
109,855,876,873,870,858,880,867,851,883,887,878,867,875,864,861,868,874,892,879,876,868,874,876,846,909,905,893,866,874,876,888,854,899,898,900,888,889,885,895,855,905,900,891,898,894,892,882,857,923,928,901,896,902,890,896,874,947,903,910,920,906,920,891,876,10,9,7,8,7,10,8,7,9,7,8,6,6,6,6,7,10,9,7,8,5,6,7,7,10,7,11,6,6,7,8,8,9,7,7,6,10,7,8,7,8,9,7,9,8,8,8,8,10,11,9,11,8,7,10,12,15,12,7,9,7,13,10,17,5,5,5,5,5,5,5,5,5,5,5,5,5,5,5,5,5,5,5,5,5,5,5,5,5,5,5,5,5,5,5,5,5,5,5,5,5,5,5,5,5,5,5,5,5,5,5,5,5,5,5,5,5,5,5,5,5,5,5,5,5,5,5,5
110,889,885,873,863,873,851,859,848,870,879,875,866,871,871,857,861,891,892,875,882,870,877,872,871,900,889,887,884,875,881,884,865,902,891,900,894,896,878,870,879,890,907,888,902,898,881,867,880,897,910,912,915,892,910,892,877,914,898,922,897,896,910,906,883,9,8,8,8,6,7,6,7,8,6,7,5,6,6,6,7,10,13,7,7,5,6,8,8,9,7,6,7,7,6,7,9,12,7,6,7,6,7,7,10,7,7,7,7,8,8,8,7,9,11,11,11,9,8,10,11,8,14,8,12,10,7,6,19,5,5,5,5,5,5,5,5,5,5,5,5,5,5,5,5,5,5,5,5,5,5,5,5,5,5,5,5,5,5,5,5,5,5,5,5,5,5,5,5,5,5,5,5,5,5,5,5,5,5,5,5,5,5,5,5,5,5,5,5,5,5,5,5
111,899,879,872,867,857,862,862,852,882,879,877,874,861,869,861,859,892,871,872,873,869,874,875,858,890,895,898,886,880,873,883,883,909,909,892,903,891,890,895,884,918,906,910,894,887,882,887,878,917,916,909,911,917,891,890,903,919,895,899,914,886,891,910,888,9,6,7,7,6,6,7,8,7,8,7,6,7,7,7,7,9,7,10,8,7,6,7,7,9,8,10,5,7,6,7,10,11,7,6,8,9,5,7,8,9,8,7,9,8,6,10,8,10,16,9,9,7,7,8,13,11,13,9,9,11,6,9,15,5,5,5,5,5,5,5,5,5,5,5,5,5,5,5,5,5,5,5,5,5,5,5,5,5,5,5,5,5,5,5,5,5,5,5,5,5,5,5,5,5,5,5,5,5,5,5,5,5,5,5,5,5,5,5,5,5,5,5,5,5,5,5,5
112,890,879,874,847,856,854,854,852,875,884,879,876,866,875,857,855,888,893,885,883,881,853,871,859,903,896,898,884,879,869,867,853,899,892,893,875,891,871,886,876,921,897,896,896,890,884,887,876,912,925,903,890,878,876,892,909,926,918,906,905,901,904,891,920,9,9,7,6,6,7,7,8,8,7,5,6,8,6,6,7,11,12,7,6,5,6,6,8,10,6,9,6,8,7,7,9,10,8,6,7,6,7,7,9,8,6,8,7,9,7,8,7,10,10,11,9,8,8,7,12,12,12,8,12,9,8,8,22,5,5,5,5,5,5,5,5,5,5,5,5,5,5,5,5,5,5,5,5,5,5,5,5,5,5,5,5,5,5,5,5,5,5,5,5,5,5,5,5,5,5,5,5,5,5,5,5,5,5,5,5,5,5,5,5,5,5,5,5,5,5,5,5
113,882,878,876,860,871,871,857,867,895,893,884,873,858,851,875,861,906,867,882,878,877,876,871,869,887,902,882,889,872,871,878,879,918,904,882,889,885,884,876,878,896,901,905,875,882,899,877,904,915,933,920,911,897,896,893,871,919,929,927,886,927,902,926,897,9,8,8,8,5,9,7,8,9,8,7,5,7,7,8,7,13,10,7,8,6,5,6,6,10,7,7,7,6,7,8,7,12,6,6,7,8,6,7,8,7,7,5,10,9,9,8,9,9,15,9,7,8,8,10,12,12,12,10,10,8,9,10,21,5,5,5,5,5,5,5,5,5,5,5,5,5,5,5,5,5,5,5,5,5,5,5,5,5,5,5,5,5,5,5,5,5,5,5,5,5,5,5,5,5,5,5,5,5,5,5,5,5,5,5,5,5,5,5,5,5,5,5,5,5,5,5,5
114,896,879,869,870,864,853,849,863,888,878,870,881,877,858,865,864,905,882,897,879,860,880,861,853,900,897,892,886,883,878,865,868,898,903,891,889,882,875,874,889,924,904,893,897,889,893,874,882,928,885,902,910,891,891,891,874,914,899,927,901,908,893,907,912,7,7,6,7,6,8,7,7,6,7,6,7,7,7,7,6,12,8,7,8,6,6,6,6,12,7,8,5,8,6,9,10,9,8,5,7,8,6,6,6,6,7,7,8,9,8,8,6,9,10,9,11,8,7,7,12,9,13,7,12,9,10,8,10,5,5,5,5,5,5,5,5,5,5,5,5,5,5,5,5,5,5,5,5,5,5,5,5,5,5,5,5,5,5,5,5,5,5,5,5,5,5,5,5,5,5,5,5,5,5,5,5,5,5,5,5,5,5,5,5,5,5,5,5,5,5,5,5
115,869,868,866,878,865,866,851,841,894,888,874,870,859,862,868,851,904,892,876,886,873,873,857,862,917,896,911,892,876,887,858,875,904,890,885,888,875,881,874,886,910,896,888,885,895,889,898,875,918,919,914,921,900,911,897,897,923,910,912,920,916,885,904,890,11,8,7,7,6,9,7,7,10,8,7,5,8,6,6,6,9,9,7,8,7,7,6,7,9,8,12,6,7,6,7,7,11,7,7,8,7,9,7,8,10,7,6,9,9,8,10,13,9,11,10,10,11,8,9,9,9,18,7,10,12,10,8,15,5,5,5,5,5,5,5,5,5,5,5,5,5,5,5,5,5,5,5,5,5,5,5,5,5,5,5,5,5,5,5,5,5,5,5,5,5,5,5,5,5,5,5,5,5,5,5,5,5,5,5,5,5,5,5,5,5,5,5,5,5,5,5,5
116,889,869,867,870,867,853,855,848,892,885,877,871,866,861,861,843,888,896,873,884,879,870,872,864,888,893,878,874,892,878,887,870,909,896,899,893,900,884,878,860,913,895,902,909,886,887,873,870,916,908,897,908,907,893,882,870,920,912,922,898,904,896,930,885,10,7,10,8,6,7,6,7,7,7,6,6,7,6,6,6,10,7,7,7,6,7,6,5,10,7,8,6,6,7,9,8,11,7,6,8,6,9,7,8,9,8,8,11,7,7,8,6,11,10,8,10,7,7,9,11,13,16,9,9,9,9,13,30,5,5,5,5,5,5,5,5,5,5,5,5,5,5,5,5,5,5,5,5,5,5,5,5,5,5,5,5,5,5,5,5,5,5,5,5,5,5,5,5,5,5,5,5,5,5,5,5,5,5,5,5,5,5,5,5,5,5,5,5,5,5,5,5
117,893,871,879,873,866,864,860,853,868,885,875,878,864,866,858,854,908,875,877,862,879,870,864,855,909,879,883,888,877,882,879,880,906,897,888,896,889,890,876,870,909,895,903,893,899,885,870,880,921,894,897,906,906,893,874,878,945,903,901,909,910,902,885,4000,12,6,8,8,6,7,7,10,10,6,7,7,9,5,8,6,16,9,8,8,5,7,6,8,8,8,6,5,7,9,7,9,11,11,6,7,8,6,6,10,11,8,7,10,10,7,7,11,9,14,10,8,7,7,8,12,17,10,8,8,9,9,7,30,5,5,5,5,5,5,5,5,5,5,5,5,5,5,5,5,5,5,5,5,5,5,5,5,5,5,5,5,5,5,5,5,5,5,5,5,5,5,5,5,5,5,5,5,5,5,5,5,5,5,5,5,5,5,5,5,5,5,5,5,5,5,5,255
118,892,882,867,876,853,850,864,858,880,876,868,857,860,872,853,849,886,894,886,877,871,871,870,846,900,902,888,885,875,867,880,864,904,906,888,891,883,883,887,874,917,898,899,882,894,887,897,866,902,917,909,901,890,893,889,865,910,904,897,923,908,915,894,4000,10,7,7,7,5,7,6,7,8,7,7,6,7,6,7,7,11,9,7,7,7,6,7,6,8,8,7,7,6,7,8,9,10,8,6,7,7,6,7,6,6,8,7,7,8,6,7,8,8,9,10,11,7,7,9,13,12,10,8,9,10,11,7,15,5,5,5,5,5,5,5,5,5,5,5,5,5,5,5,5,5,5,5,5,5,5,5,5,5,5,5,5,5,5,5,5,5,5,5,5,5,5,5,5,5,5,5,5,5,5,5,5,5,5,5,5,5,5,5,5,5,5,5,5,5,5,5,10
119,888,887,875,866,861,861,861,862,883,895,884,870,876,859,874,848,890,869,881,877,882,873,853,868,894,893,895,874,885,877,858,875,916,912,894,895,894,884,874,885,910,905,895,892,899,898,882,881,895,916,912,927,903,900,883,881,932,894,899,901,894,896,891,872,9,6,8,7,6,7,6,9,9,8,8,7,6,6,6,7,13,10,7,7,5,7,7,9,7,8,7,6,8,6,8,8,10,7,6,7,8,8,7,9,9,8,7,10,9,11,11,8,9,12,12,12,7,7,8,15,15,19,8,11,9,8,8,11,5,5,5,5,5,5,5,5,5,5,5,5,5,5,5,5,5,5,5,5,5,5,5,5,5,5,5,5,5,5,5,5,5,5,5,5,5,5,5,5,5,5,5,5,5,5,5,5,5,5,5,5,5,5,5,5,5,5,5,5,5,5,5,5
120,899,885,875,865,857,854,861,851,895,886,869,880,874,872,869,862,877,882,877,880,874,873,861,844,883,900,890,865,879,879,872,886,910,902,895,885,896,887,889,874,901,904,921,897,912,884,871,878,892,910,897,891,900,901,874,876,914,906,917,896,888,907,886,884,8,7,7,7,5,7,6,7,8,6,5,6,6,6,7,5,11,12,6,6,7,8,7,8,9,8,8,6,6,8,6,11,12,7,6,6,6,7,7,7,9,8,6,8,11,7,8,5,8,14,8,7,10,8,7,10,12,13,8,11,8,10,10,17,5,5,5,5,5,5,5,5,5,5,5,5,5,5,5,5,5,5,5,5,5,5,5,5,5,5,5,5,5,5,5,5,5,5,5,5,5,5,5,5,5,5,5,5,5,5,5,5,5,5,5,5,5,5,5,5,5,5,5,5,5,5,5,5
121,875,881,872,874,860,862,854,866,863,887,884,857,853,861,860,858,899,877,885,887,873,855,864,854,893,889,872,878,878,885,883,885,896,900,887,900,881,880,866,877,910,908,910,892,897,893,892,893,912,896,910,895,904,894,881,908,940,918,916,899,902,891,897,908,9,9,6,8,6,8,6,7,7,7,5,7,7,6,6,6,11,9,7,8,7,7,7,7,9,8,8,6,6,10,7,14,10,7,5,7,7,7,6,10,6,7,7,10,10,8,10,9,9,11,12,11,8,7,6,11,11,14,8,13,8,8,9,18,5,5,5,5,5,5,5,5,5,5,5,5,5,5,5,5,5,5,5,5,5,5,5,5,5,5,5,5,5,5,5,5,5,5,5,5,5,5,5,5,5,5,5,5,5,5,5,5,5,5,5,5,5,5,5,5,5,5,5,5,5,5,5,5
122,886,877,868,878,871,871,843,849,876,880,878,873,874,868,863,853,885,892,876,876,890,868,860,852,906,888,885,888,885,870,870,854,888,891,895,889,892,880,895,872,912,889,893,894,898,889,876,883,947,907,922,895,900,890,893,899,910,910,913,914,908,905,884,877,10,8,7,8,6,5,6,8,8,7,6,6,6,6,6,7,8,9,7,6,5,8,7,7,9,7,8,7,7,7,7,8,10,7,6,6,9,7,9,7,7,8,7,7,10,8,11,7,11,9,10,10,8,7,8,12,13,11,9,10,9,7,10,15,5,5,5,5,5,5,5,5,5,5,5,5,5,5,5,5,5,5,5,5,5,5,5,5,5,5,5,5,5,5,5,5,5,5,5,5,5,5,5,5,5,5,5,5,5,5,5,5,5,5,5,5,5,5,5,5,5,5,5,5,5,5,5,5
123,866,879,873,870,872,854,861,864,878,878,887,875,867,857,867,867,891,869,866,874,863,865,866,868,906,903,900,894,879,872,875,860,898,911,899,889,883,874,883,877,905,900,907,901,876,898,887,853,913,905,913,897,900,885,899,901,914,909,912,916,897,907,904,907,10,8,6,7,7,8,6,8,10,7,9,7,8,5,7,7,12,9,7,9,7,8,8,7,10,11,9,6,9,8,7,10,10,7,7,8,9,8,7,9,9,7,7,9,10,11,9,8,10,13,10,9,10,7,9,18,10,13,9,9,10,10,8,16,5,5,5,5,5,5,5,5,5,5,5,5,5,5,5,5,5,5,5,5,5,5,5,5,5,5,5,5,5,5,5,5,5,5,5,5,5,5,5,5,5,5,5,5,5,5,5,5,5,5,5,5,5,5,5,5,5,5,5,5,5,5,5,5
124,889,899,870,873,856,856,857,868,890,882,867,877,857,867,852,850,903,884,882,886,867,875,865,857,900,883,894,888,884,884,885,861,902,897,891,885,893,887,879,868,907,892,894,886,875,877,877,898,912,910,894,898,896,907,905,896,931,922,908,902,891,904,894,918,10,8,6,6,6,7,6,7,8,7,5,7,7,5,6,7,13,9,6,7,6,7,5,6,10,7,7,5,7,7,7,9,10,8,6,9,6,6,6,7,6,9,8,8,10,6,7,10,7,10,9,8,10,8,11,15,12,13,8,11,10,7,8,19,5,5,5,5,5,5,5,5,5,5,5,5,5,5,5,5,5,5,5,5,5,5,5,5,5,5,5,5,5,5,5,5,5,5,5,5,5,5,5,5,5,5,5,5,5,5,5,5,5,5,5,5,5,5,5,5,5,5,5,5,5,5,5,5
125,881,876,865,874,855,865,847,846,883,897,872,878,873,858,860,855,872,896,885,873,864,867,874,853,909,888,874,887,880,887,861,855,908,893,894,895,893,879,882,863,904,901,907,898,902,895,870,868,890,907,895,893,899,910,907,877,914,926,922,888,897,899,885,838,9,8,7,6,6,7,8,9,11,8,6,8,7,6,6,4,9,8,7,10,6,8,8,7,10,7,8,6,6,6,8,9,13,8,5,9,8,7,6,8,8,9,8,8,11,9,8,9,11,13,13,7,7,10,7,11,8,23,10,11,9,10,9,14,5,5,5,5,5,5,5,5,5,5,5,5,5,5,5,5,5,5,5,5,5,5,5,5,5,5,5,5,5,5,5,5,5,5,5,5,5,5,5,5,5,5,5,5,5,5,5,5,5,5,5,5,5,5,5,5,5,5,5,5,5,5,5,5
126,879,882,871,879,860,863,851,846,883,878,876,869,874,870,852,859,912,898,893,866,879,869,865,847,912,880,881,888,880,877,871,881,917,895,898,892,893,880,884,871,919,894,895,891,898,884,880,888,925,893,895,895,902,880,886,890,917,931,915,926,902,898,874,899,7,8,7,6,7,6,8,6,9,6,7,6,7,6,5,7,9,8,9,7,7,6,5,6,8,6,8,5,6,5,8,8,10,7,8,6,8,6,8,8,6,9,7,8,11,6,7,8,10,10,9,7,7,6,11,13,8,17,7,9,8,8,7,17,5,5,5,5,5,5,5,5,5,5,5,5,5,5,5,5,5,5,5,5,5,5,5,5,5,5,5,5,5,5,5,5,5,5,5,5,5,5,5,5,5,5,5,5,5,5,5,5,5,5,5,5,5,5,5,5,5,5,5,5,5,5,5,5
127,888,861,878,858,867,855,854,849,878,877,873,870,864,865,859,848,891,881,875,864,882,867,868,872,901,893,869,889,874,877,866,886,900,911,902,895,903,874,871,883,915,924,890,896,904,881,878,880,905,908,906,902,881,886,901,878,921,912,916,892,918,900,906,858,8,8,7,8,6,7,9,8,10,6,7,6,8,7,6,6,11,11,7,8,6,7,7,6,13,7,7,5,7,6,9,7,10,8,7,7,9,6,7,8,7,6,7,9,10,7,7,7,9,9,10,8,8,8,11,13,10,17,7,9,11,10,9,16,5,5,5,5,5,5,5,5,5,5,5,5,5,5,5,5,5,5,5,5,5,5,5,5,5,5,5,5,5,5,5,5,5,5,5,5,5,5,5,5,5,5,5,5,5,5,5,5,5,5,5,5,5,5,5,5,5,5,5,5,5,5,5,5
128,876,882,861,875,863,857,845,860,875,888,871,876,877,865,850,859,891,888,888,886,883,871,873,863,893,878,886,881,885,880,869,860,903,903,891,894,884,879,866,869,901,916,901,892,882,891,888,867,918,934,901,897,903,886,888,905,921,923,917,916,911,909,917,875,9,8,7,7,6,6,7,8,8,7,6,6,6,5,6,7,12,9,7,7,7,6,6,8,10,6,6,6,8,7,7,8,12,8,5,7,8,8,7,7,10,9,8,8,9,7,8,6,10,11,8,7,11,7,6,15,11,11,7,9,10,12,10,13,5,5,5,5,5,5,5,5,5,5,5,5,5,5,5,5,5,5,5,5,5,5,5,5,5,5,5,5,5,5,5,5,5,5,5,5,5,5,5,5,5,5,5,5,5,5,5,5,5,5,5,5,5,5,5,5,5,5,5,5,5,5,5,5
129,867,877,874,882,877,866,866,855,896,878,881,858,860,863,863,861,890,900,873,874,877,864,867,858,880,890,888,889,884,868,863,867,900,895,889,890,881,881,884,891,912,897,904,900,901,882,889,878,909,922,917,912,902,889,872,887,909,923,897,922,896,893,908,899,8,7,7,8,9,9,7,10,7,7,7,7,7,5,6,6,14,13,7,7,7,9,8,7,8,8,8,7,6,6,6,8,9,8,6,8,8,8,7,8,10,9,9,8,12,7,11,8,9,13,9,10,8,8,8,12,13,11,9,11,11,10,11,20,5,5,5,5,5,5,5,5,5,5,5,5,5,5,5,5,5,5,5,5,5,5,5,5,5,5,5,5,5,5,5,5,5,5,5,5,5,5,5,5,5,5,5,5,5,5,5,5,5,5,5,5,5,5,5,5,5,5,5,5,5,5,5,5
130,884,879,865,878,852,874,847,868,891,877,868,872,868,868,864,866,900,866,886,884,865,879,858,862,905,896,891,875,881,869,882,869,885,900,896,887,884,887,881,876,904,910,893,901,889,894,880,871,937,912,894,897,887,885,893,896,917,941,920,912,902,909,901,867,9,7,7,7,5,6,6,8,7,6,7,6,7,7,8,7,11,8,7,7,5,5,5,6,10,7,6,6,7,7,8,9,9,6,6,8,8,7,8,9,8,8,7,8,9,7,7,9,11,14,9,10,7,8,9,15,10,16,8,8,8,11,8,21,5,5,5,5,5,5,5,5,5,5,5,5,5,5,5,5,5,5,5,5,5,5,5,5,5,5,5,5,5,5,5,5,5,5,5,5,5,5,5,5,5,5,5,5,5,5,5,5,5,5,5,5,5,5,5,5,5,5,5,5,5,5,5,5
131,881,873,876,862,863,854,858,843,870,885,877,867,865,866,867,852,895,865,879,890,879,869,862,873,891,889,888,880,882,879,889,877,883,890,889,901,880,887,886,872,911,901,896,898,898,898,898,870,915,904,924,886,902,891,884,880,927,893,906,887,906,906,916,891,6,8,5,9,6,7,6,6,7,7,6,6,8,6,7,7,10,9,7,6,7,7,8,8,8,9,10,8,7,6,9,8,11,7,8,9,10,7,9,9,8,8,7,8,10,7,11,11,12,10,13,11,8,9,8,17,10,13,11,13,10,9,12,21,5,5,5,5,5,5,5,5,5,5,5,5,5,5,5,5,5,5,5,5,5,5,5,5,5,5,5,5,5,5,5,5,5,5,5,5,5,5,5,5,5,5,5,5,5,5,5,5,5,5,5,5,5,5,5,5,5,5,5,5,5,5,5,5
132,883,875,858,868,866,852,852,848,892,895,895,868,865,865,855,848,904,883,884,880,877,868,875,857,898,891,890,879,881,895,874,867,890,896,893,897,895,881,872,875,922,891,886,892,885,891,882,882,917,919,900,895,884,897,885,891,924,894,933,923,903,891,882,920,7,7,6,9,8,7,6,6,6,8,7,5,7,5,6,7,10,9,8,6,5,7,6,7,7,7,8,6,7,8,7,9,11,7,6,7,8,6,8,7,10,7,6,7,9,7,8,7,9,12,10,8,7,7,6,11,10,14,10,9,11,8,8,20,5,5,5,5,5,5,5,5,5,5,5,5,5,5,5,5,5,5,5,5,5,5,5,5,5,5,5,5,5,5,5,5,5,5,5,5,5,5,5,5,5,5,5,5,5,5,5,5,5,5,5,5,5,5,5,5,5,5,5,5,5,5,5,5
133,875,867,872,865,869,861,854,857,876,882,876,868,883,853,855,844,886,899,876,879,871,868,872,850,896,878,867,892,873,885,867,857,929,901,878,877,898,894,897,865,902,905,907,873,896,897,885,899,910,927,925,899,889,893,895,874,926,916,906,917,901,907,918,876,7,7,7,7,6,10,6,10,10,9,6,7,7,7,7,7,11,12,6,7,5,7,8,6,9,9,10,6,7,6,7,10,15,8,8,7,9,8,6,10,10,7,7,6,9,9,9,9,10,11,9,8,10,8,9,15,13,14,9,13,9,9,11,36,5,5,5,5,5,5,5,5,5,5,5,5,5,5,5,5,5,5,5,5,5,5,5,5,5,5,5,5,5,5,5,5,5,5,5,5,5,5,5,5,5,5,5,5,5,5,5,5,5,5,5,5,5,5,5,5,5,5,5,5,5,5,5,5
134,880,876,880,873,862,868,852,864,899,876,871,875,874,855,860,858,886,871,880,877,877,888,862,862,907,875,888,875,883,865,878,872,905,879,898,902,897,879,876,864,917,907,892,898,890,888,879,883,918,918,896,894,897,889,889,875,930,899,913,922,918,876,906,901,8,7,6,8,6,6,6,8,8,7,5,8,6,6,7,6,9,9,7,7,6,7,5,7,9,6,8,6,7,7,6,12,11,6,6,7,8,8,7,8,9,7,8,8,7,6,10,8,10,14,7,7,7,8,8,11,11,12,8,10,11,10,8,20,5,5,5,5,5,5,5,5,5,5,5,5,5,5,5,5,5,5,5,5,5,5,5,5,5,5,5,5,5,5,5,5,5,5,5,5,5,5,5,5,5,5,5,5,5,5,5,5,5,5,5,5,5,5,5,5,5,5,5,5,5,5,5,5
135,867,890,868,870,878,868,853,847,893,882,876,883,866,867,858,845,880,879,881,863,874,869,875,853,923,893,890,878,878,864,880,865,905,903,888,919,882,878,884,869,924,895,907,904,904,881,900,873,918,911,913,907,892,884,901,890,930,923,917,926,902,890,885,893,8,7,7,9,5,8,7,9,7,7,8,7,7,6,6,6,10,9,8,8,5,7,7,8,15,8,9,7,8,7,7,9,10,6,8,10,8,7,6,7,9,7,8,7,11,7,8,9,9,10,9,8,8,8,10,12,10,16,7,9,9,9,9,18,5,5,5,5,5,5,5,5,5,5,5,5,5,5,5,5,5,5,5,5,5,5,5,5,5,5,5,5,5,5,5,5,5,5,5,5,5,5,5,5,5,5,5,5,5,5,5,5,5,5,5,5,5,5,5,5,5,5,5,5,5,5,5,5
136,875,870,866,869,860,859,856,865,885,872,871,866,874,865,860,874,881,879,883,873,865,879,860,854,910,875,902,890,881,872,870,869,912,893,907,890,869,879,877,872,913,928,898,900,903,873,889,882,921,914,899,917,903,895,871,867,959,917,903,912,908,900,898,896,8,7,7,6,6,7,7,8,8,8,6,5,5,5,7,8,12,9,7,7,6,7,6,7,9,7,7,6,7,6,7,11,9,7,7,7,8,8,7,8,9,10,8,7,9,6,9,9,10,8,9,10,7,6,9,11,12,12,10,14,11,8,8,19,5,5,5,5,5,5,5,5,5,5,5,5,5,5,5,5,5,5,5,5,5,5,5,5,5,5,5,5,5,5,5,5,5,5,5,5,5,5,5,5,5,5,5,5,5,5,5,5,5,5,5,5,5,5,5,5,5,5,5,5,5,5,5,5
137,881,873,877,867,857,860,863,859,896,866,879,868,853,872,846,851,872,891,887,880,867,861,867,865,899,887,886,881,869,880,868,877,890,903,889,890,878,877,878,881,916,913,898,887,897,900,896,876,911,908,912,894,904,897,900,873,930,918,902,904,896,883,879,866,8,9,7,8,6,9,7,13,8,8,7,6,7,6,7,7,12,8,9,7,6,7,8,8,10,8,7,7,7,8,7,8,8,7,7,6,8,7,7,9,8,8,7,9,8,10,9,8,12,12,10,9,9,7,9,8,12,21,10,15,8,9,9,20,5,5,5,5,5,5,5,5,5,5,5,5,5,5,5,5,5,5,5,5,5,5,5,5,5,5,5,5,5,5,5,5,5,5,5,5,5,5,5,5,5,5,5,5,5,5,5,5,5,5,5,5,5,5,5,5,5,5,5,5,5,5,5,5
138,861,866,867,867,862,863,854,846,881,880,865,874,856,853,863,853,894,872,872,876,874,871,860,852,885,882,900,881,873,880,880,888,915,896,882,899,889,880,854,877,920,900,899,897,898,889,882,875,919,901,907,903,902,889,895,895,895,922,912,906,899,904,908,890,8,5,7,6,7,8,5,9,6,6,6,6,7,6,6,7,10,9,6,6,5,6,6,8,8,6,8,5,7,7,8,7,10,7,7,7,7,8,7,7,7,8,7,7,11,6,8,8,9,9,8,7,9,9,6,9,9,16,11,13,10,8,11,20,5,5,5,5,5,5,5,5,5,5,5,5,5,5,5,5,5,5,5,5,5,5,5,5,5,5,5,5,5,5,5,5,5,5,5,5,5,5,5,5,5,5,5,5,5,5,5,5,5,5,5,5,5,5,5,5,5,5,5,5,5,5,5,5
139,886,868,865,860,874,850,851,862,877,885,871,871,871,869,879,859,875,886,885,882,874,878,859,879,877,888,885,879,875,890,866,867,909,882,878,887,896,886,884,878,908,903,896,889,901,881,884,877,894,900,893,908,885,898,898,898,907,946,907,912,901,884,910,869,8,8,6,9,7,9,7,12,9,8,6,7,7,7,9,6,11,9,6,6,7,7,6,9,11,6,7,6,7,7,7,10,12,6,6,9,7,7,7,6,11,8,8,8,11,7,8,7,12,10,9,8,12,8,9,13,10,14,10,15,10,10,10,16,5,5,5,5,5,5,5,5,5,5,5,5,5,5,5,5,5,5,5,5,5,5,5,5,5,5,5,5,5,5,5,5,5,5,5,5,5,5,5,5,5,5,5,5,5,5,5,5,5,5,5,5,5,5,5,5,5,5,5,5,5,5,5,5
140,876,871,869,867,863,863,858,862,889,890,886,878,887,865,843,860,890,890,890,878,879,883,865,858,897,882,893,885,886,867,886,865,903,888,895,899,897,869,871,878,901,900,905,896,889,902,870,891,896,910,899,895,893,877,877,870,909,899,893,916,898,899,908,878,8,6,8,7,6,7,6,8,7,7,6,6,7,5,6,5,9,8,7,7,5,7,6,7,9,7,8,6,8,7,9,8,9,7,6,7,6,6,6,9,7,11,10,9,10,9,6,9,9,8,8,9,8,7,9,14,10,12,7,11,8,10,9,13,5,5,5,5,5,5,5,5,5,5,5,5,5,5,5,5,5,5,5,5,5,5,5,5,5,5,5,5,5,5,5,5,5,5,5,5,5,5,5,5,5,5,5,5,5,5,5,5,5,5,5,5,5,5,5,5,5,5,5,5,5,5,5,5
141,877,880,885,861,858,860,861,849,883,879,858,865,871,861,857,862,882,888,891,886,880,883,865,862,889,893,894,874,886,872,870,865,883,913,889,888,892,891,885,877,896,904,900,909,905,892,886,915,900,926,889,899,897,902,899,871,921,909,898,910,894,882,900,881,8,8,6,8,6,9,9,9,11,7,6,6,6,6,6,7,13,14,8,8,7,6,7,8,7,9,8,6,8,7,7,9,13,8,7,8,7,6,8,7,7,8,8,11,9,8,10,10,7,13,10,8,9,8,8,13,13,21,10,14,7,9,9,16,5,5,5,5,5,5,5,5,5,5,5,5,5,5,5,5,5,5,5,5,5,5,5,5,5,5,5,5,5,5,5,5,5,5,5,5,5,5,5,5,5,5,5,5,5,5,5,5,5,5,5,5,5,5,5,5,5,5,5,5,5,5,5,5
142,859,875,877,876,855,853,856,858,880,880,868,871,869,863,854,852,865,876,880,888,878,877,863,858,891,889,890,889,884,869,880,864,913,897,892,893,887,882,877,883,908,904,905,904,897,889,883,878,929,888,897,907,893,902,893,879,950,939,917,900,907,908,882,881,9,7,6,6,6,6,7,7,8,6,7,6,6,5,6,7,11,8,7,8,7,7,7,7,11,6,6,7,7,7,7,8,11,7,5,8,8,7,7,7,9,6,8,7,9,8,7,9,8,10,9,8,9,7,10,10,19,13,8,10,7,9,7,15,5,5,5,5,5,5,5,5,5,5,5,5,5,5,5,5,5,5,5,5,5,5,5,5,5,5,5,5,5,5,5,5,5,5,5,5,5,5,5,5,5,5,5,5,5,5,5,5,5,5,5,5,5,5,5,5,5,5,5,5,5,5,5,5
143,855,866,871,867,856,847,867,850,879,867,875,867,863,862,862,851,897,886,885,884,881,862,856,865,886,895,902,886,892,883,866,867,892,900,899,892,877,881,878,860,919,895,903,886,909,878,876,879,904,939,896,899,910,900,897,890,931,945,925,899,916,891,904,886,8,8,6,9,6,7,7,8,10,7,5,6,9,5,6,9,11,10,7,6,5,7,5,9,10,7,10,6,6,6,9,10,9,9,7,8,8,8,7,10,7,8,8,7,9,9,8,10,12,10,11,9,7,10,10,14,11,16,9,18,8,9,8,22,5,5,5,5,5,5,5,5,5,5,5,5,5,5,5,5,5,5,5,5,5,5,5,5,5,5,5,5,5,5,5,5,5,5,5,5,5,5,5,5,5,5,5,5,5,5,5,5,5,5,5,5,5,5,5,5,5,5,5,5,5,5,5,5
144,885,878,866,873,857,860,860,864,896,882,880,883,874,865,860,853,899,873,894,888,875,871,865,865,894,896,892,887,889,875,876,855,894,886,890,884,890,883,865,873,911,911,888,886,910,893,893,883,917,914,900,913,897,895,884,892,925,884,895,887,896,900,894,890,10,7,7,7,5,8,7,8,8,7,7,7,6,5,6,6,9,10,8,7,6,8,6,8,8,10,8,7,6,7,7,6,10,6,7,6,8,6,8,7,10,7,6,8,9,7,9,10,11,12,9,9,9,7,9,12,12,12,8,11,9,8,7,20,5,5,5,5,5,5,5,5,5,5,5,5,5,5,5,5,5,5,5,5,5,5,5,5,5,5,5,5,5,5,5,5,5,5,5,5,5,5,5,5,5,5,5,5,5,5,5,5,5,5,5,5,5,5,5,5,5,5,5,5,5,5,5,5
145,876,875,877,867,880,854,851,866,875,880,878,877,851,866,854,853,875,874,883,875,875,881,867,863,881,881,881,889,886,878,866,856,926,898,891,878,874,883,865,887,893,921,906,892,893,883,876,869,899,926,917,888,921,892,895,888,915,926,922,906,910,900,898,908,8,8,7,9,5,7,8,7,8,7,6,7,7,6,7,7,9,8,8,6,5,7,7,8,10,6,9,7,7,8,6,9,10,7,7,6,9,8,7,7,7,9,9,8,9,6,9,8,10,13,11,11,9,8,8,10,9,14,6,14,10,11,7,19,5,5,5,5,5,5,5,5,5,5,5,5,5,5,5,5,5,5,5,5,5,5,5,5,5,5,5,5,5,5,5,5,5,5,5,5,5,5,5,5,5,5,5,5,5,5,5,5,5,5,5,5,5,5,5,5,5,5,5,5,5,5,5,5
146,883,871,881,864,868,863,858,854,880,882,867,880,874,853,865,854,890,887,880,876,880,863,861,858,890,879,877,882,872,879,870,873,894,893,899,891,896,884,865,876,918,916,923,901,871,882,888,877,899,909,903,897,897,887,906,887,895,901,896,898,904,907,890,894,8,7,6,8,6,6,7,7,7,6,5,6,8,6,6,8,8,8,6,6,6,7,6,7,9,6,8,6,6,6,6,9,9,7,7,7,7,8,6,7,7,8,8,8,9,7,9,8,6,12,8,9,8,6,12,17,10,14,6,9,8,7,10,50,5,5,5,5,5,5,5,5,5,5,5,5,5,5,5,5,5,5,5,5,5,5,5,5,5,5,5,5,5,5,5,5,5,5,5,5,5,5,5,5,5,5,5,5,5,5,5,5,5,5,5,5,5,5,5,5,5,5,5,5,5,5,5,5
147,879,884,877,866,865,848,854,850,890,871,880,867,865,862,865,866,877,878,885,888,876,860,859,857,900,897,894,886,884,882,881,875,889,902,897,896,883,872,882,878,909,902,897,897,903,894,885,866,877,919,893,899,901,896,904,906,933,929,912,902,885,881,886,881,8,8,8,9,6,8,7,8,8,7,6,7,9,7,6,6,10,12,9,7,8,8,8,7,9,8,11,7,7,6,7,8,12,6,7,9,8,8,7,7,7,8,9,9,9,6,8,9,9,10,10,8,9,9,10,11,13,13,8,9,8,10,9,24,5,5,5,5,5,5,5,5,5,5,5,5,5,5,5,5,5,5,5,5,5,5,5,5,5,5,5,5,5,5,5,5,5,5,5,5,5,5,5,5,5,5,5,5,5,5,5,5,5,5,5,5,5,5,5,5,5,5,5,5,5,5,5,5
148,885,875,874,864,857,860,852,868,869,871,878,880,868,869,862,854,891,895,893,875,869,866,871,858,878,897,905,887,876,877,879,866,879,890,883,892,886,883,878,877,922,903,893,905,906,883,886,903,919,891,872,907,894,882,889,881,951,906,908,894,892,885,910,870,10,7,6,7,6,7,8,6,8,6,7,6,8,6,6,5,8,13,7,9,6,7,6,8,10,6,7,6,6,7,6,10,9,7,6,7,8,6,7,6,7,9,7,9,10,6,9,8,10,8,9,8,6,10,7,11,9,16,8,11,7,8,8,15,5,5,5,5,5,5,5,5,5,5,5,5,5,5,5,5,5,5,5,5,5,5,5,5,5,5,5,5,5,5,5,5,5,5,5,5,5,5,5,5,5,5,5,5,5,5,5,5,5,5,5,5,5,5,5,5,5,5,5,5,5,5,5,5
149,883,883,868,867,859,874,858,861,891,896,878,863,879,861,863,851,897,877,882,884,879,857,859,854,873,891,886,887,889,886,876,860,909,896,903,890,887,881,880,871,897,894,899,901,890,893,888,870,928,904,901,882,907,897,891,887,939,918,921,907,879,890,909,908,9,7,7,8,5,6,7,7,9,8,6,6,8,6,7,6,15,9,7,8,8,7,7,6,8,7,6,9,6,7,8,7,13,8,7,10,10,9,7,12,9,7,8,10,12,9,8,8,14,13,10,9,7,8,10,10,11,12,10,14,9,9,10,19,5,5,5,5,5,5,5,5,5,5,5,5,5,5,5,5,5,5,5,5,5,5,5,5,5,5,5,5,5,5,5,5,5,5,5,5,5,5,5,5,5,5,5,5,5,5,5,5,5,5,5,5,5,5,5,5,5,5,5,5,5,5,5,5
150,876,876,862,867,869,860,856,861,888,876,878,875,870,857,868,849,883,893,887,889,880,866,870,860,907,888,878,875,885,874,879,871,892,898,891,888,884,887,890,869,896,890,895,896,886,899,878,884,920,905,915,898,897,890,912,892,910,945,924,917,914,892,897,896,7,7,6,8,6,6,6,10,8,6,7,5,7,5,7,7,10,12,7,9,7,6,7,8,9,7,9,6,7,7,7,7,9,7,7,7,8,7,8,9,9,8,7,8,6,6,8,7,11,11,9,8,8,8,8,9,8,12,7,13,7,7,7,24,5,5,5,5,5,5,5,5,5,5,5,5,5,5,5,5,5,5,5,5,5,5,5,5,5,5,5,5,5,5,5,5,5,5,5,5,5,5,5,5,5,5,5,5,5,5,5,5,5,5,5,5,5,5,5,5,5,5,5,5,5,5,5,5
151,868,877,867,863,864,855,874,851,896,886,890,879,877,873,865,867,887,886,891,894,870,879,853,860,898,886,894,877,882,881,882,866,897,906,897,893,895,892,870,869,899,906,893,895,901,881,895,883,920,917,915,903,899,878,911,895,935,910,901,913,898,900,899,865,9,8,6,7,7,7,8,8,9,7,6,7,8,7,7,9,14,9,10,9,7,6,7,7,9,6,7,7,7,5,8,8,10,8,7,9,7,7,6,8,12,7,8,8,9,7,11,8,11,15,12,9,7,7,8,10,15,17,8,11,9,10,10,20,5,5,5,5,5,5,5,5,5,5,5,5,5,5,5,5,5,5,5,5,5,5,5,5,5,5,5,5,5,5,5,5,5,5,5,5,5,5,5,5,5,5,5,5,5,5,5,5,5,5,5,5,5,5,5,5,5,5,5,5,5,5,5,5
152,885,882,873,850,865,863,860,862,887,872,882,877,863,858,860,834,908,894,891,875,872,881,860,864,882,889,891,882,886,883,860,870,904,902,892,899,889,884,888,867,895,884,894,901,890,891,890,872,895,916,899,907,899,890,878,902,920,913,924,896,913,903,901,904,8,9,6,8,5,7,6,7,7,7,6,6,7,5,6,6,15,9,8,7,7,5,7,6,9,7,7,6,8,5,7,9,9,8,5,8,7,9,8,9,8,6,8,7,10,8,7,7,6,11,9,8,9,5,11,12,10,14,8,8,11,9,8,18,5,5,5,5,5,5,5,5,5,5,5,5,5,5,5,5,5,5,5,5,5,5,5,5,5,5,5,5,5,5,5,5,5,5,5,5,5,5,5,5,5,5,5,5,5,5,5,5,5,5,5,5,5,5,5,5,5,5,5,5,5,5,5,5
153,881,880,870,863,862,865,864,857,884,879,879,863,887,871,857,866,899,898,891,879,867,867,863,854,899,904,897,882,864,884,879,878,893,892,889,894,902,890,881,855,917,907,896,887,885,882,892,876,904,897,886,892,896,889,896,894,939,910,916,914,916,885,910,873,9,10,6,7,6,7,7,10,8,7,6,7,7,7,6,6,9,10,7,7,6,8,6,6,10,7,8,5,6,6,9,8,10,6,7,7,9,7,8,11,7,10,7,7,10,7,10,8,7,13,11,7,8,7,8,11,15,14,7,10,11,9,9,15,5,5,5,5,5,5,5,5,5,5,5,5,5,5,5,5,5,5,5,5,5,5,5,5,5,5,5,5,5,5,5,5,5,5,5,5,5,5,5,5,5,5,5,5,5,5,5,5,5,5,5,5,5,5,5,5,5,5,5,5,5,5,5,5
154,880,876,857,865,855,857,860,844,885,874,872,870,876,874,864,855,875,893,885,869,866,872,866,859,883,893,891,878,879,880,867,862,899,909,883,894,891,889,877,869,896,907,897,895,891,873,879,875,907,926,905,897,898,885,881,883,930,929,909,904,909,898,905,913,10,7,6,8,5,6,5,8,8,8,5,5,6,5,5,8,10,10,8,9,6,6,6,7,7,8,7,6,8,5,6,8,10,6,7,6,6,8,6,8,8,6,6,8,7,6,8,6,7,12,8,8,12,7,9,10,12,17,8,9,9,8,9,25,5,5,5,5,5,5,5,5,5,5,5,5,5,5,5,5,5,5,5,5,5,5,5,5,5,5,5,5,5,5,5,5,5,5,5,5,5,5,5,5,5,5,5,5,5,5,5,5,5,5,5,5,5,5,5,5,5,5,5,5,5,5,5,5
155,869,873,857,862,877,860,853,845,862,895,893,875,877,869,867,845,874,876,878,876,879,861,867,855,899,888,897,872,881,878,869,867,891,900,877,907,882,887,873,873,915,888,894,890,881,881,884,888,917,904,907,899,896,899,885,886,922,908,899,913,905,878,910,892,7,7,6,10,5,8,7,6,10,9,6,6,7,6,9,7,9,10,7,7,6,8,7,7,12,9,8,6,7,9,7,8,10,7,7,8,9,9,6,7,7,8,7,8,9,6,9,10,10,18,10,7,9,8,10,16,11,18,8,9,11,8,10,18,5,5,5,5,5,5,5,5,5,5,5,5,5,5,5,5,5,5,5,5,5,5,5,5,5,5,5,5,5,5,5,5,5,5,5,5,5,5,5,5,5,5,5,5,5,5,5,5,5,5,5,5,5,5,5,5,5,5,5,5,5,5,5,5
156,865,871,876,862,856,860,849,858,883,888,878,874,871,858,863,858,892,875,872,885,876,862,874,851,887,896,886,890,899,871,874,844,908,897,896,894,877,892,866,874,911,892,915,902,890,884,884,871,921,941,904,905,897,892,887,893,919,901,900,903,893,885,904,834,7,8,7,7,6,7,7,7,10,7,6,6,6,7,6,5,14,8,8,6,5,7,6,8,9,6,8,6,6,6,9,11,8,6,6,7,7,7,6,8,6,7,8,9,10,7,9,10,11,11,10,11,8,5,7,9,11,9,8,11,7,8,6,28,5,5,5,5,5,5,5,5,5,5,5,5,5,5,5,5,5,5,5,5,5,5,5,5,5,5,5,5,5,5,5,5,5,5,5,5,5,5,5,5,5,5,5,5,5,5,5,5,5,5,5,5,5,5,5,5,5,5,5,5,5,5,5,5
157,877,874,878,864,865,852,864,862,895,893,873,876,878,883,859,861,897,909,886,898,874,871,863,865,894,898,881,875,874,862,873,866,902,895,883,884,881,866,882,869,902,899,908,893,895,885,885,892,912,901,897,901,890,890,905,891,922,900,909,919,896,899,884,851,9,9,7,9,5,7,6,8,7,8,6,7,8,7,8,7,17,8,6,9,8,7,6,10,11,8,10,7,7,6,7,9,8,7,6,7,8,7,7,7,9,8,8,9,9,8,11,11,9,11,8,7,7,7,12,9,11,11,7,10,9,8,11,14,5,5,5,5,5,5,5,5,5,5,5,5,5,5,5,5,5,5,5,5,5,5,5,5,5,5,5,5,5,5,5,5,5,5,5,5,5,5,5,5,5,5,5,5,5,5,5,5,5,5,5,5,5,5,5,5,5,5,5,5,5,5,5,5
158,865,874,864,871,867,866,839,840,872,877,877,871,875,874,862,850,863,875,884,874,877,856,868,871,885,883,881,876,890,871,867,873,903,896,895,899,899,884,878,868,911,906,902,888,899,884,889,881,912,904,917,882,901,884,897,884,894,937,909,882,905,899,899,861,9,6,7,9,7,5,5,6,8,6,6,7,7,7,6,8,13,11,8,10,6,7,6,7,10,6,5,6,6,8,6,7,10,7,6,7,7,7,7,6,9,9,10,6,9,7,8,6,9,12,11,7,8,10,9,13,10,18,6,9,10,8,9,20,5,5,5,5,5,5,5,5,5,5,5,5,5,5,5,5,5,5,5,5,5,5,5,5,5,5,5,5,5,5,5,5,5,5,5,5,5,5,5,5,5,5,5,5,5,5,5,5,5,5,5,5,5,5,5,5,5,5,5,5,5,5,5,5
159,869,882,891,879,862,860,873,863,882,882,869,872,859,854,853,860,870,882,867,878,863,870,878,863,883,890,880,882,887,879,873,862,908,889,891,892,887,884,879,863,914,918,891,872,888,887,889,880,916,899,895,895,893,895,907,903,908,914,894,914,894,893,898,895,9,10,7,8,6,7,6,10,12,7,6,6,6,6,7,6,9,12,7,7,6,6,7,8,10,7,8,8,7,6,7,9,11,6,6,6,9,7,7,6,11,8,7,8,12,8,8,9,8,13,8,14,8,7,8,11,25,17,8,13,8,8,9,22,5,5,5,5,5,5,5,5,5,5,5,5,5,5,5,5,5,5,5,5,5,5,5,5,5,5,5,5,5,5,5,5,5,5,5,5,5,5,5,5,5,5,5,5,5,5,5,5,5,5,5,5,5,5,5,5,5,5,5,5,5,5,5,5
160,889,885,868,871,869,850,857,849,882,880,864,872,867,853,864,854,878,894,895,874,872,858,877,858,898,892,877,889,882,878,884,859,900,902,907,877,896,874,874,875,905,915,894,907,894,887,899,892,916,909,906,906,920,887,891,878,931,940,928,897,889,908,899,866,9,6,7,8,7,6,7,10,6,7,6,6,9,7,8,7,8,11,8,7,5,7,6,7,8,7,8,5,7,7,8,7,12,6,6,8,7,7,8,8,10,8,6,9,9,6,8,10,12,11,8,7,7,8,8,17,13,16,8,10,8,9,6,18,5,5,5,5,5,5,5,5,5,5,5,5,5,5,5,5,5,5,5,5,5,5,5,5,5,5,5,5,5,5,5,5,5,5,5,5,5,5,5,5,5,5,5,5,5,5,5,5,5,5,5,5,5,5,5,5,5,5,5,5,5,5,5,5
161,880,877,875,865,866,848,851,851,889,880,882,872,866,874,860,848,874,902,880,877,875,864,861,872,879,878,883,890,878,873,870,857,903,889,889,895,887,897,890,868,908,905,894,897,896,894,880,881,912,891,906,903,887,892,888,888,911,931,925,876,882,897,895,868,10,8,5,8,6,6,7,8,8,7,7,7,9,9,6,7,10,10,8,8,6,8,6,7,12,6,8,8,8,6,6,8,10,5,7,6,10,6,7,6,9,7,8,11,10,7,9,10,12,11,9,13,7,8,10,11,11,13,11,11,8,11,11,24,5,5,5,5,5,5,5,5,5,5,5,5,5,5,5,5,5,5,5,5,5,5,5,5,5,5,5,5,5,5,5,5,5,5,5,5,5,5,5,5,5,5,5,5,5,5,5,5,5,5,5,5,5,5,5,5,5,5,5,5,5,5,5,5
162,871,886,862,868,868,861,849,852,899,875,878,870,874,864,858,856,890,873,885,879,870,870,866,860,880,888,900,884,879,871,875,864,904,897,887,873,898,877,882,878,900,889,896,888,886,889,877,875,920,916,919,910,901,896,881,878,896,907,908,909,898,900,889,875,8,7,6,8,6,7,6,8,10,5,7,7,5,4,6,7,12,9,7,8,7,5,7,7,11,7,8,7,7,6,6,9,9,7,6,7,9,7,6,8,9,9,7,7,9,7,7,10,11,10,12,9,7,7,7,11,14,14,8,15,9,7,9,13,5,5,5,5,5,5,5,5,5,5,5,5,5,5,5,5,5,5,5,5,5,5,5,5,5,5,5,5,5,5,5,5,5,5,5,5,5,5,5,5,5,5,5,5,5,5,5,5,5,5,5,5,5,5,5,5,5,5,5,5,5,5,5,5
163,893,881,864,864,862,847,859,856,875,872,880,874,866,862,853,851,870,865,893,875,871,864,866,875,897,898,880,872,894,859,867,865,888,889,897,897,869,891,877,872,924,896,887,895,895,887,897,872,902,927,899,895,894,899,880,879,909,914,934,895,910,899,885,861,10,10,7,8,7,7,5,9,9,7,7,6,8,6,7,7,9,10,8,8,6,8,5,8,10,9,9,6,7,6,6,7,10,7,6,7,7,6,7,8,10,8,7,8,10,7,11,9,8,16,8,8,7,7,9,11,9,12,9,11,9,8,10,19,5,5,5,5,5,5,5,5,5,5,5,5,5,5,5,5,5,5,5,5,5,5,5,5,5,5,5,5,5,5,5,5,5,5,5,5,5,5,5,5,5,5,5,5,5,5,5,5,5,5,5,5,5,5,5,5,5,5,5,5,5,5,5,5
164,886,875,862,869,863,860,851,863,886,880,883,860,871,860,864,870,879,880,886,873,866,864,871,870,891,901,884,897,883,884,882,885,908,884,899,886,881,873,887,865,897,921,907,905,865,883,895,883,914,916,909,909,899,902,889,898,907,922,905,897,899,893,897,878,9,7,7,7,6,8,7,8,7,7,6,6,9,5,7,8,15,9,6,7,6,8,7,7,8,7,8,5,7,7,7,7,14,6,7,7,7,7,7,7,10,8,6,8,7,7,6,7,10,12,9,7,10,9,9,11,8,12,9,10,8,8,6,17,5,5,5,5,5,5,5,5,5,5,5,5,5,5,5,5,5,5,5,5,5,5,5,5,5,5,5,5,5,5,5,5,5,5,5,5,5,5,5,5,5,5,5,5,5,5,5,5,5,5,5,5,5,5,5,5,5,5,5,5,5,5,5,5
165,885,895,871,860,856,855,859,845,900,886,877,888,879,866,868,857,893,895,883,888,864,874,863,868,915,877,887,879,891,883,865,863,896,888,890,887,896,890,874,873,897,911,897,891,883,890,875,885,904,895,907,883,899,895,896,884,896,944,919,901,902,881,896,900,10,7,7,8,6,7,9,8,8,8,7,8,9,6,7,7,13,7,8,7,5,7,5,5,8,6,6,7,7,6,7,9,8,7,6,6,10,8,6,7,10,8,7,7,8,9,8,12,9,13,9,9,9,7,8,9,12,12,7,13,9,6,7,21,5,5,5,5,5,5,5,5,5,5,5,5,5,5,5,5,5,5,5,5,5,5,5,5,5,5,5,5,5,5,5,5,5,5,5,5,5,5,5,5,5,5,5,5,5,5,5,5,5,5,5,5,5,5,5,5,5,5,5,5,5,5,5,5
166,876,876,871,853,852,858,862,855,872,879,878,876,868,864,854,867,889,871,884,871,874,881,871,867,891,890,889,884,889,865,872,870,896,890,895,895,879,886,871,868,895,900,904,911,889,897,882,873,912,888,907,894,878,886,891,871,932,927,914,916,898,891,906,865,7,8,6,7,6,7,5,11,8,7,6,6,6,5,6,7,10,8,7,6,7,7,7,6,8,7,10,7,6,6,8,8,9,6,6,7,7,7,8,7,7,8,7,9,9,7,9,9,9,9,8,9,6,9,7,13,10,14,6,14,8,8,8,14,5,5,5,5,5,5,5,5,5,5,5,5,5,5,5,5,5,5,5,5,5,5,5,5,5,5,5,5,5,5,5,5,5,5,5,5,5,5,5,5,5,5,5,5,5,5,5,5,5,5,5,5,5,5,5,5,5,5,5,5,5,5,5,5
167,882,871,862,854,869,862,869,851,898,878,878,871,875,862,870,857,898,895,884,879,863,876,858,863,893,884,881,891,879,881,879,878,913,884,889,885,873,883,882,871,886,900,899,904,892,874,879,888,921,910,925,900,900,894,893,890,929,909,897,881,915,906,897,887,10,7,8,6,7,8,7,9,8,7,8,7,6,5,5,8,13,8,6,9,6,6,5,9,8,6,6,6,8,6,8,11,12,7,5,8,7,10,7,9,7,10,8,10,9,7,8,8,12,14,10,9,7,7,7,14,11,12,9,13,9,8,9,25,5,5,5,5,5,5,5,5,5,5,5,5,5,5,5,5,5,5,5,5,5,5,5,5,5,5,5,5,5,5,5,5,5,5,5,5,5,5,5,5,5,5,5,5,5,5,5,5,5,5,5,5,5,5,5,5,5,5,5,5,5,5,5,5
168,870,868,864,847,863,850,854,851,888,880,880,874,875,855,858,855,889,897,885,866,878,855,868,867,906,892,892,872,886,872,877,873,903,907,908,892,877,885,881,877,918,906,897,898,901,890,877,890,917,907,901,890,894,879,890,861,922,917,906,905,916,893,892,900,7,6,6,5,6,8,6,8,10,6,8,5,6,6,6,6,10,7,8,9,7,6,6,6,11,6,6,5,6,7,7,9,14,7,6,6,6,6,7,6,6,9,9,10,9,7,7,9,10,12,8,7,8,6,10,10,10,20,8,12,9,9,8,18,5,5,5,5,5,5,5,5,5,5,5,5,5,5,5,5,5,5,5,5,5,5,5,5,5,5,5,5,5,5,5,5,5,5,5,5,5,5,5,5,5,5,5,5,5,5,5,5,5,5,5,5,5,5,5,5,5,5,5,5,5,5,5,5
169,896,880,870,853,858,859,839,853,880,875,880,872,873,866,868,850,873,898,887,873,882,867,871,860,895,896,879,880,869,874,872,863,893,908,902,893,890,881,879,891,894,905,913,897,897,898,873,881,917,899,903,899,911,892,888,891,944,941,905,894,913,900,905,897,11,8,6,9,5,8,6,9,9,6,8,5,6,5,7,7,12,11,8,6,5,9,7,8,10,8,8,7,6,8,8,9,10,8,7,7,6,7,8,8,7,9,7,9,9,7,9,11,11,11,10,9,8,7,8,10,13,15,9,8,8,10,11,20,5,5,5,5,5,5,5,5,5,5,5,5,5,5,5,5,5,5,5,5,5,5,5,5,5,5,5,5,5,5,5,5,5,5,5,5,5,5,5,5,5,5,5,5,5,5,5,5,5,5,5,5,5,5,5,5,5,5,5,5,5,5,5,5
170,874,866,872,867,851,860,859,841,882,881,882,866,864,867,868,865,880,885,874,879,877,869,873,857,908,883,891,887,882,877,875,857,925,899,878,893,888,878,873,885,915,894,909,896,892,888,881,888,924,898,909,860,889,896,905,898,940,908,920,902,886,890,908,873,8,7,8,7,5,6,7,10,10,7,7,6,7,6,7,7,9,10,7,6,6,8,6,6,9,6,7,6,8,8,7,7,8,7,6,8,8,7,7,7,6,7,9,7,8,7,7,11,7,10,10,9,8,7,9,11,9,14,6,10,8,9,9,17,5,5,5,5,5,5,5,5,5,5,5,5,5,5,5,5,5,5,5,5,5,5,5,5,5,5,5,5,5,5,5,5,5,5,5,5,5,5,5,5,5,5,5,5,5,5,5,5,5,5,5,5,5,5,5,5,5,5,5,5,5,5,5,5
171,852,873,867,865,862,851,858,853,880,886,890,880,869,860,872,867,882,895,879,880,880,881,860,855,900,880,891,887,891,865,877,856,904,905,897,891,884,882,878,877,902,922,888,882,908,884,874,893,910,894,908,888,887,903,888,889,906,911,905,914,901,914,897,890,8,8,7,8,7,8,6,10,9,8,7,6,9,6,7,7,12,9,7,6,7,7,7,6,11,7,7,6,7,8,7,8,10,8,6,6,7,7,7,6,9,10,8,9,10,7,10,11,9,13,9,10,8,9,8,10,12,11,10,14,10,8,8,18,5,5,5,5,5,5,5,5,5,5,5,5,5,5,5,5,5,5,5,5,5,5,5,5,5,5,5,5,5,5,5,5,5,5,5,5,5,5,5,5,5,5,5,5,5,5,5,5,5,5,5,5,5,5,5,5,5,5,5,5,5,5,5,5
172,882,877,864,875,870,873,860,848,881,880,883,857,870,866,869,844,893,884,889,879,876,876,867,854,900,900,884,878,896,879,882,862,904,891,891,889,888,883,879,867,918,911,899,887,884,885,884,877,910,905,904,906,896,900,889,899,917,893,907,912,907,882,885,911,9,8,7,6,7,6,6,7,6,7,5,6,6,5,7,7,10,10,8,8,6,6,6,7,8,7,6,5,6,6,7,8,10,8,6,7,7,7,8,8,7,8,8,8,10,7,8,8,7,12,10,9,7,7,8,9,10,16,7,12,9,9,10,17,5,5,5,5,5,5,5,5,5,5,5,5,5,5,5,5,5,5,5,5,5,5,5,5,5,5,5,5,5,5,5,5,5,5,5,5,5,5,5,5,5,5,5,5,5,5,5,5,5,5,5,5,5,5,5,5,5,5,5,5,5,5,5,5
173,871,874,872,851,870,871,841,853,868,882,879,870,865,866,869,844,883,864,887,882,881,879,865,858,883,884,887,874,870,879,851,882,909,901,882,903,884,873,877,875,924,912,902,899,910,883,890,866,924,924,906,885,904,891,889,878,939,907,894,911,896,887,896,854,10,8,7,7,6,8,8,7,7,9,6,6,7,5,7,7,10,8,7,10,6,7,6,9,8,7,6,7,7,8,8,11,12,7,6,8,7,7,7,5,8,7,9,8,10,6,10,10,12,12,8,9,10,9,9,12,9,20,9,12,8,11,8,12,5,5,5,5,5,5,5,5,5,5,5,5,5,5,5,5,5,5,5,5,5,5,5,5,5,5,5,5,5,5,5,5,5,5,5,5,5,5,5,5,5,5,5,5,5,5,5,5,5,5,5,5,5,5,5,5,5,5,5,5,5,5,5,5
174,876,896,861,870,869,860,856,855,867,891,879,881,877,851,863,868,894,877,883,867,867,858,862,870,897,883,874,882,887,897,876,867,901,894,891,881,881,887,896,871,908,899,891,900,900,889,896,874,917,897,895,903,886,883,906,907,936,957,894,919,901,893,889,882,9,7,6,8,7,7,6,6,7,7,8,6,7,6,7,8,10,10,6,8,7,7,6,6,9,6,8,5,7,6,7,6,8,6,5,7,7,5,8,7,8,9,7,9,10,7,8,8,9,12,8,8,8,7,10,12,9,13,10,10,9,6,9,17,5,5,5,5,5,5,5,5,5,5,5,5,5,5,5,5,5,5,5,5,5,5,5,5,5,5,5,5,5,5,5,5,5,5,5,5,5,5,5,5,5,5,5,5,5,5,5,5,5,5,5,5,5,5,5,5,5,5,5,5,5,5,5,5
175,878,873,879,871,861,863,847,859,889,882,877,866,867,864,854,852,881,898,899,877,878,873,864,875,876,895,903,881,877,869,870,867,906,896,895,897,886,891,882,873,900,901,897,902,883,876,904,878,898,910,910,890,897,886,899,890,932,934,892,903,874,889,903,894,7,9,6,9,5,8,7,9,10,7,8,6,8,6,6,6,8,8,9,7,7,8,6,7,10,8,7,7,6,7,7,10,10,9,6,7,7,8,7,6,9,7,7,10,11,7,12,10,10,12,10,9,9,9,10,16,12,17,9,12,7,8,8,23,5,5,5,5,5,5,5,5,5,5,5,5,5,5,5,5,5,5,5,5,5,5,5,5,5,5,5,5,5,5,5,5,5,5,5,5,5,5,5,5,5,5,5,5,5,5,5,5,5,5,5,5,5,5,5,5,5,5,5,5,5,5,5,5
176,862,871,870,868,865,855,863,850,884,886,866,883,871,856,868,866,892,872,892,893,860,863,865,868,879,884,892,880,880,885,868,878,897,899,898,890,887,867,875,874,896,901,897,891,884,887,910,863,908,922,895,906,898,898,883,878,918,903,901,890,906,899,895,869,8,7,7,8,5,7,7,6,9,6,6,7,6,6,7,7,9,9,7,7,5,6,6,9,10,6,7,7,6,5,7,10,8,6,6,7,8,6,6,8,6,11,6,7,10,8,7,8,9,11,9,8,8,7,6,13,10,11,10,9,11,10,7,13,5,5,5,5,5,5,5,5,5,5,5,5,5,5,5,5,5,5,5,5,5,5,5,5,5,5,5,5,5,5,5,5,5,5,5,5,5,5,5,5,5,5,5,5,5,5,5,5,5,5,5,5,5,5,5,5,5,5,5,5,5,5,5,5
177,881,868,874,851,870,864,850,865,887,879,878,876,864,862,861,854,895,905,882,884,870,868,859,864,889,885,899,889,878,874,866,876,911,904,888,908,897,889,872,861,921,897,910,892,881,891,887,881,924,934,912,892,889,894,890,873,905,910,914,903,909,893,901,865,9,8,7,7,8,7,7,6,9,7,8,6,5,6,8,7,10,9,6,7,7,7,7,7,8,7,7,6,6,6,8,8,12,9,6,8,8,6,6,8,9,10,6,8,11,8,10,9,13,13,10,10,9,8,10,12,8,15,7,11,10,10,8,16,5,5,5,5,5,5,5,5,5,5,5,5,5,5,5,5,5,5,5,5,5,5,5,5,5,5,5,5,5,5,5,5,5,5,5,5,5,5,5,5,5,5,5,5,5,5,5,5,5,5,5,5,5,5,5,5,5,5,5,5,5,5,5,5
178,866,882,866,854,866,863,864,863,877,880,876,879,860,861,862,839,885,887,890,872,866,859,865,867,898,890,896,875,878,872,877,890,925,886,902,891,875,877,879,882,914,889,906,896,881,897,897,876,912,926,911,898,886,897,893,890,924,899,911,877,907,895,905,896,9,9,7,5,6,8,7,7,11,6,6,7,7,5,6,6,10,6,6,9,6,7,7,7,9,6,8,5,9,7,6,8,10,6,6,6,8,6,6,6,8,8,8,7,9,9,8,6,9,11,10,9,7,8,8,13,10,14,8,10,10,8,8,19,5,5,5,5,5,5,5,5,5,5,5,5,5,5,5,5,5,5,5,5,5,5,5,5,5,5,5,5,5,5,5,5,5,5,5,5,5,5,5,5,5,5,5,5,5,5,5,5,5,5,5,5,5,5,5,5,5,5,5,5,5,5,5,5
179,874,874,874,858,866,851,842,856,887,880,870,874,868,860,867,855,873,886,887,888,881,869,860,868,899,897,884,875,898,877,883,881,900,891,904,891,886,891,882,883,902,919,913,892,897,886,890,884,922,913,910,908,900,903,902,882,916,900,910,891,912,879,900,893,7,8,6,7,5,6,7,7,8,7,6,7,7,5,7,8,13,11,8,9,5,7,6,9,8,8,9,6,6,7,9,8,10,7,9,6,8,7,7,9,7,8,7,8,9,8,10,10,9,11,10,10,10,7,8,10,11,12,9,10,8,10,7,19,5,5,5,5,5,5,5,5,5,5,5,5,5,5,5,5,5,5,5,5,5,5,5,5,5,5,5,5,5,5,5,5,5,5,5,5,5,5,5,5,5,5,5,5,5,5,5,5,5,5,5,5,5,5,5,5,5,5,5,5,5,5,5,5
180,856,875,869,879,861,853,861,852,883,872,874,876,877,867,853,871,891,862,885,867,875,871,864,866,900,886,893,876,889,886,873,869,904,901,896,897,869,872,871,873,899,905,903,894,901,889,883,866,897,917,905,899,909,878,878,897,926,901,911,907,906,898,903,888,9,8,5,8,5,6,6,11,11,7,6,6,6,6,6,10,11,7,6,8,7,7,6,6,9,6,7,5,7,9,7,8,9,7,7,7,7,6,6,8,8,7,6,7,10,6,8,10,10,12,8,9,10,8,6,10,9,13,6,11,8,10,8,15,5,5,5,5,5,5,5,5,5,5,5,5,5,5,5,5,5,5,5,5,5,5,5,5,5,5,5,5,5,5,5,5,5,5,5,5,5,5,5,5,5,5,5,5,5,5,5,5,5,5,5,5,5,5,5,5,5,5,5,5,5,5,5,5
181,880,878,872,873,868,859,844,855,894,894,877,878,871,860,869,850,894,901,868,888,874,863,858,865,902,892,889,872,873,867,855,869,906,902,875,905,887,874,881,876,899,913,899,914,872,916,886,883,909,906,907,916,904,902,883,876,904,921,915,908,892,886,882,927,9,7,8,7,8,8,8,10,7,8,6,6,6,5,7,7,10,11,7,7,6,8,6,9,11,7,7,6,8,6,7,9,10,7,6,7,7,7,8,11,10,8,8,13,10,8,11,9,10,14,9,10,7,7,7,13,8,19,6,14,10,11,12,25,5,5,5,5,5,5,5,5,5,5,5,5,5,5,5,5,5,5,5,5,5,5,5,5,5,5,5,5,5,5,5,5,5,5,5,5,5,5,5,5,5,5,5,5,5,5,5,5,5,5,5,5,5,5,5,5,5,5,5,5,5,5,5,5
182,871,884,875,862,867,852,852,855,891,871,872,865,855,863,856,855,863,892,883,860,874,874,857,867,892,900,889,871,882,872,876,875,898,892,899,900,881,876,874,873,912,916,900,890,908,894,887,871,910,923,908,901,895,889,909,896,935,923,911,889,905,881,910,916,8,9,7,7,7,9,6,7,9,7,6,6,7,6,6,7,11,9,7,7,7,6,6,9,7,6,9,6,7,5,7,6,9,9,7,9,7,8,7,8,10,7,7,6,13,6,8,10,11,8,9,11,8,8,6,21,12,12,6,10,8,7,10,23,5,5,5,5,5,5,5,5,5,5,5,5,5,5,5,5,5,5,5,5,5,5,5,5,5,5,5,5,5,5,5,5,5,5,5,5,5,5,5,5,5,5,5,5,5,5,5,5,5,5,5,5,5,5,5,5,5,5,5,5,5,5,5,5
183,878,866,872,871,862,846,864,860,885,878,878,854,867,866,861,856,882,898,887,887,870,859,875,868,871,891,897,882,871,868,879,865,903,889,899,887,885,885,887,872,897,887,905,885,907,887,900,877,908,922,881,905,876,900,892,875,942,951,898,901,902,897,889,872,8,7,6,6,7,7,7,9,7,8,6,7,8,5,7,6,9,9,9,8,6,8,8,7,8,8,13,8,6,8,8,9,11,7,8,7,10,7,7,10,7,8,8,7,11,8,7,10,10,11,8,9,7,6,7,11,12,14,8,17,8,8,10,13,5,5,5,5,5,5,5,5,5,5,5,5,5,5,5,5,5,5,5,5,5,5,5,5,5,5,5,5,5,5,5,5,5,5,5,5,5,5,5,5,5,5,5,5,5,5,5,5,5,5,5,5,5,5,5,5,5,5,5,5,5,5,5,5
184,871,876,870,862,866,855,855,848,890,877,868,887,860,871,867,852,872,888,881,865,889,869,866,878,891,895,887,885,877,870,877,870,903,894,893,873,896,883,884,877,888,880,894,910,900,890,899,894,920,922,892,911,889,885,889,891,917,912,891,905,898,898,893,902,7,8,5,8,7,7,6,6,6,6,5,6,6,6,6,8,8,10,7,8,6,6,5,7,10,7,8,7,7,6,8,8,12,7,5,7,9,6,7,8,7,7,8,9,11,7,12,8,12,10,11,11,8,7,8,10,9,15,7,11,8,9,8,22,5,5,5,5,5,5,5,5,5,5,5,5,5,5,5,5,5,5,5,5,5,5,5,5,5,5,5,5,5,5,5,5,5,5,5,5,5,5,5,5,5,5,5,5,5,5,5,5,5,5,5,5,5,5,5,5,5,5,5,5,5,5,5,5
185,878,870,862,875,865,858,855,854,901,878,875,867,862,874,857,859,859,895,865,869,875,861,861,879,891,877,887,903,871,872,856,857,903,888,899,897,886,874,875,871,896,903,909,893,896,884,888,867,915,910,907,891,903,893,888,905,911,920,902,892,902,908,901,907,7,9,6,8,5,10,7,9,10,6,6,6,7,8,6,8,12,9,8,8,6,7,7,7,10,6,10,6,6,6,9,10,9,8,8,6,8,7,7,9,10,7,8,9,11,8,10,10,13,9,9,12,7,8,9,15,11,18,9,9,8,9,8,16,5,5,5,5,5,5,5,5,5,5,5,5,5,5,5,5,5,5,5,5,5,5,5,5,5,5,5,5,5,5,5,5,5,5,5,5,5,5,5,5,5,5,5,5,5,5,5,5,5,5,5,5,5,5,5,5,5,5,5,5,5,5,5,5
186,872,879,848,872,874,843,873,830,885,878,883,871,868,877,863,859,909,895,887,866,863,861,868,861,883,893,884,894,866,868,862,868,905,900,901,900,886,880,885,875,910,905,909,900,899,889,885,873,898,918,902,895,909,895,887,875,919,891,923,893,896,907,906,876,7,7,5,7,8,7,7,6,8,7,7,5,7,7,6,6,9,9,7,9,6,6,6,8,9,5,8,5,7,6,8,7,9,8,6,7,8,6,6,11,9,7,6,9,7,7,11,9,12,14,11,8,6,7,7,10,7,13,8,10,8,11,7,16,5,5,5,5,5,5,5,5,5,5,5,5,5,5,5,5,5,5,5,5,5,5,5,5,5,5,5,5,5,5,5,5,5,5,5,5,5,5,5,5,5,5,5,5,5,5,5,5,5,5,5,5,5,5,5,5,5,5,5,5,5,5,5,5
187,886,881,855,873,847,860,875,866,885,882,872,866,871,873,870,846,866,875,871,879,880,877,874,860,876,887,882,886,879,868,884,874,910,898,892,897,887,880,876,875,930,902,900,891,884,881,864,886,912,898,915,897,897,908,893,871,926,923,909,905,896,908,900,877,9,7,6,10,5,5,8,11,10,9,5,6,8,7,9,6,10,11,8,7,6,7,7,8,9,11,9,6,8,7,7,10,9,7,6,8,8,6,7,7,11,8,8,9,7,6,7,7,9,11,10,9,9,9,8,14,11,14,8,9,7,11,9,32,5,5,5,5,5,5,5,5,5,5,5,5,5,5,5,5,5,5,5,5,5,5,5,5,5,5,5,5,5,5,5,5,5,5,5,5,5,5,5,5,5,5,5,5,5,5,5,5,5,5,5,5,5,5,5,5,5,5,5,5,5,5,5,5
188,881,868,863,869,866,860,867,861,880,878,871,872,858,857,868,870,892,873,878,884,876,868,872,878,896,886,887,893,883,883,868,872,902,911,892,885,892,884,881,872,911,901,889,913,880,902,882,873,902,913,909,897,899,897,898,867,929,905,915,888,895,893,880,916,9,7,7,8,6,6,7,9,10,6,7,7,6,6,7,7,9,11,7,7,8,8,6,8,12,8,7,5,6,6,6,9,9,9,5,9,9,6,8,8,8,7,6,7,8,9,8,8,10,15,14,9,6,6,8,11,12,10,9,10,7,9,8,18,5,5,5,5,5,5,5,5,5,5,5,5,5,5,5,5,5,5,5,5,5,5,5,5,5,5,5,5,5,5,5,5,5,5,5,5,5,5,5,5,5,5,5,5,5,5,5,5,5,5,5,5,5,5,5,5,5,5,5,5,5,5,5,5
189,880,873,865,873,866,856,852,848,880,879,883,875,870,882,857,852,873,888,875,880,878,864,859,868,877,890,885,882,864,874,863,869,885,898,895,897,889,887,864,872,901,913,905,893,904,889,890,879,901,905,915,903,913,897,900,871,912,910,923,911,886,899,888,876,9,11,7,7,6,9,6,8,9,7,7,7,8,8,7,8,10,7,8,8,6,7,7,9,9,8,7,7,6,7,9,9,8,7,6,8,6,7,8,10,10,8,8,8,10,8,11,8,12,10,13,10,9,6,9,10,11,13,8,11,14,10,9,27,5,5,5,5,5,5,5,5,5,5,5,5,5,5,5,5,5,5,5,5,5,5,5,5,5,5,5,5,5,5,5,5,5,5,5,5,5,5,5,5,5,5,5,5,5,5,5,5,5,5,5,5,5,5,5,5,5,5,5,5,5,5,5,5
190,886,877,863,868,865,868,853,852,891,887,878,874,873,863,868,859,886,889,882,869,885,875,857,870,916,894,889,887,876,883,869,879,897,907,896,883,891,883,880,879,915,909,894,888,870,888,880,884,908,917,894,902,903,901,886,882,915,926,909,901,902,886,907,855,7,7,6,5,5,7,6,8,7,6,6,6,6,5,7,6,9,12,7,8,6,7,6,7,10,8,6,7,7,6,6,9,9,5,7,7,7,6,8,9,10,7,7,7,8,8,8,8,11,11,9,7,7,6,9,15,11,22,8,11,9,7,11,18,5,5,5,5,5,5,5,5,5,5,5,5,5,5,5,5,5,5,5,5,5,5,5,5,5,5,5,5,5,5,5,5,5,5,5,5,5,5,5,5,5,5,5,5,5,5,5,5,5,5,5,5,5,5,5,5,5,5,5,5,5,5,5,5
191,869,867,867,872,871,860,842,852,896,883,867,868,874,868,858,855,872,900,881,870,883,868,867,862,894,880,877,883,879,875,876,873,902,902,897,885,895,867,874,868,917,884,913,881,894,881,880,881,920,905,896,909,889,897,909,902,941,909,901,902,903,900,893,935,8,6,6,7,6,7,6,7,9,7,6,7,6,7,7,7,10,15,7,6,6,5,6,6,10,7,7,7,7,6,7,12,9,8,7,8,10,7,7,9,9,7,7,9,9,6,7,10,11,16,9,8,9,7,10,10,19,13,9,10,10,8,12,30,5,5,5,5,5,5,5,5,5,5,5,5,5,5,5,5,5,5,5,5,5,5,5,5,5,5,5,5,5,5,5,5,5,5,5,5,5,5,5,5,5,5,5,5,5,5,5,5,5,5,5,5,5,5,5,5,5,5,5,5,5,5,5,5
192,888,877,867,857,863,853,868,865,872,893,894,875,866,872,868,847,868,877,866,883,876,861,866,858,896,900,889,881,880,874,888,859,904,903,892,889,888,866,872,879,922,911,899,891,882,896,875,908,916,914,870,897,896,881,886,878,902,923,910,911,911,890,883,896,8,9,7,6,6,7,7,7,8,5,7,7,8,6,6,6,11,9,7,8,5,6,6,8,9,8,8,7,6,6,7,9,11,6,7,6,9,7,6,8,8,8,7,7,8,7,9,12,9,9,7,9,7,6,10,12,7,13,9,15,10,7,8,22,5,5,5,5,5,5,5,5,5,5,5,5,5,5,5,5,5,5,5,5,5,5,5,5,5,5,5,5,5,5,5,5,5,5,5,5,5,5,5,5,5,5,5,5,5,5,5,5,5,5,5,5,5,5,5,5,5,5,5,5,5,5,5,5
193,881,869,874,870,868,861,859,850,886,880,888,875,873,867,859,861,905,869,883,869,859,859,869,867,895,908,869,889,871,889,880,878,894,893,891,889,877,884,884,872,879,897,890,889,900,868,879,875,914,903,913,902,880,903,893,878,917,912,912,917,887,913,896,873,9,10,7,7,7,7,6,10,7,7,5,7,8,5,7,7,9,9,7,9,6,7,7,7,9,8,7,6,8,7,8,7,10,8,6,7,11,6,7,8,9,7,8,8,11,8,7,8,10,9,10,9,8,7,9,14,12,21,7,10,10,11,9,21,5,5,5,5,5,5,5,5,5,5,5,5,5,5,5,5,5,5,5,5,5,5,5,5,5,5,5,5,5,5,5,5,5,5,5,5,5,5,5,5,5,5,5,5,5,5,5,5,5,5,5,5,5,5,5,5,5,5,5,5,5,5,5,5
194,879,875,871,864,861,860,841,856,878,890,887,858,858,858,867,869,899,875,886,879,869,874,871,881,900,898,890,889,868,864,862,864,888,909,886,889,881,887,872,869,893,903,896,907,911,903,886,876,903,926,897,897,906,890,907,856,919,922,902,886,914,898,925,918,8,7,7,8,6,6,6,9,9,7,9,7,6,4,7,7,11,8,7,7,6,6,7,7,10,10,7,7,5,6,8,8,10,6,6,7,8,7,7,9,6,6,9,11,10,7,9,8,7,13,11,10,8,8,9,10,10,13,7,11,7,9,6,17,5,5,5,5,5,5,5,5,5,5,5,5,5,5,5,5,5,5,5,5,5,5,5,5,5,5,5,5,5,5,5,5,5,5,5,5,5,5,5,5,5,5,5,5,5,5,5,5,5,5,5,5,5,5,5,5,5,5,5,5,5,5,5,5
195,895,877,864,872,874,866,856,853,860,895,877,873,868,867,855,854,871,889,878,866,879,860,862,880,905,893,883,881,883,890,876,863,892,896,909,906,886,874,873,868,915,893,907,899,890,883,880,889,907,931,920,901,882,889,886,878,937,896,900,903,900,895,900,891,10,7,6,7,7,6,5,9,8,8,7,7,6,5,6,6,13,12,9,8,6,7,7,7,10,8,10,6,8,6,9,6,13,8,8,7,8,7,6,9,7,7,10,8,13,6,7,7,10,13,10,11,7,9,8,11,16,14,10,11,10,8,8,16,5,5,5,5,5,5,5,5,5,5,5,5,5,5,5,5,5,5,5,5,5,5,5,5,5,5,5,5,5,5,5,5,5,5,5,5,5,5,5,5,5,5,5,5,5,5,5,5,5,5,5,5,5,5,5,5,5,5,5,5,5,5,5,5
196,884,865,874,869,869,854,858,850,873,879,870,855,874,859,864,871,879,870,874,872,863,863,865,866,902,896,875,887,884,869,857,855,893,901,895,882,877,870,868,868,894,898,897,888,878,891,892,880,917,908,908,891,890,893,885,891,946,945,912,901,900,896,884,884,9,6,5,10,6,6,7,6,8,8,6,7,5,6,6,8,10,7,5,7,6,6,6,5,8,8,9,5,6,8,8,8,10,6,6,8,8,7,7,8,8,6,7,6,9,8,10,10,9,10,9,10,8,9,9,8,12,13,6,12,7,7,10,17,5,5,5,5,5,5,5,5,5,5,5,5,5,5,5,5,5,5,5,5,5,5,5,5,5,5,5,5,5,5,5,5,5,5,5,5,5,5,5,5,5,5,5,5,5,5,5,5,5,5,5,5,5,5,5,5,5,5,5,5,5,5,5,5
197,870,881,862,873,847,858,855,849,888,882,876,866,857,872,863,852,875,873,881,867,873,873,862,869,894,877,883,886,886,873,852,871,897,892,881,898,886,879,878,871,903,893,893,883,886,879,874,890,915,906,898,903,898,901,889,899,911,918,920,914,905,890,895,883,9,7,7,7,6,8,7,6,7,6,6,6,6,6,7,7,10,9,7,7,6,6,6,6,8,7,8,7,8,7,6,7,10,7,6,6,7,6,7,9,8,7,7,7,9,7,10,9,13,12,8,9,9,7,10,10,12,18,8,11,9,8,12,17,5,5,5,5,5,5,5,5,5,5,5,5,5,5,5,5,5,5,5,5,5,5,5,5,5,5,5,5,5,5,5,5,5,5,5,5,5,5,5,5,5,5,5,5,5,5,5,5,5,5,5,5,5,5,5,5,5,5,5,5,5,5,5,5
198,866,883,871,865,870,855,855,840,894,887,865,868,877,862,868,856,879,887,877,876,875,859,860,869,901,894,884,882,883,873,872,881,894,904,893,894,897,878,884,880,910,888,903,900,897,893,897,887,906,929,895,895,892,879,880,871,916,948,900,899,895,908,896,873,10,6,5,7,6,6,5,6,7,6,6,7,6,6,7,4,11,8,6,6,6,7,6,8,10,9,8,6,5,6,8,8,8,9,6,6,6,8,8,9,9,7,9,8,9,8,8,11,9,12,8,8,9,8,8,13,9,17,7,12,8,8,6,12,5,5,5,5,5,5,5,5,5,5,5,5,5,5,5,5,5,5,5,5,5,5,5,5,5,5,5,5,5,5,5,5,5,5,5,5,5,5,5,5,5,5,5,5,5,5,5,5,5,5,5,5,5,5,5,5,5,5,5,5,5,5,5,5
199,886,874,866,855,855,861,866,850,872,883,882,869,881,868,851,853,874,892,890,879,881,868,866,856,885,893,900,875,882,872,875,871,884,890,903,898,894,870,882,865,919,899,894,903,884,890,887,892,918,918,916,905,897,875,905,883,948,914,902,903,906,890,896,909,10,7,7,10,5,8,6,8,9,8,6,7,7,5,7,7,11,10,8,7,6,8,7,7,11,7,7,7,7,6,9,9,9,5,6,7,8,7,8,8,11,10,9,7,10,7,12,9,10,12,10,9,11,7,7,17,13,16,9,13,9,7,10,14,5,5,5,5,5,5,5,5,5,5,5,5,5,5,5,5,5,5,5,5,5,5,5,5,5,5,5,5,5,5,5,5,5,5,5,5,5,5,5,5,5,5,5,5,5,5,5,5,5,5,5,5,5,5,5,5,5,5,5,5,5,5,5,5
