frame,dist_z0,dist_z1,dist_z2,dist_z3,dist_z4,dist_z5,dist_z6,dist_z7,dist_z8,dist_z9,dist_z10,dist_z11,dist_z12,dist_z13,dist_z14,dist_z15,dist_z16,dist_z17,dist_z18,dist_z19,dist_z20,dist_z21,dist_z22,dist_z23,dist_z24,dist_z25,dist_z26,dist_z27,dist_z28,dist_z29,dist_z30,dist_z31,dist_z32,dist_z33,dist_z34,dist_z35,dist_z36,dist_z37,dist_z38,dist_z39,dist_z40,dist_z41,dist_z42,dist_z43,dist_z44,dist_z45,dist_z46,dist_z47,dist_z48,dist_z49,dist_z50,dist_z51,dist_z52,dist_z53,dist_z54,dist_z55,dist_z56,dist_z57,dist_z58,dist_z59,dist_z60,dist_z61,dist_z62,dist_z63,sigma_z0,sigma_z1,sigma_z2,sigma_z3,sigma_z4,sigma_z5,sigma_z6,sigma_z7,sigma_z8,sigma_z9,sigma_z10,sigma_z11,sigma_z12,sigma_z13,sigma_z14,sigma_z15,sigma_z16,sigma_z17,sigma_z18,sigma_z19,sigma_z20,sigma_z21,sigma_z22,sigma_z23,sigma_z24,sigma_z25,sigma_z26,sigma_z27,sigma_z28,sigma_z29,sigma_z30,sigma_z31,sigma_z32,sigma_z33,sigma_z34,sigma_z35,sigma_z36,sigma_z37,sigma_z38,sigma_z39,sigma_z40,sigma_z41,sigma_z42,sigma_z43,sigma_z44,sigma_z45,sigma_z46,sigma_z47,sigma_z48,sigma_z49,sigma_z50,sigma_z51,sigma_z52,sigma_z53,sigma_z54,sigma_z55,sigma_z56,sigma_z57,sigma_z58,sigma_z59,sigma_z60,sigma_z61,sigma_z62,sigma_z63,status_z0,status_z1,status_z2,status_z3,status_z4,status_z5,status_z6,status_z7,status_z8,status_z9,status_z10,status_z11,status_z12,status_z13,status_z14,status_z15,status_z16,status_z17,status_z18,status_z19,status_z20,status_z21,status_z22,status_z23,status_z24,status_z25,status_z26,status_z27,status_z28,status_z29,status_z30,status_z31,status_z32,status_z33,status_z34,status_z35,status_z36,status_z37,status_z38,status_z39,status_z40,status_z41,status_z42,status_z43,status_z44,status_z45,status_z46,status_z47,status_z48,status_z49,status_z50,status_z51,status_z52,status_z53,status_z54,status_z55,status_z56,status_z57,status_z58,status_z59,status_z60,status_z61,status_z62,status_z63
0,894,879,883,860,866,865,843,865,883,876,875,877,865,863,847,856,895,874,884,881,873,861,875,877,880,883,891,876,877,867,888,877,902,894,881,893,881,883,870,881,909,912,909,894,888,885,890,873,914,896,911,906,891,883,908,888,929,920,906,892,897,879,887,876,8,8,7,7,6,7,6,7,10,5,6,6,6,5,6,7,14,11,6,7,6,5,5,7,8,6,10,6,7,6,7,10,11,8,6,6,8,8,6,10,9,8,9,8,8,7,9,8,8,12,9,8,8,7,7,12,12,16,8,10,10,9,7,16,5,5,5,5,5,5,5,5,5,5,5,5,5,5,5,5,5,5,5,5,5,5,5,5,5,5,5,5,5,5,5,5,5,5,5,5,5,5,5,5,5,5,5,5,5,5,5,5,5,5,5,5,5,5,5,5,5,5,5,5,5,5,5,5
1,894,893,864,870,866,853,872,846,900,886,872,877,867,863,864,857,875,896,886,878,883,873,868,869,898,895,880,885,897,863,876,866,890,895,894,897,885,879,872,880,908,905,899,896,894,884,887,901,924,903,899,906,887,894,913,893,916,915,908,906,896,883,906,867,11,7,7,7,7,6,8,8,8,9,6,7,7,5,8,9,10,9,7,7,6,7,6,6,9,8,9,6,6,7,6,9,12,8,6,8,7,7,6,10,7,7,8,8,8,8,11,11,11,15,9,9,7,7,8,9,8,14,7,14,12,8,9,15,5,5,5,5,5,5,5,5,5,5,5,5,5,5,5,5,5,5,5,5,5,5,5,5,5,5,5,5,5,5,5,5,5,5,5,5,5,5,5,5,5,5,5,5,5,5,5,5,5,5,5,5,5,5,5,5,5,5,5,5,5,5,5,5
2,902,868,865,873,862,865,860,852,893,878,883,878,883,868,858,842,902,868,892,882,873,875,880,872,885,894,884,879,889,866,862,874,897,912,895,895,886,871,875,886,914,906,902,897,881,882,874,873,920,911,895,904,889,891,897,903,916,928,918,919,897,896,907,924,8,7,8,7,6,6,6,6,8,6,7,6,7,6,6,6,8,7,7,7,6,6,7,7,8,8,7,7,5,7,7,7,11,6,7,6,9,6,6,6,8,6,7,7,7,6,7,8,12,11,9,8,8,7,11,12,10,12,8,8,8,9,9,22,5,5,5,5,5,5,5,5,5,5,5,5,5,5,5,5,5,5,5,5,5,5,5,5,5,5,5,5,5,5,5,5,5,5,5,5,5,5,5,5,5,5,5,5,5,5,5,5,5,5,5,5,5,5,5,5,5,5,5,5,5,5,5,5
3,885,859,871,879,858,855,859,844,883,872,872,873,876,867,852,847,898,880,881,856,879,857,866,858,879,900,880,878,878,860,883,871,903,899,897,883,895,883,887,863,891,903,901,900,894,879,880,879,915,923,921,912,892,891,894,874,913,931,923,905,910,886,879,911,11,5,6,9,5,8,6,7,8,5,5,7,7,5,6,7,10,11,8,7,6,8,7,8,9,7,9,6,7,7,7,11,11,8,8,7,7,7,8,8,9,9,8,8,13,7,8,10,10,12,13,8,8,7,8,12,10,18,8,14,7,6,11,16,5,5,5,5,5,5,5,5,5,5,5,5,5,5,5,5,5,5,5,5,5,5,5,5,5,5,5,5,5,5,5,5,5,5,5,5,5,5,5,5,5,5,5,5,5,5,5,5,5,5,5,5,5,5,5,5,5,5,5,5,5,5,5,5
4,876,880,879,875,862,854,857,847,886,883,885,869,872,873,862,861,887,885,875,892,865,865,882,868,903,883,894,891,881,878,878,870,877,904,894,892,877,882,886,866,903,901,910,890,887,885,875,872,913,886,925,888,894,891,889,865,947,927,909,928,916,909,902,850,8,10,7,7,6,7,6,8,7,6,6,6,7,6,7,7,10,8,8,9,5,6,5,7,8,6,8,5,7,6,8,9,12,6,6,9,7,8,7,8,7,9,9,8,8,6,10,8,9,10,8,11,8,6,7,8,17,16,8,12,8,10,8,16,5,5,5,5,5,5,5,5,5,5,5,5,5,5,5,5,5,5,5,5,5,5,5,5,5,5,5,5,5,5,5,5,5,5,5,5,5,5,5,5,5,5,5,5,5,5,5,5,5,5,5,5,5,5,5,5,5,5,5,5,5,5,5,5
5,883,874,870,869,868,865,864,860,907,883,869,870,876,859,863,848,914,906,877,880,878,873,884,856,896,896,884,873,877,875,876,869,919,897,906,887,892,883,878,871,902,917,892,899,905,897,891,876,930,952,918,882,898,906,910,898,917,940,919,889,910,888,910,913,8,8,6,6,8,8,7,6,10,7,6,6,8,6,7,7,17,10,6,7,6,9,8,6,11,6,9,7,8,7,7,11,10,10,6,6,10,9,6,7,8,8,7,9,9,9,6,8,13,15,8,10,11,9,8,11,11,18,6,22,7,9,9,20,5,5,5,5,5,5,5,5,5,5,5,5,5,5,5,5,5,5,5,5,5,5,5,5,5,5,5,5,5,5,5,5,5,5,5,5,5,5,5,5,5,5,5,5,5,5,5,5,5,5,5,5,5,5,5,5,5,5,5,5,5,5,5,5
6,872,878,871,864,861,859,859,853,882,890,853,865,861,866,862,859,889,881,878,880,882,870,869,865,883,895,888,881,880,881,849,863,889,894,892,879,875,892,878,878,910,898,913,890,902,879,899,881,922,901,895,918,892,891,867,866,940,927,898,910,895,881,918,890,7,8,6,9,6,8,6,8,10,6,6,5,9,5,6,7,10,9,6,6,8,6,7,7,11,8,6,6,7,9,9,9,9,6,6,9,8,7,6,6,8,7,9,7,10,9,6,11,8,13,9,10,9,7,8,13,15,14,11,11,10,7,11,16,5,5,5,5,5,5,5,5,5,5,5,5,5,5,5,5,5,5,5,5,5,5,5,5,5,5,5,5,5,5,5,5,5,5,5,5,5,5,5,5,5,5,5,5,5,5,5,5,5,5,5,5,5,5,5,5,5,5,5,5,5,5,5,5
7,876,865,875,865,873,847,855,864,884,874,885,871,863,872,867,858,894,894,882,888,879,859,876,856,892,882,907,885,882,871,877,887,897,898,900,901,892,877,889,875,922,899,906,902,895,885,886,881,918,927,905,918,907,885,882,879,951,929,902,896,915,885,900,879,7,10,6,7,7,7,6,8,9,5,8,8,8,6,7,8,7,11,6,7,6,6,7,7,10,8,9,7,8,5,7,7,10,7,7,10,9,9,8,6,8,9,6,8,11,9,9,10,11,15,10,10,7,7,8,11,9,17,7,11,12,9,9,14,5,5,5,5,5,5,5,5,5,5,5,5,5,5,5,5,5,5,5,5,5,5,5,5,5,5,5,5,5,5,5,5,5,5,5,5,5,5,5,5,5,5,5,5,5,5,5,5,5,5,5,5,5,5,5,5,5,5,5,5,5,5,5,5
8,868,872,863,847,860,855,861,846,890,891,872,870,872,870,863,846,900,895,871,886,880,869,860,858,888,875,895,883,882,875,881,867,876,897,893,889,887,878,880,877,909,893,907,887,894,877,877,876,901,922,913,912,902,889,881,889,904,894,924,902,893,901,886,879,10,7,7,7,6,6,6,9,8,8,5,7,7,6,6,6,11,8,7,7,6,8,6,8,12,8,8,6,6,7,7,9,8,7,7,6,9,6,6,9,10,6,8,6,8,7,10,9,7,10,9,8,10,7,8,12,11,15,7,12,8,8,8,25,5,5,5,5,5,5,5,5,5,5,5,5,5,5,5,5,5,5,5,5,5,5,5,5,5,5,5,5,5,5,5,5,5,5,5,5,5,5,5,5,5,5,5,5,5,5,5,5,5,5,5,5,5,5,5,5,5,5,5,5,5,5,5,5
9,878,877,872,874,864,838,841,854,878,884,881,894,878,870,852,856,906,887,885,881,866,864,878,862,894,897,894,881,878,891,857,848,922,897,900,898,893,879,872,879,896,899,903,898,898,900,892,881,930,923,901,898,892,897,887,899,951,904,927,899,905,880,924,895,10,8,6,8,6,7,7,8,8,7,7,8,7,6,6,6,9,10,7,8,7,6,5,7,8,8,7,7,6,6,9,8,10,8,7,6,9,9,5,9,11,7,8,10,9,9,8,11,10,13,8,10,7,8,8,13,14,11,12,10,8,11,10,21,5,5,5,5,5,5,5,5,5,5,5,5,5,5,5,5,5,5,5,5,5,5,5,5,5,5,5,5,5,5,5,5,5,5,5,5,5,5,5,5,5,5,5,5,5,5,5,5,5,5,5,5,5,5,5,5,5,5,5,5,5,5,5,5
10,877,880,877,860,869,867,853,861,879,881,872,871,870,869,862,856,881,898,879,873,877,872,866,868,902,899,877,893,889,868,879,870,898,899,894,899,879,873,894,864,900,891,905,900,893,897,891,884,909,899,923,904,897,881,876,900,923,896,909,919,894,904,872,876,8,7,6,7,6,7,5,9,7,7,6,5,8,5,6,5,9,9,8,8,7,5,7,7,9,10,8,5,7,7,6,10,10,8,6,7,7,6,8,9,9,6,10,7,7,9,6,7,11,12,7,8,9,8,8,10,10,20,7,12,8,9,9,12,5,5,5,5,5,5,5,5,5,5,5,5,5,5,5,5,5,5,5,5,5,5,5,5,5,5,5,5,5,5,5,5,5,5,5,5,5,5,5,5,5,5,5,5,5,5,5,5,5,5,5,5,5,5,5,5,5,5,5,5,5,5,5,5
11,876,877,870,864,865,869,856,852,899,879,878,880,876,870,851,861,871,866,885,875,867,861,865,859,892,885,886,883,885,877,876,849,908,891,896,890,880,888,870,882,910,902,893,904,906,901,870,878,903,909,903,905,888,887,906,897,917,912,916,889,904,897,876,904,7,7,7,8,6,6,6,8,9,7,7,7,6,6,7,6,13,11,10,7,8,7,7,7,8,8,8,7,6,6,7,11,12,7,6,8,7,7,7,7,10,11,8,9,11,7,8,8,13,13,10,8,9,7,9,9,11,13,6,10,10,9,9,16,5,5,5,5,5,5,5,5,5,5,5,5,5,5,5,5,5,5,5,5,5,5,5,5,5,5,5,5,5,5,5,5,5,5,5,5,5,5,5,5,5,5,5,5,5,5,5,5,5,5,5,5,5,5,5,5,5,5,5,5,5,5,5,5
12,878,882,876,867,862,853,854,852,885,866,882,870,865,853,855,861,870,884,887,891,866,869,859,861,879,883,878,893,876,867,864,844,894,902,900,881,881,884,879,872,910,895,883,903,895,895,873,885,920,925,906,886,901,886,893,905,943,917,897,906,899,894,900,885,7,6,6,6,6,7,6,7,9,7,6,5,8,6,7,6,10,10,8,7,6,6,7,6,8,8,9,6,6,6,8,10,8,6,7,8,8,5,7,6,10,8,6,9,9,7,7,9,10,10,10,9,7,7,7,10,13,13,8,13,8,9,7,18,5,5,5,5,5,5,5,5,5,5,5,5,5,5,5,5,5,5,5,5,5,5,5,5,5,5,5,5,5,5,5,5,5,5,5,5,5,5,5,5,5,5,5,5,5,5,5,5,5,5,5,5,5,5,5,5,5,5,5,5,5,5,5,5
13,900,878,876,864,864,859,847,857,900,879,880,865,856,871,854,861,894,874,895,882,870,871,875,857,898,883,890,886,875,878,861,867,895,890,901,894,878,874,866,866,895,905,907,906,898,876,879,894,909,925,925,886,905,886,883,888,915,941,921,917,917,887,892,912,5,9,8,8,6,8,7,7,8,10,7,7,7,6,7,6,9,9,8,8,7,6,6,8,9,7,8,6,7,5,8,11,9,7,7,8,7,9,8,7,8,8,8,8,11,8,9,8,8,11,12,8,9,6,8,9,11,12,8,13,8,8,8,20,5,5,5,5,5,5,5,5,5,5,5,5,5,5,5,5,5,5,5,5,5,5,5,5,5,5,5,5,5,5,5,5,5,5,5,5,5,5,5,5,5,5,5,5,5,5,5,5,5,5,5,5,5,5,5,5,5,5,5,5,5,5,5,5
14,888,868,867,878,872,855,860,859,876,874,888,868,874,867,865,854,881,902,868,876,881,870,873,855,888,900,893,876,871,877,871,868,898,893,892,892,888,876,881,858,907,908,901,905,883,900,870,894,902,927,893,899,890,888,889,885,917,919,916,916,917,893,903,844,10,7,7,9,6,6,7,10,7,6,8,6,6,5,6,7,11,10,8,8,6,8,6,7,8,7,7,5,6,6,7,7,11,7,7,7,7,7,7,7,10,7,7,8,8,9,10,10,9,16,8,8,7,9,7,11,11,18,7,10,6,8,7,16,5,5,5,5,5,5,5,5,5,5,5,5,5,5,5,5,5,5,5,5,5,5,5,5,5,5,5,5,5,5,5,5,5,5,5,5,5,5,5,5,5,5,5,5,5,5,5,5,5,5,5,5,5,5,5,5,5,5,5,5,5,5,5,5
15,892,871,868,861,866,854,849,864,886,884,876,870,873,872,863,857,877,901,865,872,878,868,846,863,907,891,891,887,886,880,880,867,909,914,885,890,893,879,869,872,911,894,899,888,912,874,878,867,916,908,903,908,897,893,904,898,917,872,904,921,900,902,895,879,8,8,6,8,6,7,7,11,10,6,6,5,7,6,6,7,10,9,8,9,5,8,7,5,8,9,8,8,6,5,10,10,13,6,7,7,7,7,7,7,10,7,8,9,10,8,7,8,11,15,8,9,7,7,11,14,11,16,8,11,9,11,8,12,5,5,5,5,5,5,5,5,5,5,5,5,5,5,5,5,5,5,5,5,5,5,5,5,5,5,5,5,5,5,5,5,5,5,5,5,5,5,5,5,5,5,5,5,5,5,5,5,5,5,5,5,5,5,5,5,5,5,5,5,5,5,5,5
16,866,863,866,847,859,877,856,844,887,888,873,870,857,866,863,849,882,885,872,882,875,868,854,859,889,901,873,869,887,863,877,853,909,905,891,888,894,878,880,875,901,907,900,892,890,892,879,871,912,913,914,913,897,913,882,886,913,916,902,904,905,904,905,882,9,6,7,8,6,6,6,6,8,7,5,6,8,7,6,6,10,11,7,8,7,5,7,8,8,8,8,5,7,7,7,8,8,8,6,8,7,9,7,7,9,8,7,7,8,8,8,8,8,10,9,9,8,9,7,13,9,17,7,7,9,9,8,15,5,5,5,5,5,5,5,5,5,5,5,5,5,5,5,5,5,5,5,5,5,5,5,5,5,5,5,5,5,5,5,5,5,5,5,5,5,5,5,5,5,5,5,5,5,5,5,5,5,5,5,5,5,5,5,5,5,5,5,5,5,5,5,5
17,869,880,861,861,858,863,863,850,883,891,880,867,866,870,856,866,901,884,879,877,878,867,863,873,897,895,888,881,889,883,870,870,916,905,883,894,877,883,894,878,917,890,883,879,872,910,894,883,894,910,914,904,901,899,885,890,931,928,918,914,909,877,873,878,8,9,7,7,7,8,5,9,11,8,6,6,7,6,5,6,14,11,6,8,6,6,6,8,9,7,9,6,7,8,7,10,9,7,7,8,8,10,9,13,8,8,7,7,8,9,11,8,9,12,9,9,9,9,8,13,15,12,7,10,10,6,8,13,5,5,5,5,5,5,5,5,5,5,5,5,5,5,5,5,5,5,5,5,5,5,5,5,5,5,5,5,5,5,5,5,5,5,5,5,5,5,5,5,5,5,5,5,5,5,5,5,5,5,5,5,5,5,5,5,5,5,5,5,5,5,5,5
18,877,884,869,868,866,855,873,845,887,877,885,868,867,856,863,849,887,890,892,872,872,866,871,862,884,894,873,889,880,877,865,875,917,897,883,893,893,892,888,873,920,898,908,900,879,894,886,882,924,918,887,899,895,889,886,887,910,937,908,894,904,886,889,878,8,6,6,8,6,6,6,8,10,7,7,6,6,7,8,6,13,8,7,7,6,6,7,6,6,7,6,7,7,6,7,7,10,8,6,7,9,7,7,7,7,9,6,9,8,9,9,11,11,9,10,8,9,8,8,9,9,13,8,12,7,8,12,15,5,5,5,5,5,5,5,5,5,5,5,5,5,5,5,5,5,5,5,5,5,5,5,5,5,5,5,5,5,5,5,5,5,5,5,5,5,5,5,5,5,5,5,5,5,5,5,5,5,5,5,5,5,5,5,5,5,5,5,5,5,5,5,5
19,882,873,861,851,855,860,858,854,890,884,878,865,875,872,870,864,879,866,876,891,883,880,873,875,885,885,874,889,896,868,881,881,898,894,893,893,887,895,859,862,904,902,896,877,895,896,880,896,938,918,911,882,899,897,879,886,919,910,893,901,901,895,903,869,12,8,8,8,6,8,10,8,7,7,8,6,8,7,7,7,8,10,8,9,6,7,9,7,9,8,8,7,6,7,7,8,9,8,6,7,9,8,7,8,9,8,8,9,8,6,9,9,8,11,10,8,8,7,8,14,7,16,9,11,12,9,11,21,5,5,5,5,5,5,5,5,5,5,5,5,5,5,5,5,5,5,5,5,5,5,5,5,5,5,5,5,5,5,5,5,5,5,5,5,5,5,5,5,5,5,5,5,5,5,5,5,5,5,5,5,5,5,5,5,5,5,5,5,5,5,5,5
20,888,868,880,868,879,849,856,859,891,881,874,863,863,856,865,842,898,875,878,873,873,859,862,855,888,887,884,885,870,890,875,882,900,897,892,887,872,888,882,879,911,903,900,913,886,891,900,896,903,902,907,902,895,897,888,873,943,912,915,919,895,890,891,953,11,9,6,9,5,7,7,9,12,6,6,5,7,6,6,6,11,9,7,8,6,6,6,8,8,7,11,5,6,7,6,8,12,7,7,6,7,6,9,7,8,9,9,12,7,8,7,7,9,12,8,7,8,8,8,12,7,17,9,16,9,9,10,27,5,5,5,5,5,5,5,5,5,5,5,5,5,5,5,5,5,5,5,5,5,5,5,5,5,5,5,5,5,5,5,5,5,5,5,5,5,5,5,5,5,5,5,5,5,5,5,5,5,5,5,5,5,5,5,5,5,5,5,5,5,5,5,5
21,886,890,882,862,848,852,851,850,873,890,871,876,866,858,868,854,879,898,881,881,871,869,871,864,895,880,887,878,872,880,847,883,905,908,897,895,891,895,885,882,907,898,905,899,905,890,884,889,887,928,911,884,892,899,903,892,930,923,916,900,893,894,901,874,10,6,6,8,6,6,6,9,8,9,6,7,8,6,7,7,10,9,7,7,7,7,7,7,10,6,9,6,7,6,6,8,12,7,7,7,8,7,9,7,10,9,8,9,9,8,8,10,10,15,9,7,7,8,9,8,9,13,7,11,10,10,10,19,5,5,5,5,5,5,5,5,5,5,5,5,5,5,5,5,5,5,5,5,5,5,5,5,5,5,5,5,5,5,5,5,5,5,5,5,5,5,5,5,5,5,5,5,5,5,5,5,5,5,5,5,5,5,5,5,5,5,5,5,5,5,5,5
22,884,871,867,865,864,868,852,854,890,884,879,870,865,863,867,856,892,880,879,884,882,875,869,842,877,894,893,890,866,864,860,868,916,900,885,889,872,887,868,879,896,895,888,898,912,881,889,893,927,910,911,901,908,888,890,880,920,912,898,903,929,883,904,875,10,8,6,9,7,6,7,8,9,7,7,5,7,6,8,6,9,9,7,6,6,6,6,7,10,7,7,6,6,6,7,10,16,8,5,7,7,6,5,5,9,8,7,8,10,8,7,11,9,11,9,9,6,7,7,12,7,12,7,14,12,6,8,13,5,5,5,5,5,5,5,5,5,5,5,5,5,5,5,5,5,5,5,5,5,5,5,5,5,5,5,5,5,5,5,5,5,5,5,5,5,5,5,5,5,5,5,5,5,5,5,5,5,5,5,5,5,5,5,5,5,5,5,5,5,5,5,5
23,879,872,864,863,854,847,859,866,898,884,867,874,873,865,857,861,895,898,887,884,872,878,872,862,909,886,889,889,882,866,868,875,903,907,889,892,901,884,868,879,923,891,903,906,895,888,898,863,907,905,906,896,892,890,862,884,924,951,909,897,895,884,910,899,8,8,7,10,6,6,6,7,10,8,6,7,6,5,7,9,12,9,8,8,7,6,7,7,12,8,10,6,7,8,6,8,9,8,6,7,8,7,6,9,9,10,9,11,9,7,7,8,10,11,10,8,7,8,9,14,12,15,9,12,10,8,10,20,5,5,5,5,5,5,5,5,5,5,5,5,5,5,5,5,5,5,5,5,5,5,5,5,5,5,5,5,5,5,5,5,5,5,5,5,5,5,5,5,5,5,5,5,5,5,5,5,5,5,5,5,5,5,5,5,5,5,5,5,5,5,5,5
24,895,872,869,866,856,867,862,842,889,881,874,877,860,865,863,848,888,874,883,880,879,860,857,870,897,885,902,891,882,873,867,857,909,892,896,882,878,881,882,870,918,904,879,890,899,888,876,883,914,901,896,888,909,894,885,885,897,928,910,909,900,909,904,917,10,8,6,9,5,5,7,8,10,7,6,6,8,6,7,5,13,9,6,7,7,6,7,6,9,8,8,8,6,7,6,8,11,8,6,8,7,6,7,8,7,8,7,6,9,7,8,8,11,8,7,9,8,7,8,13,9,13,8,13,7,7,7,18,5,5,5,5,5,5,5,5,5,5,5,5,5,5,5,5,5,5,5,5,5,5,5,5,5,5,5,5,5,5,5,5,5,5,5,5,5,5,5,5,5,5,5,5,5,5,5,5,5,5,5,5,5,5,5,5,5,5,5,5,5,5,5,5
25,874,890,875,868,863,861,854,859,901,885,877,873,874,858,860,864,900,889,896,869,875,860,873,863,879,880,898,889,883,878,858,866,893,898,898,887,887,908,887,882,919,900,897,897,863,885,882,882,902,920,894,902,902,893,906,909,916,882,914,883,892,891,914,872,8,12,7,7,6,7,6,8,9,6,7,7,7,7,6,7,11,8,8,8,6,8,7,7,9,7,7,7,7,8,8,8,10,8,7,7,8,8,7,8,9,8,9,8,9,7,8,9,9,9,9,8,8,8,8,10,14,20,7,11,11,8,11,15,5,5,5,5,5,5,5,5,5,5,5,5,5,5,5,5,5,5,5,5,5,5,5,5,5,5,5,5,5,5,5,5,5,5,5,5,5,5,5,5,5,5,5,5,5,5,5,5,5,5,5,5,5,5,5,5,5,5,5,5,5,5,5,5
26,883,880,870,873,863,859,854,856,894,887,880,885,866,860,852,863,906,891,886,880,860,858,853,855,903,891,872,889,889,875,865,866,899,891,895,894,897,869,877,873,918,897,896,890,893,877,888,893,899,914,889,905,892,888,898,891,922,903,911,901,895,888,884,896,8,7,7,6,7,7,7,9,9,7,6,6,7,6,6,6,7,8,6,7,5,7,6,7,8,7,8,8,8,7,6,9,10,6,6,7,5,5,7,7,8,6,7,8,7,6,10,8,9,9,8,9,8,7,9,9,8,16,8,12,8,9,8,29,5,5,5,5,5,5,5,5,5,5,5,5,5,5,5,5,5,5,5,5,5,5,5,5,5,5,5,5,5,5,5,5,5,5,5,5,5,5,5,5,5,5,5,5,5,5,5,5,5,5,5,5,5,5,5,5,5,5,5,5,5,5,5,5
27,877,888,880,864,872,871,851,850,896,888,871,867,869,864,865,861,879,875,877,893,870,861,843,876,902,899,892,886,875,885,871,876,908,892,879,880,899,887,889,857,913,907,894,897,887,868,883,873,924,912,887,903,885,881,880,896,911,903,888,928,911,904,887,4000,8,6,8,10,7,8,6,7,7,8,6,7,7,6,6,8,8,11,9,7,7,8,7,7,9,6,9,6,7,8,9,6,11,7,7,8,8,7,8,7,13,11,6,10,8,8,8,9,7,11,9,8,8,8,8,9,11,15,9,9,11,13,9,29,5,5,5,5,5,5,5,5,5,5,5,5,5,5,5,5,5,5,5,5,5,5,5,5,5,5,5,5,5,5,5,5,5,5,5,5,5,5,5,5,5,5,5,5,5,5,5,5,5,5,5,5,5,5,5,5,5,5,5,5,5,5,5,255
28,871,879,878,872,870,859,856,848,900,880,872,865,858,863,861,863,889,892,880,864,872,873,870,853,893,893,884,890,880,874,880,860,874,887,897,903,888,881,874,858,914,906,897,907,899,890,878,881,909,916,900,912,900,871,888,891,913,895,910,909,894,898,882,4000,7,8,6,8,7,6,6,7,8,7,7,6,7,6,6,7,10,11,7,7,5,7,7,7,11,8,8,6,7,6,6,8,11,6,6,7,8,7,6,8,9,8,7,10,8,8,8,10,11,9,8,9,8,6,8,15,10,14,7,13,7,7,9,17,5,5,5,5,5,5,5,5,5,5,5,5,5,5,5,5,5,5,5,5,5,5,5,5,5,5,5,5,5,5,5,5,5,5,5,5,5,5,5,5,5,5,5,5,5,5,5,5,5,5,5,5,5,5,5,5,5,5,5,5,5,5,5,10
29,857,868,878,871,878,872,862,838,885,882,875,883,861,875,869,850,893,881,871,879,871,872,869,864,896,909,873,878,888,870,885,863,902,895,890,896,886,886,882,876,914,907,899,905,888,892,886,874,898,891,901,917,894,898,892,871,937,916,913,903,901,904,922,911,8,7,7,6,8,7,8,7,10,8,5,8,8,6,8,5,13,10,9,8,6,5,6,7,9,7,8,6,6,8,7,8,11,8,8,8,8,7,8,7,8,9,7,9,10,8,7,11,9,11,7,9,10,8,9,13,17,14,8,12,8,9,8,16,5,5,5,5,5,5,5,5,5,5,5,5,5,5,5,5,5,5,5,5,5,5,5,5,5,5,5,5,5,5,5,5,5,5,5,5,5,5,5,5,5,5,5,5,5,5,5,5,5,5,5,5,5,5,5,5,5,5,5,5,5,5,5,5
30,884,873,866,863,864,861,861,858,873,876,874,856,859,854,873,855,878,888,876,884,873,874,866,860,892,892,891,884,873,867,885,878,909,896,909,890,891,880,877,871,906,897,913,901,886,890,887,876,905,918,911,878,890,889,884,872,952,917,914,896,890,894,918,869,9,7,5,8,6,7,7,9,9,6,6,5,7,6,8,7,12,10,7,7,5,6,6,6,7,7,6,5,6,6,8,7,11,7,9,6,8,7,7,7,8,6,6,11,8,6,9,7,9,9,9,8,7,6,8,11,12,13,10,8,7,9,9,18,5,5,5,5,5,5,5,5,5,5,5,5,5,5,5,5,5,5,5,5,5,5,5,5,5,5,5,5,5,5,5,5,5,5,5,5,5,5,5,5,5,5,5,5,5,5,5,5,5,5,5,5,5,5,5,5,5,5,5,5,5,5,5,5
31,891,876,866,869,872,862,855,843,909,873,877,870,870,850,872,866,901,911,899,890,875,865,876,849,904,895,882,880,871,869,874,880,896,907,889,893,888,877,888,882,911,889,894,902,906,887,887,884,919,914,911,886,909,897,883,896,910,900,913,917,901,913,899,879,8,10,7,7,6,10,8,7,12,9,6,7,6,6,6,6,10,11,8,9,5,8,7,8,12,7,8,7,7,7,7,8,9,6,6,8,7,7,8,8,9,8,7,9,13,6,8,9,7,10,10,9,10,8,13,12,10,11,12,10,10,9,8,15,5,5,5,5,5,5,5,5,5,5,5,5,5,5,5,5,5,5,5,5,5,5,5,5,5,5,5,5,5,5,5,5,5,5,5,5,5,5,5,5,5,5,5,5,5,5,5,5,5,5,5,5,5,5,5,5,5,5,5,5,5,5,5,5
32,880,884,865,861,867,857,855,850,880,870,879,877,869,862,856,860,886,856,879,886,865,853,865,865,897,898,883,875,895,872,881,867,900,893,908,885,881,888,878,877,908,917,901,887,893,882,887,878,911,895,905,889,891,898,899,870,912,925,905,897,899,893,902,909,8,6,7,8,7,8,6,8,8,6,8,6,5,5,6,6,9,10,7,6,5,6,6,6,8,6,8,5,6,6,8,10,10,7,6,6,8,7,7,8,10,7,8,7,7,7,6,7,10,11,8,7,9,7,8,10,11,17,7,11,7,7,9,18,5,5,5,5,5,5,5,5,5,5,5,5,5,5,5,5,5,5,5,5,5,5,5,5,5,5,5,5,5,5,5,5,5,5,5,5,5,5,5,5,5,5,5,5,5,5,5,5,5,5,5,5,5,5,5,5,5,5,5,5,5,5,5,5
33,876,869,875,877,861,868,862,832,885,878,886,866,865,857,870,860,882,881,878,883,884,867,877,871,898,896,899,879,880,866,862,849,907,899,891,889,877,871,871,867,912,902,896,898,892,881,899,884,904,903,917,899,882,886,899,877,942,919,908,903,905,882,901,4000,9,9,6,9,8,9,7,9,9,7,7,6,8,6,8,6,9,10,7,10,6,9,7,7,7,9,8,6,8,7,7,10,11,7,7,7,8,7,8,8,10,9,7,9,9,8,9,11,7,18,10,8,7,7,7,11,21,14,8,17,8,7,8,18,5,5,5,5,5,5,5,5,5,5,5,5,5,5,5,5,5,5,5,5,5,5,5,5,5,5,5,5,5,5,5,5,5,5,5,5,5,5,5,5,5,5,5,5,5,5,5,5,5,5,5,5,5,5,5,5,5,5,5,5,5,5,5,255
34,872,869,886,870,875,864,859,850,894,885,876,874,870,869,862,860,884,886,875,893,868,866,877,858,895,894,887,895,875,879,871,868,915,901,895,899,896,872,880,880,905,915,906,904,903,891,878,897,915,943,908,897,902,896,882,872,926,908,907,899,915,901,887,4000,7,7,8,9,7,7,5,6,9,7,6,6,7,6,6,8,11,9,7,9,6,8,6,6,8,8,6,6,8,6,6,10,9,6,6,7,8,7,8,10,7,10,8,9,8,7,8,7,10,11,8,8,8,7,8,14,10,18,8,11,10,7,9,25,5,5,5,5,5,5,5,5,5,5,5,5,5,5,5,5,5,5,5,5,5,5,5,5,5,5,5,5,5,5,5,5,5,5,5,5,5,5,5,5,5,5,5,5,5,5,5,5,5,5,5,5,5,5,5,5,5,5,5,5,5,5,5,10
35,879,879,867,860,855,859,851,838,886,877,876,863,870,868,866,864,867,892,887,881,877,884,871,862,888,894,890,891,875,880,879,871,904,896,879,892,905,875,883,872,900,907,895,893,903,897,888,886,901,898,905,896,902,905,883,889,909,916,912,914,901,891,912,932,13,8,6,7,5,7,6,6,10,7,7,7,6,6,8,6,10,10,7,6,8,7,7,8,8,8,8,5,7,7,7,12,11,8,7,7,9,8,7,7,8,8,8,9,9,9,8,9,9,11,10,13,11,6,8,16,12,16,11,12,9,8,8,24,5,5,5,5,5,5,5,5,5,5,5,5,5,5,5,5,5,5,5,5,5,5,5,5,5,5,5,5,5,5,5,5,5,5,5,5,5,5,5,5,5,5,5,5,5,5,5,5,5,5,5,5,5,5,5,5,5,5,5,5,5,5,5,5
36,868,874,870,873,861,865,868,868,891,882,872,870,880,862,855,857,886,882,887,887,883,870,871,863,913,883,881,872,866,877,880,888,894,891,893,896,893,874,874,872,908,905,894,900,907,874,884,877,915,889,903,902,902,889,873,894,927,913,905,894,908,884,912,887,7,7,7,6,6,6,7,7,7,6,6,6,7,6,8,6,10,7,8,7,5,6,6,6,9,7,8,6,5,6,7,9,7,8,7,7,7,7,7,8,10,7,7,9,7,6,7,7,11,15,10,8,8,7,8,10,11,16,8,13,8,7,9,22,5,5,5,5,5,5,5,5,5,5,5,5,5,5,5,5,5,5,5,5,5,5,5,5,5,5,5,5,5,5,5,5,5,5,5,5,5,5,5,5,5,5,5,5,5,5,5,5,5,5,5,5,5,5,5,5,5,5,5,5,5,5,5,5
37,881,882,874,872,852,859,855,850,889,887,879,864,864,865,859,846,895,880,887,879,868,868,871,865,879,881,893,885,887,887,863,874,900,888,898,897,893,896,883,877,902,911,899,907,889,878,877,881,897,945,896,907,888,894,898,903,930,900,893,909,910,907,913,916,10,8,6,9,6,7,6,10,8,7,7,7,8,6,6,7,11,10,8,9,6,5,6,6,10,7,9,6,7,6,7,9,11,6,6,9,7,7,7,8,9,9,9,8,10,6,8,11,11,16,9,8,8,8,8,10,12,15,9,10,10,9,12,16,5,5,5,5,5,5,5,5,5,5,5,5,5,5,5,5,5,5,5,5,5,5,5,5,5,5,5,5,5,5,5,5,5,5,5,5,5,5,5,5,5,5,5,5,5,5,5,5,5,5,5,5,5,5,5,5,5,5,5,5,5,5,5,5
38,875,888,858,878,866,867,861,848,887,880,877,868,880,866,856,856,896,895,880,874,874,872,871,851,895,896,884,880,901,886,866,866,893,900,891,886,879,880,882,872,901,898,888,891,883,869,877,866,922,902,907,886,910,881,883,877,909,913,902,900,904,899,921,884,9,6,7,7,6,6,7,10,10,8,6,6,7,5,5,6,11,9,6,8,6,7,7,6,12,9,9,5,9,6,9,9,9,5,6,7,9,6,8,7,9,8,6,8,7,7,7,10,12,14,13,8,7,6,8,11,8,15,9,11,7,8,9,17,5,5,5,5,5,5,5,5,5,5,5,5,5,5,5,5,5,5,5,5,5,5,5,5,5,5,5,5,5,5,5,5,5,5,5,5,5,5,5,5,5,5,5,5,5,5,5,5,5,5,5,5,5,5,5,5,5,5,5,5,5,5,5,5
39,883,871,875,861,870,860,850,850,881,875,874,870,858,862,868,872,892,872,876,882,864,864,867,872,890,902,887,875,885,877,878,870,908,899,905,913,871,876,891,868,913,900,892,876,895,885,881,884,898,884,895,886,887,909,887,869,919,958,915,920,904,886,888,899,8,9,7,9,6,8,6,8,9,6,5,6,6,6,7,7,11,10,7,7,6,7,6,7,8,7,7,6,8,7,8,9,13,8,8,6,8,8,6,9,10,8,7,9,10,8,7,9,8,11,9,8,8,10,7,11,9,14,7,11,8,8,8,25,5,5,5,5,5,5,5,5,5,5,5,5,5,5,5,5,5,5,5,5,5,5,5,5,5,5,5,5,5,5,5,5,5,5,5,5,5,5,5,5,5,5,5,5,5,5,5,5,5,5,5,5,5,5,5,5,5,5,5,5,5,5,5,5
40,864,880,864,864,853,851,853,832,894,881,870,867,871,865,859,843,875,885,880,879,881,869,867,868,896,891,882,877,876,868,867,877,896,894,884,882,894,896,874,876,918,915,903,904,899,876,890,896,896,906,902,907,906,883,893,900,919,919,906,913,907,901,901,907,7,11,7,8,6,6,6,8,9,5,5,7,8,5,8,7,13,11,6,7,6,7,6,7,10,6,9,6,6,7,6,8,9,7,7,7,6,8,5,8,7,8,8,9,8,6,7,11,11,7,8,7,7,7,8,12,13,13,6,10,8,8,7,15,5,5,5,5,5,5,5,5,5,5,5,5,5,5,5,5,5,5,5,5,5,5,5,5,5,5,5,5,5,5,5,5,5,5,5,5,5,5,5,5,5,5,5,5,5,5,5,5,5,5,5,5,5,5,5,5,5,5,5,5,5,5,5,5
41,873,874,871,873,863,866,858,852,874,876,879,873,881,863,857,853,890,887,884,880,886,848,866,857,881,893,894,874,883,878,871,874,885,893,890,885,866,891,853,864,924,906,902,906,895,899,880,862,896,898,902,899,906,903,877,874,924,920,914,919,897,900,894,897,10,8,6,6,7,8,6,7,8,10,7,6,7,5,7,8,13,10,7,7,7,7,6,7,9,7,9,7,7,8,7,12,11,7,5,6,7,7,6,9,6,7,8,9,8,7,10,10,7,9,9,8,8,7,8,10,12,12,11,10,8,10,7,16,5,5,5,5,5,5,5,5,5,5,5,5,5,5,5,5,5,5,5,5,5,5,5,5,5,5,5,5,5,5,5,5,5,5,5,5,5,5,5,5,5,5,5,5,5,5,5,5,5,5,5,5,5,5,5,5,5,5,5,5,5,5,5,5
42,867,883,870,877,867,872,854,843,874,878,869,870,863,867,868,857,892,866,880,890,875,875,873,845,891,901,891,881,885,888,879,886,914,900,894,886,890,881,891,868,914,895,910,874,895,893,886,882,919,911,889,895,897,905,879,877,894,906,905,903,871,897,911,895,10,8,6,6,5,6,6,6,8,5,6,6,6,5,8,6,11,9,8,9,6,7,6,6,10,6,7,6,8,5,8,8,9,6,7,6,8,6,7,8,11,7,9,9,9,9,8,7,11,10,9,7,7,9,8,12,8,16,10,11,8,7,9,16,5,5,5,5,5,5,5,5,5,5,5,5,5,5,5,5,5,5,5,5,5,5,5,5,5,5,5,5,5,5,5,5,5,5,5,5,5,5,5,5,5,5,5,5,5,5,5,5,5,5,5,5,5,5,5,5,5,5,5,5,5,5,5,5
43,884,895,890,867,868,870,863,851,884,873,881,857,866,872,865,859,900,881,894,882,888,876,861,885,910,889,885,886,868,893,861,858,916,902,888,892,897,878,887,879,905,905,888,915,885,895,891,879,923,916,886,894,907,888,896,885,933,938,892,890,894,904,901,851,9,7,8,9,6,8,8,9,9,8,7,7,8,6,8,8,11,9,6,7,7,7,5,9,10,6,11,7,6,6,6,10,9,8,6,7,8,7,9,7,8,11,9,10,8,8,9,8,7,15,11,8,7,8,8,14,11,16,8,12,11,9,8,16,5,5,5,5,5,5,5,5,5,5,5,5,5,5,5,5,5,5,5,5,5,5,5,5,5,5,5,5,5,5,5,5,5,5,5,5,5,5,5,5,5,5,5,5,5,5,5,5,5,5,5,5,5,5,5,5,5,5,5,5,5,5,5,5
44,874,877,869,882,862,859,844,847,890,879,882,869,865,871,871,858,877,881,886,878,871,865,865,859,899,885,885,888,892,858,869,863,903,906,878,893,892,882,884,887,914,903,897,889,893,891,882,874,927,911,904,917,891,897,895,895,925,905,911,904,904,895,908,860,8,7,6,7,5,7,7,7,10,6,6,6,8,6,6,7,10,7,7,6,5,5,6,7,10,6,8,6,7,5,6,10,10,6,6,9,7,6,8,7,9,6,8,7,8,6,8,8,11,9,8,8,8,7,8,14,11,18,6,12,11,8,9,21,5,5,5,5,5,5,5,5,5,5,5,5,5,5,5,5,5,5,5,5,5,5,5,5,5,5,5,5,5,5,5,5,5,5,5,5,5,5,5,5,5,5,5,5,5,5,5,5,5,5,5,5,5,5,5,5,5,5,5,5,5,5,5,5
45,878,864,877,857,866,868,852,847,891,878,878,882,867,870,868,864,867,881,882,886,866,880,859,866,894,878,911,882,888,869,868,892,895,882,900,877,899,873,878,873,910,906,900,911,879,888,875,870,919,896,917,900,909,898,894,886,911,926,921,891,892,907,882,909,7,8,6,8,7,6,6,7,9,7,7,7,10,6,8,7,9,8,7,8,7,7,6,9,8,6,10,6,8,6,8,10,7,7,7,7,10,7,7,8,12,9,7,10,11,8,8,9,9,12,10,9,9,7,8,16,13,13,7,10,7,7,11,27,5,5,5,5,5,5,5,5,5,5,5,5,5,5,5,5,5,5,5,5,5,5,5,5,5,5,5,5,5,5,5,5,5,5,5,5,5,5,5,5,5,5,5,5,5,5,5,5,5,5,5,5,5,5,5,5,5,5,5,5,5,5,5,5
46,881,871,867,880,858,855,855,856,888,888,878,872,871,858,859,835,871,887,891,888,866,874,858,853,898,889,872,877,904,867,888,872,907,897,909,885,889,877,889,866,906,899,885,899,902,899,888,893,929,905,903,913,898,894,898,895,914,930,919,908,917,914,873,867,9,8,8,8,5,8,8,8,8,6,7,5,7,5,8,6,9,11,8,8,7,6,7,6,9,7,10,6,7,7,9,8,12,8,7,8,9,6,5,7,7,7,6,9,9,9,10,10,12,11,9,8,6,7,9,12,9,11,6,10,9,12,8,15,5,5,5,5,5,5,5,5,5,5,5,5,5,5,5,5,5,5,5,5,5,5,5,5,5,5,5,5,5,5,5,5,5,5,5,5,5,5,5,5,5,5,5,5,5,5,5,5,5,5,5,5,5,5,5,5,5,5,5,5,5,5,5,5
47,876,883,875,870,861,860,862,853,880,875,882,862,878,859,872,858,891,863,890,878,882,876,870,868,890,883,870,876,869,877,860,880,886,914,899,889,878,879,887,866,899,894,894,885,897,882,897,887,912,892,908,907,900,906,892,889,937,908,923,915,906,891,907,901,7,10,8,7,6,7,7,10,9,8,7,5,6,5,6,7,10,10,9,7,6,7,8,7,9,6,8,8,6,5,6,9,10,8,7,10,9,8,7,7,8,8,8,6,7,7,8,9,13,10,12,9,8,9,9,10,10,13,11,10,10,7,9,20,5,5,5,5,5,5,5,5,5,5,5,5,5,5,5,5,5,5,5,5,5,5,5,5,5,5,5,5,5,5,5,5,5,5,5,5,5,5,5,5,5,5,5,5,5,5,5,5,5,5,5,5,5,5,5,5,5,5,5,5,5,5,5,5
48,885,868,866,872,852,847,867,866,888,872,877,866,873,870,863,857,880,891,878,877,867,876,859,870,907,899,864,873,881,877,873,882,898,891,889,887,904,899,880,875,900,879,904,887,880,882,878,863,909,914,914,904,907,886,886,896,933,923,898,917,905,892,905,864,11,6,7,9,6,7,7,9,8,6,7,6,6,6,6,6,9,7,6,8,6,6,6,6,11,8,6,6,6,7,7,6,12,6,8,6,7,7,5,7,8,8,8,8,8,7,8,10,10,10,10,8,9,7,7,17,10,16,7,13,10,8,11,19,5,5,5,5,5,5,5,5,5,5,5,5,5,5,5,5,5,5,5,5,5,5,5,5,5,5,5,5,5,5,5,5,5,5,5,5,5,5,5,5,5,5,5,5,5,5,5,5,5,5,5,5,5,5,5,5,5,5,5,5,5,5,5,5
49,884,878,879,865,866,874,858,855,883,872,876,866,894,852,866,858,882,879,886,880,879,868,874,858,896,896,894,890,878,886,877,876,894,892,896,894,883,888,881,878,908,921,911,892,892,882,873,893,885,923,909,900,875,890,894,874,930,918,942,916,887,893,902,898,8,8,7,8,6,6,9,9,7,9,6,6,8,6,6,8,10,8,9,7,7,6,6,8,8,7,9,8,7,6,7,11,8,6,8,9,9,7,6,11,10,12,8,8,8,7,7,8,9,13,9,9,7,9,9,12,10,20,8,12,8,9,8,18,5,5,5,5,5,5,5,5,5,5,5,5,5,5,5,5,5,5,5,5,5,5,5,5,5,5,5,5,5,5,5,5,5,5,5,5,5,5,5,5,5,5,5,5,5,5,5,5,5,5,5,5,5,5,5,5,5,5,5,5,5,5,5,5
50,883,877,868,862,854,866,859,848,888,872,883,871,858,860,870,855,883,885,875,876,869,868,869,855,907,877,879,888,881,878,884,856,899,920,893,891,895,870,882,882,900,904,895,898,903,893,888,875,920,905,881,905,899,906,909,893,930,904,911,921,924,885,886,879,8,8,7,7,7,9,7,6,12,6,5,5,8,5,6,7,13,9,8,7,6,6,6,8,10,6,8,6,7,8,7,7,11,8,6,6,7,8,7,8,7,7,7,8,8,8,6,9,10,10,9,9,10,7,9,12,10,15,9,10,10,8,10,14,5,5,5,5,5,5,5,5,5,5,5,5,5,5,5,5,5,5,5,5,5,5,5,5,5,5,5,5,5,5,5,5,5,5,5,5,5,5,5,5,5,5,5,5,5,5,5,5,5,5,5,5,5,5,5,5,5,5,5,5,5,5,5,5
51,878,873,878,873,854,864,860,862,890,877,884,882,867,870,855,861,876,874,866,877,877,859,876,865,896,879,890,879,885,877,869,867,903,902,901,883,910,883,876,874,919,891,892,901,896,886,896,877,913,918,896,886,913,881,898,897,926,924,916,906,901,886,907,907,7,8,7,11,6,7,7,8,6,6,7,6,6,5,6,10,11,11,8,6,7,7,8,7,10,6,7,6,7,7,6,8,11,6,8,8,8,7,8,9,9,7,8,9,10,7,7,9,9,17,8,12,8,6,7,11,13,13,9,23,8,9,10,16,5,5,5,5,5,5,5,5,5,5,5,5,5,5,5,5,5,5,5,5,5,5,5,5,5,5,5,5,5,5,5,5,5,5,5,5,5,5,5,5,5,5,5,5,5,5,5,5,5,5,5,5,5,5,5,5,5,5,5,5,5,5,5,5
52,868,878,864,871,865,866,856,849,887,874,873,875,871,860,864,848,881,887,894,871,874,878,873,854,899,889,899,886,891,873,881,857,911,894,887,891,874,872,878,894,909,897,892,898,882,896,881,866,912,922,897,904,896,891,877,885,941,921,896,908,906,892,880,880,8,7,6,8,6,7,6,8,9,6,6,6,6,5,5,7,11,11,7,7,8,7,8,6,11,7,7,6,6,5,6,9,8,7,6,6,8,7,6,8,7,6,8,8,11,9,8,7,9,11,7,8,8,7,8,12,11,13,7,11,9,7,9,20,5,5,5,5,5,5,5,5,5,5,5,5,5,5,5,5,5,5,5,5,5,5,5,5,5,5,5,5,5,5,5,5,5,5,5,5,5,5,5,5,5,5,5,5,5,5,5,5,5,5,5,5,5,5,5,5,5,5,5,5,5,5,5,5
53,873,882,864,868,861,858,853,873,894,873,873,880,861,863,866,860,896,880,888,887,866,861,872,861,898,881,885,889,885,878,881,883,883,884,905,907,890,887,878,869,907,913,907,895,893,872,901,878,919,918,892,888,889,894,861,861,942,915,901,889,913,884,899,923,10,9,7,9,6,7,7,6,6,9,6,8,6,6,7,7,13,9,8,9,8,7,7,9,8,7,9,6,7,6,8,10,9,8,7,7,9,7,8,7,10,7,8,8,9,8,7,8,10,9,8,9,6,7,9,18,10,16,9,10,8,7,11,9,5,5,5,5,5,5,5,5,5,5,5,5,5,5,5,5,5,5,5,5,5,5,5,5,5,5,5,5,5,5,5,5,5,5,5,5,5,5,5,5,5,5,5,5,5,5,5,5,5,5,5,5,5,5,5,5,5,5,5,5,5,5,5,5
54,898,879,871,876,858,858,863,844,900,881,875,848,871,867,874,860,872,904,885,862,867,873,868,860,874,898,883,898,883,871,862,879,898,905,896,882,877,884,875,876,897,913,903,897,897,894,891,884,907,922,914,893,884,901,880,875,922,909,917,898,905,891,885,890,8,8,8,7,6,7,7,8,9,6,7,7,7,5,5,6,9,10,6,8,6,7,7,7,9,8,10,6,9,6,7,7,8,7,7,6,7,7,6,6,7,8,7,8,9,8,10,7,8,11,11,12,7,8,8,11,11,16,7,13,9,7,9,16,5,5,5,5,5,5,5,5,5,5,5,5,5,5,5,5,5,5,5,5,5,5,5,5,5,5,5,5,5,5,5,5,5,5,5,5,5,5,5,5,5,5,5,5,5,5,5,5,5,5,5,5,5,5,5,5,5,5,5,5,5,5,5,5
55,885,882,876,877,862,868,856,857,883,886,867,875,870,865,869,869,882,890,864,877,867,874,876,873,913,891,885,897,876,870,875,865,888,907,882,905,890,884,896,884,904,904,896,896,922,893,879,887,918,903,910,895,895,904,884,876,925,926,904,893,912,891,902,884,11,8,6,9,6,7,9,8,9,7,6,8,6,6,6,7,11,11,9,7,7,6,8,6,12,8,10,6,8,8,10,8,10,7,6,8,9,7,7,10,7,9,7,8,9,8,7,8,12,12,11,12,7,7,7,14,11,14,8,10,9,8,8,14,5,5,5,5,5,5,5,5,5,5,5,5,5,5,5,5,5,5,5,5,5,5,5,5,5,5,5,5,5,5,5,5,5,5,5,5,5,5,5,5,5,5,5,5,5,5,5,5,5,5,5,5,5,5,5,5,5,5,5,5,5,5,5,5
56,882,883,863,865,864,861,857,853,872,878,875,877,863,853,869,862,884,872,882,873,877,866,862,865,895,891,882,878,878,877,868,885,894,885,896,891,890,895,867,883,906,888,896,890,904,889,891,884,922,920,894,899,906,892,895,892,914,923,924,904,887,891,898,862,10,8,7,8,6,6,5,8,8,6,5,6,6,6,7,7,12,8,7,7,6,6,6,7,9,6,9,6,7,7,6,8,9,8,8,7,8,7,6,7,9,8,6,7,8,6,9,8,12,11,10,8,6,10,7,9,11,15,6,11,8,9,9,19,5,5,5,5,5,5,5,5,5,5,5,5,5,5,5,5,5,5,5,5,5,5,5,5,5,5,5,5,5,5,5,5,5,5,5,5,5,5,5,5,5,5,5,5,5,5,5,5,5,5,5,5,5,5,5,5,5,5,5,5,5,5,5,5
57,875,880,876,869,859,848,872,841,886,874,882,872,867,859,859,858,896,909,895,884,868,885,880,866,909,892,904,882,880,873,882,865,861,903,909,896,883,879,881,884,914,898,897,890,912,890,886,884,887,920,910,895,892,895,867,879,895,926,912,917,909,897,900,887,8,9,6,5,6,7,7,6,8,6,6,6,6,6,6,6,9,10,8,7,7,7,8,7,10,8,8,8,7,8,7,9,11,6,7,7,8,6,8,5,8,9,8,9,11,6,9,11,9,10,8,8,7,6,7,11,12,14,8,11,12,8,7,20,5,5,5,5,5,5,5,5,5,5,5,5,5,5,5,5,5,5,5,5,5,5,5,5,5,5,5,5,5,5,5,5,5,5,5,5,5,5,5,5,5,5,5,5,5,5,5,5,5,5,5,5,5,5,5,5,5,5,5,5,5,5,5,5
58,879,879,866,865,858,855,865,846,899,878,872,872,878,862,858,866,894,876,889,886,870,871,869,858,911,891,889,890,869,869,877,866,898,896,881,895,899,871,877,868,903,892,895,891,894,898,875,880,916,905,902,904,898,871,890,894,907,919,894,897,889,892,887,842,8,6,6,6,6,6,7,8,8,6,7,7,6,5,6,7,11,10,7,7,6,6,6,7,7,7,8,6,6,7,7,8,8,8,6,8,7,8,7,7,8,7,8,7,10,9,7,7,10,11,8,8,8,7,8,8,15,14,8,13,10,8,10,24,5,5,5,5,5,5,5,5,5,5,5,5,5,5,5,5,5,5,5,5,5,5,5,5,5,5,5,5,5,5,5,5,5,5,5,5,5,5,5,5,5,5,5,5,5,5,5,5,5,5,5,5,5,5,5,5,5,5,5,5,5,5,5,5
59,877,878,874,883,863,861,850,851,883,884,878,872,865,867,858,860,886,906,881,874,866,861,869,859,910,887,871,884,894,868,867,864,899,909,898,892,876,876,879,874,924,898,904,911,906,886,873,883,906,922,892,917,904,897,901,893,919,897,910,920,898,903,912,886,8,9,5,8,8,7,6,7,8,7,6,6,6,6,6,6,14,10,7,9,7,7,7,6,9,8,9,6,7,6,7,9,8,6,9,8,7,8,7,8,11,8,7,9,10,8,8,9,9,9,8,8,7,6,10,12,11,18,7,13,11,11,9,24,5,5,5,5,5,5,5,5,5,5,5,5,5,5,5,5,5,5,5,5,5,5,5,5,5,5,5,5,5,5,5,5,5,5,5,5,5,5,5,5,5,5,5,5,5,5,5,5,5,5,5,5,5,5,5,5,5,5,5,5,5,5,5,5
60,877,877,874,854,856,877,854,859,908,879,877,875,866,856,866,842,894,904,883,878,876,867,867,861,894,902,886,879,875,875,865,867,901,887,889,879,876,889,886,884,909,884,895,905,903,887,869,879,914,907,883,908,885,899,891,879,904,919,920,905,899,901,913,902,8,8,5,7,5,6,6,7,10,6,6,7,6,5,6,6,11,10,12,6,5,6,6,7,8,8,10,5,6,7,6,9,9,7,6,7,7,6,6,9,8,8,8,6,8,8,7,9,12,10,9,8,6,6,8,9,12,12,8,11,7,7,8,12,5,5,5,5,5,5,5,5,5,5,5,5,5,5,5,5,5,5,5,5,5,5,5,5,5,5,5,5,5,5,5,5,5,5,5,5,5,5,5,5,5,5,5,5,5,5,5,5,5,5,5,5,5,5,5,5,5,5,5,5,5,5,5,5
61,865,875,872,869,863,850,849,840,875,898,870,874,869,866,861,856,871,877,872,877,865,871,867,859,888,887,891,886,869,877,862,861,893,910,893,894,883,872,888,866,922,897,920,894,881,874,891,865,921,890,890,894,897,893,873,873,915,932,904,911,904,890,900,879,8,7,5,7,6,7,7,8,10,7,6,7,6,5,5,8,9,9,7,9,6,5,8,7,13,7,7,7,6,7,7,7,10,7,7,8,8,7,8,8,10,9,5,10,7,9,9,7,11,11,8,10,10,7,7,14,10,13,8,13,9,6,8,14,5,5,5,5,5,5,5,5,5,5,5,5,5,5,5,5,5,5,5,5,5,5,5,5,5,5,5,5,5,5,5,5,5,5,5,5,5,5,5,5,5,5,5,5,5,5,5,5,5,5,5,5,5,5,5,5,5,5,5,5,5,5,5,5
62,876,879,872,865,861,860,851,859,882,874,877,874,861,861,870,874,878,905,891,878,871,878,882,853,907,890,887,871,881,877,866,862,900,898,896,886,895,873,891,866,916,906,902,880,897,881,892,873,906,913,916,894,888,886,884,893,934,928,915,925,890,907,893,881,8,8,8,9,6,8,6,8,6,6,6,5,7,6,6,8,11,9,8,7,7,6,7,7,11,7,6,5,7,9,7,8,9,7,6,6,7,7,8,9,9,6,8,6,9,7,12,8,10,10,9,8,8,8,9,10,10,10,6,11,7,9,11,13,5,5,5,5,5,5,5,5,5,5,5,5,5,5,5,5,5,5,5,5,5,5,5,5,5,5,5,5,5,5,5,5,5,5,5,5,5,5,5,5,5,5,5,5,5,5,5,5,5,5,5,5,5,5,5,5,5,5,5,5,5,5,5,5
63,880,871,874,857,865,855,858,850,877,893,880,877,878,866,864,864,897,891,896,891,877,866,863,871,901,886,890,875,872,867,887,859,896,904,904,891,878,887,896,868,914,900,900,907,901,873,882,886,900,891,899,906,904,892,887,874,915,929,910,901,893,893,901,875,10,7,6,8,6,8,7,8,10,7,7,6,6,6,6,7,9,9,8,8,6,6,8,6,8,6,7,6,7,7,8,10,9,8,7,7,8,7,9,8,10,7,9,9,10,7,9,12,10,12,8,10,6,6,8,11,11,19,10,12,10,9,10,11,5,5,5,5,5,5,5,5,5,5,5,5,5,5,5,5,5,5,5,5,5,5,5,5,5,5,5,5,5,5,5,5,5,5,5,5,5,5,5,5,5,5,5,5,5,5,5,5,5,5,5,5,5,5,5,5,5,5,5,5,5,5,5,5
64,876,870,870,872,863,863,853,861,878,892,887,866,872,871,860,863,884,885,882,879,874,872,867,865,888,884,875,889,866,875,893,861,912,896,891,895,892,888,873,879,912,899,906,900,897,881,884,862,902,899,908,912,903,891,905,896,936,921,917,890,912,903,886,880,8,7,5,8,6,7,8,10,8,6,7,6,5,6,6,6,11,10,6,6,5,6,6,9,7,6,8,5,6,7,8,9,11,7,6,6,7,6,8,7,7,8,8,8,10,8,8,9,9,13,8,10,10,8,8,8,8,12,8,10,8,9,10,17,5,5,5,5,5,5,5,5,5,5,5,5,5,5,5,5,5,5,5,5,5,5,5,5,5,5,5,5,5,5,5,5,5,5,5,5,5,5,5,5,5,5,5,5,5,5,5,5,5,5,5,5,5,5,5,5,5,5,5,5,5,5,5,5
65,888,864,868,887,867,855,862,861,904,868,884,875,864,859,867,855,901,870,882,883,871,871,877,868,905,883,892,892,896,866,875,872,893,900,887,891,893,887,874,869,910,903,908,906,882,881,889,884,914,903,925,904,886,888,870,893,932,930,907,897,922,907,890,846,10,7,6,9,7,7,7,8,8,9,6,6,8,5,7,7,10,8,8,7,7,7,6,6,9,6,7,6,7,6,11,7,10,7,6,8,8,6,7,10,10,6,6,9,10,7,10,9,8,14,15,10,7,6,9,9,8,13,5,11,11,10,10,15,5,5,5,5,5,5,5,5,5,5,5,5,5,5,5,5,5,5,5,5,5,5,5,5,5,5,5,5,5,5,5,5,5,5,5,5,5,5,5,5,5,5,5,5,5,5,5,5,5,5,5,5,5,5,5,5,5,5,5,5,5,5,5,5
66,882,868,862,865,857,863,853,841,897,888,880,875,863,875,866,853,881,888,878,882,877,868,866,862,900,899,892,882,885,875,882,857,903,911,881,893,879,873,875,872,910,905,896,886,896,896,866,891,922,930,920,903,888,886,904,890,932,935,920,906,903,898,910,884,9,7,7,8,5,6,6,6,8,7,6,6,6,5,6,7,10,8,7,7,6,5,8,8,9,6,7,6,7,8,8,8,10,6,7,7,7,7,7,6,9,6,9,6,7,8,9,10,10,11,8,9,6,8,7,14,12,14,6,10,11,7,10,14,5,5,5,5,5,5,5,5,5,5,5,5,5,5,5,5,5,5,5,5,5,5,5,5,5,5,5,5,5,5,5,5,5,5,5,5,5,5,5,5,5,5,5,5,5,5,5,5,5,5,5,5,5,5,5,5,5,5,5,5,5,5,5,5
67,873,871,860,874,848,866,849,838,885,886,875,875,870,864,849,853,904,882,873,880,878,865,862,863,901,891,885,884,885,885,877,880,904,897,894,894,900,888,888,872,921,912,911,883,904,896,885,887,898,910,921,888,886,883,885,886,948,950,900,913,898,905,882,900,11,9,8,8,6,7,7,6,9,6,7,7,7,6,7,8,8,9,6,6,6,7,7,7,10,8,8,8,8,7,8,8,10,8,6,8,7,6,8,9,8,8,6,7,9,8,9,9,9,12,8,12,9,9,9,9,11,14,8,14,11,10,9,18,5,5,5,5,5,5,5,5,5,5,5,5,5,5,5,5,5,5,5,5,5,5,5,5,5,5,5,5,5,5,5,5,5,5,5,5,5,5,5,5,5,5,5,5,5,5,5,5,5,5,5,5,5,5,5,5,5,5,5,5,5,5,5,5
68,881,878,877,848,861,857,862,863,877,878,873,872,876,872,859,862,893,879,868,891,875,860,859,855,885,889,897,875,879,876,873,867,895,895,888,882,869,875,886,900,918,905,896,897,890,892,873,879,910,914,905,895,905,891,894,911,927,914,899,898,907,895,882,844,7,8,5,6,5,7,6,8,9,6,6,6,7,7,6,6,12,10,7,8,6,7,6,6,10,7,8,7,7,8,10,8,9,7,6,7,8,6,7,6,8,7,7,9,9,8,8,9,9,9,10,7,6,7,8,14,10,24,9,10,9,8,8,22,5,5,5,5,5,5,5,5,5,5,5,5,5,5,5,5,5,5,5,5,5,5,5,5,5,5,5,5,5,5,5,5,5,5,5,5,5,5,5,5,5,5,5,5,5,5,5,5,5,5,5,5,5,5,5,5,5,5,5,5,5,5,5,5
69,891,875,878,855,857,862,846,865,894,878,881,884,870,861,875,865,876,872,884,884,876,875,873,869,895,895,885,877,881,882,878,866,882,900,896,887,899,875,880,866,913,911,903,887,910,898,879,890,892,903,897,915,903,884,884,909,925,947,893,911,909,895,918,860,10,7,9,8,6,8,7,6,8,6,7,7,7,6,8,8,14,10,8,8,8,7,6,7,9,10,7,6,7,7,8,11,14,9,7,7,8,8,8,8,9,9,9,8,10,8,9,10,9,17,6,7,9,9,8,11,14,20,8,9,9,8,10,13,5,5,5,5,5,5,5,5,5,5,5,5,5,5,5,5,5,5,5,5,5,5,5,5,5,5,5,5,5,5,5,5,5,5,5,5,5,5,5,5,5,5,5,5,5,5,5,5,5,5,5,5,5,5,5,5,5,5,5,5,5,5,5,5
70,875,857,876,884,872,850,848,840,890,887,884,868,883,860,870,849,889,883,877,875,859,873,862,862,922,892,896,886,884,885,871,854,913,900,882,885,887,886,883,877,904,902,893,897,891,887,872,891,924,910,883,898,888,897,885,898,907,931,893,911,897,894,896,936,10,7,5,8,6,6,7,8,9,6,7,6,7,5,7,8,11,9,6,7,6,5,7,8,8,9,8,5,6,5,7,7,9,7,5,6,8,7,7,8,7,7,7,8,9,7,7,9,12,11,9,8,9,7,6,13,8,11,7,13,10,8,8,15,5,5,5,5,5,5,5,5,5,5,5,5,5,5,5,5,5,5,5,5,5,5,5,5,5,5,5,5,5,5,5,5,5,5,5,5,5,5,5,5,5,5,5,5,5,5,5,5,5,5,5,5,5,5,5,5,5,5,5,5,5,5,5,5
71,887,877,864,863,865,860,857,838,882,890,884,878,868,853,857,857,876,886,876,886,868,878,876,860,880,884,901,881,875,868,867,872,909,899,904,868,903,893,880,877,914,907,904,887,897,883,870,880,893,914,889,915,892,882,866,868,942,915,915,898,889,896,890,884,9,7,8,8,6,8,7,8,7,7,8,6,7,7,7,7,10,12,6,7,6,7,8,7,10,6,8,7,6,7,8,9,12,8,8,7,7,6,8,7,7,6,7,9,10,10,7,11,10,10,12,12,9,8,8,13,18,15,8,11,8,10,10,22,5,5,5,5,5,5,5,5,5,5,5,5,5,5,5,5,5,5,5,5,5,5,5,5,5,5,5,5,5,5,5,5,5,5,5,5,5,5,5,5,5,5,5,5,5,5,5,5,5,5,5,5,5,5,5,5,5,5,5,5,5,5,5,5
72,888,892,869,871,862,861,857,871,888,875,868,876,868,849,855,856,897,898,870,879,876,873,872,876,916,891,889,884,875,877,871,862,897,883,897,888,880,883,877,870,912,892,884,908,896,900,895,899,926,907,894,892,887,891,893,897,918,916,902,924,898,902,884,882,8,7,5,9,6,7,5,8,6,10,6,6,7,6,6,6,12,8,7,6,7,5,6,7,11,9,7,7,5,7,6,9,10,7,6,7,6,8,7,7,9,9,8,9,13,7,8,10,11,9,8,10,6,8,8,10,10,12,9,11,9,10,9,23,5,5,5,5,5,5,5,5,5,5,5,5,5,5,5,5,5,5,5,5,5,5,5,5,5,5,5,5,5,5,5,5,5,5,5,5,5,5,5,5,5,5,5,5,5,5,5,5,5,5,5,5,5,5,5,5,5,5,5,5,5,5,5,5
73,877,871,881,874,856,873,849,849,894,871,873,861,883,859,864,852,881,871,871,884,879,876,871,860,908,901,879,889,884,880,878,860,892,902,905,897,896,881,884,854,894,894,901,880,902,886,897,887,910,924,904,922,899,908,886,895,923,923,933,904,908,900,897,847,11,9,7,8,5,7,7,7,8,7,7,6,10,7,7,7,10,10,9,6,6,6,9,7,7,9,9,5,7,7,7,9,10,9,8,7,7,6,7,8,10,7,9,9,9,8,10,9,12,11,8,10,10,7,9,13,13,11,8,15,8,10,9,17,5,5,5,5,5,5,5,5,5,5,5,5,5,5,5,5,5,5,5,5,5,5,5,5,5,5,5,5,5,5,5,5,5,5,5,5,5,5,5,5,5,5,5,5,5,5,5,5,5,5,5,5,5,5,5,5,5,5,5,5,5,5,5,5
74,869,872,867,864,870,874,848,853,876,877,883,883,870,867,860,866,887,885,880,864,878,876,867,861,893,900,879,879,879,877,880,880,909,889,885,880,894,878,886,878,901,892,898,902,897,879,885,874,924,882,903,910,880,892,893,888,902,917,907,896,913,912,905,918,8,7,6,8,5,7,7,8,9,7,7,8,8,6,6,6,11,10,7,8,6,8,7,7,12,8,10,6,7,7,7,8,13,7,6,8,10,7,7,9,8,9,8,9,7,6,8,10,9,12,8,9,6,8,8,12,12,14,8,12,10,8,8,17,5,5,5,5,5,5,5,5,5,5,5,5,5,5,5,5,5,5,5,5,5,5,5,5,5,5,5,5,5,5,5,5,5,5,5,5,5,5,5,5,5,5,5,5,5,5,5,5,5,5,5,5,5,5,5,5,5,5,5,5,5,5,5,5
75,875,888,876,855,862,857,860,863,887,882,878,873,859,866,858,851,902,868,886,870,869,885,862,850,920,893,882,896,888,884,881,859,913,899,882,896,876,876,881,882,918,903,895,893,871,875,880,878,908,891,890,909,902,896,893,877,925,902,910,902,908,906,897,882,8,8,6,8,7,8,7,6,8,8,6,7,7,6,7,7,13,8,10,8,7,8,6,7,12,8,10,6,6,7,8,7,11,6,7,6,7,7,7,9,10,11,7,9,9,9,9,8,13,12,12,8,8,7,9,9,12,13,8,11,11,8,8,23,5,5,5,5,5,5,5,5,5,5,5,5,5,5,5,5,5,5,5,5,5,5,5,5,5,5,5,5,5,5,5,5,5,5,5,5,5,5,5,5,5,5,5,5,5,5,5,5,5,5,5,5,5,5,5,5,5,5,5,5,5,5,5,5
76,884,874,871,865,855,861,852,844,879,878,886,877,873,853,866,861,882,886,889,879,881,869,868,861,862,894,884,878,892,878,856,864,891,907,907,893,883,874,873,875,906,886,896,897,903,890,882,889,897,905,910,895,902,884,899,883,925,921,900,911,896,897,892,892,9,7,6,8,6,7,6,8,10,6,7,6,7,5,6,7,10,7,6,6,7,10,7,6,8,6,9,6,9,7,7,7,9,5,7,6,7,7,8,8,10,8,8,10,8,7,8,9,9,13,8,10,10,8,9,14,9,14,6,9,7,8,9,22,5,5,5,5,5,5,5,5,5,5,5,5,5,5,5,5,5,5,5,5,5,5,5,5,5,5,5,5,5,5,5,5,5,5,5,5,5,5,5,5,5,5,5,5,5,5,5,5,5,5,5,5,5,5,5,5,5,5,5,5,5,5,5,5
77,893,877,883,871,869,868,849,865,891,881,882,872,876,863,878,858,905,877,884,872,885,857,861,854,890,889,886,869,891,859,870,864,894,901,900,898,883,897,881,870,886,902,895,901,884,883,874,887,897,897,902,896,899,892,899,883,941,916,918,902,903,889,882,889,7,7,7,11,7,7,7,8,7,7,7,7,8,6,7,8,8,11,8,11,5,6,6,7,9,8,7,8,8,6,6,9,11,7,8,7,9,7,6,7,7,7,7,8,9,8,7,9,9,10,9,10,9,10,8,9,10,17,8,11,9,8,8,19,5,5,5,5,5,5,5,5,5,5,5,5,5,5,5,5,5,5,5,5,5,5,5,5,5,5,5,5,5,5,5,5,5,5,5,5,5,5,5,5,5,5,5,5,5,5,5,5,5,5,5,5,5,5,5,5,5,5,5,5,5,5,5,5
78,895,875,876,871,855,865,859,846,871,892,869,881,855,872,860,855,894,879,887,886,868,871,863,871,882,884,900,887,879,875,878,875,906,903,889,886,881,879,875,874,906,906,883,887,898,884,901,879,918,916,902,892,896,893,884,881,932,931,917,935,897,890,890,852,9,8,5,8,5,6,7,8,10,7,6,7,6,6,6,6,12,9,8,7,6,7,5,7,11,6,9,6,6,6,7,9,8,5,5,7,8,8,6,7,9,7,5,7,11,7,7,8,11,9,14,10,7,7,7,13,12,12,10,14,9,6,9,16,5,5,5,5,5,5,5,5,5,5,5,5,5,5,5,5,5,5,5,5,5,5,5,5,5,5,5,5,5,5,5,5,5,5,5,5,5,5,5,5,5,5,5,5,5,5,5,5,5,5,5,5,5,5,5,5,5,5,5,5,5,5,5,5
79,877,892,855,876,860,869,865,838,907,892,878,881,864,863,858,851,899,878,868,879,868,867,861,856,890,898,884,884,873,879,876,876,887,887,890,897,906,879,875,870,899,900,907,905,893,900,887,882,904,912,898,932,900,889,911,871,929,903,908,919,908,874,899,844,7,9,6,6,6,7,6,6,10,7,6,7,7,5,7,8,9,9,9,7,7,6,6,7,9,6,7,7,7,7,6,12,11,8,6,7,9,7,6,9,9,7,8,9,10,9,10,9,9,12,11,10,8,8,12,13,14,14,9,9,10,10,9,17,5,5,5,5,5,5,5,5,5,5,5,5,5,5,5,5,5,5,5,5,5,5,5,5,5,5,5,5,5,5,5,5,5,5,5,5,5,5,5,5,5,5,5,5,5,5,5,5,5,5,5,5,5,5,5,5,5,5,5,5,5,5,5,5
80,883,889,879,868,866,863,839,878,886,882,884,876,874,862,856,860,888,891,870,879,872,863,875,857,898,896,884,877,881,871,878,887,885,903,902,894,890,881,896,868,909,917,913,883,907,880,885,880,923,895,896,893,897,892,894,873,925,921,924,898,904,899,898,894,8,7,6,6,6,7,7,7,10,6,6,7,6,5,8,6,11,7,8,7,7,6,6,8,10,8,9,6,7,7,7,9,10,7,6,7,7,9,9,8,9,8,8,8,10,6,8,7,11,12,7,9,8,8,9,12,10,11,9,8,10,8,7,22,5,5,5,5,5,5,5,5,5,5,5,5,5,5,5,5,5,5,5,5,5,5,5,5,5,5,5,5,5,5,5,5,5,5,5,5,5,5,5,5,5,5,5,5,5,5,5,5,5,5,5,5,5,5,5,5,5,5,5,5,5,5,5,5
81,856,874,867,863,854,850,856,864,888,878,879,868,870,869,862,847,866,897,889,872,878,874,862,857,892,899,893,890,878,884,864,864,900,888,890,896,895,881,873,882,901,910,891,890,890,886,887,887,926,921,911,903,887,900,903,869,917,904,904,903,903,893,884,916,8,7,7,9,5,8,6,6,8,6,7,6,7,5,7,8,10,8,7,9,5,7,6,7,10,5,8,6,8,9,9,10,10,7,7,7,7,7,8,7,9,9,6,7,8,8,9,7,14,10,10,8,9,8,8,12,9,16,10,11,8,11,11,16,5,5,5,5,5,5,5,5,5,5,5,5,5,5,5,5,5,5,5,5,5,5,5,5,5,5,5,5,5,5,5,5,5,5,5,5,5,5,5,5,5,5,5,5,5,5,5,5,5,5,5,5,5,5,5,5,5,5,5,5,5,5,5,5
82,865,884,877,869,859,861,851,862,881,882,882,873,876,856,860,860,905,880,884,879,870,867,864,857,898,897,891,884,873,875,855,853,898,895,892,889,894,871,875,858,912,896,897,897,893,896,889,875,914,908,897,893,885,897,891,885,927,900,902,906,910,894,902,884,6,6,7,8,5,7,4,6,9,7,7,6,6,6,6,7,7,8,7,8,6,6,6,8,9,6,8,5,6,6,9,9,9,7,6,10,8,8,6,8,10,6,7,8,9,7,7,8,9,11,9,11,6,8,7,10,10,13,8,8,11,9,8,22,5,5,5,5,5,5,5,5,5,5,5,5,5,5,5,5,5,5,5,5,5,5,5,5,5,5,5,5,5,5,5,5,5,5,5,5,5,5,5,5,5,5,5,5,5,5,5,5,5,5,5,5,5,5,5,5,5,5,5,5,5,5,5,5
83,885,879,871,868,867,857,861,857,880,871,862,883,869,869,871,853,889,879,886,869,868,863,863,864,903,904,893,895,876,877,869,870,906,909,884,896,893,883,878,873,909,909,904,914,897,901,903,884,904,905,892,900,888,890,897,881,942,915,903,933,887,891,885,850,10,10,6,8,6,7,7,11,8,7,7,7,8,6,7,8,14,9,7,6,6,7,6,7,10,7,7,7,6,8,6,10,11,5,7,8,7,6,8,9,10,8,7,10,8,8,9,9,12,13,11,10,7,7,9,14,11,14,9,12,8,8,9,19,5,5,5,5,5,5,5,5,5,5,5,5,5,5,5,5,5,5,5,5,5,5,5,5,5,5,5,5,5,5,5,5,5,5,5,5,5,5,5,5,5,5,5,5,5,5,5,5,5,5,5,5,5,5,5,5,5,5,5,5,5,5,5,5
84,883,881,876,870,861,862,855,855,875,877,881,875,866,854,849,842,875,874,879,868,881,858,873,854,886,893,883,873,886,884,882,888,907,903,888,877,880,885,862,882,920,894,921,898,893,895,904,886,919,910,908,884,897,888,876,897,933,933,905,882,888,892,913,886,9,8,7,7,6,7,7,6,9,5,7,6,7,6,6,7,10,8,7,8,6,6,6,6,8,5,7,6,7,6,7,8,13,9,7,8,9,6,6,7,8,7,7,9,11,8,9,8,10,11,10,8,9,9,7,10,9,10,8,9,8,8,10,15,5,5,5,5,5,5,5,5,5,5,5,5,5,5,5,5,5,5,5,5,5,5,5,5,5,5,5,5,5,5,5,5,5,5,5,5,5,5,5,5,5,5,5,5,5,5,5,5,5,5,5,5,5,5,5,5,5,5,5,5,5,5,5,5
85,885,872,873,872,860,859,860,865,890,888,867,881,864,866,872,849,894,879,864,879,872,872,864,849,895,890,900,884,879,870,868,864,911,890,891,880,896,889,874,882,925,892,889,873,881,886,871,869,909,907,888,895,888,886,885,885,930,927,903,891,921,904,881,877,8,7,7,9,6,6,6,10,8,8,6,8,6,8,6,6,11,9,7,12,5,6,8,6,9,9,7,6,8,7,7,8,10,7,6,9,8,6,8,9,8,8,7,11,10,7,7,9,10,15,10,9,7,8,10,8,12,13,9,12,7,10,10,15,5,5,5,5,5,5,5,5,5,5,5,5,5,5,5,5,5,5,5,5,5,5,5,5,5,5,5,5,5,5,5,5,5,5,5,5,5,5,5,5,5,5,5,5,5,5,5,5,5,5,5,5,5,5,5,5,5,5,5,5,5,5,5,5
86,876,863,877,862,863,866,854,840,867,870,881,880,865,860,864,845,906,863,880,880,882,876,861,859,881,888,892,883,874,872,863,864,901,898,885,893,878,887,872,872,909,904,905,891,906,898,877,872,931,931,903,904,885,888,890,893,939,886,912,896,905,890,894,891,8,7,6,8,5,7,7,8,6,7,6,6,7,5,6,7,9,7,7,7,5,5,6,6,10,7,7,5,6,7,9,7,9,7,5,7,8,7,7,7,8,8,7,8,9,7,7,7,9,12,9,9,8,8,8,12,12,9,8,10,9,7,11,21,5,5,5,5,5,5,5,5,5,5,5,5,5,5,5,5,5,5,5,5,5,5,5,5,5,5,5,5,5,5,5,5,5,5,5,5,5,5,5,5,5,5,5,5,5,5,5,5,5,5,5,5,5,5,5,5,5,5,5,5,5,5,5,5
87,885,877,879,866,866,869,863,856,867,874,875,861,861,867,861,857,889,884,894,886,868,879,862,866,916,891,892,875,887,883,868,861,886,902,902,879,903,884,863,871,905,898,911,887,908,887,885,881,916,895,903,884,897,908,886,885,910,923,901,901,909,912,902,912,7,10,7,7,7,7,6,10,9,7,6,7,8,5,7,6,11,8,8,9,7,7,7,7,8,8,8,7,7,6,7,8,9,7,8,9,7,9,9,9,9,9,7,8,11,6,8,8,12,13,10,8,8,8,9,13,14,18,8,14,8,8,10,24,5,5,5,5,5,5,5,5,5,5,5,5,5,5,5,5,5,5,5,5,5,5,5,5,5,5,5,5,5,5,5,5,5,5,5,5,5,5,5,5,5,5,5,5,5,5,5,5,5,5,5,5,5,5,5,5,5,5,5,5,5,5,5,5
88,868,866,859,861,863,846,853,853,901,873,876,870,873,859,855,859,882,893,884,885,865,867,857,853,878,893,890,886,888,866,875,869,898,885,882,884,874,891,874,874,913,904,905,893,903,894,890,888,895,915,907,895,898,899,890,896,950,923,922,895,883,902,880,872,8,6,6,8,5,6,7,7,11,8,6,6,6,5,6,6,10,8,7,7,5,7,7,7,6,7,9,7,6,7,8,9,10,7,6,8,7,6,6,7,7,7,6,6,7,7,8,8,10,10,8,7,9,10,11,17,9,13,6,12,9,7,10,16,5,5,5,5,5,5,5,5,5,5,5,5,5,5,5,5,5,5,5,5,5,5,5,5,5,5,5,5,5,5,5,5,5,5,5,5,5,5,5,5,5,5,5,5,5,5,5,5,5,5,5,5,5,5,5,5,5,5,5,5,5,5,5,5
89,863,881,863,870,863,856,862,872,874,862,873,870,877,875,870,856,895,900,874,893,874,869,877,870,887,878,890,887,887,875,877,864,910,899,900,893,890,877,877,869,909,895,894,884,896,887,888,887,904,904,908,877,909,882,881,862,924,919,896,926,892,887,900,867,10,7,9,6,6,8,6,8,9,7,6,7,7,6,6,6,13,9,6,7,5,7,8,7,9,7,8,9,7,7,7,8,11,8,6,7,11,7,6,9,11,9,7,8,10,7,12,9,15,11,9,10,9,8,8,11,10,19,8,13,7,7,6,16,5,5,5,5,5,5,5,5,5,5,5,5,5,5,5,5,5,5,5,5,5,5,5,5,5,5,5,5,5,5,5,5,5,5,5,5,5,5,5,5,5,5,5,5,5,5,5,5,5,5,5,5,5,5,5,5,5,5,5,5,5,5,5,5
90,881,876,880,857,858,860,865,850,884,891,873,876,871,850,853,841,899,880,888,865,877,866,860,870,889,876,880,888,881,883,866,869,915,884,891,897,883,883,889,886,901,898,901,905,891,890,879,850,927,891,897,905,898,891,878,881,913,906,908,916,897,903,906,888,8,8,7,6,6,7,7,9,8,7,7,7,6,6,6,6,14,9,8,8,5,7,5,7,8,5,8,7,7,8,7,8,11,6,6,7,7,7,8,6,9,7,8,8,7,6,8,8,9,11,9,7,8,8,8,14,11,12,8,16,10,8,8,17,5,5,5,5,5,5,5,5,5,5,5,5,5,5,5,5,5,5,5,5,5,5,5,5,5,5,5,5,5,5,5,5,5,5,5,5,5,5,5,5,5,5,5,5,5,5,5,5,5,5,5,5,5,5,5,5,5,5,5,5,5,5,5,5
91,872,888,878,865,870,870,862,864,909,870,888,868,882,854,868,859,885,895,883,881,868,884,857,852,893,906,891,887,881,868,869,877,900,896,875,881,886,881,887,877,896,907,898,905,892,881,895,890,918,910,904,916,901,894,889,871,919,922,921,906,900,900,896,902,9,9,6,7,7,7,7,6,9,8,9,7,8,6,6,7,12,10,7,9,7,8,8,6,10,9,8,6,7,6,7,7,10,7,7,8,7,6,7,6,11,7,10,10,9,8,10,14,12,13,10,8,8,6,11,13,11,12,9,10,11,10,7,13,5,5,5,5,5,5,5,5,5,5,5,5,5,5,5,5,5,5,5,5,5,5,5,5,5,5,5,5,5,5,5,5,5,5,5,5,5,5,5,5,5,5,5,5,5,5,5,5,5,5,5,5,5,5,5,5,5,5,5,5,5,5,5,5
92,866,874,862,873,846,867,857,855,894,885,869,873,871,871,875,847,896,880,879,875,868,867,859,856,874,881,885,880,885,886,882,838,898,895,886,896,889,888,882,872,914,916,888,895,887,892,886,885,924,906,922,903,899,910,890,878,942,917,903,909,895,896,910,900,8,8,7,9,5,7,7,8,8,7,6,6,6,5,7,6,12,9,6,5,7,6,6,6,9,8,9,7,7,6,7,8,9,7,6,7,6,6,7,9,12,6,8,9,7,7,9,7,12,10,7,7,11,8,10,11,15,15,10,9,10,8,10,16,5,5,5,5,5,5,5,5,5,5,5,5,5,5,5,5,5,5,5,5,5,5,5,5,5,5,5,5,5,5,5,5,5,5,5,5,5,5,5,5,5,5,5,5,5,5,5,5,5,5,5,5,5,5,5,5,5,5,5,5,5,5,5,5
93,874,892,862,862,862,851,849,872,878,890,884,882,870,859,859,852,891,887,888,886,878,874,865,864,895,888,872,882,880,880,864,881,892,903,896,904,887,879,873,880,896,902,908,883,896,884,878,876,920,895,897,900,897,891,897,905,896,927,914,909,894,908,904,892,8,9,6,7,6,7,7,9,7,6,5,6,8,6,7,7,14,12,7,7,8,7,6,7,9,8,8,6,7,7,7,7,10,9,7,7,10,8,8,7,7,12,9,8,7,7,8,9,10,12,9,8,6,7,9,13,11,13,9,11,10,8,8,14,5,5,5,5,5,5,5,5,5,5,5,5,5,5,5,5,5,5,5,5,5,5,5,5,5,5,5,5,5,5,5,5,5,5,5,5,5,5,5,5,5,5,5,5,5,5,5,5,5,5,5,5,5,5,5,5,5,5,5,5,5,5,5,5
94,891,871,877,852,865,849,857,857,898,878,876,881,872,849,862,857,886,881,874,877,874,877,856,855,927,889,905,884,867,864,878,874,906,906,896,889,897,876,867,880,899,923,909,900,881,882,880,882,897,901,911,903,904,896,886,872,905,913,906,946,903,891,911,864,10,7,9,7,6,6,5,7,8,7,6,6,7,6,6,6,10,9,9,9,6,6,6,7,10,7,8,5,7,6,7,8,10,8,7,7,7,7,8,7,10,7,9,9,8,7,7,9,8,9,12,7,8,7,8,9,10,13,9,10,8,8,11,22,5,5,5,5,5,5,5,5,5,5,5,5,5,5,5,5,5,5,5,5,5,5,5,5,5,5,5,5,5,5,5,5,5,5,5,5,5,5,5,5,5,5,5,5,5,5,5,5,5,5,5,5,5,5,5,5,5,5,5,5,5,5,5,5
95,882,888,862,876,861,853,872,842,883,870,866,850,860,868,849,855,903,889,890,866,867,875,864,877,908,897,900,884,889,867,863,852,908,906,899,905,878,883,869,877,898,879,898,899,909,886,899,875,907,922,880,915,897,900,874,888,919,929,912,900,909,887,912,894,10,7,7,8,6,7,7,8,9,8,6,7,7,6,6,8,16,9,8,9,8,7,7,9,10,8,9,6,7,7,8,8,12,8,7,8,8,9,7,7,8,7,8,9,17,7,10,9,10,9,9,8,9,8,11,10,11,15,8,13,9,7,11,17,5,5,5,5,5,5,5,5,5,5,5,5,5,5,5,5,5,5,5,5,5,5,5,5,5,5,5,5,5,5,5,5,5,5,5,5,5,5,5,5,5,5,5,5,5,5,5,5,5,5,5,5,5,5,5,5,5,5,5,5,5,5,5,5
96,878,882,869,861,869,862,838,864,896,889,872,864,871,875,858,847,891,889,878,874,873,871,861,862,893,887,891,879,876,882,872,867,900,890,887,892,887,888,875,861,897,900,904,912,897,882,885,877,903,919,899,898,889,886,889,896,944,911,920,909,911,895,891,4000,7,8,8,8,7,6,6,6,8,7,6,6,6,7,6,7,13,8,7,8,7,6,7,6,8,6,8,6,7,5,8,8,9,6,7,7,8,7,6,8,8,11,7,9,8,7,6,10,10,11,7,8,7,7,8,11,13,12,8,11,9,8,9,17,5,5,5,5,5,5,5,5,5,5,5,5,5,5,5,5,5,5,5,5,5,5,5,5,5,5,5,5,5,5,5,5,5,5,5,5,5,5,5,5,5,5,5,5,5,5,5,5,5,5,5,5,5,5,5,5,5,5,5,5,5,5,5,255
97,873,889,865,842,864,856,851,852,891,881,878,871,878,875,864,846,902,889,883,883,877,874,865,869,879,902,875,884,881,877,871,862,904,891,899,881,879,898,873,871,917,904,884,907,892,886,902,889,912,888,876,894,884,895,893,911,931,908,909,907,892,875,905,4000,9,7,6,6,7,8,6,10,8,8,6,5,7,7,8,8,9,11,7,7,7,6,6,7,8,9,8,5,7,7,7,10,11,7,7,8,9,7,8,8,7,8,7,10,10,7,9,8,11,8,9,7,6,9,9,14,12,13,9,10,6,10,8,16,5,5,5,5,5,5,5,5,5,5,5,5,5,5,5,5,5,5,5,5,5,5,5,5,5,5,5,5,5,5,5,5,5,5,5,5,5,5,5,5,5,5,5,5,5,5,5,5,5,5,5,5,5,5,5,5,5,5,5,5,5,5,5,10
98,857,882,872,851,862,866,860,870,882,874,881,861,870,868,871,863,884,888,880,880,873,860,865,866,885,894,890,890,877,884,866,866,903,898,897,882,904,891,888,873,910,902,907,917,903,878,886,882,918,906,900,887,889,888,898,885,930,885,899,891,891,889,902,851,8,6,6,8,5,6,7,10,8,6,6,6,6,6,6,7,8,10,7,7,5,7,6,5,7,9,9,7,7,6,8,10,9,5,8,8,9,6,8,10,9,8,8,8,10,6,9,8,10,12,8,9,8,7,8,14,12,10,7,10,7,8,9,16,5,5,5,5,5,5,5,5,5,5,5,5,5,5,5,5,5,5,5,5,5,5,5,5,5,5,5,5,5,5,5,5,5,5,5,5,5,5,5,5,5,5,5,5,5,5,5,5,5,5,5,5,5,5,5,5,5,5,5,5,5,5,5,5
99,879,885,893,866,857,865,857,840,892,889,875,872,871,870,857,842,893,895,890,873,882,870,874,869,898,902,893,877,891,888,889,875,880,896,889,892,881,907,876,877,894,906,903,885,911,892,882,883,914,899,905,899,901,897,880,907,907,925,903,897,901,890,901,876,9,7,8,9,7,8,5,7,9,7,7,7,7,7,7,7,11,8,8,8,6,8,8,8,9,7,6,7,9,6,7,7,8,7,6,7,10,10,9,10,7,11,8,8,12,7,8,9,9,12,12,11,8,7,9,11,10,18,9,13,10,9,12,16,5,5,5,5,5,5,5,5,5,5,5,5,5,5,5,5,5,5,5,5,5,5,5,5,5,5,5,5,5,5,5,5,5,5,5,5,5,5,5,5,5,5,5,5,5,5,5,5,5,5,5,5,5,5,5,5,5,5,5,5,5,5,5,5
100,888,887,862,872,859,867,869,846,889,888,876,874,850,869,852,850,873,888,894,868,869,860,865,864,912,894,893,878,870,887,876,866,885,884,890,886,876,881,877,866,902,903,906,880,889,893,899,883,907,919,904,887,897,903,896,881,921,907,914,893,894,909,905,911,8,6,5,8,5,6,7,7,9,7,6,6,6,6,7,7,10,8,7,8,5,6,6,6,10,7,9,7,6,5,6,9,7,6,5,9,8,6,6,8,8,7,7,8,8,7,8,10,9,12,7,10,8,7,8,11,12,27,7,10,9,7,8,39,5,5,5,5,5,5,5,5,5,5,5,5,5,5,5,5,5,5,5,5,5,5,5,5,5,5,5,5,5,5,5,5,5,5,5,5,5,5,5,5,5,5,5,5,5,5,5,5,5,5,5,5,5,5,5,5,5,5,5,5,5,5,5,5
101,888,869,864,869,861,857,857,859,886,889,887,863,881,866,860,859,879,885,885,886,880,862,864,860,901,905,877,895,883,876,873,863,921,899,889,894,881,884,883,872,915,903,883,891,896,891,890,881,918,922,894,902,893,907,895,894,933,902,926,914,905,884,900,899,11,8,7,10,6,8,6,7,8,7,8,7,6,6,7,7,12,10,7,7,7,6,6,9,11,8,8,6,9,9,6,10,8,7,6,9,7,5,8,12,12,8,7,7,7,7,9,10,9,11,8,8,9,8,9,10,11,19,7,9,11,8,11,19,5,5,5,5,5,5,5,5,5,5,5,5,5,5,5,5,5,5,5,5,5,5,5,5,5,5,5,5,5,5,5,5,5,5,5,5,5,5,5,5,5,5,5,5,5,5,5,5,5,5,5,5,5,5,5,5,5,5,5,5,5,5,5,5
102,897,887,869,860,860,857,871,858,892,872,877,876,865,857,863,859,908,864,881,880,866,876,857,858,882,894,884,879,876,869,864,866,905,893,891,886,872,880,875,883,895,894,897,892,885,898,885,871,909,895,907,907,900,914,890,890,931,936,903,915,909,891,904,890,11,7,6,9,5,9,7,7,12,6,6,6,7,6,6,8,11,9,6,6,7,7,7,8,11,6,7,6,7,7,9,8,10,7,6,7,8,6,7,9,8,7,7,10,7,8,8,10,10,10,9,9,6,8,8,10,17,11,9,11,10,8,8,15,5,5,5,5,5,5,5,5,5,5,5,5,5,5,5,5,5,5,5,5,5,5,5,5,5,5,5,5,5,5,5,5,5,5,5,5,5,5,5,5,5,5,5,5,5,5,5,5,5,5,5,5,5,5,5,5,5,5,5,5,5,5,5,5
103,876,881,880,867,865,871,843,852,886,867,875,880,870,864,864,863,892,884,875,887,876,850,867,871,908,898,888,874,893,887,869,870,901,895,896,902,890,882,867,871,896,900,895,907,904,885,880,891,926,929,901,905,898,892,893,865,930,936,913,930,898,895,896,859,8,8,7,7,6,8,7,7,9,8,6,7,6,5,6,7,13,10,6,9,5,7,6,7,10,7,7,7,9,5,8,9,11,8,6,7,7,7,7,7,10,8,7,10,12,8,7,9,7,10,7,10,9,8,8,9,13,18,7,17,9,10,8,27,5,5,5,5,5,5,5,5,5,5,5,5,5,5,5,5,5,5,5,5,5,5,5,5,5,5,5,5,5,5,5,5,5,5,5,5,5,5,5,5,5,5,5,5,5,5,5,5,5,5,5,5,5,5,5,5,5,5,5,5,5,5,5,5
104,876,884,881,870,857,855,860,852,904,879,882,872,860,858,864,844,872,885,893,886,865,868,855,869,882,894,893,890,874,863,871,883,907,902,894,884,884,894,883,882,904,898,901,895,888,884,873,875,913,903,907,896,903,896,893,895,926,881,916,909,882,896,904,863,9,8,6,8,6,7,6,8,8,6,7,7,6,5,6,7,12,8,8,7,6,7,6,8,14,7,7,6,8,6,8,9,11,5,6,7,8,8,5,7,8,7,6,7,9,6,7,7,8,11,7,8,9,7,7,14,14,18,6,10,9,11,9,17,5,5,5,5,5,5,5,5,5,5,5,5,5,5,5,5,5,5,5,5,5,5,5,5,5,5,5,5,5,5,5,5,5,5,5,5,5,5,5,5,5,5,5,5,5,5,5,5,5,5,5,5,5,5,5,5,5,5,5,5,5,5,5,5
105,881,867,867,878,867,855,860,844,868,887,871,877,863,857,866,857,895,897,884,892,877,878,859,867,889,894,889,894,879,872,849,871,901,905,898,890,894,899,879,872,904,885,895,899,888,883,893,875,902,912,901,890,910,894,884,889,925,894,916,899,903,908,918,921,8,8,7,8,6,8,9,7,8,8,6,7,6,5,8,6,11,8,8,7,5,8,9,6,7,6,7,7,5,7,7,11,9,6,7,7,7,9,7,8,9,8,8,8,8,7,9,9,8,10,9,10,7,6,7,15,11,17,6,11,8,8,9,15,5,5,5,5,5,5,5,5,5,5,5,5,5,5,5,5,5,5,5,5,5,5,5,5,5,5,5,5,5,5,5,5,5,5,5,5,5,5,5,5,5,5,5,5,5,5,5,5,5,5,5,5,5,5,5,5,5,5,5,5,5,5,5,5
106,871,865,878,869,857,865,856,857,899,889,886,868,861,858,857,870,881,885,888,872,876,858,869,853,897,880,886,886,894,868,883,867,917,907,894,894,884,896,875,870,915,910,915,898,890,891,883,885,909,927,897,897,884,894,885,869,936,931,901,901,901,910,891,890,7,6,6,9,7,7,5,7,10,8,7,6,7,5,6,7,9,7,8,6,7,7,6,8,7,7,7,5,6,7,8,9,9,6,7,7,7,7,7,7,6,8,6,8,7,7,8,9,7,10,9,7,7,7,9,10,9,11,9,10,8,7,7,15,5,5,5,5,5,5,5,5,5,5,5,5,5,5,5,5,5,5,5,5,5,5,5,5,5,5,5,5,5,5,5,5,5,5,5,5,5,5,5,5,5,5,5,5,5,5,5,5,5,5,5,5,5,5,5,5,5,5,5,5,5,5,5,5
107,886,874,881,890,868,868,864,853,890,877,879,865,879,869,856,859,918,883,893,890,875,873,868,858,894,882,883,886,877,878,891,868,887,885,885,894,892,885,858,887,911,922,891,881,889,888,895,875,900,900,908,887,892,889,897,894,914,890,930,914,915,905,870,882,8,8,7,9,6,7,6,8,7,8,6,6,7,6,6,7,14,10,8,8,7,7,8,6,11,6,8,9,6,9,9,10,10,7,8,8,7,6,7,7,11,9,7,12,9,7,8,9,9,13,8,11,8,7,9,9,14,11,8,10,11,9,9,17,5,5,5,5,5,5,5,5,5,5,5,5,5,5,5,5,5,5,5,5,5,5,5,5,5,5,5,5,5,5,5,5,5,5,5,5,5,5,5,5,5,5,5,5,5,5,5,5,5,5,5,5,5,5,5,5,5,5,5,5,5,5,5,5
108,870,877,877,857,865,867,845,856,878,885,879,859,874,865,852,854,882,879,878,871,860,869,866,854,892,895,882,880,877,868,854,859,908,896,893,883,887,882,866,870,916,902,884,900,895,890,882,873,899,914,899,913,899,893,881,894,944,919,910,893,922,896,902,890,7,7,6,9,7,6,5,9,8,8,6,6,7,5,6,9,9,8,9,7,6,6,6,6,8,8,10,6,6,6,7,7,11,7,7,6,8,6,6,7,9,8,6,9,8,7,7,6,8,10,9,12,7,8,9,10,13,16,11,12,12,6,8,20,5,5,5,5,5,5,5,5,5,5,5,5,5,5,5,5,5,5,5,5,5,5,5,5,5,5,5,5,5,5,5,5,5,5,5,5,5,5,5,5,5,5,5,5,5,5,5,5,5,5,5,5,5,5,5,5,5,5,5,5,5,5,5,5
109,892,878,876,862,864,869,858,858,892,869,872,866,879,856,874,850,894,893,897,887,876,874,874,851,885,890,882,890,878,884,869,875,900,899,890,899,892,886,891,873,906,904,899,899,887,879,888,883,903,894,915,902,903,890,900,896,934,909,912,899,897,894,881,902,9,7,5,7,7,6,8,10,11,7,6,5,5,6,8,8,12,11,10,7,5,6,7,7,9,9,7,6,7,6,8,7,8,7,7,8,8,9,8,10,9,7,9,11,9,7,10,8,8,11,15,10,9,8,11,11,12,23,9,10,10,8,12,34,5,5,5,5,5,5,5,5,5,5,5,5,5,5,5,5,5,5,5,5,5,5,5,5,5,5,5,5,5,5,5,5,5,5,5,5,5,5,5,5,5,5,5,5,5,5,5,5,5,5,5,5,5,5,5,5,5,5,5,5,5,5,5,5
110,855,873,886,870,866,858,863,851,879,878,885,864,860,862,863,874,902,881,884,885,868,874,872,860,902,902,876,885,886,860,864,850,888,892,904,887,897,875,884,867,906,907,899,895,896,883,872,866,921,903,891,890,893,896,892,905,918,889,925,885,905,892,900,883,8,7,7,9,6,8,6,7,9,7,7,8,7,5,7,7,8,10,7,7,7,5,6,7,9,5,7,6,7,6,7,7,9,7,7,6,7,7,8,9,9,7,8,8,9,7,7,8,9,12,12,8,8,7,8,14,10,13,8,10,8,8,8,12,5,5,5,5,5,5,5,5,5,5,5,5,5,5,5,5,5,5,5,5,5,5,5,5,5,5,5,5,5,5,5,5,5,5,5,5,5,5,5,5,5,5,5,5,5,5,5,5,5,5,5,5,5,5,5,5,5,5,5,5,5,5,5,5
111,881,883,872,880,868,858,858,879,896,878,888,869,862,860,863,860,901,906,875,885,869,876,882,857,891,902,879,888,871,884,868,871,890,898,892,888,879,884,879,869,907,901,897,897,909,882,881,879,902,895,920,912,902,902,903,873,924,911,923,922,888,907,893,884,8,10,7,8,7,8,6,11,10,6,6,6,6,5,7,6,14,10,6,7,7,7,8,8,10,6,9,6,7,5,8,10,10,9,7,7,9,7,8,10,9,9,8,9,12,7,9,11,9,11,10,9,7,7,9,14,11,14,8,12,10,10,10,22,5,5,5,5,5,5,5,5,5,5,5,5,5,5,5,5,5,5,5,5,5,5,5,5,5,5,5,5,5,5,5,5,5,5,5,5,5,5,5,5,5,5,5,5,5,5,5,5,5,5,5,5,5,5,5,5,5,5,5,5,5,5,5,5
112,869,869,872,866,860,875,855,849,872,867,871,874,872,864,857,865,904,883,884,882,887,855,875,863,887,899,892,881,873,869,881,868,905,881,884,892,884,883,890,873,903,899,891,899,922,866,886,874,925,917,899,911,905,899,883,918,949,920,899,901,919,884,912,870,6,8,7,8,6,8,6,8,8,7,6,6,6,5,5,9,8,13,7,8,6,6,6,7,8,7,7,8,6,7,7,10,14,5,6,6,9,6,9,8,9,10,8,8,9,8,10,7,11,11,8,8,9,8,10,18,12,15,8,10,10,8,8,16,5,5,5,5,5,5,5,5,5,5,5,5,5,5,5,5,5,5,5,5,5,5,5,5,5,5,5,5,5,5,5,5,5,5,5,5,5,5,5,5,5,5,5,5,5,5,5,5,5,5,5,5,5,5,5,5,5,5,5,5,5,5,5,5
113,883,888,879,876,856,857,860,856,884,898,870,876,859,881,858,861,886,892,883,875,874,870,865,862,890,894,889,888,876,869,882,864,871,902,887,886,883,876,872,875,908,920,905,897,877,891,869,893,903,917,891,907,905,900,891,906,913,935,898,882,904,893,896,902,10,9,7,6,6,6,6,9,8,8,7,7,7,7,7,6,12,8,7,7,8,7,8,7,9,7,8,5,8,7,7,7,10,8,6,7,7,7,7,7,11,6,8,7,11,9,8,9,11,10,9,9,13,7,9,13,10,12,7,10,9,7,8,34,5,5,5,5,5,5,5,5,5,5,5,5,5,5,5,5,5,5,5,5,5,5,5,5,5,5,5,5,5,5,5,5,5,5,5,5,5,5,5,5,5,5,5,5,5,5,5,5,5,5,5,5,5,5,5,5,5,5,5,5,5,5,5,5
114,875,882,884,878,869,873,848,861,883,892,880,869,874,867,871,859,883,878,886,873,879,857,863,863,911,899,896,893,890,887,878,859,916,904,894,906,886,887,876,863,898,912,893,890,903,894,881,888,902,889,907,890,898,898,872,903,941,940,904,907,919,899,899,903,9,10,8,7,7,6,6,9,5,8,6,6,6,5,7,9,9,9,7,8,5,6,5,7,8,7,8,6,8,7,7,9,7,7,6,7,7,7,7,7,7,8,6,10,8,8,8,9,11,10,9,10,7,8,8,12,9,13,6,10,8,10,9,17,5,5,5,5,5,5,5,5,5,5,5,5,5,5,5,5,5,5,5,5,5,5,5,5,5,5,5,5,5,5,5,5,5,5,5,5,5,5,5,5,5,5,5,5,5,5,5,5,5,5,5,5,5,5,5,5,5,5,5,5,5,5,5,5
115,877,879,878,862,858,846,860,848,921,877,872,882,872,873,853,862,876,872,873,873,880,867,857,852,918,904,865,870,873,876,854,861,932,914,884,872,895,891,878,889,925,904,904,905,885,887,859,901,924,917,899,893,884,886,883,889,945,939,900,921,895,898,886,902,8,8,5,9,6,7,7,8,7,6,7,7,9,6,7,6,12,9,8,7,8,7,6,7,8,6,7,6,6,6,7,9,12,6,5,7,7,7,7,9,10,7,8,8,8,7,8,11,11,13,10,8,9,9,8,9,10,18,9,11,9,9,8,16,5,5,5,5,5,5,5,5,5,5,5,5,5,5,5,5,5,5,5,5,5,5,5,5,5,5,5,5,5,5,5,5,5,5,5,5,5,5,5,5,5,5,5,5,5,5,5,5,5,5,5,5,5,5,5,5,5,5,5,5,5,5,5,5
116,876,897,868,862,855,864,866,858,887,891,883,870,862,867,855,846,870,872,882,867,875,872,863,872,901,891,886,889,877,884,887,866,905,884,894,885,893,887,869,883,901,888,897,918,902,898,904,880,907,914,913,888,902,889,898,896,923,898,910,899,896,892,904,905,9,7,7,8,6,5,6,10,9,7,7,4,7,5,5,7,9,9,7,8,6,6,5,6,8,6,7,6,7,6,8,10,10,5,6,6,6,6,5,8,8,7,8,8,9,8,9,7,12,9,9,8,7,7,10,11,12,12,9,10,9,7,8,19,5,5,5,5,5,5,5,5,5,5,5,5,5,5,5,5,5,5,5,5,5,5,5,5,5,5,5,5,5,5,5,5,5,5,5,5,5,5,5,5,5,5,5,5,5,5,5,5,5,5,5,5,5,5,5,5,5,5,5,5,5,5,5,9
117,881,874,867,865,861,863,863,839,862,874,883,863,871,853,855,848,879,902,881,875,880,872,851,861,908,883,895,890,878,871,861,884,908,903,898,893,880,883,870,861,912,907,908,895,892,906,876,881,907,917,914,896,881,889,887,884,941,918,920,888,916,891,884,901,9,9,6,9,6,8,7,6,7,7,7,7,9,6,7,7,11,8,7,8,8,7,5,5,9,8,7,7,7,7,8,9,11,6,8,8,8,8,6,8,8,9,9,8,9,5,7,9,11,15,14,10,7,9,7,10,9,19,9,8,7,8,8,23,5,5,5,5,5,5,5,5,5,5,5,5,5,5,5,5,5,5,5,5,5,5,5,5,5,5,5,5,5,5,5,5,5,5,5,5,5,5,5,5,5,5,5,5,5,5,5,5,5,5,5,5,5,5,5,5,5,5,5,5,5,5,5,5
118,882,867,863,848,871,866,857,855,885,873,873,866,874,864,856,861,885,894,897,866,864,865,854,860,899,885,895,886,884,870,872,878,911,898,892,902,887,882,867,871,913,907,905,875,910,882,886,878,923,898,912,908,898,906,888,904,914,915,902,913,913,897,901,895,8,7,6,6,6,6,7,11,10,5,6,6,7,6,6,7,9,7,8,8,6,8,6,8,9,7,7,6,7,7,7,10,6,7,6,6,6,9,5,10,7,8,8,8,8,7,8,8,8,12,8,7,9,9,7,10,8,11,8,10,13,9,7,26,5,5,5,5,5,5,5,5,5,5,5,5,5,5,5,5,5,5,5,5,5,5,5,5,5,5,5,5,5,5,5,5,5,5,5,5,5,5,5,5,5,5,5,5,5,5,5,5,5,5,5,5,5,5,5,5,5,5,5,5,5,5,5,5
119,884,889,875,876,871,864,868,846,894,885,874,876,874,863,860,857,901,897,889,875,885,865,865,854,892,901,899,884,872,883,877,862,909,885,894,885,891,882,875,884,907,915,905,890,899,885,896,881,894,919,905,900,866,896,898,884,934,927,922,907,905,908,908,900,8,7,6,6,7,6,8,9,10,7,7,7,9,6,8,7,12,9,7,8,7,8,6,7,9,7,8,7,7,6,8,10,10,7,7,8,7,7,7,8,8,8,9,9,9,8,14,11,9,11,10,8,10,7,9,10,13,14,8,13,9,12,11,17,5,5,5,5,5,5,5,5,5,5,5,5,5,5,5,5,5,5,5,5,5,5,5,5,5,5,5,5,5,5,5,5,5,5,5,5,5,5,5,5,5,5,5,5,5,5,5,5,5,5,5,5,5,5,5,5,5,5,5,5,5,5,5,5
120,885,883,883,878,857,851,855,872,900,892,888,870,874,875,848,848,893,889,858,864,885,880,868,865,895,891,889,893,893,881,881,847,892,890,886,897,892,888,884,868,907,890,902,888,893,872,891,875,924,894,911,891,888,882,887,891,906,919,912,922,901,910,918,912,8,6,6,9,6,5,7,9,10,7,5,7,8,6,8,5,11,8,7,8,5,6,7,6,10,7,8,5,7,6,8,10,10,7,7,7,7,7,6,7,7,7,8,7,8,6,9,9,10,11,9,9,8,7,7,12,9,15,7,11,8,6,8,17,5,5,5,5,5,5,5,5,5,5,5,5,5,5,5,5,5,5,5,5,5,5,5,5,5,5,5,5,5,5,5,5,5,5,5,5,5,5,5,5,5,5,5,5,5,5,5,5,5,5,5,5,5,5,5,5,5,5,5,5,5,5,5,5
121,883,887,891,842,861,865,861,861,872,880,885,882,858,857,866,862,884,887,890,882,882,871,871,856,905,890,901,890,881,883,873,857,917,898,893,889,897,876,902,852,912,899,899,894,895,889,896,880,909,905,922,900,892,897,897,912,910,897,921,909,902,884,903,907,12,7,7,5,6,8,6,10,7,7,6,7,7,5,7,9,8,8,9,7,6,7,7,9,9,8,8,6,7,8,7,8,7,8,7,9,9,8,10,7,8,7,6,8,8,8,9,8,9,13,12,8,9,7,10,12,9,16,7,11,9,7,8,16,5,5,5,5,5,5,5,5,5,5,5,5,5,5,5,5,5,5,5,5,5,5,5,5,5,5,5,5,5,5,5,5,5,5,5,5,5,5,5,5,5,5,5,5,5,5,5,5,5,5,5,5,5,5,5,5,5,5,5,5,5,5,5,5
122,867,863,880,872,860,866,852,839,885,875,870,875,870,869,866,854,874,878,884,882,871,873,871,870,910,895,881,888,865,880,864,885,912,899,895,903,884,893,874,864,910,903,906,897,900,886,905,887,899,912,894,899,892,879,884,886,941,917,911,926,908,894,907,877,9,7,6,8,5,7,6,8,7,8,6,7,6,6,6,9,11,10,7,7,7,8,7,7,10,8,10,6,7,6,7,8,9,6,6,7,8,6,6,7,9,5,6,8,8,7,9,8,7,9,9,7,9,7,6,10,13,14,10,9,8,7,9,12,5,5,5,5,5,5,5,5,5,5,5,5,5,5,5,5,5,5,5,5,5,5,5,5,5,5,5,5,5,5,5,5,5,5,5,5,5,5,5,5,5,5,5,5,5,5,5,5,5,5,5,5,5,5,5,5,5,5,5,5,5,5,5,5
123,882,880,867,878,861,857,861,845,885,868,874,854,867,871,860,857,887,907,865,879,879,862,861,848,916,891,889,886,888,880,884,884,904,903,905,894,896,894,883,870,901,891,903,897,898,894,857,888,918,922,916,889,891,880,878,899,916,920,912,921,922,906,902,4000,9,7,8,8,6,7,9,8,9,7,9,7,9,6,6,7,13,9,8,6,5,8,7,7,11,8,9,6,6,10,7,9,11,9,8,7,11,7,7,10,10,9,7,9,9,9,8,8,11,13,11,10,7,7,7,10,11,19,9,13,12,9,10,12,5,5,5,5,5,5,5,5,5,5,5,5,5,5,5,5,5,5,5,5,5,5,5,5,5,5,5,5,5,5,5,5,5,5,5,5,5,5,5,5,5,5,5,5,5,5,5,5,5,5,5,5,5,5,5,5,5,5,5,5,5,5,5,255
124,869,877,880,867,863,853,855,860,886,878,871,868,872,861,859,858,888,879,889,878,881,869,878,859,886,881,874,880,877,885,871,864,908,889,886,901,874,882,888,864,913,897,899,900,903,892,883,889,914,926,895,904,897,881,892,859,914,909,895,910,922,905,904,4000,8,7,7,6,5,6,5,8,8,6,6,6,8,5,6,6,10,8,7,8,5,7,6,6,7,6,8,7,7,6,9,8,14,6,5,8,7,8,7,6,9,6,8,8,8,7,10,9,9,12,6,11,7,8,7,9,9,10,7,13,9,8,7,18,5,5,5,5,5,5,5,5,5,5,5,5,5,5,5,5,5,5,5,5,5,5,5,5,5,5,5,5,5,5,5,5,5,5,5,5,5,5,5,5,5,5,5,5,5,5,5,5,5,5,5,5,5,5,5,5,5,5,5,5,5,5,5,10
125,881,885,867,852,864,856,851,868,903,873,878,873,868,872,849,863,873,890,877,875,872,866,870,869,914,894,898,901,872,875,868,878,883,900,898,893,903,887,880,896,909,889,882,894,885,892,888,887,900,929,898,902,900,897,890,861,937,903,911,911,915,895,912,849,10,7,5,6,6,7,6,7,9,8,6,5,8,6,5,8,9,8,7,7,7,7,7,7,12,8,9,6,7,8,8,10,6,9,9,9,8,7,6,8,8,6,5,8,10,9,8,9,10,10,9,7,9,8,7,9,11,13,6,10,8,8,10,28,5,5,5,5,5,5,5,5,5,5,5,5,5,5,5,5,5,5,5,5,5,5,5,5,5,5,5,5,5,5,5,5,5,5,5,5,5,5,5,5,5,5,5,5,5,5,5,5,5,5,5,5,5,5,5,5,5,5,5,5,5,5,5,5
126,896,885,871,879,857,853,853,866,875,871,871,867,876,868,862,873,890,876,881,875,865,870,871,863,901,898,885,882,878,882,882,880,907,901,887,894,895,877,876,872,909,908,902,881,897,890,889,869,904,892,914,889,886,885,892,860,932,898,929,907,911,906,913,866,8,8,6,8,5,7,6,7,8,8,6,6,7,6,6,8,12,10,6,8,6,6,6,7,10,6,10,5,7,6,7,10,10,8,6,6,7,7,7,8,9,7,8,8,8,7,8,10,13,10,9,9,9,8,9,13,12,13,8,11,9,9,8,21,5,5,5,5,5,5,5,5,5,5,5,5,5,5,5,5,5,5,5,5,5,5,5,5,5,5,5,5,5,5,5,5,5,5,5,5,5,5,5,5,5,5,5,5,5,5,5,5,5,5,5,5,5,5,5,5,5,5,5,5,5,5,5,5
127,876,872,877,879,855,861,866,865,895,892,881,874,877,869,848,857,885,885,876,872,862,878,879,876,894,891,892,876,883,872,854,866,908,886,889,893,884,873,872,872,906,897,912,884,887,900,890,870,920,895,892,898,899,898,885,904,916,912,892,907,902,899,880,899,9,8,6,6,7,8,7,8,8,8,7,7,7,6,6,9,10,8,8,10,7,7,7,8,10,8,6,6,6,6,7,7,10,7,6,7,9,7,7,8,8,7,9,9,8,9,6,7,10,18,9,8,9,7,9,13,14,14,7,11,8,10,10,30,5,5,5,5,5,5,5,5,5,5,5,5,5,5,5,5,5,5,5,5,5,5,5,5,5,5,5,5,5,5,5,5,5,5,5,5,5,5,5,5,5,5,5,5,5,5,5,5,5,5,5,5,5,5,5,5,5,5,5,5,5,5,5,5
128,867,879,865,863,868,870,868,848,893,887,870,869,864,867,857,842,872,882,891,874,869,876,862,858,891,895,884,884,877,882,873,858,906,886,903,896,894,867,860,878,909,905,904,895,894,893,875,869,923,889,887,905,890,900,875,895,948,918,907,896,899,891,913,895,7,6,6,8,5,5,7,6,8,6,6,5,6,7,6,7,14,8,8,6,6,6,6,8,9,7,7,5,7,6,7,8,11,7,6,7,9,7,7,7,8,9,6,9,8,7,9,7,11,10,9,6,7,7,7,11,9,22,10,12,9,8,9,17,5,5,5,5,5,5,5,5,5,5,5,5,5,5,5,5,5,5,5,5,5,5,5,5,5,5,5,5,5,5,5,5,5,5,5,5,5,5,5,5,5,5,5,5,5,5,5,5,5,5,5,5,5,5,5,5,5,5,5,5,5,5,5,5
129,888,873,873,875,864,857,852,859,887,861,874,864,888,856,862,870,889,894,884,879,884,879,868,875,882,899,882,877,876,871,878,881,892,905,901,897,890,894,891,867,894,909,917,898,871,896,878,885,920,911,893,913,903,897,889,865,926,892,895,893,906,921,907,887,7,7,5,7,5,7,6,10,12,7,6,7,8,5,6,6,11,7,8,7,7,6,7,6,11,7,9,6,7,7,7,8,11,6,7,6,10,8,8,11,8,10,7,9,9,7,9,9,9,10,9,7,9,8,8,12,10,13,8,13,9,9,8,16,5,5,5,5,5,5,5,5,5,5,5,5,5,5,5,5,5,5,5,5,5,5,5,5,5,5,5,5,5,5,5,5,5,5,5,5,5,5,5,5,5,5,5,5,5,5,5,5,5,5,5,5,5,5,5,5,5,5,5,5,5,5,5,5
130,878,880,869,865,874,861,863,855,872,887,880,871,866,850,869,853,871,887,881,882,866,860,864,863,892,880,895,880,878,869,872,865,890,903,888,898,900,899,875,888,908,906,903,916,888,893,883,876,907,921,906,903,887,879,894,885,942,931,900,907,905,897,886,923,8,6,7,8,5,7,6,8,10,7,7,6,7,7,6,6,11,11,7,9,6,7,7,6,8,7,7,6,6,6,7,7,10,8,6,7,7,7,7,8,7,9,7,6,6,9,8,7,7,9,9,8,8,6,8,11,10,23,10,12,10,9,7,25,5,5,5,5,5,5,5,5,5,5,5,5,5,5,5,5,5,5,5,5,5,5,5,5,5,5,5,5,5,5,5,5,5,5,5,5,5,5,5,5,5,5,5,5,5,5,5,5,5,5,5,5,5,5,5,5,5,5,5,5,5,5,5,5
131,877,896,871,870,877,850,863,849,891,879,900,880,868,871,870,876,902,903,878,872,863,858,873,866,898,877,895,886,892,875,876,866,908,891,878,887,900,898,870,883,892,886,907,889,882,884,866,886,917,931,909,912,887,881,893,891,911,945,900,921,897,896,873,868,7,7,6,8,9,9,7,8,9,9,6,6,8,7,6,7,13,9,8,10,8,6,10,9,10,8,9,6,9,8,6,10,13,8,7,10,6,8,7,6,7,7,7,8,9,7,8,8,7,13,11,9,7,8,10,14,21,17,7,9,10,8,10,27,5,5,5,5,5,5,5,5,5,5,5,5,5,5,5,5,5,5,5,5,5,5,5,5,5,5,5,5,5,5,5,5,5,5,5,5,5,5,5,5,5,5,5,5,5,5,5,5,5,5,5,5,5,5,5,5,5,5,5,5,5,5,5,5
132,874,864,871,859,861,861,860,841,880,877,871,871,878,856,867,855,887,891,875,875,872,873,855,862,899,889,885,868,876,890,866,866,906,889,887,904,882,888,899,874,908,911,910,903,886,899,892,870,911,907,907,909,880,899,894,900,918,931,914,893,887,885,896,914,6,7,8,8,6,7,6,5,11,8,5,5,6,5,7,8,12,7,8,8,6,7,6,8,9,8,8,6,6,7,7,9,11,6,7,6,9,6,10,9,9,6,10,8,9,7,10,9,10,11,8,8,5,7,9,11,8,10,7,12,13,8,9,19,5,5,5,5,5,5,5,5,5,5,5,5,5,5,5,5,5,5,5,5,5,5,5,5,5,5,5,5,5,5,5,5,5,5,5,5,5,5,5,5,5,5,5,5,5,5,5,5,5,5,5,5,5,5,5,5,5,5,5,5,5,5,5,5
133,881,868,869,875,850,860,858,850,891,884,867,866,869,866,858,871,897,879,901,886,861,868,862,870,886,888,876,881,882,878,883,872,900,902,896,904,895,876,871,866,908,895,911,897,896,875,889,883,919,917,904,885,908,881,894,896,897,913,909,888,896,889,889,877,9,8,5,7,6,8,6,7,9,7,7,6,7,7,6,8,15,10,10,8,6,6,6,10,7,8,7,7,8,8,7,11,11,6,7,8,7,7,8,10,9,8,10,7,10,7,11,9,11,11,11,9,6,8,11,9,9,21,9,13,8,9,9,15,5,5,5,5,5,5,5,5,5,5,5,5,5,5,5,5,5,5,5,5,5,5,5,5,5,5,5,5,5,5,5,5,5,5,5,5,5,5,5,5,5,5,5,5,5,5,5,5,5,5,5,5,5,5,5,5,5,5,5,5,5,5,5,5
134,873,867,880,861,871,854,866,851,886,873,877,883,873,872,863,857,892,888,888,885,881,865,863,868,892,891,889,879,891,882,858,863,901,895,891,893,881,882,889,868,914,901,909,896,897,888,873,879,907,899,920,900,882,889,892,893,916,930,909,902,909,887,903,895,8,9,6,7,7,6,6,7,12,9,6,6,6,7,6,7,10,8,7,8,7,6,5,8,7,7,7,7,7,7,8,8,9,8,6,7,7,7,8,6,8,7,8,7,7,7,8,8,10,11,10,12,7,8,8,11,10,27,7,10,10,7,9,17,5,5,5,5,5,5,5,5,5,5,5,5,5,5,5,5,5,5,5,5,5,5,5,5,5,5,5,5,5,5,5,5,5,5,5,5,5,5,5,5,5,5,5,5,5,5,5,5,5,5,5,5,5,5,5,5,5,5,5,5,5,5,5,5
135,888,880,877,864,869,853,863,852,900,871,876,872,876,868,852,845,883,880,867,882,878,875,870,861,893,890,879,883,876,869,884,856,873,901,887,898,900,890,884,861,911,896,902,886,900,892,895,884,919,900,912,894,899,895,895,877,924,919,915,897,905,905,890,915,9,8,6,8,7,7,8,8,11,8,6,6,7,7,8,6,8,10,8,10,7,6,7,8,7,8,9,5,7,8,8,8,12,8,6,8,8,6,8,7,9,9,10,8,8,7,9,8,10,13,9,8,10,6,9,14,14,18,8,12,10,8,11,16,5,5,5,5,5,5,5,5,5,5,5,5,5,5,5,5,5,5,5,5,5,5,5,5,5,5,5,5,5,5,5,5,5,5,5,5,5,5,5,5,5,5,5,5,5,5,5,5,5,5,5,5,5,5,5,5,5,5,5,5,5,5,5,5
136,878,876,869,871,868,864,861,847,893,882,869,873,870,865,860,848,903,894,899,886,881,879,877,858,913,884,894,883,879,880,855,859,897,894,883,878,872,881,898,877,914,899,902,897,893,889,891,887,928,905,910,892,893,879,884,867,928,901,899,904,910,911,898,887,8,8,7,7,6,6,7,8,8,8,6,6,5,5,6,7,11,6,7,7,5,6,8,10,8,7,8,5,7,6,7,8,9,6,6,7,8,7,10,6,10,9,9,11,8,8,11,8,10,14,8,9,8,7,7,9,12,11,8,12,8,7,8,27,5,5,5,5,5,5,5,5,5,5,5,5,5,5,5,5,5,5,5,5,5,5,5,5,5,5,5,5,5,5,5,5,5,5,5,5,5,5,5,5,5,5,5,5,5,5,5,5,5,5,5,5,5,5,5,5,5,5,5,5,5,5,5,5
137,882,882,879,854,861,867,871,850,876,880,876,866,871,882,860,858,903,893,861,884,878,863,868,867,898,896,890,882,879,878,860,862,900,904,895,903,889,893,884,864,914,905,906,899,875,888,886,888,933,908,898,896,898,909,872,873,951,907,909,895,878,896,898,852,10,6,7,7,6,9,7,8,8,7,7,6,8,7,6,6,7,11,7,8,7,7,7,6,11,9,8,7,7,7,8,8,16,7,7,7,9,7,10,7,8,9,8,9,9,7,10,11,11,12,11,10,10,9,10,16,13,16,9,11,9,9,9,16,5,5,5,5,5,5,5,5,5,5,5,5,5,5,5,5,5,5,5,5,5,5,5,5,5,5,5,5,5,5,5,5,5,5,5,5,5,5,5,5,5,5,5,5,5,5,5,5,5,5,5,5,5,5,5,5,5,5,5,5,5,5,5,5
138,890,871,872,855,848,846,853,848,894,890,870,866,871,864,877,854,876,870,879,885,861,881,861,869,903,885,894,881,871,874,873,853,893,889,891,891,877,887,871,887,909,901,906,897,893,882,872,876,912,905,893,896,900,887,886,876,924,933,900,894,909,874,906,913,9,8,7,7,5,6,5,7,7,7,7,5,8,5,6,6,12,8,9,6,6,6,6,6,10,7,9,6,6,8,6,10,11,7,7,8,8,8,7,8,9,9,7,9,9,6,8,8,10,11,9,9,8,8,7,10,10,16,9,9,9,7,9,16,5,5,5,5,5,5,5,5,5,5,5,5,5,5,5,5,5,5,5,5,5,5,5,5,5,5,5,5,5,5,5,5,5,5,5,5,5,5,5,5,5,5,5,5,5,5,5,5,5,5,5,5,5,5,5,5,5,5,5,5,5,5,5,5
139,898,867,867,863,858,853,853,856,898,887,874,867,873,864,867,865,916,878,887,885,877,873,859,868,907,903,897,878,882,873,883,858,903,894,888,889,886,885,888,875,908,898,900,897,890,911,889,884,925,916,907,900,909,900,880,876,947,902,905,904,900,894,875,896,12,6,6,7,7,7,6,8,8,10,6,6,7,6,8,6,12,9,8,7,7,7,8,7,12,9,9,7,8,7,7,9,10,7,6,7,10,7,9,9,10,7,7,9,11,8,10,10,10,9,10,9,8,9,8,15,8,16,10,12,8,10,9,19,5,5,5,5,5,5,5,5,5,5,5,5,5,5,5,5,5,5,5,5,5,5,5,5,5,5,5,5,5,5,5,5,5,5,5,5,5,5,5,5,5,5,5,5,5,5,5,5,5,5,5,5,5,5,5,5,5,5,5,5,5,5,5,5
140,887,893,869,878,850,856,854,846,880,871,888,887,874,871,871,863,876,871,879,868,870,876,866,864,889,906,893,869,876,867,880,872,893,901,898,890,881,884,883,871,909,905,897,910,887,883,877,882,915,897,904,908,900,880,890,876,930,939,910,905,903,893,897,867,10,8,6,6,5,7,6,9,10,8,6,8,6,7,7,6,11,9,7,7,6,8,6,6,7,10,7,6,7,6,6,13,11,7,7,7,8,6,8,7,7,7,7,7,9,7,7,8,8,11,8,9,10,9,8,13,15,14,6,14,9,8,7,15,5,5,5,5,5,5,5,5,5,5,5,5,5,5,5,5,5,5,5,5,5,5,5,5,5,5,5,5,5,5,5,5,5,5,5,5,5,5,5,5,5,5,5,5,5,5,5,5,5,5,5,5,5,5,5,5,5,5,5,5,5,5,5,5
141,877,863,878,864,863,861,850,866,880,877,871,873,860,855,858,859,902,895,889,884,870,873,872,873,896,882,888,883,875,866,872,863,883,901,895,909,894,883,896,869,905,893,902,897,894,893,910,886,892,920,907,899,901,902,882,897,919,892,918,903,896,904,905,889,10,8,6,9,7,7,8,7,11,9,7,6,8,5,8,9,15,9,7,7,6,6,9,7,8,6,6,7,7,6,7,10,9,8,7,7,6,6,9,10,9,11,7,8,11,7,10,10,10,18,11,9,7,10,7,14,9,25,10,10,10,12,10,18,5,5,5,5,5,5,5,5,5,5,5,5,5,5,5,5,5,5,5,5,5,5,5,5,5,5,5,5,5,5,5,5,5,5,5,5,5,5,5,5,5,5,5,5,5,5,5,5,5,5,5,5,5,5,5,5,5,5,5,5,5,5,5,5
142,880,886,885,858,868,871,867,842,879,888,878,863,860,873,873,853,890,901,886,890,882,870,863,872,888,889,900,890,885,874,885,869,901,899,892,891,892,882,872,871,913,900,896,894,880,877,878,893,886,893,904,911,893,903,905,860,919,920,909,915,907,896,922,867,8,7,6,7,7,7,7,6,8,6,6,6,7,6,8,6,11,8,7,8,6,6,6,5,8,6,9,6,8,7,8,7,9,8,4,7,7,8,6,8,11,7,7,9,9,6,6,9,10,10,9,9,8,7,10,10,9,15,9,9,11,8,7,23,5,5,5,5,5,5,5,5,5,5,5,5,5,5,5,5,5,5,5,5,5,5,5,5,5,5,5,5,5,5,5,5,5,5,5,5,5,5,5,5,5,5,5,5,5,5,5,5,5,5,5,5,5,5,5,5,5,5,5,5,5,5,5,5
143,884,875,879,873,861,861,854,859,877,873,881,866,876,862,866,855,890,887,885,852,877,868,875,865,883,889,901,879,892,866,878,870,905,885,899,906,898,885,879,852,899,900,902,897,906,899,886,871,902,925,896,897,901,892,886,901,940,919,916,918,902,912,899,872,9,8,7,7,6,6,8,7,10,7,5,5,7,5,7,6,13,10,7,6,6,6,7,10,10,7,7,8,8,6,6,9,10,8,7,8,7,6,8,8,10,7,8,9,12,7,11,11,8,11,9,9,8,8,7,10,9,11,7,11,9,8,12,30,5,5,5,5,5,5,5,5,5,5,5,5,5,5,5,5,5,5,5,5,5,5,5,5,5,5,5,5,5,5,5,5,5,5,5,5,5,5,5,5,5,5,5,5,5,5,5,5,5,5,5,5,5,5,5,5,5,5,5,5,5,5,5,5
144,882,882,873,875,865,862,853,836,889,874,885,867,872,858,851,859,883,888,880,885,877,866,870,863,907,897,885,893,868,883,887,872,904,898,890,886,894,892,880,874,902,905,902,905,894,878,895,857,912,899,892,911,903,896,877,889,927,939,917,902,898,901,889,905,10,7,6,9,7,7,5,7,8,6,7,6,6,5,6,5,11,9,8,7,6,7,6,8,9,9,7,6,6,6,8,7,13,6,6,9,8,8,6,10,7,6,8,10,8,8,11,9,8,11,6,7,9,7,8,11,8,16,7,11,8,9,10,13,5,5,5,5,5,5,5,5,5,5,5,5,5,5,5,5,5,5,5,5,5,5,5,5,5,5,5,5,5,5,5,5,5,5,5,5,5,5,5,5,5,5,5,5,5,5,5,5,5,5,5,5,5,5,5,5,5,5,5,5,5,5,5,5
145,881,884,872,874,866,878,859,868,886,879,872,873,857,863,856,863,876,882,868,872,868,876,881,874,914,886,898,883,864,867,865,856,915,882,888,898,895,874,900,877,915,915,902,895,897,887,897,884,922,906,899,909,894,884,885,891,919,912,924,929,901,900,900,872,8,6,8,8,7,7,8,11,11,7,6,7,8,5,6,8,9,9,8,7,7,7,6,9,10,9,8,7,8,8,6,8,8,6,7,6,10,7,8,7,9,9,10,10,9,7,9,11,12,11,8,9,9,7,8,10,14,13,11,11,9,10,8,18,5,5,5,5,5,5,5,5,5,5,5,5,5,5,5,5,5,5,5,5,5,5,5,5,5,5,5,5,5,5,5,5,5,5,5,5,5,5,5,5,5,5,5,5,5,5,5,5,5,5,5,5,5,5,5,5,5,5,5,5,5,5,5,5
146,861,890,866,853,859,863,866,856,889,873,867,870,865,861,848,851,900,896,878,886,867,860,857,866,895,889,897,876,892,876,868,857,905,905,890,907,895,876,888,871,924,888,897,895,889,882,885,879,903,929,892,893,896,884,901,894,935,928,913,898,883,892,914,894,7,7,7,8,6,7,7,8,9,7,5,6,8,5,6,6,11,9,7,9,6,7,7,6,8,7,8,6,7,7,6,10,9,7,6,8,7,7,6,7,8,6,7,9,9,7,7,7,10,14,7,7,8,9,8,12,9,17,7,12,8,8,10,17,5,5,5,5,5,5,5,5,5,5,5,5,5,5,5,5,5,5,5,5,5,5,5,5,5,5,5,5,5,5,5,5,5,5,5,5,5,5,5,5,5,5,5,5,5,5,5,5,5,5,5,5,5,5,5,5,5,5,5,5,5,5,5,5
147,884,890,877,856,866,862,863,864,894,873,878,868,861,870,863,857,885,897,888,892,876,855,861,871,893,869,915,881,890,881,864,867,907,903,887,893,888,880,877,884,911,892,903,903,880,878,880,865,920,907,894,912,884,891,903,863,922,914,915,891,892,888,906,939,9,7,8,8,7,8,7,7,10,7,6,7,7,7,6,10,13,10,6,9,7,8,6,7,9,7,11,6,5,8,6,9,8,7,6,6,6,7,7,8,9,9,7,11,8,7,9,7,12,14,13,10,8,7,12,9,11,12,8,10,8,10,9,14,5,5,5,5,5,5,5,5,5,5,5,5,5,5,5,5,5,5,5,5,5,5,5,5,5,5,5,5,5,5,5,5,5,5,5,5,5,5,5,5,5,5,5,5,5,5,5,5,5,5,5,5,5,5,5,5,5,5,5,5,5,5,5,5
148,890,881,867,876,853,856,853,836,878,892,877,880,861,863,858,852,855,877,869,883,881,880,871,867,907,880,885,883,893,870,866,889,897,899,885,903,885,875,884,867,915,889,903,895,901,887,875,875,913,911,892,889,901,895,891,874,896,920,918,901,899,909,906,915,9,7,7,7,5,7,7,6,8,9,7,7,7,5,7,7,13,7,7,7,7,8,6,6,9,8,8,6,9,7,6,10,11,7,7,8,6,8,7,5,8,8,9,9,9,8,9,7,9,10,10,11,7,6,9,8,11,14,10,12,7,8,8,23,5,5,5,5,5,5,5,5,5,5,5,5,5,5,5,5,5,5,5,5,5,5,5,5,5,5,5,5,5,5,5,5,5,5,5,5,5,5,5,5,5,5,5,5,5,5,5,5,5,5,5,5,5,5,5,5,5,5,5,5,5,5,5,5
149,881,860,858,867,855,866,855,858,893,871,881,873,867,870,859,861,876,898,872,879,873,881,863,846,891,899,880,883,876,873,865,880,908,899,894,885,881,882,892,870,903,908,898,892,892,901,882,905,923,906,906,893,892,896,907,907,920,958,908,891,901,902,913,872,10,6,7,7,6,7,8,9,9,7,8,6,6,6,8,6,10,10,7,10,7,9,6,7,8,8,8,5,7,7,9,9,12,7,6,7,8,7,10,7,8,10,9,8,12,6,8,10,13,15,10,8,9,6,10,12,10,19,9,14,10,11,9,14,5,5,5,5,5,5,5,5,5,5,5,5,5,5,5,5,5,5,5,5,5,5,5,5,5,5,5,5,5,5,5,5,5,5,5,5,5,5,5,5,5,5,5,5,5,5,5,5,5,5,5,5,5,5,5,5,5,5,5,5,5,5,5,5
150,882,871,866,869,862,858,867,846,880,885,881,872,887,868,879,848,888,888,884,864,878,873,874,861,880,884,885,889,876,870,881,866,912,898,893,910,884,876,879,871,899,890,897,901,878,890,893,878,901,916,911,885,890,891,894,893,922,934,912,900,894,898,897,911,7,7,6,7,6,8,7,7,9,7,7,6,9,5,6,6,11,10,6,7,7,7,6,9,9,7,9,5,6,7,8,8,11,6,7,7,7,6,8,7,9,6,7,8,9,7,11,7,9,11,9,8,7,7,8,11,12,25,7,11,9,9,7,18,5,5,5,5,5,5,5,5,5,5,5,5,5,5,5,5,5,5,5,5,5,5,5,5,5,5,5,5,5,5,5,5,5,5,5,5,5,5,5,5,5,5,5,5,5,5,5,5,5,5,5,5,5,5,5,5,5,5,5,5,5,5,5,5
151,883,890,867,862,861,864,869,853,876,878,874,860,879,852,862,860,895,889,885,882,885,869,863,851,898,887,880,890,890,882,869,881,894,904,900,885,893,865,890,870,900,892,893,902,898,879,875,873,926,936,903,911,902,881,890,895,912,912,915,909,904,916,904,903,7,8,8,9,7,9,7,7,8,7,6,6,8,6,7,8,13,10,7,8,7,6,7,8,8,8,8,9,6,7,7,7,12,6,7,8,7,7,8,9,9,8,8,8,8,7,6,6,6,12,10,8,7,9,10,10,10,15,7,10,8,8,9,14,5,5,5,5,5,5,5,5,5,5,5,5,5,5,5,5,5,5,5,5,5,5,5,5,5,5,5,5,5,5,5,5,5,5,5,5,5,5,5,5,5,5,5,5,5,5,5,5,5,5,5,5,5,5,5,5,5,5,5,5,5,5,5,5
152,887,869,865,863,868,859,869,861,883,872,873,863,863,854,861,850,885,889,882,877,883,878,855,866,881,888,889,882,876,874,886,870,908,904,890,884,884,874,871,867,908,919,890,919,888,878,890,882,898,898,888,902,917,889,893,868,932,920,896,911,896,900,880,882,7,8,7,8,6,7,7,8,7,6,6,5,6,6,6,6,11,6,9,7,6,7,6,7,11,6,9,5,7,5,7,11,9,6,6,8,10,9,7,8,7,9,7,10,9,7,9,7,7,11,11,9,8,7,9,9,9,16,7,14,7,8,10,31,5,5,5,5,5,5,5,5,5,5,5,5,5,5,5,5,5,5,5,5,5,5,5,5,5,5,5,5,5,5,5,5,5,5,5,5,5,5,5,5,5,5,5,5,5,5,5,5,5,5,5,5,5,5,5,5,5,5,5,5,5,5,5,5
153,884,880,870,870,861,853,860,857,883,898,873,875,857,856,865,859,901,887,885,891,866,868,863,861,908,885,902,877,881,883,880,868,916,893,885,887,893,880,876,869,892,896,907,906,874,893,878,898,907,916,916,891,903,888,875,868,932,927,908,912,897,909,900,890,10,7,6,9,6,8,6,6,9,8,6,6,7,6,6,6,10,8,8,8,6,8,7,7,6,8,7,7,8,6,9,9,10,7,6,6,11,6,7,8,8,9,8,9,9,10,8,11,10,11,11,9,8,8,8,9,14,15,9,16,10,11,9,22,5,5,5,5,5,5,5,5,5,5,5,5,5,5,5,5,5,5,5,5,5,5,5,5,5,5,5,5,5,5,5,5,5,5,5,5,5,5,5,5,5,5,5,5,5,5,5,5,5,5,5,5,5,5,5,5,5,5,5,5,5,5,5,5
154,885,891,861,859,868,848,849,853,883,874,875,873,878,866,853,858,885,884,876,868,869,870,877,858,884,885,877,893,884,876,874,867,897,897,901,884,889,884,883,881,890,912,895,894,881,886,891,882,921,934,899,898,901,896,886,885,931,918,910,897,890,899,907,904,9,6,6,9,7,6,8,10,11,6,6,6,6,6,5,5,12,9,7,7,6,9,7,6,9,7,9,5,8,6,7,10,10,6,7,7,8,7,7,7,6,8,8,7,9,6,8,9,7,16,9,8,7,6,7,9,13,18,9,13,11,10,9,13,5,5,5,5,5,5,5,5,5,5,5,5,5,5,5,5,5,5,5,5,5,5,5,5,5,5,5,5,5,5,5,5,5,5,5,5,5,5,5,5,5,5,5,5,5,5,5,5,5,5,5,5,5,5,5,5,5,5,5,5,5,5,5,5
155,887,877,867,872,867,878,858,841,883,873,875,874,851,863,866,859,886,888,869,877,885,866,864,859,896,874,891,888,885,866,876,878,909,906,899,872,884,877,879,868,924,908,905,887,907,903,894,868,908,907,882,904,900,879,897,900,930,911,904,901,894,901,887,916,9,7,6,8,7,8,5,8,9,7,6,6,9,6,7,9,11,12,8,7,6,9,6,8,8,7,8,5,8,7,7,8,10,8,7,8,8,6,6,9,11,9,8,7,11,9,8,10,8,11,10,8,10,8,12,12,14,12,10,11,8,8,10,22,5,5,5,5,5,5,5,5,5,5,5,5,5,5,5,5,5,5,5,5,5,5,5,5,5,5,5,5,5,5,5,5,5,5,5,5,5,5,5,5,5,5,5,5,5,5,5,5,5,5,5,5,5,5,5,5,5,5,5,5,5,5,5,5
156,855,881,880,872,859,864,853,842,893,870,885,866,860,857,852,863,892,890,870,879,878,874,864,863,896,892,879,889,882,888,862,861,888,894,884,885,888,889,882,884,915,909,889,895,883,888,885,880,929,896,911,908,880,892,885,885,923,925,915,916,912,898,905,859,7,8,7,5,6,7,5,7,7,6,8,6,7,6,5,7,11,10,6,7,5,7,7,7,7,9,8,7,7,7,6,9,8,7,6,6,8,7,7,6,7,7,7,7,10,7,8,9,9,9,10,8,7,9,7,10,10,15,7,16,8,9,11,16,5,5,5,5,5,5,5,5,5,5,5,5,5,5,5,5,5,5,5,5,5,5,5,5,5,5,5,5,5,5,5,5,5,5,5,5,5,5,5,5,5,5,5,5,5,5,5,5,5,5,5,5,5,5,5,5,5,5,5,5,5,5,5,5
157,873,880,882,861,862,861,863,858,890,881,877,868,867,862,865,876,905,888,872,872,863,860,871,858,886,880,886,878,884,873,875,876,902,899,884,903,883,883,874,882,919,901,898,891,902,873,885,899,919,889,902,900,896,884,885,881,916,905,915,910,900,881,895,895,10,6,7,7,7,8,6,8,8,8,7,6,6,5,9,7,9,7,8,7,6,8,9,7,8,8,7,7,7,7,7,8,11,9,6,8,6,7,8,7,8,10,8,10,9,9,10,13,10,10,9,8,8,6,8,15,11,13,8,13,7,8,9,23,5,5,5,5,5,5,5,5,5,5,5,5,5,5,5,5,5,5,5,5,5,5,5,5,5,5,5,5,5,5,5,5,5,5,5,5,5,5,5,5,5,5,5,5,5,5,5,5,5,5,5,5,5,5,5,5,5,5,5,5,5,5,5,5
158,877,877,875,861,863,855,844,862,882,876,870,884,860,862,857,873,896,883,882,888,873,872,873,876,883,895,881,889,884,886,871,881,916,895,887,883,880,887,896,858,909,913,899,895,904,877,866,881,904,922,908,886,913,888,893,870,928,888,901,918,879,901,894,903,10,9,5,8,6,7,7,7,9,7,6,6,6,6,6,8,9,8,6,7,7,6,7,7,8,6,9,6,6,6,8,11,12,7,6,8,8,7,8,7,6,9,7,9,10,6,9,10,8,13,10,8,7,7,7,10,10,19,8,12,9,9,12,20,5,5,5,5,5,5,5,5,5,5,5,5,5,5,5,5,5,5,5,5,5,5,5,5,5,5,5,5,5,5,5,5,5,5,5,5,5,5,5,5,5,5,5,5,5,5,5,5,5,5,5,5,5,5,5,5,5,5,5,5,5,5,5,5
159,889,877,885,872,866,853,857,859,878,887,878,873,869,873,855,861,885,904,869,873,868,866,875,853,918,885,886,890,884,871,858,869,893,904,890,892,878,894,890,884,921,910,905,892,880,883,880,882,895,910,897,908,902,895,899,896,915,909,912,933,905,886,893,882,9,8,7,12,7,7,8,11,10,7,6,7,9,7,6,5,11,9,8,8,7,6,8,7,9,6,8,5,6,6,8,9,10,6,8,7,8,8,9,8,15,8,6,9,10,10,9,9,9,9,9,8,9,8,12,12,10,18,9,18,10,8,10,21,5,5,5,5,5,5,5,5,5,5,5,5,5,5,5,5,5,5,5,5,5,5,5,5,5,5,5,5,5,5,5,5,5,5,5,5,5,5,5,5,5,5,5,5,5,5,5,5,5,5,5,5,5,5,5,5,5,5,5,5,5,5,5,5
160,880,863,874,858,865,864,854,839,877,881,881,866,875,861,859,861,892,876,888,885,860,870,867,872,900,885,886,885,873,873,877,865,900,898,884,877,885,881,883,880,897,914,889,908,898,886,881,869,913,905,920,903,897,882,894,881,934,919,910,893,892,919,891,867,8,6,7,8,6,8,6,8,8,7,6,6,10,4,6,6,10,8,7,7,6,6,6,9,9,6,7,7,6,7,8,10,11,8,5,7,9,8,8,6,8,8,8,9,9,7,8,8,13,11,8,8,8,8,9,14,9,14,6,11,10,12,9,17,5,5,5,5,5,5,5,5,5,5,5,5,5,5,5,5,5,5,5,5,5,5,5,5,5,5,5,5,5,5,5,5,5,5,5,5,5,5,5,5,5,5,5,5,5,5,5,5,5,5,5,5,5,5,5,5,5,5,5,5,5,5,5,5
161,875,885,882,869,862,842,855,861,893,866,881,849,868,865,862,842,885,895,869,884,874,864,859,858,892,885,884,904,876,867,880,860,906,889,882,896,883,880,889,884,920,902,887,896,881,909,917,880,919,930,903,891,897,907,872,889,925,937,908,888,902,913,900,877,9,7,8,9,5,7,6,6,10,7,6,6,7,6,6,6,12,11,7,7,7,8,6,7,13,6,7,6,7,7,8,9,11,7,8,7,8,8,8,9,10,10,6,8,9,8,9,7,9,15,9,12,8,9,9,8,13,15,8,11,10,8,7,14,5,5,5,5,5,5,5,5,5,5,5,5,5,5,5,5,5,5,5,5,5,5,5,5,5,5,5,5,5,5,5,5,5,5,5,5,5,5,5,5,5,5,5,5,5,5,5,5,5,5,5,5,5,5,5,5,5,5,5,5,5,5,5,5
162,885,880,876,855,872,853,854,841,883,873,891,868,884,870,856,869,871,873,874,880,877,868,866,872,898,894,875,884,875,870,886,866,883,907,896,883,869,900,871,870,908,905,901,894,900,883,893,873,928,892,911,908,897,886,890,908,924,912,920,912,905,898,901,892,8,6,6,8,5,7,7,6,10,6,7,7,8,5,6,7,9,8,6,9,5,6,6,6,8,7,8,8,7,7,7,8,9,5,7,9,7,8,6,9,9,7,8,8,9,6,9,8,9,10,8,9,8,8,9,11,10,15,8,12,9,8,8,16,5,5,5,5,5,5,5,5,5,5,5,5,5,5,5,5,5,5,5,5,5,5,5,5,5,5,5,5,5,5,5,5,5,5,5,5,5,5,5,5,5,5,5,5,5,5,5,5,5,5,5,5,5,5,5,5,5,5,5,5,5,5,5,5
163,877,869,871,856,866,865,855,847,887,890,878,890,875,867,865,864,901,902,882,882,880,877,867,873,897,889,885,877,882,877,884,863,914,898,883,888,903,895,885,873,897,919,908,885,880,884,890,897,925,893,900,897,894,914,883,865,949,906,906,897,878,910,902,868,8,7,6,7,7,8,6,9,9,7,8,10,8,7,8,6,13,8,8,8,6,7,9,7,10,8,10,6,7,7,9,8,8,6,7,6,9,6,7,8,10,8,9,6,9,9,12,8,9,12,10,11,9,10,6,14,9,14,7,12,9,7,10,14,5,5,5,5,5,5,5,5,5,5,5,5,5,5,5,5,5,5,5,5,5,5,5,5,5,5,5,5,5,5,5,5,5,5,5,5,5,5,5,5,5,5,5,5,5,5,5,5,5,5,5,5,5,5,5,5,5,5,5,5,5,5,5,5
164,868,883,872,867,860,853,851,846,890,871,871,869,854,864,850,860,889,888,881,874,867,862,866,856,896,893,891,893,885,867,873,860,917,897,892,891,897,883,872,879,892,897,893,896,884,894,883,878,900,931,885,899,910,887,881,895,932,927,915,914,892,904,908,890,10,8,5,8,6,6,8,7,10,6,5,6,5,5,5,7,11,6,7,9,7,6,5,7,9,8,6,6,7,5,8,8,9,7,5,7,7,7,7,10,7,9,7,7,10,8,9,8,7,12,12,6,6,7,7,13,10,14,9,10,8,10,8,25,5,5,5,5,5,5,5,5,5,5,5,5,5,5,5,5,5,5,5,5,5,5,5,5,5,5,5,5,5,5,5,5,5,5,5,5,5,5,5,5,5,5,5,5,5,5,5,5,5,5,5,5,5,5,5,5,5,5,5,5,5,5,5,5
165,887,874,873,866,853,858,855,865,901,882,861,879,882,864,860,875,879,897,890,884,870,872,867,867,912,882,901,872,880,886,879,855,900,902,886,897,883,877,889,862,918,910,909,896,900,885,875,878,920,906,907,907,904,890,879,910,948,918,919,895,910,875,901,865,10,8,5,10,6,8,6,7,9,7,6,6,7,6,7,9,9,10,8,6,6,8,9,7,12,7,9,6,7,6,8,9,13,6,6,7,9,8,8,8,8,8,7,8,10,7,8,10,13,12,9,12,9,9,9,14,11,17,7,12,12,7,8,17,5,5,5,5,5,5,5,5,5,5,5,5,5,5,5,5,5,5,5,5,5,5,5,5,5,5,5,5,5,5,5,5,5,5,5,5,5,5,5,5,5,5,5,5,5,5,5,5,5,5,5,5,5,5,5,5,5,5,5,5,5,5,5,5
166,869,896,866,868,863,843,866,858,899,881,878,881,876,863,869,842,882,895,879,870,870,866,869,852,888,883,879,888,876,869,866,855,890,900,886,899,893,885,891,883,913,885,897,909,893,880,887,891,932,904,907,887,912,897,883,905,913,929,918,906,920,917,905,885,7,9,6,8,6,5,6,9,7,7,7,7,6,5,7,6,10,7,6,7,6,8,6,8,8,7,8,7,7,8,8,9,10,7,7,9,6,7,8,8,8,6,9,9,7,8,9,10,13,12,8,10,9,10,9,14,8,13,6,11,9,12,10,16,5,5,5,5,5,5,5,5,5,5,5,5,5,5,5,5,5,5,5,5,5,5,5,5,5,5,5,5,5,5,5,5,5,5,5,5,5,5,5,5,5,5,5,5,5,5,5,5,5,5,5,5,5,5,5,5,5,5,5,5,5,5,5,5
167,878,871,882,862,863,881,862,863,887,876,883,870,870,871,857,864,856,868,887,874,881,856,859,864,887,897,890,884,873,874,863,866,911,899,894,877,895,880,890,867,904,904,901,895,895,894,879,907,920,922,873,911,907,881,910,876,936,927,906,885,901,905,906,914,9,7,7,9,8,8,6,7,8,7,7,6,7,5,7,6,12,9,7,10,6,6,7,7,9,6,7,6,7,6,7,9,9,6,6,8,6,8,7,8,6,10,8,8,10,7,8,7,13,11,9,8,6,8,9,12,11,19,8,10,8,9,11,24,5,5,5,5,5,5,5,5,5,5,5,5,5,5,5,5,5,5,5,5,5,5,5,5,5,5,5,5,5,5,5,5,5,5,5,5,5,5,5,5,5,5,5,5,5,5,5,5,5,5,5,5,5,5,5,5,5,5,5,5,5,5,5,5
168,875,876,875,869,861,865,856,868,899,884,876,871,871,866,857,850,896,892,875,872,879,875,873,867,886,906,878,872,880,880,877,876,918,894,896,884,888,889,879,879,901,886,897,914,897,880,888,878,917,922,907,888,890,885,892,907,928,918,915,899,922,883,901,893,10,8,5,8,6,6,7,7,7,6,6,5,8,5,6,7,10,9,7,6,5,6,7,6,10,7,8,6,6,7,7,7,10,7,6,7,8,8,7,8,8,8,7,9,8,6,10,7,12,11,7,9,9,8,8,12,8,15,8,9,9,7,8,16,5,5,5,5,5,5,5,5,5,5,5,5,5,5,5,5,5,5,5,5,5,5,5,5,5,5,5,5,5,5,5,5,5,5,5,5,5,5,5,5,5,5,5,5,5,5,5,5,5,5,5,5,5,5,5,5,5,5,5,5,5,5,5,5
169,870,872,876,870,862,870,859,853,869,891,881,863,871,861,857,855,891,883,873,869,880,873,867,852,879,884,888,891,884,881,878,879,899,899,892,900,879,884,888,875,904,909,905,906,894,888,874,873,918,918,901,874,905,895,908,886,925,909,918,915,896,891,916,915,12,7,7,10,6,8,6,9,8,7,7,7,8,5,7,8,16,7,6,8,9,7,6,8,8,7,8,6,9,6,10,9,12,8,7,8,8,6,7,9,7,7,7,10,10,7,9,8,11,10,12,9,8,10,10,11,13,17,9,11,10,7,11,14,5,5,5,5,5,5,5,5,5,5,5,5,5,5,5,5,5,5,5,5,5,5,5,5,5,5,5,5,5,5,5,5,5,5,5,5,5,5,5,5,5,5,5,5,5,5,5,5,5,5,5,5,5,5,5,5,5,5,5,5,5,5,5,5
170,887,876,881,873,873,864,853,851,895,881,870,880,880,872,863,863,871,889,887,876,869,859,876,858,886,896,888,888,881,874,848,872,897,894,895,897,881,887,878,886,905,912,905,901,885,892,878,881,916,888,924,887,896,892,898,891,923,914,889,902,896,881,892,876,9,8,6,6,4,7,8,9,9,7,7,7,6,4,9,7,10,9,9,11,6,6,9,8,11,7,9,5,7,7,7,8,10,8,6,7,9,6,7,8,9,7,9,8,7,7,8,10,9,9,10,8,8,6,9,10,9,12,8,11,8,7,9,16,5,5,5,5,5,5,5,5,5,5,5,5,5,5,5,5,5,5,5,5,5,5,5,5,5,5,5,5,5,5,5,5,5,5,5,5,5,5,5,5,5,5,5,5,5,5,5,5,5,5,5,5,5,5,5,5,5,5,5,5,5,5,5,5
171,888,884,879,867,877,844,854,832,880,888,883,875,871,874,860,855,880,896,884,890,875,859,869,859,910,892,877,884,875,867,868,877,899,892,891,891,884,877,882,873,906,900,905,897,901,892,876,885,913,914,883,888,895,893,887,885,919,910,915,932,901,887,910,871,9,7,7,9,5,6,7,6,8,7,7,6,6,6,6,5,11,9,8,8,5,8,7,8,13,7,10,7,7,7,6,9,9,8,7,7,7,7,8,9,9,7,9,9,10,6,8,9,11,16,8,12,10,7,10,12,9,13,7,12,12,8,8,29,5,5,5,5,5,5,5,5,5,5,5,5,5,5,5,5,5,5,5,5,5,5,5,5,5,5,5,5,5,5,5,5,5,5,5,5,5,5,5,5,5,5,5,5,5,5,5,5,5,5,5,5,5,5,5,5,5,5,5,5,5,5,5,5
172,887,876,877,867,850,866,848,855,875,884,880,875,865,861,863,858,882,904,890,863,860,870,852,864,892,895,886,887,889,878,860,861,891,898,892,895,874,881,884,869,898,916,889,893,890,880,879,876,893,903,892,903,892,877,885,894,918,915,897,885,909,892,895,897,9,7,5,7,6,7,5,8,8,6,5,7,7,5,7,6,8,11,7,7,5,7,6,7,9,7,10,6,7,6,7,7,10,7,6,7,8,7,9,8,8,9,6,10,8,6,7,8,8,8,8,6,8,6,8,23,10,14,8,13,9,7,8,24,5,5,5,5,5,5,5,5,5,5,5,5,5,5,5,5,5,5,5,5,5,5,5,5,5,5,5,5,5,5,5,5,5,5,5,5,5,5,5,5,5,5,5,5,5,5,5,5,5,5,5,5,5,5,5,5,5,5,5,5,5,5,5,5
173,875,881,890,864,857,856,842,850,887,882,872,870,872,863,857,850,890,878,873,880,878,878,867,857,908,885,903,900,879,873,861,877,907,888,911,901,900,885,898,866,906,903,896,893,895,897,890,889,892,923,899,904,889,882,868,901,928,921,900,901,915,916,895,880,8,9,8,8,7,8,6,7,8,8,6,6,6,5,7,7,10,8,6,7,6,6,7,7,11,6,9,7,8,8,7,8,10,6,6,7,8,6,9,8,9,10,7,10,7,9,9,8,10,10,7,8,8,8,9,13,10,13,10,11,9,7,10,16,5,5,5,5,5,5,5,5,5,5,5,5,5,5,5,5,5,5,5,5,5,5,5,5,5,5,5,5,5,5,5,5,5,5,5,5,5,5,5,5,5,5,5,5,5,5,5,5,5,5,5,5,5,5,5,5,5,5,5,5,5,5,5,5
174,888,886,880,877,855,844,865,844,883,853,883,860,879,858,864,846,899,885,881,877,886,877,866,865,903,890,884,875,873,881,877,864,913,905,891,890,888,876,878,865,902,922,906,887,873,877,889,880,900,919,913,911,903,893,885,888,904,923,888,914,893,893,902,886,9,5,5,6,6,6,6,8,9,6,6,6,6,5,7,7,13,10,7,8,8,6,7,8,11,7,9,6,7,8,7,10,11,8,5,7,8,7,7,7,8,8,7,6,8,8,8,9,6,12,8,11,7,7,9,9,12,13,7,9,9,7,7,14,5,5,5,5,5,5,5,5,5,5,5,5,5,5,5,5,5,5,5,5,5,5,5,5,5,5,5,5,5,5,5,5,5,5,5,5,5,5,5,5,5,5,5,5,5,5,5,5,5,5,5,5,5,5,5,5,5,5,5,5,5,5,5,5
175,871,887,868,864,860,872,858,852,890,874,887,871,873,863,867,852,903,902,888,875,881,871,864,862,913,888,880,877,890,875,888,865,904,907,911,886,888,885,877,877,921,911,890,897,890,884,888,880,910,906,900,906,893,902,902,875,915,944,898,899,891,888,912,902,6,7,7,9,7,6,7,9,7,8,7,6,6,5,9,7,11,10,7,8,7,8,6,8,10,7,9,7,8,7,8,8,10,8,9,7,9,6,8,7,9,7,6,9,9,7,9,8,11,12,10,9,8,9,7,9,10,23,8,10,9,6,15,33,5,5,5,5,5,5,5,5,5,5,5,5,5,5,5,5,5,5,5,5,5,5,5,5,5,5,5,5,5,5,5,5,5,5,5,5,5,5,5,5,5,5,5,5,5,5,5,5,5,5,5,5,5,5,5,5,5,5,5,5,5,5,5,5
176,888,874,877,880,863,862,865,846,880,875,879,875,873,859,863,865,885,896,896,877,870,872,861,859,904,888,877,880,886,870,882,855,892,902,889,894,893,879,865,877,909,906,899,876,889,886,884,878,917,928,875,904,896,891,886,868,925,902,919,917,912,889,896,886,7,7,6,7,5,8,6,6,12,6,5,6,6,6,6,6,12,8,7,6,7,8,7,7,10,8,8,7,8,7,7,8,9,6,5,6,7,8,6,7,9,9,7,8,9,7,9,10,8,13,9,8,8,9,7,12,13,15,7,9,9,8,7,13,5,5,5,5,5,5,5,5,5,5,5,5,5,5,5,5,5,5,5,5,5,5,5,5,5,5,5,5,5,5,5,5,5,5,5,5,5,5,5,5,5,5,5,5,5,5,5,5,5,5,5,5,5,5,5,5,5,5,5,5,5,5,5,5
177,881,888,879,877,864,859,860,851,889,888,885,874,870,852,863,854,895,874,885,883,881,872,855,855,887,884,906,881,884,881,873,884,901,900,904,898,878,873,877,883,919,912,912,907,884,895,864,886,917,900,915,904,901,880,901,876,922,921,909,926,896,897,901,896,8,9,7,9,6,8,7,7,8,7,7,6,6,6,7,6,13,9,7,6,6,8,6,7,8,7,8,6,7,6,7,8,12,7,8,7,7,8,7,7,10,7,8,7,9,8,10,8,10,13,9,8,7,7,10,10,10,11,7,13,8,9,9,21,5,5,5,5,5,5,5,5,5,5,5,5,5,5,5,5,5,5,5,5,5,5,5,5,5,5,5,5,5,5,5,5,5,5,5,5,5,5,5,5,5,5,5,5,5,5,5,5,5,5,5,5,5,5,5,5,5,5,5,5,5,5,5,5
178,873,875,871,855,859,855,862,852,871,871,878,869,877,870,853,859,912,876,884,877,874,860,868,866,891,879,878,880,874,872,868,878,907,893,898,888,887,871,873,867,896,897,909,909,906,905,893,885,917,899,901,885,895,895,907,889,922,928,898,884,904,894,907,881,7,8,6,8,6,6,6,7,8,7,7,6,7,6,5,7,9,10,6,9,7,7,6,6,9,7,9,6,7,7,7,7,11,7,6,7,9,7,8,8,9,7,10,7,8,9,9,9,9,10,8,8,7,9,6,16,12,14,9,10,8,8,7,19,5,5,5,5,5,5,5,5,5,5,5,5,5,5,5,5,5,5,5,5,5,5,5,5,5,5,5,5,5,5,5,5,5,5,5,5,5,5,5,5,5,5,5,5,5,5,5,5,5,5,5,5,5,5,5,5,5,5,5,5,5,5,5,5
179,848,892,873,858,859,862,847,844,893,886,875,865,872,875,852,846,864,891,894,892,877,866,871,860,897,890,895,878,893,877,867,860,888,892,901,891,883,894,884,870,914,920,906,907,898,890,905,874,917,896,909,898,898,902,887,897,903,938,893,897,918,903,908,843,9,7,5,8,5,6,7,8,7,7,6,6,6,7,7,8,14,10,9,8,7,8,8,7,9,7,8,6,7,7,8,10,8,7,7,8,10,10,8,9,8,10,8,8,10,8,8,8,11,11,9,8,7,9,9,12,10,12,9,10,10,9,9,17,5,5,5,5,5,5,5,5,5,5,5,5,5,5,5,5,5,5,5,5,5,5,5,5,5,5,5,5,5,5,5,5,5,5,5,5,5,5,5,5,5,5,5,5,5,5,5,5,5,5,5,5,5,5,5,5,5,5,5,5,5,5,5,5
180,886,886,856,874,874,853,853,853,897,867,877,872,881,867,859,865,878,882,873,875,885,861,852,864,889,899,874,875,877,878,873,874,904,902,889,893,877,894,867,877,905,896,896,887,900,879,878,869,924,922,899,897,894,893,898,893,904,918,918,897,905,896,905,883,12,8,6,8,6,6,6,9,8,7,7,6,8,5,7,6,10,11,6,10,5,6,6,6,9,7,8,6,7,6,7,10,11,9,7,6,7,7,6,7,8,5,7,8,9,7,8,9,10,12,8,8,8,6,7,12,14,12,7,10,10,7,10,14,5,5,5,5,5,5,5,5,5,5,5,5,5,5,5,5,5,5,5,5,5,5,5,5,5,5,5,5,5,5,5,5,5,5,5,5,5,5,5,5,5,5,5,5,5,5,5,5,5,5,5,5,5,5,5,5,5,5,5,5,5,5,5,5
181,876,873,882,873,853,835,850,852,891,885,875,869,870,861,858,863,892,876,875,871,878,874,873,863,907,889,888,880,893,872,868,860,900,883,894,887,884,891,874,861,899,914,899,887,891,887,887,885,912,918,920,912,889,891,870,909,936,946,909,912,909,887,893,874,9,6,8,11,5,5,7,10,8,8,6,5,6,5,6,9,9,10,7,9,7,6,7,8,10,8,7,7,6,8,7,9,17,7,6,9,7,6,7,12,7,9,7,9,11,8,9,7,11,11,15,12,7,8,9,12,9,18,10,11,10,9,13,19,5,5,5,5,5,5,5,5,5,5,5,5,5,5,5,5,5,5,5,5,5,5,5,5,5,5,5,5,5,5,5,5,5,5,5,5,5,5,5,5,5,5,5,5,5,5,5,5,5,5,5,5,5,5,5,5,5,5,5,5,5,5,5,5
182,868,882,880,887,865,871,851,855,900,884,875,870,867,860,868,857,883,881,879,875,880,875,865,861,909,890,893,888,883,886,869,856,897,892,886,892,883,887,874,866,914,893,900,896,872,872,882,883,902,917,893,895,901,883,892,881,944,923,916,905,893,899,894,878,7,7,5,8,6,6,7,6,9,8,6,5,6,5,5,5,9,9,6,10,5,6,6,6,9,7,8,5,8,7,7,7,9,7,6,8,6,6,7,8,9,9,6,9,8,6,7,9,9,10,7,7,9,7,9,10,13,15,8,10,7,10,9,11,5,5,5,5,5,5,5,5,5,5,5,5,5,5,5,5,5,5,5,5,5,5,5,5,5,5,5,5,5,5,5,5,5,5,5,5,5,5,5,5,5,5,5,5,5,5,5,5,5,5,5,5,5,5,5,5,5,5,5,5,5,5,5,5
183,897,883,870,873,862,870,852,858,892,882,866,864,878,866,868,856,905,895,889,866,871,879,855,861,900,887,896,877,878,876,873,882,912,912,884,899,901,881,871,865,907,900,884,905,905,872,866,862,879,909,905,899,887,902,900,892,939,901,897,918,894,890,900,925,6,9,9,8,6,6,7,8,9,7,6,7,7,5,7,5,14,8,8,8,7,8,7,8,11,7,9,7,7,6,6,10,11,6,6,6,10,7,6,8,9,9,7,9,8,7,8,10,8,15,10,8,8,6,11,11,16,19,9,21,10,9,12,30,5,5,5,5,5,5,5,5,5,5,5,5,5,5,5,5,5,5,5,5,5,5,5,5,5,5,5,5,5,5,5,5,5,5,5,5,5,5,5,5,5,5,5,5,5,5,5,5,5,5,5,5,5,5,5,5,5,5,5,5,5,5,5,5
184,892,880,853,862,857,856,864,827,894,868,871,877,877,866,859,841,917,891,877,880,875,873,875,858,901,894,903,883,879,871,885,860,898,898,879,895,879,887,864,862,909,900,920,900,898,868,887,891,917,901,905,892,891,896,891,883,939,911,914,901,891,898,884,871,9,7,7,6,5,6,8,8,8,7,6,7,7,5,6,6,9,8,7,6,7,6,6,7,8,7,9,6,7,7,8,7,10,7,7,8,7,7,6,6,10,6,6,7,11,7,9,8,9,11,8,8,8,7,7,12,10,13,6,10,6,8,8,12,5,5,5,5,5,5,5,5,5,5,5,5,5,5,5,5,5,5,5,5,5,5,5,5,5,5,5,5,5,5,5,5,5,5,5,5,5,5,5,5,5,5,5,5,5,5,5,5,5,5,5,5,5,5,5,5,5,5,5,5,5,5,5,5
185,879,889,879,879,861,860,868,852,881,886,870,874,863,856,870,846,880,888,883,884,873,876,878,869,898,899,882,873,882,876,879,875,905,902,884,886,891,883,882,886,916,908,914,901,913,876,894,872,913,892,900,909,907,886,881,917,936,894,902,894,900,905,898,927,8,7,8,9,6,7,8,8,8,7,8,7,7,7,6,8,10,8,9,10,7,6,9,7,8,7,7,6,7,8,7,8,9,8,6,6,8,6,7,8,7,7,7,11,13,8,11,8,9,10,7,8,9,8,9,9,12,17,10,10,9,10,9,27,5,5,5,5,5,5,5,5,5,5,5,5,5,5,5,5,5,5,5,5,5,5,5,5,5,5,5,5,5,5,5,5,5,5,5,5,5,5,5,5,5,5,5,5,5,5,5,5,5,5,5,5,5,5,5,5,5,5,5,5,5,5,5,5
186,882,884,877,862,856,860,860,859,895,885,875,868,854,859,858,852,902,896,872,853,864,870,861,858,882,883,892,884,880,869,871,865,903,898,902,875,888,867,867,860,905,906,897,904,908,899,887,888,919,922,893,895,905,874,905,882,928,910,902,930,897,915,893,850,9,6,8,7,6,6,6,6,9,7,7,5,7,5,6,6,15,9,7,7,6,6,6,7,8,6,8,6,7,7,9,10,10,8,7,9,9,7,6,7,7,8,8,9,9,9,7,10,12,13,8,10,7,7,7,12,13,13,8,12,8,11,9,12,5,5,5,5,5,5,5,5,5,5,5,5,5,5,5,5,5,5,5,5,5,5,5,5,5,5,5,5,5,5,5,5,5,5,5,5,5,5,5,5,5,5,5,5,5,5,5,5,5,5,5,5,5,5,5,5,5,5,5,5,5,5,5,5
187,872,875,865,854,864,880,855,854,897,885,889,867,873,869,865,863,898,888,872,879,867,887,882,864,912,891,879,879,869,876,859,887,905,896,900,906,886,898,887,879,919,907,906,901,898,881,892,892,903,914,917,880,894,895,889,894,956,934,910,922,902,898,906,880,7,8,6,7,7,7,7,8,8,7,8,6,7,7,9,6,10,11,6,9,6,7,7,5,9,8,9,6,7,8,8,12,11,8,8,8,8,7,8,7,7,10,8,10,8,8,9,9,7,14,8,10,8,10,8,11,12,13,7,10,8,7,9,17,5,5,5,5,5,5,5,5,5,5,5,5,5,5,5,5,5,5,5,5,5,5,5,5,5,5,5,5,5,5,5,5,5,5,5,5,5,5,5,5,5,5,5,5,5,5,5,5,5,5,5,5,5,5,5,5,5,5,5,5,5,5,5,5
188,866,866,877,874,856,855,858,858,882,875,884,870,876,859,869,862,899,887,878,878,872,866,870,869,907,888,878,878,888,884,866,881,901,901,897,887,877,871,876,881,898,921,895,915,908,886,883,882,913,907,909,909,891,892,881,905,921,933,906,899,894,884,910,858,10,8,6,6,5,8,6,9,7,7,8,6,7,5,6,6,9,9,7,6,7,6,6,6,8,7,9,6,6,6,7,9,10,7,6,7,7,6,7,8,8,8,7,10,9,7,9,10,11,12,10,8,8,7,8,9,10,10,7,10,8,9,10,23,5,5,5,5,5,5,5,5,5,5,5,5,5,5,5,5,5,5,5,5,5,5,5,5,5,5,5,5,5,5,5,5,5,5,5,5,5,5,5,5,5,5,5,5,5,5,5,5,5,5,5,5,5,5,5,5,5,5,5,5,5,5,5,5
189,877,890,870,869,867,862,856,856,869,877,883,883,886,858,862,861,913,887,876,875,869,858,873,864,903,886,894,889,880,882,881,844,911,893,895,890,889,877,872,884,909,900,895,912,874,875,884,883,924,886,904,916,889,895,901,885,926,904,914,891,893,897,902,867,11,8,7,8,6,6,8,8,9,5,6,6,7,8,7,6,12,11,7,9,6,7,6,7,9,7,7,5,7,7,8,9,8,7,5,7,8,8,7,7,8,9,8,8,9,8,10,9,9,11,9,9,7,10,9,9,15,23,8,10,7,8,9,19,5,5,5,5,5,5,5,5,5,5,5,5,5,5,5,5,5,5,5,5,5,5,5,5,5,5,5,5,5,5,5,5,5,5,5,5,5,5,5,5,5,5,5,5,5,5,5,5,5,5,5,5,5,5,5,5,5,5,5,5,5,5,5,5
190,891,876,869,866,866,869,856,856,886,877,877,878,867,865,853,854,894,906,878,869,873,880,874,862,912,908,891,871,878,881,866,853,901,897,892,890,901,885,879,879,907,905,909,888,885,892,883,872,918,903,919,888,898,884,905,868,912,936,900,882,900,895,893,878,11,6,7,7,6,7,7,7,10,8,6,5,6,6,6,8,8,8,6,6,6,7,8,6,10,7,6,6,8,6,6,7,10,7,5,7,7,8,7,7,9,7,8,8,8,9,7,8,10,10,9,8,8,7,9,14,8,21,8,13,7,9,7,17,5,5,5,5,5,5,5,5,5,5,5,5,5,5,5,5,5,5,5,5,5,5,5,5,5,5,5,5,5,5,5,5,5,5,5,5,5,5,5,5,5,5,5,5,5,5,5,5,5,5,5,5,5,5,5,5,5,5,5,5,5,5,5,5
191,868,867,870,876,859,868,848,851,880,889,878,870,863,865,871,857,881,891,889,883,875,873,860,860,902,887,908,886,873,889,870,863,916,899,896,884,883,884,885,879,898,905,904,884,896,893,875,893,903,908,922,888,896,906,883,885,941,932,909,885,906,881,900,904,9,6,7,9,6,9,8,11,10,7,8,6,8,6,7,9,8,11,7,7,6,8,7,6,10,8,8,5,8,7,6,7,11,7,6,8,10,7,9,7,9,7,8,7,10,9,8,10,9,9,11,9,9,8,8,12,12,17,8,10,9,10,7,20,5,5,5,5,5,5,5,5,5,5,5,5,5,5,5,5,5,5,5,5,5,5,5,5,5,5,5,5,5,5,5,5,5,5,5,5,5,5,5,5,5,5,5,5,5,5,5,5,5,5,5,5,5,5,5,5,5,5,5,5,5,5,5,5
192,888,871,871,866,864,869,857,855,896,887,884,875,863,863,863,859,891,883,880,884,869,870,881,864,890,891,884,881,889,886,877,880,915,899,888,893,884,889,865,876,912,905,900,901,899,885,880,887,909,925,893,889,901,893,883,882,943,916,902,881,913,901,882,864,9,6,5,6,6,6,6,9,8,6,8,6,7,5,6,8,11,9,9,6,6,7,5,7,7,8,8,6,5,6,7,8,9,6,7,8,8,8,6,9,7,6,8,8,8,7,8,11,9,10,9,8,7,8,7,11,16,14,7,11,8,9,10,18,5,5,5,5,5,5,5,5,5,5,5,5,5,5,5,5,5,5,5,5,5,5,5,5,5,5,5,5,5,5,5,5,5,5,5,5,5,5,5,5,5,5,5,5,5,5,5,5,5,5,5,5,5,5,5,5,5,5,5,5,5,5,5,5
193,875,882,865,867,866,865,847,859,895,882,884,877,868,876,868,861,886,884,887,881,883,880,871,845,909,890,887,885,880,866,886,869,887,900,893,891,876,866,867,872,913,909,909,893,892,889,885,896,925,910,893,891,909,886,910,891,925,923,910,916,899,894,903,863,8,7,8,7,7,8,7,7,7,6,7,6,8,6,6,7,9,9,8,8,8,7,6,7,9,7,8,8,7,6,8,11,10,8,6,7,6,6,7,8,8,7,9,8,9,7,10,9,11,9,8,9,9,9,9,15,9,12,9,10,10,6,10,22,5,5,5,5,5,5,5,5,5,5,5,5,5,5,5,5,5,5,5,5,5,5,5,5,5,5,5,5,5,5,5,5,5,5,5,5,5,5,5,5,5,5,5,5,5,5,5,5,5,5,5,5,5,5,5,5,5,5,5,5,5,5,5,5
194,881,877,869,858,877,864,865,863,884,879,887,877,865,874,855,862,910,889,877,869,881,872,866,873,888,891,893,878,880,879,864,880,921,904,901,891,886,872,879,865,893,888,899,897,882,893,911,872,914,918,910,882,889,902,898,895,930,908,905,894,881,886,886,886,9,7,7,7,7,7,6,9,9,7,7,6,6,7,6,7,11,7,6,6,7,6,7,7,9,7,7,6,7,6,6,7,8,8,6,7,9,6,7,7,5,8,7,7,9,7,8,8,11,9,11,10,7,7,9,9,13,12,7,10,7,6,8,16,5,5,5,5,5,5,5,5,5,5,5,5,5,5,5,5,5,5,5,5,5,5,5,5,5,5,5,5,5,5,5,5,5,5,5,5,5,5,5,5,5,5,5,5,5,5,5,5,5,5,5,5,5,5,5,5,5,5,5,5,5,5,5,5
195,871,879,866,851,863,858,847,859,878,883,878,867,875,850,873,856,879,898,892,865,879,856,862,866,895,885,875,869,888,890,873,872,914,894,889,906,886,887,879,897,918,897,907,888,901,892,878,869,909,929,915,885,907,901,878,896,956,913,913,909,900,894,896,892,8,8,8,6,6,8,8,6,9,7,7,6,7,6,6,8,10,8,8,8,8,7,7,6,10,7,9,6,7,6,7,9,16,7,6,9,10,5,6,11,9,8,7,9,9,8,7,7,10,12,10,10,7,8,10,11,11,13,10,10,8,7,12,17,5,5,5,5,5,5,5,5,5,5,5,5,5,5,5,5,5,5,5,5,5,5,5,5,5,5,5,5,5,5,5,5,5,5,5,5,5,5,5,5,5,5,5,5,5,5,5,5,5,5,5,5,5,5,5,5,5,5,5,5,5,5,5,5
196,867,878,869,871,866,862,863,850,884,878,873,866,861,865,859,867,891,885,875,868,869,871,858,852,918,898,902,878,874,884,875,856,894,897,890,893,876,883,868,878,894,904,886,888,882,886,899,877,907,924,914,885,895,889,885,889,913,929,903,940,882,885,906,896,7,8,7,8,7,7,6,8,6,6,5,6,8,6,5,8,11,10,7,7,6,6,7,7,9,5,7,8,7,7,8,7,10,8,6,6,7,6,6,8,8,6,8,8,9,7,9,8,9,10,9,10,7,7,9,10,8,14,7,11,8,7,9,14,5,5,5,5,5,5,5,5,5,5,5,5,5,5,5,5,5,5,5,5,5,5,5,5,5,5,5,5,5,5,5,5,5,5,5,5,5,5,5,5,5,5,5,5,5,5,5,5,5,5,5,5,5,5,5,5,5,5,5,5,5,5,5,5
197,876,874,863,860,860,856,862,856,868,871,876,877,870,865,856,864,907,898,900,869,876,878,874,870,896,908,898,877,888,870,886,876,899,896,901,882,893,881,878,869,904,902,885,886,896,887,879,876,908,883,902,925,898,898,898,874,923,941,894,882,910,912,891,871,8,7,6,7,5,7,5,9,7,6,7,6,8,6,6,8,11,9,8,9,7,8,8,7,11,7,9,7,8,7,8,8,10,7,6,9,8,7,8,10,8,8,7,9,9,7,7,9,8,12,9,11,7,8,9,14,11,22,7,11,9,7,9,22,5,5,5,5,5,5,5,5,5,5,5,5,5,5,5,5,5,5,5,5,5,5,5,5,5,5,5,5,5,5,5,5,5,5,5,5,5,5,5,5,5,5,5,5,5,5,5,5,5,5,5,5,5,5,5,5,5,5,5,5,5,5,5,5
198,877,888,874,865,862,868,844,850,873,875,865,859,870,865,850,868,902,880,886,871,882,867,866,873,892,894,889,876,874,876,873,874,891,904,897,883,884,884,884,867,910,901,911,895,893,898,887,867,908,897,919,901,892,896,900,865,904,927,908,889,903,899,894,884,9,7,6,6,6,8,7,7,9,6,6,6,7,6,5,6,12,10,7,7,5,7,6,9,8,7,9,6,6,7,8,9,15,5,6,8,8,7,8,8,8,7,7,7,10,7,8,8,8,13,8,8,9,8,10,12,11,18,7,12,10,8,11,15,5,5,5,5,5,5,5,5,5,5,5,5,5,5,5,5,5,5,5,5,5,5,5,5,5,5,5,5,5,5,5,5,5,5,5,5,5,5,5,5,5,5,5,5,5,5,5,5,5,5,5,5,5,5,5,5,5,5,5,5,5,5,5,5
199,887,879,872,868,861,872,851,857,896,884,890,866,861,870,872,858,904,876,891,864,885,871,861,862,894,893,888,892,877,869,872,861,898,894,891,872,883,872,886,872,893,896,893,889,901,879,888,884,904,902,905,888,893,894,896,877,928,936,924,922,904,894,871,877,10,7,7,10,5,7,7,8,8,6,6,7,9,7,7,7,11,10,7,7,6,8,5,7,9,9,8,8,8,8,6,9,10,8,6,8,7,7,8,7,7,7,6,8,10,6,10,8,10,14,8,9,9,7,9,11,11,16,8,10,9,8,7,20,5,5,5,5,5,5,5,5,5,5,5,5,5,5,5,5,5,5,5,5,5,5,5,5,5,5,5,5,5,5,5,5,5,5,5,5,5,5,5,5,5,5,5,5,5,5,5,5,5,5,5,5,5,5,5,5,5,5,5,5,5,5,5,5
