frame,dist_z0,dist_z1,dist_z2,dist_z3,dist_z4,dist_z5,dist_z6,dist_z7,dist_z8,dist_z9,dist_z10,dist_z11,dist_z12,dist_z13,dist_z14,dist_z15,dist_z16,dist_z17,dist_z18,dist_z19,dist_z20,dist_z21,dist_z22,dist_z23,dist_z24,dist_z25,dist_z26,dist_z27,dist_z28,dist_z29,dist_z30,dist_z31,dist_z32,dist_z33,dist_z34,dist_z35,dist_z36,dist_z37,dist_z38,dist_z39,dist_z40,dist_z41,dist_z42,dist_z43,dist_z44,dist_z45,dist_z46,dist_z47,dist_z48,dist_z49,dist_z50,dist_z51,dist_z52,dist_z53,dist_z54,dist_z55,dist_z56,dist_z57,dist_z58,dist_z59,dist_z60,dist_z61,dist_z62,dist_z63,sigma_z0,sigma_z1,sigma_z2,sigma_z3,sigma_z4,sigma_z5,sigma_z6,sigma_z7,sigma_z8,sigma_z9,sigma_z10,sigma_z11,sigma_z12,sigma_z13,sigma_z14,sigma_z15,sigma_z16,sigma_z17,sigma_z18,sigma_z19,sigma_z20,sigma_z21,sigma_z22,sigma_z23,sigma_z24,sigma_z25,sigma_z26,sigma_z27,sigma_z28,sigma_z29,sigma_z30,sigma_z31,sigma_z32,sigma_z33,sigma_z34,sigma_z35,sigma_z36,sigma_z37,sigma_z38,sigma_z39,sigma_z40,sigma_z41,sigma_z42,sigma_z43,sigma_z44,sigma_z45,sigma_z46,sigma_z47,sigma_z48,sigma_z49,sigma_z50,sigma_z51,sigma_z52,sigma_z53,sigma_z54,sigma_z55,sigma_z56,sigma_z57,sigma_z58,sigma_z59,sigma_z60,sigma_z61,sigma_z62,sigma_z63,status_z0,status_z1,status_z2,status_z3,status_z4,status_z5,status_z6,status_z7,status_z8,status_z9,status_z10,status_z11,status_z12,status_z13,status_z14,status_z15,status_z16,status_z17,status_z18,status_z19,status_z20,status_z21,status_z22,status_z23,status_z24,status_z25,status_z26,status_z27,status_z28,status_z29,status_z30,status_z31,status_z32,status_z33,status_z34,status_z35,status_z36,status_z37,status_z38,status_z39,status_z40,status_z41,status_z42,status_z43,status_z44,status_z45,status_z46,status_z47,status_z48,status_z49,status_z50,status_z51,status_z52,status_z53,status_z54,status_z55,status_z56,status_z57,status_z58,status_z59,status_z60,status_z61,status_z62,status_z63
0,872,884,863,859,873,863,851,866,881,868,879,875,871,861,854,857,904,876,881,874,876,865,859,873,887,888,895,883,882,880,877,863,896,897,898,885,887,894,876,881,916,899,899,899,892,890,875,869,919,920,904,894,900,893,867,884,905,939,906,922,908,901,909,883,7,6,6,8,7,8,7,9,11,6,7,6,8,6,5,6,8,8,6,8,7,6,7,8,10,8,7,7,7,6,8,10,10,7,6,8,7,6,6,10,8,10,7,8,8,7,6,8,9,12,10,7,6,6,8,11,12,17,6,13,8,10,11,14,5,5,5,5,5,5,5,5,5,5,5,5,5,5,5,5,5,5,5,5,5,5,5,5,5,5,5,5,5,5,5,5,5,5,5,5,5,5,5,5,5,5,5,5,5,5,5,5,5,5,5,5,5,5,5,5,5,5,5,5,5,5,5,5
1,874,871,869,861,857,844,850,846,905,876,870,872,865,873,868,862,897,912,879,873,864,867,863,862,902,885,895,886,886,878,880,878,885,901,893,890,880,880,876,883,902,899,916,877,896,886,876,870,919,914,908,897,893,894,894,884,930,937,917,916,894,900,908,861,7,7,7,8,7,6,8,7,9,6,6,5,6,6,8,8,13,9,6,8,6,7,6,7,10,7,8,5,9,8,7,7,9,8,10,8,8,7,7,9,8,7,6,7,9,9,9,9,11,12,8,12,9,9,8,15,11,17,8,15,11,8,8,19,5,5,5,5,5,5,5,5,5,5,5,5,5,5,5,5,5,5,5,5,5,5,5,5,5,5,5,5,5,5,5,5,5,5,5,5,5,5,5,5,5,5,5,5,5,5,5,5,5,5,5,5,5,5,5,5,5,5,5,5,5,5,5,5
2,890,883,874,866,871,849,856,855,893,877,880,877,859,859,854,856,880,883,883,867,865,873,844,858,897,890,887,881,880,868,876,866,907,893,906,887,880,881,871,872,903,908,905,892,897,881,889,876,890,905,907,903,896,890,888,865,918,907,914,915,899,903,890,899,10,6,6,8,6,6,7,7,7,6,7,5,6,5,5,6,9,10,6,8,7,7,6,7,7,7,9,7,7,6,7,10,10,6,8,7,8,8,7,10,9,7,8,7,10,7,8,9,10,10,10,11,8,6,7,12,12,13,10,12,8,9,10,17,5,5,5,5,5,5,5,5,5,5,5,5,5,5,5,5,5,5,5,5,5,5,5,5,5,5,5,5,5,5,5,5,5,5,5,5,5,5,5,5,5,5,5,5,5,5,5,5,5,5,5,5,5,5,5,5,5,5,5,5,5,5,5,5
3,870,870,876,872,869,861,850,852,883,901,878,880,875,863,856,858,895,903,878,872,882,883,873,877,900,901,888,880,881,877,868,869,907,915,888,907,903,880,874,863,909,894,886,906,881,888,889,879,898,898,908,897,886,898,906,882,914,930,901,911,916,896,907,884,8,7,8,7,7,7,7,9,9,8,7,8,8,6,5,7,11,8,7,8,5,7,7,7,10,7,10,6,8,8,8,10,13,7,6,6,8,9,6,9,9,8,7,9,14,7,9,11,8,11,10,11,6,8,11,13,10,11,11,17,8,10,9,14,5,5,5,5,5,5,5,5,5,5,5,5,5,5,5,5,5,5,5,5,5,5,5,5,5,5,5,5,5,5,5,5,5,5,5,5,5,5,5,5,5,5,5,5,5,5,5,5,5,5,5,5,5,5,5,5,5,5,5,5,5,5,5,5
4,869,881,877,860,863,852,860,860,887,881,884,863,867,861,868,854,902,888,883,886,861,873,853,855,903,879,878,887,874,897,870,856,917,894,886,900,888,894,877,869,893,907,907,877,887,899,900,882,922,898,911,893,903,893,901,891,919,917,914,893,910,902,902,904,9,8,7,9,6,7,6,6,8,6,6,5,7,5,7,7,13,9,8,6,6,7,7,8,8,7,9,4,8,7,7,9,14,7,6,6,8,7,7,8,6,8,9,8,11,7,10,11,9,14,8,8,11,7,12,10,13,14,9,11,8,8,9,14,5,5,5,5,5,5,5,5,5,5,5,5,5,5,5,5,5,5,5,5,5,5,5,5,5,5,5,5,5,5,5,5,5,5,5,5,5,5,5,5,5,5,5,5,5,5,5,5,5,5,5,5,5,5,5,5,5,5,5,5,5,5,5,5
5,867,877,861,876,857,860,860,872,879,877,865,868,876,861,866,863,894,889,890,875,876,870,860,863,897,895,876,882,880,875,873,846,919,900,896,877,881,883,893,862,906,892,886,897,898,880,873,876,912,921,915,892,900,888,892,875,917,920,903,916,897,905,900,887,10,7,8,7,6,9,6,7,10,7,5,6,7,5,6,10,12,6,7,8,6,7,6,8,9,8,8,7,10,7,7,8,11,9,7,7,11,6,8,7,11,8,6,10,7,6,8,9,11,8,10,9,8,8,12,12,10,16,7,11,9,10,9,23,5,5,5,5,5,5,5,5,5,5,5,5,5,5,5,5,5,5,5,5,5,5,5,5,5,5,5,5,5,5,5,5,5,5,5,5,5,5,5,5,5,5,5,5,5,5,5,5,5,5,5,5,5,5,5,5,5,5,5,5,5,5,5,5
6,874,875,875,877,869,867,851,864,885,880,874,870,855,866,856,851,892,890,873,874,873,865,868,859,892,885,882,883,872,878,887,872,915,902,895,888,881,897,879,862,925,916,906,900,892,889,896,872,907,909,895,910,905,890,886,879,921,934,912,911,896,883,903,878,7,8,6,7,6,8,9,5,9,10,6,6,7,6,6,5,11,9,9,9,7,7,6,8,11,6,7,5,5,8,7,8,9,6,7,6,8,9,7,7,9,9,7,8,8,6,10,10,8,10,8,9,7,6,9,17,11,10,7,10,8,7,10,22,5,5,5,5,5,5,5,5,5,5,5,5,5,5,5,5,5,5,5,5,5,5,5,5,5,5,5,5,5,5,5,5,5,5,5,5,5,5,5,5,5,5,5,5,5,5,5,5,5,5,5,5,5,5,5,5,5,5,5,5,5,5,5,5
7,869,858,873,870,865,862,861,843,882,890,880,875,862,864,859,852,882,887,878,895,875,867,849,859,905,871,891,883,880,874,880,872,904,900,894,887,887,877,876,878,914,881,897,905,908,906,887,893,922,913,914,912,892,895,888,880,903,953,914,904,893,908,898,934,10,8,8,7,7,6,8,7,7,7,7,6,8,6,6,8,9,8,7,8,6,6,7,6,12,7,9,5,7,7,8,10,11,8,7,7,8,9,7,8,9,8,8,9,12,9,9,8,13,12,8,12,9,7,9,12,10,17,11,12,8,7,10,17,5,5,5,5,5,5,5,5,5,5,5,5,5,5,5,5,5,5,5,5,5,5,5,5,5,5,5,5,5,5,5,5,5,5,5,5,5,5,5,5,5,5,5,5,5,5,5,5,5,5,5,5,5,5,5,5,5,5,5,5,5,5,5,5
8,880,874,878,860,872,849,857,846,873,876,873,886,881,869,861,861,867,894,896,904,871,862,872,852,890,888,891,881,884,882,878,856,898,881,897,878,885,904,883,870,899,901,909,904,912,889,880,867,916,911,910,901,901,888,884,863,898,913,919,919,902,888,888,877,8,7,7,7,7,7,8,7,8,9,5,7,6,5,6,6,9,8,8,8,6,7,8,6,8,8,7,6,7,6,6,9,12,7,5,8,8,8,7,7,8,7,10,9,10,6,8,7,10,10,10,9,8,7,9,8,12,11,7,9,8,8,10,12,5,5,5,5,5,5,5,5,5,5,5,5,5,5,5,5,5,5,5,5,5,5,5,5,5,5,5,5,5,5,5,5,5,5,5,5,5,5,5,5,5,5,5,5,5,5,5,5,5,5,5,5,5,5,5,5,5,5,5,5,5,5,5,5
9,878,892,886,861,867,851,853,856,878,888,876,860,857,866,867,860,891,891,884,880,875,856,871,863,889,897,869,872,880,876,887,892,903,888,898,900,885,882,876,870,917,916,908,874,896,880,914,883,918,915,905,909,898,889,889,868,920,912,920,908,893,895,874,897,8,8,7,7,7,7,7,6,10,8,6,7,8,6,9,5,10,9,8,9,7,7,7,6,8,8,8,7,8,5,8,10,7,8,7,7,9,9,8,7,7,8,6,10,7,9,10,9,13,10,10,10,7,6,9,11,9,17,7,13,8,11,8,23,5,5,5,5,5,5,5,5,5,5,5,5,5,5,5,5,5,5,5,5,5,5,5,5,5,5,5,5,5,5,5,5,5,5,5,5,5,5,5,5,5,5,5,5,5,5,5,5,5,5,5,5,5,5,5,5,5,5,5,5,5,5,5,5
10,865,877,876,868,866,859,853,856,886,884,876,866,872,854,858,849,881,878,875,865,883,868,867,859,900,890,880,885,872,858,856,870,902,895,897,906,881,892,875,876,916,896,920,900,901,899,884,878,906,921,907,907,893,893,892,903,930,911,914,903,915,900,898,893,6,9,5,6,6,5,8,8,8,6,6,6,7,6,7,6,10,11,6,7,6,6,7,6,8,6,7,6,7,6,6,9,9,7,6,7,10,5,7,9,9,7,7,8,10,9,8,8,12,10,9,8,7,7,8,12,9,13,7,12,12,7,10,23,5,5,5,5,5,5,5,5,5,5,5,5,5,5,5,5,5,5,5,5,5,5,5,5,5,5,5,5,5,5,5,5,5,5,5,5,5,5,5,5,5,5,5,5,5,5,5,5,5,5,5,5,5,5,5,5,5,5,5,5,5,5,5,5
11,882,880,863,871,858,857,854,844,881,887,870,864,879,864,871,836,884,883,889,866,867,853,877,870,887,899,885,873,885,874,872,852,906,905,892,881,889,892,882,874,901,910,904,916,894,879,890,879,922,936,898,902,883,909,887,868,931,921,902,913,882,890,908,892,9,8,8,9,7,7,8,6,10,8,5,7,7,5,8,7,12,8,7,7,5,7,5,6,8,7,8,7,7,8,7,8,11,6,6,7,8,7,7,6,9,8,6,7,7,9,9,8,13,15,9,9,7,9,8,11,15,16,9,11,10,10,8,14,5,5,5,5,5,5,5,5,5,5,5,5,5,5,5,5,5,5,5,5,5,5,5,5,5,5,5,5,5,5,5,5,5,5,5,5,5,5,5,5,5,5,5,5,5,5,5,5,5,5,5,5,5,5,5,5,5,5,5,5,5,5,5,5
12,882,886,872,856,858,854,851,862,881,881,876,879,866,864,872,856,877,896,878,862,874,869,851,851,901,899,883,877,870,873,863,870,913,902,891,900,893,881,877,879,910,896,891,893,892,885,882,883,901,902,906,910,899,882,896,880,940,913,907,891,896,895,877,896,7,6,7,6,5,7,7,6,8,6,7,6,8,6,10,6,9,11,6,8,6,7,7,6,9,7,8,5,7,7,6,7,10,6,5,9,9,6,7,7,8,5,8,9,10,7,6,9,12,11,9,8,6,7,6,11,14,17,6,9,7,9,14,14,5,5,5,5,5,5,5,5,5,5,5,5,5,5,5,5,5,5,5,5,5,5,5,5,5,5,5,5,5,5,5,5,5,5,5,5,5,5,5,5,5,5,5,5,5,5,5,5,5,5,5,5,5,5,5,5,5,5,5,5,5,5,5,5
13,898,890,874,868,855,860,857,876,878,895,891,866,874,877,847,866,881,886,886,888,872,867,857,876,883,898,907,883,878,868,873,868,906,897,899,898,888,891,886,878,913,904,909,878,899,885,880,875,922,920,906,895,910,902,891,896,917,902,905,898,901,901,901,888,10,8,7,8,5,7,5,7,9,6,6,5,10,6,6,7,9,13,6,7,7,8,6,7,8,7,10,7,7,7,8,9,11,7,8,7,8,8,9,9,8,10,7,9,10,7,9,12,10,11,10,8,7,9,10,10,11,18,8,12,11,9,8,18,5,5,5,5,5,5,5,5,5,5,5,5,5,5,5,5,5,5,5,5,5,5,5,5,5,5,5,5,5,5,5,5,5,5,5,5,5,5,5,5,5,5,5,5,5,5,5,5,5,5,5,5,5,5,5,5,5,5,5,5,5,5,5,5
14,890,881,876,859,860,865,846,864,882,868,881,863,872,864,866,857,882,886,884,882,871,861,880,865,886,883,894,890,880,873,880,877,910,897,897,882,888,880,861,881,894,909,881,888,917,897,888,870,914,915,906,892,912,903,887,884,923,935,900,914,926,892,902,884,9,9,7,8,5,6,6,7,9,7,6,5,7,6,8,6,10,9,7,8,6,7,8,7,9,6,8,7,7,7,6,9,11,6,6,7,8,6,7,6,8,7,6,8,7,8,7,7,9,15,9,9,6,7,9,13,13,10,8,11,11,9,12,22,5,5,5,5,5,5,5,5,5,5,5,5,5,5,5,5,5,5,5,5,5,5,5,5,5,5,5,5,5,5,5,5,5,5,5,5,5,5,5,5,5,5,5,5,5,5,5,5,5,5,5,5,5,5,5,5,5,5,5,5,5,5,5,5
15,890,879,879,867,853,857,863,847,881,886,867,869,859,848,855,851,888,894,886,873,882,869,865,852,896,906,880,884,902,885,872,880,892,898,901,892,882,878,876,889,917,894,901,901,880,877,894,877,932,911,907,900,896,891,898,909,934,912,909,919,912,881,895,884,11,9,6,8,6,8,7,8,7,7,6,6,7,6,8,6,12,11,7,8,5,8,7,7,10,7,8,7,7,6,7,8,10,7,8,6,8,7,8,7,9,9,8,9,11,9,7,8,10,10,8,11,10,8,8,13,12,17,8,11,11,7,9,22,5,5,5,5,5,5,5,5,5,5,5,5,5,5,5,5,5,5,5,5,5,5,5,5,5,5,5,5,5,5,5,5,5,5,5,5,5,5,5,5,5,5,5,5,5,5,5,5,5,5,5,5,5,5,5,5,5,5,5,5,5,5,5,5
16,883,876,875,869,847,865,853,870,908,873,876,873,867,857,861,853,890,901,879,886,880,869,864,870,891,884,886,885,885,882,869,888,889,902,895,889,893,877,882,861,910,895,894,902,886,892,892,888,923,895,886,895,908,900,895,897,921,950,920,904,884,910,905,858,9,7,6,7,5,7,8,8,8,6,5,6,7,6,6,6,9,8,5,7,5,6,6,7,8,7,10,6,7,5,7,7,8,7,7,5,6,8,7,9,8,8,8,8,9,7,8,9,13,11,8,8,6,9,8,11,9,17,6,13,6,12,9,25,5,5,5,5,5,5,5,5,5,5,5,5,5,5,5,5,5,5,5,5,5,5,5,5,5,5,5,5,5,5,5,5,5,5,5,5,5,5,5,5,5,5,5,5,5,5,5,5,5,5,5,5,5,5,5,5,5,5,5,5,5,5,5,5
17,872,888,866,867,868,864,845,853,867,873,874,867,879,868,869,861,889,864,885,883,875,875,866,887,903,900,891,874,880,872,872,881,902,917,888,897,898,876,892,850,908,929,914,891,901,883,886,880,918,891,917,901,902,897,888,863,926,927,914,889,897,885,891,920,8,8,7,8,7,6,7,6,9,6,7,6,7,6,6,9,12,9,7,6,7,8,8,9,12,8,8,7,6,6,7,12,11,8,6,8,7,7,8,8,9,8,11,8,8,9,13,9,13,15,13,8,9,7,7,10,12,16,8,11,8,6,11,16,5,5,5,5,5,5,5,5,5,5,5,5,5,5,5,5,5,5,5,5,5,5,5,5,5,5,5,5,5,5,5,5,5,5,5,5,5,5,5,5,5,5,5,5,5,5,5,5,5,5,5,5,5,5,5,5,5,5,5,5,5,5,5,5
18,893,876,866,871,859,854,848,870,883,887,869,877,867,866,866,855,895,900,883,883,874,867,867,858,898,891,892,895,888,872,872,879,897,893,895,894,875,883,877,878,894,897,904,886,905,885,887,889,914,922,887,915,907,913,909,900,901,930,920,908,901,906,888,900,9,9,6,6,5,7,6,7,9,7,6,6,7,6,5,7,11,9,6,7,6,7,6,8,9,7,7,6,7,7,8,9,11,6,7,7,7,6,8,7,9,9,6,8,9,9,7,9,8,12,10,9,8,9,11,11,9,13,7,11,7,7,9,12,5,5,5,5,5,5,5,5,5,5,5,5,5,5,5,5,5,5,5,5,5,5,5,5,5,5,5,5,5,5,5,5,5,5,5,5,5,5,5,5,5,5,5,5,5,5,5,5,5,5,5,5,5,5,5,5,5,5,5,5,5,5,5,5
19,891,886,867,868,855,852,867,865,887,873,874,878,874,868,866,846,878,887,873,888,870,867,878,868,900,877,890,882,883,873,867,865,883,900,908,893,893,893,884,883,917,915,900,883,899,894,868,891,901,878,915,916,915,896,896,876,910,909,919,911,899,903,885,871,9,8,9,9,6,7,8,9,8,6,7,6,7,7,7,7,11,8,6,10,7,6,11,7,9,7,8,7,7,9,7,7,10,7,7,6,7,6,7,10,13,8,9,9,10,9,11,11,8,13,10,8,9,7,10,14,11,18,7,14,12,7,9,22,5,5,5,5,5,5,5,5,5,5,5,5,5,5,5,5,5,5,5,5,5,5,5,5,5,5,5,5,5,5,5,5,5,5,5,5,5,5,5,5,5,5,5,5,5,5,5,5,5,5,5,5,5,5,5,5,5,5,5,5,5,5,5,5
20,883,882,875,867,869,868,855,844,898,884,875,867,874,875,858,850,872,881,873,887,881,876,875,862,879,888,889,887,879,874,873,872,912,901,898,890,870,885,880,883,895,912,905,879,899,879,891,883,913,896,890,901,890,891,879,853,920,908,896,895,901,893,910,868,9,9,5,9,6,8,5,9,10,7,6,5,7,6,5,7,9,10,7,6,5,7,6,7,10,9,7,7,8,8,5,10,12,9,7,6,7,7,7,7,8,8,8,8,8,6,9,9,10,10,10,7,8,9,8,12,11,18,8,13,9,8,8,16,5,5,5,5,5,5,5,5,5,5,5,5,5,5,5,5,5,5,5,5,5,5,5,5,5,5,5,5,5,5,5,5,5,5,5,5,5,5,5,5,5,5,5,5,5,5,5,5,5,5,5,5,5,5,5,5,5,5,5,5,5,5,5,5
21,878,884,866,857,857,869,853,851,896,864,886,877,856,862,863,868,897,905,886,874,871,877,881,867,884,900,891,873,891,864,887,875,918,886,890,902,895,877,884,864,908,910,912,891,896,892,878,888,900,925,899,902,905,898,879,881,918,924,895,881,914,894,911,892,9,10,6,8,5,6,6,8,10,8,7,7,7,7,7,7,10,10,8,8,7,6,7,6,10,8,9,6,7,7,8,9,11,6,7,8,6,8,8,9,9,8,10,8,9,8,11,8,9,12,8,10,10,7,7,12,10,19,6,10,10,9,11,15,5,5,5,5,5,5,5,5,5,5,5,5,5,5,5,5,5,5,5,5,5,5,5,5,5,5,5,5,5,5,5,5,5,5,5,5,5,5,5,5,5,5,5,5,5,5,5,5,5,5,5,5,5,5,5,5,5,5,5,5,5,5,5,5
22,872,874,884,876,854,847,863,855,881,878,867,865,871,870,848,849,889,874,876,879,874,878,860,860,890,892,877,883,883,866,885,868,907,898,896,875,882,883,877,880,909,905,897,881,901,889,876,896,907,900,901,904,896,879,877,885,942,971,895,887,893,896,884,877,8,7,7,6,5,8,6,5,9,6,7,6,8,5,7,6,10,7,7,7,6,6,6,8,9,9,8,7,8,6,6,9,12,8,6,8,8,5,6,6,7,7,7,7,10,7,6,9,10,13,10,7,6,9,8,10,17,15,8,10,8,8,10,14,5,5,5,5,5,5,5,5,5,5,5,5,5,5,5,5,5,5,5,5,5,5,5,5,5,5,5,5,5,5,5,5,5,5,5,5,5,5,5,5,5,5,5,5,5,5,5,5,5,5,5,5,5,5,5,5,5,5,5,5,5,5,5,5
23,870,876,869,861,864,878,860,851,882,886,870,874,879,859,864,849,899,895,871,882,877,861,867,853,917,882,879,891,882,870,862,864,902,903,898,884,886,886,874,886,906,899,897,899,895,897,895,882,911,892,887,911,901,896,874,894,933,908,909,901,894,910,909,864,8,6,6,7,7,7,6,10,9,7,6,6,7,5,6,8,10,9,7,8,8,8,6,7,13,8,8,6,7,6,6,9,8,7,7,6,10,7,6,9,9,7,7,10,7,10,9,8,10,10,8,8,10,7,7,11,12,13,9,9,10,11,12,13,5,5,5,5,5,5,5,5,5,5,5,5,5,5,5,5,5,5,5,5,5,5,5,5,5,5,5,5,5,5,5,5,5,5,5,5,5,5,5,5,5,5,5,5,5,5,5,5,5,5,5,5,5,5,5,5,5,5,5,5,5,5,5,5
24,885,878,865,868,852,875,860,841,881,878,891,886,867,857,862,858,872,890,884,890,872,877,870,855,890,894,898,879,880,865,874,879,907,917,898,890,894,879,872,867,907,885,902,888,890,896,882,887,893,902,915,914,888,890,893,863,933,909,926,909,886,894,903,894,8,7,6,9,6,7,6,7,6,7,8,6,8,4,6,6,10,9,6,9,6,6,7,8,6,9,9,6,7,6,7,8,13,7,5,5,7,9,6,8,8,7,9,8,9,8,7,9,10,12,9,10,8,7,11,10,10,14,10,12,8,8,12,20,5,5,5,5,5,5,5,5,5,5,5,5,5,5,5,5,5,5,5,5,5,5,5,5,5,5,5,5,5,5,5,5,5,5,5,5,5,5,5,5,5,5,5,5,5,5,5,5,5,5,5,5,5,5,5,5,5,5,5,5,5,5,5,5
25,878,896,865,860,871,860,863,852,888,879,866,876,872,866,874,859,907,896,877,886,875,852,872,859,893,909,895,876,869,871,868,854,900,905,888,880,885,888,867,878,919,913,902,893,897,892,886,878,927,910,907,901,891,876,896,882,954,898,913,915,909,909,876,859,10,7,6,9,7,8,7,7,8,8,8,5,8,6,7,10,10,13,7,7,6,8,7,8,10,9,8,6,6,6,7,9,14,8,7,9,7,6,6,7,8,9,8,9,10,8,7,8,15,11,8,10,11,6,10,13,15,13,13,9,9,11,10,18,5,5,5,5,5,5,5,5,5,5,5,5,5,5,5,5,5,5,5,5,5,5,5,5,5,5,5,5,5,5,5,5,5,5,5,5,5,5,5,5,5,5,5,5,5,5,5,5,5,5,5,5,5,5,5,5,5,5,5,5,5,5,5,5
26,871,871,859,874,873,876,852,843,879,876,878,870,865,859,864,845,885,883,887,859,867,860,874,855,904,889,890,888,884,878,873,872,900,887,904,884,882,884,872,863,909,911,902,894,890,880,893,875,923,912,895,898,897,894,905,885,934,919,912,896,918,897,899,882,7,7,6,6,5,6,7,8,8,6,6,5,7,5,6,7,8,8,7,8,6,6,7,7,11,8,7,6,7,6,8,9,10,6,6,9,8,9,6,8,11,8,7,9,9,6,11,10,9,11,10,7,8,8,7,17,10,19,7,10,9,9,9,13,5,5,5,5,5,5,5,5,5,5,5,5,5,5,5,5,5,5,5,5,5,5,5,5,5,5,5,5,5,5,5,5,5,5,5,5,5,5,5,5,5,5,5,5,5,5,5,5,5,5,5,5,5,5,5,5,5,5,5,5,5,5,5,5
27,890,883,874,879,857,864,856,854,889,883,875,868,867,869,855,858,876,868,894,869,878,877,871,863,884,902,891,869,878,856,871,857,891,907,895,877,889,885,873,877,907,900,892,906,888,884,897,874,909,913,898,906,903,900,895,877,955,910,920,920,895,891,899,894,12,8,6,7,5,10,7,7,7,8,7,8,6,6,6,9,14,9,8,7,7,7,7,6,9,7,8,7,8,6,8,8,11,9,8,8,6,7,5,8,7,7,8,6,8,7,8,7,10,11,10,7,6,5,7,13,12,11,10,10,8,8,7,21,5,5,5,5,5,5,5,5,5,5,5,5,5,5,5,5,5,5,5,5,5,5,5,5,5,5,5,5,5,5,5,5,5,5,5,5,5,5,5,5,5,5,5,5,5,5,5,5,5,5,5,5,5,5,5,5,5,5,5,5,5,5,5,5
28,876,866,869,855,862,863,849,855,888,872,864,876,865,871,868,858,891,875,878,891,867,870,865,855,892,873,900,887,887,872,864,872,909,913,895,888,901,884,888,860,905,895,899,905,886,887,881,880,912,905,892,911,893,878,891,893,916,944,899,907,889,892,902,856,8,7,6,8,7,8,6,8,9,8,5,6,5,5,7,6,11,8,8,8,6,6,6,6,8,7,7,5,7,6,6,10,11,6,6,6,7,6,6,9,10,8,9,9,8,7,9,9,11,9,8,8,9,7,9,10,9,13,9,13,7,10,9,18,5,5,5,5,5,5,5,5,5,5,5,5,5,5,5,5,5,5,5,5,5,5,5,5,5,5,5,5,5,5,5,5,5,5,5,5,5,5,5,5,5,5,5,5,5,5,5,5,5,5,5,5,5,5,5,5,5,5,5,5,5,5,5,5
29,888,896,875,876,863,863,863,851,891,884,883,879,863,870,865,851,889,877,879,885,878,858,877,862,907,887,878,880,872,879,860,840,893,894,876,884,891,889,874,860,925,899,897,895,886,905,874,910,915,909,907,893,896,895,885,866,944,916,893,897,901,906,881,862,10,7,8,7,5,6,8,7,7,7,8,7,8,5,7,6,13,10,8,8,8,9,9,9,9,8,9,7,7,9,7,8,11,7,7,9,8,7,8,8,8,8,7,7,7,6,8,11,10,10,12,10,8,7,8,12,10,18,7,10,8,12,9,17,5,5,5,5,5,5,5,5,5,5,5,5,5,5,5,5,5,5,5,5,5,5,5,5,5,5,5,5,5,5,5,5,5,5,5,5,5,5,5,5,5,5,5,5,5,5,5,5,5,5,5,5,5,5,5,5,5,5,5,5,5,5,5,5
30,874,858,878,876,859,861,852,841,884,882,885,863,874,854,849,853,899,882,898,881,869,870,879,846,887,892,881,885,887,871,878,870,912,892,898,879,885,885,881,875,898,922,898,891,894,898,882,874,912,897,906,895,889,886,895,900,917,906,891,905,915,901,907,900,9,7,7,6,6,6,5,7,8,6,5,7,9,5,5,7,12,11,6,6,6,8,6,6,8,6,8,5,8,6,6,10,11,7,6,7,7,7,7,9,6,11,7,9,9,8,9,11,9,11,8,11,8,8,11,10,9,14,8,14,10,10,8,23,5,5,5,5,5,5,5,5,5,5,5,5,5,5,5,5,5,5,5,5,5,5,5,5,5,5,5,5,5,5,5,5,5,5,5,5,5,5,5,5,5,5,5,5,5,5,5,5,5,5,5,5,5,5,5,5,5,5,5,5,5,5,5,5
31,901,885,869,868,858,861,859,852,878,870,869,860,877,863,861,854,917,885,871,888,885,853,868,854,899,897,897,896,883,875,877,858,919,898,903,882,898,885,874,895,919,905,901,896,904,887,888,877,914,906,902,872,901,898,877,875,953,910,911,899,905,889,898,868,6,7,6,9,6,7,8,10,12,8,6,6,7,7,8,7,13,9,7,8,7,7,6,7,8,7,9,5,7,8,7,7,9,10,7,6,7,7,6,8,9,7,9,9,11,9,10,11,9,13,10,9,7,7,7,14,9,16,9,14,10,7,9,16,5,5,5,5,5,5,5,5,5,5,5,5,5,5,5,5,5,5,5,5,5,5,5,5,5,5,5,5,5,5,5,5,5,5,5,5,5,5,5,5,5,5,5,5,5,5,5,5,5,5,5,5,5,5,5,5,5,5,5,5,5,5,5,5
32,881,859,874,872,856,858,862,851,880,883,878,877,875,859,859,847,889,884,878,879,877,868,874,860,902,878,878,889,870,888,870,866,902,905,896,891,887,876,885,867,917,897,904,906,910,888,879,864,893,909,905,909,900,883,905,879,930,926,894,916,896,903,901,878,8,8,6,8,5,7,7,8,9,5,8,6,6,6,7,7,11,8,6,9,5,7,7,5,10,7,10,7,6,5,7,8,10,9,7,8,7,7,8,8,10,9,6,7,12,7,7,9,8,9,8,10,8,6,8,11,12,20,7,10,9,7,9,19,5,5,5,5,5,5,5,5,5,5,5,5,5,5,5,5,5,5,5,5,5,5,5,5,5,5,5,5,5,5,5,5,5,5,5,5,5,5,5,5,5,5,5,5,5,5,5,5,5,5,5,5,5,5,5,5,5,5,5,5,5,5,5,5
33,890,873,861,858,865,871,851,873,877,880,881,881,867,872,853,857,860,888,873,883,881,878,874,858,907,883,881,895,895,883,865,851,883,898,892,889,891,883,873,870,908,903,887,894,884,882,898,888,902,919,898,905,908,899,889,896,942,894,919,897,911,905,892,896,12,7,7,7,6,6,7,8,9,7,6,8,7,7,8,6,11,8,7,7,7,7,7,7,11,7,9,6,8,7,7,7,10,7,6,7,10,6,6,8,9,8,7,9,9,8,8,10,11,14,9,8,6,8,8,8,8,13,9,11,8,8,9,25,5,5,5,5,5,5,5,5,5,5,5,5,5,5,5,5,5,5,5,5,5,5,5,5,5,5,5,5,5,5,5,5,5,5,5,5,5,5,5,5,5,5,5,5,5,5,5,5,5,5,5,5,5,5,5,5,5,5,5,5,5,5,5,5
34,873,865,865,860,857,859,853,860,876,884,880,871,869,865,859,840,893,882,869,871,867,868,873,861,873,888,881,880,886,872,857,871,901,891,889,881,889,875,877,872,900,899,892,899,886,868,885,880,920,910,897,889,891,879,880,884,898,930,919,905,892,882,905,890,7,7,6,8,5,7,5,7,9,6,7,6,6,5,7,7,13,9,8,9,7,7,7,9,8,7,9,5,7,7,7,8,10,7,6,8,8,7,7,7,9,8,7,7,8,8,9,10,10,11,10,10,7,6,7,12,8,17,10,17,9,7,7,24,5,5,5,5,5,5,5,5,5,5,5,5,5,5,5,5,5,5,5,5,5,5,5,5,5,5,5,5,5,5,5,5,5,5,5,5,5,5,5,5,5,5,5,5,5,5,5,5,5,5,5,5,5,5,5,5,5,5,5,5,5,5,5,5
35,888,879,873,873,860,857,858,837,884,884,883,865,877,861,864,853,902,876,897,880,875,871,864,867,899,903,880,888,888,891,866,864,907,909,895,874,888,884,881,872,928,916,897,917,904,884,895,870,919,902,917,922,903,894,889,872,928,910,902,905,914,897,910,891,12,8,8,7,6,7,6,7,11,9,6,6,6,7,7,8,11,12,9,6,6,6,7,7,9,8,9,6,8,6,10,8,10,7,7,7,8,8,8,9,12,6,7,11,10,8,8,6,11,13,13,8,11,7,10,11,8,15,8,8,13,10,8,15,5,5,5,5,5,5,5,5,5,5,5,5,5,5,5,5,5,5,5,5,5,5,5,5,5,5,5,5,5,5,5,5,5,5,5,5,5,5,5,5,5,5,5,5,5,5,5,5,5,5,5,5,5,5,5,5,5,5,5,5,5,5,5,5
36,883,882,878,861,858,858,859,856,892,877,876,867,872,855,862,861,887,896,883,879,866,870,870,878,883,889,882,883,888,869,871,853,899,898,895,890,889,883,883,856,901,903,894,892,892,882,883,887,906,924,895,907,886,898,903,913,922,935,918,878,906,922,902,895,7,7,9,9,6,7,7,6,8,6,6,5,6,6,6,6,9,8,7,7,7,7,6,8,9,8,7,7,8,8,8,8,10,8,6,8,7,6,6,7,8,7,7,8,10,6,8,9,10,13,9,8,7,7,9,15,12,10,7,16,9,9,8,18,5,5,5,5,5,5,5,5,5,5,5,5,5,5,5,5,5,5,5,5,5,5,5,5,5,5,5,5,5,5,5,5,5,5,5,5,5,5,5,5,5,5,5,5,5,5,5,5,5,5,5,5,5,5,5,5,5,5,5,5,5,5,5,5
37,894,885,864,870,876,862,859,841,856,888,875,874,887,864,851,857,879,879,884,881,867,871,873,876,884,883,885,891,869,891,882,870,904,908,885,899,898,870,885,881,909,893,900,893,885,893,880,886,912,903,871,906,882,882,893,875,903,871,895,905,899,889,898,918,8,6,7,8,7,7,7,8,7,7,7,7,8,6,6,6,11,8,8,7,6,9,7,9,8,8,8,7,7,8,7,9,10,5,6,7,8,7,7,6,8,6,7,7,10,8,9,10,9,13,11,7,7,9,9,12,12,15,7,16,10,9,9,19,5,5,5,5,5,5,5,5,5,5,5,5,5,5,5,5,5,5,5,5,5,5,5,5,5,5,5,5,5,5,5,5,5,5,5,5,5,5,5,5,5,5,5,5,5,5,5,5,5,5,5,5,5,5,5,5,5,5,5,5,5,5,5,5
38,871,893,864,870,866,862,859,848,883,874,870,873,872,861,873,858,874,877,881,888,860,856,874,853,901,889,896,887,879,870,872,880,914,892,887,903,895,882,882,884,897,900,903,905,892,875,875,887,925,919,928,888,903,884,888,872,899,944,926,916,903,893,892,892,10,7,7,9,7,7,6,7,10,7,5,6,6,5,8,6,13,8,6,7,6,6,7,6,9,8,8,5,6,6,7,7,11,7,6,6,7,8,7,7,7,9,8,10,7,7,6,7,8,11,9,8,10,9,9,11,10,14,8,10,11,8,9,17,5,5,5,5,5,5,5,5,5,5,5,5,5,5,5,5,5,5,5,5,5,5,5,5,5,5,5,5,5,5,5,5,5,5,5,5,5,5,5,5,5,5,5,5,5,5,5,5,5,5,5,5,5,5,5,5,5,5,5,5,5,5,5,5
39,892,857,875,863,875,862,856,857,876,878,886,869,879,870,868,855,913,886,882,873,869,869,865,867,880,897,908,887,893,880,880,873,888,901,893,896,877,887,885,881,904,907,898,897,910,902,890,886,912,909,898,904,899,881,897,896,925,899,899,909,904,895,904,867,9,6,6,8,7,7,8,7,7,6,5,6,8,5,9,8,11,12,7,10,7,7,6,10,11,6,8,6,7,7,7,9,10,7,6,7,7,8,7,8,9,7,9,7,11,9,9,7,8,12,10,9,7,7,10,11,10,17,9,10,9,9,8,19,5,5,5,5,5,5,5,5,5,5,5,5,5,5,5,5,5,5,5,5,5,5,5,5,5,5,5,5,5,5,5,5,5,5,5,5,5,5,5,5,5,5,5,5,5,5,5,5,5,5,5,5,5,5,5,5,5,5,5,5,5,5,5,5
40,883,870,866,860,864,869,849,844,890,878,869,864,873,858,854,860,896,904,882,890,872,872,872,857,880,887,891,886,885,867,878,870,896,897,903,888,884,879,873,881,908,903,902,901,885,889,884,880,902,919,910,904,899,899,880,883,911,928,907,901,909,896,893,854,10,7,7,7,6,6,7,6,8,5,5,6,7,7,6,8,13,10,7,7,6,6,6,8,12,7,6,7,7,6,7,8,13,6,6,8,10,6,6,8,11,6,9,7,8,8,10,8,12,13,9,7,8,7,7,10,12,17,6,13,9,8,10,15,5,5,5,5,5,5,5,5,5,5,5,5,5,5,5,5,5,5,5,5,5,5,5,5,5,5,5,5,5,5,5,5,5,5,5,5,5,5,5,5,5,5,5,5,5,5,5,5,5,5,5,5,5,5,5,5,5,5,5,5,5,5,5,5
41,884,869,874,874,876,854,849,861,900,887,876,873,868,865,859,864,919,890,878,885,869,884,871,859,897,898,897,885,877,882,871,870,903,910,910,888,898,887,889,894,917,910,908,900,889,897,888,879,905,927,901,899,889,897,889,881,912,916,898,910,909,892,896,864,10,6,6,7,6,7,5,8,9,7,7,6,8,7,7,7,10,9,11,7,7,6,7,7,11,8,9,6,6,8,7,8,9,7,6,7,8,7,9,9,10,10,8,9,9,8,11,8,12,10,8,9,7,7,7,13,10,16,9,9,8,10,10,18,5,5,5,5,5,5,5,5,5,5,5,5,5,5,5,5,5,5,5,5,5,5,5,5,5,5,5,5,5,5,5,5,5,5,5,5,5,5,5,5,5,5,5,5,5,5,5,5,5,5,5,5,5,5,5,5,5,5,5,5,5,5,5,5
42,880,874,879,865,865,861,863,845,895,871,870,886,877,875,866,854,882,896,890,887,882,879,880,864,897,901,872,875,874,878,864,862,914,884,899,889,887,873,880,880,902,914,897,887,907,881,880,872,908,911,896,903,886,891,893,866,897,923,914,890,898,887,918,884,9,8,7,8,6,8,6,7,8,6,6,7,7,7,7,8,9,9,6,6,6,6,6,6,8,8,10,6,8,5,7,7,8,6,7,5,9,7,7,7,6,8,8,8,9,8,8,8,9,10,9,9,7,7,8,10,10,16,9,13,9,9,9,23,5,5,5,5,5,5,5,5,5,5,5,5,5,5,5,5,5,5,5,5,5,5,5,5,5,5,5,5,5,5,5,5,5,5,5,5,5,5,5,5,5,5,5,5,5,5,5,5,5,5,5,5,5,5,5,5,5,5,5,5,5,5,5,5
43,873,885,881,875,862,857,873,858,874,893,876,857,872,867,857,864,883,879,886,876,875,869,868,875,905,898,894,884,875,877,869,881,895,902,879,904,887,869,882,866,913,907,892,892,906,882,885,885,913,909,905,902,902,899,908,891,912,920,912,894,917,911,891,882,9,9,8,6,7,8,7,9,8,7,6,7,8,6,8,7,9,8,8,9,7,7,7,6,9,9,10,7,8,7,6,11,10,7,8,7,10,6,7,11,7,9,6,8,12,7,8,12,9,15,9,9,10,9,11,8,14,18,8,9,9,6,11,20,5,5,5,5,5,5,5,5,5,5,5,5,5,5,5,5,5,5,5,5,5,5,5,5,5,5,5,5,5,5,5,5,5,5,5,5,5,5,5,5,5,5,5,5,5,5,5,5,5,5,5,5,5,5,5,5,5,5,5,5,5,5,5,5
44,875,869,879,864,874,865,866,859,878,879,882,884,873,873,867,853,881,889,887,875,869,867,868,869,885,894,885,884,885,882,867,859,916,897,895,909,889,877,878,875,913,886,897,880,871,897,888,895,904,924,919,881,897,888,892,891,924,922,913,921,913,900,903,840,8,6,5,7,7,6,6,8,8,7,7,6,6,5,7,6,11,8,6,7,6,7,5,7,9,7,9,7,6,6,6,8,7,8,6,8,7,7,8,8,7,9,7,7,9,8,8,8,8,15,11,8,8,8,8,9,12,11,7,10,8,9,8,23,5,5,5,5,5,5,5,5,5,5,5,5,5,5,5,5,5,5,5,5,5,5,5,5,5,5,5,5,5,5,5,5,5,5,5,5,5,5,5,5,5,5,5,5,5,5,5,5,5,5,5,5,5,5,5,5,5,5,5,5,5,5,5,5
45,888,874,873,866,863,857,844,856,888,879,878,873,875,883,865,850,872,893,870,877,869,871,870,840,880,895,887,887,882,873,863,875,900,904,900,912,867,893,884,873,918,903,900,895,894,885,890,868,898,896,895,896,890,881,882,892,930,901,914,888,897,905,885,907,9,8,7,9,6,8,7,8,8,7,6,7,6,7,8,6,9,13,9,7,8,8,7,6,9,6,7,7,7,9,7,9,11,8,10,9,8,7,8,7,9,8,8,8,10,8,9,8,8,11,8,10,9,6,8,11,10,12,7,11,9,11,8,15,5,5,5,5,5,5,5,5,5,5,5,5,5,5,5,5,5,5,5,5,5,5,5,5,5,5,5,5,5,5,5,5,5,5,5,5,5,5,5,5,5,5,5,5,5,5,5,5,5,5,5,5,5,5,5,5,5,5,5,5,5,5,5,5
46,877,881,875,873,870,857,844,859,881,894,894,862,867,868,852,852,900,890,893,879,875,873,867,869,900,903,894,881,877,868,878,860,882,882,896,896,900,875,873,874,905,893,895,893,908,895,889,855,910,910,917,903,911,883,865,877,906,919,914,884,910,893,899,881,8,8,7,8,7,7,7,5,8,7,6,6,8,6,6,8,10,10,9,7,5,7,6,9,10,6,8,5,6,6,7,8,9,6,6,6,7,8,6,6,9,8,7,9,11,7,7,8,9,10,9,7,7,8,7,10,13,13,8,11,8,8,8,18,5,5,5,5,5,5,5,5,5,5,5,5,5,5,5,5,5,5,5,5,5,5,5,5,5,5,5,5,5,5,5,5,5,5,5,5,5,5,5,5,5,5,5,5,5,5,5,5,5,5,5,5,5,5,5,5,5,5,5,5,5,5,5,5
47,872,887,878,860,871,871,864,857,869,882,866,872,865,867,853,859,903,867,869,870,866,872,870,856,897,892,886,888,889,879,873,874,895,891,904,899,876,879,855,875,917,914,896,893,908,878,883,885,926,908,921,907,893,884,874,871,912,937,931,909,899,891,910,872,9,6,6,8,7,7,7,9,8,7,6,7,8,6,6,7,10,9,11,8,7,6,6,7,9,9,10,7,6,7,8,11,9,7,7,8,7,7,6,8,7,7,7,9,9,8,8,9,9,17,10,10,8,8,8,13,12,14,9,10,11,9,13,18,5,5,5,5,5,5,5,5,5,5,5,5,5,5,5,5,5,5,5,5,5,5,5,5,5,5,5,5,5,5,5,5,5,5,5,5,5,5,5,5,5,5,5,5,5,5,5,5,5,5,5,5,5,5,5,5,5,5,5,5,5,5,5,5
48,883,886,880,880,870,850,853,860,890,871,880,883,860,857,870,852,888,879,883,870,866,874,859,862,894,903,898,872,874,880,861,881,894,904,897,898,885,890,889,867,887,919,905,899,902,899,894,888,906,917,911,918,893,895,895,884,938,900,909,904,906,887,897,874,9,8,9,7,6,6,7,7,7,7,6,7,7,5,5,7,10,6,6,8,6,6,7,6,7,6,8,5,6,8,6,8,9,9,7,7,7,5,6,8,7,8,8,9,10,9,9,8,8,11,10,9,7,6,9,18,15,15,9,10,10,6,9,14,5,5,5,5,5,5,5,5,5,5,5,5,5,5,5,5,5,5,5,5,5,5,5,5,5,5,5,5,5,5,5,5,5,5,5,5,5,5,5,5,5,5,5,5,5,5,5,5,5,5,5,5,5,5,5,5,5,5,5,5,5,5,5,5
49,892,877,872,870,857,865,863,839,869,875,877,879,875,869,867,857,903,872,870,888,878,862,870,865,897,905,890,889,881,866,873,869,881,904,900,889,893,882,874,881,901,914,910,911,902,887,887,873,935,929,901,891,893,899,892,882,936,916,913,912,900,885,907,861,7,8,7,8,7,8,9,8,9,5,6,7,8,6,8,8,12,11,7,9,6,7,7,8,7,9,9,7,8,8,9,9,9,6,8,7,9,8,6,8,8,7,10,7,13,9,9,7,12,14,9,8,10,7,8,11,13,15,7,12,8,8,8,21,5,5,5,5,5,5,5,5,5,5,5,5,5,5,5,5,5,5,5,5,5,5,5,5,5,5,5,5,5,5,5,5,5,5,5,5,5,5,5,5,5,5,5,5,5,5,5,5,5,5,5,5,5,5,5,5,5,5,5,5,5,5,5,5
50,877,875,873,849,867,853,861,851,895,886,888,877,858,866,851,845,900,881,878,869,880,872,866,869,886,888,892,876,875,889,879,864,902,905,896,899,885,889,884,875,909,893,904,885,896,876,879,874,906,880,886,895,893,894,891,875,936,910,920,923,913,907,900,875,8,6,6,7,7,6,6,7,8,8,7,6,8,5,6,7,11,12,8,7,6,8,7,6,8,9,9,6,7,7,7,8,11,8,6,6,8,6,8,8,7,8,9,6,9,8,10,8,8,11,10,9,7,7,10,9,14,21,8,11,11,10,8,14,5,5,5,5,5,5,5,5,5,5,5,5,5,5,5,5,5,5,5,5,5,5,5,5,5,5,5,5,5,5,5,5,5,5,5,5,5,5,5,5,5,5,5,5,5,5,5,5,5,5,5,5,5,5,5,5,5,5,5,5,5,5,5,5
51,873,884,858,868,870,858,863,847,879,882,882,876,878,866,871,865,904,908,871,890,880,870,861,862,898,906,885,886,876,871,879,870,904,891,903,892,909,876,877,891,918,912,903,908,898,875,891,899,909,925,910,880,899,889,893,890,908,929,902,889,884,879,887,878,11,9,6,7,8,7,6,9,9,7,6,6,6,6,8,6,9,9,6,7,8,8,7,7,9,7,7,6,7,8,7,7,12,7,8,8,9,8,6,9,7,8,7,10,10,6,7,10,10,11,10,11,10,10,6,13,14,15,10,8,8,9,8,16,5,5,5,5,5,5,5,5,5,5,5,5,5,5,5,5,5,5,5,5,5,5,5,5,5,5,5,5,5,5,5,5,5,5,5,5,5,5,5,5,5,5,5,5,5,5,5,5,5,5,5,5,5,5,5,5,5,5,5,5,5,5,5,5
52,874,886,875,867,862,859,859,866,898,859,872,876,878,853,866,868,891,887,876,873,874,870,841,856,896,884,887,870,886,867,865,858,890,911,893,899,880,886,858,879,902,904,917,903,878,891,888,879,895,918,896,896,896,901,895,882,908,914,898,899,917,890,901,895,8,7,8,8,6,8,7,9,8,5,5,7,5,6,7,8,13,9,6,6,7,6,6,6,9,7,9,6,5,7,6,8,9,6,6,6,8,6,6,7,7,8,7,7,9,7,8,8,10,10,9,7,8,7,9,18,11,14,8,17,7,8,11,19,5,5,5,5,5,5,5,5,5,5,5,5,5,5,5,5,5,5,5,5,5,5,5,5,5,5,5,5,5,5,5,5,5,5,5,5,5,5,5,5,5,5,5,5,5,5,5,5,5,5,5,5,5,5,5,5,5,5,5,5,5,5,5,5
53,882,882,866,861,864,865,871,842,880,868,873,879,863,856,861,854,892,900,881,885,884,871,872,867,886,893,878,884,884,870,869,865,886,897,897,895,887,896,888,864,907,903,911,899,887,887,878,857,917,923,902,895,909,904,885,901,916,913,930,889,908,902,885,871,10,8,8,9,6,7,6,8,9,6,6,7,8,6,7,7,12,10,6,8,9,7,7,10,12,8,10,7,8,6,7,10,8,7,6,7,9,8,7,9,7,9,6,8,8,9,9,8,10,11,8,10,8,8,9,15,9,15,8,11,8,10,12,12,5,5,5,5,5,5,5,5,5,5,5,5,5,5,5,5,5,5,5,5,5,5,5,5,5,5,5,5,5,5,5,5,5,5,5,5,5,5,5,5,5,5,5,5,5,5,5,5,5,5,5,5,5,5,5,5,5,5,5,5,5,5,5,5
54,881,892,875,869,853,859,858,852,870,865,875,876,865,859,853,873,893,870,878,893,878,877,867,855,888,909,894,885,886,868,873,869,897,903,894,887,883,882,883,885,893,895,904,897,906,897,879,897,912,902,901,889,895,893,881,890,892,932,908,921,893,884,902,891,12,7,6,8,6,6,7,7,8,7,6,7,7,5,6,7,11,8,6,9,7,6,7,8,7,6,8,5,7,7,7,9,10,6,6,8,9,8,7,8,8,6,8,8,11,8,8,12,11,15,8,8,8,7,8,11,12,18,6,13,9,8,9,18,5,5,5,5,5,5,5,5,5,5,5,5,5,5,5,5,5,5,5,5,5,5,5,5,5,5,5,5,5,5,5,5,5,5,5,5,5,5,5,5,5,5,5,5,5,5,5,5,5,5,5,5,5,5,5,5,5,5,5,5,5,5,5,5
55,889,883,870,878,878,860,850,861,875,885,882,870,861,864,846,869,901,906,877,875,876,882,881,877,888,878,878,878,885,884,855,868,914,896,887,896,882,885,870,862,911,917,912,908,904,881,885,874,902,905,908,903,887,888,890,859,934,925,918,892,879,902,910,887,8,6,6,7,8,7,6,7,9,8,7,6,6,6,6,8,12,13,8,7,5,9,5,10,8,8,8,8,6,6,8,10,11,8,7,8,10,6,6,8,8,10,7,9,11,7,9,8,10,18,10,10,8,7,7,12,10,11,7,9,10,9,10,21,5,5,5,5,5,5,5,5,5,5,5,5,5,5,5,5,5,5,5,5,5,5,5,5,5,5,5,5,5,5,5,5,5,5,5,5,5,5,5,5,5,5,5,5,5,5,5,5,5,5,5,5,5,5,5,5,5,5,5,5,5,5,5,5
56,879,865,867,863,867,855,850,866,897,879,873,875,853,858,860,866,894,886,864,892,872,872,863,871,892,885,876,879,885,877,884,884,907,893,884,894,888,872,878,877,898,908,917,896,889,889,883,891,907,911,903,909,890,901,893,881,920,935,904,917,909,891,879,868,7,7,6,8,7,7,8,8,8,6,7,7,6,5,7,7,10,8,6,8,7,5,7,6,8,7,7,6,7,6,7,7,10,7,7,8,9,7,7,7,9,11,7,7,7,8,7,8,8,10,9,8,7,7,9,12,11,12,10,10,9,8,9,21,5,5,5,5,5,5,5,5,5,5,5,5,5,5,5,5,5,5,5,5,5,5,5,5,5,5,5,5,5,5,5,5,5,5,5,5,5,5,5,5,5,5,5,5,5,5,5,5,5,5,5,5,5,5,5,5,5,5,5,5,5,5,5,5
57,883,886,868,861,862,857,841,842,905,878,887,877,859,866,864,866,886,891,877,867,879,862,857,867,900,892,891,877,872,871,885,865,902,895,904,893,884,879,887,871,903,910,900,885,892,872,895,880,917,900,906,893,892,891,887,907,932,900,908,921,898,893,899,889,8,8,6,8,6,7,6,9,10,6,7,5,8,6,7,7,12,8,7,9,6,8,7,7,10,6,7,6,7,7,10,11,10,9,8,7,9,8,8,7,11,10,7,8,10,7,8,11,9,15,8,9,9,7,8,12,15,14,8,10,9,8,10,14,5,5,5,5,5,5,5,5,5,5,5,5,5,5,5,5,5,5,5,5,5,5,5,5,5,5,5,5,5,5,5,5,5,5,5,5,5,5,5,5,5,5,5,5,5,5,5,5,5,5,5,5,5,5,5,5,5,5,5,5,5,5,5,5
58,869,878,872,858,865,871,864,853,880,886,887,888,870,864,866,850,890,894,894,871,856,875,868,861,893,885,892,878,873,870,868,864,890,889,904,906,891,882,874,883,910,907,894,912,899,899,902,887,920,913,896,901,895,896,880,889,930,924,921,910,908,902,903,892,10,7,5,7,7,6,6,7,8,7,7,7,6,7,7,7,9,8,7,8,6,6,8,9,9,7,7,6,6,5,6,9,7,6,6,7,8,5,6,7,7,6,5,8,9,8,8,9,10,10,9,7,8,9,8,8,12,21,7,10,10,8,7,23,5,5,5,5,5,5,5,5,5,5,5,5,5,5,5,5,5,5,5,5,5,5,5,5,5,5,5,5,5,5,5,5,5,5,5,5,5,5,5,5,5,5,5,5,5,5,5,5,5,5,5,5,5,5,5,5,5,5,5,5,5,5,5,5
59,888,878,871,862,874,863,860,857,873,887,891,868,874,861,871,857,895,886,897,894,866,880,873,865,903,884,893,868,876,868,872,853,918,902,896,871,898,876,881,880,920,910,914,917,891,885,884,865,924,895,926,898,899,904,877,887,925,890,897,909,923,903,911,883,9,8,7,8,7,7,7,9,9,7,7,6,7,6,7,5,13,12,8,8,6,8,8,10,8,7,6,6,7,7,6,10,10,9,6,7,6,10,7,8,8,8,8,9,10,7,9,8,9,15,9,7,6,9,7,9,10,14,9,13,8,8,10,21,5,5,5,5,5,5,5,5,5,5,5,5,5,5,5,5,5,5,5,5,5,5,5,5,5,5,5,5,5,5,5,5,5,5,5,5,5,5,5,5,5,5,5,5,5,5,5,5,5,5,5,5,5,5,5,5,5,5,5,5,5,5,5,5
60,879,874,867,862,857,850,853,848,871,886,872,867,859,862,854,860,883,862,892,877,871,869,870,860,901,888,879,876,885,894,870,852,902,905,903,889,901,892,874,870,917,902,901,889,895,903,890,895,886,899,922,896,893,908,902,894,941,890,902,898,886,891,896,879,9,7,7,8,6,7,7,7,8,6,6,7,7,5,5,7,12,8,8,7,7,7,7,7,10,8,7,7,6,6,7,8,8,7,6,6,6,7,7,8,9,10,9,8,7,9,7,9,9,11,7,8,8,8,7,13,9,20,7,11,9,9,8,14,5,5,5,5,5,5,5,5,5,5,5,5,5,5,5,5,5,5,5,5,5,5,5,5,5,5,5,5,5,5,5,5,5,5,5,5,5,5,5,5,5,5,5,5,5,5,5,5,5,5,5,5,5,5,5,5,5,5,5,5,5,5,5,5
61,889,890,865,875,875,860,864,866,884,878,871,871,864,853,864,850,882,876,875,883,870,855,863,859,905,887,899,878,892,886,869,878,904,890,891,898,880,881,882,886,902,896,901,885,901,883,889,888,902,908,898,885,895,898,901,902,946,921,911,914,892,922,882,910,11,10,6,9,8,5,7,9,9,5,6,8,7,6,6,7,11,8,8,7,7,7,8,8,11,6,7,6,8,7,7,6,9,6,7,8,8,6,7,6,9,9,10,7,11,7,7,9,10,12,9,8,9,10,9,10,11,19,10,9,9,10,9,22,5,5,5,5,5,5,5,5,5,5,5,5,5,5,5,5,5,5,5,5,5,5,5,5,5,5,5,5,5,5,5,5,5,5,5,5,5,5,5,5,5,5,5,5,5,5,5,5,5,5,5,5,5,5,5,5,5,5,5,5,5,5,5,5
62,874,882,871,874,866,848,848,849,889,877,890,871,878,863,863,857,889,878,889,892,880,872,874,847,911,893,893,895,875,878,877,864,900,911,885,892,888,874,876,878,891,903,881,887,889,893,887,873,912,909,907,884,902,901,855,873,925,912,894,890,890,890,887,877,7,8,8,8,6,6,7,7,7,6,6,5,6,5,7,6,10,8,6,8,5,6,7,6,11,7,7,6,6,5,8,8,10,9,7,6,10,6,6,6,8,8,7,9,8,8,6,7,8,11,8,9,8,7,8,13,10,10,8,9,8,6,9,16,5,5,5,5,5,5,5,5,5,5,5,5,5,5,5,5,5,5,5,5,5,5,5,5,5,5,5,5,5,5,5,5,5,5,5,5,5,5,5,5,5,5,5,5,5,5,5,5,5,5,5,5,5,5,5,5,5,5,5,5,5,5,5,5
63,898,888,869,859,870,852,857,855,874,869,874,869,867,873,859,872,909,903,882,887,871,863,870,870,913,892,884,875,880,884,872,865,883,887,886,898,886,871,877,865,918,908,898,892,922,879,880,884,890,903,915,895,908,886,893,865,915,923,925,901,913,911,898,915,8,8,7,9,5,6,7,9,8,7,6,6,6,6,7,8,11,9,8,8,7,8,8,7,7,9,8,6,7,6,9,9,13,6,5,7,7,6,10,10,8,8,8,8,9,8,9,10,10,11,9,8,7,8,9,11,11,11,8,10,11,8,11,17,5,5,5,5,5,5,5,5,5,5,5,5,5,5,5,5,5,5,5,5,5,5,5,5,5,5,5,5,5,5,5,5,5,5,5,5,5,5,5,5,5,5,5,5,5,5,5,5,5,5,5,5,5,5,5,5,5,5,5,5,5,5,5,5
64,877,877,879,864,868,845,852,843,877,869,871,867,868,867,863,852,890,884,880,873,876,879,863,851,894,890,889,885,893,879,882,881,903,887,889,890,894,871,880,865,911,903,893,898,897,898,896,899,899,908,909,886,909,888,890,905,908,906,911,908,908,902,887,883,9,9,6,7,6,6,5,7,8,7,6,5,6,7,6,7,10,10,8,8,7,6,6,7,8,6,6,7,6,5,7,10,8,6,5,7,9,8,6,6,9,7,6,9,9,8,7,8,8,14,7,9,8,8,7,10,11,11,10,15,9,8,9,23,5,5,5,5,5,5,5,5,5,5,5,5,5,5,5,5,5,5,5,5,5,5,5,5,5,5,5,5,5,5,5,5,5,5,5,5,5,5,5,5,5,5,5,5,5,5,5,5,5,5,5,5,5,5,5,5,5,5,5,5,5,5,5,5
65,868,880,876,880,850,864,854,858,897,877,868,875,878,870,852,856,873,889,878,882,873,874,865,863,889,889,869,897,882,878,872,879,914,904,898,911,888,881,882,871,901,899,902,918,901,895,876,884,913,919,897,881,892,893,877,884,917,933,920,906,896,901,894,870,7,8,9,8,7,7,7,9,7,10,6,6,6,6,7,7,9,8,8,8,8,7,7,9,10,7,8,6,8,8,8,8,12,8,9,9,10,5,7,6,8,7,8,7,10,7,8,13,8,10,7,9,10,6,9,12,9,19,8,11,9,7,10,15,5,5,5,5,5,5,5,5,5,5,5,5,5,5,5,5,5,5,5,5,5,5,5,5,5,5,5,5,5,5,5,5,5,5,5,5,5,5,5,5,5,5,5,5,5,5,5,5,5,5,5,5,5,5,5,5,5,5,5,5,5,5,5,5
66,882,862,870,872,868,862,868,852,886,879,872,870,865,865,870,854,893,892,886,886,881,874,869,860,894,906,894,879,889,872,874,863,900,881,888,903,910,881,882,871,909,916,896,893,888,883,875,874,904,916,896,907,903,908,878,885,906,919,915,887,904,892,897,903,11,7,6,8,7,7,7,8,7,7,6,6,8,6,7,7,13,11,8,7,7,7,5,7,7,7,8,5,6,7,6,8,12,6,4,6,7,7,6,8,12,9,7,7,8,8,7,9,9,13,6,11,7,7,8,14,9,14,8,10,9,8,8,28,5,5,5,5,5,5,5,5,5,5,5,5,5,5,5,5,5,5,5,5,5,5,5,5,5,5,5,5,5,5,5,5,5,5,5,5,5,5,5,5,5,5,5,5,5,5,5,5,5,5,5,5,5,5,5,5,5,5,5,5,5,5,5,5
67,882,897,879,846,860,872,854,855,903,882,875,889,859,863,859,856,913,886,878,856,875,886,848,873,902,888,882,879,892,874,881,865,901,883,891,911,883,902,888,875,915,899,905,895,898,907,878,881,918,911,903,887,895,893,883,887,918,903,918,908,876,891,905,906,8,8,7,8,6,7,8,8,12,7,7,8,6,7,6,9,11,10,7,7,6,9,8,7,10,7,9,7,6,7,9,9,12,7,8,7,7,9,8,8,9,7,8,8,8,7,8,8,9,13,10,12,8,7,9,10,10,16,8,12,9,6,7,24,5,5,5,5,5,5,5,5,5,5,5,5,5,5,5,5,5,5,5,5,5,5,5,5,5,5,5,5,5,5,5,5,5,5,5,5,5,5,5,5,5,5,5,5,5,5,5,5,5,5,5,5,5,5,5,5,5,5,5,5,5,5,5,5
68,865,876,863,872,863,854,865,851,873,892,872,871,859,860,858,859,910,874,895,893,864,872,873,855,890,885,892,876,879,877,871,874,886,906,889,883,877,886,887,877,907,912,890,898,895,885,864,883,903,924,918,899,903,876,877,884,923,925,922,921,910,899,914,858,7,8,6,9,7,7,6,8,6,6,6,6,7,5,7,6,7,8,7,9,6,6,6,7,10,7,7,6,7,7,8,7,9,6,6,7,7,7,8,7,8,6,8,7,9,7,9,7,9,9,8,8,8,7,8,8,13,12,7,10,9,7,10,18,5,5,5,5,5,5,5,5,5,5,5,5,5,5,5,5,5,5,5,5,5,5,5,5,5,5,5,5,5,5,5,5,5,5,5,5,5,5,5,5,5,5,5,5,5,5,5,5,5,5,5,5,5,5,5,5,5,5,5,5,5,5,5,5
69,879,869,879,867,864,865,855,850,888,874,888,867,859,853,862,836,894,878,881,878,883,863,868,872,894,888,865,890,883,890,876,883,904,898,902,879,870,861,896,864,913,901,907,892,899,890,890,877,908,915,906,891,915,900,882,865,934,951,908,898,915,897,895,856,11,6,7,8,5,6,7,9,8,7,7,8,7,6,7,7,12,9,7,7,8,8,6,8,8,9,8,6,9,7,8,10,11,8,6,8,10,8,6,8,11,11,7,8,8,8,7,8,10,11,9,10,8,10,8,13,14,14,7,10,10,7,8,16,5,5,5,5,5,5,5,5,5,5,5,5,5,5,5,5,5,5,5,5,5,5,5,5,5,5,5,5,5,5,5,5,5,5,5,5,5,5,5,5,5,5,5,5,5,5,5,5,5,5,5,5,5,5,5,5,5,5,5,5,5,5,5,5
70,892,871,865,865,868,848,843,857,882,893,866,872,883,858,850,854,895,889,881,884,864,860,872,843,887,889,898,873,880,869,878,863,920,911,887,886,899,884,875,866,911,899,904,885,901,890,888,880,914,913,910,907,905,892,881,900,909,913,910,909,903,884,896,887,7,6,7,9,8,7,7,9,10,6,6,6,7,6,6,5,10,7,6,8,5,7,6,7,6,9,7,6,8,8,7,8,7,6,6,7,6,7,6,8,7,8,6,7,8,8,6,6,9,11,10,12,9,7,8,9,10,13,7,12,9,8,8,14,5,5,5,5,5,5,5,5,5,5,5,5,5,5,5,5,5,5,5,5,5,5,5,5,5,5,5,5,5,5,5,5,5,5,5,5,5,5,5,5,5,5,5,5,5,5,5,5,5,5,5,5,5,5,5,5,5,5,5,5,5,5,5,5
71,883,885,867,879,864,865,862,845,890,882,886,875,864,863,872,857,879,881,884,885,863,871,876,875,898,891,881,899,873,881,874,869,899,890,898,882,888,882,882,874,912,906,886,905,894,892,888,883,927,926,904,909,890,888,900,901,937,906,919,904,904,911,894,867,9,9,7,7,6,6,7,10,9,8,7,6,6,6,6,9,10,10,8,7,6,7,7,7,8,7,8,7,7,6,8,9,13,7,7,6,6,8,6,12,8,7,6,10,10,8,10,7,11,18,8,10,8,7,9,14,14,10,7,11,11,9,8,17,5,5,5,5,5,5,5,5,5,5,5,5,5,5,5,5,5,5,5,5,5,5,5,5,5,5,5,5,5,5,5,5,5,5,5,5,5,5,5,5,5,5,5,5,5,5,5,5,5,5,5,5,5,5,5,5,5,5,5,5,5,5,5,5
72,901,880,870,860,865,865,848,865,870,880,878,858,867,858,860,844,892,859,881,881,872,880,870,868,896,897,902,872,894,870,872,870,907,885,888,889,887,877,887,872,902,915,898,904,882,885,883,884,923,904,903,893,913,900,869,882,905,907,905,893,912,879,906,875,12,7,7,6,7,6,5,6,8,5,6,6,6,6,7,7,10,6,7,7,6,7,6,6,9,8,7,8,7,6,6,8,13,6,6,8,8,7,8,8,9,7,7,9,9,6,9,10,10,12,9,8,6,8,7,8,14,20,9,13,10,9,8,25,5,5,5,5,5,5,5,5,5,5,5,5,5,5,5,5,5,5,5,5,5,5,5,5,5,5,5,5,5,5,5,5,5,5,5,5,5,5,5,5,5,5,5,5,5,5,5,5,5,5,5,5,5,5,5,5,5,5,5,5,5,5,5,5
73,879,881,881,861,864,857,843,873,870,889,884,872,870,871,863,868,899,885,882,884,871,875,855,877,896,911,879,878,884,884,859,864,887,894,896,886,884,885,884,875,905,915,893,896,899,893,883,893,925,896,913,895,888,889,893,871,938,956,908,912,905,915,886,854,9,9,7,8,7,6,7,7,8,8,6,6,6,6,7,8,15,10,6,8,7,7,6,7,11,8,10,6,7,10,7,8,10,7,7,6,9,7,7,9,9,9,8,9,10,7,11,10,17,10,9,11,8,8,11,11,9,12,9,12,9,9,7,16,5,5,5,5,5,5,5,5,5,5,5,5,5,5,5,5,5,5,5,5,5,5,5,5,5,5,5,5,5,5,5,5,5,5,5,5,5,5,5,5,5,5,5,5,5,5,5,5,5,5,5,5,5,5,5,5,5,5,5,5,5,5,5,5
74,876,876,874,874,871,858,858,863,886,882,884,880,863,875,855,848,881,873,874,884,872,875,868,871,896,887,878,887,887,881,868,866,905,897,889,887,874,868,868,882,893,901,918,896,901,883,866,890,915,923,878,916,909,903,889,849,933,927,897,907,899,894,917,876,8,8,6,8,6,6,7,9,9,6,7,6,7,7,7,7,9,9,7,6,6,6,7,5,7,8,8,5,7,6,6,9,10,7,8,6,7,8,6,8,7,8,8,8,9,6,7,10,9,12,12,9,8,6,9,11,10,15,7,10,8,6,9,13,5,5,5,5,5,5,5,5,5,5,5,5,5,5,5,5,5,5,5,5,5,5,5,5,5,5,5,5,5,5,5,5,5,5,5,5,5,5,5,5,5,5,5,5,5,5,5,5,5,5,5,5,5,5,5,5,5,5,5,5,5,5,5,5
75,888,876,868,872,855,869,851,840,868,874,871,872,856,870,867,858,888,886,887,859,880,866,860,859,909,888,892,883,885,877,876,878,901,884,899,900,902,886,882,874,905,897,902,885,900,877,895,856,915,901,906,905,911,882,886,893,926,930,920,909,905,886,902,901,10,8,7,7,6,7,6,8,7,6,6,8,7,6,8,6,10,10,8,8,7,6,6,8,9,8,8,6,7,6,6,8,11,6,8,7,8,7,7,7,11,6,7,9,10,6,8,9,12,12,10,7,7,9,8,10,9,17,8,12,9,8,8,22,5,5,5,5,5,5,5,5,5,5,5,5,5,5,5,5,5,5,5,5,5,5,5,5,5,5,5,5,5,5,5,5,5,5,5,5,5,5,5,5,5,5,5,5,5,5,5,5,5,5,5,5,5,5,5,5,5,5,5,5,5,5,5,5
76,894,877,866,868,864,852,857,851,881,873,867,872,870,860,856,860,894,874,877,881,876,865,880,847,914,887,883,879,882,872,872,874,905,911,900,890,888,870,867,872,910,901,893,898,891,900,888,878,934,920,899,907,904,878,891,876,925,891,917,891,909,908,899,897,10,7,7,7,6,6,7,7,10,7,6,5,7,5,6,6,12,8,6,9,7,7,5,7,8,7,7,6,6,6,8,7,8,7,6,9,6,7,6,8,11,7,6,8,7,9,8,9,9,15,9,9,9,7,8,11,10,16,6,9,11,11,8,17,5,5,5,5,5,5,5,5,5,5,5,5,5,5,5,5,5,5,5,5,5,5,5,5,5,5,5,5,5,5,5,5,5,5,5,5,5,5,5,5,5,5,5,5,5,5,5,5,5,5,5,5,5,5,5,5,5,5,5,5,5,5,5,5
77,891,870,867,853,872,860,851,859,886,857,880,871,856,861,862,843,897,895,881,878,867,871,857,857,895,891,895,885,885,868,856,873,896,899,892,891,897,892,875,875,905,908,889,897,884,877,889,871,918,916,887,886,890,876,902,881,892,914,900,899,894,902,899,890,9,7,7,7,7,8,8,10,8,6,7,6,7,6,7,6,9,8,7,7,6,7,6,6,8,8,9,8,7,7,9,8,8,8,7,9,7,8,7,9,9,8,7,9,8,7,6,7,13,12,9,8,7,7,6,14,9,19,9,10,9,9,8,21,5,5,5,5,5,5,5,5,5,5,5,5,5,5,5,5,5,5,5,5,5,5,5,5,5,5,5,5,5,5,5,5,5,5,5,5,5,5,5,5,5,5,5,5,5,5,5,5,5,5,5,5,5,5,5,5,5,5,5,5,5,5,5,5
78,857,866,870,857,863,854,851,853,887,882,881,869,863,866,861,851,889,876,885,884,879,874,869,864,903,889,870,885,876,871,881,865,913,897,900,896,876,882,885,882,905,891,905,910,896,891,890,875,912,903,895,905,886,896,885,881,925,936,910,907,915,902,894,872,9,9,7,8,7,7,7,8,7,7,7,5,6,6,7,8,11,9,7,7,5,6,7,7,10,7,7,5,6,6,9,8,11,8,5,8,8,5,8,7,8,8,8,10,9,7,6,7,10,14,9,8,7,6,8,11,17,14,9,11,9,8,13,14,5,5,5,5,5,5,5,5,5,5,5,5,5,5,5,5,5,5,5,5,5,5,5,5,5,5,5,5,5,5,5,5,5,5,5,5,5,5,5,5,5,5,5,5,5,5,5,5,5,5,5,5,5,5,5,5,5,5,5,5,5,5,5,5
79,871,878,863,869,869,875,858,856,896,874,871,878,866,873,856,850,896,893,875,881,873,856,861,860,874,881,890,887,862,879,867,861,908,896,906,896,894,889,866,867,904,916,900,897,904,888,896,860,893,919,916,897,904,889,890,899,918,920,915,931,901,894,908,856,8,5,8,7,5,8,7,8,9,7,6,6,7,6,6,7,13,9,7,7,8,7,5,7,10,6,7,5,7,7,7,8,10,8,6,8,8,7,8,8,9,8,7,8,9,8,10,9,7,9,11,9,8,9,8,11,8,14,8,12,10,10,8,17,5,5,5,5,5,5,5,5,5,5,5,5,5,5,5,5,5,5,5,5,5,5,5,5,5,5,5,5,5,5,5,5,5,5,5,5,5,5,5,5,5,5,5,5,5,5,5,5,5,5,5,5,5,5,5,5,5,5,5,5,5,5,5,5
80,865,888,858,873,868,855,846,857,884,877,878,864,858,863,860,843,891,863,876,878,868,871,864,874,891,887,902,878,881,886,880,871,902,898,901,888,870,888,870,882,917,917,889,886,886,888,896,876,920,912,905,893,884,894,883,876,930,905,908,905,904,901,904,910,9,7,7,7,7,7,6,9,10,7,5,6,7,5,6,6,12,8,6,6,7,6,6,7,9,8,8,7,8,6,8,9,9,6,7,6,7,7,6,7,6,9,9,7,8,7,8,8,10,14,7,10,7,8,8,12,11,11,8,19,9,8,10,12,5,5,5,5,5,5,5,5,5,5,5,5,5,5,5,5,5,5,5,5,5,5,5,5,5,5,5,5,5,5,5,5,5,5,5,5,5,5,5,5,5,5,5,5,5,5,5,5,5,5,5,5,5,5,5,5,5,5,5,5,5,5,5,5
81,887,870,858,864,860,853,857,859,900,892,870,863,871,863,878,846,890,889,883,882,883,864,854,859,875,856,877,881,889,866,878,860,901,901,894,890,874,884,877,858,890,904,913,908,898,879,891,860,900,911,911,894,907,889,893,889,928,944,933,906,903,888,910,915,8,8,7,8,6,7,7,9,10,6,7,5,7,6,7,8,10,10,9,8,8,9,6,5,12,6,8,7,9,6,7,9,17,6,8,10,7,7,8,9,6,8,8,8,11,7,9,10,12,9,10,11,7,6,7,11,11,19,9,15,10,8,9,18,5,5,5,5,5,5,5,5,5,5,5,5,5,5,5,5,5,5,5,5,5,5,5,5,5,5,5,5,5,5,5,5,5,5,5,5,5,5,5,5,5,5,5,5,5,5,5,5,5,5,5,5,5,5,5,5,5,5,5,5,5,5,5,5
82,863,891,882,874,874,861,871,854,890,878,881,867,857,869,867,852,880,892,890,892,866,861,865,869,898,888,890,883,878,859,878,848,903,899,899,888,896,872,881,875,913,898,893,889,894,879,883,882,911,904,923,908,881,890,889,888,935,899,905,909,903,911,899,883,9,7,6,7,7,6,6,8,7,6,6,6,9,5,7,7,9,9,7,7,7,7,7,6,9,7,10,8,7,5,8,8,11,8,7,7,9,8,7,9,8,7,6,7,9,7,10,9,9,11,8,8,6,8,8,10,9,15,10,13,9,6,9,13,5,5,5,5,5,5,5,5,5,5,5,5,5,5,5,5,5,5,5,5,5,5,5,5,5,5,5,5,5,5,5,5,5,5,5,5,5,5,5,5,5,5,5,5,5,5,5,5,5,5,5,5,5,5,5,5,5,5,5,5,5,5,5,5
83,883,874,874,860,862,860,849,855,880,880,880,872,859,857,871,866,879,883,864,884,862,874,872,875,893,890,903,886,893,888,862,858,909,899,892,900,883,887,884,869,904,904,888,889,896,883,881,889,895,925,886,916,904,893,897,875,911,940,909,893,913,890,903,892,9,7,7,8,6,8,8,7,9,7,7,6,7,6,8,7,8,10,8,8,6,7,7,7,12,8,9,7,9,9,7,8,11,6,7,7,8,7,7,7,10,7,7,7,12,7,10,11,11,10,10,9,6,7,8,10,9,21,10,15,13,8,10,18,5,5,5,5,5,5,5,5,5,5,5,5,5,5,5,5,5,5,5,5,5,5,5,5,5,5,5,5,5,5,5,5,5,5,5,5,5,5,5,5,5,5,5,5,5,5,5,5,5,5,5,5,5,5,5,5,5,5,5,5,5,5,5,5
84,894,877,875,862,860,869,858,849,879,864,875,880,857,861,866,865,877,895,862,889,872,876,872,854,900,890,880,877,878,881,869,872,898,892,905,896,879,879,882,877,907,903,895,904,884,883,887,872,905,906,915,877,894,891,898,868,912,894,918,918,893,907,893,869,7,8,8,7,6,7,5,8,9,7,6,6,7,6,6,7,8,9,7,7,7,7,6,6,13,8,9,6,6,5,6,7,11,7,7,8,6,7,7,7,9,6,8,8,10,8,9,7,9,13,11,8,9,7,8,10,11,13,8,14,8,8,10,11,5,5,5,5,5,5,5,5,5,5,5,5,5,5,5,5,5,5,5,5,5,5,5,5,5,5,5,5,5,5,5,5,5,5,5,5,5,5,5,5,5,5,5,5,5,5,5,5,5,5,5,5,5,5,5,5,5,5,5,5,5,5,5,5
85,895,877,870,874,867,862,860,856,898,882,892,856,876,860,859,852,882,868,900,886,890,877,866,876,901,890,893,881,888,874,871,856,900,901,882,903,876,895,879,881,893,910,895,907,898,880,885,877,902,905,903,902,899,898,897,868,914,925,908,905,913,893,907,4000,9,8,5,9,6,7,7,7,7,7,5,6,7,6,8,7,15,8,8,6,7,6,8,7,10,8,7,7,6,7,10,8,9,7,6,7,7,6,7,8,7,8,8,10,9,9,8,8,10,10,10,9,9,7,9,10,10,20,11,15,8,9,8,11,5,5,5,5,5,5,5,5,5,5,5,5,5,5,5,5,5,5,5,5,5,5,5,5,5,5,5,5,5,5,5,5,5,5,5,5,5,5,5,5,5,5,5,5,5,5,5,5,5,5,5,5,5,5,5,5,5,5,5,5,5,5,5,255
86,894,869,882,864,863,863,854,861,883,880,886,879,862,863,867,852,906,899,871,872,872,878,869,853,897,884,898,882,881,879,863,864,880,900,906,900,888,881,886,887,901,902,905,904,874,879,881,895,916,918,905,874,890,897,911,908,922,950,917,896,901,912,903,4000,10,8,6,8,5,8,7,5,10,8,7,6,8,5,7,6,10,12,8,8,7,7,6,7,14,8,9,7,7,6,7,7,10,8,9,7,8,8,6,8,7,7,8,8,9,8,7,11,9,11,8,10,7,7,9,12,9,15,8,9,12,7,8,12,5,5,5,5,5,5,5,5,5,5,5,5,5,5,5,5,5,5,5,5,5,5,5,5,5,5,5,5,5,5,5,5,5,5,5,5,5,5,5,5,5,5,5,5,5,5,5,5,5,5,5,5,5,5,5,5,5,5,5,5,5,5,5,10
87,882,882,865,855,861,863,863,850,880,881,873,877,874,857,870,860,907,891,893,882,867,867,871,867,890,894,867,878,881,885,888,862,914,899,894,887,886,873,884,872,922,903,902,883,890,882,889,880,923,913,928,908,885,899,909,900,914,922,936,912,885,901,895,884,7,6,7,9,6,8,7,9,11,9,7,7,6,7,8,7,11,7,9,9,7,7,8,8,10,7,9,5,6,6,9,8,11,7,6,8,10,9,7,6,12,11,6,8,11,7,6,8,10,10,9,8,8,7,11,11,11,13,8,11,11,8,8,14,5,5,5,5,5,5,5,5,5,5,5,5,5,5,5,5,5,5,5,5,5,5,5,5,5,5,5,5,5,5,5,5,5,5,5,5,5,5,5,5,5,5,5,5,5,5,5,5,5,5,5,5,5,5,5,5,5,5,5,5,5,5,5,5
88,876,887,876,868,863,861,859,853,886,896,877,873,861,860,854,861,863,887,875,871,869,863,866,860,897,903,875,885,874,874,863,879,897,891,900,891,886,872,875,891,913,912,912,895,890,909,868,879,890,903,892,895,901,890,884,877,927,896,902,910,886,886,903,895,9,6,6,9,5,6,6,6,7,10,7,6,7,5,5,6,10,10,7,9,5,7,6,8,10,5,7,5,6,7,8,9,9,7,7,5,7,6,5,8,9,8,7,10,8,6,8,8,9,11,9,6,8,6,7,13,10,10,10,12,9,8,8,11,5,5,5,5,5,5,5,5,5,5,5,5,5,5,5,5,5,5,5,5,5,5,5,5,5,5,5,5,5,5,5,5,5,5,5,5,5,5,5,5,5,5,5,5,5,5,5,5,5,5,5,5,5,5,5,5,5,5,5,5,5,5,5,5
89,890,877,878,872,867,852,877,836,870,880,874,862,881,867,847,850,891,885,873,871,876,881,874,878,892,890,896,882,889,885,869,870,899,890,882,872,879,881,878,869,902,901,896,891,883,890,886,889,918,925,910,904,897,894,878,887,928,910,910,915,889,897,909,878,10,9,6,9,6,7,6,6,9,7,6,6,8,6,6,8,13,8,6,7,7,7,6,8,8,8,7,6,6,6,8,9,11,8,5,8,9,7,7,7,8,7,7,9,9,8,10,9,11,12,10,7,8,7,9,15,14,16,7,9,8,8,9,18,5,5,5,5,5,5,5,5,5,5,5,5,5,5,5,5,5,5,5,5,5,5,5,5,5,5,5,5,5,5,5,5,5,5,5,5,5,5,5,5,5,5,5,5,5,5,5,5,5,5,5,5,5,5,5,5,5,5,5,5,5,5,5,5
90,879,876,880,862,859,856,841,858,892,883,884,884,869,864,872,848,882,888,887,867,879,876,875,867,904,889,887,885,874,877,883,879,920,898,881,895,884,888,877,882,909,908,892,909,889,886,894,875,909,907,896,906,902,895,874,860,899,898,916,909,899,898,892,853,12,8,6,7,6,7,8,8,7,6,7,7,6,6,5,6,11,10,6,9,7,6,6,6,8,8,8,5,6,6,8,6,12,8,6,6,8,7,8,7,10,9,7,7,10,6,8,8,8,11,9,9,8,7,8,9,12,13,8,12,8,8,8,15,5,5,5,5,5,5,5,5,5,5,5,5,5,5,5,5,5,5,5,5,5,5,5,5,5,5,5,5,5,5,5,5,5,5,5,5,5,5,5,5,5,5,5,5,5,5,5,5,5,5,5,5,5,5,5,5,5,5,5,5,5,5,5,5
91,896,889,870,873,871,865,856,853,874,896,882,866,881,870,864,843,898,890,883,881,873,871,860,859,903,904,895,871,876,890,878,860,903,908,886,897,884,869,874,882,902,894,922,910,905,897,896,875,898,910,919,905,889,892,882,889,930,937,912,907,901,894,901,888,5,8,7,8,8,7,7,8,8,7,7,7,7,6,7,7,16,9,9,8,8,6,6,5,10,6,8,6,8,9,7,10,15,8,6,7,9,8,6,9,8,11,7,10,8,9,8,9,10,12,11,10,8,8,8,16,13,18,11,12,8,8,10,20,5,5,5,5,5,5,5,5,5,5,5,5,5,5,5,5,5,5,5,5,5,5,5,5,5,5,5,5,5,5,5,5,5,5,5,5,5,5,5,5,5,5,5,5,5,5,5,5,5,5,5,5,5,5,5,5,5,5,5,5,5,5,5,5
92,873,871,875,869,859,851,868,866,876,886,868,874,882,868,852,852,879,891,886,879,869,871,881,852,895,905,881,886,882,867,881,884,905,899,888,886,870,880,888,883,908,909,900,911,880,895,886,874,909,905,902,883,894,894,893,850,915,933,910,901,904,905,892,881,9,8,6,11,6,5,6,10,9,7,6,7,8,5,6,8,11,10,8,8,6,6,7,6,9,10,8,6,5,7,8,7,13,8,8,6,7,5,6,7,10,8,6,5,9,8,9,7,8,13,8,9,8,7,9,12,11,11,8,11,8,6,11,18,5,5,5,5,5,5,5,5,5,5,5,5,5,5,5,5,5,5,5,5,5,5,5,5,5,5,5,5,5,5,5,5,5,5,5,5,5,5,5,5,5,5,5,5,5,5,5,5,5,5,5,5,5,5,5,5,5,5,5,5,5,5,5,5
93,883,874,860,876,860,865,859,859,896,882,878,872,857,858,862,860,916,880,882,879,875,869,867,853,897,874,880,891,896,884,880,867,900,903,900,887,900,878,886,883,911,911,911,891,879,886,884,895,905,913,909,904,892,888,889,891,911,937,907,894,902,915,884,886,8,8,7,8,8,7,9,7,10,8,6,7,7,7,8,8,10,9,8,8,7,8,6,7,9,7,8,6,6,8,7,9,10,9,7,8,8,6,9,8,9,8,6,9,9,7,8,12,8,17,9,8,9,9,10,14,11,14,9,10,10,10,8,18,5,5,5,5,5,5,5,5,5,5,5,5,5,5,5,5,5,5,5,5,5,5,5,5,5,5,5,5,5,5,5,5,5,5,5,5,5,5,5,5,5,5,5,5,5,5,5,5,5,5,5,5,5,5,5,5,5,5,5,5,5,5,5,5
94,879,881,874,858,865,864,857,845,900,878,868,872,868,872,865,848,873,882,865,878,868,888,871,856,891,892,870,885,871,880,874,878,905,889,890,878,897,890,884,870,894,899,900,883,891,898,890,873,903,909,920,907,891,906,886,882,917,915,914,916,898,891,906,913,9,6,7,7,5,8,6,7,8,7,6,6,6,6,6,7,10,10,9,7,7,6,6,6,11,7,7,6,6,7,7,9,9,7,6,7,8,7,8,8,7,7,6,6,8,8,11,6,8,13,9,8,7,7,9,10,9,14,9,11,7,8,10,16,5,5,5,5,5,5,5,5,5,5,5,5,5,5,5,5,5,5,5,5,5,5,5,5,5,5,5,5,5,5,5,5,5,5,5,5,5,5,5,5,5,5,5,5,5,5,5,5,5,5,5,5,5,5,5,5,5,5,5,5,5,5,5,5
95,876,867,875,872,855,865,869,835,894,892,889,863,865,884,860,865,895,882,878,876,868,862,865,858,899,887,889,890,875,867,886,854,913,893,885,890,879,875,876,862,927,903,901,890,884,896,879,872,920,913,905,912,909,896,891,897,926,942,913,909,895,891,892,922,9,7,7,9,6,6,7,8,7,7,8,7,6,8,7,7,11,10,7,9,7,7,6,7,9,6,7,6,7,6,8,8,11,7,6,6,8,8,7,9,11,11,8,8,11,8,9,9,10,10,7,10,7,7,8,14,11,16,7,12,9,9,9,31,5,5,5,5,5,5,5,5,5,5,5,5,5,5,5,5,5,5,5,5,5,5,5,5,5,5,5,5,5,5,5,5,5,5,5,5,5,5,5,5,5,5,5,5,5,5,5,5,5,5,5,5,5,5,5,5,5,5,5,5,5,5,5,5
96,879,866,875,864,855,872,858,842,883,881,870,884,873,858,870,860,872,895,886,877,865,860,868,869,904,886,890,891,884,868,871,862,915,890,894,888,885,882,871,865,883,905,909,915,904,885,879,885,912,889,908,905,894,883,887,900,948,919,916,910,903,892,895,895,10,6,6,7,5,5,6,8,10,6,6,7,8,6,7,6,10,7,8,8,6,8,6,8,9,7,7,6,7,7,6,7,13,6,6,7,7,7,6,9,7,8,8,9,9,7,8,9,9,9,8,10,8,7,9,13,11,14,6,13,8,8,9,14,5,5,5,5,5,5,5,5,5,5,5,5,5,5,5,5,5,5,5,5,5,5,5,5,5,5,5,5,5,5,5,5,5,5,5,5,5,5,5,5,5,5,5,5,5,5,5,5,5,5,5,5,5,5,5,5,5,5,5,5,5,5,5,5
97,885,890,879,866,856,865,846,851,867,882,871,887,860,864,857,863,886,895,891,878,873,868,856,862,905,885,878,895,878,883,870,870,903,896,896,883,896,895,875,876,921,906,904,906,895,894,899,872,911,918,911,886,882,880,885,877,939,883,918,927,905,894,900,854,10,8,7,8,5,6,7,9,9,6,6,6,7,6,7,6,10,15,7,10,6,6,6,5,11,8,9,6,8,8,6,9,13,7,6,7,8,7,8,7,11,10,7,9,10,7,12,9,10,10,10,9,7,6,7,14,12,26,9,11,10,9,11,13,5,5,5,5,5,5,5,5,5,5,5,5,5,5,5,5,5,5,5,5,5,5,5,5,5,5,5,5,5,5,5,5,5,5,5,5,5,5,5,5,5,5,5,5,5,5,5,5,5,5,5,5,5,5,5,5,5,5,5,5,5,5,5,5
98,868,870,867,874,859,877,848,848,874,874,884,882,882,860,875,846,879,892,879,884,879,868,867,879,889,895,891,873,872,881,876,851,909,898,901,894,882,884,879,870,906,897,907,884,895,898,898,884,906,923,896,905,885,894,889,878,928,906,896,909,920,908,897,895,6,7,8,9,6,9,6,9,8,6,6,8,8,5,8,7,11,8,7,8,6,6,6,8,9,8,8,7,5,6,8,8,10,7,7,7,8,8,7,7,8,9,9,6,8,7,8,7,10,11,10,7,7,8,6,10,11,16,7,15,11,8,8,17,5,5,5,5,5,5,5,5,5,5,5,5,5,5,5,5,5,5,5,5,5,5,5,5,5,5,5,5,5,5,5,5,5,5,5,5,5,5,5,5,5,5,5,5,5,5,5,5,5,5,5,5,5,5,5,5,5,5,5,5,5,5,5,5
99,893,874,868,870,869,864,844,859,870,883,865,869,863,855,865,852,889,897,888,870,875,877,860,854,908,901,896,883,880,874,882,861,898,900,887,892,893,871,880,880,896,897,895,891,876,888,886,874,931,921,904,915,888,876,905,881,945,911,906,933,890,886,908,909,7,9,7,7,7,7,6,9,9,7,6,7,9,6,7,7,11,8,9,10,7,7,7,7,11,7,9,7,6,9,6,10,9,8,6,8,6,7,8,9,10,8,8,11,9,8,9,10,10,12,9,11,8,6,11,11,13,15,12,15,10,8,8,16,5,5,5,5,5,5,5,5,5,5,5,5,5,5,5,5,5,5,5,5,5,5,5,5,5,5,5,5,5,5,5,5,5,5,5,5,5,5,5,5,5,5,5,5,5,5,5,5,5,5,5,5,5,5,5,5,5,5,5,5,5,5,5,5
100,874,881,874,855,857,853,851,849,887,880,876,875,877,867,857,857,900,892,875,870,867,886,859,860,898,890,905,879,873,870,866,871,892,899,889,881,889,875,877,855,907,898,894,890,900,897,878,877,919,912,905,894,894,886,898,903,911,915,918,929,909,895,890,869,7,6,5,7,6,7,6,8,6,8,6,6,6,5,6,7,11,10,7,9,6,6,6,6,7,8,9,6,6,7,9,10,9,8,5,8,7,6,6,8,10,8,6,8,10,8,7,7,10,11,7,7,9,8,8,16,10,12,6,11,9,8,9,19,5,5,5,5,5,5,5,5,5,5,5,5,5,5,5,5,5,5,5,5,5,5,5,5,5,5,5,5,5,5,5,5,5,5,5,5,5,5,5,5,5,5,5,5,5,5,5,5,5,5,5,5,5,5,5,5,5,5,5,5,5,5,5,5
101,875,876,872,854,852,855,854,862,888,880,872,876,867,862,865,851,891,906,885,880,866,883,867,872,879,892,877,888,876,875,881,858,902,907,882,910,896,889,874,866,906,918,892,899,904,869,896,866,910,900,904,883,889,883,887,877,914,918,913,928,905,904,891,861,9,8,9,8,6,6,7,8,9,7,6,7,8,5,7,6,15,10,6,7,7,7,6,7,8,11,8,7,7,7,9,9,12,9,7,10,8,7,7,8,8,8,6,7,9,7,8,11,12,11,9,9,8,7,7,11,12,15,14,12,8,10,9,20,5,5,5,5,5,5,5,5,5,5,5,5,5,5,5,5,5,5,5,5,5,5,5,5,5,5,5,5,5,5,5,5,5,5,5,5,5,5,5,5,5,5,5,5,5,5,5,5,5,5,5,5,5,5,5,5,5,5,5,5,5,5,5,5
102,872,862,867,869,870,866,854,852,869,887,880,858,882,873,855,837,881,903,873,859,867,871,872,852,896,892,884,883,890,879,865,871,897,899,893,896,882,884,874,860,919,907,892,899,898,891,893,869,921,906,900,896,912,878,898,904,914,918,891,905,910,889,893,895,11,6,8,6,7,5,6,8,8,7,6,7,7,6,6,6,8,10,7,8,5,8,6,7,9,7,8,5,7,8,7,10,10,8,6,7,7,6,8,9,8,7,7,8,8,6,8,7,9,9,9,9,8,7,10,11,9,18,6,11,10,9,9,18,5,5,5,5,5,5,5,5,5,5,5,5,5,5,5,5,5,5,5,5,5,5,5,5,5,5,5,5,5,5,5,5,5,5,5,5,5,5,5,5,5,5,5,5,5,5,5,5,5,5,5,5,5,5,5,5,5,5,5,5,5,5,5,5
103,872,878,869,872,858,860,862,848,891,876,872,880,868,867,863,852,908,897,883,883,874,878,873,862,881,895,894,893,878,890,880,868,891,893,880,885,889,881,881,872,914,907,898,892,907,881,892,879,915,925,900,896,903,900,893,891,912,916,914,914,910,894,897,898,12,7,9,11,6,8,7,7,9,7,6,7,10,6,7,6,17,10,7,9,8,9,7,7,9,9,8,6,7,9,8,8,8,8,7,6,7,9,7,6,14,8,7,7,10,7,8,8,9,10,10,10,9,7,11,12,8,21,7,13,11,8,10,20,5,5,5,5,5,5,5,5,5,5,5,5,5,5,5,5,5,5,5,5,5,5,5,5,5,5,5,5,5,5,5,5,5,5,5,5,5,5,5,5,5,5,5,5,5,5,5,5,5,5,5,5,5,5,5,5,5,5,5,5,5,5,5,5
104,877,871,884,884,871,856,847,860,880,878,881,855,874,865,855,845,880,890,883,882,867,872,868,866,907,906,887,883,880,859,882,862,902,899,880,886,891,884,865,870,910,892,903,895,897,891,886,887,909,901,898,898,895,897,893,874,924,920,936,929,900,899,904,861,8,7,7,7,7,7,8,8,7,6,7,6,6,6,6,7,12,8,7,6,6,6,6,6,9,6,7,6,7,6,7,9,10,6,6,7,8,5,8,8,10,9,4,10,8,8,8,7,10,8,11,9,6,6,7,11,12,10,8,12,10,10,7,18,5,5,5,5,5,5,5,5,5,5,5,5,5,5,5,5,5,5,5,5,5,5,5,5,5,5,5,5,5,5,5,5,5,5,5,5,5,5,5,5,5,5,5,5,5,5,5,5,5,5,5,5,5,5,5,5,5,5,5,5,5,5,5,5
105,876,883,871,871,865,872,857,853,889,869,869,872,866,864,853,860,878,875,898,878,863,870,863,855,894,894,882,892,877,861,871,867,882,913,886,886,893,871,880,869,902,896,903,891,906,895,862,874,916,914,906,895,894,892,874,873,915,911,898,922,921,895,880,844,9,8,8,10,7,7,6,7,9,9,6,6,7,6,6,6,10,9,8,8,5,6,6,6,9,7,9,6,7,6,8,11,12,6,6,8,6,7,8,8,9,8,9,7,9,9,9,9,15,11,10,9,9,8,9,11,9,12,7,13,8,8,10,14,5,5,5,5,5,5,5,5,5,5,5,5,5,5,5,5,5,5,5,5,5,5,5,5,5,5,5,5,5,5,5,5,5,5,5,5,5,5,5,5,5,5,5,5,5,5,5,5,5,5,5,5,5,5,5,5,5,5,5,5,5,5,5,5
106,870,878,876,869,862,863,854,854,872,878,871,875,880,862,858,849,897,897,878,891,874,875,866,866,897,902,908,883,896,870,880,863,872,899,889,878,896,875,863,881,900,891,895,908,899,898,878,895,893,896,912,924,891,900,892,873,918,917,896,908,881,885,886,870,7,8,6,6,6,8,6,10,8,6,7,6,7,4,6,6,11,16,7,8,6,7,8,7,8,8,9,8,6,7,7,10,11,8,6,7,7,7,6,6,8,8,8,9,8,8,9,11,10,11,9,11,7,6,9,10,9,12,7,11,10,8,8,18,5,5,5,5,5,5,5,5,5,5,5,5,5,5,5,5,5,5,5,5,5,5,5,5,5,5,5,5,5,5,5,5,5,5,5,5,5,5,5,5,5,5,5,5,5,5,5,5,5,5,5,5,5,5,5,5,5,5,5,5,5,5,5,5
107,881,871,877,885,869,865,867,855,892,867,885,866,875,870,848,857,902,886,884,887,879,858,866,860,896,892,888,885,868,879,874,879,911,885,901,902,875,871,891,878,902,910,908,896,912,889,881,881,895,903,900,909,884,885,881,888,918,941,887,908,881,892,913,855,8,8,7,8,7,10,7,7,9,8,7,6,6,6,7,7,10,11,8,8,8,7,6,6,9,8,8,6,7,8,12,8,11,7,8,7,10,6,9,8,9,10,7,9,8,7,8,11,10,11,10,9,7,9,9,17,14,12,9,14,10,8,8,21,5,5,5,5,5,5,5,5,5,5,5,5,5,5,5,5,5,5,5,5,5,5,5,5,5,5,5,5,5,5,5,5,5,5,5,5,5,5,5,5,5,5,5,5,5,5,5,5,5,5,5,5,5,5,5,5,5,5,5,5,5,5,5,5
108,874,868,869,865,858,859,856,855,882,883,878,880,864,862,851,848,876,883,892,865,880,882,880,869,888,874,891,891,879,867,876,871,897,895,897,880,885,874,872,869,908,908,896,900,903,882,877,873,899,917,889,902,916,898,888,870,916,899,913,905,889,901,902,887,8,7,6,8,5,7,7,8,10,8,6,6,7,5,5,8,10,8,8,9,8,7,8,7,9,6,7,6,7,6,7,10,8,7,6,8,9,6,9,10,9,9,6,9,8,7,7,9,9,12,10,8,9,9,7,11,11,13,7,10,7,8,10,21,5,5,5,5,5,5,5,5,5,5,5,5,5,5,5,5,5,5,5,5,5,5,5,5,5,5,5,5,5,5,5,5,5,5,5,5,5,5,5,5,5,5,5,5,5,5,5,5,5,5,5,5,5,5,5,5,5,5,5,5,5,5,5,5
109,888,853,873,852,866,871,866,870,886,870,882,875,873,880,849,863,882,886,861,868,882,871,866,846,885,879,890,896,880,875,880,873,917,874,898,868,893,877,876,869,903,907,896,897,902,900,873,869,911,903,907,901,881,913,892,877,940,912,898,885,893,890,909,906,11,5,7,9,8,8,7,8,7,6,7,6,8,8,7,7,10,9,8,9,8,9,6,5,10,6,7,6,8,8,7,12,14,6,5,7,10,8,6,8,11,9,7,10,7,10,8,9,9,13,9,8,8,8,10,12,13,12,12,11,7,9,12,19,5,5,5,5,5,5,5,5,5,5,5,5,5,5,5,5,5,5,5,5,5,5,5,5,5,5,5,5,5,5,5,5,5,5,5,5,5,5,5,5,5,5,5,5,5,5,5,5,5,5,5,5,5,5,5,5,5,5,5,5,5,5,5,5
110,879,871,875,859,850,862,857,837,873,879,878,863,880,864,859,852,876,879,883,883,869,861,872,855,887,883,891,892,877,872,872,874,904,891,897,901,891,891,865,877,914,907,912,903,888,884,881,867,911,914,918,880,906,899,888,868,937,895,909,881,893,885,920,916,10,8,6,7,6,7,6,6,8,7,6,6,6,5,6,6,9,9,6,9,6,7,7,7,9,7,6,7,7,8,7,11,11,6,6,7,6,6,6,6,8,8,9,8,9,7,7,9,10,12,9,8,9,7,8,10,10,13,7,10,9,7,12,13,5,5,5,5,5,5,5,5,5,5,5,5,5,5,5,5,5,5,5,5,5,5,5,5,5,5,5,5,5,5,5,5,5,5,5,5,5,5,5,5,5,5,5,5,5,5,5,5,5,5,5,5,5,5,5,5,5,5,5,5,5,5,5,5
111,891,890,878,873,872,849,862,868,886,882,879,874,868,854,866,852,880,885,896,877,875,880,868,857,918,890,882,895,874,876,861,878,919,889,898,894,895,896,876,862,907,909,891,887,913,885,883,901,906,908,905,891,898,898,882,882,925,918,892,896,897,898,900,897,10,7,7,9,5,7,6,7,7,7,7,6,8,6,7,9,10,12,7,7,8,6,6,7,12,8,9,7,6,6,9,11,10,7,8,7,9,8,8,8,6,9,7,8,7,7,8,6,11,11,9,11,8,6,8,12,16,17,8,14,9,10,11,19,5,5,5,5,5,5,5,5,5,5,5,5,5,5,5,5,5,5,5,5,5,5,5,5,5,5,5,5,5,5,5,5,5,5,5,5,5,5,5,5,5,5,5,5,5,5,5,5,5,5,5,5,5,5,5,5,5,5,5,5,5,5,5,5
112,871,894,875,867,859,860,853,841,896,882,865,875,867,864,872,859,890,892,887,882,875,866,872,861,890,887,872,878,881,877,880,891,911,897,896,891,882,878,878,866,920,899,900,878,901,872,894,876,925,918,911,904,885,891,881,891,929,943,918,910,897,895,908,884,7,7,6,7,6,5,8,6,7,7,6,6,6,6,8,7,9,10,9,6,7,6,7,7,9,7,7,6,8,7,6,7,11,7,6,5,7,9,7,7,7,8,7,9,8,8,7,8,12,7,10,9,6,7,8,10,11,18,6,9,7,9,9,14,5,5,5,5,5,5,5,5,5,5,5,5,5,5,5,5,5,5,5,5,5,5,5,5,5,5,5,5,5,5,5,5,5,5,5,5,5,5,5,5,5,5,5,5,5,5,5,5,5,5,5,5,5,5,5,5,5,5,5,5,5,5,5,5
113,871,882,869,872,863,868,848,850,903,884,874,873,867,864,857,857,893,905,891,869,870,865,863,872,885,899,898,877,876,873,874,880,903,921,904,902,880,891,863,877,902,903,898,898,883,891,903,871,892,910,916,913,887,903,877,882,934,896,919,897,902,901,897,905,9,7,6,7,6,6,8,7,8,7,7,7,7,6,7,6,10,12,9,8,7,7,6,8,9,7,8,8,8,7,7,7,11,7,9,8,8,6,8,9,9,8,7,8,8,9,10,8,7,9,9,11,7,8,9,16,10,9,9,11,11,10,10,30,5,5,5,5,5,5,5,5,5,5,5,5,5,5,5,5,5,5,5,5,5,5,5,5,5,5,5,5,5,5,5,5,5,5,5,5,5,5,5,5,5,5,5,5,5,5,5,5,5,5,5,5,5,5,5,5,5,5,5,5,5,5,5,5
114,883,892,859,869,860,868,858,857,870,877,876,875,860,850,862,859,875,879,879,883,870,872,863,862,900,891,874,886,897,873,866,869,896,899,890,905,880,885,878,863,894,908,894,910,888,882,888,888,934,907,895,908,901,880,894,866,911,921,905,914,901,889,892,872,9,6,7,7,6,6,6,8,8,8,6,6,7,6,7,6,10,9,6,6,6,6,6,7,8,7,8,7,8,7,6,7,9,8,6,6,7,6,7,7,7,9,7,10,8,7,8,9,15,11,9,9,7,7,8,15,12,15,8,12,7,8,7,19,5,5,5,5,5,5,5,5,5,5,5,5,5,5,5,5,5,5,5,5,5,5,5,5,5,5,5,5,5,5,5,5,5,5,5,5,5,5,5,5,5,5,5,5,5,5,5,5,5,5,5,5,5,5,5,5,5,5,5,5,5,5,5,5
115,883,889,875,876,862,852,858,828,880,872,876,869,878,868,866,855,877,880,875,883,870,863,870,862,915,889,894,881,875,881,866,877,918,894,883,889,877,898,870,879,908,904,892,888,873,885,883,883,901,919,916,893,904,900,877,897,928,931,893,901,898,905,898,918,12,7,7,7,6,8,7,7,9,6,7,6,8,7,6,6,10,9,7,8,8,7,6,7,13,8,7,6,8,9,7,7,11,8,7,6,7,7,7,7,8,8,6,8,10,7,9,8,9,13,12,9,7,6,9,13,12,14,7,12,9,12,12,15,5,5,5,5,5,5,5,5,5,5,5,5,5,5,5,5,5,5,5,5,5,5,5,5,5,5,5,5,5,5,5,5,5,5,5,5,5,5,5,5,5,5,5,5,5,5,5,5,5,5,5,5,5,5,5,5,5,5,5,5,5,5,5,5
116,870,884,871,865,857,866,851,853,892,891,883,880,880,859,866,861,902,876,881,875,870,862,870,859,891,892,890,889,892,875,882,858,907,883,898,891,883,890,874,868,908,894,895,901,897,911,881,877,903,916,889,899,875,891,898,879,941,928,908,896,905,891,901,883,6,6,7,8,6,5,6,8,7,7,7,6,7,5,7,6,10,11,7,8,7,7,6,7,9,7,9,6,6,7,8,7,8,6,5,7,9,6,6,8,8,6,7,8,9,5,11,9,9,10,9,7,6,8,9,14,12,11,10,10,10,7,8,23,5,5,5,5,5,5,5,5,5,5,5,5,5,5,5,5,5,5,5,5,5,5,5,5,5,5,5,5,5,5,5,5,5,5,5,5,5,5,5,5,5,5,5,5,5,5,5,5,5,5,5,5,5,5,5,5,5,5,5,5,5,5,5,5
117,877,886,858,876,867,851,857,835,880,877,881,871,873,861,856,849,895,883,887,884,873,863,862,862,879,891,890,887,881,884,872,858,907,896,905,898,897,893,882,880,921,909,916,896,893,891,882,877,921,910,910,897,904,886,889,870,920,908,927,890,897,902,907,922,9,6,6,7,7,6,6,7,10,6,7,6,6,6,7,6,11,10,8,10,6,7,7,8,10,7,7,6,7,7,6,11,9,9,8,8,8,7,8,9,8,8,6,8,10,7,12,10,11,14,10,10,6,7,8,10,13,14,11,13,8,7,12,19,5,5,5,5,5,5,5,5,5,5,5,5,5,5,5,5,5,5,5,5,5,5,5,5,5,5,5,5,5,5,5,5,5,5,5,5,5,5,5,5,5,5,5,5,5,5,5,5,5,5,5,5,5,5,5,5,5,5,5,5,5,5,5,5
118,875,880,874,871,861,856,851,848,891,891,874,866,852,866,862,871,905,878,876,879,867,866,866,871,891,885,890,888,878,868,878,850,887,884,910,886,891,877,868,869,923,882,904,901,883,896,886,901,917,926,890,887,903,898,891,888,929,915,907,930,898,888,905,891,7,7,7,5,6,6,7,9,7,8,5,7,6,6,7,7,20,9,7,7,6,6,6,7,10,5,8,6,6,6,8,6,10,7,5,6,7,6,6,8,7,7,8,8,8,8,9,9,11,10,8,11,10,6,7,13,9,14,9,12,9,8,8,16,5,5,5,5,5,5,5,5,5,5,5,5,5,5,5,5,5,5,5,5,5,5,5,5,5,5,5,5,5,5,5,5,5,5,5,5,5,5,5,5,5,5,5,5,5,5,5,5,5,5,5,5,5,5,5,5,5,5,5,5,5,5,5,5
119,886,896,875,877,881,857,859,853,890,892,886,877,860,858,862,865,895,890,883,871,865,862,848,871,925,890,876,893,882,867,874,866,902,905,896,890,888,880,880,876,902,910,902,915,884,876,887,873,911,929,903,932,894,897,893,893,937,906,920,907,905,896,897,858,9,7,7,7,7,7,7,9,8,8,8,7,8,6,7,6,11,8,7,9,8,7,5,7,8,7,10,6,6,7,7,8,10,7,7,9,8,8,7,7,8,7,8,9,11,7,10,7,12,10,9,12,7,6,9,12,9,13,5,12,11,12,7,19,5,5,5,5,5,5,5,5,5,5,5,5,5,5,5,5,5,5,5,5,5,5,5,5,5,5,5,5,5,5,5,5,5,5,5,5,5,5,5,5,5,5,5,5,5,5,5,5,5,5,5,5,5,5,5,5,5,5,5,5,5,5,5,5
120,868,882,869,875,866,848,842,851,891,878,880,877,873,869,855,865,898,894,890,877,878,875,867,871,896,888,882,871,882,877,876,873,918,880,888,879,883,885,888,866,916,902,902,900,900,888,880,857,903,900,904,908,892,875,879,877,929,935,913,917,901,890,883,922,7,8,6,9,6,7,7,6,11,7,6,7,7,5,6,8,11,11,7,7,7,6,6,5,8,7,6,5,7,7,7,7,8,6,6,8,8,6,8,6,6,8,8,8,9,7,8,8,8,13,10,8,7,7,8,10,10,21,9,11,10,8,8,17,5,5,5,5,5,5,5,5,5,5,5,5,5,5,5,5,5,5,5,5,5,5,5,5,5,5,5,5,5,5,5,5,5,5,5,5,5,5,5,5,5,5,5,5,5,5,5,5,5,5,5,5,5,5,5,5,5,5,5,5,5,5,5,5
121,882,879,863,858,868,862,863,861,901,875,885,873,873,864,866,861,893,873,873,878,892,861,863,870,890,908,887,888,880,875,863,873,898,899,892,885,889,888,877,867,905,904,891,914,893,883,887,877,916,920,900,903,885,885,898,885,917,927,919,910,914,898,901,889,9,6,7,8,8,6,7,7,8,7,8,6,8,5,7,7,11,9,7,7,6,7,5,7,8,7,8,8,7,8,8,7,13,9,7,8,7,8,7,9,6,6,7,8,8,9,13,8,9,10,9,8,7,8,12,10,16,11,11,11,8,8,9,15,5,5,5,5,5,5,5,5,5,5,5,5,5,5,5,5,5,5,5,5,5,5,5,5,5,5,5,5,5,5,5,5,5,5,5,5,5,5,5,5,5,5,5,5,5,5,5,5,5,5,5,5,5,5,5,5,5,5,5,5,5,5,5,5
122,883,871,880,879,855,853,859,856,879,882,881,877,874,862,852,854,865,889,880,874,878,859,876,847,904,902,891,892,876,877,866,858,915,892,896,885,878,877,876,865,900,913,909,907,883,883,888,870,912,910,923,892,893,897,882,880,922,917,891,888,899,902,888,890,7,8,6,6,6,6,6,7,9,7,6,8,7,6,6,8,8,8,7,6,7,6,8,6,8,8,7,7,7,6,8,7,15,5,6,6,7,8,6,8,6,7,7,10,9,7,8,8,8,13,9,11,9,7,11,9,8,14,6,8,9,7,10,17,5,5,5,5,5,5,5,5,5,5,5,5,5,5,5,5,5,5,5,5,5,5,5,5,5,5,5,5,5,5,5,5,5,5,5,5,5,5,5,5,5,5,5,5,5,5,5,5,5,5,5,5,5,5,5,5,5,5,5,5,5,5,5,5
123,865,874,866,870,878,869,860,861,888,871,874,860,858,864,858,856,881,902,879,882,875,878,847,855,908,888,887,877,882,862,877,866,898,897,897,879,898,887,882,869,914,913,890,892,884,896,885,874,915,910,912,919,903,886,882,906,918,918,913,905,896,908,902,874,10,7,10,8,8,8,6,8,10,7,7,5,7,6,6,5,10,10,7,6,8,8,7,7,10,6,8,8,8,7,9,10,10,8,6,9,10,6,8,8,7,9,9,8,7,9,7,8,10,12,11,8,7,6,7,11,9,11,11,12,8,8,8,18,5,5,5,5,5,5,5,5,5,5,5,5,5,5,5,5,5,5,5,5,5,5,5,5,5,5,5,5,5,5,5,5,5,5,5,5,5,5,5,5,5,5,5,5,5,5,5,5,5,5,5,5,5,5,5,5,5,5,5,5,5,5,5,5
124,894,871,870,859,867,855,856,844,905,878,879,879,862,861,866,858,883,894,885,870,863,873,863,858,889,877,896,881,874,874,870,852,910,907,890,886,887,873,874,857,912,909,901,900,890,879,902,887,901,906,924,892,890,891,888,877,926,935,911,918,899,902,907,853,12,7,5,8,6,6,6,9,8,7,7,7,7,5,6,9,11,8,6,8,5,6,7,8,7,6,8,7,6,8,7,8,9,8,7,6,7,9,6,9,7,8,8,8,8,7,8,9,8,11,11,9,7,9,8,10,12,18,6,10,9,9,8,15,5,5,5,5,5,5,5,5,5,5,5,5,5,5,5,5,5,5,5,5,5,5,5,5,5,5,5,5,5,5,5,5,5,5,5,5,5,5,5,5,5,5,5,5,5,5,5,5,5,5,5,5,5,5,5,5,5,5,5,5,5,5,5,5
125,882,876,878,860,861,864,858,852,895,889,884,863,862,860,860,848,883,893,876,865,878,878,864,875,888,875,863,882,883,887,887,855,896,889,901,902,879,884,876,861,915,905,906,914,900,879,887,880,924,911,913,897,901,890,893,899,928,909,900,916,918,876,918,891,12,7,5,7,6,6,6,8,8,8,8,7,7,7,6,6,11,9,8,9,7,7,7,6,7,6,8,5,8,6,9,9,10,7,6,9,10,9,6,7,8,6,8,11,12,6,8,8,13,10,10,9,9,8,11,9,9,14,9,9,6,10,10,46,5,5,5,5,5,5,5,5,5,5,5,5,5,5,5,5,5,5,5,5,5,5,5,5,5,5,5,5,5,5,5,5,5,5,5,5,5,5,5,5,5,5,5,5,5,5,5,5,5,5,5,5,5,5,5,5,5,5,5,5,5,5,5,5
126,872,869,875,861,859,865,851,857,888,886,874,867,871,863,870,853,889,881,883,876,867,869,870,862,893,881,896,879,879,876,872,878,884,880,885,882,890,879,879,873,896,896,902,878,874,879,869,882,909,905,902,905,890,892,880,879,926,935,918,905,901,905,885,874,6,7,6,7,7,6,7,7,7,7,6,7,7,5,6,6,11,9,5,9,6,7,7,6,8,6,6,6,7,6,7,7,8,6,6,7,6,7,8,7,10,10,7,9,10,7,7,8,11,11,7,10,7,6,8,13,9,16,10,13,9,9,8,18,5,5,5,5,5,5,5,5,5,5,5,5,5,5,5,5,5,5,5,5,5,5,5,5,5,5,5,5,5,5,5,5,5,5,5,5,5,5,5,5,5,5,5,5,5,5,5,5,5,5,5,5,5,5,5,5,5,5,5,5,5,5,5,5
127,869,874,871,876,874,853,845,864,882,887,889,872,867,868,875,851,906,881,885,881,883,865,867,869,894,891,870,877,878,876,876,880,902,892,896,886,886,891,882,872,903,903,898,895,878,859,886,864,908,913,889,886,892,887,893,884,931,940,918,928,902,904,894,870,11,7,6,6,6,6,8,11,9,8,8,7,7,6,6,7,10,9,7,7,8,7,7,6,8,8,10,7,7,8,7,9,13,7,6,7,7,7,8,6,9,8,8,7,11,8,7,12,11,11,9,11,10,6,10,13,10,15,7,12,7,9,8,18,5,5,5,5,5,5,5,5,5,5,5,5,5,5,5,5,5,5,5,5,5,5,5,5,5,5,5,5,5,5,5,5,5,5,5,5,5,5,5,5,5,5,5,5,5,5,5,5,5,5,5,5,5,5,5,5,5,5,5,5,5,5,5,5
128,879,872,863,867,865,849,844,848,891,890,880,872,856,864,863,855,892,894,891,873,888,856,864,886,886,886,881,888,883,878,880,865,885,905,902,881,877,881,872,870,916,913,908,906,907,886,879,873,924,915,894,907,890,890,885,892,927,906,896,912,896,903,904,872,10,7,6,9,6,7,6,7,7,6,7,6,7,6,6,7,11,8,8,7,7,7,7,8,11,8,9,5,8,5,8,9,10,6,7,7,8,7,6,7,9,8,7,8,10,7,8,8,9,10,11,9,8,7,8,8,11,18,8,9,8,9,7,26,5,5,5,5,5,5,5,5,5,5,5,5,5,5,5,5,5,5,5,5,5,5,5,5,5,5,5,5,5,5,5,5,5,5,5,5,5,5,5,5,5,5,5,5,5,5,5,5,5,5,5,5,5,5,5,5,5,5,5,5,5,5,5,5
129,869,877,879,872,871,855,858,868,895,877,887,864,882,851,859,862,886,882,884,888,881,863,866,866,915,895,874,893,880,863,877,873,896,889,891,900,895,893,882,877,907,916,892,875,889,896,869,884,913,938,921,908,892,881,891,887,919,945,907,909,908,894,911,925,7,7,9,9,7,6,7,8,8,6,8,7,7,7,7,7,9,11,8,7,5,8,6,10,10,7,7,7,6,7,8,8,10,7,9,7,8,8,6,7,7,10,9,9,9,8,11,9,10,9,11,8,7,6,8,11,10,13,10,11,10,9,9,14,5,5,5,5,5,5,5,5,5,5,5,5,5,5,5,5,5,5,5,5,5,5,5,5,5,5,5,5,5,5,5,5,5,5,5,5,5,5,5,5,5,5,5,5,5,5,5,5,5,5,5,5,5,5,5,5,5,5,5,5,5,5,5,5
130,876,883,874,874,863,855,851,832,876,870,867,860,872,861,860,848,882,890,880,880,867,867,861,869,897,892,890,895,880,884,862,872,888,901,892,887,894,882,880,882,916,911,904,896,895,886,886,882,907,881,916,901,896,894,895,905,926,939,926,889,913,897,904,890,8,7,7,7,6,7,6,8,10,7,5,7,7,6,6,6,10,9,6,8,6,6,6,6,8,8,7,5,6,7,6,7,12,6,6,7,7,7,6,10,8,8,7,7,8,6,7,9,9,12,10,9,8,8,9,13,15,12,9,10,8,10,9,14,5,5,5,5,5,5,5,5,5,5,5,5,5,5,5,5,5,5,5,5,5,5,5,5,5,5,5,5,5,5,5,5,5,5,5,5,5,5,5,5,5,5,5,5,5,5,5,5,5,5,5,5,5,5,5,5,5,5,5,5,5,5,5,5
131,872,875,874,869,848,866,849,849,881,886,879,890,864,864,870,861,899,895,887,875,876,864,861,860,890,880,889,886,890,873,874,856,885,900,895,888,892,889,877,874,903,898,899,893,892,901,876,864,923,911,911,896,894,882,893,881,937,910,905,910,905,895,900,895,9,8,7,7,6,8,7,8,11,7,6,9,7,5,8,9,12,8,7,8,7,7,6,7,12,7,7,6,8,7,8,10,13,7,7,7,8,8,6,8,10,6,6,11,9,10,10,11,10,16,9,9,9,6,9,17,8,16,9,9,10,8,10,28,5,5,5,5,5,5,5,5,5,5,5,5,5,5,5,5,5,5,5,5,5,5,5,5,5,5,5,5,5,5,5,5,5,5,5,5,5,5,5,5,5,5,5,5,5,5,5,5,5,5,5,5,5,5,5,5,5,5,5,5,5,5,5,5
132,873,870,855,869,869,866,865,862,888,883,879,884,877,852,859,842,882,897,877,874,861,872,858,861,888,890,876,872,890,874,876,874,910,887,892,882,881,888,884,883,895,904,890,905,898,894,882,872,916,907,893,893,867,901,901,895,933,921,891,929,891,903,892,860,7,7,7,9,6,6,6,9,9,7,7,7,7,5,6,7,9,7,7,8,6,6,5,9,9,7,8,6,7,6,7,10,13,6,6,7,7,7,7,8,7,6,6,8,8,7,9,9,10,9,11,8,7,7,8,13,10,14,8,12,9,8,10,19,5,5,5,5,5,5,5,5,5,5,5,5,5,5,5,5,5,5,5,5,5,5,5,5,5,5,5,5,5,5,5,5,5,5,5,5,5,5,5,5,5,5,5,5,5,5,5,5,5,5,5,5,5,5,5,5,5,5,5,5,5,5,5,5
133,898,887,872,880,853,866,856,860,887,878,869,868,870,865,870,861,908,876,890,870,876,870,873,879,897,896,899,884,880,882,870,857,885,895,901,895,884,872,869,870,916,882,894,897,896,874,868,886,901,915,886,891,904,902,895,889,921,927,904,918,899,913,891,895,10,8,8,7,6,9,5,7,7,7,5,7,8,6,9,6,12,8,7,7,6,7,7,9,10,8,8,4,10,9,7,8,9,7,8,6,9,8,8,8,13,8,7,9,9,8,8,9,9,9,10,9,7,8,9,9,15,14,11,10,8,9,9,23,5,5,5,5,5,5,5,5,5,5,5,5,5,5,5,5,5,5,5,5,5,5,5,5,5,5,5,5,5,5,5,5,5,5,5,5,5,5,5,5,5,5,5,5,5,5,5,5,5,5,5,5,5,5,5,5,5,5,5,5,5,5,5,5
134,876,881,882,870,866,860,850,847,877,878,878,875,860,868,860,844,896,890,874,857,875,874,864,851,903,879,897,875,880,884,882,872,892,895,898,898,901,882,880,882,910,905,905,893,885,887,883,868,914,904,916,901,898,870,901,872,933,885,919,897,919,885,908,901,9,7,6,10,7,7,6,6,9,8,6,5,7,6,6,7,10,10,6,7,6,6,7,8,10,6,9,6,7,7,7,8,10,8,5,7,7,6,8,10,8,10,6,7,8,6,7,7,10,11,11,10,9,6,7,14,11,15,9,11,8,5,10,13,5,5,5,5,5,5,5,5,5,5,5,5,5,5,5,5,5,5,5,5,5,5,5,5,5,5,5,5,5,5,5,5,5,5,5,5,5,5,5,5,5,5,5,5,5,5,5,5,5,5,5,5,5,5,5,5,5,5,5,5,5,5,5,5
135,886,872,860,869,865,867,856,853,881,891,876,875,859,870,861,857,877,898,880,880,869,870,873,852,901,901,895,886,871,880,857,868,910,895,892,890,892,875,870,876,921,881,893,886,901,889,866,871,909,912,905,893,880,885,896,889,931,908,909,893,900,912,899,841,11,7,7,9,6,10,7,8,9,6,6,7,8,7,7,5,10,9,8,7,7,6,7,7,10,7,8,6,8,7,8,9,12,7,5,7,7,8,7,5,9,9,8,7,10,7,8,8,10,15,9,10,7,6,9,15,11,13,8,13,10,12,11,18,5,5,5,5,5,5,5,5,5,5,5,5,5,5,5,5,5,5,5,5,5,5,5,5,5,5,5,5,5,5,5,5,5,5,5,5,5,5,5,5,5,5,5,5,5,5,5,5,5,9,5,5,5,5,5,5,5,5,5,5,5,5,5,5
136,879,856,867,876,866,864,854,841,903,879,880,890,878,853,867,847,884,879,881,873,875,870,873,866,905,894,886,888,886,866,880,868,929,900,898,884,900,876,877,872,906,916,899,883,906,879,896,894,911,906,908,906,887,889,889,857,925,888,919,899,901,893,893,918,8,10,7,7,7,9,6,6,8,8,7,8,6,6,8,7,12,10,6,9,7,7,7,6,8,7,8,5,8,8,8,12,11,8,6,6,8,7,7,8,8,10,9,8,8,7,9,9,10,11,12,13,6,8,9,12,11,12,8,11,10,9,9,20,5,5,5,5,5,5,5,5,5,5,5,5,5,5,5,5,5,5,5,5,5,5,5,5,5,5,5,5,5,5,5,5,5,5,5,5,5,5,5,5,5,5,5,5,5,5,5,5,5,5,5,5,5,5,5,5,5,5,5,5,5,5,5,5
137,900,879,888,856,854,852,849,839,880,889,874,875,873,858,858,868,895,865,865,893,884,863,864,856,894,897,874,888,880,871,880,863,885,894,902,875,892,892,870,876,902,915,907,893,891,888,898,878,912,888,913,905,912,902,890,896,915,906,890,911,896,892,894,866,8,7,8,7,5,6,7,7,8,10,6,6,8,5,8,7,9,9,8,8,6,7,6,8,11,6,9,7,9,8,7,10,12,7,7,8,7,8,6,9,8,7,6,7,8,8,7,9,13,10,10,8,7,7,8,11,11,11,8,10,7,9,8,19,5,5,5,5,5,5,5,5,5,5,5,5,5,5,5,5,5,5,5,5,5,5,5,5,5,5,5,5,5,5,5,5,5,5,5,5,5,5,5,5,5,5,5,5,5,5,5,5,5,5,5,5,5,5,5,5,5,5,5,5,5,5,5,5
138,870,873,863,862,870,863,862,843,882,882,868,868,876,863,857,858,890,870,874,885,877,865,872,858,891,889,900,886,869,886,869,863,904,894,871,892,884,873,872,880,903,909,898,888,880,900,886,879,903,909,898,888,892,889,894,857,915,913,896,905,902,899,898,889,10,8,6,9,6,8,7,6,9,8,5,5,6,5,6,6,11,7,6,7,6,7,7,6,9,6,7,6,6,6,7,7,11,6,5,8,7,7,6,8,7,8,8,7,9,7,9,8,7,8,8,8,8,7,8,9,9,11,7,12,10,8,8,16,5,5,5,5,5,5,5,5,5,5,5,5,5,5,5,5,5,5,5,5,5,5,5,5,5,5,5,5,5,5,5,5,5,5,5,5,5,5,5,5,5,5,5,5,5,5,5,5,5,5,5,5,5,5,5,5,5,5,5,5,5,5,5,5
139,878,878,871,863,858,863,863,859,888,869,883,870,879,873,855,870,900,896,878,883,863,870,854,862,884,898,887,882,880,883,856,867,906,891,900,893,897,873,880,873,917,881,892,924,882,880,892,887,905,935,905,900,888,887,895,892,941,903,913,923,902,896,904,875,7,9,5,8,6,7,7,7,10,9,7,6,8,6,6,7,11,9,7,9,6,6,6,8,9,6,9,6,8,7,9,9,9,7,7,7,7,8,7,8,7,6,8,9,8,8,10,13,8,11,7,9,8,9,9,10,12,14,8,12,10,10,10,30,5,5,5,5,5,5,5,5,5,5,5,5,5,5,5,5,5,5,5,5,5,5,5,5,5,5,5,5,5,5,5,5,5,5,5,5,5,5,5,5,5,5,5,5,5,5,5,5,5,5,5,5,5,5,5,5,5,5,5,5,5,5,5,5
140,884,878,875,868,860,863,852,852,890,873,875,872,847,863,858,853,881,894,886,873,881,869,873,873,909,889,907,869,880,876,871,864,902,901,900,887,880,887,873,884,898,903,890,897,900,887,888,873,915,919,913,898,908,895,898,880,897,902,903,889,912,906,906,844,9,7,6,6,6,8,7,8,6,7,6,6,6,5,6,6,8,10,7,8,5,6,7,7,11,7,9,5,8,7,7,8,8,7,7,7,7,8,6,8,7,9,6,7,8,6,7,8,8,10,10,7,6,7,8,10,9,14,9,10,10,8,8,16,5,5,5,5,5,5,5,5,5,5,5,5,5,5,5,5,5,5,5,5,5,5,5,5,5,5,5,5,5,5,5,5,5,5,5,5,5,5,5,5,5,5,5,5,5,5,5,5,5,5,5,5,5,5,5,5,5,5,5,5,5,5,5,5
141,858,879,877,867,861,848,865,861,905,894,885,872,867,858,871,869,899,886,873,877,884,868,866,868,914,884,883,882,873,877,869,868,890,884,903,900,882,881,882,859,902,895,910,902,897,891,862,880,898,889,919,903,897,891,894,877,928,889,907,907,907,893,909,895,10,8,6,10,6,7,7,9,11,6,7,6,8,4,6,7,10,10,7,7,6,7,5,9,13,7,8,7,7,7,7,10,8,6,8,7,7,7,6,9,10,7,8,8,9,7,7,11,9,13,13,10,9,7,8,10,12,15,11,14,8,10,8,16,5,5,5,5,5,5,5,5,5,5,5,5,5,5,5,5,5,5,5,5,5,5,5,5,5,5,5,5,5,5,5,5,5,5,5,5,5,5,5,5,5,5,5,5,5,5,5,5,5,5,5,5,5,5,5,5,5,5,5,5,5,5,5,5
142,874,889,859,881,851,859,857,841,876,869,884,866,862,874,873,861,882,892,879,881,879,873,859,861,896,889,886,883,891,887,861,870,909,897,903,877,899,880,877,868,901,887,895,909,871,891,871,876,892,893,890,905,898,900,884,885,920,899,920,919,938,890,884,870,9,6,8,7,6,6,6,6,9,8,7,6,6,6,7,7,13,8,7,6,5,8,5,7,8,7,8,7,6,6,8,8,11,9,6,8,7,7,7,8,6,7,7,9,9,8,7,9,10,12,9,9,9,8,8,11,9,11,11,10,12,8,10,18,5,5,5,5,5,5,5,5,5,5,5,5,5,5,5,5,5,5,5,5,5,5,5,5,5,5,5,5,5,5,5,5,5,5,5,5,5,5,5,5,5,5,5,5,5,5,5,5,5,5,5,5,5,5,5,5,5,5,5,5,5,5,5,5
143,879,884,858,872,860,854,864,843,898,874,872,873,868,856,863,849,876,890,882,887,878,862,882,858,899,899,892,886,877,870,874,869,889,890,888,903,886,897,877,864,904,893,893,910,903,884,885,880,905,908,905,893,915,882,896,881,912,899,907,900,904,888,900,887,8,7,7,7,6,6,7,7,8,6,6,7,6,7,8,8,11,10,7,7,6,7,8,7,13,6,10,5,7,7,7,9,12,7,6,7,8,7,8,7,8,7,8,11,10,8,8,9,9,10,10,9,7,7,12,10,10,23,9,13,9,7,8,21,5,5,5,5,5,5,5,5,5,5,5,5,5,5,5,5,5,5,5,5,5,5,5,5,5,5,5,5,5,5,5,5,5,5,5,5,5,5,5,5,5,5,5,5,5,5,5,5,5,5,5,5,5,5,5,5,5,5,5,5,5,5,5,5
144,877,879,871,867,865,842,842,861,883,878,874,863,857,856,851,852,891,883,873,875,871,867,856,868,909,883,887,879,884,878,866,864,875,896,885,897,877,885,870,899,911,904,902,899,881,903,893,881,925,908,912,896,904,886,882,890,911,943,904,921,901,891,898,873,8,7,6,7,6,6,6,5,10,6,5,6,7,5,6,7,12,9,6,7,6,7,7,5,9,6,6,6,7,7,7,9,8,6,6,8,7,9,7,9,8,8,9,8,10,8,9,8,7,15,9,7,9,7,8,12,7,15,7,9,9,8,8,18,5,5,5,5,5,5,5,5,5,5,5,5,5,5,5,5,5,5,5,5,5,5,5,5,5,5,5,5,5,5,5,5,5,5,5,5,5,5,5,5,5,5,5,5,5,5,5,5,5,5,5,5,5,5,5,5,5,5,5,5,5,5,5,5
145,880,888,877,861,862,852,860,859,884,885,874,855,886,863,873,843,902,898,870,896,884,867,877,843,894,899,894,897,886,874,867,877,923,884,902,890,884,892,880,886,888,892,901,892,875,894,898,878,922,919,901,907,906,888,878,903,937,910,917,922,897,895,900,879,9,10,6,9,6,7,7,8,11,7,6,7,7,7,6,8,12,9,6,9,8,6,8,6,8,7,8,7,8,8,7,7,13,7,8,7,8,7,6,6,5,8,8,8,10,9,7,7,11,11,8,8,6,8,8,12,17,19,7,13,9,9,10,14,5,5,5,5,5,5,5,5,5,5,5,5,5,5,5,5,5,5,5,5,5,5,5,5,5,5,5,5,5,5,5,5,5,5,5,5,5,5,5,5,5,5,5,5,5,5,5,5,5,5,5,5,5,5,5,5,5,5,5,5,5,5,5,5
146,878,888,872,875,864,866,864,841,861,872,868,865,862,852,870,864,881,898,884,885,862,862,860,864,898,882,891,886,880,866,863,855,894,886,897,896,892,875,884,872,897,907,889,905,904,905,880,894,910,888,911,905,886,906,897,865,933,919,917,903,890,894,905,907,10,7,7,7,6,6,6,6,7,7,6,6,6,6,9,7,10,9,7,8,6,7,5,6,8,7,7,5,7,7,7,9,11,6,6,7,10,6,8,8,7,7,6,9,10,8,7,9,7,11,11,7,8,9,11,9,13,14,7,12,8,8,8,29,5,5,5,5,5,5,5,5,5,5,5,5,5,5,5,5,5,5,5,5,5,5,5,5,5,5,5,5,5,5,5,5,5,5,5,5,5,5,5,5,5,5,5,5,5,5,5,5,5,5,5,5,5,5,5,5,5,5,5,5,5,5,5,5
147,895,897,870,856,862,865,878,857,903,873,886,868,874,870,878,846,884,876,875,877,877,877,859,865,895,905,898,879,875,878,878,844,874,902,881,904,905,890,893,876,890,906,905,896,876,881,883,880,900,904,896,909,890,910,885,896,918,923,922,915,911,891,899,868,7,8,6,7,6,7,7,7,10,8,8,5,8,6,8,7,13,9,9,7,8,6,5,8,7,7,8,6,6,8,9,7,11,7,6,8,6,7,6,8,8,7,9,8,9,7,8,9,9,15,8,9,9,9,11,11,12,13,9,10,10,10,10,14,5,5,5,5,5,5,5,5,5,5,5,5,5,5,5,5,5,5,5,5,5,5,5,5,5,5,5,5,5,5,5,5,5,5,5,5,5,5,5,5,5,5,5,5,5,5,5,5,5,5,5,5,5,5,5,5,5,5,5,5,5,5,5,5
148,880,885,877,865,865,862,861,863,903,874,875,876,864,864,872,856,894,892,876,880,883,854,881,860,898,886,888,888,878,862,879,864,905,904,907,915,893,882,865,864,906,897,917,904,902,888,880,886,909,911,908,893,902,897,893,899,906,906,894,895,899,892,903,861,7,6,8,8,5,6,6,6,9,6,6,8,7,6,7,7,9,7,8,6,6,6,7,6,8,7,7,5,8,6,8,7,9,6,6,8,8,6,7,8,7,7,7,10,10,9,8,11,10,11,10,10,7,7,10,10,9,11,9,13,7,8,8,18,5,5,5,5,5,5,5,5,5,5,5,5,5,5,5,5,5,5,5,5,5,5,5,5,5,5,5,5,5,5,5,5,5,5,5,5,5,5,5,5,5,5,5,5,5,5,5,5,5,5,5,5,5,5,5,5,5,5,5,5,5,5,5,5
149,886,880,882,866,856,855,867,858,860,863,881,866,871,857,876,847,887,886,879,875,883,868,877,860,908,882,889,869,883,887,865,855,914,904,895,912,900,874,886,880,908,916,891,907,897,874,896,897,906,920,909,897,904,891,873,901,933,908,910,913,903,907,903,881,7,7,8,8,6,6,6,11,9,7,7,7,6,6,7,9,11,7,8,6,6,8,8,8,9,6,7,7,8,6,7,7,9,7,7,8,8,7,9,10,8,7,7,10,10,7,8,8,9,10,12,9,8,7,7,14,15,16,7,8,10,10,10,12,5,5,5,5,5,5,5,5,5,5,5,5,5,5,5,5,5,5,5,5,5,5,5,5,5,5,5,5,5,5,5,5,5,5,5,5,5,5,5,5,5,5,5,5,5,5,5,5,5,5,5,5,5,5,5,5,5,5,5,5,5,5,5,5
150,890,872,870,867,861,857,863,856,880,874,876,880,863,863,839,870,873,893,884,885,874,877,862,876,896,906,897,879,873,873,877,862,906,908,902,886,875,874,869,875,895,901,889,890,891,894,900,883,929,902,895,885,895,891,880,865,932,937,910,901,903,900,900,874,10,8,7,9,6,7,7,11,7,6,7,7,7,7,6,7,10,7,7,7,6,6,6,7,7,7,7,7,7,5,6,7,9,7,7,6,7,7,6,7,7,7,5,7,10,8,7,10,8,10,9,9,8,6,8,10,10,22,10,13,10,11,8,23,5,5,5,5,5,5,5,5,5,5,5,5,5,5,5,5,5,5,5,5,5,5,5,5,5,5,5,5,5,5,5,5,5,5,5,5,5,5,5,5,5,5,5,5,5,5,5,5,5,5,5,5,5,5,5,5,5,5,5,5,5,5,5,5
151,897,871,882,873,877,858,849,856,891,878,895,877,855,863,861,865,908,886,874,889,876,893,863,876,899,894,884,882,875,860,868,868,898,913,904,887,877,875,878,870,915,907,897,909,894,899,896,887,900,921,919,890,897,892,894,895,920,894,919,909,886,899,901,854,7,7,7,7,7,9,7,8,7,7,7,6,6,6,7,6,14,10,10,7,6,9,7,8,8,7,9,6,7,6,6,12,8,7,7,8,10,6,6,9,8,8,7,12,9,6,8,8,8,12,9,11,9,7,7,11,11,12,7,13,10,7,12,21,5,5,5,5,5,5,5,5,5,5,5,5,5,5,5,5,5,5,5,5,5,5,5,5,5,5,5,5,5,5,5,5,5,5,5,5,5,5,5,5,5,5,5,5,5,5,5,5,5,5,5,5,5,5,5,5,5,5,5,5,5,5,5,5
152,876,870,866,866,850,871,862,843,906,870,867,882,871,849,863,856,884,884,889,881,870,849,866,850,889,880,882,892,870,875,878,859,912,893,895,895,886,873,872,880,917,912,889,886,884,887,895,867,921,905,898,888,904,913,889,891,910,915,905,905,907,895,905,870,7,7,6,8,5,7,6,8,8,7,5,7,7,5,7,5,9,9,7,6,6,6,6,7,9,8,9,6,6,7,6,7,13,7,7,7,6,6,6,8,7,8,9,7,9,8,12,7,9,10,10,8,6,6,8,14,12,11,8,10,10,7,8,19,5,5,5,5,5,5,5,5,5,5,5,5,5,5,5,5,5,5,5,5,5,5,5,5,5,5,5,5,5,5,5,5,5,5,5,5,5,5,5,5,5,5,5,5,5,5,5,5,5,5,5,5,5,5,5,5,5,5,5,5,5,5,5,5
153,877,876,877,855,864,857,853,857,882,876,872,864,874,863,846,844,878,905,900,885,883,864,864,883,885,889,887,876,885,876,864,872,914,904,884,894,889,895,874,896,905,899,904,899,886,891,879,871,921,920,901,886,899,889,900,889,927,938,914,898,913,901,897,882,9,9,5,7,6,8,7,8,7,7,7,7,7,6,6,6,12,13,9,9,6,6,6,7,10,7,6,8,7,6,7,10,13,7,7,9,9,7,8,7,7,6,12,8,9,8,8,7,9,10,11,9,8,7,9,10,9,15,8,10,10,8,7,12,5,5,5,5,5,5,5,5,5,5,5,5,5,5,5,5,5,5,5,5,5,5,5,5,5,5,5,5,5,5,5,5,5,5,5,5,5,5,5,5,5,5,5,5,5,5,5,5,5,5,5,5,5,5,5,5,5,5,5,5,5,5,5,5
154,883,880,863,868,875,871,851,859,879,872,890,866,867,869,859,850,898,905,871,873,874,871,864,863,908,889,880,887,896,879,860,864,900,890,892,884,885,879,877,885,900,910,900,908,891,888,882,877,921,905,911,885,898,896,889,896,910,929,919,907,914,903,894,899,9,7,6,7,7,6,7,8,8,7,5,6,6,6,6,8,10,9,8,7,6,6,7,6,10,7,7,6,5,6,9,9,9,7,7,6,8,7,5,8,8,7,7,8,8,8,10,9,9,11,9,9,9,7,8,11,10,12,7,11,7,8,8,13,5,5,5,5,5,5,5,5,5,5,5,5,5,5,5,5,5,5,5,5,5,5,5,5,5,5,5,5,5,5,5,5,5,5,5,5,5,5,5,5,5,5,5,5,5,5,5,5,5,5,5,5,5,5,5,5,5,5,5,5,5,5,5,5
155,892,888,863,842,870,872,863,854,892,891,880,866,875,868,862,862,898,894,883,878,866,874,870,852,881,906,891,877,896,886,868,863,899,892,898,882,878,878,890,877,897,895,892,896,899,901,893,892,893,891,910,907,907,876,882,860,913,905,908,899,900,901,906,887,10,7,6,8,6,7,7,9,9,8,7,6,7,6,6,7,13,14,7,9,6,6,7,7,12,12,7,6,6,7,6,11,9,7,7,8,9,9,5,10,11,8,7,11,11,7,10,11,11,11,12,9,7,7,11,11,13,15,7,10,12,8,7,17,5,5,5,5,5,5,5,5,5,5,5,5,5,5,5,5,5,5,5,5,5,5,5,5,5,5,5,5,5,5,5,5,5,5,5,5,5,5,5,5,5,5,5,5,5,5,5,5,5,5,5,5,5,5,5,5,5,5,5,5,5,5,5,5
156,875,880,865,869,873,864,834,848,873,861,875,869,871,845,853,847,863,891,879,882,875,869,866,862,909,886,902,888,871,875,866,870,914,905,882,901,891,885,884,877,902,906,905,895,889,879,877,889,910,916,897,913,894,885,896,893,908,901,907,888,922,885,904,859,8,9,7,6,6,7,6,7,8,6,6,6,6,5,7,7,11,8,6,7,6,8,6,7,9,7,8,5,5,10,8,7,8,7,7,8,8,5,7,9,7,9,9,9,6,7,8,15,9,14,8,10,7,7,9,11,12,11,8,9,10,8,8,14,5,5,5,5,5,5,5,5,5,5,5,5,5,5,5,5,5,5,5,5,5,5,5,5,5,5,5,5,5,5,5,5,5,5,5,5,5,5,5,5,5,5,5,5,5,5,5,5,5,5,5,5,5,5,5,5,5,5,5,5,5,5,5,5
157,877,880,869,868,869,870,859,864,896,889,868,876,858,857,857,853,882,884,859,872,875,871,865,865,908,900,893,900,892,875,886,868,897,896,880,890,897,890,878,862,903,902,899,890,889,884,871,885,916,897,894,912,890,902,901,888,932,912,909,908,904,915,894,866,12,7,6,8,8,9,7,11,8,7,7,7,7,5,6,7,12,9,7,7,7,8,10,9,8,9,10,6,10,7,8,10,11,7,6,7,9,7,7,9,8,7,8,10,8,8,8,9,11,11,10,10,8,7,9,10,12,18,8,9,10,12,9,13,5,5,5,5,5,5,5,5,5,5,5,5,5,5,5,5,5,5,5,5,5,5,5,5,5,5,5,5,5,5,5,5,5,5,5,5,5,5,5,5,5,5,5,5,5,5,5,5,5,5,5,5,5,5,5,5,5,5,5,5,5,5,5,5
158,860,870,874,864,862,860,863,850,889,887,878,863,859,862,868,860,899,886,891,862,863,884,870,863,906,887,893,896,874,875,873,867,893,910,894,899,892,885,869,873,893,905,907,906,877,885,876,892,920,935,906,898,890,897,877,879,919,928,908,913,909,896,907,896,8,8,7,7,5,7,7,7,9,6,6,6,6,6,6,6,10,9,7,6,6,7,6,7,9,7,7,6,6,7,7,8,13,6,7,6,9,6,5,7,8,8,6,9,8,7,6,8,11,12,8,8,9,8,8,13,9,20,8,14,8,8,9,18,5,5,5,5,5,5,5,5,5,5,5,5,5,5,5,5,5,5,5,5,5,5,5,5,5,5,5,5,5,5,5,5,5,5,5,5,5,5,5,5,5,5,5,5,5,5,5,5,5,5,5,5,5,5,5,5,5,5,5,5,5,5,5,5
159,890,877,871,865,857,875,873,864,859,869,880,871,876,867,866,859,879,882,893,871,867,870,865,871,895,885,897,890,891,876,871,864,900,906,891,908,891,883,885,875,914,901,908,907,910,883,887,864,904,926,893,906,890,889,887,886,926,900,909,898,895,891,915,926,10,7,7,9,7,7,8,9,8,6,7,6,6,5,7,7,10,11,8,7,6,6,5,6,9,7,7,6,9,6,8,10,10,7,6,8,6,6,8,10,8,10,7,9,12,8,9,10,9,12,8,9,7,9,9,13,12,13,9,10,10,7,10,28,5,5,5,5,5,5,5,5,5,5,5,5,5,5,5,5,5,5,5,5,5,5,5,5,5,5,5,5,5,5,5,5,5,5,5,5,5,5,5,5,5,5,5,5,5,5,5,5,5,5,5,5,5,5,5,5,5,5,5,5,5,5,5,5
160,867,873,873,863,867,861,859,875,877,874,877,873,860,885,856,862,890,895,878,881,875,877,871,867,886,882,874,876,875,879,882,866,901,904,905,882,886,884,886,870,905,918,892,907,884,884,879,889,923,905,890,910,891,911,880,868,926,903,918,911,891,889,903,880,8,7,5,7,6,7,7,9,9,5,7,6,7,6,5,7,11,10,8,6,5,7,8,5,11,6,7,7,6,5,7,7,8,5,7,8,6,8,7,7,9,10,6,9,10,6,8,8,9,10,8,11,8,8,7,15,14,12,6,8,6,6,8,16,5,5,5,5,5,5,5,5,5,5,5,5,5,5,5,5,5,5,5,5,5,5,5,5,5,5,5,5,5,5,5,5,5,5,5,5,5,5,5,5,5,5,5,5,5,5,5,5,5,5,5,5,5,5,5,5,5,5,5,5,5,5,5,5
161,871,870,879,869,856,860,865,865,892,869,869,872,869,863,858,854,886,877,881,871,874,881,857,858,898,899,890,888,885,868,880,871,904,898,894,894,879,893,862,872,899,918,895,890,886,893,883,880,920,916,935,905,887,887,897,886,914,928,911,914,904,901,893,897,8,8,7,7,5,7,6,8,8,5,6,7,7,6,7,6,11,9,7,7,8,7,6,6,7,6,9,6,6,7,7,10,9,6,6,8,8,9,7,9,8,11,8,8,7,9,7,9,7,9,10,9,6,7,10,14,11,13,8,11,8,10,9,31,5,5,5,5,5,5,5,5,5,5,5,5,5,5,5,5,5,5,5,5,5,5,5,5,5,5,5,5,5,5,5,5,5,5,5,5,5,5,5,5,5,5,5,5,5,5,5,5,5,5,5,5,5,5,5,5,5,5,5,5,5,5,5,5
162,876,872,870,867,861,867,842,855,884,881,866,866,863,869,848,842,890,872,893,877,893,869,845,859,894,886,896,879,884,880,874,867,896,888,907,889,894,870,870,868,923,902,899,908,893,885,879,880,903,914,901,912,908,887,890,876,919,910,920,904,911,907,887,861,9,6,6,8,6,6,7,8,8,6,6,6,7,6,6,6,12,7,7,7,7,7,6,6,7,9,7,5,7,6,6,8,8,7,6,8,7,6,6,9,9,8,7,11,8,7,8,10,9,10,7,9,7,6,8,13,10,13,9,11,10,10,7,15,5,5,5,5,5,5,5,5,5,5,5,5,5,5,5,5,5,5,5,5,5,5,5,5,5,5,5,5,5,5,5,5,5,5,5,5,5,5,5,5,5,5,5,5,5,5,5,5,5,5,5,5,5,5,5,5,5,5,5,5,5,5,5,5
163,866,875,867,864,863,865,860,856,889,889,880,858,876,858,865,875,883,882,887,881,873,868,853,863,887,894,887,888,889,862,863,882,900,907,896,896,893,889,864,872,906,888,913,914,917,882,884,875,899,912,914,903,902,879,900,872,914,930,911,910,914,905,899,864,8,9,7,7,6,10,6,6,7,7,7,6,7,6,6,7,8,10,8,8,7,8,6,9,11,9,8,8,9,7,6,7,10,6,7,7,8,6,7,8,9,9,8,7,9,8,7,8,11,11,11,9,9,9,7,11,9,12,10,8,10,8,12,16,5,5,5,5,5,5,5,5,5,5,5,5,5,5,5,5,5,5,5,5,5,5,5,5,5,5,5,5,5,5,5,5,5,5,5,5,5,5,5,5,5,5,5,5,5,5,5,5,5,5,5,5,5,5,5,5,5,5,5,5,5,5,5,5
164,893,882,875,858,856,858,866,859,889,875,864,867,864,861,859,850,892,895,886,870,874,875,875,866,878,898,891,868,874,879,869,856,871,889,892,889,894,885,877,889,922,905,898,898,879,895,888,885,912,922,885,893,876,886,905,895,954,896,923,903,903,892,905,899,6,9,6,7,6,6,5,7,9,7,5,7,5,5,6,8,11,7,7,8,7,6,7,5,10,7,8,7,5,6,6,9,9,6,6,6,8,7,5,7,8,6,6,7,7,7,9,8,11,14,10,9,10,7,10,9,11,10,7,10,8,8,8,24,5,5,5,5,5,5,5,5,5,5,5,5,5,5,5,5,5,5,5,5,5,5,5,5,5,5,5,5,5,5,5,5,5,5,5,5,5,5,5,5,5,5,5,5,5,5,5,5,5,5,5,5,5,5,5,5,5,5,5,5,5,5,5,5
165,881,873,870,846,866,853,863,855,876,875,868,869,865,864,852,882,896,891,889,874,876,871,861,860,907,897,891,886,890,879,873,853,905,885,891,895,891,893,874,858,917,904,908,905,894,888,877,894,910,885,897,887,884,886,895,913,932,908,923,914,895,890,916,864,11,7,7,7,6,9,9,9,8,6,7,6,8,6,7,8,12,8,8,9,6,7,7,7,8,7,8,6,7,7,9,8,11,8,6,8,8,7,6,8,7,7,7,10,8,10,10,12,9,10,10,10,7,8,10,14,9,15,9,11,8,8,8,12,5,5,5,5,5,5,5,5,5,5,5,5,5,5,5,5,5,5,5,5,5,5,5,5,5,5,5,5,5,5,5,5,5,5,5,5,5,5,5,5,5,5,5,5,5,5,5,5,5,5,5,5,5,5,5,5,5,5,5,5,5,5,5,5
166,888,868,858,869,867,858,858,855,888,876,872,862,874,864,849,868,891,881,875,862,876,867,861,853,894,897,886,869,867,878,881,870,905,898,896,893,905,889,890,879,909,893,895,906,894,885,901,888,903,931,912,913,875,885,894,885,925,893,929,929,893,887,904,917,8,7,7,10,5,7,6,9,8,8,6,7,6,6,6,7,11,9,7,9,5,6,6,7,8,6,7,5,6,7,7,10,11,7,6,9,7,7,8,8,7,7,8,9,9,7,7,8,9,15,10,9,7,7,8,10,8,16,8,11,10,8,7,21,5,5,5,5,5,5,5,5,5,5,5,5,5,5,5,5,5,5,5,5,5,5,5,5,5,5,5,5,5,5,5,5,5,5,5,5,5,5,5,5,5,5,5,5,5,5,5,5,5,5,5,5,5,5,5,5,5,5,5,5,5,5,5,5
167,878,885,882,876,870,864,849,857,895,875,881,863,869,860,854,847,879,893,893,865,883,873,859,853,901,895,873,884,887,881,860,870,902,878,884,878,892,891,895,871,912,916,878,901,897,884,887,874,920,913,912,885,906,893,889,896,921,906,921,914,904,901,901,873,10,8,6,7,7,9,7,11,7,7,7,7,6,6,6,7,8,7,9,8,6,7,6,8,10,8,7,6,6,7,8,10,12,6,7,7,11,6,8,9,11,10,7,8,11,7,9,7,10,10,9,8,10,7,10,16,10,13,8,8,9,13,11,19,5,5,5,5,5,5,5,5,5,5,5,5,5,5,5,5,5,5,5,5,5,5,5,5,5,5,5,5,5,5,5,5,5,5,5,5,5,5,5,5,5,5,5,5,5,5,5,5,5,5,5,5,5,5,5,5,5,5,5,5,5,5,5,5
168,881,867,881,870,871,860,864,856,896,886,886,873,861,869,857,865,882,874,876,896,884,874,872,856,885,888,871,891,889,881,874,867,903,908,893,876,884,896,876,883,921,901,900,899,892,897,891,885,911,903,903,896,912,891,891,876,911,941,919,902,905,890,900,896,7,7,7,9,7,6,6,8,8,6,5,7,7,6,7,6,9,10,9,7,5,7,7,7,12,7,6,7,7,7,7,8,9,7,8,7,7,6,7,7,7,5,9,8,8,7,9,9,11,12,7,7,8,7,8,11,11,12,9,11,8,7,8,12,5,5,5,5,5,5,5,5,5,5,5,5,5,5,5,5,5,5,5,5,5,5,5,5,5,5,5,5,5,5,5,5,5,5,5,5,5,5,5,5,5,5,5,5,5,5,5,5,5,5,5,5,5,5,5,5,5,5,5,5,5,5,5,5
169,882,868,876,868,860,865,866,849,885,867,874,876,874,860,854,854,869,884,887,879,866,865,860,887,916,903,895,887,888,874,868,861,882,894,898,893,869,877,881,889,939,890,891,907,884,869,880,866,909,897,908,907,891,879,877,866,927,893,904,907,921,888,874,903,8,7,6,8,7,6,6,8,13,7,6,7,6,6,5,8,14,8,8,7,6,7,6,8,8,7,10,7,9,6,7,10,12,7,5,7,6,8,8,8,12,10,7,9,8,7,8,9,10,14,11,8,8,8,8,11,11,16,8,12,11,9,8,24,5,5,5,5,5,5,5,5,5,5,5,5,5,5,5,5,5,5,5,5,5,5,5,5,5,5,5,5,5,5,5,5,5,5,5,5,5,5,5,5,5,5,5,5,5,5,5,5,5,5,5,5,5,5,5,5,5,5,5,5,5,5,5,5
170,877,872,864,866,863,864,851,865,880,888,871,877,867,863,863,873,878,893,885,882,882,863,859,867,890,890,890,879,898,876,874,876,893,903,898,882,892,866,865,876,920,912,889,885,898,896,870,876,917,910,910,910,892,891,908,875,936,906,911,874,906,889,891,895,8,7,7,8,6,8,8,8,11,6,7,6,6,6,6,7,10,8,7,6,6,8,6,6,8,8,7,6,9,5,7,7,11,7,6,8,7,6,8,7,6,8,7,8,10,7,8,8,11,12,9,9,8,8,6,12,11,10,7,14,7,9,11,26,5,5,5,5,5,5,5,5,5,5,5,5,5,5,5,5,5,5,5,5,5,5,5,5,5,5,5,5,5,5,5,5,5,5,5,5,5,5,5,5,5,5,5,5,5,5,5,5,5,5,5,5,5,5,5,5,5,5,5,5,5,5,5,5
171,887,877,872,858,872,853,848,865,918,893,882,873,872,863,858,865,893,907,892,887,874,863,851,863,887,882,885,888,887,879,882,858,892,910,894,885,896,878,870,865,889,893,915,881,894,885,888,880,918,922,911,892,900,883,899,911,897,916,901,911,909,902,885,878,8,7,7,9,7,8,7,8,11,9,5,6,6,5,5,6,10,9,8,8,7,6,7,7,9,9,7,8,7,6,10,8,9,9,6,7,10,7,7,7,8,7,7,8,7,8,10,10,11,13,10,11,9,6,7,16,14,20,8,11,10,10,8,17,5,5,5,5,5,5,5,5,5,5,5,5,5,5,5,5,5,5,5,5,5,5,5,5,5,5,5,5,5,5,5,5,5,5,5,5,5,5,5,5,5,5,5,5,5,5,5,5,5,5,5,5,5,5,5,5,5,5,5,5,5,5,5,5
172,876,885,865,862,860,864,870,842,875,873,867,876,876,863,868,855,895,891,885,878,872,871,867,877,896,882,890,874,888,865,865,865,909,886,886,891,888,880,882,885,907,910,897,891,889,883,885,874,921,897,909,888,897,893,895,881,924,892,892,896,909,890,921,871,8,8,5,8,6,6,7,9,9,6,5,6,6,5,6,6,11,8,6,7,7,6,6,6,8,7,7,6,7,7,7,10,10,6,5,6,8,7,8,10,9,7,7,9,9,7,8,7,10,12,9,10,9,6,9,13,10,15,7,9,8,8,11,22,5,5,5,5,5,5,5,5,5,5,5,5,5,5,5,5,5,5,5,5,5,5,5,5,5,5,5,5,5,5,5,5,5,5,5,5,5,5,5,5,5,5,5,5,5,5,5,5,5,5,5,5,5,5,5,5,5,5,5,5,5,5,5,5
173,883,873,867,865,858,861,848,845,882,890,873,865,857,857,860,850,894,886,873,870,876,873,862,871,901,879,905,883,872,871,860,865,895,887,894,878,885,875,875,873,922,916,890,905,869,882,887,882,887,920,899,888,886,910,888,865,928,905,911,888,904,905,916,911,8,8,7,7,6,7,7,7,8,7,6,6,7,5,6,7,14,8,7,7,7,7,7,8,11,7,9,7,6,7,8,9,10,7,6,8,11,6,7,8,9,10,8,10,8,7,8,9,10,12,9,9,7,8,7,10,11,10,9,10,8,9,15,11,5,5,5,5,5,5,5,5,5,5,5,5,5,5,5,5,5,5,5,5,5,5,5,5,5,5,5,5,5,5,5,5,5,5,5,5,5,5,5,5,5,5,5,5,5,5,5,5,5,5,5,5,5,5,5,5,5,5,5,5,5,5,5,5
174,883,894,886,859,858,870,842,865,889,866,873,872,871,871,866,864,895,899,885,878,877,872,865,859,909,897,879,883,873,876,888,862,895,893,894,875,881,888,877,872,917,911,904,880,885,885,874,886,931,901,869,893,891,903,895,858,914,937,914,901,905,901,895,900,8,6,6,7,5,9,7,6,11,7,6,6,7,5,7,7,10,10,6,7,5,6,7,7,11,8,6,7,7,8,8,6,11,7,5,7,8,6,7,7,10,9,7,9,8,7,8,10,9,10,9,7,8,6,9,10,9,21,8,11,9,8,9,20,5,5,5,5,5,5,5,5,5,5,5,5,5,5,5,5,5,5,5,5,5,5,5,5,5,5,5,5,5,5,5,5,5,5,5,5,5,5,5,5,5,5,5,5,5,5,5,5,5,5,5,5,5,5,5,5,5,5,5,5,5,5,5,5
175,855,887,876,870,866,862,855,859,883,891,876,868,868,879,856,868,879,894,879,871,877,867,876,864,900,885,885,892,879,903,880,863,913,894,907,898,901,885,874,883,907,910,891,894,876,890,880,878,920,903,911,909,895,877,915,892,933,918,910,901,892,891,912,887,7,8,7,11,7,8,6,7,8,9,6,6,8,7,6,7,9,11,9,8,7,7,7,6,9,6,7,6,7,8,7,9,14,8,6,6,8,8,6,8,8,8,8,8,8,6,7,8,17,11,11,9,9,7,10,18,10,14,9,13,8,7,9,15,5,5,5,5,5,5,5,5,5,5,5,5,5,5,5,5,5,5,5,5,5,5,5,5,5,5,5,5,5,5,5,5,5,5,5,5,5,5,5,5,5,5,5,5,5,5,5,5,5,5,5,5,5,5,5,5,5,5,5,5,5,5,5,5
176,874,891,877,873,856,850,866,862,884,873,875,878,865,863,871,852,884,886,882,889,869,864,866,865,889,894,893,885,873,886,866,873,902,901,889,889,887,881,868,876,918,901,897,897,890,886,883,886,901,908,906,911,886,888,893,857,915,929,922,923,913,904,885,847,8,7,5,9,6,5,6,8,8,6,6,6,7,5,8,6,9,6,6,9,6,6,7,6,10,8,6,6,6,6,7,11,12,7,6,7,7,7,7,6,8,7,7,7,11,7,9,9,11,9,8,10,7,8,7,10,10,12,10,11,9,11,8,15,5,5,5,5,5,5,5,5,5,5,5,5,5,5,5,5,5,5,5,5,5,5,5,5,5,5,5,5,5,5,5,5,5,5,5,5,5,5,5,5,5,5,5,5,5,5,5,5,5,5,5,5,5,5,5,5,5,5,5,5,5,5,5,5
177,874,887,877,855,867,861,861,851,882,877,879,874,873,867,870,853,894,872,861,874,877,867,867,856,909,892,918,883,886,865,859,879,898,907,894,894,880,888,877,882,910,905,898,888,899,870,875,871,902,933,930,904,897,887,892,877,930,931,914,912,905,900,899,914,8,7,7,8,6,7,7,9,11,5,6,7,6,7,7,8,10,9,6,9,6,7,6,7,11,7,10,6,8,6,8,8,8,6,7,7,8,9,8,10,10,9,10,7,10,7,7,8,7,16,8,10,11,7,9,13,14,20,6,9,8,10,11,13,5,5,5,5,5,5,5,5,5,5,5,5,5,5,5,5,5,5,5,5,5,5,5,5,5,5,5,5,5,5,5,5,5,5,5,5,5,5,5,5,5,5,5,5,5,5,5,5,5,5,5,5,5,5,5,5,5,5,5,5,5,5,5,5
178,893,887,867,871,862,854,858,848,888,885,878,870,864,868,866,859,875,874,884,880,863,869,860,858,891,888,900,892,880,879,880,856,898,895,885,884,888,885,874,875,920,890,908,899,902,888,894,879,933,907,920,908,896,893,909,885,940,912,924,920,887,901,902,879,10,7,7,7,6,6,7,8,7,8,5,7,6,6,7,7,12,7,8,7,7,6,8,7,11,7,7,5,6,5,7,7,9,6,5,7,9,6,7,9,9,7,7,8,9,9,7,10,9,11,10,8,7,6,7,10,14,9,10,8,10,8,8,25,5,5,5,5,5,5,5,5,5,5,5,5,5,5,5,5,5,5,5,5,5,5,5,5,5,5,5,5,5,5,5,5,5,5,5,5,5,5,5,5,5,5,5,5,5,5,5,5,5,5,5,5,5,5,5,5,5,5,5,5,5,5,5,5
179,889,891,866,850,869,862,851,843,885,878,882,874,863,860,865,866,892,897,881,885,874,866,865,849,905,891,891,892,881,873,884,864,889,900,901,885,880,898,879,863,911,902,892,908,900,886,890,873,885,918,897,893,887,890,890,869,924,930,923,901,903,913,897,888,10,9,6,7,6,7,8,7,8,5,7,6,8,6,8,7,10,10,6,8,6,8,8,8,9,8,6,7,7,8,8,8,8,9,7,8,9,7,7,7,12,8,8,12,10,8,10,7,10,12,7,10,7,6,8,15,11,10,8,12,10,9,10,23,5,5,5,5,5,5,5,5,5,5,5,5,5,5,5,5,5,5,5,5,5,5,5,5,5,5,5,5,5,5,5,5,5,5,5,5,5,5,5,5,5,5,5,5,5,5,5,5,5,5,5,5,5,5,5,5,5,5,5,5,5,5,5,5
180,873,873,868,870,857,865,861,855,888,878,884,858,875,852,864,854,882,878,886,883,874,873,859,859,898,891,888,890,874,874,871,855,908,897,898,891,879,875,873,890,911,894,905,886,892,906,892,878,906,880,897,906,888,891,884,882,934,937,915,897,893,911,904,882,8,8,5,8,6,5,7,9,11,7,7,6,6,7,7,7,9,8,7,7,5,6,6,7,9,7,10,6,6,7,8,8,11,7,6,6,7,8,5,8,6,8,7,7,8,8,10,10,8,9,9,8,7,7,7,9,9,12,9,11,8,7,8,13,5,5,5,5,5,5,5,5,5,5,5,5,5,5,5,5,5,5,5,5,5,5,5,5,5,5,5,5,5,5,5,5,5,5,5,5,5,5,5,5,5,5,5,5,5,5,5,5,5,5,5,5,5,5,5,5,5,5,5,5,5,5,5,5
181,886,886,883,872,876,860,860,831,861,875,887,868,864,846,860,860,886,890,890,881,863,880,873,881,891,889,891,882,883,875,860,852,874,897,895,891,876,884,891,857,899,884,896,888,886,900,867,889,915,899,902,898,891,882,882,893,936,920,894,911,900,898,900,897,10,10,8,8,5,9,6,9,13,7,8,6,7,7,7,8,8,8,6,8,5,9,7,10,9,8,9,7,8,9,7,9,10,8,7,6,8,6,8,8,11,8,7,9,10,9,7,11,10,11,10,14,9,9,9,11,12,14,7,10,8,9,8,16,5,5,5,5,5,5,5,5,5,5,5,5,5,5,5,5,5,5,5,5,5,5,5,5,5,5,5,5,5,5,5,5,5,5,5,5,5,5,5,5,5,5,5,5,5,5,5,5,5,5,5,5,5,5,5,5,5,5,5,5,5,5,5,5
182,881,878,875,865,854,864,861,851,885,887,885,866,864,869,864,857,879,887,876,878,877,873,880,870,868,893,881,877,870,877,871,879,907,898,895,886,886,877,889,878,900,899,887,897,891,881,900,870,919,895,916,896,891,887,889,874,904,898,908,884,895,917,906,877,10,9,7,9,6,8,6,8,8,7,6,5,8,6,7,5,8,9,7,7,5,7,6,7,9,7,7,6,6,7,6,7,12,7,5,8,7,6,9,6,7,7,7,7,10,7,8,7,10,13,8,8,7,7,7,11,11,12,7,9,8,8,8,17,5,5,5,5,5,5,5,5,5,5,5,5,5,5,5,5,5,5,5,5,5,5,5,5,5,5,5,5,5,5,5,5,5,5,5,5,5,5,5,5,5,5,5,5,5,5,5,5,5,5,5,5,5,5,5,5,5,5,5,5,5,5,5,5
183,899,876,872,868,867,866,855,850,872,869,872,867,886,874,868,853,875,877,876,883,881,862,868,854,899,896,893,881,871,867,860,870,892,901,897,891,885,878,879,884,898,899,894,901,897,879,889,879,919,907,914,910,892,893,903,891,911,916,920,910,903,907,907,4000,8,9,6,11,7,6,6,6,11,6,7,7,7,6,8,8,10,9,6,7,6,7,6,7,12,6,7,8,5,8,6,9,12,7,6,8,7,7,8,8,9,8,7,7,12,7,9,8,8,15,11,10,9,8,11,10,8,13,8,8,9,11,12,17,5,5,5,5,5,5,5,5,5,5,5,5,5,5,5,5,5,5,5,5,5,5,5,5,5,5,5,5,5,5,5,5,5,5,5,5,5,5,5,5,5,5,5,5,5,5,5,5,5,5,5,5,5,5,5,5,5,5,5,5,5,5,5,255
184,887,877,871,864,865,847,862,840,904,880,872,872,870,864,858,863,905,897,886,870,867,878,863,865,901,884,873,892,875,881,880,848,916,894,883,880,874,894,888,866,922,895,897,908,899,886,877,901,924,920,901,898,897,893,884,916,915,912,923,912,897,899,913,4000,8,9,6,8,6,7,7,7,9,7,6,6,6,5,6,6,13,10,8,6,6,6,6,6,10,7,8,7,7,8,6,9,9,6,6,6,8,7,6,9,11,7,7,9,8,7,8,10,11,10,9,10,8,6,7,13,7,17,8,10,8,8,10,16,5,5,5,5,5,5,5,5,5,5,5,5,5,5,5,5,5,5,5,5,5,5,5,5,5,5,5,5,5,5,5,5,5,5,5,5,5,5,5,5,5,5,5,5,5,5,5,5,5,5,5,5,5,5,5,5,5,5,5,5,5,5,5,10
185,879,870,878,873,871,866,848,863,880,884,882,862,872,870,859,848,901,884,881,880,867,875,869,856,896,903,878,890,885,877,874,871,914,904,870,894,887,895,881,880,899,908,922,908,895,888,884,873,917,901,902,899,902,897,895,896,918,905,904,925,899,897,890,899,9,7,8,8,7,6,6,11,11,7,7,6,7,6,6,7,11,8,7,6,6,7,7,6,15,6,9,7,8,7,8,8,9,8,5,7,9,7,7,8,9,8,8,8,12,9,9,9,12,11,8,8,9,7,8,13,10,16,9,9,8,11,10,24,5,5,5,5,5,5,5,5,5,5,5,5,5,5,5,5,5,5,5,5,5,5,5,5,5,5,5,5,5,5,5,5,5,5,5,5,5,5,5,5,5,5,5,5,5,5,5,5,5,5,5,5,5,5,5,5,5,5,5,5,5,5,5,5
186,872,885,874,862,864,860,849,830,891,877,872,885,883,864,856,852,891,892,886,865,875,868,873,864,905,899,876,891,894,887,866,871,901,894,892,895,888,886,880,869,927,903,890,898,907,889,893,874,906,926,908,892,894,891,898,858,929,933,907,927,909,906,904,921,9,6,7,9,7,7,7,8,7,7,6,7,6,5,6,6,11,7,7,7,6,8,8,7,10,8,7,8,9,6,8,6,10,7,7,8,8,7,7,7,9,8,7,9,12,7,7,7,10,10,8,6,8,7,8,11,14,11,7,12,7,12,10,16,5,5,5,5,5,5,5,5,5,5,5,5,5,5,5,5,5,5,5,5,5,5,5,5,5,5,5,5,5,5,5,5,5,5,5,5,5,5,5,5,5,5,5,5,5,5,5,5,5,5,5,5,5,5,5,5,5,5,5,5,5,5,5,5
187,877,867,869,880,867,869,844,842,877,874,878,874,868,866,856,864,892,897,883,889,880,872,851,873,899,879,884,878,880,873,863,878,931,905,887,893,881,895,886,874,904,902,895,903,893,880,889,887,891,894,905,889,902,905,898,897,935,897,911,891,912,894,897,876,8,8,8,8,7,6,6,9,12,6,5,6,9,7,7,6,10,7,8,8,7,7,6,8,9,6,9,7,7,7,5,8,11,8,8,6,8,8,9,9,8,6,10,8,8,6,9,8,10,10,8,9,10,9,9,10,10,13,10,12,12,8,10,14,5,5,5,5,5,5,5,5,5,5,5,5,5,5,5,5,5,5,5,5,5,5,5,5,5,5,5,5,5,5,5,5,5,5,5,5,5,5,5,5,5,5,5,5,5,5,5,5,5,5,5,5,5,5,5,5,5,5,5,5,5,5,5,5
188,865,877,867,857,860,853,862,852,893,876,881,889,874,876,865,857,892,882,870,887,870,857,880,874,906,875,882,874,888,880,869,848,881,899,903,879,884,881,869,870,901,896,908,897,894,886,889,882,896,926,916,902,898,894,896,886,918,938,911,905,903,897,908,942,12,6,6,6,5,7,7,8,8,6,7,7,7,5,7,7,9,8,6,7,6,7,5,11,9,7,6,6,7,9,6,7,9,7,6,8,8,7,7,9,9,7,9,8,8,8,10,7,10,12,12,10,7,7,9,9,9,16,7,10,8,8,10,25,5,5,5,5,5,5,5,5,5,5,5,5,5,5,5,5,5,5,5,5,5,5,5,5,5,5,5,5,5,5,5,5,5,5,5,5,5,5,5,5,5,5,5,5,5,5,5,5,5,5,5,5,5,5,5,5,5,5,5,5,5,5,5,5
189,877,864,875,869,859,860,859,854,888,881,872,874,880,865,856,848,884,890,876,907,865,866,871,862,899,897,886,886,875,877,857,871,888,902,904,888,884,871,881,872,908,912,913,885,903,882,881,901,920,909,886,910,900,889,893,879,921,935,924,905,914,884,916,881,8,7,6,8,6,7,6,8,7,7,7,6,8,6,7,7,12,11,7,6,6,8,7,9,8,9,8,6,7,7,8,9,10,7,7,7,7,8,9,8,9,9,7,8,10,7,9,10,12,9,10,12,9,8,10,11,11,16,8,11,11,7,11,18,5,5,5,5,5,5,5,5,5,5,5,5,5,5,5,5,5,5,5,5,5,5,5,5,5,5,5,5,5,5,5,5,5,5,5,5,5,5,5,5,5,5,5,5,5,5,5,5,5,5,5,5,5,5,5,5,5,5,5,5,5,5,5,5
190,883,874,856,858,867,846,858,845,889,885,873,872,866,855,867,854,898,877,885,886,872,874,862,863,894,886,897,892,881,875,881,861,910,899,896,884,884,876,889,869,918,908,905,899,888,901,891,893,919,922,902,900,889,890,897,856,929,928,910,898,897,900,905,845,9,7,6,7,6,6,7,8,11,7,7,6,9,6,6,6,14,9,6,8,6,7,7,7,11,7,7,5,8,6,8,9,10,8,6,7,8,5,6,8,7,7,8,7,10,8,9,9,10,13,9,10,9,8,9,12,14,19,10,9,9,7,8,19,5,5,5,5,5,5,5,5,5,5,5,5,5,5,5,5,5,5,5,5,5,5,5,5,5,5,5,5,5,5,5,5,5,5,5,5,5,5,5,5,5,5,5,5,5,5,5,5,5,5,5,5,5,5,5,5,5,5,5,5,5,5,5,5
191,880,888,876,878,866,865,857,859,891,883,873,876,884,879,852,857,889,871,881,892,876,869,872,858,905,902,891,886,881,884,870,862,895,905,894,892,898,880,863,880,922,900,905,910,894,909,885,864,921,900,904,896,907,913,901,901,905,921,912,889,913,879,889,914,10,8,7,8,6,5,6,8,8,6,6,7,8,6,6,6,9,8,8,8,6,9,6,8,9,7,6,7,8,5,9,8,16,6,6,6,8,7,6,8,7,8,9,11,8,9,8,10,7,12,8,8,7,9,9,13,10,17,9,10,10,7,9,33,5,5,5,5,5,5,5,5,5,5,5,5,5,5,5,5,5,5,5,5,5,5,5,5,5,5,5,5,5,5,5,5,5,5,5,5,5,5,5,5,5,5,5,5,5,5,5,5,5,5,5,5,5,5,5,5,5,5,5,5,5,5,5,9
192,888,873,871,878,853,870,857,854,876,870,878,865,869,869,859,845,901,884,890,879,878,873,863,866,884,892,892,875,884,880,869,849,921,900,889,897,891,895,870,883,913,895,901,909,899,887,890,860,931,914,901,893,912,881,887,894,928,931,907,914,893,893,898,873,10,8,6,6,5,8,6,9,7,7,6,6,5,6,6,6,7,10,7,6,5,7,6,7,9,7,8,6,7,8,7,9,10,7,5,7,7,7,6,7,11,9,9,8,8,7,8,11,8,12,8,9,11,7,7,12,9,13,7,9,9,7,7,13,5,5,5,5,5,5,5,5,5,5,5,5,5,5,5,5,5,5,5,5,5,5,5,5,5,5,5,5,5,5,5,5,5,5,5,5,5,5,5,5,5,5,5,5,5,5,5,5,5,5,5,5,5,5,5,5,5,5,5,5,5,5,5,5
193,883,880,875,877,871,866,862,844,880,870,867,872,875,861,860,860,882,896,885,882,875,876,866,872,891,892,876,889,879,879,867,878,900,900,890,894,890,868,879,869,897,898,904,904,910,874,894,883,901,901,922,902,897,898,893,872,928,931,914,916,920,894,902,867,9,6,6,7,7,6,6,8,7,7,7,5,7,7,7,8,14,9,7,8,5,8,8,9,10,8,9,7,7,6,7,12,12,7,8,8,9,6,7,8,11,7,8,10,9,8,9,8,14,12,11,7,8,8,9,10,13,19,7,11,7,8,9,21,5,5,5,5,5,5,5,5,5,5,5,5,5,5,5,5,5,5,5,5,5,5,5,5,5,5,5,5,5,5,5,5,5,5,5,5,5,5,5,5,5,5,5,5,5,5,5,5,5,5,5,5,5,5,5,5,5,5,5,5,5,5,5,5
194,881,878,867,864,863,866,863,847,899,893,890,867,882,864,870,857,890,871,867,873,870,862,863,862,885,881,898,889,875,884,867,879,896,899,902,899,889,881,880,861,909,907,901,884,894,892,895,890,920,913,897,906,894,881,894,870,928,911,911,901,909,893,896,896,9,10,7,8,6,7,6,7,8,6,6,5,7,5,6,6,12,8,8,7,6,6,5,7,10,7,6,5,7,8,7,9,9,7,6,7,7,7,7,8,8,9,8,7,8,8,7,9,10,8,9,8,9,6,9,10,11,11,10,9,10,7,10,17,5,5,5,5,5,5,5,5,5,5,5,5,5,5,5,5,5,5,5,5,5,5,5,5,5,5,5,5,5,5,5,5,5,5,5,5,5,5,5,5,5,5,5,5,5,5,5,5,5,5,5,5,5,5,5,5,5,5,5,5,5,5,5,5
195,882,883,870,876,870,863,854,859,886,876,871,877,862,857,861,842,891,907,880,867,864,882,866,868,909,879,894,879,888,877,865,870,905,897,896,891,881,882,868,870,923,906,897,878,900,907,891,866,898,895,912,900,892,891,897,871,929,932,912,896,902,887,902,860,9,6,8,10,7,7,5,8,10,7,6,8,7,6,6,7,10,9,7,7,6,7,7,7,11,7,7,7,8,8,8,8,11,9,7,6,9,6,7,8,9,7,7,7,11,7,10,9,9,10,9,8,9,7,10,15,10,12,7,10,10,8,7,17,5,5,5,5,5,5,5,5,5,5,5,5,5,5,5,5,5,5,5,5,5,5,5,5,5,5,5,5,5,5,5,5,5,5,5,5,5,5,5,5,5,5,5,5,5,5,5,5,5,5,5,5,5,5,5,5,5,5,5,5,5,5,5,5
196,895,890,878,856,867,865,849,832,890,881,881,875,877,863,854,859,870,885,888,886,865,859,864,849,890,896,880,879,869,883,887,846,901,885,901,884,882,880,881,872,913,907,905,886,891,885,883,890,911,907,912,894,898,871,910,885,921,893,911,907,886,892,908,899,11,6,6,7,6,7,6,5,11,7,6,6,8,6,6,6,11,10,7,6,6,7,7,6,9,9,8,6,7,6,7,6,9,6,7,8,7,6,7,8,7,7,9,10,8,8,7,8,9,11,10,11,9,6,11,9,11,12,10,11,10,8,9,16,5,5,5,5,5,5,5,5,5,5,5,5,5,5,5,5,5,5,5,5,5,5,5,5,5,5,5,5,5,5,5,5,5,5,5,5,5,5,5,5,5,5,5,5,5,5,5,5,5,5,5,5,5,5,5,5,5,5,5,5,5,5,5,5
197,873,878,881,862,863,869,860,859,882,862,875,876,862,876,855,838,884,899,884,890,879,870,859,856,897,889,884,871,885,878,887,882,866,888,890,879,887,888,882,868,911,919,874,898,886,892,892,889,895,908,903,893,898,884,872,871,906,913,902,908,883,899,909,895,9,7,6,7,7,8,9,8,8,6,7,7,8,6,7,6,15,8,7,10,7,8,6,8,7,7,7,7,7,10,8,9,9,7,8,8,7,7,8,7,11,11,8,8,8,7,9,9,10,11,8,10,9,8,7,12,14,19,9,12,9,9,9,15,5,5,5,5,5,5,5,5,5,5,5,5,5,5,5,5,5,5,5,5,5,5,5,5,5,5,5,5,5,5,5,5,5,5,5,5,5,5,5,5,5,5,5,5,5,5,5,5,5,5,5,5,5,5,5,5,5,5,5,5,5,5,5,5
198,867,885,863,876,851,865,862,836,897,874,880,863,872,870,857,865,905,885,875,883,873,871,864,849,904,887,889,889,879,872,873,867,898,889,889,879,889,878,890,877,910,900,909,892,893,891,891,880,931,933,914,898,880,886,909,866,937,930,912,907,905,889,889,900,8,8,7,9,4,8,6,7,8,7,6,5,6,6,5,6,11,10,6,7,6,7,6,9,9,6,7,6,6,6,10,10,10,6,8,7,8,8,9,7,7,7,6,8,8,7,8,8,12,10,8,9,6,6,10,13,9,11,6,11,9,6,9,15,5,5,5,5,5,5,5,5,5,5,5,5,5,5,5,5,5,5,5,5,5,5,5,5,5,5,5,5,5,5,5,5,5,5,5,5,5,5,5,5,5,5,5,5,5,5,5,5,5,5,5,5,5,5,5,5,5,5,5,5,5,5,5,5
199,874,860,871,867,857,867,861,871,888,869,872,877,861,863,857,851,885,909,892,885,875,873,874,868,903,895,878,884,892,867,870,870,913,900,894,889,888,890,862,863,912,887,889,906,874,877,887,879,896,906,904,891,888,880,892,876,924,904,912,915,903,886,883,869,7,7,7,9,6,7,8,7,9,8,7,8,9,6,6,5,12,9,7,7,5,7,8,8,13,7,9,7,6,7,7,10,12,8,6,7,8,7,7,9,10,9,7,13,9,7,13,8,10,10,8,10,8,8,9,15,13,17,9,11,8,7,9,27,5,5,5,5,5,5,5,5,5,5,5,5,5,5,5,5,5,5,5,5,5,5,5,5,5,5,5,5,5,5,5,5,5,5,5,5,5,5,5,5,5,5,5,5,5,5,5,5,5,5,5,5,5,5,5,5,5,5,5,5,5,5,5,5
