frame,dist_z0,dist_z1,dist_z2,dist_z3,dist_z4,dist_z5,dist_z6,dist_z7,dist_z8,dist_z9,dist_z10,dist_z11,dist_z12,dist_z13,dist_z14,dist_z15,dist_z16,dist_z17,dist_z18,dist_z19,dist_z20,dist_z21,dist_z22,dist_z23,dist_z24,dist_z25,dist_z26,dist_z27,dist_z28,dist_z29,dist_z30,dist_z31,dist_z32,dist_z33,dist_z34,dist_z35,dist_z36,dist_z37,dist_z38,dist_z39,dist_z40,dist_z41,dist_z42,dist_z43,dist_z44,dist_z45,dist_z46,dist_z47,dist_z48,dist_z49,dist_z50,dist_z51,dist_z52,dist_z53,dist_z54,dist_z55,dist_z56,dist_z57,dist_z58,dist_z59,dist_z60,dist_z61,dist_z62,dist_z63,sigma_z0,sigma_z1,sigma_z2,sigma_z3,sigma_z4,sigma_z5,sigma_z6,sigma_z7,sigma_z8,sigma_z9,sigma_z10,sigma_z11,sigma_z12,sigma_z13,sigma_z14,sigma_z15,sigma_z16,sigma_z17,sigma_z18,sigma_z19,sigma_z20,sigma_z21,sigma_z22,sigma_z23,sigma_z24,sigma_z25,sigma_z26,sigma_z27,sigma_z28,sigma_z29,sigma_z30,sigma_z31,sigma_z32,sigma_z33,sigma_z34,sigma_z35,sigma_z36,sigma_z37,sigma_z38,sigma_z39,sigma_z40,sigma_z41,sigma_z42,sigma_z43,sigma_z44,sigma_z45,sigma_z46,sigma_z47,sigma_z48,sigma_z49,sigma_z50,sigma_z51,sigma_z52,sigma_z53,sigma_z54,sigma_z55,sigma_z56,sigma_z57,sigma_z58,sigma_z59,sigma_z60,sigma_z61,sigma_z62,sigma_z63,status_z0,status_z1,status_z2,status_z3,status_z4,status_z5,status_z6,status_z7,status_z8,status_z9,status_z10,status_z11,status_z12,status_z13,status_z14,status_z15,status_z16,status_z17,status_z18,status_z19,status_z20,status_z21,status_z22,status_z23,status_z24,status_z25,status_z26,status_z27,status_z28,status_z29,status_z30,status_z31,status_z32,status_z33,status_z34,status_z35,status_z36,status_z37,status_z38,status_z39,status_z40,status_z41,status_z42,status_z43,status_z44,status_z45,status_z46,status_z47,status_z48,status_z49,status_z50,status_z51,status_z52,status_z53,status_z54,status_z55,status_z56,status_z57,status_z58,status_z59,status_z60,status_z61,status_z62,status_z63
0,674,676,663,653,666,653,652,647,679,679,688,657,668,664,664,654,701,684,679,674,666,660,662,663,695,693,687,691,672,666,673,671,718,699,699,691,687,689,687,664,721,698,706,685,700,676,691,668,705,699,702,712,701,690,695,695,729,725,718,688,717,701,701,687,6,5,5,5,5,5,5,6,5,5,5,6,5,5,5,6,7,6,6,7,4,5,6,6,7,6,7,4,5,4,5,7,8,6,5,6,6,5,6,5,8,7,6,8,5,6,7,5,7,7,7,8,7,6,6,7,10,13,8,8,6,6,7,12,5,5,5,5,5,5,5,5,5,5,5,5,5,5,5,5,5,5,5,5,5,5,5,5,5,5,5,5,5,5,5,5,5,5,5,5,5,5,5,5,5,5,5,5,5,5,5,5,5,5,5,5,5,5,5,5,5,5,5,5,5,5,5,5
1,688,682,665,655,655,656,650,651,684,684,663,663,666,660,660,661,678,687,680,676,665,664,659,666,695,682,681,675,684,677,676,667,692,700,686,684,691,671,679,683,725,713,707,703,704,681,694,681,710,721,696,693,688,696,689,672,718,727,712,704,706,682,697,697,7,5,4,6,4,4,5,6,6,6,5,5,4,5,5,5,8,7,5,6,5,4,4,5,8,5,6,5,5,5,4,5,7,5,5,6,7,6,5,6,8,6,6,6,7,6,7,6,9,10,7,7,5,6,7,8,11,10,6,8,6,6,7,12,5,5,5,5,5,5,5,5,5,5,5,5,5,5,5,5,5,5,5,5,5,5,5,5,5,5,5,5,5,5,5,5,5,5,5,5,5,5,5,5,5,5,5,5,5,5,5,5,5,5,5,5,5,5,5,5,5,5,5,5,5,5,5,5
2,685,681,675,663,656,648,642,652,678,681,673,661,666,669,657,654,689,685,682,663,666,671,671,664,697,693,694,679,682,676,672,667,707,696,690,683,683,683,678,675,708,699,699,683,684,691,690,697,708,702,703,701,692,685,689,688,711,700,717,706,715,690,699,703,7,5,5,5,5,5,5,4,6,6,4,5,5,6,6,5,7,7,6,5,4,6,5,6,6,6,6,5,5,5,6,6,8,5,6,6,6,6,6,6,5,7,6,7,7,5,7,6,7,7,6,9,5,6,6,7,10,10,7,9,7,8,7,9,5,5,5,5,5,5,5,5,5,5,5,5,5,5,5,5,5,5,5,5,5,5,5,5,5,5,5,5,5,5,5,5,5,5,5,5,5,5,5,5,5,5,5,5,5,5,5,5,5,5,5,5,5,5,5,5,5,5,5,5,5,5,5,5
3,680,666,668,657,661,652,653,645,690,677,676,657,665,657,655,657,685,693,681,667,667,666,667,659,712,694,684,689,681,679,670,665,700,703,696,684,691,668,672,671,710,700,708,708,696,684,686,684,725,715,707,697,698,687,681,670,727,704,703,709,697,705,706,700,7,6,5,4,5,5,5,5,6,5,4,5,5,5,4,5,8,7,5,6,5,5,5,6,6,5,6,5,5,5,5,6,8,6,6,5,7,5,5,6,7,6,5,6,7,6,7,7,6,8,7,6,7,6,8,7,9,10,7,7,8,7,7,10,5,5,5,5,5,5,5,5,5,5,5,5,5,5,5,5,5,5,5,5,5,5,5,5,5,5,5,5,5,5,5,5,5,5,5,5,5,5,5,5,5,5,5,5,5,5,5,5,5,5,5,5,5,5,5,5,5,5,5,5,5,5,5,5
4,675,676,666,648,659,642,649,649,683,683,678,665,659,655,648,648,688,688,688,686,676,656,660,657,684,689,684,674,678,685,678,666,713,705,694,689,683,679,678,667,699,699,694,697,700,688,679,689,715,720,690,700,693,703,695,691,736,746,709,711,688,692,697,686,6,5,5,5,5,5,5,6,7,6,5,5,5,5,5,5,11,8,7,5,4,5,5,5,7,6,6,5,6,6,5,6,8,6,6,5,6,5,6,5,5,8,6,6,6,5,6,7,8,10,6,7,6,5,7,7,10,9,7,8,6,8,8,9,5,5,5,5,5,5,5,5,5,5,5,5,5,5,5,5,5,5,5,5,5,5,5,5,5,5,5,5,5,5,5,5,5,5,5,5,5,5,5,5,5,5,5,5,5,5,5,5,5,5,5,5,5,5,5,5,5,5,5,5,5,5,5,5
5,661,685,676,665,655,645,659,654,692,672,672,678,662,658,666,650,685,674,683,677,668,677,658,662,686,691,698,686,683,668,675,674,715,704,695,686,686,681,684,666,722,701,700,698,706,682,674,680,707,715,714,691,691,686,695,676,742,733,722,696,696,695,703,679,6,5,5,5,4,5,5,5,6,6,4,6,5,4,4,4,7,6,5,6,4,6,6,5,7,7,7,5,5,5,6,6,7,6,5,7,6,5,5,5,7,6,5,6,6,5,6,7,8,10,7,6,6,6,6,7,13,12,6,8,7,8,6,13,5,5,5,5,5,5,5,5,5,5,5,5,5,5,5,5,5,5,5,5,5,5,5,5,5,5,5,5,5,5,5,5,5,5,5,5,5,5,5,5,5,5,5,5,5,5,5,5,5,5,5,5,5,5,5,5,5,5,5,5,5,5,5,5
6,680,669,664,655,660,656,649,657,690,680,667,668,670,656,666,640,686,677,680,673,671,656,667,661,694,690,692,680,674,664,670,653,713,701,695,688,689,672,671,666,715,702,694,696,693,679,688,688,726,696,694,708,700,696,690,695,724,735,714,705,713,696,705,684,7,6,5,5,5,6,6,6,7,6,6,5,6,4,5,5,9,7,6,6,5,4,5,6,8,6,7,5,4,4,7,6,8,6,5,5,6,5,5,5,7,6,6,6,7,7,6,9,7,12,6,6,7,7,9,8,11,12,7,10,8,7,8,11,5,5,5,5,5,5,5,5,5,5,5,5,5,5,5,5,5,5,5,5,5,5,5,5,5,5,5,5,5,5,5,5,5,5,5,5,5,5,5,5,5,5,5,5,5,5,5,5,5,5,5,5,5,5,5,5,5,5,5,5,5,5,5,5
7,684,673,668,666,662,657,662,652,677,684,664,669,661,663,657,660,680,698,680,675,670,670,669,664,689,689,679,673,685,681,674,666,696,699,690,688,686,677,677,684,695,704,702,696,688,691,682,676,714,717,711,692,688,697,690,689,733,720,703,708,702,708,693,697,4,5,5,4,4,5,5,5,8,5,5,6,5,4,5,5,7,8,5,6,4,5,4,5,7,5,6,5,6,6,5,6,8,5,6,6,6,5,5,7,7,7,5,7,6,6,6,6,8,8,6,6,6,6,9,9,11,8,6,8,7,7,6,13,5,5,5,5,5,5,5,5,5,5,5,5,5,5,5,5,5,5,5,5,5,5,5,5,5,5,5,5,5,5,5,5,5,5,5,5,5,5,5,5,5,5,5,5,5,5,5,5,5,5,5,5,5,5,5,5,5,5,5,5,5,5,5,5
8,677,675,664,661,653,653,653,647,683,681,668,674,667,665,655,652,689,692,669,687,674,663,658,660,705,695,693,686,672,676,677,675,709,705,692,692,694,683,670,665,703,706,699,687,699,693,681,682,716,711,708,705,708,702,681,674,724,722,700,693,696,707,697,663,7,5,6,4,5,6,5,6,6,7,6,5,6,5,6,5,8,8,6,7,4,5,5,5,7,7,6,6,5,6,4,6,8,6,6,5,5,6,5,6,7,6,7,6,9,6,6,9,9,9,7,8,7,8,8,9,10,8,7,8,8,7,8,13,5,5,5,5,5,5,5,5,5,5,5,5,5,5,5,5,5,5,5,5,5,5,5,5,5,5,5,5,5,5,5,5,5,5,5,5,5,5,5,5,5,5,5,5,5,5,5,5,5,5,5,5,5,5,5,5,5,5,5,5,5,5,5,5
9,688,683,670,672,660,659,657,646,676,685,681,670,663,670,664,660,684,691,678,665,671,663,667,663,689,697,675,678,676,666,679,669,705,686,695,693,691,685,666,673,709,694,708,690,683,685,700,683,724,698,707,700,689,691,697,688,716,733,706,699,705,694,701,700,6,6,5,6,4,5,4,6,6,5,5,5,5,5,5,5,8,7,6,5,4,5,5,5,6,7,6,5,5,5,5,6,7,5,5,5,6,6,5,5,8,6,5,7,7,5,8,6,9,8,7,6,5,6,6,7,10,11,7,10,7,8,6,11,5,5,5,5,5,5,5,5,5,5,5,5,5,5,5,5,5,5,5,5,5,5,5,5,5,5,5,5,5,5,5,5,5,5,5,5,5,5,5,5,5,5,5,5,5,5,5,5,5,5,5,5,5,5,5,5,5,5,5,5,5,5,5,5
10,686,679,671,665,661,655,654,657,684,674,681,664,661,659,660,651,676,695,682,682,671,674,660,671,693,692,686,691,681,679,660,672,706,700,696,692,697,670,675,677,689,705,707,709,685,688,682,670,716,721,714,703,696,689,698,699,730,703,717,710,704,696,697,711,7,5,5,5,4,5,5,5,6,5,5,5,5,4,6,5,7,9,7,7,5,5,5,7,8,6,7,6,5,6,6,7,9,7,5,6,6,6,6,7,7,7,6,6,8,6,5,6,7,10,7,8,6,6,6,8,11,11,7,8,10,7,7,16,5,5,5,5,5,5,5,5,5,5,5,5,5,5,5,5,5,5,5,5,5,5,5,5,5,5,5,5,5,5,5,5,5,5,5,5,5,5,5,5,5,5,5,5,5,5,5,5,5,5,5,5,5,5,5,5,5,5,5,5,5,5,5,5
11,660,674,655,665,657,652,649,652,687,673,678,676,662,657,653,660,699,681,676,667,671,663,664,657,701,692,682,677,677,673,668,655,691,690,675,695,676,675,672,668,708,701,702,696,692,688,681,685,713,729,721,712,699,686,680,686,716,738,713,710,705,700,690,703,6,6,5,5,5,4,5,6,7,5,4,4,5,4,5,5,8,6,6,6,5,6,5,5,6,5,6,5,5,5,6,6,7,4,5,5,5,5,5,5,6,6,6,6,6,6,5,6,7,9,8,8,6,5,5,7,9,10,7,7,8,6,5,10,5,5,5,5,5,5,5,5,5,5,5,5,5,5,5,5,5,5,5,5,5,5,5,5,5,5,5,5,5,5,5,5,5,5,5,5,5,5,5,5,5,5,5,5,5,5,5,5,5,5,5,5,5,5,5,5,5,5,5,5,5,5,5,5
12,674,665,663,663,651,660,655,648,690,679,664,679,668,669,656,660,683,676,678,670,677,674,667,658,712,697,700,686,677,669,673,668,693,690,696,693,686,688,681,672,709,716,705,690,704,681,674,679,714,707,694,708,694,690,702,685,719,748,714,722,716,708,708,711,6,7,5,5,4,5,5,5,7,5,5,5,6,5,4,6,8,7,6,5,5,6,5,5,7,7,6,6,5,5,6,7,8,6,6,6,6,7,5,5,6,6,6,6,7,6,6,6,8,9,6,7,7,6,7,9,11,14,6,9,7,7,8,11,5,5,5,5,5,5,5,5,5,5,5,5,5,5,5,5,5,5,5,5,5,5,5,5,5,5,5,5,5,5,5,5,5,5,5,5,5,5,5,5,5,5,5,5,5,5,5,5,5,5,5,5,5,5,5,5,5,5,5,5,5,5,5,5
13,688,668,669,664,656,657,644,640,692,677,679,675,667,664,668,655,676,686,686,671,679,670,658,657,702,691,694,681,681,685,677,667,694,696,693,690,694,670,669,669,718,707,689,691,701,698,680,685,742,703,705,687,697,692,698,695,716,714,726,713,700,700,703,689,6,7,5,6,5,4,5,5,7,5,5,5,5,5,5,4,7,6,5,6,5,5,4,5,6,5,7,5,5,6,4,7,7,6,5,6,6,5,6,5,7,8,6,6,6,5,5,7,9,8,6,7,6,6,5,8,10,11,6,9,8,6,7,9,5,5,5,5,5,5,5,5,5,5,5,5,5,5,5,5,5,5,5,5,5,5,5,5,5,5,5,5,5,5,5,5,5,5,5,5,5,5,5,5,5,5,5,5,5,5,5,5,5,5,5,5,5,5,5,5,5,5,5,5,5,5,5,5
14,685,669,665,668,653,658,652,650,674,683,682,669,671,665,661,657,696,677,682,678,675,674,672,666,689,690,694,675,665,674,667,660,717,694,693,688,684,684,676,675,725,697,689,697,693,696,680,675,712,705,720,707,710,695,685,695,715,724,718,707,705,685,701,686,8,5,5,5,5,5,5,5,6,6,5,5,6,6,5,5,7,6,6,5,5,5,5,5,7,7,8,5,6,6,6,7,8,6,5,6,5,6,5,7,8,6,7,6,6,6,6,8,6,8,8,8,7,7,7,7,10,10,9,8,6,6,7,12,5,5,5,5,5,5,5,5,5,5,5,5,5,5,5,5,5,5,5,5,5,5,5,5,5,5,5,5,5,5,5,5,5,5,5,5,5,5,5,5,5,5,5,5,5,5,5,5,5,5,5,5,5,5,5,5,5,5,5,5,5,5,5,5
15,698,670,668,662,664,654,656,645,688,672,664,666,672,662,663,654,694,694,683,680,671,671,660,673,703,697,682,677,675,670,662,658,690,694,685,678,681,684,675,666,711,700,694,694,692,683,673,681,721,706,702,694,698,712,693,671,725,708,715,714,709,694,698,699,5,6,5,5,4,5,5,6,6,5,5,5,5,4,6,4,7,6,7,5,5,5,4,5,5,6,7,4,5,4,5,5,8,5,5,5,5,5,4,5,6,7,5,6,6,4,7,6,7,6,8,8,6,6,7,7,11,12,7,8,10,7,5,10,5,5,5,5,5,5,5,5,5,5,5,5,5,5,5,5,5,5,5,5,5,5,5,5,5,5,5,5,5,5,5,5,5,5,5,5,5,5,5,5,5,5,5,5,5,5,5,5,5,5,5,5,5,5,5,5,5,5,5,5,5,5,5,5
16,691,678,661,660,664,653,654,644,689,676,676,666,664,653,661,652,682,682,682,684,671,670,662,656,700,688,679,677,675,678,664,661,697,696,689,709,700,679,673,684,712,699,695,699,690,682,672,689,719,720,716,707,693,698,688,688,747,725,705,703,705,700,686,694,6,6,6,6,5,5,5,5,8,5,4,5,5,4,4,5,11,6,6,5,5,5,5,5,5,6,6,5,5,5,5,7,7,5,6,6,7,6,6,6,6,8,5,6,7,7,7,7,7,7,7,6,6,6,7,8,10,10,6,8,7,8,6,14,5,5,5,5,5,5,5,5,5,5,5,5,5,5,5,5,5,5,5,5,5,5,5,5,5,5,5,5,5,5,5,5,5,5,5,5,5,5,5,5,5,5,5,5,5,5,5,5,5,5,5,5,5,5,5,5,5,5,5,5,5,5,5,5
17,669,671,668,669,658,647,656,653,679,681,673,667,666,654,660,655,685,690,687,678,668,671,663,664,707,694,693,678,678,680,680,666,713,690,702,682,695,687,674,677,712,708,705,683,692,687,675,676,717,721,703,697,698,689,695,686,719,702,705,718,701,704,697,697,6,6,5,5,4,5,5,5,6,6,5,5,6,4,4,5,8,7,5,7,5,6,5,5,7,5,5,5,4,5,6,6,6,5,5,6,5,6,6,6,6,7,6,7,8,6,5,7,7,8,7,7,6,6,8,6,8,11,6,9,7,6,7,15,5,5,5,5,5,5,5,5,5,5,5,5,5,5,5,5,5,5,5,5,5,5,5,5,5,5,5,5,5,5,5,5,5,5,5,5,5,5,5,5,5,5,5,5,5,5,5,5,5,5,5,5,5,5,5,5,5,5,5,5,5,5,5,5
18,676,682,665,658,665,660,644,650,680,681,682,666,663,665,665,659,692,687,685,683,679,674,659,666,707,695,687,680,674,675,675,668,713,691,692,693,691,677,673,675,697,703,704,684,688,688,685,677,718,710,704,714,698,703,702,681,715,730,720,716,702,703,695,684,8,5,5,6,5,5,5,6,6,6,5,5,5,6,5,5,7,8,6,6,5,5,6,5,6,5,7,5,5,6,7,6,7,6,5,5,8,5,4,6,7,7,6,7,7,5,6,6,7,10,6,8,6,6,6,10,11,9,7,8,9,7,6,12,5,5,5,5,5,5,5,5,5,5,5,5,5,5,5,5,5,5,5,5,5,5,5,5,5,5,5,5,5,5,5,5,5,5,5,5,5,5,5,5,5,5,5,5,5,5,5,5,5,5,5,5,5,5,5,5,5,5,5,5,5,5,5,5
19,667,672,666,659,656,649,659,645,682,680,678,673,673,669,661,649,705,684,674,665,672,665,664,661,691,698,696,679,682,680,673,669,701,698,692,698,689,684,667,670,716,707,700,706,685,679,687,675,727,716,696,695,696,694,694,699,712,714,717,724,710,703,703,689,6,4,5,5,4,4,6,5,5,5,4,6,6,4,4,5,7,7,5,5,5,5,5,5,6,5,5,5,6,5,6,6,9,6,6,5,6,6,5,6,6,6,6,7,8,6,6,7,7,8,8,7,6,6,6,9,9,12,7,10,7,5,8,10,5,5,5,5,5,5,5,5,5,5,5,5,5,5,5,5,5,5,5,5,5,5,5,5,5,5,5,5,5,5,5,5,5,5,5,5,5,5,5,5,5,5,5,5,5,5,5,5,5,5,5,5,5,5,5,5,5,5,5,5,5,5,5,5
20,665,682,675,667,663,655,652,664,691,681,662,672,663,658,666,639,696,684,675,674,681,666,675,654,698,684,687,677,673,676,666,671,708,693,708,697,679,686,672,658,707,707,699,694,692,683,683,684,720,706,692,714,692,695,684,681,728,703,723,713,683,701,693,671,6,7,6,5,6,5,5,5,6,6,5,5,6,5,5,4,8,7,5,5,5,6,6,5,7,6,6,5,5,6,6,7,10,7,7,6,6,5,6,7,9,9,6,6,7,6,7,7,7,9,6,6,6,7,7,7,9,9,9,6,8,7,6,11,5,5,5,5,5,5,5,5,5,5,5,5,5,5,5,5,5,5,5,5,5,5,5,5,5,5,5,5,5,5,5,5,5,5,5,5,5,5,5,5,5,5,5,5,5,5,5,5,5,5,5,5,5,5,5,5,5,5,5,5,5,5,5,5
21,672,686,669,663,660,656,653,647,683,681,676,673,665,654,642,651,687,681,675,676,670,676,667,658,693,693,689,686,680,678,672,659,698,699,687,676,685,686,684,671,700,695,695,707,688,688,678,685,731,709,700,701,701,691,695,695,732,708,710,720,708,692,696,697,7,5,5,6,4,5,5,4,6,6,6,5,5,4,4,4,7,7,5,5,4,5,5,5,8,5,5,5,5,5,6,5,8,5,6,5,5,4,5,6,6,6,5,6,8,5,7,6,7,8,7,7,6,5,6,7,13,13,6,7,6,7,8,15,5,5,5,5,5,5,5,5,5,5,5,5,5,5,5,5,5,5,5,5,5,5,5,5,5,5,5,5,5,5,5,5,5,5,5,5,5,5,5,5,5,5,5,5,5,5,5,5,5,5,5,5,5,5,5,5,5,5,5,5,5,5,5,5
22,691,674,675,671,662,657,656,658,680,683,678,675,657,664,663,650,687,690,683,669,666,675,653,668,697,688,684,679,685,670,667,663,715,698,683,693,689,682,681,677,713,708,696,702,693,689,687,695,707,725,700,711,692,684,688,696,710,725,713,708,701,707,703,699,6,7,6,5,6,5,6,5,7,6,4,5,5,6,5,5,8,7,7,6,4,6,5,5,9,5,7,6,5,6,6,5,9,6,5,7,7,6,6,7,7,8,5,6,6,5,6,5,8,10,7,6,6,6,6,8,9,9,8,9,7,8,7,21,5,5,5,5,5,5,5,5,5,5,5,5,5,5,5,5,5,5,5,5,5,5,5,5,5,5,5,5,5,5,5,5,5,5,5,5,5,5,5,5,5,5,5,5,5,5,5,5,5,5,5,5,5,5,5,5,5,5,5,5,5,5,5,5
23,679,678,662,667,660,644,650,650,679,676,670,666,665,668,665,658,700,686,683,689,681,675,676,662,692,689,691,679,671,666,670,673,701,691,695,691,684,677,666,670,708,704,699,694,696,695,682,693,714,718,700,701,681,701,692,704,693,713,722,714,699,702,705,699,7,6,6,5,4,4,4,6,6,5,6,5,5,5,6,6,7,6,6,7,5,5,5,6,7,6,7,5,5,5,6,6,7,5,5,6,6,5,6,6,8,6,6,6,7,5,6,7,6,8,7,8,5,5,6,8,8,8,7,8,8,5,9,15,5,5,5,5,5,5,5,5,5,5,5,5,5,5,5,5,5,5,5,5,5,5,5,5,5,5,5,5,5,5,5,5,5,5,5,5,5,5,5,5,5,5,5,5,5,5,5,5,5,5,5,5,5,5,5,5,5,5,5,5,5,5,5,5
24,687,663,659,663,654,663,650,669,702,673,670,671,671,657,658,664,701,690,677,678,667,668,672,662,707,685,686,677,685,678,666,664,691,700,700,680,690,683,678,674,706,701,700,705,690,683,681,677,707,705,701,698,700,694,708,703,711,696,722,710,709,709,708,714,8,5,6,6,5,5,5,6,5,5,6,5,5,5,6,7,6,7,6,6,5,6,6,4,10,6,6,5,5,5,5,6,9,6,5,5,6,6,5,8,6,7,6,6,6,6,7,7,8,9,7,8,8,6,7,8,8,9,7,9,7,10,8,11,5,5,5,5,5,5,5,5,5,5,5,5,5,5,5,5,5,5,5,5,5,5,5,5,5,5,5,5,5,5,5,5,5,5,5,5,5,5,5,5,5,5,5,5,5,5,5,5,5,5,5,5,5,5,5,5,5,5,5,5,5,5,5,5
25,675,673,667,671,657,655,651,651,685,670,686,670,658,659,663,663,687,695,681,676,682,661,673,661,697,689,693,688,677,671,676,680,710,698,695,693,684,682,675,679,722,707,701,692,689,684,674,678,713,721,709,706,690,692,699,703,738,703,720,720,711,691,703,674,7,5,5,6,5,5,5,5,6,5,5,5,5,5,5,4,8,7,7,6,5,5,5,5,7,5,6,5,5,5,5,6,7,6,5,5,5,5,5,6,7,7,5,8,8,6,7,6,8,8,6,8,6,7,6,9,11,11,7,9,6,7,7,10,5,5,5,5,5,5,5,5,5,5,5,5,5,5,5,5,5,5,5,5,5,5,5,5,5,5,5,5,5,5,5,5,5,5,5,5,5,5,5,5,5,5,5,5,5,5,5,5,5,5,5,5,5,5,5,5,5,5,5,5,5,5,5,5
26,669,670,663,654,649,654,648,652,690,667,672,668,660,666,661,657,691,685,690,664,669,664,671,665,692,691,694,685,681,667,664,667,712,691,692,689,691,685,673,679,701,706,704,687,692,684,684,682,717,721,711,696,702,689,704,690,715,721,708,726,712,707,686,696,6,6,5,7,5,5,5,5,7,5,6,5,5,5,5,5,10,7,5,5,5,4,5,7,7,6,6,6,6,5,5,7,8,5,6,6,6,5,6,6,8,7,7,8,8,5,6,8,9,9,7,7,7,7,7,8,9,14,6,11,6,7,9,11,5,5,5,5,5,5,5,5,5,5,5,5,5,5,5,5,5,5,5,5,5,5,5,5,5,5,5,5,5,5,5,5,5,5,5,5,5,5,5,5,5,5,5,5,5,5,5,5,5,5,5,5,5,5,5,5,5,5,5,5,5,5,5,5
27,673,668,671,670,660,655,648,654,688,681,665,676,668,658,655,650,693,686,673,689,666,668,663,660,705,688,686,672,673,676,681,660,700,695,697,696,694,687,676,673,697,715,695,694,690,689,691,682,713,708,706,707,707,684,689,692,726,734,715,704,702,702,703,692,6,6,6,6,5,5,5,6,6,6,5,4,5,4,4,4,7,7,5,5,4,5,5,6,6,5,6,5,5,5,8,7,6,4,5,5,7,5,6,6,8,7,6,7,5,5,7,6,6,7,8,8,8,6,8,7,10,10,7,7,6,6,7,15,5,5,5,5,5,5,5,5,5,5,5,5,5,5,5,5,5,5,5,5,5,5,5,5,5,5,5,5,5,5,5,5,5,5,5,5,5,5,5,5,5,5,5,5,5,5,5,5,5,5,5,5,5,5,5,5,5,5,5,5,5,5,5,5
28,686,677,671,659,653,655,653,648,688,683,677,678,663,661,660,660,683,687,694,686,677,667,658,659,701,694,695,689,687,673,676,679,702,702,693,691,693,690,681,679,710,711,695,700,686,685,685,687,714,715,712,697,698,704,695,689,725,727,713,707,719,692,696,696,8,6,5,5,6,4,5,6,7,6,5,4,5,4,6,6,8,6,6,8,5,5,5,6,7,5,5,6,5,5,7,6,8,6,7,5,6,5,5,7,7,9,6,7,7,5,9,8,9,9,7,8,7,6,8,10,9,10,7,10,7,7,9,10,5,5,5,5,5,5,5,5,5,5,5,5,5,5,5,5,5,5,5,5,5,5,5,5,5,5,5,5,5,5,5,5,5,5,5,5,5,5,5,5,5,5,5,5,5,5,5,5,5,5,5,5,5,5,5,5,5,5,5,5,5,5,5,5
29,683,670,668,659,663,655,646,645,674,682,679,672,659,665,667,656,686,682,677,691,667,666,663,666,694,682,695,676,682,677,676,665,705,695,686,687,688,680,673,681,707,706,705,697,686,682,682,670,723,710,698,703,698,684,680,697,733,704,706,706,708,709,704,699,7,5,5,6,5,6,4,5,5,5,5,4,4,5,5,6,9,7,5,6,5,5,4,5,8,5,5,5,5,5,6,6,7,5,5,6,7,5,6,6,6,6,6,7,6,6,6,6,8,9,7,8,5,5,7,8,12,11,6,8,6,10,7,12,5,5,5,5,5,5,5,5,5,5,5,5,5,5,5,5,5,5,5,5,5,5,5,5,5,5,5,5,5,5,5,5,5,5,5,5,5,5,5,5,5,5,5,5,5,5,5,5,5,5,5,5,5,5,5,5,5,5,5,5,5,5,5,5
30,673,672,673,670,653,661,655,652,684,675,669,662,673,662,663,657,703,691,684,673,675,675,668,667,704,688,685,684,678,671,672,660,693,697,692,699,681,672,673,673,708,698,703,697,687,694,692,685,742,700,698,706,704,699,691,689,718,709,716,708,711,689,692,708,8,5,6,5,6,4,5,7,6,6,5,5,5,6,5,5,8,7,6,7,5,7,5,6,7,5,7,6,5,5,6,7,7,5,5,6,6,5,6,6,7,6,6,7,9,5,7,7,9,7,7,7,7,7,7,9,9,15,9,9,7,8,7,11,5,5,5,5,5,5,5,5,5,5,5,5,5,5,5,5,5,5,5,5,5,5,5,5,5,5,5,5,5,5,5,5,5,5,5,5,5,5,5,5,5,5,5,5,5,5,5,5,5,5,5,5,5,5,5,5,5,5,5,5,5,5,5,5
31,672,677,677,671,654,656,654,649,682,688,676,670,675,668,657,658,687,695,682,669,666,677,663,664,693,692,681,694,681,676,674,658,702,701,693,685,685,680,676,673,715,701,704,690,685,687,691,673,708,710,707,699,703,692,692,703,708,707,713,708,710,705,721,683,6,5,5,5,5,5,4,5,5,4,5,5,6,6,5,5,9,5,7,5,4,5,4,5,7,5,6,4,5,6,6,6,5,5,4,5,5,6,6,5,7,5,5,6,7,5,5,6,7,9,6,7,6,6,8,9,7,10,7,8,7,7,9,10,5,5,5,5,5,5,5,5,5,5,5,5,5,5,5,5,5,5,5,5,5,5,5,5,5,5,5,5,5,5,5,5,5,5,5,5,5,5,5,5,5,5,5,5,5,5,5,5,5,5,5,5,5,5,5,5,5,5,5,5,5,5,5,5
32,671,686,664,663,663,644,651,641,681,675,680,660,680,663,661,658,691,689,664,674,668,663,664,659,698,694,688,698,686,679,664,657,699,703,699,683,682,685,684,681,713,707,700,687,707,693,687,672,724,717,713,698,689,698,693,685,729,713,715,713,703,691,689,680,7,6,5,6,5,5,5,5,5,5,5,5,6,5,5,5,8,8,5,6,5,4,4,5,7,5,7,6,6,6,6,7,8,7,6,6,5,6,5,7,7,6,6,5,7,5,7,5,7,8,7,7,6,6,6,7,10,13,6,9,7,6,7,9,5,5,5,5,5,5,5,5,5,5,5,5,5,5,5,5,5,5,5,5,5,5,5,5,5,5,5,5,5,5,5,5,5,5,5,5,5,5,5,5,5,5,5,5,5,5,5,5,5,5,5,5,5,5,5,5,5,5,5,5,5,5,5,5
33,664,672,665,668,668,658,648,643,677,674,668,673,659,655,657,655,688,678,678,683,672,676,664,662,698,696,685,679,673,679,667,658,694,704,689,689,686,685,674,671,725,700,713,702,699,695,674,675,710,730,705,701,694,692,695,685,714,718,722,719,707,697,707,697,6,6,5,6,4,4,5,6,5,5,5,5,5,4,5,5,7,6,6,6,5,5,6,5,6,6,6,5,5,5,5,7,7,6,6,6,6,6,4,7,7,5,7,6,6,5,5,7,8,9,7,8,6,7,7,7,7,10,7,10,5,7,9,15,5,5,5,5,5,5,5,5,5,5,5,5,5,5,5,5,5,5,5,5,5,5,5,5,5,5,5,5,5,5,5,5,5,5,5,5,5,5,5,5,5,5,5,5,5,5,5,5,5,5,5,5,5,5,5,5,5,5,5,5,5,5,5,5
34,666,657,669,676,658,653,655,652,681,678,679,670,668,665,662,648,687,682,686,685,679,665,664,658,699,689,676,679,691,682,669,667,700,702,693,685,684,689,680,676,710,706,695,698,700,689,688,690,719,724,699,700,700,675,697,685,711,740,713,710,703,695,696,711,6,5,6,6,5,4,6,7,7,5,5,5,5,4,5,6,8,7,5,8,5,5,5,5,6,5,6,6,6,6,5,5,9,6,6,6,7,6,5,7,6,7,6,8,6,6,7,5,6,9,6,8,7,7,8,8,8,10,7,9,7,6,6,13,5,5,5,5,5,5,5,5,5,5,5,5,5,5,5,5,5,5,5,5,5,5,5,5,5,5,5,5,5,5,5,5,5,5,5,5,5,5,5,5,5,5,5,5,5,5,5,5,5,5,5,5,5,5,5,5,5,5,5,5,5,5,5,5
35,678,669,665,667,658,659,653,643,683,675,675,668,667,663,651,648,685,683,678,683,674,674,663,661,703,682,693,676,672,673,675,671,696,695,691,692,687,683,678,658,706,706,701,696,696,682,681,671,713,723,705,700,714,686,686,695,709,716,723,698,703,704,699,688,6,5,4,6,5,4,4,5,6,5,6,5,4,5,4,5,6,7,5,5,5,6,5,5,6,5,5,4,5,5,5,6,8,5,6,5,6,5,5,7,5,7,5,6,7,5,5,6,8,9,7,7,9,5,7,8,12,8,7,6,6,6,8,12,5,5,5,5,5,5,5,5,5,5,5,5,5,5,5,5,5,5,5,5,5,5,5,5,5,5,5,5,5,5,5,5,5,5,5,5,5,5,5,5,5,5,5,5,5,5,5,5,5,5,5,5,5,5,5,5,5,5,5,5,5,5,5,5
36,673,678,668,666,661,662,658,654,701,677,667,668,658,663,669,660,688,694,689,670,667,676,658,659,707,693,683,687,686,673,665,675,707,704,700,695,687,684,673,680,722,711,694,702,693,682,687,672,717,707,700,686,707,685,698,682,696,706,713,721,693,703,713,688,8,5,5,6,4,5,5,6,9,5,5,5,5,5,5,5,8,8,5,6,5,5,5,5,7,5,6,5,5,5,6,7,7,7,5,5,6,7,6,8,7,6,6,6,8,7,6,7,10,9,10,7,8,6,6,6,9,12,6,10,7,7,7,11,5,5,5,5,5,5,5,5,5,5,5,5,5,5,5,5,5,5,5,5,5,5,5,5,5,5,5,5,5,5,5,5,5,5,5,5,5,5,5,5,5,5,5,5,5,5,5,5,5,5,5,5,5,5,5,5,5,5,5,5,5,5,5,5
37,673,677,668,661,656,644,653,644,696,673,677,664,652,662,671,658,688,682,689,676,672,665,670,661,686,698,691,679,691,679,671,660,712,700,693,698,677,679,675,672,715,696,689,703,692,691,686,674,732,693,705,698,698,700,695,680,716,732,712,717,707,702,699,694,6,5,5,5,5,4,4,6,6,5,5,5,5,4,5,5,6,7,5,5,5,5,4,5,7,6,6,5,6,5,6,5,7,6,6,5,5,5,6,6,8,6,6,6,8,5,6,5,9,7,8,8,5,6,7,7,9,10,7,11,7,7,7,13,5,5,5,5,5,5,5,5,5,5,5,5,5,5,5,5,5,5,5,5,5,5,5,5,5,5,5,5,5,5,5,5,5,5,5,5,5,5,5,5,5,5,5,5,5,5,5,5,5,5,5,5,5,5,5,5,5,5,5,5,5,5,5,5
38,676,678,659,667,661,658,659,657,696,682,671,674,660,655,654,651,700,682,682,686,671,667,669,658,693,699,692,686,682,675,666,672,697,701,689,693,677,684,671,677,709,700,700,692,683,682,697,680,724,712,726,704,693,696,691,691,716,734,702,681,699,695,709,681,7,6,5,6,5,5,6,5,7,6,5,6,5,5,5,6,8,7,5,5,5,5,5,5,7,5,7,5,6,5,6,6,7,6,6,6,7,5,5,6,6,7,6,7,7,6,7,7,7,8,7,8,6,8,6,8,10,9,8,10,8,7,11,9,5,5,5,5,5,5,5,5,5,5,5,5,5,5,5,5,5,5,5,5,5,5,5,5,5,5,5,5,5,5,5,5,5,5,5,5,5,5,5,5,5,5,5,5,5,5,5,5,5,5,5,5,5,5,5,5,5,5,5,5,5,5,5,5
39,669,674,668,662,654,655,655,643,685,675,672,664,668,662,665,663,678,698,675,676,685,660,674,661,689,693,701,674,673,675,660,663,695,697,685,692,684,668,671,684,711,710,700,699,688,685,685,679,704,715,712,707,705,689,683,678,723,702,717,690,707,698,690,671,6,5,5,6,5,4,5,5,5,5,4,5,5,5,5,6,8,6,6,5,6,4,4,4,7,6,5,5,5,5,5,5,8,6,5,5,6,5,5,7,6,8,6,6,7,5,6,6,7,8,6,8,6,6,6,8,10,10,9,8,7,5,6,11,5,5,5,5,5,5,5,5,5,5,5,5,5,5,5,5,5,5,5,5,5,5,5,5,5,5,5,5,5,5,5,5,5,5,5,5,5,5,5,5,5,5,5,5,5,5,5,5,5,5,5,5,5,5,5,5,5,5,5,5,5,5,5,5
40,670,683,666,675,654,659,654,642,671,679,674,678,662,663,665,652,672,688,675,671,667,672,664,663,697,703,688,678,678,677,665,681,721,699,693,687,681,680,677,669,702,709,712,697,695,691,688,685,720,715,714,713,696,700,685,678,729,726,708,703,711,696,682,692,7,5,5,6,5,5,5,6,8,6,5,5,5,5,5,6,7,6,7,6,5,5,6,6,8,7,7,5,5,5,6,6,7,6,4,7,6,6,5,5,8,8,8,6,6,6,9,7,8,9,7,7,8,8,7,7,11,10,5,8,8,8,9,10,5,5,5,5,5,5,5,5,5,5,5,5,5,5,5,5,5,5,5,5,5,5,5,5,5,5,5,5,5,5,5,5,5,5,5,5,5,5,5,5,5,5,5,5,5,5,5,5,5,5,5,5,5,5,5,5,5,5,5,5,5,5,5,5
41,676,673,660,663,664,658,656,657,685,672,676,672,674,657,659,660,686,686,683,677,671,661,668,661,695,691,681,686,679,678,677,676,717,688,685,689,686,679,674,673,702,715,700,704,680,690,690,679,716,703,712,703,696,704,677,677,719,723,712,711,702,688,705,674,8,5,6,6,3,4,5,5,7,5,4,5,5,4,5,5,7,7,5,6,5,5,5,5,6,5,6,5,6,5,5,7,7,6,5,6,6,5,5,6,7,6,5,6,7,6,6,7,8,8,6,7,7,5,6,9,7,8,6,8,8,7,7,10,5,5,5,5,5,5,5,5,5,5,5,5,5,5,5,5,5,5,5,5,5,5,5,5,5,5,5,5,5,5,5,5,5,5,5,5,5,5,5,5,5,5,5,5,5,5,5,5,5,5,5,5,5,5,5,5,5,5,5,5,5,5,5,5
42,673,671,673,664,655,659,650,643,675,684,679,671,663,661,664,649,691,684,678,672,681,663,665,665,699,678,682,674,672,679,679,665,693,700,695,693,691,688,674,673,710,700,689,696,700,688,697,678,724,708,709,689,690,700,696,680,720,716,720,710,702,701,695,695,7,6,6,5,5,6,5,5,6,6,5,5,5,5,6,4,6,6,6,5,6,5,4,6,6,6,7,5,4,6,6,6,8,6,5,7,7,6,6,6,8,6,7,7,6,6,7,7,8,8,7,7,6,6,7,10,9,12,7,9,9,8,7,12,5,5,5,5,5,5,5,5,5,5,5,5,5,5,5,5,5,5,5,5,5,5,5,5,5,5,5,5,5,5,5,5,5,5,5,5,5,5,5,5,5,5,5,5,5,5,5,5,5,5,5,5,5,5,5,5,5,5,5,5,5,5,5,5
43,675,674,664,664,657,657,650,649,676,675,674,658,666,660,658,656,668,683,688,673,671,661,673,658,702,693,680,689,679,668,671,663,709,695,694,684,685,673,687,669,712,698,701,690,688,679,684,676,706,714,713,704,701,701,687,705,731,718,724,681,691,693,700,709,7,5,5,5,4,5,5,5,5,5,5,6,4,5,4,4,7,7,5,5,4,5,4,5,8,5,6,6,5,4,5,5,8,5,6,5,6,5,4,5,6,6,6,7,7,6,8,6,7,8,6,6,6,6,7,10,7,12,7,9,7,6,6,15,5,5,5,5,5,5,5,5,5,5,5,5,5,5,5,5,5,5,5,5,5,5,5,5,5,5,5,5,5,5,5,5,5,5,5,5,5,5,5,5,5,5,5,5,5,5,5,5,5,5,5,5,5,5,5,5,5,5,5,5,5,5,5,5
44,667,660,665,655,656,655,651,640,688,679,669,671,662,665,661,657,691,691,680,669,680,678,661,658,701,694,685,681,674,676,664,661,724,709,687,696,678,674,671,676,718,709,692,703,690,683,690,687,718,717,701,709,700,698,691,680,729,700,699,715,709,701,707,693,6,5,6,6,5,5,5,5,6,5,5,4,5,5,4,5,7,7,5,6,5,4,6,5,6,6,6,5,5,5,7,7,8,7,5,6,5,5,6,7,8,8,5,7,7,5,7,7,9,9,7,9,7,6,6,10,12,10,6,9,7,7,9,13,5,5,5,5,5,5,5,5,5,5,5,5,5,5,5,5,5,5,5,5,5,5,5,5,5,5,5,5,5,5,5,5,5,5,5,5,5,5,5,5,5,5,5,5,5,5,5,5,5,5,5,5,5,5,5,5,5,5,5,5,5,5,5,5
45,672,681,663,664,660,659,656,656,685,664,673,661,659,662,655,657,673,690,686,679,665,682,660,662,689,689,681,681,678,672,671,668,689,701,688,691,690,674,686,669,715,711,703,691,697,682,689,690,714,717,708,703,700,703,683,689,713,720,720,709,710,700,717,688,6,5,5,6,4,4,5,6,5,5,4,5,4,5,5,5,6,7,7,6,4,4,5,4,7,5,7,5,5,6,6,5,8,6,5,5,6,6,5,6,7,6,6,6,7,5,6,8,8,10,6,7,7,7,7,9,8,11,7,7,7,6,8,10,5,5,5,5,5,5,5,5,5,5,5,5,5,5,5,5,5,5,5,5,5,5,5,5,5,5,5,5,5,5,5,5,5,5,5,5,5,5,5,5,5,5,5,5,5,5,5,5,5,5,5,5,5,5,5,5,5,5,5,5,5,5,5,5
46,672,669,672,666,653,660,648,662,682,686,676,667,664,664,664,654,692,687,681,664,664,669,661,662,703,691,696,681,682,680,671,659,716,697,685,688,682,685,680,680,719,718,703,702,686,689,684,682,710,698,708,706,674,689,694,702,725,716,715,699,705,709,703,695,7,5,6,6,5,5,6,5,6,6,5,6,5,5,6,5,7,8,6,6,4,6,6,6,6,5,6,4,5,5,6,5,9,6,6,5,6,6,7,5,8,5,7,7,7,5,6,7,7,7,6,7,6,6,6,10,9,13,7,8,6,8,8,12,5,5,5,5,5,5,5,5,5,5,5,5,5,5,5,5,5,5,5,5,5,5,5,5,5,5,5,5,5,5,5,5,5,5,5,5,5,5,5,5,5,5,5,5,5,5,5,5,5,5,5,5,5,5,5,5,5,5,5,5,5,5,5,5
47,674,670,667,668,653,657,661,658,674,685,675,672,657,658,657,657,705,680,672,676,664,682,661,653,703,698,684,696,682,673,678,670,704,697,694,690,691,682,677,677,697,687,692,701,694,692,685,681,739,702,706,705,697,698,688,702,705,712,720,687,705,681,698,688,8,6,5,5,5,5,5,4,6,6,5,4,5,5,6,4,7,7,5,5,4,6,5,5,7,5,6,6,5,5,4,6,7,5,5,6,6,5,6,7,6,6,6,6,8,5,6,5,7,8,6,8,6,6,7,8,11,12,7,8,7,6,7,9,5,5,5,5,5,5,5,5,5,5,5,5,5,5,5,5,5,5,5,5,5,5,5,5,5,5,5,5,5,5,5,5,5,5,5,5,5,5,5,5,5,5,5,5,5,5,5,5,5,5,5,5,5,5,5,5,5,5,5,5,5,5,5,5
48,684,661,673,659,657,655,656,652,690,670,670,663,665,658,663,655,673,700,674,679,679,663,664,661,699,684,691,683,687,670,667,671,698,697,686,695,683,675,673,675,722,705,691,691,697,679,674,677,720,702,716,704,691,700,698,684,723,706,718,705,704,705,696,705,6,5,5,6,5,6,5,6,6,6,5,5,5,5,5,5,7,9,6,7,5,5,6,5,7,6,7,6,5,5,5,6,8,5,6,6,5,6,6,7,6,7,7,5,7,6,7,6,8,8,7,6,7,6,8,6,9,12,8,10,7,6,7,7,5,5,5,5,5,5,5,5,5,5,5,5,5,5,5,5,5,5,5,5,5,5,5,5,5,5,5,5,5,5,5,5,5,5,5,5,5,5,5,5,5,5,5,5,5,5,5,5,5,5,5,5,5,5,5,5,5,5,5,5,5,5,5,5
49,684,673,668,662,655,649,663,638,677,686,669,669,654,656,655,655,685,697,675,684,669,658,664,664,696,691,682,690,678,669,667,662,698,701,683,689,694,670,672,668,703,707,708,700,689,674,687,674,710,699,708,704,705,689,689,700,722,729,723,704,693,700,695,709,7,5,6,4,5,5,5,5,5,5,5,5,4,4,4,4,8,10,5,5,4,5,5,5,6,5,7,5,5,5,6,7,8,6,6,6,6,5,5,5,6,7,5,6,7,6,7,6,8,7,6,8,6,6,6,8,8,9,6,9,7,7,6,9,5,5,5,5,5,5,5,5,5,5,5,5,5,5,5,5,5,5,5,5,5,5,5,5,5,5,5,5,5,5,5,5,5,5,5,5,5,5,5,5,5,5,5,5,5,5,5,5,5,5,5,5,5,5,5,5,5,5,5,5,5,5,5,5
50,674,655,668,671,653,655,655,652,695,671,672,662,673,668,657,651,684,681,691,680,680,657,665,668,702,691,683,682,674,682,679,673,708,695,682,690,689,678,669,666,703,709,707,700,704,693,680,694,700,718,715,705,687,701,680,679,729,725,724,722,694,694,708,701,6,5,6,6,5,5,5,7,8,5,5,5,5,4,5,5,6,8,6,6,4,4,4,6,7,5,6,5,5,6,5,6,8,5,6,6,6,6,6,7,5,7,7,6,6,5,6,7,8,10,7,6,6,7,8,8,12,12,8,8,7,7,8,10,5,5,5,5,5,5,5,5,5,5,5,5,5,5,5,5,5,5,5,5,5,5,5,5,5,5,5,5,5,5,5,5,5,5,5,5,5,5,5,5,5,5,5,5,5,5,5,5,5,5,5,5,5,5,5,5,5,5,5,5,5,5,5,5
51,660,672,665,665,652,659,644,647,683,671,678,669,668,655,656,653,680,676,672,676,668,667,665,650,689,692,677,681,677,684,671,663,709,692,689,677,685,686,667,683,710,716,701,696,692,692,677,684,708,717,685,704,702,683,691,670,719,727,705,720,706,702,697,686,7,5,5,5,5,5,5,5,6,5,4,5,4,4,5,4,8,6,5,6,5,5,5,5,6,6,5,5,4,5,6,5,6,7,4,6,5,5,5,5,6,6,7,7,7,5,5,7,8,10,6,9,6,6,6,7,11,10,5,11,8,6,8,10,5,5,5,5,5,5,5,5,5,5,5,5,5,5,5,5,5,5,5,5,5,5,5,5,5,5,5,5,5,5,5,5,5,5,5,5,5,5,5,5,5,5,5,5,5,5,5,5,5,5,5,5,5,5,5,5,5,5,5,5,5,5,5,5
52,682,671,671,662,657,654,656,645,674,685,677,661,662,660,669,649,703,677,675,682,676,665,670,657,687,709,690,687,685,669,675,676,712,702,707,689,693,682,665,674,700,707,699,711,690,684,692,682,711,713,693,707,699,680,686,698,719,689,714,719,723,697,686,684,6,5,6,6,4,5,6,6,6,6,5,6,5,4,5,5,7,6,5,7,5,5,5,5,7,7,6,7,5,5,7,6,7,5,5,6,7,6,6,5,8,7,6,8,7,5,7,8,7,9,7,10,6,6,8,8,8,10,7,9,7,6,8,12,5,5,5,5,5,5,5,5,5,5,5,5,5,5,5,5,5,5,5,5,5,5,5,5,5,5,5,5,5,5,5,5,5,5,5,5,5,5,5,5,5,5,5,5,5,5,5,5,5,5,5,5,5,5,5,5,5,5,5,5,5,5,5,5
53,686,680,670,668,659,657,651,650,681,678,669,670,673,660,647,654,700,683,675,682,671,669,665,663,700,694,692,669,687,666,659,661,707,703,685,697,681,679,678,673,707,699,703,695,701,692,692,681,725,713,711,697,703,699,686,680,722,725,713,698,701,694,696,683,8,6,5,5,5,4,5,6,6,5,5,5,5,4,5,5,7,6,6,4,4,5,5,5,8,6,7,5,6,5,5,6,9,6,4,5,6,6,6,5,6,6,7,5,7,5,6,7,7,7,7,6,7,6,7,9,7,12,6,9,9,8,6,9,5,5,5,5,5,5,5,5,5,5,5,5,5,5,5,5,5,5,5,5,5,5,5,5,5,5,5,5,5,5,5,5,5,5,5,5,5,5,5,5,5,5,5,5,5,5,5,5,5,5,5,5,5,5,5,5,5,5,5,5,5,5,5,5
54,678,669,674,669,663,665,656,647,668,684,677,670,672,667,655,652,697,679,682,678,673,671,656,674,701,686,685,690,683,672,669,669,698,696,705,700,694,689,684,682,711,709,700,703,711,681,683,676,738,718,712,708,695,685,695,682,726,710,708,691,712,712,683,705,7,7,6,6,6,5,5,5,6,6,5,5,5,5,5,5,6,6,6,6,5,5,5,5,7,6,7,6,5,6,6,7,8,6,5,6,7,7,5,7,8,8,6,6,7,5,7,7,8,9,6,7,7,6,8,9,10,15,6,8,7,7,8,12,5,5,5,5,5,5,5,5,5,5,5,5,5,5,5,5,5,5,5,5,5,5,5,5,5,5,5,5,5,5,5,5,5,5,5,5,5,5,5,5,5,5,5,5,5,5,5,5,5,5,5,5,5,5,5,5,5,5,5,5,5,5,5,5
55,677,670,660,660,656,658,645,650,686,672,667,666,675,665,662,659,691,685,676,672,666,678,659,662,691,686,685,681,679,667,673,660,715,692,694,693,683,683,674,668,711,696,707,716,691,693,687,677,720,710,702,686,689,687,685,683,713,731,710,706,701,702,706,668,7,6,5,5,3,4,4,6,6,5,5,5,6,4,5,5,6,6,5,5,4,6,5,6,6,6,6,5,5,5,5,5,8,5,5,5,6,5,5,5,6,5,5,6,8,6,6,5,6,7,7,6,6,6,6,8,8,12,6,8,8,5,8,8,5,5,5,5,5,5,5,5,5,5,5,5,5,5,5,5,5,5,5,5,5,5,5,5,5,5,5,5,5,5,5,5,5,5,5,5,5,5,5,5,5,5,5,5,5,5,5,5,5,5,5,5,5,5,5,5,5,5,5,5,5,5,5,5
56,678,684,672,661,661,666,661,647,696,675,684,667,658,664,663,660,690,687,679,672,678,670,674,665,699,686,677,680,692,679,668,660,706,701,696,684,686,688,685,650,705,701,700,692,699,679,686,669,730,713,701,707,697,686,691,694,731,709,705,711,714,694,681,699,6,6,6,5,5,5,6,7,8,5,6,5,5,5,4,5,7,6,7,6,6,6,6,5,9,7,7,5,6,5,6,7,7,5,6,6,7,6,5,6,7,7,6,7,8,6,7,7,8,7,7,10,7,7,9,9,12,12,6,10,7,6,8,11,5,5,5,5,5,5,5,5,5,5,5,5,5,5,5,5,5,5,5,5,5,5,5,5,5,5,5,5,5,5,5,5,5,5,5,5,5,5,5,5,5,5,5,5,5,5,5,5,5,5,5,5,5,5,5,5,5,5,5,5,5,5,5,5
57,670,674,659,653,656,659,650,646,683,675,662,667,669,662,659,655,696,678,677,678,666,664,663,663,704,687,686,684,675,676,663,653,692,689,685,698,680,680,679,673,726,690,699,702,700,693,687,669,705,721,708,691,699,688,691,676,712,723,708,716,694,702,703,673,6,5,5,5,5,5,5,5,6,5,4,5,5,4,5,5,6,7,6,7,5,5,5,5,7,5,6,5,5,5,6,6,7,4,5,5,5,5,5,6,7,6,5,6,6,5,6,7,7,8,6,8,7,7,7,8,8,14,7,8,6,6,8,9,5,5,5,5,5,5,5,5,5,5,5,5,5,5,5,5,5,5,5,5,5,5,5,5,5,5,5,5,5,5,5,5,5,5,5,5,5,5,5,5,5,5,5,5,5,5,5,5,5,5,5,5,5,5,5,5,5,5,5,5,5,5,5,5
58,677,666,670,662,657,652,654,651,671,674,678,668,668,665,651,653,686,685,679,679,678,671,662,662,689,696,698,674,674,675,668,670,705,703,696,682,696,673,671,666,719,707,702,703,682,693,687,687,725,702,701,710,690,697,689,692,729,731,699,691,689,693,699,675,6,6,5,5,5,4,6,6,6,5,6,5,6,5,5,5,6,7,6,6,5,6,5,5,6,6,6,4,6,6,6,5,7,7,5,7,6,5,5,6,7,7,7,6,7,6,7,6,8,8,6,8,5,6,6,8,11,13,7,9,6,7,7,11,5,5,5,5,5,5,5,5,5,5,5,5,5,5,5,5,5,5,5,5,5,5,5,5,5,5,5,5,5,5,5,5,5,5,5,5,5,5,5,5,5,5,5,5,5,5,5,5,5,5,5,5,5,5,5,5,5,5,5,5,5,5,5,5
59,677,672,671,667,655,652,658,648,686,681,670,676,665,657,665,657,683,700,683,666,663,665,656,657,694,697,677,689,676,674,679,670,711,700,690,689,684,674,674,667,708,708,693,687,700,684,678,673,718,714,699,697,704,701,701,691,730,712,705,720,705,703,699,683,6,5,6,5,4,5,5,6,5,5,4,5,5,4,4,5,8,9,5,6,4,5,5,5,7,6,5,6,4,5,5,6,8,7,5,6,6,5,5,5,5,6,5,7,6,5,6,6,6,9,7,6,7,6,7,7,8,11,6,11,7,7,6,11,5,5,5,5,5,5,5,5,5,5,5,5,5,5,5,5,5,5,5,5,5,5,5,5,5,5,5,5,5,5,5,5,5,5,5,5,5,5,5,5,5,5,5,5,5,5,5,5,5,5,5,5,5,5,5,5,5,5,5,5,5,5,5,5
60,676,669,657,660,655,649,649,653,687,679,669,667,656,654,661,652,688,680,683,682,680,674,676,663,686,683,689,672,682,674,655,665,705,708,695,698,685,685,687,677,713,705,707,688,688,691,676,676,726,719,716,718,706,692,686,682,722,727,711,698,699,705,704,690,7,5,5,5,5,6,5,6,8,6,5,6,6,4,5,5,7,8,6,7,5,5,6,5,8,6,7,4,6,5,5,5,8,6,5,6,7,6,6,6,6,7,6,6,7,6,6,6,11,8,7,6,7,6,6,8,13,13,8,10,7,8,6,12,5,5,5,5,5,5,5,5,5,5,5,5,5,5,5,5,5,5,5,5,5,5,5,5,5,5,5,5,5,5,5,5,5,5,5,5,5,5,5,5,5,5,5,5,5,5,5,5,5,5,5,5,5,5,5,5,5,5,5,5,5,5,5,5
61,688,676,669,654,658,647,662,654,690,675,662,664,666,660,659,654,688,680,673,674,665,661,667,656,679,692,683,679,679,682,669,655,704,698,696,690,674,680,672,667,704,709,692,693,699,685,689,693,727,712,709,696,695,692,691,696,718,716,699,683,709,705,694,690,7,5,5,5,4,5,4,5,6,5,5,5,5,5,5,5,6,6,6,6,4,5,4,6,6,5,5,5,5,5,5,6,6,5,5,5,5,6,6,5,6,8,6,6,6,6,5,5,6,9,8,7,5,6,6,9,8,8,8,8,6,6,7,12,5,5,5,5,5,5,5,5,5,5,5,5,5,5,5,5,5,5,5,5,5,5,5,5,5,5,5,5,5,5,5,5,5,5,5,5,5,5,5,5,5,5,5,5,5,5,5,5,5,5,5,5,5,5,5,5,5,5,5,5,5,5,5,5
62,674,683,670,674,655,655,653,650,699,681,665,658,668,653,649,653,686,688,691,665,678,665,659,670,683,681,676,689,680,676,667,678,700,693,693,704,697,675,673,672,719,716,712,710,698,692,699,670,713,710,703,697,705,700,683,696,721,721,727,709,709,701,698,691,8,6,5,6,5,5,5,6,6,5,6,5,5,5,5,4,8,8,5,6,5,6,5,6,7,6,5,6,5,5,6,6,7,5,6,6,8,5,5,6,7,6,7,7,6,7,7,6,9,7,7,6,6,7,6,13,9,11,7,8,7,7,7,13,5,5,5,5,5,5,5,5,5,5,5,5,5,5,5,5,5,5,5,5,5,5,5,5,5,5,5,5,5,5,5,5,5,5,5,5,5,5,5,5,5,5,5,5,5,5,5,5,5,5,5,5,5,5,5,5,5,5,5,5,5,5,5,5
63,677,671,669,652,654,652,657,649,682,672,664,677,670,660,662,656,697,680,675,670,665,664,669,663,691,691,691,676,675,678,665,674,720,704,692,691,689,679,672,679,717,702,695,695,700,685,687,679,720,723,715,688,697,701,697,673,687,706,726,712,721,704,703,682,6,6,5,6,4,4,4,5,7,6,4,5,5,5,5,6,7,7,5,5,4,5,4,5,7,6,6,4,5,6,6,5,8,6,5,6,6,5,6,6,7,7,6,5,6,6,6,7,8,7,7,7,6,6,7,6,8,11,8,7,9,7,8,10,5,5,5,5,5,5,5,5,5,5,5,5,5,5,5,5,5,5,5,5,5,5,5,5,5,5,5,5,5,5,5,5,5,5,5,5,5,5,5,5,5,5,5,5,5,5,5,5,5,5,5,5,5,5,5,5,5,5,5,5,5,5,5,5
64,667,676,665,660,658,643,657,653,689,672,676,665,662,673,663,653,698,680,686,680,673,666,655,656,680,693,680,684,677,681,667,677,705,700,691,684,699,679,666,682,706,695,694,695,704,690,684,692,724,707,697,702,703,702,679,694,740,711,710,706,704,692,694,693,7,7,5,6,5,6,5,7,6,5,6,6,5,5,5,5,6,7,5,6,6,5,5,5,7,6,5,5,5,5,6,5,7,6,6,6,6,5,6,7,6,8,7,6,7,5,6,6,7,9,7,7,7,7,7,8,13,12,8,8,8,7,7,12,5,5,5,5,5,5,5,5,5,5,5,5,5,5,5,5,5,5,5,5,5,5,5,5,5,5,5,5,5,5,5,5,5,5,5,5,5,5,5,5,5,5,5,5,5,5,5,5,5,5,5,5,5,5,5,5,5,5,5,5,5,5,5,5
65,692,659,667,663,652,660,656,656,685,678,676,668,668,662,647,649,696,692,671,673,667,656,655,654,684,689,684,689,686,670,672,670,713,696,693,685,682,670,684,672,714,704,702,698,694,691,680,692,709,714,706,688,688,705,678,671,721,705,720,710,698,714,696,698,8,5,5,6,4,5,5,5,5,6,6,5,5,4,5,5,8,7,7,6,4,5,5,5,5,6,6,5,5,5,5,6,8,5,5,6,7,5,6,5,7,7,5,6,7,6,6,5,8,8,6,7,6,5,6,8,9,8,7,8,7,8,7,9,5,5,5,5,5,5,5,5,5,5,5,5,5,5,5,5,5,5,5,5,5,5,5,5,5,5,5,5,5,5,5,5,5,5,5,5,5,5,5,5,5,5,5,5,5,5,5,5,5,5,5,5,5,5,5,5,5,5,5,5,5,5,5,5
66,684,671,664,671,653,657,659,655,683,678,679,674,671,662,649,664,702,683,677,685,677,664,669,660,703,682,693,684,681,680,679,671,687,699,699,690,690,679,681,668,705,706,694,696,687,692,681,679,711,721,707,693,698,693,693,709,724,721,720,713,711,692,701,715,5,6,5,6,5,6,5,6,5,6,5,6,6,5,6,6,8,8,6,5,5,5,5,5,6,6,5,6,6,6,6,7,7,6,5,5,5,6,5,6,9,8,6,6,7,6,6,7,8,9,7,6,7,6,8,8,10,8,7,10,7,6,7,11,5,5,5,5,5,5,5,5,5,5,5,5,5,5,5,5,5,5,5,5,5,5,5,5,5,5,5,5,5,5,5,5,5,5,5,5,5,5,5,5,5,5,5,5,5,5,5,5,5,5,5,5,5,5,5,5,5,5,5,5,5,5,5,5
67,681,675,666,656,652,654,650,647,691,673,673,669,671,665,659,655,683,691,671,690,665,673,666,658,699,691,690,679,679,674,660,662,699,690,697,691,683,684,674,674,705,702,701,694,695,693,690,677,713,703,710,715,692,698,689,689,721,720,729,707,709,695,698,678,6,5,5,5,4,4,4,6,7,5,5,4,5,4,4,4,7,6,5,5,4,6,4,6,6,5,7,5,6,5,5,7,8,4,6,8,6,5,5,6,6,6,7,5,7,5,6,7,8,8,6,9,5,6,7,7,11,9,10,8,9,6,5,11,5,5,5,5,5,5,5,5,5,5,5,5,5,5,5,5,5,5,5,5,5,5,5,5,5,5,5,5,5,5,5,5,5,5,5,5,5,5,5,5,5,5,5,5,5,5,5,5,5,5,5,5,5,5,5,5,5,5,5,5,5,5,5,5
68,669,671,665,672,666,649,650,655,683,675,668,677,664,659,653,647,683,686,682,677,664,677,653,666,717,695,694,674,683,681,670,673,700,710,694,686,681,682,673,675,701,714,701,695,691,683,686,675,707,705,709,711,688,681,704,697,714,718,723,688,695,700,704,706,6,7,6,6,4,5,4,7,7,6,6,4,5,4,5,5,8,7,6,7,5,5,6,6,9,7,7,5,6,5,6,7,6,6,5,6,6,5,6,6,6,6,6,6,5,8,7,7,8,9,7,9,6,6,8,10,10,11,9,8,7,7,7,9,5,5,5,5,5,5,5,5,5,5,5,5,5,5,5,5,5,5,5,5,5,5,5,5,5,5,5,5,5,5,5,5,5,5,5,5,5,5,5,5,5,5,5,5,5,5,5,5,5,5,5,5,5,5,5,5,5,5,5,5,5,5,5,5
69,680,679,676,672,668,656,649,653,692,665,671,669,670,659,664,655,698,686,695,679,659,666,657,666,690,702,696,686,676,667,680,673,710,698,691,687,687,681,673,684,695,710,710,697,693,691,677,681,714,701,701,684,685,697,695,699,728,712,709,690,703,688,706,697,6,6,5,5,5,4,4,6,7,5,4,5,5,4,5,5,8,6,6,6,5,5,5,5,7,6,6,5,5,5,6,7,7,6,6,6,5,6,5,6,7,5,7,6,6,5,7,8,6,7,9,7,7,7,6,8,7,9,6,10,7,7,7,10,5,5,5,5,5,5,5,5,5,5,5,5,5,5,5,5,5,5,5,5,5,5,5,5,5,5,5,5,5,5,5,5,5,5,5,5,5,5,5,5,5,5,5,5,5,5,5,5,5,5,5,5,5,5,5,5,5,5,5,5,5,5,5,5
70,679,681,663,660,659,655,658,653,684,667,677,661,658,665,663,651,698,689,673,675,663,665,658,663,692,685,693,682,680,673,668,656,696,700,695,688,677,684,676,670,719,706,691,696,702,684,678,674,717,714,705,695,693,700,693,680,711,720,726,710,703,700,702,694,7,5,5,5,5,5,5,7,6,5,4,5,5,5,6,5,7,8,5,6,5,6,6,4,7,6,7,5,5,5,6,6,9,6,5,6,6,8,7,6,7,8,6,7,6,5,7,6,7,10,7,6,7,7,7,8,9,12,5,10,9,6,8,15,5,5,5,5,5,5,5,5,5,5,5,5,5,5,5,5,5,5,5,5,5,5,5,5,5,5,5,5,5,5,5,5,5,5,5,5,5,5,5,5,5,5,5,5,5,5,5,5,5,5,5,5,5,5,5,5,5,5,5,5,5,5,5,5
71,683,666,662,672,668,646,647,664,676,682,668,669,662,665,663,649,687,692,689,667,670,671,660,669,706,690,686,684,683,682,664,678,709,697,693,681,684,690,667,683,709,716,700,700,694,677,687,677,712,710,720,694,689,693,684,678,721,730,727,712,700,700,691,699,6,6,5,5,4,5,4,6,8,6,5,5,5,5,5,5,7,8,5,5,5,4,5,5,6,5,6,5,6,5,5,6,7,5,5,5,7,4,5,6,7,6,6,5,7,5,6,6,8,10,8,6,6,6,7,7,9,12,8,8,7,6,6,17,5,5,5,5,5,5,5,5,5,5,5,5,5,5,5,5,5,5,5,5,5,5,5,5,5,5,5,5,5,5,5,5,5,5,5,5,5,5,5,5,5,5,5,5,5,5,5,5,5,5,5,5,5,5,5,5,5,5,5,5,5,5,5,5
72,684,671,664,664,659,657,647,639,670,673,674,670,667,663,654,658,693,685,679,679,673,661,665,653,691,690,683,676,669,675,671,669,707,713,690,690,692,677,676,672,705,707,700,704,688,685,679,685,727,714,698,706,693,704,713,680,714,719,696,706,704,700,701,667,9,6,5,5,5,5,4,6,8,6,5,6,5,5,5,5,6,7,6,6,6,6,5,6,7,6,7,6,6,6,6,5,7,9,7,7,7,6,6,7,7,6,6,6,8,5,6,7,7,8,8,8,6,6,7,7,8,12,7,8,9,9,7,14,5,5,5,5,5,5,5,5,5,5,5,5,5,5,5,5,5,5,5,5,5,5,5,5,5,5,5,5,5,5,5,5,5,5,5,5,5,5,5,5,5,5,5,5,5,5,5,5,5,5,5,5,5,5,5,5,5,5,5,5,5,5,5,5
73,686,681,671,666,647,664,650,656,694,678,675,661,672,665,655,652,692,698,675,683,677,662,660,667,696,685,681,679,685,674,674,672,715,705,691,696,696,679,680,692,706,707,696,691,696,686,694,689,720,698,703,698,699,695,695,680,739,712,725,719,698,685,692,689,7,5,5,5,4,4,5,7,7,5,6,5,5,5,5,5,9,8,6,5,5,5,6,5,7,5,5,5,5,5,7,6,7,6,5,5,6,5,5,6,7,8,6,6,6,5,6,6,7,7,8,6,7,6,7,8,10,8,6,10,8,6,6,11,5,5,5,5,5,5,5,5,5,5,5,5,5,5,5,5,5,5,5,5,5,5,5,5,5,5,5,5,5,5,5,5,5,5,5,5,5,5,5,5,5,5,5,5,5,5,5,5,5,5,5,5,5,5,5,5,5,5,5,5,5,5,5,5
74,669,677,672,668,662,661,655,651,673,674,677,675,655,659,657,654,688,682,669,672,666,661,655,642,694,685,678,686,680,678,669,676,710,703,691,699,674,672,679,678,715,715,705,703,694,689,687,699,708,713,698,711,693,670,689,691,703,708,720,708,697,701,698,691,6,5,6,6,4,5,6,6,6,5,5,5,4,5,5,4,7,8,5,6,6,5,5,5,8,5,6,5,6,5,5,7,7,6,6,6,7,6,5,7,6,6,6,7,6,6,6,6,7,8,7,7,6,6,7,7,10,11,7,8,8,7,7,14,5,5,5,5,5,5,5,5,5,5,5,5,5,5,5,5,5,5,5,5,5,5,5,5,5,5,5,5,5,5,5,5,5,5,5,5,5,5,5,5,5,5,5,5,5,5,5,5,5,5,5,5,5,5,5,5,5,5,5,5,5,5,5,5
75,678,671,669,668,670,650,651,660,681,671,672,668,672,668,653,660,684,680,685,672,672,668,665,662,680,694,689,685,675,665,670,672,687,697,700,701,690,680,674,674,707,708,700,685,690,680,678,675,720,712,690,703,699,689,704,700,721,709,718,715,697,699,708,690,6,5,5,6,4,4,5,5,5,5,5,4,5,5,5,5,7,6,5,5,4,6,4,5,7,5,7,5,5,4,6,5,7,5,4,5,6,5,5,6,5,5,5,6,8,5,6,6,7,9,6,7,6,5,7,10,9,11,7,9,8,7,8,10,5,5,5,5,5,5,5,5,5,5,5,5,5,5,5,5,5,5,5,5,5,5,5,5,5,5,5,5,5,5,5,5,5,5,5,5,5,5,5,5,5,5,5,5,5,5,5,5,5,5,5,5,5,5,5,5,5,5,5,5,5,5,5,5
76,690,674,666,672,656,647,649,658,680,679,677,671,664,665,655,655,684,710,675,674,676,671,671,665,717,691,682,694,679,676,666,663,696,700,699,677,691,684,683,671,705,710,706,692,691,690,668,691,720,717,707,711,688,694,675,682,719,696,705,716,699,711,709,680,6,5,5,5,5,5,5,8,6,6,7,6,5,5,5,5,8,7,7,7,5,6,4,5,8,5,6,6,5,5,6,6,10,6,5,6,6,5,5,6,6,7,6,7,6,5,5,7,8,10,6,6,5,5,6,7,9,14,5,9,6,8,11,16,5,5,5,5,5,5,5,5,5,5,5,5,5,5,5,5,5,5,5,5,5,5,5,5,5,5,5,5,5,5,5,5,5,5,5,5,5,5,5,5,5,5,5,5,5,5,5,5,5,5,5,5,5,5,5,5,5,5,5,5,5,5,5,5
77,666,666,670,659,660,652,650,640,676,682,681,662,664,663,661,649,687,690,686,686,677,665,658,659,686,698,688,684,678,675,663,657,703,676,694,689,685,674,679,673,699,704,701,702,685,685,677,688,723,718,698,708,699,699,703,690,732,711,710,705,713,693,688,730,6,6,5,5,5,4,5,5,7,5,4,4,4,4,4,4,7,7,6,5,5,5,5,5,6,6,6,5,5,5,5,5,6,6,4,6,5,5,5,7,8,6,6,6,8,5,5,6,6,9,7,7,6,7,6,8,7,10,6,7,5,5,6,9,5,5,5,5,5,5,5,5,5,5,5,5,5,5,5,5,5,5,5,5,5,5,5,5,5,5,5,5,5,5,5,5,5,5,5,5,5,5,5,5,5,5,5,5,5,5,5,5,5,5,5,5,5,5,5,5,5,5,5,5,5,5,5,5
78,670,673,675,659,652,654,655,653,688,678,659,672,666,661,657,651,702,687,669,684,669,664,669,666,703,693,687,684,679,675,677,665,705,689,695,685,693,689,669,669,736,705,699,695,677,691,669,677,709,723,700,701,689,692,682,694,718,735,709,704,699,702,701,701,8,6,6,6,5,5,5,6,5,6,5,4,6,5,5,4,9,6,6,6,5,5,6,4,6,6,6,6,5,6,6,6,6,6,7,7,7,6,6,6,5,8,6,6,5,6,6,6,9,12,8,7,6,7,8,8,9,15,8,8,9,6,7,9,5,5,5,5,5,5,5,5,5,5,5,5,5,5,5,5,5,5,5,5,5,5,5,5,5,5,5,5,5,5,5,5,5,5,5,5,5,5,5,5,5,5,5,5,5,5,5,5,5,5,5,5,5,5,5,5,5,5,5,5,5,5,5,5
79,673,675,665,652,647,659,654,652,695,675,672,665,663,663,659,650,686,695,688,676,667,666,663,657,700,689,679,683,675,674,672,659,705,693,692,698,682,683,677,682,697,699,706,694,688,692,685,679,720,711,701,696,697,694,696,695,729,714,707,710,692,707,703,689,7,5,5,6,4,4,5,5,6,5,5,5,4,4,5,5,8,7,5,5,4,5,5,5,7,5,7,5,5,4,6,6,6,5,4,7,6,5,5,6,6,6,6,5,8,5,5,6,10,7,7,8,6,6,7,8,10,10,7,7,7,8,7,12,5,5,5,5,5,5,5,5,5,5,5,5,5,5,5,5,5,5,5,5,5,5,5,5,5,5,5,5,5,5,5,5,5,5,5,5,5,5,5,5,5,5,5,5,5,5,5,5,5,5,5,5,5,5,5,5,5,5,5,5,5,5,5,5
80,690,683,661,656,648,652,646,643,678,687,675,672,667,660,657,659,683,689,686,678,672,674,657,657,703,693,691,675,682,676,676,668,696,690,679,682,683,689,674,664,710,714,700,696,703,702,678,673,706,719,709,698,691,702,690,683,717,729,711,706,709,709,693,689,8,5,5,6,4,6,6,6,8,6,5,5,6,5,5,5,8,6,5,6,5,6,5,5,7,6,6,5,5,5,6,8,11,5,6,6,6,5,5,5,6,6,6,7,6,6,7,6,7,10,6,8,5,6,8,8,12,14,7,11,7,8,6,9,5,5,5,5,5,5,5,5,5,5,5,5,5,5,5,5,5,5,5,5,5,5,5,5,5,5,5,5,5,5,5,5,5,5,5,5,5,5,5,5,5,5,5,5,5,5,5,5,5,5,5,5,5,5,5,5,5,5,5,5,5,5,5,5
81,673,671,672,667,650,646,649,659,684,673,673,669,668,670,657,652,683,689,678,675,670,664,662,663,694,695,691,682,673,671,674,674,707,702,692,698,690,680,682,679,705,693,710,694,690,694,679,684,709,706,696,704,688,691,695,680,716,706,708,715,706,693,708,683,7,6,5,6,4,4,5,7,6,5,5,5,5,5,5,5,8,7,6,5,5,5,5,5,8,5,5,5,5,5,7,6,9,6,6,5,6,6,5,6,6,7,6,6,7,5,5,7,9,6,6,7,6,6,6,9,10,9,6,11,8,7,8,10,5,5,5,5,5,5,5,5,5,5,5,5,5,5,5,5,5,5,5,5,5,5,5,5,5,5,5,5,5,5,5,5,5,5,5,5,5,5,5,5,5,5,5,5,5,5,5,5,5,5,5,5,5,5,5,5,5,5,5,5,5,5,5,5
82,674,679,664,663,653,662,656,654,693,680,671,674,654,668,666,647,679,688,680,678,665,661,671,661,689,695,696,675,679,679,676,660,707,694,689,682,690,693,681,681,725,709,701,688,693,687,687,686,730,706,722,693,685,693,689,701,718,721,718,717,699,694,708,675,6,6,5,5,4,5,5,6,6,6,5,4,5,5,5,5,8,8,5,7,5,5,5,5,7,6,6,4,6,6,7,8,9,6,6,6,7,5,4,6,7,7,7,6,7,7,7,9,8,10,7,7,7,6,6,7,13,11,7,8,7,7,9,10,5,5,5,5,5,5,5,5,5,5,5,5,5,5,5,5,5,5,5,5,5,5,5,5,5,5,5,5,5,5,5,5,5,5,5,5,5,5,5,5,5,5,5,5,5,5,5,5,5,5,5,5,5,5,5,5,5,5,5,5,5,5,5,5
83,680,668,668,667,655,661,651,656,689,673,679,676,662,664,653,659,696,684,671,664,674,659,670,667,685,694,683,681,685,672,668,657,699,704,697,700,680,683,684,669,707,706,698,702,687,702,688,690,707,712,698,700,691,684,692,677,726,725,712,718,702,687,699,697,6,5,6,5,4,4,5,5,6,5,6,4,5,4,5,5,8,7,5,5,5,4,4,5,6,5,5,6,5,5,5,7,7,5,4,6,5,6,5,7,6,6,5,5,6,6,5,5,8,8,6,6,7,6,7,8,9,11,6,8,7,7,7,12,5,5,5,5,5,5,5,5,5,5,5,5,5,5,5,5,5,5,5,5,5,5,5,5,5,5,5,5,5,5,5,5,5,5,5,5,5,5,5,5,5,5,5,5,5,5,5,5,5,5,5,5,5,5,5,5,5,5,5,5,5,5,5,5
84,675,667,665,659,659,660,650,632,678,677,682,671,662,661,650,642,699,686,683,692,667,677,661,654,696,690,672,692,661,679,672,663,694,699,693,692,683,681,678,676,713,706,700,696,697,677,683,677,703,721,701,699,700,690,687,688,723,716,715,708,689,709,690,663,6,7,5,6,5,5,5,5,7,6,5,6,5,5,5,6,7,7,6,5,4,6,5,5,7,6,6,7,5,5,4,5,8,6,4,5,6,5,5,7,7,6,6,7,6,6,6,6,8,9,7,9,7,6,8,7,8,9,9,14,7,7,7,12,5,5,5,5,5,5,5,5,5,5,5,5,5,5,5,5,5,5,5,5,5,5,5,5,5,5,5,5,5,5,5,5,5,5,5,5,5,5,5,5,5,5,5,5,5,5,5,5,5,5,5,5,5,5,5,5,5,5,5,5,5,5,5,5
85,678,664,673,663,661,655,656,650,677,679,678,671,659,652,662,653,687,682,676,671,672,655,664,672,692,693,698,674,669,688,673,673,708,696,692,695,683,680,694,681,721,698,696,693,696,675,689,668,708,719,707,704,703,684,688,690,724,710,719,709,702,701,695,713,5,5,6,4,3,4,5,5,6,5,4,5,4,4,4,5,7,6,6,6,4,5,4,6,6,6,6,5,4,6,6,5,7,5,5,5,6,5,5,7,6,6,6,5,7,5,7,6,8,10,7,8,7,5,6,9,9,12,8,7,7,9,6,14,5,5,5,5,5,5,5,5,5,5,5,5,5,5,5,5,5,5,5,5,5,5,5,5,5,5,5,5,5,5,5,5,5,5,5,5,5,5,5,5,5,5,5,5,5,5,5,5,5,5,5,5,5,5,5,5,5,5,5,5,5,5,5,5
86,690,673,672,662,654,654,650,650,686,674,681,677,660,661,655,658,692,679,674,673,675,671,666,660,705,682,692,678,680,666,669,670,717,692,699,696,681,681,678,663,722,706,699,690,693,694,685,679,720,710,709,701,675,700,694,706,731,720,706,705,708,705,698,691,8,5,6,7,5,4,6,6,6,5,5,5,5,5,6,5,7,8,6,6,6,6,5,6,7,6,7,5,5,4,6,7,9,5,6,7,5,5,6,6,8,6,6,7,7,5,6,6,9,8,6,8,8,5,6,11,13,13,5,8,7,9,8,11,5,5,5,5,5,5,5,5,5,5,5,5,5,5,5,5,5,5,5,5,5,5,5,5,5,5,5,5,5,5,5,5,5,5,5,5,5,5,5,5,5,5,5,5,5,5,5,5,5,5,5,5,5,5,5,5,5,5,5,5,5,5,5,5
87,684,680,666,667,657,661,645,649,689,678,683,670,666,656,659,651,683,688,678,672,674,667,655,651,707,694,684,678,682,672,668,678,705,698,693,696,687,674,674,674,719,702,694,700,679,690,695,675,704,719,708,698,688,695,681,688,712,713,700,707,705,694,702,683,7,6,5,5,5,5,5,6,6,5,5,5,5,4,4,5,8,6,5,5,5,5,5,6,7,5,7,5,5,5,6,6,6,6,6,6,6,5,6,6,7,6,5,5,7,7,7,7,8,8,7,7,5,6,7,9,9,10,6,7,6,8,6,11,5,5,5,5,5,5,5,5,5,5,5,5,5,5,5,5,5,5,5,5,5,5,5,5,5,5,5,5,5,5,5,5,5,5,5,5,5,5,5,5,5,5,5,5,5,5,5,5,5,5,5,5,5,5,5,5,5,5,5,5,5,5,5,5
88,665,672,670,666,666,664,660,654,683,675,680,682,667,662,663,659,689,702,686,685,674,669,671,660,690,688,689,685,669,671,676,673,706,707,689,688,685,672,680,680,719,710,700,683,703,682,685,667,702,723,706,699,691,698,703,682,728,718,714,706,707,698,680,713,6,7,5,5,4,6,6,6,6,5,5,4,5,5,4,6,7,9,7,5,5,6,5,5,6,5,6,5,5,5,6,6,9,9,6,7,6,5,6,7,7,5,6,7,7,5,6,6,7,10,8,8,6,6,6,8,10,10,7,9,6,7,9,11,5,5,5,5,5,5,5,5,5,5,5,5,5,5,5,5,5,5,5,5,5,5,5,5,5,5,5,5,5,5,5,5,5,5,5,5,5,5,5,5,5,5,5,5,5,5,5,5,5,5,5,5,5,5,5,5,5,5,5,5,5,5,5,5
89,671,664,672,677,663,654,647,660,692,676,678,673,670,662,673,655,683,686,675,665,666,668,663,659,702,684,681,680,674,673,669,662,706,693,685,698,690,675,679,673,723,699,699,699,680,685,703,683,716,721,708,690,685,693,694,686,713,718,718,712,697,690,688,717,5,5,5,6,4,5,4,6,7,5,4,6,5,4,4,4,8,8,6,5,4,5,5,4,7,5,6,5,5,5,6,6,7,5,5,5,7,6,5,5,7,6,5,6,7,7,8,7,7,9,6,8,5,6,7,7,9,11,8,8,8,5,6,10,5,5,5,5,5,5,5,5,5,5,5,5,5,5,5,5,5,5,5,5,5,5,5,5,5,5,5,5,5,5,5,5,5,5,5,5,5,5,5,5,5,5,5,5,5,5,5,5,5,5,5,5,5,5,5,5,5,5,5,5,5,5,5,5
90,667,661,664,665,663,652,641,650,687,687,671,666,666,666,663,648,687,694,683,683,661,665,672,667,702,695,688,685,685,676,674,675,692,703,691,703,689,680,686,671,723,691,700,691,700,686,687,695,723,688,704,689,692,705,686,687,711,710,715,708,712,706,704,701,5,5,5,7,4,6,6,6,7,7,4,5,5,5,6,5,9,7,6,8,5,5,5,5,8,6,8,6,5,5,5,5,9,6,6,6,6,6,5,6,8,6,6,8,7,6,5,7,9,9,7,9,6,8,6,8,10,14,7,8,9,6,8,10,5,5,5,5,5,5,5,5,5,5,5,5,5,5,5,5,5,5,5,5,5,5,5,5,5,5,5,5,5,5,5,5,5,5,5,5,5,5,5,5,5,5,5,5,5,5,5,5,5,5,5,5,5,5,5,5,5,5,5,5,5,5,5,5
91,674,677,658,660,664,658,651,653,683,677,677,666,661,658,644,654,693,688,681,671,670,683,662,656,702,691,682,684,677,675,668,676,698,705,687,691,690,684,668,669,707,698,694,704,691,697,680,668,714,708,698,706,691,683,682,681,730,715,710,704,709,704,690,709,6,5,5,5,4,4,5,5,6,5,4,5,4,5,4,5,7,6,6,5,4,5,5,5,5,6,6,5,6,5,5,6,8,6,6,7,6,5,5,5,5,7,6,6,7,5,5,5,6,8,8,5,6,6,6,5,13,15,6,8,6,9,8,11,5,5,5,5,5,5,5,5,5,5,5,5,5,5,5,5,5,5,5,5,5,5,5,5,5,5,5,5,5,5,5,5,5,5,5,5,5,5,5,5,5,5,5,5,5,5,5,5,5,5,5,5,5,5,5,5,5,5,5,5,5,5,5,5
92,690,673,674,667,653,646,647,653,698,673,673,672,673,658,659,653,710,688,676,679,670,658,667,660,697,684,682,683,674,675,671,657,690,710,690,692,676,684,679,685,711,710,686,691,688,683,682,687,731,702,705,714,712,692,685,695,744,713,704,700,690,695,697,704,7,6,6,5,5,5,4,6,7,5,6,6,6,5,6,5,9,7,7,5,5,6,4,5,7,6,7,5,5,5,6,6,7,7,5,7,6,5,6,7,7,5,5,7,7,6,6,8,9,8,5,8,7,6,6,12,10,9,7,10,8,7,7,12,5,5,5,5,5,5,5,5,5,5,5,5,5,5,5,5,5,5,5,5,5,5,5,5,5,5,5,5,5,5,5,5,5,5,5,5,5,5,5,5,5,5,5,5,5,5,5,5,5,5,5,5,5,5,5,5,5,5,5,5,5,5,5,5
93,673,672,678,660,656,655,645,652,676,680,669,674,673,665,666,656,682,682,682,675,671,668,667,663,701,695,687,690,677,683,671,674,701,710,693,686,693,674,666,670,718,701,695,700,699,677,688,687,698,700,712,699,698,700,694,689,707,722,717,709,696,699,705,688,6,5,5,5,4,4,4,6,6,6,5,4,5,4,4,5,7,6,5,6,4,6,6,4,8,6,6,5,5,6,6,5,7,7,4,5,5,5,6,6,8,6,6,6,6,5,6,8,10,11,6,6,5,7,6,8,9,12,6,8,8,7,9,10,5,5,5,5,5,5,5,5,5,5,5,5,5,5,5,5,5,5,5,5,5,5,5,5,5,5,5,5,5,5,5,5,5,5,5,5,5,5,5,5,5,5,5,5,5,5,5,5,5,5,5,5,5,5,5,5,5,5,5,5,5,5,5,5
94,672,677,668,668,657,651,640,646,694,677,677,667,662,667,650,654,689,687,680,670,672,667,667,652,689,696,691,677,676,678,673,669,712,694,695,686,685,686,677,667,702,708,704,701,698,682,683,664,699,708,704,714,695,696,687,689,737,702,710,712,693,704,685,695,6,6,6,5,5,5,5,6,7,5,5,5,5,5,5,5,7,7,6,5,4,5,5,6,7,7,6,5,6,6,7,6,9,5,5,7,6,7,6,5,8,8,7,6,6,7,6,6,7,8,6,7,7,7,8,8,9,12,7,8,7,7,7,11,5,5,5,5,5,5,5,5,5,5,5,5,5,5,5,5,5,5,5,5,5,5,5,5,5,5,5,5,5,5,5,5,5,5,5,5,5,5,5,5,5,5,5,5,5,5,5,5,5,5,5,5,5,5,5,5,5,5,5,5,5,5,5,5
95,680,675,672,663,660,658,653,640,689,679,656,668,657,661,662,657,677,683,675,685,671,664,675,654,707,693,682,686,680,684,667,670,705,695,694,700,685,676,680,673,716,707,706,696,702,684,672,675,706,718,706,704,680,699,695,687,715,705,720,710,715,699,688,695,6,6,6,5,4,4,5,5,6,5,5,5,5,4,5,5,7,6,6,6,4,5,6,5,7,6,6,5,5,5,6,6,7,5,5,5,6,5,5,5,6,6,6,7,7,6,6,6,7,8,7,7,6,5,8,6,9,13,8,9,8,6,6,11,5,5,5,5,5,5,5,5,5,5,5,5,5,5,5,5,5,5,5,5,5,5,5,5,5,5,5,5,5,5,5,5,5,5,5,5,5,5,5,5,5,5,5,5,5,5,5,5,5,5,5,5,5,5,5,5,5,5,5,5,5,5,5,5
96,683,672,668,673,662,655,650,658,692,678,676,666,671,658,663,654,708,691,673,676,672,660,664,677,702,703,703,679,679,684,679,654,706,699,683,692,677,682,683,679,712,714,687,694,688,675,685,675,717,711,701,701,697,689,684,699,730,712,709,705,698,704,703,680,9,5,5,6,5,4,5,6,7,6,5,5,6,5,6,5,8,7,6,7,5,5,5,6,6,6,6,5,5,6,5,7,6,6,5,8,5,6,6,6,6,8,6,6,8,6,7,6,7,8,8,8,6,5,7,9,11,13,6,8,10,8,8,13,5,5,5,5,5,5,5,5,5,5,5,5,5,5,5,5,5,5,5,5,5,5,5,5,5,5,5,5,5,5,5,5,5,5,5,5,5,5,5,5,5,5,5,5,5,5,5,5,5,5,5,5,5,5,5,5,5,5,5,5,5,5,5,5
97,667,677,665,662,665,647,652,644,678,681,675,669,665,654,654,646,687,680,678,675,676,672,655,657,693,697,694,677,683,679,675,671,706,699,685,691,683,680,669,671,715,711,706,701,695,687,673,672,714,714,695,697,707,683,684,689,716,713,713,707,695,709,712,685,6,5,5,5,4,5,5,5,6,7,4,6,6,4,5,4,7,7,6,6,5,5,5,5,7,5,7,4,5,5,4,6,9,7,5,6,5,6,5,7,7,8,6,6,6,5,6,6,8,9,7,7,7,6,6,8,9,10,8,9,7,7,8,14,5,5,5,5,5,5,5,5,5,5,5,5,5,5,5,5,5,5,5,5,5,5,5,5,5,5,5,5,5,5,5,5,5,5,5,5,5,5,5,5,5,5,5,5,5,5,5,5,5,5,5,5,5,5,5,5,5,5,5,5,5,5,5,5
98,681,672,676,663,652,664,659,640,682,691,669,658,658,657,652,642,672,674,680,679,684,662,664,659,701,690,689,677,692,672,665,669,704,698,699,685,683,678,670,677,702,702,703,706,693,698,674,686,724,727,701,712,689,691,690,695,716,712,710,709,708,701,701,712,6,6,6,6,5,5,6,5,5,6,5,5,5,5,5,4,9,8,6,6,6,5,6,5,7,6,7,5,6,5,5,7,8,5,6,6,6,6,6,6,8,8,5,6,8,5,6,6,8,7,9,8,7,7,7,8,11,9,6,10,8,8,7,15,5,5,5,5,5,5,5,5,5,5,5,5,5,5,5,5,5,5,5,5,5,5,5,5,5,5,5,5,5,5,5,5,5,5,5,5,5,5,5,5,5,5,5,5,5,5,5,5,5,5,5,5,5,5,5,5,5,5,5,5,5,5,5,5
99,676,686,658,662,655,647,648,660,686,681,668,669,669,657,655,659,683,671,684,674,672,670,656,652,683,687,693,675,673,667,664,671,705,698,687,696,695,679,684,670,708,710,703,704,696,687,684,676,710,713,716,701,691,693,690,679,707,723,720,712,708,701,685,680,6,5,5,5,4,5,5,5,6,5,5,5,6,4,5,5,8,6,6,6,5,5,5,5,6,5,5,4,5,5,5,6,7,6,6,6,7,5,5,5,6,5,6,7,7,6,5,6,7,8,6,7,7,7,8,8,8,9,7,8,9,7,9,9,5,5,5,5,5,5,5,5,5,5,5,5,5,5,5,5,5,5,5,5,5,5,5,5,5,5,5,5,5,5,5,5,5,5,5,5,5,5,5,5,5,5,5,5,5,5,5,5,5,5,5,5,5,5,5,5,5,5,5,5,5,5,5,5
100,679,672,672,660,655,668,660,658,691,685,678,666,665,661,663,661,687,688,684,662,673,677,652,664,698,698,688,681,683,675,667,673,716,702,690,686,681,674,673,682,691,703,703,679,687,678,689,686,720,712,698,706,709,702,682,687,732,706,715,708,710,696,697,700,8,7,5,5,4,5,6,8,7,5,5,5,5,5,6,5,8,7,7,6,5,5,5,6,8,6,7,5,5,5,6,5,8,7,5,6,6,6,5,5,6,9,7,7,6,7,6,7,7,9,7,7,7,5,8,8,14,12,8,9,7,5,7,11,5,5,5,5,5,5,5,5,5,5,5,5,5,5,5,5,5,5,5,5,5,5,5,5,5,5,5,5,5,5,5,5,5,5,5,5,5,5,5,5,5,5,5,5,5,5,5,5,5,5,5,5,5,5,5,5,5,5,5,5,5,5,5,5
101,685,670,670,665,662,659,651,650,684,676,669,664,666,664,658,659,696,683,687,677,672,665,658,658,696,695,686,687,671,679,668,660,699,700,693,697,698,677,683,695,712,706,697,702,696,681,684,684,713,702,719,701,698,690,687,685,726,733,717,697,707,707,701,699,5,6,5,5,5,4,4,5,5,5,5,5,5,5,6,5,7,7,5,6,5,5,5,5,6,5,6,5,5,5,5,6,7,6,5,5,5,5,5,8,7,7,7,7,6,7,6,5,7,7,6,7,6,5,7,8,15,9,7,7,9,8,6,8,5,5,5,5,5,5,5,5,5,5,5,5,5,5,5,5,5,5,5,5,5,5,5,5,5,5,5,5,5,5,5,5,5,5,5,5,5,5,5,5,5,5,5,5,5,5,5,5,5,5,5,5,5,5,5,5,5,5,5,5,5,5,5,5
102,683,667,664,660,660,654,649,653,679,670,682,677,665,657,663,645,678,683,691,670,672,666,658,666,698,694,693,692,682,672,672,662,692,701,694,689,685,680,677,670,714,712,694,684,699,683,688,672,718,712,705,693,697,703,697,685,723,733,709,700,706,681,700,697,6,6,6,5,4,6,5,6,6,5,6,5,5,4,4,5,8,8,5,6,5,5,5,6,6,6,7,4,6,6,5,8,9,5,5,6,6,6,5,7,8,8,6,8,7,5,6,6,7,8,7,7,6,6,6,7,10,11,7,6,8,6,7,12,5,5,5,5,5,5,5,5,5,5,5,5,5,5,5,5,5,5,5,5,5,5,5,5,5,5,5,5,5,5,5,5,5,5,5,5,5,5,5,5,5,5,5,5,5,5,5,5,5,5,5,5,5,5,5,5,5,5,5,5,5,5,5,5
103,680,676,677,656,657,655,648,640,685,678,672,664,672,657,664,656,675,682,676,681,673,669,665,663,693,700,689,691,683,674,670,665,696,703,690,696,681,679,675,679,720,702,696,697,701,694,679,684,714,723,703,708,697,682,698,693,715,722,721,709,708,698,697,687,6,5,6,5,5,4,5,5,6,4,5,5,5,4,4,5,7,5,6,5,5,5,4,5,7,6,7,6,5,5,6,6,8,6,4,5,5,5,4,6,8,6,5,6,6,6,5,5,6,9,8,6,7,6,6,7,6,9,7,7,8,7,7,13,5,5,5,5,5,5,5,5,5,5,5,5,5,5,5,5,5,5,5,5,5,5,5,5,5,5,5,5,5,5,5,5,5,5,5,5,5,5,5,5,5,5,5,5,5,5,5,5,5,5,5,5,5,5,5,5,5,5,5,5,5,5,5,5
104,678,669,672,660,656,662,656,644,688,687,673,671,676,667,649,657,684,682,678,689,672,666,663,662,693,705,682,691,683,670,683,659,693,691,685,704,687,676,671,688,709,698,705,703,698,676,676,674,717,704,703,695,705,698,681,688,745,729,720,727,692,696,709,705,6,6,6,5,5,5,6,5,8,7,6,5,6,4,5,6,7,9,5,8,4,5,5,6,8,7,6,6,6,5,7,7,8,6,6,7,6,6,6,9,6,7,7,6,9,6,8,6,9,8,7,7,7,7,8,7,11,10,7,8,8,6,8,13,5,5,5,5,5,5,5,5,5,5,5,5,5,5,5,5,5,5,5,5,5,5,5,5,5,5,5,5,5,5,5,5,5,5,5,5,5,5,5,5,5,5,5,5,5,5,5,5,5,5,5,5,5,5,5,5,5,5,5,5,5,5,5,5
105,673,674,668,658,648,654,664,650,685,676,670,658,662,659,652,650,688,681,691,662,667,675,657,668,686,696,677,688,678,685,678,677,684,695,687,707,691,678,673,674,716,703,709,697,694,692,677,679,705,713,695,700,676,692,690,682,722,718,731,701,697,704,706,704,5,5,5,5,4,5,6,5,7,5,6,4,5,4,5,5,7,6,5,6,4,5,5,5,7,5,6,5,4,6,5,6,7,5,5,5,6,6,6,6,7,5,7,6,8,6,7,6,7,9,7,6,5,7,7,8,11,11,6,9,7,6,7,14,5,5,5,5,5,5,5,5,5,5,5,5,5,5,5,5,5,5,5,5,5,5,5,5,5,5,5,5,5,5,5,5,5,5,5,5,5,5,5,5,5,5,5,5,5,5,5,5,5,5,5,5,5,5,5,5,5,5,5,5,5,5,5,5
106,672,682,669,659,656,654,653,645,690,673,679,669,663,652,655,654,676,679,680,683,677,664,669,654,691,700,678,677,685,681,674,665,718,693,681,686,697,676,680,675,703,714,698,700,689,691,673,681,724,719,699,700,693,692,683,692,713,723,713,694,702,704,702,686,7,5,5,5,5,5,5,6,6,6,5,6,5,4,5,5,7,6,5,6,5,5,4,5,7,6,7,5,6,6,5,7,11,5,5,6,7,5,5,6,6,5,6,6,6,7,7,8,6,9,8,7,7,6,8,8,9,8,7,9,8,5,6,12,5,5,5,5,5,5,5,5,5,5,5,5,5,5,5,5,5,5,5,5,5,5,5,5,5,5,5,5,5,5,5,5,5,5,5,5,5,5,5,5,5,5,5,5,5,5,5,5,5,5,5,5,5,5,5,5,5,5,5,5,5,5,5,5
107,682,677,665,667,657,647,647,645,696,672,677,671,674,653,666,654,685,672,684,682,674,663,669,669,701,694,679,676,680,671,665,660,713,698,682,688,680,668,660,668,714,697,699,701,703,683,688,680,720,710,698,700,689,692,697,694,722,734,711,693,686,685,693,690,7,6,5,5,5,5,5,5,5,5,5,4,6,4,5,4,7,6,5,6,5,5,5,6,7,6,5,4,5,5,6,6,6,6,6,6,6,5,5,6,6,6,6,7,6,6,6,7,6,9,6,8,5,6,6,8,11,10,6,7,6,6,7,9,5,5,5,5,5,5,5,5,5,5,5,5,5,5,5,5,5,5,5,5,5,5,5,5,5,5,5,5,5,5,5,5,5,5,5,5,5,5,5,5,5,5,5,5,5,5,5,5,5,5,5,5,5,5,5,5,5,5,5,5,5,5,5,5
108,685,676,682,669,656,665,648,642,681,674,672,671,668,663,662,650,701,684,683,683,666,672,667,660,697,685,686,683,670,669,669,665,698,699,696,690,678,672,676,669,710,700,702,685,685,688,685,681,708,718,706,690,695,708,696,682,723,730,724,696,694,708,696,687,6,5,6,6,5,5,5,6,6,5,4,5,5,5,5,4,8,7,7,6,5,5,6,5,7,5,8,5,5,4,6,6,11,6,4,7,6,5,7,6,7,7,6,8,9,6,5,6,7,9,8,7,6,5,6,8,10,12,7,7,8,7,6,11,5,5,5,5,5,5,5,5,5,5,5,5,5,5,5,5,5,5,5,5,5,5,5,5,5,5,5,5,5,5,5,5,5,5,5,5,5,5,5,5,5,5,5,5,5,5,5,5,5,5,5,5,5,5,5,5,5,5,5,5,5,5,5,5
109,676,678,663,659,660,653,652,648,679,674,674,670,667,663,661,648,683,675,679,672,679,668,667,658,686,677,695,684,667,673,670,671,707,695,694,683,692,674,675,670,701,702,703,691,685,691,676,667,728,714,728,699,700,683,687,689,723,707,713,703,708,693,703,692,6,5,4,5,5,5,5,6,6,5,6,5,5,5,5,4,7,6,5,6,5,5,5,5,7,6,6,5,5,5,6,6,6,5,4,6,6,5,6,5,5,6,6,6,7,6,8,5,7,7,7,7,7,5,7,8,10,10,6,7,7,7,8,8,5,5,5,5,5,5,5,5,5,5,5,5,5,5,5,5,5,5,5,5,5,5,5,5,5,5,5,5,5,5,5,5,5,5,5,5,5,5,5,5,5,5,5,5,5,5,5,5,5,5,5,5,5,5,5,5,5,5,5,5,5,5,5,5
110,669,669,673,665,658,655,645,652,683,681,683,668,671,658,662,649,689,679,686,684,673,664,677,659,686,697,691,678,675,681,676,651,707,700,684,688,690,676,681,677,718,709,698,703,684,680,677,679,726,711,701,704,707,689,695,689,730,734,715,711,719,695,687,707,6,6,5,5,5,5,5,5,5,6,5,5,5,5,5,5,10,6,5,8,5,6,5,5,7,6,6,5,5,6,7,6,7,6,6,5,6,7,5,7,8,6,6,8,8,8,7,8,7,10,8,6,8,7,5,6,8,16,7,8,7,7,6,13,5,5,5,5,5,5,5,5,5,5,5,5,5,5,5,5,5,5,5,5,5,5,5,5,5,5,5,5,5,5,5,5,5,5,5,5,5,5,5,5,5,5,5,5,5,5,5,5,5,5,5,5,5,5,5,5,5,5,5,5,5,5,5,5
111,669,675,671,663,656,656,643,653,679,679,674,669,662,660,661,643,684,683,670,675,673,668,664,661,699,703,687,689,682,675,680,676,709,704,688,682,682,672,679,677,712,703,706,707,688,677,690,678,715,699,713,705,699,699,688,679,729,709,712,720,712,701,695,722,5,5,5,5,5,5,5,6,6,5,5,5,4,5,5,5,8,9,6,6,5,5,6,5,7,5,6,6,5,4,5,6,7,5,5,5,5,5,5,6,7,6,7,6,7,5,7,6,7,6,7,6,7,7,7,10,12,10,6,10,7,5,6,18,5,5,5,5,5,5,5,5,5,5,5,5,5,5,5,5,5,5,5,5,5,5,5,5,5,5,5,5,5,5,5,5,5,5,5,5,5,5,5,5,5,5,5,5,5,5,5,5,5,5,5,5,5,5,5,5,5,5,5,5,5,5,5,5
112,678,673,684,678,654,651,659,650,683,676,675,672,662,666,656,657,707,693,686,673,669,670,656,671,675,691,684,693,677,667,663,665,705,694,688,692,681,679,672,677,722,699,691,689,696,692,672,673,720,705,695,714,697,699,690,669,729,735,709,726,690,685,696,682,8,6,6,6,5,5,6,4,5,5,6,5,5,5,4,5,7,8,5,5,5,6,5,5,7,6,7,6,5,5,5,6,8,5,6,5,6,6,6,7,7,6,6,7,6,7,7,7,8,8,7,6,7,7,8,9,9,10,6,10,6,9,7,11,5,5,5,5,5,5,5,5,5,5,5,5,5,5,5,5,5,5,5,5,5,5,5,5,5,5,5,5,5,5,5,5,5,5,5,5,5,5,5,5,5,5,5,5,5,5,5,5,5,5,5,5,5,5,5,5,5,5,5,5,5,5,5,5
113,683,671,668,669,663,651,652,642,699,682,673,679,669,659,660,659,683,684,680,676,675,677,670,655,707,692,681,677,678,681,674,659,685,700,698,699,672,674,682,672,711,707,694,698,701,685,689,680,732,722,704,698,699,703,683,685,738,712,727,710,687,696,690,686,6,6,6,5,5,5,5,6,6,6,4,4,6,4,4,5,9,6,6,6,5,6,5,5,9,7,5,5,5,5,6,7,6,7,6,5,6,5,5,6,7,7,5,6,6,5,7,7,8,7,7,7,7,6,7,7,8,9,7,9,6,6,6,8,5,5,5,5,5,5,5,5,5,5,5,5,5,5,5,5,5,5,5,5,5,5,5,5,5,5,5,5,5,5,5,5,5,5,5,5,5,5,5,5,5,5,5,5,5,5,5,5,5,5,5,5,5,5,5,5,5,5,5,5,5,5,5,5
114,679,689,666,668,650,663,659,662,699,688,661,671,672,660,661,658,687,685,680,676,670,668,664,653,686,693,691,681,675,671,662,666,700,704,704,694,678,686,677,679,703,710,698,689,690,680,677,671,706,698,703,698,707,693,679,687,738,703,715,709,696,708,703,696,7,5,6,5,5,6,6,6,7,5,5,4,5,5,4,5,8,7,7,5,4,5,5,5,7,5,6,5,5,5,5,6,9,6,5,7,5,6,6,6,7,7,5,6,8,7,6,5,8,9,8,7,7,6,7,7,8,11,7,9,7,7,8,9,5,5,5,5,5,5,5,5,5,5,5,5,5,5,5,5,5,5,5,5,5,5,5,5,5,5,5,5,5,5,5,5,5,5,5,5,5,5,5,5,5,5,5,5,5,5,5,5,5,5,5,5,5,5,5,5,5,5,5,5,5,5,5,5
115,673,670,676,668,653,654,649,643,678,684,677,675,662,670,663,658,683,690,681,681,671,668,655,669,695,693,687,675,680,678,675,670,714,700,699,687,688,674,678,668,711,695,690,696,696,687,687,689,719,703,701,704,694,686,675,695,715,709,719,710,698,684,711,700,6,6,6,5,5,5,4,5,6,5,4,5,5,4,4,5,7,8,7,6,4,5,5,5,9,6,6,5,5,5,5,6,7,6,5,6,6,5,5,6,5,6,6,5,8,5,6,7,7,7,7,7,6,5,7,7,7,10,7,10,8,6,8,8,5,5,5,5,5,5,5,5,5,5,5,5,5,5,5,5,5,5,5,5,5,5,5,5,5,5,5,5,5,5,5,5,5,5,5,5,5,5,5,5,5,5,5,5,5,5,5,5,5,5,5,5,5,5,5,5,5,5,5,5,5,5,5,5
116,686,675,660,666,666,650,660,648,677,681,677,666,672,668,669,652,691,695,689,686,670,678,669,655,711,693,688,688,675,668,670,662,696,696,691,686,680,675,679,675,708,688,692,696,694,686,676,691,710,714,703,694,714,697,687,669,727,700,720,708,701,690,698,705,8,6,6,6,5,5,5,6,6,6,5,6,5,5,5,5,6,8,5,8,5,5,5,4,8,6,7,5,5,5,7,5,7,6,6,6,6,5,5,6,7,7,6,6,8,5,8,6,8,10,7,6,9,6,8,10,10,12,6,10,6,8,7,12,5,5,5,5,5,5,5,5,5,5,5,5,5,5,5,5,5,5,5,5,5,5,5,5,5,5,5,5,5,5,5,5,5,5,5,5,5,5,5,5,5,5,5,5,5,5,5,5,5,5,5,5,5,5,5,5,5,5,5,5,5,5,5,5
117,669,676,672,658,657,648,645,654,676,684,672,664,658,652,655,653,678,680,673,671,675,664,656,659,679,698,700,686,676,678,668,671,711,699,684,684,697,676,686,663,716,693,708,693,691,681,684,681,713,715,715,700,682,698,689,706,726,727,719,709,709,693,698,704,6,5,6,5,4,5,5,6,5,5,5,5,5,4,5,4,8,6,5,6,5,4,5,5,6,6,5,6,4,6,6,7,6,6,5,5,6,5,5,6,6,6,7,6,6,5,6,7,7,9,6,7,6,7,6,9,9,9,7,8,6,7,8,10,5,5,5,5,5,5,5,5,5,5,5,5,5,5,5,5,5,5,5,5,5,5,5,5,5,5,5,5,5,5,5,5,5,5,5,5,5,5,5,5,5,5,5,5,5,5,5,5,5,5,5,5,5,5,5,5,5,5,5,5,5,5,5,5
118,680,679,669,671,653,657,634,650,687,668,671,662,661,660,664,661,691,693,677,679,664,673,670,665,695,699,695,690,677,665,668,673,686,691,692,692,690,683,670,668,708,701,709,694,673,691,677,681,705,702,711,698,685,693,686,692,740,727,705,712,704,704,690,703,6,5,5,5,5,6,6,6,6,5,6,5,5,4,5,6,7,8,6,6,5,6,5,6,8,7,8,5,5,5,7,6,8,5,5,7,6,5,5,6,6,6,7,8,6,5,7,6,7,8,6,7,7,5,6,8,10,12,6,8,8,6,7,11,5,5,5,5,5,5,5,5,5,5,5,5,5,5,5,5,5,5,5,5,5,5,5,5,5,5,5,5,5,5,5,5,5,5,5,5,5,5,5,5,5,5,5,5,5,5,5,5,5,5,5,5,5,5,5,5,5,5,5,5,5,5,5,5
119,675,682,664,656,652,655,653,654,691,671,674,665,654,656,664,657,681,686,675,678,667,668,668,660,705,686,681,683,675,673,670,671,705,694,699,686,684,683,681,670,707,707,702,701,689,678,677,679,704,709,713,714,690,691,703,682,720,715,725,708,697,699,686,727,5,6,5,5,4,4,5,5,7,6,5,5,5,4,5,4,8,8,5,5,4,5,4,4,9,4,6,5,5,5,5,6,10,5,5,6,6,6,4,5,7,7,6,7,7,5,7,6,6,8,6,8,5,5,7,8,9,9,7,8,8,7,6,12,5,5,5,5,5,5,5,5,5,5,5,5,5,5,5,5,5,5,5,5,5,5,5,5,5,5,5,5,5,5,5,5,5,5,5,5,5,5,5,5,5,5,5,5,5,5,5,5,5,5,5,5,5,5,5,5,5,5,5,5,5,5,5,5
120,680,679,675,662,665,650,651,638,697,678,671,667,671,659,659,664,700,684,678,676,669,665,670,647,703,696,690,679,678,677,669,671,688,704,683,692,698,676,680,669,708,712,699,690,695,692,680,677,701,703,695,698,697,690,675,690,723,735,708,706,700,710,700,694,7,7,5,5,5,5,5,5,7,6,6,6,5,5,6,6,8,8,6,6,4,5,5,5,10,7,6,5,5,5,6,5,8,7,6,7,7,5,5,6,8,7,5,6,9,6,7,6,8,8,8,7,6,6,6,7,9,8,7,8,8,6,12,16,5,5,5,5,5,5,5,5,5,5,5,5,5,5,5,5,5,5,5,5,5,5,5,5,5,5,5,5,5,5,5,5,5,5,5,5,5,5,5,5,5,5,5,5,5,5,5,5,5,5,5,5,5,5,5,5,5,5,5,5,5,5,5,5
121,681,671,657,667,660,659,647,638,677,686,675,666,666,662,666,656,692,691,688,670,672,663,665,663,707,690,687,683,690,675,685,675,709,696,690,691,686,672,676,666,716,704,692,676,692,680,687,684,700,705,713,701,704,699,690,687,720,714,712,687,714,704,714,704,6,6,5,6,4,4,5,5,7,6,4,5,4,5,4,5,5,7,5,6,4,5,6,5,6,5,5,5,5,5,5,6,6,5,6,6,6,5,7,5,6,6,6,6,7,6,6,6,6,7,6,7,6,6,6,8,8,11,7,9,6,7,8,10,5,5,5,5,5,5,5,5,5,5,5,5,5,5,5,5,5,5,5,5,5,5,5,5,5,5,5,5,5,5,5,5,5,5,5,5,5,5,5,5,5,5,5,5,5,5,5,5,5,5,5,5,5,5,5,5,5,5,5,5,5,5,5,5
122,667,675,675,673,658,657,652,639,678,686,678,653,667,660,670,652,692,680,680,670,672,666,669,659,699,686,692,683,690,676,668,675,690,704,690,694,688,675,680,666,722,688,693,695,687,678,682,681,702,708,726,706,696,708,692,678,716,702,717,713,701,701,694,689,7,6,5,7,6,5,5,6,6,5,5,5,5,4,4,5,9,6,6,6,5,6,6,5,7,6,5,5,6,5,6,6,8,6,6,5,6,5,7,6,9,7,6,9,8,6,6,7,7,8,8,8,6,6,8,9,9,14,8,9,9,6,7,10,5,5,5,5,5,5,5,5,5,5,5,5,5,5,5,5,5,5,5,5,5,5,5,5,5,5,5,5,5,5,5,5,5,5,5,5,5,5,5,5,5,5,5,5,5,5,5,5,5,5,5,5,5,5,5,5,5,5,5,5,5,5,5,5
123,671,672,665,668,665,656,654,653,678,678,676,681,659,656,659,651,699,670,683,679,676,671,661,658,707,692,689,674,684,668,664,665,694,703,675,683,697,674,682,669,719,702,702,691,699,686,693,682,712,708,706,701,705,694,687,691,729,731,709,713,693,708,704,699,6,6,7,6,4,6,5,5,6,5,5,4,6,4,6,5,7,7,6,6,5,6,5,5,7,5,6,5,5,5,6,6,9,7,5,6,6,6,4,5,8,7,5,6,6,5,7,5,7,8,7,7,6,6,6,9,11,10,6,10,7,8,7,14,5,5,5,5,5,5,5,5,5,5,5,5,5,5,5,5,5,5,5,5,5,5,5,5,5,5,5,5,5,5,5,5,5,5,5,5,5,5,5,5,5,5,5,5,5,5,5,5,5,5,5,5,5,5,5,5,5,5,5,5,5,5,5,5
124,678,681,670,671,646,670,655,646,680,679,676,669,669,654,660,658,700,687,679,681,664,667,669,668,682,687,690,689,684,679,675,666,716,695,701,689,674,674,676,671,707,691,713,686,690,690,675,680,716,705,706,717,713,700,677,694,721,713,705,709,709,698,692,679,7,5,5,5,5,6,6,6,5,6,7,5,5,5,5,5,7,6,7,6,5,6,4,6,6,5,7,6,5,6,7,6,6,6,5,6,6,5,6,5,7,7,7,7,9,5,6,6,8,8,8,7,6,6,6,12,8,12,6,8,8,7,8,12,5,5,5,5,5,5,5,5,5,5,5,5,5,5,5,5,5,5,5,5,5,5,5,5,5,5,5,5,5,5,5,5,5,5,5,5,5,5,5,5,5,5,5,5,5,5,5,5,5,5,5,5,5,5,5,5,5,5,5,5,5,5,5,5
125,672,684,665,657,656,658,652,658,688,677,683,671,661,662,660,654,702,697,673,685,673,661,663,656,682,688,695,674,684,679,668,667,688,697,692,697,685,682,687,676,710,703,692,698,703,689,686,677,710,709,705,705,701,693,693,692,716,727,714,703,701,702,686,709,7,5,5,5,4,4,4,7,6,5,5,5,5,4,5,5,8,8,6,5,5,4,4,5,6,5,5,5,5,5,5,5,7,5,4,6,6,6,5,5,7,6,5,6,6,5,5,6,9,8,6,8,6,6,7,8,9,13,6,8,7,8,6,11,5,5,5,5,5,5,5,5,5,5,5,5,5,5,5,5,5,5,5,5,5,5,5,5,5,5,5,5,5,5,5,5,5,5,5,5,5,5,5,5,5,5,5,5,5,5,5,5,5,5,5,5,5,5,5,5,5,5,5,5,5,5,5,5
126,681,689,675,664,652,660,661,653,681,683,676,666,675,660,667,651,690,692,683,679,668,674,664,656,697,689,674,678,675,672,668,662,682,688,698,702,678,684,689,672,710,699,705,705,697,686,685,678,701,716,695,701,699,692,697,684,733,708,707,698,699,702,707,716,6,6,6,6,5,5,6,7,6,7,5,5,6,5,4,5,7,7,5,6,5,6,5,5,7,6,6,5,5,5,6,5,6,6,5,5,7,6,6,6,6,6,6,6,6,6,6,6,9,9,8,8,5,6,7,6,10,11,7,7,6,6,9,14,5,5,5,5,5,5,5,5,5,5,5,5,5,5,5,5,5,5,5,5,5,5,5,5,5,5,5,5,5,5,5,5,5,5,5,5,5,5,5,5,5,5,5,5,5,5,5,5,5,5,5,5,5,5,5,5,5,5,5,5,5,5,5,5
127,676,668,668,661,663,651,659,654,684,674,676,671,655,660,656,660,690,681,685,674,670,673,671,660,690,692,684,684,684,664,675,664,716,696,687,695,688,678,672,674,702,685,693,698,685,686,699,692,718,709,709,697,706,697,685,683,719,726,702,711,708,707,699,695,6,4,6,5,5,4,4,6,6,5,5,5,4,5,5,5,7,7,5,6,5,4,4,4,6,5,6,5,5,4,6,5,7,6,5,4,6,5,5,5,7,6,6,6,7,5,5,6,8,9,7,7,7,7,8,9,10,12,7,10,6,6,8,11,5,5,5,5,5,5,5,5,5,5,5,5,5,5,5,5,5,5,5,5,5,5,5,5,5,5,5,5,5,5,5,5,5,5,5,5,5,5,5,5,5,5,5,5,5,5,5,5,5,5,5,5,5,5,5,5,5,5,5,5,5,5,5,5
128,668,666,671,670,662,668,647,652,697,675,663,668,673,668,652,653,691,679,684,676,677,667,662,664,703,689,684,687,677,685,673,663,683,700,693,688,685,692,669,676,712,706,710,690,689,676,675,677,701,715,687,693,693,690,675,703,709,724,715,725,704,697,694,706,6,6,5,6,4,5,4,6,8,5,5,6,6,6,5,6,8,8,6,6,5,5,6,5,7,5,7,6,5,5,5,6,7,6,5,7,5,7,6,6,7,6,6,7,6,7,7,7,6,8,7,7,6,6,7,10,7,11,7,11,9,9,7,11,5,5,5,5,5,5,5,5,5,5,5,5,5,5,5,5,5,5,5,5,5,5,5,5,5,5,5,5,5,5,5,5,5,5,5,5,5,5,5,5,5,5,5,5,5,5,5,5,5,5,5,5,5,5,5,5,5,5,5,5,5,5,5,5
129,677,674,672,662,658,661,645,654,688,666,675,670,660,663,650,659,672,678,687,666,679,663,669,658,696,688,681,672,681,677,676,658,704,699,696,688,687,681,678,667,706,708,694,699,681,693,689,672,715,710,707,696,705,691,692,682,732,737,717,696,699,694,706,701,6,6,5,5,5,5,5,6,6,6,5,6,4,5,5,5,8,6,5,5,5,5,6,5,7,5,7,5,5,5,5,6,6,5,5,6,6,5,5,6,6,7,6,6,7,5,6,6,7,7,6,7,7,6,5,7,10,10,6,8,7,8,9,10,5,5,5,5,5,5,5,5,5,5,5,5,5,5,5,5,5,5,5,5,5,5,5,5,5,5,5,5,5,5,5,5,5,5,5,5,5,5,5,5,5,5,5,5,5,5,5,5,5,5,5,5,5,5,5,5,5,5,5,5,5,5,5,5
130,684,672,672,662,651,664,652,659,679,672,677,678,673,671,657,659,696,691,682,684,680,664,663,658,698,692,688,686,684,676,681,668,701,705,691,688,688,684,677,669,715,698,697,691,699,693,687,683,717,707,706,691,685,690,700,686,724,724,712,699,711,691,703,686,6,7,6,6,4,5,4,6,7,5,5,6,5,4,6,6,7,7,5,5,5,5,5,6,9,5,7,6,7,5,5,6,6,6,5,8,7,5,6,6,7,7,5,8,8,6,6,7,10,7,8,7,7,7,7,8,10,9,7,8,7,7,7,14,5,5,5,5,5,5,5,5,5,5,5,5,5,5,5,5,5,5,5,5,5,5,5,5,5,5,5,5,5,5,5,5,5,5,5,5,5,5,5,5,5,5,5,5,5,5,5,5,5,5,5,5,5,5,5,5,5,5,5,5,5,5,5,5
131,659,664,678,659,659,649,652,644,682,678,672,667,668,663,658,649,690,681,675,678,673,666,667,654,693,687,688,681,667,684,678,676,704,694,680,675,680,675,673,677,706,695,696,705,694,690,690,671,713,704,713,701,716,688,691,694,728,700,711,698,697,693,695,710,5,6,5,7,4,5,5,6,5,6,4,5,5,5,6,4,9,7,6,6,5,5,5,5,6,6,7,5,6,6,6,6,7,6,5,5,5,5,6,6,9,6,6,6,7,5,6,6,5,8,7,8,8,6,7,7,10,10,9,9,7,7,6,17,5,5,5,5,5,5,5,5,5,5,5,5,5,5,5,5,5,5,5,5,5,5,5,5,5,5,5,5,5,5,5,5,5,5,5,5,5,5,5,5,5,5,5,5,5,5,5,5,5,5,5,5,5,5,5,5,5,5,5,5,5,5,5,5
132,676,683,680,656,659,654,654,646,680,686,674,667,668,667,651,657,671,682,677,676,674,672,654,659,698,705,692,685,681,671,663,658,704,710,702,693,691,681,682,674,715,695,696,685,703,691,686,671,721,715,701,701,699,694,680,690,738,709,731,710,702,702,705,714,8,5,6,7,4,5,5,6,5,6,7,5,5,5,4,5,8,8,5,7,5,6,5,5,8,6,6,5,5,5,6,6,7,6,5,6,6,6,5,6,7,6,5,7,7,6,5,6,9,9,8,7,6,7,7,7,8,12,9,8,7,7,8,10,5,5,5,5,5,5,5,5,5,5,5,5,5,5,5,5,5,5,5,5,5,5,5,5,5,5,5,5,5,5,5,5,5,5,5,5,5,5,5,5,5,5,5,5,5,5,5,5,5,5,5,5,5,5,5,5,5,5,5,5,5,5,5,5
133,670,674,672,658,656,657,658,649,694,680,668,667,665,660,667,655,692,685,682,686,665,670,659,653,698,691,691,677,679,666,667,660,708,695,699,698,684,680,670,681,713,703,700,702,690,681,679,670,708,730,689,710,701,702,706,671,727,731,718,709,702,697,699,701,6,6,6,4,5,4,5,6,7,5,5,6,5,5,4,5,8,6,6,5,4,6,5,4,8,5,6,5,5,4,6,5,8,6,6,6,6,5,6,7,7,6,6,6,7,5,6,6,7,7,6,6,6,8,7,7,12,10,7,8,8,7,6,14,5,5,5,5,5,5,5,5,5,5,5,5,5,5,5,5,5,5,5,5,5,5,5,5,5,5,5,5,5,5,5,5,5,5,5,5,5,5,5,5,5,5,5,5,5,5,5,5,5,5,5,5,5,5,5,5,5,5,5,5,5,5,5,5
134,685,688,667,659,657,659,652,651,692,678,664,671,658,659,661,654,683,697,675,678,670,654,671,667,683,681,679,682,681,670,680,662,709,695,695,700,694,696,664,670,713,703,695,696,681,685,685,682,711,718,703,701,690,700,697,700,721,708,712,700,698,689,702,672,7,6,6,5,5,5,5,7,9,5,5,6,5,5,5,5,7,9,6,6,4,5,4,6,7,7,7,5,5,5,5,7,6,5,6,5,6,6,6,5,8,6,6,6,8,7,7,8,8,10,6,9,7,8,6,8,9,12,6,8,7,7,8,10,5,5,5,5,5,5,5,5,5,5,5,5,5,5,5,5,5,5,5,5,5,5,5,5,5,5,5,5,5,5,5,5,5,5,5,5,5,5,5,5,5,5,5,5,5,5,5,5,5,5,5,5,5,5,5,5,5,5,5,5,5,5,5,5
135,681,684,664,662,657,651,659,648,679,672,672,682,671,655,661,649,686,679,681,677,668,664,663,670,693,688,687,684,679,676,674,659,707,704,685,694,688,677,679,677,708,705,700,688,694,686,683,689,707,711,722,710,699,680,693,691,719,741,721,704,701,687,696,681,7,6,5,6,4,5,5,6,5,5,5,5,5,4,6,5,7,7,5,5,5,5,5,5,9,6,6,5,5,5,6,5,7,6,5,6,6,5,5,6,6,7,5,9,7,6,6,6,9,9,8,6,6,6,6,8,9,13,8,6,7,6,6,11,5,5,5,5,5,5,5,5,5,5,5,5,5,5,5,5,5,5,5,5,5,5,5,5,5,5,5,5,5,5,5,5,5,5,5,5,5,5,5,5,5,5,5,5,5,5,5,5,5,5,5,5,5,5,5,5,5,5,5,5,5,5,5,5
136,659,673,671,662,661,648,661,656,679,689,679,677,668,656,663,658,678,677,673,673,672,662,660,664,704,691,687,682,679,683,667,663,701,702,703,688,688,691,689,679,712,704,706,698,689,692,697,675,711,705,704,711,697,684,692,681,702,733,708,724,705,704,692,709,7,5,5,6,5,4,5,7,6,5,4,5,5,5,4,6,8,6,6,6,5,5,6,5,6,6,6,5,5,5,6,6,6,7,6,7,6,6,5,6,7,7,6,6,7,6,6,6,10,8,8,9,7,7,9,7,9,12,7,10,7,6,6,15,5,5,5,5,5,5,5,5,5,5,5,5,5,5,5,5,5,5,5,5,5,5,5,5,5,5,5,5,5,5,5,5,5,5,5,5,5,5,5,5,5,5,5,5,5,5,5,5,5,5,5,5,5,5,5,5,5,5,5,5,5,5,5,5
137,678,682,665,661,666,656,657,647,675,679,664,670,667,662,655,652,685,676,672,678,671,674,657,661,684,680,687,676,694,670,677,666,716,694,692,693,676,686,677,676,718,718,697,700,702,689,679,678,707,716,699,706,707,687,696,689,728,722,715,709,728,706,692,696,7,5,4,5,4,5,5,5,5,6,5,5,5,5,5,5,7,6,6,6,4,5,5,5,8,5,6,4,6,5,5,5,7,6,5,7,6,7,5,6,7,7,6,6,6,4,6,7,8,10,7,8,7,6,6,10,9,8,8,7,8,7,7,10,5,5,5,5,5,5,5,5,5,5,5,5,5,5,5,5,5,5,5,5,5,5,5,5,5,5,5,5,5,5,5,5,5,5,5,5,5,5,5,5,5,5,5,5,5,5,5,5,5,5,5,5,5,5,5,5,5,5,5,5,5,5,5,5
138,681,668,667,654,655,659,648,639,685,667,668,670,664,656,660,663,685,697,681,668,664,667,669,659,695,699,680,686,687,681,677,669,719,694,696,691,695,677,679,669,719,697,705,680,688,680,692,689,712,706,698,696,702,687,690,687,731,729,713,707,713,707,693,703,7,7,6,7,5,5,5,6,5,5,5,6,5,4,5,6,9,7,6,6,5,5,5,5,7,6,6,5,5,5,7,5,8,5,6,6,7,5,7,7,8,6,7,7,8,5,7,7,11,9,8,7,7,5,6,8,10,10,6,8,7,7,7,9,5,5,5,5,5,5,5,5,5,5,5,5,5,5,5,5,5,5,5,5,5,5,5,5,5,5,5,5,5,5,5,5,5,5,5,5,5,5,5,5,5,5,5,5,5,5,5,5,5,5,5,5,5,5,5,5,5,5,5,5,5,5,5,5
139,680,680,673,673,655,650,661,644,679,676,674,669,668,661,664,652,685,686,688,672,670,672,669,663,697,684,681,684,684,676,672,663,708,682,688,694,695,689,670,672,721,704,712,693,690,689,678,687,710,710,705,702,690,694,697,686,725,704,730,701,717,702,691,692,6,6,6,6,5,5,5,5,6,5,5,5,5,4,4,4,6,7,7,6,4,5,5,5,6,6,6,5,5,5,6,6,9,6,6,5,4,6,5,6,6,7,5,7,9,5,6,6,8,6,8,6,6,6,6,8,10,11,7,7,7,7,6,11,5,5,5,5,5,5,5,5,5,5,5,5,5,5,5,5,5,5,5,5,5,5,5,5,5,5,5,5,5,5,5,5,5,5,5,5,5,5,5,5,5,5,5,5,5,5,5,5,5,5,5,5,5,5,5,5,5,5,5,5,5,5,5,5
140,684,674,667,676,659,656,652,656,688,680,674,666,657,659,661,656,681,689,685,670,671,660,664,658,699,678,690,688,674,680,678,670,690,691,711,705,690,676,669,659,710,703,706,696,693,695,682,693,719,702,713,698,695,694,699,696,730,706,714,699,727,682,686,700,8,9,5,6,6,5,5,6,6,6,6,6,5,5,5,5,7,7,5,6,4,5,5,5,7,7,5,5,4,6,5,6,9,5,6,5,6,6,6,7,6,7,6,7,7,5,5,7,6,7,7,8,5,7,8,9,8,9,7,9,7,9,6,12,5,5,5,5,5,5,5,5,5,5,5,5,5,5,5,5,5,5,5,5,5,5,5,5,5,5,5,5,5,5,5,5,5,5,5,5,5,5,5,5,5,5,5,5,5,5,5,5,5,5,5,5,5,5,5,5,5,5,5,5,5,5,5,5
141,674,677,667,662,657,651,647,654,669,673,667,665,667,663,657,652,684,678,681,676,668,681,665,655,698,696,689,676,678,672,666,666,710,698,706,700,690,675,681,671,713,705,697,689,698,691,682,689,718,706,694,718,700,693,691,682,725,702,709,700,693,697,692,684,6,6,5,6,5,4,4,5,6,5,5,5,5,5,5,4,6,5,6,6,4,5,5,5,6,6,6,4,5,5,5,5,7,6,6,5,5,5,6,6,6,7,6,8,6,6,6,7,7,9,7,7,6,6,6,7,11,10,6,8,5,6,7,11,5,5,5,5,5,5,5,5,5,5,5,5,5,5,5,5,5,5,5,5,5,5,5,5,5,5,5,5,5,5,5,5,5,5,5,5,5,5,5,5,5,5,5,5,5,5,5,5,5,5,5,5,5,5,5,5,5,5,5,5,5,5,5,5
142,682,670,670,668,650,653,649,644,685,674,670,667,677,665,654,652,690,687,679,668,685,661,657,669,706,698,680,690,687,674,661,658,712,708,685,676,690,684,674,668,715,695,703,691,695,690,685,679,714,706,691,708,700,694,702,681,730,709,716,695,699,701,709,690,6,6,5,5,5,6,4,7,7,5,5,6,6,4,5,5,11,9,6,5,5,5,5,5,7,6,6,6,5,5,6,6,10,7,5,6,8,6,6,6,7,6,6,6,7,8,7,7,10,9,7,7,6,7,7,9,12,7,8,8,9,7,11,11,5,5,5,5,5,5,5,5,5,5,5,5,5,5,5,5,5,5,5,5,5,5,5,5,5,5,5,5,5,5,5,5,5,5,5,5,5,5,5,5,5,5,5,5,5,5,5,5,5,5,5,5,5,5,5,5,5,5,5,5,5,5,5,5
143,673,676,670,662,651,659,664,641,693,673,672,663,657,661,661,646,687,691,685,671,673,663,674,668,699,695,701,681,689,680,664,666,703,682,692,701,687,686,678,667,700,701,693,690,693,678,690,689,701,717,707,712,697,684,700,694,718,697,714,702,689,691,700,678,6,6,5,5,4,4,6,5,6,5,4,5,5,5,5,5,7,8,5,5,5,6,5,5,7,6,6,5,6,5,7,7,7,5,5,6,5,6,5,6,6,8,6,6,6,5,6,6,7,8,7,6,6,7,6,8,10,8,6,7,7,6,8,8,5,5,5,5,5,5,5,5,5,5,5,5,5,5,5,5,5,5,5,5,5,5,5,5,5,5,5,5,5,5,5,5,5,5,5,5,5,5,5,5,5,5,5,5,5,5,5,5,5,5,5,5,5,5,5,5,5,5,5,5,5,5,5,5
144,664,674,666,658,652,669,653,638,682,669,682,664,665,659,661,656,699,675,675,673,667,659,660,662,692,691,691,692,684,673,682,671,690,708,692,697,699,681,676,682,699,703,697,703,692,691,679,686,723,734,714,693,694,704,698,703,736,734,723,716,700,703,701,691,6,7,5,6,5,6,6,5,6,5,5,5,5,5,4,5,8,7,6,5,4,5,6,6,7,7,6,6,6,4,5,6,9,7,6,6,6,6,5,6,8,8,7,8,8,6,7,7,9,9,7,7,6,5,6,8,11,13,9,10,8,7,8,11,5,5,5,5,5,5,5,5,5,5,5,5,5,5,5,5,5,5,5,5,5,5,5,5,5,5,5,5,5,5,5,5,5,5,5,5,5,5,5,5,5,5,5,5,5,5,5,5,5,5,5,5,5,5,5,5,5,5,5,5,5,5,5,5
145,678,680,659,668,662,648,653,650,683,687,675,661,663,663,648,647,689,677,685,670,669,674,664,674,697,695,678,683,681,669,673,677,712,693,697,689,688,679,677,673,716,707,700,699,696,687,698,678,724,729,705,706,689,700,686,697,725,709,716,693,698,689,719,716,7,5,5,6,4,5,5,6,5,6,5,5,5,4,5,4,7,7,5,5,4,5,5,7,7,6,6,5,5,5,6,6,8,6,5,6,6,5,6,6,7,7,6,6,7,6,8,7,7,9,8,7,6,5,7,8,8,12,5,9,6,8,10,14,5,5,5,5,5,5,5,5,5,5,5,5,5,5,5,5,5,5,5,5,5,5,5,5,5,5,5,5,5,5,5,5,5,5,5,5,5,5,5,5,5,5,5,5,5,5,5,5,5,5,5,5,5,5,5,5,5,5,5,5,5,5,5,5
146,681,673,670,659,657,659,649,656,696,679,679,669,662,663,648,657,674,680,681,678,671,665,657,656,700,687,691,690,679,686,665,659,716,706,696,689,694,685,687,682,707,698,697,682,693,687,686,680,714,698,707,702,689,685,694,700,714,718,703,702,701,700,708,687,7,5,6,5,5,4,6,6,7,6,5,6,4,5,5,5,7,6,5,7,5,6,5,4,6,5,7,6,5,6,6,8,9,7,5,7,8,5,6,7,6,6,6,7,7,6,7,6,7,8,6,7,6,7,8,8,9,8,7,8,8,6,9,11,5,5,5,5,5,5,5,5,5,5,5,5,5,5,5,5,5,5,5,5,5,5,5,5,5,5,5,5,5,5,5,5,5,5,5,5,5,5,5,5,5,5,5,5,5,5,5,5,5,5,5,5,5,5,5,5,5,5,5,5,5,5,5,5
147,680,676,664,666,659,648,657,652,682,675,676,669,659,659,649,650,689,692,674,665,671,670,667,659,701,687,688,680,681,673,674,656,707,688,694,687,685,688,679,673,720,699,708,703,701,683,676,681,716,714,707,698,700,700,691,694,725,699,717,706,687,708,691,705,7,6,4,4,4,5,6,4,5,5,5,6,4,4,5,4,8,6,6,6,5,6,5,6,5,5,6,5,5,5,5,6,6,6,5,5,6,6,6,6,7,7,6,6,6,4,7,5,6,9,6,8,7,5,7,8,10,12,6,8,7,7,6,13,5,5,5,5,5,5,5,5,5,5,5,5,5,5,5,5,5,5,5,5,5,5,5,5,5,5,5,5,5,5,5,5,5,5,5,5,5,5,5,5,5,5,5,5,5,5,5,5,5,5,5,5,5,5,5,5,5,5,5,5,5,5,5,5
148,678,668,663,674,660,645,649,646,672,677,677,671,673,666,661,637,668,679,676,676,671,662,670,660,709,690,688,692,676,668,671,670,673,702,683,696,682,679,686,672,700,708,705,700,694,691,673,692,698,717,716,697,691,688,703,689,729,711,718,710,713,700,685,711,7,7,6,6,5,4,5,6,6,6,5,6,5,5,5,5,8,6,6,6,5,6,5,5,7,5,7,6,6,5,5,6,6,7,6,6,5,6,5,7,8,5,6,6,7,6,7,8,8,9,7,7,5,7,7,8,8,13,7,9,8,7,7,10,5,5,5,5,5,5,5,5,5,5,5,5,5,5,5,5,5,5,5,5,5,5,5,5,5,5,5,5,5,5,5,5,5,5,5,5,5,5,5,5,5,5,5,5,5,5,5,5,5,5,5,5,5,5,5,5,5,5,5,5,5,5,5,5
149,678,677,661,661,675,659,651,653,688,661,665,667,668,662,656,655,695,678,690,671,673,656,665,664,691,687,677,684,682,668,671,667,700,696,688,682,682,682,675,671,713,715,707,701,688,679,683,682,717,705,700,699,707,701,681,686,727,713,688,701,704,711,679,696,7,5,5,5,5,5,4,7,6,5,5,5,5,4,5,5,6,6,5,5,5,5,5,4,7,5,5,5,5,4,6,6,9,5,6,6,6,5,5,6,8,8,6,6,6,6,6,6,8,8,5,8,6,4,6,10,9,9,6,8,8,7,8,9,5,5,5,5,5,5,5,5,5,5,5,5,5,5,5,5,5,5,5,5,5,5,5,5,5,5,5,5,5,5,5,5,5,5,5,5,5,5,5,5,5,5,5,5,5,5,5,5,5,5,5,5,5,5,5,5,5,5,5,5,5,5,5,5
150,689,686,670,664,656,655,652,657,674,677,673,666,662,659,667,663,690,687,685,673,665,667,670,663,708,693,683,690,670,673,670,669,709,707,683,686,687,680,678,669,701,723,707,693,687,689,689,671,710,701,693,714,700,682,694,709,748,718,718,720,702,701,702,672,7,7,5,5,5,5,5,5,5,6,5,5,5,5,5,5,7,7,5,6,5,5,5,6,8,6,7,6,5,6,7,5,6,7,5,7,8,5,5,6,7,6,7,6,8,6,6,5,7,8,8,6,7,6,7,13,11,12,8,7,8,6,8,10,5,5,5,5,5,5,5,5,5,5,5,5,5,5,5,5,5,5,5,5,5,5,5,5,5,5,5,5,5,5,5,5,5,5,5,5,5,5,5,5,5,5,5,5,5,5,5,5,5,5,5,5,5,5,5,5,5,5,5,5,5,5,5,5
151,682,672,667,664,653,662,655,649,686,685,681,678,659,656,659,650,702,690,677,686,664,662,669,669,698,688,691,682,680,677,664,653,705,697,692,693,682,676,667,672,720,703,701,681,692,679,679,673,726,712,713,702,706,708,672,686,723,708,723,691,710,697,711,692,8,5,5,5,4,5,5,6,6,6,5,4,5,4,5,5,7,9,5,5,5,6,4,5,8,6,6,4,5,5,6,6,6,6,5,5,6,5,5,6,7,7,6,7,5,6,6,6,7,8,6,6,6,5,6,7,10,11,7,8,7,6,9,12,5,5,5,5,5,5,5,5,5,5,5,5,5,5,5,5,5,5,5,5,5,5,5,5,5,5,5,5,5,5,5,5,5,5,5,5,5,5,5,5,5,5,5,5,5,5,5,5,5,5,5,5,5,5,5,5,5,5,5,5,5,5,5,5
152,672,687,663,667,663,656,646,645,688,684,691,677,666,657,656,653,692,691,672,681,678,666,662,672,707,693,685,687,677,677,672,658,696,696,691,681,702,677,671,680,715,699,692,698,695,697,678,678,710,711,718,709,700,692,689,698,702,759,716,700,693,714,692,702,7,6,5,5,5,5,5,5,7,6,6,6,5,5,5,5,9,7,6,6,5,6,6,6,7,6,7,6,5,5,7,6,9,7,6,5,7,6,6,6,8,7,8,5,8,6,7,7,7,8,6,9,7,7,8,10,9,12,6,10,7,7,7,16,5,5,5,5,5,5,5,5,5,5,5,5,5,5,5,5,5,5,5,5,5,5,5,5,5,5,5,5,5,5,5,5,5,5,5,5,5,5,5,5,5,5,5,5,5,5,5,5,5,5,5,5,5,5,5,5,5,5,5,5,5,5,5,5
153,678,666,659,667,661,651,656,650,696,678,681,670,665,664,661,658,692,679,677,674,663,665,669,654,702,689,681,690,676,676,676,670,708,701,690,686,681,679,685,673,713,708,700,690,703,687,682,675,731,714,706,707,700,696,686,686,722,704,717,714,720,689,716,686,7,5,4,5,5,4,5,5,6,6,5,5,5,5,4,5,7,5,6,5,4,5,5,4,5,6,6,5,5,4,5,6,8,5,6,6,6,5,5,6,7,7,6,6,7,5,5,6,8,9,8,8,7,7,7,7,7,11,7,9,9,7,6,14,5,5,5,5,5,5,5,5,5,5,5,5,5,5,5,5,5,5,5,5,5,5,5,5,5,5,5,5,5,5,5,5,5,5,5,5,5,5,5,5,5,5,5,5,5,5,5,5,5,5,5,5,5,5,5,5,5,5,5,5,5,5,5,5
154,674,672,658,675,658,671,654,643,674,676,677,670,659,665,667,667,696,694,686,683,682,669,663,661,693,692,686,683,673,666,676,664,700,692,695,691,685,681,681,678,724,693,702,691,693,688,688,679,715,726,709,707,706,692,693,690,719,731,716,707,711,689,687,684,6,5,5,6,5,6,5,5,6,6,5,5,5,5,4,5,6,7,5,5,6,6,5,5,7,6,7,6,4,5,6,7,7,5,6,7,6,5,5,6,7,6,7,7,7,4,5,8,10,8,6,7,8,6,8,7,10,13,7,8,7,7,5,13,5,5,5,5,5,5,5,5,5,5,5,5,5,5,5,5,5,5,5,5,5,5,5,5,5,5,5,5,5,5,5,5,5,5,5,5,5,5,5,5,5,5,5,5,5,5,5,5,5,5,5,5,5,5,5,5,5,5,5,5,5,5,5,5
155,673,671,658,657,657,658,643,641,689,675,676,671,674,652,664,645,679,688,675,678,672,675,667,667,700,686,681,673,673,676,672,657,719,706,696,687,677,676,684,674,729,706,701,706,700,679,687,680,714,707,715,700,694,688,697,687,718,698,714,693,702,690,720,694,5,5,6,5,5,5,5,5,7,5,4,6,6,4,4,5,7,7,6,6,4,6,6,5,6,6,6,5,5,5,5,6,8,6,4,6,6,6,5,6,8,6,5,7,6,6,5,6,9,6,6,7,5,7,6,6,13,8,6,9,7,8,10,9,5,5,5,5,5,5,5,5,5,5,5,5,5,5,5,5,5,5,5,5,5,5,5,5,5,5,5,5,5,5,5,5,5,5,5,5,5,5,5,5,5,5,5,5,5,5,5,5,5,5,5,5,5,5,5,5,5,5,5,5,5,5,5,5
156,671,664,656,666,658,651,643,650,686,669,670,663,671,663,658,650,684,688,670,675,668,660,672,659,697,700,689,678,684,686,688,657,689,697,688,686,693,681,683,671,709,697,704,692,692,675,690,686,722,707,710,693,694,701,701,688,738,701,716,708,700,694,706,707,7,6,6,5,5,5,5,6,7,5,6,5,5,4,5,6,8,7,6,6,4,4,5,6,9,7,6,5,5,6,6,7,8,5,6,6,6,6,6,5,7,7,5,8,7,5,6,6,8,7,6,8,6,6,7,8,12,9,6,8,7,8,7,12,5,5,5,5,5,5,5,5,5,5,5,5,5,5,5,5,5,5,5,5,5,5,5,5,5,5,5,5,5,5,5,5,5,5,5,5,5,5,5,5,5,5,5,5,5,5,5,5,5,5,5,5,5,5,5,5,5,5,5,5,5,5,5,5
157,679,677,660,666,662,654,652,652,674,684,674,669,664,662,650,651,695,690,679,679,670,676,655,659,700,678,696,684,672,662,660,666,693,693,685,691,677,687,676,682,711,707,706,693,705,678,682,677,702,723,710,692,699,695,696,687,707,719,720,708,708,701,715,663,7,6,4,6,5,4,5,5,6,5,4,5,5,5,5,4,9,7,6,5,4,6,5,5,7,5,5,5,5,5,5,8,8,5,5,6,5,6,6,5,7,5,6,7,7,6,5,6,6,10,6,7,6,7,9,8,10,9,9,9,6,7,9,11,5,5,5,5,5,5,5,5,5,5,5,5,5,5,5,5,5,5,5,5,5,5,5,5,5,5,5,5,5,5,5,5,5,5,5,5,5,5,5,5,5,5,5,5,5,5,5,5,5,5,5,5,5,5,5,5,5,5,5,5,5,5,5,5
158,680,679,654,666,663,651,655,646,675,678,667,674,672,661,667,656,686,681,676,669,682,659,658,666,698,693,684,678,676,676,678,658,704,703,706,702,686,682,669,676,715,717,697,703,691,694,672,694,717,703,700,696,699,693,698,696,735,706,703,702,697,711,710,685,7,6,5,6,6,6,5,6,7,6,5,5,5,4,4,6,9,7,5,5,5,5,6,6,9,6,6,5,4,5,5,6,7,6,6,5,6,6,6,5,7,5,6,7,6,6,6,7,9,9,8,7,7,7,6,8,8,9,5,8,7,6,7,15,5,5,5,5,5,5,5,5,5,5,5,5,5,5,5,5,5,5,5,5,5,5,5,5,5,5,5,5,5,5,5,5,5,5,5,5,5,5,5,5,5,5,5,5,5,5,5,5,5,5,5,5,5,5,5,5,5,5,5,5,5,5,5,5
159,677,687,668,661,653,653,656,657,671,678,674,668,666,658,662,642,681,685,665,680,679,665,660,663,695,691,698,679,679,681,678,665,690,690,698,694,694,686,680,667,702,702,702,696,691,679,688,679,721,711,715,695,693,690,685,693,726,719,711,703,712,698,696,699,6,6,4,6,5,4,4,6,6,5,4,5,5,4,5,5,7,6,5,6,5,5,5,5,8,5,8,5,5,5,6,6,8,5,6,6,7,6,5,5,6,7,5,6,8,6,6,6,6,8,7,6,6,6,7,7,9,8,7,7,9,6,7,11,5,5,5,5,5,5,5,5,5,5,5,5,5,5,5,5,5,5,5,5,5,5,5,5,5,5,5,5,5,5,5,5,5,5,5,5,5,5,5,5,5,5,5,5,5,5,5,5,5,5,5,5,5,5,5,5,5,5,5,5,5,5,5,5
160,668,664,669,666,660,660,650,652,682,673,676,667,664,667,656,659,693,692,675,682,672,662,651,670,680,694,698,681,676,679,680,658,686,683,705,687,684,674,690,666,704,715,692,703,691,693,688,679,722,724,700,703,700,706,682,678,727,723,711,718,699,688,695,705,7,7,7,5,5,5,5,7,6,5,6,5,5,5,6,6,8,8,6,5,5,5,5,7,6,6,6,5,5,5,5,6,8,7,7,6,7,5,5,6,6,7,5,6,6,5,6,8,7,10,9,8,8,5,8,10,10,11,8,10,8,8,7,11,5,5,5,5,5,5,5,5,5,5,5,5,5,5,5,5,5,5,5,5,5,5,5,5,5,5,5,5,5,5,5,5,5,5,5,5,5,5,5,5,5,5,5,5,5,5,5,5,5,5,5,5,5,5,5,5,5,5,5,5,5,5,5,5
161,680,672,671,662,654,662,652,658,686,682,673,670,673,667,661,650,698,701,682,683,675,663,661,663,701,692,690,689,682,665,665,656,702,694,699,687,685,672,669,672,712,713,697,695,695,687,690,681,724,729,704,701,695,693,685,689,722,715,716,698,707,695,705,686,7,6,6,5,4,4,4,6,6,5,5,6,5,5,4,4,7,9,5,6,5,5,6,4,6,6,5,5,4,5,5,6,6,6,5,6,6,5,6,5,6,7,7,6,6,5,6,6,6,10,8,7,5,5,7,8,8,10,6,11,6,10,7,11,5,5,5,5,5,5,5,5,5,5,5,5,5,5,5,5,5,5,5,5,5,5,5,5,5,5,5,5,5,5,5,5,5,5,5,5,5,5,5,5,5,5,5,5,5,5,5,5,5,5,5,5,5,5,5,5,5,5,5,5,5,5,5,5
162,677,673,677,660,662,648,647,654,679,672,674,669,671,668,662,656,685,683,684,667,671,673,665,660,708,683,685,689,682,662,675,667,709,695,693,690,696,679,675,671,699,702,695,696,689,695,686,670,711,710,724,718,698,694,698,687,713,718,710,700,693,702,699,680,7,5,6,7,4,4,5,5,8,5,5,5,5,5,5,5,8,8,5,6,5,5,4,4,8,5,6,5,6,5,7,8,7,5,5,6,6,6,6,6,5,6,7,6,9,7,7,7,9,8,8,7,7,7,5,7,8,10,8,9,7,7,8,13,5,5,5,5,5,5,5,5,5,5,5,5,5,5,5,5,5,5,5,5,5,5,5,5,5,5,5,5,5,5,5,5,5,5,5,5,5,5,5,5,5,5,5,5,5,5,5,5,5,5,5,5,5,5,5,5,5,5,5,5,5,5,5,5
163,668,670,668,665,659,663,648,647,686,680,685,664,666,652,656,657,683,691,685,681,679,667,666,659,702,692,683,685,673,681,676,665,713,697,695,701,690,681,693,676,721,698,698,695,675,687,685,677,715,714,701,700,703,693,678,694,723,726,706,716,712,708,688,686,5,6,5,5,5,5,4,7,6,5,5,5,5,4,5,4,8,7,5,6,5,6,6,5,6,5,6,5,6,5,6,6,7,6,5,5,7,5,6,6,7,7,5,6,6,5,6,6,8,8,8,8,6,6,6,7,9,9,6,7,7,7,6,12,5,5,5,5,5,5,5,5,5,5,5,5,5,5,5,5,5,5,5,5,5,5,5,5,5,5,5,5,5,5,5,5,5,5,5,5,5,5,5,5,5,5,5,5,5,5,5,5,5,5,5,5,5,5,5,5,5,5,5,5,5,5,5,5
164,683,669,681,662,667,657,648,654,682,669,679,663,668,664,655,649,686,678,683,679,678,671,658,656,707,696,679,689,682,675,684,669,701,689,695,694,691,687,682,680,696,713,698,693,690,685,688,679,713,697,706,697,700,689,685,692,711,721,719,714,703,699,698,717,7,6,5,5,4,4,5,6,6,5,5,6,5,5,5,4,6,7,5,6,5,5,5,4,7,6,5,5,6,5,8,6,12,5,7,5,6,6,5,7,7,5,6,7,7,6,6,6,8,7,7,7,6,6,6,7,11,14,6,9,9,6,9,14,5,5,5,5,5,5,5,5,5,5,5,5,5,5,5,5,5,5,5,5,5,5,5,5,5,5,5,5,5,5,5,5,5,5,5,5,5,5,5,5,5,5,5,5,5,5,5,5,5,5,5,5,5,5,5,5,5,5,5,5,5,5,5,5
165,687,672,670,659,666,649,649,646,685,680,673,676,657,668,673,668,697,689,681,673,674,666,670,657,692,684,693,680,675,680,669,663,704,692,692,687,692,688,678,672,719,711,696,686,698,684,690,683,711,722,708,703,696,691,691,691,716,711,713,725,706,709,697,686,8,5,6,5,4,5,5,6,6,5,4,5,5,5,5,5,7,8,5,5,5,4,5,6,7,5,6,5,5,5,6,5,6,4,4,6,6,6,6,6,7,8,6,7,7,5,7,6,7,7,6,8,6,7,7,7,8,9,6,7,8,6,6,14,5,5,5,5,5,5,5,5,5,5,5,5,5,5,5,5,5,5,5,5,5,5,5,5,5,5,5,5,5,5,5,5,5,5,5,5,5,5,5,5,5,5,5,5,5,5,5,5,5,5,5,5,5,5,5,5,5,5,5,5,5,5,5,5
166,678,674,664,664,659,652,657,647,686,674,673,683,667,663,661,636,700,684,672,684,671,665,663,669,697,688,685,683,685,686,669,678,696,688,683,683,679,676,675,667,707,703,696,686,675,691,677,679,718,684,693,711,698,692,699,680,730,723,698,714,697,695,701,708,8,6,5,5,4,5,6,5,7,6,4,5,5,5,4,6,7,7,6,6,5,5,4,6,7,5,7,5,5,5,6,7,9,6,6,7,6,5,6,5,8,8,6,7,7,6,7,6,7,9,8,7,6,6,6,9,10,10,7,7,7,8,7,11,5,5,5,5,5,5,5,5,5,5,5,5,5,5,5,5,5,5,5,5,5,5,5,5,5,5,5,5,5,5,5,5,5,5,5,5,5,5,5,5,5,5,5,5,5,5,5,5,5,5,5,5,5,5,5,5,5,5,5,5,5,5,5,5
167,675,669,662,670,666,656,652,648,675,674,677,671,668,651,652,651,672,689,674,674,673,670,672,662,699,703,679,676,683,674,675,667,714,709,694,693,688,670,683,688,712,714,703,689,707,688,678,670,719,697,707,704,699,689,691,708,717,709,725,721,697,704,698,703,5,5,5,6,4,4,4,5,5,5,4,5,4,4,5,4,7,9,5,5,4,5,4,4,8,6,5,6,5,5,6,7,7,6,4,5,6,5,5,6,8,7,6,6,7,6,5,6,6,8,6,6,7,7,7,7,8,9,8,10,9,5,6,9,5,5,5,5,5,5,5,5,5,5,5,5,5,5,5,5,5,5,5,5,5,5,5,5,5,5,5,5,5,5,5,5,5,5,5,5,5,5,5,5,5,5,5,5,5,5,5,5,5,5,5,5,5,5,5,5,5,5,5,5,5,5,5,5
168,676,682,670,673,667,651,645,642,684,682,672,667,653,654,654,652,696,685,678,684,669,666,655,662,691,683,694,690,671,680,669,672,700,697,690,690,686,678,684,675,705,707,705,699,687,692,700,684,725,703,681,708,691,690,692,688,718,723,735,716,711,697,686,703,7,5,7,6,5,5,4,6,6,6,6,5,5,4,5,4,8,9,6,7,4,5,5,5,7,6,6,5,7,6,5,6,9,5,6,6,7,6,6,6,6,7,7,6,8,5,6,7,7,6,6,10,7,6,6,7,9,9,8,11,7,6,6,10,5,5,5,5,5,5,5,5,5,5,5,5,5,5,5,5,5,5,5,5,5,5,5,5,5,5,5,5,5,5,5,5,5,5,5,5,5,5,5,5,5,5,5,5,5,5,5,5,5,5,5,5,5,5,5,5,5,5,5,5,5,5,5,5
169,671,671,674,655,650,650,651,648,682,674,687,661,659,657,662,646,694,689,672,676,675,670,661,661,700,695,696,672,682,674,668,662,719,701,690,697,700,686,684,668,710,696,698,700,699,683,685,681,707,723,705,710,689,695,696,685,704,730,695,709,706,699,691,690,6,6,5,5,4,5,4,6,6,5,6,4,5,4,4,4,8,8,6,5,4,5,5,5,6,5,7,5,5,5,5,5,7,6,5,6,7,6,4,5,6,7,5,6,7,6,5,6,6,7,8,6,6,4,6,8,8,15,7,10,6,7,8,11,5,5,5,5,5,5,5,5,5,5,5,5,5,5,5,5,5,5,5,5,5,5,5,5,5,5,5,5,5,5,5,5,5,5,5,5,5,5,5,5,5,5,5,5,5,5,5,5,5,5,5,5,5,5,5,5,5,5,5,5,5,5,5,5
170,692,670,683,671,644,662,660,643,698,677,683,673,678,660,661,656,697,700,689,686,679,671,671,659,701,687,680,683,681,676,680,667,695,702,678,685,688,670,667,674,706,702,703,684,685,687,694,668,717,713,698,708,696,690,685,678,717,721,704,696,702,704,706,709,9,7,5,5,4,5,5,6,8,6,5,5,6,4,5,5,8,8,4,6,4,5,4,5,5,6,5,5,5,5,6,6,7,6,5,6,6,5,6,6,6,7,6,6,7,6,8,6,7,11,8,7,7,6,7,8,10,10,7,9,8,7,9,20,5,5,5,5,5,5,5,5,5,5,5,5,5,5,5,5,5,5,5,5,5,5,5,5,5,5,5,5,5,5,5,5,5,5,5,5,5,5,5,5,5,5,5,5,5,5,5,5,5,5,5,5,5,5,5,5,5,5,5,5,5,5,5,5
171,665,678,658,663,657,657,647,661,693,682,676,674,663,655,664,654,676,675,664,680,669,671,666,661,700,688,685,679,673,678,663,674,690,697,697,692,689,688,673,680,708,701,694,688,678,688,677,674,715,706,695,687,696,688,687,704,713,715,710,711,710,693,693,694,6,5,4,6,5,5,4,5,7,6,5,4,5,4,4,5,7,7,5,5,5,5,5,5,6,5,6,5,5,5,5,6,7,5,5,5,7,7,5,7,6,6,5,6,7,6,6,6,8,8,7,6,5,6,7,9,10,13,7,9,7,7,7,17,5,5,5,5,5,5,5,5,5,5,5,5,5,5,5,5,5,5,5,5,5,5,5,5,5,5,5,5,5,5,5,5,5,5,5,5,5,5,5,5,5,5,5,5,5,5,5,5,5,5,5,5,5,5,5,5,5,5,5,5,5,5,5,5
172,685,671,661,667,652,648,649,657,692,682,676,665,669,669,663,648,699,684,676,676,681,675,668,670,707,686,697,686,668,668,668,668,709,709,696,687,679,687,675,675,709,708,691,702,698,687,694,681,723,707,705,703,700,699,681,678,715,709,696,700,693,715,701,690,8,5,6,5,5,5,4,6,7,6,5,5,6,5,5,5,7,7,6,6,6,5,5,6,6,6,5,6,5,5,6,7,8,7,6,6,6,6,6,5,7,7,5,6,7,6,7,7,6,8,7,7,6,9,7,8,9,11,6,8,7,8,8,11,5,5,5,5,5,5,5,5,5,5,5,5,5,5,5,5,5,5,5,5,5,5,5,5,5,5,5,5,5,5,5,5,5,5,5,5,5,5,5,5,5,5,5,5,5,5,5,5,5,5,5,5,5,5,5,5,5,5,5,5,5,5,5,5
173,681,667,668,673,664,661,653,651,689,671,677,661,664,662,656,659,682,671,680,675,673,669,668,663,701,694,683,695,690,673,672,665,697,694,698,691,689,675,671,673,711,706,707,695,693,693,691,684,721,711,711,705,699,685,689,687,722,724,714,712,700,698,702,675,6,5,5,7,4,4,4,5,6,5,6,5,5,5,5,6,8,7,5,6,5,6,5,5,8,7,6,5,5,4,6,5,7,5,5,7,6,5,6,5,6,7,7,6,6,5,6,7,6,7,9,7,6,5,6,7,11,8,8,7,9,8,8,12,5,5,5,5,5,5,5,5,5,5,5,5,5,5,5,5,5,5,5,5,5,5,5,5,5,5,5,5,5,5,5,5,5,5,5,5,5,5,5,5,5,5,5,5,5,5,5,5,5,5,5,5,5,5,5,5,5,5,5,5,5,5,5,5
174,667,676,654,660,661,654,657,656,693,680,667,660,661,650,666,655,687,669,683,682,673,661,661,650,696,696,683,679,678,664,673,662,707,688,702,698,684,674,685,669,711,699,703,715,676,688,682,682,714,706,689,709,698,693,700,686,733,719,709,714,697,696,708,711,6,5,6,5,4,5,6,5,7,6,5,5,5,6,5,5,7,7,6,6,5,5,5,6,7,6,6,5,4,5,7,6,8,6,6,7,7,6,5,7,7,7,7,8,6,7,6,7,10,8,7,8,7,7,7,6,9,9,8,7,8,6,8,13,5,5,5,5,5,5,5,5,5,5,5,5,5,5,5,5,5,5,5,5,5,5,5,5,5,5,5,5,5,5,5,5,5,5,5,5,5,5,5,5,5,5,5,5,5,5,5,5,5,5,5,5,5,5,5,5,5,5,5,5,5,5,5,5
175,663,668,667,655,662,657,643,653,690,671,675,666,679,655,653,654,698,685,680,672,659,666,666,670,689,688,688,681,686,677,655,666,708,696,693,685,688,674,685,668,703,704,694,705,693,690,676,686,720,706,698,690,702,686,680,689,714,718,713,700,716,699,697,693,6,5,5,5,5,4,5,5,7,5,5,5,5,4,5,5,6,6,5,6,4,5,4,5,7,5,7,4,6,6,5,6,6,5,5,5,5,5,6,5,7,6,5,6,7,6,6,7,7,7,7,7,6,6,6,8,7,10,6,8,7,7,8,12,5,5,5,5,5,5,5,5,5,5,5,5,5,5,5,5,5,5,5,5,5,5,5,5,5,5,5,5,5,5,5,5,5,5,5,5,5,5,5,5,5,5,5,5,5,5,5,5,5,5,5,5,5,5,5,5,5,5,5,5,5,5,5,5
176,688,660,672,656,658,654,642,657,690,682,666,664,663,657,664,647,677,691,687,668,674,675,658,657,705,695,682,681,678,674,675,671,700,706,690,702,693,681,682,689,722,709,693,705,681,684,680,671,714,711,703,694,696,703,707,690,715,705,717,694,698,689,714,677,6,5,6,6,5,6,5,6,7,6,5,5,6,4,6,5,8,9,5,6,5,5,5,5,6,6,6,4,4,5,7,7,8,7,5,6,5,6,6,7,8,6,6,7,7,6,6,7,6,8,8,6,7,7,6,10,12,11,8,8,7,7,9,14,5,5,5,5,5,5,5,5,5,5,5,5,5,5,5,5,5,5,5,5,5,5,5,5,5,5,5,5,5,5,5,5,5,5,5,5,5,5,5,5,5,5,5,5,5,5,5,5,5,5,5,5,5,5,5,5,5,5,5,5,5,5,5,5
177,680,684,676,664,654,663,653,646,692,665,673,661,667,663,654,653,689,695,686,682,677,663,666,665,697,697,690,683,682,677,676,668,682,699,685,681,686,678,672,670,701,700,701,692,693,684,684,679,735,702,702,696,694,687,701,677,732,716,723,711,703,705,699,706,5,5,5,5,5,4,5,5,6,5,5,5,5,4,5,5,7,7,7,7,5,5,6,5,7,7,6,5,5,5,6,5,6,5,5,5,5,6,6,7,6,6,6,6,6,5,5,7,9,8,8,8,6,6,7,5,11,9,8,8,10,6,9,15,5,5,5,5,5,5,5,5,5,5,5,5,5,5,5,5,5,5,5,5,5,5,5,5,5,5,5,5,5,5,5,5,5,5,5,5,5,5,5,5,5,5,5,5,5,5,5,5,5,5,5,5,5,5,5,5,5,5,5,5,5,5,5,5
178,687,676,659,663,668,645,647,651,675,669,667,662,659,666,654,648,688,676,681,681,667,671,660,661,690,693,680,689,689,681,682,667,709,693,690,689,677,681,672,675,707,701,698,695,704,681,682,696,719,698,706,712,689,700,687,677,727,715,708,697,717,687,699,690,6,7,5,6,4,6,5,6,6,5,6,5,6,5,5,5,6,7,7,6,4,5,6,5,8,7,6,4,7,4,5,6,9,5,6,6,6,6,6,6,5,7,5,6,8,5,6,6,8,8,7,9,5,9,8,8,9,10,6,11,7,7,8,13,5,5,5,5,5,5,5,5,5,5,5,5,5,5,5,5,5,5,5,5,5,5,5,5,5,5,5,5,5,5,5,5,5,5,5,5,5,5,5,5,5,5,5,5,5,5,5,5,5,5,5,5,5,5,5,5,5,5,5,5,5,5,5,5
179,680,677,666,665,650,656,652,654,683,688,672,664,667,667,666,656,691,676,680,672,671,665,658,660,687,684,685,680,673,670,662,673,706,695,687,676,700,673,676,681,712,713,708,709,703,695,688,677,723,717,708,703,700,688,685,694,713,710,719,703,704,697,706,666,6,4,5,5,4,5,4,6,6,4,4,5,5,4,5,5,8,7,6,6,4,5,5,5,6,5,6,5,5,4,6,6,7,6,5,6,5,5,5,6,8,8,5,6,6,8,5,6,7,12,7,7,6,5,7,8,9,11,6,9,8,6,9,13,5,5,5,5,5,5,5,5,5,5,5,5,5,5,5,5,5,5,5,5,5,5,5,5,5,5,5,5,5,5,5,5,5,5,5,5,5,5,5,5,5,5,5,5,5,5,5,5,5,5,5,5,5,5,5,5,5,5,5,5,5,5,5,5
180,666,682,675,665,656,663,665,645,683,679,676,664,670,658,667,655,700,681,694,677,683,675,664,663,703,703,696,676,671,673,673,665,709,701,681,690,688,674,678,677,719,701,709,696,691,691,688,679,704,704,700,684,687,695,686,686,723,712,722,709,701,703,683,718,6,5,5,6,5,5,6,5,7,5,5,6,6,5,5,4,7,7,6,6,6,6,5,6,6,7,5,4,6,5,6,5,7,5,5,6,6,5,7,6,7,8,6,6,6,5,6,6,7,9,6,6,7,7,7,9,8,9,7,9,8,7,9,11,5,5,5,5,5,5,5,5,5,5,5,5,5,5,5,5,5,5,5,5,5,5,5,5,5,5,5,5,5,5,5,5,5,5,5,5,5,5,5,5,5,5,5,5,5,5,5,5,5,5,5,5,5,5,5,5,5,5,5,5,5,5,5,5
181,672,682,664,662,659,656,659,650,680,673,666,667,666,665,664,651,685,677,678,675,664,675,669,656,698,681,680,680,678,667,679,664,700,696,701,682,685,674,672,680,708,707,712,695,693,692,687,676,707,714,701,713,706,699,694,686,729,730,707,708,705,711,694,696,7,6,5,5,5,5,5,6,6,5,5,5,5,5,5,5,8,8,6,6,4,6,4,4,6,5,5,5,4,5,4,6,6,5,5,5,5,5,5,6,6,7,7,6,8,5,6,6,6,8,6,7,6,6,9,7,9,9,7,8,6,7,6,10,5,5,5,5,5,5,5,5,5,5,5,5,5,5,5,5,5,5,5,5,5,5,5,5,5,5,5,5,5,5,5,5,5,5,5,5,5,5,5,5,5,5,5,5,5,5,5,5,5,5,5,5,5,5,5,5,5,5,5,5,5,5,5,5
182,676,684,666,657,655,657,651,650,690,676,668,675,669,657,649,656,697,678,683,690,670,672,654,657,680,698,679,677,666,675,672,664,710,703,682,696,690,684,676,670,721,708,699,696,686,693,683,676,727,719,706,715,702,706,705,676,736,707,721,688,700,702,693,702,7,7,6,6,5,5,4,5,6,6,6,6,6,4,5,5,7,6,5,6,4,6,5,5,6,7,7,5,6,5,7,6,10,7,6,5,6,5,7,6,7,7,6,7,6,6,6,6,7,8,7,6,5,6,7,8,7,10,7,9,9,6,8,11,5,5,5,5,5,5,5,5,5,5,5,5,5,5,5,5,5,5,5,5,5,5,5,5,5,5,5,5,5,5,5,5,5,5,5,5,5,5,5,5,5,5,5,5,5,5,5,5,5,5,5,5,5,5,5,5,5,5,5,5,5,5,5,5
183,684,672,664,671,658,662,656,646,689,676,663,661,665,668,655,660,680,683,676,677,673,662,671,664,704,700,682,684,685,673,671,662,697,692,692,695,691,684,675,681,718,711,715,698,702,685,680,686,710,699,715,698,695,703,704,689,719,709,705,716,693,708,700,689,6,5,4,4,4,5,5,5,6,6,5,5,5,5,5,5,8,6,5,6,5,5,5,6,9,6,5,5,5,5,6,6,8,5,5,5,6,6,6,5,7,8,7,6,8,5,5,8,9,7,6,6,8,7,6,7,7,10,6,8,6,6,6,13,5,5,5,5,5,5,5,5,5,5,5,5,5,5,5,5,5,5,5,5,5,5,5,5,5,5,5,5,5,5,5,5,5,5,5,5,5,5,5,5,5,5,5,5,5,5,5,5,5,5,5,5,5,5,5,5,5,5,5,5,5,5,5,5
184,676,681,657,656,662,657,648,647,682,686,667,669,665,666,661,657,692,688,668,687,671,671,655,670,702,693,681,686,680,680,672,683,693,689,687,687,690,690,662,667,711,694,702,690,685,689,693,683,719,708,700,697,698,694,695,699,704,718,712,703,705,707,687,697,7,5,6,5,6,5,5,6,6,6,6,6,6,5,5,4,6,8,7,6,4,6,5,6,7,5,7,6,5,6,6,7,8,6,6,6,7,6,6,6,6,7,8,7,8,5,6,7,10,8,6,7,8,7,8,8,9,9,6,9,9,7,6,17,5,5,5,5,5,5,5,5,5,5,5,5,5,5,5,5,5,5,5,5,5,5,5,5,5,5,5,5,5,5,5,5,5,5,5,5,5,5,5,5,5,5,5,5,5,5,5,5,5,5,5,5,5,5,5,5,5,5,5,5,5,5,5,5
185,681,675,669,678,658,659,659,642,682,680,674,669,664,661,662,651,682,702,685,660,666,676,661,663,684,691,692,672,666,675,668,659,700,669,694,699,678,685,683,675,726,707,701,713,701,687,684,672,701,699,721,711,701,693,683,683,736,722,708,714,713,683,712,690,7,5,5,6,5,4,5,5,6,5,5,5,5,4,4,4,7,5,4,5,5,6,5,5,7,5,5,5,4,5,6,6,8,5,5,5,5,6,4,5,6,6,6,8,6,5,6,6,6,7,6,8,6,6,7,8,10,10,6,9,7,7,8,14,5,5,5,5,5,5,5,5,5,5,5,5,5,5,5,5,5,5,5,5,5,5,5,5,5,5,5,5,5,5,5,5,5,5,5,5,5,5,5,5,5,5,5,5,5,5,5,5,5,5,5,5,5,5,5,5,5,5,5,5,5,5,5,5
186,677,682,664,665,651,653,657,647,693,675,667,663,671,662,661,653,689,692,678,683,672,675,662,652,699,690,683,683,677,675,681,659,707,694,686,695,685,683,681,673,708,711,690,695,692,699,684,674,727,711,700,721,698,687,699,686,721,720,711,711,714,701,706,709,7,7,5,5,4,5,5,7,6,5,5,6,6,5,4,5,7,7,7,5,5,5,5,5,6,6,7,5,6,5,4,5,10,5,5,7,6,6,5,6,6,8,7,7,6,5,6,6,7,8,8,7,8,6,6,7,11,9,7,8,8,8,9,10,5,5,5,5,5,5,5,5,5,5,5,5,5,5,5,5,5,5,5,5,5,5,5,5,5,5,5,5,5,5,5,5,5,5,5,5,5,5,5,5,5,5,5,5,5,5,5,5,5,5,5,5,5,5,5,5,5,5,5,5,5,5,5,5
187,678,670,666,666,656,650,643,648,686,676,674,666,665,660,649,654,687,688,680,667,662,673,663,665,695,693,682,688,687,672,660,664,695,702,691,693,680,675,665,687,708,695,695,699,688,699,673,683,713,720,707,707,702,696,691,689,734,719,713,720,700,695,702,697,7,5,5,5,5,4,5,5,5,5,4,5,5,4,5,5,7,7,5,5,4,5,5,5,8,5,5,6,5,5,6,6,6,6,5,5,6,6,5,6,7,5,6,6,8,5,6,6,8,6,7,8,6,6,6,9,11,12,6,9,7,7,6,9,5,5,5,5,5,5,5,5,5,5,5,5,5,5,5,5,5,5,5,5,5,5,5,5,5,5,5,5,5,5,5,5,5,5,5,5,5,5,5,5,5,5,5,5,5,5,5,5,5,5,5,5,5,5,5,5,5,5,5,5,5,5,5,5
188,676,680,659,672,653,662,653,648,676,673,671,677,667,662,653,663,703,689,688,670,670,673,671,651,699,683,687,693,688,674,672,677,694,693,683,690,683,676,684,674,707,716,691,704,690,687,698,670,716,712,701,711,688,692,707,697,720,727,713,709,720,709,699,679,7,5,5,6,4,6,5,6,8,5,5,5,5,5,5,6,8,6,5,6,4,6,5,5,7,6,7,7,6,6,6,7,8,6,5,7,6,6,5,7,7,7,6,8,6,7,8,7,9,8,8,8,5,6,6,10,8,11,7,8,7,7,7,14,5,5,5,5,5,5,5,5,5,5,5,5,5,5,5,5,5,5,5,5,5,5,5,5,5,5,5,5,5,5,5,5,5,5,5,5,5,5,5,5,5,5,5,5,5,5,5,5,5,5,5,5,5,5,5,5,5,5,5,5,5,5,5,5
189,668,660,660,669,662,641,655,650,681,665,675,666,667,665,651,662,693,699,679,672,666,670,656,655,708,689,697,680,677,667,670,660,691,701,690,684,684,667,671,673,713,691,704,684,687,693,685,671,721,710,700,691,697,687,685,690,714,704,722,703,703,705,705,682,5,6,4,6,4,5,5,5,6,5,4,5,5,5,5,5,6,8,7,5,5,6,5,4,5,5,6,6,4,4,6,6,9,6,6,6,6,5,5,8,7,8,7,6,7,6,6,5,6,8,7,7,5,5,5,6,11,10,6,10,5,7,7,13,5,5,5,5,5,5,5,5,5,5,5,5,5,5,5,5,5,5,5,5,5,5,5,5,5,5,5,5,5,5,5,5,5,5,5,5,5,5,5,5,5,5,5,5,5,5,5,5,5,5,5,5,5,5,5,5,5,5,5,5,5,5,5,5
190,679,672,672,656,663,660,656,638,682,674,679,664,669,666,659,650,689,682,681,680,668,680,654,658,699,685,674,683,675,671,686,676,708,703,694,697,691,674,678,679,718,691,699,700,693,681,690,683,725,705,717,699,691,704,698,685,722,741,718,709,705,709,713,703,6,5,5,4,4,4,5,5,7,5,4,5,6,5,5,4,6,7,6,6,5,4,5,5,7,6,6,5,5,4,6,6,5,6,5,6,7,6,6,6,7,4,6,7,8,5,6,6,7,7,7,7,6,8,6,7,11,12,6,7,8,7,9,12,5,5,5,5,5,5,5,5,5,5,5,5,5,5,5,5,5,5,5,5,5,5,5,5,5,5,5,5,5,5,5,5,5,5,5,5,5,5,5,5,5,5,5,5,5,5,5,5,5,5,5,5,5,5,5,5,5,5,5,5,5,5,5,5
191,661,667,664,670,658,658,647,650,672,674,672,669,657,660,659,655,685,685,671,674,678,678,664,650,694,683,695,683,682,672,669,665,687,684,702,688,686,668,668,673,707,709,704,699,680,687,680,700,720,719,706,708,706,690,703,695,732,722,709,707,710,697,707,683,6,4,5,5,5,5,6,7,6,5,4,5,4,4,5,5,8,7,5,6,6,4,4,5,7,5,5,5,5,5,6,5,9,6,6,6,6,5,5,6,6,6,7,5,6,6,6,5,7,7,6,8,8,7,5,8,11,8,5,7,7,7,8,10,5,5,5,5,5,5,5,5,5,5,5,5,5,5,5,5,5,5,5,5,5,5,5,5,5,5,5,5,5,5,5,5,5,5,5,5,5,5,5,5,5,5,5,5,5,5,5,5,5,5,5,5,5,5,5,5,5,5,5,5,5,5,5,5
192,671,680,668,672,654,658,651,658,674,679,680,665,662,664,663,653,689,689,681,671,673,664,669,665,693,684,688,669,666,671,667,661,704,705,696,701,684,680,677,663,720,699,690,710,699,691,686,689,697,706,701,704,701,692,693,720,727,701,702,700,718,702,700,658,6,5,4,5,5,5,5,5,6,7,5,5,5,5,4,5,8,8,5,6,5,6,4,6,7,6,6,4,5,5,7,8,8,7,6,5,6,5,6,5,9,7,6,8,7,6,7,6,7,11,7,7,6,6,6,8,10,14,6,8,8,7,6,16,5,5,5,5,5,5,5,5,5,5,5,5,5,5,5,5,5,5,5,5,5,5,5,5,5,5,5,5,5,5,5,5,5,5,5,5,5,5,5,5,5,5,5,5,5,5,5,5,5,5,5,5,5,5,5,5,5,5,5,5,5,5,5,5
193,676,677,668,663,652,658,654,646,687,677,669,661,660,658,655,651,697,678,687,678,671,674,664,659,708,689,681,675,676,681,669,674,697,693,682,686,688,679,676,674,712,713,715,694,696,676,684,683,734,706,699,695,711,693,685,676,705,732,709,718,693,705,699,678,6,4,5,5,5,4,5,5,7,4,5,5,5,4,5,4,7,6,5,6,5,6,6,5,6,6,6,5,5,5,5,6,7,5,5,6,6,5,6,6,7,7,8,9,8,6,6,8,8,7,6,7,7,6,7,7,8,9,6,9,8,6,6,12,5,5,5,5,5,5,5,5,5,5,5,5,5,5,5,5,5,5,5,5,5,5,5,5,5,5,5,5,5,5,5,5,5,5,5,5,5,5,5,5,5,5,5,5,5,5,5,5,5,5,5,5,5,5,5,5,5,5,5,5,5,5,5,5
194,678,663,663,667,662,659,652,643,680,675,677,670,672,653,664,655,688,676,671,683,669,658,672,672,695,679,684,683,675,677,657,676,704,700,698,683,685,684,670,667,704,702,699,704,692,688,695,680,709,707,711,698,691,689,693,689,737,712,719,693,705,701,700,694,6,6,5,5,4,5,5,5,5,5,5,4,5,4,5,5,8,9,6,5,4,6,5,5,7,6,6,5,5,6,5,6,10,5,5,6,5,6,6,6,8,7,6,6,8,7,7,7,8,10,6,8,6,6,6,9,15,10,8,9,8,8,8,8,5,5,5,5,5,5,5,5,5,5,5,5,5,5,5,5,5,5,5,5,5,5,5,5,5,5,5,5,5,5,5,5,5,5,5,5,5,5,5,5,5,5,5,5,5,5,5,5,5,5,5,5,5,5,5,5,5,5,5,5,5,5,5,5
195,677,678,679,656,657,649,652,642,680,683,675,659,664,661,660,655,680,683,674,671,667,670,659,667,697,690,686,679,683,673,669,663,717,702,691,682,687,673,678,671,721,707,693,691,690,689,695,676,719,718,714,704,702,695,671,677,734,730,711,712,706,694,714,693,5,5,6,4,5,5,5,6,6,5,6,5,5,5,4,5,7,6,5,6,4,5,5,5,6,5,6,5,5,4,6,7,8,5,5,6,6,5,5,6,6,6,6,8,6,5,6,6,6,7,6,8,6,5,6,6,10,12,9,7,6,7,6,17,5,5,5,5,5,5,5,5,5,5,5,5,5,5,5,5,5,5,5,5,5,5,5,5,5,5,5,5,5,5,5,5,5,5,5,5,5,5,5,5,5,5,5,5,5,5,5,5,5,5,5,5,5,5,5,5,5,5,5,5,5,5,5,5
196,668,676,667,664,659,648,653,642,686,672,675,667,665,660,669,654,682,688,694,668,660,669,658,651,691,691,686,687,681,675,668,655,695,699,694,687,689,686,678,682,705,704,706,695,689,687,688,673,717,706,699,708,704,696,705,699,715,719,726,716,699,697,691,704,6,7,5,6,5,5,5,6,7,5,5,5,5,5,5,5,7,7,5,7,5,6,5,5,7,6,6,6,5,6,7,6,7,6,5,5,6,6,6,7,6,7,5,7,7,6,6,5,8,9,6,8,7,6,6,8,9,9,7,10,7,6,6,9,5,5,5,5,5,5,5,5,5,5,5,5,5,5,5,5,5,5,5,5,5,5,5,5,5,5,5,5,5,5,5,5,5,5,5,5,5,5,5,5,5,5,5,5,5,5,5,5,5,5,5,5,5,5,5,5,5,5,5,5,5,5,5,5
197,671,669,665,666,661,657,646,650,694,686,671,663,669,653,653,661,689,684,681,672,673,665,674,657,706,689,689,686,682,673,679,672,693,700,694,682,685,682,670,674,711,716,705,700,691,679,680,680,717,729,705,699,698,689,690,675,725,717,709,713,706,700,701,673,7,6,6,6,5,4,4,4,7,5,5,5,5,4,5,5,6,6,5,6,4,6,5,5,6,6,6,5,5,5,4,6,8,6,5,6,5,5,5,6,7,6,7,6,7,6,7,7,7,6,6,8,7,6,5,8,9,11,6,10,6,5,6,9,5,5,5,5,5,5,5,5,5,5,5,5,5,5,5,5,5,5,5,5,5,5,5,5,5,5,5,5,5,5,5,5,5,5,5,5,5,5,5,5,5,5,5,5,5,5,5,5,5,5,5,5,5,5,5,5,5,5,5,5,5,5,5,5
198,677,682,664,658,659,650,661,649,679,674,678,659,668,658,659,657,685,691,687,678,667,664,667,659,707,686,686,679,675,673,680,651,704,695,700,693,688,688,669,669,710,710,699,699,692,690,681,678,724,711,702,703,702,695,689,691,733,722,715,718,705,703,711,683,6,6,5,5,5,5,6,6,6,5,6,5,5,4,5,5,10,7,6,7,5,5,5,5,7,5,7,5,6,5,7,8,7,5,5,7,5,5,5,6,6,7,6,6,8,8,6,6,10,8,8,7,7,6,9,11,8,13,9,11,7,9,6,10,5,5,5,5,5,5,5,5,5,5,5,5,5,5,5,5,5,5,5,5,5,5,5,5,5,5,5,5,5,5,5,5,5,5,5,5,5,5,5,5,5,5,5,5,5,5,5,5,5,5,5,5,5,5,5,5,5,5,5,5,5,5,5,5
199,670,677,668,671,656,663,653,635,685,671,671,674,672,664,666,656,684,692,684,671,665,666,668,664,698,691,688,679,673,683,670,664,714,709,703,690,694,677,675,682,708,701,704,696,686,689,693,689,704,711,708,701,699,678,689,687,725,715,713,692,718,713,699,688,5,5,5,5,5,4,5,5,6,5,6,6,6,6,4,5,8,6,6,5,4,5,4,6,7,5,7,5,5,6,6,5,6,6,5,6,5,5,4,7,7,6,6,6,8,5,6,7,8,10,8,7,6,5,7,7,10,9,7,10,7,8,8,11,5,5,5,5,5,5,5,5,5,5,5,5,5,5,5,5,5,5,5,5,5,5,5,5,5,5,5,5,5,5,5,5,5,5,5,5,5,5,5,5,5,5,5,5,5,5,5,5,5,5,5,5,5,5,5,5,5,5,5,5,5,5,5,5
