frame,dist_z0,dist_z1,dist_z2,dist_z3,dist_z4,dist_z5,dist_z6,dist_z7,dist_z8,dist_z9,dist_z10,dist_z11,dist_z12,dist_z13,dist_z14,dist_z15,dist_z16,dist_z17,dist_z18,dist_z19,dist_z20,dist_z21,dist_z22,dist_z23,dist_z24,dist_z25,dist_z26,dist_z27,dist_z28,dist_z29,dist_z30,dist_z31,dist_z32,dist_z33,dist_z34,dist_z35,dist_z36,dist_z37,dist_z38,dist_z39,dist_z40,dist_z41,dist_z42,dist_z43,dist_z44,dist_z45,dist_z46,dist_z47,dist_z48,dist_z49,dist_z50,dist_z51,dist_z52,dist_z53,dist_z54,dist_z55,dist_z56,dist_z57,dist_z58,dist_z59,dist_z60,dist_z61,dist_z62,dist_z63,sigma_z0,sigma_z1,sigma_z2,sigma_z3,sigma_z4,sigma_z5,sigma_z6,sigma_z7,sigma_z8,sigma_z9,sigma_z10,sigma_z11,sigma_z12,sigma_z13,sigma_z14,sigma_z15,sigma_z16,sigma_z17,sigma_z18,sigma_z19,sigma_z20,sigma_z21,sigma_z22,sigma_z23,sigma_z24,sigma_z25,sigma_z26,sigma_z27,sigma_z28,sigma_z29,sigma_z30,sigma_z31,sigma_z32,sigma_z33,sigma_z34,sigma_z35,sigma_z36,sigma_z37,sigma_z38,sigma_z39,sigma_z40,sigma_z41,sigma_z42,sigma_z43,sigma_z44,sigma_z45,sigma_z46,sigma_z47,sigma_z48,sigma_z49,sigma_z50,sigma_z51,sigma_z52,sigma_z53,sigma_z54,sigma_z55,sigma_z56,sigma_z57,sigma_z58,sigma_z59,sigma_z60,sigma_z61,sigma_z62,sigma_z63,status_z0,status_z1,status_z2,status_z3,status_z4,status_z5,status_z6,status_z7,status_z8,status_z9,status_z10,status_z11,status_z12,status_z13,status_z14,status_z15,status_z16,status_z17,status_z18,status_z19,status_z20,status_z21,status_z22,status_z23,status_z24,status_z25,status_z26,status_z27,status_z28,status_z29,status_z30,status_z31,status_z32,status_z33,status_z34,status_z35,status_z36,status_z37,status_z38,status_z39,status_z40,status_z41,status_z42,status_z43,status_z44,status_z45,status_z46,status_z47,status_z48,status_z49,status_z50,status_z51,status_z52,status_z53,status_z54,status_z55,status_z56,status_z57,status_z58,status_z59,status_z60,status_z61,status_z62,status_z63
0,485,475,473,470,465,464,465,459,491,479,483,473,470,471,463,463,490,487,484,482,477,477,476,468,494,493,479,485,478,477,469,471,480,501,489,486,480,487,473,471,496,505,500,490,482,477,476,478,505,501,490,493,488,482,485,475,499,500,505,488,494,493,506,477,5,3,4,4,3,3,4,4,4,4,4,3,3,3,3,4,5,5,4,4,3,3,4,4,4,4,4,3,4,3,3,4,5,3,4,4,4,4,3,4,5,4,4,4,4,3,4,4,5,4,5,4,4,4,4,5,6,6,4,4,4,4,6,6,5,5,5,5,5,5,5,5,5,5,5,5,5,5,5,5,5,5,5,5,5,5,5,5,5,5,5,5,5,5,5,5,5,5,5,5,5,5,5,5,5,5,5,5,5,5,5,5,5,5,5,5,5,5,5,5,5,5,5,5,5,5,5,5
1,477,476,474,476,464,468,460,467,480,483,479,474,475,468,471,466,492,482,481,477,480,474,467,468,491,493,488,483,485,477,478,468,501,488,491,499,481,484,479,471,497,498,499,497,486,483,482,482,508,513,491,491,489,486,481,492,509,507,506,492,495,497,487,487,4,4,4,4,3,3,4,4,4,3,3,3,3,3,3,4,4,4,3,4,3,3,3,4,4,4,3,3,3,3,3,3,4,4,3,4,4,3,3,4,4,4,4,4,4,3,4,4,5,5,4,5,4,5,4,5,5,6,4,4,4,4,5,6,5,5,5,5,5,5,5,5,5,5,5,5,5,5,5,5,5,5,5,5,5,5,5,5,5,5,5,5,5,5,5,5,5,5,5,5,5,5,5,5,5,5,5,5,5,5,5,5,5,5,5,5,5,5,5,5,5,5,5,5,5,5,5,5
2,475,485,477,477,464,470,460,464,483,485,481,477,471,467,465,465,486,487,479,485,479,471,467,465,490,493,483,479,473,475,468,471,496,501,484,487,485,481,481,473,505,499,495,495,488,484,475,484,507,500,505,496,490,485,487,487,506,513,500,497,508,488,498,494,4,4,4,4,3,4,4,4,4,3,3,3,3,3,4,4,4,5,4,4,3,3,3,4,5,5,4,3,3,3,3,4,4,4,3,3,3,3,4,4,5,4,4,5,4,4,4,4,6,5,4,4,5,5,4,6,5,7,4,5,5,4,5,7,5,5,5,5,5,5,5,5,5,5,5,5,5,5,5,5,5,5,5,5,5,5,5,5,5,5,5,5,5,5,5,5,5,5,5,5,5,5,5,5,5,5,5,5,5,5,5,5,5,5,5,5,5,5,5,5,5,5,5,5,5,5,5,5
3,477,481,474,473,469,461,464,462,485,482,477,473,477,466,466,463,490,487,488,479,473,475,471,469,491,485,483,482,476,481,476,474,498,494,485,483,483,482,477,473,505,492,485,486,488,481,481,472,503,502,499,487,499,492,481,475,519,507,505,494,485,498,492,501,4,4,4,4,3,3,3,3,4,4,3,3,3,3,3,4,4,4,4,3,3,3,3,4,5,4,3,3,3,3,4,4,4,4,4,4,3,3,3,4,4,4,4,4,5,3,4,4,5,5,4,5,4,3,4,4,5,6,5,5,4,4,4,5,5,5,5,5,5,5,5,5,5,5,5,5,5,5,5,5,5,5,5,5,5,5,5,5,5,5,5,5,5,5,5,5,5,5,5,5,5,5,5,5,5,5,5,5,5,5,5,5,5,5,5,5,5,5,5,5,5,5,5,5,5,5,5,5
4,485,485,480,472,469,467,461,465,481,483,476,477,460,466,464,465,489,483,484,480,477,474,470,477,494,484,490,477,481,476,469,471,502,486,483,489,484,482,476,474,501,500,498,491,485,484,482,474,496,506,497,497,494,500,489,485,518,506,503,506,500,488,489,487,4,4,4,4,3,3,4,4,4,4,3,4,3,3,3,4,4,5,4,4,3,4,3,3,4,4,4,3,3,3,3,4,4,4,3,4,3,3,3,4,4,4,4,4,4,4,4,5,5,5,4,4,4,4,4,5,6,6,5,6,4,5,5,7,5,5,5,5,5,5,5,5,5,5,5,5,5,5,5,5,5,5,5,5,5,5,5,5,5,5,5,5,5,5,5,5,5,5,5,5,5,5,5,5,5,5,5,5,5,5,5,5,5,5,5,5,5,5,5,5,5,5,5,5,5,5,5,5
5,483,476,471,467,465,467,464,465,489,475,480,474,468,469,468,464,485,478,489,485,481,473,468,468,495,493,480,481,483,474,477,469,490,493,490,496,487,483,471,467,512,495,488,491,490,486,479,475,503,496,493,497,491,486,490,495,510,509,498,494,510,486,494,486,4,3,3,4,3,3,3,3,4,3,3,3,3,3,3,3,4,4,4,3,3,3,3,3,4,4,3,3,3,3,3,3,4,4,3,4,3,3,3,3,4,4,4,4,4,4,3,4,5,5,4,5,4,4,4,5,4,5,4,5,5,5,5,8,5,5,5,5,5,5,5,5,5,5,5,5,5,5,5,5,5,5,5,5,5,5,5,5,5,5,5,5,5,5,5,5,5,5,5,5,5,5,5,5,5,5,5,5,5,5,5,5,5,5,5,5,5,5,5,5,5,5,5,5,5,5,5,5
6,481,474,472,470,463,457,464,452,486,472,478,473,472,470,465,470,492,492,486,478,482,474,473,471,492,493,495,481,478,475,471,477,490,498,487,494,486,482,483,478,500,501,486,487,491,489,481,474,507,504,492,488,496,488,483,483,504,505,497,495,499,482,481,485,5,4,4,4,3,3,4,4,4,4,4,3,3,3,3,4,5,4,4,4,3,3,4,4,6,5,4,4,4,3,4,4,4,4,3,4,4,3,4,4,5,6,4,4,5,4,4,4,4,5,5,4,5,4,5,4,5,7,5,5,4,4,4,7,5,5,5,5,5,5,5,5,5,5,5,5,5,5,5,5,5,5,5,5,5,5,5,5,5,5,5,5,5,5,5,5,5,5,5,5,5,5,5,5,5,5,5,5,5,5,5,5,5,5,5,5,5,5,5,5,5,5,5,5,5,5,5,5
7,480,478,472,473,465,471,468,461,488,477,482,471,474,471,473,465,491,489,481,483,475,470,468,469,492,493,489,483,483,471,479,477,499,488,495,486,493,483,478,479,507,502,493,498,489,484,482,480,505,499,493,499,489,488,483,486,498,497,504,495,491,489,496,494,4,4,4,3,3,3,3,4,4,4,4,3,3,3,3,3,5,4,4,3,3,3,3,4,4,4,3,3,3,3,3,4,4,4,3,3,3,3,3,4,5,4,3,4,4,3,4,4,5,5,5,5,4,4,4,5,5,5,4,5,5,4,5,7,5,5,5,5,5,5,5,5,5,5,5,5,5,5,5,5,5,5,5,5,5,5,5,5,5,5,5,5,5,5,5,5,5,5,5,5,5,5,5,5,5,5,5,5,5,5,5,5,5,5,5,5,5,5,5,5,5,5,5,5,5,5,5,5
8,480,479,474,478,474,471,466,460,480,488,480,477,476,471,463,460,494,496,482,479,474,474,466,465,495,491,487,482,482,481,476,470,496,495,491,482,483,480,481,474,501,490,495,497,489,485,490,474,510,502,499,498,495,487,492,473,510,510,499,503,510,484,488,480,4,4,4,4,3,3,4,3,4,3,4,4,3,3,3,3,4,4,3,4,3,3,3,4,4,4,4,3,3,3,4,4,5,5,4,4,3,3,4,4,5,4,4,4,4,4,5,4,5,5,4,4,4,5,4,4,5,7,4,6,5,4,4,6,5,5,5,5,5,5,5,5,5,5,5,5,5,5,5,5,5,5,5,5,5,5,5,5,5,5,5,5,5,5,5,5,5,5,5,5,5,5,5,5,5,5,5,5,5,5,5,5,5,5,5,5,5,5,5,5,5,5,5,5,5,5,5,5
9,488,477,470,466,468,467,470,466,482,482,478,475,471,475,463,465,487,483,484,482,474,477,470,467,484,483,487,484,476,469,470,467,498,498,485,487,481,485,474,471,498,497,491,492,486,489,479,476,508,503,500,491,493,481,476,478,501,508,500,497,500,492,494,491,4,3,4,3,3,3,4,4,4,3,3,3,3,3,3,3,4,4,4,3,3,3,4,3,4,4,4,3,3,3,3,4,4,4,3,4,3,3,3,4,4,4,4,4,4,4,4,3,4,5,4,5,4,4,4,4,5,5,4,5,4,4,4,8,5,5,5,5,5,5,5,5,5,5,5,5,5,5,5,5,5,5,5,5,5,5,5,5,5,5,5,5,5,5,5,5,5,5,5,5,5,5,5,5,5,5,5,5,5,5,5,5,5,5,5,5,5,5,5,5,5,5,5,5,5,5,5,5
10,481,488,478,470,468,465,464,459,480,480,486,475,469,463,464,463,487,487,478,482,473,473,468,474,489,485,487,481,479,473,466,473,501,493,493,486,482,476,476,471,502,496,495,492,492,482,481,481,509,498,514,489,491,482,487,473,510,508,506,489,484,498,494,494,4,4,4,4,3,3,3,4,4,3,4,4,3,3,3,3,4,5,3,4,3,3,3,4,5,4,4,4,4,3,4,4,4,4,4,4,4,4,4,4,5,5,5,4,4,4,4,5,7,5,5,4,5,4,5,5,5,6,4,6,5,5,5,8,5,5,5,5,5,5,5,5,5,5,5,5,5,5,5,5,5,5,5,5,5,5,5,5,5,5,5,5,5,5,5,5,5,5,5,5,5,5,5,5,5,5,5,5,5,5,5,5,5,5,5,5,5,5,5,5,5,5,5,5,5,5,5,5
11,481,476,471,466,470,465,466,465,483,483,474,475,471,470,470,463,495,498,479,482,477,472,466,468,493,490,488,481,475,466,472,477,502,489,488,488,486,487,472,474,500,504,501,492,493,479,479,475,505,502,493,497,489,500,484,489,517,498,501,495,493,488,500,485,4,3,4,3,3,3,4,3,4,3,4,3,3,3,3,3,4,4,4,3,3,3,3,4,4,4,4,3,3,3,3,4,4,4,4,3,3,3,3,4,4,4,4,4,4,3,4,4,5,4,4,5,4,4,4,5,6,5,4,5,4,5,5,6,5,5,5,5,5,5,5,5,5,5,5,5,5,5,5,5,5,5,5,5,5,5,5,5,5,5,5,5,5,5,5,5,5,5,5,5,5,5,5,5,5,5,5,5,5,5,5,5,5,5,5,5,5,5,5,5,5,5,5,5,5,5,5,5
12,475,475,476,471,471,470,460,458,488,478,480,474,472,474,462,466,496,485,482,481,475,474,465,462,496,490,488,475,483,481,475,472,501,488,491,488,486,481,475,476,503,496,492,488,495,493,480,480,505,502,499,498,489,490,483,489,510,512,494,494,492,500,486,496,4,4,3,4,4,4,4,4,4,3,4,3,3,3,4,3,5,4,3,4,3,3,4,4,4,4,4,3,3,3,4,4,4,4,4,3,3,4,3,4,5,5,4,4,4,4,4,4,5,5,4,4,4,4,4,4,6,7,4,4,4,5,4,7,5,5,5,5,5,5,5,5,5,5,5,5,5,5,5,5,5,5,5,5,5,5,5,5,5,5,5,5,5,5,5,5,5,5,5,5,5,5,5,5,5,5,5,5,5,5,5,5,5,5,5,5,5,5,5,5,5,5,5,5,5,5,5,5
13,480,478,473,475,472,464,461,462,481,478,482,476,473,465,465,465,489,488,484,481,470,472,468,471,495,481,480,489,482,475,472,476,492,487,488,492,472,473,478,474,504,501,492,487,491,484,483,487,502,498,501,505,487,494,487,483,509,513,502,499,508,503,488,488,4,3,4,4,3,3,3,4,4,3,3,3,3,3,3,3,4,4,4,3,3,3,3,4,4,4,4,3,3,3,4,4,4,4,3,3,4,3,3,4,4,4,4,4,4,3,4,4,5,5,4,4,3,4,4,5,6,6,4,5,4,4,4,7,5,5,5,5,5,5,5,5,5,5,5,5,5,5,5,5,5,5,5,5,5,5,5,5,5,5,5,5,5,5,5,5,5,5,5,5,5,5,5,5,5,5,5,5,5,5,5,5,5,5,5,5,5,5,5,5,5,5,5,5,5,5,5,5
14,476,477,461,472,473,470,470,458,491,476,474,471,476,469,467,469,496,481,477,483,475,476,476,466,490,485,483,473,474,480,472,468,482,498,490,486,489,485,484,471,496,499,497,486,495,495,486,483,497,501,498,494,489,485,486,489,504,513,495,499,497,499,483,484,5,3,4,4,3,3,3,3,4,4,3,3,4,3,3,3,4,5,4,4,3,4,4,4,4,4,4,4,4,3,4,4,5,5,4,3,3,4,4,4,4,5,4,4,4,4,4,4,5,5,4,5,4,4,4,5,6,6,4,5,4,4,4,6,5,5,5,5,5,5,5,5,5,5,5,5,5,5,5,5,5,5,5,5,5,5,5,5,5,5,5,5,5,5,5,5,5,5,5,5,5,5,5,5,5,5,5,5,5,5,5,5,5,5,5,5,5,5,5,5,5,5,5,5,5,5,5,5
15,485,477,472,474,469,468,462,460,493,478,480,471,471,469,472,458,489,483,486,478,474,477,471,474,496,497,489,485,483,483,479,472,495,494,481,487,485,484,475,475,497,505,488,494,486,485,478,484,503,505,496,494,500,482,505,487,508,507,504,500,501,497,490,492,5,4,4,4,3,3,4,4,4,4,4,3,3,3,3,3,4,4,4,3,3,3,3,3,4,3,4,3,3,3,3,4,4,4,3,3,3,3,3,4,4,4,4,4,4,4,4,4,5,4,5,4,5,4,5,5,5,6,5,5,4,4,5,6,5,5,5,5,5,5,5,5,5,5,5,5,5,5,5,5,5,5,5,5,5,5,5,5,5,5,5,5,5,5,5,5,5,5,5,5,5,5,5,5,5,5,5,5,5,5,5,5,5,5,5,5,5,5,5,5,5,5,5,5,5,5,5,5
16,489,475,469,466,466,466,465,460,482,484,486,471,475,466,462,469,491,481,480,483,478,469,475,469,492,483,483,483,476,476,474,470,495,496,491,490,480,486,481,478,493,507,492,489,483,486,479,480,501,506,498,490,491,488,491,489,509,499,506,499,489,488,497,479,5,4,4,4,3,4,4,3,4,3,4,3,3,3,3,4,5,4,4,4,3,3,4,4,4,4,4,3,4,3,4,4,4,5,4,3,3,3,4,5,4,4,5,4,4,4,4,4,5,6,4,5,4,4,4,5,5,6,4,4,5,5,5,5,5,5,5,5,5,5,5,5,5,5,5,5,5,5,5,5,5,5,5,5,5,5,5,5,5,5,5,5,5,5,5,5,5,5,5,5,5,5,5,5,5,5,5,5,5,5,5,5,5,5,5,5,5,5,5,5,5,5,5,5,5,5,5,5
17,478,476,477,472,471,468,463,462,488,484,478,472,470,470,469,464,490,487,482,481,478,466,475,468,489,484,485,478,474,480,475,474,498,489,486,491,493,478,481,476,507,499,488,496,491,485,479,481,515,509,502,489,490,486,490,482,509,495,500,499,499,488,489,477,4,3,4,4,3,3,3,3,4,3,3,3,3,3,3,4,4,5,4,3,3,3,3,3,5,3,4,3,3,3,4,4,4,4,3,3,3,3,4,4,4,4,4,4,4,4,4,4,4,5,4,5,4,4,4,5,5,6,4,5,5,4,5,5,5,5,5,5,5,5,5,5,5,5,5,5,5,5,5,5,5,5,5,5,5,5,5,5,5,5,5,5,5,5,5,5,5,5,5,5,5,5,5,5,5,5,5,5,5,5,5,5,5,5,5,5,5,5,5,5,5,5,5,5,5,5,5,5
18,482,473,475,473,464,464,468,454,487,488,476,473,478,468,470,459,495,481,484,477,473,475,466,459,492,492,483,482,479,473,476,471,502,500,496,496,483,485,474,474,496,501,495,496,487,482,481,480,517,501,493,500,487,485,484,491,511,508,499,495,501,496,487,487,5,3,4,4,3,3,4,4,4,4,3,3,3,3,4,4,5,5,4,3,3,3,3,4,4,4,4,3,4,3,3,4,4,4,4,4,3,3,4,4,4,4,4,4,4,4,4,4,5,5,4,4,4,4,4,5,6,6,4,5,5,5,4,8,5,5,5,5,5,5,5,5,5,5,5,5,5,5,5,5,5,5,5,5,5,5,5,5,5,5,5,5,5,5,5,5,5,5,5,5,5,5,5,5,5,5,5,5,5,5,5,5,5,5,5,5,5,5,5,5,5,5,5,5,5,5,5,5
19,477,481,473,467,464,468,469,459,484,483,476,478,471,467,469,462,495,492,483,478,477,480,471,469,496,485,481,486,476,480,475,474,511,486,488,483,481,479,477,475,503,494,494,486,487,487,478,478,502,502,498,493,487,491,490,484,505,499,507,495,493,491,486,477,4,4,3,4,3,3,4,3,4,3,3,4,3,3,3,3,5,5,3,3,3,3,3,4,4,4,4,3,3,3,3,4,5,3,4,3,3,3,4,4,4,4,4,4,4,3,4,4,5,4,4,4,4,4,4,5,5,6,4,5,5,5,4,5,5,5,5,5,5,5,5,5,5,5,5,5,5,5,5,5,5,5,5,5,5,5,5,5,5,5,5,5,5,5,5,5,5,5,5,5,5,5,5,5,5,5,5,5,5,5,5,5,5,5,5,5,5,5,5,5,5,5,5,5,5,5,5,5
20,487,474,479,473,463,463,466,463,485,482,474,469,473,469,465,461,486,486,486,483,474,475,470,464,495,487,480,475,477,486,475,471,508,498,490,488,485,479,483,472,503,500,486,500,493,479,482,491,510,504,498,494,497,481,487,490,507,504,509,503,495,495,496,485,5,3,3,4,3,3,3,4,4,3,3,3,4,3,3,3,4,5,4,4,3,3,3,3,4,4,4,3,3,3,4,4,5,4,4,3,3,4,4,4,5,4,4,4,5,4,4,4,5,6,5,4,4,4,4,5,5,7,5,6,5,5,5,6,5,5,5,5,5,5,5,5,5,5,5,5,5,5,5,5,5,5,5,5,5,5,5,5,5,5,5,5,5,5,5,5,5,5,5,5,5,5,5,5,5,5,5,5,5,5,5,5,5,5,5,5,5,5,5,5,5,5,5,5,5,5,5,5
21,478,477,471,469,475,465,461,464,482,484,473,467,468,464,471,464,473,482,481,477,477,477,470,471,493,491,490,480,480,471,471,470,501,492,492,490,483,474,474,480,504,490,487,494,485,483,485,484,503,506,496,491,499,493,492,496,510,521,506,497,506,503,494,498,4,3,3,4,3,3,3,3,4,3,3,3,3,3,4,4,4,4,3,3,3,3,3,4,5,4,3,3,4,3,3,4,4,4,4,4,3,3,3,4,4,4,4,4,4,3,4,4,5,5,4,5,4,4,4,5,4,6,4,5,4,4,4,5,5,5,5,5,5,5,5,5,5,5,5,5,5,5,5,5,5,5,5,5,5,5,5,5,5,5,5,5,5,5,5,5,5,5,5,5,5,5,5,5,5,5,5,5,5,5,5,5,5,5,5,5,5,5,5,5,5,5,5,5,5,5,5,5
22,488,476,473,469,467,470,464,458,489,482,480,471,472,470,458,456,489,487,484,491,469,479,468,457,499,488,485,485,482,478,475,477,494,491,497,492,481,482,488,475,505,497,489,487,489,483,483,479,504,502,497,495,490,493,491,490,496,513,498,498,503,492,500,485,4,4,4,4,3,4,4,3,4,4,4,4,3,3,3,4,5,5,4,4,3,3,3,3,4,4,4,3,3,3,4,4,5,4,4,4,3,3,4,4,4,5,4,4,4,4,4,4,5,5,4,5,4,5,4,5,5,5,4,5,5,5,5,7,5,5,5,5,5,5,5,5,5,5,5,5,5,5,5,5,5,5,5,5,5,5,5,5,5,5,5,5,5,5,5,5,5,5,5,5,5,5,5,5,5,5,5,5,5,5,5,5,5,5,5,5,5,5,5,5,5,5,5,5,5,5,5,5
23,476,485,480,475,465,465,455,467,489,479,483,481,468,472,468,463,477,493,481,479,472,471,467,463,494,491,488,488,479,474,465,469,504,491,483,489,481,484,476,472,501,495,496,493,493,487,479,480,514,504,498,497,491,485,491,482,514,503,499,504,504,494,488,479,5,4,3,4,3,3,3,3,4,4,4,3,3,3,3,3,5,4,3,3,3,3,3,4,4,4,4,3,4,3,3,4,4,4,3,3,3,3,3,4,5,5,4,4,4,4,4,4,4,5,4,4,4,4,4,5,6,6,4,5,4,3,4,6,5,5,5,5,5,5,5,5,5,5,5,5,5,5,5,5,5,5,5,5,5,5,5,5,5,5,5,5,5,5,5,5,5,5,5,5,5,5,5,5,5,5,5,5,5,5,5,5,5,5,5,5,5,5,5,5,5,5,5,5,5,5,5,5
24,482,482,478,475,469,471,464,465,485,489,476,478,478,473,468,461,492,493,483,482,470,481,470,466,497,488,486,482,478,469,471,470,498,501,492,494,491,480,486,475,501,499,492,491,481,480,482,483,504,498,505,498,488,489,483,483,507,496,504,506,496,502,484,478,5,4,4,4,3,3,4,4,4,4,3,3,3,3,4,3,5,5,4,4,3,4,4,4,5,4,4,3,4,3,3,4,5,4,4,4,3,3,4,4,4,5,4,4,4,4,4,4,5,5,4,5,4,4,4,5,5,5,5,6,5,5,5,6,5,5,5,5,5,5,5,5,5,5,5,5,5,5,5,5,5,5,5,5,5,5,5,5,5,5,5,5,5,5,5,5,5,5,5,5,5,5,5,5,5,5,5,5,5,5,5,5,5,5,5,5,5,5,5,5,5,5,5,5,5,5,5,5
25,483,478,474,476,464,463,461,463,488,472,472,471,468,469,469,465,488,487,479,478,476,473,464,463,483,488,489,483,483,470,474,468,492,499,487,484,486,476,478,477,506,492,491,489,487,483,489,483,502,507,494,499,490,489,494,484,515,519,505,507,499,493,496,483,4,3,4,4,3,3,4,3,4,3,3,3,3,3,3,4,4,4,3,3,3,3,3,3,4,4,4,3,3,3,3,4,5,3,3,4,3,3,3,4,5,4,4,4,4,4,4,4,4,5,4,4,4,4,5,4,5,6,5,4,4,4,5,7,5,5,5,5,5,5,5,5,5,5,5,5,5,5,5,5,5,5,5,5,5,5,5,5,5,5,5,5,5,5,5,5,5,5,5,5,5,5,5,5,5,5,5,5,5,5,5,5,5,5,5,5,5,5,5,5,5,5,5,5,5,5,5,5
26,480,474,471,470,468,467,459,462,484,488,482,476,468,465,467,466,479,487,481,480,471,475,476,469,494,491,486,484,479,477,473,472,505,494,488,492,484,486,475,471,510,492,492,486,490,493,481,480,505,505,497,488,491,490,486,493,502,501,505,498,504,495,489,487,4,4,4,4,3,3,3,4,5,3,4,3,3,3,4,4,5,5,4,3,3,4,4,4,4,4,4,3,4,3,4,4,4,4,4,4,4,4,4,4,5,5,4,4,5,4,4,5,5,5,5,4,4,5,4,5,5,6,4,5,4,5,5,6,5,5,5,5,5,5,5,5,5,5,5,5,5,5,5,5,5,5,5,5,5,5,5,5,5,5,5,5,5,5,5,5,5,5,5,5,5,5,5,5,5,5,5,5,5,5,5,5,5,5,5,5,5,5,5,5,5,5,5,5,5,5,5,5
27,480,479,470,473,464,467,469,454,482,479,483,478,466,469,467,466,486,485,480,488,477,477,470,467,488,491,488,478,486,477,470,468,489,496,484,489,483,483,475,480,503,500,505,497,493,482,476,480,500,505,500,494,495,496,490,490,517,504,501,499,494,481,492,500,4,4,3,4,3,3,4,4,4,4,3,3,4,3,3,3,4,5,3,4,3,3,3,4,4,4,4,3,3,3,3,3,5,4,4,3,3,3,3,4,4,4,4,4,4,3,4,4,5,5,4,4,5,4,4,5,5,6,4,4,5,5,4,5,5,5,5,5,5,5,5,5,5,5,5,5,5,5,5,5,5,5,5,5,5,5,5,5,5,5,5,5,5,5,5,5,5,5,5,5,5,5,5,5,5,5,5,5,5,5,5,5,5,5,5,5,5,5,5,5,5,5,5,5,5,5,5,5
28,489,479,474,473,471,470,470,454,490,481,472,476,477,471,465,459,490,488,480,475,472,477,464,472,495,488,488,485,485,473,476,467,504,484,487,490,483,478,469,480,506,496,489,497,485,481,483,474,507,514,505,490,489,493,490,485,517,500,498,496,500,486,491,477,4,4,3,4,3,4,4,4,4,3,3,3,4,3,3,3,5,5,3,4,3,3,4,3,4,4,4,3,3,3,4,4,4,4,4,4,3,3,4,5,5,5,4,5,4,4,4,4,5,6,4,5,4,4,4,5,6,5,4,5,5,5,5,7,5,5,5,5,5,5,5,5,5,5,5,5,5,5,5,5,5,5,5,5,5,5,5,5,5,5,5,5,5,5,5,5,5,5,5,5,5,5,5,5,5,5,5,5,5,5,5,5,5,5,5,5,5,5,5,5,5,5,5,5,5,5,5,5
29,484,487,476,470,471,465,461,458,491,482,477,472,472,469,462,462,484,490,486,482,476,471,477,459,490,488,486,490,483,478,474,473,506,491,484,486,486,481,479,473,503,500,502,487,488,488,472,484,503,498,494,489,497,485,477,480,511,508,507,504,495,481,497,482,4,4,4,4,3,3,4,3,4,3,3,3,3,3,3,4,4,4,4,3,3,3,4,3,5,4,4,3,3,3,3,4,4,4,3,4,3,3,4,4,4,4,4,4,4,4,4,4,5,4,5,5,4,4,4,4,5,6,4,5,4,4,5,8,5,5,5,5,5,5,5,5,5,5,5,5,5,5,5,5,5,5,5,5,5,5,5,5,5,5,5,5,5,5,5,5,5,5,5,5,5,5,5,5,5,5,5,5,5,5,5,5,5,5,5,5,5,5,5,5,5,5,5,5,5,5,5,5
30,475,473,477,467,470,466,460,467,487,486,474,484,473,470,463,464,488,486,484,472,476,471,470,465,482,485,489,491,475,480,475,477,490,494,495,488,485,486,480,477,497,494,485,492,499,482,490,482,506,501,498,492,493,485,492,483,504,503,507,493,502,490,489,481,4,4,4,3,3,3,4,4,4,4,3,3,3,3,3,4,5,4,4,3,3,3,3,4,5,4,3,3,4,3,4,4,4,4,4,3,3,3,4,4,4,5,4,4,4,4,5,4,5,5,4,5,4,4,4,5,6,6,5,5,4,5,4,7,5,5,5,5,5,5,5,5,5,5,5,5,5,5,5,5,5,5,5,5,5,5,5,5,5,5,5,5,5,5,5,5,5,5,5,5,5,5,5,5,5,5,5,5,5,5,5,5,5,5,5,5,5,5,5,5,5,5,5,5,5,5,5,5
31,480,476,472,466,468,464,460,451,483,484,481,479,474,471,470,464,487,486,487,480,474,472,470,468,494,488,481,486,475,479,476,479,481,493,490,487,486,478,477,475,500,497,491,492,491,489,476,480,505,503,502,493,489,488,494,484,508,501,505,505,497,490,488,493,4,3,4,3,3,3,3,3,4,3,3,3,3,3,3,3,4,4,4,4,3,3,3,3,4,4,4,3,3,3,3,4,5,4,4,3,3,3,3,4,4,5,4,4,3,4,4,3,6,4,4,4,4,4,4,4,5,6,5,5,4,4,4,8,5,5,5,5,5,5,5,5,5,5,5,5,5,5,5,5,5,5,5,5,5,5,5,5,5,5,5,5,5,5,5,5,5,5,5,5,5,5,5,5,5,5,5,5,5,5,5,5,5,5,5,5,5,5,5,5,5,5,5,5,5,5,5,5
32,484,472,480,477,466,464,467,466,483,480,479,479,470,471,472,463,500,484,480,476,479,469,468,471,498,499,497,484,481,479,474,471,497,499,487,484,488,474,480,464,487,498,489,487,481,484,485,482,519,503,491,494,494,493,479,496,497,499,488,500,501,488,489,492,5,3,4,4,3,3,3,4,4,3,3,4,3,3,3,4,5,5,4,3,3,4,3,4,5,5,4,3,3,3,4,4,4,4,4,4,4,3,4,4,4,4,4,4,4,4,4,4,5,5,4,5,5,4,5,6,7,6,4,5,4,4,4,9,5,5,5,5,5,5,5,5,5,5,5,5,5,5,5,5,5,5,5,5,5,5,5,5,5,5,5,5,5,5,5,5,5,5,5,5,5,5,5,5,5,5,5,5,5,5,5,5,5,5,5,5,5,5,5,5,5,5,5,5,5,5,5,5
33,489,482,484,467,464,463,460,461,484,487,482,474,468,466,468,467,487,485,480,477,473,468,472,474,494,484,481,477,480,477,472,470,488,493,493,490,485,480,482,476,491,491,493,491,501,491,479,478,513,508,485,501,497,491,489,487,506,506,500,506,488,494,487,495,4,3,3,3,3,3,4,3,4,4,3,3,3,3,3,3,4,5,3,4,3,3,3,4,4,4,4,3,3,3,3,4,4,4,3,3,3,3,3,4,4,4,4,4,5,4,4,5,5,6,4,4,4,4,4,5,5,6,4,6,5,5,4,6,5,5,5,5,5,5,5,5,5,5,5,5,5,5,5,5,5,5,5,5,5,5,5,5,5,5,5,5,5,5,5,5,5,5,5,5,5,5,5,5,5,5,5,5,5,5,5,5,5,5,5,5,5,5,5,5,5,5,5,5,5,5,5,5
34,478,479,472,473,461,468,462,459,487,481,475,473,468,470,470,459,483,475,480,478,478,474,468,467,506,487,486,485,476,473,476,472,497,501,484,489,491,480,478,476,500,487,491,491,480,487,478,479,518,511,499,491,494,489,485,495,512,513,502,498,506,487,494,486,5,4,4,4,3,4,4,3,4,3,4,3,3,3,3,3,4,5,3,3,3,3,3,4,4,4,3,3,4,4,4,3,5,5,4,4,4,3,4,4,5,4,4,4,5,4,4,4,4,5,4,4,4,4,4,5,6,6,4,4,4,5,4,6,5,5,5,5,5,5,5,5,5,5,5,5,5,5,5,5,5,5,5,5,5,5,5,5,5,5,5,5,5,5,5,5,5,5,5,5,5,5,5,5,5,5,5,5,5,5,5,5,5,5,5,5,5,5,5,5,5,5,5,5,5,5,5,5
35,477,480,477,475,467,468,469,465,490,481,477,475,464,468,468,466,489,485,480,478,468,473,473,467,491,481,481,485,485,482,473,469,496,500,488,490,484,477,477,471,507,502,494,490,485,488,485,472,518,497,496,495,487,501,495,482,520,505,512,495,490,485,495,486,4,4,3,4,3,3,4,3,4,3,3,3,4,3,3,3,4,5,3,3,3,3,3,3,4,4,3,3,3,3,3,3,4,4,3,3,3,3,3,4,4,5,4,4,4,4,4,4,5,4,5,4,4,3,4,4,6,6,5,4,4,5,5,7,5,5,5,5,5,5,5,5,5,5,5,5,5,5,5,5,5,5,5,5,5,5,5,5,5,5,5,5,5,5,5,5,5,5,5,5,5,5,5,5,5,5,5,5,5,5,5,5,5,5,5,5,5,5,5,5,5,5,5,5,5,5,5,5
36,483,484,477,473,470,467,462,462,482,482,484,468,472,468,467,464,491,479,480,483,478,481,471,471,500,485,488,484,481,483,478,469,499,495,483,489,481,479,475,478,505,495,497,482,487,482,482,472,513,497,507,496,491,489,480,484,501,498,508,500,508,496,504,495,4,4,4,4,3,3,3,3,4,3,4,3,3,3,3,4,4,4,4,3,3,3,3,3,5,4,4,3,3,4,4,4,5,5,4,3,3,3,3,4,5,5,4,4,4,4,4,4,4,5,5,4,4,5,5,4,7,6,5,5,4,5,5,6,5,5,5,5,5,5,5,5,5,5,5,5,5,5,5,5,5,5,5,5,5,5,5,5,5,5,5,5,5,5,5,5,5,5,5,5,5,5,5,5,5,5,5,5,5,5,5,5,5,5,5,5,5,5,5,5,5,5,5,5,5,5,5,5
37,482,473,476,470,465,467,463,465,488,470,474,471,477,466,467,463,488,486,479,486,475,470,473,474,499,494,483,482,485,481,473,472,495,494,494,490,486,478,472,473,495,496,496,491,486,490,482,485,502,500,501,498,496,485,492,488,518,509,505,496,504,496,489,492,5,3,3,3,3,3,4,3,4,3,3,3,3,3,3,3,4,4,3,4,3,3,3,4,4,3,4,3,3,3,3,4,4,4,4,4,3,4,3,4,4,5,4,4,4,4,4,4,5,4,4,4,4,4,4,4,6,7,4,5,4,4,4,7,5,5,5,5,5,5,5,5,5,5,5,5,5,5,5,5,5,5,5,5,5,5,5,5,5,5,5,5,5,5,5,5,5,5,5,5,5,5,5,5,5,5,5,5,5,5,5,5,5,5,5,5,5,5,5,5,5,5,5,5,5,5,5,5
38,478,484,478,476,463,467,466,464,486,475,480,478,474,472,464,469,485,485,480,483,475,479,470,468,498,483,489,484,486,480,471,471,501,495,487,482,475,484,482,481,501,505,499,485,493,487,470,472,509,503,508,504,491,481,492,488,507,503,508,493,495,495,491,486,5,4,4,4,3,4,4,4,4,4,4,4,3,3,4,4,5,5,4,4,3,3,3,4,4,4,4,3,3,3,4,4,4,4,4,3,4,4,4,4,4,4,5,4,5,4,4,4,4,5,4,5,5,5,5,5,5,7,5,4,4,5,5,7,5,5,5,5,5,5,5,5,5,5,5,5,5,5,5,5,5,5,5,5,5,5,5,5,5,5,5,5,5,5,5,5,5,5,5,5,5,5,5,5,5,5,5,5,5,5,5,5,5,5,5,5,5,5,5,5,5,5,5,5,5,5,5,5
39,480,470,482,472,464,474,462,461,485,479,484,474,475,473,461,467,490,479,484,479,477,472,469,467,495,492,480,485,477,480,469,465,502,487,487,491,487,478,479,471,497,491,493,488,494,484,484,473,504,506,496,493,489,483,489,479,523,511,499,498,490,493,483,483,4,3,3,3,3,4,4,4,4,4,3,3,3,3,3,3,5,4,4,4,3,3,3,3,4,4,3,3,4,3,3,4,4,4,3,4,4,3,4,4,4,4,4,4,4,3,4,4,5,5,4,4,4,4,4,4,6,6,4,4,4,4,4,6,5,5,5,5,5,5,5,5,5,5,5,5,5,5,5,5,5,5,5,5,5,5,5,5,5,5,5,5,5,5,5,5,5,5,5,5,5,5,5,5,5,5,5,5,5,5,5,5,5,5,5,5,5,5,5,5,5,5,5,5,5,5,5,5
40,485,485,474,473,464,459,460,464,483,481,474,474,477,465,468,465,485,488,485,481,477,476,466,472,497,491,480,481,481,485,474,472,495,491,490,486,480,483,478,475,504,498,491,493,485,487,483,469,500,496,507,504,502,492,478,483,506,500,502,502,496,495,496,491,5,4,4,4,3,3,4,4,4,3,3,3,3,3,3,4,5,5,3,4,3,4,4,3,4,4,4,3,3,3,4,4,5,4,4,4,4,4,4,5,5,5,4,5,4,4,5,4,6,5,5,5,5,4,5,4,6,6,4,5,4,4,4,6,5,5,5,5,5,5,5,5,5,5,5,5,5,5,5,5,5,5,5,5,5,5,5,5,5,5,5,5,5,5,5,5,5,5,5,5,5,5,5,5,5,5,5,5,5,5,5,5,5,5,5,5,5,5,5,5,5,5,5,5,5,5,5,5
41,485,477,471,467,471,463,465,465,485,476,481,471,475,473,465,466,490,483,485,484,478,481,468,464,495,485,484,483,481,474,476,470,503,494,488,486,488,475,480,478,498,496,491,490,489,491,481,473,509,495,495,496,489,488,484,490,509,503,506,505,502,491,499,485,5,3,3,4,3,3,3,3,4,4,3,3,3,3,3,4,4,5,4,3,3,3,3,3,4,4,4,3,3,3,4,4,4,4,3,4,3,3,3,4,4,5,4,4,5,4,4,4,5,5,5,3,4,4,3,5,6,6,5,5,4,4,5,6,5,5,5,5,5,5,5,5,5,5,5,5,5,5,5,5,5,5,5,5,5,5,5,5,5,5,5,5,5,5,5,5,5,5,5,5,5,5,5,5,5,5,5,5,5,5,5,5,5,5,5,5,5,5,5,5,5,5,5,5,5,5,5,5
42,481,485,477,465,470,466,464,464,475,484,484,489,484,469,468,470,489,500,484,476,481,474,472,460,502,496,483,482,482,483,474,474,496,495,490,493,485,485,474,469,507,497,485,491,492,486,478,487,499,506,507,498,488,498,488,492,505,507,506,498,496,489,489,491,5,4,3,4,3,3,4,4,4,4,4,5,3,3,3,3,4,5,4,3,3,3,3,3,4,4,4,3,3,3,4,4,5,4,4,4,3,4,3,4,5,4,4,4,4,4,4,4,5,5,5,4,4,4,4,5,7,7,4,5,4,4,4,6,5,5,5,5,5,5,5,5,5,5,5,5,5,5,5,5,5,5,5,5,5,5,5,5,5,5,5,5,5,5,5,5,5,5,5,5,5,5,5,5,5,5,5,5,5,5,5,5,5,5,5,5,5,5,5,5,5,5,5,5,5,5,5,5
43,475,475,485,472,468,465,464,461,488,473,480,467,469,470,469,459,495,480,485,474,481,471,477,468,490,494,485,484,481,479,470,480,496,494,486,492,487,481,477,479,500,496,493,494,493,484,484,481,496,496,508,497,502,485,482,483,516,509,500,501,505,499,493,476,4,3,3,4,3,3,4,3,4,4,3,3,3,3,3,3,4,4,4,3,3,3,3,4,5,4,4,3,3,3,3,4,4,4,3,4,3,3,3,4,4,5,4,4,4,4,4,5,4,4,4,4,4,4,4,4,6,7,4,5,4,4,5,7,5,5,5,5,5,5,5,5,5,5,5,5,5,5,5,5,5,5,5,5,5,5,5,5,5,5,5,5,5,5,5,5,5,5,5,5,5,5,5,5,5,5,5,5,5,5,5,5,5,5,5,5,5,5,5,5,5,5,5,5,5,5,5,5
44,479,472,472,470,467,465,460,459,489,471,475,481,476,463,471,465,491,490,484,475,469,467,473,467,500,496,494,479,489,476,476,479,511,494,493,490,487,482,476,474,498,498,490,487,493,488,481,481,507,507,491,495,483,494,489,487,511,510,505,490,501,497,490,508,5,4,4,4,3,3,3,4,5,4,4,3,3,3,4,4,4,4,3,3,4,4,4,3,5,3,4,3,3,3,3,4,5,4,4,4,4,3,4,4,5,4,4,5,4,4,4,4,5,6,5,4,4,4,4,5,5,7,4,4,5,6,5,6,5,5,5,5,5,5,5,5,5,5,5,5,5,5,5,5,5,5,5,5,5,5,5,5,5,5,5,5,5,5,5,5,5,5,5,5,5,5,5,5,5,5,5,5,5,5,5,5,5,5,5,5,5,5,5,5,5,5,5,5,5,5,5,5
45,485,483,473,470,469,464,464,462,488,474,480,470,475,470,464,468,492,485,486,481,473,467,468,467,496,491,478,483,479,478,465,473,500,492,489,483,489,479,473,473,502,499,494,493,490,491,476,478,510,516,502,503,490,489,487,486,514,512,504,504,495,498,492,498,4,3,4,4,3,3,4,3,4,3,3,3,3,3,3,3,4,5,3,3,3,3,3,4,4,4,4,3,4,3,3,4,4,4,4,3,3,3,3,4,4,4,4,4,4,4,3,4,4,4,4,5,4,4,4,5,5,6,4,5,4,5,5,5,5,5,5,5,5,5,5,5,5,5,5,5,5,5,5,5,5,5,5,5,5,5,5,5,5,5,5,5,5,5,5,5,5,5,5,5,5,5,5,5,5,5,5,5,5,5,5,5,5,5,5,5,5,5,5,5,5,5,5,5,5,5,5,5
46,483,483,474,467,467,465,464,460,493,478,483,473,472,476,465,467,485,486,478,487,474,474,469,464,494,488,485,481,475,480,468,468,493,492,497,492,483,483,481,477,519,501,490,487,495,492,479,483,506,500,497,494,485,487,490,480,518,500,504,501,502,489,495,486,5,4,4,4,3,3,4,4,5,4,4,3,3,3,3,3,5,4,3,3,3,3,3,4,5,4,4,3,4,3,4,4,5,4,4,3,3,3,4,4,5,4,4,4,4,4,4,5,5,5,4,6,4,4,5,6,6,6,4,6,5,4,5,6,5,5,5,5,5,5,5,5,5,5,5,5,5,5,5,5,5,5,5,5,5,5,5,5,5,5,5,5,5,5,5,5,5,5,5,5,5,5,5,5,5,5,5,5,5,5,5,5,5,5,5,5,5,5,5,5,5,5,5,5,5,5,5,5
47,474,480,475,467,466,466,466,462,486,483,484,478,473,467,466,462,492,484,482,480,475,471,480,468,494,490,480,483,477,478,474,466,505,497,493,492,485,483,479,471,500,499,491,490,487,485,479,483,507,500,502,491,498,481,491,475,506,516,501,500,493,490,488,496,4,3,3,3,3,3,4,3,4,3,4,3,3,3,3,3,4,5,3,4,3,3,3,4,4,4,4,3,3,3,3,4,4,4,4,4,3,3,3,4,4,5,4,4,4,4,4,4,5,4,4,4,4,4,4,4,5,6,4,5,4,5,4,5,5,5,5,5,5,5,5,5,5,5,5,5,5,5,5,5,5,5,5,5,5,5,5,5,5,5,5,5,5,5,5,5,5,5,5,5,5,5,5,5,5,5,5,5,5,5,5,5,5,5,5,5,5,5,5,5,5,5,5,5,5,5,5,5
48,481,482,470,472,468,464,466,463,497,489,475,475,470,465,478,465,492,486,483,472,474,476,472,465,499,493,487,472,478,470,480,464,502,496,492,491,487,480,475,471,502,500,492,495,488,482,484,475,506,505,496,497,493,496,485,498,513,493,507,501,500,493,489,482,5,4,4,4,3,3,4,4,4,3,4,3,3,3,4,4,5,4,4,3,3,4,3,4,4,4,4,3,3,4,4,4,4,5,4,3,4,3,3,4,5,4,5,5,5,4,4,4,4,5,4,4,5,4,5,5,5,6,5,5,4,5,5,7,5,5,5,5,5,5,5,5,5,5,5,5,5,5,5,5,5,5,5,5,5,5,5,5,5,5,5,5,5,5,5,5,5,5,5,5,5,5,5,5,5,5,5,5,5,5,5,5,5,5,5,5,5,5,5,5,5,5,5,5,5,5,5,5
49,474,474,478,473,470,466,464,458,486,473,472,478,471,469,463,461,484,494,478,481,471,479,466,468,500,492,493,477,477,481,468,469,499,494,500,494,487,481,484,476,506,501,495,495,486,487,482,490,512,503,504,500,489,486,488,487,511,498,498,495,497,485,491,480,4,3,3,4,3,3,3,3,4,3,3,3,3,3,3,3,4,4,3,3,3,3,3,3,4,4,4,3,3,3,3,3,5,4,4,3,3,3,4,4,5,4,4,4,4,4,4,4,5,5,4,4,4,3,4,4,5,6,4,5,5,5,4,6,5,5,5,5,5,5,5,5,5,5,5,5,5,5,5,5,5,5,5,5,5,5,5,5,5,5,5,5,5,5,5,5,5,5,5,5,5,5,5,5,5,5,5,5,5,5,5,5,5,5,5,5,5,5,5,5,5,5,5,5,5,5,5,5
50,488,473,471,469,471,466,459,463,486,483,478,479,471,475,464,462,483,489,475,479,474,482,464,471,492,484,491,485,483,477,477,473,491,491,486,484,486,482,479,478,506,498,499,494,486,486,486,484,520,500,494,495,495,488,484,494,511,496,509,498,498,491,489,492,4,3,4,4,3,3,4,4,4,3,4,4,3,3,4,4,6,4,4,4,3,3,3,4,4,4,4,4,3,3,4,4,4,4,4,4,4,3,3,5,5,5,3,4,4,4,5,4,4,5,5,4,5,5,3,6,5,6,5,5,4,4,5,8,5,5,5,5,5,5,5,5,5,5,5,5,5,5,5,5,5,5,5,5,5,5,5,5,5,5,5,5,5,5,5,5,5,5,5,5,5,5,5,5,5,5,5,5,5,5,5,5,5,5,5,5,5,5,5,5,5,5,5,5,5,5,5,5
51,481,476,474,470,464,465,475,458,482,482,479,474,474,469,469,461,498,480,482,480,477,473,475,469,498,489,480,484,481,477,468,475,492,496,486,491,478,485,478,475,498,490,498,489,484,486,474,489,509,493,497,495,489,495,481,485,515,501,500,503,493,495,499,485,4,3,4,3,3,3,3,4,4,3,3,3,3,3,3,3,5,4,3,3,3,3,3,4,4,4,3,3,3,3,3,4,4,4,3,4,4,3,3,4,4,4,4,4,4,4,4,4,5,5,4,5,4,4,4,4,5,6,4,5,5,4,5,7,5,5,5,5,5,5,5,5,5,5,5,5,5,5,5,5,5,5,5,5,5,5,5,5,5,5,5,5,5,5,5,5,5,5,5,5,5,5,5,5,5,5,5,5,5,5,5,5,5,5,5,5,5,5,5,5,5,5,5,5,5,5,5,5
52,489,484,469,474,466,463,461,461,488,487,476,478,473,469,470,464,491,490,481,483,476,471,465,467,493,498,480,483,484,475,468,470,501,501,496,495,486,485,477,476,503,501,497,488,484,484,492,473,503,502,500,494,491,488,488,482,507,509,496,498,495,496,488,482,4,4,4,4,3,3,3,3,4,4,3,4,3,3,3,4,5,4,3,4,3,3,3,4,5,4,4,3,4,3,3,4,5,4,4,4,3,4,3,4,4,5,5,4,4,4,5,4,5,4,4,5,5,4,5,5,6,5,4,4,5,4,5,8,5,5,5,5,5,5,5,5,5,5,5,5,5,5,5,5,5,5,5,5,5,5,5,5,5,5,5,5,5,5,5,5,5,5,5,5,5,5,5,5,5,5,5,5,5,5,5,5,5,5,5,5,5,5,5,5,5,5,5,5,5,5,5,5
53,488,476,470,468,457,472,456,466,487,488,474,482,478,466,465,459,485,487,481,474,475,480,468,474,495,488,487,490,479,478,476,464,497,496,488,481,487,479,478,471,506,490,495,485,482,479,483,474,507,501,494,490,489,479,484,486,513,510,497,499,498,492,489,478,5,3,4,3,3,3,3,3,4,3,4,4,3,3,3,3,4,4,3,3,3,3,3,3,4,4,4,3,3,3,3,4,5,4,3,3,3,3,4,4,4,4,4,4,4,4,4,4,4,4,4,4,4,4,4,4,5,5,4,5,5,4,4,6,5,5,5,5,5,5,5,5,5,5,5,5,5,5,5,5,5,5,5,5,5,5,5,5,5,5,5,5,5,5,5,5,5,5,5,5,5,5,5,5,5,5,5,5,5,5,5,5,5,5,5,5,5,5,5,5,5,5,5,5,5,5,5,5
54,488,484,480,467,469,462,454,460,490,482,477,478,476,468,464,469,486,490,484,482,480,470,461,460,497,497,484,481,481,479,468,473,499,495,485,490,484,478,477,481,520,496,491,495,491,494,482,478,508,493,489,498,493,491,495,484,509,513,501,505,499,495,498,503,4,4,3,4,3,3,3,4,4,3,4,4,3,3,4,4,4,4,4,4,3,3,3,4,4,4,4,3,3,3,3,4,4,5,4,4,3,3,4,5,6,4,5,4,4,4,4,4,5,4,4,4,5,4,4,5,5,7,5,6,4,5,4,7,5,5,5,5,5,5,5,5,5,5,5,5,5,5,5,5,5,5,5,5,5,5,5,5,5,5,5,5,5,5,5,5,5,5,5,5,5,5,5,5,5,5,5,5,5,5,5,5,5,5,5,5,5,5,5,5,5,5,5,5,5,5,5,5
55,476,482,471,477,468,465,457,462,489,482,480,467,475,466,470,460,483,483,483,484,476,471,475,462,489,494,478,483,474,474,479,477,505,488,487,488,486,481,483,477,500,499,490,483,488,494,484,477,506,501,495,497,483,479,484,484,514,508,509,507,493,493,484,488,4,3,3,4,3,3,3,3,4,3,3,3,3,3,3,3,4,4,4,3,3,4,3,3,4,4,4,3,4,3,4,4,5,3,4,3,3,4,3,4,4,4,4,4,4,4,4,4,5,5,5,4,4,4,3,5,6,5,4,6,5,4,5,7,5,5,5,5,5,5,5,5,5,5,5,5,5,5,5,5,5,5,5,5,5,5,5,5,5,5,5,5,5,5,5,5,5,5,5,5,5,5,5,5,5,5,5,5,5,5,5,5,5,5,5,5,5,5,5,5,5,5,5,5,5,5,5,5
56,484,474,475,479,465,461,459,467,487,480,468,480,475,465,477,467,489,488,478,480,476,474,473,466,497,487,485,482,476,481,472,471,497,489,486,490,485,483,481,471,507,495,493,495,499,486,488,479,501,493,492,499,486,491,482,497,508,520,500,494,494,499,492,492,5,4,4,5,3,3,4,3,4,3,3,4,3,3,4,4,5,4,4,4,3,3,4,4,4,4,4,3,3,3,3,4,4,4,4,3,4,4,4,4,4,5,5,5,5,4,4,5,5,4,4,4,4,4,5,6,5,6,4,4,4,4,4,7,5,5,5,5,5,5,5,5,5,5,5,5,5,5,5,5,5,5,5,5,5,5,5,5,5,5,5,5,5,5,5,5,5,5,5,5,5,5,5,5,5,5,5,5,5,5,5,5,5,5,5,5,5,5,5,5,5,5,5,5,5,5,5,5
57,485,479,475,472,474,468,466,463,491,476,478,472,471,471,471,463,495,483,483,471,481,463,474,468,498,490,484,478,484,474,469,471,498,496,487,483,488,477,476,476,501,492,495,487,495,486,485,479,505,500,500,488,496,491,491,476,515,500,499,501,496,484,489,489,5,3,3,3,3,3,4,3,4,4,3,3,3,3,3,3,4,5,3,3,3,4,3,4,4,4,4,3,3,3,3,4,4,4,3,3,3,3,3,4,4,4,4,4,5,4,4,4,5,4,4,4,4,4,4,4,5,6,4,4,5,5,4,7,5,5,5,5,5,5,5,5,5,5,5,5,5,5,5,5,5,5,5,5,5,5,5,5,5,5,5,5,5,5,5,5,5,5,5,5,5,5,5,5,5,5,5,5,5,5,5,5,5,5,5,5,5,5,5,5,5,5,5,5,5,5,5,5
58,482,479,479,468,475,462,458,455,493,481,483,471,470,472,465,469,491,492,482,479,471,468,470,467,501,482,482,477,484,479,475,475,506,495,486,483,481,487,476,476,502,494,495,488,495,485,484,474,516,500,504,499,493,491,490,473,518,507,501,509,501,489,493,495,5,4,4,4,3,3,3,3,4,3,4,3,3,3,3,3,5,4,3,3,3,3,3,4,5,4,4,3,3,3,4,4,5,4,4,3,3,4,4,4,4,5,5,3,5,4,4,4,5,5,4,4,4,4,5,5,6,9,4,5,4,5,6,6,5,5,5,5,5,5,5,5,5,5,5,5,5,5,5,5,5,5,5,5,5,5,5,5,5,5,5,5,5,5,5,5,5,5,5,5,5,5,5,5,5,5,5,5,5,5,5,5,5,5,5,5,5,5,5,5,5,5,5,5,5,5,5,5
59,477,480,483,473,470,464,456,456,480,479,485,478,478,470,468,462,492,485,486,480,482,468,470,465,492,486,486,484,483,477,475,476,499,493,495,487,484,479,481,471,497,500,497,487,491,483,476,487,498,500,501,504,495,490,478,480,506,508,505,506,499,494,496,490,3,3,3,3,3,3,3,3,4,3,4,3,3,3,3,3,4,5,4,3,3,3,3,4,4,4,3,3,3,3,3,4,4,4,4,3,3,3,3,4,4,5,4,4,4,4,3,4,5,5,4,4,4,4,4,5,5,6,4,5,4,5,5,7,5,5,5,5,5,5,5,5,5,5,5,5,5,5,5,5,5,5,5,5,5,5,5,5,5,5,5,5,5,5,5,5,5,5,5,5,5,5,5,5,5,5,5,5,5,5,5,5,5,5,5,5,5,5,5,5,5,5,5,5,5,5,5,5
60,476,480,467,464,461,469,472,464,487,486,485,477,476,472,465,465,485,494,481,490,472,472,475,467,489,483,491,479,480,483,477,469,500,493,494,488,478,483,477,477,498,501,496,490,491,478,482,478,505,501,501,498,497,493,492,487,511,519,501,501,505,493,485,482,4,4,3,4,3,3,3,3,4,3,4,3,3,3,4,3,6,4,4,4,3,4,3,4,5,4,4,3,3,3,3,4,5,4,4,3,3,3,4,5,5,5,4,4,5,3,4,5,5,5,4,4,5,4,4,5,4,6,4,4,4,4,5,7,5,5,5,5,5,5,5,5,5,5,5,5,5,5,5,5,5,5,5,5,5,5,5,5,5,5,5,5,5,5,5,5,5,5,5,5,5,5,5,5,5,5,5,5,5,5,5,5,5,5,5,5,5,5,5,5,5,5,5,5,5,5,5,5
61,489,477,470,476,469,463,464,460,480,481,481,478,469,473,469,459,489,487,479,479,476,470,470,470,493,491,483,488,474,476,480,474,504,497,487,491,484,481,476,474,505,498,494,488,490,483,480,472,501,502,500,491,493,488,493,483,504,508,494,496,495,489,490,484,5,3,3,4,3,3,4,3,4,4,4,3,3,3,3,3,4,4,3,4,3,3,3,4,4,4,3,3,3,3,3,4,5,4,3,3,3,3,3,4,4,5,4,4,4,3,4,4,4,4,4,4,4,5,4,4,5,6,4,5,4,5,4,8,5,5,5,5,5,5,5,5,5,5,5,5,5,5,5,5,5,5,5,5,5,5,5,5,5,5,5,5,5,5,5,5,5,5,5,5,5,5,5,5,5,5,5,5,5,5,5,5,5,5,5,5,5,5,5,5,5,5,5,5,5,5,5,5
62,481,473,474,470,472,463,459,456,489,483,473,477,474,472,464,458,486,489,482,481,479,470,464,470,489,486,489,483,476,473,474,472,494,493,488,486,482,479,479,477,501,502,488,488,497,485,491,482,500,498,497,494,494,486,485,484,517,503,494,497,498,501,505,494,5,3,4,4,3,3,4,3,5,3,3,3,3,3,3,3,4,4,4,4,3,3,4,4,5,4,4,3,4,3,4,4,5,4,4,4,3,4,4,5,4,5,4,4,5,4,4,3,5,5,4,4,4,4,5,5,5,6,4,5,5,5,5,6,5,5,5,5,5,5,5,5,5,5,5,5,5,5,5,5,5,5,5,5,5,5,5,5,5,5,5,5,5,5,5,5,5,5,5,5,5,5,5,5,5,5,5,5,5,5,5,5,5,5,5,5,5,5,5,5,5,5,5,5,5,5,5,5
63,479,483,476,472,474,465,461,469,489,478,476,475,476,471,460,464,488,494,488,478,473,475,471,463,496,498,489,488,475,477,469,472,503,499,492,490,489,484,482,471,503,493,498,490,490,479,475,481,501,497,502,496,493,478,488,487,504,506,511,502,496,487,493,497,5,3,4,4,3,3,3,3,4,4,3,3,3,3,3,3,4,4,4,3,3,3,3,4,4,4,4,3,3,3,3,4,5,3,3,4,3,3,3,4,5,4,4,4,4,3,4,3,5,4,4,5,4,4,4,5,5,5,5,5,4,4,4,5,5,5,5,5,5,5,5,5,5,5,5,5,5,5,5,5,5,5,5,5,5,5,5,5,5,5,5,5,5,5,5,5,5,5,5,5,5,5,5,5,5,5,5,5,5,5,5,5,5,5,5,5,5,5,5,5,5,5,5,5,5,5,5,5
64,483,472,473,473,467,464,465,463,487,487,478,474,475,469,467,471,476,481,488,475,472,476,469,473,497,491,492,483,485,478,472,471,503,502,487,484,488,486,474,473,496,491,501,490,491,492,486,479,510,501,499,497,491,489,489,473,517,516,507,502,495,488,492,479,5,3,4,4,3,3,4,4,4,4,4,3,3,3,3,4,5,4,4,4,3,4,4,4,4,4,4,3,3,3,3,4,5,5,3,4,3,3,3,4,4,5,5,4,4,4,5,4,6,5,4,4,4,4,4,5,6,6,5,5,4,4,4,6,5,5,5,5,5,5,5,5,5,5,5,5,5,5,5,5,5,5,5,5,5,5,5,5,5,5,5,5,5,5,5,5,5,5,5,5,5,5,5,5,5,5,5,5,5,5,5,5,5,5,5,5,5,5,5,5,5,5,5,5,5,5,5,5
65,478,484,474,469,467,464,466,466,485,475,473,477,473,472,468,464,484,487,483,478,472,467,464,469,485,488,488,478,480,477,475,471,499,491,491,494,485,480,480,471,505,495,498,488,482,488,488,481,519,500,496,503,487,484,480,476,511,509,507,498,497,492,494,478,4,4,4,3,3,3,4,3,4,4,3,3,3,3,3,3,4,5,4,3,3,3,3,4,5,4,4,3,3,3,3,4,4,4,4,4,3,3,4,4,4,5,4,4,4,4,4,4,5,5,4,4,4,4,5,4,4,6,5,5,4,4,4,6,5,5,5,5,5,5,5,5,5,5,5,5,5,5,5,5,5,5,5,5,5,5,5,5,5,5,5,5,5,5,5,5,5,5,5,5,5,5,5,5,5,5,5,5,5,5,5,5,5,5,5,5,5,5,5,5,5,5,5,5,5,5,5,5
66,473,480,472,469,467,469,459,468,492,475,479,471,475,470,468,469,492,488,486,478,481,472,465,476,490,491,479,479,476,480,475,477,497,494,490,487,483,479,477,469,504,498,493,491,481,485,482,478,513,499,492,499,487,478,488,487,512,526,501,504,494,490,488,482,4,4,4,4,3,3,3,4,4,3,4,3,3,3,4,3,5,5,4,3,3,3,3,3,5,4,4,3,4,3,4,5,4,4,4,4,4,3,4,4,4,5,4,4,4,4,4,4,5,5,4,4,4,4,5,5,5,7,4,5,4,4,5,6,5,5,5,5,5,5,5,5,5,5,5,5,5,5,5,5,5,5,5,5,5,5,5,5,5,5,5,5,5,5,5,5,5,5,5,5,5,5,5,5,5,5,5,5,5,5,5,5,5,5,5,5,5,5,5,5,5,5,5,5,5,5,5,5
67,488,480,478,472,473,471,464,461,486,478,475,476,473,463,460,463,485,486,476,475,479,481,476,470,490,493,486,481,485,479,475,475,496,495,489,483,480,481,479,485,501,499,492,493,485,487,483,479,511,492,500,495,488,491,493,484,510,508,508,498,499,499,494,487,5,3,4,3,3,3,4,3,4,3,3,3,3,3,3,3,4,4,3,3,3,3,3,4,4,4,4,3,3,3,3,4,5,4,3,3,3,3,3,4,5,4,4,4,4,4,4,5,4,5,4,5,4,4,5,5,5,6,4,5,4,5,4,6,5,5,5,5,5,5,5,5,5,5,5,5,5,5,5,5,5,5,5,5,5,5,5,5,5,5,5,5,5,5,5,5,5,5,5,5,5,5,5,5,5,5,5,5,5,5,5,5,5,5,5,5,5,5,5,5,5,5,5,5,5,5,5,5
68,480,487,485,474,467,468,463,465,485,489,477,479,469,475,474,463,486,480,486,478,486,473,469,462,498,492,486,486,481,478,467,474,494,498,487,481,487,489,483,476,498,500,495,498,484,487,485,481,509,497,497,494,491,490,499,488,511,505,504,500,496,496,503,495,4,4,4,4,3,3,3,4,4,3,4,3,3,3,3,3,4,4,4,3,3,3,4,4,4,4,4,3,3,3,4,4,5,4,3,3,3,3,4,4,4,4,4,4,4,4,4,4,5,4,4,4,4,4,4,5,5,6,5,5,6,4,6,6,5,5,5,5,5,5,5,5,5,5,5,5,5,5,5,5,5,5,5,5,5,5,5,5,5,5,5,5,5,5,5,5,5,5,5,5,5,5,5,5,5,5,5,5,5,5,5,5,5,5,5,5,5,5,5,5,5,5,5,5,5,5,5,5
69,488,478,466,467,473,461,469,463,489,486,475,471,468,468,468,470,488,474,482,479,476,468,472,465,496,483,491,476,478,478,474,471,488,497,485,484,486,482,482,472,501,493,492,491,489,487,485,479,506,501,494,492,494,484,489,489,517,502,507,503,498,498,498,488,4,3,3,3,3,3,3,3,4,3,3,4,3,3,3,3,5,4,3,3,3,3,3,4,5,4,4,3,3,3,3,4,4,4,3,3,4,3,3,4,4,4,4,4,4,3,4,4,5,5,5,4,4,4,5,5,6,6,5,5,4,4,5,6,5,5,5,5,5,5,5,5,5,5,5,5,5,5,5,5,5,5,5,5,5,5,5,5,5,5,5,5,5,5,5,5,5,5,5,5,5,5,5,5,5,5,5,5,5,5,5,5,5,5,5,5,5,5,5,5,5,5,5,5,5,5,5,5
70,479,478,473,474,472,465,470,458,478,487,483,479,473,476,458,467,493,488,488,481,474,477,466,465,502,487,488,480,474,478,470,474,499,498,494,492,488,486,475,475,496,501,496,488,487,478,476,482,514,507,498,497,493,495,489,490,506,507,505,498,498,494,491,481,4,4,4,4,4,3,3,4,4,3,4,4,3,3,3,4,4,5,4,3,3,4,4,4,5,4,4,3,4,3,3,4,5,5,4,4,4,3,4,4,5,4,5,4,4,4,5,4,5,5,4,4,4,4,4,5,6,5,5,5,4,5,5,6,5,5,5,5,5,5,5,5,5,5,5,5,5,5,5,5,5,5,5,5,5,5,5,5,5,5,5,5,5,5,5,5,5,5,5,5,5,5,5,5,5,5,5,5,5,5,5,5,5,5,5,5,5,5,5,5,5,5,5,5,5,5,5,5
71,475,478,473,479,463,463,472,456,487,480,480,484,476,468,462,461,488,483,482,480,473,470,472,465,493,493,482,485,483,476,468,472,500,498,492,488,481,484,483,479,511,491,486,489,489,479,480,480,503,501,502,489,482,489,488,484,505,508,500,497,489,490,497,497,4,3,4,4,3,3,3,3,4,3,4,3,3,3,3,3,4,4,3,3,3,3,3,3,4,4,3,3,3,3,3,4,5,5,3,4,3,3,4,4,5,4,4,4,4,4,4,5,5,4,4,4,4,3,4,5,6,5,4,4,4,4,5,9,5,5,5,5,5,5,5,5,5,5,5,5,5,5,5,5,5,5,5,5,5,5,5,5,5,5,5,5,5,5,5,5,5,5,5,5,5,5,5,5,5,5,5,5,5,5,5,5,5,5,5,5,5,5,5,5,5,5,5,5,5,5,5,5
72,479,482,471,478,466,465,459,458,489,479,477,472,470,469,468,469,496,493,488,483,474,470,475,472,495,487,485,485,473,476,473,468,502,491,490,490,483,478,481,472,507,504,494,502,489,484,480,485,499,498,507,492,494,485,486,490,521,487,499,507,498,486,496,486,5,4,4,4,3,4,4,4,4,4,3,3,4,3,3,4,5,4,4,4,3,3,3,4,4,4,4,3,4,3,3,4,4,4,3,4,4,4,4,4,5,4,5,5,4,4,4,4,5,5,4,5,5,5,4,5,6,5,5,5,4,5,5,7,5,5,5,5,5,5,5,5,5,5,5,5,5,5,5,5,5,5,5,5,5,5,5,5,5,5,5,5,5,5,5,5,5,5,5,5,5,5,5,5,5,5,5,5,5,5,5,5,5,5,5,5,5,5,5,5,5,5,5,5,5,5,5,5
73,482,484,475,469,464,462,464,456,488,471,476,474,476,471,460,465,490,482,482,485,475,479,467,468,488,483,488,483,481,467,475,470,491,493,489,492,484,485,480,469,505,495,490,485,488,483,482,478,512,499,494,496,493,489,495,477,518,505,507,504,498,491,489,479,4,4,4,3,3,3,3,4,4,3,3,3,3,3,3,3,5,5,4,4,3,3,3,4,4,4,4,3,3,3,3,4,4,4,3,4,3,3,3,3,4,5,4,3,4,4,4,4,6,5,4,5,4,3,4,4,5,7,5,6,4,4,5,6,5,5,5,5,5,5,5,5,5,5,5,5,5,5,5,5,5,5,5,5,5,5,5,5,5,5,5,5,5,5,5,5,5,5,5,5,5,5,5,5,5,5,5,5,5,5,5,5,5,5,5,5,5,5,5,5,5,5,5,5,5,5,5,5
74,481,481,474,468,466,466,460,458,491,482,480,474,475,470,467,462,476,491,475,476,476,472,473,473,486,489,487,476,483,481,472,475,498,488,488,486,480,481,484,480,494,495,498,493,496,490,489,479,505,506,500,498,493,478,485,484,521,515,510,492,493,495,495,486,4,4,4,4,3,3,3,3,5,4,4,4,4,3,3,4,5,6,3,3,3,3,3,4,5,4,4,3,3,3,4,4,5,4,4,4,3,4,4,5,4,5,5,4,4,4,4,5,5,5,4,4,5,4,4,5,6,6,5,4,4,5,5,8,5,5,5,5,5,5,5,5,5,5,5,5,5,5,5,5,5,5,5,5,5,5,5,5,5,5,5,5,5,5,5,5,5,5,5,5,5,5,5,5,5,5,5,5,5,5,5,5,5,5,5,5,5,5,5,5,5,5,5,5,5,5,5,5
75,479,471,471,474,467,463,467,465,489,478,478,471,478,468,462,460,492,492,485,475,477,475,473,470,497,484,485,483,482,484,473,476,494,496,486,486,484,488,466,474,508,492,502,491,483,490,479,484,499,491,499,496,495,491,489,489,508,501,500,510,494,492,492,485,5,3,4,4,3,3,3,3,4,3,4,3,3,3,3,3,4,4,3,3,3,3,4,3,4,4,4,3,3,3,3,4,4,4,3,3,3,3,4,4,4,5,4,4,4,4,4,3,5,4,4,4,4,4,4,5,5,5,4,5,4,4,5,7,5,5,5,5,5,5,5,5,5,5,5,5,5,5,5,5,5,5,5,5,5,5,5,5,5,5,5,5,5,5,5,5,5,5,5,5,5,5,5,5,5,5,5,5,5,5,5,5,5,5,5,5,5,5,5,5,5,5,5,5,5,5,5,5
76,479,482,471,481,465,466,465,459,480,485,476,482,477,467,468,464,492,488,476,482,471,477,474,467,496,489,487,482,480,473,483,477,506,484,497,488,486,482,477,478,502,496,496,495,490,488,476,478,499,503,503,496,491,488,486,486,515,505,511,504,509,494,494,490,4,4,4,3,3,3,4,4,4,4,4,4,3,3,3,4,4,5,4,4,3,3,4,4,4,4,4,3,4,3,4,4,4,4,4,4,3,4,3,5,5,5,5,5,4,4,4,5,5,5,4,4,4,4,4,5,5,6,5,5,4,6,5,6,5,5,5,5,5,5,5,5,5,5,5,5,5,5,5,5,5,5,5,5,5,5,5,5,5,5,5,5,5,5,5,5,5,5,5,5,5,5,5,5,5,5,5,5,5,5,5,5,5,5,5,5,5,5,5,5,5,5,5,5,5,5,5,5
77,478,480,472,468,468,471,464,454,479,478,475,479,466,473,473,464,496,481,478,479,472,478,467,466,492,487,484,480,477,479,470,471,499,493,482,482,486,476,473,469,503,492,500,487,487,487,479,474,507,501,491,497,495,493,482,481,516,513,510,493,498,494,490,488,4,4,4,3,3,3,3,4,4,3,3,3,4,3,3,3,5,4,4,3,3,3,3,4,4,4,3,3,4,3,3,4,4,4,3,3,4,3,3,4,4,4,3,4,4,4,4,4,6,5,5,4,4,3,4,4,6,5,4,4,4,4,4,6,5,5,5,5,5,5,5,5,5,5,5,5,5,5,5,5,5,5,5,5,5,5,5,5,5,5,5,5,5,5,5,5,5,5,5,5,5,5,5,5,5,5,5,5,5,5,5,5,5,5,5,5,5,5,5,5,5,5,5,5,5,5,5,5
78,481,486,470,473,465,465,456,463,485,482,476,475,475,470,472,470,488,484,480,484,476,471,469,462,495,488,486,486,477,475,476,465,500,493,483,487,484,484,481,478,498,493,490,489,490,485,480,483,507,503,489,497,483,488,489,488,512,501,505,500,499,485,494,479,4,4,4,4,3,3,4,3,4,4,3,4,3,3,3,4,4,5,4,4,3,3,4,4,4,4,4,3,4,3,4,4,5,4,3,4,3,3,4,5,4,4,4,4,4,4,4,4,6,5,4,4,4,5,5,4,6,6,4,5,4,5,5,7,5,5,5,5,5,5,5,5,5,5,5,5,5,5,5,5,5,5,5,5,5,5,5,5,5,5,5,5,5,5,5,5,5,5,5,5,5,5,5,5,5,5,5,5,5,5,5,5,5,5,5,5,5,5,5,5,5,5,5,5,5,5,5,5
79,477,480,479,473,462,464,459,462,487,488,488,474,477,471,469,459,487,486,487,478,475,478,475,473,492,493,492,479,477,478,476,470,498,489,487,494,483,480,480,479,509,497,493,483,499,483,480,485,500,506,490,503,489,493,496,481,509,506,501,499,508,488,491,489,4,3,4,3,3,3,3,3,4,3,4,3,3,3,3,3,4,5,4,3,3,3,4,3,4,4,4,3,3,3,3,4,4,4,3,3,3,3,4,4,4,5,4,4,5,4,4,4,4,5,5,4,4,4,4,5,6,5,4,5,4,4,5,6,5,5,5,5,5,5,5,5,5,5,5,5,5,5,5,5,5,5,5,5,5,5,5,5,5,5,5,5,5,5,5,5,5,5,5,5,5,5,5,5,5,5,5,5,5,5,5,5,5,5,5,5,5,5,5,5,5,5,5,5,5,5,5,5
80,482,473,473,472,468,465,461,464,489,478,481,479,474,473,466,458,488,488,482,485,474,475,475,470,484,494,488,489,479,478,474,475,500,492,493,495,490,476,478,474,504,499,490,493,487,486,485,479,500,498,505,489,487,494,490,484,508,501,505,507,495,487,493,492,5,4,3,3,3,3,3,4,4,3,4,4,3,3,3,3,5,5,4,4,3,3,3,4,5,3,4,3,3,3,3,4,5,4,4,4,3,4,4,4,5,5,4,5,4,4,4,4,6,5,4,5,4,4,4,5,5,6,5,5,6,5,5,7,5,5,5,5,5,5,5,5,5,5,5,5,5,5,5,5,5,5,5,5,5,5,5,5,5,5,5,5,5,5,5,5,5,5,5,5,5,5,5,5,5,5,5,5,5,5,5,5,5,5,5,5,5,5,5,5,5,5,5,5,5,5,5,5
81,486,483,474,470,464,461,462,460,482,479,474,473,473,469,465,469,495,485,485,481,478,473,473,469,489,486,482,489,481,480,472,480,495,496,479,492,488,485,476,478,508,495,495,486,489,490,490,476,510,502,502,484,486,490,485,481,510,503,498,504,491,491,485,490,5,4,4,3,3,3,4,4,4,4,4,3,3,3,3,4,4,5,4,3,3,3,3,4,5,4,3,3,3,3,3,4,4,4,3,3,3,3,3,4,4,4,4,4,4,4,4,4,4,4,4,4,4,4,4,5,5,5,4,5,4,4,4,7,5,5,5,5,5,5,5,5,5,5,5,5,5,5,5,5,5,5,5,5,5,5,5,5,5,5,5,5,5,5,5,5,5,5,5,5,5,5,5,5,5,5,5,5,5,5,5,5,5,5,5,5,5,5,5,5,5,5,5,5,5,5,5,5
82,481,470,475,482,467,468,462,466,485,485,482,470,476,472,472,467,483,474,490,477,474,473,467,466,492,492,480,484,487,475,475,467,506,502,486,484,487,484,482,464,502,489,503,486,485,485,482,484,505,508,506,493,494,495,485,496,510,504,500,494,510,488,494,497,5,3,4,3,3,3,4,4,4,3,4,3,3,3,4,4,4,4,4,3,3,3,3,4,4,4,4,3,4,4,4,4,5,5,3,3,4,3,4,4,5,4,5,4,4,4,5,5,5,5,4,5,4,4,4,5,4,6,4,5,5,5,5,7,5,5,5,5,5,5,5,5,5,5,5,5,5,5,5,5,5,5,5,5,5,5,5,5,5,5,5,5,5,5,5,5,5,5,5,5,5,5,5,5,5,5,5,5,5,5,5,5,5,5,5,5,5,5,5,5,5,5,5,5,5,5,5,5
83,484,475,479,473,475,469,466,464,488,479,474,475,469,476,464,456,483,490,479,480,477,478,468,466,500,488,486,486,476,472,477,472,501,503,490,486,483,483,476,473,495,497,491,487,492,486,481,489,504,496,493,499,494,486,493,492,511,506,503,493,496,495,501,479,4,3,4,3,3,3,4,3,4,3,3,3,3,3,3,3,5,4,3,3,3,3,3,3,4,4,4,3,3,3,4,4,5,3,3,4,3,3,4,4,4,4,4,3,4,4,4,4,5,5,5,4,4,4,4,5,5,6,4,5,4,4,5,6,5,5,5,5,5,5,5,5,5,5,5,5,5,5,5,5,5,5,5,5,5,5,5,5,5,5,5,5,5,5,5,5,5,5,5,5,5,5,5,5,5,5,5,5,5,5,5,5,5,5,5,5,5,5,5,5,5,5,5,5,5,5,5,5
84,481,479,471,474,468,463,459,464,488,482,479,469,478,473,464,464,485,483,480,479,479,471,469,471,495,491,487,481,479,483,475,470,499,499,487,489,487,487,478,476,502,495,500,494,486,488,481,481,512,498,505,497,492,489,482,485,508,509,511,499,499,494,491,494,5,3,4,4,3,3,3,4,4,4,4,3,3,3,3,3,4,4,4,3,3,4,3,4,4,4,4,3,4,4,4,4,5,4,3,4,3,4,4,5,4,5,4,4,4,4,4,4,4,5,5,4,4,4,5,5,7,5,5,5,5,4,4,9,5,5,5,5,5,5,5,5,5,5,5,5,5,5,5,5,5,5,5,5,5,5,5,5,5,5,5,5,5,5,5,5,5,5,5,5,5,5,5,5,5,5,5,5,5,5,5,5,5,5,5,5,5,5,5,5,5,5,5,5,5,5,5,5
85,486,476,480,472,470,468,461,462,491,481,480,480,467,474,463,468,483,498,484,488,477,471,469,465,503,493,482,482,481,474,483,471,500,495,487,494,487,489,478,474,496,505,498,486,498,482,483,479,510,499,497,502,496,482,484,485,509,514,512,499,508,488,488,485,4,3,4,3,3,3,3,3,4,3,3,3,3,3,3,3,4,4,3,4,3,3,3,3,4,4,3,3,3,3,4,4,4,4,3,3,3,3,4,4,4,4,4,4,4,4,4,4,5,4,4,4,4,4,4,4,4,6,5,4,4,4,4,5,5,5,5,5,5,5,5,5,5,5,5,5,5,5,5,5,5,5,5,5,5,5,5,5,5,5,5,5,5,5,5,5,5,5,5,5,5,5,5,5,5,5,5,5,5,5,5,5,5,5,5,5,5,5,5,5,5,5,5,5,5,5,5,5
86,472,475,464,474,472,470,467,455,489,484,478,471,475,474,467,462,491,487,482,484,482,474,472,465,499,484,488,478,477,477,468,477,504,495,495,493,489,484,481,482,504,499,495,493,489,489,486,481,499,509,494,492,487,493,491,481,507,495,505,494,492,490,495,486,4,4,4,4,3,4,4,3,4,4,3,3,3,3,3,4,5,4,4,4,3,3,3,4,5,4,4,3,4,3,4,4,5,4,3,4,3,4,3,4,4,5,5,4,4,4,4,4,5,6,5,5,4,4,5,5,5,5,5,4,4,4,5,7,5,5,5,5,5,5,5,5,5,5,5,5,5,5,5,5,5,5,5,5,5,5,5,5,5,5,5,5,5,5,5,5,5,5,5,5,5,5,5,5,5,5,5,5,5,5,5,5,5,5,5,5,5,5,5,5,5,5,5,5,5,5,5,5
87,479,479,466,470,467,465,463,463,490,484,477,468,473,471,471,466,490,484,480,474,478,467,468,468,493,494,489,482,482,474,472,470,499,494,483,490,487,483,478,480,500,497,499,483,482,488,484,482,514,505,493,502,492,488,490,489,515,497,504,503,498,499,492,483,4,3,3,4,3,3,3,3,4,3,3,3,3,3,3,4,4,4,3,3,3,3,3,4,4,4,4,3,3,3,3,4,4,4,3,3,4,3,4,4,4,5,5,4,4,3,4,4,5,5,5,4,4,4,4,5,5,6,4,5,5,5,5,6,5,5,5,5,5,5,5,5,5,5,5,5,5,5,5,5,5,5,5,5,5,5,5,5,5,5,5,5,5,5,5,5,5,5,5,5,5,5,5,5,5,5,5,5,5,5,5,5,5,5,5,5,5,5,5,5,5,5,5,5,5,5,5,5
88,485,477,471,466,469,468,467,453,486,484,474,479,474,468,464,470,476,483,484,485,478,469,476,471,493,484,490,484,483,474,476,471,505,488,492,493,489,483,485,476,497,492,495,490,485,488,482,488,505,501,499,499,490,484,493,485,490,513,497,500,484,497,494,478,5,4,4,4,3,3,3,4,4,3,4,3,3,3,3,4,5,5,4,3,3,3,3,4,4,4,4,4,4,3,4,4,5,4,4,4,4,4,4,4,5,4,5,4,4,4,4,4,5,5,4,4,4,5,4,5,5,7,5,5,4,5,4,5,5,5,5,5,5,5,5,5,5,5,5,5,5,5,5,5,5,5,5,5,5,5,5,5,5,5,5,5,5,5,5,5,5,5,5,5,5,5,5,5,5,5,5,5,5,5,5,5,5,5,5,5,5,5,5,5,5,5,5,5,5,5,5,5
89,487,470,480,470,468,465,462,465,491,476,483,480,475,471,470,466,491,480,480,482,474,472,468,470,489,490,482,476,482,476,465,475,496,499,490,495,483,477,475,475,493,494,489,484,490,482,488,482,499,505,499,497,491,486,492,489,514,508,500,494,495,492,504,485,5,3,3,3,3,3,3,3,4,4,4,3,3,3,3,3,5,4,3,4,3,3,3,4,3,3,4,3,3,3,3,4,4,4,4,4,3,3,3,4,4,4,4,4,4,4,5,5,5,5,4,4,4,4,3,5,6,6,4,4,4,4,4,6,5,5,5,5,5,5,5,5,5,5,5,5,5,5,5,5,5,5,5,5,5,5,5,5,5,5,5,5,5,5,5,5,5,5,5,5,5,5,5,5,5,5,5,5,5,5,5,5,5,5,5,5,5,5,5,5,5,5,5,5,5,5,5,5
90,482,480,480,473,462,463,465,470,484,480,478,473,467,469,467,473,487,490,478,474,478,470,468,464,501,488,485,482,476,476,470,473,502,498,492,487,490,471,486,478,508,500,494,494,496,484,487,486,511,506,504,494,497,492,487,486,508,512,503,491,496,491,491,492,4,3,3,4,3,3,4,4,4,4,4,4,3,3,3,4,4,5,4,3,3,3,3,4,5,4,4,3,4,3,3,4,5,4,3,4,3,3,4,4,5,4,4,4,5,4,5,4,5,6,5,5,5,4,4,5,5,5,4,5,4,4,4,7,5,5,5,5,5,5,5,5,5,5,5,5,5,5,5,5,5,5,5,5,5,5,5,5,5,5,5,5,5,5,5,5,5,5,5,5,5,5,5,5,5,5,5,5,5,5,5,5,5,5,5,5,5,5,5,5,5,5,5,5,5,5,5,5
91,479,477,475,474,465,470,460,467,487,479,476,477,473,469,473,466,489,487,479,477,480,475,467,464,486,487,483,482,471,478,465,470,495,495,487,492,489,483,482,477,500,503,493,491,486,480,479,484,513,503,499,495,499,487,493,487,518,504,500,498,495,492,497,496,4,3,4,4,3,3,4,3,4,3,3,3,3,3,4,4,4,4,4,3,3,3,3,3,4,4,3,3,3,3,3,4,6,4,3,3,3,3,4,4,4,4,4,4,4,4,4,4,4,4,4,4,4,4,4,5,6,7,4,5,5,4,5,5,5,5,5,5,5,5,5,5,5,5,5,5,5,5,5,5,5,5,5,5,5,5,5,5,5,5,5,5,5,5,5,5,5,5,5,5,5,5,5,5,5,5,5,5,5,5,5,5,5,5,5,5,5,5,5,5,5,5,5,5,5,5,5,5
92,478,480,469,477,463,465,461,467,490,475,482,479,475,472,472,467,488,493,486,480,477,471,464,472,499,484,484,478,469,473,472,474,501,491,491,486,484,486,480,477,502,498,495,487,483,479,482,484,504,502,502,501,497,489,486,485,511,521,497,500,497,494,486,502,4,3,4,4,3,3,4,3,4,4,4,4,3,3,4,4,5,4,4,3,3,3,3,4,4,3,3,3,3,3,3,4,4,4,3,4,4,4,4,4,4,5,4,4,4,4,4,4,5,5,4,5,4,5,4,5,6,7,4,6,4,4,4,7,5,5,5,5,5,5,5,5,5,5,5,5,5,5,5,5,5,5,5,5,5,5,5,5,5,5,5,5,5,5,5,5,5,5,5,5,5,5,5,5,5,5,5,5,5,5,5,5,5,5,5,5,5,5,5,5,5,5,5,5,5,5,5,5
93,484,481,472,471,467,458,466,460,473,476,474,477,471,471,468,462,484,483,478,484,480,470,470,470,497,489,484,485,480,477,480,475,503,494,487,485,484,478,484,478,507,492,497,486,482,482,485,481,507,510,496,501,492,490,485,485,502,514,507,502,501,494,492,486,4,4,3,4,3,3,3,4,3,4,3,3,3,3,3,3,4,5,3,4,3,4,3,4,4,4,3,3,3,3,3,3,5,4,4,3,3,3,3,4,4,4,4,4,4,4,4,4,4,5,4,4,4,4,4,5,7,5,4,4,5,4,5,6,5,5,5,5,5,5,5,5,5,5,5,5,5,5,5,5,5,5,5,5,5,5,5,5,5,5,5,5,5,5,5,5,5,5,5,5,5,5,5,5,5,5,5,5,5,5,5,5,5,5,5,5,5,5,5,5,5,5,5,5,5,5,5,5
94,481,474,477,469,469,466,461,459,487,477,481,473,474,470,464,466,488,482,477,475,474,473,467,462,504,490,485,480,478,478,473,461,506,494,489,491,490,479,477,473,500,492,498,486,482,478,485,474,514,502,500,498,488,478,492,480,504,496,513,500,494,493,489,481,5,4,4,4,3,3,4,3,4,4,4,3,4,3,3,4,4,5,4,3,3,3,3,4,5,4,4,3,4,3,4,4,5,4,4,4,3,3,4,4,4,5,4,4,4,3,4,5,5,5,4,5,4,4,4,5,5,6,5,5,5,5,4,6,5,5,5,5,5,5,5,5,5,5,5,5,5,5,5,5,5,5,5,5,5,5,5,5,5,5,5,5,5,5,5,5,5,5,5,5,5,5,5,5,5,5,5,5,5,5,5,5,5,5,5,5,5,5,5,5,5,5,5,5,5,5,5,5
95,491,481,479,467,471,464,464,461,486,474,483,467,469,470,471,465,492,485,485,481,477,471,469,468,491,481,485,479,481,475,463,469,499,491,492,487,488,481,477,474,505,491,495,489,489,482,488,483,509,510,500,499,492,489,488,486,511,502,499,506,499,494,490,498,5,4,3,4,3,3,4,3,4,4,3,3,3,3,3,4,4,5,3,4,3,3,3,4,4,4,3,3,3,3,3,4,4,4,3,3,3,3,3,4,5,4,4,4,4,3,4,4,5,5,4,4,4,5,4,5,5,5,4,5,4,5,4,8,5,5,5,5,5,5,5,5,5,5,5,5,5,5,5,5,5,5,5,5,5,5,5,5,5,5,5,5,5,5,5,5,5,5,5,5,5,5,5,5,5,5,5,5,5,5,5,5,5,5,5,5,5,5,5,5,5,5,5,5,5,5,5,5
96,480,470,471,472,466,466,465,460,486,489,476,473,473,467,468,460,493,484,480,484,475,470,472,464,491,490,480,484,477,478,480,474,508,500,488,484,482,477,478,469,502,500,495,492,489,486,485,473,502,514,498,489,485,484,493,488,515,502,497,497,500,491,497,490,5,3,4,4,3,4,4,4,4,3,4,3,3,3,3,4,5,5,4,4,3,3,3,4,4,4,4,3,4,3,4,4,5,4,3,3,3,3,3,4,5,4,4,5,5,4,4,5,5,5,4,5,4,4,4,5,6,6,4,5,4,4,5,8,5,5,5,5,5,5,5,5,5,5,5,5,5,5,5,5,5,5,5,5,5,5,5,5,5,5,5,5,5,5,5,5,5,5,5,5,5,5,5,5,5,5,5,5,5,5,5,5,5,5,5,5,5,5,5,5,5,5,5,5,5,5,5,5
97,481,478,477,469,466,464,459,466,482,482,484,478,475,468,460,466,489,481,479,479,475,474,467,468,493,492,489,480,485,479,474,472,487,497,486,490,491,483,480,468,498,499,491,487,488,484,474,482,505,499,496,493,491,491,487,489,503,494,508,495,495,489,490,496,4,3,4,3,3,3,3,4,4,4,3,4,3,3,3,4,4,4,3,3,3,3,3,3,4,4,3,3,3,3,3,4,5,4,3,4,3,3,3,4,4,4,4,4,4,4,3,4,5,5,4,5,4,5,4,5,5,5,4,4,5,6,5,6,5,5,5,5,5,5,5,5,5,5,5,5,5,5,5,5,5,5,5,5,5,5,5,5,5,5,5,5,5,5,5,5,5,5,5,5,5,5,5,5,5,5,5,5,5,5,5,5,5,5,5,5,5,5,5,5,5,5,5,5,5,5,5,5
98,485,486,476,473,473,470,461,457,480,479,484,476,475,470,469,466,495,496,487,478,477,472,475,471,498,487,485,483,485,474,468,473,498,490,494,493,476,483,478,478,499,498,494,492,483,482,477,480,511,499,504,504,492,485,493,488,509,511,503,506,497,487,486,499,5,4,4,4,3,3,4,4,4,4,4,3,3,3,4,4,5,5,4,4,3,4,3,4,4,4,3,4,4,3,4,4,5,4,4,4,4,4,4,4,4,5,4,4,4,4,4,5,6,5,5,4,4,4,5,5,5,4,4,5,5,5,4,6,5,5,5,5,5,5,5,5,5,5,5,5,5,5,5,5,5,5,5,5,5,5,5,5,5,5,5,5,5,5,5,5,5,5,5,5,5,5,5,5,5,5,5,5,5,5,5,5,5,5,5,5,5,5,5,5,5,5,5,5,5,5,5,5
99,482,480,470,475,472,463,463,461,486,477,476,479,477,469,469,463,485,484,474,474,476,472,474,466,500,490,490,480,480,472,476,470,506,490,490,491,485,476,473,477,493,486,495,488,484,484,488,478,505,501,501,491,495,483,488,490,504,502,501,499,491,501,492,487,4,4,4,4,3,3,3,3,4,4,3,3,3,3,3,3,4,4,3,3,3,3,3,4,4,4,4,3,3,3,3,4,5,3,4,4,3,3,3,4,4,4,4,4,4,3,4,4,6,4,4,5,4,4,4,5,5,6,4,5,5,5,4,7,5,5,5,5,5,5,5,5,5,5,5,5,5,5,5,5,5,5,5,5,5,5,5,5,5,5,5,5,5,5,5,5,5,5,5,5,5,5,5,5,5,5,5,5,5,5,5,5,5,5,5,5,5,5,5,5,5,5,5,5,5,5,5,5
100,485,467,470,471,459,464,456,467,490,480,484,476,476,467,468,464,484,485,482,474,471,467,472,469,497,491,488,480,484,476,479,468,498,497,492,490,480,477,476,473,506,496,493,496,493,482,476,466,502,498,501,497,500,491,483,474,511,497,508,504,504,487,495,504,5,4,4,4,3,4,3,4,4,3,4,3,3,3,3,4,4,4,4,3,3,3,4,3,4,4,3,3,3,3,4,4,4,5,4,4,3,4,4,4,5,4,4,4,5,4,4,4,5,5,4,4,4,4,4,4,5,5,5,5,5,4,5,6,5,5,5,5,5,5,5,5,5,5,5,5,5,5,5,5,5,5,5,5,5,5,5,5,5,5,5,5,5,5,5,5,5,5,5,5,5,5,5,5,5,5,5,5,5,5,5,5,5,5,5,5,5,5,5,5,5,5,5,5,5,5,5,5
101,477,476,473,475,469,464,462,459,487,490,480,475,470,465,470,465,473,482,484,478,474,473,472,465,498,490,486,478,480,478,475,469,505,486,494,489,490,479,478,468,496,495,487,487,489,486,482,482,508,503,499,490,486,479,486,491,522,520,505,505,497,497,492,495,4,3,4,3,3,3,3,4,4,3,3,3,3,3,3,3,4,5,4,3,3,3,3,3,4,4,3,3,3,3,3,4,4,4,4,3,3,3,3,4,4,4,4,4,4,3,4,5,6,5,4,5,4,4,4,5,5,5,4,5,4,4,5,7,5,5,5,5,5,5,5,5,5,5,5,5,5,5,5,5,5,5,5,5,5,5,5,5,5,5,5,5,5,5,5,5,5,5,5,5,5,5,5,5,5,5,5,5,5,5,5,5,5,5,5,5,5,5,5,5,5,5,5,5,5,5,5,5
102,486,483,483,469,471,469,461,462,487,482,484,477,474,470,463,467,489,480,481,481,476,478,468,471,498,486,495,483,476,476,467,475,483,492,487,485,486,477,483,480,508,495,498,490,484,487,482,482,513,500,497,494,485,483,492,486,520,503,513,496,499,482,500,491,4,3,3,4,3,3,4,4,4,4,4,4,3,3,3,4,4,5,4,3,3,4,3,4,5,4,4,3,4,3,4,4,4,4,4,3,4,3,4,4,5,5,4,4,4,4,4,4,4,5,4,5,4,5,5,4,7,6,5,5,5,5,5,6,5,5,5,5,5,5,5,5,5,5,5,5,5,5,5,5,5,5,5,5,5,5,5,5,5,5,5,5,5,5,5,5,5,5,5,5,5,5,5,5,5,5,5,5,5,5,5,5,5,5,5,5,5,5,5,5,5,5,5,5,5,5,5,5
103,478,470,467,466,464,461,466,467,489,479,478,473,472,469,467,464,490,483,477,484,469,472,469,465,485,482,493,479,481,480,469,474,502,490,496,484,486,489,473,472,500,500,492,486,490,477,486,472,501,508,495,501,493,485,492,488,510,505,509,503,499,498,489,481,4,4,3,3,3,3,4,4,4,4,3,3,3,3,3,3,4,4,3,4,3,3,3,3,5,3,4,3,3,3,3,4,4,4,4,3,3,4,3,4,4,5,4,4,4,4,4,4,5,6,4,4,4,4,4,5,5,6,4,5,4,4,4,6,5,5,5,5,5,5,5,5,5,5,5,5,5,5,5,5,5,5,5,5,5,5,5,5,5,5,5,5,5,5,5,5,5,5,5,5,5,5,5,5,5,5,5,5,5,5,5,5,5,5,5,5,5,5,5,5,5,5,5,5,5,5,5,5
104,478,481,478,473,465,464,468,462,485,483,477,470,479,467,463,466,495,491,481,486,475,472,474,470,484,487,493,491,479,478,480,466,504,494,493,479,488,477,476,473,500,492,494,491,489,482,479,469,509,502,497,497,496,491,491,485,511,512,503,496,496,494,482,481,5,4,3,4,3,3,3,4,4,3,3,4,3,3,3,3,5,4,3,4,3,3,3,4,5,4,4,3,4,3,4,4,5,4,4,3,4,3,4,4,4,5,4,4,4,3,5,5,6,5,4,4,5,3,4,5,6,5,4,5,5,4,4,7,5,5,5,5,5,5,5,5,5,5,5,5,5,5,5,5,5,5,5,5,5,5,5,5,5,5,5,5,5,5,5,5,5,5,5,5,5,5,5,5,5,5,5,5,5,5,5,5,5,5,5,5,5,5,5,5,5,5,5,5,5,5,5,5
105,479,481,471,471,471,460,463,454,490,492,481,480,476,465,470,464,496,486,483,481,478,470,472,464,487,491,486,481,486,476,470,471,499,491,485,485,483,476,484,474,501,496,493,493,486,486,479,475,497,511,503,496,492,491,492,480,506,508,512,498,498,480,495,484,4,4,3,4,3,3,3,4,4,3,3,3,3,3,3,3,5,5,4,3,3,3,4,4,5,4,4,3,3,3,3,4,4,4,3,3,3,3,4,4,5,5,3,5,4,4,4,4,5,5,4,4,4,4,4,4,5,5,4,5,4,5,4,7,5,5,5,5,5,5,5,5,5,5,5,5,5,5,5,5,5,5,5,5,5,5,5,5,5,5,5,5,5,5,5,5,5,5,5,5,5,5,5,5,5,5,5,5,5,5,5,5,5,5,5,5,5,5,5,5,5,5,5,5,5,5,5,5
106,482,480,473,476,465,464,459,460,482,474,486,470,471,468,474,464,488,492,483,484,477,476,470,469,503,497,490,485,479,479,472,475,492,487,491,487,484,481,476,474,500,495,493,496,485,483,481,478,503,501,497,499,491,492,490,487,509,505,510,507,494,488,495,497,5,4,4,4,3,3,4,3,4,4,3,3,3,3,4,4,4,4,4,4,3,3,3,4,4,4,4,3,4,3,4,4,5,4,4,4,3,3,4,4,4,5,5,4,4,3,4,4,5,5,4,6,5,5,4,4,4,5,4,6,3,5,5,8,5,5,5,5,5,5,5,5,5,5,5,5,5,5,5,5,5,5,5,5,5,5,5,5,5,5,5,5,5,5,5,5,5,5,5,5,5,5,5,5,5,5,5,5,5,5,5,5,5,5,5,5,5,5,5,5,5,5,5,5,5,5,5,5
107,479,471,475,471,461,468,468,460,482,479,478,470,472,470,470,462,475,486,482,476,474,472,470,469,487,490,486,481,481,478,475,476,490,493,490,485,491,481,476,478,497,503,490,491,488,482,484,478,505,505,501,492,497,486,487,483,511,506,500,496,500,497,492,477,4,3,4,4,3,3,3,3,4,4,3,3,3,3,4,3,4,4,3,3,3,3,3,4,5,4,3,3,4,3,3,4,4,4,4,3,4,3,3,4,4,4,4,4,4,3,4,4,5,5,4,5,4,4,4,4,6,5,4,4,4,4,5,6,5,5,5,5,5,5,5,5,5,5,5,5,5,5,5,5,5,5,5,5,5,5,5,5,5,5,5,5,5,5,5,5,5,5,5,5,5,5,5,5,5,5,5,5,5,5,5,5,5,5,5,5,5,5,5,5,5,5,5,5,5,5,5,5
108,478,480,480,477,468,473,461,463,490,475,474,480,474,472,464,460,492,494,478,481,480,468,469,474,490,490,479,479,477,482,473,469,486,493,482,490,486,482,480,476,511,505,488,492,490,483,487,474,506,502,495,491,492,488,491,486,521,518,498,490,488,498,494,488,4,4,3,3,3,4,4,3,4,4,4,4,3,3,3,3,5,5,4,4,3,3,4,4,4,4,4,3,4,3,4,4,5,4,4,4,3,3,4,4,5,4,4,4,5,3,4,4,4,5,4,5,4,5,4,6,6,6,4,5,5,5,4,7,5,5,5,5,5,5,5,5,5,5,5,5,5,5,5,5,5,5,5,5,5,5,5,5,5,5,5,5,5,5,5,5,5,5,5,5,5,5,5,5,5,5,5,5,5,5,5,5,5,5,5,5,5,5,5,5,5,5,5,5,5,5,5,5
109,481,481,469,470,464,463,465,457,491,477,479,476,472,467,465,459,487,488,481,479,480,473,469,466,494,483,494,483,484,479,475,466,493,502,490,484,482,483,477,472,490,492,489,493,479,487,481,472,506,502,495,498,495,485,493,490,510,509,497,496,502,498,494,487,4,3,3,4,3,3,4,4,4,4,3,3,3,3,3,3,4,4,3,3,3,3,3,3,4,4,4,3,3,3,3,4,4,3,3,3,4,3,3,4,4,4,4,4,4,4,4,4,4,5,4,5,4,4,4,5,5,7,4,5,4,5,5,6,5,5,5,5,5,5,5,5,5,5,5,5,5,5,5,5,5,5,5,5,5,5,5,5,5,5,5,5,5,5,5,5,5,5,5,5,5,5,5,5,5,5,5,5,5,5,5,5,5,5,5,5,5,5,5,5,5,5,5,5,5,5,5,5
110,479,477,475,473,469,468,469,456,483,488,479,474,479,464,473,469,488,484,489,484,478,476,472,473,497,495,489,480,480,470,475,472,499,493,487,484,488,479,477,480,507,503,492,491,490,491,486,477,501,499,500,497,486,494,483,481,514,498,502,506,500,477,489,476,4,3,3,4,3,3,4,3,4,3,3,4,3,3,4,4,5,4,4,4,3,4,4,4,4,4,4,3,4,4,3,4,5,4,4,4,3,3,4,4,4,6,4,4,4,4,5,5,5,5,4,4,4,5,4,4,6,6,4,5,3,4,4,5,5,5,5,5,5,5,5,5,5,5,5,5,5,5,5,5,5,5,5,5,5,5,5,5,5,5,5,5,5,5,5,5,5,5,5,5,5,5,5,5,5,5,5,5,5,5,5,5,5,5,5,5,5,5,5,5,5,5,5,5,5,5,5,5
111,479,468,472,472,471,463,460,458,493,484,476,479,476,469,471,456,485,481,486,479,481,472,468,468,489,485,482,480,479,478,470,471,495,494,489,486,479,478,482,477,512,491,499,493,488,492,485,473,504,506,501,492,489,498,483,482,507,510,501,497,496,488,497,492,4,4,3,4,3,3,3,3,4,3,3,4,3,3,4,3,4,4,4,4,3,3,3,4,4,4,3,3,3,3,3,4,4,4,3,3,4,3,4,4,5,4,4,4,4,4,4,4,5,5,4,4,4,4,4,4,5,5,4,5,4,5,5,7,5,5,5,5,5,5,5,5,5,5,5,5,5,5,5,5,5,5,5,5,5,5,5,5,5,5,5,5,5,5,5,5,5,5,5,5,5,5,5,5,5,5,5,5,5,5,5,5,5,5,5,5,5,5,5,5,5,5,5,5,5,5,5,5
112,474,481,469,478,463,465,461,461,486,479,481,478,477,469,464,465,486,489,477,484,478,480,477,464,491,493,483,481,482,481,480,476,502,490,491,488,485,480,483,479,505,491,498,494,481,484,476,483,512,501,500,499,492,484,490,473,506,509,507,506,494,499,488,484,4,4,4,5,3,3,4,4,4,4,4,4,3,3,3,4,5,4,4,3,3,3,4,4,4,4,3,3,3,3,4,4,5,4,4,4,4,3,4,4,4,4,5,4,4,3,4,4,5,4,4,5,4,4,4,5,6,7,4,5,5,5,4,7,5,5,5,5,5,5,5,5,5,5,5,5,5,5,5,5,5,5,5,5,5,5,5,5,5,5,5,5,5,5,5,5,5,5,5,5,5,5,5,5,5,5,5,5,5,5,5,5,5,5,5,5,5,5,5,5,5,5,5,5,5,5,5,5
113,491,478,478,472,472,472,467,462,490,483,473,477,476,466,466,466,493,484,476,476,475,472,474,467,489,491,487,481,478,479,478,468,499,503,490,489,483,490,483,478,497,506,495,487,494,477,485,479,504,495,494,497,488,489,489,480,524,508,495,486,493,486,497,482,3,3,4,4,3,4,4,3,4,3,3,3,3,3,3,4,4,5,3,3,3,3,3,4,4,4,4,3,3,3,4,4,5,4,4,3,3,3,4,4,4,4,4,3,4,3,4,3,5,4,4,4,4,4,4,4,6,5,4,5,5,5,4,6,5,5,5,5,5,5,5,5,5,5,5,5,5,5,5,5,5,5,5,5,5,5,5,5,5,5,5,5,5,5,5,5,5,5,5,5,5,5,5,5,5,5,5,5,5,5,5,5,5,5,5,5,5,5,5,5,5,5,5,5,5,5,5,5
114,491,475,479,478,467,467,461,471,489,482,472,480,471,473,470,464,490,489,486,475,487,472,472,466,488,487,491,483,481,479,473,473,504,489,495,492,489,487,470,471,504,492,498,492,486,483,488,487,509,498,499,492,487,484,493,490,513,516,499,501,507,497,498,490,4,3,3,4,3,3,4,4,4,3,3,4,3,3,3,3,4,4,4,4,3,3,3,4,5,4,4,3,3,3,4,4,5,4,3,4,3,3,4,4,4,5,4,4,4,4,4,5,6,5,4,5,4,4,5,5,6,5,4,5,5,4,5,7,5,5,5,5,5,5,5,5,5,5,5,5,5,5,5,5,5,5,5,5,5,5,5,5,5,5,5,5,5,5,5,5,5,5,5,5,5,5,5,5,5,5,5,5,5,5,5,5,5,5,5,5,5,5,5,5,5,5,5,5,5,5,5,5
115,478,476,474,466,467,460,457,457,482,479,476,477,474,474,470,457,480,487,482,475,478,474,470,475,491,490,487,482,482,482,472,472,496,490,486,487,476,484,475,475,502,501,496,495,486,485,486,478,502,504,500,498,498,481,488,485,510,499,492,500,493,495,482,482,4,3,3,3,3,3,3,4,4,3,3,3,3,3,3,3,3,4,3,3,3,3,3,4,4,4,4,3,3,3,3,4,4,4,4,3,4,3,3,4,4,4,4,4,4,4,4,4,5,5,4,4,3,4,3,5,6,6,4,4,5,4,4,6,5,5,5,5,5,5,5,5,5,5,5,5,5,5,5,5,5,5,5,5,5,5,5,5,5,5,5,5,5,5,5,5,5,5,5,5,5,5,5,5,5,5,5,5,5,5,5,5,5,5,5,5,5,5,5,5,5,5,5,5,5,5,5,5
116,477,489,474,475,463,470,456,461,488,480,480,476,474,469,462,461,493,486,480,483,475,474,473,462,491,481,484,489,482,479,473,474,492,499,487,490,486,481,484,477,504,493,498,489,495,486,481,475,516,503,497,498,501,488,488,477,501,508,501,498,502,485,489,497,4,4,3,3,3,3,4,3,4,4,4,3,3,3,3,4,5,4,3,4,3,3,3,4,4,4,4,3,3,3,3,4,5,4,3,4,4,3,4,4,5,5,4,4,4,4,4,5,5,5,4,4,4,5,4,5,6,7,4,5,4,4,5,9,5,5,5,5,5,5,5,5,5,5,5,5,5,5,5,5,5,5,5,5,5,5,5,5,5,5,5,5,5,5,5,5,5,5,5,5,5,5,5,5,5,5,5,5,5,5,5,5,5,5,5,5,5,5,5,5,5,5,5,5,5,5,5,5
117,487,465,472,475,465,464,464,462,483,483,485,468,473,468,469,462,475,487,479,481,477,478,476,471,501,486,486,485,481,480,470,467,502,489,488,480,484,480,480,467,506,490,497,491,489,485,477,480,501,506,500,494,498,491,478,486,511,493,502,499,490,489,491,485,4,3,3,4,3,3,3,3,4,3,3,3,3,3,3,3,4,5,3,4,3,3,4,4,4,4,4,3,3,3,3,4,5,4,3,3,3,3,3,3,4,5,5,4,4,4,4,3,5,5,4,4,4,5,5,5,5,5,4,5,5,4,5,6,5,5,5,5,5,5,5,5,5,5,5,5,5,5,5,5,5,5,5,5,5,5,5,5,5,5,5,5,5,5,5,5,5,5,5,5,5,5,5,5,5,5,5,5,5,5,5,5,5,5,5,5,5,5,5,5,5,5,5,5,5,5,5,5
118,473,477,473,471,470,467,458,466,488,485,477,473,473,465,470,462,496,489,492,484,482,467,474,468,504,495,486,482,478,479,468,467,495,488,489,486,487,486,474,472,513,497,493,490,486,483,476,474,514,503,505,492,484,485,494,475,509,511,505,505,498,485,493,483,4,4,4,4,3,3,3,4,4,3,3,3,3,3,3,3,5,4,5,3,3,4,4,4,5,5,4,4,4,3,3,4,5,4,4,3,4,4,4,4,5,4,4,4,4,3,4,4,6,6,5,5,4,4,4,4,5,5,4,6,4,5,5,6,5,5,5,5,5,5,5,5,5,5,5,5,5,5,5,5,5,5,5,5,5,5,5,5,5,5,5,5,5,5,5,5,5,5,5,5,5,5,5,5,5,5,5,5,5,5,5,5,5,5,5,5,5,5,5,5,5,5,5,5,5,5,5,5
119,475,475,472,469,469,464,470,456,481,480,482,472,476,466,469,459,492,487,482,487,482,471,471,465,492,492,486,483,478,478,477,468,500,495,486,488,488,480,480,472,499,504,498,487,505,478,477,473,507,492,490,495,485,487,490,486,509,510,500,499,494,498,492,477,4,3,3,4,3,3,3,3,4,3,4,3,3,3,3,3,4,5,4,3,3,3,3,3,4,4,4,3,4,3,3,4,4,4,3,4,3,3,3,4,4,4,4,4,5,4,4,4,6,5,5,4,4,4,4,4,4,5,4,5,4,4,4,5,5,5,5,5,5,5,5,5,5,5,5,5,5,5,5,5,5,5,5,5,5,5,5,5,5,5,5,5,5,5,5,5,5,5,5,5,5,5,5,5,5,5,5,5,5,5,5,5,5,5,5,5,5,5,5,5,5,5,5,5,5,5,5,5
120,488,478,469,470,467,465,470,463,502,484,481,477,475,469,469,460,489,493,481,476,477,471,479,466,490,489,490,481,482,472,471,471,500,499,491,489,490,482,480,471,501,498,490,492,484,487,486,481,500,502,495,499,492,486,488,489,518,510,503,501,492,498,494,479,4,3,4,4,3,3,4,3,4,3,4,3,4,3,3,3,5,4,3,4,3,4,4,4,5,4,4,3,3,3,3,4,5,4,4,4,4,4,3,4,5,4,4,4,4,4,4,3,5,5,4,4,4,4,4,5,6,5,4,5,5,4,5,6,5,5,5,5,5,5,5,5,5,5,5,5,5,5,5,5,5,5,5,5,5,5,5,5,5,5,5,5,5,5,5,5,5,5,5,5,5,5,5,5,5,5,5,5,5,5,5,5,5,5,5,5,5,5,5,5,5,5,5,5,5,5,5,5
121,479,483,475,469,470,464,462,464,488,485,477,474,471,469,468,463,492,485,485,484,475,472,466,468,495,490,485,479,481,467,472,465,497,490,491,483,486,484,479,474,508,497,499,487,482,482,480,488,508,507,497,483,489,501,486,478,500,500,507,496,499,504,481,492,5,4,3,4,3,3,3,3,4,3,3,3,3,3,3,4,4,5,3,3,3,3,3,4,4,4,4,3,4,3,3,4,5,3,3,3,3,3,4,4,4,4,4,4,4,4,4,4,5,5,3,4,4,4,5,4,5,6,4,5,4,4,4,6,5,5,5,5,5,5,5,5,5,5,5,5,5,5,5,5,5,5,5,5,5,5,5,5,5,5,5,5,5,5,5,5,5,5,5,5,5,5,5,5,5,5,5,5,5,5,5,5,5,5,5,5,5,5,5,5,5,5,5,5,5,5,5,5
122,475,483,481,471,466,469,464,456,483,484,483,469,474,469,471,467,491,483,486,480,481,472,467,470,487,493,484,484,480,483,468,468,495,492,489,485,488,482,475,474,502,494,491,495,484,478,478,479,521,504,498,489,491,486,497,487,508,504,509,495,502,496,487,486,4,3,4,4,3,4,4,5,4,3,4,3,3,3,3,4,4,5,4,4,3,3,4,4,5,5,4,4,3,3,3,4,4,4,3,4,4,3,3,4,4,5,4,4,4,4,4,5,4,5,4,4,5,5,5,5,5,6,5,4,4,5,4,7,5,5,5,5,5,5,5,5,5,5,5,5,5,5,5,5,5,5,5,5,5,5,5,5,5,5,5,5,5,5,5,5,5,5,5,5,5,5,5,5,5,5,5,5,5,5,5,5,5,5,5,5,5,5,5,5,5,5,5,5,5,5,5,5
123,485,478,465,472,466,459,466,461,485,469,477,473,470,465,466,461,488,485,481,479,472,476,472,463,496,487,493,475,468,475,474,477,504,496,486,484,493,481,479,474,506,491,491,484,488,480,475,472,514,494,495,489,494,491,492,496,510,509,501,496,500,490,491,481,5,3,3,4,3,3,3,3,3,3,3,3,4,3,3,3,4,4,4,3,3,3,3,3,3,4,4,3,3,3,3,4,4,4,4,3,4,3,4,4,4,4,4,4,4,3,4,4,4,5,4,5,4,4,4,5,5,7,4,5,4,4,4,5,5,5,5,5,5,5,5,5,5,5,5,5,5,5,5,5,5,5,5,5,5,5,5,5,5,5,5,5,5,5,5,5,5,5,5,5,5,5,5,5,5,5,5,5,5,5,5,5,5,5,5,5,5,5,5,5,5,5,5,5,5,5,5,5
124,479,473,473,479,467,466,457,469,494,481,479,474,480,467,469,468,487,496,490,485,477,476,475,476,481,491,487,480,482,482,471,474,499,493,491,490,488,483,473,481,502,483,499,495,485,474,477,486,496,506,493,494,488,484,492,482,512,510,507,501,494,495,490,485,4,4,4,3,3,4,3,4,4,3,3,3,4,3,4,4,5,4,4,4,3,4,3,4,4,4,4,3,3,3,3,4,5,4,4,4,4,4,3,5,4,4,5,4,4,4,4,4,4,6,4,4,4,4,4,5,5,7,4,5,5,4,5,7,5,5,5,5,5,5,5,5,5,5,5,5,5,5,5,5,5,5,5,5,5,5,5,5,5,5,5,5,5,5,5,5,5,5,5,5,5,5,5,5,5,5,5,5,5,5,5,5,5,5,5,5,5,5,5,5,5,5,5,5,5,5,5,5
125,482,476,473,470,466,462,471,458,490,484,478,480,473,466,468,463,484,482,477,477,484,471,470,463,493,484,489,487,483,479,475,474,504,495,488,488,485,480,475,478,502,500,491,494,489,485,483,484,506,504,492,496,487,488,490,484,514,506,496,491,500,487,495,491,4,3,3,4,3,3,3,3,4,3,3,3,3,3,3,3,4,4,3,3,3,3,3,4,4,4,4,3,3,3,4,3,4,4,3,4,3,3,3,4,4,4,4,5,4,4,4,4,5,4,4,5,4,4,4,4,5,7,4,5,4,5,4,7,5,5,5,5,5,5,5,5,5,5,5,5,5,5,5,5,5,5,5,5,5,5,5,5,5,5,5,5,5,5,5,5,5,5,5,5,5,5,5,5,5,5,5,5,5,5,5,5,5,5,5,5,5,5,5,5,5,5,5,5,5,5,5,5
126,477,478,475,478,466,465,461,466,484,484,473,482,468,469,468,467,492,492,488,481,481,470,471,464,489,486,493,488,481,482,480,479,486,490,492,488,490,477,478,472,510,495,496,493,488,484,480,485,506,499,497,493,488,486,492,483,515,497,512,501,500,494,496,485,4,4,4,3,3,4,4,4,4,3,3,4,4,3,3,4,4,4,4,4,3,3,4,4,5,4,4,4,3,3,3,4,5,4,3,3,3,3,4,4,6,5,4,4,5,4,4,4,5,5,4,5,4,4,4,4,5,6,5,5,4,4,5,6,5,5,5,5,5,5,5,5,5,5,5,5,5,5,5,5,5,5,5,5,5,5,5,5,5,5,5,5,5,5,5,5,5,5,5,5,5,5,5,5,5,5,5,5,5,5,5,5,5,5,5,5,5,5,5,5,5,5,5,5,5,5,5,5
127,476,481,480,468,466,467,462,459,485,480,476,467,472,468,470,469,497,490,488,478,474,474,476,464,490,483,477,485,479,476,476,471,498,493,484,480,483,483,479,478,499,488,495,487,484,482,487,479,503,500,500,496,485,489,486,482,508,510,506,498,492,487,495,486,4,3,4,3,3,3,3,4,4,3,3,3,3,3,3,3,4,4,4,3,3,3,3,4,5,3,4,3,3,3,3,4,4,4,3,3,3,3,4,4,4,4,4,4,3,3,5,4,5,4,4,4,3,5,4,4,5,5,4,5,4,5,4,7,5,5,5,5,5,5,5,5,5,5,5,5,5,5,5,5,5,5,5,5,5,5,5,5,5,5,5,5,5,5,5,5,5,5,5,5,5,5,5,5,5,5,5,5,5,5,5,5,5,5,5,5,5,5,5,5,5,5,5,5,5,5,5,5
128,479,479,471,471,469,461,463,460,478,486,477,474,476,470,472,463,488,484,477,473,484,467,465,465,494,487,488,487,479,477,478,466,499,491,491,479,480,485,476,476,507,492,496,493,489,490,479,482,497,510,513,491,493,484,487,492,503,509,515,495,497,498,489,490,4,4,4,4,3,3,4,4,4,3,3,4,3,3,4,4,5,5,3,3,3,3,3,4,4,4,4,4,3,3,3,4,5,4,4,3,4,3,4,4,4,5,5,4,4,4,5,4,5,5,5,5,4,4,5,5,6,6,5,5,4,5,4,7,5,5,5,5,5,5,5,5,5,5,5,5,5,5,5,5,5,5,5,5,5,5,5,5,5,5,5,5,5,5,5,5,5,5,5,5,5,5,5,5,5,5,5,5,5,5,5,5,5,5,5,5,5,5,5,5,5,5,5,5,5,5,5,5
129,483,481,479,472,469,461,459,463,491,482,481,471,477,469,466,462,476,490,484,485,473,471,471,470,489,483,490,482,479,480,472,476,486,490,488,484,485,481,478,482,489,500,490,493,492,480,478,470,509,503,501,494,490,489,493,485,509,511,501,495,494,500,492,484,4,4,3,3,3,3,3,4,4,3,3,3,3,3,3,3,5,4,4,3,3,3,3,4,4,4,4,3,4,3,3,4,5,4,4,3,3,3,4,4,5,4,4,4,4,4,4,3,5,5,4,4,4,4,4,4,5,5,4,4,4,4,4,7,5,5,5,5,5,5,5,5,5,5,5,5,5,5,5,5,5,5,5,5,5,5,5,5,5,5,5,5,5,5,5,5,5,5,5,5,5,5,5,5,5,5,5,5,5,5,5,5,5,5,5,5,5,5,5,5,5,5,5,5,5,5,5,5
130,481,484,475,467,470,466,456,460,484,480,480,471,478,464,465,456,482,485,479,485,471,474,469,467,492,486,487,485,481,477,475,471,503,487,495,489,487,476,481,470,500,490,488,481,486,482,483,487,505,503,504,499,501,484,491,483,508,499,505,495,495,497,478,494,4,4,4,4,3,3,3,3,4,4,4,3,3,3,3,3,5,5,3,4,3,3,3,4,5,4,4,3,3,3,4,4,4,4,4,4,3,3,4,4,4,5,4,4,4,3,5,4,5,5,4,4,5,4,4,5,4,7,5,5,4,5,5,6,5,5,5,5,5,5,5,5,5,5,5,5,5,5,5,5,5,5,5,5,5,5,5,5,5,5,5,5,5,5,5,5,5,5,5,5,5,5,5,5,5,5,5,5,5,5,5,5,5,5,5,5,5,5,5,5,5,5,5,5,5,5,5,5
131,487,473,477,470,464,471,465,463,486,483,477,475,474,464,470,463,484,486,483,479,473,470,477,465,497,485,488,481,478,473,481,470,495,495,489,481,486,481,474,479,498,500,492,493,488,479,480,484,511,498,492,492,494,491,496,484,509,509,497,492,499,497,483,499,4,3,3,3,3,3,4,4,5,3,3,3,3,3,3,4,4,4,4,3,3,3,3,4,4,4,4,3,3,3,4,4,4,4,3,4,3,3,3,3,4,5,4,4,4,3,4,4,5,5,4,4,4,3,4,4,5,5,4,4,4,4,4,5,5,5,5,5,5,5,5,5,5,5,5,5,5,5,5,5,5,5,5,5,5,5,5,5,5,5,5,5,5,5,5,5,5,5,5,5,5,5,5,5,5,5,5,5,5,5,5,5,5,5,5,5,5,5,5,5,5,5,5,5,5,5,5,5
132,482,478,477,474,471,463,464,456,476,485,480,476,469,468,470,462,488,483,483,489,476,471,464,460,492,489,483,476,484,482,474,482,498,491,491,488,491,477,475,477,508,500,500,489,486,488,475,479,503,513,498,499,496,487,494,476,516,514,504,495,504,501,499,494,4,4,4,4,3,3,4,3,5,3,4,3,3,3,4,4,4,5,4,4,3,3,4,4,4,4,3,3,3,3,4,4,5,4,3,3,4,3,4,4,5,4,4,4,4,4,4,3,5,6,4,4,4,4,4,5,6,6,4,5,5,5,5,7,5,5,5,5,5,5,5,5,5,5,5,5,5,5,5,5,5,5,5,5,5,5,5,5,5,5,5,5,5,5,5,5,5,5,5,5,5,5,5,5,5,5,5,5,5,5,5,5,5,5,5,5,5,5,5,5,5,5,5,5,5,5,5,5
133,474,479,483,471,469,460,461,462,476,486,480,470,475,469,462,459,489,481,480,489,478,475,468,463,495,483,493,477,482,474,472,466,487,497,491,490,485,484,477,476,499,500,497,495,482,487,476,476,500,505,504,496,497,483,486,486,511,502,504,495,498,499,485,493,4,3,3,4,3,3,3,3,4,3,4,3,3,3,3,3,4,4,4,4,3,3,3,4,4,3,4,4,3,3,3,4,4,4,3,3,3,3,3,4,4,4,4,4,4,4,4,4,5,4,4,4,4,4,4,5,4,5,4,5,5,4,5,6,5,5,5,5,5,5,5,5,5,5,5,5,5,5,5,5,5,5,5,5,5,5,5,5,5,5,5,5,5,5,5,5,5,5,5,5,5,5,5,5,5,5,5,5,5,5,5,5,5,5,5,5,5,5,5,5,5,5,5,5,5,5,5,5
134,478,486,476,470,468,467,461,462,481,476,477,474,475,474,476,465,485,487,485,484,473,475,466,471,497,485,488,470,485,481,470,470,502,499,494,484,484,475,480,473,505,490,497,491,491,488,486,492,508,511,502,490,481,494,493,489,509,508,503,501,491,493,488,483,5,4,4,4,3,3,4,4,4,4,3,3,3,3,3,4,5,4,3,4,3,3,3,4,4,3,4,3,3,3,3,4,5,4,4,3,3,3,4,4,5,5,5,4,4,5,4,4,6,6,4,5,4,4,4,5,5,5,5,5,4,4,4,7,5,5,5,5,5,5,5,5,5,5,5,5,5,5,5,5,5,5,5,5,5,5,5,5,5,5,5,5,5,5,5,5,5,5,5,5,5,5,5,5,5,5,5,5,5,5,5,5,5,5,5,5,5,5,5,5,5,5,5,5,5,5,5,5
135,483,480,476,478,473,467,469,468,483,487,477,475,473,468,469,460,490,492,487,475,470,466,470,470,502,487,480,482,480,478,474,470,495,489,490,490,480,478,481,477,509,492,493,491,486,487,479,480,515,501,496,498,495,491,486,485,507,513,502,495,488,494,498,492,4,3,4,3,3,3,3,4,3,3,3,3,3,3,3,3,3,4,4,3,3,3,3,4,4,4,4,3,3,3,4,4,4,4,3,3,4,3,4,4,5,4,4,4,4,4,4,4,5,4,4,4,4,5,4,5,4,6,4,4,5,5,4,7,5,5,5,5,5,5,5,5,5,5,5,5,5,5,5,5,5,5,5,5,5,5,5,5,5,5,5,5,5,5,5,5,5,5,5,5,5,5,5,5,5,5,5,5,5,5,5,5,5,5,5,5,5,5,5,5,5,5,5,5,5,5,5,5
136,478,481,473,472,470,472,466,463,481,478,480,475,469,467,467,470,475,495,475,482,477,472,468,467,501,494,487,477,480,480,479,465,509,495,494,493,476,482,478,469,496,500,490,497,487,476,478,488,515,501,493,484,485,491,496,481,509,512,491,510,489,495,485,487,5,4,4,4,3,4,4,4,4,3,4,3,3,3,4,4,5,4,3,4,3,3,4,4,4,4,4,4,3,3,4,4,5,5,4,4,4,3,4,4,4,4,4,5,4,4,3,4,5,5,4,5,4,5,5,4,6,5,4,6,5,5,6,7,5,5,5,5,5,5,5,5,5,5,5,5,5,5,5,5,5,5,5,5,5,5,5,5,5,5,5,5,5,5,5,5,5,5,5,5,5,5,5,5,5,5,5,5,5,5,5,5,5,5,5,5,5,5,5,5,5,5,5,5,5,5,5,5
137,483,480,477,468,468,463,462,456,482,479,476,477,472,477,465,465,491,488,480,486,475,473,465,464,492,493,487,485,482,474,475,474,495,498,488,490,486,486,478,471,501,493,497,493,486,482,484,485,515,500,496,493,492,488,486,480,510,497,504,513,500,495,489,488,5,3,4,3,3,3,3,3,4,3,3,3,3,3,3,4,5,5,3,4,3,3,3,3,3,4,4,3,3,3,3,4,4,3,4,3,4,3,3,4,4,4,4,4,4,4,4,3,4,4,4,4,4,3,4,5,5,6,4,5,4,5,4,7,5,5,5,5,5,5,5,5,5,5,5,5,5,5,5,5,5,5,5,5,5,5,5,5,5,5,5,5,5,5,5,5,5,5,5,5,5,5,5,5,5,5,5,5,5,5,5,5,5,5,5,5,5,5,5,5,5,5,5,5,5,5,5,5
138,479,474,473,467,468,469,470,462,477,474,480,467,472,472,464,460,488,489,479,480,481,472,467,472,501,495,487,486,484,476,469,469,507,487,497,492,486,480,474,484,499,496,487,491,481,485,480,478,504,501,502,500,489,491,482,490,514,493,498,496,497,482,497,487,5,3,4,3,3,3,3,3,4,4,4,4,3,3,3,4,4,4,4,4,3,3,3,3,4,3,4,3,3,3,3,4,5,4,4,3,3,4,4,3,4,5,4,4,4,4,4,4,5,5,4,4,4,5,4,5,5,5,4,5,4,5,4,7,5,5,5,5,5,5,5,5,5,5,5,5,5,5,5,5,5,5,5,5,5,5,5,5,5,5,5,5,5,5,5,5,5,5,5,5,5,5,5,5,5,5,5,5,5,5,5,5,5,5,5,5,5,5,5,5,5,5,5,5,5,5,5,5
139,494,479,469,472,467,457,468,470,483,486,470,470,474,466,465,463,488,496,489,479,480,472,472,460,487,495,491,487,487,479,469,472,502,493,488,486,487,479,480,472,503,497,498,490,487,481,476,477,499,507,495,498,491,493,493,487,498,507,510,511,496,491,493,492,4,4,3,4,3,3,4,4,4,3,3,3,3,3,4,3,4,5,4,4,3,3,3,3,4,3,4,3,3,3,4,4,4,4,4,4,3,3,3,4,5,5,5,4,4,4,4,4,5,5,5,5,4,3,4,5,5,6,4,5,5,4,5,6,5,5,5,5,5,5,5,5,5,5,5,5,5,5,5,5,5,5,5,5,5,5,5,5,5,5,5,5,5,5,5,5,5,5,5,5,5,5,5,5,5,5,5,5,5,5,5,5,5,5,5,5,5,5,5,5,5,5,5,5,5,5,5,5
140,488,474,476,478,472,464,456,460,483,482,480,474,469,478,474,462,485,489,485,486,477,475,464,467,500,484,488,485,484,483,474,466,498,494,489,491,488,481,476,473,508,496,496,488,490,483,485,481,492,504,501,498,486,490,490,478,503,500,502,498,494,499,504,486,5,4,4,4,3,3,4,4,4,4,4,3,3,3,4,4,5,4,4,4,3,3,3,4,4,4,4,3,3,3,4,4,4,4,4,4,4,3,3,4,5,5,5,4,4,3,4,4,5,5,4,4,4,5,4,5,5,6,5,5,4,5,5,8,5,5,5,5,5,5,5,5,5,5,5,5,5,5,5,5,5,5,5,5,5,5,5,5,5,5,5,5,5,5,5,5,5,5,5,5,5,5,5,5,5,5,5,5,5,5,5,5,5,5,5,5,5,5,5,5,5,5,5,5,5,5,5,5
141,478,476,481,464,472,463,466,473,492,482,481,475,469,469,464,463,491,492,482,477,476,471,476,470,497,484,487,482,483,480,472,466,495,492,490,492,488,479,484,477,499,498,499,492,484,485,490,473,519,511,497,496,493,490,489,482,500,499,509,496,495,497,499,485,5,4,3,3,3,3,3,4,4,3,4,3,3,3,3,3,4,4,3,3,3,4,4,4,4,3,4,3,3,3,4,3,4,4,4,3,3,3,3,4,4,4,4,4,4,4,4,4,4,5,4,4,4,4,3,4,6,6,4,5,5,4,5,6,5,5,5,5,5,5,5,5,5,5,5,5,5,5,5,5,5,5,5,5,5,5,5,5,5,5,5,5,5,5,5,5,5,5,5,5,5,5,5,5,5,5,5,5,5,5,5,5,5,5,5,5,5,5,5,5,5,5,5,5,5,5,5,5
142,476,481,478,468,475,468,464,464,496,478,478,470,474,470,464,476,494,479,475,475,479,475,470,474,495,492,486,487,477,472,469,471,501,492,491,485,486,477,480,473,503,498,493,496,486,485,490,483,507,512,496,491,485,492,480,487,513,505,500,503,490,489,494,484,5,4,4,4,3,4,4,3,5,4,3,3,3,3,3,3,5,4,4,4,3,4,3,3,4,5,4,3,4,3,3,4,4,4,3,3,3,3,3,4,5,5,5,4,4,4,4,5,5,6,4,5,4,5,5,5,5,6,5,5,5,4,5,6,5,5,5,5,5,5,5,5,5,5,5,5,5,5,5,5,5,5,5,5,5,5,5,5,5,5,5,5,5,5,5,5,5,5,5,5,5,5,5,5,5,5,5,5,5,5,5,5,5,5,5,5,5,5,5,5,5,5,5,5,5,5,5,5
143,480,477,475,466,465,464,465,454,494,484,476,475,466,465,467,469,484,493,476,476,475,480,472,468,495,495,484,480,474,472,471,479,502,494,490,490,485,480,476,468,500,488,499,488,490,480,485,478,511,501,500,491,494,491,492,486,517,511,506,501,488,492,493,490,5,3,4,4,3,3,4,3,5,3,3,3,4,3,3,3,5,4,3,3,3,3,3,4,4,4,4,3,3,3,3,4,4,4,4,4,3,3,3,3,4,4,4,4,4,3,5,4,5,5,4,5,4,4,4,5,5,6,4,5,4,4,5,7,5,5,5,5,5,5,5,5,5,5,5,5,5,5,5,5,5,5,5,5,5,5,5,5,5,5,5,5,5,5,5,5,5,5,5,5,5,5,5,5,5,5,5,5,5,5,5,5,5,5,5,5,5,5,5,5,5,5,5,5,5,5,5,5
144,483,486,476,475,468,467,459,469,479,482,479,477,473,469,471,467,494,493,484,480,477,468,469,465,500,484,483,480,483,475,472,466,498,494,494,485,490,480,477,479,506,494,503,491,490,480,478,472,509,495,488,485,487,491,491,487,503,509,506,498,505,492,496,506,5,4,3,4,3,3,4,4,4,3,3,4,3,3,4,4,5,5,4,4,3,4,4,4,4,4,4,3,4,3,4,4,5,4,4,4,3,3,4,4,5,5,4,4,4,4,4,4,5,4,4,5,4,5,4,5,5,5,5,5,4,5,5,6,5,5,5,5,5,5,5,5,5,5,5,5,5,5,5,5,5,5,5,5,5,5,5,5,5,5,5,5,5,5,5,5,5,5,5,5,5,5,5,5,5,5,5,5,5,5,5,5,5,5,5,5,5,5,5,5,5,5,5,5,5,5,5,5
145,477,480,469,474,471,467,460,463,486,484,479,478,472,464,466,465,485,491,476,491,476,475,469,471,490,487,486,482,480,478,475,473,492,490,495,488,485,482,485,470,495,501,494,493,483,487,485,481,497,500,504,496,498,494,476,484,503,510,504,492,503,492,491,477,4,4,3,4,3,3,4,3,4,3,3,3,3,3,3,4,4,4,3,4,3,3,3,3,4,4,3,3,3,3,3,4,4,4,3,3,3,3,4,4,4,4,4,4,3,4,4,4,4,5,4,4,3,4,4,4,6,5,4,4,4,4,5,6,5,5,5,5,5,5,5,5,5,5,5,5,5,5,5,5,5,5,5,5,5,5,5,5,5,5,5,5,5,5,5,5,5,5,5,5,5,5,5,5,5,5,5,5,5,5,5,5,5,5,5,5,5,5,5,5,5,5,5,5,5,5,5,5
146,481,476,472,476,467,469,466,464,486,483,479,469,470,467,466,465,492,493,479,479,479,466,467,467,501,481,488,479,484,480,482,470,501,493,490,489,487,485,476,473,499,489,504,487,490,485,484,482,511,509,498,490,495,485,491,479,510,494,493,495,508,492,495,494,4,3,4,4,3,4,4,4,4,3,4,3,3,3,3,4,4,4,4,3,3,3,4,4,4,4,4,3,3,3,4,4,5,4,3,4,3,3,4,4,5,4,5,4,4,4,5,4,5,5,4,4,5,5,4,5,6,6,5,5,4,4,4,7,5,5,5,5,5,5,5,5,5,5,5,5,5,5,5,5,5,5,5,5,5,5,5,5,5,5,5,5,5,5,5,5,5,5,5,5,5,5,5,5,5,5,5,5,5,5,5,5,5,5,5,5,5,5,5,5,5,5,5,5,5,5,5,5
147,479,475,472,470,467,466,464,464,485,475,482,474,469,464,469,464,492,488,483,478,478,469,470,468,498,481,483,482,483,480,471,474,496,489,486,488,488,476,476,474,502,495,493,489,484,482,483,475,497,501,489,491,493,491,492,487,515,504,508,500,503,493,489,485,4,4,3,4,3,3,4,3,4,4,4,3,3,3,3,3,4,4,3,3,3,3,3,4,5,3,4,3,3,3,3,4,5,4,3,3,4,4,3,4,4,5,4,4,4,4,4,4,4,5,4,4,4,3,4,5,5,6,4,5,4,4,5,7,5,5,5,5,5,5,5,5,5,5,5,5,5,5,5,5,5,5,5,5,5,5,5,5,5,5,5,5,5,5,5,5,5,5,5,5,5,5,5,5,5,5,5,5,5,5,5,5,5,5,5,5,5,5,5,5,5,5,5,5,5,5,5,5
148,476,478,473,474,474,469,462,470,489,485,479,470,474,469,469,472,491,487,481,480,474,476,473,467,493,489,477,483,477,480,477,475,506,492,491,492,488,480,474,473,498,492,494,492,488,482,480,475,496,507,495,494,486,493,488,489,504,514,502,495,509,491,499,488,4,4,4,4,3,3,4,4,5,3,3,3,3,3,4,4,4,5,3,3,3,3,3,4,4,4,4,3,3,3,4,4,5,4,4,3,4,4,4,4,4,4,5,4,4,4,4,4,5,6,4,5,4,4,4,5,5,6,5,5,5,6,5,8,5,5,5,5,5,5,5,5,5,5,5,5,5,5,5,5,5,5,5,5,5,5,5,5,5,5,5,5,5,5,5,5,5,5,5,5,5,5,5,5,5,5,5,5,5,5,5,5,5,5,5,5,5,5,5,5,5,5,5,5,5,5,5,5
149,484,483,470,466,468,466,465,464,480,480,478,474,476,468,470,464,485,487,479,480,478,477,476,465,487,492,484,487,484,476,471,470,497,489,492,489,481,479,478,478,494,491,496,492,487,487,482,484,501,504,492,491,497,490,490,478,501,510,503,495,497,489,497,490,4,3,3,3,3,3,3,3,4,3,3,3,3,3,4,3,4,5,3,3,3,3,3,3,4,4,4,3,3,3,4,4,4,3,4,3,3,3,3,4,4,5,5,4,3,4,4,4,5,5,4,5,4,5,4,4,6,6,4,5,5,4,5,7,5,5,5,5,5,5,5,5,5,5,5,5,5,5,5,5,5,5,5,5,5,5,5,5,5,5,5,5,5,5,5,5,5,5,5,5,5,5,5,5,5,5,5,5,5,5,5,5,5,5,5,5,5,5,5,5,5,5,5,5,5,5,5,5
150,489,482,467,475,468,457,459,464,484,483,485,472,468,465,463,463,492,488,481,483,480,476,469,475,483,485,491,481,481,479,469,479,495,492,488,490,485,480,489,468,503,500,489,489,489,486,479,480,508,523,505,490,493,485,493,479,513,511,508,504,496,495,491,475,4,4,4,3,3,3,3,3,4,3,4,4,3,3,3,3,4,5,4,4,3,4,3,3,4,4,4,3,3,3,3,4,5,4,3,4,4,3,4,4,4,4,4,5,4,4,4,4,6,5,5,5,4,5,4,5,6,8,4,5,4,6,4,6,5,5,5,5,5,5,5,5,5,5,5,5,5,5,5,5,5,5,5,5,5,5,5,5,5,5,5,5,5,5,5,5,5,5,5,5,5,5,5,5,5,5,5,5,5,5,5,5,5,5,5,5,5,5,5,5,5,5,5,5,5,5,5,5
151,481,476,473,469,466,464,466,459,487,482,478,471,473,463,473,466,490,488,483,477,476,468,470,468,498,491,487,484,477,474,476,472,494,500,485,487,485,484,476,476,498,499,496,495,488,477,483,481,498,503,495,491,491,483,480,486,507,513,504,494,494,492,491,490,4,4,3,3,3,3,4,3,4,4,3,3,3,3,3,4,5,5,4,3,3,3,3,4,4,4,3,3,4,3,4,4,4,3,3,4,3,3,3,4,4,5,4,4,4,3,4,4,4,5,4,5,4,4,4,5,5,6,4,5,5,5,3,6,5,5,5,5,5,5,5,5,5,5,5,5,5,5,5,5,5,5,5,5,5,5,5,5,5,5,5,5,5,5,5,5,5,5,5,5,5,5,5,5,5,5,5,5,5,5,5,5,5,5,5,5,5,5,5,5,5,5,5,5,5,5,5,5
152,488,477,473,478,469,467,461,465,480,479,479,471,471,474,471,460,485,487,483,483,479,469,468,471,504,494,483,487,480,476,473,482,496,493,489,492,481,481,482,479,506,492,490,501,487,493,487,481,504,502,502,489,490,492,487,487,508,518,499,500,500,495,493,492,5,4,4,4,3,3,4,3,4,3,3,3,3,3,3,3,4,4,4,4,3,3,3,4,4,4,4,3,4,3,4,4,5,4,4,4,3,4,4,4,5,4,4,5,4,4,4,4,5,6,5,5,4,4,4,6,5,6,5,5,4,5,5,8,5,5,5,5,5,5,5,5,5,5,5,5,5,5,5,5,5,5,5,5,5,5,5,5,5,5,5,5,5,5,5,5,5,5,5,5,5,5,5,5,5,5,5,5,5,5,5,5,5,5,5,5,5,5,5,5,5,5,5,5,5,5,5,5
153,487,475,475,470,465,463,473,460,478,481,475,474,476,470,467,458,495,481,483,481,476,472,470,463,491,491,480,477,479,474,471,473,506,491,484,496,482,481,482,473,498,498,489,491,488,486,481,476,500,502,495,496,486,493,494,485,517,502,499,506,500,492,489,507,4,3,4,4,3,3,4,4,4,3,3,3,3,3,3,3,4,5,4,3,3,3,3,3,5,4,3,3,4,3,3,4,5,4,3,4,3,3,4,4,4,5,4,4,4,4,4,4,5,5,4,4,4,5,4,5,6,6,4,5,4,4,4,6,5,5,5,5,5,5,5,5,5,5,5,5,5,5,5,5,5,5,5,5,5,5,5,5,5,5,5,5,5,5,5,5,5,5,5,5,5,5,5,5,5,5,5,5,5,5,5,5,5,5,5,5,5,5,5,5,5,5,5,5,5,5,5,5
154,480,478,481,475,468,468,458,462,482,482,485,472,471,472,468,469,490,487,488,479,476,473,472,463,499,485,484,480,485,481,477,470,507,499,488,490,484,488,473,473,500,501,498,492,497,484,482,485,507,500,501,495,489,489,489,497,505,505,505,495,502,497,495,494,4,4,3,4,3,3,4,3,4,3,4,3,3,3,3,4,4,5,4,4,3,4,4,3,5,3,4,3,4,3,4,4,5,3,4,3,3,4,3,4,4,4,4,4,4,4,5,4,5,6,4,5,4,5,3,5,6,6,4,5,4,5,5,8,5,5,5,5,5,5,5,5,5,5,5,5,5,5,5,5,5,5,5,5,5,5,5,5,5,5,5,5,5,5,5,5,5,5,5,5,5,5,5,5,5,5,5,5,5,5,5,5,5,5,5,5,5,5,5,5,5,5,5,5,5,5,5,5
155,481,480,480,468,469,469,467,468,483,487,477,478,473,470,473,464,482,489,483,478,478,467,474,460,488,486,484,486,474,473,478,472,497,488,486,492,477,483,482,474,498,498,487,487,486,484,491,481,509,500,495,484,495,486,489,483,512,507,504,517,503,487,500,486,4,3,3,3,3,3,4,3,4,3,3,3,3,3,3,3,4,5,3,3,3,3,3,3,4,4,4,3,4,3,3,4,4,4,3,3,3,4,3,4,5,4,4,4,3,4,4,3,4,4,3,5,4,4,4,5,5,6,4,6,4,4,5,6,5,5,5,5,5,5,5,5,5,5,5,5,5,5,5,5,5,5,5,5,5,5,5,5,5,5,5,5,5,5,5,5,5,5,5,5,5,5,5,5,5,5,5,5,5,5,5,5,5,5,5,5,5,5,5,5,5,5,5,5,5,5,5,5
156,476,478,476,469,472,469,464,462,485,477,480,467,475,465,471,470,495,487,482,489,474,470,469,473,492,486,491,484,477,473,474,471,501,492,487,494,487,481,479,468,493,506,492,493,499,485,482,483,503,490,502,499,493,486,493,494,510,518,503,509,499,485,488,483,4,3,4,4,3,4,4,3,4,4,4,3,3,3,3,4,4,4,4,4,3,3,3,4,4,4,4,3,4,3,4,4,5,5,4,4,3,3,4,4,4,4,5,4,5,4,4,4,5,5,4,4,4,4,4,5,6,6,5,6,4,5,5,6,5,5,5,5,5,5,5,5,5,5,5,5,5,5,5,5,5,5,5,5,5,5,5,5,5,5,5,5,5,5,5,5,5,5,5,5,5,5,5,5,5,5,5,5,5,5,5,5,5,5,5,5,5,5,5,5,5,5,5,5,5,5,5,5
157,484,484,476,475,471,467,467,459,484,483,479,473,471,466,468,462,491,486,485,482,476,473,472,470,494,490,484,480,483,483,475,474,497,494,484,487,483,482,477,472,500,502,495,489,492,493,477,485,503,496,494,490,491,491,484,485,516,504,507,502,493,491,496,481,5,4,4,4,3,3,4,4,4,4,3,3,3,3,3,4,4,4,4,4,3,3,3,4,4,4,3,3,3,3,3,4,4,4,3,3,3,3,4,4,4,4,4,4,4,4,4,4,5,5,5,5,4,3,4,4,5,6,4,4,4,4,5,5,5,5,5,5,5,5,5,5,5,5,5,5,5,5,5,5,5,5,5,5,5,5,5,5,5,5,5,5,5,5,5,5,5,5,5,5,5,5,5,5,5,5,5,5,5,5,5,5,5,5,5,5,5,5,5,5,5,5,5,5,5,5,5,5
158,476,481,462,479,470,464,465,457,483,485,474,471,475,467,462,466,494,485,483,481,482,469,465,464,488,493,483,484,481,475,472,472,499,482,502,491,484,484,477,481,506,504,498,496,486,486,473,484,501,500,503,502,498,492,495,491,512,502,506,505,498,492,492,482,4,4,3,5,3,3,4,4,4,4,3,3,3,4,4,4,4,5,4,4,3,3,3,4,5,4,4,3,3,3,3,4,5,4,4,3,4,3,4,4,5,4,5,4,4,4,4,4,5,5,4,5,5,5,4,5,5,6,4,5,4,6,5,7,5,5,5,5,5,5,5,5,5,5,5,5,5,5,5,5,5,5,5,5,5,5,5,5,5,5,5,5,5,5,5,5,5,5,5,5,5,5,5,5,5,5,5,5,5,5,5,5,5,5,5,5,5,5,5,5,5,5,5,5,5,5,5,5
159,480,476,471,469,460,462,463,457,489,474,479,480,468,467,476,464,484,493,479,477,477,475,477,467,495,489,480,487,482,481,471,469,495,497,492,488,486,482,484,476,496,497,500,494,490,494,480,483,497,502,497,495,490,482,486,488,503,504,509,502,494,498,493,493,4,3,3,4,3,3,4,3,5,4,4,4,3,3,3,3,4,4,3,3,3,3,4,4,4,4,4,3,3,3,4,4,4,4,3,3,4,3,4,4,4,4,4,4,4,4,4,4,5,5,4,5,4,4,4,4,5,6,5,5,5,4,5,7,5,5,5,5,5,5,5,5,5,5,5,5,5,5,5,5,5,5,5,5,5,5,5,5,5,5,5,5,5,5,5,5,5,5,5,5,5,5,5,5,5,5,5,5,5,5,5,5,5,5,5,5,5,5,5,5,5,5,5,5,5,5,5,5
160,478,480,473,473,471,463,462,460,485,477,477,476,479,470,468,470,484,491,481,479,480,472,474,466,489,491,493,483,474,477,473,468,494,498,481,486,497,486,478,482,500,501,495,483,494,478,491,487,509,500,504,492,485,496,487,485,514,497,497,495,491,492,484,504,5,4,4,4,3,3,4,3,4,4,4,3,3,3,4,3,6,4,3,4,3,3,4,4,5,5,4,3,3,3,4,4,4,4,4,4,4,4,4,4,4,4,4,3,4,4,5,4,4,5,4,5,4,4,4,5,5,6,4,5,4,4,5,7,5,5,5,5,5,5,5,5,5,5,5,5,5,5,5,5,5,5,5,5,5,5,5,5,5,5,5,5,5,5,5,5,5,5,5,5,5,5,5,5,5,5,5,5,5,5,5,5,5,5,5,5,5,5,5,5,5,5,5,5,5,5,5,5
161,473,482,478,476,470,465,460,466,487,478,480,476,475,468,466,463,495,475,480,481,467,472,466,467,496,487,483,481,474,472,476,470,497,493,488,488,484,483,475,476,497,497,496,485,493,482,483,482,504,504,505,494,493,482,486,489,513,507,508,490,506,495,494,495,4,3,4,4,3,3,3,3,4,3,3,3,3,3,3,3,4,5,3,3,3,3,3,3,4,4,3,3,3,3,3,4,4,5,3,3,3,3,4,4,4,4,4,4,4,3,4,3,4,5,4,4,4,4,4,5,5,6,4,4,5,4,4,9,5,5,5,5,5,5,5,5,5,5,5,5,5,5,5,5,5,5,5,5,5,5,5,5,5,5,5,5,5,5,5,5,5,5,5,5,5,5,5,5,5,5,5,5,5,5,5,5,5,5,5,5,5,5,5,5,5,5,5,5,5,5,5,5
162,472,476,472,478,467,467,458,458,491,486,477,472,476,473,466,467,490,493,484,488,471,470,468,471,489,496,486,485,479,478,479,478,491,489,488,484,486,484,477,472,510,489,495,487,488,484,474,489,514,507,498,492,488,487,477,483,510,503,505,495,495,483,485,484,4,4,4,4,3,3,3,4,4,3,4,3,3,3,4,4,4,4,4,4,4,3,4,4,4,5,3,4,3,3,4,4,6,4,3,4,3,4,4,4,5,5,4,4,4,4,4,4,5,6,5,5,4,5,5,5,5,6,4,6,4,5,4,6,5,5,5,5,5,5,5,5,5,5,5,5,5,5,5,5,5,5,5,5,5,5,5,5,5,5,5,5,5,5,5,5,5,5,5,5,5,5,5,5,5,5,5,5,5,5,5,5,5,5,5,5,5,5,5,5,5,5,5,5,5,5,5,5
163,481,478,476,479,467,464,460,459,482,485,477,475,473,477,468,459,492,484,480,480,479,475,469,468,488,497,486,484,472,473,471,473,496,494,483,483,482,477,483,470,502,493,494,487,484,480,478,480,506,500,501,501,498,493,490,487,505,504,497,500,503,492,498,480,4,4,4,3,3,3,3,3,4,3,3,3,3,3,4,3,4,5,3,4,3,3,3,4,4,4,4,3,3,3,4,4,4,4,3,3,3,3,4,4,4,4,5,4,4,3,4,4,5,4,4,4,5,4,4,5,6,6,4,4,4,4,5,7,5,5,5,5,5,5,5,5,5,5,5,5,5,5,5,5,5,5,5,5,5,5,5,5,5,5,5,5,5,5,5,5,5,5,5,5,5,5,5,5,5,5,5,5,5,5,5,5,5,5,5,5,5,5,5,5,5,5,5,5,5,5,5,5
164,473,477,474,474,465,472,470,456,490,481,480,476,472,464,465,466,490,490,486,484,480,472,468,466,496,486,484,487,483,470,477,465,490,498,491,487,486,480,479,473,506,495,497,495,497,480,493,482,492,501,492,491,489,491,490,490,506,507,504,507,493,504,503,477,4,4,4,4,3,4,3,3,5,3,3,3,3,3,3,4,5,5,4,4,3,4,3,4,4,4,3,3,3,3,4,4,4,5,3,4,4,3,4,4,4,5,5,4,4,4,4,4,4,5,4,5,4,4,4,6,7,5,4,5,4,4,5,6,5,5,5,5,5,5,5,5,5,5,5,5,5,5,5,5,5,5,5,5,5,5,5,5,5,5,5,5,5,5,5,5,5,5,5,5,5,5,5,5,5,5,5,5,5,5,5,5,5,5,5,5,5,5,5,5,5,5,5,5,5,5,5,5
165,485,476,480,464,466,471,468,464,484,481,482,479,476,470,477,469,492,486,485,483,469,481,469,469,497,491,487,482,479,475,471,478,497,498,490,493,488,483,480,473,502,491,498,489,487,482,483,475,507,511,496,495,486,491,489,480,512,507,505,503,494,481,488,488,4,4,3,3,3,3,3,4,4,3,4,3,3,3,3,4,4,4,3,3,3,3,3,3,5,4,3,3,4,3,3,4,4,4,4,3,3,4,3,4,4,5,4,4,4,3,4,5,5,5,4,5,4,4,4,5,5,6,4,5,5,5,4,6,5,5,5,5,5,5,5,5,5,5,5,5,5,5,5,5,5,5,5,5,5,5,5,5,5,5,5,5,5,5,5,5,5,5,5,5,5,5,5,5,5,5,5,5,5,5,5,5,5,5,5,5,5,5,5,5,5,5,5,5,5,5,5,5
166,475,470,476,473,469,470,463,467,488,484,480,471,468,468,460,464,490,481,484,483,479,471,471,464,496,489,492,486,481,482,468,478,499,488,492,490,485,482,482,483,505,493,495,492,488,482,480,477,499,503,497,498,488,487,488,485,522,522,498,497,498,488,493,503,4,4,3,4,3,3,3,4,4,4,4,4,4,3,3,4,5,5,4,3,3,3,3,4,4,4,4,3,3,4,4,5,5,4,4,4,3,4,4,5,5,5,4,4,5,4,4,5,5,5,4,4,4,4,4,5,6,6,4,5,4,4,5,8,5,5,5,5,5,5,5,5,5,5,5,5,5,5,5,5,5,5,5,5,5,5,5,5,5,5,5,5,5,5,5,5,5,5,5,5,5,5,5,5,5,5,5,5,5,5,5,5,5,5,5,5,5,5,5,5,5,5,5,5,5,5,5,5
167,480,485,472,473,468,461,460,455,490,481,475,478,474,467,466,458,489,479,476,481,479,473,472,470,490,481,484,486,482,478,481,474,500,497,489,485,487,479,476,481,508,496,491,489,494,482,483,478,504,504,498,500,495,488,480,479,504,501,503,495,494,499,490,490,4,4,4,3,3,3,3,4,4,3,4,3,3,3,3,3,4,4,3,4,3,3,3,3,4,3,4,3,3,3,3,4,5,4,3,3,3,3,3,3,5,5,4,4,4,3,4,4,5,5,4,4,4,4,4,4,5,5,4,4,4,4,5,7,5,5,5,5,5,5,5,5,5,5,5,5,5,5,5,5,5,5,5,5,5,5,5,5,5,5,5,5,5,5,5,5,5,5,5,5,5,5,5,5,5,5,5,5,5,5,5,5,5,5,5,5,5,5,5,5,5,5,5,5,5,5,5,5
168,484,486,470,472,468,466,463,456,488,489,481,475,473,461,464,464,490,489,482,486,473,475,469,472,491,490,495,478,479,478,475,476,496,501,491,485,487,482,480,471,504,501,492,491,493,483,479,473,508,497,495,504,494,488,484,485,505,510,505,510,490,495,491,497,4,4,4,4,3,3,4,4,4,4,4,3,3,3,4,3,4,4,3,4,3,4,3,4,5,4,4,3,4,3,3,4,5,5,4,3,3,3,3,4,5,4,4,4,5,4,4,4,6,5,4,4,5,5,4,4,5,6,4,5,4,4,4,6,5,5,5,5,5,5,5,5,5,5,5,5,5,5,5,5,5,5,5,5,5,5,5,5,5,5,5,5,5,5,5,5,5,5,5,5,5,5,5,5,5,5,5,5,5,5,5,5,5,5,5,5,5,5,5,5,5,5,5,5,5,5,5,5
169,478,482,473,467,469,464,459,466,488,484,475,472,473,467,467,473,478,490,487,475,474,474,464,467,480,486,488,483,483,476,480,462,501,495,488,487,489,489,473,480,500,501,498,490,498,489,485,479,507,508,498,495,492,491,493,483,504,508,497,495,488,496,489,484,4,3,3,4,3,3,3,3,4,3,3,3,3,3,3,3,4,4,4,3,3,3,3,3,4,4,4,3,3,3,3,3,4,4,3,3,3,3,3,4,4,4,4,4,4,3,4,4,4,5,4,5,4,4,4,4,6,6,4,5,4,4,4,6,5,5,5,5,5,5,5,5,5,5,5,5,5,5,5,5,5,5,5,5,5,5,5,5,5,5,5,5,5,5,5,5,5,5,5,5,5,5,5,5,5,5,5,5,5,5,5,5,5,5,5,5,5,5,5,5,5,5,5,5,5,5,5,5
170,488,474,479,470,472,468,469,464,490,480,478,468,476,475,463,458,495,490,481,474,472,468,471,476,495,484,487,489,480,478,470,466,502,497,484,490,481,477,480,478,507,497,497,499,487,484,485,486,504,496,505,490,488,485,490,488,515,506,500,508,486,494,494,489,5,3,4,4,3,3,3,4,4,3,3,3,3,3,3,3,5,4,4,3,3,3,3,3,5,4,4,3,3,3,3,4,5,5,4,3,3,4,4,4,5,6,5,4,4,4,4,4,5,4,5,5,4,5,4,5,5,7,5,5,5,5,5,6,5,5,5,5,5,5,5,5,5,5,5,5,5,5,5,5,5,5,5,5,5,5,5,5,5,5,5,5,5,5,5,5,5,5,5,5,5,5,5,5,5,5,5,5,5,5,5,5,5,5,5,5,5,5,5,5,5,5,5,5,5,5,5,5
171,478,475,470,474,466,467,468,456,481,474,479,477,470,469,466,459,479,485,486,486,470,477,465,471,491,492,487,483,480,477,479,471,502,499,488,479,482,477,474,473,502,501,489,488,492,484,482,477,511,497,494,493,491,492,487,487,503,513,502,497,492,491,496,491,4,3,3,4,3,3,3,4,4,3,3,3,3,3,3,3,5,5,4,4,3,3,3,4,4,4,3,3,3,3,3,4,5,4,3,3,3,3,3,4,5,4,4,4,4,3,4,4,4,5,5,4,4,4,4,5,5,5,4,5,4,4,5,7,5,5,5,5,5,5,5,5,5,5,5,5,5,5,5,5,5,5,5,5,5,5,5,5,5,5,5,5,5,5,5,5,5,5,5,5,5,5,5,5,5,5,5,5,5,5,5,5,5,5,5,5,5,5,5,5,5,5,5,5,5,5,5,5
172,477,484,482,471,473,465,466,470,488,475,478,477,477,470,474,461,487,490,482,476,479,472,477,472,490,490,481,484,478,482,481,470,495,495,490,492,486,485,481,478,501,495,487,492,483,489,477,478,510,505,497,489,497,486,486,485,519,509,505,504,501,489,487,496,5,4,4,4,3,4,4,4,4,4,3,4,4,3,4,3,4,4,4,3,3,3,4,4,5,4,3,3,4,3,4,4,5,4,4,4,4,4,4,5,5,5,4,4,4,4,4,4,5,5,4,5,4,5,4,5,5,8,5,5,4,4,4,6,5,5,5,5,5,5,5,5,5,5,5,5,5,5,5,5,5,5,5,5,5,5,5,5,5,5,5,5,5,5,5,5,5,5,5,5,5,5,5,5,5,5,5,5,5,5,5,5,5,5,5,5,5,5,5,5,5,5,5,5,5,5,5,5
173,479,478,477,467,469,466,464,459,484,484,479,475,477,472,465,463,496,484,485,477,479,469,469,471,493,486,490,480,475,471,474,474,503,491,486,485,482,478,476,476,499,490,482,490,486,480,482,477,512,500,500,500,496,481,489,491,515,503,507,495,488,486,483,493,5,3,4,3,3,3,3,3,4,4,4,3,3,3,3,4,4,4,3,3,3,3,3,4,4,4,3,3,4,3,3,4,5,4,3,3,4,3,4,4,3,5,4,4,4,4,4,4,5,5,4,5,5,4,4,5,6,5,4,5,4,4,4,7,5,5,5,5,5,5,5,5,5,5,5,5,5,5,5,5,5,5,5,5,5,5,5,5,5,5,5,5,5,5,5,5,5,5,5,5,5,5,5,5,5,5,5,5,5,5,5,5,5,5,5,5,5,5,5,5,5,5,5,5,5,5,5,5
174,487,468,472,474,468,468,465,465,487,479,471,470,467,475,476,464,489,488,479,480,474,470,473,463,490,488,486,486,483,480,474,474,493,492,490,488,489,486,475,478,509,487,488,489,490,490,483,484,490,497,494,498,493,487,487,487,518,507,503,508,493,484,497,476,5,4,4,3,3,3,3,3,4,4,3,3,3,3,4,4,4,4,3,4,3,3,4,4,4,4,4,3,3,3,4,4,4,4,4,3,4,3,4,4,5,4,4,4,4,4,4,4,5,4,4,4,4,4,4,5,6,6,4,5,5,4,5,6,5,5,5,5,5,5,5,5,5,5,5,5,5,5,5,5,5,5,5,5,5,5,5,5,5,5,5,5,5,5,5,5,5,5,5,5,5,5,5,5,5,5,5,5,5,5,5,5,5,5,5,5,5,5,5,5,5,5,5,5,5,5,5,5
175,482,476,473,474,469,465,460,465,492,482,472,477,467,468,467,463,491,484,473,478,479,469,479,477,488,488,485,487,479,478,478,476,498,490,495,487,485,482,477,478,499,495,481,487,490,486,481,474,506,505,497,498,492,495,489,489,505,512,499,496,494,495,489,502,4,4,3,4,3,3,3,3,4,4,3,3,3,3,3,3,4,5,3,3,3,3,3,3,5,4,4,3,3,3,4,4,4,4,4,3,3,3,4,4,4,5,4,4,4,3,4,4,4,4,4,4,4,4,4,4,4,6,4,4,4,5,4,6,5,5,5,5,5,5,5,5,5,5,5,5,5,5,5,5,5,5,5,5,5,5,5,5,5,5,5,5,5,5,5,5,5,5,5,5,5,5,5,5,5,5,5,5,5,5,5,5,5,5,5,5,5,5,5,5,5,5,5,5,5,5,5,5
176,486,481,478,475,468,465,467,449,480,484,487,472,469,470,470,468,486,489,482,484,474,473,476,477,502,493,486,484,479,480,479,478,499,492,489,486,488,481,473,474,503,496,498,487,478,490,479,489,504,500,500,493,497,488,484,487,511,511,501,497,495,495,500,487,5,4,4,4,3,3,4,4,4,4,4,3,3,3,4,4,4,4,4,3,4,4,4,3,5,4,4,3,4,3,4,4,5,4,4,4,3,3,3,4,4,5,5,4,4,4,4,4,5,5,4,4,5,4,4,6,6,6,4,5,5,5,5,7,5,5,5,5,5,5,5,5,5,5,5,5,5,5,5,5,5,5,5,5,5,5,5,5,5,5,5,5,5,5,5,5,5,5,5,5,5,5,5,5,5,5,5,5,5,5,5,5,5,5,5,5,5,5,5,5,5,5,5,5,5,5,5,5
177,482,479,473,471,469,471,473,458,479,484,479,476,470,465,471,461,491,491,477,473,477,479,465,469,494,488,486,485,479,475,469,474,489,484,493,486,488,483,476,476,491,498,499,490,488,482,484,481,516,495,501,499,495,490,484,489,503,498,500,502,499,493,501,498,4,4,3,4,3,3,3,3,4,3,3,3,3,3,3,3,4,4,3,3,3,3,3,3,4,4,4,3,4,3,3,4,5,4,4,3,3,3,3,4,4,4,4,4,4,3,4,4,4,4,4,4,4,3,3,4,4,5,3,5,3,4,6,5,5,5,5,5,5,5,5,5,5,5,5,5,5,5,5,5,5,5,5,5,5,5,5,5,5,5,5,5,5,5,5,5,5,5,5,5,5,5,5,5,5,5,5,5,5,5,5,5,5,5,5,5,5,5,5,5,5,5,5,5,5,5,5,5
178,478,474,480,469,463,467,461,461,481,480,473,474,475,466,468,464,489,484,476,476,479,481,470,467,494,493,495,483,482,479,479,471,501,491,487,481,495,482,478,477,504,486,499,490,484,482,482,478,494,506,498,486,493,499,489,480,500,503,507,505,488,484,492,492,4,4,3,4,3,3,4,3,4,4,3,3,3,3,3,4,5,5,3,3,3,4,3,4,4,4,4,3,4,3,4,4,6,4,3,4,4,4,3,4,5,4,5,4,4,4,4,5,4,6,5,5,4,5,4,5,6,6,5,5,4,4,4,9,5,5,5,5,5,5,5,5,5,5,5,5,5,5,5,5,5,5,5,5,5,5,5,5,5,5,5,5,5,5,5,5,5,5,5,5,5,5,5,5,5,5,5,5,5,5,5,5,5,5,5,5,5,5,5,5,5,5,5,5,5,5,5,5
179,478,479,474,469,471,461,467,462,488,483,475,473,473,466,469,460,488,480,489,481,474,474,468,472,496,487,488,487,483,478,478,478,490,489,487,492,485,481,478,478,502,502,492,495,488,486,482,481,504,500,492,496,499,492,490,488,520,512,497,494,508,493,491,497,4,4,4,4,3,3,4,4,4,3,3,3,3,3,3,3,4,4,3,3,3,3,3,3,4,4,3,3,3,3,4,4,4,4,3,4,3,3,3,4,4,4,4,4,4,3,4,4,5,5,5,4,5,4,4,5,5,6,4,4,4,4,4,6,5,5,5,5,5,5,5,5,5,5,5,5,5,5,5,5,5,5,5,5,5,5,5,5,5,5,5,5,5,5,5,5,5,5,5,5,5,5,5,5,5,5,5,5,5,5,5,5,5,5,5,5,5,5,5,5,5,5,5,5,5,5,5,5
180,477,479,472,472,465,469,466,459,485,485,478,476,472,473,470,467,484,485,487,481,478,474,476,466,499,485,484,483,480,478,478,478,502,494,489,492,481,481,480,478,498,493,496,489,492,488,480,475,502,502,500,498,496,486,485,480,517,511,503,498,501,487,492,477,4,4,4,4,3,4,4,4,4,4,4,3,3,3,3,4,4,5,4,4,3,3,4,4,5,3,4,4,3,3,3,4,5,4,4,4,4,3,4,4,5,5,4,4,4,4,4,4,5,5,5,4,5,4,5,5,7,6,5,5,4,5,4,6,5,5,5,5,5,5,5,5,5,5,5,5,5,5,5,5,5,5,5,5,5,5,5,5,5,5,5,5,5,5,5,5,5,5,5,5,5,5,5,5,5,5,5,5,5,5,5,5,5,5,5,5,5,5,5,5,5,5,5,5,5,5,5,5
181,483,483,470,473,470,468,457,466,486,470,484,470,471,469,462,460,492,488,484,478,475,473,468,471,491,496,486,483,477,482,472,476,499,491,484,485,483,482,475,476,500,503,493,490,492,481,490,488,505,508,493,488,493,485,488,494,506,506,499,490,499,496,501,477,4,3,3,3,3,3,3,4,4,3,3,3,3,3,3,3,4,4,3,4,3,3,3,4,5,4,3,3,4,3,4,4,4,4,3,3,3,3,3,4,4,4,4,4,4,4,5,3,5,5,4,4,4,4,4,5,6,5,4,4,4,4,4,6,5,5,5,5,5,5,5,5,5,5,5,5,5,5,5,5,5,5,5,5,5,5,5,5,5,5,5,5,5,5,5,5,5,5,5,5,5,5,5,5,5,5,5,5,5,5,5,5,5,5,5,5,5,5,5,5,5,5,5,5,5,5,5,5
182,482,474,479,472,469,463,465,462,482,488,473,474,478,472,472,465,485,484,489,484,481,475,473,472,498,488,490,481,474,477,475,474,504,495,493,492,484,483,479,469,501,490,498,484,489,481,483,482,508,504,509,489,489,480,493,482,507,513,507,495,494,495,495,495,5,4,4,4,3,3,4,4,4,3,4,3,4,3,3,4,4,5,4,3,3,3,4,4,5,4,3,3,4,3,4,4,5,4,4,3,3,3,4,4,5,5,5,4,4,4,4,4,6,5,5,5,4,4,4,5,5,8,5,6,5,4,5,7,5,5,5,5,5,5,5,5,5,5,5,5,5,5,5,5,5,5,5,5,5,5,5,5,5,5,5,5,5,5,5,5,5,5,5,5,5,5,5,5,5,5,5,5,5,5,5,5,5,5,5,5,5,5,5,5,5,5,5,5,5,5,5,5
183,476,481,473,472,470,471,463,463,486,484,475,479,475,468,463,470,488,483,480,481,474,474,475,465,495,487,485,481,479,480,470,480,490,494,487,483,484,482,477,477,495,499,493,500,483,490,476,484,510,501,498,486,487,479,494,481,500,516,506,502,494,503,497,492,4,4,4,4,3,3,3,3,4,3,3,3,3,3,3,3,4,4,3,3,3,3,4,4,4,4,3,3,3,3,3,4,4,4,3,3,3,3,4,4,3,4,4,5,4,4,4,3,4,5,4,4,4,4,4,5,6,5,4,5,4,5,5,7,5,5,5,5,5,5,5,5,5,5,5,5,5,5,5,5,5,5,5,5,5,5,5,5,5,5,5,5,5,5,5,5,5,5,5,5,5,5,5,5,5,5,5,5,5,5,5,5,5,5,5,5,5,5,5,5,5,5,5,5,5,5,5,5
184,489,473,468,468,468,467,467,462,483,482,488,470,469,469,465,458,489,489,480,489,480,471,475,465,499,492,494,481,475,479,473,474,493,489,489,486,486,473,486,481,505,499,495,482,491,487,482,484,505,506,497,492,486,487,492,492,505,517,501,495,501,491,487,488,6,3,4,3,3,3,3,4,4,4,3,3,3,3,3,3,5,5,4,4,3,3,4,4,5,4,4,3,4,3,3,4,4,4,4,3,3,3,4,5,5,5,5,4,4,4,4,4,5,6,5,6,4,5,5,5,5,6,4,5,4,5,5,6,5,5,5,5,5,5,5,5,5,5,5,5,5,5,5,5,5,5,5,5,5,5,5,5,5,5,5,5,5,5,5,5,5,5,5,5,5,5,5,5,5,5,5,5,5,5,5,5,5,5,5,5,5,5,5,5,5,5,5,5,5,5,5,5
185,479,473,478,466,468,464,463,457,478,477,471,474,472,468,471,461,488,491,482,476,478,476,473,472,491,488,485,481,483,473,477,474,494,497,487,484,495,485,476,475,494,496,487,490,489,482,481,485,509,500,501,496,487,501,483,481,502,501,509,501,494,488,498,481,4,3,4,4,3,3,4,4,4,4,3,4,3,3,3,3,4,3,3,3,3,3,3,4,4,4,3,3,3,3,3,4,4,3,3,3,3,4,3,4,4,5,4,3,4,4,3,4,4,5,4,4,4,4,4,5,5,6,4,5,4,5,5,6,5,5,5,5,5,5,5,5,5,5,5,5,5,5,5,5,5,5,5,5,5,5,5,5,5,5,5,5,5,5,5,5,5,5,5,5,5,5,5,5,5,5,5,5,5,5,5,5,5,5,5,5,5,5,5,5,5,5,5,5,5,5,5,5
186,478,479,476,472,463,468,455,462,487,492,480,478,471,468,472,465,487,480,491,484,480,476,470,467,500,485,489,484,481,481,473,472,512,500,494,484,487,481,477,475,514,497,494,490,487,484,477,476,510,506,489,496,496,489,483,482,518,506,500,508,493,495,484,484,5,4,4,4,3,3,3,4,4,3,3,4,3,3,3,4,4,5,4,4,3,3,4,4,4,4,4,3,3,3,3,4,5,5,4,3,3,3,4,4,5,5,4,4,4,3,4,4,5,6,5,4,5,4,4,4,5,7,5,5,5,4,4,6,5,5,5,5,5,5,5,5,5,5,5,5,5,5,5,5,5,5,5,5,5,5,5,5,5,5,5,5,5,5,5,5,5,5,5,5,5,5,5,5,5,5,5,5,5,5,5,5,5,5,5,5,5,5,5,5,5,5,5,5,5,5,5,5
187,485,483,477,468,471,461,461,460,483,477,477,472,471,468,465,466,486,481,486,483,474,474,472,466,491,489,487,479,472,471,480,472,500,491,491,483,485,480,476,470,504,493,491,501,487,484,481,480,514,517,501,493,490,484,488,486,505,506,511,496,499,485,492,489,4,4,3,3,3,3,3,4,4,4,3,3,3,3,3,4,4,4,4,3,3,3,3,4,4,4,4,3,3,3,3,4,5,4,3,3,3,3,3,4,4,5,4,5,4,4,4,4,5,5,4,5,4,4,4,5,4,6,4,5,4,4,4,7,5,5,5,5,5,5,5,5,5,5,5,5,5,5,5,5,5,5,5,5,5,5,5,5,5,5,5,5,5,5,5,5,5,5,5,5,5,5,5,5,5,5,5,5,5,5,5,5,5,5,5,5,5,5,5,5,5,5,5,5,5,5,5,5
188,483,477,471,464,467,461,465,460,484,477,479,469,474,461,464,465,492,479,487,477,474,477,474,467,504,489,495,478,482,481,476,476,498,492,488,490,477,480,471,479,502,493,485,492,485,487,495,474,503,508,503,498,492,493,483,481,510,502,507,496,500,497,491,476,5,4,4,4,3,3,4,3,4,4,3,3,3,3,3,4,5,4,4,3,3,3,3,4,4,4,4,3,3,3,4,4,5,4,4,4,4,3,4,3,4,6,4,4,4,4,5,4,5,5,5,4,4,4,4,5,6,6,4,4,4,5,5,7,5,5,5,5,5,5,5,5,5,5,5,5,5,5,5,5,5,5,5,5,5,5,5,5,5,5,5,5,5,5,5,5,5,5,5,5,5,5,5,5,5,5,5,5,5,5,5,5,5,5,5,5,5,5,5,5,5,5,5,5,5,5,5,5
189,483,488,471,478,467,471,462,460,487,481,475,471,471,471,473,467,488,484,478,475,477,473,476,470,489,493,489,480,485,473,473,469,505,494,491,491,484,481,471,468,503,493,500,496,485,486,478,482,499,501,496,505,491,492,488,484,513,506,497,509,496,489,493,488,5,4,3,4,3,3,3,4,4,3,3,3,3,3,4,4,4,5,4,4,3,3,4,4,4,4,4,3,3,3,3,4,5,4,4,3,3,3,3,4,4,5,4,4,3,3,4,3,4,5,5,4,4,4,4,4,6,5,4,5,4,5,5,6,5,5,5,5,5,5,5,5,5,5,5,5,5,5,5,5,5,5,5,5,5,5,5,5,5,5,5,5,5,5,5,5,5,5,5,5,5,5,5,5,5,5,5,5,5,5,5,5,5,5,5,5,5,5,5,5,5,5,5,5,5,5,5,5
190,482,478,473,472,465,465,466,456,496,485,478,476,471,466,473,463,487,484,486,479,485,469,469,468,491,489,495,491,479,477,479,468,499,491,489,487,484,481,482,470,502,494,492,495,489,481,479,478,504,499,491,496,498,491,491,480,508,518,503,497,498,490,490,491,4,4,4,4,3,3,4,4,4,3,3,4,3,3,3,4,4,5,4,3,3,3,3,4,5,4,4,3,3,3,4,4,4,4,4,4,3,3,4,4,5,5,4,4,4,4,4,5,5,5,4,4,4,5,4,4,6,5,4,6,4,6,4,7,5,5,5,5,5,5,5,5,5,5,5,5,5,5,5,5,5,5,5,5,5,5,5,5,5,5,5,5,5,5,5,5,5,5,5,5,5,5,5,5,5,5,5,5,5,5,5,5,5,5,5,5,5,5,5,5,5,5,5,5,5,5,5,5
191,480,479,479,481,462,473,464,463,483,478,474,478,473,472,465,461,489,481,487,485,476,474,475,467,495,488,486,477,478,475,477,472,504,494,490,488,488,482,482,470,503,491,496,500,490,485,482,477,501,496,503,505,488,486,492,490,505,507,502,495,497,493,501,488,4,3,3,4,3,3,4,4,4,4,3,3,3,3,3,3,4,5,4,4,3,3,3,4,4,4,4,3,4,3,3,4,5,4,3,3,3,3,3,3,4,4,5,5,4,4,4,4,4,4,4,5,4,4,4,5,4,6,4,5,4,4,5,6,5,5,5,5,5,5,5,5,5,5,5,5,5,5,5,5,5,5,5,5,5,5,5,5,5,5,5,5,5,5,5,5,5,5,5,5,5,5,5,5,5,5,5,5,5,5,5,5,5,5,5,5,5,5,5,5,5,5,5,5,5,5,5,5
192,486,481,480,475,458,468,466,453,486,483,481,475,469,468,476,466,484,488,481,487,477,468,464,466,498,487,488,480,482,477,472,468,500,490,487,487,485,475,474,473,496,492,489,484,497,487,478,478,491,502,497,497,490,485,500,488,514,502,506,505,489,493,488,476,5,4,3,4,3,3,4,4,4,3,4,3,4,3,4,4,4,5,3,4,3,3,4,4,4,4,4,3,3,3,3,4,5,4,4,3,4,3,4,4,5,4,4,4,4,4,4,4,4,5,4,4,4,4,4,5,5,7,5,5,5,4,4,6,5,5,5,5,5,5,5,5,5,5,5,5,5,5,5,5,5,5,5,5,5,5,5,5,5,5,5,5,5,5,5,5,5,5,5,5,5,5,5,5,5,5,5,5,5,5,5,5,5,5,5,5,5,5,5,5,5,5,5,5,5,5,5,5
193,475,476,476,477,468,464,464,463,477,490,466,471,474,469,463,461,480,485,475,478,476,469,473,463,490,490,489,485,485,472,470,472,494,487,488,486,486,486,479,484,500,503,487,494,486,485,482,481,503,496,500,490,491,490,488,489,508,500,502,499,496,495,488,474,4,3,3,3,3,3,4,3,4,3,3,3,3,3,3,3,4,5,3,3,3,3,4,3,4,4,4,3,3,3,3,3,4,4,3,3,3,4,4,3,4,4,4,5,4,4,4,4,4,5,4,4,4,5,4,5,5,6,4,4,4,4,4,6,5,5,5,5,5,5,5,5,5,5,5,5,5,5,5,5,5,5,5,5,5,5,5,5,5,5,5,5,5,5,5,5,5,5,5,5,5,5,5,5,5,5,5,5,5,5,5,5,5,5,5,5,5,5,5,5,5,5,5,5,5,5,5,5
194,477,484,482,461,468,461,461,455,489,480,477,476,473,464,466,463,494,484,480,484,480,474,465,465,491,489,488,479,477,474,473,474,501,487,486,485,488,480,476,479,503,496,495,491,483,485,490,470,502,503,502,499,504,489,483,484,516,511,499,491,493,484,500,487,5,4,4,3,3,3,4,3,4,3,4,3,3,3,3,4,4,5,4,4,3,3,3,4,4,4,4,3,4,3,4,4,4,4,3,3,3,3,4,5,4,5,4,5,4,4,4,4,6,5,4,4,5,4,5,5,5,5,4,5,5,5,4,7,5,5,5,5,5,5,5,5,5,5,5,5,5,5,5,5,5,5,5,5,5,5,5,5,5,5,5,5,5,5,5,5,5,5,5,5,5,5,5,5,5,5,5,5,5,5,5,5,5,5,5,5,5,5,5,5,5,5,5,5,5,5,5,5
195,481,483,473,480,466,468,465,469,486,481,479,482,473,468,465,469,494,488,480,481,474,469,468,468,495,496,487,477,477,474,476,471,497,490,485,489,486,481,485,483,509,502,493,500,484,488,478,480,502,497,495,496,497,485,488,479,517,501,505,496,498,488,488,503,4,3,4,3,3,4,3,4,4,4,4,4,3,3,3,3,5,4,3,3,3,3,3,4,4,4,4,3,3,3,4,4,5,4,4,4,3,3,4,3,5,4,4,5,4,4,4,4,5,5,5,4,4,4,4,4,6,6,5,5,5,4,4,6,5,5,5,5,5,5,5,5,5,5,5,5,5,5,5,5,5,5,5,5,5,5,5,5,5,5,5,5,5,5,5,5,5,5,5,5,5,5,5,5,5,5,5,5,5,5,5,5,5,5,5,5,5,5,5,5,5,5,5,5,5,5,5,5
196,481,479,472,476,468,472,466,462,485,482,475,469,469,473,472,467,485,487,478,485,474,476,472,464,487,488,490,477,485,475,481,467,496,487,484,491,479,484,479,479,500,490,493,485,483,490,486,478,501,504,507,493,489,483,494,489,518,503,500,488,506,501,486,487,4,4,4,4,3,3,4,4,4,3,4,3,3,3,4,4,4,4,3,4,3,4,3,4,4,4,4,3,3,3,4,3,4,4,3,4,3,3,4,4,5,4,4,4,4,4,5,4,5,5,5,5,4,4,4,5,6,7,4,4,5,5,5,7,5,5,5,5,5,5,5,5,5,5,5,5,5,5,5,5,5,5,5,5,5,5,5,5,5,5,5,5,5,5,5,5,5,5,5,5,5,5,5,5,5,5,5,5,5,5,5,5,5,5,5,5,5,5,5,5,5,5,5,5,5,5,5,5
197,489,478,468,475,469,467,466,463,475,481,476,473,478,468,458,464,486,488,479,478,480,474,473,468,493,497,496,483,480,476,475,469,497,494,489,494,486,477,486,472,503,498,495,488,488,483,479,481,497,505,504,497,498,492,478,480,506,509,510,510,498,492,494,497,4,3,3,4,3,3,4,4,4,3,4,4,3,3,3,3,4,4,4,3,3,3,3,4,4,4,4,3,3,3,3,3,5,4,4,4,3,3,4,4,4,4,4,4,4,4,4,4,4,4,4,4,5,4,4,4,5,6,4,5,4,4,4,5,5,5,5,5,5,5,5,5,5,5,5,5,5,5,5,5,5,5,5,5,5,5,5,5,5,5,5,5,5,5,5,5,5,5,5,5,5,5,5,5,5,5,5,5,5,5,5,5,5,5,5,5,5,5,5,5,5,5,5,5,5,5,5,5
198,475,480,477,467,473,463,463,465,477,482,479,481,471,468,474,463,487,493,481,478,482,472,473,469,486,482,485,488,483,468,476,471,504,500,484,483,482,481,477,474,502,501,487,495,488,481,484,490,510,500,502,485,501,492,484,491,512,502,497,500,491,501,493,503,4,3,3,4,3,3,3,4,4,4,4,3,4,3,4,4,5,5,4,4,3,3,4,4,4,4,4,3,3,4,4,4,5,4,3,3,4,3,4,4,4,5,4,4,4,4,5,4,6,5,4,5,5,4,4,5,6,6,4,5,5,5,5,5,5,5,5,5,5,5,5,5,5,5,5,5,5,5,5,5,5,5,5,5,5,5,5,5,5,5,5,5,5,5,5,5,5,5,5,5,5,5,5,5,5,5,5,5,5,5,5,5,5,5,5,5,5,5,5,5,5,5,5,5,5,5,5,5
199,479,486,478,470,469,460,465,459,492,481,485,470,474,469,471,456,488,480,481,481,471,474,472,466,497,495,479,485,473,471,475,465,496,493,491,490,474,485,473,469,499,494,496,494,489,483,476,481,507,506,500,495,496,497,480,481,519,506,497,496,494,495,492,492,4,4,4,3,3,3,4,3,4,3,4,3,3,3,3,3,4,4,3,3,3,3,3,3,4,4,3,3,3,3,3,4,4,4,3,3,3,3,3,4,4,4,4,4,4,4,4,4,4,5,4,4,4,4,5,5,5,6,4,5,3,4,5,7,5,5,5,5,5,5,5,5,5,5,5,5,5,5,5,5,5,5,5,5,5,5,5,5,5,5,5,5,5,5,5,5,5,5,5,5,5,5,5,5,5,5,5,5,5,5,5,5,5,5,5,5,5,5,5,5,5,5,5,5,5,5,5,5
