frame,dist_z0,dist_z1,dist_z2,dist_z3,dist_z4,dist_z5,dist_z6,dist_z7,dist_z8,dist_z9,dist_z10,dist_z11,dist_z12,dist_z13,dist_z14,dist_z15,dist_z16,dist_z17,dist_z18,dist_z19,dist_z20,dist_z21,dist_z22,dist_z23,dist_z24,dist_z25,dist_z26,dist_z27,dist_z28,dist_z29,dist_z30,dist_z31,dist_z32,dist_z33,dist_z34,dist_z35,dist_z36,dist_z37,dist_z38,dist_z39,dist_z40,dist_z41,dist_z42,dist_z43,dist_z44,dist_z45,dist_z46,dist_z47,dist_z48,dist_z49,dist_z50,dist_z51,dist_z52,dist_z53,dist_z54,dist_z55,dist_z56,dist_z57,dist_z58,dist_z59,dist_z60,dist_z61,dist_z62,dist_z63,sigma_z0,sigma_z1,sigma_z2,sigma_z3,sigma_z4,sigma_z5,sigma_z6,sigma_z7,sigma_z8,sigma_z9,sigma_z10,sigma_z11,sigma_z12,sigma_z13,sigma_z14,sigma_z15,sigma_z16,sigma_z17,sigma_z18,sigma_z19,sigma_z20,sigma_z21,sigma_z22,sigma_z23,sigma_z24,sigma_z25,sigma_z26,sigma_z27,sigma_z28,sigma_z29,sigma_z30,sigma_z31,sigma_z32,sigma_z33,sigma_z34,sigma_z35,sigma_z36,sigma_z37,sigma_z38,sigma_z39,sigma_z40,sigma_z41,sigma_z42,sigma_z43,sigma_z44,sigma_z45,sigma_z46,sigma_z47,sigma_z48,sigma_z49,sigma_z50,sigma_z51,sigma_z52,sigma_z53,sigma_z54,sigma_z55,sigma_z56,sigma_z57,sigma_z58,sigma_z59,sigma_z60,sigma_z61,sigma_z62,sigma_z63,status_z0,status_z1,status_z2,status_z3,status_z4,status_z5,status_z6,status_z7,status_z8,status_z9,status_z10,status_z11,status_z12,status_z13,status_z14,status_z15,status_z16,status_z17,status_z18,status_z19,status_z20,status_z21,status_z22,status_z23,status_z24,status_z25,status_z26,status_z27,status_z28,status_z29,status_z30,status_z31,status_z32,status_z33,status_z34,status_z35,status_z36,status_z37,status_z38,status_z39,status_z40,status_z41,status_z42,status_z43,status_z44,status_z45,status_z46,status_z47,status_z48,status_z49,status_z50,status_z51,status_z52,status_z53,status_z54,status_z55,status_z56,status_z57,status_z58,status_z59,status_z60,status_z61,status_z62,status_z63
0,681,672,664,665,669,657,663,657,685,679,671,675,669,673,668,660,685,689,680,679,673,667,667,659,694,695,692,680,686,687,675,674,707,694,695,697,692,686,676,682,721,706,703,703,697,680,672,691,711,717,719,720,701,700,708,709,718,724,718,718,715,694,700,696,6,5,5,5,4,4,5,6,6,5,5,5,5,6,4,5,8,8,6,6,5,4,4,5,8,5,6,4,5,5,6,7,8,6,7,5,5,6,5,5,7,6,6,5,7,6,5,6,7,8,7,5,5,7,5,9,9,10,6,8,6,7,7,9,5,5,5,5,5,5,5,5,5,5,5,5,5,5,5,5,5,5,5,5,5,5,5,5,5,5,5,5,5,5,5,5,5,5,5,5,5,5,5,5,5,5,5,5,5,5,5,5,5,5,5,5,5,5,5,5,5,5,5,5,5,5,5,5
1,683,683,675,670,660,656,657,665,692,682,672,671,668,663,657,658,686,691,687,675,678,669,675,668,719,704,705,684,686,677,665,671,713,707,710,686,683,692,682,682,715,711,708,698,689,692,687,679,724,712,705,702,713,702,700,690,759,721,717,729,717,695,706,686,8,5,5,6,5,5,5,5,8,5,6,5,6,5,6,5,7,8,5,6,6,5,6,5,7,6,7,5,5,6,5,7,9,5,6,6,6,4,7,5,6,7,7,6,8,8,6,7,10,8,9,7,8,6,7,6,12,12,8,11,7,8,7,10,5,5,5,5,5,5,5,5,5,5,5,5,5,5,5,5,5,5,5,5,5,5,5,5,5,5,5,5,5,5,5,5,5,5,5,5,5,5,5,5,5,5,5,5,5,5,5,5,5,5,5,5,5,5,5,5,5,5,5,5,5,5,5,5
2,683,681,686,663,662,659,655,652,695,684,678,681,666,667,663,662,683,675,676,687,673,668,667,665,697,695,688,681,682,676,673,680,708,695,689,692,689,684,679,664,712,708,708,709,699,690,682,680,723,721,697,702,689,692,691,690,726,708,712,699,711,708,708,709,7,5,6,4,5,4,4,6,6,5,4,5,5,5,6,5,7,8,5,5,4,5,5,5,7,6,6,5,5,4,6,6,7,5,5,6,5,5,5,6,7,6,6,6,6,6,7,6,7,8,6,6,7,6,6,9,8,10,7,10,9,6,6,11,5,5,5,5,5,5,5,5,5,5,5,5,5,5,5,5,5,5,5,5,5,5,5,5,5,5,5,5,5,5,5,5,5,5,5,5,5,5,5,5,5,5,5,5,5,5,5,5,5,5,5,5,5,5,5,5,5,5,5,5,5,5,5,5
3,692,668,669,676,662,649,646,660,687,682,677,681,662,665,667,654,698,686,667,679,674,672,667,671,702,694,692,692,686,681,671,666,700,703,696,692,691,691,681,683,710,703,704,708,691,689,698,701,736,716,717,702,689,702,700,710,732,737,718,719,719,702,703,714,7,7,5,6,5,5,4,6,6,5,5,7,5,5,5,4,6,6,5,6,5,6,5,5,7,6,6,6,5,6,5,6,7,6,6,6,6,6,6,6,5,8,6,9,8,6,9,6,8,7,8,7,6,6,6,7,8,10,7,9,6,7,8,13,5,5,5,5,5,5,5,5,5,5,5,5,5,5,5,5,5,5,5,5,5,5,5,5,5,5,5,5,5,5,5,5,5,5,5,5,5,5,5,5,5,5,5,5,5,5,5,5,5,5,5,5,5,5,5,5,5,5,5,5,5,5,5,5
4,671,685,672,668,655,674,648,655,686,680,682,677,670,675,662,660,687,696,676,694,684,679,660,667,700,694,693,691,680,680,684,670,691,695,704,692,685,684,678,674,722,702,704,696,704,696,687,677,719,711,695,702,704,696,675,700,739,723,715,703,712,711,719,689,6,5,5,6,4,5,4,6,5,5,4,5,5,5,5,4,7,6,6,4,5,5,5,4,6,6,7,5,5,4,4,6,7,5,4,6,7,6,6,5,8,7,6,5,7,5,6,5,10,9,6,7,5,7,6,10,8,7,6,7,6,10,6,13,5,5,5,5,5,5,5,5,5,5,5,5,5,5,5,5,5,5,5,5,5,5,5,5,5,5,5,5,5,5,5,5,5,5,5,5,5,5,5,5,5,5,5,5,5,5,5,5,5,5,5,5,5,5,5,5,5,5,5,5,5,5,5,5
5,694,675,667,662,670,658,663,663,686,678,682,681,667,663,666,657,686,678,688,675,672,671,675,668,711,691,695,685,694,682,684,662,708,696,696,703,689,686,688,686,711,711,708,695,706,698,681,689,721,716,717,708,700,701,694,685,720,720,718,721,706,706,706,704,6,6,5,5,4,6,5,7,6,5,7,6,6,5,5,5,10,7,5,7,4,5,4,5,6,5,7,5,5,6,5,6,10,6,6,7,6,6,5,5,6,8,6,7,5,5,6,6,9,9,7,8,6,7,9,7,11,10,7,9,8,8,8,12,5,5,5,5,5,5,5,5,5,5,5,5,5,5,5,5,5,5,5,5,5,5,5,5,5,5,5,5,5,5,5,5,5,5,5,5,5,5,5,5,5,5,5,5,5,5,5,5,5,5,5,5,5,5,5,5,5,5,5,5,5,5,5,5
6,688,674,679,675,662,662,669,646,693,685,681,675,666,665,653,672,704,702,683,690,680,667,669,663,712,699,698,684,689,677,669,671,697,701,708,697,693,691,683,678,694,696,707,690,693,698,677,680,717,729,729,696,693,700,696,686,728,720,726,711,718,695,697,706,7,5,6,5,5,5,6,5,7,5,5,4,5,5,5,5,7,5,5,5,5,6,6,5,7,5,6,6,6,4,5,6,8,5,5,5,6,5,6,5,6,6,6,7,7,6,6,7,8,9,7,7,6,6,6,8,10,12,7,9,6,7,7,14,5,5,5,5,5,5,5,5,5,5,5,5,5,5,5,5,5,5,5,5,5,5,5,5,5,5,5,5,5,5,5,5,5,5,5,5,5,5,5,5,5,5,5,5,5,5,5,5,5,5,5,5,5,5,5,5,5,5,5,5,5,5,5,5
7,682,679,678,680,664,659,655,663,690,684,680,682,661,665,662,656,687,688,682,684,676,671,681,673,695,695,687,693,686,677,670,673,714,698,705,693,689,676,672,684,713,709,709,693,708,686,674,684,731,698,707,708,704,697,695,696,739,742,714,703,704,694,702,675,6,6,4,6,5,6,5,8,6,8,5,6,5,5,5,5,8,7,6,5,5,6,5,5,7,6,6,5,5,5,5,6,8,6,6,5,6,5,5,5,6,7,7,6,7,6,6,7,9,9,9,9,6,7,5,7,11,10,7,13,8,6,8,9,5,5,5,5,5,5,5,5,5,5,5,5,5,5,5,5,5,5,5,5,5,5,5,5,5,5,5,5,5,5,5,5,5,5,5,5,5,5,5,5,5,5,5,5,5,5,5,5,5,5,5,5,5,5,5,5,5,5,5,5,5,5,5,5
8,679,679,664,663,664,666,657,660,687,685,673,675,667,658,659,650,693,687,679,680,684,678,675,677,700,692,700,693,688,677,680,670,695,702,696,695,700,687,688,685,711,710,696,695,699,697,684,689,715,723,714,713,707,689,698,702,734,718,723,706,707,708,702,703,7,6,5,5,5,5,4,5,5,6,5,6,5,4,5,5,10,7,6,6,5,5,4,5,6,5,5,5,6,5,7,4,7,6,6,6,6,6,5,6,8,6,5,6,7,5,5,5,8,10,6,7,6,6,8,8,8,9,6,10,6,8,6,10,5,5,5,5,5,5,5,5,5,5,5,5,5,5,5,5,5,5,5,5,5,5,5,5,5,5,5,5,5,5,5,5,5,5,5,5,5,5,5,5,5,5,5,5,5,5,5,5,5,5,5,5,5,5,5,5,5,5,5,5,5,5,5,5
9,672,678,677,668,663,655,657,653,692,683,674,671,681,674,667,664,698,673,684,682,673,673,659,664,692,698,701,694,686,677,672,673,714,704,693,696,690,685,689,677,710,707,704,705,701,674,684,678,719,722,710,691,713,693,693,705,723,712,712,712,723,698,690,687,7,5,6,5,5,5,5,6,6,6,5,6,6,6,4,6,7,6,6,6,5,5,5,6,6,6,6,5,5,6,6,5,9,6,7,7,6,6,6,6,6,6,6,7,8,6,7,7,8,7,7,6,7,6,8,9,10,12,7,7,7,9,8,12,5,5,5,5,5,5,5,5,5,5,5,5,5,5,5,5,5,5,5,5,5,5,5,5,5,5,5,5,5,5,5,5,5,5,5,5,5,5,5,5,5,5,5,5,5,5,5,5,5,5,5,5,5,5,5,5,5,5,5,5,5,5,5,5
10,680,682,676,658,661,668,666,657,671,687,683,673,665,662,660,659,695,690,680,672,671,665,665,666,693,688,683,682,680,680,674,676,700,690,708,703,686,678,681,675,710,706,706,703,691,688,685,680,706,714,702,702,705,684,687,681,704,718,710,711,700,709,708,705,6,6,5,4,4,5,4,6,7,6,5,5,4,4,5,4,7,7,6,6,5,5,5,5,7,5,6,5,5,5,5,5,6,4,5,5,5,5,5,5,6,6,5,6,6,5,5,7,7,8,8,6,6,6,7,9,10,8,6,10,7,7,8,13,5,5,5,5,5,5,5,5,5,5,5,5,5,5,5,5,5,5,5,5,5,5,5,5,5,5,5,5,5,5,5,5,5,5,5,5,5,5,5,5,5,5,5,5,5,5,5,5,5,5,5,5,5,5,5,5,5,5,5,5,5,5,5,5
11,678,680,671,668,659,660,654,663,688,672,670,682,668,666,665,652,680,691,686,687,680,668,685,672,690,691,692,690,687,677,674,672,708,711,698,700,693,690,678,658,718,707,708,715,688,702,693,680,723,715,699,717,701,691,693,699,739,715,703,696,694,713,709,705,6,6,5,5,5,4,6,5,7,5,5,4,6,5,6,6,8,9,5,6,5,5,5,6,7,7,7,5,6,5,7,6,9,6,7,6,7,6,6,6,7,7,7,7,6,6,6,6,7,9,8,7,6,6,7,10,14,13,7,9,7,6,8,15,5,5,5,5,5,5,5,5,5,5,5,5,5,5,5,5,5,5,5,5,5,5,5,5,5,5,5,5,5,5,5,5,5,5,5,5,5,5,5,5,5,5,5,5,5,5,5,5,5,5,5,5,5,5,5,5,5,5,5,5,5,5,5,5
12,669,681,669,664,663,659,652,656,683,686,670,681,673,662,657,668,689,688,686,689,681,664,667,672,718,700,683,695,682,679,673,659,705,707,704,678,685,686,671,679,709,699,702,709,699,699,686,689,719,714,710,703,701,696,710,697,719,720,710,713,705,723,702,685,6,5,5,5,4,4,5,6,6,5,5,4,4,4,5,5,8,6,5,6,5,4,5,6,8,5,5,5,5,5,6,6,7,5,4,5,6,6,5,6,6,7,6,6,8,5,6,7,10,8,7,6,6,6,7,7,7,10,6,8,8,7,8,11,5,5,5,5,5,5,5,5,5,5,5,5,5,5,5,5,5,5,5,5,5,5,5,5,5,5,5,5,5,5,5,5,5,5,5,5,5,5,5,5,5,5,5,5,5,5,5,5,5,5,5,5,5,5,5,5,5,5,5,5,5,5,5,5
13,685,686,678,676,662,664,655,661,687,674,674,656,676,670,665,656,689,685,681,688,676,679,674,672,695,700,686,679,676,683,668,671,714,704,698,693,687,676,674,676,718,696,706,704,692,703,698,690,724,728,710,692,701,704,709,692,723,720,723,723,713,714,703,665,8,5,6,6,4,5,6,5,5,5,5,5,5,5,5,5,8,8,5,5,5,6,4,6,8,6,6,4,5,6,6,6,8,6,5,7,5,6,6,5,6,6,7,6,8,6,7,7,8,9,6,6,6,7,7,8,11,10,8,11,7,7,7,13,5,5,5,5,5,5,5,5,5,5,5,5,5,5,5,5,5,5,5,5,5,5,5,5,5,5,5,5,5,5,5,5,5,5,5,5,5,5,5,5,5,5,5,5,5,5,5,5,5,5,5,5,5,5,5,5,5,5,5,5,5,5,5,5
14,672,674,671,678,663,668,661,647,685,673,665,669,666,665,664,643,688,686,687,675,684,674,678,673,693,690,694,700,689,676,678,666,707,709,694,700,678,682,676,676,722,715,694,699,696,696,698,689,725,711,715,707,700,685,684,690,728,718,719,718,703,705,706,704,5,6,5,5,5,4,5,5,5,5,5,4,5,5,6,5,7,6,5,5,4,5,5,6,6,5,7,6,5,5,6,6,9,5,5,5,5,5,5,5,7,5,6,7,7,5,7,6,6,7,9,7,6,5,6,7,10,12,6,10,6,6,8,13,5,5,5,5,5,5,5,5,5,5,5,5,5,5,5,5,5,5,5,5,5,5,5,5,5,5,5,5,5,5,5,5,5,5,5,5,5,5,5,5,5,5,5,5,5,5,5,5,5,5,5,5,5,5,5,5,5,5,5,5,5,5,5,5
15,687,688,681,669,664,661,655,656,690,691,675,666,680,666,663,657,687,695,679,681,674,671,672,666,707,693,688,695,691,671,675,660,704,699,699,695,699,685,673,670,717,705,705,707,703,683,683,691,734,719,700,709,702,678,698,700,717,706,707,701,718,705,695,709,6,6,7,5,4,5,5,7,7,6,5,5,6,5,5,5,8,8,6,6,5,6,5,6,7,6,7,5,6,5,6,6,9,6,7,6,6,7,5,5,7,7,5,6,7,6,8,6,9,8,8,7,6,6,6,8,8,11,6,12,8,8,6,10,5,5,5,5,5,5,5,5,5,5,5,5,5,5,5,5,5,5,5,5,5,5,5,5,5,5,5,5,5,5,5,5,5,5,5,5,5,5,5,5,5,5,5,5,5,5,5,5,5,5,5,5,5,5,5,5,5,5,5,5,5,5,5,5
16,673,674,670,669,670,659,660,650,684,680,681,674,669,665,663,665,687,692,683,683,683,674,671,665,693,690,677,684,680,680,668,679,712,696,704,694,697,683,674,676,728,719,707,705,699,699,682,681,709,729,705,719,700,686,689,674,727,722,712,703,715,701,708,687,6,6,4,5,4,4,5,5,6,5,5,5,5,5,4,5,7,7,5,6,5,5,5,5,7,5,5,5,5,5,5,6,7,6,5,5,6,5,6,5,7,5,6,6,8,5,6,5,7,10,7,6,7,6,5,8,11,13,5,10,6,6,7,10,5,5,5,5,5,5,5,5,5,5,5,5,5,5,5,5,5,5,5,5,5,5,5,5,5,5,5,5,5,5,5,5,5,5,5,5,5,5,5,5,5,5,5,5,5,5,5,5,5,5,5,5,5,5,5,5,5,5,5,5,5,5,5,5
17,673,669,670,670,660,659,671,652,683,683,673,676,668,665,663,657,693,688,696,682,681,680,673,671,698,700,680,677,684,675,670,661,704,702,710,690,699,692,689,683,713,701,705,692,695,694,679,688,724,726,717,705,702,701,696,701,712,714,725,725,709,700,693,706,6,7,5,6,5,5,5,6,5,6,6,6,5,5,5,5,9,7,5,7,6,5,5,5,7,7,6,5,5,5,6,7,9,5,6,7,7,6,7,7,9,8,6,8,8,4,6,8,9,9,7,8,6,8,6,7,8,12,8,8,7,7,9,14,5,5,5,5,5,5,5,5,5,5,5,5,5,5,5,5,5,5,5,5,5,5,5,5,5,5,5,5,5,5,5,5,5,5,5,5,5,5,5,5,5,5,5,5,5,5,5,5,5,5,5,5,5,5,5,5,5,5,5,5,5,5,5,5
18,690,671,673,664,663,661,661,657,682,691,684,675,674,670,655,658,690,689,682,674,683,677,667,657,694,708,689,693,686,670,682,666,705,708,691,696,696,689,683,686,704,707,707,699,700,690,693,689,721,711,710,726,688,694,694,691,727,728,722,718,713,708,699,676,7,6,5,5,5,5,5,5,5,6,5,6,5,5,5,5,8,6,4,6,5,6,5,5,6,7,6,6,5,4,5,5,9,6,5,6,7,6,6,6,7,6,5,6,7,5,5,7,8,7,6,6,7,6,7,9,9,10,7,9,6,6,8,9,5,5,5,5,5,5,5,5,5,5,5,5,5,5,5,5,5,5,5,5,5,5,5,5,5,5,5,5,5,5,5,5,5,5,5,5,5,5,5,5,5,5,5,5,5,5,5,5,5,5,5,5,5,5,5,5,5,5,5,5,5,5,5,5
19,680,663,668,668,662,654,652,653,694,684,688,672,667,658,665,676,683,704,680,681,672,668,677,665,707,698,679,693,688,681,676,680,714,701,692,687,695,683,676,687,720,703,713,692,706,701,694,682,714,716,714,716,708,696,692,697,723,712,702,702,720,712,717,710,6,5,5,6,5,4,5,6,7,5,5,5,5,5,5,6,9,6,6,7,5,5,4,5,6,6,5,5,5,5,6,6,8,5,6,7,5,6,5,7,8,7,6,6,6,5,7,6,6,8,7,10,7,6,8,12,8,11,7,9,6,7,10,10,5,5,5,5,5,5,5,5,5,5,5,5,5,5,5,5,5,5,5,5,5,5,5,5,5,5,5,5,5,5,5,5,5,5,5,5,5,5,5,5,5,5,5,5,5,5,5,5,5,5,5,5,5,5,5,5,5,5,5,5,5,5,5,5
20,679,674,674,659,658,648,657,658,686,687,679,678,670,673,673,659,707,686,689,689,686,676,670,666,705,698,677,699,684,680,680,681,713,710,696,704,701,689,678,685,718,701,704,695,695,688,691,696,697,722,705,706,697,705,702,687,737,732,732,706,709,705,686,686,6,5,5,5,5,5,5,5,6,6,5,5,5,4,4,5,8,6,5,5,5,5,6,5,7,6,6,6,5,5,5,6,8,6,5,4,5,5,6,6,7,6,6,8,8,5,6,6,7,9,7,6,5,7,7,7,10,11,8,9,6,6,7,11,5,5,5,5,5,5,5,5,5,5,5,5,5,5,5,5,5,5,5,5,5,5,5,5,5,5,5,5,5,5,5,5,5,5,5,5,5,5,5,5,5,5,5,5,5,5,5,5,5,5,5,5,5,5,5,5,5,5,5,5,5,5,5,5
21,669,682,683,678,660,664,662,657,696,686,676,673,675,673,654,664,693,694,692,680,667,666,675,668,697,698,694,687,681,674,673,673,699,713,700,699,686,682,682,675,709,708,709,707,687,693,689,677,719,731,715,703,713,682,687,689,699,712,722,710,700,704,697,699,6,5,7,6,5,5,6,7,7,6,5,6,6,6,5,5,8,6,6,7,5,5,5,5,8,6,6,5,5,5,7,6,8,8,6,5,6,6,5,6,8,7,7,7,7,6,6,6,10,10,7,8,6,5,7,9,10,11,7,7,7,5,7,9,5,5,5,5,5,5,5,5,5,5,5,5,5,5,5,5,5,5,5,5,5,5,5,5,5,5,5,5,5,5,5,5,5,5,5,5,5,5,5,5,5,5,5,5,5,5,5,5,5,5,5,5,5,5,5,5,5,5,5,5,5,5,5,5
22,675,671,673,665,663,657,664,649,695,672,670,673,671,660,654,649,676,692,697,671,671,665,668,664,705,700,699,685,677,675,673,663,727,706,697,699,679,686,689,684,708,711,707,705,701,681,694,693,713,722,716,698,704,701,698,679,716,715,718,724,706,719,704,690,7,6,4,5,5,5,5,5,6,5,5,5,5,4,5,6,7,7,6,5,5,5,4,4,6,5,6,5,5,4,6,6,10,5,5,6,6,6,5,6,6,7,6,6,6,6,7,6,10,12,7,6,6,6,7,9,10,11,7,9,10,6,6,10,5,5,5,5,5,5,5,5,5,5,5,5,5,5,5,5,5,5,5,5,5,5,5,5,5,5,5,5,5,5,5,5,5,5,5,5,5,5,5,5,5,5,5,5,5,5,5,5,5,5,5,5,5,5,5,5,5,5,5,5,5,5,5,5
23,686,675,672,654,656,652,657,654,695,671,672,686,675,663,662,662,686,689,678,681,681,675,680,670,718,708,691,690,692,684,660,667,717,704,689,678,701,681,688,687,715,701,712,708,688,681,693,687,721,716,707,709,694,700,714,702,745,721,705,714,709,706,699,700,8,5,5,6,4,5,5,7,7,6,5,5,5,4,5,5,8,7,6,6,5,6,4,6,7,6,7,5,6,6,6,6,7,6,5,6,5,5,6,7,7,6,7,6,7,6,7,7,9,8,7,7,7,6,7,7,10,13,8,9,7,7,7,14,5,5,5,5,5,5,5,5,5,5,5,5,5,5,5,5,5,5,5,5,5,5,5,5,5,5,5,5,5,5,5,5,5,5,5,5,5,5,5,5,5,5,5,5,5,5,5,5,5,5,5,5,5,5,5,5,5,5,5,5,5,5,5,5
24,692,678,681,676,658,661,655,654,692,681,683,671,677,669,668,658,684,684,676,688,677,678,672,664,698,684,694,688,678,681,690,665,698,707,689,697,696,690,696,683,722,695,707,701,694,696,682,686,711,712,713,718,713,701,693,696,715,733,729,693,698,707,708,694,6,5,5,5,4,4,5,6,6,6,5,5,5,4,5,5,6,5,5,7,5,5,4,5,8,6,6,5,5,5,5,5,7,6,6,6,6,7,5,5,6,6,6,5,8,5,5,8,8,8,6,6,7,6,8,6,10,8,9,9,7,6,7,12,5,5,5,5,5,5,5,5,5,5,5,5,5,5,5,5,5,5,5,5,5,5,5,5,5,5,5,5,5,5,5,5,5,5,5,5,5,5,5,5,5,5,5,5,5,5,5,5,5,5,5,5,5,5,5,5,5,5,5,5,5,5,5,5
25,684,678,668,674,660,662,658,652,699,682,676,679,676,659,652,658,702,683,689,681,682,664,679,666,710,688,673,684,680,684,688,659,711,702,696,699,689,689,692,671,716,700,715,695,697,692,684,682,708,707,702,702,694,699,693,706,734,719,710,698,702,712,700,696,7,6,6,5,5,5,5,6,8,5,6,5,6,5,5,5,8,6,7,6,5,5,4,6,8,6,5,5,5,5,6,7,7,6,5,7,6,7,5,6,7,6,7,6,9,7,6,6,11,7,8,7,7,6,8,11,11,14,7,10,8,7,8,10,5,5,5,5,5,5,5,5,5,5,5,5,5,5,5,5,5,5,5,5,5,5,5,5,5,5,5,5,5,5,5,5,5,5,5,5,5,5,5,5,5,5,5,5,5,5,5,5,5,5,5,5,5,5,5,5,5,5,5,5,5,5,5,5
26,668,680,675,675,657,661,657,658,675,669,677,670,660,661,662,656,683,688,690,691,675,678,672,660,705,694,690,689,683,683,665,670,697,708,701,701,693,691,680,673,715,699,709,705,689,701,687,696,707,725,719,716,712,696,690,680,734,729,713,704,717,704,722,696,6,5,4,6,4,5,4,5,6,5,6,6,5,4,4,4,8,6,5,5,5,5,4,5,7,5,6,5,5,5,5,5,7,6,5,5,5,6,5,5,7,6,7,5,6,5,6,5,7,11,5,5,7,6,7,8,9,11,5,8,7,6,9,11,5,5,5,5,5,5,5,5,5,5,5,5,5,5,5,5,5,5,5,5,5,5,5,5,5,5,5,5,5,5,5,5,5,5,5,5,5,5,5,5,5,5,5,5,5,5,5,5,5,5,5,5,5,5,5,5,5,5,5,5,5,5,5,5
27,688,673,670,679,665,665,664,651,683,693,678,684,680,662,670,659,684,685,675,677,670,686,670,670,716,684,700,682,687,681,682,674,693,686,703,699,684,691,692,683,726,697,705,708,693,699,687,697,705,718,707,713,702,693,703,690,721,719,718,711,711,705,701,673,5,7,5,6,5,5,5,6,7,5,5,5,6,5,4,5,9,7,6,6,4,7,4,6,7,6,5,5,5,5,7,6,7,5,5,5,7,6,5,6,6,6,6,6,8,5,6,8,8,9,7,7,6,6,5,9,8,12,7,9,7,7,5,13,5,5,5,5,5,5,5,5,5,5,5,5,5,5,5,5,5,5,5,5,5,5,5,5,5,5,5,5,5,5,5,5,5,5,5,5,5,5,5,5,5,5,5,5,5,5,5,5,5,5,5,5,5,5,5,5,5,5,5,5,5,5,5,5
28,674,675,693,660,658,660,662,655,691,682,680,665,670,664,675,667,701,689,679,677,673,668,657,675,706,691,693,689,675,684,665,669,710,697,700,697,697,682,678,681,709,703,696,700,688,695,684,682,707,706,701,704,707,702,696,689,708,700,723,704,706,715,714,675,6,5,5,5,5,5,5,6,8,5,4,4,5,5,5,5,10,6,5,6,5,5,5,4,8,5,6,5,5,5,6,6,6,5,5,6,6,6,5,5,7,6,6,6,7,4,5,7,6,8,7,7,6,6,6,8,10,7,8,10,8,7,8,15,5,5,5,5,5,5,5,5,5,5,5,5,5,5,5,5,5,5,5,5,5,5,5,5,5,5,5,5,5,5,5,5,5,5,5,5,5,5,5,5,5,5,5,5,5,5,5,5,5,5,5,5,5,5,5,5,5,5,5,5,5,5,5,5
29,678,685,671,667,654,663,649,656,681,688,674,672,676,672,671,663,695,689,683,680,676,667,675,656,689,711,689,687,680,681,670,672,712,704,693,695,683,693,677,676,722,711,694,692,683,682,688,690,718,719,703,711,697,695,694,685,707,726,712,696,715,703,698,715,6,5,7,5,5,5,6,6,6,6,4,5,5,6,4,5,7,7,6,6,5,5,5,7,6,7,6,5,5,6,7,6,7,6,5,7,5,7,7,7,6,8,6,6,7,5,6,5,6,9,9,5,6,6,6,9,7,10,7,9,6,6,6,15,5,5,5,5,5,5,5,5,5,5,5,5,5,5,5,5,5,5,5,5,5,5,5,5,5,5,5,5,5,5,5,5,5,5,5,5,5,5,5,5,5,5,5,5,5,5,5,5,5,5,5,5,5,5,5,5,5,5,5,5,5,5,5,5
30,688,668,669,675,655,657,654,652,678,673,678,668,661,665,655,671,692,689,692,684,681,666,671,666,687,692,693,685,688,668,670,673,721,695,685,695,679,693,688,673,721,718,708,698,692,688,695,669,705,712,717,706,712,700,699,691,701,741,725,731,716,704,692,697,8,5,5,6,5,4,4,5,6,5,5,5,4,5,5,5,7,6,5,7,5,5,5,6,6,6,6,5,5,4,6,6,10,6,5,5,6,5,5,7,6,7,7,6,8,6,7,6,7,7,6,8,7,6,6,7,9,10,10,8,7,7,8,11,5,5,5,5,5,5,5,5,5,5,5,5,5,5,5,5,5,5,5,5,5,5,5,5,5,5,5,5,5,5,5,5,5,5,5,5,5,5,5,5,5,5,5,5,5,5,5,5,5,5,5,5,5,5,5,5,5,5,5,5,5,5,5,5
31,675,675,680,666,666,659,656,658,695,688,685,668,671,665,664,667,691,685,698,674,686,674,670,667,709,697,694,685,684,673,675,666,714,700,700,694,681,681,685,673,732,704,709,711,698,686,692,691,710,710,706,707,698,698,715,697,712,713,714,722,707,697,708,688,7,6,6,5,5,5,5,5,6,6,4,5,5,5,6,6,8,7,5,7,6,5,5,5,7,6,6,5,5,5,6,7,8,6,5,6,6,5,5,6,8,6,6,7,5,6,7,5,7,10,8,7,6,7,8,10,10,11,7,11,7,7,7,10,5,5,5,5,5,5,5,5,5,5,5,5,5,5,5,5,5,5,5,5,5,5,5,5,5,5,5,5,5,5,5,5,5,5,5,5,5,5,5,5,5,5,5,5,5,5,5,5,5,5,5,5,5,5,5,5,5,5,5,5,5,5,5,5
32,693,684,666,668,668,659,658,655,684,689,675,669,667,659,663,656,683,694,704,672,672,674,669,665,696,696,704,688,680,676,684,665,709,703,696,694,693,682,673,687,708,705,713,713,689,695,677,684,703,720,716,706,707,701,702,693,717,727,718,718,697,708,694,708,7,5,5,4,5,4,4,6,6,6,5,5,5,4,5,5,7,9,5,6,4,5,5,5,7,5,6,5,5,5,4,6,7,6,5,5,6,6,5,6,6,8,6,6,7,6,6,6,6,9,6,7,7,7,7,8,9,8,6,9,6,5,7,11,5,5,5,5,5,5,5,5,5,5,5,5,5,5,5,5,5,5,5,5,5,5,5,5,5,5,5,5,5,5,5,5,5,5,5,5,5,5,5,5,5,5,5,5,5,5,5,5,5,5,5,5,5,5,5,5,5,5,5,5,5,5,5,5
33,683,683,681,671,655,658,655,645,690,671,673,664,666,663,658,651,706,691,682,682,686,669,670,662,710,690,690,682,686,681,674,667,717,707,698,694,679,691,688,672,716,708,700,685,700,697,701,682,703,705,716,721,711,695,694,694,721,743,727,728,699,708,708,685,7,7,6,6,5,6,5,6,6,5,5,5,6,5,5,6,7,6,6,7,5,6,5,5,7,6,7,5,6,6,6,6,8,7,6,6,7,7,5,6,6,7,6,7,7,6,7,6,8,9,10,9,8,7,7,8,9,11,5,10,8,8,8,15,5,5,5,5,5,5,5,5,5,5,5,5,5,5,5,5,5,5,5,5,5,5,5,5,5,5,5,5,5,5,5,5,5,5,5,5,5,5,5,5,5,5,5,5,5,5,5,5,5,5,5,5,5,5,5,5,5,5,5,5,5,5,5,5
34,686,680,668,662,656,660,663,650,685,686,677,667,674,661,658,666,683,686,681,677,670,665,663,660,698,695,687,684,680,683,675,674,689,700,703,692,689,688,680,672,720,710,705,699,692,691,693,685,732,713,721,705,698,704,691,690,732,739,701,735,714,697,705,692,6,5,4,5,4,6,5,5,6,5,4,5,6,4,5,5,6,6,5,6,5,5,5,5,6,7,6,5,5,5,6,5,8,5,5,6,5,6,5,6,6,7,6,6,7,7,6,8,7,7,7,8,6,7,6,9,7,11,6,7,6,7,7,10,5,5,5,5,5,5,5,5,5,5,5,5,5,5,5,5,5,5,5,5,5,5,5,5,5,5,5,5,5,5,5,5,5,5,5,5,5,5,5,5,5,5,5,5,5,5,5,5,5,5,5,5,5,5,5,5,5,5,5,5,5,5,5,5
35,677,681,673,668,668,664,663,659,678,683,675,678,674,666,666,654,699,690,686,682,667,670,672,669,707,695,699,685,685,671,678,682,717,698,697,683,686,692,688,696,733,707,702,695,696,692,688,696,727,726,712,715,718,702,692,694,707,721,717,712,703,702,716,702,6,5,5,5,4,5,5,7,8,6,5,4,5,5,5,5,7,7,6,6,5,6,5,6,7,6,8,5,5,4,7,6,8,6,6,6,7,7,5,8,8,7,5,6,8,6,8,5,9,9,8,8,9,7,6,8,9,12,7,9,9,7,7,16,5,5,5,5,5,5,5,5,5,5,5,5,5,5,5,5,5,5,5,5,5,5,5,5,5,5,5,5,5,5,5,5,5,5,5,5,5,5,5,5,5,5,5,5,5,5,5,5,5,5,5,5,5,5,5,5,5,5,5,5,5,5,5,5
36,676,670,674,667,662,656,662,644,695,679,676,681,663,667,666,660,692,685,675,678,675,670,652,670,691,701,689,681,683,675,671,667,715,703,698,697,693,687,684,686,714,711,699,707,693,698,687,684,699,716,703,703,709,696,704,687,745,727,724,724,707,709,709,683,6,5,5,5,4,6,5,6,6,5,5,4,4,5,5,5,8,7,6,6,4,5,5,5,7,5,6,5,6,5,5,7,6,6,6,5,5,5,5,6,7,7,5,7,7,5,6,5,5,7,6,7,6,6,6,10,8,9,7,7,8,7,9,10,5,5,5,5,5,5,5,5,5,5,5,5,5,5,5,5,5,5,5,5,5,5,5,5,5,5,5,5,5,5,5,5,5,5,5,5,5,5,5,5,5,5,5,5,5,5,5,5,5,5,5,5,5,5,5,5,5,5,5,5,5,5,5,5
37,680,688,671,662,670,665,647,654,685,687,677,668,669,675,666,666,689,686,676,685,681,669,669,660,708,697,685,688,683,674,688,672,722,706,708,696,696,678,686,669,710,708,696,697,693,703,673,689,723,713,716,712,705,686,690,686,724,721,724,710,715,691,709,698,6,6,5,6,5,5,5,6,5,6,6,5,5,4,5,5,8,7,6,6,5,5,5,6,7,7,6,5,5,5,5,6,9,6,6,7,7,6,5,5,5,6,6,7,8,5,7,6,9,7,8,8,6,6,7,6,10,10,8,9,8,7,9,10,5,5,5,5,5,5,5,5,5,5,5,5,5,5,5,5,5,5,5,5,5,5,5,5,5,5,5,5,5,5,5,5,5,5,5,5,5,5,5,5,5,5,5,5,5,5,5,5,5,5,5,5,5,5,5,5,5,5,5,5,5,5,5,5
38,678,687,680,663,661,660,660,663,686,676,669,676,670,676,663,663,692,693,695,680,678,680,673,668,682,694,685,695,675,676,681,673,707,698,684,686,685,690,678,673,725,707,715,706,697,690,683,694,709,718,704,720,699,692,679,691,714,732,730,717,701,709,687,709,7,5,6,5,5,4,5,5,6,4,5,5,5,4,4,5,9,7,5,6,5,6,6,5,8,5,6,4,5,4,5,6,7,6,6,6,6,5,5,5,6,6,6,6,9,6,7,9,6,9,7,6,7,6,6,7,12,10,9,7,7,6,8,17,5,5,5,5,5,5,5,5,5,5,5,5,5,5,5,5,5,5,5,5,5,5,5,5,5,5,5,5,5,5,5,5,5,5,5,5,5,5,5,5,5,5,5,5,5,5,5,5,5,5,5,5,5,5,5,5,5,5,5,5,5,5,5,5
39,680,678,653,672,660,654,656,661,694,673,673,668,667,669,662,656,694,690,691,676,679,674,678,672,703,696,685,690,688,681,672,665,711,698,701,696,685,678,675,682,725,705,713,699,683,689,691,700,714,705,712,704,695,696,696,689,729,736,708,714,714,707,708,712,6,6,5,6,5,5,5,7,7,5,6,5,6,5,5,4,8,7,6,6,5,5,6,6,7,6,6,6,5,6,7,5,7,6,5,6,6,5,6,6,7,7,7,10,6,5,7,6,7,7,7,7,5,6,7,8,9,15,9,7,7,10,8,13,5,5,5,5,5,5,5,5,5,5,5,5,5,5,5,5,5,5,5,5,5,5,5,5,5,5,5,5,5,5,5,5,5,5,5,5,5,5,5,5,5,5,5,5,5,5,5,5,5,5,5,5,5,5,5,5,5,5,5,5,5,5,5,5
40,687,670,685,674,656,666,653,651,694,683,668,669,670,663,673,658,695,695,681,680,680,677,669,656,705,695,692,686,689,669,676,672,710,694,706,688,688,686,682,674,706,706,708,703,700,693,675,688,728,714,708,717,700,699,693,687,727,728,717,701,705,707,691,687,6,5,6,6,4,4,5,5,7,5,5,4,6,4,5,4,7,7,5,6,5,5,5,6,7,6,6,5,5,5,6,5,6,5,5,6,5,6,5,6,6,7,7,7,6,6,7,6,6,9,7,7,6,7,7,7,14,9,7,9,5,7,8,9,5,5,5,5,5,5,5,5,5,5,5,5,5,5,5,5,5,5,5,5,5,5,5,5,5,5,5,5,5,5,5,5,5,5,5,5,5,5,5,5,5,5,5,5,5,5,5,5,5,5,5,5,5,5,5,5,5,5,5,5,5,5,5,5
41,676,682,691,677,660,661,649,643,687,683,684,679,670,675,654,664,696,688,682,680,672,664,679,669,691,697,689,693,688,682,670,674,715,706,696,692,699,691,666,670,719,713,713,700,697,693,697,695,718,704,697,708,698,691,691,690,734,725,737,699,709,706,698,710,5,6,8,5,5,4,5,5,7,6,5,4,5,5,6,6,8,6,6,6,4,5,5,5,7,5,7,5,6,5,7,5,7,6,6,6,6,6,5,5,6,7,6,6,8,6,8,8,10,9,6,8,6,6,8,9,9,13,6,8,7,6,7,11,5,5,5,5,5,5,5,5,5,5,5,5,5,5,5,5,5,5,5,5,5,5,5,5,5,5,5,5,5,5,5,5,5,5,5,5,5,5,5,5,5,5,5,5,5,5,5,5,5,5,5,5,5,5,5,5,5,5,5,5,5,5,5,5
42,683,680,668,670,659,646,659,657,693,676,682,681,682,670,655,649,690,686,681,678,672,673,670,670,687,695,673,687,690,670,675,673,706,704,696,701,686,679,676,671,720,707,705,705,703,688,688,680,713,722,723,707,702,703,703,696,716,746,716,718,699,694,701,723,8,4,5,5,4,5,5,6,6,6,4,5,6,4,5,4,7,6,6,6,4,5,6,5,7,5,5,5,5,5,5,6,8,6,6,5,6,5,5,6,7,6,5,6,6,6,5,7,9,9,7,7,6,6,6,8,9,10,6,10,7,7,7,15,5,5,5,5,5,5,5,5,5,5,5,5,5,5,5,5,5,5,5,5,5,5,5,5,5,5,5,5,5,5,5,5,5,5,5,5,5,5,5,5,5,5,5,5,5,5,5,5,5,5,5,5,5,5,5,5,5,5,5,5,5,5,5,5
43,692,682,667,675,660,660,658,665,690,679,671,668,660,665,665,662,703,695,688,684,682,671,664,674,707,697,679,684,676,676,672,667,719,696,694,688,687,685,690,684,704,703,709,709,708,697,697,684,719,708,714,704,714,697,683,698,725,725,717,708,711,700,721,691,6,5,6,5,5,5,5,6,9,5,5,5,5,4,5,6,8,8,6,7,5,5,5,6,8,6,6,5,5,6,7,7,7,5,6,6,6,6,6,6,8,6,7,6,7,6,7,6,9,9,7,9,7,6,6,9,10,9,6,8,9,7,6,13,5,5,5,5,5,5,5,5,5,5,5,5,5,5,5,5,5,5,5,5,5,5,5,5,5,5,5,5,5,5,5,5,5,5,5,5,5,5,5,5,5,5,5,5,5,5,5,5,5,5,5,5,5,5,5,5,5,5,5,5,5,5,5,5
44,685,677,672,666,654,652,662,658,687,679,681,664,671,654,656,660,687,695,682,681,675,664,671,655,695,689,679,688,679,681,670,676,709,697,711,692,698,685,687,677,721,703,703,698,698,695,683,683,706,702,717,706,700,699,701,676,708,731,725,713,707,700,705,688,7,6,4,5,4,5,5,5,7,5,5,5,5,4,5,4,8,7,6,6,4,4,5,5,7,5,5,6,6,5,6,6,8,5,4,6,6,5,5,5,6,7,6,7,7,5,5,7,7,7,5,8,5,6,6,9,8,11,7,7,6,7,8,12,5,5,5,5,5,5,5,5,5,5,5,5,5,5,5,5,5,5,5,5,5,5,5,5,5,5,5,5,5,5,5,5,5,5,5,5,5,5,5,5,5,5,5,5,5,5,5,5,5,5,5,5,5,5,5,5,5,5,5,5,5,5,5,5
45,681,683,682,669,663,660,669,648,675,676,686,663,661,663,666,654,694,693,689,690,678,674,679,671,702,706,696,682,686,676,659,679,699,698,699,703,694,691,694,684,711,716,697,707,688,681,695,680,727,677,725,708,716,693,692,700,713,721,719,704,710,703,712,688,7,6,5,5,6,5,4,6,7,6,5,4,5,5,4,5,7,8,7,6,4,5,4,6,7,6,5,6,5,5,5,6,9,6,6,6,7,6,6,7,8,7,6,6,8,6,6,7,9,9,7,8,8,7,9,11,8,16,8,8,9,9,8,11,5,5,5,5,5,5,5,5,5,5,5,5,5,5,5,5,5,5,5,5,5,5,5,5,5,5,5,5,5,5,5,5,5,5,5,5,5,5,5,5,5,5,5,5,5,5,5,5,5,5,5,5,5,5,5,5,5,5,5,5,5,5,5,5
46,682,686,666,672,667,667,648,661,680,668,673,676,667,662,667,663,695,682,686,677,669,673,665,666,707,701,699,682,684,671,674,673,716,701,702,697,701,687,689,675,697,705,712,704,691,688,682,689,714,708,710,705,680,698,698,678,709,724,718,707,702,695,705,696,7,5,5,5,4,4,4,5,7,5,5,5,5,5,4,4,9,6,5,6,4,5,5,5,7,6,5,4,5,5,5,6,8,5,5,7,6,6,4,6,7,7,6,6,7,5,5,8,6,8,7,6,6,6,8,7,9,10,8,8,7,7,8,13,5,5,5,5,5,5,5,5,5,5,5,5,5,5,5,5,5,5,5,5,5,5,5,5,5,5,5,5,5,5,5,5,5,5,5,5,5,5,5,5,5,5,5,5,5,5,5,5,5,5,5,5,5,5,5,5,5,5,5,5,5,5,5,5
47,681,673,666,672,662,654,660,655,683,678,695,677,673,657,661,654,701,698,680,688,687,677,670,675,729,694,696,689,689,675,670,676,701,708,689,699,677,682,678,663,711,705,706,691,694,691,684,685,713,711,711,691,693,703,682,688,727,709,725,712,689,711,700,688,7,6,6,6,5,5,5,7,6,6,6,5,5,5,5,5,8,7,7,6,5,7,5,6,8,5,7,6,6,5,5,7,8,7,6,6,5,7,5,6,7,6,6,6,7,6,6,7,8,8,7,7,7,7,6,7,9,12,7,7,6,7,9,10,5,5,5,5,5,5,5,5,5,5,5,5,5,5,5,5,5,5,5,5,5,5,5,5,5,5,5,5,5,5,5,5,5,5,5,5,5,5,5,5,5,5,5,5,5,5,5,5,5,5,5,5,5,5,5,5,5,5,5,5,5,5,5,5
48,660,671,670,672,664,666,663,646,693,692,692,672,675,669,657,666,683,685,676,678,681,684,668,660,707,691,693,685,688,687,680,668,706,695,695,700,692,694,677,672,733,723,698,703,678,689,682,689,724,721,702,698,702,688,692,677,724,740,719,696,712,708,710,717,6,6,5,5,4,5,5,5,7,5,5,5,5,5,5,5,7,6,6,6,4,5,5,6,9,5,7,5,5,5,4,6,6,5,5,5,7,6,5,5,6,6,5,6,6,6,7,6,8,9,8,6,6,5,7,8,9,11,6,9,6,6,9,12,5,5,5,5,5,5,5,5,5,5,5,5,5,5,5,5,5,5,5,5,5,5,5,5,5,5,5,5,5,5,5,5,5,5,5,5,5,5,5,5,5,5,5,5,5,5,5,5,5,5,5,5,5,5,5,5,5,5,5,5,5,5,5,5
49,683,672,676,661,656,665,660,642,690,681,694,676,675,672,671,663,691,688,676,687,671,680,672,658,695,686,695,689,690,667,675,671,715,691,702,693,689,695,682,679,720,697,697,693,697,681,683,690,727,740,707,720,691,700,700,701,723,730,722,706,710,706,707,704,6,6,6,6,5,5,5,6,7,5,5,5,7,6,6,5,7,7,6,5,4,6,6,6,7,5,6,6,5,4,6,6,8,6,5,7,7,5,5,7,7,7,7,6,7,6,7,5,8,7,8,7,7,6,7,9,10,11,7,12,6,7,8,9,5,5,5,5,5,5,5,5,5,5,5,5,5,5,5,5,5,5,5,5,5,5,5,5,5,5,5,5,5,5,5,5,5,5,5,5,5,5,5,5,5,5,5,5,5,5,5,5,5,5,5,5,5,5,5,5,5,5,5,5,5,5,5,5
50,677,689,662,655,659,653,660,658,686,686,678,679,671,671,655,649,681,697,692,680,678,667,672,674,711,692,691,694,680,676,680,677,713,712,690,688,684,698,682,687,717,714,706,705,700,686,675,698,719,706,715,708,699,693,699,689,717,733,712,715,715,709,704,722,7,6,5,5,4,5,5,6,6,6,5,5,5,5,5,4,6,7,5,7,4,5,4,6,6,5,7,6,5,4,6,6,7,6,6,6,5,5,4,6,6,6,6,7,7,6,6,6,8,8,6,8,5,6,8,7,10,11,6,8,7,6,8,17,5,5,5,5,5,5,5,5,5,5,5,5,5,5,5,5,5,5,5,5,5,5,5,5,5,5,5,5,5,5,5,5,5,5,5,5,5,5,5,5,5,5,5,5,5,5,5,5,5,5,5,5,5,5,5,5,5,5,5,5,5,5,5,5
51,680,668,671,660,668,671,663,660,690,687,686,670,682,674,672,663,695,679,675,672,669,666,668,659,695,686,693,691,687,677,675,673,711,707,696,694,693,684,677,668,713,701,701,697,700,701,691,691,719,714,720,704,702,705,691,682,716,736,729,718,695,702,707,688,7,6,5,5,5,5,5,4,7,6,4,6,7,4,5,6,8,6,6,5,4,5,5,6,8,6,6,5,5,5,6,7,7,7,5,6,8,5,7,5,7,6,5,6,8,6,7,7,9,9,7,8,6,7,6,8,14,10,8,8,7,10,6,15,5,5,5,5,5,5,5,5,5,5,5,5,5,5,5,5,5,5,5,5,5,5,5,5,5,5,5,5,5,5,5,5,5,5,5,5,5,5,5,5,5,5,5,5,5,5,5,5,5,5,5,5,5,5,5,5,5,5,5,5,5,5,5,5
52,682,688,673,671,669,664,650,670,705,676,677,677,670,665,658,658,693,696,680,680,677,677,676,678,703,705,697,688,683,682,672,685,709,703,702,702,693,688,685,679,717,716,702,706,681,687,687,687,716,727,702,701,707,696,696,690,720,709,720,718,701,705,685,717,6,5,4,5,6,5,5,5,5,4,5,6,4,5,5,5,7,7,6,5,5,5,4,6,5,6,7,5,4,5,6,7,7,7,6,7,6,6,5,6,7,8,5,6,6,5,7,7,8,7,8,7,6,6,5,7,9,10,6,9,7,6,6,11,5,5,5,5,5,5,5,5,5,5,5,5,5,5,5,5,5,5,5,5,5,5,5,5,5,5,5,5,5,5,5,5,5,5,5,5,5,5,5,5,5,5,5,5,5,5,5,5,5,5,5,5,5,5,5,5,5,5,5,5,5,5,5,5
53,685,679,673,667,658,674,660,657,691,669,680,679,663,669,659,662,695,686,689,673,678,676,672,664,698,705,690,689,683,681,683,670,709,708,704,691,696,687,685,679,715,711,716,705,697,685,698,687,719,711,699,705,699,699,697,699,712,711,730,721,719,704,695,678,7,5,5,6,5,7,5,6,6,5,5,5,5,6,6,6,10,7,5,5,6,6,4,5,7,6,7,5,5,5,7,6,9,5,6,7,7,6,6,6,6,7,6,7,7,6,7,6,9,7,8,7,7,8,7,8,12,10,8,8,10,8,6,11,5,5,5,5,5,5,5,5,5,5,5,5,5,5,5,5,5,5,5,5,5,5,5,5,5,5,5,5,5,5,5,5,5,5,5,5,5,5,5,5,5,5,5,5,5,5,5,5,5,5,5,5,5,5,5,5,5,5,5,5,5,5,5,5
54,682,670,675,673,665,659,659,644,695,678,678,675,668,659,664,666,699,694,686,675,679,670,661,683,705,692,682,688,687,680,673,681,692,704,703,692,692,688,692,677,717,699,714,700,689,690,679,681,712,713,701,695,693,708,697,703,729,712,720,719,694,709,706,717,6,6,4,5,5,4,5,5,6,6,4,4,5,4,5,5,6,7,6,5,4,5,5,5,8,5,5,5,5,5,6,6,6,6,5,5,5,5,5,5,7,6,7,7,8,6,5,7,7,7,6,7,5,6,6,9,9,12,7,8,6,8,7,11,5,5,5,5,5,5,5,5,5,5,5,5,5,5,5,5,5,5,5,5,5,5,5,5,5,5,5,5,5,5,5,5,5,5,5,5,5,5,5,5,5,5,5,5,5,5,5,5,5,5,5,5,5,5,5,5,5,5,5,5,5,5,5,5
55,688,688,674,670,664,667,657,667,691,684,670,667,670,670,660,655,684,693,689,683,676,666,672,678,702,685,685,688,677,681,679,661,706,703,699,693,683,690,682,677,715,711,714,689,692,698,685,676,708,713,721,705,694,707,694,677,717,711,716,708,729,697,704,696,6,6,6,6,6,5,5,6,6,6,5,6,5,5,5,4,10,8,5,6,6,6,5,7,8,5,7,5,5,5,7,6,8,5,5,7,6,6,8,5,7,7,7,8,7,5,6,6,8,12,8,8,6,7,7,8,9,8,7,8,10,8,8,11,5,5,5,5,5,5,5,5,5,5,5,5,5,5,5,5,5,5,5,5,5,5,5,5,5,5,5,5,5,5,5,5,5,5,5,5,5,5,5,5,5,5,5,5,5,5,5,5,5,5,5,5,5,5,5,5,5,5,5,5,5,5,5,5
56,687,686,667,665,663,670,657,665,685,681,683,672,676,663,666,654,702,688,687,680,670,670,675,671,695,694,689,680,684,672,685,685,701,703,692,695,691,685,673,677,721,696,700,702,702,700,688,672,715,692,702,708,701,700,701,697,727,733,713,710,724,708,700,709,6,6,4,5,5,5,5,6,6,5,5,5,5,4,4,5,6,8,4,6,4,5,5,6,7,5,6,5,5,5,7,6,8,6,5,7,7,6,5,6,8,6,5,6,5,5,7,6,9,8,7,6,6,6,5,7,10,13,7,7,7,6,7,16,5,5,5,5,5,5,5,5,5,5,5,5,5,5,5,5,5,5,5,5,5,5,5,5,5,5,5,5,5,5,5,5,5,5,5,5,5,5,5,5,5,5,5,5,5,5,5,5,5,5,5,5,5,5,5,5,5,5,5,5,5,5,5,5
57,693,678,675,670,654,663,647,647,693,678,680,672,663,675,669,663,694,690,681,682,670,674,673,665,692,701,707,681,675,682,677,677,716,707,692,695,692,699,686,693,708,707,712,702,702,695,690,694,708,720,731,710,694,684,708,697,711,748,710,715,701,710,692,702,7,5,6,5,5,5,5,6,7,5,5,6,5,6,5,5,7,6,6,7,4,6,5,6,7,5,6,5,5,6,6,6,8,6,5,6,6,5,4,7,7,7,6,9,7,5,6,6,8,8,10,8,6,5,6,7,9,9,7,8,7,10,8,13,5,5,5,5,5,5,5,5,5,5,5,5,5,5,5,5,5,5,5,5,5,5,5,5,5,5,5,5,5,5,5,5,5,5,5,5,5,5,5,5,5,5,5,5,5,5,5,5,5,5,5,5,5,5,5,5,5,5,5,5,5,5,5,5
58,680,679,678,677,665,662,669,654,673,674,675,678,671,667,665,656,678,684,690,678,674,668,674,666,702,703,695,689,684,688,665,682,710,700,692,690,684,686,670,677,711,702,705,696,698,685,677,674,713,731,711,712,708,695,694,702,731,705,713,716,716,717,696,676,6,6,6,6,4,4,5,6,8,5,5,5,5,5,4,5,5,6,6,6,4,6,4,5,7,5,6,6,5,6,6,5,8,5,6,6,6,6,5,6,6,6,6,6,8,6,6,6,7,7,7,8,6,6,7,8,8,12,6,9,8,6,8,7,5,5,5,5,5,5,5,5,5,5,5,5,5,5,5,5,5,5,5,5,5,5,5,5,5,5,5,5,5,5,5,5,5,5,5,5,5,5,5,5,5,5,5,5,5,5,5,5,5,5,5,5,5,5,5,5,5,5,5,5,5,5,5,5
59,674,678,679,666,656,665,655,660,698,686,673,668,674,668,669,659,698,688,680,681,676,670,679,670,708,695,696,692,684,679,676,663,688,713,698,698,688,682,680,673,726,708,691,690,683,694,681,690,716,704,713,697,707,688,701,699,731,704,721,719,720,701,699,700,5,6,6,6,4,4,5,6,7,6,5,5,5,5,5,5,7,7,6,7,5,6,6,6,7,6,7,5,6,5,6,6,8,7,5,6,6,6,6,6,9,7,7,7,6,5,8,6,8,10,7,6,8,6,7,8,10,11,6,8,6,7,6,13,5,5,5,5,5,5,5,5,5,5,5,5,5,5,5,5,5,5,5,5,5,5,5,5,5,5,5,5,5,5,5,5,5,5,5,5,5,5,5,5,5,5,5,5,5,5,5,5,5,5,5,5,5,5,5,5,5,5,5,5,5,5,5,5
60,685,688,673,682,661,650,656,665,685,683,675,667,672,666,670,664,704,687,688,682,681,677,676,664,711,690,691,692,682,677,677,663,721,701,700,695,686,688,686,681,712,703,703,702,699,688,688,695,718,707,713,712,708,694,686,699,732,739,717,710,702,703,708,697,6,5,6,6,5,5,5,5,6,5,4,5,6,4,4,5,7,7,6,7,5,5,5,4,6,6,6,5,5,4,7,6,7,5,5,6,5,6,6,6,6,6,5,6,6,6,9,8,8,10,6,6,7,6,7,6,10,12,6,10,8,7,6,16,5,5,5,5,5,5,5,5,5,5,5,5,5,5,5,5,5,5,5,5,5,5,5,5,5,5,5,5,5,5,5,5,5,5,5,5,5,5,5,5,5,5,5,5,5,5,5,5,5,5,5,5,5,5,5,5,5,5,5,5,5,5,5,5
61,689,670,682,666,655,650,661,666,699,678,681,680,675,670,665,657,677,673,675,693,678,676,675,661,698,695,693,691,687,680,675,674,706,707,696,695,685,686,691,677,705,708,699,690,686,678,686,680,710,717,714,698,711,687,693,693,735,739,716,712,714,711,710,710,8,7,6,5,5,5,6,6,7,5,5,6,6,5,6,5,7,6,6,5,5,5,4,5,7,5,7,5,6,6,6,6,8,6,6,7,6,5,6,6,9,9,7,8,7,6,6,6,9,9,8,9,7,6,7,8,8,10,6,8,8,7,8,11,5,5,5,5,5,5,5,5,5,5,5,5,5,5,5,5,5,5,5,5,5,5,5,5,5,5,5,5,5,5,5,5,5,5,5,5,5,5,5,5,5,5,5,5,5,5,5,5,5,5,5,5,5,5,5,5,5,5,5,5,5,5,5,5
62,687,683,663,665,663,664,649,656,681,685,682,678,662,659,655,664,697,696,682,675,673,673,671,669,689,688,686,689,681,680,680,676,704,705,701,689,692,690,688,686,720,702,707,705,707,699,681,664,724,709,700,718,702,697,692,685,722,733,725,715,712,713,693,698,6,5,5,6,6,5,5,6,6,6,4,5,4,5,5,5,8,8,6,6,5,5,4,5,6,4,6,5,5,5,6,6,9,6,5,5,6,6,5,7,7,6,6,6,6,6,6,5,8,6,6,6,6,6,6,6,9,12,7,8,8,6,7,14,5,5,5,5,5,5,5,5,5,5,5,5,5,5,5,5,5,5,5,5,5,5,5,5,5,5,5,5,5,5,5,5,5,5,5,5,5,5,5,5,5,5,5,5,5,5,5,5,5,5,5,5,5,5,5,5,5,5,5,5,5,5,5,5
63,679,673,666,657,659,665,665,661,685,683,678,679,670,665,659,662,699,686,685,682,680,683,669,668,710,705,696,691,695,683,685,663,699,705,691,703,691,690,686,685,714,699,704,699,712,694,690,687,715,711,710,713,703,701,703,697,730,722,721,697,717,693,714,706,6,6,6,6,5,7,6,5,6,5,6,5,5,6,6,5,7,6,6,7,5,5,6,5,7,6,5,6,6,6,5,5,9,6,5,8,8,5,6,7,9,7,7,6,8,7,6,6,9,9,8,7,7,8,7,8,10,10,8,9,7,6,8,13,5,5,5,5,5,5,5,5,5,5,5,5,5,5,5,5,5,5,5,5,5,5,5,5,5,5,5,5,5,5,5,5,5,5,5,5,5,5,5,5,5,5,5,5,5,5,5,5,5,5,5,5,5,5,5,5,5,5,5,5,5,5,5,5
64,700,680,664,670,659,670,667,648,689,688,673,688,669,662,671,657,695,699,673,692,668,679,670,671,703,699,705,688,682,683,675,661,707,705,688,697,696,682,664,676,727,704,705,699,696,693,677,690,711,711,704,710,706,698,700,679,732,725,717,708,704,703,689,685,8,6,5,5,4,5,5,5,5,6,5,5,5,5,5,5,6,7,5,5,4,5,5,6,6,5,5,5,5,6,5,6,7,6,5,5,6,6,4,6,8,6,5,6,5,5,5,7,7,8,8,8,6,6,8,8,10,11,7,8,7,9,8,11,5,5,5,5,5,5,5,5,5,5,5,5,5,5,5,5,5,5,5,5,5,5,5,5,5,5,5,5,5,5,5,5,5,5,5,5,5,5,5,5,5,5,5,5,5,5,5,5,5,5,5,5,5,5,5,5,5,5,5,5,5,5,5,5
65,678,680,677,655,666,670,660,661,684,679,680,679,671,674,665,661,707,685,681,684,676,678,668,674,707,695,691,685,688,687,676,684,704,716,690,701,698,685,681,687,700,711,706,692,701,687,691,692,716,715,709,719,702,707,703,670,736,706,728,706,715,696,712,698,6,7,7,6,5,5,5,6,7,6,6,5,6,4,4,5,9,6,6,5,5,6,6,6,11,6,7,5,5,5,6,7,8,7,5,6,7,6,5,5,8,8,5,6,6,6,8,6,12,8,7,6,6,6,7,8,10,12,7,8,6,8,8,11,5,5,5,5,5,5,5,5,5,5,5,5,5,5,5,5,5,5,5,5,5,5,5,5,5,5,5,5,5,5,5,5,5,5,5,5,5,5,5,5,5,5,5,5,5,5,5,5,5,5,5,5,5,5,5,5,5,5,5,5,5,5,5,5
66,673,668,664,672,663,657,664,663,689,682,678,670,665,666,661,657,694,699,698,695,673,666,664,673,703,695,690,696,683,674,691,673,713,710,706,687,694,683,682,684,702,703,716,701,705,691,702,688,718,715,716,695,705,690,685,689,730,711,713,722,709,714,710,705,5,6,4,4,5,4,5,5,7,5,4,5,5,5,4,4,6,8,6,6,4,5,5,5,6,5,6,7,5,5,6,5,7,6,5,5,6,6,5,6,7,6,7,6,7,6,6,5,6,8,7,7,6,6,6,7,8,9,8,7,8,7,7,12,5,5,5,5,5,5,5,5,5,5,5,5,5,5,5,5,5,5,5,5,5,5,5,5,5,5,5,5,5,5,5,5,5,5,5,5,5,5,5,5,5,5,5,5,5,5,5,5,5,5,5,5,5,5,5,5,5,5,5,5,5,5,5,5
67,679,676,672,671,655,654,658,650,696,678,672,675,668,671,658,660,677,707,689,679,682,687,672,670,712,693,694,681,689,670,668,677,703,703,706,683,684,682,685,680,720,714,703,702,716,687,680,693,723,718,717,716,709,697,691,698,735,719,721,724,707,698,694,698,5,5,5,5,4,6,5,5,7,5,6,7,5,5,5,5,7,8,5,6,5,6,5,5,8,5,8,5,5,5,6,8,8,7,5,6,5,5,5,6,8,6,6,6,6,7,7,7,10,9,8,8,6,8,6,8,10,9,7,9,6,6,8,13,5,5,5,5,5,5,5,5,5,5,5,5,5,5,5,5,5,5,5,5,5,5,5,5,5,5,5,5,5,5,5,5,5,5,5,5,5,5,5,5,5,5,5,5,5,5,5,5,5,5,5,5,5,5,5,5,5,5,5,5,5,5,5,5
68,677,679,664,675,664,661,659,652,689,680,678,683,670,664,658,649,700,688,677,677,672,672,667,663,708,697,691,694,683,676,677,669,701,710,704,695,684,688,677,678,704,704,712,704,685,690,696,686,716,711,723,707,696,694,683,697,730,705,706,717,709,717,694,684,6,4,5,5,4,5,5,5,6,5,6,5,5,4,5,4,7,6,5,5,4,5,5,5,7,6,6,6,5,4,7,5,9,6,5,6,6,6,5,5,7,6,7,5,7,5,7,8,9,9,6,6,5,6,7,7,8,9,5,8,6,7,6,12,5,5,5,5,5,5,5,5,5,5,5,5,5,5,5,5,5,5,5,5,5,5,5,5,5,5,5,5,5,5,5,5,5,5,5,5,5,5,5,5,5,5,5,5,5,5,5,5,5,5,5,5,5,5,5,5,5,5,5,5,5,5,5,5
69,673,686,670,666,663,672,660,647,692,687,672,675,669,673,669,653,687,691,688,684,674,664,666,673,701,690,696,693,678,681,670,679,686,702,699,703,688,680,686,691,706,718,706,699,697,690,679,678,720,732,696,681,709,704,700,687,698,736,721,714,682,704,691,697,5,6,5,5,5,5,5,5,7,5,6,7,5,6,4,4,6,7,5,7,5,5,6,6,9,5,6,6,6,5,5,6,7,6,5,7,6,6,7,8,5,6,6,8,9,7,8,7,10,10,8,8,7,5,7,9,10,10,6,9,6,7,7,13,5,5,5,5,5,5,5,5,5,5,5,5,5,5,5,5,5,5,5,5,5,5,5,5,5,5,5,5,5,5,5,5,5,5,5,5,5,5,5,5,5,5,5,5,5,5,5,5,5,5,5,5,5,5,5,5,5,5,5,5,5,5,5,5
70,671,671,675,664,656,658,655,646,681,688,680,667,677,659,664,650,688,681,687,685,686,679,675,659,700,691,694,686,691,677,671,652,709,708,700,692,700,695,685,669,708,701,704,696,686,685,686,694,734,714,717,722,711,706,705,690,722,729,720,707,702,697,701,691,5,7,5,6,5,5,5,5,6,7,5,5,5,4,6,4,7,6,6,6,4,5,4,4,5,5,6,5,5,5,6,5,6,6,5,6,7,6,6,6,7,6,7,6,6,5,6,5,8,9,7,6,6,7,8,8,8,12,6,9,7,6,7,11,5,5,5,5,5,5,5,5,5,5,5,5,5,5,5,5,5,5,5,5,5,5,5,5,5,5,5,5,5,5,5,5,5,5,5,5,5,5,5,5,5,5,5,5,5,5,5,5,5,5,5,5,5,5,5,5,5,5,5,5,5,5,5,5
71,698,681,679,668,671,662,663,662,684,684,683,666,670,668,663,654,690,701,672,685,674,670,674,665,714,697,689,693,685,670,663,675,701,696,701,684,697,692,680,677,711,702,700,696,681,694,686,671,730,710,723,705,703,694,699,692,709,715,724,710,714,704,708,697,8,7,5,5,5,6,5,5,7,7,5,5,5,5,6,5,9,7,5,7,4,5,4,5,6,7,7,6,6,5,5,7,7,6,6,6,7,5,5,7,6,6,5,5,6,6,7,6,7,9,7,8,7,7,8,10,9,11,8,11,7,9,8,13,5,5,5,5,5,5,5,5,5,5,5,5,5,5,5,5,5,5,5,5,5,5,5,5,5,5,5,5,5,5,5,5,5,5,5,5,5,5,5,5,5,5,5,5,5,5,5,5,5,5,5,5,5,5,5,5,5,5,5,5,5,5,5,5
72,695,677,677,668,666,655,652,655,693,687,688,665,672,665,663,659,676,695,686,683,684,672,665,668,698,698,703,682,679,677,674,677,699,700,704,692,692,699,684,679,713,711,711,681,684,683,682,681,707,723,725,705,717,698,701,688,749,720,715,730,715,690,703,687,5,6,5,6,5,5,4,6,6,6,5,5,5,4,5,5,7,8,6,7,5,5,6,5,8,5,5,4,5,5,5,6,7,5,5,5,6,5,5,5,6,6,6,6,6,6,6,7,7,9,8,7,6,7,6,8,9,11,7,8,7,6,8,13,5,5,5,5,5,5,5,5,5,5,5,5,5,5,5,5,5,5,5,5,5,5,5,5,5,5,5,5,5,5,5,5,5,5,5,5,5,5,5,5,5,5,5,5,5,5,5,5,5,5,5,5,5,5,5,5,5,5,5,5,5,5,5,5
73,686,684,672,667,667,666,657,654,689,676,676,667,673,668,665,659,685,692,677,682,675,675,677,674,707,707,697,701,684,673,680,669,698,701,693,681,688,676,684,674,735,708,711,700,698,696,685,683,739,715,707,713,702,697,686,693,740,719,721,707,712,705,710,700,8,5,7,6,4,5,5,7,6,5,6,5,6,5,7,5,8,9,6,6,4,5,5,5,8,6,7,5,5,4,7,6,7,6,5,6,7,6,5,6,7,7,6,6,8,7,5,6,9,8,6,5,6,7,6,8,7,9,7,10,9,5,7,13,5,5,5,5,5,5,5,5,5,5,5,5,5,5,5,5,5,5,5,5,5,5,5,5,5,5,5,5,5,5,5,5,5,5,5,5,5,5,5,5,5,5,5,5,5,5,5,5,5,5,5,5,5,5,5,5,5,5,5,5,5,5,5,5
74,683,687,659,666,657,656,666,646,693,681,683,679,671,663,661,651,688,705,687,679,675,664,666,670,702,689,689,691,677,679,679,675,700,715,694,692,684,685,685,680,709,711,692,709,699,687,674,692,704,705,719,705,694,688,694,689,745,709,717,690,696,705,689,676,8,4,5,6,4,5,5,5,6,5,5,4,5,4,5,4,7,8,7,5,5,5,6,6,6,5,5,5,5,5,6,6,8,6,7,5,6,5,5,5,7,8,6,6,5,6,6,6,6,9,8,7,5,6,5,8,9,13,6,6,6,6,9,10,5,5,5,5,5,5,5,5,5,5,5,5,5,5,5,5,5,5,5,5,5,5,5,5,5,5,5,5,5,5,5,5,5,5,5,5,5,5,5,5,5,5,5,5,5,5,5,5,5,5,5,5,5,5,5,5,5,5,5,5,5,5,5,5
75,686,674,675,669,661,669,661,658,687,692,676,674,664,673,661,658,690,688,691,681,679,672,663,672,694,700,681,690,687,685,669,663,708,706,699,703,696,688,682,696,718,703,700,706,702,692,677,671,716,714,726,702,708,718,687,682,738,721,728,703,709,709,698,683,6,7,5,5,5,5,6,6,6,6,5,6,5,5,5,4,6,7,5,7,5,5,5,6,7,6,6,6,6,6,5,7,8,6,5,5,6,6,6,9,6,7,6,6,7,7,7,6,10,9,8,9,6,6,7,8,9,14,7,11,7,7,9,12,5,5,5,5,5,5,5,5,5,5,5,5,5,5,5,5,5,5,5,5,5,5,5,5,5,5,5,5,5,5,5,5,5,5,5,5,5,5,5,5,5,5,5,5,5,5,5,5,5,5,5,5,5,5,5,5,5,5,5,5,5,5,5,5
76,679,686,663,667,670,661,658,650,689,682,674,663,671,663,658,655,706,687,687,675,678,670,661,667,690,704,692,685,682,685,679,674,716,697,693,695,685,689,679,683,716,713,697,706,715,690,670,690,727,714,714,704,696,695,699,690,724,733,726,698,691,702,698,706,7,5,5,4,5,6,5,5,7,5,5,4,5,5,5,5,6,6,6,5,4,5,5,5,6,6,5,5,5,5,7,7,7,6,5,7,6,6,6,6,5,6,6,6,6,6,6,7,6,10,8,6,7,6,5,8,7,10,6,9,6,5,7,10,5,5,5,5,5,5,5,5,5,5,5,5,5,5,5,5,5,5,5,5,5,5,5,5,5,5,5,5,5,5,5,5,5,5,5,5,5,5,5,5,5,5,5,5,5,5,5,5,5,5,5,5,5,5,5,5,5,5,5,5,5,5,5,5
77,667,683,680,669,660,663,669,647,686,684,678,673,672,661,667,661,694,687,678,677,687,682,665,684,703,701,702,684,680,671,687,658,700,700,699,681,688,684,677,676,711,699,698,693,690,698,694,671,719,722,713,697,697,694,706,710,725,726,725,720,699,706,686,681,6,6,6,5,5,5,5,6,8,6,5,5,5,5,4,5,6,7,5,6,5,5,6,6,8,6,9,5,6,5,7,7,7,6,5,5,6,6,6,6,6,7,6,7,7,5,6,7,7,8,7,7,8,6,6,8,10,8,6,10,7,9,7,13,5,5,5,5,5,5,5,5,5,5,5,5,5,5,5,5,5,5,5,5,5,5,5,5,5,5,5,5,5,5,5,5,5,5,5,5,5,5,5,5,5,5,5,5,5,5,5,5,5,5,5,5,5,5,5,5,5,5,5,5,5,5,5,5
78,685,674,672,672,655,658,668,656,699,680,669,668,675,672,654,659,692,703,696,680,670,675,672,658,707,699,690,689,687,679,670,672,708,710,705,686,684,689,686,673,712,698,723,699,692,688,696,681,707,704,705,696,705,701,692,685,713,734,725,715,702,699,704,705,7,4,5,4,5,5,6,6,7,6,5,4,6,5,5,4,9,7,5,6,4,5,4,5,5,5,5,5,5,5,5,7,7,7,5,5,5,6,5,5,6,5,7,6,6,5,5,6,7,7,8,6,7,6,7,7,7,10,7,8,7,6,8,11,5,5,5,5,5,5,5,5,5,5,5,5,5,5,5,5,5,5,5,5,5,5,5,5,5,5,5,5,5,5,5,5,5,5,5,5,5,5,5,5,5,5,5,5,5,5,5,5,5,5,5,5,5,5,5,5,5,5,5,5,5,5,5,5
79,676,678,674,669,662,655,650,662,689,680,679,672,671,673,657,661,698,692,698,680,677,670,677,668,703,695,688,685,670,683,665,669,706,689,701,690,697,688,689,682,713,726,703,697,688,695,681,691,726,712,714,717,711,703,691,707,759,725,710,709,717,680,712,686,7,5,5,5,5,5,5,5,7,6,6,6,6,6,5,5,10,7,6,6,5,6,5,5,10,7,6,5,5,5,5,6,8,5,7,7,7,5,6,7,6,7,7,5,7,6,8,7,7,8,7,7,8,6,5,11,12,11,6,8,6,8,7,15,5,5,5,5,5,5,5,5,5,5,5,5,5,5,5,5,5,5,5,5,5,5,5,5,5,5,5,5,5,5,5,5,5,5,5,5,5,5,5,5,5,5,5,5,5,5,5,5,5,5,5,5,5,5,5,5,5,5,5,5,5,5,5,5
80,683,680,679,663,664,654,657,656,699,673,671,681,660,671,668,661,693,680,680,688,686,677,673,669,693,692,686,687,684,680,672,674,705,701,696,686,701,681,682,671,730,709,691,703,696,692,688,690,728,711,691,709,701,705,673,684,724,732,723,717,687,701,702,676,6,5,6,5,5,5,6,6,6,5,5,4,5,4,5,4,8,6,5,5,5,6,4,5,7,5,6,4,5,5,6,5,8,6,5,6,7,5,5,6,6,7,7,5,8,8,6,7,6,8,9,7,6,6,7,7,12,9,6,8,6,6,7,10,5,5,5,5,5,5,5,5,5,5,5,5,5,5,5,5,5,5,5,5,5,5,5,5,5,5,5,5,5,5,5,5,5,5,5,5,5,5,5,5,5,5,5,5,5,5,5,5,5,5,5,5,5,5,5,5,5,5,5,5,5,5,5,5
81,692,676,684,673,663,664,664,652,682,687,673,678,673,661,667,657,676,690,689,687,677,661,686,666,689,693,688,684,685,680,669,661,704,700,693,692,691,696,686,677,720,712,710,700,702,686,685,686,737,707,711,700,697,708,707,690,726,723,725,698,705,705,693,711,7,7,5,5,5,5,5,6,6,6,6,6,6,5,5,5,7,7,5,6,5,5,6,6,8,6,6,5,6,6,6,8,11,6,6,6,6,6,6,5,7,5,6,7,7,5,7,7,8,8,7,6,6,6,7,8,9,9,6,10,8,8,6,10,5,5,5,5,5,5,5,5,5,5,5,5,5,5,5,5,5,5,5,5,5,5,5,5,5,5,5,5,5,5,5,5,5,5,5,5,5,5,5,5,5,5,5,5,5,5,5,5,5,5,5,5,5,5,5,5,5,5,5,5,5,5,5,5
82,679,671,672,671,664,661,663,652,689,690,669,680,668,660,658,657,678,689,696,677,675,679,659,673,696,692,697,683,680,677,659,674,712,693,695,689,678,681,680,675,724,712,706,699,699,701,696,668,714,701,701,705,708,692,703,699,727,708,726,705,701,715,708,702,5,6,5,5,4,5,4,6,6,4,5,5,5,4,5,5,7,7,6,5,5,6,5,5,6,5,6,5,5,5,5,6,8,5,6,6,6,5,6,5,7,6,5,6,6,5,6,5,8,7,8,7,7,5,6,8,8,13,7,8,7,7,8,13,5,5,5,5,5,5,5,5,5,5,5,5,5,5,5,5,5,5,5,5,5,5,5,5,5,5,5,5,5,5,5,5,5,5,5,5,5,5,5,5,5,5,5,5,5,5,5,5,5,5,5,5,5,5,5,5,5,5,5,5,5,5,5,5
83,670,673,683,658,656,663,658,661,692,696,678,677,678,673,660,662,684,675,677,683,684,668,674,666,698,704,691,689,685,678,671,670,706,711,697,689,696,692,675,676,699,707,701,694,684,692,702,679,723,711,718,695,692,711,692,683,739,712,709,710,711,719,693,689,7,5,6,6,5,5,5,6,5,7,5,4,5,5,6,5,8,8,5,6,5,5,5,6,7,6,7,5,5,6,5,7,9,6,6,5,6,7,6,6,7,7,6,6,7,5,7,7,8,10,9,7,7,7,6,9,8,11,7,7,7,7,9,12,5,5,5,5,5,5,5,5,5,5,5,5,5,5,5,5,5,5,5,5,5,5,5,5,5,5,5,5,5,5,5,5,5,5,5,5,5,5,5,5,5,5,5,5,5,5,5,5,5,5,5,5,5,5,5,5,5,5,5,5,5,5,5,5
84,688,683,665,669,659,661,659,652,688,685,690,674,679,670,664,662,695,693,690,677,679,668,674,666,713,690,687,684,689,679,669,686,713,705,693,703,690,684,677,673,709,708,709,694,695,686,692,698,714,713,714,704,709,700,689,699,726,733,730,702,710,696,690,690,7,5,5,4,5,5,5,6,6,5,4,4,5,5,5,4,7,7,5,5,5,6,4,5,6,5,6,5,5,5,5,7,8,5,5,5,6,6,4,5,6,8,6,6,6,6,7,5,9,8,8,7,6,6,6,8,10,8,8,9,7,6,7,12,5,5,5,5,5,5,5,5,5,5,5,5,5,5,5,5,5,5,5,5,5,5,5,5,5,5,5,5,5,5,5,5,5,5,5,5,5,5,5,5,5,5,5,5,5,5,5,5,5,5,5,5,5,5,5,5,5,5,5,5,5,5,5,5
85,685,673,671,658,671,665,660,647,691,688,674,671,666,666,670,665,698,681,680,680,682,675,676,677,700,687,689,687,675,673,670,680,712,702,693,702,702,681,677,676,725,702,711,696,698,676,700,693,734,702,705,697,699,700,686,689,720,733,707,696,713,706,688,699,7,6,5,6,5,4,5,6,6,6,5,5,5,5,5,5,7,8,6,6,5,5,5,6,6,5,6,5,5,5,6,6,9,5,5,5,5,6,5,5,8,6,7,5,6,6,7,8,7,9,7,7,7,6,7,7,8,11,7,9,8,6,6,10,5,5,5,5,5,5,5,5,5,5,5,5,5,5,5,5,5,5,5,5,5,5,5,5,5,5,5,5,5,5,5,5,5,5,5,5,5,5,5,5,5,5,5,5,5,5,5,5,5,5,5,5,5,5,5,5,5,5,5,5,5,5,5,5
86,676,685,676,664,655,652,654,656,687,688,674,675,665,679,667,652,702,690,697,679,679,677,672,660,697,699,682,686,682,684,677,667,687,693,699,695,683,680,688,671,696,699,696,699,698,697,687,686,724,715,713,695,702,703,701,703,728,715,717,712,724,703,704,703,5,5,5,6,4,5,4,6,6,6,5,5,5,4,5,6,8,8,5,5,4,4,6,5,7,5,6,5,5,6,7,7,6,5,6,7,5,5,6,5,6,6,5,7,7,6,6,6,6,8,6,7,5,6,8,9,9,8,7,7,6,6,7,9,5,5,5,5,5,5,5,5,5,5,5,5,5,5,5,5,5,5,5,5,5,5,5,5,5,5,5,5,5,5,5,5,5,5,5,5,5,5,5,5,5,5,5,5,5,5,5,5,5,5,5,5,5,5,5,5,5,5,5,5,5,5,5,5
87,682,676,676,673,664,662,656,660,696,683,680,669,675,663,662,657,699,701,687,683,675,665,669,679,678,707,688,683,689,676,675,668,718,694,706,697,688,694,678,677,700,717,708,709,694,682,687,691,710,707,689,699,696,696,714,694,735,734,718,704,698,698,705,688,7,5,5,5,5,5,5,6,6,5,6,5,5,4,4,5,7,7,6,5,5,5,5,7,7,7,8,5,6,4,6,6,7,6,5,7,6,6,6,6,7,7,7,6,8,6,7,8,9,10,7,7,6,6,6,7,7,11,7,10,6,7,7,12,5,5,5,5,5,5,5,5,5,5,5,5,5,5,5,5,5,5,5,5,5,5,5,5,5,5,5,5,5,5,5,5,5,5,5,5,5,5,5,5,5,5,5,5,5,5,5,5,5,5,5,5,5,5,5,5,5,5,5,5,5,5,5,5
88,672,685,678,672,664,652,655,653,688,687,684,670,666,666,659,662,695,688,692,678,676,670,675,661,693,696,689,683,680,674,664,666,705,707,697,693,696,691,690,678,715,704,712,711,699,698,696,695,737,720,702,713,703,700,688,692,717,719,722,720,700,697,703,702,5,6,5,5,4,5,5,5,6,6,7,5,5,5,4,4,6,6,5,7,4,5,4,5,8,6,6,5,5,5,5,6,8,6,5,7,7,6,5,5,7,7,7,6,8,5,6,6,7,8,7,9,6,7,5,7,10,11,7,10,7,7,6,13,5,5,5,5,5,5,5,5,5,5,5,5,5,5,5,5,5,5,5,5,5,5,5,5,5,5,5,5,5,5,5,5,5,5,5,5,5,5,5,5,5,5,5,5,5,5,5,5,5,5,5,5,5,5,5,5,5,5,5,5,5,5,5,5
89,671,678,676,672,653,666,659,660,680,684,678,678,678,667,659,666,687,682,682,691,671,674,672,676,696,696,690,686,688,664,669,669,690,697,697,702,687,681,683,681,716,711,707,697,698,679,681,692,711,714,711,693,723,695,692,694,712,714,735,705,716,705,699,681,6,7,5,6,5,6,6,6,6,6,5,5,7,5,4,5,8,7,5,6,4,5,5,6,8,5,6,5,6,6,6,7,7,6,6,5,5,6,5,7,7,8,7,6,8,7,6,6,10,10,6,7,8,7,9,8,13,13,6,8,6,6,8,13,5,5,5,5,5,5,5,5,5,5,5,5,5,5,5,5,5,5,5,5,5,5,5,5,5,5,5,5,5,5,5,5,5,5,5,5,5,5,5,5,5,5,5,5,5,5,5,5,5,5,5,5,5,5,5,5,5,5,5,5,5,5,5,5
90,669,677,673,675,662,653,653,656,684,693,688,674,674,659,675,649,699,689,680,687,679,665,670,677,689,687,690,684,684,669,672,677,694,714,700,682,697,678,682,688,707,720,684,701,691,693,690,678,723,716,710,708,698,690,691,697,733,718,717,734,711,704,698,719,6,6,6,5,5,5,5,5,7,4,4,6,5,4,5,5,6,7,5,5,5,4,4,5,7,5,7,4,5,4,6,6,8,5,5,6,6,6,5,6,5,6,6,6,8,5,7,6,7,7,9,6,5,5,8,9,9,10,7,9,6,7,6,12,5,5,5,5,5,5,5,5,5,5,5,5,5,5,5,5,5,5,5,5,5,5,5,5,5,5,5,5,5,5,5,5,5,5,5,5,5,5,5,5,5,5,5,5,5,5,5,5,5,5,5,5,5,5,5,5,5,5,5,5,5,5,5,5
91,682,679,681,681,654,668,655,663,690,683,678,666,673,664,673,654,706,700,680,679,671,677,663,661,698,696,692,684,684,672,675,663,706,697,697,699,690,693,683,675,714,707,708,702,707,695,696,682,730,729,716,699,704,703,706,688,710,698,711,725,714,689,712,692,7,5,7,5,5,6,5,7,6,6,6,5,5,5,5,5,8,9,6,6,5,5,5,5,7,5,7,5,5,5,6,7,8,6,5,8,6,6,4,7,6,7,6,6,8,6,7,6,7,8,8,7,8,7,6,7,9,10,6,10,7,6,7,16,5,5,5,5,5,5,5,5,5,5,5,5,5,5,5,5,5,5,5,5,5,5,5,5,5,5,5,5,5,5,5,5,5,5,5,5,5,5,5,5,5,5,5,5,5,5,5,5,5,5,5,5,5,5,5,5,5,5,5,5,5,5,5,5
92,684,677,668,667,671,666,659,658,676,681,673,690,669,664,661,663,687,695,682,691,685,668,665,668,709,695,692,684,689,681,685,671,711,707,708,699,689,678,683,671,707,701,701,692,699,690,683,687,718,710,717,688,699,702,691,696,740,721,732,713,712,701,702,694,6,6,5,5,5,4,5,5,6,5,4,5,5,5,6,5,7,7,6,5,5,5,5,5,6,5,6,5,5,5,5,5,7,6,5,5,6,4,4,5,7,7,7,6,5,6,6,6,8,7,6,7,5,7,7,8,7,9,9,10,6,8,9,11,5,5,5,5,5,5,5,5,5,5,5,5,5,5,5,5,5,5,5,5,5,5,5,5,5,5,5,5,5,5,5,5,5,5,5,5,5,5,5,5,5,5,5,5,5,5,5,5,5,5,5,5,5,5,5,5,5,5,5,5,5,5,5,5
93,684,679,672,665,665,659,656,658,699,676,674,672,673,667,664,666,692,691,689,695,680,673,662,673,704,695,693,696,678,684,686,676,688,699,687,694,689,683,693,686,717,712,708,703,698,690,694,684,716,715,709,706,702,693,718,685,725,720,717,712,716,709,708,718,7,5,5,5,5,5,5,7,8,5,5,5,6,5,6,5,9,6,6,6,5,5,6,7,5,6,8,6,5,6,6,6,8,5,5,6,6,5,5,6,6,8,6,8,6,7,7,6,7,8,9,9,6,7,8,9,9,10,6,10,6,7,7,16,5,5,5,5,5,5,5,5,5,5,5,5,5,5,5,5,5,5,5,5,5,5,5,5,5,5,5,5,5,5,5,5,5,5,5,5,5,5,5,5,5,5,5,5,5,5,5,5,5,5,5,5,5,5,5,5,5,5,5,5,5,5,5,5
94,681,676,676,678,658,662,656,664,705,681,673,673,671,674,660,660,703,681,680,688,681,679,675,675,696,690,688,687,687,681,674,676,704,711,693,697,700,686,681,674,715,719,696,706,706,693,689,698,715,711,719,700,697,697,684,695,704,718,717,702,714,714,708,706,7,4,5,5,5,5,4,5,7,5,5,5,5,4,6,5,7,6,6,5,4,4,5,6,6,7,6,5,5,5,6,6,6,6,5,5,4,6,4,5,7,8,7,7,5,4,5,8,6,7,9,7,7,8,6,6,8,8,7,9,7,8,7,12,5,5,5,5,5,5,5,5,5,5,5,5,5,5,5,5,5,5,5,5,5,5,5,5,5,5,5,5,5,5,5,5,5,5,5,5,5,5,5,5,5,5,5,5,5,5,5,5,5,5,5,5,5,5,5,5,5,5,5,5,5,5,5,5
95,677,681,668,660,666,650,659,651,693,674,675,673,672,667,663,655,687,676,679,681,673,679,669,669,710,709,687,684,685,670,688,671,721,702,705,699,699,686,677,675,713,719,702,705,710,696,681,687,728,711,723,716,702,694,691,690,705,725,718,694,693,688,694,677,6,5,5,6,5,5,5,6,6,5,4,6,6,5,5,4,8,8,7,6,4,5,5,7,7,7,7,5,6,5,5,5,6,5,6,6,5,6,6,5,6,9,5,7,6,6,7,6,10,7,7,8,7,7,7,8,11,12,7,9,7,7,6,10,5,5,5,5,5,5,5,5,5,5,5,5,5,5,5,5,5,5,5,5,5,5,5,5,5,5,5,5,5,5,5,5,5,5,5,5,5,5,5,5,5,5,5,5,5,5,5,5,5,5,5,5,5,5,5,5,5,5,5,5,5,5,5,5
96,683,684,675,678,659,669,656,654,699,678,683,674,672,667,665,655,688,675,676,685,675,678,671,674,695,698,682,692,688,673,678,667,713,702,697,691,695,687,675,679,705,715,707,702,696,693,686,682,728,707,717,694,709,703,706,704,715,715,713,732,731,709,714,678,8,5,5,5,5,5,5,6,6,5,4,5,6,5,4,5,8,6,5,5,4,5,5,5,8,5,5,5,5,4,6,5,7,6,6,6,6,5,5,6,7,7,6,6,8,6,5,6,7,10,6,6,7,7,6,10,10,8,6,11,7,6,7,13,5,5,5,5,5,5,5,5,5,5,5,5,5,5,5,5,5,5,5,5,5,5,5,5,5,5,5,5,5,5,5,5,5,5,5,5,5,5,5,5,5,5,5,5,5,5,5,5,5,5,5,5,5,5,5,5,5,5,5,5,5,5,5,5
97,682,689,674,661,656,662,655,647,685,680,679,669,669,667,664,659,686,680,686,677,685,669,669,673,697,702,704,677,688,689,669,666,704,707,710,689,685,687,685,679,715,705,697,699,707,700,677,688,720,719,708,690,710,693,687,702,729,720,704,718,712,710,706,698,8,7,6,5,5,4,5,5,6,5,6,6,6,5,4,5,7,6,6,6,5,6,5,6,7,7,5,5,5,6,6,5,9,6,5,6,6,6,6,5,7,6,6,8,7,6,6,7,7,9,9,8,7,6,8,11,8,10,6,9,8,6,7,11,5,5,5,5,5,5,5,5,5,5,5,5,5,5,5,5,5,5,5,5,5,5,5,5,5,5,5,5,5,5,5,5,5,5,5,5,5,5,5,5,5,5,5,5,5,5,5,5,5,5,5,5,5,5,5,5,5,5,5,5,5,5,5,5
98,674,688,664,675,665,655,657,640,678,687,677,677,670,668,664,657,708,686,694,676,679,676,680,658,698,683,699,691,682,675,676,671,716,693,698,695,690,681,687,681,717,704,718,698,706,690,682,682,719,709,705,693,690,696,695,678,732,710,713,708,706,703,717,686,6,5,5,5,4,6,5,5,6,6,5,4,4,5,6,5,7,6,6,6,4,5,5,5,6,5,7,6,5,4,5,5,9,5,6,6,6,5,5,6,6,7,6,6,6,6,8,8,9,9,8,7,6,6,7,9,12,10,6,8,8,7,10,12,5,5,5,5,5,5,5,5,5,5,5,5,5,5,5,5,5,5,5,5,5,5,5,5,5,5,5,5,5,5,5,5,5,5,5,5,5,5,5,5,5,5,5,5,5,5,5,5,5,5,5,5,5,5,5,5,5,5,5,5,5,5,5,5
99,685,693,677,674,661,666,665,657,687,696,670,670,667,665,666,662,696,701,677,682,687,668,659,670,700,703,686,681,692,690,686,668,698,706,702,694,700,680,680,688,699,705,704,696,696,706,694,696,733,722,719,711,700,706,701,696,711,750,716,705,701,711,703,698,8,6,5,6,5,5,6,7,8,6,6,5,5,5,5,5,8,8,5,7,5,5,5,6,8,5,6,5,5,6,7,7,8,6,5,7,5,6,5,7,7,6,6,9,7,6,6,8,7,8,7,7,7,5,7,10,7,13,7,10,7,7,6,14,5,5,5,5,5,5,5,5,5,5,5,5,5,5,5,5,5,5,5,5,5,5,5,5,5,5,5,5,5,5,5,5,5,5,5,5,5,5,5,5,5,5,5,5,5,5,5,5,5,5,5,5,5,5,5,5,5,5,5,5,5,5,5,5
100,677,674,676,673,657,654,661,648,682,678,678,674,671,670,671,654,696,698,676,677,681,676,662,668,702,695,696,692,684,677,677,670,696,700,700,689,692,679,689,681,715,706,695,717,698,682,692,689,737,706,718,706,702,702,696,695,732,725,710,715,707,706,694,708,7,6,5,4,5,5,4,6,6,5,6,4,5,5,5,5,7,7,6,6,4,5,5,5,9,6,6,5,6,4,5,6,7,5,4,6,6,6,4,6,6,6,5,6,6,5,6,6,8,8,7,7,5,7,5,8,8,9,6,7,6,7,8,9,5,5,5,5,5,5,5,5,5,5,5,5,5,5,5,5,5,5,5,5,5,5,5,5,5,5,5,5,5,5,5,5,5,5,5,5,5,5,5,5,5,5,5,5,5,5,5,5,5,5,5,5,5,5,5,5,5,5,5,5,5,5,5,5
101,682,671,686,678,657,659,663,654,705,676,682,667,662,653,659,656,700,698,684,675,681,677,673,667,715,701,677,690,691,675,682,674,715,694,697,689,698,682,692,677,714,707,705,703,718,692,683,679,725,713,724,712,700,693,712,709,705,714,718,721,697,703,704,707,6,6,6,5,5,5,5,7,8,6,5,5,5,5,5,5,8,7,6,6,5,5,6,6,7,7,5,5,5,5,6,5,8,6,5,6,7,5,7,7,6,7,6,6,6,5,6,8,8,10,6,6,6,6,8,10,13,14,7,10,7,6,8,9,5,5,5,5,5,5,5,5,5,5,5,5,5,5,5,5,5,5,5,5,5,5,5,5,5,5,5,5,5,5,5,5,5,5,5,5,5,5,5,5,5,5,5,5,5,5,5,5,5,5,5,5,5,5,5,5,5,5,5,5,5,5,5,5
102,673,671,675,666,656,662,651,655,689,695,677,673,657,664,662,669,689,694,686,693,674,672,666,675,691,690,691,686,685,674,672,672,704,698,700,700,695,684,681,677,707,695,697,708,688,681,689,679,728,720,714,717,702,691,699,702,732,727,722,735,710,706,690,711,6,6,5,6,5,5,5,6,5,6,4,6,4,4,4,5,9,7,5,8,5,5,5,5,6,5,7,6,5,5,5,5,7,5,6,5,6,6,5,6,9,5,6,7,6,5,7,6,7,9,6,6,7,6,6,8,13,11,7,10,6,5,6,10,5,5,5,5,5,5,5,5,5,5,5,5,5,5,5,5,5,5,5,5,5,5,5,5,5,5,5,5,5,5,5,5,5,5,5,5,5,5,5,5,5,5,5,5,5,5,5,5,5,5,5,5,5,5,5,5,5,5,5,5,5,5,5,5
103,676,668,680,662,665,666,654,648,693,678,680,689,670,664,666,665,699,692,694,690,676,670,664,659,684,706,700,689,691,671,665,676,713,696,693,698,693,682,677,678,715,706,706,716,689,692,682,691,729,719,724,708,697,683,690,686,724,727,721,726,704,697,688,710,5,6,7,5,4,4,4,6,6,6,6,5,5,5,5,5,8,8,5,7,5,5,6,5,8,6,5,5,5,5,6,8,9,6,6,5,6,6,7,6,7,7,6,7,7,7,6,5,8,10,7,7,8,5,6,6,11,12,7,8,8,7,7,12,5,5,5,5,5,5,5,5,5,5,5,5,5,5,5,5,5,5,5,5,5,5,5,5,5,5,5,5,5,5,5,5,5,5,5,5,5,5,5,5,5,5,5,5,5,5,5,5,5,5,5,5,5,5,5,5,5,5,5,5,5,5,5,5
104,680,685,679,670,657,655,647,649,696,670,681,668,681,656,655,657,705,680,682,683,671,671,681,659,709,690,690,679,696,688,672,671,715,707,697,693,705,683,672,668,716,705,712,706,691,699,695,688,719,708,701,712,688,708,683,678,723,741,722,707,719,707,699,707,6,6,5,5,5,5,5,6,6,5,4,5,5,5,6,5,7,6,6,6,4,5,5,5,6,5,6,5,6,5,5,6,6,6,5,6,7,5,6,6,6,7,6,6,8,6,6,7,8,8,7,8,7,7,6,9,9,11,6,7,6,6,5,9,5,5,5,5,5,5,5,5,5,5,5,5,5,5,5,5,5,5,5,5,5,5,5,5,5,5,5,5,5,5,5,5,5,5,5,5,5,5,5,5,5,5,5,5,5,5,5,5,5,5,5,5,5,5,5,5,5,5,5,5,5,5,5,5
105,680,677,676,668,665,653,657,652,692,690,682,670,672,669,666,652,692,690,678,683,688,678,670,681,690,696,701,694,675,678,688,686,700,703,707,689,690,694,684,679,717,718,713,709,688,694,688,686,722,708,709,701,707,698,702,689,728,724,717,697,702,700,693,693,7,7,6,6,4,5,5,6,6,6,4,6,6,5,5,5,8,7,7,6,5,6,6,6,8,6,8,6,5,5,8,7,6,5,6,6,6,6,6,7,7,8,7,7,8,6,8,7,6,8,6,8,6,8,8,11,10,11,6,8,9,6,5,15,5,5,5,5,5,5,5,5,5,5,5,5,5,5,5,5,5,5,5,5,5,5,5,5,5,5,5,5,5,5,5,5,5,5,5,5,5,5,5,5,5,5,5,5,5,5,5,5,5,5,5,5,5,5,5,5,5,5,5,5,5,5,5,5
106,679,686,660,660,661,670,655,650,685,678,683,679,667,661,661,655,687,693,687,677,680,672,666,662,709,700,695,677,682,681,680,674,682,705,687,692,684,682,691,684,712,705,701,706,685,698,676,684,724,737,714,712,703,702,683,685,718,709,727,699,709,700,712,720,7,6,5,5,5,5,5,6,6,5,5,5,5,4,6,5,7,6,6,5,4,6,5,5,8,6,7,4,5,5,4,6,8,5,5,6,5,5,5,6,6,7,5,9,6,5,7,6,7,7,6,8,7,6,7,7,8,11,8,9,8,8,7,12,5,5,5,5,5,5,5,5,5,5,5,5,5,5,5,5,5,5,5,5,5,5,5,5,5,5,5,5,5,5,5,5,5,5,5,5,5,5,5,5,5,5,5,5,5,5,5,5,5,5,5,5,5,5,5,5,5,5,5,5,5,5,5,5
107,686,678,668,665,663,660,657,656,699,690,684,676,666,658,664,666,695,703,680,691,683,682,670,670,703,691,692,689,698,673,675,680,710,707,711,681,705,688,687,680,728,702,704,691,691,695,692,683,728,716,702,713,703,704,692,703,716,716,718,715,712,713,717,707,6,5,6,5,5,6,5,6,7,6,5,6,5,4,4,5,10,9,6,7,5,6,5,6,6,6,7,5,6,5,6,9,7,6,6,6,7,6,5,6,9,6,5,7,6,5,6,7,12,9,8,7,7,8,8,8,10,11,9,10,8,7,8,12,5,5,5,5,5,5,5,5,5,5,5,5,5,5,5,5,5,5,5,5,5,5,5,5,5,5,5,5,5,5,5,5,5,5,5,5,5,5,5,5,5,5,5,5,5,5,5,5,5,5,5,5,5,5,5,5,5,5,5,5,5,5,5,5
108,691,680,670,670,669,661,658,647,689,680,684,683,682,666,660,666,688,695,692,684,677,661,665,659,697,693,690,681,686,678,678,664,720,704,700,700,687,689,689,684,704,709,699,701,701,690,683,698,729,727,707,707,701,693,693,698,722,733,709,704,714,714,710,699,7,6,6,5,4,5,5,5,5,4,5,6,5,5,5,5,7,6,5,6,5,5,5,5,6,6,6,4,5,5,6,6,7,6,5,6,5,7,6,7,8,7,5,6,6,7,7,8,7,10,6,7,7,5,7,8,8,15,6,9,6,7,7,14,5,5,5,5,5,5,5,5,5,5,5,5,5,5,5,5,5,5,5,5,5,5,5,5,5,5,5,5,5,5,5,5,5,5,5,5,5,5,5,5,5,5,5,5,5,5,5,5,5,5,5,5,5,5,5,5,5,5,5,5,5,5,5,5
109,678,674,668,658,656,655,670,665,691,694,685,671,677,671,662,666,699,689,676,690,673,667,673,672,675,691,688,696,685,676,671,675,710,711,682,696,684,674,688,677,706,706,705,706,694,699,697,680,716,713,712,702,710,703,690,693,744,717,723,700,715,695,703,718,6,5,5,6,5,6,6,7,6,7,5,5,6,4,6,5,7,7,7,6,5,5,5,6,6,5,7,7,5,5,6,7,7,7,5,5,6,5,5,5,6,6,8,7,8,7,6,6,8,9,6,8,8,8,7,8,9,14,7,12,7,7,7,13,5,5,5,5,5,5,5,5,5,5,5,5,5,5,5,5,5,5,5,5,5,5,5,5,5,5,5,5,5,5,5,5,5,5,5,5,5,5,5,5,5,5,5,5,5,5,5,5,5,5,5,5,5,5,5,5,5,5,5,5,5,5,5,5
110,683,675,682,676,665,662,661,656,691,681,671,667,661,673,661,659,697,686,690,681,673,661,662,659,703,677,691,686,681,673,671,677,707,704,697,687,690,687,691,671,712,707,699,697,706,692,692,682,727,711,704,710,701,689,704,700,721,713,717,697,706,714,706,692,6,5,5,6,4,5,4,5,6,5,6,5,5,5,5,4,5,7,5,6,4,4,5,4,7,5,5,5,5,4,5,5,7,5,6,6,6,6,5,5,6,6,6,6,5,5,8,6,8,7,7,7,7,5,7,8,7,12,6,8,8,7,8,10,5,5,5,5,5,5,5,5,5,5,5,5,5,5,5,5,5,5,5,5,5,5,5,5,5,5,5,5,5,5,5,5,5,5,5,5,5,5,5,5,5,5,5,5,5,5,5,5,5,5,5,5,5,5,5,5,5,5,5,5,5,5,5,5
111,685,678,672,661,661,655,659,663,688,687,680,669,665,661,651,653,699,693,673,680,679,664,667,668,713,696,690,686,681,683,675,667,705,708,695,691,696,681,686,677,715,704,702,704,702,698,682,683,726,706,707,711,702,698,679,676,725,731,720,712,715,703,715,706,7,7,5,5,5,6,4,4,7,7,5,5,5,4,5,5,8,8,6,6,5,5,5,5,7,6,8,5,5,5,6,6,8,6,6,6,6,5,5,6,7,6,5,6,6,6,8,6,8,8,8,8,7,6,7,8,10,14,7,10,7,7,11,11,5,5,5,5,5,5,5,5,5,5,5,5,5,5,5,5,5,5,5,5,5,5,5,5,5,5,5,5,5,5,5,5,5,5,5,5,5,5,5,5,5,5,5,5,5,5,5,5,5,5,5,5,5,5,5,5,5,5,5,5,5,5,5,5
112,678,673,672,668,663,662,660,660,694,670,669,673,673,673,664,663,699,691,682,685,682,674,666,662,688,689,697,685,685,675,676,672,715,707,703,694,688,692,685,676,710,699,712,694,706,682,681,684,720,703,701,701,702,686,695,688,727,712,716,730,700,694,700,693,6,6,5,5,5,5,5,5,7,5,5,5,5,4,4,5,10,6,5,6,4,5,6,4,7,5,7,5,5,5,6,6,8,7,5,5,6,5,5,6,7,6,6,6,6,6,5,6,8,7,7,6,5,5,7,7,10,11,5,9,7,7,7,14,5,5,5,5,5,5,5,5,5,5,5,5,5,5,5,5,5,5,5,5,5,5,5,5,5,5,5,5,5,5,5,5,5,5,5,5,5,5,5,5,5,5,5,5,5,5,5,5,5,5,5,5,5,5,5,5,5,5,5,5,5,5,5,5
113,678,677,672,671,662,659,656,661,705,687,682,685,677,664,659,657,694,703,685,690,676,666,675,664,715,703,691,685,687,674,670,670,716,704,703,693,695,684,684,680,710,699,707,690,693,678,689,683,721,722,708,708,702,711,699,676,739,722,711,725,685,694,708,690,6,5,5,6,5,6,6,6,7,5,5,5,5,5,6,5,8,8,6,6,4,6,7,5,7,6,7,6,5,5,6,6,7,6,5,6,5,5,5,6,7,6,6,7,8,5,6,7,10,10,7,8,7,6,7,7,10,9,7,8,7,7,7,13,5,5,5,5,5,5,5,5,5,5,5,5,5,5,5,5,5,5,5,5,5,5,5,5,5,5,5,5,5,5,5,5,5,5,5,5,5,5,5,5,5,5,5,5,5,5,5,5,5,5,5,5,5,5,5,5,5,5,5,5,5,5,5,5
114,682,670,672,654,655,656,655,650,688,686,666,670,669,658,659,650,699,692,686,685,671,673,667,656,684,705,685,696,681,683,671,678,721,701,698,692,687,683,690,678,719,708,703,702,704,688,682,685,725,715,701,711,700,694,706,677,719,703,722,737,704,703,719,700,7,6,4,5,4,6,6,5,8,6,5,5,5,5,5,4,6,8,5,6,4,5,5,5,7,6,6,5,4,5,6,7,7,5,6,7,5,5,5,6,6,6,7,6,5,5,6,7,8,7,6,8,6,6,7,8,10,12,6,12,7,8,9,18,5,5,5,5,5,5,5,5,5,5,5,5,5,5,5,5,5,5,5,5,5,5,5,5,5,5,5,5,5,5,5,5,5,5,5,5,5,5,5,5,5,5,5,5,5,5,5,5,5,5,5,5,5,5,5,5,5,5,5,5,5,5,5,5
115,670,685,674,668,660,671,657,664,686,680,673,668,668,662,654,657,696,708,682,678,671,670,673,669,681,692,704,680,678,688,665,662,716,689,695,691,707,689,674,672,708,712,706,700,704,695,699,683,706,724,717,714,707,690,700,686,725,735,706,712,708,701,695,692,6,7,5,5,5,4,5,5,6,5,6,5,5,5,5,5,8,6,6,7,6,5,4,6,6,6,6,5,5,7,5,7,9,5,6,7,5,6,5,5,7,7,8,6,8,6,7,6,7,8,7,7,8,7,9,10,9,9,6,10,10,8,6,10,5,5,5,5,5,5,5,5,5,5,5,5,5,5,5,5,5,5,5,5,5,5,5,5,5,5,5,5,5,5,5,5,5,5,5,5,5,5,5,5,5,5,5,5,5,5,5,5,5,5,5,5,5,5,5,5,5,5,5,5,5,5,5,5
116,678,674,683,662,664,652,659,661,682,682,687,674,670,665,672,661,693,692,683,683,675,678,669,672,690,693,692,692,683,668,683,672,719,708,692,692,698,680,685,688,716,701,688,696,694,683,694,695,728,717,713,702,701,694,695,692,723,736,717,717,702,698,713,690,7,5,5,5,5,5,4,6,7,6,5,6,5,5,5,5,6,7,6,7,5,5,5,5,7,6,6,5,5,4,6,6,8,6,5,5,7,5,6,7,6,6,5,7,6,6,6,6,8,8,6,7,5,6,6,9,8,12,6,7,7,7,8,13,5,5,5,5,5,5,5,5,5,5,5,5,5,5,5,5,5,5,5,5,5,5,5,5,5,5,5,5,5,5,5,5,5,5,5,5,5,5,5,5,5,5,5,5,5,5,5,5,5,5,5,5,5,5,5,5,5,5,5,5,5,5,5,5
117,691,668,675,674,662,665,656,660,683,667,683,659,677,669,661,668,689,687,688,674,684,663,674,677,693,696,695,680,693,682,683,665,708,707,690,693,696,685,677,675,714,718,703,705,685,692,703,687,721,729,711,700,703,691,686,705,715,718,719,718,709,700,688,703,9,5,5,6,6,5,5,5,6,5,5,5,6,5,5,6,8,6,5,6,6,5,4,6,7,5,7,5,6,6,6,7,7,6,6,7,6,6,6,6,6,8,5,6,6,6,7,7,8,11,10,6,6,7,6,8,8,11,6,9,7,9,9,17,5,5,5,5,5,5,5,5,5,5,5,5,5,5,5,5,5,5,5,5,5,5,5,5,5,5,5,5,5,5,5,5,5,5,5,5,5,5,5,5,5,5,5,5,5,5,5,5,5,5,5,5,5,5,5,5,5,5,5,5,5,5,5,5
118,682,677,680,670,668,658,662,661,682,687,677,676,670,664,668,654,682,691,684,671,674,682,657,672,700,703,700,688,682,679,674,679,717,699,698,697,695,683,675,688,714,717,693,705,691,695,689,678,725,708,715,709,710,693,683,698,719,734,721,712,710,691,703,713,7,7,5,5,4,6,4,6,5,6,5,5,4,5,4,5,8,7,6,5,5,4,5,5,7,6,6,5,5,5,6,5,8,5,5,6,7,7,6,6,8,7,6,6,6,6,6,7,7,6,7,6,7,7,6,7,9,13,7,8,9,6,8,13,5,5,5,5,5,5,5,5,5,5,5,5,5,5,5,5,5,5,5,5,5,5,5,5,5,5,5,5,5,5,5,5,5,5,5,5,5,5,5,5,5,5,5,5,5,5,5,5,5,5,5,5,5,5,5,5,5,5,5,5,5,5,5,5
119,675,670,667,662,662,661,661,656,681,687,673,671,678,673,659,659,710,685,686,683,682,675,675,655,709,700,690,695,687,680,674,674,687,697,693,692,684,691,675,679,715,705,701,710,696,699,694,685,698,714,716,708,700,693,688,671,717,724,721,719,702,706,697,685,8,6,5,5,5,5,5,5,5,6,6,5,5,5,5,5,9,7,4,6,5,6,5,5,11,5,6,6,5,5,5,7,7,5,5,6,6,5,6,6,8,7,6,7,8,6,6,9,7,9,6,7,6,6,7,9,10,10,8,10,8,6,9,15,5,5,5,5,5,5,5,5,5,5,5,5,5,5,5,5,5,5,5,5,5,5,5,5,5,5,5,5,5,5,5,5,5,5,5,5,5,5,5,5,5,5,5,5,5,5,5,5,5,5,5,5,5,5,5,5,5,5,5,5,5,5,5,5
120,675,663,664,670,661,654,652,649,691,683,668,678,672,669,675,658,695,673,685,690,678,672,666,668,705,688,699,690,674,669,690,668,695,713,704,690,691,691,680,666,716,714,702,703,683,690,689,682,741,697,713,702,711,700,696,689,725,732,699,721,713,703,703,715,6,5,5,4,5,5,5,5,6,5,4,5,5,5,5,4,8,8,6,4,5,5,5,5,7,5,5,5,6,5,5,7,7,6,5,5,7,6,7,5,8,8,6,6,6,4,6,7,9,8,8,6,6,5,6,6,12,8,7,9,8,7,7,13,5,5,5,5,5,5,5,5,5,5,5,5,5,5,5,5,5,5,5,5,5,5,5,5,5,5,5,5,5,5,5,5,5,5,5,5,5,5,5,5,5,5,5,5,5,5,5,5,5,5,5,5,5,5,5,5,5,5,5,5,5,5,5,5
121,684,685,673,664,657,647,646,659,701,683,676,665,678,663,665,662,686,689,684,690,685,666,662,669,702,698,684,683,688,682,674,664,709,696,697,693,702,682,695,669,699,709,704,700,698,696,684,686,715,703,700,707,700,694,700,676,729,728,717,700,715,701,714,696,8,6,5,5,6,6,5,6,7,5,6,5,6,5,5,6,7,7,5,5,5,5,6,6,10,6,6,5,5,5,6,5,8,5,6,6,6,6,6,5,7,8,6,6,7,6,6,7,8,9,7,7,6,6,5,6,8,11,6,10,12,8,7,13,5,5,5,5,5,5,5,5,5,5,5,5,5,5,5,5,5,5,5,5,5,5,5,5,5,5,5,5,5,5,5,5,5,5,5,5,5,5,5,5,5,5,5,5,5,5,5,5,5,5,5,5,5,5,5,5,5,5,5,5,5,5,5,5
122,685,673,672,662,664,661,660,655,692,689,674,667,669,667,660,665,689,699,678,686,675,679,663,667,696,689,683,682,689,681,676,671,713,710,689,697,692,688,672,676,711,712,707,708,693,690,693,687,726,721,695,715,699,694,699,694,716,734,712,712,714,723,687,700,7,6,5,6,4,4,5,6,7,6,5,5,5,5,5,6,8,8,6,7,4,6,5,5,8,6,5,5,5,4,8,6,7,7,5,6,5,6,6,5,5,8,6,7,6,5,6,7,8,8,7,6,5,6,6,7,8,9,6,8,6,7,7,16,5,5,5,5,5,5,5,5,5,5,5,5,5,5,5,5,5,5,5,5,5,5,5,5,5,5,5,5,5,5,5,5,5,5,5,5,5,5,5,5,5,5,5,5,5,5,5,5,5,5,5,5,5,5,5,5,5,5,5,5,5,5,5,5
123,673,683,664,684,668,663,654,656,688,685,689,664,676,666,659,661,693,679,675,690,672,677,664,664,707,694,678,699,677,681,672,664,707,698,707,707,687,687,680,671,711,711,706,697,699,699,691,696,713,710,707,713,691,712,690,699,736,702,714,712,701,700,710,688,5,5,5,6,4,5,4,6,6,6,5,5,6,5,6,4,8,8,5,5,5,6,5,6,6,7,5,6,4,5,6,7,8,5,5,6,6,6,7,6,7,7,6,6,7,6,6,7,9,8,7,7,7,7,8,9,9,15,9,8,8,9,8,15,5,5,5,5,5,5,5,5,5,5,5,5,5,5,5,5,5,5,5,5,5,5,5,5,5,5,5,5,5,5,5,5,5,5,5,5,5,5,5,5,5,5,5,5,5,5,5,5,5,5,5,5,5,5,5,5,5,5,5,5,5,5,5,5
124,693,681,668,674,653,657,660,656,682,684,677,681,676,667,659,652,702,697,686,674,674,677,665,668,716,694,692,684,683,672,674,675,715,707,707,691,692,681,684,682,714,702,709,705,706,694,683,677,710,727,692,710,685,697,695,679,726,720,702,725,712,719,698,710,6,5,5,5,5,4,5,5,7,5,5,4,5,4,4,4,8,8,5,5,4,5,5,5,7,5,6,5,5,5,5,7,8,5,5,6,6,5,7,6,6,7,6,6,7,5,5,7,7,8,6,8,6,7,6,11,8,9,7,9,9,6,9,9,5,5,5,5,5,5,5,5,5,5,5,5,5,5,5,5,5,5,5,5,5,5,5,5,5,5,5,5,5,5,5,5,5,5,5,5,5,5,5,5,5,5,5,5,5,5,5,5,5,5,5,5,5,5,5,5,5,5,5,5,5,5,5,5
125,697,672,673,676,656,656,652,661,676,676,672,675,681,660,663,655,693,692,678,671,679,669,661,666,702,698,690,690,682,678,676,672,713,701,695,700,701,687,687,688,711,712,711,714,695,697,685,696,729,708,717,703,709,693,695,697,719,719,710,719,693,709,699,721,8,6,5,6,5,5,5,5,5,5,5,6,6,5,6,5,7,7,6,5,5,5,5,5,9,6,7,5,5,6,6,6,7,7,7,7,6,5,5,7,7,7,6,7,9,6,6,7,7,7,6,8,7,7,6,9,9,9,10,8,7,7,8,15,5,5,5,5,5,5,5,5,5,5,5,5,5,5,5,5,5,5,5,5,5,5,5,5,5,5,5,5,5,5,5,5,5,5,5,5,5,5,5,5,5,5,5,5,5,5,5,5,5,5,5,5,5,5,5,5,5,5,5,5,5,5,5,5
126,692,668,661,676,668,654,658,658,690,688,682,678,660,664,667,661,700,685,688,684,677,681,667,662,700,696,691,684,677,674,679,664,705,703,709,696,697,687,686,682,715,716,704,690,704,679,679,671,722,722,705,697,702,713,696,704,708,739,731,717,719,714,693,682,6,6,4,5,4,5,5,6,6,6,5,5,4,5,6,4,8,7,6,6,5,6,5,5,7,6,6,5,4,4,6,6,7,5,8,6,6,6,6,5,6,7,5,6,5,6,6,5,7,8,8,7,6,6,6,10,9,10,8,9,9,8,8,9,5,5,5,5,5,5,5,5,5,5,5,5,5,5,5,5,5,5,5,5,5,5,5,5,5,5,5,5,5,5,5,5,5,5,5,5,5,5,5,5,5,5,5,5,5,5,5,5,5,5,5,5,5,5,5,5,5,5,5,5,5,5,5,5
127,687,674,686,668,669,666,652,657,684,683,676,670,673,665,667,660,696,690,685,678,675,676,667,667,705,674,697,688,696,680,674,663,709,707,697,696,695,683,682,675,726,702,702,712,696,684,691,681,726,713,702,703,689,691,684,683,745,710,710,702,711,701,698,694,8,6,6,5,4,5,6,7,6,6,4,5,6,5,4,4,11,7,6,7,5,5,6,6,6,6,6,5,5,5,6,6,9,6,5,7,6,6,5,5,7,6,6,7,7,5,7,5,7,9,8,7,7,6,6,8,12,10,7,10,5,7,7,15,5,5,5,5,5,5,5,5,5,5,5,5,5,5,5,5,5,5,5,5,5,5,5,5,5,5,5,5,5,5,5,5,5,5,5,5,5,5,5,5,5,5,5,5,5,5,5,5,5,5,5,5,5,5,5,5,5,5,5,5,5,5,5,5
128,686,677,679,664,670,653,655,649,681,683,674,673,671,662,668,665,686,684,690,673,675,664,666,674,702,697,693,690,682,680,670,674,710,705,702,680,695,689,673,674,705,713,710,691,695,685,690,689,717,709,721,713,694,697,702,692,737,734,724,712,708,718,699,712,7,5,5,5,4,5,5,5,7,5,5,4,6,5,5,5,7,7,4,5,4,5,5,5,8,6,6,5,4,5,6,6,6,5,5,5,7,6,5,5,8,7,5,8,6,5,6,7,7,9,7,7,6,6,6,8,8,14,7,8,7,5,5,9,5,5,5,5,5,5,5,5,5,5,5,5,5,5,5,5,5,5,5,5,5,5,5,5,5,5,5,5,5,5,5,5,5,5,5,5,5,5,5,5,5,5,5,5,5,5,5,5,5,5,5,5,5,5,5,5,5,5,5,5,5,5,5,5
129,680,673,688,672,655,654,664,648,696,683,683,674,672,670,656,660,695,694,675,681,679,669,657,662,703,689,691,681,689,685,684,676,715,706,707,698,695,679,682,672,708,711,705,696,684,697,679,682,725,700,712,706,698,693,693,702,728,721,709,720,694,710,698,676,7,6,5,5,4,5,5,6,6,5,5,5,5,6,5,5,6,7,5,6,5,5,5,6,6,6,6,5,6,5,6,6,9,6,6,6,7,5,6,6,7,8,6,6,6,5,7,7,8,7,10,8,6,6,6,8,9,11,7,9,8,8,7,10,5,5,5,5,5,5,5,5,5,5,5,5,5,5,5,5,5,5,5,5,5,5,5,5,5,5,5,5,5,5,5,5,5,5,5,5,5,5,5,5,5,5,5,5,5,5,5,5,5,5,5,5,5,5,5,5,5,5,5,5,5,5,5,5
130,687,672,672,675,659,654,658,658,689,679,688,669,675,663,660,660,691,699,683,670,682,674,670,672,688,699,702,688,689,680,670,668,717,699,703,692,695,689,689,677,725,700,700,691,703,700,690,691,701,730,724,690,703,708,691,683,724,708,723,710,704,707,709,689,7,5,5,6,5,5,4,5,6,5,5,4,5,5,5,5,9,6,5,6,5,5,4,5,6,5,6,5,5,5,6,5,7,6,6,6,6,5,4,5,7,5,6,6,7,6,8,5,6,7,9,6,6,6,7,7,9,10,7,8,9,7,9,10,5,5,5,5,5,5,5,5,5,5,5,5,5,5,5,5,5,5,5,5,5,5,5,5,5,5,5,5,5,5,5,5,5,5,5,5,5,5,5,5,5,5,5,5,5,5,5,5,5,5,5,5,5,5,5,5,5,5,5,5,5,5,5,5
131,673,687,672,674,668,659,654,658,687,690,679,673,675,662,663,660,687,696,688,695,678,668,662,665,683,700,699,701,675,675,673,680,702,700,696,701,687,687,678,670,707,700,708,705,687,696,678,686,721,717,718,698,688,704,699,699,724,699,734,725,709,707,714,716,6,5,5,5,5,4,5,6,6,5,5,5,6,4,4,5,8,8,6,6,4,5,5,6,9,6,6,5,5,5,6,6,10,6,6,5,6,6,6,6,8,7,7,7,7,6,8,8,8,9,7,7,6,5,6,9,7,9,8,8,7,10,6,14,5,5,5,5,5,5,5,5,5,5,5,5,5,5,5,5,5,5,5,5,5,5,5,5,5,5,5,5,5,5,5,5,5,5,5,5,5,5,5,5,5,5,5,5,5,5,5,5,5,5,5,5,5,5,5,5,5,5,5,5,5,5,5,5
132,679,676,672,670,665,669,660,663,687,681,686,677,672,661,666,663,689,689,677,676,679,668,667,664,699,696,690,691,683,682,672,678,713,695,696,691,690,696,684,678,718,712,708,691,696,691,689,682,726,716,720,700,712,698,690,687,727,717,713,710,714,700,707,699,6,5,5,4,5,4,5,5,6,5,5,5,5,5,5,5,6,6,5,5,5,5,4,4,8,5,6,6,5,5,5,6,9,5,6,5,5,5,4,5,7,8,6,6,8,5,6,5,9,10,7,6,6,7,7,6,12,10,6,7,9,6,7,14,5,5,5,5,5,5,5,5,5,5,5,5,5,5,5,5,5,5,5,5,5,5,5,5,5,5,5,5,5,5,5,5,5,5,5,5,5,5,5,5,5,5,5,5,5,5,5,5,5,5,5,5,5,5,5,5,5,5,5,5,5,5,5,5
133,687,675,668,662,655,659,662,658,700,676,671,675,672,667,669,663,694,698,678,679,681,676,661,673,709,694,684,678,681,680,674,674,710,701,693,694,689,697,687,666,715,703,713,688,692,696,672,685,722,715,721,712,714,701,697,681,713,724,711,701,718,701,697,685,7,6,5,5,4,5,5,6,9,6,5,4,5,5,5,6,6,8,6,6,4,6,5,7,6,5,7,4,6,6,6,5,8,7,6,5,6,5,6,6,7,7,6,6,7,6,6,8,8,9,8,8,7,6,7,9,8,9,8,10,8,8,7,14,5,5,5,5,5,5,5,5,5,5,5,5,5,5,5,5,5,5,5,5,5,5,5,5,5,5,5,5,5,5,5,5,5,5,5,5,5,5,5,5,5,5,5,5,5,5,5,5,5,5,5,5,5,5,5,5,5,5,5,5,5,5,5,5
134,692,668,667,661,661,658,650,672,681,673,683,671,674,668,673,666,683,688,681,689,685,678,662,663,686,685,689,685,682,676,667,663,700,706,699,696,696,687,677,686,713,711,707,700,706,694,685,689,727,710,707,703,698,697,707,686,729,730,721,709,719,689,709,699,5,5,5,5,5,4,4,5,6,5,4,6,5,4,4,5,8,5,6,5,5,6,5,5,8,6,5,5,5,5,5,6,9,7,5,5,6,6,6,6,6,6,6,7,6,5,6,7,6,8,6,7,6,7,6,9,10,9,7,9,8,6,9,13,5,5,5,5,5,5,5,5,5,5,5,5,5,5,5,5,5,5,5,5,5,5,5,5,5,5,5,5,5,5,5,5,5,5,5,5,5,5,5,5,5,5,5,5,5,5,5,5,5,5,5,5,5,5,5,5,5,5,5,5,5,5,5,5
135,680,679,677,676,653,653,656,650,693,688,682,670,679,660,661,655,712,692,678,681,671,674,670,661,685,687,692,690,692,681,668,666,698,701,705,687,695,686,688,674,714,702,708,709,702,700,683,673,707,722,709,697,715,704,684,680,709,715,716,714,707,708,695,708,6,5,6,6,4,5,6,6,7,6,5,5,5,5,6,4,7,8,6,7,5,6,5,5,7,6,6,5,5,5,5,7,8,6,5,5,7,7,5,6,7,8,6,7,8,6,7,7,9,9,6,5,7,5,6,7,9,9,7,9,9,9,6,15,5,5,5,5,5,5,5,5,5,5,5,5,5,5,5,5,5,5,5,5,5,5,5,5,5,5,5,5,5,5,5,5,5,5,5,5,5,5,5,5,5,5,5,5,5,5,5,5,5,5,5,5,5,5,5,5,5,5,5,5,5,5,5,5
136,685,674,682,669,668,663,661,654,699,683,669,668,669,664,671,662,703,694,686,675,672,671,668,661,697,690,692,680,687,686,682,668,696,708,701,705,684,687,677,673,709,704,706,707,701,687,688,692,707,698,713,700,696,691,685,694,719,719,728,731,713,709,697,687,7,6,5,5,5,5,4,6,7,5,5,4,5,4,5,5,6,7,6,6,4,5,4,5,7,5,6,4,5,5,5,4,7,6,5,5,5,5,5,5,6,6,5,7,6,5,6,6,7,7,7,7,5,5,6,8,8,12,7,10,7,6,6,10,5,5,5,5,5,5,5,5,5,5,5,5,5,5,5,5,5,5,5,5,5,5,5,5,5,5,5,5,5,5,5,5,5,5,5,5,5,5,5,5,5,5,5,5,5,5,5,5,5,5,5,5,5,5,5,5,5,5,5,5,5,5,5,5
137,694,674,670,667,657,662,666,662,698,687,684,682,662,671,654,657,691,691,680,685,679,672,670,665,707,689,689,696,680,670,674,662,693,698,704,694,687,686,680,680,705,724,699,711,689,691,694,678,726,715,701,703,691,699,700,700,726,730,719,693,697,706,698,716,5,6,6,5,4,4,6,6,5,6,5,6,6,5,5,5,8,8,5,7,5,5,5,6,8,5,7,7,5,5,6,7,7,6,6,6,7,5,6,7,6,6,5,7,7,5,7,8,7,9,7,7,7,7,6,9,9,13,7,10,8,8,8,12,5,5,5,5,5,5,5,5,5,5,5,5,5,5,5,5,5,5,5,5,5,5,5,5,5,5,5,5,5,5,5,5,5,5,5,5,5,5,5,5,5,5,5,5,5,5,5,5,5,5,5,5,5,5,5,5,5,5,5,5,5,5,5,5
138,695,679,667,664,665,670,665,653,682,684,677,671,663,667,671,661,696,679,689,688,679,677,659,660,703,695,691,688,685,676,677,665,711,701,706,685,697,691,677,673,719,715,708,703,687,695,693,686,730,714,706,691,706,696,703,678,745,711,708,704,698,716,699,710,8,5,4,5,5,4,5,6,5,5,5,5,5,5,5,5,6,5,6,7,4,5,5,6,7,6,6,5,5,5,5,6,7,5,6,6,5,4,6,5,8,6,5,5,6,5,5,6,6,8,7,6,8,6,5,7,9,10,6,8,8,7,10,11,5,5,5,5,5,5,5,5,5,5,5,5,5,5,5,5,5,5,5,5,5,5,5,5,5,5,5,5,5,5,5,5,5,5,5,5,5,5,5,5,5,5,5,5,5,5,5,5,5,5,5,5,5,5,5,5,5,5,5,5,5,5,5,5
139,699,674,669,666,656,656,657,651,678,684,675,675,664,663,659,654,680,704,699,674,678,676,671,665,702,698,698,693,675,677,673,671,713,705,688,685,695,688,679,683,715,708,694,694,695,699,698,696,725,728,696,700,697,704,703,682,732,736,717,708,710,697,686,665,9,8,5,6,4,5,5,6,5,5,6,5,5,5,5,5,8,6,6,6,5,6,5,5,8,5,5,5,6,5,6,7,6,6,6,6,6,6,5,6,7,6,5,8,7,7,6,7,6,11,7,8,7,5,5,6,10,9,7,10,8,7,8,9,5,5,5,5,5,5,5,5,5,5,5,5,5,5,5,5,5,5,5,5,5,5,5,5,5,5,5,5,5,5,5,5,5,5,5,5,5,5,5,5,5,5,5,5,5,5,5,5,5,5,5,5,5,5,5,5,5,5,5,5,5,5,5,5
140,682,680,670,667,663,662,658,660,687,678,677,666,667,661,656,657,701,703,675,683,679,665,674,674,693,704,697,686,690,671,668,660,713,695,696,706,685,681,685,681,725,720,713,705,706,684,691,680,728,703,711,689,704,691,700,700,710,729,726,706,706,698,709,721,6,5,4,5,5,4,5,5,6,5,5,5,5,5,5,5,8,8,6,7,4,4,5,5,8,6,6,5,6,4,6,5,6,5,6,6,5,6,4,6,9,8,6,5,7,6,6,8,6,10,7,7,6,6,7,8,10,14,8,8,7,6,7,14,5,5,5,5,5,5,5,5,5,5,5,5,5,5,5,5,5,5,5,5,5,5,5,5,5,5,5,5,5,5,5,5,5,5,5,5,5,5,5,5,5,5,5,5,5,5,5,5,5,5,5,5,5,5,5,5,5,5,5,5,5,5,5,5
141,673,676,665,676,662,663,655,662,680,682,677,668,674,669,665,658,698,690,682,690,683,662,675,668,693,699,699,681,681,684,665,676,707,718,695,694,697,694,683,682,719,723,700,706,695,678,673,687,711,709,704,719,694,693,712,688,733,737,729,718,706,707,704,702,6,6,5,5,5,5,5,7,7,5,6,5,6,6,5,4,7,7,7,8,5,4,6,5,8,6,6,5,5,6,5,6,10,8,7,6,7,7,6,7,6,6,7,7,6,6,6,9,7,8,8,6,5,6,8,8,10,11,6,11,7,9,7,12,5,5,5,5,5,5,5,5,5,5,5,5,5,5,5,5,5,5,5,5,5,5,5,5,5,5,5,5,5,5,5,5,5,5,5,5,5,5,5,5,5,5,5,5,5,5,5,5,5,5,5,5,5,5,5,5,5,5,5,5,5,5,5,5
142,672,687,669,675,661,666,662,663,691,677,676,679,673,658,663,646,698,686,689,697,685,671,671,666,704,689,690,687,683,676,668,673,685,704,705,690,696,681,679,680,709,707,703,703,699,683,697,697,707,720,715,701,701,699,696,695,732,719,720,702,703,694,693,703,7,5,5,5,5,5,5,5,6,5,5,5,5,5,4,5,6,6,5,5,5,5,6,5,8,6,7,6,5,5,5,6,6,6,6,5,6,5,5,6,6,7,5,6,6,5,6,6,8,9,6,7,6,6,7,7,9,9,7,8,7,8,5,11,5,5,5,5,5,5,5,5,5,5,5,5,5,5,5,5,5,5,5,5,5,5,5,5,5,5,5,5,5,5,5,5,5,5,5,5,5,5,5,5,5,5,5,5,5,5,5,5,5,5,5,5,5,5,5,5,5,5,5,5,5,5,5,5
143,680,684,674,670,675,667,651,664,683,673,685,682,668,663,654,661,692,688,696,684,678,671,674,667,702,693,691,693,685,677,671,665,691,707,702,697,683,678,679,679,731,705,700,700,696,693,700,687,728,716,703,702,707,695,692,692,742,711,710,710,717,700,713,701,6,5,5,5,5,5,5,6,6,5,6,4,5,5,5,5,6,6,5,5,5,5,5,6,8,6,7,6,5,5,6,6,8,7,6,7,6,6,6,6,7,6,6,5,8,6,6,8,10,9,7,8,7,7,7,8,8,12,7,8,8,7,9,9,5,5,5,5,5,5,5,5,5,5,5,5,5,5,5,5,5,5,5,5,5,5,5,5,5,5,5,5,5,5,5,5,5,5,5,5,5,5,5,5,5,5,5,5,5,5,5,5,5,5,5,5,5,5,5,5,5,5,5,5,5,5,5,5
144,687,675,677,668,665,657,655,658,686,687,680,678,667,656,658,658,679,690,687,686,674,671,668,661,699,695,690,684,683,679,667,664,713,693,694,695,692,680,683,669,718,723,708,702,689,693,682,677,711,722,725,696,705,694,704,690,717,716,716,731,702,699,694,710,6,5,5,5,4,5,5,5,6,6,5,5,5,4,4,4,7,7,5,6,4,5,6,5,7,5,6,5,5,5,6,5,6,5,6,5,6,5,5,6,6,6,6,6,6,5,7,7,6,9,8,6,6,6,6,8,10,10,7,8,8,6,7,12,5,5,5,5,5,5,5,5,5,5,5,5,5,5,5,5,5,5,5,5,5,5,5,5,5,5,5,5,5,5,5,5,5,5,5,5,5,5,5,5,5,5,5,5,5,5,5,5,5,5,5,5,5,5,5,5,5,5,5,5,5,5,5,5
145,685,695,674,671,663,664,660,656,692,681,686,666,665,671,650,660,693,693,685,677,663,680,666,659,693,702,696,696,685,684,666,651,700,700,697,703,693,695,685,677,710,720,711,699,711,700,700,681,718,729,703,710,688,700,696,695,740,708,714,731,725,705,705,719,7,6,6,5,5,5,6,7,5,6,5,6,6,5,5,5,6,7,6,7,4,6,6,6,7,6,6,4,6,6,5,6,8,5,6,5,5,6,5,6,9,6,7,6,8,5,7,8,8,7,9,8,7,6,8,9,8,11,7,9,6,7,8,13,5,5,5,5,5,5,5,5,5,5,5,5,5,5,5,5,5,5,5,5,5,5,5,5,5,5,5,5,5,5,5,5,5,5,5,5,5,5,5,5,5,5,5,5,5,5,5,5,5,5,5,5,5,5,5,5,5,5,5,5,5,5,5,5
146,673,677,675,665,654,652,660,659,674,688,678,669,675,668,660,660,687,687,678,682,674,677,671,662,692,695,701,690,683,675,679,673,704,715,709,693,680,685,674,677,715,707,716,692,695,697,686,673,723,721,717,710,710,698,711,697,748,712,723,704,720,701,702,712,5,5,6,5,5,5,5,5,6,5,4,5,6,5,5,5,7,6,5,5,4,6,4,4,6,5,7,5,5,5,6,5,8,6,5,5,5,6,6,6,6,7,8,6,6,5,6,5,7,8,6,8,7,6,6,8,8,9,7,8,7,5,7,11,5,5,5,5,5,5,5,5,5,5,5,5,5,5,5,5,5,5,5,5,5,5,5,5,5,5,5,5,5,5,5,5,5,5,5,5,5,5,5,5,5,5,5,5,5,5,5,5,5,5,5,5,5,5,5,5,5,5,5,5,5,5,5,5
147,694,673,668,672,664,661,661,662,699,676,682,679,680,665,661,658,695,690,687,682,677,669,660,671,697,707,688,688,693,693,680,673,700,703,704,694,691,674,684,693,714,711,698,696,700,693,694,691,723,728,707,711,691,692,716,684,733,716,717,712,707,709,703,678,7,6,6,5,5,6,6,5,7,5,5,6,6,5,5,6,8,6,5,8,5,5,5,5,7,5,7,5,5,5,6,5,9,5,5,6,5,5,5,6,7,8,5,6,7,5,6,8,8,11,9,8,6,6,7,7,10,11,8,9,8,7,8,10,5,5,5,5,5,5,5,5,5,5,5,5,5,5,5,5,5,5,5,5,5,5,5,5,5,5,5,5,5,5,5,5,5,5,5,5,5,5,5,5,5,5,5,5,5,5,5,5,5,5,5,5,5,5,5,5,5,5,5,5,5,5,5,5
148,689,679,680,664,662,661,657,664,684,689,678,679,677,672,656,657,694,692,688,679,672,683,670,668,711,693,693,681,681,681,670,676,713,701,701,696,700,686,683,673,718,706,704,690,696,694,686,694,710,706,718,713,694,692,709,691,725,754,713,726,713,685,701,699,8,6,6,5,5,5,5,5,5,7,4,6,5,5,5,5,8,6,4,6,4,4,4,6,6,6,5,4,5,5,6,6,8,5,5,7,5,6,5,5,7,7,6,7,8,5,6,7,7,7,6,7,7,6,7,6,7,13,6,11,7,6,6,10,5,5,5,5,5,5,5,5,5,5,5,5,5,5,5,5,5,5,5,5,5,5,5,5,5,5,5,5,5,5,5,5,5,5,5,5,5,5,5,5,5,5,5,5,5,5,5,5,5,5,5,5,5,5,5,5,5,5,5,5,5,5,5,5
149,692,665,671,668,676,662,651,646,689,688,690,669,670,678,671,659,680,702,681,689,681,677,679,665,710,701,703,685,693,681,681,672,713,703,704,690,690,690,688,677,719,705,710,699,695,698,681,687,714,713,726,703,694,696,695,706,740,727,712,731,719,693,704,680,7,6,5,5,5,5,6,6,6,6,5,5,5,4,4,5,7,7,6,6,4,6,5,5,6,6,5,6,7,5,7,6,7,6,5,7,7,6,6,6,6,7,6,7,6,6,7,5,7,7,7,7,6,6,7,12,7,9,8,9,7,6,7,10,5,5,5,5,5,5,5,5,5,5,5,5,5,5,5,5,5,5,5,5,5,5,5,5,5,5,5,5,5,5,5,5,5,5,5,5,5,5,5,5,5,5,5,5,5,5,5,5,5,5,5,5,5,5,5,5,5,5,5,5,5,5,5,5
150,678,687,668,667,665,663,660,655,682,684,672,671,671,668,655,655,688,689,690,686,678,673,669,663,701,686,695,681,685,675,672,670,713,694,694,689,686,691,684,679,715,705,694,701,691,698,686,687,719,704,710,699,702,701,700,684,728,707,717,721,725,705,711,681,6,5,5,4,4,4,5,5,7,5,5,5,5,5,4,5,7,6,5,6,4,6,5,5,8,6,6,4,5,5,5,5,8,5,5,6,5,5,5,5,6,6,5,6,6,5,6,7,8,7,6,7,6,5,6,7,8,9,6,8,7,6,7,12,5,5,5,5,5,5,5,5,5,5,5,5,5,5,5,5,5,5,5,5,5,5,5,5,5,5,5,5,5,5,5,5,5,5,5,5,5,5,5,5,5,5,5,5,5,5,5,5,5,5,5,5,5,5,5,5,5,5,5,5,5,5,5,5
151,688,676,668,676,664,664,664,653,685,687,676,678,667,672,656,665,702,690,678,679,667,672,673,670,693,690,689,691,687,691,678,678,711,691,701,697,689,682,693,681,704,710,710,688,696,696,699,687,712,716,719,697,691,698,684,689,727,747,717,712,704,699,691,696,5,5,6,5,4,4,5,6,6,5,5,5,5,5,5,6,7,7,6,6,4,5,5,5,7,6,6,5,6,6,5,6,7,6,6,6,6,6,6,7,7,8,6,6,7,6,7,8,8,9,7,7,5,7,8,7,9,10,8,9,8,9,6,14,5,5,5,5,5,5,5,5,5,5,5,5,5,5,5,5,5,5,5,5,5,5,5,5,5,5,5,5,5,5,5,5,5,5,5,5,5,5,5,5,5,5,5,5,5,5,5,5,5,5,5,5,5,5,5,5,5,5,5,5,5,5,5,5
152,687,683,668,672,665,658,660,655,687,672,672,676,667,668,666,664,690,696,688,703,678,668,671,670,708,700,686,681,683,685,661,674,692,708,699,688,694,676,687,665,713,697,701,698,704,692,674,689,718,718,708,702,697,703,689,689,748,721,725,712,699,705,703,692,6,5,5,5,5,4,5,6,6,5,4,5,5,5,4,5,8,7,4,5,5,5,6,5,7,5,6,4,5,6,5,7,8,6,6,7,6,5,5,6,7,6,4,5,6,5,8,6,8,8,10,6,6,7,6,7,7,9,7,8,6,6,7,12,5,5,5,5,5,5,5,5,5,5,5,5,5,5,5,5,5,5,5,5,5,5,5,5,5,5,5,5,5,5,5,5,5,5,5,5,5,5,5,5,5,5,5,5,5,5,5,5,5,5,5,5,5,5,5,5,5,5,5,5,5,5,5,5
153,671,676,672,664,655,653,657,654,685,683,675,675,653,663,673,661,691,677,689,675,690,676,676,663,707,699,681,678,680,681,672,678,716,694,703,712,705,687,685,675,727,715,693,693,705,696,685,679,715,709,709,723,699,707,694,687,735,719,715,716,698,693,694,699,6,5,5,5,5,5,5,7,7,5,6,5,4,5,5,5,9,6,5,6,6,6,6,4,6,5,5,4,5,5,6,7,6,6,5,6,7,6,5,6,7,6,6,6,7,5,6,6,6,8,6,6,7,8,8,8,14,11,8,7,8,9,7,13,5,5,5,5,5,5,5,5,5,5,5,5,5,5,5,5,5,5,5,5,5,5,5,5,5,5,5,5,5,5,5,5,5,5,5,5,5,5,5,5,5,5,5,5,5,5,5,5,5,5,5,5,5,5,5,5,5,5,5,5,5,5,5,5
154,685,682,671,666,663,655,651,654,686,679,677,678,669,663,666,659,687,684,687,675,674,674,679,661,710,693,683,686,686,688,672,682,709,702,703,696,691,690,682,681,706,700,711,696,680,691,684,682,712,726,697,708,706,703,688,680,735,749,718,714,700,696,704,714,6,5,5,5,5,5,5,5,5,5,5,5,5,4,4,5,8,5,6,6,5,5,5,5,6,5,6,5,5,5,6,6,7,5,7,6,6,6,5,5,6,7,7,7,7,5,6,6,7,8,7,7,6,5,7,7,9,8,7,10,6,7,7,16,5,5,5,5,5,5,5,5,5,5,5,5,5,5,5,5,5,5,5,5,5,5,5,5,5,5,5,5,5,5,5,5,5,5,5,5,5,5,5,5,5,5,5,5,5,5,5,5,5,5,5,5,5,5,5,5,5,5,5,5,5,5,5,5
155,676,673,680,668,668,666,661,654,685,686,674,669,671,670,665,661,719,694,668,663,676,676,658,657,693,695,687,685,682,672,672,667,705,698,692,684,699,689,691,685,709,699,702,709,707,692,687,689,722,713,701,703,715,701,693,695,729,696,720,706,697,696,690,698,5,6,6,6,6,5,5,6,6,6,6,5,5,5,6,5,10,7,5,6,5,5,6,6,7,5,6,5,5,4,6,5,7,6,7,6,7,6,5,7,6,6,6,7,8,5,7,7,8,10,7,7,8,7,7,8,12,8,7,9,6,7,7,15,5,5,5,5,5,5,5,5,5,5,5,5,5,5,5,5,5,5,5,5,5,5,5,5,5,5,5,5,5,5,5,5,5,5,5,5,5,5,5,5,5,5,5,5,5,5,5,5,5,5,5,5,5,5,5,5,5,5,5,5,5,5,5,5
156,685,676,675,662,660,660,656,653,687,682,687,678,672,661,652,651,706,691,678,661,678,675,663,658,701,705,687,689,688,678,676,672,702,694,697,702,705,675,678,681,715,713,704,703,693,682,684,684,716,720,698,709,696,690,688,703,710,719,707,711,709,701,705,696,6,5,6,5,5,5,5,6,6,6,5,4,5,4,4,6,7,6,5,5,5,5,5,5,8,7,6,5,5,4,6,7,7,5,5,6,5,5,5,6,6,8,6,6,7,6,7,6,6,9,6,6,6,5,6,9,11,11,6,9,8,6,6,15,5,5,5,5,5,5,5,5,5,5,5,5,5,5,5,5,5,5,5,5,5,5,5,5,5,5,5,5,5,5,5,5,5,5,5,5,5,5,5,5,5,5,5,5,5,5,5,5,5,5,5,5,5,5,5,5,5,5,5,5,5,5,5,5
157,674,680,671,677,673,662,662,654,679,685,676,671,668,654,663,662,694,695,676,688,684,672,672,666,699,695,688,688,698,680,678,670,717,697,692,688,684,686,681,669,720,700,698,693,701,701,669,690,724,714,715,705,697,695,704,687,705,726,707,712,709,696,694,687,6,5,5,6,4,5,5,5,7,6,5,5,5,5,5,4,8,7,6,5,5,6,5,6,6,6,5,5,6,6,7,5,9,5,6,5,5,6,8,6,7,7,6,7,6,6,7,7,8,9,9,7,6,5,7,6,11,11,6,7,8,7,7,11,5,5,5,5,5,5,5,5,5,5,5,5,5,5,5,5,5,5,5,5,5,5,5,5,5,5,5,5,5,5,5,5,5,5,5,5,5,5,5,5,5,5,5,5,5,5,5,5,5,5,5,5,5,5,5,5,5,5,5,5,5,5,5,5
158,679,675,655,663,649,655,669,659,675,679,677,682,659,666,656,661,693,685,685,678,680,677,674,667,700,696,688,681,678,688,676,671,695,707,699,690,695,688,686,664,717,703,706,701,700,693,695,693,712,706,712,703,705,689,699,710,732,741,720,694,714,712,702,679,6,6,5,5,4,4,5,5,7,5,5,4,5,5,5,4,7,6,5,5,5,5,5,5,7,6,6,4,5,6,6,6,9,6,5,6,6,6,5,6,6,6,6,5,6,6,6,6,8,8,8,8,5,6,6,8,9,14,7,8,6,6,7,9,5,5,5,5,5,5,5,5,5,5,5,5,5,5,5,5,5,5,5,5,5,5,5,5,5,5,5,5,5,5,5,5,5,5,5,5,5,5,5,5,5,5,5,5,5,5,5,5,5,5,5,5,5,5,5,5,5,5,5,5,5,5,5,5
159,667,673,678,667,668,656,656,649,689,683,686,675,670,658,652,671,696,691,692,688,680,672,669,666,687,694,695,687,673,677,678,675,712,697,693,698,710,674,676,671,701,702,708,697,693,696,687,696,733,707,711,713,703,694,687,689,720,719,713,740,729,715,702,708,6,6,6,6,5,5,5,6,8,5,5,5,5,5,5,6,6,7,5,6,5,5,5,5,7,6,6,6,5,5,7,6,7,5,5,5,5,6,6,6,5,7,5,5,7,5,7,5,9,9,9,9,6,7,6,7,10,9,7,7,9,7,7,11,5,5,5,5,5,5,5,5,5,5,5,5,5,5,5,5,5,5,5,5,5,5,5,5,5,5,5,5,5,5,5,5,5,5,5,5,5,5,5,5,5,5,5,5,5,5,5,5,5,5,5,5,5,5,5,5,5,5,5,5,5,5,5,5
160,680,676,676,674,668,662,662,652,688,682,676,676,670,665,655,661,691,695,685,680,680,672,675,650,714,689,678,688,677,676,680,669,700,708,691,704,691,679,689,682,709,708,713,706,703,681,686,690,705,718,726,705,706,694,693,688,719,712,723,704,700,689,704,705,6,5,5,5,4,5,5,6,5,6,5,5,5,5,5,5,7,7,5,5,4,5,4,6,7,5,6,5,5,5,6,7,8,6,5,6,6,6,5,7,7,6,7,6,5,5,6,5,8,8,7,6,6,5,6,8,9,10,7,8,7,7,6,10,5,5,5,5,5,5,5,5,5,5,5,5,5,5,5,5,5,5,5,5,5,5,5,5,5,5,5,5,5,5,5,5,5,5,5,5,5,5,5,5,5,5,5,5,5,5,5,5,5,5,5,5,5,5,5,5,5,5,5,5,5,5,5,5
161,682,681,678,667,664,657,657,656,683,683,686,671,675,661,672,664,683,690,685,691,673,676,669,672,697,691,690,683,689,685,674,660,724,707,696,698,696,690,689,675,703,706,704,706,697,691,705,683,727,710,714,716,708,695,695,694,725,714,716,715,715,694,708,706,7,6,5,5,4,6,5,6,6,6,5,5,6,5,5,5,8,6,6,6,5,6,6,6,6,6,6,5,5,6,7,7,8,7,5,7,6,6,5,5,7,7,5,6,8,6,6,6,6,8,8,8,5,7,7,9,9,13,7,9,6,8,7,12,5,5,5,5,5,5,5,5,5,5,5,5,5,5,5,5,5,5,5,5,5,5,5,5,5,5,5,5,5,5,5,5,5,5,5,5,5,5,5,5,5,5,5,5,5,5,5,5,5,5,5,5,5,5,5,5,5,5,5,5,5,5,5,5
162,685,681,652,671,671,656,659,665,676,681,665,663,671,664,658,660,717,687,688,687,679,673,672,661,706,686,697,681,682,670,677,667,699,697,692,685,687,689,678,673,712,704,695,699,700,692,688,675,737,706,714,707,705,700,690,675,719,727,710,708,698,707,701,691,7,7,6,5,4,6,5,6,6,5,5,4,4,5,6,5,7,7,4,4,5,5,6,5,6,5,6,5,5,5,7,6,8,6,6,6,5,6,5,6,6,6,6,7,6,5,5,6,8,7,7,7,7,6,9,7,7,10,5,9,7,7,7,9,5,5,5,5,5,5,5,5,5,5,5,5,5,5,5,5,5,5,5,5,5,5,5,5,5,5,5,5,5,5,5,5,5,5,5,5,5,5,5,5,5,5,5,5,5,5,5,5,5,5,5,5,5,5,5,5,5,5,5,5,5,5,5,5
163,682,677,685,669,660,663,656,660,699,692,685,677,660,672,671,662,685,702,686,678,677,674,671,660,705,703,682,682,684,677,678,668,705,700,703,691,691,709,681,677,722,701,712,712,707,694,693,678,710,728,694,712,705,692,692,688,719,728,714,720,707,699,720,700,8,6,5,6,6,5,5,7,7,6,4,6,5,5,4,5,7,8,6,6,5,5,5,5,7,6,7,5,5,5,6,5,7,6,5,5,7,6,5,6,7,7,6,7,7,7,7,6,9,12,7,6,7,6,7,7,9,9,7,8,7,8,6,10,5,5,5,5,5,5,5,5,5,5,5,5,5,5,5,5,5,5,5,5,5,5,5,5,5,5,5,5,5,5,5,5,5,5,5,5,5,5,5,5,5,5,5,5,5,5,5,5,5,5,5,5,5,5,5,5,5,5,5,5,5,5,5,5
164,689,683,673,678,656,654,652,654,695,681,684,686,668,663,662,659,695,688,679,682,676,669,656,674,688,690,684,687,686,675,672,664,703,695,696,690,702,696,686,678,706,710,702,706,697,695,681,686,722,726,716,702,700,690,697,684,721,724,716,712,703,707,706,707,7,5,5,6,5,5,5,6,7,6,5,4,4,4,4,5,7,7,5,6,5,5,4,5,7,6,5,6,5,5,6,5,9,6,5,6,7,6,5,5,5,7,7,6,7,5,6,8,8,9,6,7,6,6,5,8,8,11,8,11,7,6,7,12,5,5,5,5,5,5,5,5,5,5,5,5,5,5,5,5,5,5,5,5,5,5,5,5,5,5,5,5,5,5,5,5,5,5,5,5,5,5,5,5,5,5,5,5,5,5,5,5,5,5,5,5,5,5,5,5,5,5,5,5,5,5,5,5
165,690,681,679,658,665,655,659,650,674,682,677,672,670,668,668,669,706,698,680,683,680,668,659,666,706,696,687,679,682,664,671,683,703,707,705,686,696,687,674,668,707,719,706,682,708,684,692,689,714,711,708,714,711,700,695,686,715,713,713,722,715,701,707,695,8,5,6,5,4,5,6,7,8,5,5,5,6,6,5,6,7,9,5,7,5,5,5,5,6,5,6,5,5,6,7,6,8,7,5,6,5,6,6,6,6,6,5,7,6,6,6,8,8,7,8,9,6,7,8,8,7,11,6,9,7,5,9,11,5,5,5,5,5,5,5,5,5,5,5,5,5,5,5,5,5,5,5,5,5,5,5,5,5,5,5,5,5,5,5,5,5,5,5,5,5,5,5,5,5,5,5,5,5,5,5,5,5,5,5,5,5,5,5,5,5,5,5,5,5,5,5,5
166,687,671,667,667,668,661,654,651,687,680,676,669,673,661,657,643,689,687,693,676,677,675,683,665,699,699,693,690,680,677,673,675,708,699,700,701,699,688,683,667,716,709,700,699,706,700,694,691,710,711,711,711,705,700,691,695,699,722,712,715,710,703,706,692,7,5,5,5,5,6,4,6,6,5,5,5,5,5,5,5,6,6,4,6,5,5,5,5,7,5,6,5,5,4,5,6,8,5,6,5,6,5,6,5,5,8,6,6,6,5,7,6,6,8,8,8,6,5,7,7,10,9,6,8,7,6,7,12,5,5,5,5,5,5,5,5,5,5,5,5,5,5,5,5,5,5,5,5,5,5,5,5,5,5,5,5,5,5,5,5,5,5,5,5,5,5,5,5,5,5,5,5,5,5,5,5,5,5,5,5,5,5,5,5,5,5,5,5,5,5,5,5
167,671,670,681,662,661,665,663,670,677,679,695,667,672,676,661,656,697,682,679,683,682,681,670,659,706,686,694,683,689,680,674,675,697,697,693,694,706,684,674,674,715,706,685,706,693,688,691,684,711,729,714,684,689,704,703,691,725,707,719,709,703,701,704,697,7,5,6,5,5,4,5,6,7,6,6,6,5,6,6,5,7,6,5,7,5,4,6,6,6,7,7,5,5,5,6,6,9,6,6,6,5,5,6,5,7,7,6,8,8,7,8,7,8,10,6,8,7,6,7,6,8,13,8,9,8,7,8,12,5,5,5,5,5,5,5,5,5,5,5,5,5,5,5,5,5,5,5,5,5,5,5,5,5,5,5,5,5,5,5,5,5,5,5,5,5,5,5,5,5,5,5,5,5,5,5,5,5,5,5,5,5,5,5,5,5,5,5,5,5,5,5,5
168,684,675,677,672,667,659,657,663,684,677,686,671,667,666,655,657,680,692,689,676,670,674,674,667,707,699,702,690,688,677,674,668,701,702,701,692,683,682,679,676,717,712,689,698,701,686,684,669,719,718,721,714,709,693,685,688,741,731,719,725,719,716,706,704,6,6,5,5,4,4,5,5,6,5,4,5,5,4,5,5,7,7,5,6,4,5,5,6,7,6,8,6,6,4,6,5,7,6,4,5,6,6,6,6,7,7,7,7,5,7,6,6,7,8,8,8,6,6,7,7,9,9,6,9,7,6,7,10,5,5,5,5,5,5,5,5,5,5,5,5,5,5,5,5,5,5,5,5,5,5,5,5,5,5,5,5,5,5,5,5,5,5,5,5,5,5,5,5,5,5,5,5,5,5,5,5,5,5,5,5,5,5,5,5,5,5,5,5,5,5,5,5
169,676,683,678,651,665,661,656,654,689,682,675,677,675,663,651,662,691,708,692,675,679,668,668,659,711,697,689,688,685,680,680,672,696,693,700,686,691,683,676,687,715,703,697,704,695,696,682,696,701,702,706,704,709,696,687,697,739,735,717,706,701,706,707,707,8,5,6,5,6,5,5,7,5,5,4,5,6,5,5,5,8,8,5,6,5,5,6,6,7,6,7,5,6,6,7,6,9,5,6,5,6,6,6,6,7,7,6,6,7,6,7,8,7,7,8,7,6,7,6,7,10,10,8,9,8,8,8,14,5,5,5,5,5,5,5,5,5,5,5,5,5,5,5,5,5,5,5,5,5,5,5,5,5,5,5,5,5,5,5,5,5,5,5,5,5,5,5,5,5,5,5,5,5,5,5,5,5,5,5,5,5,5,5,5,5,5,5,5,5,5,5,5
170,681,681,673,664,659,655,668,647,687,669,680,663,673,669,667,657,700,685,685,689,675,669,663,663,694,699,703,692,677,670,672,669,704,706,711,702,694,691,685,684,713,701,701,700,688,694,689,679,713,713,712,712,700,705,683,700,735,736,721,711,717,702,691,708,6,5,6,4,5,5,6,5,7,5,5,5,5,5,4,4,8,7,6,6,5,6,4,5,7,5,5,5,5,4,6,8,6,6,5,5,7,5,5,6,5,6,6,5,6,6,6,7,8,8,6,7,6,7,7,7,8,11,7,9,7,6,5,11,5,5,5,5,5,5,5,5,5,5,5,5,5,5,5,5,5,5,5,5,5,5,5,5,5,5,5,5,5,5,5,5,5,5,5,5,5,5,5,5,5,5,5,5,5,5,5,5,5,5,5,5,5,5,5,5,5,5,5,5,5,5,5,5
171,678,666,679,671,656,660,665,664,696,685,689,678,669,661,661,655,687,695,678,674,671,668,674,669,696,699,690,690,684,685,675,679,693,707,707,708,687,694,680,674,707,704,719,690,690,695,684,677,717,707,705,709,687,692,705,678,726,711,714,697,711,701,709,699,6,6,6,5,4,5,6,4,7,5,6,5,5,4,5,4,10,7,5,6,5,5,5,6,8,5,7,5,5,6,8,7,6,6,5,6,6,6,5,6,6,6,7,6,8,6,6,6,8,10,8,8,6,6,7,8,10,13,8,12,6,7,9,8,5,5,5,5,5,5,5,5,5,5,5,5,5,5,5,5,5,5,5,5,5,5,5,5,5,5,5,5,5,5,5,5,5,5,5,5,5,5,5,5,5,5,5,5,5,5,5,5,5,5,5,5,5,5,5,5,5,5,5,5,5,5,5,5
172,686,677,668,663,669,654,666,652,693,688,676,671,679,670,659,653,677,692,675,688,678,674,670,661,702,693,690,673,672,684,684,672,709,707,687,697,688,682,690,673,711,707,710,687,704,693,686,686,736,718,705,709,691,709,696,701,739,725,716,725,717,702,701,701,7,5,5,5,4,4,5,5,7,5,5,5,6,5,5,4,9,7,6,7,4,5,5,5,7,5,6,5,4,5,5,6,7,5,4,5,6,5,5,6,6,6,7,6,8,5,6,6,6,7,7,6,5,6,8,9,6,8,4,9,7,8,6,8,5,5,5,5,5,5,5,5,5,5,5,5,5,5,5,5,5,5,5,5,5,5,5,5,5,5,5,5,5,5,5,5,5,5,5,5,5,5,5,5,5,5,5,5,5,5,5,5,5,5,5,5,5,5,5,5,5,5,5,5,5,5,5,5
173,679,681,670,660,663,662,665,666,696,685,684,676,669,662,667,654,696,695,686,685,671,682,668,661,691,692,691,693,684,676,673,666,721,708,705,695,689,684,683,671,706,709,702,704,696,711,678,691,705,719,723,718,695,701,692,698,722,722,720,732,688,711,714,682,6,6,6,6,6,5,6,6,6,6,5,6,6,5,5,5,8,8,5,6,4,5,5,5,6,6,6,6,5,5,6,6,8,6,5,7,7,6,5,6,8,8,7,6,7,6,6,7,8,9,8,6,7,5,7,8,8,10,8,10,6,7,8,13,5,5,5,5,5,5,5,5,5,5,5,5,5,5,5,5,5,5,5,5,5,5,5,5,5,5,5,5,5,5,5,5,5,5,5,5,5,5,5,5,5,5,5,5,5,5,5,5,5,5,5,5,5,5,5,5,5,5,5,5,5,5,5,5
174,683,675,671,666,662,665,650,659,687,682,678,673,671,659,663,667,688,698,681,675,682,665,671,669,690,680,692,675,676,674,679,676,704,698,692,692,685,680,684,678,713,704,700,698,694,692,688,693,725,728,710,692,699,688,706,692,733,711,715,722,721,691,714,703,7,5,4,5,5,5,4,5,6,5,6,4,5,4,4,5,7,7,6,5,5,5,6,5,7,6,6,4,5,5,5,5,11,5,5,5,5,5,6,6,6,6,6,7,9,6,5,6,5,11,8,5,6,6,5,7,10,11,7,10,6,8,5,12,5,5,5,5,5,5,5,5,5,5,5,5,5,5,5,5,5,5,5,5,5,5,5,5,5,5,5,5,5,5,5,5,5,5,5,5,5,5,5,5,5,5,5,5,5,5,5,5,5,5,5,5,5,5,5,5,5,5,5,5,5,5,5,5
175,686,675,670,662,661,660,653,655,687,682,677,675,675,675,666,659,702,702,696,692,689,669,671,669,696,691,700,684,684,685,672,672,706,694,703,690,688,686,687,664,715,705,707,697,695,686,689,701,710,714,706,718,699,701,685,693,722,713,717,708,713,688,699,701,7,6,5,6,5,5,5,6,7,6,5,6,5,5,5,5,8,6,5,6,5,6,6,6,9,6,6,6,5,5,6,7,6,6,5,6,6,6,5,5,6,7,7,5,8,6,6,6,8,8,6,11,5,7,6,8,7,12,7,12,7,6,8,11,5,5,5,5,5,5,5,5,5,5,5,5,5,5,5,5,5,5,5,5,5,5,5,5,5,5,5,5,5,5,5,5,5,5,5,5,5,5,5,5,5,5,5,5,5,5,5,5,5,5,5,5,5,5,5,5,5,5,5,5,5,5,5,5
176,672,684,672,668,655,652,659,657,676,681,676,678,669,663,675,656,701,694,674,677,687,680,670,671,687,693,694,692,684,675,683,671,700,689,695,695,687,686,692,678,719,708,704,700,693,689,687,687,722,723,705,714,708,700,702,700,717,721,714,700,695,697,701,692,5,5,5,5,4,5,4,6,6,5,5,5,5,4,4,5,6,7,6,6,5,5,6,5,7,6,7,6,5,4,5,5,6,5,5,6,5,5,5,7,7,8,6,6,6,5,7,8,8,10,8,6,7,6,6,8,10,10,6,8,7,7,7,9,5,5,5,5,5,5,5,5,5,5,5,5,5,5,5,5,5,5,5,5,5,5,5,5,5,5,5,5,5,5,5,5,5,5,5,5,5,5,5,5,5,5,5,5,5,5,5,5,5,5,5,5,5,5,5,5,5,5,5,5,5,5,5,5
177,677,685,671,663,674,665,659,651,687,679,673,672,673,661,661,663,693,703,684,675,675,662,670,676,712,701,696,692,677,679,685,670,701,698,694,695,681,686,684,677,719,706,704,696,689,693,698,679,713,727,722,704,697,697,702,699,732,711,719,718,713,691,706,695,6,6,5,6,5,5,6,6,7,5,5,7,5,5,5,4,9,6,7,7,4,5,6,6,8,6,6,5,6,5,6,7,8,6,6,7,5,6,5,6,8,6,6,5,7,6,5,8,9,10,6,8,6,6,6,10,11,10,7,9,7,7,8,12,5,5,5,5,5,5,5,5,5,5,5,5,5,5,5,5,5,5,5,5,5,5,5,5,5,5,5,5,5,5,5,5,5,5,5,5,5,5,5,5,5,5,5,5,5,5,5,5,5,5,5,5,5,5,5,5,5,5,5,5,5,5,5,5
178,672,684,676,676,669,664,650,658,693,680,675,674,673,671,666,655,689,690,680,680,678,680,670,663,690,703,689,689,689,676,675,668,699,705,697,694,692,672,692,681,696,714,712,694,703,692,695,696,711,721,711,696,707,699,713,693,730,727,728,718,700,714,699,698,6,4,5,5,4,4,5,7,7,5,4,6,5,4,4,4,7,7,6,5,5,5,5,4,6,6,6,5,5,5,5,5,7,6,7,6,6,5,5,6,7,5,5,7,6,4,7,6,6,8,6,6,5,6,6,8,10,10,6,10,8,7,7,11,5,5,5,5,5,5,5,5,5,5,5,5,5,5,5,5,5,5,5,5,5,5,5,5,5,5,5,5,5,5,5,5,5,5,5,5,5,5,5,5,5,5,5,5,5,5,5,5,5,5,5,5,5,5,5,5,5,5,5,5,5,5,5,5
179,681,681,674,671,664,654,659,650,689,682,670,672,676,674,655,656,707,673,680,671,671,667,662,663,698,698,691,688,680,683,683,675,705,715,695,703,709,679,683,683,707,697,709,704,692,693,696,684,725,706,714,713,691,712,704,682,721,719,716,679,710,709,712,708,6,7,5,6,5,6,6,6,8,6,6,5,4,5,5,5,7,8,7,5,4,5,6,5,7,6,7,5,5,6,5,6,8,7,6,5,5,5,5,7,7,8,7,7,7,5,6,7,7,7,7,8,7,8,7,7,8,10,7,9,9,7,8,12,5,5,5,5,5,5,5,5,5,5,5,5,5,5,5,5,5,5,5,5,5,5,5,5,5,5,5,5,5,5,5,5,5,5,5,5,5,5,5,5,5,5,5,5,5,5,5,5,5,5,5,5,5,5,5,5,5,5,5,5,5,5,5,5
180,678,676,674,665,655,667,667,646,690,677,669,672,678,662,652,666,677,683,684,678,675,667,670,660,700,689,690,690,684,680,682,664,696,702,702,693,694,687,686,679,719,705,701,693,685,689,682,678,724,728,707,692,703,695,699,690,739,715,725,711,716,703,700,708,6,5,5,4,5,5,5,6,6,5,4,5,5,4,5,5,8,6,5,6,5,5,4,6,7,6,6,5,5,4,6,5,7,6,5,6,6,5,4,5,7,6,6,8,7,5,8,5,6,9,8,6,7,7,7,7,14,9,7,8,7,7,8,11,5,5,5,5,5,5,5,5,5,5,5,5,5,5,5,5,5,5,5,5,5,5,5,5,5,5,5,5,5,5,5,5,5,5,5,5,5,5,5,5,5,5,5,5,5,5,5,5,5,5,5,5,5,5,5,5,5,5,5,5,5,5,5,5
181,659,681,681,676,663,662,661,652,689,685,679,671,667,666,665,657,681,686,679,679,676,677,668,665,714,685,702,693,684,682,668,675,706,708,695,696,695,691,684,675,715,717,723,696,697,698,687,684,716,706,707,701,702,697,695,692,717,723,717,733,712,722,686,691,7,5,7,6,5,5,5,5,7,6,6,5,5,6,5,5,8,6,6,5,5,6,6,5,7,7,8,6,5,5,6,6,8,6,6,6,7,6,6,6,7,7,5,6,6,6,6,7,9,10,8,8,6,6,8,8,8,10,7,9,7,8,7,12,5,5,5,5,5,5,5,5,5,5,5,5,5,5,5,5,5,5,5,5,5,5,5,5,5,5,5,5,5,5,5,5,5,5,5,5,5,5,5,5,5,5,5,5,5,5,5,5,5,5,5,5,5,5,5,5,5,5,5,5,5,5,5,5
182,690,672,671,670,659,658,659,657,689,686,681,666,671,671,672,658,683,695,684,690,676,670,678,672,709,693,690,684,682,681,671,661,705,691,706,687,699,692,685,679,729,713,694,703,698,682,686,677,723,719,712,696,718,700,685,690,720,721,728,727,718,709,701,692,7,6,5,5,5,4,5,5,5,5,5,5,5,5,5,4,8,7,5,5,4,5,6,5,6,5,6,5,6,5,6,6,9,6,5,5,6,6,5,5,7,7,7,5,5,5,5,6,7,8,6,6,7,6,6,6,10,9,11,8,7,7,6,11,5,5,5,5,5,5,5,5,5,5,5,5,5,5,5,5,5,5,5,5,5,5,5,5,5,5,5,5,5,5,5,5,5,5,5,5,5,5,5,5,5,5,5,5,5,5,5,5,5,5,5,5,5,5,5,5,5,5,5,5,5,5,5,5
183,669,661,678,664,659,661,661,649,678,692,677,674,683,666,659,663,689,694,683,680,677,672,666,667,705,699,694,689,676,673,670,662,711,701,698,696,686,693,669,686,702,713,708,697,687,691,691,693,738,733,696,704,702,704,707,694,721,707,710,716,709,713,700,681,6,6,6,5,5,4,5,5,6,6,5,5,6,5,5,5,8,8,6,7,5,5,6,6,6,5,6,5,5,5,5,8,8,6,7,6,5,6,5,8,8,8,6,7,7,6,6,8,8,13,7,7,6,7,8,7,9,10,7,9,9,8,7,9,5,5,5,5,5,5,5,5,5,5,5,5,5,5,5,5,5,5,5,5,5,5,5,5,5,5,5,5,5,5,5,5,5,5,5,5,5,5,5,5,5,5,5,5,5,5,5,5,5,5,5,5,5,5,5,5,5,5,5,5,5,5,5,5
184,692,685,675,666,662,661,653,656,673,684,675,674,666,662,665,659,689,691,688,676,674,669,667,670,703,691,698,692,679,676,672,674,693,702,695,698,694,695,686,679,707,708,703,705,690,700,670,688,729,707,715,716,710,708,693,702,731,734,711,729,701,701,703,703,6,5,5,5,6,4,4,7,6,5,5,5,5,5,4,5,8,6,5,6,4,5,5,5,8,5,6,5,5,5,6,6,7,5,5,6,6,6,4,7,6,6,5,6,7,5,6,6,8,8,6,6,6,7,7,8,9,9,6,9,7,7,6,12,5,5,5,5,5,5,5,5,5,5,5,5,5,5,5,5,5,5,5,5,5,5,5,5,5,5,5,5,5,5,5,5,5,5,5,5,5,5,5,5,5,5,5,5,5,5,5,5,5,5,5,5,5,5,5,5,5,5,5,5,5,5,5,5
185,671,673,667,668,652,659,661,650,695,677,677,676,676,667,664,656,699,695,681,685,678,664,666,670,691,700,698,686,686,683,669,672,698,702,699,704,697,681,688,680,711,703,704,705,696,686,670,683,721,721,716,697,695,703,692,705,738,714,734,709,698,704,694,715,6,6,6,5,5,5,6,5,6,5,5,5,6,5,7,5,9,7,6,6,5,5,5,5,8,6,7,5,7,5,5,5,9,5,6,6,7,5,6,6,9,7,6,8,7,7,7,7,8,10,9,7,6,6,8,10,9,11,8,9,6,6,7,12,5,5,5,5,5,5,5,5,5,5,5,5,5,5,5,5,5,5,5,5,5,5,5,5,5,5,5,5,5,5,5,5,5,5,5,5,5,5,5,5,5,5,5,5,5,5,5,5,5,5,5,5,5,5,5,5,5,5,5,5,5,5,5,5
186,684,681,676,672,661,664,661,656,689,682,678,675,665,665,649,657,697,674,681,682,673,675,664,661,689,702,679,691,680,677,682,669,709,702,700,694,693,688,678,669,712,705,700,692,696,686,690,671,713,715,719,712,708,702,696,701,741,711,729,725,699,696,702,703,7,7,5,5,5,5,5,4,5,6,5,6,5,4,4,4,6,7,6,6,4,5,6,5,7,6,5,5,5,5,4,5,8,5,4,6,6,5,6,5,6,6,5,6,6,7,6,5,8,8,6,8,6,7,6,10,7,12,8,7,6,6,7,11,5,5,5,5,5,5,5,5,5,5,5,5,5,5,5,5,5,5,5,5,5,5,5,5,5,5,5,5,5,5,5,5,5,5,5,5,5,5,5,5,5,5,5,5,5,5,5,5,5,5,5,5,5,5,5,5,5,5,5,5,5,5,5,5
187,695,680,663,671,669,664,661,655,687,689,677,678,671,670,658,659,689,695,684,682,687,678,663,672,705,685,684,685,689,679,673,667,707,698,705,709,695,681,687,691,726,702,699,704,690,698,678,697,728,708,718,705,702,695,688,679,713,753,711,712,703,698,695,701,8,5,5,4,4,5,6,6,6,6,5,5,5,5,6,5,8,8,5,6,5,6,5,5,7,5,7,6,5,6,6,5,8,6,6,5,6,6,5,8,8,8,5,6,7,6,7,7,8,11,7,8,7,6,7,7,6,9,8,11,8,7,7,16,5,5,5,5,5,5,5,5,5,5,5,5,5,5,5,5,5,5,5,5,5,5,5,5,5,5,5,5,5,5,5,5,5,5,5,5,5,5,5,5,5,5,5,5,5,5,5,5,5,5,5,5,5,5,5,5,5,5,5,5,5,5,5,5
188,685,668,667,672,666,651,651,648,685,679,677,666,667,669,665,656,694,695,694,679,677,662,664,669,711,692,700,691,681,676,683,664,701,700,693,699,701,677,680,673,708,707,706,708,689,696,689,684,728,725,717,693,699,701,697,693,725,724,707,694,710,704,694,717,7,6,5,5,4,5,4,5,6,5,6,5,5,4,5,5,8,6,5,6,5,5,6,6,7,5,6,5,5,5,5,7,7,6,6,5,7,5,4,6,6,6,5,7,8,5,6,5,7,8,8,5,5,6,5,7,9,11,6,8,8,7,8,9,5,5,5,5,5,5,5,5,5,5,5,5,5,5,5,5,5,5,5,5,5,5,5,5,5,5,5,5,5,5,5,5,5,5,5,5,5,5,5,5,5,5,5,5,5,5,5,5,5,5,5,5,5,5,5,5,5,5,5,5,5,5,5,5
189,680,672,678,671,668,664,661,654,694,691,683,685,663,668,664,666,700,677,678,679,679,679,666,673,709,693,700,686,683,684,681,671,710,708,693,694,677,687,687,679,720,708,705,711,677,696,683,672,713,700,694,723,714,697,695,700,735,724,732,708,708,696,698,686,7,7,6,5,6,5,5,5,6,6,4,7,5,5,5,5,8,7,5,6,5,6,5,5,6,6,6,5,6,5,5,6,8,6,6,6,6,6,5,8,8,7,6,7,7,6,6,7,9,11,9,8,7,7,8,8,10,14,6,8,7,8,7,11,5,5,5,5,5,5,5,5,5,5,5,5,5,5,5,5,5,5,5,5,5,5,5,5,5,5,5,5,5,5,5,5,5,5,5,5,5,5,5,5,5,5,5,5,5,5,5,5,5,5,5,5,5,5,5,5,5,5,5,5,5,5,5,5
190,677,689,676,656,658,662,664,644,678,686,671,677,670,669,667,660,690,682,686,675,672,670,670,654,700,690,686,689,681,666,671,669,715,703,695,708,686,677,684,670,712,701,702,702,703,692,688,689,717,728,719,710,697,699,692,696,732,731,714,707,702,705,695,683,8,5,5,6,5,4,5,5,7,5,5,4,5,4,6,5,6,6,6,5,4,5,4,5,7,5,6,5,5,5,5,6,7,6,5,5,5,5,5,5,7,6,6,8,7,5,6,8,8,11,6,8,6,6,7,7,8,10,6,8,8,8,9,10,5,5,5,5,5,5,5,5,5,5,5,5,5,5,5,5,5,5,5,5,5,5,5,5,5,5,5,5,5,5,5,5,5,5,5,5,5,5,5,5,5,5,5,5,5,5,5,5,5,5,5,5,5,5,5,5,5,5,5,5,5,5,5,5
191,665,678,668,673,659,663,653,645,692,685,671,672,675,657,666,653,690,697,694,685,671,674,663,653,701,688,700,685,685,678,683,680,710,704,689,683,696,696,682,681,713,706,706,711,701,693,677,688,732,707,700,709,698,690,691,697,729,730,714,712,711,702,703,704,5,6,5,6,5,4,7,5,8,6,6,5,5,4,5,5,7,7,5,6,4,7,4,5,8,6,6,5,5,5,5,6,8,6,6,5,7,6,6,6,7,7,7,7,7,5,7,6,7,7,6,8,7,6,7,9,11,11,7,10,7,6,8,14,5,5,5,5,5,5,5,5,5,5,5,5,5,5,5,5,5,5,5,5,5,5,5,5,5,5,5,5,5,5,5,5,5,5,5,5,5,5,5,5,5,5,5,5,5,5,5,5,5,5,5,5,5,5,5,5,5,5,5,5,5,5,5,5
192,688,674,666,672,669,659,655,655,682,684,687,680,666,657,667,658,707,693,677,690,674,673,673,671,710,701,686,688,684,680,671,670,704,702,701,684,693,689,675,677,715,706,703,718,706,688,684,682,710,722,700,711,703,700,704,679,737,744,725,714,703,699,711,691,7,5,5,6,4,4,4,6,7,5,4,6,5,4,5,5,7,6,5,5,4,5,4,5,7,6,6,5,4,5,6,5,9,6,5,5,5,6,6,6,8,8,5,7,6,6,6,8,8,8,8,7,7,7,5,8,12,11,8,7,7,7,5,9,5,5,5,5,5,5,5,5,5,5,5,5,5,5,5,5,5,5,5,5,5,5,5,5,5,5,5,5,5,5,5,5,5,5,5,5,5,5,5,5,5,5,5,5,5,5,5,5,5,5,5,5,5,5,5,5,5,5,5,5,5,5,5,5
193,675,679,680,674,662,643,652,649,675,676,685,673,676,664,664,662,685,685,692,672,682,672,674,671,688,684,697,690,693,675,677,663,703,695,709,700,699,698,680,679,703,705,697,704,689,692,695,688,716,730,707,708,690,694,693,689,713,715,722,726,702,689,694,692,7,5,6,7,5,5,5,6,6,6,5,6,6,5,4,5,7,6,5,6,5,6,5,6,7,5,8,5,6,5,5,6,10,5,6,5,7,6,6,6,7,7,7,7,8,5,6,8,8,10,7,9,6,8,6,8,10,14,7,11,7,6,8,10,5,5,5,5,5,5,5,5,5,5,5,5,5,5,5,5,5,5,5,5,5,5,5,5,5,5,5,5,5,5,5,5,5,5,5,5,5,5,5,5,5,5,5,5,5,5,5,5,5,5,5,5,5,5,5,5,5,5,5,5,5,5,5,5
194,675,675,669,664,670,658,653,655,690,678,675,669,673,666,666,656,690,707,667,678,683,672,663,677,687,696,692,688,685,677,665,673,715,708,691,695,681,689,681,679,722,710,705,701,693,694,694,687,735,701,707,694,712,691,700,711,721,716,715,711,718,696,697,688,6,6,6,5,4,5,5,6,5,4,5,5,5,5,4,5,7,8,5,5,4,5,6,5,6,6,6,6,5,5,6,6,7,5,6,5,5,6,7,6,8,7,5,6,7,5,7,7,7,7,7,6,7,5,6,8,7,9,6,7,6,7,6,14,5,5,5,5,5,5,5,5,5,5,5,5,5,5,5,5,5,5,5,5,5,5,5,5,5,5,5,5,5,5,5,5,5,5,5,5,5,5,5,5,5,5,5,5,5,5,5,5,5,5,5,5,5,5,5,5,5,5,5,5,5,5,5,5
195,689,688,664,674,655,670,674,657,693,679,667,665,677,662,660,663,688,687,693,675,686,678,661,661,705,689,696,681,684,685,664,677,705,704,700,697,699,699,688,682,721,698,703,700,689,692,697,692,715,709,732,702,708,706,692,695,740,705,714,701,725,725,700,709,7,6,6,5,5,5,6,6,7,5,5,5,6,4,5,6,6,7,5,5,5,6,4,5,6,6,7,5,6,6,6,8,8,6,6,6,7,6,6,6,7,6,6,6,7,5,6,8,8,7,7,7,7,7,7,7,10,12,6,8,7,9,7,13,5,5,5,5,5,5,5,5,5,5,5,5,5,5,5,5,5,5,5,5,5,5,5,5,5,5,5,5,5,5,5,5,5,5,5,5,5,5,5,5,5,5,5,5,5,5,5,5,5,5,5,5,5,5,5,5,5,5,5,5,5,5,5,5
196,680,678,668,667,669,654,663,653,692,685,681,682,659,673,659,665,701,693,689,684,684,676,672,670,706,695,687,687,695,676,678,660,714,691,701,698,693,691,691,680,721,706,699,694,689,695,685,677,708,721,711,699,698,700,691,707,726,713,718,707,705,705,708,711,7,6,5,6,4,4,5,5,6,5,4,5,5,5,5,5,6,7,5,6,5,5,5,5,7,5,6,5,6,6,6,7,8,5,5,6,7,6,5,5,7,7,5,7,7,6,7,7,7,9,6,6,5,5,6,6,10,9,5,8,7,7,7,12,5,5,5,5,5,5,5,5,5,5,5,5,5,5,5,5,5,5,5,5,5,5,5,5,5,5,5,5,5,5,5,5,5,5,5,5,5,5,5,5,5,5,5,5,5,5,5,5,5,5,5,5,5,5,5,5,5,5,5,5,5,5,5,5
197,687,679,663,664,660,658,652,651,689,680,680,671,677,660,655,662,704,703,686,676,680,663,664,670,698,693,695,685,680,674,666,666,712,708,705,686,684,682,687,670,712,710,695,712,695,690,694,683,724,725,701,708,697,694,699,685,716,727,730,721,701,708,707,694,6,5,4,6,5,5,5,6,5,6,6,5,5,4,5,5,8,6,6,6,5,5,6,5,7,5,7,5,5,5,6,8,9,6,6,6,6,6,5,8,7,7,6,6,8,6,6,6,9,7,7,7,6,7,5,11,8,11,7,9,8,7,9,13,5,5,5,5,5,5,5,5,5,5,5,5,5,5,5,5,5,5,5,5,5,5,5,5,5,5,5,5,5,5,5,5,5,5,5,5,5,5,5,5,5,5,5,5,5,5,5,5,5,5,5,5,5,5,5,5,5,5,5,5,5,5,5,5
198,669,678,677,670,659,669,654,664,679,691,676,676,684,665,658,659,699,696,686,704,676,666,666,650,707,683,702,681,689,674,679,675,703,696,703,701,691,690,689,673,723,707,699,702,692,687,693,680,716,727,728,715,697,693,703,692,728,707,718,707,722,714,720,690,6,6,5,5,5,5,5,6,7,5,5,6,6,4,5,5,7,8,6,6,4,5,5,5,8,6,4,5,5,5,6,6,8,5,5,4,6,6,5,5,7,6,6,6,7,7,6,7,10,9,7,9,6,6,5,7,9,11,5,7,10,8,9,12,5,5,5,5,5,5,5,5,5,5,5,5,5,5,5,5,5,5,5,5,5,5,5,5,5,5,5,5,5,5,5,5,5,5,5,5,5,5,5,5,5,5,5,5,5,5,5,5,5,5,5,5,5,5,5,5,5,5,5,5,5,5,5,5
199,673,668,674,666,659,654,650,650,677,688,684,671,665,661,661,672,701,683,688,677,680,678,664,665,705,696,693,682,684,686,677,675,700,704,695,686,689,688,684,685,697,712,703,695,693,697,691,688,723,706,711,714,708,703,695,698,731,731,716,712,700,708,697,711,8,6,5,6,5,5,5,6,6,6,5,5,5,4,5,5,7,6,6,6,5,6,5,5,6,6,7,5,5,5,6,6,7,6,6,6,7,6,7,6,6,7,7,6,7,6,7,8,9,8,7,7,7,7,8,8,13,11,6,8,7,7,6,14,5,5,5,5,5,5,5,5,5,5,5,5,5,5,5,5,5,5,5,5,5,5,5,5,5,5,5,5,5,5,5,5,5,5,5,5,5,5,5,5,5,5,5,5,5,5,5,5,5,5,5,5,5,5,5,5,5,5,5,5,5,5,5,5
