frame,dist_z0,dist_z1,dist_z2,dist_z3,dist_z4,dist_z5,dist_z6,dist_z7,dist_z8,dist_z9,dist_z10,dist_z11,dist_z12,dist_z13,dist_z14,dist_z15,dist_z16,dist_z17,dist_z18,dist_z19,dist_z20,dist_z21,dist_z22,dist_z23,dist_z24,dist_z25,dist_z26,dist_z27,dist_z28,dist_z29,dist_z30,dist_z31,dist_z32,dist_z33,dist_z34,dist_z35,dist_z36,dist_z37,dist_z38,dist_z39,dist_z40,dist_z41,dist_z42,dist_z43,dist_z44,dist_z45,dist_z46,dist_z47,dist_z48,dist_z49,dist_z50,dist_z51,dist_z52,dist_z53,dist_z54,dist_z55,dist_z56,dist_z57,dist_z58,dist_z59,dist_z60,dist_z61,dist_z62,dist_z63,sigma_z0,sigma_z1,sigma_z2,sigma_z3,sigma_z4,sigma_z5,sigma_z6,sigma_z7,sigma_z8,sigma_z9,sigma_z10,sigma_z11,sigma_z12,sigma_z13,sigma_z14,sigma_z15,sigma_z16,sigma_z17,sigma_z18,sigma_z19,sigma_z20,sigma_z21,sigma_z22,sigma_z23,sigma_z24,sigma_z25,sigma_z26,sigma_z27,sigma_z28,sigma_z29,sigma_z30,sigma_z31,sigma_z32,sigma_z33,sigma_z34,sigma_z35,sigma_z36,sigma_z37,sigma_z38,sigma_z39,sigma_z40,sigma_z41,sigma_z42,sigma_z43,sigma_z44,sigma_z45,sigma_z46,sigma_z47,sigma_z48,sigma_z49,sigma_z50,sigma_z51,sigma_z52,sigma_z53,sigma_z54,sigma_z55,sigma_z56,sigma_z57,sigma_z58,sigma_z59,sigma_z60,sigma_z61,sigma_z62,sigma_z63,status_z0,status_z1,status_z2,status_z3,status_z4,status_z5,status_z6,status_z7,status_z8,status_z9,status_z10,status_z11,status_z12,status_z13,status_z14,status_z15,status_z16,status_z17,status_z18,status_z19,status_z20,status_z21,status_z22,status_z23,status_z24,status_z25,status_z26,status_z27,status_z28,status_z29,status_z30,status_z31,status_z32,status_z33,status_z34,status_z35,status_z36,status_z37,status_z38,status_z39,status_z40,status_z41,status_z42,status_z43,status_z44,status_z45,status_z46,status_z47,status_z48,status_z49,status_z50,status_z51,status_z52,status_z53,status_z54,status_z55,status_z56,status_z57,status_z58,status_z59,status_z60,status_z61,status_z62,status_z63
0,881,874,872,855,853,855,868,849,874,881,870,873,873,858,858,868,888,917,881,879,876,870,873,867,900,885,888,876,882,866,886,863,911,898,896,893,889,884,891,870,899,906,896,888,893,881,868,901,913,920,894,895,910,891,892,884,927,940,919,934,900,897,912,907,8,9,6,6,5,7,6,7,7,6,6,7,7,6,7,6,12,6,6,7,7,7,6,5,9,6,8,7,7,6,8,7,12,7,6,6,8,6,6,8,8,7,7,10,7,5,9,9,11,10,9,8,9,8,8,13,11,13,8,15,8,8,9,27,5,5,5,5,5,5,5,5,5,5,5,5,5,5,5,5,5,5,5,5,5,5,5,5,5,5,5,5,5,5,5,5,5,5,5,5,5,5,5,5,5,5,5,5,5,5,5,5,5,5,5,5,5,5,5,5,5,5,5,5,5,5,5,5
1,874,879,874,874,862,851,854,847,905,880,877,877,872,864,867,858,899,881,894,873,873,880,866,861,912,880,890,898,887,883,876,882,901,903,902,904,902,888,891,868,909,910,893,896,894,882,894,898,913,914,915,891,886,881,896,863,926,912,897,928,891,901,884,884,7,6,7,7,6,7,9,10,12,6,7,6,7,7,8,6,9,8,7,8,7,6,7,8,9,7,7,7,8,8,7,12,9,8,6,7,7,10,8,8,9,9,7,8,13,7,10,7,11,10,9,9,9,9,8,9,12,17,7,12,9,9,9,14,5,5,5,5,5,5,5,5,5,5,5,5,5,5,5,5,5,5,5,5,5,5,5,5,5,5,5,5,5,5,5,5,5,5,5,5,5,5,5,5,5,5,5,5,5,5,5,5,5,5,5,5,5,5,5,5,5,5,5,5,5,5,5,5
2,874,879,865,862,860,857,858,871,879,871,871,872,864,869,868,846,872,904,876,871,869,882,870,869,908,882,880,880,875,881,876,889,916,903,893,892,887,883,881,861,910,902,895,912,903,883,878,875,923,939,913,900,904,877,887,910,945,929,923,903,903,909,903,916,10,9,7,7,5,6,6,8,10,7,6,6,8,5,8,7,11,11,7,8,5,6,6,8,8,7,6,7,6,6,7,8,12,7,7,8,8,6,6,7,14,7,7,8,10,7,7,15,11,12,9,8,10,6,9,14,10,12,6,10,9,9,11,16,5,5,5,5,5,5,5,5,5,5,5,5,5,5,5,5,5,5,5,5,5,5,5,5,5,5,5,5,5,5,5,5,5,5,5,5,5,5,5,5,5,5,5,5,5,5,5,5,5,5,5,5,5,5,5,5,5,5,5,5,5,5,5,5
3,883,871,881,876,868,853,852,845,891,881,872,876,878,867,865,845,894,882,887,889,868,887,863,856,886,897,894,879,882,863,871,868,896,899,902,907,897,875,874,876,919,897,902,887,893,889,875,884,937,892,919,907,903,908,900,893,925,918,911,893,887,893,902,889,7,8,7,7,6,6,6,9,10,7,6,6,6,5,6,6,11,10,8,8,6,8,6,9,10,8,8,6,8,7,7,10,9,7,7,8,8,8,8,7,8,6,9,10,9,7,9,7,9,11,9,10,7,8,10,9,11,18,10,14,10,8,8,19,5,5,5,5,5,5,5,5,5,5,5,5,5,5,5,5,5,5,5,5,5,5,5,5,5,5,5,5,5,5,5,5,5,5,5,5,5,5,5,5,5,5,5,5,5,5,5,5,5,5,5,5,5,5,5,5,5,5,5,5,5,5,5,5
4,892,870,881,863,862,859,863,845,895,889,872,881,869,871,870,859,892,892,864,890,887,880,882,862,893,892,895,893,887,882,872,860,897,900,897,895,886,878,867,871,902,908,895,893,882,896,873,861,907,925,906,916,892,896,899,880,906,908,917,896,907,912,896,875,7,7,6,9,6,7,6,6,8,7,5,6,7,6,5,7,14,7,7,7,5,6,5,8,8,7,7,6,7,5,7,9,7,7,6,6,8,7,6,9,10,6,6,7,9,8,9,10,8,12,9,8,7,7,9,9,8,14,7,9,10,9,7,13,5,5,5,5,5,5,5,5,5,5,5,5,5,5,5,5,5,5,5,5,5,5,5,5,5,5,5,5,5,5,5,5,5,5,5,5,5,5,5,5,5,5,5,5,5,5,5,5,5,5,5,5,5,5,5,5,5,5,5,5,5,5,5,5
5,870,884,871,863,861,866,857,860,868,877,871,871,876,876,852,871,886,893,877,883,869,877,864,853,876,892,897,891,891,874,879,860,903,894,894,890,888,892,883,874,888,905,908,895,900,890,889,902,910,914,909,910,894,895,894,877,948,936,895,916,899,914,909,891,7,7,6,8,7,6,6,10,9,7,6,6,6,6,5,6,13,9,6,7,8,7,7,8,10,9,8,6,8,7,8,10,13,7,6,7,9,8,7,8,8,9,7,9,10,7,8,11,9,15,10,13,10,8,10,11,10,16,8,23,9,10,10,14,5,5,5,5,5,5,5,5,5,5,5,5,5,5,5,5,5,5,5,5,5,5,5,5,5,5,5,5,5,5,5,5,5,5,5,5,5,5,5,5,5,5,5,5,5,5,5,5,5,5,5,5,5,5,5,5,5,5,5,9,5,5,5,5
6,885,886,880,874,855,863,861,854,869,887,875,875,861,868,854,860,894,894,896,884,878,882,871,852,914,888,893,884,895,876,876,872,916,895,872,883,880,878,879,867,912,901,902,896,888,880,876,859,897,919,925,914,882,905,884,902,944,933,909,909,908,889,907,890,10,7,7,7,6,6,5,8,8,7,5,7,7,6,6,6,9,10,11,7,7,7,6,7,8,7,10,7,8,7,6,10,12,7,6,7,9,8,7,8,8,9,7,7,7,8,6,8,8,9,11,12,8,7,7,17,9,13,7,9,9,8,10,15,5,5,5,5,5,5,5,5,5,5,5,5,5,5,5,5,5,5,5,5,5,5,5,5,5,5,5,5,5,5,5,5,5,5,5,5,5,5,5,5,5,5,5,5,5,5,5,5,5,5,5,5,5,5,5,5,5,5,5,5,5,5,5,5
7,870,891,879,890,869,855,860,862,887,886,881,879,876,873,853,858,875,896,870,868,873,877,872,854,911,900,894,884,883,877,879,875,910,910,881,890,892,884,886,894,901,896,888,893,898,903,886,902,913,900,891,904,907,906,899,886,936,933,901,910,896,899,906,874,9,8,7,9,6,7,6,9,10,7,7,6,6,7,7,7,13,11,8,8,8,7,6,7,11,8,8,7,6,9,8,6,11,6,8,7,8,9,8,8,8,9,7,9,9,8,8,10,12,14,9,8,8,8,8,13,13,48,8,12,8,8,12,19,5,5,5,5,5,5,5,5,5,5,5,5,5,5,5,5,5,5,5,5,5,5,5,5,5,5,5,5,5,5,5,5,5,5,5,5,5,5,5,5,5,5,5,5,5,5,5,5,5,5,5,5,5,5,5,5,5,5,5,5,5,5,5,5
8,893,864,875,870,877,865,867,859,883,889,885,873,857,868,869,844,879,892,894,871,866,866,871,869,900,895,871,875,888,899,867,872,902,908,901,906,891,869,878,891,900,896,916,900,898,894,888,896,919,900,919,905,912,905,886,885,923,917,919,899,904,914,902,867,8,7,6,9,7,8,7,9,7,7,7,5,6,6,6,6,12,8,8,8,6,8,7,8,9,7,7,6,7,7,8,8,9,6,6,7,6,7,8,9,7,9,9,9,9,6,9,11,10,9,13,8,9,7,8,11,9,15,8,12,10,9,9,17,5,5,5,5,5,5,5,5,5,5,5,5,5,5,5,5,5,5,5,5,5,5,5,5,5,5,5,5,5,5,5,5,5,5,5,5,5,5,5,5,5,5,5,5,5,5,5,5,5,5,5,5,5,5,5,5,5,5,5,5,5,5,5,5
9,897,869,887,870,877,864,862,853,897,886,878,863,862,878,862,859,887,875,885,874,884,868,874,858,895,890,877,885,876,880,883,880,931,896,896,896,893,885,886,877,897,900,920,902,885,890,880,890,920,897,898,899,895,885,890,912,944,927,916,897,901,891,911,910,10,7,6,9,8,6,7,8,7,7,6,5,6,6,7,7,12,11,9,8,6,6,7,7,8,7,8,7,8,7,8,7,12,8,8,6,7,6,7,6,7,8,8,10,10,7,8,10,13,9,9,8,8,9,9,13,13,21,8,8,10,7,10,25,5,5,5,5,5,5,5,5,5,5,5,5,5,5,5,5,5,5,5,5,5,5,5,5,5,5,5,5,5,5,5,5,5,5,5,5,5,5,5,5,5,5,5,5,5,5,5,5,5,5,5,5,5,5,5,5,5,5,5,5,5,5,5,5
10,878,882,858,867,876,862,854,857,892,876,875,864,870,869,853,867,886,890,878,862,877,874,861,856,891,896,886,897,892,866,873,876,874,902,888,895,881,881,887,871,914,918,900,876,915,890,879,869,938,894,897,901,903,902,892,883,927,916,917,931,904,905,896,4000,7,7,6,6,6,9,5,9,8,7,6,6,7,6,6,8,8,9,7,8,6,9,6,7,8,7,9,6,5,7,9,6,10,7,5,7,8,5,7,7,7,7,7,7,8,7,9,8,10,10,7,7,6,8,10,12,9,15,8,11,8,10,7,25,5,5,5,5,5,5,5,5,5,5,5,5,5,5,5,5,5,5,5,5,5,5,5,5,5,5,5,5,5,5,5,5,5,5,5,5,5,5,5,5,5,5,5,5,5,5,5,5,5,5,5,5,5,5,5,5,5,5,5,5,5,5,5,255
11,887,892,889,856,868,872,860,868,873,889,871,874,876,864,857,848,892,890,885,873,886,868,871,850,881,894,892,885,876,872,883,872,891,902,894,884,900,896,873,871,912,901,895,890,901,895,887,857,924,882,906,909,885,894,899,878,896,915,927,898,903,913,880,4000,9,7,8,7,6,8,5,8,8,9,6,5,6,5,6,7,11,12,8,9,8,7,7,7,10,8,8,6,8,7,7,10,9,7,7,8,7,7,8,10,8,11,6,9,8,8,9,9,9,13,8,9,8,8,9,12,10,11,8,11,10,10,7,16,5,5,5,5,5,5,5,5,5,5,5,5,5,5,5,5,5,5,5,5,5,5,5,5,5,5,5,5,5,5,5,5,5,5,5,5,5,5,5,5,5,5,5,5,5,5,5,5,5,5,5,5,5,5,5,5,5,5,5,5,5,5,5,10
12,862,880,867,870,872,850,853,860,893,880,884,872,869,865,857,853,913,885,883,866,879,865,856,851,903,889,884,880,888,872,859,873,873,909,893,890,876,882,885,876,917,896,906,890,918,908,900,884,904,899,917,918,883,892,894,882,937,926,910,901,913,880,902,908,11,8,8,8,6,6,7,7,7,7,7,7,7,5,6,7,10,10,7,6,6,7,6,6,9,8,7,6,7,6,7,9,14,6,6,8,6,9,7,10,6,6,7,8,8,9,7,9,10,16,10,11,8,7,9,10,7,10,10,13,9,6,8,24,5,5,5,5,5,5,5,5,5,5,5,5,5,5,5,5,5,5,5,5,5,5,5,5,5,5,5,5,5,5,5,5,5,5,5,5,5,5,5,5,5,5,5,5,5,5,5,5,5,5,5,5,5,5,5,5,5,5,5,5,5,5,5,5
13,892,868,877,859,863,849,874,857,890,883,873,865,877,864,860,856,873,881,884,885,888,861,864,873,900,882,893,882,885,878,872,877,905,901,896,887,886,892,873,877,911,904,899,897,879,892,881,870,935,914,901,898,904,895,900,867,907,933,912,913,903,907,903,868,11,6,6,9,6,6,7,8,7,6,5,7,6,6,8,8,10,10,7,8,7,8,7,8,9,6,8,7,6,7,8,9,11,8,7,8,7,6,8,6,9,6,10,8,11,8,7,9,12,11,8,12,6,7,9,12,11,13,9,10,8,9,13,19,5,5,5,5,5,5,5,5,5,5,5,5,5,5,5,5,5,5,5,5,5,5,5,5,5,5,5,5,5,5,5,5,5,5,5,5,5,5,5,5,5,5,5,5,5,5,5,5,5,5,5,5,5,5,5,5,5,5,5,5,5,5,5,5
14,878,873,879,877,864,865,853,841,887,882,866,871,878,862,867,856,890,892,898,887,875,863,870,849,890,892,884,893,873,882,856,861,888,894,898,895,889,883,876,862,902,900,903,892,902,890,880,867,912,915,891,911,915,886,892,863,906,921,926,897,898,878,896,881,11,7,7,9,6,6,6,7,6,6,7,6,8,5,6,7,8,9,7,7,7,6,6,6,7,6,8,5,6,7,7,8,11,7,6,6,8,8,7,10,9,7,10,6,8,8,9,8,8,11,8,12,8,8,7,11,8,12,7,10,7,9,10,11,5,5,5,5,5,5,5,5,5,5,5,5,5,5,5,5,5,5,5,5,5,5,5,5,5,5,5,5,5,5,5,5,5,5,5,5,5,5,5,5,5,5,5,5,5,5,5,5,5,5,5,5,5,5,5,5,5,5,5,5,5,5,5,5
15,904,874,871,863,862,868,856,851,894,884,881,872,879,875,868,861,882,921,877,885,868,872,848,869,882,909,877,893,888,882,868,871,898,898,892,887,904,893,869,886,932,915,913,904,900,881,882,881,927,920,908,889,914,888,886,854,918,932,910,917,911,896,905,898,7,8,8,9,8,8,6,7,8,8,7,7,7,7,7,6,11,12,7,8,6,8,7,7,8,7,8,6,6,6,8,10,14,7,6,9,6,7,6,7,8,9,7,10,13,7,8,9,9,10,9,10,9,10,7,10,9,16,6,15,11,7,7,18,5,5,5,5,5,5,5,5,5,5,5,5,5,5,5,5,5,5,5,5,5,5,5,5,5,5,5,5,5,5,5,5,5,5,5,5,5,5,5,5,5,5,5,5,5,5,5,5,5,5,5,5,5,5,5,5,5,5,5,5,5,5,5,5
16,887,884,868,873,867,864,861,850,885,895,880,876,875,863,858,852,900,872,878,870,888,870,877,854,887,888,899,879,874,867,867,873,909,905,899,894,872,892,877,886,914,900,901,889,898,891,880,878,919,905,917,903,891,914,885,881,930,932,920,918,903,897,894,870,9,6,6,7,7,6,7,6,10,9,7,7,7,5,6,5,11,9,8,7,6,7,6,8,8,7,7,5,7,6,7,9,12,10,6,7,8,7,6,8,8,6,7,7,9,6,8,9,11,11,10,7,9,8,8,13,10,12,8,10,8,8,11,14,5,5,5,5,5,5,5,5,5,5,5,5,5,5,5,5,5,5,5,5,5,5,5,5,5,5,5,5,5,5,5,5,5,5,5,5,5,5,5,5,5,5,5,5,5,5,5,5,5,5,5,5,5,5,5,5,5,5,5,5,5,5,5,5
17,880,861,877,862,862,850,860,861,883,883,887,866,869,880,866,856,886,891,868,877,876,882,870,866,905,908,887,884,893,874,878,877,902,894,898,906,893,874,867,885,911,921,901,883,898,884,878,860,906,910,908,906,922,898,914,907,948,905,903,919,897,917,894,892,10,9,7,10,7,6,6,10,11,6,7,7,6,5,6,6,10,9,8,9,7,6,6,8,11,7,9,7,5,7,8,7,11,7,8,8,6,8,8,8,12,7,8,10,9,7,9,9,7,12,11,8,9,9,7,12,11,14,8,9,8,8,9,20,5,5,5,5,5,5,5,5,5,5,5,5,5,5,5,5,5,5,5,5,5,5,5,5,5,5,5,5,5,5,5,5,5,5,5,5,5,5,5,5,5,5,5,5,5,5,5,5,5,5,5,5,5,5,5,5,5,5,5,5,5,5,5,5
18,890,868,868,868,874,853,865,857,878,890,873,879,878,864,860,859,907,881,891,886,875,873,867,871,908,892,896,882,871,888,884,869,896,902,883,897,883,896,895,873,903,913,898,904,899,884,871,880,919,895,909,906,893,883,886,885,941,898,906,922,896,914,893,898,9,6,7,7,7,8,7,6,9,7,6,7,7,6,6,6,15,8,9,7,6,7,7,6,9,6,6,6,7,6,8,9,10,6,5,6,7,7,8,7,8,8,7,7,8,8,10,8,8,13,10,10,8,8,8,10,10,12,8,9,8,8,7,19,5,5,5,5,5,5,5,5,5,5,5,5,5,5,5,5,5,5,5,5,5,5,5,5,5,5,5,5,5,5,5,5,5,5,5,5,5,5,5,5,5,5,5,5,5,5,5,5,5,5,5,5,5,5,5,5,5,5,5,5,5,5,5,5
19,879,883,856,879,874,871,866,865,883,877,885,872,875,867,862,857,898,886,876,879,877,867,871,863,904,872,899,889,883,875,874,878,918,913,893,902,896,886,859,892,915,896,912,884,892,891,896,879,916,908,914,922,886,894,899,889,927,936,906,912,908,891,904,892,10,7,8,8,7,6,6,10,8,6,7,6,7,5,6,6,10,11,9,8,9,8,7,8,10,9,8,6,8,6,8,9,14,7,6,7,7,8,7,10,9,8,7,7,9,8,6,7,10,11,9,9,7,6,10,13,12,11,9,9,11,8,7,14,5,5,5,5,5,5,5,5,5,5,5,5,5,5,5,5,5,5,5,5,5,5,5,5,5,5,5,5,5,5,5,5,5,5,5,5,5,5,5,5,5,5,5,5,5,5,5,5,5,5,5,5,5,5,5,5,5,5,5,5,5,5,5,5
20,885,870,861,871,869,861,853,857,889,881,883,872,882,859,857,856,888,897,885,874,882,875,870,856,886,890,883,885,874,867,866,867,900,901,898,884,887,874,885,868,919,885,894,904,902,912,891,880,921,907,906,912,904,887,895,904,924,930,928,913,917,890,905,873,10,7,6,6,6,7,6,9,10,6,6,5,8,5,5,6,12,8,6,6,6,6,6,7,7,6,8,5,5,7,7,8,9,9,7,6,6,7,6,8,11,8,6,7,9,6,10,7,12,16,8,8,6,8,9,14,10,16,9,10,10,8,7,22,5,5,5,5,5,5,5,5,5,5,5,5,5,5,5,5,5,5,5,5,5,5,5,5,5,5,5,5,5,5,5,5,5,5,5,5,5,5,5,5,5,5,5,5,5,5,5,5,5,5,5,5,5,5,5,5,5,5,5,5,5,5,5,5
21,890,891,861,869,871,851,846,861,902,875,867,881,876,866,854,863,910,881,886,882,872,867,865,863,897,891,888,879,899,877,873,860,905,907,900,890,888,881,883,879,905,899,906,902,902,894,885,879,924,893,914,888,902,885,885,908,944,904,917,896,899,913,907,889,8,7,6,6,6,7,7,10,12,7,6,6,10,5,6,7,8,8,7,7,6,8,6,8,9,9,6,7,7,5,6,8,9,7,6,7,10,8,8,11,8,7,7,10,9,10,9,10,10,14,10,9,10,9,8,13,17,16,9,10,11,9,10,13,5,5,5,5,5,5,5,5,5,5,5,5,5,5,5,5,5,5,5,5,5,5,5,5,5,5,5,5,5,5,5,5,5,5,5,5,5,5,5,5,5,5,5,5,5,5,5,5,5,5,5,5,5,5,5,5,5,5,5,5,5,5,5,5
22,885,881,876,867,865,857,858,855,897,879,885,872,858,861,863,856,902,885,877,891,870,868,866,881,922,906,888,888,875,866,878,871,904,895,896,887,887,889,885,870,897,913,888,919,894,888,888,902,920,899,905,885,892,894,902,898,936,888,914,930,901,912,896,928,9,8,6,8,6,8,7,7,9,6,6,6,7,6,7,6,15,11,6,9,5,6,5,7,8,5,6,6,6,8,6,9,8,6,7,5,8,6,8,8,7,7,6,11,8,6,9,10,13,10,8,10,8,6,11,10,12,16,8,12,10,7,11,19,5,5,5,5,5,5,5,5,5,5,5,5,5,5,5,5,5,5,5,5,5,5,5,5,5,5,5,5,5,5,5,5,5,5,5,5,5,5,5,5,5,5,5,5,5,5,5,5,5,5,5,5,5,5,5,5,5,5,5,5,5,5,5,5
23,878,865,871,868,874,870,850,877,889,870,881,879,871,874,865,860,905,902,889,890,873,873,857,869,897,887,878,894,869,873,883,869,911,889,882,889,892,893,876,885,910,909,898,911,889,882,872,869,919,932,920,910,905,899,879,878,934,911,910,941,911,917,904,889,8,7,8,6,5,5,6,9,10,7,8,6,6,7,7,5,12,11,7,7,6,6,7,6,8,8,7,7,7,6,8,10,10,7,7,6,9,7,8,7,8,8,7,8,8,8,7,9,10,12,8,9,9,7,9,12,13,19,10,17,7,8,8,18,5,5,5,5,5,5,5,5,5,5,5,5,5,5,5,5,5,5,5,5,5,5,5,5,5,5,5,5,5,5,5,5,5,5,5,5,5,5,5,5,5,5,5,5,5,5,5,5,5,5,5,5,5,5,5,5,5,5,5,5,5,5,5,5
24,874,886,881,863,859,864,864,852,892,879,875,871,863,862,855,853,898,888,877,870,875,868,855,872,894,899,896,886,881,882,879,876,901,904,902,886,893,886,875,883,899,914,913,905,899,888,874,880,922,919,913,903,888,906,893,894,923,938,921,917,915,892,898,896,7,7,7,7,6,6,6,8,9,7,6,5,7,6,5,6,9,11,7,7,5,6,6,6,7,7,8,8,7,7,7,7,9,7,6,5,9,7,6,8,7,7,6,8,8,8,7,6,9,14,9,7,9,8,9,8,11,10,7,11,8,6,9,16,5,5,5,5,5,5,5,5,5,5,5,5,5,5,5,5,5,5,5,5,5,5,5,5,5,5,5,5,5,5,5,5,5,5,5,5,5,5,5,5,5,5,5,5,5,5,5,5,5,5,5,5,5,5,5,5,5,5,5,5,5,5,5,5
25,874,888,877,893,873,865,859,867,905,888,872,872,868,860,878,837,888,900,879,889,872,870,873,858,902,887,900,889,884,870,869,880,896,894,883,913,896,882,894,881,907,900,901,903,904,882,883,895,931,928,897,907,891,889,889,879,912,911,914,897,896,902,896,876,9,5,7,13,7,8,6,11,8,7,6,6,7,8,7,7,12,10,7,7,6,7,6,7,11,8,7,5,7,7,6,6,10,7,6,7,7,6,8,7,6,9,7,10,10,9,9,11,14,9,12,8,8,8,8,12,14,17,8,10,10,8,7,18,5,5,5,5,5,5,5,5,5,5,5,5,5,5,5,5,5,5,5,5,5,5,5,5,5,5,5,5,5,5,5,5,5,5,5,5,5,5,5,5,5,5,5,5,5,5,5,5,5,5,5,5,5,5,5,5,5,5,5,5,5,5,5,5
26,880,885,888,854,870,855,851,848,871,879,870,871,866,866,882,848,902,870,889,875,875,869,868,855,884,900,875,867,897,868,875,868,892,889,885,886,881,891,886,892,908,907,905,916,896,898,891,880,909,914,891,897,912,911,882,894,928,931,908,904,903,901,894,869,9,8,7,7,7,7,6,6,6,8,6,5,9,6,8,7,12,8,6,6,7,6,6,9,10,8,8,6,8,6,9,9,8,6,8,7,7,6,5,8,9,6,7,8,8,8,7,7,9,13,7,8,7,8,7,10,9,15,9,12,8,9,9,14,5,5,5,5,5,5,5,5,5,5,5,5,5,5,5,5,5,5,5,5,5,5,5,5,5,5,5,5,5,5,5,5,5,5,5,5,5,5,5,5,5,5,5,5,5,5,5,5,5,5,5,5,5,5,5,5,5,5,5,5,5,5,5,5
27,861,881,880,859,865,844,868,861,885,873,878,879,872,874,853,854,872,893,878,873,880,863,873,868,903,908,905,891,873,879,863,875,898,894,904,900,882,899,873,884,910,907,904,892,898,883,885,885,901,904,896,901,912,897,879,902,957,934,902,906,897,902,903,894,8,8,6,8,7,7,7,9,10,8,6,7,6,6,5,5,15,7,7,9,7,8,7,6,11,6,9,5,7,6,7,9,10,7,7,7,7,6,6,8,9,8,9,7,8,6,10,10,9,12,8,9,7,7,7,13,12,15,8,9,9,8,9,15,5,5,5,5,5,5,5,5,5,5,5,5,5,5,5,5,5,5,5,5,5,5,5,5,5,5,5,5,5,5,5,5,5,5,5,5,5,5,5,5,5,5,5,5,5,5,5,5,5,5,5,5,5,5,5,5,5,5,5,5,5,5,5,5
28,881,866,877,865,846,867,861,860,878,887,877,868,862,862,871,864,907,897,880,866,888,866,859,865,893,889,907,871,887,887,871,881,911,893,890,898,896,887,872,881,903,894,902,900,892,892,892,875,910,908,886,933,883,894,896,895,936,941,916,897,893,896,894,915,8,7,6,7,6,7,6,7,10,6,5,5,8,6,8,7,12,11,6,7,5,5,5,6,8,8,8,6,8,6,9,7,11,7,5,7,8,6,6,6,9,7,9,8,10,6,8,8,9,9,11,12,7,5,7,11,13,17,9,10,7,8,8,15,5,5,5,5,5,5,5,5,5,5,5,5,5,5,5,5,5,5,5,5,5,5,5,5,5,5,5,5,5,5,5,5,5,5,5,5,5,5,5,5,5,5,5,5,5,5,5,5,5,5,5,5,5,5,5,5,5,5,5,5,5,5,5,5
29,881,877,886,863,875,866,867,849,891,888,870,872,867,861,858,850,886,896,874,887,881,875,856,856,922,884,898,877,882,885,866,875,890,890,897,882,903,859,869,878,923,894,888,921,899,881,880,879,908,908,916,893,902,899,895,895,923,928,920,908,893,904,894,930,7,8,7,7,8,5,7,9,8,7,6,6,7,5,6,7,12,15,9,8,6,6,5,7,9,7,7,6,8,7,7,11,13,6,6,8,8,6,9,8,9,8,7,12,7,7,7,8,10,10,9,10,7,7,11,10,13,12,9,9,11,10,9,17,5,5,5,5,5,5,5,5,5,5,5,5,5,5,5,5,5,5,5,5,5,5,5,5,5,5,5,5,5,5,5,5,5,5,5,5,5,5,5,5,5,5,5,5,5,5,5,5,5,5,5,5,5,5,5,5,5,5,5,5,5,5,5,5
30,878,893,879,870,865,857,855,862,886,886,872,875,876,866,859,865,893,891,879,888,878,867,867,859,899,892,890,878,884,876,865,855,929,901,891,895,897,890,873,870,912,907,914,893,903,889,874,873,916,908,910,891,894,912,893,892,916,928,903,912,898,898,895,869,8,6,6,7,5,7,6,9,11,7,5,5,6,5,7,5,11,8,7,7,7,7,7,8,10,7,9,6,7,7,6,8,9,7,7,6,8,6,6,9,8,8,10,8,8,7,6,9,14,9,8,10,7,7,8,10,11,19,10,11,8,7,7,12,5,5,5,5,5,5,5,5,5,5,5,5,5,5,5,5,5,5,5,5,5,5,5,5,5,5,5,5,5,5,5,5,5,5,5,5,5,5,5,5,5,5,5,5,5,5,5,5,5,5,5,5,5,5,5,5,5,5,5,5,5,5,5,5
31,883,884,875,876,861,860,842,859,881,876,882,870,849,875,862,856,896,891,882,880,883,857,871,866,902,900,903,878,886,876,862,885,889,908,897,891,887,889,877,878,906,903,912,900,894,883,900,885,916,905,896,901,903,891,913,899,932,904,906,902,897,906,900,906,8,7,7,8,6,8,8,9,9,7,7,8,6,6,6,6,14,11,7,8,7,8,7,7,10,8,7,7,8,6,9,7,9,8,7,7,6,8,6,9,10,7,7,9,11,7,8,10,8,18,9,9,8,10,8,12,9,17,11,12,10,7,8,16,5,5,5,5,5,5,5,5,5,5,5,5,5,5,5,5,5,5,5,5,5,5,5,5,5,5,5,5,5,5,5,5,5,5,5,5,5,5,5,5,5,5,5,5,5,5,5,5,5,5,5,5,5,5,5,5,5,5,5,5,5,5,5,5
32,879,871,874,869,861,862,863,848,889,885,884,881,876,869,868,842,886,894,899,876,877,885,856,859,909,883,880,891,876,878,877,877,873,898,906,884,888,885,881,871,899,909,899,905,900,894,878,872,890,900,897,892,893,894,882,876,914,918,906,924,895,904,908,879,10,6,5,8,6,7,5,7,7,8,7,6,7,6,7,6,10,8,9,8,6,7,5,8,10,8,8,6,7,5,6,14,8,7,6,7,8,6,6,9,8,6,8,7,9,7,8,11,11,10,7,9,8,6,9,12,9,14,10,12,9,8,8,20,5,5,5,5,5,5,5,5,5,5,5,5,5,5,5,5,5,5,5,5,5,5,5,5,5,5,5,5,5,5,5,5,5,5,5,5,5,5,5,5,5,5,5,5,5,5,5,5,5,5,5,5,5,5,5,5,5,5,5,5,5,5,5,5
33,877,877,887,874,868,851,857,843,889,880,880,866,875,857,863,862,887,890,876,873,877,876,870,862,900,883,883,885,876,874,877,876,905,898,896,900,882,877,870,861,895,917,889,894,877,902,883,910,922,904,883,907,897,891,897,901,930,916,918,894,908,890,899,905,8,9,7,8,6,6,7,7,10,6,6,6,6,6,6,7,12,8,6,7,7,8,6,8,10,7,10,6,8,6,8,11,10,8,7,7,9,7,6,7,7,9,7,8,7,9,11,9,13,11,8,8,11,7,9,11,11,21,8,9,9,9,10,15,5,5,5,5,5,5,5,5,5,5,5,5,5,5,5,5,5,5,5,5,5,5,5,5,5,5,5,5,5,5,5,5,5,5,5,5,5,5,5,5,5,5,5,5,5,5,5,5,5,5,5,5,5,5,5,5,5,5,5,5,5,5,5,5
34,894,873,878,863,869,861,848,853,883,868,876,864,875,876,855,856,886,888,897,892,867,873,863,851,897,897,881,889,885,869,865,885,906,902,907,894,906,891,880,885,899,897,902,894,893,888,878,872,915,924,895,911,895,889,893,863,933,907,918,927,893,909,916,873,8,7,8,7,6,7,6,8,8,6,6,6,6,6,5,7,9,7,7,6,6,6,6,6,10,7,8,6,6,6,7,7,10,6,7,7,8,6,7,7,7,6,7,7,8,6,7,6,10,11,10,8,7,5,8,11,12,16,8,12,8,9,10,27,5,5,5,5,5,5,5,5,5,5,5,5,5,5,5,5,5,5,5,5,5,5,5,5,5,5,5,5,5,5,5,5,5,5,5,5,5,5,5,5,5,5,5,5,5,5,5,5,5,5,5,5,5,5,5,5,5,5,5,5,5,5,5,5
35,885,870,868,866,866,863,856,864,886,868,875,884,871,884,868,857,852,870,897,891,863,885,868,863,892,902,891,889,877,868,863,867,905,913,911,885,884,884,881,874,910,901,908,911,888,894,874,890,931,915,908,897,877,904,904,892,938,924,912,919,905,892,906,911,8,8,8,8,7,7,6,7,8,7,6,6,7,7,7,6,12,9,7,9,7,7,7,6,7,9,9,7,7,6,8,9,10,6,8,7,8,7,8,8,8,9,8,11,13,7,7,9,10,12,8,8,9,9,10,16,13,20,9,14,9,7,9,20,5,5,5,5,5,5,5,5,5,5,5,5,5,5,5,5,5,5,5,5,5,5,5,5,5,5,5,5,5,5,5,5,5,5,5,5,5,5,5,5,5,5,5,5,5,5,5,5,5,5,5,5,5,5,5,5,5,5,5,5,5,5,5,5
36,879,877,863,865,869,864,861,846,900,884,869,872,875,868,857,849,884,886,877,877,875,873,863,863,901,888,898,889,877,873,882,861,894,908,896,883,888,886,879,860,901,909,909,908,899,891,872,880,911,906,890,898,882,898,899,879,920,917,913,902,918,903,903,869,8,8,7,7,7,7,6,7,9,7,6,5,6,5,6,6,12,7,7,8,7,6,7,9,7,9,7,7,6,7,6,8,8,7,7,7,8,6,6,7,7,6,7,9,8,7,9,7,12,10,10,9,6,6,7,14,8,15,8,11,9,9,6,15,5,5,5,5,5,5,5,5,5,5,5,5,5,5,5,5,5,5,5,5,5,5,5,5,5,5,5,5,5,5,5,5,5,5,5,5,5,5,5,5,5,5,5,5,5,5,5,5,5,5,5,5,5,5,5,5,5,5,5,5,5,5,5,5
37,888,875,869,870,868,863,855,850,889,870,871,869,869,853,868,848,886,878,881,884,873,871,873,876,894,899,880,887,874,866,870,863,904,900,883,896,869,888,875,882,914,917,908,891,907,880,871,888,920,899,884,903,908,893,907,877,924,916,912,922,884,880,888,905,10,8,6,7,8,7,5,8,8,7,5,6,7,5,7,7,10,9,7,7,7,7,7,7,10,7,8,6,6,7,8,10,12,7,7,8,7,7,7,7,7,9,8,9,12,8,8,11,9,12,10,12,7,7,11,13,13,25,7,15,9,11,10,25,5,5,5,5,5,5,5,5,5,5,5,5,5,5,5,5,5,5,5,5,5,5,5,5,5,5,5,5,5,5,5,5,5,5,5,5,5,5,5,5,5,5,5,5,5,5,5,5,5,5,5,5,5,5,5,5,5,5,5,5,5,5,5,5
38,878,887,879,869,858,857,858,850,891,879,885,871,862,862,858,855,890,882,878,879,875,866,852,866,889,884,891,877,889,873,868,869,920,906,907,893,895,895,860,881,903,903,893,887,891,875,890,881,916,903,913,923,898,887,885,881,918,935,935,895,900,883,894,858,7,6,6,9,7,6,6,8,6,7,6,6,6,6,6,9,9,9,7,10,6,8,7,8,9,8,9,5,8,6,9,9,10,6,6,7,10,7,7,8,9,9,7,8,10,7,9,9,10,11,10,10,8,8,6,8,12,14,8,10,10,8,9,16,5,5,5,5,5,5,5,5,5,5,5,5,5,5,5,5,5,5,5,5,5,5,5,5,5,5,5,5,5,5,5,5,5,5,5,5,5,5,5,5,5,5,5,5,5,5,5,5,5,5,5,5,5,5,5,5,5,5,5,5,5,5,5,5
39,896,878,878,877,859,854,856,859,880,891,868,875,869,874,871,861,915,891,877,868,869,870,872,865,911,878,885,877,875,875,865,856,905,905,895,898,882,884,882,860,900,895,906,920,879,890,895,894,922,903,911,904,889,880,903,887,919,926,911,902,893,902,902,883,11,7,6,8,6,7,6,6,8,8,5,8,9,6,8,6,9,13,7,8,6,7,8,8,9,8,8,7,6,8,6,10,13,7,5,8,7,9,10,7,8,8,8,8,9,8,7,10,12,11,9,14,9,6,11,11,17,11,11,10,10,12,10,17,5,5,5,5,5,5,5,5,5,5,5,5,5,5,5,5,5,5,5,5,5,5,5,5,5,5,5,5,5,5,5,5,5,5,5,5,5,5,5,5,5,5,5,5,5,5,5,5,5,5,5,5,5,5,5,5,5,5,5,5,5,5,5,5
40,894,872,859,873,860,845,864,855,886,892,878,868,883,864,867,863,899,884,878,889,881,863,869,864,920,898,901,887,872,877,874,877,910,892,892,896,894,875,881,868,904,915,905,891,890,885,884,881,911,887,906,898,899,891,893,904,933,927,901,926,895,911,900,894,6,7,6,7,5,5,7,9,9,7,6,6,7,5,7,6,11,10,6,8,8,6,6,7,14,8,8,6,7,7,7,7,11,7,7,7,7,6,7,8,10,8,8,8,9,6,11,8,12,9,9,11,8,6,9,15,11,15,8,10,12,8,10,16,5,5,5,5,5,5,5,5,5,5,5,5,5,5,5,5,5,5,5,5,5,5,5,5,5,5,5,5,5,5,5,5,5,5,5,5,5,5,5,5,5,5,5,5,5,5,5,5,5,5,5,5,5,5,5,5,5,5,5,5,5,5,5,5
41,895,892,877,868,868,860,857,844,878,892,872,865,857,869,864,866,885,892,888,891,874,872,866,868,868,881,887,888,876,884,878,864,907,905,887,888,892,882,870,862,915,912,893,893,898,881,889,864,891,891,907,905,904,907,898,892,918,931,903,905,907,897,895,905,12,7,6,9,7,8,6,7,9,8,7,7,7,6,8,6,11,12,7,8,7,6,7,7,8,7,7,6,5,6,7,8,11,7,6,7,8,6,9,7,10,9,7,9,10,8,8,8,10,14,8,9,10,8,10,10,9,15,9,11,8,9,9,15,5,5,5,5,5,5,5,5,5,5,5,5,5,5,5,5,5,5,5,5,5,5,5,5,5,5,5,5,5,5,5,5,5,5,5,5,5,5,5,5,5,5,5,5,5,5,5,5,5,5,5,5,5,5,5,5,5,5,5,5,5,5,5,5
42,892,886,889,860,856,850,859,853,889,879,877,874,868,873,861,862,894,894,893,877,882,869,873,862,909,887,885,884,884,882,875,852,913,906,898,885,882,891,888,885,893,906,906,905,874,897,885,873,886,917,894,919,886,890,886,891,924,951,914,910,904,894,912,862,9,6,7,8,4,7,7,8,7,6,6,5,6,6,6,7,14,7,8,7,8,6,7,7,10,6,7,7,8,6,7,8,12,6,6,7,8,6,8,8,10,7,6,7,8,8,9,8,9,12,9,11,7,8,8,12,16,12,8,9,10,7,9,16,5,5,5,5,5,5,5,5,5,5,5,5,5,5,5,5,5,5,5,5,5,5,5,5,5,5,5,5,5,5,5,5,5,5,5,5,5,5,5,5,5,5,5,5,5,5,5,5,5,5,5,5,5,5,5,5,5,5,5,5,5,5,5,5
43,870,879,878,851,864,856,856,860,896,879,895,875,868,866,866,860,886,887,882,891,881,866,857,858,899,896,891,883,871,872,867,863,901,890,894,879,884,878,877,876,904,910,898,897,894,879,877,910,890,912,910,914,904,887,899,880,925,894,916,894,915,900,895,885,8,9,9,7,6,7,8,8,8,7,8,6,9,6,7,6,10,9,9,6,8,7,7,7,9,7,7,5,6,5,7,8,13,9,6,8,8,8,9,8,10,9,7,10,10,6,9,8,8,11,10,8,7,9,13,12,13,16,8,9,10,9,9,24,5,5,5,5,5,5,5,5,5,5,5,5,5,5,5,5,5,5,5,5,5,5,5,5,5,5,5,5,5,5,5,5,5,5,5,5,5,5,5,5,5,5,5,5,5,5,5,5,5,5,5,5,5,5,5,5,5,5,5,5,5,5,5,5
44,866,876,873,874,876,851,862,857,884,888,870,874,869,866,854,838,884,897,883,883,876,872,851,869,898,890,892,888,892,877,883,869,885,907,903,887,876,883,868,862,904,900,888,900,878,888,894,880,911,895,906,925,904,903,889,892,901,916,893,920,913,902,918,892,9,8,7,8,7,7,5,9,8,7,6,5,5,5,5,6,9,7,6,7,6,7,6,9,10,8,7,6,7,7,7,8,8,6,7,6,8,6,6,8,8,6,7,9,10,7,9,8,9,10,8,10,8,9,8,10,10,11,6,9,8,8,13,12,5,5,5,5,5,5,5,5,5,5,5,5,5,5,5,5,5,5,5,5,5,5,5,5,5,5,5,5,5,5,5,5,5,5,5,5,5,5,5,5,5,5,5,5,5,5,5,5,5,5,5,5,5,5,5,5,5,5,5,5,5,5,5,5
45,875,890,882,874,866,848,852,848,885,888,873,875,883,875,851,855,889,881,876,866,877,867,861,868,907,891,883,882,891,883,858,872,879,896,885,890,879,888,869,871,919,909,905,899,894,899,880,877,908,902,923,892,896,898,890,873,923,918,907,911,917,887,884,922,8,7,6,8,7,6,7,8,11,7,6,6,7,7,6,6,10,9,7,8,7,7,7,8,7,7,7,9,6,7,8,7,10,8,9,7,8,6,7,7,7,6,8,6,9,8,8,7,8,10,12,9,9,10,9,11,12,14,8,11,11,9,11,13,5,5,5,5,5,5,5,5,5,5,5,5,5,5,5,5,5,5,5,5,5,5,5,5,5,5,5,5,5,5,5,5,5,5,5,5,5,5,5,5,5,5,5,5,5,5,5,5,5,5,5,5,5,5,5,5,5,5,5,5,5,5,5,5
46,878,870,881,878,875,866,866,852,881,869,878,871,863,859,863,855,890,881,889,889,882,889,877,863,891,899,903,884,880,879,876,863,904,894,891,873,884,890,879,874,915,893,903,912,865,892,881,878,914,950,897,895,886,904,881,882,939,912,913,915,903,911,909,887,8,7,8,7,5,6,6,8,10,8,6,7,7,6,7,7,8,9,7,7,8,9,7,6,10,8,7,6,8,7,7,8,12,7,6,7,8,7,6,7,10,7,8,8,9,7,9,7,11,19,13,7,6,7,8,12,16,11,10,11,8,10,7,16,5,5,5,5,5,5,5,5,5,5,5,5,5,5,5,5,5,5,5,5,5,5,5,5,5,5,5,5,5,5,5,5,5,5,5,5,5,5,5,5,5,5,5,5,5,5,5,5,5,5,5,5,5,5,5,5,5,5,5,5,5,5,5,5
47,885,882,867,860,864,866,870,851,873,867,889,862,864,874,867,841,884,885,860,885,887,874,860,865,903,899,895,884,894,868,879,850,921,909,894,897,882,888,884,868,920,903,891,909,895,882,880,901,918,903,904,905,892,873,881,887,897,929,912,920,904,873,903,897,8,8,8,7,7,7,7,9,10,6,8,7,7,7,7,6,9,8,8,6,6,6,6,7,8,8,10,6,8,6,7,8,12,9,6,8,9,6,8,7,7,8,8,8,9,7,9,10,9,14,7,8,10,7,8,14,10,10,11,15,7,11,8,13,5,5,5,5,5,5,5,5,5,5,5,5,5,5,5,5,5,5,5,5,5,5,5,5,5,5,5,5,5,5,5,5,5,5,5,5,5,5,5,5,5,5,5,5,5,5,5,5,5,5,5,5,5,5,5,5,5,5,5,5,5,5,5,5
48,880,891,874,872,863,863,842,877,873,866,870,870,869,865,854,850,884,891,888,867,876,873,862,869,893,897,891,895,877,897,881,863,896,900,893,903,890,893,879,870,926,906,896,905,893,878,881,866,919,917,909,889,891,907,895,900,929,945,929,931,909,896,908,901,11,8,7,7,5,7,6,7,9,8,6,6,6,7,5,6,11,7,7,9,7,7,5,6,10,8,7,5,7,6,6,7,8,5,7,8,6,5,8,8,8,8,7,10,9,6,9,8,8,10,8,9,8,8,9,11,12,12,7,11,8,8,9,15,5,5,5,5,5,5,5,5,5,5,5,5,5,5,5,5,5,5,5,5,5,5,5,5,5,5,5,5,5,5,5,5,5,5,5,5,5,5,5,5,5,5,5,5,5,5,5,5,5,5,5,5,5,5,5,5,5,5,5,5,5,5,5,5
49,861,884,874,860,847,855,859,853,869,876,876,872,880,863,870,858,894,887,881,883,875,874,859,864,894,881,898,891,867,866,888,859,880,890,903,889,881,898,896,887,928,900,903,912,881,884,891,883,918,898,900,902,895,898,889,895,909,906,923,902,916,889,916,859,8,7,8,7,6,6,6,9,8,7,5,5,7,5,7,8,12,12,8,8,7,7,6,7,10,8,8,6,8,7,9,9,11,7,7,7,7,9,9,8,9,8,8,7,9,8,7,8,9,11,11,10,8,7,9,12,9,12,7,10,9,7,8,17,5,5,5,5,5,5,5,5,5,5,5,5,5,5,5,5,5,5,5,5,5,5,5,5,5,5,5,5,5,5,5,5,5,5,5,5,5,5,5,5,5,5,5,5,5,5,5,5,5,5,5,5,5,5,5,5,5,5,5,5,5,5,5,5
50,875,866,864,868,856,856,850,854,895,878,878,867,863,884,872,858,902,867,893,885,884,874,869,849,914,897,872,887,890,876,881,867,912,890,891,894,889,892,872,862,897,906,911,890,908,903,872,882,909,898,883,898,893,904,899,882,907,890,907,894,911,899,900,867,9,6,7,8,6,7,6,8,12,6,6,6,7,7,7,8,11,10,8,9,5,7,7,7,10,7,8,5,8,8,6,7,13,6,7,6,7,6,7,9,8,6,6,7,8,7,7,12,10,10,9,7,9,9,9,8,12,13,8,14,10,9,10,20,5,5,5,5,5,5,5,5,5,5,5,5,5,5,5,5,5,5,5,5,5,5,5,5,5,5,5,5,5,5,5,5,5,5,5,5,5,5,5,5,5,5,5,5,5,5,5,5,5,5,5,5,5,5,5,5,5,5,5,5,5,5,5,5
51,881,879,878,876,866,859,852,848,896,881,882,878,881,866,858,854,884,885,898,882,854,868,867,854,906,889,882,890,896,888,875,866,892,897,896,893,882,892,875,879,908,908,887,904,895,886,884,890,919,902,899,906,885,894,899,880,933,936,907,920,898,921,892,885,9,8,6,8,7,7,5,9,9,6,7,6,7,6,6,7,14,10,7,9,6,8,6,7,10,7,8,7,7,6,8,8,10,7,7,9,8,6,7,6,9,8,9,7,11,7,10,10,10,14,8,9,8,6,10,14,15,10,10,15,7,13,10,17,5,5,5,5,5,5,5,5,5,5,5,5,5,5,5,5,5,5,5,5,5,5,5,5,5,5,5,5,5,5,5,5,5,5,5,5,5,5,5,5,5,5,5,5,5,5,5,5,5,5,5,5,5,5,5,5,5,5,5,5,5,5,5,5
52,868,881,875,865,869,869,865,854,873,879,875,879,876,856,852,844,906,883,890,885,869,866,851,860,895,895,886,887,883,852,866,865,901,894,903,896,877,895,878,877,900,889,901,886,890,889,886,884,920,892,906,894,910,895,880,889,933,931,917,897,901,892,892,887,9,6,6,11,8,6,7,7,10,7,6,7,7,6,7,7,14,10,8,6,7,8,7,6,8,8,8,6,7,5,6,10,11,8,7,6,7,6,7,6,10,7,7,8,8,7,7,9,9,10,9,8,9,9,8,9,12,15,7,12,8,9,9,13,5,5,5,5,5,5,5,5,5,5,5,5,5,5,5,5,5,5,5,5,5,5,5,5,5,5,5,5,5,5,5,5,5,5,5,5,5,5,5,5,5,5,5,5,5,5,5,5,5,5,5,5,5,5,5,5,5,5,5,5,5,5,5,5
53,879,888,887,876,869,879,842,850,886,878,879,853,866,860,874,860,881,888,881,876,867,890,859,864,894,909,883,876,872,875,864,858,909,908,886,899,878,875,879,882,907,891,892,897,903,883,887,876,904,903,894,911,896,900,897,902,935,897,913,922,891,882,882,896,12,7,7,8,6,9,7,8,7,7,6,6,7,7,6,6,12,10,7,6,7,10,6,10,9,6,7,7,7,7,10,8,7,8,7,8,8,8,8,9,6,8,7,11,9,7,8,6,12,12,10,9,8,7,11,11,12,12,8,11,10,8,8,15,5,5,5,5,5,5,5,5,5,5,5,5,5,5,5,5,5,5,5,5,5,5,5,5,5,5,5,5,5,5,5,5,5,5,5,5,5,5,5,5,5,5,5,5,5,5,5,5,5,5,5,5,5,5,5,5,5,5,5,5,5,5,5,5
54,877,868,862,870,862,866,867,855,864,885,883,876,874,861,861,858,898,885,870,865,869,867,869,861,901,892,887,891,885,875,886,856,904,896,888,890,885,895,873,877,897,905,901,906,905,879,889,881,916,936,899,891,900,897,903,873,946,909,916,914,905,908,908,876,7,6,5,7,6,7,7,7,8,6,4,6,8,6,6,7,11,8,8,7,6,6,6,7,8,6,8,6,8,7,10,8,9,7,6,8,8,9,5,9,7,8,8,9,9,6,8,8,12,11,8,9,8,8,8,10,15,16,7,9,9,9,8,15,5,5,5,5,5,5,5,5,5,5,5,5,5,5,5,5,5,5,5,5,5,5,5,5,5,5,5,5,5,5,5,5,5,5,5,5,5,5,5,5,5,5,5,5,5,5,5,5,5,5,5,5,5,5,5,5,5,5,5,5,5,5,5,5
55,878,879,879,864,865,851,865,866,885,884,876,865,860,867,870,854,876,874,889,876,868,873,876,856,904,897,898,882,895,870,872,880,908,902,899,890,891,892,889,879,909,917,906,896,891,899,883,876,915,894,924,897,891,895,891,906,931,887,918,919,898,893,903,896,8,8,5,9,7,7,7,7,8,7,6,8,9,6,8,8,15,11,8,6,6,6,8,8,10,9,8,6,8,7,7,8,13,8,6,7,7,7,8,5,9,8,10,10,10,7,8,12,12,9,9,10,9,8,9,10,12,17,11,13,10,7,11,34,5,5,5,5,5,5,5,5,5,5,5,5,5,5,5,5,5,5,5,5,5,5,5,5,5,5,5,5,5,5,5,5,5,5,5,5,5,5,5,5,5,5,5,5,5,5,5,5,5,5,5,5,5,5,5,5,5,5,5,5,5,5,5,5
56,886,882,878,856,869,865,851,849,891,886,864,857,858,867,861,860,873,886,882,891,876,880,878,856,902,882,896,879,879,881,882,872,901,909,886,895,886,871,887,874,917,896,897,884,874,877,881,879,911,914,905,896,890,890,893,891,916,918,902,902,902,890,890,904,9,8,6,7,6,7,7,7,8,7,6,6,7,6,8,6,12,8,7,9,6,6,5,7,10,7,7,6,7,9,6,9,9,7,6,8,10,6,5,8,7,6,7,8,8,7,8,7,8,13,10,8,8,8,9,8,10,19,8,10,8,7,8,22,5,5,5,5,5,5,5,5,5,5,5,5,5,5,5,5,5,5,5,5,5,5,5,5,5,5,5,5,5,5,5,5,5,5,5,5,5,5,5,5,5,5,5,5,5,5,5,5,5,5,5,5,5,5,5,5,5,5,5,5,5,5,5,5
57,892,865,859,863,867,860,859,845,872,882,878,878,859,871,851,869,899,894,895,903,872,870,852,854,898,896,885,876,886,870,879,872,906,909,897,888,899,887,880,882,905,909,910,908,905,883,888,880,909,907,883,906,908,888,895,882,930,954,915,883,906,898,885,859,11,8,7,8,6,7,6,7,7,7,7,5,8,5,7,9,14,12,10,11,6,6,5,8,10,9,10,7,7,8,7,11,11,6,7,9,9,7,7,7,8,7,8,9,11,9,7,9,9,12,12,8,7,8,10,13,13,11,12,8,9,7,11,23,5,5,5,5,5,5,5,5,5,5,5,5,5,5,5,5,5,5,5,5,5,5,5,5,5,5,5,5,5,5,5,5,5,5,5,5,5,5,5,5,5,5,5,5,5,5,5,5,5,5,5,5,5,5,5,5,5,5,5,5,5,5,5,5
58,901,892,858,869,869,860,851,863,892,877,865,874,857,858,852,856,886,888,868,885,871,880,871,856,904,898,890,885,878,879,876,874,903,899,892,879,893,876,878,866,909,909,908,906,895,898,885,881,911,908,922,900,882,873,899,896,927,917,914,922,909,903,919,890,11,8,6,9,7,7,8,10,9,5,5,6,6,5,6,6,8,9,7,7,6,7,8,7,10,6,7,5,7,6,6,10,11,6,6,7,8,8,8,8,8,9,6,7,9,8,8,7,7,9,7,8,6,6,10,13,10,13,10,11,9,6,9,18,5,5,5,5,5,5,5,5,5,5,5,5,5,5,5,5,5,5,5,5,5,5,5,5,5,5,5,5,5,5,5,5,5,5,5,5,5,5,5,5,5,5,5,5,5,5,5,5,5,5,5,5,5,5,5,5,5,5,5,5,5,5,5,5
59,896,882,871,858,870,861,862,862,877,878,873,880,877,864,861,849,917,878,892,878,876,861,866,866,907,900,889,891,886,874,888,882,905,895,888,901,893,871,891,872,934,910,902,892,896,884,882,870,901,900,906,909,895,894,889,888,944,916,914,923,903,901,894,878,8,7,7,8,7,7,6,8,8,7,6,6,8,6,6,8,18,9,7,8,4,7,8,9,10,9,7,6,7,8,9,10,11,8,7,7,10,7,8,7,9,8,9,8,9,7,10,9,10,10,12,9,9,7,7,13,11,15,8,10,9,10,10,17,5,5,5,5,5,5,5,5,5,5,5,5,5,5,5,5,5,5,5,5,5,5,5,5,5,5,5,5,5,5,5,5,5,5,5,5,5,5,5,5,5,5,5,5,5,5,5,5,5,5,5,5,5,5,5,5,5,5,5,5,5,5,5,5
60,860,877,873,862,865,861,860,849,881,886,874,873,874,872,875,863,901,885,881,881,870,858,879,860,897,886,899,885,878,891,858,861,882,904,889,890,886,891,867,880,915,910,908,896,889,890,892,866,893,914,902,907,888,898,894,877,923,934,932,913,909,909,917,880,7,8,6,8,7,7,5,8,8,6,6,5,7,7,7,6,12,11,6,7,6,6,6,8,8,6,7,6,8,6,8,8,8,6,6,7,7,5,6,10,8,7,7,7,11,6,8,9,7,10,7,9,7,8,8,10,9,11,10,12,9,10,7,20,5,5,5,5,5,5,5,5,5,5,5,5,5,5,5,5,5,5,5,5,5,5,5,5,5,5,5,5,5,5,5,5,5,5,5,5,5,5,5,5,5,5,5,5,5,5,5,5,5,5,5,5,5,5,5,5,5,5,5,5,5,5,5,5
61,866,887,878,875,859,861,858,871,893,878,881,879,868,866,860,859,896,901,878,881,890,878,873,870,898,896,891,891,886,889,889,883,904,900,906,878,882,876,873,865,907,906,899,896,891,887,868,871,912,926,908,919,897,897,885,898,928,928,908,908,902,894,888,904,6,6,7,7,7,7,6,8,8,8,7,7,7,6,7,6,13,9,7,8,7,7,6,6,9,6,8,7,7,6,10,9,10,7,9,8,7,8,7,8,10,10,7,10,11,6,8,10,9,13,9,7,9,8,9,9,10,19,8,10,12,8,10,16,5,5,5,5,5,5,5,5,5,5,5,5,5,5,5,5,5,5,5,5,5,5,5,5,5,5,5,5,5,5,5,5,5,5,5,5,5,5,5,5,5,5,5,5,5,5,5,5,5,5,5,5,5,5,5,5,5,5,5,5,5,5,5,5
62,869,873,879,853,858,848,848,847,897,888,873,871,857,859,859,858,883,900,894,882,869,875,864,865,907,895,884,876,888,880,864,869,888,892,891,898,895,870,874,887,919,898,901,908,896,889,867,883,909,906,903,910,907,888,893,893,910,910,912,901,890,897,906,867,7,7,6,7,6,6,7,7,8,6,6,6,7,6,7,7,9,9,8,6,5,7,7,6,9,8,9,6,8,7,8,10,7,6,6,7,7,6,6,9,7,7,8,10,8,7,8,11,8,10,9,9,7,6,8,9,14,11,8,9,8,7,10,19,5,5,5,5,5,5,5,5,5,5,5,5,5,5,5,5,5,5,5,5,5,5,5,5,5,5,5,5,5,5,5,5,5,5,5,5,5,5,5,5,5,5,5,5,5,5,5,5,5,5,5,5,5,5,5,5,5,5,5,5,5,5,5,5
63,885,876,875,869,868,865,868,845,891,892,879,885,878,853,861,859,874,881,881,876,878,873,877,858,895,899,882,883,886,871,879,882,927,892,894,870,897,888,885,874,919,903,900,888,891,894,890,873,914,913,894,888,894,884,892,888,917,930,909,914,915,887,917,925,8,11,8,6,6,6,6,6,9,7,7,7,8,6,6,6,12,8,8,7,7,6,6,7,9,6,8,6,8,8,8,7,10,6,7,6,9,8,6,8,9,7,9,7,9,7,10,11,11,12,7,9,8,8,10,12,10,13,9,15,10,8,10,21,5,5,5,5,5,5,5,5,5,5,5,5,5,5,5,5,5,5,5,5,5,5,5,5,5,5,5,5,5,5,5,5,5,5,5,5,5,5,5,5,5,5,5,5,5,5,5,5,5,5,5,5,5,5,5,5,5,5,5,5,5,5,5,5
64,863,863,878,868,873,859,867,866,885,886,885,872,878,864,863,872,896,894,870,895,875,880,874,876,891,897,885,887,879,874,867,869,908,884,881,898,889,899,867,876,915,910,895,897,898,885,875,880,912,883,921,909,900,873,908,885,956,905,914,891,903,888,926,879,9,6,7,7,6,7,6,6,7,7,7,6,7,6,6,6,11,8,7,7,7,6,6,8,6,7,6,5,7,7,7,9,11,6,6,8,6,7,7,9,8,10,8,7,8,7,8,9,9,10,11,8,9,7,8,12,9,12,10,9,8,8,6,11,5,5,5,5,5,5,5,5,5,5,5,5,5,5,5,5,5,5,5,5,5,5,5,5,5,5,5,5,5,5,5,5,5,5,5,5,5,5,5,5,5,5,5,5,5,5,5,5,5,5,5,5,5,5,5,5,5,5,5,5,5,5,5,5
65,899,887,874,863,865,874,872,856,878,871,881,870,869,884,866,840,900,863,891,888,874,875,870,861,886,881,888,882,886,875,867,873,901,913,881,901,881,870,869,881,907,899,890,906,918,880,882,890,916,903,909,883,896,909,897,886,913,916,906,904,909,894,893,4000,10,8,7,6,6,9,7,9,11,7,8,7,8,6,7,7,11,9,9,8,7,7,7,8,12,9,9,7,7,7,6,8,9,8,6,7,7,8,6,10,10,7,7,8,14,6,8,9,10,11,10,9,8,8,7,10,11,13,8,13,8,11,7,11,5,5,5,5,5,5,5,5,5,5,5,5,5,5,5,5,5,5,5,5,5,5,5,5,5,5,5,5,5,5,5,5,5,5,5,5,5,5,5,5,5,5,5,5,5,5,5,5,5,5,5,5,5,5,5,5,5,5,5,5,5,5,5,255
66,873,887,871,874,865,855,863,851,886,878,877,870,865,865,859,857,878,899,878,880,873,876,870,849,887,900,894,885,885,870,869,865,921,897,880,894,896,884,895,871,916,903,906,887,891,886,900,880,913,900,907,908,904,892,879,881,923,923,931,916,893,910,906,4000,6,6,6,8,5,7,6,8,9,7,7,5,6,6,6,6,11,9,6,7,6,8,6,6,7,6,8,6,8,7,8,8,13,9,7,7,6,6,9,8,8,7,8,8,7,8,8,8,8,8,9,9,8,5,7,9,9,14,7,13,8,9,9,15,5,5,5,5,5,5,5,5,5,5,5,5,5,5,5,5,5,5,5,5,5,5,5,5,5,5,5,5,5,5,5,5,5,5,5,5,5,5,5,5,5,5,5,5,5,5,5,5,5,5,5,5,5,5,5,5,5,5,5,5,5,5,5,10
67,878,881,868,891,869,863,858,855,879,885,875,885,865,857,868,850,892,888,879,863,885,879,868,861,912,870,900,891,874,879,872,875,895,909,904,888,896,884,881,877,920,904,905,909,890,890,876,884,912,908,897,890,893,895,889,907,919,918,915,923,909,908,886,930,7,8,7,9,7,7,7,8,14,8,6,7,7,6,8,7,11,9,8,9,7,7,8,8,18,8,8,5,8,7,8,8,10,6,8,8,8,9,7,9,7,8,10,9,12,7,8,8,11,12,9,10,8,7,8,13,12,13,7,12,10,6,11,17,5,5,5,5,5,5,5,5,5,5,5,5,5,5,5,5,5,5,5,5,5,5,5,5,5,5,5,5,5,5,5,5,5,5,5,5,5,5,5,5,5,5,5,5,5,5,5,5,5,5,5,5,5,5,5,5,5,5,5,5,5,5,5,5
68,888,896,859,857,863,864,856,859,886,876,875,876,883,876,863,854,884,895,886,881,864,871,857,856,913,897,865,888,885,885,869,856,893,894,908,898,870,881,889,885,910,901,913,898,916,886,895,887,918,922,899,888,913,899,885,881,924,886,905,933,902,909,893,901,7,7,6,8,6,7,5,6,6,8,6,6,7,6,6,7,9,7,6,9,6,6,8,9,11,7,7,6,7,6,7,8,13,7,8,5,7,6,8,7,8,6,7,11,11,6,10,9,10,13,9,9,7,9,9,15,9,17,7,14,7,9,8,21,5,5,5,5,5,5,5,5,5,5,5,5,5,5,5,5,5,5,5,5,5,5,5,5,5,5,5,5,5,5,5,5,5,5,5,5,5,5,5,5,5,5,5,5,5,5,5,5,5,5,5,5,5,5,5,5,5,5,5,5,5,5,5,5
69,891,884,879,878,862,864,849,868,898,867,868,875,874,863,866,858,887,882,885,883,869,894,865,863,904,890,895,891,878,877,875,867,914,911,911,896,894,886,883,869,911,906,905,885,891,879,883,888,921,922,911,923,894,887,901,878,931,913,918,914,896,883,893,894,11,9,8,9,7,8,8,7,8,7,5,6,7,6,8,6,8,10,6,9,5,9,6,8,10,8,8,9,7,5,8,8,7,9,8,7,7,9,8,8,7,6,6,9,8,6,8,10,11,11,9,8,8,7,9,12,12,13,10,11,7,9,10,18,5,5,5,5,5,5,5,5,5,5,5,5,5,5,5,5,5,5,5,5,5,5,5,5,5,5,5,5,5,5,5,5,5,5,5,5,5,5,5,5,5,5,5,5,5,5,5,5,5,5,5,5,5,5,5,5,5,5,5,5,5,5,5,5
70,898,883,881,867,863,862,861,848,888,869,872,878,871,863,861,864,895,889,882,877,885,865,869,865,909,895,892,892,885,877,868,871,886,906,891,892,892,878,880,875,896,903,905,892,871,877,891,881,916,917,915,915,896,895,900,890,933,906,921,887,930,887,909,892,8,8,6,9,6,7,6,7,11,7,6,6,8,4,6,6,12,7,7,7,5,6,6,5,10,6,8,6,6,7,7,7,11,5,6,6,7,7,6,7,7,8,8,7,8,8,9,7,13,11,10,11,8,7,6,8,9,12,7,14,7,8,10,20,5,5,5,5,5,5,5,5,5,5,5,5,5,5,5,5,5,5,5,5,5,5,5,5,5,5,5,5,5,5,5,5,5,5,5,5,5,5,5,5,5,5,5,5,5,5,5,5,5,5,5,5,5,5,5,5,5,5,5,5,5,5,5,5
71,876,885,869,868,872,837,860,847,891,878,884,860,879,865,868,858,886,876,870,881,880,875,858,870,895,901,901,878,890,877,872,871,900,892,890,896,886,875,883,879,894,905,901,893,885,894,897,884,914,930,905,900,902,885,905,878,900,909,903,904,920,894,892,851,9,9,6,9,7,7,7,6,6,6,6,7,7,6,5,6,10,9,9,8,6,8,7,7,8,6,8,7,6,7,8,10,13,7,8,8,10,6,7,8,8,7,7,8,9,7,8,8,12,9,9,9,8,7,11,13,13,14,10,12,10,8,10,14,5,5,5,5,5,5,5,5,5,5,5,5,5,5,5,5,5,5,5,5,5,5,5,5,5,5,5,5,5,5,5,5,5,5,5,5,5,5,5,5,5,5,5,5,5,5,5,5,5,5,5,5,5,5,5,5,5,5,5,5,5,5,5,5
72,891,891,886,855,865,856,848,861,887,868,884,873,872,858,869,843,894,882,884,888,884,880,872,865,884,892,900,890,883,886,881,866,904,891,896,892,887,882,872,869,918,887,903,902,895,893,883,878,908,914,908,894,895,889,894,896,881,926,909,896,904,913,883,912,7,8,6,8,6,7,6,8,10,5,8,6,6,5,7,6,10,11,6,7,5,6,6,8,7,7,8,7,9,9,7,7,10,6,5,7,8,8,5,7,8,7,8,9,8,7,8,7,9,8,7,9,10,7,8,9,9,11,8,9,9,9,9,16,5,5,5,5,5,5,5,5,5,5,5,5,5,5,5,5,5,5,5,5,5,5,5,5,5,5,5,5,5,5,5,5,5,5,5,5,5,5,5,5,5,5,5,5,5,5,5,5,5,5,5,5,5,5,5,5,5,5,5,5,5,5,5,5
73,871,890,871,874,858,848,857,856,883,877,879,874,856,858,867,858,903,903,891,871,876,877,859,873,897,897,898,901,881,885,877,863,908,902,895,885,902,877,879,870,907,911,896,910,901,880,897,889,919,919,887,934,910,909,903,862,934,917,899,924,926,888,884,902,8,7,7,10,6,6,6,7,8,6,6,7,6,6,8,10,12,8,7,7,7,8,6,6,8,9,9,5,8,8,6,6,9,8,5,5,10,8,7,7,10,7,9,8,9,7,9,7,12,8,10,7,7,6,11,12,11,14,7,9,12,8,10,24,5,5,5,5,5,5,5,5,5,5,5,5,5,5,5,5,5,5,5,5,5,5,5,5,5,5,5,5,5,5,5,5,5,5,5,5,5,5,5,5,5,5,5,5,5,5,5,5,5,5,5,5,5,5,5,5,5,5,5,5,5,5,5,5
74,878,894,867,876,870,872,858,855,878,886,882,873,864,862,862,856,895,884,884,883,867,855,881,866,889,895,890,897,880,880,883,879,896,906,897,883,885,889,877,876,914,903,910,910,887,889,891,876,926,892,911,912,891,899,888,882,946,930,899,905,900,912,903,874,7,6,7,11,6,8,7,9,8,7,6,5,6,5,6,7,14,9,8,8,6,7,5,7,9,8,7,5,7,8,7,10,9,6,6,8,9,7,6,7,10,10,6,7,10,7,7,8,11,9,9,8,8,7,8,9,17,16,7,13,7,10,7,14,5,5,5,5,5,5,5,5,5,5,5,5,5,5,5,5,5,5,5,5,5,5,5,5,5,5,5,5,5,5,5,5,5,5,5,5,5,5,5,5,5,5,5,5,5,5,5,5,5,5,5,5,5,5,5,5,5,5,5,5,5,5,5,5
75,851,878,881,867,864,866,843,876,889,882,890,883,866,869,858,863,907,894,879,883,881,871,872,867,905,887,883,881,870,867,860,872,896,878,903,890,896,881,881,884,912,900,903,891,894,889,890,881,914,885,902,900,890,884,885,889,906,911,925,928,899,899,901,878,9,7,6,8,7,7,8,9,8,7,5,6,8,6,7,6,13,9,6,9,7,7,7,6,10,8,8,7,7,6,8,11,8,7,6,7,8,9,8,8,6,10,8,7,10,7,10,8,10,11,9,8,8,7,10,12,10,17,8,12,9,9,12,26,5,5,5,5,5,5,5,5,5,5,5,5,5,5,5,5,5,5,5,5,5,5,5,5,5,5,5,5,5,5,5,5,5,5,5,5,5,5,5,5,5,5,5,5,5,5,5,5,5,5,5,5,5,5,5,5,5,5,5,5,5,5,5,5
76,884,890,874,862,863,869,863,860,898,883,876,872,866,869,863,861,887,875,872,883,880,887,874,863,886,898,891,889,887,887,855,873,911,895,896,893,896,892,875,884,915,912,909,902,889,885,878,879,921,902,918,896,902,900,880,888,907,879,901,908,908,905,905,897,9,7,7,7,5,9,7,10,7,6,6,7,7,6,6,6,9,8,7,7,5,8,8,7,8,8,8,5,6,5,6,9,12,8,7,7,8,6,6,8,8,9,6,8,7,7,7,9,10,13,10,9,7,8,8,15,11,22,9,11,8,11,8,15,5,5,5,5,5,5,5,5,5,5,5,5,5,5,5,5,5,5,5,5,5,5,5,5,5,5,5,5,5,5,5,5,5,5,5,5,5,5,5,5,5,5,5,5,5,5,5,5,5,5,5,5,5,5,5,5,5,5,5,5,5,5,5,5
77,882,872,868,868,857,856,865,851,896,880,876,863,867,856,855,862,886,877,889,879,884,862,870,871,901,905,889,894,877,878,879,879,889,891,895,900,884,888,867,873,904,899,906,896,881,893,881,881,915,914,901,913,922,890,896,895,913,915,915,904,898,876,905,941,9,6,7,8,7,8,6,7,8,7,8,6,8,7,7,7,8,11,6,7,7,7,8,9,9,8,9,7,7,8,7,9,9,8,7,7,8,7,7,10,9,9,8,9,11,8,8,8,12,14,9,9,8,9,9,11,11,13,6,12,9,10,8,17,5,5,5,5,5,5,5,5,5,5,5,5,5,5,5,5,5,5,5,5,5,5,5,5,5,5,5,5,5,5,5,5,5,5,5,5,5,5,5,5,5,5,5,5,5,5,5,5,5,5,5,5,5,5,5,5,5,5,5,5,5,5,5,5
78,873,881,864,875,855,852,843,867,903,887,877,879,868,855,862,860,889,889,877,879,865,857,865,865,882,888,869,879,885,878,881,868,885,902,895,892,889,872,875,869,917,896,893,901,904,896,886,887,918,905,906,911,888,891,889,873,914,898,916,914,905,901,890,901,7,8,7,6,7,6,6,7,7,6,7,7,8,7,6,5,13,11,6,7,6,7,6,6,10,6,7,6,7,7,6,12,9,6,7,6,9,8,7,7,7,8,7,8,8,7,8,9,12,13,7,10,8,9,7,11,9,13,10,14,8,8,8,13,5,5,5,5,5,5,5,5,5,5,5,5,5,5,5,5,5,5,5,5,5,5,5,5,5,5,5,5,5,5,5,5,5,5,5,5,5,5,5,5,5,5,5,5,5,5,5,5,5,5,5,5,5,5,5,5,5,5,5,5,5,5,5,5
79,866,870,860,866,876,865,858,851,905,885,879,869,881,855,883,860,909,902,879,884,874,864,861,866,898,892,880,879,881,886,867,862,909,892,890,896,882,886,876,882,910,905,906,887,894,874,880,887,898,887,920,888,912,881,898,882,941,909,917,915,887,892,896,914,9,6,7,7,9,6,6,7,9,6,8,6,8,5,7,7,9,8,7,7,7,7,5,8,9,9,11,7,7,7,7,8,10,7,7,7,8,7,8,8,8,9,8,7,9,8,8,10,10,11,11,8,7,7,9,15,10,13,11,14,10,7,8,20,5,5,5,5,5,5,5,5,5,5,5,5,5,5,5,5,5,5,5,5,5,5,5,5,5,5,5,5,5,5,5,5,5,5,5,5,5,5,5,5,5,5,5,5,5,5,5,5,5,5,5,5,5,5,5,5,5,5,5,5,5,5,5,5
80,882,866,873,867,862,858,866,842,906,883,868,872,871,880,859,853,903,893,892,884,878,880,878,868,903,896,891,883,886,881,895,860,902,904,884,901,905,875,882,877,912,901,904,903,886,880,886,883,930,925,917,912,895,888,892,867,950,917,919,904,908,902,888,871,9,8,6,6,6,6,7,7,9,6,5,6,6,6,7,6,8,7,7,7,8,6,7,7,10,8,6,7,7,6,9,7,9,8,7,7,6,7,8,7,7,7,8,9,9,6,7,8,10,14,8,9,7,7,8,12,9,16,7,14,10,8,10,13,5,5,5,5,5,5,5,5,5,5,5,5,5,5,5,5,5,5,5,5,5,5,5,5,5,5,5,5,5,5,5,5,5,5,5,5,5,5,5,5,5,5,5,5,5,5,5,5,5,5,5,5,5,5,5,5,5,5,5,5,5,5,5,5
81,876,872,865,868,863,866,861,849,883,881,886,873,871,872,867,862,875,892,876,877,879,868,850,852,905,891,867,889,884,883,872,859,890,906,896,890,902,881,884,880,913,913,898,902,904,895,880,885,892,922,883,896,918,904,885,895,925,906,915,901,911,905,877,884,8,9,6,8,6,7,7,8,8,7,8,7,8,6,7,7,8,7,6,7,5,7,7,6,11,7,7,5,8,6,7,8,11,8,6,9,7,6,8,9,9,7,8,7,9,9,9,9,10,15,9,7,8,10,9,15,12,10,8,10,9,9,8,19,5,5,5,5,5,5,5,5,5,5,5,5,5,5,5,5,5,5,5,5,5,5,5,5,5,5,5,5,5,5,5,5,5,5,5,5,5,5,5,5,5,5,5,5,5,5,5,5,5,5,5,5,5,5,5,5,5,5,5,5,5,5,5,5
82,894,874,874,865,869,864,852,839,892,867,876,868,876,861,860,863,894,888,888,872,867,874,871,872,901,886,887,882,890,867,866,882,896,890,896,897,892,872,864,871,893,904,910,902,891,898,882,887,915,898,905,887,901,900,898,881,909,884,911,908,905,884,908,909,9,7,5,7,7,9,6,6,10,7,6,5,6,5,6,6,11,9,7,8,6,6,7,8,10,8,8,5,8,7,7,9,10,6,6,8,7,7,7,9,9,8,9,8,10,8,7,8,14,12,8,8,9,7,9,13,11,13,8,12,11,9,10,16,5,5,5,5,5,5,5,5,5,5,5,5,5,5,5,5,5,5,5,5,5,5,5,5,5,5,5,5,5,5,5,5,5,5,5,5,5,5,5,5,5,5,5,5,5,5,5,5,5,5,5,5,5,5,5,5,5,5,5,5,5,5,5,5
83,885,873,876,860,871,865,857,848,897,874,885,876,851,861,861,847,865,878,882,880,882,878,878,858,905,892,890,893,887,881,871,866,926,898,899,890,895,896,891,886,901,901,900,891,875,873,889,873,899,900,910,886,907,901,918,864,909,956,919,919,903,907,879,854,8,8,6,8,7,6,8,9,9,9,7,7,7,7,6,8,10,10,6,6,7,6,7,8,10,7,8,6,6,7,8,9,10,8,7,10,8,7,7,8,8,8,7,8,12,9,7,8,11,12,10,9,7,8,13,12,11,11,8,10,9,10,10,19,5,5,5,5,5,5,5,5,5,5,5,5,5,5,5,5,5,5,5,5,5,5,5,5,5,5,5,5,5,5,5,5,5,5,5,5,5,5,5,5,5,5,5,5,5,5,5,5,5,5,5,5,5,5,5,5,5,5,5,5,5,5,5,5
84,877,890,869,866,863,859,865,846,874,864,872,871,880,860,866,859,881,881,896,861,890,876,871,862,895,898,891,897,876,868,879,861,905,890,893,897,890,887,876,886,904,907,901,889,887,886,888,882,928,903,885,920,892,888,906,884,929,920,919,903,909,903,898,872,6,9,6,9,6,6,7,7,7,7,6,6,6,6,6,8,10,8,7,8,7,5,6,7,11,6,7,5,6,6,8,7,9,6,6,7,7,6,5,6,9,7,8,6,10,8,8,10,8,12,11,9,9,8,7,9,15,14,7,11,8,7,6,12,5,5,5,5,5,5,5,5,5,5,5,5,5,5,5,5,5,5,5,5,5,5,5,5,5,5,5,5,5,5,5,5,5,5,5,5,5,5,5,5,5,5,5,5,5,5,5,5,5,5,5,5,5,5,5,5,5,5,5,5,5,5,5,5
85,866,875,879,877,854,881,860,866,897,876,866,869,875,861,857,860,917,894,869,887,863,874,872,862,904,893,889,884,890,879,876,860,916,890,890,889,891,880,874,881,916,902,900,899,885,887,875,880,920,891,910,883,899,880,879,851,915,929,912,887,914,903,912,909,8,8,5,7,5,7,6,7,10,6,5,5,6,5,7,7,8,9,8,7,7,7,6,9,9,8,8,7,8,6,7,10,9,7,6,8,7,10,7,9,7,5,8,8,11,7,7,11,10,13,8,10,8,7,8,13,11,18,8,12,9,9,9,17,5,5,5,5,5,5,5,5,5,5,5,5,5,5,5,5,5,5,5,5,5,5,5,5,5,5,5,5,5,5,5,5,5,5,5,5,5,5,5,5,5,5,5,5,5,5,5,5,5,5,5,5,5,5,5,5,5,5,5,5,5,5,5,5
86,876,883,867,877,871,866,867,848,875,874,870,880,868,866,863,868,879,891,875,874,878,861,875,863,898,874,891,893,893,870,878,855,886,897,890,869,883,900,882,873,906,900,908,879,900,886,868,878,916,922,917,898,900,879,885,878,902,910,906,913,910,890,894,882,7,8,7,9,7,7,6,7,9,8,6,7,9,5,7,7,11,10,7,7,7,6,7,7,10,6,7,5,7,6,7,7,8,8,6,8,8,7,8,7,8,7,9,7,9,8,8,9,9,12,7,8,9,7,11,12,8,14,9,10,8,6,9,19,5,5,5,5,5,5,5,5,5,5,5,5,5,5,5,5,5,5,5,5,5,5,5,5,5,5,5,5,5,5,5,5,5,5,5,5,5,5,5,5,5,5,5,5,5,5,5,5,5,5,5,5,5,5,5,5,5,5,5,5,5,5,5,5
87,878,870,879,855,871,851,868,845,894,870,881,855,865,877,871,868,888,902,892,886,869,878,871,867,898,886,892,875,885,888,856,856,919,913,897,883,888,878,877,869,914,906,900,901,874,888,900,879,914,905,892,903,898,892,889,873,940,922,914,910,904,904,891,892,11,6,7,7,6,6,8,8,9,7,8,7,7,6,8,6,10,10,6,9,7,7,7,6,8,7,7,7,8,7,7,8,16,6,7,7,8,6,6,7,8,8,8,9,9,8,11,9,9,11,12,8,9,9,9,11,10,12,9,11,8,8,8,18,5,5,5,5,5,5,5,5,5,5,5,5,5,5,5,5,5,5,5,5,5,5,5,5,5,5,5,5,5,5,5,5,5,5,5,5,5,5,5,5,5,5,5,5,5,5,5,5,5,5,5,5,5,5,5,5,5,5,5,5,5,5,5,5
88,882,871,869,871,860,863,861,857,884,883,878,883,880,870,864,854,892,883,873,881,887,890,871,870,919,893,889,894,882,884,874,877,897,888,875,898,892,889,889,864,906,911,891,896,897,886,888,869,910,918,895,885,903,884,900,891,926,942,909,886,906,903,897,923,9,7,6,8,6,7,7,8,9,7,6,6,7,6,6,6,10,8,8,7,6,9,6,6,8,7,6,6,7,5,8,9,9,6,7,7,7,6,8,8,6,8,6,8,8,5,8,9,10,10,7,7,9,8,7,11,10,15,7,10,11,10,7,18,5,5,5,5,5,5,5,5,5,5,5,5,5,5,5,5,5,5,5,5,5,5,5,5,5,5,5,5,5,5,5,5,5,5,5,5,5,5,5,5,5,5,5,5,5,5,5,5,5,5,5,5,5,5,5,5,5,5,5,5,5,5,5,5
89,877,884,867,865,882,861,860,844,882,901,875,885,865,864,862,869,882,893,875,874,869,882,871,865,910,894,893,886,892,873,876,851,902,895,911,900,889,884,882,885,912,895,906,891,888,877,875,894,923,932,903,911,884,886,891,897,920,935,919,906,899,904,902,889,7,7,8,7,6,9,8,7,11,8,6,7,8,5,7,7,11,9,8,7,7,7,6,7,12,8,8,8,8,7,7,9,10,8,6,7,9,8,8,7,8,10,10,8,9,7,8,7,9,14,8,7,7,8,7,11,10,14,9,11,10,8,10,17,5,5,5,5,5,5,5,5,5,5,5,5,5,5,5,5,5,5,5,5,5,5,5,5,5,5,5,5,5,5,5,5,5,5,5,5,5,5,5,5,5,5,5,5,5,5,5,5,5,5,5,5,5,5,5,5,5,5,5,5,5,5,5,5
90,886,890,878,858,870,852,851,857,897,891,884,861,870,862,877,858,905,884,894,876,871,883,865,869,910,884,891,892,877,873,868,859,895,907,888,896,878,888,896,879,901,925,900,888,908,889,882,884,912,919,892,914,904,900,870,903,931,935,927,891,915,912,891,887,8,10,6,7,7,6,6,11,7,6,6,7,6,7,6,6,8,9,7,7,6,6,8,7,10,8,6,5,6,6,7,7,10,7,7,8,7,8,8,7,7,8,7,7,10,8,8,10,9,8,8,8,7,8,8,8,13,21,9,12,12,11,8,17,5,5,5,5,5,5,5,5,5,5,5,5,5,5,5,5,5,5,5,5,5,5,5,5,5,5,5,5,5,5,5,5,5,5,5,5,5,5,5,5,5,5,5,5,5,5,5,5,5,5,5,5,5,5,5,5,5,5,5,5,5,5,5,5
91,880,876,878,858,858,874,862,858,898,891,889,877,852,863,863,851,881,881,888,883,875,872,869,864,888,887,893,880,895,886,869,877,884,902,892,893,902,877,886,865,913,882,899,898,878,889,877,901,902,905,903,901,911,884,895,886,948,911,914,883,906,924,893,895,9,8,7,8,6,8,6,11,15,7,7,7,6,6,6,5,9,10,9,7,7,5,7,8,9,7,7,6,8,7,7,7,8,8,7,7,7,8,8,8,7,8,7,7,9,8,10,7,11,15,9,10,9,9,8,9,12,11,7,11,9,10,10,15,5,5,5,5,5,5,5,5,5,5,5,5,5,5,5,5,5,5,5,5,5,5,5,5,5,5,5,5,5,5,5,5,5,5,5,5,5,5,5,5,5,5,5,5,5,5,5,5,5,5,5,5,5,5,5,5,5,5,5,5,5,5,5,5
92,876,890,869,858,862,862,865,850,890,886,880,870,869,870,846,864,897,894,888,892,873,883,867,861,895,889,891,886,873,870,864,869,897,902,897,885,900,897,883,872,902,901,903,898,879,881,898,866,901,923,910,901,884,887,883,890,912,927,910,905,918,911,910,921,8,9,8,7,7,8,7,8,11,8,7,6,8,7,5,6,12,10,7,7,6,8,6,8,9,7,8,6,6,7,8,8,10,7,6,7,7,6,7,8,8,9,7,8,10,8,8,9,9,13,8,8,7,8,6,10,12,11,7,13,7,8,7,18,5,5,5,5,5,5,5,5,5,5,5,5,5,5,5,5,5,5,5,5,5,5,5,5,5,5,5,5,5,5,5,5,5,5,5,5,5,5,5,5,5,5,5,5,5,5,5,5,5,5,5,5,5,5,5,5,5,5,5,5,5,5,5,5
93,891,874,869,871,864,859,860,848,888,887,889,873,883,870,865,837,882,871,882,858,879,882,867,868,903,885,888,879,888,883,864,865,889,886,906,873,903,884,883,875,900,895,883,889,880,898,880,900,907,905,900,886,895,889,890,884,922,915,898,915,902,904,897,863,12,7,6,6,6,8,8,6,9,6,8,5,8,5,6,6,10,10,7,8,7,7,6,7,9,8,7,6,6,6,7,10,12,8,8,6,7,9,7,7,9,8,8,7,8,7,8,9,10,15,10,8,9,9,10,10,11,12,9,15,10,9,7,13,5,5,5,5,5,5,5,5,5,5,5,5,5,5,5,5,5,5,5,5,5,5,5,5,5,5,5,5,5,5,5,5,5,5,5,5,5,5,5,5,5,5,5,5,5,5,5,5,5,5,5,5,5,5,5,5,5,5,5,5,5,5,5,5
94,895,875,885,875,863,860,864,853,871,883,881,876,865,868,867,847,887,878,879,878,882,869,880,857,900,895,876,888,890,886,878,864,906,885,903,874,900,874,883,873,918,904,912,899,889,883,886,885,925,902,899,909,903,899,889,907,931,909,919,893,909,894,905,897,7,6,6,9,6,8,6,11,9,8,6,6,7,6,7,6,11,9,7,8,6,6,7,7,10,7,8,5,9,6,7,8,8,7,8,7,7,7,7,7,8,7,6,8,11,8,7,8,13,10,8,7,9,8,8,12,11,14,8,12,9,9,8,12,5,5,5,5,5,5,5,5,5,5,5,5,5,5,5,5,5,5,5,5,5,5,5,5,5,5,5,5,5,5,5,5,5,5,5,5,5,5,5,5,5,5,5,5,5,5,5,5,5,5,5,5,5,5,5,5,5,5,5,5,5,5,5,5
95,889,884,869,869,870,860,871,863,878,882,872,868,871,863,869,869,890,882,872,882,886,858,872,856,907,903,888,889,878,890,886,866,914,891,886,898,891,876,876,871,898,911,906,891,889,874,903,877,920,918,909,901,894,889,881,874,946,909,922,942,893,882,904,879,7,6,7,6,6,7,7,6,10,7,6,7,7,6,8,7,11,10,8,7,10,7,6,8,11,6,10,5,7,7,9,9,9,8,7,9,10,8,7,8,8,7,9,7,9,7,7,11,12,9,10,8,8,9,8,12,8,14,7,17,12,7,8,22,5,5,5,5,5,5,5,5,5,5,5,5,5,5,5,5,5,5,5,5,5,5,5,5,5,5,5,5,5,5,5,5,5,5,5,5,5,5,5,5,5,5,5,5,5,5,5,5,5,5,5,5,5,5,5,5,5,5,5,5,5,5,5,5
96,881,877,873,862,871,855,854,845,896,886,874,883,881,858,856,864,894,888,880,881,870,874,860,872,888,888,895,884,879,878,875,868,902,899,898,898,891,890,885,885,907,904,893,899,895,883,891,886,928,915,912,888,895,895,903,882,918,908,899,904,906,897,912,885,8,6,6,7,7,6,5,8,8,7,6,7,5,6,6,6,12,8,6,6,6,6,6,5,8,8,7,4,7,7,8,9,9,7,7,7,8,7,6,8,8,7,6,9,10,6,7,10,14,8,8,11,9,5,11,12,9,13,9,10,8,8,10,15,5,5,5,5,5,5,5,5,5,5,5,5,5,5,5,5,5,5,5,5,5,5,5,5,5,5,5,5,5,5,5,5,5,5,5,5,5,5,5,5,5,5,5,5,5,5,5,5,5,5,5,5,5,5,5,5,5,5,5,5,5,5,5,5
97,875,867,871,852,862,866,860,871,890,882,879,870,874,879,859,855,897,881,898,870,877,865,869,850,900,891,881,884,881,872,879,854,891,909,907,875,882,894,878,855,918,908,905,896,905,887,903,869,927,905,909,911,890,891,893,895,925,937,919,900,897,902,912,885,7,7,5,7,6,10,6,5,8,8,7,6,9,7,6,8,13,9,8,7,7,7,6,7,10,7,11,5,7,7,10,11,8,7,8,8,8,7,7,8,8,9,8,12,10,8,13,9,13,15,8,10,8,7,8,14,11,21,7,12,10,11,11,20,5,5,5,5,5,5,5,5,5,5,5,5,5,5,5,5,5,5,5,5,5,5,5,5,5,5,5,5,5,5,5,5,5,5,5,5,5,5,5,5,5,5,5,5,5,5,5,5,5,5,5,5,5,5,5,5,5,5,5,5,5,5,5,5
98,888,866,884,867,870,851,853,841,893,878,877,870,869,857,859,863,891,887,882,877,879,850,870,868,893,891,887,873,888,878,864,864,889,899,896,900,911,872,893,865,906,899,904,902,897,885,867,878,909,914,897,892,888,894,903,891,911,908,929,906,892,888,907,920,8,6,8,7,7,6,7,7,9,6,6,6,7,6,6,5,14,8,7,7,5,5,7,5,10,7,7,5,5,7,8,7,10,7,5,7,7,7,8,8,8,7,8,7,9,7,9,9,12,13,8,10,9,7,8,11,11,12,9,11,10,7,8,16,5,5,5,5,5,5,5,5,5,5,5,5,5,5,5,5,5,5,5,5,5,5,5,5,5,5,5,5,5,5,5,5,5,5,5,5,5,5,5,5,5,5,5,5,5,5,5,5,5,5,5,5,5,5,5,5,5,5,5,5,5,5,5,5
99,882,875,872,870,859,854,868,849,887,888,871,876,861,866,881,860,896,899,862,886,875,858,870,858,896,895,886,883,876,877,878,869,906,904,892,902,866,894,879,869,906,890,910,889,897,900,874,871,946,909,924,899,912,893,897,878,935,933,908,890,893,911,906,902,8,9,6,9,6,8,7,10,9,8,6,7,7,6,6,7,9,6,8,7,9,7,7,7,9,9,8,6,7,9,8,9,11,7,5,8,7,7,7,7,11,7,7,8,8,8,6,11,9,11,15,16,6,8,8,9,11,12,7,10,11,9,9,20,5,5,5,5,5,5,5,5,5,5,5,5,5,5,5,5,5,5,5,5,5,5,5,5,5,5,5,5,5,5,5,5,5,5,5,5,5,5,5,5,5,5,5,5,5,5,5,5,5,5,5,5,5,5,5,5,5,5,5,5,5,5,5,5
100,880,881,872,871,861,863,864,852,877,890,874,871,866,871,851,870,894,911,870,881,867,877,871,858,901,894,888,886,891,876,861,879,921,913,892,885,893,869,870,887,907,908,892,899,899,884,894,882,935,904,896,888,887,903,899,880,926,925,920,891,903,899,898,912,8,8,7,11,5,7,7,7,8,7,6,6,7,6,6,6,10,8,9,7,5,6,6,5,11,6,9,7,6,7,8,7,8,6,6,6,9,5,6,8,8,7,6,9,8,7,9,7,10,7,9,9,8,7,9,17,12,14,8,10,8,10,9,33,5,5,5,5,5,5,5,5,5,5,5,5,5,5,5,5,5,5,5,5,5,5,5,5,5,5,5,5,5,5,5,5,5,5,5,5,5,5,5,5,5,5,5,5,5,5,5,5,5,5,5,5,5,5,5,5,5,5,5,5,5,5,5,5
101,889,876,872,877,877,873,864,841,870,898,878,873,881,874,857,864,870,879,890,887,877,875,868,853,895,895,898,886,891,874,883,868,891,904,894,906,888,900,899,866,910,896,904,891,866,899,883,873,909,899,895,910,902,900,891,880,914,935,903,910,922,919,893,846,10,7,9,7,6,9,7,7,9,8,7,6,6,6,6,8,10,9,8,7,7,6,7,6,9,6,8,6,7,6,8,9,9,7,6,9,8,7,6,8,8,8,8,9,10,7,7,8,10,11,9,9,7,8,8,13,10,16,8,12,10,8,9,28,5,5,5,5,5,5,5,5,5,5,5,5,5,5,5,5,5,5,5,5,5,5,5,5,5,5,5,5,5,5,5,5,5,5,5,5,5,5,5,5,5,5,5,5,5,5,5,5,5,5,5,5,5,5,5,5,5,5,5,5,5,5,5,5
102,881,888,868,865,863,865,861,849,898,887,880,872,874,858,866,871,890,886,863,883,880,867,866,871,893,907,889,879,864,879,882,867,912,908,894,901,882,885,890,893,907,908,893,888,889,884,882,881,902,897,895,881,892,875,885,880,922,930,903,926,890,901,879,892,7,7,5,8,6,7,6,8,9,7,5,5,8,6,7,6,14,8,8,7,5,6,6,7,7,6,8,6,8,7,8,9,8,8,7,7,7,6,6,8,8,8,6,7,7,8,7,7,9,11,8,8,9,9,9,10,9,16,10,11,8,9,8,18,5,5,5,5,5,5,5,5,5,5,5,5,5,5,5,5,5,5,5,5,5,5,5,5,5,5,5,5,5,5,5,5,5,5,5,5,5,5,5,5,5,5,5,5,5,5,5,5,5,5,5,5,5,5,5,5,5,5,5,5,5,5,5,5
103,886,870,882,875,867,871,858,853,892,886,875,876,882,871,863,863,880,874,878,892,883,870,859,865,915,890,887,883,871,876,874,865,932,886,890,892,888,883,890,882,907,906,898,885,882,891,892,885,907,908,911,912,904,895,898,873,908,911,903,886,896,900,900,909,7,8,5,10,6,7,7,7,8,8,7,6,7,6,7,6,11,8,9,9,8,6,5,7,13,8,7,7,7,8,8,9,12,6,6,9,7,8,8,8,10,7,7,9,9,8,6,9,8,10,9,11,10,7,10,17,17,16,8,10,7,9,8,23,5,5,5,5,5,5,5,5,5,5,5,5,5,5,5,5,5,5,5,5,5,5,5,5,5,5,5,5,5,5,5,5,5,5,5,5,5,5,5,5,5,5,5,5,5,5,5,5,5,5,5,5,5,5,5,5,5,5,5,5,5,5,5,5
104,881,881,875,876,861,864,850,840,893,884,879,872,874,868,863,861,897,887,876,887,865,860,854,862,905,886,888,867,881,880,882,865,894,904,905,893,890,894,868,867,904,908,905,895,894,887,881,886,903,910,899,914,895,901,893,884,936,923,900,904,904,890,894,882,7,7,6,8,6,8,5,8,8,7,6,5,6,6,7,6,9,9,6,6,6,6,5,6,7,7,8,5,6,7,7,9,9,8,7,7,8,8,6,9,10,6,6,7,7,8,8,8,10,11,9,8,8,8,11,12,14,17,8,11,9,7,9,12,5,5,5,5,5,5,5,5,5,5,5,5,5,5,5,5,5,5,5,5,5,5,5,5,5,5,5,5,5,5,5,5,5,5,5,5,5,5,5,5,5,5,5,5,5,5,5,5,5,5,5,5,5,5,5,5,5,5,5,5,5,5,5,5
105,897,877,883,864,858,869,855,854,874,889,883,873,859,863,857,856,901,898,863,888,884,868,863,863,898,904,881,882,894,873,878,870,908,893,896,883,890,886,888,873,901,892,901,897,899,888,893,885,926,910,905,911,895,887,899,897,901,936,897,897,915,900,910,888,7,7,7,8,6,9,6,8,9,7,7,6,8,6,6,9,13,8,7,9,5,6,6,10,11,6,8,6,9,7,8,6,12,9,6,8,10,8,8,9,7,9,9,7,9,8,9,7,12,16,10,8,7,8,9,14,13,27,7,11,12,10,8,22,5,5,5,5,5,5,5,5,5,5,5,5,5,5,5,5,5,5,5,5,5,5,5,5,5,5,5,5,5,5,5,5,5,5,5,5,5,5,5,5,5,5,5,5,5,5,5,5,5,5,5,5,5,5,5,5,5,5,5,5,5,5,5,5
106,881,903,880,856,856,860,871,855,876,880,878,887,863,860,860,849,907,898,877,884,884,879,866,858,897,889,882,884,877,872,868,867,889,900,913,887,892,887,872,891,910,902,900,897,893,883,903,874,906,930,903,894,891,884,888,894,907,935,902,897,883,891,903,907,9,7,6,7,5,8,5,8,8,6,6,7,7,6,6,6,12,9,6,7,5,7,6,6,12,7,9,6,6,7,6,9,9,6,8,7,7,7,6,7,7,8,7,8,11,6,7,9,9,14,8,9,8,7,8,14,8,13,7,10,9,8,8,16,5,5,5,5,5,5,5,5,5,5,5,5,5,5,5,5,5,5,5,5,5,5,5,5,5,5,5,5,5,5,5,5,5,5,5,5,5,5,5,5,5,5,5,5,5,5,5,5,5,5,5,5,5,5,5,5,5,5,5,5,5,5,5,5
107,872,863,885,878,865,856,858,855,895,880,883,876,873,850,861,850,904,900,873,863,870,866,872,869,893,897,899,888,882,892,864,871,889,898,889,891,889,890,887,896,899,903,904,910,892,896,889,889,920,936,918,911,911,891,896,920,920,913,918,898,896,897,902,884,10,7,6,7,6,7,6,8,11,6,6,6,8,6,6,7,12,8,7,7,6,6,7,8,10,8,7,6,8,7,7,8,9,7,6,7,8,8,8,10,9,9,8,10,9,8,9,8,10,11,11,8,8,6,11,11,12,12,9,10,13,8,7,21,5,5,5,5,5,5,5,5,5,5,5,5,5,5,5,5,5,5,5,5,5,5,5,5,5,5,5,5,5,5,5,5,5,5,5,5,5,5,5,5,5,5,5,5,5,5,5,5,5,5,5,5,5,5,5,5,5,5,5,5,5,5,5,5
108,897,887,868,863,868,854,863,851,886,884,881,867,875,865,852,848,911,882,877,869,872,880,876,852,891,889,899,883,873,882,864,865,893,893,889,889,878,891,883,866,909,899,903,900,889,895,885,898,903,907,906,900,890,894,890,878,920,916,921,916,902,900,892,880,9,11,5,8,7,6,6,8,6,9,7,5,6,5,6,8,10,8,7,8,8,7,8,6,10,7,8,7,5,6,7,11,10,7,6,8,7,7,7,7,8,9,8,11,9,7,8,7,11,12,11,7,8,7,7,15,8,11,8,12,8,8,9,17,5,5,5,5,5,5,5,5,5,5,5,5,5,5,5,5,5,5,5,5,5,5,5,5,5,5,5,5,5,5,5,5,5,5,5,5,5,5,5,5,5,5,5,5,5,5,5,5,5,5,5,5,5,5,5,5,5,5,5,5,5,5,5,5
109,882,879,863,864,861,861,851,836,882,869,879,881,875,872,878,857,891,876,876,879,873,856,856,853,891,911,871,876,887,876,875,879,920,907,888,885,883,882,881,882,913,894,907,894,904,870,876,884,901,922,915,899,897,897,897,866,933,910,918,897,896,906,908,907,11,8,7,8,6,6,7,6,10,6,6,6,8,7,8,5,11,9,8,7,7,6,6,7,12,7,8,6,7,6,7,11,11,6,5,7,8,6,7,7,8,9,10,7,9,9,7,8,10,13,10,9,9,6,7,11,13,14,9,14,8,8,11,15,5,5,5,5,5,5,5,5,5,5,5,5,5,5,5,5,5,5,5,5,5,5,5,5,5,5,5,5,5,5,5,5,5,5,5,5,5,5,5,5,5,5,5,5,5,5,5,5,5,5,5,5,5,5,5,5,5,5,5,5,5,5,5,5
110,894,866,876,870,865,846,851,848,888,873,878,872,870,865,854,866,883,894,891,886,874,870,875,855,897,883,882,885,878,886,879,860,903,905,909,897,888,878,879,876,899,894,895,903,890,893,883,887,915,909,924,907,908,890,892,906,938,938,905,911,900,906,899,871,11,7,7,9,6,7,5,6,9,8,6,6,7,5,5,6,10,13,8,6,7,7,7,7,10,6,8,6,7,6,7,9,9,8,7,8,8,8,7,9,8,7,8,7,7,9,8,9,12,11,11,8,6,6,8,12,10,16,10,9,7,7,10,16,5,5,5,5,5,5,5,5,5,5,5,5,5,5,5,5,5,5,5,5,5,5,5,5,5,5,5,5,5,5,5,5,5,5,5,5,5,5,5,5,5,5,5,5,5,5,5,5,5,5,5,5,5,5,5,5,5,5,5,5,5,5,5,5
111,881,873,876,878,869,862,859,864,894,878,883,869,859,873,865,849,850,880,873,893,876,874,868,864,895,894,879,883,884,866,877,860,903,895,889,894,890,887,877,861,905,904,903,895,898,874,880,892,883,908,886,898,897,890,890,866,929,937,921,909,904,893,910,855,7,8,7,7,6,7,6,6,8,8,7,5,6,7,7,7,11,8,9,8,6,6,7,7,9,8,8,7,7,7,8,8,11,7,6,7,9,7,6,7,8,10,8,10,9,7,7,10,9,14,11,10,10,8,10,9,10,14,9,9,10,10,10,19,5,5,5,5,5,5,5,5,5,5,5,5,5,5,5,5,5,5,5,5,5,5,5,5,5,5,5,5,5,5,5,5,5,5,5,5,5,5,5,5,5,5,5,5,5,5,5,5,5,5,5,5,5,5,5,5,5,5,5,5,5,5,5,5
112,875,882,872,861,869,855,853,853,897,882,880,869,878,870,871,871,906,895,885,882,871,889,861,854,894,878,900,880,888,880,881,870,887,906,895,879,879,887,877,864,910,908,913,894,908,894,880,890,912,932,897,904,896,892,896,888,919,911,913,916,908,909,884,897,8,8,7,7,7,7,6,8,8,6,7,6,7,5,7,6,11,6,7,7,6,7,7,7,10,6,8,6,8,5,7,11,9,5,6,7,8,6,7,8,10,7,7,8,8,8,10,11,9,13,9,8,9,8,8,9,9,13,6,9,8,10,9,14,5,5,5,5,5,5,5,5,5,5,5,5,5,5,5,5,5,5,5,5,5,5,5,5,5,5,5,5,5,5,5,5,5,5,5,5,5,5,5,5,5,5,5,5,5,5,5,5,5,5,5,5,5,5,5,5,5,5,5,5,5,5,5,5
113,896,892,901,856,864,861,849,851,876,882,888,867,860,858,876,852,903,897,882,883,875,873,866,866,897,879,898,889,888,868,862,838,901,889,893,907,881,868,873,885,909,903,905,905,904,897,881,887,918,933,917,910,894,896,893,905,909,900,910,927,907,891,904,904,10,9,9,7,6,6,7,7,11,6,8,6,7,9,5,8,16,9,6,7,7,7,6,9,9,7,8,6,8,9,7,8,11,7,6,9,8,7,8,11,7,6,8,8,11,7,8,8,11,12,9,10,7,6,8,12,10,13,6,15,12,12,9,20,5,5,5,5,5,5,5,5,5,5,5,5,5,5,5,5,5,5,5,5,5,5,5,5,5,5,5,5,5,5,5,5,5,5,5,5,5,5,5,5,5,5,5,5,5,5,5,5,5,5,5,5,5,5,5,5,5,5,5,5,5,5,5,5
114,875,874,893,855,860,860,848,856,892,886,874,884,854,867,863,856,888,873,882,877,870,872,852,862,888,891,883,890,880,887,870,868,909,887,888,890,890,872,891,866,909,901,905,904,887,895,882,899,918,929,881,895,892,896,879,889,927,914,918,909,914,910,902,868,9,7,7,7,5,7,7,7,8,7,5,7,6,6,7,7,10,10,6,6,6,7,6,8,8,7,9,5,7,6,5,8,11,7,6,6,8,8,7,8,7,8,7,8,11,9,10,6,7,17,9,7,7,7,10,10,11,15,9,7,8,8,10,19,5,5,5,5,5,5,5,5,5,5,5,5,5,5,5,5,5,5,5,5,5,5,5,5,5,5,5,5,5,5,5,5,5,5,5,5,5,5,5,5,5,5,5,5,5,5,5,5,5,5,5,5,5,5,5,5,5,5,5,5,5,5,5,5
115,872,880,862,860,855,872,850,858,879,878,880,888,879,877,859,868,893,904,894,889,881,875,878,877,894,893,901,880,884,872,878,860,897,897,898,894,888,873,887,885,927,892,898,900,892,899,888,879,909,886,910,884,885,888,903,877,931,894,901,914,913,893,892,901,7,8,7,8,5,6,7,8,10,8,7,9,8,6,8,6,11,9,9,8,6,7,8,7,8,7,7,7,7,7,7,10,12,8,8,7,7,8,10,9,8,7,9,8,9,9,8,9,10,11,10,8,7,7,9,14,9,16,10,8,11,7,10,23,5,5,5,5,5,5,5,5,5,5,5,5,5,5,5,5,5,5,5,5,5,5,5,5,5,5,5,5,5,5,5,5,5,5,5,5,5,5,5,5,5,5,5,5,5,5,5,5,5,5,5,5,5,5,5,5,5,5,5,5,5,5,5,5
116,872,876,865,870,859,862,863,854,886,882,874,871,854,859,882,859,899,882,885,864,885,870,874,859,897,887,897,884,879,876,887,868,909,895,891,899,897,883,863,877,915,904,911,892,888,900,878,874,892,902,922,901,888,889,883,900,931,927,922,898,896,897,896,884,8,8,7,8,7,7,6,8,10,6,5,6,7,4,5,6,9,10,7,8,6,7,6,7,9,6,7,5,7,7,8,9,14,7,7,8,8,6,7,7,9,9,6,8,7,8,7,6,10,10,10,7,9,6,7,12,9,13,7,9,7,9,8,16,5,5,5,5,5,5,5,5,5,5,5,5,5,5,5,5,5,5,5,5,5,5,5,5,5,5,5,5,5,5,5,5,5,5,5,5,5,5,5,5,5,5,5,5,5,5,5,5,5,5,5,5,5,5,5,5,5,5,5,5,5,5,5,5
117,881,874,867,877,861,857,860,852,873,873,879,870,870,857,868,854,891,897,879,891,879,886,860,847,892,887,886,893,888,886,868,875,906,890,899,889,880,883,876,885,907,919,919,906,906,884,880,873,903,899,921,888,895,896,880,877,909,942,907,919,920,892,902,875,9,9,6,7,5,7,6,8,7,7,6,6,7,6,7,6,12,8,8,8,5,10,7,7,10,7,6,6,8,9,9,6,9,7,8,7,8,8,7,10,9,10,8,9,8,10,9,9,9,14,9,9,8,10,7,11,11,12,9,16,11,9,9,13,5,5,5,5,5,5,5,5,5,5,5,5,5,5,5,5,5,5,5,5,5,5,5,5,5,5,5,5,5,5,5,5,5,5,5,5,5,5,5,5,5,5,5,5,5,5,5,5,5,5,5,5,5,5,5,5,5,5,5,5,5,5,5,5
118,879,877,873,874,870,848,857,850,875,904,882,877,854,863,866,870,894,882,880,876,891,872,871,868,869,901,878,884,878,887,887,869,903,900,888,898,875,877,876,870,920,903,903,890,885,890,877,896,911,901,908,903,882,884,898,904,921,905,922,913,906,899,881,866,7,6,7,6,7,7,8,7,8,8,6,6,6,6,6,6,10,8,7,6,6,6,6,6,7,6,9,7,6,5,7,8,12,7,8,7,7,8,7,8,5,7,7,10,10,7,7,10,9,10,9,9,8,7,9,12,8,14,8,11,11,8,9,17,5,5,5,5,5,5,5,5,5,5,5,5,5,5,5,5,5,5,5,5,5,5,5,5,5,5,5,5,5,5,5,5,5,5,5,5,5,5,5,5,5,5,5,5,5,5,5,5,5,5,5,5,5,5,5,5,5,5,5,5,5,5,5,5
119,888,898,873,857,866,867,858,859,875,901,886,877,869,869,860,854,916,892,881,885,880,879,868,864,896,880,901,885,883,895,865,874,886,899,900,885,888,881,883,870,919,909,908,903,884,889,886,879,926,899,895,890,907,911,881,898,924,915,914,928,874,889,895,858,8,7,6,8,7,8,6,10,8,9,6,8,8,5,6,6,11,9,9,7,8,7,7,6,7,7,8,7,8,7,7,11,9,8,6,8,8,6,9,8,8,8,10,9,9,8,10,12,13,12,11,10,10,9,7,9,11,15,8,11,9,9,7,17,5,5,5,5,5,5,5,5,5,5,5,5,5,5,5,5,5,5,5,5,5,5,5,5,5,5,5,5,5,5,5,5,5,5,5,5,5,5,5,5,5,5,5,5,5,5,5,5,5,5,5,5,5,5,5,5,5,5,5,5,5,5,5,5
120,887,887,862,865,874,862,862,846,896,884,880,888,866,868,858,858,910,886,874,881,865,862,870,861,924,890,880,885,883,868,876,857,913,893,888,882,897,885,876,880,928,914,910,902,884,890,876,879,916,904,909,905,889,909,885,902,917,935,920,889,907,903,906,903,8,7,6,9,6,8,7,6,9,6,6,5,7,5,5,7,11,9,6,7,6,7,6,5,8,9,8,7,7,7,7,7,13,7,7,7,6,8,6,7,7,7,8,8,7,7,8,7,10,11,10,7,8,7,6,10,12,15,9,10,9,7,10,17,5,5,5,5,5,5,5,5,5,5,5,5,5,5,5,5,5,5,5,5,5,5,5,5,5,5,5,5,5,5,5,5,5,5,5,5,5,5,5,5,5,5,5,5,5,5,5,5,5,5,5,5,5,5,5,5,5,5,5,5,5,5,5,5
121,888,871,878,860,863,853,864,866,904,893,878,872,875,862,858,856,886,895,884,880,874,878,877,865,882,889,892,887,890,873,879,865,914,899,886,893,894,886,889,875,919,896,918,893,902,896,895,884,905,905,909,920,913,892,875,889,937,943,897,892,892,902,903,919,10,8,6,8,6,7,8,8,9,7,7,6,7,8,7,8,9,9,10,8,7,7,9,9,11,7,9,7,6,8,8,9,17,7,7,10,6,8,7,9,8,9,6,8,7,8,9,11,10,15,10,12,12,7,10,12,10,12,7,13,8,8,11,16,5,5,5,5,5,5,5,5,5,5,5,5,5,5,5,5,5,5,5,5,5,5,5,5,5,5,5,5,5,5,5,5,5,5,5,5,5,5,5,5,5,5,5,5,5,5,5,5,5,5,5,5,5,5,5,5,5,5,5,5,5,5,5,5
122,881,894,875,862,856,868,853,854,909,895,878,865,859,875,860,874,889,895,879,877,877,867,874,866,903,893,880,878,888,874,878,872,912,907,892,901,893,885,879,863,889,897,896,901,898,885,890,890,919,895,899,902,906,880,872,877,913,934,904,911,876,888,902,925,8,8,6,8,5,7,6,7,9,7,6,6,6,6,9,6,9,8,6,7,6,7,7,6,9,7,9,6,7,8,8,10,11,7,6,8,6,6,8,7,5,7,6,9,8,7,8,9,11,10,7,7,8,7,9,10,9,12,10,12,9,7,10,15,5,5,5,5,5,5,5,5,5,5,5,5,5,5,5,5,5,5,5,5,5,5,5,5,5,5,5,5,5,5,5,5,5,5,5,5,5,5,5,5,5,5,5,5,5,5,5,5,5,5,5,5,5,5,5,5,5,5,5,5,5,5,5,5
123,878,879,865,875,881,862,865,859,882,870,876,882,870,879,859,870,892,905,885,896,881,878,867,872,903,900,881,875,880,887,870,861,893,902,897,893,883,888,880,888,899,913,896,894,919,887,888,897,926,921,896,903,886,920,909,899,919,910,912,904,897,907,889,900,8,7,6,10,5,7,6,8,7,7,6,6,7,7,7,8,11,10,7,9,6,8,8,9,10,8,8,5,7,7,7,7,9,10,6,8,6,7,7,8,8,7,7,7,9,6,12,11,12,9,9,9,8,9,12,11,13,13,10,12,8,9,9,19,5,5,5,5,5,5,5,5,5,5,5,5,5,5,5,5,5,5,5,5,5,5,5,5,5,5,5,5,5,5,5,5,5,5,5,5,5,5,5,5,5,5,5,5,5,5,5,5,5,5,5,5,5,5,5,5,5,5,5,5,5,5,5,5
124,884,874,875,858,865,857,850,860,899,885,869,878,868,858,871,854,888,877,892,877,870,875,869,848,898,897,879,882,878,877,867,859,911,896,881,897,884,881,893,863,907,897,908,905,898,890,880,883,895,944,907,904,902,892,898,900,931,920,929,898,892,891,909,880,9,8,6,6,6,7,6,7,11,7,6,7,7,5,7,7,10,8,7,7,6,6,6,7,8,7,10,6,7,7,7,8,11,7,6,7,9,7,7,7,9,9,6,8,8,7,7,9,7,13,9,8,7,8,8,11,11,13,8,9,9,8,8,22,5,5,5,5,5,5,5,5,5,5,5,5,5,5,5,5,5,5,5,5,5,5,5,5,5,5,5,5,5,5,5,5,5,5,5,5,5,5,5,5,5,5,5,5,5,5,5,5,5,5,5,5,5,5,5,5,5,5,5,5,5,5,5,5
125,891,892,872,874,862,861,852,846,885,888,885,864,860,878,845,863,881,885,887,869,876,865,870,859,888,896,886,887,884,882,869,871,903,894,890,882,897,886,882,890,909,902,912,894,882,883,896,888,910,915,899,903,883,904,887,879,923,920,926,891,893,890,884,895,9,7,6,6,6,7,7,7,7,7,7,7,7,6,7,6,10,8,8,10,7,9,7,7,8,8,11,6,8,8,10,10,9,8,5,6,8,6,7,8,10,9,9,7,9,7,7,8,10,12,15,8,6,7,7,12,12,9,8,11,12,8,8,22,5,5,5,5,5,5,5,5,5,5,5,5,5,5,5,5,5,5,5,5,5,5,5,5,5,5,5,5,5,5,5,5,5,5,5,5,5,5,5,5,5,5,5,5,5,5,5,5,5,5,5,5,5,5,5,5,5,5,5,5,5,5,5,5
126,903,888,874,868,869,856,855,859,894,876,869,879,870,861,859,854,891,903,894,870,870,878,852,864,890,900,888,878,879,891,884,872,896,903,895,881,880,886,881,887,905,902,895,886,897,884,883,882,922,907,898,893,900,897,884,908,918,4000,890,920,913,893,898,892,9,10,7,5,7,7,6,7,7,7,6,6,8,7,6,6,11,10,7,8,6,6,5,8,11,8,6,6,7,6,8,9,8,8,6,7,7,7,6,7,9,6,8,8,10,7,8,10,10,10,8,9,10,8,7,11,12,22,10,9,10,11,8,22,5,5,5,5,5,5,5,5,5,5,5,5,5,5,5,5,5,5,5,5,5,5,5,5,5,5,5,5,5,5,5,5,5,5,5,5,5,5,5,5,5,5,5,5,5,5,5,5,5,5,5,5,5,5,5,5,5,255,5,5,5,5,5,5
127,874,894,889,863,864,863,865,850,886,886,881,864,865,869,861,866,896,891,900,898,870,876,861,864,885,896,889,886,883,878,863,861,904,900,907,883,877,892,880,872,913,905,904,902,893,890,877,872,905,921,906,895,905,874,883,903,942,924,923,916,895,893,899,918,8,7,8,8,6,7,7,9,7,7,7,8,8,7,6,6,11,10,8,9,6,7,7,7,8,7,8,6,7,7,9,9,10,8,8,8,8,7,7,7,8,9,7,8,10,7,8,9,11,10,9,8,6,7,7,17,17,19,11,11,7,8,9,25,5,5,5,5,5,5,5,5,5,5,5,5,5,5,5,5,5,5,5,5,5,5,5,5,5,5,5,5,5,5,5,5,5,5,5,5,5,5,5,5,5,5,5,5,5,5,5,5,5,5,5,5,5,5,5,5,5,5,5,5,5,5,5,5
128,869,880,872,880,868,860,862,863,900,886,879,868,855,861,867,845,892,891,884,878,873,876,868,852,896,890,887,897,889,873,883,865,888,902,893,892,888,883,872,880,896,883,899,905,881,868,885,886,927,904,882,915,898,882,884,890,929,907,917,890,908,891,891,885,8,6,5,7,6,6,5,8,9,7,6,6,7,4,7,6,11,8,6,6,7,6,6,6,7,6,6,5,6,6,8,9,9,8,6,8,6,6,6,9,8,8,7,10,9,7,7,9,12,9,9,8,8,7,7,11,11,19,9,11,10,11,9,19,5,5,5,5,5,5,5,5,5,5,5,5,5,5,5,5,5,5,5,5,5,5,5,5,5,5,5,5,5,5,5,5,5,5,5,5,5,5,5,5,5,5,5,5,5,5,5,5,5,5,5,5,5,5,5,5,5,5,5,5,5,5,5,5
129,893,889,871,867,872,847,845,851,884,887,873,881,865,852,860,856,882,884,885,865,873,871,860,867,876,893,899,893,872,883,856,863,900,908,897,902,894,880,880,879,906,882,907,894,903,893,868,873,918,908,889,899,888,891,884,887,929,918,920,907,914,911,907,907,8,7,6,7,7,7,7,7,9,7,7,6,9,5,7,8,9,10,8,9,6,9,6,9,8,6,9,6,6,9,7,9,10,5,6,9,9,8,9,6,12,6,6,8,9,7,8,8,9,10,10,11,8,9,7,13,11,18,8,10,11,9,8,18,5,5,5,5,5,5,5,5,5,5,5,5,5,5,5,5,5,5,5,5,5,5,5,5,5,5,5,5,5,5,5,5,5,5,5,5,5,5,5,5,5,5,5,5,5,5,5,5,5,5,5,5,5,5,5,5,5,5,5,5,5,5,5,5
130,879,879,858,867,864,848,858,847,884,875,884,863,859,867,884,861,897,883,881,873,880,883,877,858,893,898,889,880,883,868,860,869,914,900,909,880,894,884,881,876,918,920,909,891,894,883,884,874,918,897,910,895,895,883,882,896,938,907,910,916,908,916,900,881,8,5,6,7,7,5,7,8,7,6,6,6,7,5,6,7,10,11,9,8,6,7,7,8,8,6,7,6,6,6,7,9,10,6,9,7,7,6,7,7,7,9,7,7,9,6,9,7,10,11,9,9,8,7,6,12,11,13,7,8,9,9,9,14,5,5,5,5,5,5,5,5,5,5,5,5,5,5,5,5,5,5,5,5,5,5,5,5,5,5,5,5,5,5,5,5,5,5,5,5,5,5,5,5,5,5,5,5,5,5,5,5,5,5,5,5,5,5,5,5,5,5,5,5,5,5,5,5
131,872,884,876,866,871,849,859,853,889,873,880,866,878,864,865,851,892,892,886,873,880,881,872,881,895,893,892,886,883,865,877,871,902,893,885,893,896,905,871,877,899,899,904,900,889,902,890,878,901,907,920,905,901,886,914,873,921,911,905,893,905,891,910,889,10,8,7,9,7,6,6,6,8,8,6,6,7,5,6,7,12,8,7,9,6,7,7,8,9,7,10,6,5,7,6,10,9,8,6,6,7,8,6,11,8,6,9,10,11,7,10,8,11,14,15,11,8,7,9,10,9,16,9,13,8,9,16,15,5,5,5,5,5,5,5,5,5,5,5,5,5,5,5,5,5,5,5,5,5,5,5,5,5,5,5,5,5,5,5,5,5,5,5,5,5,5,5,5,5,5,5,5,5,5,5,5,5,5,5,5,5,5,5,5,5,5,5,5,5,5,5,5
132,881,874,861,870,867,870,856,864,889,871,878,875,864,861,868,861,895,881,879,871,864,878,867,862,915,889,881,887,880,880,868,861,917,904,890,895,869,882,877,861,916,911,906,911,910,881,884,895,907,907,911,894,907,891,883,897,930,928,912,904,904,903,904,901,9,8,6,7,7,6,7,7,8,7,6,6,6,6,7,6,11,10,8,7,6,6,7,7,8,8,8,6,6,6,7,8,8,8,6,6,7,7,7,7,9,8,7,10,8,8,10,10,9,9,8,10,9,6,8,8,13,12,8,15,8,12,10,20,5,5,5,5,5,5,5,5,5,5,5,5,5,5,5,5,5,5,5,5,5,5,5,5,5,5,5,5,5,5,5,5,5,5,5,5,5,5,5,5,5,5,5,5,5,5,5,5,5,5,5,5,5,5,5,5,5,5,5,5,5,5,5,5
133,896,871,874,874,874,860,853,863,893,888,868,877,873,864,856,865,900,893,884,878,889,878,867,863,886,897,889,897,881,887,875,875,896,898,894,892,879,878,881,857,914,895,916,892,886,901,883,897,928,901,887,892,894,879,887,872,929,955,904,928,915,887,904,889,11,7,6,8,7,8,7,7,9,9,8,7,7,5,6,7,13,10,7,8,10,7,8,7,8,7,7,6,7,6,8,8,8,6,7,7,8,7,9,7,8,9,10,9,9,10,10,9,16,13,9,8,7,7,8,12,11,10,8,11,8,7,8,26,5,5,5,5,5,5,5,5,5,5,5,5,5,5,5,5,5,5,5,5,5,5,5,5,5,5,5,5,5,5,5,5,5,5,5,5,5,5,5,5,5,5,5,5,5,5,5,5,5,5,5,5,5,5,5,5,5,5,5,5,5,5,5,5
134,905,875,877,857,874,868,856,870,879,888,876,873,872,866,875,843,870,875,882,900,877,864,876,867,899,907,885,883,886,874,867,868,895,900,894,891,889,876,867,864,909,895,902,891,887,882,894,890,913,914,912,881,902,891,876,871,925,903,919,885,908,912,895,916,7,7,8,8,6,6,7,8,9,7,6,5,5,5,5,5,11,9,7,7,7,6,6,5,10,7,9,5,8,6,9,8,9,5,5,6,7,7,7,9,10,8,9,7,9,6,7,9,9,11,10,6,6,8,7,10,10,13,7,12,9,8,8,25,5,5,5,5,5,5,5,5,5,5,5,5,5,5,5,5,5,5,5,5,5,5,5,5,5,5,5,5,5,5,5,5,5,5,5,5,5,5,5,5,5,5,5,5,5,5,5,5,5,5,5,5,5,5,5,5,5,5,5,5,5,5,5,5
135,883,886,859,870,871,869,857,854,871,863,874,878,882,865,875,854,888,891,883,870,877,854,871,864,891,890,901,893,876,874,879,875,896,893,884,886,884,886,890,872,921,908,911,911,886,903,896,873,904,907,916,911,895,893,882,893,903,921,910,889,898,889,892,877,9,9,6,6,7,7,8,7,8,7,7,5,7,7,6,8,10,8,7,9,6,7,6,5,11,8,11,6,7,7,7,12,11,9,9,11,9,7,8,8,8,8,7,7,9,11,7,11,8,15,9,10,9,7,7,18,12,20,8,13,8,9,12,14,5,5,5,5,5,5,5,5,5,5,5,5,5,5,5,5,5,5,5,5,5,5,5,5,5,5,5,5,5,5,5,5,5,5,5,5,5,5,5,5,5,5,5,5,5,5,5,5,5,5,5,5,5,5,5,5,5,5,5,5,5,5,5,5
136,865,881,870,867,864,864,865,846,905,882,879,869,856,859,874,850,881,893,883,896,873,859,859,852,906,900,890,888,880,870,867,877,909,904,889,878,883,880,875,866,907,890,918,886,888,884,877,865,898,930,908,896,885,891,910,871,922,923,928,920,891,893,887,877,7,7,6,8,5,6,8,8,9,6,7,6,8,7,6,7,8,9,6,8,7,7,6,8,10,5,8,5,7,7,7,7,11,7,6,8,9,7,6,8,8,9,7,7,11,6,9,7,12,11,9,6,7,9,7,13,11,12,7,10,7,8,10,17,5,5,5,5,5,5,5,5,5,5,5,5,5,5,5,5,5,5,5,5,5,5,5,5,5,5,5,5,5,5,5,5,5,5,5,5,5,5,5,5,5,5,5,5,5,5,5,5,5,5,5,5,5,5,5,5,5,5,5,5,5,5,5,5
137,878,890,868,859,859,876,862,855,899,877,873,865,881,878,867,871,878,872,873,884,870,861,872,869,919,888,890,882,896,870,861,885,898,923,891,901,870,888,890,873,897,916,903,905,890,881,866,884,910,926,925,901,900,883,882,859,917,900,913,908,894,922,905,889,8,6,8,7,6,6,9,9,8,6,7,6,8,6,7,8,9,10,10,7,6,7,7,7,7,8,9,7,7,7,7,9,8,7,6,8,8,7,8,8,7,8,8,9,10,6,11,10,10,11,11,8,8,6,8,10,10,16,8,15,10,9,10,18,5,5,5,5,5,5,5,5,5,5,5,5,5,5,5,5,5,5,5,5,5,5,5,5,5,5,5,5,5,5,5,5,5,5,5,5,5,5,5,5,5,5,5,5,5,5,5,5,5,5,5,5,5,5,5,5,5,5,5,5,5,5,5,5
138,875,875,866,878,857,852,858,864,895,876,885,873,878,866,865,862,878,879,899,886,875,876,864,860,904,896,873,894,876,873,868,869,895,906,891,879,883,889,870,870,892,914,897,895,905,875,877,872,906,899,918,916,898,891,889,884,919,931,899,909,901,903,904,880,8,9,8,6,5,7,6,7,7,5,7,6,6,5,6,7,8,7,7,8,5,6,6,7,8,8,8,6,7,7,6,8,9,10,6,6,6,6,7,7,7,9,7,8,8,7,9,7,9,12,10,9,8,8,9,16,9,11,7,10,10,8,8,20,5,5,5,5,5,5,5,5,5,5,5,5,5,5,5,5,5,5,5,5,5,5,5,5,5,5,5,5,5,5,5,5,5,5,5,5,5,5,5,5,5,5,5,5,5,5,5,5,5,5,5,5,5,5,5,5,5,5,5,5,5,5,5,5
139,894,885,875,875,879,864,860,856,882,872,884,875,874,866,858,850,910,892,893,874,862,871,878,876,889,905,897,888,881,885,874,880,919,903,896,883,884,884,891,868,915,907,916,905,910,885,876,881,922,913,907,907,898,883,889,881,930,920,912,908,895,897,894,898,11,10,6,7,8,8,5,7,11,8,7,7,7,6,6,7,9,7,8,6,7,8,7,9,7,5,8,5,7,5,8,9,15,5,8,8,8,7,8,8,9,7,9,7,7,9,10,8,11,15,10,8,6,8,10,11,8,19,6,18,12,10,7,17,5,5,5,5,5,5,5,5,5,5,5,5,5,5,5,5,5,5,5,5,5,5,5,5,5,5,5,5,5,5,5,5,5,5,5,5,5,5,5,5,5,5,5,5,5,5,5,5,5,5,5,5,5,5,5,5,5,5,5,5,5,5,5,5
140,880,870,869,878,874,875,862,858,880,878,879,879,870,864,871,863,885,898,881,861,878,862,875,874,898,897,885,878,899,886,872,868,932,895,890,896,874,890,874,870,916,905,900,890,902,890,873,879,911,922,902,917,907,890,900,886,918,933,914,912,901,885,897,891,7,7,6,6,7,6,5,9,8,7,7,6,8,6,8,7,9,9,6,7,7,6,7,7,8,7,7,5,9,7,7,8,9,7,6,8,7,7,7,9,8,8,8,8,9,11,7,8,9,9,9,8,7,8,9,15,10,12,8,14,8,10,11,17,5,5,5,5,5,5,5,5,5,5,5,5,5,5,5,5,5,5,5,5,5,5,5,5,5,5,5,5,5,5,5,5,5,5,5,5,5,5,5,5,5,5,5,5,5,5,5,5,5,5,5,5,5,5,5,5,5,5,5,5,5,5,5,5
141,899,868,876,875,879,869,859,853,888,879,880,865,874,874,841,855,879,881,889,878,864,871,867,855,896,888,878,885,878,881,889,843,901,905,905,897,894,880,881,884,894,900,904,895,897,887,880,856,933,891,905,898,899,891,881,875,929,904,930,912,895,901,880,850,9,6,5,7,8,9,6,7,10,6,7,6,7,8,6,8,10,9,7,8,6,6,7,7,8,7,9,6,6,7,8,9,9,8,7,7,7,8,8,11,10,8,7,7,10,7,9,8,8,11,10,6,7,8,7,10,12,15,10,7,9,8,7,17,5,5,5,5,5,5,5,5,5,5,5,5,5,5,5,5,5,5,5,5,5,5,5,5,5,5,5,5,5,5,5,5,5,5,5,5,5,5,5,5,5,5,5,5,5,5,5,5,5,5,5,5,5,5,5,5,5,5,5,5,5,5,5,5
142,880,882,865,859,864,851,857,848,880,873,878,875,851,863,871,856,885,901,874,886,880,861,862,867,905,886,888,894,880,884,872,871,920,896,892,895,902,866,882,877,898,907,894,886,897,898,874,894,908,923,904,902,897,906,902,875,931,918,914,895,884,892,903,843,7,9,7,6,6,6,5,8,10,8,6,6,5,5,8,6,12,12,9,7,6,7,5,5,9,6,7,7,6,6,8,10,13,7,7,7,5,7,8,9,9,8,7,7,8,7,6,7,10,10,9,8,8,7,10,13,12,13,7,10,7,8,9,18,5,5,5,5,5,5,5,5,5,5,5,5,5,5,5,5,5,5,5,5,5,5,5,5,5,5,5,5,5,5,5,5,5,5,5,5,5,5,5,5,5,5,5,5,5,5,5,5,5,5,5,5,5,5,5,5,5,5,5,5,5,5,5,5
143,878,876,883,859,862,862,864,852,886,885,884,866,869,873,866,868,900,874,883,887,890,868,880,854,901,889,879,896,879,885,877,866,903,910,887,880,872,879,892,894,887,918,891,903,883,883,873,883,910,911,893,907,897,894,904,903,936,914,924,909,913,911,889,899,8,9,6,7,5,8,6,6,8,7,8,7,7,7,6,7,9,8,6,7,6,8,8,6,12,7,7,6,7,6,6,10,8,6,8,8,7,6,8,8,9,9,8,9,8,8,9,13,9,14,12,9,10,9,11,10,12,12,8,8,10,7,9,13,5,5,5,5,5,5,5,5,5,5,5,5,5,5,5,5,5,5,5,5,5,5,5,5,5,5,5,5,5,5,5,5,5,5,5,5,5,5,5,5,5,5,5,5,5,5,5,5,5,5,5,5,5,5,5,5,5,5,5,5,5,5,5,5
144,882,887,865,865,869,859,849,855,882,885,883,866,870,866,858,873,883,872,871,873,874,863,866,872,903,881,896,886,883,875,880,858,912,907,907,902,890,881,875,882,934,889,893,893,894,902,880,886,901,907,884,909,903,894,894,871,913,912,926,925,904,894,912,884,7,10,7,6,5,7,7,7,7,8,7,6,7,6,6,6,9,7,7,8,6,6,6,7,8,7,8,5,6,5,7,8,11,6,7,8,11,6,8,10,12,7,7,8,7,9,8,8,11,12,8,7,9,10,7,11,10,15,7,12,9,10,9,13,5,5,5,5,5,5,5,5,5,5,5,5,5,5,5,5,5,5,5,5,5,5,5,5,5,5,5,5,5,5,5,5,5,5,5,5,5,5,5,5,5,5,5,5,5,5,5,5,5,5,5,5,5,5,5,5,5,5,5,5,5,5,5,5
145,879,875,870,859,862,868,860,850,874,887,884,851,870,863,859,868,885,885,887,869,880,875,885,857,901,896,882,881,881,874,877,859,926,898,895,879,885,877,878,885,902,903,898,890,886,908,898,888,923,918,872,895,905,906,889,902,928,902,924,900,897,897,893,866,8,9,7,8,7,7,5,6,9,7,6,6,7,5,6,7,11,9,9,8,6,7,9,8,11,9,7,6,7,6,8,9,13,8,7,8,8,7,7,8,10,7,8,7,8,10,7,10,12,11,8,8,9,7,8,13,13,12,9,12,7,11,9,19,5,5,5,5,5,5,5,5,5,5,5,5,5,5,5,5,5,5,5,5,5,5,5,5,5,5,5,5,5,5,5,5,5,5,5,5,5,5,5,5,5,5,5,5,5,5,5,5,5,5,5,5,5,5,5,5,5,5,5,5,5,5,5,5
146,878,869,863,852,862,859,858,851,887,867,889,872,862,859,867,863,892,897,886,878,874,871,873,876,867,896,888,884,878,868,880,858,890,900,886,887,890,892,876,864,916,911,899,908,888,889,895,888,916,937,899,904,890,901,912,868,918,933,915,902,882,891,907,920,8,6,7,7,5,7,6,8,10,7,7,6,7,5,7,8,11,8,8,7,6,8,6,7,8,5,7,7,8,6,7,6,9,6,7,7,6,7,7,9,9,6,7,8,9,7,7,10,9,8,7,8,7,7,11,11,10,13,7,8,7,9,9,15,5,5,5,5,5,5,5,5,5,5,5,5,5,5,5,5,5,5,5,5,5,5,5,5,5,5,5,5,5,5,5,5,5,5,5,5,5,5,5,5,5,5,5,5,5,5,5,5,5,5,5,5,5,5,5,5,5,5,5,5,5,5,5,5
147,880,873,877,879,870,874,862,873,877,882,880,888,853,865,854,856,895,872,878,873,867,868,879,861,922,899,904,896,895,877,868,875,916,906,877,891,889,868,881,884,915,905,909,898,915,885,893,870,930,904,903,890,887,890,892,896,921,912,922,914,905,911,893,897,9,7,7,7,6,6,7,8,10,8,6,8,8,6,6,6,15,9,7,8,6,7,8,7,10,8,9,7,6,8,6,8,12,6,7,7,8,7,7,8,7,7,8,9,12,7,8,11,11,14,11,10,10,8,9,11,9,13,8,17,10,8,12,13,5,5,5,5,5,5,5,5,5,5,5,5,5,5,5,5,5,5,5,5,5,5,5,5,5,5,5,5,5,5,5,5,5,5,5,5,5,5,5,5,5,5,5,5,5,5,5,5,5,5,5,5,5,5,5,5,5,5,5,5,5,5,5,5
148,887,880,865,863,870,855,845,855,898,867,877,859,873,870,872,858,876,897,893,888,879,861,857,861,893,887,889,896,884,878,870,872,888,897,898,876,886,886,892,874,907,913,901,900,900,884,896,891,913,907,899,896,894,892,898,889,953,923,904,892,897,883,892,872,8,8,7,8,6,8,6,6,7,7,6,6,6,6,8,7,12,13,7,6,6,6,5,6,8,7,8,6,7,7,6,8,10,8,6,7,8,7,11,6,8,9,7,8,8,7,9,9,11,12,7,6,8,7,9,15,9,21,8,9,7,8,8,19,5,5,5,5,5,5,5,5,5,5,5,5,5,5,5,5,5,5,5,5,5,5,5,5,5,5,5,5,5,5,5,5,5,5,5,5,5,5,5,5,5,5,5,5,5,5,5,5,5,5,5,5,5,5,5,5,5,5,5,5,5,5,5,5
149,885,882,880,857,870,870,862,858,896,893,882,871,865,867,866,845,899,890,873,886,889,867,871,871,873,898,897,879,873,884,857,881,909,904,904,903,886,888,864,863,909,910,897,904,896,880,888,873,923,922,925,905,901,869,902,883,921,925,907,909,897,893,899,884,10,8,7,8,6,7,6,7,9,8,8,7,8,7,7,6,10,12,7,8,5,7,7,8,9,8,10,7,7,6,8,7,11,6,8,6,8,7,6,6,9,9,7,10,10,9,8,9,8,11,11,9,7,6,8,10,8,15,11,11,9,9,8,18,5,5,5,5,5,5,5,5,5,5,5,5,5,5,5,5,5,5,5,5,5,5,5,5,5,5,5,5,5,5,5,5,5,5,5,5,5,5,5,5,5,5,5,5,5,5,5,5,5,5,5,5,5,5,5,5,5,5,5,5,5,5,5,5
150,881,881,874,863,869,864,836,860,894,872,879,870,876,862,868,860,874,895,876,865,865,869,887,874,902,889,895,878,876,882,871,873,903,900,902,894,882,886,896,886,898,894,904,906,892,878,882,886,924,903,920,891,895,894,882,883,947,891,918,915,898,879,887,883,9,8,7,7,6,9,6,9,9,8,7,6,6,6,7,5,13,7,7,7,6,7,6,6,9,7,7,6,7,6,6,7,10,7,6,8,7,6,6,7,7,8,8,9,9,8,8,8,9,13,11,7,9,7,8,10,12,12,8,10,7,9,8,14,5,5,5,5,5,5,5,5,5,5,5,5,5,5,5,5,5,5,5,5,5,5,5,5,5,5,5,5,5,5,5,5,5,5,5,5,5,5,5,5,5,5,5,5,5,5,5,5,5,5,5,5,5,5,5,5,5,5,5,5,5,5,5,5
151,880,869,875,872,870,879,855,850,887,895,883,871,859,865,856,855,889,897,874,874,870,891,864,858,893,899,889,885,886,877,891,877,892,889,894,902,899,884,885,875,905,897,895,893,901,890,898,886,925,903,902,898,904,900,897,870,946,918,919,914,916,883,905,4000,8,7,6,9,6,6,8,7,12,7,7,7,7,6,6,6,12,10,7,7,7,8,7,8,8,10,8,6,8,7,11,11,9,9,6,7,8,6,8,9,10,7,8,8,8,7,7,8,9,12,8,11,6,9,11,9,12,15,9,9,9,11,7,14,5,5,5,5,5,5,5,5,5,5,5,5,5,5,5,5,5,5,5,5,5,5,5,5,5,5,5,5,5,5,5,5,5,5,5,5,5,5,5,5,5,5,5,5,5,5,5,5,5,5,5,5,5,5,5,5,5,5,5,5,5,5,5,255
152,875,882,872,874,858,858,862,849,874,877,878,891,857,861,867,853,879,892,882,884,879,876,874,863,891,892,880,878,886,882,866,855,910,895,896,890,881,875,882,858,915,901,893,899,879,902,873,871,905,919,911,897,911,894,891,902,932,923,919,888,892,896,880,4000,9,9,6,7,6,7,5,7,8,6,7,9,6,5,6,7,10,11,7,7,5,7,7,6,8,7,8,6,7,8,7,9,12,7,6,6,7,6,6,8,8,8,8,7,8,9,8,9,9,9,12,10,10,6,8,12,10,17,7,10,9,9,9,13,5,5,5,5,5,5,5,5,5,5,5,5,5,5,5,5,5,5,5,5,5,5,5,5,5,5,5,5,5,5,5,5,5,5,5,5,5,5,5,5,5,5,5,5,5,5,5,5,5,5,5,5,5,5,5,5,5,5,5,5,5,5,5,10
153,897,878,866,873,862,853,865,843,891,876,878,880,873,868,851,863,905,877,872,879,878,876,863,856,899,886,888,896,875,871,875,844,912,896,896,894,880,891,885,873,916,916,905,906,890,898,869,878,929,910,911,915,911,899,895,894,919,918,913,892,902,888,905,890,11,8,8,11,7,6,6,9,8,6,7,6,6,5,6,8,11,9,7,8,6,6,6,7,10,7,10,5,8,7,7,11,15,7,6,8,9,6,8,8,11,7,6,9,10,9,9,7,12,12,9,10,9,7,9,9,11,14,13,9,10,12,9,24,5,5,5,5,5,5,5,5,5,5,5,5,5,5,5,5,5,5,5,5,5,5,5,5,5,5,5,5,5,5,5,5,5,5,5,5,5,5,5,5,5,5,5,5,5,5,5,5,5,5,5,5,5,5,5,5,5,5,5,5,5,5,5,5
154,878,869,874,883,872,858,862,836,884,869,863,870,864,868,865,861,892,883,882,880,874,871,859,869,894,900,900,880,884,883,877,863,900,896,894,888,897,883,885,865,920,893,893,888,903,892,863,863,916,911,907,908,910,899,891,913,919,947,900,904,896,913,902,879,8,6,6,8,6,7,5,8,7,7,6,6,8,5,7,6,10,10,8,7,6,7,5,6,11,9,8,7,8,7,6,8,9,7,6,6,8,9,7,8,7,7,8,7,8,6,8,10,10,8,8,8,10,6,8,13,11,17,10,11,7,7,11,15,5,5,5,5,5,5,5,5,5,5,5,5,5,5,5,5,5,5,5,5,5,5,5,5,5,5,5,5,5,5,5,5,5,5,5,5,5,5,5,5,5,5,5,5,5,5,5,5,5,5,5,5,5,5,5,5,5,5,5,5,5,5,5,5
155,878,876,886,884,864,859,862,844,882,867,869,877,867,857,877,856,900,880,877,878,879,857,856,862,900,888,903,882,891,862,876,854,912,904,899,886,893,880,881,867,899,895,910,919,892,881,887,884,910,904,897,911,917,894,884,888,933,966,917,901,898,911,892,871,7,9,7,7,7,7,6,11,9,7,7,7,8,7,7,6,9,11,9,9,6,7,7,7,9,6,8,6,7,7,7,9,10,7,7,8,10,6,7,8,9,8,10,8,9,9,10,8,9,12,9,9,8,7,7,15,11,17,11,16,9,9,10,19,5,5,5,5,5,5,5,5,5,5,5,5,5,5,5,5,5,5,5,5,5,5,5,5,5,5,5,5,5,5,5,5,5,5,5,5,5,5,5,5,5,5,5,5,5,5,5,5,5,5,5,5,5,5,5,5,5,5,5,5,5,5,5,5
156,882,886,875,873,862,859,861,854,889,891,874,884,856,857,864,850,884,887,882,885,887,887,865,851,890,917,882,878,880,875,866,878,899,895,890,883,886,891,884,882,901,896,901,875,887,880,882,888,907,897,906,909,906,879,901,877,918,912,931,895,901,888,911,932,8,7,7,6,6,7,5,6,8,7,5,7,8,6,7,7,8,7,6,6,7,6,5,6,9,7,8,6,6,6,6,7,8,7,7,6,7,9,7,8,9,9,8,8,10,8,9,7,9,11,11,8,7,7,8,12,10,12,8,15,7,10,8,20,5,5,5,5,5,5,5,5,5,5,5,5,5,5,5,5,5,5,5,5,5,5,5,5,5,5,5,5,5,5,5,5,5,5,5,5,5,5,5,5,5,5,5,5,5,5,5,5,5,5,5,5,5,5,5,5,5,5,5,5,5,5,5,5
157,869,883,862,871,856,865,854,861,893,884,883,884,864,870,872,859,908,900,882,892,877,878,884,852,905,895,898,890,890,877,876,871,900,892,906,896,888,889,880,872,921,895,918,895,907,896,877,873,927,921,909,881,892,900,894,889,931,919,905,912,906,893,879,904,8,7,6,11,7,9,8,7,9,7,7,7,7,6,7,7,8,8,6,8,6,7,10,8,11,9,9,7,6,7,7,7,10,6,7,7,9,6,8,7,8,8,10,9,9,8,7,9,8,14,9,8,7,6,8,14,11,14,8,11,9,10,8,18,5,5,5,5,5,5,5,5,5,5,5,5,5,5,5,5,5,5,5,5,5,5,5,5,5,5,5,5,5,5,5,5,5,5,5,5,5,5,5,5,5,5,5,5,5,5,5,5,5,5,5,5,5,5,5,5,5,5,5,5,5,5,5,5
158,881,882,875,872,861,880,859,853,896,884,878,883,859,868,864,863,886,892,880,890,871,879,868,875,895,889,887,885,895,883,866,884,891,914,900,886,893,894,879,897,906,915,907,886,899,887,875,890,915,909,889,893,887,888,902,888,939,947,908,918,880,904,889,902,12,7,6,9,5,7,6,8,7,8,7,7,6,6,7,6,13,7,5,8,6,9,6,7,9,6,8,7,6,6,8,8,11,7,6,8,6,7,6,8,8,9,6,6,8,7,7,8,10,9,8,7,9,6,6,13,9,13,6,15,9,9,10,28,5,5,5,5,5,5,5,5,5,5,5,5,5,5,5,5,5,5,5,5,5,5,5,5,5,5,5,5,5,5,5,5,5,5,5,5,5,5,5,5,5,5,5,5,5,5,5,5,5,5,5,5,5,5,5,5,5,5,5,5,5,5,5,5
159,880,882,873,866,875,859,868,853,902,871,877,878,858,884,873,861,898,885,890,883,891,864,868,862,895,897,881,878,885,875,876,857,907,894,900,896,894,888,861,880,915,896,903,881,890,872,889,864,899,915,915,908,900,890,873,879,937,908,909,908,889,901,908,858,10,9,6,7,9,6,8,8,9,8,7,6,7,7,7,6,10,10,7,9,6,8,7,8,10,8,8,7,7,7,7,7,11,8,7,8,8,7,7,6,11,12,7,7,8,9,9,8,9,12,9,8,9,7,9,11,12,14,7,16,9,8,13,20,5,5,5,5,5,5,5,5,5,5,5,5,5,5,5,5,5,5,5,5,5,5,5,5,5,5,5,5,5,5,5,5,5,5,5,5,5,5,5,5,5,5,5,5,5,5,5,5,5,5,5,5,5,5,5,5,5,5,5,5,5,5,5,5
160,875,888,865,864,862,854,869,847,867,871,882,878,874,864,856,863,891,870,878,889,885,869,869,866,906,890,879,877,869,878,861,891,903,907,888,915,896,878,892,886,919,912,895,890,886,901,887,859,929,921,887,885,885,898,891,908,952,925,913,901,902,892,888,897,8,7,7,8,5,6,7,7,6,7,6,6,6,5,5,6,9,7,7,7,5,7,5,6,9,7,7,6,6,8,8,6,10,7,6,8,7,6,7,7,11,8,6,8,10,8,9,7,10,9,9,9,7,7,10,12,12,13,10,11,8,7,9,20,5,5,5,5,5,5,5,5,5,5,5,5,5,5,5,5,5,5,5,5,5,5,5,5,5,5,5,5,5,5,5,5,5,5,5,5,5,5,5,5,5,5,5,5,5,5,5,5,5,5,5,5,5,5,5,5,5,5,5,5,5,5,5,5
161,879,874,870,864,861,869,864,859,883,878,885,880,881,874,864,868,906,885,888,879,887,856,861,865,904,872,902,885,896,878,873,876,909,913,891,897,888,882,877,869,900,903,903,898,900,890,893,874,925,931,910,892,908,895,900,874,908,915,906,923,894,895,907,871,10,6,8,8,6,9,7,9,8,7,7,6,8,6,8,6,10,8,8,8,6,7,6,6,10,6,8,6,8,7,7,13,9,8,7,8,7,6,7,8,7,9,6,10,10,8,9,8,9,11,10,8,7,8,10,12,13,15,9,7,12,10,10,16,5,5,5,5,5,5,5,5,5,5,5,5,5,5,5,5,5,5,5,5,5,5,5,5,5,5,5,5,5,5,5,5,5,5,5,5,5,5,5,5,5,5,5,5,5,5,5,5,5,5,5,5,5,5,5,5,5,5,5,5,5,5,5,5
162,874,862,877,857,861,857,849,860,884,874,878,869,878,856,869,850,902,893,882,876,873,868,872,857,908,887,897,877,881,875,875,869,898,906,899,883,894,877,874,869,906,899,899,897,890,884,899,889,916,919,901,897,904,882,872,897,904,897,923,901,896,897,904,887,6,7,5,8,6,6,8,8,9,7,8,5,8,5,7,7,11,10,6,7,6,6,6,7,9,7,7,5,7,6,7,8,12,8,5,8,7,7,6,8,9,9,7,8,7,7,11,9,10,9,8,8,7,9,7,11,10,15,8,14,8,6,8,15,5,5,5,5,5,5,5,5,5,5,5,5,5,5,5,5,5,5,5,5,5,5,5,5,5,5,5,5,5,5,5,5,5,5,5,5,5,5,5,5,5,5,5,5,5,5,5,5,5,5,5,5,5,5,5,5,5,5,5,5,5,5,5,5
163,884,890,881,870,855,864,856,840,902,882,882,878,871,876,855,852,882,902,882,884,881,874,874,864,905,907,881,890,880,881,877,859,903,900,876,880,893,873,889,876,887,914,911,877,880,876,886,890,910,909,909,891,895,905,890,893,913,903,915,912,912,909,903,908,9,7,8,7,6,6,6,8,9,9,8,7,7,7,6,6,13,10,7,8,6,6,7,7,11,7,8,6,6,5,10,8,12,7,7,7,8,7,8,8,7,8,7,9,11,8,9,9,8,10,7,9,7,6,8,10,13,12,9,14,9,8,13,16,5,5,5,5,5,5,5,5,5,5,5,5,5,5,5,5,5,5,5,5,5,5,5,5,5,5,5,5,5,5,5,5,5,5,5,5,5,5,5,5,5,5,5,5,5,5,5,5,5,5,5,5,5,5,5,5,5,5,5,5,5,5,5,5
164,875,878,875,871,865,862,858,865,899,872,862,866,875,857,868,856,890,906,866,882,872,869,861,866,908,881,893,875,877,880,871,880,910,907,900,880,893,886,867,868,910,894,910,895,900,895,879,857,900,916,920,902,896,897,888,881,926,904,908,916,903,894,891,888,7,7,6,9,6,7,6,7,9,7,5,5,7,5,7,5,11,11,6,6,6,7,6,6,10,6,8,6,7,5,6,8,9,7,7,7,8,7,7,6,8,9,8,8,9,10,8,10,9,13,8,8,7,7,9,12,11,20,7,10,7,6,9,14,5,5,5,5,5,5,5,5,5,5,5,5,5,5,5,5,5,5,5,5,5,5,5,5,5,5,5,5,5,5,5,5,5,5,5,5,5,5,5,5,5,5,5,5,5,5,5,5,5,5,5,5,5,5,5,5,5,5,5,5,5,5,5,5
165,878,883,876,878,855,864,863,836,881,885,872,880,872,866,879,843,886,888,891,893,873,868,866,872,913,888,885,891,891,872,875,873,909,908,894,886,893,879,892,893,892,902,903,892,890,898,897,880,910,910,904,905,898,885,870,896,936,905,912,908,934,907,893,886,7,9,8,7,6,7,6,7,8,8,6,6,6,7,7,7,10,10,7,9,7,6,6,7,12,6,10,6,9,7,8,12,11,8,6,7,6,6,9,9,8,9,9,8,11,6,11,10,13,8,9,8,7,9,10,10,8,16,8,20,10,7,10,17,5,5,5,5,5,5,5,5,5,5,5,5,5,5,5,5,5,5,5,5,5,5,5,5,5,5,5,5,5,5,5,5,5,5,5,5,5,5,5,5,5,5,5,5,5,5,5,5,5,5,5,5,5,5,5,5,5,5,5,5,5,5,5,5
166,890,877,871,863,868,848,862,859,886,879,869,878,866,851,872,863,881,882,876,884,876,856,863,856,904,900,897,880,882,893,888,850,903,891,902,910,884,893,881,874,912,895,903,887,903,894,887,892,920,901,909,899,887,886,883,899,924,939,908,901,897,906,899,868,9,8,5,7,6,7,6,7,7,6,5,6,8,6,7,8,9,8,8,7,6,5,6,7,9,8,7,7,7,6,8,9,10,7,7,7,7,8,7,7,7,7,8,7,11,8,7,9,9,14,10,10,8,8,7,9,13,14,8,12,6,8,10,18,5,5,5,5,5,5,5,5,5,5,5,5,5,5,5,5,5,5,5,5,5,5,5,5,5,5,5,5,5,5,5,5,5,5,5,5,5,5,5,5,5,5,5,5,5,5,5,5,5,5,5,5,5,5,5,5,5,5,5,5,5,5,5,5
167,875,884,879,866,858,852,852,856,876,876,889,857,878,871,865,860,879,870,886,888,867,873,863,864,895,904,880,883,878,871,878,878,916,896,894,882,877,886,873,880,906,912,891,899,883,880,881,892,909,902,910,890,908,916,895,899,941,920,928,906,907,889,891,917,9,10,7,8,7,6,7,8,8,8,6,6,7,6,7,8,12,7,7,8,7,7,5,8,10,8,9,6,7,7,8,10,9,9,6,6,9,7,6,8,9,6,6,9,12,7,7,10,10,11,10,8,8,9,9,13,10,12,11,14,7,8,9,19,5,5,5,5,5,5,5,5,5,5,5,5,5,5,5,5,5,5,5,5,5,5,5,5,5,5,5,5,5,5,5,5,5,5,5,5,5,5,5,5,5,5,5,5,5,5,5,5,5,5,5,5,5,5,5,5,5,5,5,5,5,5,5,5
168,893,869,877,858,854,864,856,850,893,885,879,878,875,863,871,860,877,875,888,882,872,874,881,872,915,893,889,885,871,871,865,877,891,895,891,893,896,881,884,890,904,896,895,896,894,896,875,882,901,922,904,887,889,901,895,905,923,936,909,908,893,891,901,886,10,7,6,7,5,6,6,8,7,7,6,6,6,5,7,5,12,9,6,8,6,6,8,7,11,7,7,6,6,7,9,6,8,6,5,7,8,7,6,8,8,7,6,7,8,8,8,9,8,12,7,10,10,7,9,16,9,12,9,9,8,8,8,17,5,5,5,5,5,5,5,5,5,5,5,5,5,5,5,5,5,5,5,5,5,5,5,5,5,5,5,5,5,5,5,5,5,5,5,5,5,5,5,5,5,5,5,5,5,5,5,5,5,5,5,5,5,5,5,5,5,5,5,5,5,5,5,5
169,897,885,872,871,861,859,861,845,892,884,873,871,878,866,864,856,864,893,884,880,883,856,860,886,897,904,885,894,893,868,856,853,908,896,906,906,900,892,881,872,907,908,904,902,898,893,911,894,908,915,908,890,908,896,897,882,926,909,902,909,893,905,895,917,11,8,6,9,7,9,7,6,9,7,5,6,6,6,7,8,11,10,7,8,6,7,5,7,9,7,8,6,8,7,6,9,9,9,8,10,8,7,7,8,9,9,7,8,7,8,9,9,10,9,8,7,10,8,10,14,13,13,8,12,7,11,7,22,5,5,5,5,5,5,5,5,5,5,5,5,5,5,5,5,5,5,5,5,5,5,5,5,5,5,5,5,5,5,5,5,5,5,5,5,5,5,5,5,5,5,5,5,5,5,5,5,5,5,5,5,5,5,5,5,5,5,5,5,5,5,5,5
170,886,873,875,870,866,861,861,863,895,873,886,875,871,862,867,851,895,893,886,879,882,868,864,862,898,897,900,891,886,866,880,852,915,914,888,894,889,889,878,861,913,915,899,891,896,869,888,882,905,910,879,900,908,914,889,876,911,926,921,908,887,869,900,865,9,6,7,8,6,6,5,10,8,7,6,6,6,5,7,5,10,10,7,6,5,8,7,7,8,9,7,5,8,8,6,8,12,6,6,6,5,8,7,7,8,6,8,8,9,8,7,8,7,14,8,6,7,8,9,16,10,15,7,10,8,7,8,13,5,5,5,5,5,5,5,5,5,5,5,5,5,5,5,5,5,5,5,5,5,5,5,5,5,5,5,5,5,5,5,5,5,5,5,5,5,5,5,5,5,5,5,5,5,5,5,5,5,5,5,5,5,5,5,5,5,5,5,5,5,5,5,5
171,879,889,875,872,864,874,863,859,873,865,882,869,862,869,877,865,889,879,879,881,877,869,861,867,888,890,895,883,891,881,878,870,895,900,888,904,893,883,877,880,916,900,916,891,906,876,884,882,911,904,919,897,900,886,897,887,939,946,929,896,894,896,907,886,10,8,9,8,7,8,7,9,9,7,7,6,7,6,6,7,9,11,7,6,6,10,6,7,9,8,7,7,8,7,7,11,10,7,7,5,8,7,8,8,6,9,7,9,7,6,9,8,8,11,10,9,7,8,7,11,16,12,8,10,10,7,10,18,5,5,5,5,5,5,5,5,5,5,5,5,5,5,5,5,5,5,5,5,5,5,5,5,5,5,5,5,5,5,5,5,5,5,5,5,5,5,5,5,5,5,5,5,5,5,5,5,5,5,5,5,5,5,5,5,5,5,5,5,5,5,5,5
172,875,884,866,873,870,862,856,848,888,892,875,871,883,866,867,864,889,885,872,886,881,884,869,866,893,894,889,894,876,880,875,855,920,887,902,897,891,880,877,872,927,890,905,895,888,895,868,884,924,889,915,906,892,889,895,889,913,935,920,919,899,908,896,910,9,6,7,9,6,8,6,7,11,8,6,6,7,6,6,9,11,12,6,8,6,6,6,7,10,9,7,7,6,7,7,7,12,6,7,6,8,6,6,9,8,7,8,8,7,8,7,7,7,10,9,8,8,6,9,11,11,15,9,12,8,7,11,15,5,5,5,5,5,5,5,5,5,5,5,5,5,5,5,5,5,5,5,5,5,5,5,5,5,5,5,5,5,5,5,5,5,5,5,5,5,5,5,5,5,5,5,5,5,5,5,5,5,5,5,5,5,5,5,5,5,5,5,5,5,5,5,5
173,892,875,876,872,864,868,850,841,895,879,887,871,868,877,868,860,872,900,873,884,875,870,877,878,926,890,874,896,878,878,879,868,902,889,897,896,899,885,882,877,915,911,899,895,891,894,880,870,909,914,899,901,897,885,894,893,946,904,927,925,899,893,917,863,9,7,6,8,6,8,7,8,7,7,7,6,7,7,7,8,14,10,7,7,7,7,7,8,8,7,8,6,7,6,7,9,11,7,6,7,6,8,6,9,10,8,7,9,10,8,7,7,11,16,9,10,9,6,11,12,13,11,10,13,9,7,6,14,5,5,5,5,5,5,5,5,5,5,5,5,5,5,5,5,5,5,5,5,5,5,5,5,5,5,5,5,5,5,5,5,5,5,5,5,5,5,5,5,5,5,5,5,5,5,5,5,5,5,5,5,5,5,5,5,5,5,5,5,5,5,5,5
174,882,875,877,880,857,868,862,852,893,865,882,874,869,865,873,860,886,903,897,879,883,882,861,870,895,873,892,878,886,888,873,861,894,895,901,896,888,884,863,873,906,906,904,898,920,875,874,885,920,931,923,886,895,888,894,875,908,915,916,907,899,888,896,858,7,7,6,8,5,6,8,8,8,6,6,6,8,6,8,6,11,8,8,6,6,7,6,7,7,6,7,6,8,5,6,9,9,7,6,7,6,8,7,9,8,7,8,10,6,10,8,8,10,11,10,10,7,5,8,9,14,12,8,12,9,8,9,18,5,5,5,5,5,5,5,5,5,5,5,5,5,5,5,5,5,5,5,5,5,5,5,5,5,5,5,5,5,5,5,5,5,5,5,5,5,5,5,5,5,5,5,5,5,5,5,5,5,5,5,5,5,5,5,5,5,5,5,5,5,5,5,5
175,875,868,867,848,870,861,866,853,898,878,882,875,867,862,866,867,864,906,902,879,881,868,868,861,904,889,889,893,882,873,869,869,897,895,888,899,906,898,888,877,913,898,907,898,895,876,886,880,906,908,913,915,886,899,889,890,928,913,909,917,900,905,918,4000,8,6,7,6,6,8,5,8,11,6,7,6,6,5,8,7,11,9,6,8,5,8,6,9,13,8,10,8,8,7,9,10,10,7,6,8,7,6,8,7,10,7,7,9,9,7,8,9,7,11,13,10,8,7,12,10,12,15,7,13,10,9,11,20,5,5,5,5,5,5,5,5,5,5,5,5,5,5,5,5,5,5,5,5,5,5,5,5,5,5,5,5,5,5,5,5,5,5,5,5,5,5,5,5,5,5,5,5,5,5,5,5,5,5,5,5,5,5,5,5,5,5,5,5,5,5,5,4
176,873,884,863,874,859,864,857,855,887,882,877,870,880,856,863,850,863,885,888,885,874,881,865,861,891,889,892,890,885,881,879,877,910,892,898,888,872,868,889,873,909,895,908,897,887,885,875,882,911,910,901,902,895,897,897,876,920,901,898,894,898,900,910,890,9,6,6,7,6,8,7,5,7,6,7,5,7,4,7,8,10,8,8,7,7,6,6,7,8,8,7,7,6,6,7,9,11,7,6,8,7,7,7,9,9,6,10,8,8,7,8,8,11,11,10,7,8,9,7,13,9,14,7,10,7,9,9,22,5,5,5,5,5,5,5,5,5,5,5,5,5,5,5,5,5,5,5,5,5,5,5,5,5,5,5,5,5,5,5,5,5,5,5,5,5,5,5,5,5,5,5,5,5,5,5,5,5,5,5,5,5,5,5,5,5,5,5,5,5,5,5,5
177,895,872,888,858,860,862,865,858,869,892,886,875,865,857,866,863,904,888,898,865,893,871,869,877,900,886,893,885,884,881,864,872,893,902,878,888,890,887,877,875,908,900,916,890,882,880,870,891,904,895,893,909,908,886,903,897,929,952,909,896,912,874,882,869,7,7,6,9,6,8,8,7,10,8,8,7,7,7,6,6,9,10,10,7,7,8,7,9,9,8,12,7,8,6,7,7,9,8,7,7,8,6,9,7,9,7,7,9,10,9,11,7,10,11,11,11,9,10,9,15,12,18,8,13,8,8,9,16,5,5,5,5,5,5,5,5,5,5,5,5,5,5,5,5,5,5,5,5,5,5,5,5,5,5,5,5,5,5,5,5,5,5,5,5,5,5,5,5,5,5,5,5,5,5,5,5,5,5,5,5,5,5,5,5,5,5,5,5,5,5,5,5
178,881,884,867,863,853,847,857,858,898,880,881,877,882,874,872,853,876,896,872,886,888,873,864,883,896,899,886,875,885,871,875,854,899,895,898,893,892,890,868,886,911,896,901,901,873,886,884,889,917,906,919,900,885,889,892,886,931,955,922,912,901,893,899,917,9,8,6,9,6,7,7,8,8,7,6,7,7,6,6,7,9,10,7,7,6,6,7,8,7,8,8,5,8,7,7,8,10,6,6,8,8,6,7,7,7,7,8,9,8,7,8,8,10,11,10,8,8,8,8,8,11,10,7,11,11,8,9,21,5,5,5,5,5,5,5,5,5,5,5,5,5,5,5,5,5,5,5,5,5,5,5,5,5,5,5,5,5,5,5,5,5,5,5,5,5,5,5,5,5,5,5,5,5,5,5,5,5,5,5,5,5,5,5,5,5,5,5,5,5,5,5,5
179,873,882,876,876,862,866,846,871,877,873,879,874,872,870,863,859,879,895,889,873,886,866,870,864,877,893,886,885,894,867,874,867,916,908,891,894,889,903,876,870,926,902,902,892,888,890,892,886,929,915,901,915,910,884,900,884,925,905,904,904,899,895,910,871,8,9,9,8,7,9,7,8,9,7,7,6,7,6,8,7,11,7,8,9,8,8,7,8,11,7,7,7,10,7,6,10,11,8,7,8,9,7,6,9,7,7,7,8,12,7,8,9,13,12,7,9,8,8,9,13,11,13,7,10,9,8,10,15,5,5,5,5,5,5,5,5,5,5,5,5,5,5,5,5,5,5,5,5,5,5,5,5,5,5,5,5,5,5,5,5,5,5,5,5,5,5,5,5,5,5,5,5,5,5,5,5,5,5,5,5,5,5,5,5,5,5,5,5,5,5,5,5
180,873,876,858,871,854,868,860,865,896,883,880,871,866,872,864,871,875,890,881,869,880,871,871,855,886,881,889,888,891,883,870,865,892,907,889,876,877,898,878,862,916,907,903,905,888,893,883,888,913,905,904,912,902,894,890,883,932,918,918,915,896,915,898,894,7,7,6,8,7,6,6,11,8,6,6,5,7,6,6,8,10,8,6,9,6,7,7,8,8,7,7,6,7,6,7,10,12,6,6,7,6,7,6,9,6,8,9,7,9,7,8,13,8,11,9,9,7,7,8,10,11,12,7,12,9,7,7,13,5,5,5,5,5,5,5,5,5,5,5,5,5,5,5,5,5,5,5,5,5,5,5,5,5,5,5,5,5,5,5,5,5,5,5,5,5,5,5,5,5,5,5,5,5,5,5,5,5,5,5,5,5,5,5,5,5,5,5,5,5,5,5,5
181,891,874,872,861,863,866,852,867,874,888,881,879,869,861,863,865,898,876,888,887,874,872,867,853,894,888,876,886,892,874,869,880,909,895,879,894,881,892,870,862,911,902,893,881,907,892,884,878,901,904,889,907,885,883,893,890,932,916,901,912,897,908,886,884,9,7,6,8,6,9,7,6,8,8,5,9,8,7,8,6,10,7,6,7,7,7,7,6,10,8,8,6,8,8,10,6,10,7,7,7,8,7,6,8,10,10,7,8,12,7,8,10,9,13,8,12,8,7,8,13,12,19,9,14,10,8,10,20,5,5,5,5,5,5,5,5,5,5,5,5,5,5,5,5,5,5,5,5,5,5,5,5,5,5,5,5,5,5,5,5,5,5,5,5,5,5,5,5,5,5,5,5,5,5,5,5,5,5,5,5,5,5,5,5,5,5,5,5,5,5,5,5
182,877,883,865,875,866,857,865,858,860,885,878,872,878,867,858,871,880,897,878,888,877,853,857,860,906,885,878,880,884,867,869,870,880,891,888,881,876,880,886,874,904,887,895,892,891,887,896,877,909,922,902,893,910,897,914,872,924,934,890,898,885,902,897,884,9,10,6,7,6,6,6,7,7,6,5,8,6,6,5,6,12,8,8,7,7,6,5,7,11,7,7,8,7,6,8,7,11,7,5,8,8,5,8,6,8,6,6,7,8,7,13,7,8,10,8,13,10,7,8,12,12,29,7,10,9,11,9,16,5,5,5,5,5,5,5,5,5,5,5,5,5,5,5,5,5,5,5,5,5,5,5,5,5,5,5,5,5,5,5,5,5,5,5,5,5,5,5,5,5,5,5,5,5,5,5,5,5,5,5,5,5,5,5,5,5,5,5,5,5,5,5,5
183,889,890,870,858,876,883,851,844,899,888,881,858,881,868,866,863,898,878,882,887,875,882,868,869,895,890,880,887,886,881,889,869,898,898,896,913,894,884,868,874,914,900,894,904,897,880,876,869,895,911,915,896,907,894,905,869,938,905,925,921,898,922,908,894,11,7,7,6,7,8,7,7,9,7,8,6,5,7,7,6,9,12,8,7,7,8,7,7,8,7,8,6,6,7,9,10,9,8,7,9,9,8,6,10,11,9,8,9,11,6,7,8,8,10,10,8,6,7,8,11,11,14,8,11,8,11,9,22,5,5,5,5,5,5,5,5,5,5,5,5,5,5,5,5,5,5,5,5,5,5,5,5,5,5,5,5,5,5,5,5,5,5,5,5,5,5,5,5,5,5,5,5,5,5,5,5,5,5,5,5,5,5,5,5,5,5,5,5,5,5,5,5
184,887,875,876,878,863,873,872,864,902,887,873,871,875,867,861,854,874,883,873,875,877,879,880,858,900,873,882,878,886,869,874,880,900,906,895,886,902,880,881,880,913,901,897,910,880,898,889,886,931,917,914,895,895,904,884,897,922,891,919,896,903,887,893,867,8,8,5,5,6,6,7,8,8,6,6,5,6,6,7,7,9,11,7,6,6,6,8,8,10,7,8,7,6,7,7,8,9,6,7,7,7,6,7,8,9,8,7,8,10,8,8,10,7,11,10,8,6,7,8,14,10,13,7,9,7,6,10,13,5,5,5,5,5,5,5,5,5,5,5,5,5,5,5,5,5,5,5,5,5,5,5,5,5,5,5,5,5,5,5,5,5,5,5,5,5,5,5,5,5,5,5,5,5,5,5,5,5,5,5,5,5,5,5,5,5,5,5,5,5,5,5,5
185,868,888,887,870,870,857,854,848,888,896,888,877,874,854,868,853,891,899,871,874,883,861,864,870,907,899,872,890,880,877,870,878,918,890,877,897,878,875,885,879,914,910,899,900,898,889,870,880,915,921,902,903,888,894,902,878,932,909,914,909,901,901,896,925,9,10,7,11,6,7,7,7,12,7,7,7,6,6,7,6,10,12,7,8,6,8,7,10,9,6,8,5,8,8,8,10,10,8,7,7,8,6,7,8,9,10,7,8,11,7,8,9,17,11,8,9,8,6,8,11,17,15,8,8,8,9,9,21,5,5,5,5,5,5,5,5,5,5,5,5,5,5,5,5,5,5,5,5,5,5,5,5,5,5,5,5,5,5,5,5,5,5,5,5,5,5,5,5,5,5,5,5,5,5,5,5,5,5,5,5,5,5,5,5,5,5,5,5,5,5,5,5
186,885,869,873,879,864,857,859,859,869,874,876,879,874,863,870,860,889,887,884,871,876,853,864,866,906,883,902,875,886,875,874,867,898,891,895,900,882,886,873,872,911,900,886,892,886,888,875,893,907,899,910,891,893,902,892,875,935,918,912,898,900,898,894,885,8,9,6,7,6,7,7,8,8,7,5,6,6,5,7,5,10,11,6,8,5,7,6,6,9,7,7,6,7,7,7,10,8,6,5,6,7,6,7,9,8,8,7,10,8,8,9,8,9,14,9,8,7,7,9,11,10,11,10,10,9,8,9,18,5,5,5,5,5,5,5,5,5,5,5,5,5,5,5,5,5,5,5,5,5,5,5,5,5,5,5,5,5,5,5,5,5,5,5,5,5,5,5,5,5,5,5,5,5,5,5,5,5,5,5,5,5,5,5,5,5,5,5,5,5,5,5,5
187,895,884,869,862,866,862,865,856,867,893,874,876,865,850,873,852,887,892,884,884,880,870,877,862,911,888,900,878,885,872,875,860,928,886,903,883,895,886,882,869,903,901,912,894,894,892,874,885,893,928,904,903,899,889,902,888,938,939,898,905,889,872,907,874,10,8,7,10,7,7,6,8,9,6,7,6,6,6,6,7,9,11,6,6,5,7,7,7,10,8,9,7,7,6,7,10,10,7,8,8,11,6,9,11,9,9,9,8,8,8,8,8,9,11,7,10,8,7,13,12,11,15,11,11,10,8,10,25,5,5,5,5,5,5,5,5,5,5,5,5,5,5,5,5,5,5,5,5,5,5,5,5,5,5,5,5,5,5,5,5,5,5,5,5,5,5,5,5,5,5,5,5,5,5,5,5,5,5,5,5,5,5,5,5,5,5,5,5,5,5,5,5
188,896,874,862,869,876,863,865,852,878,883,878,877,871,869,863,849,882,877,880,887,877,871,867,870,905,899,885,875,874,870,876,856,902,904,894,891,906,876,886,879,908,893,905,896,906,908,888,882,899,910,887,900,902,901,897,883,916,908,906,926,908,898,930,890,7,7,6,7,7,8,6,7,8,8,6,6,7,6,6,7,8,9,6,8,5,6,6,6,11,8,9,6,6,7,10,8,9,5,7,8,7,8,8,7,7,10,8,9,8,6,8,10,11,9,9,8,10,7,9,14,7,15,9,10,7,7,7,15,5,5,5,5,5,5,5,5,5,5,5,5,5,5,5,5,5,5,5,5,5,5,5,5,5,5,5,5,5,5,5,5,5,5,5,5,5,5,5,5,5,5,5,5,5,5,5,5,5,5,5,5,5,5,5,5,5,5,5,5,5,5,5,5
189,865,877,877,870,867,855,861,845,877,876,881,879,856,866,869,867,882,878,901,881,881,876,865,844,900,916,882,892,890,873,870,873,901,892,896,891,873,879,891,870,908,893,911,890,883,894,894,869,918,922,907,914,893,903,891,870,904,915,912,911,914,897,906,882,8,7,7,8,7,7,8,7,8,7,6,7,6,5,8,7,11,11,7,8,7,6,6,5,9,8,8,5,8,6,8,12,13,6,6,6,8,7,10,8,8,7,7,9,8,8,10,7,11,10,8,9,9,9,10,13,12,21,9,12,10,10,10,20,5,5,5,5,5,5,5,5,5,5,5,5,5,5,5,5,5,5,5,5,5,5,5,5,5,5,5,5,5,5,5,5,5,5,5,5,5,5,5,5,5,5,5,5,5,5,5,5,5,5,5,5,5,5,5,5,5,5,5,5,5,5,5,5
190,881,882,879,874,865,861,852,872,887,888,879,865,877,863,863,852,914,888,881,876,875,866,871,871,897,887,883,882,877,874,848,855,896,913,892,893,870,886,880,876,909,911,903,889,898,887,880,862,918,920,899,893,890,889,902,895,949,935,927,904,900,883,894,873,9,6,7,6,7,7,8,7,9,7,7,6,6,5,6,5,11,9,7,8,7,8,6,7,7,8,8,7,8,6,6,9,8,7,5,6,7,6,6,7,6,7,7,7,9,8,9,8,12,11,7,8,8,7,11,10,10,14,8,12,8,5,9,10,5,5,5,5,5,5,5,5,5,5,5,5,5,5,5,5,5,5,5,5,5,5,5,5,5,5,5,5,5,5,5,5,5,5,5,5,5,5,5,5,5,5,5,5,5,5,5,5,5,5,5,5,5,5,5,5,5,5,5,5,5,5,5,5
191,900,875,873,852,867,874,851,855,916,879,878,874,874,867,866,854,891,876,883,892,872,873,861,860,883,907,881,888,891,879,871,868,896,875,891,897,883,907,879,891,908,882,908,898,898,887,882,885,915,899,906,896,907,891,903,880,932,903,900,903,921,889,894,902,9,8,7,8,8,7,6,7,14,8,6,6,7,5,6,7,12,10,7,8,7,8,7,6,12,7,7,6,6,8,9,10,9,6,7,6,9,9,7,9,8,7,9,10,7,7,8,8,10,11,8,9,9,9,8,9,10,13,8,12,9,8,9,21,5,5,5,5,5,5,5,5,5,5,5,5,5,5,5,5,5,5,5,5,5,5,5,5,5,5,5,5,5,5,5,5,5,5,5,5,5,5,5,5,5,5,5,5,5,5,5,5,5,5,5,5,5,5,5,5,5,5,5,5,5,5,5,5
192,879,865,883,865,854,862,868,867,888,882,885,865,882,870,870,864,905,893,882,883,867,857,877,878,891,899,899,886,885,888,867,878,914,890,901,899,881,874,876,865,909,908,897,889,878,894,882,886,910,909,914,902,900,889,907,884,926,926,899,902,907,902,912,888,7,7,6,8,5,8,5,6,7,6,6,6,7,6,8,7,9,7,7,8,6,7,7,6,7,8,8,8,6,6,6,10,12,5,6,7,7,6,8,8,8,9,6,8,9,7,8,7,9,10,10,7,6,6,7,10,13,14,7,8,10,7,8,14,5,5,5,5,5,5,5,5,5,5,5,5,5,5,5,5,5,5,5,5,5,5,5,5,5,5,5,5,5,5,5,5,5,5,5,5,5,5,5,5,5,5,5,5,5,5,5,5,5,5,5,5,5,5,5,5,5,5,5,5,5,5,5,5
193,882,879,882,852,871,866,867,852,866,887,886,863,878,860,867,870,873,885,887,880,860,866,854,857,899,888,885,869,869,879,891,868,913,906,893,883,890,890,882,859,901,910,913,905,906,903,893,883,901,909,918,895,895,896,885,905,913,920,923,897,906,908,897,912,7,9,7,8,7,8,7,8,11,8,7,6,6,7,8,8,13,8,7,6,6,8,5,6,10,8,7,6,7,7,8,8,14,6,7,9,8,8,7,7,10,8,6,9,12,10,7,10,9,9,8,9,7,8,11,15,12,19,9,8,9,10,7,17,5,5,5,5,5,5,5,5,5,5,5,5,5,5,5,5,5,5,5,5,5,5,5,5,5,5,5,5,5,5,5,5,5,5,5,5,5,5,5,5,5,5,5,5,5,5,5,5,5,5,5,5,5,5,5,5,5,5,5,5,5,5,5,5
194,878,865,866,852,867,857,855,842,896,883,881,871,876,873,849,853,885,878,872,879,879,866,868,861,878,884,889,877,890,886,870,865,913,895,895,908,881,875,868,866,913,913,889,895,893,883,880,883,918,908,885,890,888,899,900,893,923,904,896,915,901,887,907,894,8,7,7,6,6,6,7,6,9,6,6,8,6,6,7,5,9,9,8,7,6,6,6,6,8,7,6,7,8,6,8,9,12,8,5,7,8,8,6,8,9,6,8,7,8,6,8,8,10,9,8,8,8,6,9,9,11,18,7,10,9,7,10,20,5,5,5,5,5,5,5,5,5,5,5,5,5,5,5,5,5,5,5,5,5,5,5,5,5,5,5,5,5,5,5,5,5,5,5,5,5,5,5,5,5,5,5,5,5,5,5,5,5,5,5,5,5,5,5,5,5,5,5,5,5,5,5,5
195,883,890,877,878,874,872,855,852,903,894,882,878,866,862,865,856,908,882,892,868,874,863,862,862,901,896,887,883,881,882,869,863,909,898,903,893,891,890,880,882,928,898,912,892,890,894,875,878,913,913,910,888,894,883,893,904,913,915,923,894,899,909,902,885,9,7,7,7,7,5,7,8,9,8,7,8,6,6,7,7,12,8,8,9,6,7,6,7,9,7,8,7,7,6,8,9,12,7,7,7,8,7,8,9,8,8,7,8,8,7,7,10,10,13,9,9,8,8,9,11,12,16,8,10,8,10,8,22,5,5,5,5,5,5,5,5,5,5,5,5,5,5,5,5,5,5,5,5,5,5,5,5,5,5,5,5,5,5,5,5,5,5,5,5,5,5,5,5,5,5,5,5,5,5,5,5,5,5,5,5,5,5,5,5,5,5,5,5,5,5,5,5
196,881,886,873,872,867,854,848,849,894,888,885,870,865,860,855,863,886,880,882,879,885,882,868,860,893,888,893,889,870,883,880,855,886,902,886,893,888,890,883,868,906,894,908,895,887,895,886,884,918,892,900,905,900,898,876,868,914,911,903,912,888,891,888,868,9,8,7,8,6,7,7,6,9,7,6,7,6,7,6,6,10,9,8,6,6,8,7,9,9,7,9,5,6,6,7,6,9,6,6,6,6,6,7,8,8,10,8,7,7,8,7,8,11,9,8,10,10,8,9,12,9,13,9,12,9,8,9,11,5,5,5,5,5,5,5,5,5,5,5,5,5,5,5,5,5,5,5,5,5,5,5,5,5,5,5,5,5,5,5,5,5,5,5,5,5,5,5,5,5,5,5,5,5,5,5,5,5,5,5,5,5,5,5,5,5,5,5,5,5,5,5,5
197,874,887,873,869,865,867,858,867,883,873,871,881,864,864,858,858,886,890,881,881,868,869,866,865,905,882,902,895,874,878,874,861,911,896,890,902,894,893,883,878,920,907,900,904,878,892,880,879,920,923,899,906,917,909,899,874,911,925,937,883,897,900,896,933,7,9,7,8,5,7,5,6,9,7,6,6,8,6,7,7,12,10,9,7,6,7,7,7,10,7,7,6,6,7,8,7,13,8,6,9,9,8,8,7,9,7,7,8,9,10,8,9,12,13,9,9,9,7,9,16,16,20,8,13,8,11,11,14,5,5,5,5,5,5,5,5,5,5,5,5,5,5,5,5,5,5,5,5,5,5,5,5,5,5,5,5,5,5,5,5,5,5,5,5,5,5,5,5,5,5,5,5,5,5,5,5,5,5,5,5,5,5,5,5,5,5,5,5,5,5,5,5
198,882,877,880,868,866,850,850,856,875,878,882,877,874,863,860,864,869,884,881,876,879,878,860,852,891,881,889,894,882,872,860,851,892,901,882,887,898,867,881,885,913,903,911,895,888,901,876,881,904,917,900,898,892,893,899,875,945,923,916,886,917,900,916,909,9,8,6,8,5,6,9,8,9,6,6,6,7,4,6,6,13,10,7,7,6,6,6,7,8,7,6,6,7,7,8,7,9,7,6,7,6,7,7,8,10,7,8,9,9,7,8,8,8,8,8,9,8,6,9,11,14,18,8,11,8,9,8,13,5,5,5,5,5,5,5,5,5,5,5,5,5,5,5,5,5,5,5,5,5,5,5,5,5,5,5,5,5,5,5,5,5,5,5,5,5,5,5,5,5,5,5,5,5,5,5,5,5,5,5,5,5,5,5,5,5,5,5,5,5,5,5,5
199,880,890,874,862,869,849,855,858,899,882,878,877,865,867,865,856,863,899,879,883,866,886,871,876,901,910,893,889,883,889,873,853,908,919,904,893,903,880,873,873,910,920,912,894,888,877,881,888,910,930,896,888,900,875,900,894,924,884,902,899,889,899,921,871,9,8,5,9,8,7,6,7,9,8,6,6,6,6,8,6,13,9,7,7,7,8,7,6,9,8,7,6,6,9,7,9,12,7,6,8,8,9,5,8,12,9,9,9,9,8,8,9,14,13,8,9,7,7,9,7,10,17,9,12,11,8,9,23,5,5,5,5,5,5,5,5,5,5,5,5,5,5,5,5,5,5,5,5,5,5,5,5,5,5,5,5,5,5,5,5,5,5,5,5,5,5,5,5,5,5,5,5,5,5,5,5,5,5,5,5,5,5,5,5,5,5,5,5,5,5,5,5
