frame,dist_z0,dist_z1,dist_z2,dist_z3,dist_z4,dist_z5,dist_z6,dist_z7,dist_z8,dist_z9,dist_z10,dist_z11,dist_z12,dist_z13,dist_z14,dist_z15,dist_z16,dist_z17,dist_z18,dist_z19,dist_z20,dist_z21,dist_z22,dist_z23,dist_z24,dist_z25,dist_z26,dist_z27,dist_z28,dist_z29,dist_z30,dist_z31,dist_z32,dist_z33,dist_z34,dist_z35,dist_z36,dist_z37,dist_z38,dist_z39,dist_z40,dist_z41,dist_z42,dist_z43,dist_z44,dist_z45,dist_z46,dist_z47,dist_z48,dist_z49,dist_z50,dist_z51,dist_z52,dist_z53,dist_z54,dist_z55,dist_z56,dist_z57,dist_z58,dist_z59,dist_z60,dist_z61,dist_z62,dist_z63,sigma_z0,sigma_z1,sigma_z2,sigma_z3,sigma_z4,sigma_z5,sigma_z6,sigma_z7,sigma_z8,sigma_z9,sigma_z10,sigma_z11,sigma_z12,sigma_z13,sigma_z14,sigma_z15,sigma_z16,sigma_z17,sigma_z18,sigma_z19,sigma_z20,sigma_z21,sigma_z22,sigma_z23,sigma_z24,sigma_z25,sigma_z26,sigma_z27,sigma_z28,sigma_z29,sigma_z30,sigma_z31,sigma_z32,sigma_z33,sigma_z34,sigma_z35,sigma_z36,sigma_z37,sigma_z38,sigma_z39,sigma_z40,sigma_z41,sigma_z42,sigma_z43,sigma_z44,sigma_z45,sigma_z46,sigma_z47,sigma_z48,sigma_z49,sigma_z50,sigma_z51,sigma_z52,sigma_z53,sigma_z54,sigma_z55,sigma_z56,sigma_z57,sigma_z58,sigma_z59,sigma_z60,sigma_z61,sigma_z62,sigma_z63,status_z0,status_z1,status_z2,status_z3,status_z4,status_z5,status_z6,status_z7,status_z8,status_z9,status_z10,status_z11,status_z12,status_z13,status_z14,status_z15,status_z16,status_z17,status_z18,status_z19,status_z20,status_z21,status_z22,status_z23,status_z24,status_z25,status_z26,status_z27,status_z28,status_z29,status_z30,status_z31,status_z32,status_z33,status_z34,status_z35,status_z36,status_z37,status_z38,status_z39,status_z40,status_z41,status_z42,status_z43,status_z44,status_z45,status_z46,status_z47,status_z48,status_z49,status_z50,status_z51,status_z52,status_z53,status_z54,status_z55,status_z56,status_z57,status_z58,status_z59,status_z60,status_z61,status_z62,status_z63
0,477,479,474,472,466,472,463,461,483,487,477,473,468,475,464,463,490,488,475,480,481,480,472,474,491,496,488,482,475,475,479,477,496,490,492,490,487,478,480,474,505,496,491,488,496,491,486,480,510,519,496,502,483,477,484,483,521,513,511,498,483,492,502,480,4,4,4,4,3,4,4,4,4,4,4,3,3,3,3,4,5,5,4,4,3,4,3,4,4,5,4,3,4,3,4,5,4,4,4,3,4,3,4,4,4,5,5,4,5,4,4,4,4,7,5,4,4,4,4,5,7,6,5,4,4,5,5,7,5,5,5,5,5,5,5,5,5,5,5,5,5,5,5,5,5,5,5,5,5,5,5,5,5,5,5,5,5,5,5,5,5,5,5,5,5,5,5,5,5,5,5,5,5,5,5,5,5,5,5,5,5,5,5,5,5,5,5,5,5,5,5,5
1,474,486,481,468,468,466,461,466,486,485,490,474,468,469,468,460,484,491,481,473,474,466,471,467,489,486,481,482,483,475,472,483,503,489,488,482,485,485,470,480,503,491,485,486,488,483,482,472,506,499,502,484,491,487,489,478,512,512,497,496,497,494,480,501,4,4,4,3,3,3,4,4,4,3,4,3,4,3,3,3,4,4,3,3,3,3,3,4,4,3,4,3,3,3,3,4,5,3,3,3,3,3,3,4,4,4,4,4,4,3,4,4,6,5,4,4,4,4,4,4,5,5,5,5,4,4,4,5,5,5,5,5,5,5,5,5,5,5,5,5,5,5,5,5,5,5,5,5,5,5,5,5,5,5,5,5,5,5,5,5,5,5,5,5,5,5,5,5,5,5,5,5,5,5,5,5,5,5,5,5,5,5,5,5,5,5,5,5,5,5,5,5
2,487,477,473,476,472,464,467,464,482,479,477,478,472,464,466,455,490,484,480,476,479,478,469,471,502,493,486,487,480,480,477,474,496,496,488,484,487,482,474,478,499,503,500,490,489,486,477,482,509,498,505,499,491,491,486,489,500,513,504,507,497,501,492,487,4,4,4,4,4,3,4,4,4,4,4,3,3,3,3,3,4,4,3,3,3,3,4,4,5,4,4,3,4,3,4,4,4,4,3,4,4,3,4,5,4,4,5,4,4,4,4,4,4,5,4,4,5,3,4,5,6,6,4,6,4,5,5,7,5,5,5,5,5,5,5,5,5,5,5,5,5,5,5,5,5,5,5,5,5,5,5,5,5,5,5,5,5,5,5,5,5,5,5,5,5,5,5,5,5,5,5,5,5,5,5,5,5,5,5,5,5,5,5,5,5,5,5,5,5,5,5,5
3,482,483,476,477,469,467,468,461,482,482,474,473,469,465,464,468,478,481,478,486,477,467,471,461,492,491,485,486,470,473,471,474,501,489,485,485,484,488,474,474,502,503,499,494,496,486,487,484,499,502,501,488,490,480,487,489,507,509,501,505,498,497,496,487,4,4,4,4,3,3,3,4,3,3,3,3,3,3,3,3,5,4,3,4,3,3,3,3,4,4,3,3,3,3,3,4,4,4,4,3,3,3,4,4,5,4,4,4,4,4,4,4,4,5,4,4,4,4,4,4,5,5,4,5,4,4,4,7,5,5,5,5,5,5,5,5,5,5,5,5,5,5,5,5,5,5,5,5,5,5,5,5,5,5,5,5,5,5,5,5,5,5,5,5,5,5,5,5,5,5,5,5,5,5,5,5,5,5,5,5,5,5,5,5,5,5,5,5,5,5,5,5
4,478,477,480,471,472,465,463,461,485,483,472,477,475,467,469,466,492,490,480,482,478,476,472,472,495,494,487,479,473,482,483,471,497,498,482,486,490,489,474,476,501,498,499,489,484,487,484,476,507,502,498,500,498,491,488,479,498,516,502,504,503,490,493,495,4,4,4,4,3,3,3,4,4,3,3,4,3,3,3,4,4,4,4,3,3,3,3,3,4,5,4,3,4,3,4,4,5,4,4,4,4,4,4,5,4,4,5,4,4,4,4,4,4,5,4,5,5,5,4,5,5,5,4,6,4,5,5,7,5,5,5,5,5,5,5,5,5,5,5,5,5,5,5,5,5,5,5,5,5,5,5,5,5,5,5,5,5,5,5,5,5,5,5,5,5,5,5,5,5,5,5,5,5,5,5,5,5,5,5,5,5,5,5,5,5,5,5,5,5,5,5,5
5,483,479,474,473,466,462,462,461,479,477,482,478,478,467,462,468,496,487,480,478,471,470,472,464,494,497,493,483,485,480,475,474,496,495,494,482,485,481,474,473,506,495,497,492,486,488,491,480,502,500,499,487,485,479,493,492,512,500,510,493,496,486,497,496,4,4,4,4,3,3,3,4,4,3,3,3,3,3,3,3,5,4,3,3,3,3,3,4,4,3,4,3,3,3,3,4,4,4,4,3,3,3,3,4,4,4,4,4,4,4,4,5,4,5,4,4,3,4,4,4,4,7,4,5,4,5,4,7,5,5,5,5,5,5,5,5,5,5,5,5,5,5,5,5,5,5,5,5,5,5,5,5,5,5,5,5,5,5,5,5,5,5,5,5,5,5,5,5,5,5,5,5,5,5,5,5,5,5,5,5,5,5,5,5,5,5,5,5,5,5,5,5
6,479,480,468,469,471,469,460,463,487,483,477,475,472,476,469,458,492,478,482,481,476,473,467,469,494,482,485,481,480,484,477,469,498,495,487,488,488,481,486,472,494,495,493,497,486,484,483,485,505,502,500,498,494,490,484,493,511,502,504,499,499,500,487,490,5,4,4,4,3,4,4,3,4,3,3,3,3,3,3,4,5,4,4,4,3,3,3,4,4,3,4,3,3,3,3,4,4,4,3,3,3,4,4,4,4,5,4,4,4,3,5,4,5,5,5,4,5,4,4,6,6,5,4,6,4,5,5,6,5,5,5,5,5,5,5,5,5,5,5,5,5,5,5,5,5,5,5,5,5,5,5,5,5,5,5,5,5,5,5,5,5,5,5,5,5,5,5,5,5,5,5,5,5,5,5,5,5,5,5,5,5,5,5,5,5,5,5,5,5,5,5,5
7,475,482,474,466,472,462,458,456,497,479,474,473,472,470,470,464,488,491,484,477,474,473,461,464,498,484,493,481,470,477,472,471,500,485,486,482,488,474,480,476,498,499,501,493,487,491,479,477,516,502,505,503,490,490,481,483,504,500,501,502,490,488,489,474,4,4,4,3,3,3,3,4,4,4,3,3,3,3,3,3,4,4,3,4,3,3,3,4,4,4,4,3,3,3,3,4,5,4,3,3,3,3,3,4,4,4,5,4,4,4,4,4,4,5,4,4,4,4,4,4,6,5,4,5,4,4,5,6,5,5,5,5,5,5,5,5,5,5,5,5,5,5,5,5,5,5,5,5,5,5,5,5,5,5,5,5,5,5,5,5,5,5,5,5,5,5,5,5,5,5,5,5,5,5,5,5,5,5,5,5,5,5,5,5,5,5,5,5,5,5,5,5
8,477,479,473,473,471,471,470,465,491,481,480,465,471,467,465,460,493,488,485,489,477,473,471,478,495,488,492,486,480,474,474,469,500,494,495,490,480,484,488,473,501,493,490,500,488,496,481,485,512,509,500,484,495,489,491,488,512,510,507,493,503,489,496,480,4,4,4,4,3,4,3,4,5,3,3,3,3,3,3,3,5,5,4,4,3,4,3,4,4,4,4,4,3,3,3,4,4,5,4,4,3,3,4,4,5,5,4,5,4,4,4,4,4,6,4,5,5,5,4,5,5,5,5,6,4,5,5,6,5,5,5,5,5,5,5,5,5,5,5,5,5,5,5,5,5,5,5,5,5,5,5,5,5,5,5,5,5,5,5,5,5,5,5,5,5,5,5,5,5,5,5,5,5,5,5,5,5,5,5,5,5,5,5,5,5,5,5,5,5,5,5,5
9,474,481,476,476,466,465,463,457,490,482,476,469,470,467,461,461,493,482,488,476,474,476,469,471,498,483,490,481,479,479,473,476,501,492,491,492,491,485,480,472,493,491,496,483,484,489,494,475,502,498,497,493,493,487,482,488,515,509,504,496,494,498,496,498,4,3,4,4,3,3,4,3,4,3,3,3,3,3,3,3,4,4,4,3,3,3,3,4,4,4,4,3,3,3,3,4,5,4,4,3,3,3,3,3,4,4,4,4,4,3,4,4,5,4,4,5,4,4,4,5,6,5,5,5,4,4,5,6,5,5,5,5,5,5,5,5,5,5,5,5,5,5,5,5,5,5,5,5,5,5,5,5,5,5,5,5,5,5,5,5,5,5,5,5,5,5,5,5,5,5,5,5,5,5,5,5,5,5,5,5,5,5,5,5,5,5,5,5,5,5,5,5
10,478,480,476,464,475,470,464,454,488,477,475,478,471,475,465,455,496,487,489,486,473,477,475,459,497,490,483,486,483,478,471,468,498,491,488,491,496,480,479,482,503,499,497,489,490,483,482,478,512,509,491,496,493,479,494,488,523,507,507,504,491,488,492,482,4,3,4,4,4,3,4,4,4,4,3,4,3,3,3,4,4,4,4,4,3,3,3,3,4,4,4,4,3,4,4,4,4,5,4,4,4,4,4,5,5,5,5,4,4,4,4,4,4,6,5,5,4,4,4,5,6,7,4,5,5,5,4,6,5,5,5,5,5,5,5,5,5,5,5,5,5,5,5,5,5,5,5,5,5,5,5,5,5,5,5,5,5,5,5,5,5,5,5,5,5,5,5,5,5,5,5,5,5,5,5,5,5,5,5,5,5,5,5,5,5,5,5,5,5,5,5,5
11,481,477,473,470,470,469,467,462,486,485,475,479,474,465,466,469,489,488,476,486,480,470,467,471,497,495,488,491,477,475,476,472,493,502,489,489,480,484,474,476,496,503,487,492,491,479,494,489,513,501,492,503,486,489,487,495,510,511,500,493,496,499,487,491,4,4,3,3,3,3,3,3,4,3,3,4,3,3,3,4,4,5,3,3,3,3,3,4,4,4,3,3,3,3,3,4,4,4,4,3,3,3,3,4,4,4,4,4,4,3,5,4,5,4,5,4,4,4,4,6,4,5,4,5,4,5,5,5,5,5,5,5,5,5,5,5,5,5,5,5,5,5,5,5,5,5,5,5,5,5,5,5,5,5,5,5,5,5,5,5,5,5,5,5,5,5,5,5,5,5,5,5,5,5,5,5,5,5,5,5,5,5,5,5,5,5,5,5,5,5,5,5
12,482,479,474,474,468,468,456,462,484,473,484,476,468,467,466,461,482,481,483,487,483,474,470,471,507,485,482,487,480,487,480,471,501,490,493,486,481,485,482,470,506,499,494,497,497,481,480,484,515,501,502,495,494,495,485,487,507,507,498,497,496,491,489,492,5,3,4,4,3,3,3,3,4,4,4,3,3,3,3,4,4,4,4,4,3,3,3,4,5,4,3,3,3,4,4,4,5,4,4,3,3,4,4,4,4,5,4,5,4,4,4,4,5,4,4,5,5,4,4,5,5,6,4,5,4,5,4,8,5,5,5,5,5,5,5,5,5,5,5,5,5,5,5,5,5,5,5,5,5,5,5,5,5,5,5,5,5,5,5,5,5,5,5,5,5,5,5,5,5,5,5,5,5,5,5,5,5,5,5,5,5,5,5,5,5,5,5,5,5,5,5,5
13,487,481,477,471,465,468,461,458,485,486,475,476,476,469,466,464,492,484,478,479,479,469,480,468,496,493,485,483,481,476,478,468,498,493,490,485,489,482,478,475,498,498,495,498,490,485,486,473,510,496,502,493,492,493,492,494,502,501,505,505,496,494,488,483,4,4,3,4,3,3,3,3,4,3,3,3,3,3,3,3,5,4,4,3,3,3,4,4,4,4,3,3,3,3,3,4,4,4,4,3,3,4,3,4,4,4,4,4,4,3,4,4,5,5,4,5,4,3,4,5,4,6,4,5,5,3,5,6,5,5,5,5,5,5,5,5,5,5,5,5,5,5,5,5,5,5,5,5,5,5,5,5,5,5,5,5,5,5,5,5,5,5,5,5,5,5,5,5,5,5,5,5,5,5,5,5,5,5,5,5,5,5,5,5,5,5,5,5,5,5,5,5
14,485,475,470,466,468,470,457,467,484,477,484,475,467,465,462,469,481,479,483,479,474,473,471,476,498,492,482,486,485,479,467,470,502,483,493,485,481,485,476,477,500,502,493,495,492,485,484,478,497,497,500,504,490,486,492,487,506,508,500,504,501,492,493,486,4,3,4,3,3,4,4,4,4,4,3,3,3,3,3,4,5,5,4,3,3,3,3,5,4,3,4,3,3,3,4,4,5,4,3,3,3,4,3,4,5,4,4,5,4,4,4,4,5,5,4,4,5,5,4,5,5,6,4,5,4,4,5,7,5,5,5,5,5,5,5,5,5,5,5,5,5,5,5,5,5,5,5,5,5,5,5,5,5,5,5,5,5,5,5,5,5,5,5,5,5,5,5,5,5,5,5,5,5,5,5,5,5,5,5,5,5,5,5,5,5,5,5,5,5,5,5,5
15,474,484,467,471,467,469,475,464,492,485,484,475,467,465,465,464,486,483,479,483,475,470,466,478,502,481,483,480,485,475,475,468,492,490,486,488,486,478,480,477,501,497,497,478,488,485,484,481,512,498,501,494,492,487,486,481,520,498,513,502,493,494,487,504,4,4,3,3,3,3,3,3,4,3,3,3,3,3,3,3,5,4,3,3,3,3,3,4,4,3,4,3,3,3,3,4,4,4,3,3,3,3,3,5,4,4,4,4,4,3,4,4,5,5,4,4,4,4,4,4,6,6,5,5,4,4,4,6,5,5,5,5,5,5,5,5,5,5,5,5,5,5,5,5,5,5,5,5,5,5,5,5,5,5,5,5,5,5,5,5,5,5,5,5,5,5,5,5,5,5,5,5,5,5,5,5,5,5,5,5,5,5,5,5,5,5,5,5,5,5,5,5
16,484,478,469,470,469,462,472,462,495,483,471,477,476,472,472,462,494,486,484,479,477,470,471,463,491,484,487,485,478,480,472,469,501,495,496,495,486,484,481,481,503,489,501,492,492,487,487,477,502,507,498,489,498,496,494,491,506,510,505,498,500,499,489,491,5,3,4,4,3,3,4,3,5,3,3,4,3,3,3,3,6,4,4,3,3,3,3,4,4,4,4,3,4,3,4,4,4,4,4,3,4,3,4,5,5,4,4,4,5,4,5,4,5,6,4,5,4,5,4,4,5,5,4,5,6,4,6,7,5,5,5,5,5,5,5,5,5,5,5,5,5,5,5,5,5,5,5,5,5,5,5,5,5,5,5,5,5,5,5,5,5,5,5,5,5,5,5,5,5,5,5,5,5,5,5,5,5,5,5,5,5,5,5,5,5,5,5,5,5,5,5,5
17,481,480,470,466,463,466,459,460,484,482,477,470,464,468,467,467,486,492,486,485,471,475,469,467,493,486,486,482,486,478,472,471,486,494,497,484,485,482,476,472,503,490,494,495,482,485,477,478,508,511,499,494,494,493,489,492,513,495,505,498,491,490,492,495,5,3,4,4,3,3,3,4,4,3,3,3,4,3,3,3,4,5,3,3,3,3,3,4,4,4,4,3,3,3,3,4,5,4,4,3,3,3,3,4,4,4,4,4,3,3,4,3,4,5,4,5,4,4,4,6,5,5,4,5,5,4,4,7,5,5,5,5,5,5,5,5,5,5,5,5,5,5,5,5,5,5,5,5,5,5,5,5,5,5,5,5,5,5,5,5,5,5,5,5,5,5,5,5,5,5,5,5,5,5,5,5,5,5,5,5,5,5,5,5,5,5,5,5,5,5,5,5
18,484,477,476,473,466,460,462,464,486,476,470,475,484,467,473,465,487,481,480,484,480,471,470,470,495,496,486,488,484,481,468,471,498,495,490,495,485,486,478,474,502,503,497,489,489,490,480,481,505,493,490,498,498,486,490,487,511,510,503,505,498,490,489,492,4,4,4,4,3,3,4,4,4,4,3,3,3,3,3,4,5,5,3,4,3,3,3,4,4,4,4,3,4,3,3,4,5,4,4,4,3,3,3,4,5,5,4,4,4,4,4,5,6,5,4,5,5,5,4,5,5,7,4,6,6,4,4,7,5,5,5,5,5,5,5,5,5,5,5,5,5,5,5,5,5,5,5,5,5,5,5,5,5,5,5,5,5,5,5,5,5,5,5,5,5,5,5,5,5,5,5,5,5,5,5,5,5,5,5,5,5,5,5,5,5,5,5,5,5,5,5,5
19,482,476,472,472,469,465,464,466,489,482,483,473,471,473,468,462,488,494,485,476,475,473,474,475,494,493,490,487,483,482,467,469,489,492,484,489,482,486,479,476,496,492,491,491,491,495,477,482,496,502,502,497,491,481,486,495,507,497,501,487,490,488,490,481,4,3,4,3,3,3,4,3,4,3,4,3,3,3,3,3,4,4,4,3,3,3,3,4,5,4,4,3,4,3,3,4,5,4,3,3,3,3,3,4,4,4,4,4,4,4,4,3,4,5,4,4,4,4,4,5,5,5,4,5,4,5,4,5,5,5,5,5,5,5,5,5,5,5,5,5,5,5,5,5,5,5,5,5,5,5,5,5,5,5,5,5,5,5,5,5,5,5,5,5,5,5,5,5,5,5,5,5,5,5,5,5,5,5,5,5,5,5,5,5,5,5,5,5,5,5,5,5
20,481,476,475,473,472,466,458,461,489,483,484,470,467,464,468,467,492,493,484,480,477,477,467,471,492,501,484,485,481,479,466,472,495,484,492,497,484,481,479,483,504,497,488,481,491,483,488,486,514,498,501,498,491,493,491,483,517,512,505,493,499,493,493,469,5,4,4,4,3,3,3,4,5,3,4,3,3,3,4,4,4,5,4,3,3,3,4,4,4,4,4,3,4,3,3,4,4,4,4,4,3,4,4,4,4,5,4,4,4,3,4,4,4,4,4,4,4,4,4,5,6,6,4,5,4,4,5,6,5,5,5,5,5,5,5,5,5,5,5,5,5,5,5,5,5,5,5,5,5,5,5,5,5,5,5,5,5,5,5,5,5,5,5,5,5,5,5,5,5,5,5,5,5,5,5,5,5,5,5,5,5,5,5,5,5,5,5,5,5,5,5,5
21,475,480,475,470,469,466,463,460,489,481,476,478,470,470,473,470,487,490,484,481,474,476,474,470,491,490,492,481,483,471,470,472,504,492,490,484,487,478,485,471,501,494,492,489,487,479,476,485,505,495,505,495,504,492,488,487,511,498,498,502,503,498,497,481,4,4,4,4,3,3,3,4,4,3,4,3,3,3,4,3,5,3,3,4,3,3,4,4,4,4,4,3,3,4,3,4,5,4,3,3,3,3,3,4,4,5,4,4,4,4,4,5,5,5,4,4,5,4,4,5,6,5,5,5,4,4,5,6,5,5,5,5,5,5,5,5,5,5,5,5,5,5,5,5,5,5,5,5,5,5,5,5,5,5,5,5,5,5,5,5,5,5,5,5,5,5,5,5,5,5,5,5,5,5,5,5,5,5,5,5,5,5,5,5,5,5,5,5,5,5,5,5
22,477,477,477,473,468,472,463,467,485,482,479,474,476,470,468,469,495,491,479,483,484,475,471,467,497,485,488,489,482,477,478,465,500,498,492,488,489,483,484,474,500,491,491,490,486,485,488,488,510,496,497,497,497,483,489,481,522,515,505,494,489,484,492,494,4,3,4,4,3,4,4,4,4,3,4,3,3,3,3,4,4,5,3,4,3,3,3,4,4,4,3,3,4,3,4,3,5,4,3,4,4,4,4,4,5,4,4,4,4,3,5,5,5,5,4,4,4,4,4,4,6,6,4,5,5,5,4,6,5,5,5,5,5,5,5,5,5,5,5,5,5,5,5,5,5,5,5,5,5,5,5,5,5,5,5,5,5,5,5,5,5,5,5,5,5,5,5,5,5,5,5,5,5,5,5,5,5,5,5,5,5,5,5,5,5,5,5,5,5,5,5,5
23,482,470,472,477,471,469,468,461,486,485,479,473,472,468,463,464,490,481,480,475,474,472,466,470,484,490,487,477,481,483,476,467,496,485,489,488,485,477,475,480,498,499,492,490,494,492,480,482,510,507,495,492,492,491,486,486,509,512,507,495,502,496,506,501,5,3,3,4,3,3,3,3,4,3,3,3,3,3,3,3,4,4,4,3,3,3,3,4,5,4,4,3,4,3,3,4,5,4,4,3,3,3,3,4,4,5,4,4,4,4,4,4,4,4,4,4,4,4,4,4,5,6,4,5,4,4,5,6,5,5,5,5,5,5,5,5,5,5,5,5,5,5,5,5,5,5,5,5,5,5,5,5,5,5,5,5,5,5,5,5,5,5,5,5,5,5,5,5,5,5,5,5,5,5,5,5,5,5,5,5,5,5,5,5,5,5,5,5,5,5,5,5
24,485,481,476,473,469,468,463,462,487,482,480,482,466,469,465,464,489,484,478,481,480,468,470,466,497,492,493,484,478,474,470,474,492,494,488,487,488,478,468,468,503,505,488,487,486,485,477,478,510,499,498,492,497,488,486,481,507,499,497,502,492,490,480,482,5,3,3,4,3,3,4,4,4,3,3,3,3,3,3,4,5,5,4,3,3,3,3,4,4,5,4,3,4,3,4,4,6,4,4,4,4,3,3,4,5,4,4,4,4,3,4,5,5,6,4,4,4,5,4,4,6,6,5,6,5,4,5,7,5,5,5,5,5,5,5,5,5,5,5,5,5,5,5,5,5,5,5,5,5,5,5,5,5,5,5,5,5,5,5,5,5,5,5,5,5,5,5,5,5,5,5,5,5,5,5,5,5,5,5,5,5,5,5,5,5,5,5,5,5,5,5,5
25,476,484,470,466,463,464,465,458,484,481,482,477,480,470,461,461,491,492,481,476,469,474,474,462,493,483,487,485,482,475,473,473,499,491,490,492,485,481,484,474,503,501,493,494,488,485,486,480,508,500,503,497,492,491,484,481,511,509,508,499,497,495,491,492,5,4,3,3,3,3,4,4,4,3,3,3,3,3,3,4,4,4,4,3,3,3,3,3,4,4,4,3,3,3,3,4,4,4,4,3,3,3,4,4,4,4,5,5,4,4,4,4,4,4,5,4,4,4,5,4,4,6,4,4,3,4,4,6,5,5,5,5,5,5,5,5,5,5,5,5,5,5,5,5,5,5,5,5,5,5,5,5,5,5,5,5,5,5,5,5,5,5,5,5,5,5,5,5,5,5,5,5,5,5,5,5,5,5,5,5,5,5,5,5,5,5,5,5,5,5,5,5
26,477,481,470,472,461,455,460,468,489,482,473,474,471,471,468,461,496,489,488,488,467,473,468,475,497,489,489,486,482,473,476,471,503,499,493,491,484,486,475,474,511,500,497,496,484,483,483,486,494,498,492,494,487,489,488,482,509,500,507,491,495,483,496,497,4,4,4,4,3,3,4,4,4,3,4,3,3,3,3,3,4,4,4,4,3,3,3,4,4,4,4,3,3,3,3,4,5,4,4,4,3,4,4,4,5,4,5,5,4,4,4,3,5,5,5,4,4,3,4,5,5,8,5,6,5,5,5,10,5,5,5,5,5,5,5,5,5,5,5,5,5,5,5,5,5,5,5,5,5,5,5,5,5,5,5,5,5,5,5,5,5,5,5,5,5,5,5,5,5,5,5,5,5,5,5,5,5,5,5,5,5,5,5,5,5,5,5,5,5,5,5,5
27,477,482,475,475,470,469,459,455,481,479,477,478,484,475,469,462,487,484,474,480,481,472,471,469,493,491,484,479,475,477,471,469,495,493,487,489,486,479,483,474,499,498,495,491,496,473,480,476,504,503,504,495,491,483,494,485,520,506,502,497,503,483,502,488,4,3,4,4,3,3,4,4,4,3,3,3,3,3,3,3,4,4,3,3,3,3,3,3,4,4,3,3,3,3,3,3,4,4,3,4,3,4,3,4,4,4,5,4,4,3,4,4,5,5,4,4,4,4,4,4,5,7,5,4,4,4,4,6,5,5,5,5,5,5,5,5,5,5,5,5,5,5,5,5,5,5,5,5,5,5,5,5,5,5,5,5,5,5,5,5,5,5,5,5,5,5,5,5,5,5,5,5,5,5,5,5,5,5,5,5,5,5,5,5,5,5,5,5,5,5,5,5
28,477,480,480,471,469,468,472,457,474,482,482,480,473,468,469,461,494,484,481,476,463,473,469,472,496,501,489,485,487,473,475,474,498,489,486,494,486,483,484,470,498,496,488,492,493,484,489,477,513,508,494,496,484,492,492,487,513,508,507,499,493,492,493,485,4,4,3,4,3,3,3,4,4,3,4,3,3,3,4,3,4,5,3,3,3,3,4,4,4,5,3,3,3,3,4,5,4,4,4,4,3,3,4,4,4,4,4,5,4,3,5,4,5,5,5,4,4,4,4,5,5,5,4,5,4,4,4,7,5,5,5,5,5,5,5,5,5,5,5,5,5,5,5,5,5,5,5,5,5,5,5,5,5,5,5,5,5,5,5,5,5,5,5,5,5,5,5,5,5,5,5,5,5,5,5,5,5,5,5,5,5,5,5,5,5,5,5,5,5,5,5,5
29,478,479,476,471,468,462,468,462,486,479,481,474,467,470,463,463,490,490,484,486,475,470,470,476,498,485,491,488,477,479,475,474,498,492,488,488,486,486,478,470,507,490,496,490,488,486,477,475,509,503,495,488,498,492,485,493,510,506,501,493,499,497,492,494,4,3,4,4,3,3,3,3,4,3,4,3,3,3,3,3,4,3,3,4,3,3,3,4,4,4,4,3,3,3,3,4,4,4,3,3,3,3,3,4,4,4,5,4,4,4,4,4,5,5,4,4,4,5,4,5,5,6,4,4,6,4,4,6,5,5,5,5,5,5,5,5,5,5,5,5,5,5,5,5,5,5,5,5,5,5,5,5,5,5,5,5,5,5,5,5,5,5,5,5,5,5,5,5,5,5,5,5,5,5,5,5,5,5,5,5,5,5,5,5,5,5,5,5,5,5,5,5
30,480,480,478,477,465,459,458,468,489,487,480,478,468,474,467,461,491,484,486,480,472,480,468,467,491,492,490,478,481,475,477,472,504,501,493,497,485,481,478,484,511,495,495,489,495,492,478,486,512,503,495,498,497,488,490,485,513,503,505,505,506,491,489,483,4,4,4,4,3,3,3,4,4,3,3,3,3,3,3,3,4,4,4,4,3,4,3,4,5,4,4,3,3,3,3,4,6,5,4,4,4,3,3,5,5,5,5,4,4,4,4,4,5,5,4,5,4,4,4,5,6,6,5,5,5,4,5,7,5,5,5,5,5,5,5,5,5,5,5,5,5,5,5,5,5,5,5,5,5,5,5,5,5,5,5,5,5,5,5,5,5,5,5,5,5,5,5,5,5,5,5,5,5,5,5,5,5,5,5,5,5,5,5,5,5,5,5,5,5,5,5,5
31,485,479,474,469,471,466,465,459,489,476,478,471,471,469,474,469,489,481,489,479,475,473,463,471,486,487,490,476,476,473,471,466,501,500,488,492,486,482,481,478,510,497,492,492,486,479,482,474,505,499,497,489,488,483,486,491,499,509,507,493,490,484,499,494,4,3,4,4,3,3,3,3,4,4,3,3,3,3,4,3,4,4,4,3,3,3,3,3,5,4,3,4,3,3,4,4,4,4,4,4,3,3,3,4,4,4,4,4,4,4,5,4,5,4,4,4,4,4,3,5,6,5,4,4,4,4,5,5,5,5,5,5,5,5,5,5,5,5,5,5,5,5,5,5,5,5,5,5,5,5,5,5,5,5,5,5,5,5,5,5,5,5,5,5,5,5,5,5,5,5,5,5,5,5,5,5,5,5,5,5,5,5,5,5,5,5,5,5,5,5,5,5
32,480,480,475,475,467,466,462,452,484,480,477,477,471,470,471,468,487,489,485,484,475,475,468,473,490,481,493,475,483,478,471,477,490,505,481,491,480,480,480,479,499,497,492,493,483,482,480,480,503,500,503,491,497,483,477,493,508,499,494,507,498,498,493,493,4,4,4,4,3,3,4,4,4,3,3,3,3,3,3,4,4,5,3,4,3,3,4,4,4,4,4,3,3,3,4,4,5,4,4,3,4,3,4,4,5,4,5,5,4,4,4,5,5,5,4,5,5,4,4,5,5,6,4,5,5,5,5,7,5,5,5,5,5,5,5,5,5,5,5,5,5,5,5,5,5,5,5,5,5,5,5,5,5,5,5,5,5,5,5,5,5,5,5,5,5,5,5,5,5,5,5,5,5,5,5,5,5,5,5,5,5,5,5,5,5,5,5,5,5,5,5,5
33,483,479,480,468,464,467,463,461,486,488,483,482,476,472,466,465,491,486,485,479,467,478,473,467,496,483,491,484,483,477,475,477,496,489,485,483,473,479,484,479,503,497,493,488,494,484,478,488,503,504,504,491,491,498,500,479,513,510,506,500,492,490,490,488,5,4,4,3,3,3,3,3,4,3,3,4,3,3,3,4,4,5,3,3,3,3,3,3,4,4,4,3,4,3,3,4,5,4,3,3,3,3,4,4,4,4,4,4,4,4,4,3,4,5,5,4,4,4,4,4,5,5,4,4,4,4,5,5,5,5,5,5,5,5,5,5,5,5,5,5,5,5,5,5,5,5,5,5,5,5,5,5,5,5,5,5,5,5,5,5,5,5,5,5,5,5,5,5,5,5,5,5,5,5,5,5,5,5,5,5,5,5,5,5,5,5,5,5,5,5,5,5
34,480,477,467,472,476,463,461,468,486,478,486,474,476,466,464,465,486,496,478,478,479,473,476,470,494,487,492,474,479,478,481,475,501,505,494,490,479,480,482,478,500,498,498,488,488,490,475,473,505,495,493,491,489,491,487,476,516,498,497,492,498,491,490,481,4,4,3,4,4,3,3,3,5,3,4,3,3,3,4,4,5,4,3,4,3,4,4,4,4,4,4,3,4,3,4,4,6,4,4,4,4,3,4,4,5,5,5,4,4,4,4,5,6,5,4,5,4,4,4,4,6,7,4,6,4,4,6,7,5,5,5,5,5,5,5,5,5,5,5,5,5,5,5,5,5,5,5,5,5,5,5,5,5,5,5,5,5,5,5,5,5,5,5,5,5,5,5,5,5,5,5,5,5,5,5,5,5,5,5,5,5,5,5,5,5,5,5,5,5,5,5,5
35,489,477,476,473,471,459,466,460,485,481,479,474,476,474,466,462,489,482,479,484,473,473,473,470,494,490,484,484,476,477,473,476,504,497,483,484,476,475,479,480,502,503,497,483,484,478,486,481,512,502,503,491,488,490,486,487,513,500,504,499,490,490,491,485,5,4,4,4,3,3,4,3,4,3,3,4,3,3,3,3,4,5,3,3,3,3,3,4,4,4,3,3,4,3,3,4,4,4,3,3,4,3,3,4,4,3,5,4,4,3,5,5,4,5,4,5,4,4,4,4,6,6,4,4,4,4,5,6,5,5,5,5,5,5,5,5,5,5,5,5,5,5,5,5,5,5,5,5,5,5,5,5,5,5,5,5,5,5,5,5,5,5,5,5,5,5,5,5,5,5,5,5,5,5,5,5,5,5,5,5,5,5,5,5,5,5,5,5,5,5,5,5
36,488,477,475,468,469,474,466,462,491,481,482,476,475,468,466,464,485,481,481,477,474,474,475,468,495,491,488,487,484,479,472,473,498,492,489,486,488,488,477,480,503,494,493,491,487,481,487,477,504,507,500,497,491,484,484,478,501,512,503,500,494,492,491,480,4,4,4,4,3,4,4,4,4,4,4,3,3,3,3,3,5,5,4,4,3,3,3,4,4,4,4,3,3,3,3,5,5,4,4,4,4,4,4,4,5,4,5,4,5,3,4,5,5,5,4,4,4,4,4,5,6,6,4,4,5,5,5,7,5,5,5,5,5,5,5,5,5,5,5,5,5,5,5,5,5,5,5,5,5,5,5,5,5,5,5,5,5,5,5,5,5,5,5,5,5,5,5,5,5,5,5,5,5,5,5,5,5,5,5,5,5,5,5,5,5,5,5,5,5,5,5,5
37,480,482,477,466,465,465,466,467,483,484,480,481,470,472,463,467,497,486,480,478,474,477,474,468,492,489,483,486,474,477,477,470,505,497,490,481,490,477,473,482,502,495,495,495,489,484,491,480,506,493,501,504,493,483,488,485,513,497,505,493,497,496,498,478,5,4,4,4,3,3,4,3,4,3,3,3,3,3,3,3,5,5,3,3,3,3,3,4,5,4,4,3,3,3,3,4,4,4,4,3,4,3,3,4,4,5,4,4,4,3,5,4,5,4,4,4,4,4,3,5,5,5,4,4,4,4,4,5,5,5,5,5,5,5,5,5,5,5,5,5,5,5,5,5,5,5,5,5,5,5,5,5,5,5,5,5,5,5,5,5,5,5,5,5,5,5,5,5,5,5,5,5,5,5,5,5,5,5,5,5,5,5,5,5,5,5,5,5,5,5,5,5
38,483,481,474,470,469,467,462,464,481,482,470,474,472,468,460,459,490,476,477,481,472,479,469,467,499,491,495,488,477,484,474,477,503,492,489,482,484,486,477,479,507,501,493,485,497,486,481,471,510,506,495,500,498,499,482,482,511,505,496,504,492,494,487,496,5,4,4,3,3,4,4,3,4,3,3,3,3,3,3,3,4,4,3,3,3,4,3,3,5,4,4,3,4,3,3,4,4,4,4,3,4,3,3,5,5,4,5,3,5,4,4,4,4,5,5,4,5,4,5,5,5,7,4,5,4,5,5,5,5,5,5,5,5,5,5,5,5,5,5,5,5,5,5,5,5,5,5,5,5,5,5,5,5,5,5,5,5,5,5,5,5,5,5,5,5,5,5,5,5,5,5,5,5,5,5,5,5,5,5,5,5,5,5,5,5,5,5,5,5,5,5,5
39,477,483,475,475,472,471,468,464,492,483,474,474,475,469,464,473,483,482,479,481,475,472,479,472,498,487,489,475,486,478,475,470,494,489,492,489,485,483,476,470,503,500,498,492,481,483,482,472,514,499,502,490,491,488,488,479,512,497,498,491,500,495,491,489,4,4,4,4,3,3,3,3,4,4,3,3,3,3,3,4,4,4,3,3,3,3,4,4,4,4,4,3,3,3,3,4,4,3,4,3,3,3,3,4,4,4,3,4,3,3,4,4,4,5,4,5,4,4,4,4,5,5,4,4,4,4,5,7,5,5,5,5,5,5,5,5,5,5,5,5,5,5,5,5,5,5,5,5,5,5,5,5,5,5,5,5,5,5,5,5,5,5,5,5,5,5,5,5,5,5,5,5,5,5,5,5,5,5,5,5,5,5,5,5,5,5,5,5,5,5,5,5
40,478,476,483,471,469,462,458,466,483,477,477,470,469,469,466,471,496,491,488,477,476,480,475,474,491,494,487,479,485,476,478,475,504,499,490,492,490,483,479,482,502,501,492,489,486,483,478,474,512,508,502,492,488,487,491,481,519,510,504,497,488,488,496,483,5,3,3,4,3,3,3,4,4,4,3,4,3,3,3,4,5,4,4,3,3,3,3,4,4,4,3,3,3,3,3,4,4,4,4,3,4,4,3,4,4,4,4,4,5,4,4,4,6,5,5,5,4,5,4,4,7,5,4,5,4,4,5,7,5,5,5,5,5,5,5,5,5,5,5,5,5,5,5,5,5,5,5,5,5,5,5,5,5,5,5,5,5,5,5,5,5,5,5,5,5,5,5,5,5,5,5,5,5,5,5,5,5,5,5,5,5,5,5,5,5,5,5,5,5,5,5,5
41,478,480,477,472,468,465,462,461,484,486,482,481,473,462,465,462,494,486,482,487,476,475,468,473,486,483,487,482,483,469,472,485,499,492,486,495,484,478,478,485,502,493,485,486,490,485,481,477,506,499,497,496,497,487,479,487,503,516,507,498,489,493,486,494,5,4,4,3,3,3,4,3,4,3,3,3,3,3,3,4,5,5,3,4,3,3,3,3,5,4,4,3,3,3,3,3,4,3,4,3,3,3,4,4,4,5,4,4,4,4,4,4,5,5,4,5,4,4,4,5,4,8,4,5,4,4,4,7,5,5,5,5,5,5,5,5,5,5,5,5,5,5,5,5,5,5,5,5,5,5,5,5,5,5,5,5,5,5,5,5,5,5,5,5,5,5,5,5,5,5,5,5,5,5,5,5,5,5,5,5,5,5,5,5,5,5,5,5,5,5,5,5
42,479,476,473,470,467,470,458,457,489,481,472,475,476,476,466,464,478,492,485,483,477,472,469,468,497,489,484,489,476,478,471,474,497,492,493,489,483,480,478,475,497,495,499,493,489,485,489,479,509,508,497,494,497,488,492,480,502,504,511,505,498,494,508,490,4,4,3,4,3,4,3,4,5,3,3,4,3,3,3,4,5,4,3,4,3,4,3,4,4,4,3,3,3,3,4,4,5,4,4,4,4,4,3,4,4,4,4,5,4,4,4,4,4,6,4,4,3,4,4,5,4,6,5,6,4,5,6,6,5,5,5,5,5,5,5,5,5,5,5,5,5,5,5,5,5,5,5,5,5,5,5,5,5,5,5,5,5,5,5,5,5,5,5,5,5,5,5,5,5,5,5,5,5,5,5,5,5,5,5,5,5,5,5,5,5,5,5,5,5,5,5,5
43,481,480,471,478,466,464,460,456,488,486,478,468,471,469,469,467,493,491,481,488,470,475,474,473,495,490,485,485,477,475,470,470,496,492,490,487,489,479,484,473,503,493,490,490,499,486,479,478,503,504,503,500,496,490,483,486,510,504,504,491,502,487,492,489,4,3,4,4,3,3,3,3,4,3,3,3,3,3,3,3,4,4,3,4,3,3,3,4,4,4,3,3,3,3,3,4,4,4,3,3,4,3,3,4,4,4,4,4,4,4,4,4,5,5,4,4,4,5,4,5,5,6,4,5,4,4,4,7,5,5,5,5,5,5,5,5,5,5,5,5,5,5,5,5,5,5,5,5,5,5,5,5,5,5,5,5,5,5,5,5,5,5,5,5,5,5,5,5,5,5,5,5,5,5,5,5,5,5,5,5,5,5,5,5,5,5,5,5,5,5,5,5
44,487,479,476,477,471,470,459,453,492,484,484,480,476,472,465,462,495,491,483,478,481,474,469,468,501,492,498,477,480,477,479,471,503,490,497,482,490,479,478,473,497,491,490,492,489,485,490,465,507,507,500,494,491,488,486,485,511,520,506,494,500,499,485,500,4,3,4,4,3,4,3,4,4,3,4,4,3,3,3,3,5,5,4,4,3,3,3,4,4,4,4,4,3,3,4,4,6,4,4,4,3,4,4,4,4,4,4,4,4,4,4,4,5,6,4,5,5,4,4,5,6,6,5,5,4,4,5,7,5,5,5,5,5,5,5,5,5,5,5,5,5,5,5,5,5,5,5,5,5,5,5,5,5,5,5,5,5,5,5,5,5,5,5,5,5,5,5,5,5,5,5,5,5,5,5,5,5,5,5,5,5,5,5,5,5,5,5,5,5,5,5,5
45,474,477,476,472,467,464,468,461,484,486,480,470,471,473,470,470,491,491,481,483,476,470,468,463,503,489,491,482,485,478,475,480,504,493,488,485,488,482,477,471,503,497,490,501,487,476,477,480,505,498,502,495,489,483,496,487,504,511,499,506,492,483,485,496,4,4,4,3,3,3,3,3,4,3,3,3,3,3,3,4,5,5,3,3,3,3,3,4,4,4,4,3,3,3,3,4,4,3,4,3,3,3,3,4,4,5,4,4,4,3,4,4,5,5,4,4,4,4,4,4,5,5,4,5,4,5,5,6,5,5,5,5,5,5,5,5,5,5,5,5,5,5,5,5,5,5,5,5,5,5,5,5,5,5,5,5,5,5,5,5,5,5,5,5,5,5,5,5,5,5,5,5,5,5,5,5,5,5,5,5,5,5,5,5,5,5,5,5,5,5,5,5
46,480,483,471,473,464,465,466,462,492,478,477,477,471,467,471,468,499,491,485,479,477,475,465,469,495,481,484,482,476,480,472,471,500,488,488,481,488,489,476,479,505,491,496,494,489,488,480,478,500,496,493,489,492,494,484,485,511,508,500,497,501,495,496,503,4,4,4,4,3,3,4,3,5,4,3,4,3,3,4,4,4,4,4,3,3,3,4,4,5,4,4,3,4,3,4,5,4,4,3,3,4,4,4,5,4,5,4,4,4,4,4,4,5,5,4,5,5,5,4,5,5,7,5,5,4,5,5,6,5,5,5,5,5,5,5,5,5,5,5,5,5,5,5,5,5,5,5,5,5,5,5,5,5,5,5,5,5,5,5,5,5,5,5,5,5,5,5,5,5,5,5,5,5,5,5,5,5,5,5,5,5,5,5,5,5,5,5,5,5,5,5,5
47,476,485,480,470,465,466,463,451,479,479,479,477,475,463,464,465,491,489,486,472,473,476,474,465,495,498,489,485,479,469,474,476,496,497,497,481,483,485,477,472,496,496,497,490,489,483,483,477,507,504,506,489,491,498,488,484,507,505,498,508,499,492,488,504,4,4,4,4,3,3,3,3,3,3,3,3,3,3,3,4,4,4,4,3,3,3,3,3,4,4,4,3,3,3,3,4,4,4,4,3,3,3,3,4,4,4,4,4,4,3,4,4,5,5,4,4,4,4,4,5,5,6,4,5,4,4,4,6,5,5,5,5,5,5,5,5,5,5,5,5,5,5,5,5,5,5,5,5,5,5,5,5,5,5,5,5,5,5,5,5,5,5,5,5,5,5,5,5,5,5,5,5,5,5,5,5,5,5,5,5,5,5,5,5,5,5,5,5,5,5,5,5
48,491,474,478,468,466,469,462,464,489,477,478,469,476,469,469,464,488,480,481,478,477,476,470,469,494,492,483,485,485,478,472,471,496,495,498,489,483,478,482,475,506,490,489,493,486,487,485,483,509,505,509,492,486,500,489,491,518,501,499,494,489,493,488,487,4,4,4,3,3,3,4,3,4,4,3,3,3,3,3,4,4,4,4,3,3,3,3,4,4,4,4,3,3,3,3,4,4,4,4,3,4,3,4,4,4,5,4,4,4,4,5,4,5,5,4,4,4,4,4,5,6,7,4,5,4,4,4,7,5,5,5,5,5,5,5,5,5,5,5,5,5,5,5,5,5,5,5,5,5,5,5,5,5,5,5,5,5,5,5,5,5,5,5,5,5,5,5,5,5,5,5,5,5,5,5,5,5,5,5,5,5,5,5,5,5,5,5,5,5,5,5,5
49,481,482,472,472,473,470,461,467,479,482,469,474,471,471,473,463,490,485,476,485,476,476,470,469,501,488,488,483,478,481,475,468,499,497,489,492,483,481,483,472,495,500,492,488,494,485,482,486,507,502,505,494,485,490,485,485,512,495,503,492,495,491,495,499,4,3,4,3,3,3,3,4,4,4,3,3,4,3,3,3,4,5,4,3,3,3,3,4,4,4,3,3,3,3,3,3,5,3,3,3,3,3,3,4,4,4,4,4,4,4,4,4,6,5,4,4,4,4,4,4,4,5,4,6,4,4,4,6,5,5,5,5,5,5,5,5,5,5,5,5,5,5,5,5,5,5,5,5,5,5,5,5,5,5,5,5,5,5,5,5,5,5,5,5,5,5,5,5,5,5,5,5,5,5,5,5,5,5,5,5,5,5,5,5,5,5,5,5,5,5,5,5
50,480,480,476,470,473,465,454,460,487,478,479,477,472,471,474,465,497,495,482,484,474,477,475,470,496,484,486,487,480,478,479,473,502,492,490,488,488,481,480,476,506,504,491,487,489,482,485,478,505,505,498,486,487,492,485,481,504,517,506,502,491,488,493,494,5,4,4,4,3,3,3,4,4,4,4,4,3,3,3,3,5,4,4,4,3,4,4,4,4,3,4,3,3,3,3,4,5,4,4,4,3,4,3,4,4,4,4,4,4,4,4,4,6,6,4,5,4,4,4,4,5,5,5,5,5,5,5,7,5,5,5,5,5,5,5,5,5,5,5,5,5,5,5,5,5,5,5,5,5,5,5,5,5,5,5,5,5,5,5,5,5,5,5,5,5,5,5,5,5,5,5,5,5,5,5,5,5,5,5,5,5,5,5,5,5,5,5,5,5,5,5,5
51,478,481,480,473,469,462,466,457,486,478,486,478,466,472,474,466,486,481,479,473,483,481,468,468,490,490,490,481,480,475,475,470,497,497,485,487,485,486,482,476,503,505,494,491,492,484,474,477,510,509,504,495,491,483,488,474,511,505,502,499,492,501,489,489,4,4,4,3,3,3,3,4,4,4,3,3,3,3,4,3,4,5,3,3,3,3,3,4,4,4,4,3,3,3,3,4,4,4,4,3,3,3,3,4,5,4,5,4,4,3,4,4,4,5,5,5,4,4,4,4,5,6,4,5,4,4,4,5,5,5,5,5,5,5,5,5,5,5,5,5,5,5,5,5,5,5,5,5,5,5,5,5,5,5,5,5,5,5,5,5,5,5,5,5,5,5,5,5,5,5,5,5,5,5,5,5,5,5,5,5,5,5,5,5,5,5,5,5,5,5,5,5
52,481,478,480,476,466,465,466,468,482,480,474,469,472,468,470,461,488,483,486,479,479,469,476,470,500,488,491,485,478,482,480,474,505,489,487,489,490,488,485,474,501,503,498,487,491,485,482,476,512,494,503,488,490,499,487,487,503,503,505,500,498,487,495,497,4,3,4,4,3,3,4,4,4,4,3,3,3,3,3,3,4,5,4,3,3,3,4,4,4,4,4,3,4,3,4,4,6,4,4,4,4,4,4,4,4,4,5,4,4,4,4,5,6,4,4,4,4,4,4,5,6,7,4,5,4,5,5,9,5,5,5,5,5,5,5,5,5,5,5,5,5,5,5,5,5,5,5,5,5,5,5,5,5,5,5,5,5,5,5,5,5,5,5,5,5,5,5,5,5,5,5,5,5,5,5,5,5,5,5,5,5,5,5,5,5,5,5,5,5,5,5,5
53,487,480,468,469,468,459,462,459,483,484,480,474,472,464,470,464,483,486,487,482,474,482,471,472,488,493,485,479,485,477,472,468,509,498,485,484,481,480,487,480,506,499,492,485,483,484,489,474,498,506,500,493,488,479,486,494,516,507,504,496,491,492,493,488,4,3,3,4,3,3,3,3,4,3,4,3,3,3,3,3,4,5,3,3,3,3,3,4,5,4,3,3,3,3,4,3,5,4,3,3,3,3,3,4,4,4,4,4,4,4,4,4,4,5,4,4,4,4,4,5,5,5,5,5,4,4,4,6,5,5,5,5,5,5,5,5,5,5,5,5,5,5,5,5,5,5,5,5,5,5,5,5,5,5,5,5,5,5,5,5,5,5,5,5,5,5,5,5,5,5,5,5,5,5,5,5,5,5,5,5,5,5,5,5,5,5,5,5,5,5,5,5
54,486,475,483,470,464,468,463,471,485,484,474,466,475,471,474,459,490,482,477,481,476,476,467,479,494,490,491,477,475,480,476,472,494,489,488,482,491,482,473,480,505,504,494,500,487,485,502,477,505,510,499,503,488,488,493,480,509,520,511,511,501,493,486,486,5,4,4,4,3,3,4,4,4,3,3,3,3,3,3,3,4,4,4,4,3,3,4,3,4,4,4,3,4,3,3,4,5,4,4,3,4,4,3,4,4,4,4,5,4,4,6,4,5,5,6,4,4,5,4,5,5,6,5,5,4,4,4,6,5,5,5,5,5,5,5,5,5,5,5,5,5,5,5,5,5,5,5,5,5,5,5,5,5,5,5,5,5,5,5,5,5,5,5,5,5,5,5,5,5,5,5,5,5,5,5,5,5,5,5,5,5,5,5,5,5,5,5,5,5,5,5,5
55,478,480,466,464,469,463,464,464,490,483,480,474,472,474,462,467,481,485,483,484,467,477,468,472,500,488,486,480,482,478,471,474,500,488,488,484,486,482,478,477,509,486,493,492,491,483,485,485,503,499,502,498,492,486,494,485,514,510,504,481,504,496,502,479,4,4,3,3,3,3,3,3,4,3,3,3,3,3,3,4,4,4,3,3,3,4,3,4,4,4,4,3,3,3,3,4,4,4,3,3,3,3,3,5,4,4,4,4,4,3,4,4,5,5,4,3,4,3,4,5,5,5,4,5,4,4,5,5,5,5,5,5,5,5,5,5,5,5,5,5,5,5,5,5,5,5,5,5,5,5,5,5,5,5,5,5,5,5,5,5,5,5,5,5,5,5,5,5,5,5,5,5,5,5,5,5,5,5,5,5,5,5,5,5,5,5,5,5,5,5,5,5
56,487,474,477,470,465,474,463,464,486,481,481,470,476,466,468,464,491,489,484,483,478,472,472,464,496,490,491,478,480,481,473,476,498,497,490,493,490,479,485,474,500,499,505,489,485,484,483,486,505,509,498,491,489,489,484,491,516,511,500,491,489,494,500,492,4,4,4,4,3,4,4,3,4,3,4,4,3,3,3,4,4,4,4,4,3,3,4,4,4,4,4,4,4,3,3,4,4,4,4,4,3,3,4,4,5,5,5,4,4,4,4,4,6,4,4,5,4,4,4,5,7,6,4,6,4,5,5,6,5,5,5,5,5,5,5,5,5,5,5,5,5,5,5,5,5,5,5,5,5,5,5,5,5,5,5,5,5,5,5,5,5,5,5,5,5,5,5,5,5,5,5,5,5,5,5,5,5,5,5,5,5,5,5,5,5,5,5,5,5,5,5,5
57,482,477,480,469,466,465,463,461,485,479,473,471,471,469,465,467,482,480,478,492,479,471,469,470,497,492,490,481,481,483,472,468,502,494,493,488,484,478,479,475,504,496,498,492,486,486,487,476,501,502,498,499,493,491,482,484,512,508,508,499,490,501,482,497,4,3,3,4,3,3,3,4,4,3,3,3,3,3,3,4,4,5,3,4,3,3,3,3,4,4,4,3,3,3,3,4,4,4,3,3,3,3,3,4,4,4,4,4,4,3,4,4,5,5,4,4,4,4,4,4,4,7,4,5,4,4,5,5,5,5,5,5,5,5,5,5,5,5,5,5,5,5,5,5,5,5,5,5,5,5,5,5,5,5,5,5,5,5,5,5,5,5,5,5,5,5,5,5,5,5,5,5,5,5,5,5,5,5,5,5,5,5,5,5,5,5,5,5,5,5,5,5
58,480,484,480,476,468,456,464,465,482,482,484,472,471,467,461,463,490,498,479,478,474,482,476,473,485,488,492,480,482,480,473,473,503,495,493,486,485,486,476,476,512,496,499,506,485,487,490,478,504,492,505,494,489,485,480,493,507,515,507,501,486,491,487,497,5,4,4,4,3,3,4,3,4,3,4,3,3,3,3,4,4,4,4,4,3,3,4,3,5,4,4,3,3,3,3,4,4,4,4,4,3,3,3,4,4,5,4,3,4,4,5,5,5,5,4,5,4,4,4,6,7,5,4,5,4,4,4,9,5,5,5,5,5,5,5,5,5,5,5,5,5,5,5,5,5,5,5,5,5,5,5,5,5,5,5,5,5,5,5,5,5,5,5,5,5,5,5,5,5,5,5,5,5,5,5,5,5,5,5,5,5,5,5,5,5,5,5,5,5,5,5,5
59,485,477,475,470,466,471,462,472,484,483,491,480,485,469,470,464,486,494,483,481,480,479,473,468,493,485,486,482,482,481,480,469,504,494,498,487,488,482,479,473,505,490,495,490,492,494,484,477,499,504,504,495,493,494,486,488,498,499,508,505,501,489,492,488,4,3,4,4,3,3,4,4,4,3,4,4,3,3,3,3,4,4,4,3,3,3,3,4,4,4,4,3,3,3,3,4,4,4,4,3,3,3,3,4,4,4,4,4,4,4,4,4,4,5,4,4,4,5,4,4,5,6,4,5,4,4,5,6,5,5,5,5,5,5,5,5,5,5,5,5,5,5,5,5,5,5,5,5,5,5,5,5,5,5,5,5,5,5,5,5,5,5,5,5,5,5,5,5,5,5,5,5,5,5,5,5,5,5,5,5,5,5,5,5,5,5,5,5,5,5,5,5
60,482,478,481,469,470,465,460,455,486,485,478,477,471,474,471,464,494,495,477,482,478,478,464,468,496,490,491,486,473,476,476,473,498,499,487,487,484,486,481,476,502,499,485,492,487,484,483,482,508,499,503,500,486,496,492,493,510,504,502,502,486,494,491,499,4,4,4,4,3,3,4,4,4,3,3,3,3,3,4,4,4,4,3,4,3,4,3,3,4,4,4,3,3,3,4,4,4,4,4,4,3,4,4,4,4,5,4,4,4,4,4,4,5,4,4,4,4,4,4,5,5,6,5,6,4,5,5,6,5,5,5,5,5,5,5,5,5,5,5,5,5,5,5,5,5,5,5,5,5,5,5,5,5,5,5,5,5,5,5,5,5,5,5,5,5,5,5,5,5,5,5,5,5,5,5,5,5,5,5,5,5,5,5,5,5,5,5,5,5,5,5,5
61,479,479,477,472,465,477,465,456,487,477,481,475,462,470,465,463,488,483,484,477,476,477,466,470,488,481,488,485,475,476,482,468,498,491,492,490,483,469,481,476,498,496,486,485,494,491,482,482,505,507,494,504,491,484,491,489,514,506,500,504,503,483,490,485,4,4,4,4,3,4,4,4,4,3,3,3,3,3,3,3,4,5,3,3,3,3,3,4,4,3,4,3,3,3,3,4,4,4,3,3,3,3,3,4,3,5,4,4,4,4,4,4,4,5,4,4,4,4,4,5,5,6,4,5,4,5,4,7,5,5,5,5,5,5,5,5,5,5,5,5,5,5,5,5,5,5,5,5,5,5,5,5,5,5,5,5,5,5,5,5,5,5,5,5,5,5,5,5,5,5,5,5,5,5,5,5,5,5,5,5,5,5,5,5,5,5,5,5,5,5,5,5
62,475,473,472,473,468,471,457,465,485,477,481,474,476,478,466,460,485,490,479,485,465,474,471,476,487,489,486,482,486,482,476,473,506,503,494,481,475,473,486,477,499,501,496,482,492,490,479,479,496,497,501,493,488,484,489,483,502,502,504,511,496,495,490,485,4,3,4,4,3,3,3,4,4,4,3,3,3,3,3,3,4,4,4,3,3,3,4,3,5,4,4,3,3,3,4,4,5,5,4,3,4,4,4,5,5,4,5,4,4,4,5,5,5,5,5,4,4,4,4,5,4,5,4,5,5,4,5,6,5,5,5,5,5,5,5,5,5,5,5,5,5,5,5,5,5,5,5,5,5,5,5,5,5,5,5,5,5,5,5,5,5,5,5,5,5,5,5,5,5,5,5,5,5,5,5,5,5,5,5,5,5,5,5,5,5,5,5,5,5,5,5,5
63,482,479,473,475,465,463,464,465,492,483,483,473,468,468,469,466,492,492,484,480,475,474,473,466,497,492,486,483,481,479,477,477,502,494,484,486,483,484,485,474,494,498,490,488,489,486,488,481,503,485,504,494,491,482,491,490,508,494,495,506,497,489,487,493,4,3,3,4,3,3,3,3,4,3,3,3,4,3,3,4,4,4,3,3,3,3,3,3,5,4,4,3,3,3,3,4,4,4,3,3,3,3,4,4,4,3,4,4,4,3,4,4,5,6,4,5,4,4,4,5,5,5,4,5,4,5,4,5,5,5,5,5,5,5,5,5,5,5,5,5,5,5,5,5,5,5,5,5,5,5,5,5,5,5,5,5,5,5,5,5,5,5,5,5,5,5,5,5,5,5,5,5,5,5,5,5,5,5,5,5,5,5,5,5,5,5,5,5,5,5,5,5
64,484,476,475,465,472,469,463,465,484,482,480,472,469,468,466,466,490,493,479,478,474,473,461,467,497,491,492,481,479,483,473,469,494,491,489,485,483,490,480,484,500,501,497,498,497,494,488,476,510,498,498,493,491,482,488,487,513,502,503,504,500,503,487,479,5,4,4,4,3,3,4,3,4,3,4,3,3,3,3,4,5,4,4,4,3,4,3,4,5,4,4,4,3,3,4,4,5,4,3,4,3,4,4,4,4,4,5,5,4,4,4,5,6,5,4,5,5,4,4,4,6,6,4,5,4,6,4,6,5,5,5,5,5,5,5,5,5,5,5,5,5,5,5,5,5,5,5,5,5,5,5,5,5,5,5,5,5,5,5,5,5,5,5,5,5,5,5,5,5,5,5,5,5,5,5,5,5,5,5,5,5,5,5,5,5,5,5,5,5,5,5,5
65,486,477,478,474,470,471,465,462,484,490,480,475,474,470,466,461,484,489,477,483,482,461,471,462,488,493,496,483,485,480,473,474,495,494,499,481,485,482,481,478,501,500,492,495,491,487,483,480,509,501,499,497,488,493,489,480,511,511,505,503,499,490,487,485,4,3,4,4,3,4,4,3,4,3,3,3,3,3,3,3,4,4,3,3,3,3,3,3,5,3,4,3,3,3,3,4,5,4,4,3,3,3,3,4,4,4,4,4,4,3,4,4,5,5,4,5,4,4,4,5,5,6,4,4,5,4,5,6,5,5,5,5,5,5,5,5,5,5,5,5,5,5,5,5,5,5,5,5,5,5,5,5,5,5,5,5,5,5,5,5,5,5,5,5,5,5,5,5,5,5,5,5,5,5,5,5,5,5,5,5,5,5,5,5,5,5,5,5,5,5,5,5
66,475,482,468,475,473,469,465,465,483,484,480,475,473,470,470,460,487,491,483,479,474,474,470,471,492,492,491,482,479,481,480,474,508,491,494,490,493,484,483,472,496,497,493,494,494,484,486,476,507,513,489,498,488,495,472,489,515,504,503,489,500,492,499,486,4,3,3,4,3,3,4,4,4,3,4,4,3,3,3,4,4,4,4,3,3,4,4,4,4,5,4,3,3,3,4,4,4,3,4,3,3,3,4,5,4,5,5,4,4,4,4,4,6,5,4,4,4,4,5,5,5,6,4,4,4,4,4,6,5,5,5,5,5,5,5,5,5,5,5,5,5,5,5,5,5,5,5,5,5,5,5,5,5,5,5,5,5,5,5,5,5,5,5,5,5,5,5,5,5,5,5,5,5,5,5,5,5,5,5,5,5,5,5,5,5,5,5,5,5,5,5,5
67,471,480,474,473,471,463,463,463,484,478,478,471,481,466,467,466,491,482,478,471,474,471,476,465,494,488,486,482,485,479,470,477,500,490,490,483,481,481,478,474,499,499,490,490,489,491,481,483,505,504,487,502,494,490,496,487,518,497,502,491,495,489,491,493,4,3,4,4,3,3,3,3,4,3,3,3,3,3,3,3,4,5,4,3,3,3,3,4,4,4,3,3,3,3,3,4,5,4,3,3,4,3,4,4,4,5,4,4,4,4,4,4,4,6,4,5,4,4,4,5,5,6,4,4,5,4,4,7,5,5,5,5,5,5,5,5,5,5,5,5,5,5,5,5,5,5,5,5,5,5,5,5,5,5,5,5,5,5,5,5,5,5,5,5,5,5,5,5,5,5,5,5,5,5,5,5,5,5,5,5,5,5,5,5,5,5,5,5,5,5,5,5
68,482,477,475,479,472,474,460,457,491,475,479,475,470,464,461,469,487,479,485,475,480,471,472,476,489,497,491,481,479,476,474,469,491,501,481,493,485,485,474,469,506,507,495,495,494,489,480,478,508,498,498,496,499,488,492,488,516,497,497,500,501,495,488,483,5,4,3,4,3,4,4,3,4,4,4,3,3,3,3,4,4,5,3,3,3,3,3,4,4,4,4,3,3,3,3,4,4,4,3,4,3,4,4,4,5,4,5,5,5,4,4,5,6,5,4,4,5,5,4,5,5,7,4,5,5,4,5,6,5,5,5,5,5,5,5,5,5,5,5,5,5,5,5,5,5,5,5,5,5,5,5,5,5,5,5,5,5,5,5,5,5,5,5,5,5,5,5,5,5,5,5,5,5,5,5,5,5,5,5,5,5,5,5,5,5,5,5,5,5,5,5,5
69,485,480,475,469,470,464,467,463,482,480,482,475,471,475,465,458,495,486,485,486,474,473,475,476,498,485,480,488,484,477,471,473,495,498,484,484,482,480,484,476,501,483,488,500,491,489,480,481,497,500,495,495,490,488,487,488,507,519,504,495,489,500,490,493,5,3,4,3,3,3,3,3,4,3,3,3,3,3,3,3,4,4,4,3,3,3,4,3,4,4,4,3,3,3,3,4,4,4,3,3,3,3,3,4,4,4,4,4,4,4,4,4,4,6,4,4,4,4,4,4,5,5,4,4,4,4,4,6,5,5,5,5,5,5,5,5,5,5,5,5,5,5,5,5,5,5,5,5,5,5,5,5,5,5,5,5,5,5,5,5,5,5,5,5,5,5,5,5,5,5,5,5,5,5,5,5,5,5,5,5,5,5,5,5,5,5,5,5,5,5,5,5
70,480,480,469,475,471,466,462,463,487,481,483,478,475,468,466,469,489,491,482,480,481,481,467,462,502,490,483,482,477,480,481,462,499,500,489,488,486,482,482,466,504,497,488,494,496,483,477,481,504,498,494,486,484,488,481,493,512,505,504,503,502,499,488,501,4,4,4,4,3,4,4,4,4,4,3,4,3,3,3,4,5,4,4,3,3,3,4,3,4,4,4,3,4,3,4,4,5,4,4,4,3,3,3,4,4,4,4,4,4,3,5,3,5,5,4,4,4,4,5,5,6,7,5,6,4,4,4,6,5,5,5,5,5,5,5,5,5,5,5,5,5,5,5,5,5,5,5,5,5,5,5,5,5,5,5,5,5,5,5,5,5,5,5,5,5,5,5,5,5,5,5,5,5,5,5,5,5,5,5,5,5,5,5,5,5,5,5,5,5,5,5,5
71,482,480,474,470,466,465,465,466,486,488,473,476,468,471,469,461,487,480,477,482,472,479,466,464,478,490,486,478,482,479,475,475,499,493,487,483,487,481,476,474,506,499,490,493,491,478,482,482,500,504,497,499,485,487,487,484,525,512,497,511,494,490,489,490,4,3,4,4,3,3,3,3,4,3,3,3,4,3,3,4,4,4,3,4,3,3,3,4,4,4,3,3,4,3,4,4,4,4,3,3,3,3,3,4,5,5,4,4,4,4,4,3,4,6,4,5,4,4,4,5,7,6,4,6,5,4,4,6,5,5,5,5,5,5,5,5,5,5,5,5,5,5,5,5,5,5,5,5,5,5,5,5,5,5,5,5,5,5,5,5,5,5,5,5,5,5,5,5,5,5,5,5,5,5,5,5,5,5,5,5,5,5,5,5,5,5,5,5,5,5,5,5
72,478,473,473,474,471,468,463,461,495,484,480,472,475,464,463,462,492,483,484,485,476,474,474,470,491,497,490,484,479,473,480,473,502,495,489,488,488,481,476,478,500,501,499,492,485,480,481,481,494,509,503,489,493,480,479,480,510,500,505,502,502,495,490,498,5,4,4,4,3,3,3,4,4,3,3,3,3,3,3,3,4,5,4,4,3,3,4,4,4,4,4,3,3,3,4,4,5,5,4,3,4,3,4,4,5,5,4,4,5,4,5,4,5,6,5,5,4,4,5,4,6,6,4,5,4,4,4,6,5,5,5,5,5,5,5,5,5,5,5,5,5,5,5,5,5,5,5,5,5,5,5,5,5,5,5,5,5,5,5,5,5,5,5,5,5,5,5,5,5,5,5,5,5,5,5,5,5,5,5,5,5,5,5,5,5,5,5,5,5,5,5,5
73,488,477,476,472,466,468,462,456,476,475,473,475,475,468,467,461,492,487,491,489,479,464,466,463,502,494,487,480,480,475,473,470,491,489,489,484,490,480,477,474,501,498,497,492,489,491,486,475,508,502,502,488,491,487,499,494,512,512,502,501,498,490,503,497,5,4,4,4,3,3,3,4,3,4,3,3,3,3,3,4,5,4,4,4,3,3,3,3,5,4,3,3,3,3,3,4,5,4,3,4,3,3,3,4,4,5,4,4,4,4,4,4,5,5,4,5,4,4,4,6,5,6,4,4,4,5,5,5,5,5,5,5,5,5,5,5,5,5,5,5,5,5,5,5,5,5,5,5,5,5,5,5,5,5,5,5,5,5,5,5,5,5,5,5,5,5,5,5,5,5,5,5,5,5,5,5,5,5,5,5,5,5,5,5,5,5,5,5,5,5,5,5
74,481,474,477,467,468,465,460,465,484,475,485,478,474,476,475,467,486,484,481,483,477,470,468,473,486,496,489,486,479,479,476,471,492,495,487,481,488,486,475,475,503,497,498,493,495,487,479,484,503,502,495,499,498,489,492,492,505,516,504,496,495,493,491,485,5,3,4,4,3,3,4,4,4,4,4,3,3,3,3,3,6,5,4,4,3,3,3,4,5,4,4,3,3,3,3,4,4,4,4,3,3,3,4,4,5,5,4,4,4,4,4,4,5,5,4,5,5,4,4,6,6,5,5,4,5,4,5,7,5,5,5,5,5,5,5,5,5,5,5,5,5,5,5,5,5,5,5,5,5,5,5,5,5,5,5,5,5,5,5,5,5,5,5,5,5,5,5,5,5,5,5,5,5,5,5,5,5,5,5,5,5,5,5,5,5,5,5,5,5,5,5,5
75,480,477,474,469,465,469,457,466,487,482,482,482,472,463,465,460,489,486,482,479,478,476,473,468,493,484,486,477,480,478,479,473,495,485,491,489,483,475,472,474,500,497,489,490,491,487,484,477,513,499,493,496,488,485,489,492,508,504,500,501,499,492,492,490,4,3,4,3,3,3,3,4,3,3,3,4,3,3,3,3,4,5,3,3,3,3,4,4,4,3,3,3,4,3,3,4,4,3,3,3,3,3,3,4,4,5,4,4,4,3,4,4,4,5,5,5,4,4,4,4,5,5,4,5,4,4,4,7,5,5,5,5,5,5,5,5,5,5,5,5,5,5,5,5,5,5,5,5,5,5,5,5,5,5,5,5,5,5,5,5,5,5,5,5,5,5,5,5,5,5,5,5,5,5,5,5,5,5,5,5,5,5,5,5,5,5,5,5,5,5,5,5
76,484,481,474,473,467,462,467,465,482,479,478,474,473,468,464,469,486,488,484,474,473,472,465,465,500,492,494,476,476,475,474,469,502,494,492,484,483,486,483,482,500,490,490,495,477,484,478,473,507,505,495,491,483,485,499,484,510,513,501,492,496,497,493,490,4,4,4,4,3,3,4,4,4,4,3,3,3,3,3,3,4,4,4,4,3,4,3,4,5,4,4,3,4,4,4,4,5,4,4,4,4,4,4,5,5,4,4,4,4,4,4,4,6,5,5,5,4,5,5,4,6,8,4,5,4,4,5,6,5,5,5,5,5,5,5,5,5,5,5,5,5,5,5,5,5,5,5,5,5,5,5,5,5,5,5,5,5,5,5,5,5,5,5,5,5,5,5,5,5,5,5,5,5,5,5,5,5,5,5,5,5,5,5,5,5,5,5,5,5,5,5,5
77,477,481,476,469,466,465,462,452,486,486,485,473,474,470,474,472,488,490,477,475,478,475,468,474,489,489,482,482,486,484,471,470,500,495,490,490,483,489,481,479,494,501,488,501,484,482,476,486,508,506,491,503,493,489,488,488,502,495,505,504,489,490,485,487,4,4,4,4,3,3,3,4,4,3,3,3,3,3,3,3,4,5,3,3,3,3,3,3,4,3,4,3,3,3,3,4,4,4,3,3,3,3,3,3,4,5,4,5,4,4,4,4,5,5,5,4,4,3,5,5,5,6,4,5,4,5,5,6,5,5,5,5,5,5,5,5,5,5,5,5,5,5,5,5,5,5,5,5,5,5,5,5,5,5,5,5,5,5,5,5,5,5,5,5,5,5,5,5,5,5,5,5,5,5,5,5,5,5,5,5,5,5,5,5,5,5,5,5,5,5,5,5
78,477,480,473,474,469,468,461,469,485,487,473,476,470,470,462,461,494,485,486,485,476,476,464,472,495,486,487,481,477,476,481,463,501,496,485,488,480,480,476,474,504,496,496,497,492,486,479,481,507,494,504,501,499,487,492,482,515,506,500,501,490,483,495,484,4,3,4,4,3,4,4,4,4,3,4,3,3,3,3,3,5,4,4,4,3,4,3,4,4,4,4,3,3,3,4,4,5,4,3,3,3,3,4,4,5,4,4,5,5,4,4,5,5,5,4,4,4,5,4,4,5,5,4,5,5,5,5,6,5,5,5,5,5,5,5,5,5,5,5,5,5,5,5,5,5,5,5,5,5,5,5,5,5,5,5,5,5,5,5,5,5,5,5,5,5,5,5,5,5,5,5,5,5,5,5,5,5,5,5,5,5,5,5,5,5,5,5,5,5,5,5,5
79,486,482,479,473,464,463,461,465,495,472,481,474,477,470,465,466,488,486,488,487,479,469,470,465,496,488,483,476,479,475,473,474,501,499,484,485,485,484,481,482,500,502,484,489,482,491,476,482,508,507,500,492,490,490,487,484,519,503,500,507,504,493,492,486,4,4,4,4,3,3,3,3,4,3,4,3,3,3,3,3,5,4,3,3,3,3,4,4,4,4,4,3,4,3,3,4,4,4,3,3,3,4,4,5,4,4,4,4,4,4,4,3,4,5,4,5,4,4,5,4,5,6,4,5,4,4,4,6,5,5,5,5,5,5,5,5,5,5,5,5,5,5,5,5,5,5,5,5,5,5,5,5,5,5,5,5,5,5,5,5,5,5,5,5,5,5,5,5,5,5,5,5,5,5,5,5,5,5,5,5,5,5,5,5,5,5,5,5,5,5,5,5
80,489,481,478,478,468,468,464,463,486,479,480,471,478,471,467,461,484,481,476,487,472,474,473,466,495,490,491,485,477,477,475,470,503,494,495,488,488,482,478,477,499,495,494,492,488,483,483,478,499,508,499,489,487,492,495,494,519,515,502,500,495,496,500,486,5,4,3,4,3,3,4,4,4,3,4,4,3,3,3,3,4,5,4,4,3,3,3,4,4,4,4,3,3,3,4,4,5,5,4,3,3,3,4,4,5,4,4,4,4,4,4,4,4,5,6,5,4,4,4,5,6,6,5,5,5,5,6,5,5,5,5,5,5,5,5,5,5,5,5,5,5,5,5,5,5,5,5,5,5,5,5,5,5,5,5,5,5,5,5,5,5,5,5,5,5,5,5,5,5,5,5,5,5,5,5,5,5,5,5,5,5,5,5,5,5,5,5,5,5,5,5,5
81,482,474,481,472,471,462,465,468,486,483,470,471,473,469,466,461,489,492,486,479,478,469,474,464,485,486,489,478,484,476,472,472,499,491,489,491,489,482,475,479,494,500,495,499,494,480,478,486,513,501,498,498,496,486,489,486,511,504,505,496,494,493,486,487,4,3,4,3,3,3,3,4,3,3,3,3,3,3,3,3,4,4,4,3,3,3,3,4,4,4,4,3,3,3,3,4,4,4,4,3,3,4,3,4,4,5,4,4,4,3,4,4,4,4,4,4,4,4,4,5,5,6,4,4,4,4,4,7,5,5,5,5,5,5,5,5,5,5,5,5,5,5,5,5,5,5,5,5,5,5,5,5,5,5,5,5,5,5,5,5,5,5,5,5,5,5,5,5,5,5,5,5,5,5,5,5,5,5,5,5,5,5,5,5,5,5,5,5,5,5,5,5
82,482,475,473,467,470,472,469,471,494,481,477,480,477,470,469,466,487,491,483,486,474,472,473,465,500,483,488,486,482,478,478,473,507,493,491,493,483,482,480,477,500,497,495,494,484,490,479,484,501,494,499,486,494,493,489,484,509,500,503,498,498,493,503,483,5,4,4,4,3,4,3,4,5,3,3,4,3,3,3,4,4,4,4,4,3,3,3,4,4,4,4,3,4,3,3,4,5,4,4,4,4,3,4,4,4,5,5,4,4,4,5,5,5,5,4,5,4,5,5,5,6,6,4,5,4,5,5,6,5,5,5,5,5,5,5,5,5,5,5,5,5,5,5,5,5,5,5,5,5,5,5,5,5,5,5,5,5,5,5,5,5,5,5,5,5,5,5,5,5,5,5,5,5,5,5,5,5,5,5,5,5,5,5,5,5,5,5,5,5,5,5,5
83,479,476,475,471,462,463,461,464,489,484,477,468,476,465,471,468,478,483,480,479,475,470,470,473,495,490,475,480,478,474,474,475,495,489,492,488,483,480,487,474,493,502,497,500,492,480,473,476,500,501,499,493,487,487,486,481,507,497,504,502,506,492,493,491,4,3,4,4,3,3,3,3,4,3,3,3,3,3,4,3,4,5,3,3,3,3,3,3,4,4,3,3,3,3,4,4,4,4,4,3,3,3,4,4,4,4,4,4,4,3,4,4,5,5,4,5,4,4,4,4,4,5,4,5,4,4,4,7,5,5,5,5,5,5,5,5,5,5,5,5,5,5,5,5,5,5,5,5,5,5,5,5,5,5,5,5,5,5,5,5,5,5,5,5,5,5,5,5,5,5,5,5,5,5,5,5,5,5,5,5,5,5,5,5,5,5,5,5,5,5,5,5
84,477,474,473,476,468,470,463,466,489,485,475,475,476,465,471,462,495,483,485,473,477,469,469,471,504,491,486,481,481,482,473,466,495,498,495,488,482,481,470,469,495,505,500,484,489,487,479,481,516,506,510,489,492,490,490,484,505,511,498,503,493,496,502,482,4,4,4,4,3,3,3,4,4,3,3,4,3,3,4,3,5,5,4,3,3,3,3,4,4,4,4,3,3,3,3,4,4,3,4,4,3,3,4,4,4,6,5,4,4,4,4,4,4,6,5,5,4,4,4,5,5,6,4,6,4,4,5,6,5,5,5,5,5,5,5,5,5,5,5,5,5,5,5,5,5,5,5,5,5,5,5,5,5,5,5,5,5,5,5,5,5,5,5,5,5,5,5,5,5,5,5,5,5,5,5,5,5,5,5,5,5,5,5,5,5,5,5,5,5,5,5,5
85,481,481,482,469,463,464,458,460,484,482,476,480,474,464,464,462,488,488,478,482,477,475,474,466,490,485,485,483,484,481,476,474,497,494,484,490,486,483,472,476,500,491,500,488,488,481,477,476,499,511,496,502,499,492,488,484,521,504,499,499,498,494,494,488,4,3,3,4,3,3,4,3,4,3,3,3,3,3,4,3,4,5,3,3,3,3,4,4,5,4,3,3,3,3,3,4,4,4,4,3,3,4,3,4,4,4,4,4,4,3,4,4,5,6,4,4,4,4,4,4,5,5,4,5,4,4,4,7,5,5,5,5,5,5,5,5,5,5,5,5,5,5,5,5,5,5,5,5,5,5,5,5,5,5,5,5,5,5,5,5,5,5,5,5,5,5,5,5,5,5,5,5,5,5,5,5,5,5,5,5,5,5,5,5,5,5,5,5,5,5,5,5
86,477,482,482,474,467,470,464,467,485,480,483,475,471,464,470,463,489,495,478,483,476,473,475,466,493,492,485,485,477,476,478,471,501,485,497,490,482,483,481,479,498,499,487,494,482,490,482,478,511,501,483,490,496,494,482,491,516,500,506,495,495,494,494,485,4,4,3,4,3,3,4,4,4,4,4,3,3,3,4,4,5,4,4,4,3,4,4,4,5,4,3,3,4,3,4,4,4,4,4,3,4,4,3,4,4,4,4,4,4,4,4,4,4,5,4,5,5,4,5,5,6,6,4,5,5,4,5,6,5,5,5,5,5,5,5,5,5,5,5,5,5,5,5,5,5,5,5,5,5,5,5,5,5,5,5,5,5,5,5,5,5,5,5,5,5,5,5,5,5,5,5,5,5,5,5,5,5,5,5,5,5,5,5,5,5,5,5,5,5,5,5,5
87,484,488,477,466,471,464,462,459,493,487,482,470,471,464,467,458,491,494,481,484,475,477,468,472,497,493,488,486,473,477,474,463,500,501,491,492,486,483,474,478,502,494,497,489,489,486,486,489,496,502,495,488,485,491,491,484,503,494,496,507,504,495,497,487,4,3,4,3,3,3,4,3,4,3,3,3,3,3,3,3,4,4,3,4,3,3,3,4,4,4,4,3,3,3,3,3,5,5,4,3,3,3,3,4,4,4,4,4,4,3,4,4,5,5,4,4,4,4,5,4,5,5,4,5,4,4,4,6,5,5,5,5,5,5,5,5,5,5,5,5,5,5,5,5,5,5,5,5,5,5,5,5,5,5,5,5,5,5,5,5,5,5,5,5,5,5,5,5,5,5,5,5,5,5,5,5,5,5,5,5,5,5,5,5,5,5,5,5,5,5,5,5
88,477,479,470,474,469,464,466,470,488,485,476,473,476,470,468,467,486,492,484,482,476,469,464,460,497,495,490,481,476,476,488,476,501,498,491,492,485,475,484,474,502,499,502,491,490,482,491,487,506,496,496,491,491,486,492,482,525,503,507,491,504,498,490,488,4,4,3,4,3,3,4,4,4,3,3,3,3,3,3,3,4,4,4,3,3,4,4,4,4,4,4,3,4,3,4,4,5,4,3,4,3,3,4,5,4,4,3,4,4,4,5,4,6,5,4,5,4,4,4,5,6,7,4,5,4,5,5,7,5,5,5,5,5,5,5,5,5,5,5,5,5,5,5,5,5,5,5,5,5,5,5,5,5,5,5,5,5,5,5,5,5,5,5,5,5,5,5,5,5,5,5,5,5,5,5,5,5,5,5,5,5,5,5,5,5,5,5,5,5,5,5,5
89,481,480,473,473,466,466,471,467,486,482,476,475,480,464,463,470,492,491,489,478,472,472,468,464,491,485,484,477,482,476,473,473,498,495,494,489,479,483,472,479,500,505,490,489,490,478,474,482,512,498,494,495,488,498,491,484,515,511,499,493,501,496,493,487,4,4,4,4,3,3,3,4,3,4,3,3,3,3,3,3,4,4,4,3,3,3,3,3,4,4,4,4,3,3,3,4,4,4,4,3,3,3,3,4,4,4,4,4,4,4,4,4,4,4,5,4,4,4,4,4,6,5,4,5,4,4,5,7,5,5,5,5,5,5,5,5,5,5,5,5,5,5,5,5,5,5,5,5,5,5,5,5,5,5,5,5,5,5,5,5,5,5,5,5,5,5,5,5,5,5,5,5,5,5,5,5,5,5,5,5,5,5,5,5,5,5,5,5,5,5,5,5
90,484,476,466,472,476,467,462,461,484,483,480,474,465,465,470,472,488,490,484,487,476,470,468,464,498,482,494,481,475,476,473,477,495,487,482,487,483,482,482,467,512,490,495,496,495,482,487,480,502,512,493,489,494,488,489,480,507,512,509,494,495,489,493,476,5,4,3,4,3,3,4,4,4,3,4,3,4,3,4,3,4,4,4,4,3,3,3,4,4,3,4,3,4,4,4,4,4,4,4,3,3,4,4,4,5,5,4,4,5,4,4,4,5,5,4,4,4,4,4,4,5,5,5,5,4,5,5,6,5,5,5,5,5,5,5,5,5,5,5,5,5,5,5,5,5,5,5,5,5,5,5,5,5,5,5,5,5,5,5,5,5,5,5,5,5,5,5,5,5,5,5,5,5,5,5,5,5,5,5,5,5,5,5,5,5,5,5,5,5,5,5,5
91,477,477,473,479,470,468,462,464,494,479,478,475,473,470,467,469,495,488,480,483,480,472,468,472,499,492,482,487,482,471,470,474,498,492,493,483,480,485,481,475,501,505,496,489,484,486,480,475,502,499,487,488,498,486,491,488,511,507,503,499,498,496,491,482,4,3,4,4,3,3,3,3,4,3,3,3,3,3,3,4,4,4,4,3,3,3,3,4,4,4,4,3,3,3,3,4,5,4,3,3,3,4,3,4,4,4,5,4,4,4,4,3,5,5,5,4,4,4,4,5,5,5,4,5,4,4,4,5,5,5,5,5,5,5,5,5,5,5,5,5,5,5,5,5,5,5,5,5,5,5,5,5,5,5,5,5,5,5,5,5,5,5,5,5,5,5,5,5,5,5,5,5,5,5,5,5,5,5,5,5,5,5,5,5,5,5,5,5,5,5,5,5
92,482,475,472,471,466,465,464,467,493,484,473,475,474,471,466,468,493,478,484,475,481,480,475,469,498,486,493,486,476,477,470,473,494,492,493,488,481,486,481,477,505,487,487,491,489,489,479,494,511,498,493,493,495,487,487,485,509,506,505,501,501,499,493,490,5,4,4,4,3,3,4,4,4,3,4,3,4,3,3,4,4,5,4,3,3,4,4,4,4,4,4,3,4,3,3,4,5,4,4,4,4,4,4,4,5,4,4,4,4,4,4,4,5,5,5,5,5,4,4,5,5,6,4,6,4,5,5,7,5,5,5,5,5,5,5,5,5,5,5,5,5,5,5,5,5,5,5,5,5,5,5,5,5,5,5,5,5,5,5,5,5,5,5,5,5,5,5,5,5,5,5,5,5,5,5,5,5,5,5,5,5,5,5,5,5,5,5,5,5,5,5,5
93,481,475,478,472,474,473,461,467,481,480,472,474,471,474,470,463,489,482,477,481,477,472,472,471,499,489,490,483,481,482,472,472,500,499,487,486,487,477,477,472,495,498,497,481,493,488,479,474,505,502,495,493,493,488,485,478,513,510,505,501,495,496,497,481,4,3,3,4,3,3,4,3,4,4,3,3,3,3,3,4,4,4,3,3,3,3,3,3,4,4,4,3,3,3,4,4,5,4,3,4,3,3,3,3,4,4,4,4,4,4,4,4,5,5,4,5,4,4,4,4,6,5,5,5,4,4,4,5,5,5,5,5,5,5,5,5,5,5,5,5,5,5,5,5,5,5,5,5,5,5,5,5,5,5,5,5,5,5,5,5,5,5,5,5,5,5,5,5,5,5,5,5,5,5,5,5,5,5,5,5,5,5,5,5,5,5,5,5,5,5,5,5
94,482,487,472,475,470,467,465,464,496,476,482,475,468,464,460,463,498,478,478,477,482,476,474,465,501,490,495,486,479,476,479,471,504,491,496,486,483,486,475,476,506,489,505,500,493,476,490,489,504,503,504,496,496,489,496,479,514,504,506,510,503,493,491,493,5,4,4,4,3,3,4,3,4,4,4,3,4,3,3,4,5,4,4,4,3,3,4,4,5,4,4,3,3,4,4,4,5,4,4,3,3,4,3,4,5,4,4,4,4,4,4,4,5,6,5,4,5,4,5,4,6,6,4,5,4,6,5,8,5,5,5,5,5,5,5,5,5,5,5,5,5,5,5,5,5,5,5,5,5,5,5,5,5,5,5,5,5,5,5,5,5,5,5,5,5,5,5,5,5,5,5,5,5,5,5,5,5,5,5,5,5,5,5,5,5,5,5,5,5,5,5,5
95,486,479,477,469,466,464,467,468,478,484,472,471,476,467,468,465,485,488,489,481,476,480,468,466,493,486,489,481,486,476,476,471,490,496,489,488,486,479,474,483,504,500,491,488,489,484,477,473,514,501,491,497,482,495,495,495,515,494,499,502,495,495,489,484,4,3,4,4,3,3,4,3,3,3,3,3,3,3,3,3,4,5,4,3,3,3,3,4,4,4,4,3,3,3,3,4,5,4,4,3,3,3,4,4,4,4,4,4,4,3,3,4,5,5,5,4,3,5,4,5,5,6,4,5,5,4,4,6,5,5,5,5,5,5,5,5,5,5,5,5,5,5,5,5,5,5,5,5,5,5,5,5,5,5,5,5,5,5,5,5,5,5,5,5,5,5,5,5,5,5,5,5,5,5,5,5,5,5,5,5,5,5,5,5,5,5,5,5,5,5,5,5
96,479,474,480,476,467,469,464,470,484,491,481,474,475,469,462,462,491,486,483,484,479,477,477,469,490,489,486,483,485,482,475,479,499,478,484,491,483,484,480,477,502,499,487,494,486,486,481,483,505,502,506,504,480,493,485,492,511,507,509,494,491,498,498,491,4,3,4,4,3,3,4,4,4,3,3,3,3,3,3,3,5,4,4,3,3,4,4,4,5,4,4,3,3,3,4,4,4,4,3,3,3,4,3,5,4,4,5,5,4,4,4,4,6,5,4,4,4,5,4,5,7,6,5,5,5,5,5,6,5,5,5,5,5,5,5,5,5,5,5,5,5,5,5,5,5,5,5,5,5,5,5,5,5,5,5,5,5,5,5,5,5,5,5,5,5,5,5,5,5,5,5,5,5,5,5,5,5,5,5,5,5,5,5,5,5,5,5,5,5,5,5,5
97,477,475,473,471,468,466,460,467,481,480,480,475,476,468,467,466,485,485,486,485,474,473,474,475,496,492,487,485,483,478,472,476,499,491,487,486,486,479,479,476,495,499,491,493,485,488,483,479,514,500,500,490,492,493,484,475,511,502,499,513,499,492,492,481,4,3,3,3,3,3,3,3,3,3,3,3,3,3,3,3,4,4,3,3,3,3,4,3,4,4,3,3,4,3,3,4,5,3,3,4,3,3,3,4,5,4,4,4,4,4,4,4,4,4,5,4,4,4,3,4,5,6,4,6,4,4,5,7,5,5,5,5,5,5,5,5,5,5,5,5,5,5,5,5,5,5,5,5,5,5,5,5,5,5,5,5,5,5,5,5,5,5,5,5,5,5,5,5,5,5,5,5,5,5,5,5,5,5,5,5,5,5,5,5,5,5,5,5,5,5,5,5
98,484,483,480,477,469,467,464,471,483,480,475,477,476,469,472,465,500,492,485,477,477,480,470,467,485,493,487,482,481,470,480,463,510,491,487,492,480,482,479,468,506,495,501,495,490,482,483,478,503,509,503,496,500,489,492,486,509,502,504,495,500,494,491,486,5,4,4,4,3,3,4,4,4,3,3,3,3,3,4,4,5,4,4,3,3,4,4,4,5,4,4,3,3,3,4,4,6,4,3,4,3,3,4,4,5,4,5,4,4,3,4,4,4,6,4,4,5,4,4,5,5,7,5,5,4,4,5,7,5,5,5,5,5,5,5,5,5,5,5,5,5,5,5,5,5,5,5,5,5,5,5,5,5,5,5,5,5,5,5,5,5,5,5,5,5,5,5,5,5,5,5,5,5,5,5,5,5,5,5,5,5,5,5,5,5,5,5,5,5,5,5,5
99,483,479,473,470,467,471,467,458,493,479,477,478,466,468,462,473,487,492,479,486,476,475,472,471,500,494,490,481,475,479,476,477,495,493,487,484,483,484,476,469,496,504,497,490,486,481,487,474,510,506,496,497,489,495,487,494,520,506,495,506,505,495,489,490,4,3,3,4,3,3,4,4,4,3,3,3,4,3,3,3,4,4,3,4,3,3,3,4,4,4,4,3,4,3,3,4,4,4,3,3,3,3,3,4,4,4,4,4,4,3,4,4,4,5,4,4,4,3,4,5,5,6,4,5,4,4,4,6,5,5,5,5,5,5,5,5,5,5,5,5,5,5,5,5,5,5,5,5,5,5,5,5,5,5,5,5,5,5,5,5,5,5,5,5,5,5,5,5,5,5,5,5,5,5,5,5,5,5,5,5,5,5,5,5,5,5,5,5,5,5,5,5
100,478,481,478,476,470,467,466,456,479,480,482,475,472,477,470,469,490,481,479,484,477,468,461,477,496,488,495,489,478,471,483,473,502,499,493,485,487,486,479,482,507,503,492,497,496,486,477,474,495,500,497,488,493,478,496,477,513,497,501,490,495,494,497,494,4,4,4,3,3,4,4,4,4,4,4,3,3,3,3,3,4,4,3,4,3,3,3,4,4,4,4,3,4,4,4,4,4,4,4,4,4,4,4,4,5,4,4,4,5,4,4,4,4,5,4,4,5,4,4,4,6,6,5,5,5,4,5,6,5,5,5,5,5,5,5,5,5,5,5,5,5,5,5,5,5,5,5,5,5,5,5,5,5,5,5,5,5,5,5,5,5,5,5,5,5,5,5,5,5,5,5,5,5,5,5,5,5,5,5,5,5,5,5,5,5,5,5,5,5,5,5,5
101,479,479,471,476,472,466,465,455,489,470,473,470,472,464,464,469,487,481,486,481,481,471,472,466,492,493,491,476,483,478,476,471,498,493,487,488,488,477,473,475,497,492,492,496,484,484,481,490,506,500,501,496,490,487,491,492,511,521,503,495,497,490,492,487,4,4,4,3,3,3,3,3,4,3,3,3,3,3,3,3,5,4,4,3,3,3,3,3,4,4,4,3,3,3,3,4,4,4,3,3,3,3,3,4,4,4,4,4,4,3,4,5,5,5,4,3,4,4,3,5,6,5,4,4,4,4,4,6,5,5,5,5,5,5,5,5,5,5,5,5,5,5,5,5,5,5,5,5,5,5,5,5,5,5,5,5,5,5,5,5,5,5,5,5,5,5,5,5,5,5,5,5,5,5,5,5,5,5,5,5,5,5,5,5,5,5,5,5,5,5,5,5
102,481,484,472,473,471,468,461,460,486,481,486,469,478,475,465,467,493,485,487,483,475,478,471,464,497,490,491,483,481,476,472,470,499,490,489,487,487,483,480,480,495,504,501,491,491,488,487,480,504,494,504,489,492,491,493,481,518,510,501,511,495,501,494,500,4,4,4,4,3,3,4,3,4,3,4,3,3,3,3,4,5,5,4,4,3,4,3,4,4,4,4,3,3,3,4,4,5,4,4,3,3,3,4,4,5,4,5,4,4,4,5,5,6,5,4,5,4,4,4,6,5,8,4,6,4,5,5,7,5,5,5,5,5,5,5,5,5,5,5,5,5,5,5,5,5,5,5,5,5,5,5,5,5,5,5,5,5,5,5,5,5,5,5,5,5,5,5,5,5,5,5,5,5,5,5,5,5,5,5,5,5,5,5,5,5,5,5,5,5,5,5,5
103,488,475,465,475,465,468,466,454,490,479,479,470,478,467,467,462,490,480,482,479,477,475,476,474,491,497,489,487,483,475,475,478,501,488,490,489,485,477,485,469,507,499,493,495,487,480,486,474,513,502,505,488,489,491,486,487,511,503,500,498,499,494,497,477,4,3,3,4,3,3,4,4,4,3,3,3,3,3,3,3,4,4,3,3,3,3,4,3,5,4,4,3,3,3,3,4,5,4,4,3,3,3,4,4,4,4,4,4,4,3,4,4,5,5,5,4,4,4,4,4,4,6,4,5,4,4,5,5,5,5,5,5,5,5,5,5,5,5,5,5,5,5,5,5,5,5,5,5,5,5,5,5,5,5,5,5,5,5,5,5,5,5,5,5,5,5,5,5,5,5,5,5,5,5,5,5,5,5,5,5,5,5,5,5,5,5,5,5,5,5,5,5
104,483,480,485,469,466,461,462,464,487,479,481,472,476,469,468,467,492,488,480,484,473,467,471,465,491,487,492,487,484,474,477,466,499,497,495,489,488,482,482,471,497,493,487,501,485,484,487,475,510,498,502,489,495,488,483,487,506,505,506,498,494,491,506,492,5,4,4,4,3,3,4,3,4,3,3,3,3,3,3,3,5,4,4,4,3,3,3,4,4,3,4,3,3,3,4,4,4,4,4,3,4,3,4,4,4,5,4,5,4,3,4,4,5,5,5,5,4,5,4,5,6,7,4,5,5,5,6,7,5,5,5,5,5,5,5,5,5,5,5,5,5,5,5,5,5,5,5,5,5,5,5,5,5,5,5,5,5,5,5,5,5,5,5,5,5,5,5,5,5,5,5,5,5,5,5,5,5,5,5,5,5,5,5,5,5,5,5,5,5,5,5,5
105,482,482,478,472,469,465,464,466,486,484,477,477,473,474,470,462,492,493,484,484,473,477,467,462,493,492,475,479,473,482,480,471,496,497,492,489,483,478,475,473,504,497,498,501,484,485,487,474,507,502,496,498,491,477,487,487,496,500,498,503,495,494,487,480,4,4,4,4,3,3,3,3,4,3,3,4,3,3,3,3,4,4,3,3,3,3,3,3,4,4,4,3,3,3,4,4,4,4,3,3,3,3,3,4,5,5,4,4,4,3,4,4,5,5,4,5,4,4,3,4,5,6,4,5,4,5,4,5,5,5,5,5,5,5,5,5,5,5,5,5,5,5,5,5,5,5,5,5,5,5,5,5,5,5,5,5,5,5,5,5,5,5,5,5,5,5,5,5,5,5,5,5,5,5,5,5,5,5,5,5,5,5,5,5,5,5,5,5,5,5,5,5
106,480,477,479,468,470,462,461,460,497,490,480,477,472,468,455,464,497,482,490,481,476,474,474,468,491,486,484,484,481,480,468,466,500,497,495,490,489,483,478,478,506,508,495,495,492,483,480,469,507,506,508,501,492,486,487,486,514,501,495,507,499,494,489,484,5,3,4,4,3,3,4,4,5,4,3,3,3,3,3,3,4,5,4,4,3,3,3,4,4,4,4,3,3,3,3,4,4,5,4,4,4,4,4,4,4,4,4,4,4,3,4,4,5,5,4,4,4,5,4,4,6,6,4,5,4,4,5,6,5,5,5,5,5,5,5,5,5,5,5,5,5,5,5,5,5,5,5,5,5,5,5,5,5,5,5,5,5,5,5,5,5,5,5,5,5,5,5,5,5,5,5,5,5,5,5,5,5,5,5,5,5,5,5,5,5,5,5,5,5,5,5,5
107,485,482,470,471,465,472,462,457,486,483,476,476,473,468,466,461,490,481,485,474,478,469,466,468,496,491,491,482,481,472,474,467,494,491,489,493,489,483,474,474,496,497,487,502,499,484,478,481,498,497,503,491,492,489,479,484,515,502,505,501,493,490,494,485,4,3,3,4,3,3,3,3,4,4,3,3,3,3,3,3,4,4,4,3,3,4,3,4,4,4,3,3,4,3,3,4,4,4,3,3,3,3,3,4,4,5,4,5,4,4,4,4,5,4,4,5,4,4,4,5,6,6,4,6,4,4,4,7,5,5,5,5,5,5,5,5,5,5,5,5,5,5,5,5,5,5,5,5,5,5,5,5,5,5,5,5,5,5,5,5,5,5,5,5,5,5,5,5,5,5,5,5,5,5,5,5,5,5,5,5,5,5,5,5,5,5,5,5,5,5,5,5
108,491,484,475,472,468,463,461,458,490,483,483,474,476,468,467,462,482,488,477,482,486,472,465,471,496,492,485,482,486,474,480,473,498,498,490,486,486,489,482,470,501,497,502,495,485,480,486,479,502,508,497,491,494,482,483,495,508,513,500,505,499,488,492,488,4,4,4,4,3,3,4,4,5,3,3,3,3,3,3,4,4,5,4,3,3,3,3,4,5,4,4,3,3,3,4,4,4,4,4,3,4,4,4,5,5,5,4,4,4,4,4,4,4,5,4,4,4,4,4,6,5,6,4,5,5,5,4,9,5,5,5,5,5,5,5,5,5,5,5,5,5,5,5,5,5,5,5,5,5,5,5,5,5,5,5,5,5,5,5,5,5,5,5,5,5,5,5,5,5,5,5,5,5,5,5,5,5,5,5,5,5,5,5,5,5,5,5,5,5,5,5,5
109,483,478,476,473,470,468,463,466,486,477,471,476,480,470,469,465,487,486,492,481,476,474,473,470,498,489,487,484,484,480,471,476,499,503,494,490,484,481,481,468,501,489,491,500,481,486,480,476,502,499,498,489,494,493,485,483,505,509,506,504,498,487,494,489,4,3,4,3,3,3,4,3,4,3,3,3,3,3,3,3,4,4,4,3,3,3,3,4,4,4,3,3,3,3,4,4,4,4,4,3,3,3,4,4,4,5,4,4,4,4,4,4,5,4,4,4,4,4,4,4,6,6,5,4,4,5,4,7,5,5,5,5,5,5,5,5,5,5,5,5,5,5,5,5,5,5,5,5,5,5,5,5,5,5,5,5,5,5,5,5,5,5,5,5,5,5,5,5,5,5,5,5,5,5,5,5,5,5,5,5,5,5,5,5,5,5,5,5,5,5,5,5
110,486,481,480,472,469,463,463,459,485,479,482,474,478,473,466,464,498,494,487,479,480,466,472,466,497,488,483,479,483,477,476,465,495,490,484,489,485,480,482,477,501,489,503,485,482,485,474,471,508,498,499,486,489,488,506,478,502,504,502,498,502,501,490,481,4,3,4,4,3,3,4,3,4,4,4,3,3,3,4,4,5,4,4,3,3,3,4,4,4,4,4,3,3,3,4,4,4,4,4,4,3,3,4,5,4,4,4,4,4,4,4,4,4,5,4,5,4,4,4,5,5,6,4,5,4,4,4,7,5,5,5,5,5,5,5,5,5,5,5,5,5,5,5,5,5,5,5,5,5,5,5,5,5,5,5,5,5,5,5,5,5,5,5,5,5,5,5,5,5,5,5,5,5,5,5,5,5,5,5,5,5,5,5,5,5,5,5,5,5,5,5,5
111,492,477,472,473,467,467,462,459,482,485,479,472,466,471,466,460,489,482,479,477,473,480,468,466,502,490,491,485,480,479,475,472,500,489,495,487,489,478,482,479,503,499,483,496,484,482,486,486,502,495,491,498,491,494,494,487,514,506,501,508,499,485,496,496,4,3,3,4,3,3,3,4,4,3,3,3,4,3,3,3,4,4,3,4,3,3,3,4,4,4,3,3,3,3,3,4,4,4,4,3,3,3,3,4,5,5,3,4,4,3,4,4,4,4,4,4,4,4,4,4,6,6,4,5,5,5,5,5,5,5,5,5,5,5,5,5,5,5,5,5,5,5,5,5,5,5,5,5,5,5,5,5,5,5,5,5,5,5,5,5,5,5,5,5,5,5,5,5,5,5,5,5,5,5,5,5,5,5,5,5,5,5,5,5,5,5,5,5,5,5,5,5
112,480,477,473,468,466,472,464,465,491,483,480,480,471,471,468,469,501,488,477,482,477,470,468,465,494,496,490,486,481,478,474,469,506,498,491,488,483,486,485,478,505,494,491,493,496,492,483,481,503,501,506,500,494,489,486,488,506,502,497,501,508,494,499,498,4,3,4,3,3,4,4,4,4,4,3,4,3,3,3,4,4,5,3,3,3,3,3,4,4,4,4,3,4,3,3,4,5,4,4,3,4,3,3,5,5,5,4,4,4,4,4,4,5,5,4,5,4,3,4,5,7,5,4,5,5,5,5,9,5,5,5,5,5,5,5,5,5,5,5,5,5,5,5,5,5,5,5,5,5,5,5,5,5,5,5,5,5,5,5,5,5,5,5,5,5,5,5,5,5,5,5,5,5,5,5,5,5,5,5,5,5,5,5,5,5,5,5,5,5,5,5,5
113,477,477,478,479,475,465,463,464,488,481,480,475,470,472,468,462,492,483,485,483,473,470,473,466,497,486,494,482,485,478,478,470,497,493,491,487,481,477,481,474,502,492,491,489,494,480,494,489,502,495,498,503,486,490,487,492,506,510,499,498,499,495,500,484,4,3,4,3,3,3,4,4,4,3,3,3,3,3,3,3,4,4,3,3,3,3,3,3,5,4,4,3,3,3,3,4,4,4,3,4,4,3,4,4,4,5,4,4,4,4,4,4,5,4,5,4,4,4,4,5,5,5,4,4,4,5,6,5,5,5,5,5,5,5,5,5,5,5,5,5,5,5,5,5,5,5,5,5,5,5,5,5,5,5,5,5,5,5,5,5,5,5,5,5,5,5,5,5,5,5,5,5,5,5,5,5,5,5,5,5,5,5,5,5,5,5,5,5,5,5,5,5
114,478,481,476,475,467,468,456,465,482,480,477,480,470,475,471,463,493,489,489,480,475,478,473,472,502,494,490,486,482,484,470,464,496,494,490,487,482,488,478,481,505,498,497,486,490,481,481,480,517,513,498,490,492,495,481,494,518,507,506,503,501,489,495,477,4,4,4,4,4,3,3,3,4,4,3,4,3,3,4,3,4,5,4,3,3,4,4,3,5,4,4,3,3,3,3,4,4,5,4,3,4,4,3,4,5,4,5,4,4,3,4,4,5,4,4,5,4,4,4,5,5,7,4,5,4,4,4,6,5,5,5,5,5,5,5,5,5,5,5,5,5,5,5,5,5,5,5,5,5,5,5,5,5,5,5,5,5,5,5,5,5,5,5,5,5,5,5,5,5,5,5,5,5,5,5,5,5,5,5,5,5,5,5,5,5,5,5,5,5,5,5,5
115,483,475,473,468,470,465,468,465,482,483,474,476,476,463,460,468,495,482,482,479,476,470,473,477,499,489,485,486,480,481,475,471,498,495,493,487,491,481,477,479,503,496,487,490,485,479,481,485,506,495,501,493,491,485,492,488,513,508,497,509,499,506,492,489,4,3,3,3,3,3,3,3,4,3,3,3,3,3,3,4,4,4,4,3,3,3,3,4,4,4,4,3,4,3,3,4,4,4,4,3,3,3,4,4,4,5,4,3,4,3,4,4,4,4,4,5,4,4,4,4,5,6,4,5,4,5,4,7,5,5,5,5,5,5,5,5,5,5,5,5,5,5,5,5,5,5,5,5,5,5,5,5,5,5,5,5,5,5,5,5,5,5,5,5,5,5,5,5,5,5,5,5,5,5,5,5,5,5,5,5,5,5,5,5,5,5,5,5,5,5,5,5
116,489,475,475,473,468,461,466,464,486,482,481,474,477,474,470,466,492,491,488,482,479,466,470,463,484,490,490,481,488,484,478,483,508,495,492,487,488,481,474,480,497,488,497,493,492,490,477,480,506,508,504,501,497,497,487,485,511,509,502,506,499,489,497,488,5,5,4,4,3,3,3,4,4,4,4,3,3,3,4,3,4,4,4,3,3,4,3,4,4,4,4,3,3,4,3,5,6,4,4,4,3,3,4,4,5,4,4,5,4,4,5,4,5,5,4,4,5,4,5,5,6,7,4,5,4,5,4,7,5,5,5,5,5,5,5,5,5,5,5,5,5,5,5,5,5,5,5,5,5,5,5,5,5,5,5,5,5,5,5,5,5,5,5,5,5,5,5,5,5,5,5,5,5,5,5,5,5,5,5,5,5,5,5,5,5,5,5,5,5,5,5,5
117,480,481,473,472,466,472,463,462,489,484,479,476,474,470,471,469,489,486,483,487,478,475,471,462,497,490,483,483,476,477,479,470,495,501,482,487,487,486,480,469,502,498,495,492,486,480,480,484,510,504,502,492,501,491,486,481,511,501,503,505,499,492,501,483,4,3,4,4,3,3,3,3,4,3,3,3,3,3,4,4,4,4,3,4,3,3,3,3,4,4,3,3,3,3,4,4,4,3,3,3,3,3,4,4,4,5,4,4,4,3,4,4,6,4,4,5,5,4,4,4,5,5,4,5,4,5,5,6,5,5,5,5,5,5,5,5,5,5,5,5,5,5,5,5,5,5,5,5,5,5,5,5,5,5,5,5,5,5,5,5,5,5,5,5,5,5,5,5,5,5,5,5,5,5,5,5,5,5,5,5,5,5,5,5,5,5,5,5,5,5,5,5
118,488,485,475,470,462,466,457,461,492,483,480,480,483,473,472,462,485,480,474,482,476,475,474,469,497,494,489,485,483,475,480,471,497,492,496,490,484,483,475,471,492,498,492,489,492,487,475,478,509,502,496,487,487,488,488,486,516,510,509,504,492,491,490,485,5,4,4,4,3,3,4,3,5,3,4,4,3,3,4,4,4,5,3,4,3,3,3,4,4,4,3,4,3,3,4,4,5,4,4,3,3,4,4,4,4,5,5,4,4,4,4,4,6,5,4,5,4,4,4,4,6,7,4,5,5,4,4,6,5,5,5,5,5,5,5,5,5,5,5,5,5,5,5,5,5,5,5,5,5,5,5,5,5,5,5,5,5,5,5,5,5,5,5,5,5,5,5,5,5,5,5,5,5,5,5,5,5,5,5,5,5,5,5,5,5,5,5,5,5,5,5,5
119,487,478,470,473,467,461,467,462,487,476,481,477,475,470,470,465,478,483,477,480,473,472,466,466,495,488,485,483,485,480,479,478,505,497,494,483,484,479,480,482,506,497,497,487,490,482,478,478,510,515,504,497,493,490,482,486,511,514,505,501,499,494,489,499,5,3,4,3,3,3,4,4,4,3,3,3,4,3,3,3,4,4,3,3,3,3,3,3,4,4,4,3,3,3,3,4,5,4,4,3,3,3,3,4,4,4,4,3,4,3,4,4,4,5,4,4,5,4,4,4,5,4,4,5,4,4,4,6,5,5,5,5,5,5,5,5,5,5,5,5,5,5,5,5,5,5,5,5,5,5,5,5,5,5,5,5,5,5,5,5,5,5,5,5,5,5,5,5,5,5,5,5,5,5,5,5,5,5,5,5,5,5,5,5,5,5,5,5,5,5,5,5
120,473,476,473,479,472,459,457,470,478,476,477,485,475,474,469,471,495,488,478,486,482,478,473,464,498,485,486,476,478,479,474,470,487,491,489,490,486,482,478,474,502,493,489,492,499,486,480,485,501,511,497,494,489,491,489,481,507,506,507,495,494,502,485,490,4,4,4,3,3,3,3,4,4,4,4,4,3,3,3,3,4,5,4,4,3,4,3,4,4,4,4,3,3,3,4,4,5,4,4,4,4,4,4,4,5,5,4,4,4,4,4,4,5,5,4,4,4,5,4,4,5,7,5,5,5,5,5,8,5,5,5,5,5,5,5,5,5,5,5,5,5,5,5,5,5,5,5,5,5,5,5,5,5,5,5,5,5,5,5,5,5,5,5,5,5,5,5,5,5,5,5,5,5,5,5,5,5,5,5,5,5,5,5,5,5,5,5,5,5,5,5,5
121,486,473,472,474,473,465,472,464,479,475,476,476,475,468,459,466,489,486,480,478,478,473,468,462,498,490,486,483,479,475,469,469,503,499,489,490,487,476,477,472,506,499,495,488,486,483,483,487,500,510,494,503,492,492,475,481,510,504,504,501,489,503,494,490,4,3,4,4,3,3,3,4,4,4,3,3,3,3,3,4,3,4,3,3,3,3,3,3,4,4,3,3,4,3,3,4,5,4,3,3,3,3,3,4,4,4,4,4,4,4,4,4,5,5,5,4,4,5,4,4,5,6,4,5,4,5,5,7,5,5,5,5,5,5,5,5,5,5,5,5,5,5,5,5,5,5,5,5,5,5,5,5,5,5,5,5,5,5,5,5,5,5,5,5,5,5,5,5,5,5,5,5,5,5,5,5,5,5,5,5,5,5,5,5,5,5,5,5,5,5,5,5
122,484,479,478,469,474,464,467,465,486,479,481,480,467,468,467,460,492,496,477,487,480,479,465,464,482,487,486,482,485,480,479,468,493,493,487,493,483,477,478,471,502,499,491,498,489,489,486,474,513,505,499,503,490,490,481,490,509,507,492,498,500,498,493,485,5,4,3,4,3,3,4,3,4,3,4,4,3,3,4,3,4,4,3,4,3,3,3,4,5,4,4,3,3,3,3,4,5,4,4,4,3,3,3,4,5,5,4,5,4,4,4,4,5,5,4,5,4,4,5,5,6,7,4,4,4,5,5,6,5,5,5,5,5,5,5,5,5,5,5,5,5,5,5,5,5,5,5,5,5,5,5,5,5,5,5,5,5,5,5,5,5,5,5,5,5,5,5,5,5,5,5,5,5,5,5,5,5,5,5,5,5,5,5,5,5,5,5,5,5,5,5,5
123,480,477,474,473,465,460,467,460,489,482,482,471,473,468,470,463,485,483,486,483,470,471,470,471,498,494,485,480,476,479,480,470,499,494,492,490,485,480,482,479,502,500,491,490,486,493,476,472,511,515,500,490,489,495,484,488,504,514,505,498,502,494,488,478,4,4,4,4,3,3,3,3,4,3,3,3,3,3,3,4,4,4,4,4,3,3,3,4,4,4,3,3,4,3,3,4,4,4,4,3,3,3,3,4,4,5,4,4,4,4,4,4,4,6,4,5,4,3,4,4,6,6,4,5,4,4,4,5,5,5,5,5,5,5,5,5,5,5,5,5,5,5,5,5,5,5,5,5,5,5,5,5,5,5,5,5,5,5,5,5,5,5,5,5,5,5,5,5,5,5,5,5,5,5,5,5,5,5,5,5,5,5,5,5,5,5,5,5,5,5,5,5
124,495,480,471,475,469,469,461,469,490,485,477,473,484,468,466,463,488,486,483,486,482,472,470,463,497,485,493,490,487,477,475,484,504,491,486,486,487,480,471,477,502,494,493,489,497,478,484,480,501,499,499,501,490,493,480,485,514,515,502,496,490,488,487,479,4,4,4,4,3,4,4,4,4,3,3,4,3,3,3,4,4,4,4,4,3,4,3,4,5,4,4,4,3,3,3,5,5,4,4,3,4,3,3,5,4,5,4,4,4,4,4,5,5,5,4,4,4,4,4,4,5,6,5,5,4,5,5,5,5,5,5,5,5,5,5,5,5,5,5,5,5,5,5,5,5,5,5,5,5,5,5,5,5,5,5,5,5,5,5,5,5,5,5,5,5,5,5,5,5,5,5,5,5,5,5,5,5,5,5,5,5,5,5,5,5,5,5,5,5,5,5,5
125,481,483,478,467,466,467,468,466,484,482,475,476,474,471,460,464,491,484,485,477,476,475,470,473,493,487,484,481,490,482,476,465,500,491,495,488,492,480,474,478,506,493,501,489,492,478,483,481,502,500,497,486,494,485,492,487,512,510,502,498,491,497,494,492,5,4,4,4,3,3,4,4,4,3,3,3,3,3,3,3,4,5,3,3,3,3,4,4,4,4,3,3,3,3,4,3,4,4,4,3,3,3,3,4,5,4,5,4,4,3,3,3,5,5,4,4,5,4,4,4,5,6,4,5,4,5,5,7,5,5,5,5,5,5,5,5,5,5,5,5,5,5,5,5,5,5,5,5,5,5,5,5,5,5,5,5,5,5,5,5,5,5,5,5,5,5,5,5,5,5,5,5,5,5,5,5,5,5,5,5,5,5,5,5,5,5,5,5,5,5,5,5
126,475,485,478,469,467,464,468,454,484,485,479,474,469,469,474,465,494,494,485,482,479,479,471,470,495,490,494,484,479,472,473,482,501,487,491,493,485,484,476,482,509,500,498,488,488,488,487,477,509,511,504,491,486,488,490,484,504,515,504,506,494,494,502,498,5,4,3,4,3,3,4,4,4,3,4,3,4,3,4,4,5,4,4,4,3,3,3,4,4,4,4,3,3,3,4,4,4,4,4,4,3,3,3,5,5,5,5,4,5,4,4,5,5,5,4,4,5,5,4,4,4,7,4,5,5,4,5,9,5,5,5,5,5,5,5,5,5,5,5,5,5,5,5,5,5,5,5,5,5,5,5,5,5,5,5,5,5,5,5,5,5,5,5,5,5,5,5,5,5,5,5,5,5,5,5,5,5,5,5,5,5,5,5,5,5,5,5,5,5,5,5,5
127,479,483,476,462,468,466,461,461,485,476,475,481,472,470,468,464,490,484,484,483,475,473,471,471,489,488,491,482,484,472,475,476,498,491,491,483,488,486,478,479,509,487,490,494,492,490,483,481,517,501,494,492,499,484,485,489,521,505,497,502,498,491,492,483,4,4,3,3,3,3,4,3,4,4,3,3,3,3,3,4,4,4,3,3,3,3,3,4,5,4,3,3,3,3,3,4,4,4,3,3,3,3,3,4,4,4,4,4,4,3,4,4,5,4,4,5,4,4,4,5,6,5,4,5,3,4,4,7,5,5,5,5,5,5,5,5,5,5,5,5,5,5,5,5,5,5,5,5,5,5,5,5,5,5,5,5,5,5,5,5,5,5,5,5,5,5,5,5,5,5,5,5,5,5,5,5,5,5,5,5,5,5,5,5,5,5,5,5,5,5,5,5
128,479,484,470,471,473,467,465,466,478,484,482,472,474,472,463,460,487,485,479,477,471,477,475,469,495,493,491,482,479,478,473,477,505,488,492,486,483,483,470,471,513,495,498,490,487,487,479,479,507,502,506,495,486,486,497,478,507,504,511,502,501,490,497,485,4,4,3,4,3,3,4,4,4,3,4,4,3,3,3,3,4,5,4,3,3,4,4,4,5,4,4,3,4,3,4,4,5,4,4,4,3,3,3,4,5,5,4,4,5,4,5,3,6,5,4,5,4,4,4,4,5,6,5,5,5,5,6,6,5,5,5,5,5,5,5,5,5,5,5,5,5,5,5,5,5,5,5,5,5,5,5,5,5,5,5,5,5,5,5,5,5,5,5,5,5,5,5,5,5,5,5,5,5,5,5,5,5,5,5,5,5,5,5,5,5,5,5,5,5,5,5,5
129,479,474,476,473,468,471,467,466,483,475,475,483,478,476,471,462,491,488,483,477,478,473,470,467,498,495,482,480,478,475,480,473,488,495,491,484,492,486,479,475,503,498,492,488,492,480,491,479,516,503,498,489,492,483,488,483,513,508,501,492,493,484,486,485,4,3,4,4,3,3,3,4,4,4,3,3,3,3,3,3,4,4,3,3,3,3,3,3,4,3,3,3,4,3,3,4,5,4,4,3,3,3,3,4,5,4,4,4,4,3,4,4,4,5,5,4,4,4,5,4,5,6,4,4,5,4,4,7,5,5,5,5,5,5,5,5,5,5,5,5,5,5,5,5,5,5,5,5,5,5,5,5,5,5,5,5,5,5,5,5,5,5,5,5,5,5,5,5,5,5,5,5,5,5,5,5,5,5,5,5,5,5,5,5,5,5,5,5,5,5,5,5
130,485,483,472,472,468,467,470,470,487,485,480,475,471,467,469,469,493,490,482,488,471,477,475,473,496,487,493,486,478,471,480,474,498,494,490,493,489,482,480,477,507,495,490,503,496,484,479,482,507,505,494,501,487,492,487,481,517,506,509,503,493,493,500,488,4,3,4,4,3,3,3,4,4,3,4,3,3,3,4,4,4,4,4,4,3,3,4,4,4,4,4,3,3,3,4,5,4,4,4,3,3,3,4,5,4,5,4,5,4,3,4,4,6,5,4,5,4,4,4,5,6,7,4,5,4,4,5,7,5,5,5,5,5,5,5,5,5,5,5,5,5,5,5,5,5,5,5,5,5,5,5,5,5,5,5,5,5,5,5,5,5,5,5,5,5,5,5,5,5,5,5,5,5,5,5,5,5,5,5,5,5,5,5,5,5,5,5,5,5,5,5,5
131,487,479,478,470,465,464,464,462,488,481,481,474,471,471,468,464,489,490,484,480,482,469,470,465,492,484,482,483,477,486,477,473,496,497,486,493,485,485,482,470,499,494,494,491,491,489,484,467,514,505,501,493,484,495,483,498,509,501,512,500,500,492,497,482,5,3,3,3,3,3,4,4,4,3,3,3,3,3,3,4,4,4,3,3,3,3,3,4,4,4,3,3,3,3,3,4,5,4,3,4,4,3,4,4,4,3,4,4,4,4,4,4,4,5,4,4,4,4,4,6,5,5,4,5,4,4,4,5,5,5,5,5,5,5,5,5,5,5,5,5,5,5,5,5,5,5,5,5,5,5,5,5,5,5,5,5,5,5,5,5,5,5,5,5,5,5,5,5,5,5,5,5,5,5,5,5,5,5,5,5,5,5,5,5,5,5,5,5,5,5,5,5
132,477,476,480,477,475,470,467,467,488,482,479,485,473,473,465,470,488,486,487,488,476,473,477,470,495,480,492,482,478,481,479,470,501,495,491,489,488,475,488,475,499,499,494,495,484,488,489,486,501,498,493,495,495,507,488,488,520,508,506,492,493,485,489,477,5,4,4,4,3,3,3,4,4,4,4,4,3,3,3,3,4,5,4,4,3,4,4,4,5,4,4,3,4,3,4,4,4,4,4,3,4,3,4,5,5,4,4,4,4,4,5,3,5,5,5,4,4,4,4,4,6,6,5,6,5,4,6,6,5,5,5,5,5,5,5,5,5,5,5,5,5,5,5,5,5,5,5,5,5,5,5,5,5,5,5,5,5,5,5,5,5,5,5,5,5,5,5,5,5,5,5,5,5,5,5,5,5,5,5,5,5,5,5,5,5,5,5,5,5,5,5,5
133,481,482,473,478,471,461,467,466,482,484,475,477,467,472,464,461,498,488,483,476,480,476,469,468,492,479,493,485,483,474,472,474,498,495,488,487,482,479,476,475,503,492,489,488,487,491,484,484,504,497,509,491,486,489,491,488,504,505,506,500,494,491,491,491,4,4,4,3,3,3,3,4,4,3,3,3,3,3,3,3,5,5,3,3,3,3,3,4,4,3,4,3,3,3,3,4,4,4,3,3,3,3,3,3,4,4,4,4,4,3,4,4,4,5,4,5,4,4,4,5,5,6,4,5,4,3,4,7,5,5,5,5,5,5,5,5,5,5,5,5,5,5,5,5,5,5,5,5,5,5,5,5,5,5,5,5,5,5,5,5,5,5,5,5,5,5,5,5,5,5,5,5,5,5,5,5,5,5,5,5,5,5,5,5,5,5,5,5,5,5,5,5
134,493,481,468,470,469,459,466,463,496,482,480,469,469,466,464,468,499,486,494,486,470,469,473,468,495,482,490,481,485,476,478,476,503,495,484,490,485,480,480,473,503,498,488,495,487,481,474,484,510,505,505,493,495,486,482,479,505,502,499,497,506,500,492,487,4,4,4,4,3,4,4,3,4,4,3,3,3,3,3,4,5,5,4,4,3,3,4,4,4,3,4,3,3,4,4,4,4,4,4,3,3,3,4,4,5,5,4,4,4,3,4,5,5,5,5,4,4,4,4,5,5,6,5,5,4,5,5,6,5,5,5,5,5,5,5,5,5,5,5,5,5,5,5,5,5,5,5,5,5,5,5,5,5,5,5,5,5,5,5,5,5,5,5,5,5,5,5,5,5,5,5,5,5,5,5,5,5,5,5,5,5,5,5,5,5,5,5,5,5,5,5,5
135,486,479,472,475,462,467,460,467,483,483,486,472,475,464,466,464,480,480,483,481,477,473,464,466,497,492,494,481,483,486,469,468,499,491,490,484,486,486,473,474,511,493,496,485,486,481,485,488,505,504,495,494,493,490,490,486,513,510,501,495,500,494,495,493,5,3,3,4,3,3,3,4,4,3,4,3,3,3,3,3,5,4,4,3,3,3,3,3,4,4,4,3,4,3,3,4,5,4,3,3,3,3,3,4,4,4,4,3,4,4,4,4,4,5,4,4,4,5,4,5,5,5,4,4,4,4,4,7,5,5,5,5,5,5,5,5,5,5,5,5,5,5,5,5,5,5,5,5,5,5,5,5,5,5,5,5,5,5,5,5,5,5,5,5,5,5,5,5,5,5,5,5,5,5,5,5,5,5,5,5,5,5,5,5,5,5,5,5,5,5,5,5
136,483,478,474,470,474,465,464,458,486,476,477,481,473,475,464,456,485,481,486,480,476,471,479,471,487,495,483,485,485,467,471,469,501,493,498,485,485,480,477,477,500,510,495,489,490,489,484,486,502,515,498,496,489,487,488,488,506,506,506,506,497,478,485,489,4,3,4,3,4,4,3,4,4,4,3,4,3,3,3,4,4,5,4,4,3,3,4,4,5,5,4,3,3,4,4,4,4,4,4,4,4,4,3,4,4,4,5,4,4,4,4,4,5,6,5,4,4,4,5,5,6,7,5,5,5,5,5,6,5,5,5,5,5,5,5,5,5,5,5,5,5,5,5,5,5,5,5,5,5,5,5,5,5,5,5,5,5,5,5,5,5,5,5,5,5,5,5,5,5,5,5,5,5,5,5,5,5,5,5,5,5,5,5,5,5,5,5,5,5,5,5,5
137,475,462,479,478,473,462,465,462,490,485,481,473,473,467,467,462,488,490,479,480,479,473,470,476,494,486,489,489,485,475,476,467,488,498,489,487,486,476,478,482,503,492,496,488,484,486,482,481,506,498,504,494,491,491,491,482,505,501,506,493,494,491,503,496,4,4,3,4,3,3,3,4,4,3,3,3,3,3,3,3,4,4,3,3,3,3,3,3,3,4,4,3,3,3,4,4,4,4,3,3,3,3,3,4,4,4,4,4,4,3,4,4,4,4,4,5,4,4,4,5,6,5,5,4,4,5,5,8,5,5,5,5,5,5,5,5,5,5,5,5,5,5,5,5,5,5,5,5,5,5,5,5,5,5,5,5,5,5,5,5,5,5,5,5,5,5,5,5,5,5,5,5,5,5,5,5,5,5,5,5,5,5,5,5,5,5,5,5,5,5,5,5
138,473,483,479,467,465,463,464,465,490,484,472,476,478,468,469,462,485,491,485,478,478,470,470,461,500,481,487,488,483,472,471,464,507,491,492,485,482,484,475,480,505,495,495,497,487,483,482,481,506,509,498,498,489,489,488,480,518,511,498,494,490,493,490,499,4,4,4,3,3,3,4,3,5,3,4,4,3,3,4,3,6,4,4,4,3,3,3,4,5,4,4,3,3,3,4,4,5,4,4,3,4,3,3,4,4,5,5,5,4,4,4,5,5,6,4,4,4,4,4,4,5,5,4,4,4,4,4,6,5,5,5,5,5,5,5,5,5,5,5,5,5,5,5,5,5,5,5,5,5,5,5,5,5,5,5,5,5,5,5,5,5,5,5,5,5,5,5,5,5,5,5,5,5,5,5,5,5,5,5,5,5,5,5,5,5,5,5,5,5,5,5,5
139,485,480,469,469,471,463,467,459,480,475,474,476,473,469,460,461,494,488,480,480,471,476,472,472,493,493,491,478,477,478,474,471,501,494,485,490,481,484,485,466,500,504,494,493,485,488,481,481,522,511,502,499,491,488,492,484,514,498,504,494,491,492,496,493,4,3,4,4,3,3,4,3,4,4,3,3,3,3,3,3,4,5,3,3,3,3,3,3,4,4,4,3,3,3,3,4,4,4,3,3,3,3,4,4,4,4,4,4,4,4,4,3,4,5,4,4,4,4,4,5,5,5,5,5,5,5,5,6,5,5,5,5,5,5,5,5,5,5,5,5,5,5,5,5,5,5,5,5,5,5,5,5,5,5,5,5,5,5,5,5,5,5,5,5,5,5,5,5,5,5,5,5,5,5,5,5,5,5,5,5,5,5,5,5,5,5,5,5,5,5,5,5
140,479,474,486,464,476,471,455,458,481,486,482,470,469,477,468,462,494,486,479,488,476,475,465,471,487,492,491,484,480,475,475,474,501,496,496,494,483,483,482,474,499,498,491,488,487,485,485,490,506,499,498,502,493,491,489,494,509,510,506,495,501,488,490,486,4,3,3,3,4,3,3,4,4,3,3,3,4,3,3,3,4,5,4,4,4,3,3,3,5,4,4,3,4,3,3,5,5,4,4,3,4,4,4,4,4,5,4,4,4,4,5,4,6,6,4,4,4,4,4,6,5,7,5,5,5,5,5,7,5,5,5,5,5,5,5,5,5,5,5,5,5,5,5,5,5,5,5,5,5,5,5,5,5,5,5,5,5,5,5,5,5,5,5,5,5,5,5,5,5,5,5,5,5,5,5,5,5,5,5,5,5,5,5,5,5,5,5,5,5,5,5,5
141,479,478,477,476,469,461,462,460,486,482,480,479,473,464,466,467,486,488,483,480,483,472,473,470,490,488,487,485,474,480,480,468,489,484,489,491,488,479,480,468,506,497,495,493,482,488,485,480,504,502,500,492,494,480,488,489,514,510,508,498,492,493,489,490,4,3,4,4,3,3,3,4,4,4,3,3,3,3,3,3,4,5,4,3,3,4,4,4,4,4,3,3,3,3,4,3,4,3,4,3,3,3,3,4,4,3,4,4,3,4,4,4,5,5,4,4,5,4,4,5,5,6,4,5,4,4,4,5,5,5,5,5,5,5,5,5,5,5,5,5,5,5,5,5,5,5,5,5,5,5,5,5,5,5,5,5,5,5,5,5,5,5,5,5,5,5,5,5,5,5,5,5,5,5,5,5,5,5,5,5,5,5,5,5,5,5,5,5,5,5,5,5
142,477,478,473,474,470,469,466,466,491,471,475,478,475,472,463,468,486,486,482,480,480,474,472,473,495,494,482,481,484,478,469,482,500,496,488,491,485,476,475,484,510,503,498,484,483,482,482,485,511,502,499,495,491,481,480,496,513,488,496,496,503,495,492,478,4,4,4,4,3,3,4,3,5,4,3,3,3,3,3,3,4,5,4,3,3,3,3,3,4,4,4,3,3,3,3,5,4,4,3,4,3,4,3,4,5,4,5,4,4,3,4,4,5,5,5,5,5,4,4,5,5,6,4,5,4,4,4,7,5,5,5,5,5,5,5,5,5,5,5,5,5,5,5,5,5,5,5,5,5,5,5,5,5,5,5,5,5,5,5,5,5,5,5,5,5,5,5,5,5,5,5,5,5,5,5,5,5,5,5,5,5,5,5,5,5,5,5,5,5,5,5,5
143,479,473,477,472,469,460,463,464,489,484,472,473,474,470,466,461,485,490,485,477,477,463,478,472,498,494,491,480,475,477,474,465,497,491,485,486,476,483,488,473,502,496,497,487,489,484,481,489,503,500,492,492,494,490,487,480,505,504,499,492,493,486,490,493,4,3,3,3,3,3,3,4,4,3,3,3,3,3,3,3,4,5,4,3,3,3,4,4,4,4,4,3,3,3,3,3,4,4,4,3,4,3,4,4,4,5,4,4,4,3,4,4,5,4,5,4,4,3,4,4,5,7,4,5,5,5,4,8,5,5,5,5,5,5,5,5,5,5,5,5,5,5,5,5,5,5,5,5,5,5,5,5,5,5,5,5,5,5,5,5,5,5,5,5,5,5,5,5,5,5,5,5,5,5,5,5,5,5,5,5,5,5,5,5,5,5,5,5,5,5,5,5
144,477,478,477,472,465,469,464,464,485,485,473,473,461,469,473,467,495,488,483,480,479,475,473,464,497,492,489,487,476,478,468,469,495,500,500,495,489,482,490,474,501,493,492,484,489,488,474,477,500,500,502,493,493,492,492,481,505,504,503,493,491,506,497,494,5,3,4,4,3,3,4,3,4,4,3,3,3,3,4,4,4,5,4,4,3,3,3,4,4,4,4,3,3,3,3,4,5,4,4,4,3,4,4,5,4,4,4,4,4,4,4,4,5,5,4,5,4,4,4,5,5,7,5,5,5,5,6,6,5,5,5,5,5,5,5,5,5,5,5,5,5,5,5,5,5,5,5,5,5,5,5,5,5,5,5,5,5,5,5,5,5,5,5,5,5,5,5,5,5,5,5,5,5,5,5,5,5,5,5,5,5,5,5,5,5,5,5,5,5,5,5,5
145,485,483,475,470,479,462,463,465,480,482,479,470,472,463,466,465,492,484,483,478,478,474,476,466,495,488,487,486,485,474,474,473,499,490,502,491,487,484,477,474,498,487,494,490,486,485,480,487,508,497,505,496,499,490,485,480,505,512,503,500,503,492,487,493,4,4,3,3,3,3,3,3,3,3,3,3,3,3,3,3,4,5,3,3,3,3,4,4,4,4,4,3,3,3,3,4,4,4,4,3,3,3,3,4,4,4,4,4,4,3,4,4,6,5,4,4,5,3,4,5,5,5,4,5,4,4,5,7,5,5,5,5,5,5,5,5,5,5,5,5,5,5,5,5,5,5,5,5,5,5,5,5,5,5,5,5,5,5,5,5,5,5,5,5,5,5,5,5,5,5,5,5,5,5,5,5,5,5,5,5,5,5,5,5,5,5,5,5,5,5,5,5
146,486,480,473,468,471,463,462,468,483,479,476,469,466,472,470,458,487,490,479,484,481,476,474,467,486,490,493,484,481,476,473,479,497,494,498,495,481,479,480,482,502,492,491,503,491,482,492,476,502,502,493,493,491,484,491,488,518,508,496,502,499,487,497,481,5,3,4,4,3,3,3,4,4,3,3,3,3,3,3,3,4,6,3,4,3,3,4,4,5,4,4,3,4,3,4,4,5,4,4,4,3,3,4,5,5,5,4,5,4,3,4,4,5,5,4,5,4,4,4,5,6,5,4,5,4,5,5,6,5,5,5,5,5,5,5,5,5,5,5,5,5,5,5,5,5,5,5,5,5,5,5,5,5,5,5,5,5,5,5,5,5,5,5,5,5,5,5,5,5,5,5,5,5,5,5,5,5,5,5,5,5,5,5,5,5,5,5,5,5,5,5,5
147,482,477,477,475,464,468,463,461,484,488,484,474,471,466,460,461,486,486,486,472,472,472,473,462,489,492,484,488,476,474,473,471,493,491,483,479,482,484,481,472,505,501,487,485,483,485,487,475,504,502,493,489,492,488,488,483,507,498,501,497,495,501,492,487,4,3,3,3,3,3,3,3,4,3,4,3,4,3,3,3,4,4,3,3,3,3,3,3,5,4,4,3,3,3,3,4,4,4,3,3,3,3,3,4,4,5,3,4,4,4,4,4,4,5,5,5,4,4,4,4,6,6,5,4,4,4,4,6,5,5,5,5,5,5,5,5,5,5,5,5,5,5,5,5,5,5,5,5,5,5,5,5,5,5,5,5,5,5,5,5,5,5,5,5,5,5,5,5,5,5,5,5,5,5,5,5,5,5,5,5,5,5,5,5,5,5,5,5,5,5,5,5
148,489,478,477,473,474,464,468,467,489,471,479,475,476,467,466,468,487,497,486,476,480,472,468,465,484,500,493,482,479,477,474,469,503,495,494,484,488,480,483,475,501,501,492,494,495,478,491,472,503,500,497,495,492,490,485,482,500,500,504,495,494,492,494,485,5,4,3,4,3,3,3,4,4,4,4,3,3,3,3,3,4,4,4,3,3,3,4,4,4,4,4,3,4,3,3,4,5,4,4,4,3,3,3,4,4,4,4,4,4,3,5,4,5,5,4,5,4,5,4,4,5,6,4,5,4,4,4,6,5,5,5,5,5,5,5,5,5,5,5,5,5,5,5,5,5,5,5,5,5,5,5,5,5,5,5,5,5,5,5,5,5,5,5,5,5,5,5,5,5,5,5,5,5,5,5,5,5,5,5,5,5,5,5,5,5,5,5,5,5,5,5,5
149,482,478,480,474,462,466,464,463,479,473,481,475,477,476,471,465,478,481,486,483,479,475,468,472,493,492,493,485,484,475,482,470,497,496,488,488,479,479,480,469,502,485,491,487,483,488,481,481,497,507,502,490,493,484,489,488,514,501,510,493,495,495,506,481,5,3,3,4,3,3,4,4,4,4,3,3,3,3,3,3,5,4,3,3,3,3,3,4,4,4,4,3,3,3,4,4,4,4,3,4,4,4,4,4,4,4,4,4,4,3,5,4,4,5,4,5,4,4,4,5,5,5,4,4,5,4,5,7,5,5,5,5,5,5,5,5,5,5,5,5,5,5,5,5,5,5,5,5,5,5,5,5,5,5,5,5,5,5,5,5,5,5,5,5,5,5,5,5,5,5,5,5,5,5,5,5,5,5,5,5,5,5,5,5,5,5,5,5,5,5,5,5
150,477,478,473,477,467,471,465,462,479,479,480,485,470,472,466,464,490,479,478,489,478,472,470,469,487,489,486,484,477,473,474,476,497,493,492,489,485,485,481,478,503,505,496,494,498,477,478,484,503,510,500,502,492,487,482,484,514,514,507,510,504,495,491,496,4,4,4,3,3,3,4,3,4,3,3,3,3,3,3,3,5,4,3,4,3,3,4,4,4,4,4,3,4,3,3,4,5,4,4,4,4,4,4,3,5,4,4,5,4,3,4,4,5,4,5,5,4,5,4,5,7,6,4,5,5,4,5,7,5,5,5,5,5,5,5,5,5,5,5,5,5,5,5,5,5,5,5,5,5,5,5,5,5,5,5,5,5,5,5,5,5,5,5,5,5,5,5,5,5,5,5,5,5,5,5,5,5,5,5,5,5,5,5,5,5,5,5,5,5,5,5,5
151,482,475,480,473,465,465,464,457,480,477,477,468,479,466,466,467,492,487,485,485,477,478,473,471,490,489,491,480,483,482,476,467,497,495,490,494,474,481,473,468,509,494,495,489,483,488,485,488,496,496,501,505,499,485,489,480,505,501,504,509,500,499,497,487,4,3,4,3,3,3,3,3,4,4,3,3,3,3,3,3,4,4,3,3,3,3,3,4,4,4,3,3,3,3,3,3,4,4,4,4,3,3,3,4,4,4,4,4,4,4,4,3,4,5,4,4,3,4,4,5,6,6,4,5,4,5,6,7,5,5,5,5,5,5,5,5,5,5,5,5,5,5,5,5,5,5,5,5,5,5,5,5,5,5,5,5,5,5,5,5,5,5,5,5,5,5,5,5,5,5,5,5,5,5,5,5,5,5,5,5,5,5,5,5,5,5,5,5,5,5,5,5
152,481,477,471,471,466,459,463,463,484,485,480,479,481,471,464,456,486,483,482,480,471,471,468,474,489,487,488,479,479,479,473,478,497,495,496,491,487,476,478,485,504,498,493,490,484,482,490,488,512,506,497,491,491,491,491,491,516,508,498,489,499,492,500,479,5,4,3,4,3,3,3,4,4,3,4,4,3,3,3,3,4,5,4,4,3,3,3,4,4,4,4,3,3,3,4,5,5,4,4,4,4,4,4,4,5,5,4,4,4,3,5,4,5,6,4,4,4,5,4,5,5,7,4,5,4,4,5,7,5,5,5,5,5,5,5,5,5,5,5,5,5,5,5,5,5,5,5,5,5,5,5,5,5,5,5,5,5,5,5,5,5,5,5,5,5,5,5,5,5,5,5,5,5,5,5,5,5,5,5,5,5,5,5,5,5,5,5,5,5,5,5,5
153,474,475,476,470,477,466,459,460,482,474,483,469,476,473,466,467,492,485,478,481,478,469,467,465,486,483,488,481,489,477,476,475,492,489,490,490,491,479,479,473,502,497,490,489,484,491,479,482,509,507,497,497,490,488,488,490,489,499,502,500,507,490,494,485,4,3,4,3,3,3,3,3,4,3,3,3,3,3,3,4,5,4,3,3,3,3,3,4,4,4,3,3,3,3,4,4,4,4,3,3,3,3,3,4,4,4,4,4,4,4,4,4,5,5,4,4,4,4,4,5,5,6,4,5,4,4,5,7,5,5,5,5,5,5,5,5,5,5,5,5,5,5,5,5,5,5,5,5,5,5,5,5,5,5,5,5,5,5,5,5,5,5,5,5,5,5,5,5,5,5,5,5,5,5,5,5,5,5,5,5,5,5,5,5,5,5,5,5,5,5,5,5
154,490,475,481,472,470,471,454,464,483,485,480,477,473,474,465,463,484,486,481,475,480,478,469,469,493,497,488,484,484,476,472,472,502,491,495,486,482,482,471,466,509,496,487,495,494,489,474,475,505,497,504,497,491,490,483,491,510,502,501,500,494,495,488,475,5,3,3,4,3,4,3,3,4,3,4,3,3,3,3,4,4,5,4,3,3,3,3,4,5,3,4,3,3,3,4,4,5,4,4,3,3,3,4,4,5,5,4,5,4,4,4,4,6,5,4,5,5,5,5,5,5,6,4,6,5,5,4,6,5,5,5,5,5,5,5,5,5,5,5,5,5,5,5,5,5,5,5,5,5,5,5,5,5,5,5,5,5,5,5,5,5,5,5,5,5,5,5,5,5,5,5,5,5,5,5,5,5,5,5,5,5,5,5,5,5,5,5,5,5,5,5,5
155,484,482,473,462,469,465,464,464,480,482,477,477,476,467,470,457,492,491,480,483,474,475,469,474,501,482,485,485,478,478,479,468,507,489,488,479,485,482,487,483,496,496,490,488,486,492,486,479,510,495,500,492,500,483,487,487,510,504,507,499,494,485,495,490,5,3,3,3,3,3,3,3,4,3,3,3,3,3,3,3,4,4,3,4,3,3,3,4,4,4,3,3,4,3,4,4,4,4,4,3,3,3,4,4,4,4,4,4,4,4,4,4,5,4,4,4,4,4,4,4,5,6,4,5,4,4,4,7,5,5,5,5,5,5,5,5,5,5,5,5,5,5,5,5,5,5,5,5,5,5,5,5,5,5,5,5,5,5,5,5,5,5,5,5,5,5,5,5,5,5,5,5,5,5,5,5,5,5,5,5,5,5,5,5,5,5,5,5,5,5,5,5
156,473,480,474,475,467,464,462,466,490,473,481,476,476,473,468,460,488,492,482,478,476,475,473,464,498,497,492,485,476,481,479,472,502,482,487,487,483,481,475,475,505,500,488,486,489,484,488,481,508,503,501,500,493,497,474,483,518,512,502,499,489,495,495,493,4,3,4,4,3,3,4,3,4,3,4,3,3,3,3,4,4,5,4,3,3,3,4,4,5,4,4,3,4,3,4,4,5,3,4,4,3,3,4,4,4,4,4,4,5,4,4,4,6,6,4,4,4,4,4,5,5,5,5,6,5,4,5,5,5,5,5,5,5,5,5,5,5,5,5,5,5,5,5,5,5,5,5,5,5,5,5,5,5,5,5,5,5,5,5,5,5,5,5,5,5,5,5,5,5,5,5,5,5,5,5,5,5,5,5,5,5,5,5,5,5,5,5,5,5,5,5,5
157,480,480,469,478,464,467,466,458,488,480,476,475,474,471,470,467,489,492,480,483,477,473,475,467,495,495,486,479,483,476,477,479,497,497,484,488,489,478,475,478,503,494,496,493,486,482,480,484,505,507,500,497,485,475,485,483,507,506,504,506,498,494,494,492,5,3,3,3,3,3,4,4,4,3,3,3,3,3,3,3,4,4,3,3,3,3,3,3,4,4,4,3,3,3,3,4,4,4,3,4,4,3,3,4,4,4,4,4,4,4,4,4,5,5,4,4,4,4,4,4,6,6,4,4,4,4,4,6,5,5,5,5,5,5,5,5,5,5,5,5,5,5,5,5,5,5,5,5,5,5,5,5,5,5,5,5,5,5,5,5,5,5,5,5,5,5,5,5,5,5,5,5,5,5,5,5,5,5,5,5,5,5,5,5,5,5,5,5,5,5,5,5
158,484,479,473,475,470,469,461,464,486,476,481,483,467,473,462,470,490,487,478,485,483,479,464,471,496,492,483,485,483,484,473,476,497,495,493,489,490,478,470,473,502,500,495,488,485,483,480,476,499,495,490,495,495,483,496,484,509,510,499,499,495,495,492,496,5,4,4,4,3,3,4,4,4,4,4,4,4,3,3,3,4,5,3,4,3,3,3,4,4,3,3,3,3,3,4,4,4,4,3,3,3,4,3,4,4,5,4,4,4,4,4,5,4,5,5,4,5,4,5,5,5,5,4,5,5,4,5,6,5,5,5,5,5,5,5,5,5,5,5,5,5,5,5,5,5,5,5,5,5,5,5,5,5,5,5,5,5,5,5,5,5,5,5,5,5,5,5,5,5,5,5,5,5,5,5,5,5,5,5,5,5,5,5,5,5,5,5,5,5,5,5,5
159,486,473,475,472,467,466,461,456,487,478,473,478,473,467,476,466,488,486,482,480,479,477,471,466,499,487,482,481,477,479,471,475,498,487,486,486,486,476,484,478,502,490,494,495,489,481,481,482,501,506,502,496,494,491,485,487,509,515,504,513,491,488,492,502,4,3,4,4,3,3,4,3,4,3,3,3,3,3,3,4,4,4,4,3,3,3,3,4,4,4,4,3,3,3,3,4,4,4,4,3,3,3,4,4,4,4,4,4,4,3,4,3,5,5,4,5,4,4,4,4,5,5,4,5,4,4,5,5,5,5,5,5,5,5,5,5,5,5,5,5,5,5,5,5,5,5,5,5,5,5,5,5,5,5,5,5,5,5,5,5,5,5,5,5,5,5,5,5,5,5,5,5,5,5,5,5,5,5,5,5,5,5,5,5,5,5,5,5,5,5,5,5
160,481,474,471,473,461,465,466,461,488,479,478,476,472,469,467,464,495,486,483,473,470,475,472,472,488,498,489,481,484,478,477,467,500,494,498,492,488,483,475,487,498,492,500,490,491,487,480,486,509,501,502,495,494,480,491,483,495,500,514,507,506,497,491,490,4,4,4,4,3,3,4,4,4,3,3,4,3,3,3,3,4,5,4,4,3,3,3,4,4,4,4,3,3,3,3,4,5,4,4,4,4,3,4,4,4,5,5,4,4,4,5,4,4,4,5,5,4,4,4,4,6,6,5,6,4,4,4,7,5,5,5,5,5,5,5,5,5,5,5,5,5,5,5,5,5,5,5,5,5,5,5,5,5,5,5,5,5,5,5,5,5,5,5,5,5,5,5,5,5,5,5,5,5,5,5,5,5,5,5,5,5,5,5,5,5,5,5,5,5,5,5,5
161,481,483,478,471,467,468,464,465,486,484,481,476,473,467,464,462,492,480,480,482,479,475,463,468,487,490,489,477,484,476,474,467,496,488,482,487,484,482,484,476,505,486,496,497,486,484,484,478,495,502,497,497,490,487,485,492,501,510,504,493,498,495,496,490,4,4,4,3,3,3,3,4,4,3,3,3,3,3,3,3,4,4,4,3,3,3,3,4,4,4,3,3,3,3,4,4,4,3,3,3,3,3,3,4,4,4,4,4,4,4,4,4,5,5,4,5,4,4,4,5,5,5,5,5,4,4,5,7,5,5,5,5,5,5,5,5,5,5,5,5,5,5,5,5,5,5,5,5,5,5,5,5,5,5,5,5,5,5,5,5,5,5,5,5,5,5,5,5,5,5,5,5,5,5,5,5,5,5,5,5,5,5,5,5,5,5,5,5,5,5,5,5
162,489,482,474,478,464,460,468,460,487,481,476,480,470,467,465,469,498,486,484,479,476,475,470,471,489,493,492,487,487,484,477,484,491,494,488,485,481,481,474,473,502,495,491,494,493,486,474,484,506,506,495,498,484,494,488,477,511,508,497,484,497,492,501,485,5,4,4,4,3,3,4,3,4,4,4,3,3,4,3,4,5,4,3,4,3,3,3,4,5,4,4,3,3,3,4,5,5,4,4,4,3,4,4,4,4,4,4,5,4,4,4,4,5,5,4,4,4,4,4,4,4,6,4,5,4,4,5,6,5,5,5,5,5,5,5,5,5,5,5,5,5,5,5,5,5,5,5,5,5,5,5,5,5,5,5,5,5,5,5,5,5,5,5,5,5,5,5,5,5,5,5,5,5,5,5,5,5,5,5,5,5,5,5,5,5,5,5,5,5,5,5,5
163,483,479,470,470,471,469,469,462,486,481,478,476,475,475,465,465,481,480,483,494,476,474,469,472,498,488,488,475,483,481,473,468,494,490,492,486,480,483,480,477,492,495,488,489,491,482,485,473,505,498,493,496,487,486,490,484,520,503,503,511,499,492,498,486,4,3,3,4,3,3,4,3,4,3,3,3,3,3,3,3,5,4,4,4,3,3,3,4,4,3,4,4,3,3,3,4,4,4,3,3,3,3,4,4,4,5,4,4,4,3,5,4,5,4,4,4,4,4,3,4,5,6,4,5,4,4,5,6,5,5,5,5,5,5,5,5,5,5,5,5,5,5,5,5,5,5,5,5,5,5,5,5,5,5,5,5,5,5,5,5,5,5,5,5,5,5,5,5,5,5,5,5,5,5,5,5,5,5,5,5,5,5,5,5,5,5,5,5,5,5,5,5
164,484,482,479,476,464,473,470,458,484,480,480,474,473,471,472,461,494,484,484,481,479,474,471,472,501,483,491,487,478,482,476,466,499,492,493,482,483,488,477,471,506,501,498,498,496,485,479,486,511,509,496,497,498,493,486,486,515,510,504,491,504,496,492,503,5,4,3,4,3,3,3,4,4,3,3,3,3,3,4,3,4,4,4,4,3,3,4,4,4,3,4,3,3,3,4,4,4,5,4,4,3,4,4,4,4,4,5,4,4,4,4,4,4,5,4,4,5,3,4,6,5,6,4,5,4,5,5,5,5,5,5,5,5,5,5,5,5,5,5,5,5,5,5,5,5,5,5,5,5,5,5,5,5,5,5,5,5,5,5,5,5,5,5,5,5,5,5,5,5,5,5,5,5,5,5,5,5,5,5,5,5,5,5,5,5,5,5,5,5,5,5,5
165,482,478,475,471,469,467,466,464,483,478,478,475,472,469,466,471,492,488,490,472,480,473,472,469,495,487,491,482,476,478,472,470,495,493,488,491,488,486,476,476,501,496,497,489,483,490,480,481,503,494,494,500,496,493,487,483,509,499,507,501,494,492,492,480,4,3,4,3,3,3,3,3,3,3,3,3,3,3,3,4,4,5,4,3,3,3,4,4,4,4,4,3,3,3,3,4,5,4,3,3,3,3,3,4,4,4,4,3,4,4,4,4,5,4,4,4,4,4,4,5,5,5,4,4,4,4,5,5,5,5,5,5,5,5,5,5,5,5,5,5,5,5,5,5,5,5,5,5,5,5,5,5,5,5,5,5,5,5,5,5,5,5,5,5,5,5,5,5,5,5,5,5,5,5,5,5,5,5,5,5,5,5,5,5,5,5,5,5,5,5,5,5
166,474,474,478,467,468,466,461,462,486,478,480,476,468,468,473,463,484,486,486,484,484,477,474,471,496,487,484,481,481,478,476,475,506,486,487,483,486,480,479,480,512,489,494,492,487,483,484,476,510,506,497,495,491,486,493,487,509,506,508,492,498,499,501,500,4,4,4,4,3,3,4,4,4,4,3,3,3,3,4,4,5,5,4,4,3,3,4,4,5,4,3,3,3,3,4,4,5,4,3,4,4,3,3,4,5,5,4,4,4,4,4,5,5,5,4,4,4,5,4,4,6,7,4,4,4,4,5,6,5,5,5,5,5,5,5,5,5,5,5,5,5,5,5,5,5,5,5,5,5,5,5,5,5,5,5,5,5,5,5,5,5,5,5,5,5,5,5,5,5,5,5,5,5,5,5,5,5,5,5,5,5,5,5,5,5,5,5,5,5,5,5,5
167,483,474,473,468,468,470,460,462,482,480,481,472,475,471,466,461,494,484,479,476,473,478,471,471,488,495,486,482,482,484,479,472,500,492,485,486,485,479,478,471,497,493,483,489,487,486,489,478,507,497,494,494,498,491,486,487,509,509,506,505,504,496,498,493,4,3,3,3,3,3,3,4,4,4,3,3,3,3,3,3,4,4,3,3,3,3,3,3,4,3,3,3,3,3,4,4,4,4,3,3,3,3,3,4,4,4,4,4,4,4,4,4,4,5,4,4,4,3,4,5,4,5,4,5,4,4,5,6,5,5,5,5,5,5,5,5,5,5,5,5,5,5,5,5,5,5,5,5,5,5,5,5,5,5,5,5,5,5,5,5,5,5,5,5,5,5,5,5,5,5,5,5,5,5,5,5,5,5,5,5,5,5,5,5,5,5,5,5,5,5,5,5
168,484,483,470,464,469,472,459,461,489,476,474,474,476,470,469,469,485,483,484,477,481,472,466,474,491,496,489,482,484,479,475,470,494,493,487,489,490,484,477,472,505,495,492,496,490,479,483,478,505,498,502,493,488,482,488,483,507,511,501,497,494,487,490,489,5,4,4,4,3,4,3,3,4,4,4,3,3,3,3,4,4,4,4,4,3,4,3,4,4,3,4,3,4,3,3,4,4,4,4,4,3,4,4,4,5,5,4,4,4,4,5,4,6,5,5,4,5,4,4,4,8,4,4,5,5,5,5,7,5,5,5,5,5,5,5,5,5,5,5,5,5,5,5,5,5,5,5,5,5,5,5,5,5,5,5,5,5,5,5,5,5,5,5,5,5,5,5,5,5,5,5,5,5,5,5,5,5,5,5,5,5,5,5,5,5,5,5,5,5,5,5,5
169,479,470,475,471,469,465,460,454,494,474,476,477,476,469,466,465,481,490,480,474,470,478,469,467,495,489,486,485,486,478,473,476,500,494,486,492,490,486,483,475,503,490,493,491,481,486,486,480,513,502,498,492,493,485,484,490,511,514,505,501,502,506,489,495,4,3,4,4,3,3,3,4,4,3,3,4,3,3,3,3,5,4,4,4,3,3,3,4,4,4,4,3,3,3,3,4,5,4,3,3,3,3,4,4,4,4,4,4,4,3,4,4,5,5,4,4,4,4,4,5,5,5,4,5,4,4,5,6,5,5,5,5,5,5,5,5,5,5,5,5,5,5,5,5,5,5,5,5,5,5,5,5,5,5,5,5,5,5,5,5,5,5,5,5,5,5,5,5,5,5,5,5,5,5,5,5,5,5,5,5,5,5,5,5,5,5,5,5,5,5,5,5
170,486,482,476,467,469,466,464,465,483,473,481,472,475,474,467,469,482,486,481,476,479,469,474,471,492,492,488,480,483,476,470,471,499,489,489,491,483,479,474,475,506,503,495,487,490,482,477,480,510,504,493,495,492,483,492,489,506,505,502,492,493,492,501,490,5,4,4,4,3,3,4,4,4,4,4,3,3,3,4,4,4,4,3,4,3,3,3,4,4,4,4,3,4,3,4,4,4,4,4,4,3,3,3,5,5,4,4,4,4,4,4,5,5,5,5,4,5,4,5,5,5,6,4,5,5,5,6,7,5,5,5,5,5,5,5,5,5,5,5,5,5,5,5,5,5,5,5,5,5,5,5,5,5,5,5,5,5,5,5,5,5,5,5,5,5,5,5,5,5,5,5,5,5,5,5,5,5,5,5,5,5,5,5,5,5,5,5,5,5,5,5,5
171,482,475,477,470,464,459,464,461,488,475,479,477,473,468,470,459,490,478,483,485,476,480,469,465,496,494,488,480,478,484,475,471,500,484,484,487,477,477,477,466,509,496,501,488,484,483,481,485,511,502,486,498,491,490,488,480,508,511,512,502,495,485,497,492,5,3,4,4,3,3,3,4,4,3,3,3,3,3,3,3,4,4,4,3,3,3,3,3,4,4,3,3,3,3,3,4,4,4,3,3,4,3,4,3,5,5,4,4,4,3,4,4,5,5,4,4,4,4,4,4,5,5,5,4,5,5,4,6,5,5,5,5,5,5,5,5,5,5,5,5,5,5,5,5,5,5,5,5,5,5,5,5,5,5,5,5,5,5,5,5,5,5,5,5,5,5,5,5,5,5,5,5,5,5,5,5,5,5,5,5,5,5,5,5,5,5,5,5,5,5,5,5
172,482,479,482,475,473,467,463,458,487,479,482,476,483,470,464,471,496,480,479,483,479,474,470,466,496,485,490,479,477,474,472,482,489,490,487,494,482,478,482,474,497,487,502,486,489,481,486,488,502,501,501,496,493,484,490,486,515,513,502,498,501,493,501,489,4,4,4,4,3,4,4,4,4,3,4,3,4,3,3,4,4,4,4,4,3,3,3,4,4,4,4,3,4,4,3,5,5,4,4,4,3,3,4,4,5,4,4,4,4,4,4,4,5,5,7,4,5,4,4,5,5,6,4,5,4,4,5,7,5,5,5,5,5,5,5,5,5,5,5,5,5,5,5,5,5,5,5,5,5,5,5,5,5,5,5,5,5,5,5,5,5,5,5,5,5,5,5,5,5,5,5,5,5,5,5,5,5,5,5,5,5,5,5,5,5,5,5,5,5,5,5,5
173,482,482,473,475,469,463,467,459,480,480,477,480,478,468,470,461,492,485,484,481,472,467,471,463,494,490,487,488,478,479,484,470,493,500,491,492,488,488,485,477,502,499,493,494,497,485,482,485,504,499,500,497,499,482,487,486,513,500,507,493,500,483,495,497,5,4,3,4,3,3,3,3,3,4,3,3,3,3,3,3,4,4,4,3,3,3,3,4,4,4,3,3,3,3,4,4,4,3,3,3,3,4,4,4,4,5,4,4,4,4,4,5,5,5,4,4,4,5,4,5,6,5,4,4,4,5,4,8,5,5,5,5,5,5,5,5,5,5,5,5,5,5,5,5,5,5,5,5,5,5,5,5,5,5,5,5,5,5,5,5,5,5,5,5,5,5,5,5,5,5,5,5,5,5,5,5,5,5,5,5,5,5,5,5,5,5,5,5,5,5,5,5
174,485,475,471,469,467,462,467,460,493,472,479,469,475,467,469,464,481,483,486,480,477,477,466,467,496,490,492,475,482,474,478,471,499,495,490,489,490,483,478,480,506,506,496,493,497,479,479,470,513,492,494,489,492,485,499,497,502,511,506,508,501,494,498,479,4,4,4,4,3,3,3,4,4,4,3,3,4,3,4,3,4,5,4,4,3,3,3,4,4,4,4,3,4,4,4,4,4,4,4,3,4,3,4,4,4,4,4,5,4,3,4,4,4,4,5,5,4,4,5,6,5,6,5,6,4,4,5,7,5,5,5,5,5,5,5,5,5,5,5,5,5,5,5,5,5,5,5,5,5,5,5,5,5,5,5,5,5,5,5,5,5,5,5,5,5,5,5,5,5,5,5,5,5,5,5,5,5,5,5,5,5,5,5,5,5,5,5,5,5,5,5,5
175,479,480,478,475,465,468,464,452,490,481,482,487,472,470,470,462,487,489,484,481,480,472,472,470,502,490,491,486,478,477,472,474,495,490,492,492,484,486,474,469,499,493,490,496,487,477,480,485,504,501,497,488,492,484,492,487,507,506,507,510,493,498,495,495,5,3,4,4,3,3,3,4,4,3,3,3,3,3,3,3,5,4,4,3,3,3,4,3,4,4,4,3,3,3,3,4,4,4,3,3,3,3,3,4,4,5,4,4,4,3,4,3,5,5,5,5,4,4,4,5,5,5,5,5,5,4,4,5,5,5,5,5,5,5,5,5,5,5,5,5,5,5,5,5,5,5,5,5,5,5,5,5,5,5,5,5,5,5,5,5,5,5,5,5,5,5,5,5,5,5,5,5,5,5,5,5,5,5,5,5,5,5,5,5,5,5,5,5,5,5,5,5
176,484,481,473,473,469,468,462,465,486,480,482,473,472,472,463,468,488,491,485,477,479,477,469,470,498,485,491,483,473,474,461,474,508,497,503,488,485,481,483,467,506,494,489,488,483,483,489,478,501,505,493,490,495,493,489,486,517,508,501,499,490,492,490,491,4,4,4,4,3,3,3,4,4,3,4,4,3,3,3,4,5,4,4,4,3,3,3,4,4,4,4,3,4,3,3,4,5,4,4,4,3,4,4,4,5,4,4,4,5,4,5,5,5,5,4,4,5,4,4,4,6,5,5,5,5,4,4,6,5,5,5,5,5,5,5,5,5,5,5,5,5,5,5,5,5,5,5,5,5,5,5,5,5,5,5,5,5,5,5,5,5,5,5,5,5,5,5,5,5,5,5,5,5,5,5,5,5,5,5,5,5,5,5,5,5,5,5,5,5,5,5,5
177,475,481,476,471,463,466,463,460,481,485,479,468,476,471,465,467,489,478,486,486,477,470,467,472,498,488,487,478,481,478,477,480,497,490,490,495,490,483,484,467,502,503,493,486,493,480,488,477,504,513,500,496,481,493,486,495,507,508,506,495,501,498,493,486,4,4,4,4,3,3,3,3,4,4,3,3,3,3,3,3,4,4,4,3,3,3,3,4,4,4,3,3,3,3,3,5,4,4,3,3,3,3,3,4,5,4,4,4,5,3,4,4,5,6,5,4,3,5,4,4,5,5,4,5,4,5,5,7,5,5,5,5,5,5,5,5,5,5,5,5,5,5,5,5,5,5,5,5,5,5,5,5,5,5,5,5,5,5,5,5,5,5,5,5,5,5,5,5,5,5,5,5,5,5,5,5,5,5,5,5,5,5,5,5,5,5,5,5,5,5,5,5
178,485,477,474,472,469,459,468,468,485,482,480,481,467,474,466,468,486,491,485,479,480,476,467,463,494,491,488,479,476,476,473,478,498,494,490,489,483,483,486,480,496,491,502,490,492,491,486,479,514,501,494,497,492,490,488,499,515,506,502,496,490,498,497,477,5,3,4,4,3,3,4,3,5,3,4,3,4,3,3,4,4,5,4,3,3,4,4,4,5,4,4,3,3,4,4,4,4,4,4,3,4,3,4,5,4,4,5,4,4,4,4,4,5,5,5,4,4,5,4,6,6,5,4,5,5,4,4,6,5,5,5,5,5,5,5,5,5,5,5,5,5,5,5,5,5,5,5,5,5,5,5,5,5,5,5,5,5,5,5,5,5,5,5,5,5,5,5,5,5,5,5,5,5,5,5,5,5,5,5,5,5,5,5,5,5,5,5,5,5,5,5,5
179,481,483,477,465,473,467,467,456,486,481,477,470,469,470,471,466,489,483,481,487,475,474,470,468,493,481,470,486,473,483,474,465,500,496,492,487,479,484,480,478,506,495,489,483,491,487,480,471,506,495,503,494,489,487,488,488,519,505,503,503,499,498,491,477,4,4,4,3,3,3,3,4,4,3,3,3,3,3,3,3,4,4,4,4,3,3,3,4,4,4,4,3,4,3,3,3,5,4,4,3,4,3,4,4,4,4,4,4,4,3,4,4,5,4,4,5,4,5,4,6,5,4,4,5,4,4,5,6,5,5,5,5,5,5,5,5,5,5,5,5,5,5,5,5,5,5,5,5,5,5,5,5,5,5,5,5,5,5,5,5,5,5,5,5,5,5,5,5,5,5,5,5,5,5,5,5,5,5,5,5,5,5,5,5,5,5,5,5,5,5,5,5
180,481,480,474,471,472,465,466,464,483,473,483,474,467,473,469,472,496,485,487,482,482,475,477,463,483,495,490,481,486,483,480,475,496,487,486,491,480,483,473,485,505,500,504,496,488,481,485,486,511,499,500,495,491,488,493,479,508,503,501,495,503,489,492,482,5,4,4,4,3,3,4,4,4,3,4,3,3,3,3,4,4,4,4,4,3,3,4,4,4,4,4,3,3,3,4,4,5,4,4,3,3,3,3,4,4,3,5,4,4,3,5,5,5,5,5,5,4,5,4,4,5,6,5,5,4,4,6,6,5,5,5,5,5,5,5,5,5,5,5,5,5,5,5,5,5,5,5,5,5,5,5,5,5,5,5,5,5,5,5,5,5,5,5,5,5,5,5,5,5,5,5,5,5,5,5,5,5,5,5,5,5,5,5,5,5,5,5,5,5,5,5,5
181,480,480,470,478,465,465,468,459,489,474,480,474,469,468,471,460,496,486,476,478,477,474,473,471,491,489,485,486,478,479,477,479,495,493,488,485,490,479,483,474,501,498,494,494,488,482,479,472,511,508,499,495,494,479,490,491,503,516,497,510,492,491,493,487,4,4,3,4,3,3,3,3,5,3,3,3,3,3,3,3,4,5,3,3,3,3,3,4,4,4,4,3,3,3,3,4,5,4,3,3,3,3,3,4,4,4,4,4,4,3,4,4,5,5,4,4,4,4,4,4,6,5,4,5,4,5,5,7,5,5,5,5,5,5,5,5,5,5,5,5,5,5,5,5,5,5,5,5,5,5,5,5,5,5,5,5,5,5,5,5,5,5,5,5,5,5,5,5,5,5,5,5,5,5,5,5,5,5,5,5,5,5,5,5,5,5,5,5,5,5,5,5
182,487,479,474,475,463,464,465,457,485,483,476,474,474,466,465,470,492,492,482,475,481,474,466,467,494,495,498,486,481,477,481,477,493,497,491,490,491,489,478,481,500,495,491,491,489,480,479,483,499,501,497,491,501,480,495,484,518,502,500,500,500,493,500,486,5,4,4,4,3,3,4,4,4,4,4,4,3,3,4,4,4,5,4,3,3,3,4,4,5,3,4,3,3,3,4,4,5,4,4,3,3,4,4,5,4,5,4,4,4,4,4,4,6,5,4,4,5,4,4,5,7,6,4,5,4,4,5,6,5,5,5,5,5,5,5,5,5,5,5,5,5,5,5,5,5,5,5,5,5,5,5,5,5,5,5,5,5,5,5,5,5,5,5,5,5,5,5,5,5,5,5,5,5,5,5,5,5,5,5,5,5,5,5,5,5,5,5,5,5,5,5,5
183,480,474,469,470,472,466,469,462,489,478,481,477,471,470,470,469,490,489,486,486,476,470,469,474,495,487,486,480,478,480,477,473,505,491,488,488,483,482,477,469,502,488,493,487,494,483,479,481,513,503,487,488,486,481,485,484,504,503,501,502,491,499,501,486,4,3,3,3,3,3,4,3,4,4,3,3,3,3,3,4,4,4,3,4,3,3,3,4,4,4,4,3,3,3,3,4,5,4,3,4,3,3,3,4,4,4,4,4,4,3,4,5,5,4,4,4,4,4,4,4,5,7,4,4,5,4,5,6,5,5,5,5,5,5,5,5,5,5,5,5,5,5,5,5,5,5,5,5,5,5,5,5,5,5,5,5,5,5,5,5,5,5,5,5,5,5,5,5,5,5,5,5,5,5,5,5,5,5,5,5,5,5,5,5,5,5,5,5,5,5,5,5
184,478,476,477,474,466,469,459,464,489,487,483,485,472,471,469,469,496,487,481,485,477,480,463,466,491,480,487,490,482,482,479,461,503,495,489,488,485,484,484,471,501,489,496,502,483,474,486,485,502,516,505,491,495,494,488,495,507,508,508,490,499,492,495,487,4,4,4,4,3,3,4,4,4,4,4,4,3,3,3,4,4,5,4,4,3,3,3,4,5,4,4,3,4,3,3,4,4,5,4,4,3,3,4,4,4,4,5,5,4,4,4,4,5,5,4,5,4,4,4,6,5,7,5,6,5,4,5,7,5,5,5,5,5,5,5,5,5,5,5,5,5,5,5,5,5,5,5,5,5,5,5,5,5,5,5,5,5,5,5,5,5,5,5,5,5,5,5,5,5,5,5,5,5,5,5,5,5,5,5,5,5,5,5,5,5,5,5,5,5,5,5,5
185,487,479,469,474,467,472,464,468,486,487,479,474,476,472,466,463,489,490,485,486,477,475,471,474,498,490,491,480,481,479,470,478,499,492,484,487,488,477,470,473,502,491,503,492,483,484,482,482,502,505,500,496,501,489,487,479,516,512,506,490,497,497,499,484,4,3,3,4,3,4,3,4,4,3,3,3,3,3,3,3,4,5,4,4,3,3,3,3,4,4,4,3,3,3,3,4,4,4,3,3,3,3,3,4,3,4,4,4,4,4,4,4,5,5,4,4,5,4,4,5,5,6,5,5,4,4,5,7,5,5,5,5,5,5,5,5,5,5,5,5,5,5,5,5,5,5,5,5,5,5,5,5,5,5,5,5,5,5,5,5,5,5,5,5,5,5,5,5,5,5,5,5,5,5,5,5,5,5,5,5,5,5,5,5,5,5,5,5,5,5,5,5
186,476,484,471,469,473,470,452,466,489,476,479,479,472,465,464,469,487,492,484,479,476,480,470,469,499,485,493,481,483,476,468,479,498,496,489,493,495,478,484,469,499,498,498,491,484,487,478,481,505,496,498,491,486,481,497,478,518,499,506,513,495,492,489,493,4,4,4,4,3,3,3,4,4,4,4,3,3,3,3,4,4,4,4,3,3,4,4,4,4,4,4,3,3,3,4,5,4,4,3,4,4,3,4,4,5,4,4,4,4,4,4,4,6,5,5,5,4,4,4,4,7,6,4,6,4,4,5,8,5,5,5,5,5,5,5,5,5,5,5,5,5,5,5,5,5,5,5,5,5,5,5,5,5,5,5,5,5,5,5,5,5,5,5,5,5,5,5,5,5,5,5,5,5,5,5,5,5,5,5,5,5,5,5,5,5,5,5,5,5,5,5,5
187,480,474,475,464,467,467,461,465,483,488,482,479,468,470,465,470,496,478,486,485,475,478,467,466,489,487,492,480,485,483,472,471,499,494,490,482,487,480,477,476,502,499,485,497,482,491,483,476,506,502,502,492,493,493,485,496,523,497,508,503,496,495,496,478,4,3,4,3,3,3,3,3,4,3,4,3,3,3,3,3,5,4,3,4,3,3,3,3,4,4,3,3,3,3,3,3,5,4,4,3,3,3,3,4,5,4,4,4,4,4,4,4,5,5,4,4,4,3,5,5,6,5,4,4,4,4,5,6,5,5,5,5,5,5,5,5,5,5,5,5,5,5,5,5,5,5,5,5,5,5,5,5,5,5,5,5,5,5,5,5,5,5,5,5,5,5,5,5,5,5,5,5,5,5,5,5,5,5,5,5,5,5,5,5,5,5,5,5,5,5,5,5
188,472,479,477,468,464,467,464,461,485,485,487,474,474,478,469,459,490,480,479,484,475,475,473,466,499,492,496,483,477,473,477,476,502,498,495,483,493,480,483,486,490,499,491,496,491,484,488,486,507,506,498,491,498,488,490,485,509,503,498,503,497,499,490,494,4,4,4,3,3,3,3,4,4,3,4,3,3,3,3,4,5,4,4,3,3,3,3,4,4,4,4,4,3,3,4,4,5,4,4,4,4,3,4,5,5,5,4,5,4,4,4,4,6,5,4,4,4,4,4,5,4,6,4,5,4,5,5,8,5,5,5,5,5,5,5,5,5,5,5,5,5,5,5,5,5,5,5,5,5,5,5,5,5,5,5,5,5,5,5,5,5,5,5,5,5,5,5,5,5,5,5,5,5,5,5,5,5,5,5,5,5,5,5,5,5,5,5,5,5,5,5,5
189,478,483,477,469,473,465,466,461,482,480,468,469,471,474,473,470,484,488,493,476,477,474,475,469,487,490,484,479,483,474,473,466,496,494,484,486,487,491,478,473,501,503,491,500,489,481,481,484,509,495,492,486,491,487,480,487,523,515,501,502,501,497,490,486,4,4,3,3,3,3,3,3,4,3,3,3,3,3,3,4,4,5,4,3,3,3,3,4,3,3,3,3,3,3,3,4,5,4,4,3,3,4,3,4,4,4,4,5,4,3,4,4,5,4,4,5,4,4,4,4,6,6,4,4,4,5,5,7,5,5,5,5,5,5,5,5,5,5,5,5,5,5,5,5,5,5,5,5,5,5,5,5,5,5,5,5,5,5,5,5,5,5,5,5,5,5,5,5,5,5,5,5,5,5,5,5,5,5,5,5,5,5,5,5,5,5,5,5,5,5,5,5
190,486,482,482,473,473,466,464,457,484,478,480,481,476,478,467,469,490,485,484,482,474,475,472,472,493,486,494,492,484,481,466,477,502,499,499,490,485,487,480,480,503,489,494,490,490,490,491,478,511,495,500,491,494,495,485,486,503,507,500,491,498,493,492,491,4,4,4,4,3,3,4,4,4,4,3,4,3,3,3,4,5,5,4,4,3,4,4,3,4,4,4,4,3,3,4,4,6,4,4,3,4,3,4,4,4,4,4,4,4,4,5,5,5,5,4,5,5,5,5,5,7,7,4,6,5,5,5,7,5,5,5,5,5,5,5,5,5,5,5,5,5,5,5,5,5,5,5,5,5,5,5,5,5,5,5,5,5,5,5,5,5,5,5,5,5,5,5,5,5,5,5,5,5,5,5,5,5,5,5,5,5,5,5,5,5,5,5,5,5,5,5,5
191,488,476,473,466,468,467,461,459,486,485,473,471,475,471,477,458,488,483,487,482,479,475,470,469,495,496,489,479,480,470,468,472,504,492,494,482,482,476,476,470,504,492,494,496,486,483,490,470,506,498,500,491,491,492,491,486,507,497,496,491,497,498,491,472,4,3,4,4,3,3,3,4,3,3,3,3,3,3,3,3,4,4,4,4,3,3,3,4,4,4,4,3,4,3,3,4,4,3,4,4,3,3,3,3,4,4,4,4,4,3,4,4,5,5,4,4,4,4,4,5,5,5,4,4,4,4,5,6,5,5,5,5,5,5,5,5,5,5,5,5,5,5,5,5,5,5,5,5,5,5,5,5,5,5,5,5,5,5,5,5,5,5,5,5,5,5,5,5,5,5,5,5,5,5,5,5,5,5,5,5,5,5,5,5,5,5,5,5,5,5,5,5
192,477,482,476,468,471,466,466,463,481,479,483,476,471,469,470,466,490,488,477,484,475,479,480,470,498,497,485,486,481,481,473,474,496,492,487,490,476,483,484,473,494,492,496,487,485,478,479,478,501,506,493,495,488,494,484,481,515,526,502,514,494,484,494,489,4,4,4,4,3,3,4,4,4,4,4,4,3,3,3,4,5,5,4,4,3,3,4,4,4,4,3,3,3,3,4,4,5,4,3,3,4,3,4,4,5,4,5,4,4,4,4,4,5,5,4,4,5,4,4,4,6,6,5,5,6,5,5,7,5,5,5,5,5,5,5,5,5,5,5,5,5,5,5,5,5,5,5,5,5,5,5,5,5,5,5,5,5,5,5,5,5,5,5,5,5,5,5,5,5,5,5,5,5,5,5,5,5,5,5,5,5,5,5,5,5,5,5,5,5,5,5,5
193,474,483,475,467,472,470,460,464,482,475,479,474,470,467,468,457,490,490,482,483,476,476,470,470,491,486,491,477,479,477,480,467,499,501,487,488,479,480,477,477,498,507,489,496,485,484,485,488,510,495,497,498,498,493,482,482,505,507,508,490,498,488,491,490,4,4,4,4,3,3,3,3,4,4,3,3,3,3,3,3,4,4,4,4,3,3,3,4,4,4,4,3,4,3,4,4,4,3,4,3,4,3,3,4,4,4,4,4,4,4,4,3,5,4,4,4,5,4,3,4,4,6,5,5,4,5,4,6,5,5,5,5,5,5,5,5,5,5,5,5,5,5,5,5,5,5,5,5,5,5,5,5,5,5,5,5,5,5,5,5,5,5,5,5,5,5,5,5,5,5,5,5,5,5,5,5,5,5,5,5,5,5,5,5,5,5,5,5,5,5,5,5
194,475,475,472,481,465,473,471,461,481,480,480,476,475,469,471,458,492,489,485,480,480,477,474,474,488,493,485,480,479,482,482,467,509,491,491,489,484,485,477,480,509,489,495,487,485,491,489,484,507,512,506,482,497,497,484,486,509,517,503,503,497,489,492,495,5,4,4,4,3,3,3,4,4,3,4,3,3,3,3,3,5,5,4,4,3,3,4,4,5,4,4,3,4,4,4,4,5,4,4,3,3,3,4,5,5,5,4,4,4,4,4,4,5,5,4,5,5,4,4,5,6,7,4,6,5,5,5,6,5,5,5,5,5,5,5,5,5,5,5,5,5,5,5,5,5,5,5,5,5,5,5,5,5,5,5,5,5,5,5,5,5,5,5,5,5,5,5,5,5,5,5,5,5,5,5,5,5,5,5,5,5,5,5,5,5,5,5,5,5,5,5,5
195,480,481,475,470,464,463,468,464,489,477,476,475,469,474,465,467,488,485,477,484,477,470,470,465,494,490,491,487,481,478,472,472,500,492,485,490,484,489,479,474,500,496,496,490,490,483,491,480,498,498,501,492,496,485,489,483,514,509,504,495,498,487,489,494,4,4,4,4,3,3,3,4,4,4,3,3,3,3,3,3,4,5,4,4,3,3,3,3,5,4,4,3,3,3,3,4,5,4,3,3,3,3,3,4,4,5,4,4,4,4,5,4,4,5,4,4,4,4,4,4,6,7,4,5,4,4,4,5,5,5,5,5,5,5,5,5,5,5,5,5,5,5,5,5,5,5,5,5,5,5,5,5,5,5,5,5,5,5,5,5,5,5,5,5,5,5,5,5,5,5,5,5,5,5,5,5,5,5,5,5,5,5,5,5,5,5,5,5,5,5,5,5
196,473,478,476,472,465,463,461,461,484,480,483,475,474,468,462,463,487,485,484,485,474,475,474,469,486,489,484,478,476,474,478,476,497,495,488,488,486,482,479,479,512,500,488,488,486,487,473,481,497,504,491,499,493,487,492,499,508,508,507,496,492,494,485,494,4,4,4,4,3,3,3,4,4,4,4,3,3,3,3,4,5,5,4,4,3,3,3,4,4,4,4,3,4,3,3,4,4,4,3,3,3,3,4,5,5,4,4,4,5,4,5,4,5,5,5,5,5,4,4,5,5,5,5,5,5,4,5,9,5,5,5,5,5,5,5,5,5,5,5,5,5,5,5,5,5,5,5,5,5,5,5,5,5,5,5,5,5,5,5,5,5,5,5,5,5,5,5,5,5,5,5,5,5,5,5,5,5,5,5,5,5,5,5,5,5,5,5,5,5,5,5,5
197,479,481,476,473,463,466,459,462,483,482,477,476,476,469,474,464,484,487,491,487,479,468,469,474,482,486,489,486,482,475,473,470,503,493,488,481,491,484,472,480,511,500,491,494,477,482,475,481,511,498,498,489,484,480,480,475,512,507,499,500,496,487,479,493,4,3,3,4,3,3,3,3,4,3,3,3,3,3,3,3,4,4,4,4,3,3,3,4,4,4,3,3,3,3,3,4,4,4,3,3,3,3,3,4,5,4,4,5,4,3,4,4,5,4,4,4,4,4,4,4,4,7,4,5,4,4,5,7,5,5,5,5,5,5,5,5,5,5,5,5,5,5,5,5,5,5,5,5,5,5,5,5,5,5,5,5,5,5,5,5,5,5,5,5,5,5,5,5,5,5,5,5,5,5,5,5,5,5,5,5,5,5,5,5,5,5,5,5,5,5,5,5
198,481,480,473,473,474,467,463,463,478,476,483,474,477,473,471,465,484,496,483,479,479,470,469,476,496,487,494,483,483,474,471,470,496,490,489,491,480,481,481,470,499,495,490,495,489,487,484,478,509,506,503,485,487,490,487,486,501,506,501,503,497,489,490,496,5,4,4,4,3,3,4,4,4,4,4,3,3,3,4,4,5,4,4,3,3,3,3,3,5,4,4,3,3,3,3,4,5,4,4,4,4,3,3,4,4,5,4,4,4,3,5,4,5,6,4,4,4,5,5,4,5,6,4,5,5,6,5,7,5,5,5,5,5,5,5,5,5,5,5,5,5,5,5,5,5,5,5,5,5,5,5,5,5,5,5,5,5,5,5,5,5,5,5,5,5,5,5,5,5,5,5,5,5,5,5,5,5,5,5,5,5,5,5,5,5,5,5,5,5,5,5,5
199,489,481,476,473,468,464,464,460,482,485,472,472,471,470,470,462,489,481,481,480,472,472,467,466,496,492,487,493,479,475,472,470,499,486,487,486,484,481,475,470,504,495,491,492,486,482,482,485,507,497,492,486,492,493,490,487,503,505,499,500,494,492,492,486,4,3,3,3,3,3,3,3,4,3,3,3,3,3,3,3,4,4,3,3,3,3,3,4,4,4,4,3,4,3,4,4,4,3,3,3,3,3,4,3,4,3,4,4,4,3,4,4,5,5,5,4,4,5,4,5,5,6,4,5,5,4,4,6,5,5,5,5,5,5,5,5,5,5,5,5,5,5,5,5,5,5,5,5,5,5,5,5,5,5,5,5,5,5,5,5,5,5,5,5,5,5,5,5,5,5,5,5,5,5,5,5,5,5,5,5,5,5,5,5,5,5,5,5,5,5,5,5
