frame,dist_z0,dist_z1,dist_z2,dist_z3,dist_z4,dist_z5,dist_z6,dist_z7,dist_z8,dist_z9,dist_z10,dist_z11,dist_z12,dist_z13,dist_z14,dist_z15,dist_z16,dist_z17,dist_z18,dist_z19,dist_z20,dist_z21,dist_z22,dist_z23,dist_z24,dist_z25,dist_z26,dist_z27,dist_z28,dist_z29,dist_z30,dist_z31,dist_z32,dist_z33,dist_z34,dist_z35,dist_z36,dist_z37,dist_z38,dist_z39,dist_z40,dist_z41,dist_z42,dist_z43,dist_z44,dist_z45,dist_z46,dist_z47,dist_z48,dist_z49,dist_z50,dist_z51,dist_z52,dist_z53,dist_z54,dist_z55,dist_z56,dist_z57,dist_z58,dist_z59,dist_z60,dist_z61,dist_z62,dist_z63,sigma_z0,sigma_z1,sigma_z2,sigma_z3,sigma_z4,sigma_z5,sigma_z6,sigma_z7,sigma_z8,sigma_z9,sigma_z10,sigma_z11,sigma_z12,sigma_z13,sigma_z14,sigma_z15,sigma_z16,sigma_z17,sigma_z18,sigma_z19,sigma_z20,sigma_z21,sigma_z22,sigma_z23,sigma_z24,sigma_z25,sigma_z26,sigma_z27,sigma_z28,sigma_z29,sigma_z30,sigma_z31,sigma_z32,sigma_z33,sigma_z34,sigma_z35,sigma_z36,sigma_z37,sigma_z38,sigma_z39,sigma_z40,sigma_z41,sigma_z42,sigma_z43,sigma_z44,sigma_z45,sigma_z46,sigma_z47,sigma_z48,sigma_z49,sigma_z50,sigma_z51,sigma_z52,sigma_z53,sigma_z54,sigma_z55,sigma_z56,sigma_z57,sigma_z58,sigma_z59,sigma_z60,sigma_z61,sigma_z62,sigma_z63,status_z0,status_z1,status_z2,status_z3,status_z4,status_z5,status_z6,status_z7,status_z8,status_z9,status_z10,status_z11,status_z12,status_z13,status_z14,status_z15,status_z16,status_z17,status_z18,status_z19,status_z20,status_z21,status_z22,status_z23,status_z24,status_z25,status_z26,status_z27,status_z28,status_z29,status_z30,status_z31,status_z32,status_z33,status_z34,status_z35,status_z36,status_z37,status_z38,status_z39,status_z40,status_z41,status_z42,status_z43,status_z44,status_z45,status_z46,status_z47,status_z48,status_z49,status_z50,status_z51,status_z52,status_z53,status_z54,status_z55,status_z56,status_z57,status_z58,status_z59,status_z60,status_z61,status_z62,status_z63
0,487,477,474,471,469,471,457,458,488,479,477,472,475,470,468,465,490,487,486,481,480,473,469,468,501,488,484,484,480,478,472,475,504,492,493,482,487,483,484,473,509,493,493,495,489,486,484,485,508,510,501,498,488,488,496,481,504,510,503,507,500,494,503,494,4,3,3,3,2,3,3,3,3,3,3,3,3,2,3,3,3,4,3,3,2,3,3,3,4,3,3,3,2,3,3,3,4,3,3,3,3,3,3,3,4,4,3,3,3,3,3,3,4,4,3,4,3,4,3,4,4,4,3,5,3,3,4,4,5,5,5,5,5,5,5,5,5,5,5,5,5,5,5,5,5,5,5,5,5,5,5,5,5,5,5,5,5,5,5,5,5,5,5,5,5,5,5,5,5,5,5,5,5,5,5,5,5,5,5,5,5,5,5,5,5,5,5,5,5,5,5,5
1,483,484,472,473,464,461,463,465,484,484,474,475,473,469,471,464,492,490,488,479,476,477,466,464,496,492,485,481,483,480,477,472,495,497,492,487,490,484,483,480,506,494,494,490,496,484,491,487,511,498,498,497,491,491,483,484,512,510,505,501,492,495,495,496,3,3,3,3,2,2,3,3,3,3,3,3,2,2,3,3,3,4,3,3,2,3,2,3,3,3,3,3,2,2,3,3,3,3,3,3,3,3,3,4,4,3,3,3,3,3,3,3,4,4,3,3,3,3,3,4,4,5,3,4,3,4,3,5,5,5,5,5,5,5,5,5,5,5,5,5,5,5,5,5,5,5,5,5,5,5,5,5,5,5,5,5,5,5,5,5,5,5,5,5,5,5,5,5,5,5,5,5,5,5,5,5,5,5,5,5,5,5,5,5,5,5,5,5,5,5,5,5
2,484,482,475,476,467,464,460,463,483,486,476,478,475,473,467,459,490,496,479,482,475,477,470,467,501,488,487,483,477,481,474,470,496,494,493,490,487,485,474,478,503,500,500,492,487,489,487,479,509,500,505,496,489,493,480,486,513,509,507,509,498,494,497,493,3,3,3,3,3,3,3,3,3,3,3,3,3,2,3,3,4,3,3,3,2,3,3,3,3,3,3,3,3,3,3,3,4,3,3,3,3,3,3,3,4,3,4,3,3,3,3,3,4,5,3,4,3,3,4,4,4,5,4,4,3,3,4,6,5,5,5,5,5,5,5,5,5,5,5,5,5,5,5,5,5,5,5,5,5,5,5,5,5,5,5,5,5,5,5,5,5,5,5,5,5,5,5,5,5,5,5,5,5,5,5,5,5,5,5,5,5,5,5,5,5,5,5,5,5,5,5,5
3,479,484,487,475,469,466,469,465,484,482,476,475,472,470,475,461,490,480,484,480,477,474,470,471,488,494,493,485,475,472,477,477,501,490,492,490,490,482,484,470,501,499,492,490,492,483,477,478,504,501,502,501,491,490,488,484,507,506,502,498,497,501,497,486,3,3,3,3,2,3,2,3,3,3,3,3,3,2,3,3,4,3,3,3,2,2,3,3,4,3,3,2,3,2,3,3,4,3,3,3,3,3,3,3,4,3,3,3,3,3,3,3,4,4,3,3,3,4,3,4,4,5,3,4,4,3,4,5,5,5,5,5,5,5,5,5,5,5,5,5,5,5,5,5,5,5,5,5,5,5,5,5,5,5,5,5,5,5,5,5,5,5,5,5,5,5,5,5,5,5,5,5,5,5,5,5,5,5,5,5,5,5,5,5,5,5,5,5,5,5,5,5
4,488,477,477,469,468,467,467,459,489,484,483,477,479,470,473,466,487,482,489,475,472,476,466,471,491,495,485,483,482,476,477,474,500,496,491,488,493,481,481,479,503,504,499,489,488,491,483,479,506,503,498,499,494,482,488,486,510,507,497,503,499,490,489,481,4,3,3,3,3,3,3,3,3,3,3,3,3,2,3,3,3,4,3,3,2,3,3,3,4,3,3,2,3,2,3,3,4,4,3,3,3,3,3,3,4,3,4,4,3,4,4,3,4,4,4,3,4,3,3,4,5,6,3,4,4,4,4,5,5,5,5,5,5,5,5,5,5,5,5,5,5,5,5,5,5,5,5,5,5,5,5,5,5,5,5,5,5,5,5,5,5,5,5,5,5,5,5,5,5,5,5,5,5,5,5,5,5,5,5,5,5,5,5,5,5,5,5,5,5,5,5,5
5,483,478,473,470,474,460,466,466,487,481,481,475,472,470,467,468,488,491,484,483,473,468,473,469,495,487,484,488,480,478,477,472,500,491,485,488,485,482,480,477,499,495,494,502,488,492,487,480,507,500,500,493,489,494,485,488,514,511,500,498,497,486,491,492,4,3,3,3,2,2,3,3,3,3,3,2,2,2,2,3,3,4,3,2,2,3,3,3,4,3,3,3,3,2,2,3,3,3,2,3,3,2,3,3,3,3,3,4,3,3,3,3,4,4,3,4,3,3,3,4,4,5,4,4,3,4,4,5,5,5,5,5,5,5,5,5,5,5,5,5,5,5,5,5,5,5,5,5,5,5,5,5,5,5,5,5,5,5,5,5,5,5,5,5,5,5,5,5,5,5,5,5,5,5,5,5,5,5,5,5,5,5,5,5,5,5,5,5,5,5,5,5
6,482,479,475,477,468,467,466,460,489,481,483,479,476,469,463,467,491,479,487,479,477,474,471,466,499,496,494,478,483,484,473,473,498,498,491,484,486,480,484,478,509,498,494,493,494,484,484,467,505,507,499,501,490,493,491,481,514,512,506,511,501,497,498,480,3,3,3,2,3,2,3,3,3,3,3,3,3,2,3,3,4,3,3,3,2,3,3,3,3,3,3,2,3,3,3,3,4,4,3,3,3,3,3,3,4,4,4,3,3,3,3,3,4,4,4,4,3,3,3,4,4,4,3,4,3,4,4,5,5,5,5,5,5,5,5,5,5,5,5,5,5,5,5,5,5,5,5,5,5,5,5,5,5,5,5,5,5,5,5,5,5,5,5,5,5,5,5,5,5,5,5,5,5,5,5,5,5,5,5,5,5,5,5,5,5,5,5,5,5,5,5,5
7,486,476,478,470,470,470,469,461,481,482,477,470,466,466,464,458,487,490,484,482,476,473,469,471,495,490,489,484,482,478,473,480,494,495,495,491,489,482,478,474,505,487,494,487,487,486,482,485,501,504,504,498,495,493,492,488,507,502,497,494,500,494,497,492,4,3,3,3,3,3,3,3,3,2,3,3,3,2,2,2,4,4,3,3,2,3,3,3,3,3,3,2,2,2,3,3,3,3,3,3,3,2,3,3,3,3,3,3,3,3,3,3,4,3,3,3,3,4,3,3,4,5,3,4,3,3,3,5,5,5,5,5,5,5,5,5,5,5,5,5,5,5,5,5,5,5,5,5,5,5,5,5,5,5,5,5,5,5,5,5,5,5,5,5,5,5,5,5,5,5,5,5,5,5,5,5,5,5,5,5,5,5,5,5,5,5,5,5,5,5,5,5
8,489,478,478,475,465,469,465,464,487,477,475,477,475,471,465,463,488,495,484,482,477,473,475,469,498,490,488,486,484,480,479,472,499,493,491,487,482,478,482,480,501,497,499,497,488,482,486,472,506,501,501,499,491,491,485,482,520,505,504,511,492,487,492,482,3,3,3,3,2,3,3,3,4,3,3,3,3,2,3,3,4,4,3,3,3,3,3,3,3,3,3,3,2,3,3,3,3,3,3,3,3,3,3,3,3,4,4,4,3,3,4,3,4,4,3,4,4,3,3,4,5,5,4,4,4,4,3,5,5,5,5,5,5,5,5,5,5,5,5,5,5,5,5,5,5,5,5,5,5,5,5,5,5,5,5,5,5,5,5,5,5,5,5,5,5,5,5,5,5,5,5,5,5,5,5,5,5,5,5,5,5,5,5,5,5,5,5,5,5,5,5,5
9,482,477,479,469,469,467,467,469,487,487,484,477,473,468,473,461,488,487,479,483,477,476,471,474,505,493,483,483,478,474,477,480,495,494,488,489,481,481,479,477,505,502,497,486,488,488,481,478,500,502,504,497,493,488,483,482,517,507,504,498,495,493,489,486,3,3,3,3,2,3,3,3,3,3,3,3,3,2,3,3,3,4,3,3,2,3,3,3,4,3,3,2,3,2,3,4,3,3,3,3,3,3,3,3,3,3,3,3,3,3,3,4,4,4,3,3,3,3,3,4,5,5,3,4,3,3,3,5,5,5,5,5,5,5,5,5,5,5,5,5,5,5,5,5,5,5,5,5,5,5,5,5,5,5,5,5,5,5,5,5,5,5,5,5,5,5,5,5,5,5,5,5,5,5,5,5,5,5,5,5,5,5,5,5,5,5,5,5,5,5,5,5
10,486,477,469,477,465,465,459,463,489,484,478,478,475,471,465,460,492,489,488,480,479,474,470,473,492,489,495,485,487,480,476,477,499,494,492,491,487,482,484,480,511,494,499,492,486,486,482,480,512,506,505,498,481,490,481,488,514,510,508,507,505,495,492,485,4,3,3,3,2,3,3,3,4,3,3,3,3,2,3,3,4,3,3,3,2,3,3,3,3,3,3,2,3,3,3,4,4,3,3,3,3,3,3,4,4,4,4,3,3,3,3,3,4,4,4,4,3,3,3,4,4,4,4,5,4,3,3,5,5,5,5,5,5,5,5,5,5,5,5,5,5,5,5,5,5,5,5,5,5,5,5,5,5,5,5,5,5,5,5,5,5,5,5,5,5,5,5,5,5,5,5,5,5,5,5,5,5,5,5,5,5,5,5,5,5,5,5,5,5,5,5,5
11,480,478,473,473,464,466,462,456,494,484,483,478,474,466,463,465,494,483,486,482,480,470,471,475,496,485,492,482,482,484,473,474,494,491,493,490,489,485,476,473,501,499,489,490,483,494,484,486,503,500,491,500,499,497,492,481,512,508,498,503,498,496,499,494,3,3,3,3,2,3,3,3,3,3,3,3,2,2,2,3,4,4,3,3,2,3,3,2,3,3,3,2,2,2,3,3,4,3,3,3,3,3,3,3,3,3,3,3,3,3,3,3,4,3,3,3,3,3,3,3,4,5,3,4,3,3,3,5,5,5,5,5,5,5,5,5,5,5,5,5,5,5,5,5,5,5,5,5,5,5,5,5,5,5,5,5,5,5,5,5,5,5,5,5,5,5,5,5,5,5,5,5,5,5,5,5,5,5,5,5,5,5,5,5,5,5,5,5,5,5,5,5
12,477,479,477,479,471,466,467,458,481,486,476,475,470,470,472,461,486,486,485,484,479,473,471,468,496,495,490,482,481,475,472,474,505,497,489,488,490,487,483,478,512,496,497,496,487,487,480,482,509,500,499,495,493,483,481,492,505,504,500,504,499,482,500,488,3,3,3,3,3,3,3,4,3,3,3,3,3,2,3,3,4,4,3,3,3,3,3,3,3,3,3,2,3,3,3,4,4,3,3,3,3,3,3,4,4,4,4,3,3,3,3,3,4,4,4,4,3,3,4,4,5,5,3,4,4,4,4,6,5,5,5,5,5,5,5,5,5,5,5,5,5,5,5,5,5,5,5,5,5,5,5,5,5,5,5,5,5,5,5,5,5,5,5,5,5,5,5,5,5,5,5,5,5,5,5,5,5,5,5,5,5,5,5,5,5,5,5,5,5,5,5,5
13,480,475,479,466,465,463,464,471,490,483,478,478,475,469,467,460,495,486,481,480,479,481,474,469,496,486,487,483,477,478,474,477,495,489,492,492,481,481,479,475,509,499,492,495,488,486,473,480,503,507,496,488,496,487,489,484,516,500,514,494,500,495,497,485,3,3,3,3,2,2,3,3,3,3,3,3,2,2,2,3,3,3,3,2,2,3,3,3,3,3,3,3,3,2,3,3,3,3,3,3,3,3,3,3,3,3,3,3,3,3,3,3,4,4,3,3,3,4,3,4,4,5,4,3,3,3,4,5,5,5,5,5,5,5,5,5,5,5,5,5,5,5,5,5,5,5,5,5,5,5,5,5,5,5,5,5,5,5,5,5,5,5,5,5,5,5,5,5,5,5,5,5,5,5,5,5,5,5,5,5,5,5,5,5,5,5,5,5,5,5,5,5
14,482,486,472,472,465,461,466,463,487,482,473,484,472,467,468,465,489,481,483,484,474,477,468,474,486,487,494,482,485,475,474,473,503,489,490,490,487,489,478,472,495,500,497,499,489,486,485,481,510,497,503,503,490,484,488,490,520,509,497,499,503,492,488,474,4,3,3,3,2,2,3,3,3,3,3,3,3,3,3,3,4,4,3,3,2,3,3,3,4,3,3,3,3,3,3,3,4,3,3,3,3,3,3,3,4,5,4,4,3,3,3,3,4,4,3,3,3,4,3,4,5,4,4,4,4,3,3,4,5,5,5,5,5,5,5,5,5,5,5,5,5,5,5,5,5,5,5,5,5,5,5,5,5,5,5,5,5,5,5,5,5,5,5,5,5,5,5,5,5,5,5,5,5,5,5,5,5,5,5,5,5,5,5,5,5,5,5,5,5,5,5,5
15,481,481,476,473,474,465,464,467,489,484,481,472,471,471,463,464,484,488,482,484,482,477,473,473,495,490,482,484,482,475,469,468,506,490,488,492,487,483,478,475,498,502,496,495,486,483,479,481,512,501,498,497,492,493,486,483,504,506,499,496,501,498,489,498,3,3,3,3,3,3,3,3,3,2,3,3,3,2,2,3,3,4,3,3,2,3,3,2,3,3,3,3,2,3,3,3,4,3,3,3,3,3,3,3,3,3,3,3,3,3,3,4,4,4,3,3,3,3,3,3,4,4,3,4,3,3,4,4,5,5,5,5,5,5,5,5,5,5,5,5,5,5,5,5,5,5,5,5,5,5,5,5,5,5,5,5,5,5,5,5,5,5,5,5,5,5,5,5,5,5,5,5,5,5,5,5,5,5,5,5,5,5,5,5,5,5,5,5,5,5,5,5
16,481,486,480,477,472,467,468,466,488,477,481,477,474,465,466,466,483,484,480,480,472,469,470,467,487,490,484,483,483,482,474,470,498,493,491,496,484,477,485,473,503,501,499,495,484,483,478,479,514,509,495,499,496,494,487,483,515,503,504,507,496,488,500,490,3,3,3,3,3,3,3,3,4,3,3,3,3,2,3,3,3,4,3,3,3,3,3,3,4,3,3,3,3,3,3,3,4,3,3,3,3,3,3,3,4,3,4,4,3,3,3,4,4,4,3,4,4,3,4,4,5,4,4,4,3,3,4,5,5,5,5,5,5,5,5,5,5,5,5,5,5,5,5,5,5,5,5,5,5,5,5,5,5,5,5,5,5,5,5,5,5,5,5,5,5,5,5,5,5,5,5,5,5,5,5,5,5,5,5,5,5,5,5,5,5,5,5,5,5,5,5,5
17,486,483,480,479,465,470,465,459,482,481,479,476,469,469,474,463,488,490,486,485,478,473,468,471,496,488,489,483,480,481,476,478,504,491,487,487,487,484,481,475,508,495,504,488,495,483,480,484,509,502,501,501,494,491,495,485,517,512,507,492,495,497,490,490,4,3,3,2,2,3,3,2,3,3,3,3,2,2,3,3,4,3,3,3,2,2,3,3,3,3,3,2,3,3,3,3,4,3,3,3,2,3,3,3,3,3,4,3,3,3,3,3,3,4,3,3,3,3,3,4,4,4,4,4,4,3,3,5,5,5,5,5,5,5,5,5,5,5,5,5,5,5,5,5,5,5,5,5,5,5,5,5,5,5,5,5,5,5,5,5,5,5,5,5,5,5,5,5,5,5,5,5,5,5,5,5,5,5,5,5,5,5,5,5,5,5,5,5,5,5,5,5
18,485,477,474,471,471,465,462,461,487,480,478,468,473,468,473,467,491,483,482,483,475,470,471,471,499,480,491,482,478,479,471,472,499,494,491,482,484,483,479,471,500,493,496,493,487,487,482,478,503,501,500,493,496,495,489,481,518,510,502,507,495,492,491,490,3,3,3,3,3,3,3,3,3,3,3,2,3,2,3,3,3,4,3,3,2,3,3,3,3,3,3,3,3,3,3,3,4,3,3,3,2,3,3,3,3,4,4,3,3,3,4,3,4,4,3,4,4,3,3,4,5,5,3,5,3,3,4,6,5,5,5,5,5,5,5,5,5,5,5,5,5,5,5,5,5,5,5,5,5,5,5,5,5,5,5,5,5,5,5,5,5,5,5,5,5,5,5,5,5,5,5,5,5,5,5,5,5,5,5,5,5,5,5,5,5,5,5,5,5,5,5,5
19,473,474,474,472,470,467,462,462,481,476,478,475,474,473,469,469,494,495,488,482,475,472,470,469,495,493,481,478,484,477,475,470,499,491,487,485,488,484,479,478,509,497,493,494,490,483,479,484,512,494,497,492,494,494,490,492,518,496,504,502,499,487,491,491,3,3,3,3,2,2,3,2,3,3,3,3,2,3,3,3,3,3,3,3,2,3,3,3,3,3,3,2,2,2,3,3,3,3,3,3,3,3,3,3,3,4,3,3,3,3,3,3,3,4,3,4,3,3,3,4,4,5,4,4,3,4,4,4,5,5,5,5,5,5,5,5,5,5,5,5,5,5,5,5,5,5,5,5,5,5,5,5,5,5,5,5,5,5,5,5,5,5,5,5,5,5,5,5,5,5,5,5,5,5,5,5,5,5,5,5,5,5,5,5,5,5,5,5,5,5,5,5
20,485,479,473,478,468,470,467,460,482,485,485,478,471,470,468,471,492,485,482,480,478,471,466,470,496,491,495,480,479,478,476,479,504,496,495,490,490,484,478,473,503,494,499,495,489,487,485,481,507,502,501,501,491,489,497,485,510,507,501,501,501,500,496,486,4,3,3,3,2,3,3,3,3,3,3,3,3,3,3,3,4,4,3,3,2,2,3,3,3,3,3,2,3,3,3,4,4,3,3,3,3,3,3,3,3,4,4,3,3,3,3,3,4,4,3,3,4,4,4,4,5,5,3,4,3,4,4,6,5,5,5,5,5,5,5,5,5,5,5,5,5,5,5,5,5,5,5,5,5,5,5,5,5,5,5,5,5,5,5,5,5,5,5,5,5,5,5,5,5,5,5,5,5,5,5,5,5,5,5,5,5,5,5,5,5,5,5,5,5,5,5,5
21,484,480,474,471,466,468,462,463,489,482,476,474,473,471,469,467,488,487,479,484,477,477,466,472,493,486,488,484,483,480,477,471,497,496,492,490,484,477,480,478,500,503,492,487,486,483,487,481,508,504,493,496,501,492,489,481,510,500,503,499,503,493,494,492,3,3,3,3,2,3,3,3,3,2,3,2,2,2,2,3,3,4,3,3,2,3,2,3,3,3,3,3,3,2,3,3,3,3,3,3,2,2,3,3,3,3,3,3,3,3,3,3,4,4,3,3,4,3,3,4,4,5,3,3,3,3,3,4,5,5,5,5,5,5,5,5,5,5,5,5,5,5,5,5,5,5,5,5,5,5,5,5,5,5,5,5,5,5,5,5,5,5,5,5,5,5,5,5,5,5,5,5,5,5,5,5,5,5,5,5,5,5,5,5,5,5,5,5,5,5,5,5
22,476,478,478,480,471,464,467,459,485,483,477,476,478,471,465,462,488,482,487,481,478,475,468,473,497,494,494,480,483,479,478,474,504,496,493,493,484,479,485,480,508,496,493,493,488,485,484,481,495,499,499,499,499,487,483,491,510,509,502,501,496,490,486,501,3,3,3,3,2,3,3,3,3,3,3,3,3,2,3,3,4,4,3,3,2,3,2,3,4,4,3,3,2,3,3,3,4,3,3,3,3,3,3,4,4,4,4,3,3,3,3,3,4,4,4,3,3,4,3,4,4,5,3,4,4,4,3,5,5,5,5,5,5,5,5,5,5,5,5,5,5,5,5,5,5,5,5,5,5,5,5,5,5,5,5,5,5,5,5,5,5,5,5,5,5,5,5,5,5,5,5,5,5,5,5,5,5,5,5,5,5,5,5,5,5,5,5,5,5,5,5,5
23,477,478,475,473,471,467,461,462,486,486,475,477,474,469,465,464,488,488,480,476,484,468,473,470,500,486,486,487,481,479,479,471,499,489,490,492,481,484,481,477,505,492,487,492,486,485,482,476,501,504,503,504,491,487,495,487,511,502,503,503,495,493,498,488,3,3,3,3,2,3,3,3,3,2,2,3,3,2,2,3,4,4,3,3,2,2,3,3,3,3,3,2,2,2,3,3,3,3,3,3,3,2,3,3,4,3,3,3,3,3,3,3,4,4,3,3,3,3,3,4,4,5,3,4,4,3,4,5,5,5,5,5,5,5,5,5,5,5,5,5,5,5,5,5,5,5,5,5,5,5,5,5,5,5,5,5,5,5,5,5,5,5,5,5,5,5,5,5,5,5,5,5,5,5,5,5,5,5,5,5,5,5,5,5,5,5,5,5,5,5,5,5
24,480,469,475,469,467,469,464,466,480,483,480,475,474,471,464,466,484,484,484,481,477,475,470,466,492,493,488,478,482,480,475,476,498,498,497,489,489,486,481,473,503,497,498,494,492,483,482,482,502,507,496,495,502,491,484,487,512,516,504,503,498,496,498,488,3,3,3,3,3,3,3,3,3,3,3,3,2,3,3,3,3,4,3,3,2,3,3,3,4,3,3,2,3,3,3,3,4,4,3,3,3,3,3,3,4,4,3,3,3,3,3,3,4,4,4,3,4,4,3,4,4,5,4,4,4,4,4,5,5,5,5,5,5,5,5,5,5,5,5,5,5,5,5,5,5,5,5,5,5,5,5,5,5,5,5,5,5,5,5,5,5,5,5,5,5,5,5,5,5,5,5,5,5,5,5,5,5,5,5,5,5,5,5,5,5,5,5,5,5,5,5,5
25,478,481,469,473,473,462,465,456,490,486,476,477,474,471,464,471,490,487,474,480,477,474,472,464,497,492,487,483,485,478,477,471,500,484,491,486,483,483,476,479,499,499,499,487,496,493,487,482,509,509,493,497,493,493,489,491,512,508,504,505,495,489,498,485,4,3,3,3,3,3,3,3,3,3,3,3,2,2,2,3,4,3,3,3,2,3,3,3,3,3,3,3,3,2,3,3,3,3,3,3,3,3,3,3,3,4,4,3,4,3,3,3,4,4,4,3,4,3,3,4,4,5,3,4,4,3,4,5,5,5,5,5,5,5,5,5,5,5,5,5,5,5,5,5,5,5,5,5,5,5,5,5,5,5,5,5,5,5,5,5,5,5,5,5,5,5,5,5,5,5,5,5,5,5,5,5,5,5,5,5,5,5,5,5,5,5,5,5,5,5,5,5
26,481,478,471,470,468,468,465,466,492,474,478,475,476,467,471,465,484,484,482,482,481,473,472,468,492,492,487,484,478,483,481,470,497,494,486,485,485,486,477,483,502,492,499,490,497,498,482,484,515,504,502,498,493,491,490,488,511,512,509,501,493,496,493,491,4,3,3,3,2,3,3,3,3,3,3,3,3,3,3,3,3,3,3,3,2,3,3,3,3,4,3,3,3,3,3,3,4,3,3,3,3,3,3,3,4,4,4,3,3,4,3,3,4,4,3,3,3,4,4,4,4,4,4,4,4,3,4,7,5,5,5,5,5,5,5,5,5,5,5,5,5,5,5,5,5,5,5,5,5,5,5,5,5,5,5,5,5,5,5,5,5,5,5,5,5,5,5,5,5,5,5,5,5,5,5,5,5,5,5,5,5,5,5,5,5,5,5,5,5,5,5,5
27,478,480,471,478,469,469,466,462,488,479,479,476,474,469,466,461,490,493,480,482,479,479,470,466,494,484,485,479,488,482,477,473,499,495,488,485,487,482,472,475,500,504,495,491,491,486,483,485,497,509,501,501,496,484,493,486,508,505,500,496,494,498,498,485,4,3,3,3,2,3,3,3,3,2,3,3,2,2,3,3,3,3,3,3,2,3,2,3,3,3,3,2,2,2,3,3,4,3,3,3,3,2,3,3,3,3,3,3,3,3,3,3,4,4,3,3,3,3,3,4,4,5,3,4,4,3,4,5,5,5,5,5,5,5,5,5,5,5,5,5,5,5,5,5,5,5,5,5,5,5,5,5,5,5,5,5,5,5,5,5,5,5,5,5,5,5,5,5,5,5,5,5,5,5,5,5,5,5,5,5,5,5,5,5,5,5,5,5,5,5,5,5
28,484,480,476,467,471,469,467,459,486,484,476,478,479,464,472,461,490,490,480,484,480,474,471,471,493,493,486,485,481,478,476,470,497,490,492,490,488,478,480,476,505,495,495,493,489,487,485,485,503,505,498,500,499,486,483,484,514,516,507,498,500,497,489,483,4,3,3,3,3,3,2,3,4,3,3,3,3,2,3,3,3,3,3,3,2,3,3,3,4,3,3,3,3,2,3,3,4,3,3,3,3,3,3,3,4,4,3,3,4,3,3,3,4,4,3,3,4,4,4,3,5,5,4,4,4,3,3,6,5,5,5,5,5,5,5,5,5,5,5,5,5,5,5,5,5,5,5,5,5,5,5,5,5,5,5,5,5,5,5,5,5,5,5,5,5,5,5,5,5,5,5,5,5,5,5,5,5,5,5,5,5,5,5,5,5,5,5,5,5,5,5,5
29,482,481,470,472,466,468,461,461,490,482,485,472,477,470,466,464,489,493,481,484,479,481,473,471,497,485,490,483,485,477,477,469,495,493,493,490,488,484,474,477,504,501,492,495,486,478,486,481,511,502,495,490,494,489,482,479,507,512,506,506,502,496,500,486,3,3,3,3,2,2,3,3,3,3,3,3,3,2,2,3,4,4,3,3,2,3,3,3,3,3,3,3,2,3,2,3,3,3,3,3,3,3,3,3,4,3,3,3,3,3,3,3,5,4,3,4,3,3,4,3,4,4,4,4,3,3,4,5,5,5,5,5,5,5,5,5,5,5,5,5,5,5,5,5,5,5,5,5,5,5,5,5,5,5,5,5,5,5,5,5,5,5,5,5,5,5,5,5,5,5,5,5,5,5,5,5,5,5,5,5,5,5,5,5,5,5,5,5,5,5,5,5
30,484,476,469,476,473,466,469,457,487,483,476,473,471,469,468,465,484,490,479,476,475,474,467,468,489,488,489,482,484,476,473,470,496,494,490,485,488,487,476,474,504,502,489,495,491,487,484,478,500,502,501,494,491,488,493,490,512,516,506,500,497,503,492,494,4,3,3,3,3,3,2,3,3,3,3,3,2,3,3,3,3,4,3,3,2,3,3,3,4,3,3,3,3,3,3,3,4,3,3,3,3,3,3,3,4,3,4,3,3,3,3,3,4,4,4,3,4,4,4,4,4,4,4,4,4,4,4,6,5,5,5,5,5,5,5,5,5,5,5,5,5,5,5,5,5,5,5,5,5,5,5,5,5,5,5,5,5,5,5,5,5,5,5,5,5,5,5,5,5,5,5,5,5,5,5,5,5,5,5,5,5,5,5,5,5,5,5,5,5,5,5,5
31,482,477,474,469,468,463,464,458,486,480,477,481,477,470,471,462,491,490,477,476,482,474,472,472,500,488,494,486,481,480,474,469,500,492,489,487,490,479,472,478,509,489,497,494,489,487,483,478,510,503,492,495,492,478,489,480,514,502,505,500,500,498,487,487,3,3,3,3,2,2,3,3,3,3,3,3,2,2,3,3,3,3,3,3,2,3,3,3,3,3,3,3,3,2,3,3,4,3,3,3,3,3,3,3,3,4,3,3,3,3,3,3,4,4,4,3,3,3,3,3,4,4,3,4,3,3,3,5,5,5,5,5,5,5,5,5,5,5,5,5,5,5,5,5,5,5,5,5,5,5,5,5,5,5,5,5,5,5,5,5,5,5,5,5,5,5,5,5,5,5,5,5,5,5,5,5,5,5,5,5,5,5,5,5,5,5,5,5,5,5,5,5
32,480,481,468,474,468,467,465,462,491,478,482,471,471,474,467,461,488,484,485,481,476,477,474,468,497,487,490,485,479,478,476,473,502,496,487,486,486,484,479,470,502,496,502,496,492,482,488,478,509,507,496,498,488,490,487,486,505,506,514,507,496,496,492,481,3,3,3,3,3,3,3,3,3,3,3,3,3,3,2,3,3,4,3,3,3,3,3,3,4,3,3,3,3,3,3,3,4,3,3,3,3,3,3,3,4,4,4,3,3,3,4,3,4,5,4,4,3,4,3,4,4,4,4,5,4,4,4,6,5,5,5,5,5,5,5,5,5,5,5,5,5,5,5,5,5,5,5,5,5,5,5,5,5,5,5,5,5,5,5,5,5,5,5,5,5,5,5,5,5,5,5,5,5,5,5,5,5,5,5,5,5,5,5,5,5,5,5,5,5,5,5,5
33,475,479,470,473,466,463,467,456,486,483,480,484,468,464,468,463,492,485,481,481,479,474,467,472,495,491,486,482,482,482,471,467,501,493,488,490,490,480,481,474,497,495,491,491,485,486,481,483,508,498,502,495,493,489,489,478,515,503,504,500,490,493,490,484,3,3,3,3,2,2,3,3,3,3,3,3,2,2,3,3,3,4,3,3,2,2,3,3,3,3,3,2,2,2,2,3,4,3,3,3,3,3,3,3,3,3,3,3,3,3,3,3,4,3,3,3,3,3,3,3,4,5,4,4,4,3,4,4,5,5,5,5,5,5,5,5,5,5,5,5,5,5,5,5,5,5,5,5,5,5,5,5,5,5,5,5,5,5,5,5,5,5,5,5,5,5,5,5,5,5,5,5,5,5,5,5,5,5,5,5,5,5,5,5,5,5,5,5,5,5,5,5
34,487,481,471,465,469,466,468,464,492,483,478,476,474,466,468,465,492,491,489,483,474,471,471,472,495,497,484,487,480,481,475,477,498,489,488,489,487,482,481,478,509,501,502,498,481,486,486,479,505,504,495,488,493,496,488,486,510,506,506,501,497,499,500,488,4,3,3,3,3,3,3,3,3,3,3,3,3,3,3,3,4,3,3,3,2,3,3,3,3,3,3,2,3,3,3,3,4,3,3,3,3,3,3,3,4,3,3,4,3,3,3,3,4,4,3,4,4,3,3,4,5,5,4,4,3,4,4,5,5,5,5,5,5,5,5,5,5,5,5,5,5,5,5,5,5,5,5,5,5,5,5,5,5,5,5,5,5,5,5,5,5,5,5,5,5,5,5,5,5,5,5,5,5,5,5,5,5,5,5,5,5,5,5,5,5,5,5,5,5,5,5,5
35,481,481,471,475,467,468,465,458,491,483,476,479,474,467,470,465,489,483,483,481,476,473,472,463,493,493,488,484,481,476,474,471,490,492,492,487,487,482,476,477,504,493,493,488,491,481,481,487,501,495,495,497,493,496,488,489,515,503,500,512,492,495,495,490,3,3,3,3,2,2,3,3,3,3,3,3,2,2,3,3,3,4,3,3,3,3,3,3,3,3,3,2,2,3,2,3,4,3,3,3,3,3,3,3,4,3,3,3,3,3,3,3,4,3,4,3,3,3,3,4,4,4,3,5,4,3,4,6,5,5,5,5,5,5,5,5,5,5,5,5,5,5,5,5,5,5,5,5,5,5,5,5,5,5,5,5,5,5,5,5,5,5,5,5,5,5,5,5,5,5,5,5,5,5,5,5,5,5,5,5,5,5,5,5,5,5,5,5,5,5,5,5
36,484,479,477,474,469,466,468,461,493,484,482,475,473,467,470,464,493,491,482,480,479,471,477,466,493,488,486,485,479,476,476,472,495,494,489,487,488,479,475,479,506,497,491,494,491,484,482,474,510,495,500,495,491,484,493,494,507,510,499,502,504,494,493,497,3,3,3,3,3,3,2,3,4,2,3,3,3,2,3,3,4,3,3,3,2,3,3,3,4,3,3,3,3,3,3,3,4,3,3,3,3,3,3,3,4,4,3,3,3,3,4,3,4,4,3,4,3,3,3,4,4,5,3,4,3,4,4,6,5,5,5,5,5,5,5,5,5,5,5,5,5,5,5,5,5,5,5,5,5,5,5,5,5,5,5,5,5,5,5,5,5,5,5,5,5,5,5,5,5,5,5,5,5,5,5,5,5,5,5,5,5,5,5,5,5,5,5,5,5,5,5,5
37,484,481,474,472,469,470,463,460,486,481,481,476,480,474,466,462,487,484,485,483,476,468,468,469,491,494,488,482,481,478,476,473,500,488,490,488,486,482,481,476,504,495,493,496,488,488,484,485,508,501,500,497,498,484,483,487,506,508,501,502,497,500,496,490,3,3,3,3,2,3,3,3,3,3,3,3,2,2,3,3,3,3,3,3,2,2,3,3,3,3,3,2,3,2,3,3,3,3,3,3,3,3,3,3,3,3,3,3,4,3,3,3,4,4,3,4,3,3,4,4,4,4,3,4,3,3,3,5,5,5,5,5,5,5,5,5,5,5,5,5,5,5,5,5,5,5,5,5,5,5,5,5,5,5,5,5,5,5,5,5,5,5,5,5,5,5,5,5,5,5,5,5,5,5,5,5,5,5,5,5,5,5,5,5,5,5,5,5,5,5,5,5
38,482,477,478,474,471,464,465,467,492,480,478,482,474,470,466,462,495,483,483,479,476,473,470,473,495,492,491,484,481,474,477,477,500,495,491,488,485,480,476,475,506,496,497,489,490,490,494,471,501,500,500,502,483,491,495,484,514,505,507,503,500,489,493,496,4,3,3,3,3,3,3,3,3,3,3,3,2,2,3,3,4,4,3,3,2,3,3,3,3,3,3,3,3,2,3,3,4,3,3,3,3,3,3,3,4,3,3,3,3,3,4,3,4,4,4,4,3,3,3,4,4,6,3,4,3,4,4,6,5,5,5,5,5,5,5,5,5,5,5,5,5,5,5,5,5,5,5,5,5,5,5,5,5,5,5,5,5,5,5,5,5,5,5,5,5,5,5,5,5,5,5,5,5,5,5,5,5,5,5,5,5,5,5,5,5,5,5,5,5,5,5,5
39,479,474,474,474,469,468,461,463,482,484,480,477,468,469,467,465,490,492,477,479,476,477,471,467,493,492,489,483,479,478,481,472,491,491,488,491,493,482,481,478,499,493,500,490,495,490,481,476,501,500,500,502,490,491,487,488,509,516,500,498,496,481,494,492,3,3,3,3,2,2,3,3,3,2,3,3,2,2,3,3,4,3,3,3,2,2,3,3,3,3,3,2,2,2,3,3,4,3,3,3,3,3,3,3,3,3,4,3,3,3,3,3,4,4,3,3,3,3,3,4,4,4,3,3,3,4,4,6,5,5,5,5,5,5,5,5,5,5,5,5,5,5,5,5,5,5,5,5,5,5,5,5,5,5,5,5,5,5,5,5,5,5,5,5,5,5,5,5,5,5,5,5,5,5,5,5,5,5,5,5,5,5,5,5,5,5,5,5,5,5,5,5
40,482,479,475,471,466,468,460,462,480,483,485,472,479,468,470,465,487,490,481,478,483,471,472,475,497,496,487,486,475,482,471,473,509,496,493,490,487,483,478,474,504,489,499,494,492,488,485,480,511,505,497,502,500,490,491,487,516,501,510,505,503,497,500,491,4,3,3,3,2,3,3,3,3,3,3,3,3,2,3,3,4,4,3,3,2,3,3,3,4,3,3,3,3,3,3,3,4,4,3,3,3,3,3,3,4,4,3,4,3,3,3,3,4,4,4,3,4,4,3,4,5,5,4,4,4,3,4,5,5,5,5,5,5,5,5,5,5,5,5,5,5,5,5,5,5,5,5,5,5,5,5,5,5,5,5,5,5,5,5,5,5,5,5,5,5,5,5,5,5,5,5,5,5,5,5,5,5,5,5,5,5,5,5,5,5,5,5,5,5,5,5,5
41,480,482,476,472,469,467,469,469,492,482,483,478,470,465,470,461,488,484,485,478,476,476,465,474,503,494,484,480,483,479,477,470,501,493,491,493,487,483,485,482,505,498,486,492,493,491,478,475,511,502,501,493,489,487,489,484,514,504,501,507,495,492,496,492,3,3,3,3,2,3,3,3,3,3,3,3,2,2,2,3,3,4,3,2,2,3,2,3,3,3,3,2,3,2,3,3,3,3,3,3,3,3,3,3,3,3,3,3,4,3,3,3,4,4,3,4,3,3,3,4,4,5,3,4,4,3,4,6,5,5,5,5,5,5,5,5,5,5,5,5,5,5,5,5,5,5,5,5,5,5,5,5,5,5,5,5,5,5,5,5,5,5,5,5,5,5,5,5,5,5,5,5,5,5,5,5,5,5,5,5,5,5,5,5,5,5,5,5,5,5,5,5
42,482,479,479,471,469,466,463,463,479,483,481,475,475,470,467,466,483,493,481,475,480,473,474,471,498,490,492,482,480,477,477,471,499,497,494,494,484,477,476,482,498,501,492,499,487,488,483,479,515,507,499,500,497,491,482,481,509,511,504,500,506,497,492,498,4,3,3,3,2,2,3,3,3,2,3,2,3,2,3,3,4,3,3,3,3,3,3,3,3,3,3,3,3,3,3,3,4,4,3,3,3,3,3,3,4,3,3,3,3,3,3,4,4,4,4,3,4,3,4,4,4,4,3,4,3,4,4,5,5,5,5,5,5,5,5,5,5,5,5,5,5,5,5,5,5,5,5,5,5,5,5,5,5,5,5,5,5,5,5,5,5,5,5,5,5,5,5,5,5,5,5,5,5,5,5,5,5,5,5,5,5,5,5,5,5,5,5,5,5,5,5,5
43,488,479,471,471,467,465,465,463,483,485,478,472,473,470,473,461,487,483,483,486,473,471,470,464,490,489,491,486,481,479,476,474,503,496,494,489,489,480,480,474,503,499,494,493,483,483,485,480,507,504,491,497,495,493,486,479,511,500,508,501,500,491,497,490,4,3,3,3,2,3,3,3,3,3,3,3,3,2,3,3,3,4,3,3,2,2,3,3,3,3,3,2,2,3,3,3,4,3,3,3,3,3,3,3,4,3,3,3,3,3,3,3,4,4,3,3,3,3,3,4,4,4,3,4,3,4,4,6,5,5,5,5,5,5,5,5,5,5,5,5,5,5,5,5,5,5,5,5,5,5,5,5,5,5,5,5,5,5,5,5,5,5,5,5,5,5,5,5,5,5,5,5,5,5,5,5,5,5,5,5,5,5,5,5,5,5,5,5,5,5,5,5
44,486,479,479,473,467,468,467,469,490,481,475,476,477,476,474,462,499,489,480,476,482,478,470,476,498,492,489,481,478,480,477,474,493,495,490,487,490,485,476,473,498,493,494,494,484,483,484,477,509,504,502,497,493,491,495,487,509,508,508,502,502,490,500,493,3,3,3,3,2,3,3,3,3,3,3,3,3,3,3,3,4,4,3,3,2,3,3,2,3,3,3,3,3,2,3,3,4,3,3,3,3,3,3,3,4,4,3,3,3,3,3,3,5,4,3,3,3,4,4,4,4,4,4,4,4,3,4,5,5,5,5,5,5,5,5,5,5,5,5,5,5,5,5,5,5,5,5,5,5,5,5,5,5,5,5,5,5,5,5,5,5,5,5,5,5,5,5,5,5,5,5,5,5,5,5,5,5,5,5,5,5,5,5,5,5,5,5,5,5,5,5,5
45,479,480,471,475,469,466,468,462,488,485,480,471,474,469,469,465,496,483,487,484,477,472,469,464,495,492,490,480,484,474,477,476,497,495,490,484,484,480,480,470,510,493,498,490,487,485,482,478,507,499,500,494,499,488,487,478,511,500,507,503,500,497,490,494,3,3,3,3,3,2,2,3,3,2,3,3,2,2,3,3,4,4,3,3,2,2,3,3,3,3,3,2,2,3,3,3,4,3,3,3,2,3,3,3,3,3,3,3,3,3,3,4,3,4,3,4,4,3,3,4,4,5,3,4,4,3,4,4,5,5,5,5,5,5,5,5,5,5,5,5,5,5,5,5,5,5,5,5,5,5,5,5,5,5,5,5,5,5,5,5,5,5,5,5,5,5,5,5,5,5,5,5,5,5,5,5,5,5,5,5,5,5,5,5,5,5,5,5,5,5,5,5
46,479,482,472,473,468,466,461,460,484,482,479,479,473,471,468,467,488,490,483,480,475,475,472,473,505,490,491,484,482,484,474,473,500,490,491,489,485,481,476,475,499,493,492,495,495,483,481,478,516,503,498,496,487,490,497,487,507,513,502,507,503,494,498,495,4,3,3,3,2,3,3,3,3,3,3,3,3,3,3,3,4,4,3,3,3,3,3,3,3,3,3,2,2,3,3,3,4,3,3,3,3,3,3,3,4,3,4,3,3,3,3,4,4,4,3,3,3,4,4,4,4,5,3,4,3,3,4,6,5,5,5,5,5,5,5,5,5,5,5,5,5,5,5,5,5,5,5,5,5,5,5,5,5,5,5,5,5,5,5,5,5,5,5,5,5,5,5,5,5,5,5,5,5,5,5,5,5,5,5,5,5,5,5,5,5,5,5,5,5,5,5,5
47,485,481,474,467,471,468,467,466,492,479,479,477,471,473,473,463,490,480,485,482,475,470,473,466,495,491,490,483,478,484,476,471,503,490,488,491,492,486,480,476,502,494,498,494,494,485,486,476,502,504,500,492,493,486,493,491,507,507,497,495,497,493,489,492,4,3,3,3,2,3,2,3,3,3,3,3,2,2,3,3,4,3,3,3,2,2,3,3,3,3,3,2,3,3,3,3,4,3,3,3,3,3,3,3,3,4,3,3,3,3,3,3,4,4,3,4,3,3,3,4,4,5,3,4,3,3,3,6,5,5,5,5,5,5,5,5,5,5,5,5,5,5,5,5,5,5,5,5,5,5,5,5,5,5,5,5,5,5,5,5,5,5,5,5,5,5,5,5,5,5,5,5,5,5,5,5,5,5,5,5,5,5,5,5,5,5,5,5,5,5,5,5
48,488,480,467,478,471,463,461,467,482,477,475,473,476,468,466,468,486,488,485,482,476,473,470,471,489,493,485,485,483,482,477,464,500,492,492,486,487,484,477,477,505,500,497,492,488,490,485,489,501,504,505,498,498,489,485,491,518,516,504,499,499,486,495,481,4,3,3,3,3,3,3,3,3,3,3,3,3,3,3,3,3,3,3,3,2,2,3,3,4,3,3,3,3,3,3,3,4,3,3,3,3,3,3,3,4,4,4,3,3,3,4,3,4,4,4,3,4,3,3,4,4,4,4,4,4,4,4,5,5,5,5,5,5,5,5,5,5,5,5,5,5,5,5,5,5,5,5,5,5,5,5,5,5,5,5,5,5,5,5,5,5,5,5,5,5,5,5,5,5,5,5,5,5,5,5,5,5,5,5,5,5,5,5,5,5,5,5,5,5,5,5,5
49,484,473,474,470,470,464,468,460,490,480,480,476,472,469,467,463,491,491,485,481,477,476,470,470,494,486,486,487,476,475,475,470,495,492,491,489,484,486,480,480,498,498,495,498,491,494,480,485,500,502,498,495,490,490,494,485,521,513,507,502,495,489,497,489,4,3,3,3,2,3,3,3,3,3,3,2,2,2,2,3,3,3,3,3,2,3,3,3,4,3,3,3,3,3,3,3,4,3,3,3,3,3,3,3,3,4,3,3,3,3,3,3,4,3,3,3,3,3,3,4,4,4,4,4,4,4,4,5,5,5,5,5,5,5,5,5,5,5,5,5,5,5,5,5,5,5,5,5,5,5,5,5,5,5,5,5,5,5,5,5,5,5,5,5,5,5,5,5,5,5,5,5,5,5,5,5,5,5,5,5,5,5,5,5,5,5,5,5,5,5,5,5
50,478,479,477,469,466,469,464,465,482,481,480,476,471,469,467,461,490,481,481,483,484,472,467,470,497,484,491,481,480,482,476,471,494,496,491,489,489,480,473,477,505,496,499,490,488,481,479,487,508,502,502,498,491,494,488,488,513,509,503,501,499,492,496,491,3,3,3,3,3,3,3,3,3,3,3,3,3,3,3,3,4,4,3,3,2,3,3,3,4,3,3,3,3,3,3,3,4,3,3,3,3,3,3,3,3,4,4,3,3,3,3,3,4,4,3,4,3,4,4,4,4,4,3,4,3,4,4,6,5,5,5,5,5,5,5,5,5,5,5,5,5,5,5,5,5,5,5,5,5,5,5,5,5,5,5,5,5,5,5,5,5,5,5,5,5,5,5,5,5,5,5,5,5,5,5,5,5,5,5,5,5,5,5,5,5,5,5,5,5,5,5,5
51,480,478,473,474,467,466,461,463,486,485,477,475,474,472,473,470,492,491,483,480,475,474,471,469,491,493,495,480,480,478,473,472,494,495,493,492,487,484,480,478,506,495,494,493,491,482,485,481,507,498,507,497,498,495,490,492,507,512,506,493,489,490,503,492,4,3,3,3,2,2,3,3,3,3,3,2,2,2,3,2,4,3,3,3,2,3,3,3,3,3,3,2,3,2,3,3,3,3,3,3,2,3,3,3,3,4,3,3,3,3,3,3,4,4,4,3,4,3,3,4,5,4,3,4,4,3,4,5,5,5,5,5,5,5,5,5,5,5,5,5,5,5,5,5,5,5,5,5,5,5,5,5,5,5,5,5,5,5,5,5,5,5,5,5,5,5,5,5,5,5,5,5,5,5,5,5,5,5,5,5,5,5,5,5,5,5,5,5,5,5,5,5
52,489,475,472,466,468,471,466,467,486,477,482,475,478,475,472,463,494,486,482,484,476,471,472,477,498,488,489,487,477,478,477,474,494,489,492,489,487,485,481,478,506,490,494,489,485,483,484,476,503,501,505,495,496,491,489,495,509,503,507,502,490,498,501,480,4,3,3,3,2,3,3,3,3,3,3,3,2,2,3,3,4,4,3,3,2,3,3,4,4,3,3,3,3,3,3,3,3,3,3,3,3,3,3,4,4,4,4,3,3,3,4,3,4,4,3,3,3,4,3,4,4,5,4,4,3,4,4,5,5,5,5,5,5,5,5,5,5,5,5,5,5,5,5,5,5,5,5,5,5,5,5,5,5,5,5,5,5,5,5,5,5,5,5,5,5,5,5,5,5,5,5,5,5,5,5,5,5,5,5,5,5,5,5,5,5,5,5,5,5,5,5,5
53,482,480,480,472,469,468,470,462,486,489,479,476,472,470,473,469,486,492,490,484,478,467,477,471,498,487,487,483,479,479,476,470,497,500,491,489,482,486,480,479,500,500,501,493,487,484,483,487,500,502,508,488,495,487,492,482,511,503,502,501,494,489,499,492,3,3,3,3,2,2,2,3,3,3,3,2,3,2,3,3,3,3,3,3,2,2,3,3,3,3,3,2,2,3,3,3,3,3,3,3,3,3,3,3,3,3,4,3,3,3,3,3,4,4,3,3,3,3,3,3,4,4,3,4,3,3,4,5,5,5,5,5,5,5,5,5,5,5,5,5,5,5,5,5,5,5,5,5,5,5,5,5,5,5,5,5,5,5,5,5,5,5,5,5,5,5,5,5,5,5,5,5,5,5,5,5,5,5,5,5,5,5,5,5,5,5,5,5,5,5,5,5
54,481,477,475,464,470,465,470,463,485,481,478,479,474,473,464,467,482,485,484,481,479,476,470,472,499,490,486,482,485,480,479,479,497,494,488,488,490,480,472,473,497,499,496,493,494,480,488,480,502,509,505,498,487,490,493,487,514,507,504,507,498,491,492,494,4,3,3,3,2,3,3,3,3,3,3,3,3,2,2,3,3,4,3,3,3,3,3,3,3,3,3,3,3,3,3,4,4,3,3,3,3,3,3,3,4,4,3,3,3,3,3,4,4,4,4,4,3,4,4,4,5,6,4,4,3,3,3,5,5,5,5,5,5,5,5,5,5,5,5,5,5,5,5,5,5,5,5,5,5,5,5,5,5,5,5,5,5,5,5,5,5,5,5,5,5,5,5,5,5,5,5,5,5,5,5,5,5,5,5,5,5,5,5,5,5,5,5,5,5,5,5,5
55,483,477,472,471,475,461,468,456,486,484,481,476,476,467,472,465,492,488,478,483,473,475,467,468,497,490,488,481,484,480,472,467,502,496,496,493,486,484,482,478,498,502,498,490,486,489,478,478,507,502,504,495,487,487,488,487,509,502,508,499,497,492,492,489,3,3,3,3,2,2,2,3,3,2,3,3,2,2,3,3,3,4,3,3,2,2,2,3,3,3,3,2,3,2,3,3,3,3,3,3,3,3,3,3,3,3,3,3,3,3,3,3,4,4,4,4,3,3,3,4,4,5,3,4,3,3,4,5,5,5,5,5,5,5,5,5,5,5,5,5,5,5,5,5,5,5,5,5,5,5,5,5,5,5,5,5,5,5,5,5,5,5,5,5,5,5,5,5,5,5,5,5,5,5,5,5,5,5,5,5,5,5,5,5,5,5,5,5,5,5,5,5
56,482,474,471,471,465,468,461,466,487,486,472,476,473,471,467,469,491,492,483,484,478,475,470,472,504,485,494,486,476,479,469,476,502,496,492,493,485,486,477,478,504,499,498,493,493,483,488,482,511,503,502,501,495,491,494,490,519,507,503,497,498,491,497,491,4,3,3,3,2,3,3,3,3,3,3,3,3,2,2,3,3,3,3,3,3,3,3,3,4,3,3,3,3,3,3,4,4,3,3,3,3,3,3,3,4,3,3,3,3,3,3,3,5,5,3,4,3,3,3,4,5,5,3,5,3,3,4,6,5,5,5,5,5,5,5,5,5,5,5,5,5,5,5,5,5,5,5,5,5,5,5,5,5,5,5,5,5,5,5,5,5,5,5,5,5,5,5,5,5,5,5,5,5,5,5,5,5,5,5,5,5,5,5,5,5,5,5,5,5,5,5,5
57,481,479,472,474,469,470,462,467,491,476,477,479,472,472,470,468,492,477,482,487,475,473,470,471,495,497,500,485,480,480,475,477,505,491,492,490,486,481,478,479,508,493,496,492,485,482,485,482,508,498,501,493,490,492,493,484,509,501,505,500,498,498,490,488,3,3,3,3,2,3,3,3,3,3,3,3,2,2,3,3,3,3,3,3,2,2,3,3,3,3,3,3,2,2,3,3,4,3,3,3,2,3,3,3,3,3,3,3,3,3,3,3,4,3,3,3,3,3,3,4,4,5,3,4,3,3,3,5,5,5,5,5,5,5,5,5,5,5,5,5,5,5,5,5,5,5,5,5,5,5,5,5,5,5,5,5,5,5,5,5,5,5,5,5,5,5,5,5,5,5,5,5,5,5,5,5,5,5,5,5,5,5,5,5,5,5,5,5,5,5,5,5
58,482,480,479,473,464,469,471,460,485,487,476,481,476,468,464,464,493,484,484,479,477,474,473,468,502,492,486,482,477,482,470,471,502,495,491,489,488,484,480,477,502,496,495,493,479,484,486,482,505,499,491,495,491,493,488,490,514,508,507,498,502,490,498,486,3,3,3,3,2,3,4,3,3,3,3,3,3,2,3,3,4,4,3,3,3,3,3,3,4,3,3,3,2,3,3,3,4,3,3,3,3,3,3,3,4,4,4,3,3,3,4,3,4,4,3,4,3,3,4,4,5,4,3,4,4,4,4,6,5,5,5,5,5,5,5,5,5,5,5,5,5,5,5,5,5,5,5,5,5,5,5,5,5,5,5,5,5,5,5,5,5,5,5,5,5,5,5,5,5,5,5,5,5,5,5,5,5,5,5,5,5,5,5,5,5,5,5,5,5,5,5,5
59,479,482,478,469,468,464,465,458,483,479,487,476,472,472,466,465,488,488,482,486,475,476,469,471,498,489,486,483,482,477,480,473,503,490,493,491,486,480,481,476,500,497,501,488,492,487,485,474,509,494,503,496,491,484,486,496,508,498,500,495,494,490,493,487,3,3,3,3,2,3,3,3,3,3,3,3,2,2,2,3,3,4,3,3,2,2,2,3,3,3,3,2,3,3,3,3,4,3,3,3,3,3,3,3,3,4,3,3,3,3,3,3,4,3,3,3,3,3,3,4,4,5,3,4,4,3,3,6,5,5,5,5,5,5,5,5,5,5,5,5,5,5,5,5,5,5,5,5,5,5,5,5,5,5,5,5,5,5,5,5,5,5,5,5,5,5,5,5,5,5,5,5,5,5,5,5,5,5,5,5,5,5,5,5,5,5,5,5,5,5,5,5
60,481,475,473,469,468,472,463,463,486,481,477,478,472,467,464,464,494,491,479,488,479,473,467,472,499,486,487,482,477,476,473,478,494,496,495,488,483,486,477,479,506,501,492,495,487,487,484,480,509,504,501,501,493,494,492,489,514,520,503,502,497,492,489,496,4,3,3,3,3,3,3,3,3,3,3,3,3,3,3,3,4,4,3,3,2,3,3,3,4,3,3,2,3,3,3,3,4,4,3,3,3,3,3,4,3,3,3,3,3,3,3,4,4,4,3,3,3,3,3,4,4,5,3,4,3,3,4,5,5,5,5,5,5,5,5,5,5,5,5,5,5,5,5,5,5,5,5,5,5,5,5,5,5,5,5,5,5,5,5,5,5,5,5,5,5,5,5,5,5,5,5,5,5,5,5,5,5,5,5,5,5,5,5,5,5,5,5,5,5,5,5,5
61,485,481,470,473,468,468,465,459,487,477,484,484,472,467,469,468,488,479,482,489,476,474,476,468,494,484,488,483,484,478,477,473,498,492,495,490,485,479,475,478,507,490,499,491,486,487,476,482,504,501,500,496,498,488,492,483,512,523,508,499,491,500,498,491,3,3,3,3,2,3,3,3,3,3,3,3,2,2,3,3,3,3,3,3,2,3,3,3,3,3,3,2,2,2,3,3,3,3,3,3,3,3,3,3,4,3,4,3,3,3,3,3,4,4,3,3,4,3,3,3,4,4,3,3,3,4,3,5,5,5,5,5,5,5,5,5,5,5,5,5,5,5,5,5,5,5,5,5,5,5,5,5,5,5,5,5,5,5,5,5,5,5,5,5,5,5,5,5,5,5,5,5,5,5,5,5,5,5,5,5,5,5,5,5,5,5,5,5,5,5,5,5
62,482,478,476,475,469,468,463,461,491,476,484,475,475,473,466,462,492,489,487,482,474,473,473,468,497,493,490,490,483,477,474,469,497,501,492,488,485,480,484,476,502,503,504,497,489,486,496,486,499,499,503,495,490,491,489,483,510,512,504,502,493,498,500,489,3,3,3,3,3,3,3,3,3,3,3,3,3,3,3,3,4,3,3,3,2,3,3,3,3,3,3,3,3,3,3,3,4,4,3,3,3,3,3,3,4,4,3,4,3,3,4,3,4,4,4,3,3,3,3,4,4,5,4,4,4,4,4,5,5,5,5,5,5,5,5,5,5,5,5,5,5,5,5,5,5,5,5,5,5,5,5,5,5,5,5,5,5,5,5,5,5,5,5,5,5,5,5,5,5,5,5,5,5,5,5,5,5,5,5,5,5,5,5,5,5,5,5,5,5,5,5,5
63,476,478,474,475,470,468,463,465,487,477,483,479,468,471,464,464,497,489,484,486,476,477,472,469,495,488,491,488,486,482,473,472,497,494,491,485,484,478,483,476,509,499,495,490,495,488,483,481,506,499,500,496,487,486,485,485,515,517,501,499,492,494,489,491,3,3,3,3,3,2,3,3,3,2,3,3,2,2,3,3,3,3,3,3,2,3,3,3,3,3,3,3,2,3,2,3,3,3,3,2,3,3,3,3,3,3,3,3,3,3,3,4,4,4,3,3,3,3,3,3,5,4,3,4,4,3,3,5,5,5,5,5,5,5,5,5,5,5,5,5,5,5,5,5,5,5,5,5,5,5,5,5,5,5,5,5,5,5,5,5,5,5,5,5,5,5,5,5,5,5,5,5,5,5,5,5,5,5,5,5,5,5,5,5,5,5,5,5,5,5,5,5
64,479,482,477,470,467,469,464,464,484,481,475,479,476,472,470,466,493,490,482,479,481,474,470,470,496,494,492,481,479,478,476,473,502,495,489,483,486,484,478,475,505,497,493,494,491,488,483,481,508,506,505,499,496,493,487,487,512,504,504,499,493,503,500,494,3,3,3,3,2,3,3,3,3,3,3,3,3,3,3,3,3,3,3,3,2,3,3,3,4,3,3,3,3,3,3,3,4,3,3,3,3,3,3,3,4,4,4,4,4,3,3,4,4,5,4,3,4,3,3,4,4,5,4,4,4,4,4,6,5,5,5,5,5,5,5,5,5,5,5,5,5,5,5,5,5,5,5,5,5,5,5,5,5,5,5,5,5,5,5,5,5,5,5,5,5,5,5,5,5,5,5,5,5,5,5,5,5,5,5,5,5,5,5,5,5,5,5,5,5,5,5,5
65,476,483,483,470,473,464,464,460,489,482,481,474,474,470,464,462,491,494,482,487,478,471,470,468,491,491,486,480,486,480,479,467,499,496,494,489,492,486,479,475,501,508,495,488,486,488,484,476,502,507,500,486,495,491,488,490,511,508,504,502,498,498,498,487,3,3,3,3,2,2,3,3,3,3,3,3,3,2,2,3,3,3,3,3,2,2,3,3,3,3,3,2,3,2,3,3,3,3,3,3,3,3,2,3,3,3,3,3,3,3,4,4,4,4,3,3,3,4,3,4,4,5,4,4,3,3,3,5,5,5,5,5,5,5,5,5,5,5,5,5,5,5,5,5,5,5,5,5,5,5,5,5,5,5,5,5,5,5,5,5,5,5,5,5,5,5,5,5,5,5,5,5,5,5,5,5,5,5,5,5,5,5,5,5,5,5,5,5,5,5,5,5
66,479,479,475,468,469,463,463,457,491,482,476,479,477,470,469,465,489,488,481,484,471,471,470,464,490,484,491,484,484,484,475,478,500,494,486,489,486,482,476,480,513,500,492,492,497,487,479,486,507,500,499,490,491,491,490,480,514,508,508,502,498,493,495,485,4,3,3,3,3,2,3,3,4,3,3,3,3,2,3,3,3,3,3,3,3,3,3,3,4,3,3,3,3,3,3,4,3,3,3,3,3,3,3,3,4,3,4,3,4,3,3,3,5,4,3,4,4,3,3,3,4,4,4,4,3,4,4,6,5,5,5,5,5,5,5,5,5,5,5,5,5,5,5,5,5,5,5,5,5,5,5,5,5,5,5,5,5,5,5,5,5,5,5,5,5,5,5,5,5,5,5,5,5,5,5,5,5,5,5,5,5,5,5,5,5,5,5,5,5,5,5,5
67,482,480,471,475,470,465,462,464,483,482,477,480,473,465,471,465,483,487,484,477,479,472,471,468,493,492,486,482,482,479,474,469,494,490,491,489,489,484,480,479,502,497,503,491,495,488,483,484,502,499,497,498,495,482,487,483,510,513,507,503,486,493,491,497,4,3,3,3,2,2,3,3,3,3,3,3,2,2,3,3,3,4,3,3,2,3,3,3,3,3,3,2,3,2,3,3,4,3,3,3,3,3,3,3,3,4,3,3,3,3,3,3,4,4,3,3,4,3,3,4,4,4,3,4,3,3,3,5,5,5,5,5,5,5,5,5,5,5,5,5,5,5,5,5,5,5,5,5,5,5,5,5,5,5,5,5,5,5,5,5,5,5,5,5,5,5,5,5,5,5,5,5,5,5,5,5,5,5,5,5,5,5,5,5,5,5,5,5,5,5,5,5
68,485,475,477,473,475,469,462,466,489,483,477,476,473,470,470,465,491,485,483,480,478,474,469,468,495,490,491,482,484,481,478,471,499,493,490,494,484,484,487,476,500,495,485,490,493,484,481,482,502,507,498,495,492,490,491,486,513,500,510,501,498,493,499,482,4,3,3,3,3,3,3,3,3,3,3,3,3,3,3,3,3,4,3,3,2,3,3,3,3,3,3,3,3,3,3,3,4,3,3,3,3,3,3,3,3,4,3,3,3,3,3,4,4,4,3,4,3,3,4,4,4,5,4,4,4,3,5,5,5,5,5,5,5,5,5,5,5,5,5,5,5,5,5,5,5,5,5,5,5,5,5,5,5,5,5,5,5,5,5,5,5,5,5,5,5,5,5,5,5,5,5,5,5,5,5,5,5,5,5,5,5,5,5,5,5,5,5,5,5,5,5,5
69,478,484,475,473,463,465,467,461,488,479,480,478,475,469,470,465,490,491,481,479,476,475,469,476,492,488,492,480,478,477,476,479,491,492,494,491,483,484,477,477,498,492,494,488,494,482,478,488,500,504,492,497,494,491,494,483,517,503,506,504,501,496,494,490,4,3,3,3,2,2,3,3,3,3,3,3,3,2,3,3,4,3,3,3,2,3,2,3,3,3,3,2,3,3,3,3,3,3,3,3,3,3,3,3,3,4,3,3,3,3,3,3,4,4,3,3,4,3,3,4,4,5,3,4,3,3,3,5,5,5,5,5,5,5,5,5,5,5,5,5,5,5,5,5,5,5,5,5,5,5,5,5,5,5,5,5,5,5,5,5,5,5,5,5,5,5,5,5,5,5,5,5,5,5,5,5,5,5,5,5,5,5,5,5,5,5,5,5,5,5,5,5
70,490,481,479,473,465,467,463,463,486,488,481,481,473,471,467,467,487,490,482,478,479,476,469,468,496,490,487,486,486,476,474,474,497,496,488,493,487,480,478,476,503,506,501,491,489,486,482,481,514,497,500,493,495,491,486,488,508,502,503,498,493,493,495,492,3,3,3,3,2,2,3,3,3,3,3,3,3,2,3,3,3,3,3,3,2,3,3,3,3,3,3,3,3,3,3,3,4,4,3,3,3,3,3,3,4,3,3,3,3,3,3,3,4,4,3,4,4,4,3,4,5,5,3,4,4,3,4,7,5,5,5,5,5,5,5,5,5,5,5,5,5,5,5,5,5,5,5,5,5,5,5,5,5,5,5,5,5,5,5,5,5,5,5,5,5,5,5,5,5,5,5,5,5,5,5,5,5,5,5,5,5,5,5,5,5,5,5,5,5,5,5,5
71,487,481,473,469,465,467,463,463,482,481,481,471,475,465,466,467,485,493,485,481,477,475,474,470,493,485,484,483,486,478,476,470,496,498,486,489,490,483,479,476,504,505,490,494,488,486,487,481,508,510,497,492,491,494,489,495,511,497,502,496,497,492,492,499,4,3,3,3,2,3,3,3,3,3,3,2,3,2,2,3,3,3,3,3,2,3,3,3,4,3,3,2,3,2,3,3,4,3,3,3,3,3,2,3,3,3,3,3,3,3,3,3,4,4,3,4,3,3,3,4,4,4,3,3,3,3,3,5,5,5,5,5,5,5,5,5,5,5,5,5,5,5,5,5,5,5,5,5,5,5,5,5,5,5,5,5,5,5,5,5,5,5,5,5,5,5,5,5,5,5,5,5,5,5,5,5,5,5,5,5,5,5,5,5,5,5,5,5,5,5,5,5
72,480,484,476,479,467,466,469,471,489,483,477,470,475,466,464,463,487,486,479,485,475,475,470,465,493,484,487,485,479,484,480,470,493,494,492,491,485,480,481,471,505,490,495,494,492,489,486,474,503,501,498,497,493,495,495,494,508,510,501,510,503,494,493,495,4,3,3,3,3,3,3,3,4,3,3,3,3,2,3,3,3,4,3,3,2,2,3,3,3,3,3,3,3,3,3,3,4,4,3,3,3,3,3,3,4,4,3,3,3,3,4,3,4,4,3,3,3,3,3,4,4,4,3,4,4,3,4,4,5,5,5,5,5,5,5,5,5,5,5,5,5,5,5,5,5,5,5,5,5,5,5,5,5,5,5,5,5,5,5,5,5,5,5,5,5,5,5,5,5,5,5,5,5,5,5,5,5,5,5,5,5,5,5,5,5,5,5,5,5,5,5,5
73,491,483,473,467,470,470,467,463,484,483,477,475,478,469,464,467,491,485,485,485,475,472,473,468,497,492,489,484,477,477,479,473,494,493,496,488,483,478,478,476,496,499,493,493,487,481,479,480,505,504,501,499,488,487,488,481,510,508,511,500,504,494,489,487,3,2,3,3,2,3,2,3,3,3,3,3,2,2,3,3,3,3,3,3,2,3,3,3,3,3,3,2,3,2,3,3,4,3,3,3,3,3,3,3,3,3,3,3,3,3,3,3,4,4,3,3,3,3,3,3,4,5,4,4,3,4,4,5,5,5,5,5,5,5,5,5,5,5,5,5,5,5,5,5,5,5,5,5,5,5,5,5,5,5,5,5,5,5,5,5,5,5,5,5,5,5,5,5,5,5,5,5,5,5,5,5,5,5,5,5,5,5,5,5,5,5,5,5,5,5,5,5
74,474,480,476,470,470,467,467,460,485,487,478,476,470,471,468,468,495,484,481,485,477,475,469,476,490,490,490,487,478,484,473,468,501,494,486,491,487,489,479,474,505,499,494,492,485,488,485,483,511,505,505,500,488,485,493,492,508,500,508,506,501,491,495,492,3,3,3,3,3,3,3,3,3,3,3,3,3,3,3,3,4,4,3,3,2,3,3,3,4,3,3,3,3,2,3,3,4,3,3,3,3,3,3,3,4,3,3,3,3,3,4,3,4,4,4,4,3,3,3,4,5,5,4,5,3,4,4,6,5,5,5,5,5,5,5,5,5,5,5,5,5,5,5,5,5,5,5,5,5,5,5,5,5,5,5,5,5,5,5,5,5,5,5,5,5,5,5,5,5,5,5,5,5,5,5,5,5,5,5,5,5,5,5,5,5,5,5,5,5,5,5,5
75,477,478,479,473,471,463,467,465,483,480,473,473,474,467,467,461,488,489,478,480,474,473,472,472,500,490,491,485,478,479,473,471,504,493,492,489,479,480,477,474,503,498,489,495,486,485,481,482,507,504,500,500,495,489,492,493,513,505,506,495,497,495,486,483,3,3,2,3,2,2,3,3,3,3,3,2,2,2,3,3,3,4,3,3,2,3,3,3,3,3,3,3,3,2,3,3,3,3,3,3,3,3,3,3,3,4,3,3,3,3,3,3,4,4,3,3,3,3,3,3,4,5,3,4,3,3,3,5,5,5,5,5,5,5,5,5,5,5,5,5,5,5,5,5,5,5,5,5,5,5,5,5,5,5,5,5,5,5,5,5,5,5,5,5,5,5,5,5,5,5,5,5,5,5,5,5,5,5,5,5,5,5,5,5,5,5,5,5,5,5,5,5
76,483,480,474,466,468,468,462,460,484,478,475,479,472,475,473,464,484,486,480,481,477,476,468,470,501,490,484,483,485,482,472,472,504,491,480,490,488,480,477,478,502,498,488,489,498,484,484,480,503,505,502,493,497,492,485,481,511,509,499,499,502,491,499,490,4,3,3,3,2,3,3,3,3,3,3,3,3,3,3,3,4,4,3,3,2,3,3,3,3,3,3,3,3,3,3,3,4,3,3,3,3,3,3,3,3,3,3,4,4,3,3,3,4,4,3,4,4,3,4,3,4,6,4,4,4,4,4,6,5,5,5,5,5,5,5,5,5,5,5,5,5,5,5,5,5,5,5,5,5,5,5,5,5,5,5,5,5,5,5,5,5,5,5,5,5,5,5,5,5,5,5,5,5,5,5,5,5,5,5,5,5,5,5,5,5,5,5,5,5,5,5,5
77,489,483,473,473,468,466,460,465,485,490,479,474,482,472,466,461,494,488,484,484,482,472,466,472,500,488,486,482,484,476,479,467,492,491,490,489,488,477,477,477,501,496,493,492,491,481,482,478,511,505,502,489,496,483,484,486,506,507,507,500,497,488,496,490,3,3,3,3,2,2,3,3,3,2,3,3,3,2,2,3,3,4,3,3,2,3,3,3,3,3,3,2,2,2,3,3,4,3,3,3,3,3,3,3,4,4,3,3,3,3,3,3,3,4,3,3,3,3,3,4,5,5,3,4,3,4,4,6,5,5,5,5,5,5,5,5,5,5,5,5,5,5,5,5,5,5,5,5,5,5,5,5,5,5,5,5,5,5,5,5,5,5,5,5,5,5,5,5,5,5,5,5,5,5,5,5,5,5,5,5,5,5,5,5,5,5,5,5,5,5,5,5
78,481,484,477,472,467,466,467,465,486,481,483,474,481,467,467,461,488,485,482,480,476,471,478,470,501,485,488,482,483,479,471,470,501,492,492,496,488,477,479,475,500,500,500,494,489,483,486,484,505,509,496,495,493,494,494,484,508,504,508,499,502,495,506,502,4,3,3,3,2,3,3,3,3,3,3,3,3,2,3,3,3,4,3,3,2,3,3,3,4,3,3,3,3,3,3,3,4,4,3,3,3,3,3,3,3,3,4,3,3,3,4,4,4,4,4,4,3,3,4,4,4,5,3,4,4,3,4,5,5,5,5,5,5,5,5,5,5,5,5,5,5,5,5,5,5,5,5,5,5,5,5,5,5,5,5,5,5,5,5,5,5,5,5,5,5,5,5,5,5,5,5,5,5,5,5,5,5,5,5,5,5,5,5,5,5,5,5,5,5,5,5,5
79,473,481,474,474,470,463,461,461,486,483,477,474,480,470,467,464,484,491,482,480,476,476,469,465,488,493,486,479,484,484,472,474,505,493,491,485,485,488,476,469,504,503,494,492,490,483,483,480,509,497,497,492,494,486,486,486,508,507,508,498,496,499,498,492,3,3,3,3,2,2,3,3,3,2,3,3,3,2,3,3,3,4,3,3,2,2,2,3,3,3,3,2,2,3,3,3,4,3,3,3,3,3,2,3,3,3,3,3,3,3,3,4,3,3,3,4,3,4,3,4,4,5,4,4,3,3,3,5,5,5,5,5,5,5,5,5,5,5,5,5,5,5,5,5,5,5,5,5,5,5,5,5,5,5,5,5,5,5,5,5,5,5,5,5,5,5,5,5,5,5,5,5,5,5,5,5,5,5,5,5,5,5,5,5,5,5,5,5,5,5,5,5
80,479,480,478,473,476,465,463,465,481,481,479,480,475,469,465,462,493,486,483,480,482,472,469,465,496,497,486,489,476,481,481,474,499,500,494,487,482,476,485,478,506,498,496,497,490,486,479,478,499,501,499,491,495,489,485,482,509,506,505,499,501,500,495,488,4,3,3,3,3,3,3,3,3,3,3,3,2,2,2,3,4,3,3,3,2,3,3,3,4,3,3,3,3,3,3,3,4,3,3,3,3,3,3,3,4,3,3,3,3,3,3,3,3,4,4,4,3,3,3,4,4,5,3,4,4,3,4,5,5,5,5,5,5,5,5,5,5,5,5,5,5,5,5,5,5,5,5,5,5,5,5,5,5,5,5,5,5,5,5,5,5,5,5,5,5,5,5,5,5,5,5,5,5,5,5,5,5,5,5,5,5,5,5,5,5,5,5,5,5,5,5,5
81,488,483,474,469,469,469,461,464,493,479,480,476,472,474,468,465,492,488,477,483,480,473,469,468,495,492,488,481,485,480,473,469,501,502,486,489,489,481,477,479,504,502,491,484,487,491,488,483,505,502,501,499,491,492,483,485,507,504,505,504,495,495,490,486,4,3,3,3,2,3,3,2,3,3,3,3,2,2,3,3,4,3,3,3,2,3,2,3,4,3,3,3,2,2,3,3,4,3,3,3,2,3,3,3,4,3,3,3,3,3,4,3,4,4,3,3,3,3,3,4,4,4,3,4,3,3,3,5,5,5,5,5,5,5,5,5,5,5,5,5,5,5,5,5,5,5,5,5,5,5,5,5,5,5,5,5,5,5,5,5,5,5,5,5,5,5,5,5,5,5,5,5,5,5,5,5,5,5,5,5,5,5,5,5,5,5,5,5,5,5,5,5
82,487,479,474,471,469,466,460,465,490,481,480,481,473,466,474,467,496,485,486,483,474,477,471,468,502,485,486,486,488,480,476,474,498,489,495,487,481,484,477,477,501,501,492,496,490,480,479,485,502,500,500,495,496,495,491,493,518,502,504,498,500,497,491,494,3,3,3,3,3,3,3,3,3,3,3,3,3,2,3,3,4,4,3,3,3,3,3,3,4,4,3,3,2,2,3,3,4,3,3,3,3,3,3,3,4,4,3,3,4,3,3,3,4,4,4,4,4,3,4,4,5,4,4,4,3,3,4,5,5,5,5,5,5,5,5,5,5,5,5,5,5,5,5,5,5,5,5,5,5,5,5,5,5,5,5,5,5,5,5,5,5,5,5,5,5,5,5,5,5,5,5,5,5,5,5,5,5,5,5,5,5,5,5,5,5,5,5,5,5,5,5,5
83,480,480,473,473,467,466,460,462,487,485,481,473,471,469,468,469,493,483,483,483,479,476,471,468,494,490,489,486,482,480,472,478,498,500,482,490,487,487,477,479,499,498,489,492,492,488,485,483,505,502,494,490,496,489,485,478,516,498,500,506,496,494,501,485,3,3,3,3,2,2,3,2,3,2,3,2,2,2,3,3,3,3,3,3,2,3,3,3,3,3,3,2,3,2,3,3,3,3,2,3,3,3,3,3,3,4,3,3,3,3,3,3,4,4,3,4,4,3,4,4,4,4,3,4,3,4,4,5,5,5,5,5,5,5,5,5,5,5,5,5,5,5,5,5,5,5,5,5,5,5,5,5,5,5,5,5,5,5,5,5,5,5,5,5,5,5,5,5,5,5,5,5,5,5,5,5,5,5,5,5,5,5,5,5,5,5,5,5,5,5,5,5
84,491,480,475,469,464,469,456,465,483,487,474,476,475,467,470,464,493,486,478,482,479,473,478,469,489,493,484,483,478,475,474,474,499,495,491,488,486,483,480,470,502,506,497,492,488,483,480,480,499,504,495,494,501,489,495,484,511,498,498,497,498,488,495,483,3,3,3,3,3,3,3,3,3,3,3,3,3,3,3,3,4,4,3,3,3,3,3,3,4,3,3,2,3,3,3,3,4,3,3,3,3,3,3,3,3,3,4,3,4,3,4,4,4,4,3,4,4,4,4,4,4,6,4,4,3,4,4,5,5,5,5,5,5,5,5,5,5,5,5,5,5,5,5,5,5,5,5,5,5,5,5,5,5,5,5,5,5,5,5,5,5,5,5,5,5,5,5,5,5,5,5,5,5,5,5,5,5,5,5,5,5,5,5,5,5,5,5,5,5,5,5,5
85,489,480,465,468,466,468,465,465,487,477,480,476,476,476,468,459,487,489,479,483,475,477,472,471,498,485,490,480,484,472,473,471,498,489,488,490,486,485,475,476,500,501,488,491,486,488,489,479,514,501,502,490,496,494,483,492,509,502,509,498,494,493,502,480,4,3,3,3,2,2,3,3,3,3,3,3,2,3,3,3,3,3,3,3,2,2,3,3,3,3,3,2,2,2,3,3,3,3,3,3,3,3,3,3,3,3,3,3,3,3,3,3,4,4,3,4,3,3,3,3,4,4,3,4,4,4,4,5,5,5,5,5,5,5,5,5,5,5,5,5,5,5,5,5,5,5,5,5,5,5,5,5,5,5,5,5,5,5,5,5,5,5,5,5,5,5,5,5,5,5,5,5,5,5,5,5,5,5,5,5,5,5,5,5,5,5,5,5,5,5,5,5
86,480,480,483,476,468,461,460,463,485,477,483,475,482,473,470,462,490,492,481,478,478,475,470,470,496,491,486,482,485,482,477,475,505,494,492,491,483,486,480,482,502,493,496,493,492,489,486,492,500,503,501,496,495,485,495,489,505,509,497,495,507,487,489,485,4,3,3,3,3,2,3,3,3,3,3,3,3,3,3,3,3,4,3,3,2,3,3,3,4,3,3,3,2,3,3,3,4,3,3,3,3,3,3,4,4,3,4,4,3,3,3,3,4,4,3,4,4,3,3,4,4,6,3,4,4,4,4,6,5,5,5,5,5,5,5,5,5,5,5,5,5,5,5,5,5,5,5,5,5,5,5,5,5,5,5,5,5,5,5,5,5,5,5,5,5,5,5,5,5,5,5,5,5,5,5,5,5,5,5,5,5,5,5,5,5,5,5,5,5,5,5,5
87,480,475,475,468,467,470,465,461,488,480,477,479,471,471,468,467,491,491,486,479,479,472,471,465,492,490,485,480,483,477,476,471,499,493,488,484,483,480,481,475,507,491,501,494,492,486,474,486,507,504,498,485,490,488,484,486,505,517,499,498,498,492,496,490,3,3,3,3,2,3,3,3,3,3,3,3,2,2,3,3,4,3,3,3,2,3,3,3,3,3,3,2,3,2,3,3,4,3,3,3,3,3,3,3,4,3,4,3,3,3,3,3,4,4,3,3,3,3,3,4,4,5,3,4,4,3,3,4,5,5,5,5,5,5,5,5,5,5,5,5,5,5,5,5,5,5,5,5,5,5,5,5,5,5,5,5,5,5,5,5,5,5,5,5,5,5,5,5,5,5,5,5,5,5,5,5,5,5,5,5,5,5,5,5,5,5,5,5,5,5,5,5
88,481,483,470,470,467,464,467,458,489,483,475,477,471,472,465,465,491,484,488,477,478,473,470,472,496,494,484,486,488,482,476,472,498,492,486,494,489,481,471,480,505,496,495,492,487,492,485,483,510,498,504,498,496,485,496,486,503,502,503,495,492,486,500,491,4,3,3,3,2,3,3,3,4,3,3,3,3,2,3,3,3,4,3,3,3,3,3,3,3,3,3,3,3,3,3,3,3,3,3,3,3,3,3,3,3,4,3,3,3,3,3,3,4,4,4,3,3,4,3,4,5,5,3,4,4,4,4,7,5,5,5,5,5,5,5,5,5,5,5,5,5,5,5,5,5,5,5,5,5,5,5,5,5,5,5,5,5,5,5,5,5,5,5,5,5,5,5,5,5,5,5,5,5,5,5,5,5,5,5,5,5,5,5,5,5,5,5,5,5,5,5,5
89,480,480,473,473,469,467,463,462,483,486,478,478,474,470,469,466,493,481,487,488,478,473,467,471,494,495,486,480,484,481,477,474,498,493,485,492,488,483,475,475,508,496,496,492,493,491,478,479,498,502,500,495,488,485,486,490,509,506,500,502,504,492,497,484,3,3,3,3,3,3,3,3,3,3,3,3,2,2,3,3,3,4,3,3,2,3,3,3,3,3,3,3,2,3,3,3,3,3,3,3,3,3,3,3,3,3,3,3,3,3,3,4,3,4,3,3,3,3,3,4,5,4,3,4,3,3,4,5,5,5,5,5,5,5,5,5,5,5,5,5,5,5,5,5,5,5,5,5,5,5,5,5,5,5,5,5,5,5,5,5,5,5,5,5,5,5,5,5,5,5,5,5,5,5,5,5,5,5,5,5,5,5,5,5,5,5,5,5,5,5,5,5
90,482,480,477,476,466,470,461,459,489,485,483,474,474,470,474,469,491,488,487,475,475,478,477,466,496,491,486,484,484,478,474,474,495,496,488,487,486,486,477,482,502,501,495,488,484,489,477,485,505,498,498,496,488,493,493,487,514,514,508,500,495,498,493,490,4,3,3,3,2,3,3,3,3,3,3,3,3,3,3,3,4,4,3,3,2,2,3,3,4,3,3,3,2,3,3,3,4,3,3,3,3,3,3,4,4,3,3,3,3,3,3,3,4,4,3,4,3,3,3,4,4,5,4,4,4,4,3,5,5,5,5,5,5,5,5,5,5,5,5,5,5,5,5,5,5,5,5,5,5,5,5,5,5,5,5,5,5,5,5,5,5,5,5,5,5,5,5,5,5,5,5,5,5,5,5,5,5,5,5,5,5,5,5,5,5,5,5,5,5,5,5,5
91,480,476,471,474,465,466,465,463,489,483,481,478,470,469,466,469,488,491,482,482,475,477,468,468,496,486,488,484,481,479,472,471,498,492,490,485,485,478,478,474,493,501,493,490,495,484,487,479,502,503,495,497,500,489,499,483,509,498,502,506,500,493,492,487,4,3,3,3,2,2,3,3,3,2,3,3,2,2,3,3,3,3,3,3,2,2,2,3,4,3,3,2,2,3,3,3,4,3,3,3,3,3,3,3,3,3,3,3,3,3,3,3,4,4,3,3,4,3,3,3,4,5,3,4,3,4,3,5,5,5,5,5,5,5,5,5,5,5,5,5,5,5,5,5,5,5,5,5,5,5,5,5,5,5,5,5,5,5,5,5,5,5,5,5,5,5,5,5,5,5,5,5,5,5,5,5,5,5,5,5,5,5,5,5,5,5,5,5,5,5,5,5
92,479,484,478,472,469,472,462,461,485,478,479,478,475,468,469,473,486,483,486,475,477,476,472,468,499,495,486,480,483,477,474,473,498,497,489,484,489,488,480,478,505,500,498,497,484,487,477,478,504,509,497,488,494,485,486,488,517,503,507,503,493,491,492,488,4,3,3,3,2,3,3,3,3,3,3,3,3,3,3,3,3,4,3,3,2,3,3,3,4,3,3,2,3,3,3,3,4,3,3,3,3,3,3,4,4,3,3,4,3,3,3,3,4,5,4,4,3,4,3,4,4,5,4,5,3,3,4,5,5,5,5,5,5,5,5,5,5,5,5,5,5,5,5,5,5,5,5,5,5,5,5,5,5,5,5,5,5,5,5,5,5,5,5,5,5,5,5,5,5,5,5,5,5,5,5,5,5,5,5,5,5,5,5,5,5,5,5,5,5,5,5,5
93,477,482,480,468,465,465,461,465,486,479,479,470,473,468,469,467,489,486,482,480,478,472,468,466,494,485,490,483,479,474,474,465,499,493,494,487,487,480,485,479,497,504,497,491,485,488,482,484,510,510,502,494,482,492,494,501,515,515,501,502,501,497,498,494,3,3,3,3,2,3,3,3,3,3,2,2,2,2,3,3,3,4,3,3,2,2,3,3,3,3,3,3,3,2,3,3,3,3,3,3,3,3,3,3,3,3,3,3,3,3,3,3,4,4,3,3,3,3,3,5,4,4,3,4,3,4,4,4,5,5,5,5,5,5,5,5,5,5,5,5,5,5,5,5,5,5,5,5,5,5,5,5,5,5,5,5,5,5,5,5,5,5,5,5,5,5,5,5,5,5,5,5,5,5,5,5,5,5,5,5,5,5,5,5,5,5,5,5,5,5,5,5
94,488,476,476,472,466,468,457,465,485,479,482,474,471,474,467,470,489,489,483,479,478,476,472,467,494,488,492,484,474,477,477,478,502,494,489,488,485,481,480,478,505,500,494,493,487,485,479,487,504,500,499,499,496,489,479,487,511,502,500,503,498,491,500,496,4,3,3,3,2,3,3,3,3,3,3,3,3,2,3,3,3,3,3,3,2,3,3,3,3,3,3,3,3,3,3,4,4,3,3,3,3,3,3,3,4,3,4,3,3,3,3,3,4,4,4,3,4,4,4,4,4,5,3,4,4,4,4,6,5,5,5,5,5,5,5,5,5,5,5,5,5,5,5,5,5,5,5,5,5,5,5,5,5,5,5,5,5,5,5,5,5,5,5,5,5,5,5,5,5,5,5,5,5,5,5,5,5,5,5,5,5,5,5,5,5,5,5,5,5,5,5,5
95,487,480,471,473,468,470,463,459,482,481,478,474,477,469,466,469,494,490,482,481,479,478,466,468,490,493,485,482,479,477,469,470,500,491,488,490,491,479,478,477,501,500,490,486,490,483,483,488,504,507,505,497,497,488,494,490,512,509,509,511,497,494,494,488,4,3,3,3,2,3,3,3,3,3,2,2,2,2,2,3,4,3,3,3,2,2,3,3,3,3,3,2,3,2,2,3,3,3,3,3,3,3,3,3,3,3,3,3,3,3,3,3,4,4,3,4,3,3,3,4,5,5,4,4,3,3,3,5,5,5,5,5,5,5,5,5,5,5,5,5,5,5,5,5,5,5,5,5,5,5,5,5,5,5,5,5,5,5,5,5,5,5,5,5,5,5,5,5,5,5,5,5,5,5,5,5,5,5,5,5,5,5,5,5,5,5,5,5,5,5,5,5
96,487,477,476,473,469,468,460,461,487,486,483,475,474,468,469,464,485,479,482,481,479,472,470,463,491,495,486,478,476,477,475,467,505,492,486,491,490,480,481,481,499,500,495,491,484,479,489,481,508,500,503,496,490,493,483,481,509,507,512,500,498,501,500,491,3,3,3,3,3,3,3,3,3,3,3,3,3,2,3,3,4,3,3,3,3,3,3,3,3,3,3,3,3,3,3,3,4,4,3,3,3,3,3,3,3,4,3,3,3,3,4,4,4,4,3,3,4,3,3,4,4,4,4,4,4,4,3,6,5,5,5,5,5,5,5,5,5,5,5,5,5,5,5,5,5,5,5,5,5,5,5,5,5,5,5,5,5,5,5,5,5,5,5,5,5,5,5,5,5,5,5,5,5,5,5,5,5,5,5,5,5,5,5,5,5,5,5,5,5,5,5,5
97,485,482,482,465,467,466,460,465,493,481,474,474,475,474,470,466,489,476,482,478,476,471,469,466,489,488,480,483,484,476,472,473,500,494,487,495,489,479,482,487,506,500,495,492,490,489,484,478,513,504,497,495,488,490,492,487,515,504,512,502,497,495,494,483,4,3,3,3,2,2,3,3,3,3,2,3,2,2,3,3,3,3,3,3,2,3,3,3,4,3,3,2,2,2,2,3,4,3,2,3,2,3,3,3,3,3,3,3,3,3,3,3,3,4,3,3,3,3,3,4,4,5,4,4,3,3,4,4,5,5,5,5,5,5,5,5,5,5,5,5,5,5,5,5,5,5,5,5,5,5,5,5,5,5,5,5,5,5,5,5,5,5,5,5,5,5,5,5,5,5,5,5,5,5,5,5,5,5,5,5,5,5,5,5,5,5,5,5,5,5,5,5
98,484,482,476,475,469,470,471,463,486,481,477,480,474,468,471,463,493,487,484,484,479,476,473,469,495,493,488,483,485,477,479,475,505,500,491,492,488,484,477,480,506,487,493,493,491,484,486,479,515,500,494,499,490,495,490,482,507,506,506,497,493,490,495,491,4,3,3,3,3,3,3,3,3,3,3,3,2,3,3,3,4,3,3,3,3,3,3,3,3,3,3,3,3,2,3,3,4,3,3,3,3,3,3,4,3,4,4,3,3,3,3,4,4,4,4,3,3,3,4,4,4,5,4,5,4,4,4,5,5,5,5,5,5,5,5,5,5,5,5,5,5,5,5,5,5,5,5,5,5,5,5,5,5,5,5,5,5,5,5,5,5,5,5,5,5,5,5,5,5,5,5,5,5,5,5,5,5,5,5,5,5,5,5,5,5,5,5,5,5,5,5,5
99,479,476,472,475,466,464,467,464,495,479,479,473,474,467,468,465,491,490,482,470,477,468,477,472,498,490,489,477,482,480,474,475,502,493,492,490,485,484,477,476,502,497,491,499,487,485,479,481,504,509,498,493,494,501,490,484,515,504,505,503,495,491,497,494,3,3,3,3,2,3,3,3,3,3,3,2,2,2,3,3,4,3,3,3,2,2,3,3,3,3,3,3,3,2,3,3,4,3,3,3,3,2,3,3,3,3,3,3,3,3,3,4,4,4,3,4,3,3,3,3,4,5,3,4,4,3,4,5,5,5,5,5,5,5,5,5,5,5,5,5,5,5,5,5,5,5,5,5,5,5,5,5,5,5,5,5,5,5,5,5,5,5,5,5,5,5,5,5,5,5,5,5,5,5,5,5,5,5,5,5,5,5,5,5,5,5,5,5,5,5,5,5
100,487,475,478,475,467,465,461,463,486,483,481,477,474,471,465,461,490,485,484,485,471,477,471,472,497,487,486,487,486,476,475,472,497,497,491,487,486,485,482,481,501,504,498,499,491,488,483,489,510,505,500,498,495,488,496,487,508,507,502,494,500,491,496,491,4,3,3,3,2,3,3,3,3,3,3,3,3,2,2,3,4,4,3,3,3,3,3,3,4,3,3,3,3,2,3,3,4,4,3,3,3,3,3,4,4,3,4,3,3,3,4,3,5,4,3,3,3,4,4,4,5,6,3,4,4,4,4,6,5,5,5,5,5,5,5,5,5,5,5,5,5,5,5,5,5,5,5,5,5,5,5,5,5,5,5,5,5,5,5,5,5,5,5,5,5,5,5,5,5,5,5,5,5,5,5,5,5,5,5,5,5,5,5,5,5,5,5,5,5,5,5,5
101,481,481,476,476,469,467,462,457,493,482,477,476,472,471,468,465,488,488,481,482,475,475,472,465,495,488,490,484,477,476,475,474,497,495,494,488,487,481,478,470,507,496,483,489,488,482,482,479,508,499,503,497,492,497,492,486,510,513,507,505,499,495,495,488,4,3,3,3,3,2,3,3,3,3,3,3,3,2,3,3,4,3,3,3,2,3,3,3,3,3,3,3,3,2,3,3,3,3,3,3,3,3,3,3,4,3,3,3,3,3,3,3,4,4,4,3,3,3,3,4,4,4,4,4,3,3,3,5,5,5,5,5,5,5,5,5,5,5,5,5,5,5,5,5,5,5,5,5,5,5,5,5,5,5,5,5,5,5,5,5,5,5,5,5,5,5,5,5,5,5,5,5,5,5,5,5,5,5,5,5,5,5,5,5,5,5,5,5,5,5,5,5
102,480,480,480,474,466,468,465,463,486,480,481,477,474,470,468,461,485,477,485,481,477,476,471,467,500,491,481,487,480,478,479,472,504,495,495,484,486,476,479,472,507,499,494,491,493,484,483,487,496,505,500,494,492,485,479,493,511,506,503,497,503,490,494,491,4,3,3,3,3,3,3,3,3,3,3,3,2,2,3,3,3,3,3,3,2,3,3,3,4,3,3,3,3,3,3,3,4,3,3,3,3,3,3,3,3,3,3,3,4,3,3,3,4,4,3,4,3,4,3,4,4,4,4,4,4,4,4,6,5,5,5,5,5,5,5,5,5,5,5,5,5,5,5,5,5,5,5,5,5,5,5,5,5,5,5,5,5,5,5,5,5,5,5,5,5,5,5,5,5,5,5,5,5,5,5,5,5,5,5,5,5,5,5,5,5,5,5,5,5,5,5,5
103,480,479,478,469,468,466,468,462,486,475,482,479,474,466,460,468,490,483,484,485,476,474,471,471,497,489,486,487,483,479,478,468,498,493,490,484,482,481,473,474,507,503,497,490,488,484,485,479,513,499,497,496,500,484,486,481,508,507,508,497,491,498,495,491,4,3,3,3,3,3,3,3,3,3,3,3,2,2,2,3,3,3,3,3,2,2,3,3,3,3,3,3,3,2,3,3,4,3,3,3,3,3,3,3,3,3,3,3,3,3,3,3,4,4,4,3,4,3,3,3,4,4,3,3,4,3,3,5,5,5,5,5,5,5,5,5,5,5,5,5,5,5,5,5,5,5,5,5,5,5,5,5,5,5,5,5,5,5,5,5,5,5,5,5,5,5,5,5,5,5,5,5,5,5,5,5,5,5,5,5,5,5,5,5,5,5,5,5,5,5,5,5
104,480,480,479,478,464,468,465,468,487,485,479,479,473,472,468,461,492,488,480,477,473,479,475,470,492,490,492,485,478,476,479,476,500,489,496,491,489,482,479,477,499,496,499,493,488,487,480,482,501,500,501,498,492,492,483,490,513,502,499,500,500,486,500,488,3,3,3,3,2,3,3,3,3,3,3,3,3,3,3,3,4,4,3,3,2,3,3,3,3,3,3,3,3,2,3,3,4,3,3,3,3,3,3,3,4,4,4,4,3,3,3,4,4,4,3,4,3,3,4,4,4,5,3,4,3,4,4,6,5,5,5,5,5,5,5,5,5,5,5,5,5,5,5,5,5,5,5,5,5,5,5,5,5,5,5,5,5,5,5,5,5,5,5,5,5,5,5,5,5,5,5,5,5,5,5,5,5,5,5,5,5,5,5,5,5,5,5,5,5,5,5,5
105,478,480,471,468,472,469,466,469,480,477,479,477,473,465,467,467,489,491,482,481,477,468,474,464,494,490,494,485,482,477,472,470,497,491,494,494,483,480,478,479,502,494,495,485,491,484,487,483,511,504,500,491,492,492,488,488,510,516,501,502,495,501,499,492,3,3,3,3,2,3,3,3,3,3,3,3,3,2,3,3,3,3,3,3,2,2,3,3,3,3,3,3,2,2,3,3,3,3,3,3,3,3,3,3,3,3,3,3,3,3,3,3,3,4,3,4,3,4,4,4,4,5,3,4,3,4,4,5,5,5,5,5,5,5,5,5,5,5,5,5,5,5,5,5,5,5,5,5,5,5,5,5,5,5,5,5,5,5,5,5,5,5,5,5,5,5,5,5,5,5,5,5,5,5,5,5,5,5,5,5,5,5,5,5,5,5,5,5,5,5,5,5
106,478,479,479,470,470,466,466,466,487,480,482,468,476,470,468,465,492,484,483,482,478,472,475,468,496,496,489,479,479,480,473,471,500,495,495,488,489,486,477,478,505,504,488,484,491,486,485,480,504,502,507,493,495,486,487,489,504,505,497,501,500,487,497,493,3,3,3,3,3,2,3,3,3,3,3,3,3,2,3,3,4,4,3,3,2,3,3,3,3,4,3,2,3,2,3,3,4,3,3,3,3,3,3,4,4,3,3,3,3,3,3,4,4,4,4,4,3,4,3,4,4,5,3,4,3,3,4,5,5,5,5,5,5,5,5,5,5,5,5,5,5,5,5,5,5,5,5,5,5,5,5,5,5,5,5,5,5,5,5,5,5,5,5,5,5,5,5,5,5,5,5,5,5,5,5,5,5,5,5,5,5,5,5,5,5,5,5,5,5,5,5,5
107,474,479,479,471,470,472,463,461,489,481,478,474,472,468,470,469,492,485,480,484,475,472,467,468,495,497,487,487,484,477,476,478,486,493,488,493,486,482,478,481,501,495,500,493,496,490,479,482,508,495,499,496,490,493,484,484,510,506,511,496,505,494,495,489,3,3,3,3,2,3,3,3,3,3,3,3,3,2,3,3,3,3,3,3,2,2,3,3,3,3,3,2,3,2,3,3,4,3,3,3,3,3,3,3,3,3,3,3,3,3,3,3,4,4,3,3,3,3,3,4,4,5,4,4,3,3,4,5,5,5,5,5,5,5,5,5,5,5,5,5,5,5,5,5,5,5,5,5,5,5,5,5,5,5,5,5,5,5,5,5,5,5,5,5,5,5,5,5,5,5,5,5,5,5,5,5,5,5,5,5,5,5,5,5,5,5,5,5,5,5,5,5
108,485,481,472,466,464,471,471,466,487,487,478,477,475,469,463,459,484,484,485,487,476,473,467,467,498,483,488,482,483,480,476,471,504,495,493,488,483,475,478,481,504,498,490,486,490,483,489,481,500,497,500,495,491,496,486,483,510,513,505,499,501,495,497,483,4,3,3,3,2,3,3,3,3,3,3,3,3,3,3,3,3,4,3,3,3,3,3,3,3,3,3,2,3,3,3,3,4,3,3,3,3,3,3,3,3,3,3,3,3,3,3,4,4,4,3,4,3,3,3,4,5,5,3,4,3,4,4,5,5,5,5,5,5,5,5,5,5,5,5,5,5,5,5,5,5,5,5,5,5,5,5,5,5,5,5,5,5,5,5,5,5,5,5,5,5,5,5,5,5,5,5,5,5,5,5,5,5,5,5,5,5,5,5,5,5,5,5,5,5,5,5,5
109,483,480,478,472,469,469,462,459,488,479,482,470,476,475,469,469,485,490,482,485,479,478,470,466,497,488,491,483,482,480,475,475,495,491,491,491,486,478,476,479,500,497,496,494,490,487,486,484,505,494,501,496,496,487,487,479,515,502,501,508,498,492,490,487,4,3,3,3,2,3,3,3,3,3,3,2,3,2,2,2,3,4,3,3,2,3,3,3,3,3,3,3,3,2,3,3,3,3,3,3,3,3,3,3,3,3,3,3,3,3,4,3,4,3,3,3,3,3,3,4,4,5,4,4,3,4,3,5,5,5,5,5,5,5,5,5,5,5,5,5,5,5,5,5,5,5,5,5,5,5,5,5,5,5,5,5,5,5,5,5,5,5,5,5,5,5,5,5,5,5,5,5,5,5,5,5,5,5,5,5,5,5,5,5,5,5,5,5,5,5,5,5
110,478,486,477,470,466,465,467,465,484,487,473,476,472,465,467,464,493,486,481,478,480,471,476,473,501,498,492,484,480,478,470,477,493,500,489,484,491,484,482,479,501,501,498,489,487,483,476,473,508,500,502,492,490,488,491,488,509,507,501,506,494,493,490,485,4,3,3,3,2,3,3,3,3,3,3,3,2,2,3,3,4,4,3,3,2,3,3,3,3,4,3,3,3,3,3,3,4,4,3,3,3,3,3,3,4,4,4,3,3,3,3,4,4,4,4,4,3,3,3,4,4,4,3,4,4,3,4,5,5,5,5,5,5,5,5,5,5,5,5,5,5,5,5,5,5,5,5,5,5,5,5,5,5,5,5,5,5,5,5,5,5,5,5,5,5,5,5,5,5,5,5,5,5,5,5,5,5,5,5,5,5,5,5,5,5,5,5,5,5,5,5,5
111,483,478,472,474,472,464,472,464,483,481,477,480,474,471,468,466,485,489,485,489,480,475,469,470,496,488,484,486,477,476,473,479,500,492,486,493,481,482,479,469,504,496,491,491,486,485,491,476,513,502,504,498,491,488,491,487,506,510,501,501,497,495,498,482,3,3,3,3,2,2,3,3,3,2,3,3,3,2,3,3,4,4,3,3,2,3,3,3,3,3,3,2,3,3,3,3,3,3,3,3,3,2,3,3,4,3,3,3,3,3,4,4,3,4,3,3,3,3,3,4,4,6,3,4,3,3,4,4,5,5,5,5,5,5,5,5,5,5,5,5,5,5,5,5,5,5,5,5,5,5,5,5,5,5,5,5,5,5,5,5,5,5,5,5,5,5,5,5,5,5,5,5,5,5,5,5,5,5,5,5,5,5,5,5,5,5,5,5,5,5,5,5
112,489,483,478,471,469,461,467,462,482,481,478,471,476,466,468,463,484,482,482,486,480,474,472,470,490,488,485,483,481,478,483,466,492,494,487,492,488,485,477,480,504,492,489,488,491,488,487,479,508,510,498,492,488,495,494,495,513,506,507,500,492,494,486,491,3,3,3,3,3,2,3,3,3,3,3,3,3,3,3,3,4,4,3,3,2,3,3,3,3,3,3,3,3,3,3,3,4,3,3,3,3,3,3,4,3,4,3,3,3,3,3,3,4,4,3,4,3,3,3,4,4,5,4,4,4,3,4,5,5,5,5,5,5,5,5,5,5,5,5,5,5,5,5,5,5,5,5,5,5,5,5,5,5,5,5,5,5,5,5,5,5,5,5,5,5,5,5,5,5,5,5,5,5,5,5,5,5,5,5,5,5,5,5,5,5,5,5,5,5,5,5,5
113,482,481,473,474,465,465,461,473,483,481,480,475,471,469,465,464,487,492,487,478,473,476,471,467,496,493,489,480,485,473,476,476,497,492,493,489,489,481,477,471,504,498,494,495,488,485,490,478,500,511,500,491,489,487,493,487,510,512,502,501,493,497,497,486,4,3,3,3,2,3,3,3,3,3,3,2,2,2,3,3,3,3,3,3,2,3,3,3,4,3,3,2,2,2,3,3,4,3,3,3,2,3,3,3,3,3,3,3,3,3,3,4,4,5,4,4,3,3,3,4,4,4,3,4,4,3,4,5,5,5,5,5,5,5,5,5,5,5,5,5,5,5,5,5,5,5,5,5,5,5,5,5,5,5,5,5,5,5,5,5,5,5,5,5,5,5,5,5,5,5,5,5,5,5,5,5,5,5,5,5,5,5,5,5,5,5,5,5,5,5,5,5
114,479,481,479,472,469,470,466,469,488,485,477,477,468,468,473,471,497,492,489,487,479,473,472,469,492,492,489,488,479,481,474,475,492,501,489,494,485,481,476,476,498,490,492,494,492,490,483,482,510,505,497,499,496,489,491,488,514,510,505,505,501,495,497,481,3,3,3,3,3,3,3,3,3,3,3,3,3,3,3,3,3,3,3,3,3,3,3,3,3,3,3,3,3,3,3,3,4,4,3,3,3,3,3,3,4,3,3,3,3,3,4,4,4,4,3,4,4,3,4,4,5,4,3,4,3,4,4,5,5,5,5,5,5,5,5,5,5,5,5,5,5,5,5,5,5,5,5,5,5,5,5,5,5,5,5,5,5,5,5,5,5,5,5,5,5,5,5,5,5,5,5,5,5,5,5,5,5,5,5,5,5,5,5,5,5,5,5,5,5,5,5,5
115,475,485,476,475,462,466,470,465,485,485,478,477,472,473,469,464,488,485,483,480,481,475,474,471,502,489,491,482,480,485,474,472,498,496,493,490,488,484,478,473,501,500,495,492,480,494,483,483,511,499,492,490,493,488,484,484,507,515,506,498,504,495,491,485,3,3,3,3,2,2,3,3,3,3,3,3,2,2,2,3,3,4,3,3,2,3,3,3,3,3,3,2,2,3,3,3,3,3,3,3,3,3,3,3,3,4,3,3,3,3,3,3,3,4,4,3,4,3,3,3,4,4,3,4,3,3,3,5,5,5,5,5,5,5,5,5,5,5,5,5,5,5,5,5,5,5,5,5,5,5,5,5,5,5,5,5,5,5,5,5,5,5,5,5,5,5,5,5,5,5,5,5,5,5,5,5,5,5,5,5,5,5,5,5,5,5,5,5,5,5,5,5
116,481,488,472,473,464,461,461,468,487,484,482,476,474,474,467,468,488,489,483,482,478,479,469,474,501,489,485,480,477,478,472,477,498,497,497,488,484,482,486,483,505,495,495,495,490,490,486,483,505,497,498,502,491,497,496,482,510,513,497,505,506,492,491,493,4,3,3,3,2,2,3,3,3,3,3,3,3,2,3,3,3,3,3,3,3,3,3,3,4,3,3,3,3,3,3,3,4,3,4,3,3,3,3,4,4,3,4,3,3,3,3,3,4,4,3,4,3,3,4,4,4,5,3,4,4,4,4,5,5,5,5,5,5,5,5,5,5,5,5,5,5,5,5,5,5,5,5,5,5,5,5,5,5,5,5,5,5,5,5,5,5,5,5,5,5,5,5,5,5,5,5,5,5,5,5,5,5,5,5,5,5,5,5,5,5,5,5,5,5,5,5,5
117,483,484,476,477,469,468,458,463,487,481,483,476,473,467,468,463,490,486,481,480,477,473,479,468,490,490,487,480,480,482,473,474,499,497,489,491,485,480,481,475,505,497,495,495,495,485,481,477,508,499,497,496,491,490,488,490,510,518,507,502,496,492,497,482,4,3,3,3,2,3,3,2,3,3,3,2,2,2,2,3,3,4,3,3,2,2,3,3,4,3,3,2,3,3,3,3,3,3,3,3,3,3,3,3,4,3,4,3,3,3,3,3,3,3,3,3,3,3,3,4,4,4,3,4,3,3,3,5,5,5,5,5,5,5,5,5,5,5,5,5,5,5,5,5,5,5,5,5,5,5,5,5,5,5,5,5,5,5,5,5,5,5,5,5,5,5,5,5,5,5,5,5,5,5,5,5,5,5,5,5,5,5,5,5,5,5,5,5,5,5,5,5
118,478,481,478,474,470,472,461,461,490,486,475,478,475,470,461,463,496,480,488,481,478,468,475,465,500,484,489,483,486,478,474,473,496,489,490,493,484,488,481,475,499,492,498,492,489,488,481,480,506,507,502,502,497,497,488,480,506,521,509,499,498,492,492,488,4,3,3,3,2,3,3,3,3,3,3,3,3,2,2,3,3,3,3,3,3,3,3,3,3,3,3,3,2,3,3,3,3,3,3,3,3,3,3,3,3,4,3,3,3,3,3,3,4,4,4,3,4,3,3,4,4,5,4,4,4,4,4,5,5,5,5,5,5,5,5,5,5,5,5,5,5,5,5,5,5,5,5,5,5,5,5,5,5,5,5,5,5,5,5,5,5,5,5,5,5,5,5,5,5,5,5,5,5,5,5,5,5,5,5,5,5,5,5,5,5,5,5,5,5,5,5,5
119,486,478,477,473,468,461,467,469,485,482,478,477,469,470,469,466,487,485,484,480,474,475,473,468,491,493,486,483,481,481,475,471,495,492,492,486,486,484,479,479,496,490,496,492,487,487,488,484,512,501,500,495,496,494,485,480,508,510,498,493,494,497,493,501,4,3,3,3,2,2,3,3,3,3,3,3,2,3,3,2,3,3,3,3,2,2,2,3,4,3,3,2,3,2,3,3,3,3,3,3,3,3,3,3,3,3,3,3,3,3,3,3,4,3,3,3,3,3,3,3,4,4,3,3,3,3,4,5,5,5,5,5,5,5,5,5,5,5,5,5,5,5,5,5,5,5,5,5,5,5,5,5,5,5,5,5,5,5,5,5,5,5,5,5,5,5,5,5,5,5,5,5,5,5,5,5,5,5,5,5,5,5,5,5,5,5,5,5,5,5,5,5
120,487,483,479,479,469,464,464,466,491,476,481,479,472,472,470,467,493,486,485,481,482,470,474,470,490,496,490,486,484,479,473,478,502,494,494,490,488,487,476,480,504,504,497,494,493,489,482,481,507,504,505,495,493,488,490,486,521,512,504,505,500,499,501,500,3,3,3,3,3,3,3,3,3,3,3,3,2,3,3,3,3,4,3,3,3,3,3,3,4,3,3,3,3,3,3,4,4,3,3,3,3,3,3,4,3,4,4,3,4,3,3,4,4,4,3,3,4,4,3,4,5,4,3,4,4,3,4,5,5,5,5,5,5,5,5,5,5,5,5,5,5,5,5,5,5,5,5,5,5,5,5,5,5,5,5,5,5,5,5,5,5,5,5,5,5,5,5,5,5,5,5,5,5,5,5,5,5,5,5,5,5,5,5,5,5,5,5,5,5,5,5,5
121,479,477,478,477,473,466,468,467,487,479,487,475,475,467,471,470,489,480,484,478,475,471,470,469,496,483,493,481,478,481,477,474,497,494,490,487,484,486,479,483,502,501,492,496,487,487,486,485,499,505,497,495,496,489,491,481,502,500,498,503,495,489,490,491,3,3,3,3,2,2,3,3,3,3,3,3,2,2,3,3,3,3,3,3,2,2,3,3,3,3,3,2,3,2,3,3,4,3,3,3,3,3,3,4,4,4,3,3,3,3,3,3,4,4,3,3,3,4,3,3,4,6,3,4,4,3,4,5,5,5,5,5,5,5,5,5,5,5,5,5,5,5,5,5,5,5,5,5,5,5,5,5,5,5,5,5,5,5,5,5,5,5,5,5,5,5,5,5,5,5,5,5,5,5,5,5,5,5,5,5,5,5,5,5,5,5,5,5,5,5,5,5
122,481,479,474,473,462,469,464,460,491,484,484,472,475,466,473,462,493,485,481,485,483,474,472,473,499,490,491,484,476,483,478,470,501,494,490,489,492,483,479,473,509,495,490,492,493,487,482,473,508,507,506,499,488,488,483,488,515,516,508,498,495,495,505,490,4,3,3,3,3,3,3,3,4,3,3,2,2,2,3,3,4,4,3,3,2,3,3,3,3,3,3,3,3,3,3,3,4,3,3,3,3,3,3,3,3,4,3,3,3,3,3,3,5,4,4,3,3,4,3,4,4,6,4,4,4,3,4,6,5,5,5,5,5,5,5,5,5,5,5,5,5,5,5,5,5,5,5,5,5,5,5,5,5,5,5,5,5,5,5,5,5,5,5,5,5,5,5,5,5,5,5,5,5,5,5,5,5,5,5,5,5,5,5,5,5,5,5,5,5,5,5,5
123,484,476,467,475,469,464,466,470,489,484,476,471,477,466,469,465,486,485,485,483,477,472,472,465,499,489,487,483,476,478,478,469,500,488,492,489,486,479,482,476,503,498,496,496,496,484,486,483,509,503,492,499,484,493,483,481,509,508,507,500,495,490,499,497,4,3,3,3,3,3,3,3,3,2,3,2,2,2,2,3,4,3,3,3,2,3,3,3,3,3,3,2,3,2,3,3,4,3,3,3,3,2,3,3,4,4,3,3,3,3,3,3,4,3,4,3,3,3,4,4,4,5,3,4,3,3,4,6,5,5,5,5,5,5,5,5,5,5,5,5,5,5,5,5,5,5,5,5,5,5,5,5,5,5,5,5,5,5,5,5,5,5,5,5,5,5,5,5,5,5,5,5,5,5,5,5,5,5,5,5,5,5,5,5,5,5,5,5,5,5,5,5
124,488,480,476,477,468,464,467,455,482,484,478,474,470,466,474,467,493,490,483,486,474,479,475,467,498,492,488,485,484,477,472,471,494,495,493,493,489,478,475,476,504,495,497,487,490,490,485,479,508,503,497,492,493,489,489,493,520,505,500,499,494,493,494,492,4,3,3,3,3,3,3,3,3,3,3,3,2,2,3,3,4,4,3,3,2,3,3,3,3,3,3,3,3,3,3,3,4,3,3,3,3,3,3,3,3,4,4,3,3,3,4,3,4,4,4,4,3,3,3,4,5,4,3,4,4,3,4,6,5,5,5,5,5,5,5,5,5,5,5,5,5,5,5,5,5,5,5,5,5,5,5,5,5,5,5,5,5,5,5,5,5,5,5,5,5,5,5,5,5,5,5,5,5,5,5,5,5,5,5,5,5,5,5,5,5,5,5,5,5,5,5,5
125,480,478,476,477,467,465,463,462,486,483,481,476,473,468,471,459,491,481,481,483,479,475,470,470,498,490,483,479,480,472,475,472,501,487,491,486,487,478,475,474,502,502,498,493,495,488,484,485,502,504,494,507,487,493,479,490,514,509,509,503,498,487,495,477,3,2,3,3,2,2,3,3,3,2,2,3,2,2,3,3,3,3,3,3,2,2,2,3,4,3,3,2,2,2,3,3,3,3,3,3,3,3,3,3,4,4,3,3,3,3,4,3,4,4,3,4,3,3,4,4,4,5,4,4,4,4,4,5,5,5,5,5,5,5,5,5,5,5,5,5,5,5,5,5,5,5,5,5,5,5,5,5,5,5,5,5,5,5,5,5,5,5,5,5,5,5,5,5,5,5,5,5,5,5,5,5,5,5,5,5,5,5,5,5,5,5,5,5,5,5,5,5
126,483,480,477,479,467,468,464,464,490,487,483,473,476,473,470,462,487,484,487,480,479,475,473,470,499,488,485,486,485,476,478,471,506,502,492,492,488,483,475,475,505,496,492,488,487,486,489,487,500,509,502,493,494,491,491,492,509,513,504,499,503,492,495,495,3,3,3,3,3,3,3,3,3,2,3,3,2,3,3,3,4,3,3,3,3,3,3,3,3,3,3,3,3,2,3,3,4,3,3,3,3,3,3,3,4,4,4,3,3,3,3,3,4,4,3,3,4,4,4,4,4,4,3,4,3,3,4,6,5,5,5,5,5,5,5,5,5,5,5,5,5,5,5,5,5,5,5,5,5,5,5,5,5,5,5,5,5,5,5,5,5,5,5,5,5,5,5,5,5,5,5,5,5,5,5,5,5,5,5,5,5,5,5,5,5,5,5,5,5,5,5,5
127,482,482,475,477,466,464,466,463,489,481,476,470,468,468,469,461,483,490,479,476,480,470,468,469,500,486,488,481,483,475,475,473,502,494,491,486,485,480,477,486,502,489,494,490,489,484,487,477,507,497,501,500,495,490,485,489,505,508,505,509,498,494,491,484,3,3,3,3,2,2,3,3,3,3,3,3,2,2,3,3,4,3,3,3,2,3,3,3,3,3,3,3,3,2,3,3,4,3,3,3,3,2,3,4,4,3,3,3,3,3,3,3,4,3,3,3,3,3,3,3,4,4,3,4,3,3,3,5,5,5,5,5,5,5,5,5,5,5,5,5,5,5,5,5,5,5,5,5,5,5,5,5,5,5,5,5,5,5,5,5,5,5,5,5,5,5,5,5,5,5,5,5,5,5,5,5,5,5,5,5,5,5,5,5,5,5,5,5,5,5,5,5
128,483,477,481,477,475,465,470,463,487,483,484,477,474,471,472,460,488,484,486,480,483,474,473,472,491,484,493,480,479,477,472,471,505,498,486,494,485,480,475,481,505,509,491,487,489,486,486,482,515,502,498,497,493,495,496,493,516,510,504,498,496,486,497,490,4,3,3,3,3,3,2,3,3,3,3,3,3,3,3,3,3,4,3,3,2,3,3,3,3,3,3,3,3,3,3,3,4,4,3,3,3,3,3,4,4,3,3,3,3,3,4,3,4,4,3,4,4,3,3,4,4,5,4,4,3,4,4,5,5,5,5,5,5,5,5,5,5,5,5,5,5,5,5,5,5,5,5,5,5,5,5,5,5,5,5,5,5,5,5,5,5,5,5,5,5,5,5,5,5,5,5,5,5,5,5,5,5,5,5,5,5,5,5,5,5,5,5,5,5,5,5,5
129,476,476,471,472,469,470,461,459,483,481,480,476,470,469,465,462,488,489,484,481,478,471,470,475,496,491,484,481,482,478,475,468,490,495,497,491,483,483,479,473,500,494,496,498,488,489,483,477,514,502,501,502,497,490,489,489,507,506,507,502,495,486,498,487,3,3,3,3,2,3,3,3,3,3,3,3,2,2,2,3,4,4,3,3,2,3,3,3,3,3,3,2,2,2,3,3,4,3,3,3,3,3,3,3,3,3,3,3,3,3,3,4,3,4,3,3,3,4,3,4,4,5,3,4,3,4,4,5,5,5,5,5,5,5,5,5,5,5,5,5,5,5,5,5,5,5,5,5,5,5,5,5,5,5,5,5,5,5,5,5,5,5,5,5,5,5,5,5,5,5,5,5,5,5,5,5,5,5,5,5,5,5,5,5,5,5,5,5,5,5,5,5
130,481,483,478,469,473,464,467,460,482,485,478,477,474,467,468,463,496,480,481,480,477,481,474,468,498,485,490,480,478,475,480,470,498,496,483,489,494,482,478,475,510,493,492,493,491,488,484,486,505,505,502,492,498,491,489,483,508,508,514,500,502,498,498,487,4,3,3,3,3,2,3,3,3,3,3,3,3,2,3,3,4,4,3,3,3,3,3,3,3,3,3,3,3,3,3,3,3,3,3,3,3,3,3,3,3,3,3,3,3,3,3,3,4,4,3,4,4,3,4,4,4,6,4,4,3,4,4,5,5,5,5,5,5,5,5,5,5,5,5,5,5,5,5,5,5,5,5,5,5,5,5,5,5,5,5,5,5,5,5,5,5,5,5,5,5,5,5,5,5,5,5,5,5,5,5,5,5,5,5,5,5,5,5,5,5,5,5,5,5,5,5,5
131,475,479,477,474,468,464,465,464,487,485,481,481,479,468,474,466,492,486,481,479,476,473,475,469,495,484,490,484,478,479,477,469,501,494,485,490,477,483,481,484,500,499,491,492,490,484,488,487,508,502,503,491,495,489,492,486,511,512,503,498,496,490,495,487,3,3,3,3,2,2,3,3,3,2,3,3,3,2,3,3,4,4,3,3,2,2,3,3,3,3,3,2,3,2,2,3,4,3,3,2,3,2,3,3,3,4,3,3,3,3,3,3,4,4,3,4,3,3,3,3,4,4,3,4,3,3,4,5,5,5,5,5,5,5,5,5,5,5,5,5,5,5,5,5,5,5,5,5,5,5,5,5,5,5,5,5,5,5,5,5,5,5,5,5,5,5,5,5,5,5,5,5,5,5,5,5,5,5,5,5,5,5,5,5,5,5,5,5,5,5,5,5
132,489,477,477,470,469,465,467,462,485,481,481,476,470,468,475,467,492,486,482,486,479,473,476,467,493,490,483,484,482,478,474,470,499,492,491,484,486,484,490,470,498,502,495,500,501,490,483,479,515,507,497,494,494,490,484,488,506,507,507,497,495,493,499,492,3,3,3,3,3,2,2,3,3,3,3,2,3,2,3,3,3,4,3,3,3,3,3,3,3,3,3,3,3,3,3,3,3,3,3,3,3,3,3,3,3,3,3,4,4,3,3,3,4,4,3,3,3,4,3,4,6,5,4,4,4,3,4,6,5,5,5,5,5,5,5,5,5,5,5,5,5,5,5,5,5,5,5,5,5,5,5,5,5,5,5,5,5,5,5,5,5,5,5,5,5,5,5,5,5,5,5,5,5,5,5,5,5,5,5,5,5,5,5,5,5,5,5,5,5,5,5,5
133,485,476,475,467,471,461,466,471,484,489,479,476,469,474,470,463,484,488,484,478,477,479,471,471,498,484,486,485,484,477,486,470,497,494,494,487,488,477,473,474,501,496,492,494,488,488,483,477,505,503,502,496,502,486,494,489,519,510,508,503,491,496,495,496,4,3,3,3,2,2,3,3,3,2,3,3,2,2,3,3,4,4,3,3,2,3,3,3,3,3,3,2,3,3,3,3,4,3,3,2,3,3,3,3,3,3,3,3,3,3,3,3,4,4,4,4,4,3,3,4,4,4,3,4,3,3,3,5,5,5,5,5,5,5,5,5,5,5,5,5,5,5,5,5,5,5,5,5,5,5,5,5,5,5,5,5,5,5,5,5,5,5,5,5,5,5,5,5,5,5,5,5,5,5,5,5,5,5,5,5,5,5,5,5,5,5,5,5,5,5,5,5
134,485,478,468,477,470,465,470,468,489,486,482,472,469,471,472,461,479,491,487,482,473,472,473,466,494,489,492,486,478,479,476,479,507,493,496,488,490,482,479,486,502,497,497,489,492,491,487,485,507,503,507,501,494,493,494,489,508,499,512,507,491,492,498,490,4,3,3,3,2,3,2,3,3,3,3,3,3,2,3,3,4,4,3,3,2,3,3,3,4,3,3,3,3,3,3,4,4,3,3,3,3,2,3,4,4,3,4,3,3,3,3,3,4,4,4,4,4,3,4,4,4,5,4,4,4,4,4,6,5,5,5,5,5,5,5,5,5,5,5,5,5,5,5,5,5,5,5,5,5,5,5,5,5,5,5,5,5,5,5,5,5,5,5,5,5,5,5,5,5,5,5,5,5,5,5,5,5,5,5,5,5,5,5,5,5,5,5,5,5,5,5,5
135,484,478,477,468,469,466,462,463,485,484,485,472,474,469,462,470,483,486,485,485,478,472,476,470,495,492,484,483,483,481,472,473,497,498,488,488,481,484,476,480,500,500,494,496,492,484,479,476,504,500,496,493,494,492,485,489,508,509,508,506,494,489,490,486,3,3,3,3,2,3,3,3,3,3,3,2,2,3,2,3,4,3,3,3,2,3,3,3,3,3,3,2,2,2,3,3,4,3,3,3,3,3,3,3,3,4,3,3,3,3,3,3,4,3,3,4,3,3,3,4,4,5,4,4,4,4,3,5,5,5,5,5,5,5,5,5,5,5,5,5,5,5,5,5,5,5,5,5,5,5,5,5,5,5,5,5,5,5,5,5,5,5,5,5,5,5,5,5,5,5,5,5,5,5,5,5,5,5,5,5,5,5,5,5,5,5,5,5,5,5,5,5
136,476,482,475,469,467,468,455,462,489,480,481,474,475,464,474,461,490,489,483,479,480,475,475,470,497,489,488,485,476,476,472,477,504,495,487,494,483,483,478,480,502,492,494,490,486,486,487,482,503,512,500,495,489,495,487,487,518,502,500,498,490,487,494,501,3,3,3,3,3,3,3,3,3,3,3,3,3,2,3,3,3,4,3,3,2,3,3,3,3,3,3,3,3,2,3,3,4,3,3,3,3,3,3,3,3,3,4,4,3,3,3,3,5,4,3,3,3,4,3,4,4,5,4,4,4,4,4,7,5,5,5,5,5,5,5,5,5,5,5,5,5,5,5,5,5,5,5,5,5,5,5,5,5,5,5,5,5,5,5,5,5,5,5,5,5,5,5,5,5,5,5,5,5,5,5,5,5,5,5,5,5,5,5,5,5,5,5,5,5,5,5,5
137,477,475,479,478,467,464,463,466,486,480,480,478,474,469,462,464,493,495,485,479,476,470,471,470,500,485,482,481,484,469,473,473,503,501,488,489,489,482,489,479,502,498,489,492,486,484,486,486,502,504,499,491,495,490,491,484,515,504,498,502,496,491,494,486,3,3,2,3,2,2,3,3,3,3,3,3,2,2,2,3,3,3,3,3,2,2,3,3,3,3,3,3,3,3,3,3,4,3,3,3,3,3,3,3,4,3,3,3,3,3,3,3,4,4,3,3,3,4,3,4,4,5,3,4,4,3,4,5,5,5,5,5,5,5,5,5,5,5,5,5,5,5,5,5,5,5,5,5,5,5,5,5,5,5,5,5,5,5,5,5,5,5,5,5,5,5,5,5,5,5,5,5,5,5,5,5,5,5,5,5,5,5,5,5,5,5,5,5,5,5,5,5
138,478,480,479,477,464,467,462,460,490,481,481,482,476,472,465,470,485,488,489,483,480,474,468,471,488,491,490,484,481,479,476,469,496,492,492,493,480,481,478,475,505,499,494,495,494,485,488,486,506,503,499,495,494,485,490,488,504,507,499,503,501,496,489,487,3,3,3,3,2,3,3,3,3,3,3,3,3,2,3,3,3,4,3,3,3,2,2,3,4,3,3,2,3,3,3,3,4,3,3,3,3,3,3,3,4,3,3,4,3,3,4,3,4,4,3,4,4,3,3,4,4,5,3,4,3,4,4,5,5,5,5,5,5,5,5,5,5,5,5,5,5,5,5,5,5,5,5,5,5,5,5,5,5,5,5,5,5,5,5,5,5,5,5,5,5,5,5,5,5,5,5,5,5,5,5,5,5,5,5,5,5,5,5,5,5,5,5,5,5,5,5,5
139,480,481,475,468,469,461,465,456,489,482,480,474,475,468,468,465,495,481,487,479,476,478,469,463,494,490,492,484,485,478,475,473,500,497,491,486,483,488,479,472,499,498,492,491,489,486,483,473,503,497,491,490,489,486,484,481,513,504,504,498,502,498,492,502,4,3,3,3,2,2,3,3,3,3,3,3,2,3,3,3,3,3,3,3,2,3,3,3,3,3,3,2,2,2,3,3,4,3,3,3,3,3,3,3,3,3,3,3,3,3,3,3,4,4,4,4,3,3,3,3,4,4,3,4,3,3,3,5,5,5,5,5,5,5,5,5,5,5,5,5,5,5,5,5,5,5,5,5,5,5,5,5,5,5,5,5,5,5,5,5,5,5,5,5,5,5,5,5,5,5,5,5,5,5,5,5,5,5,5,5,5,5,5,5,5,5,5,5,5,5,5,5
140,477,479,474,478,469,461,469,460,488,474,480,472,475,467,466,467,488,487,489,481,477,475,474,467,495,486,493,478,484,479,473,470,508,490,486,491,486,480,476,474,505,498,498,491,487,489,482,484,510,508,496,497,495,485,489,483,515,507,501,500,500,488,495,487,4,3,3,3,2,3,3,3,4,3,3,3,3,2,3,3,3,4,3,3,2,3,3,3,3,3,3,3,3,2,3,3,4,3,3,3,3,2,3,3,4,3,3,3,3,3,3,3,4,4,3,3,4,4,3,4,4,5,4,4,4,4,4,5,5,5,5,5,5,5,5,5,5,5,5,5,5,5,5,5,5,5,5,5,5,5,5,5,5,5,5,5,5,5,5,5,5,5,5,5,5,5,5,5,5,5,5,5,5,5,5,5,5,5,5,5,5,5,5,5,5,5,5,5,5,5,5,5
141,478,480,474,478,473,464,469,462,490,478,476,473,472,470,464,470,496,484,486,478,478,478,476,467,492,494,491,483,484,475,475,472,499,503,493,484,493,483,478,475,504,498,499,498,491,480,485,488,503,508,500,492,487,491,482,482,507,504,506,503,499,496,496,494,3,3,3,3,2,3,3,3,3,3,2,3,2,2,2,2,3,3,3,3,2,3,3,3,4,3,3,2,3,2,3,3,4,3,3,3,3,3,3,3,3,3,4,3,3,3,3,3,4,4,3,4,3,3,4,4,4,5,3,4,3,3,4,5,5,5,5,5,5,5,5,5,5,5,5,5,5,5,5,5,5,5,5,5,5,5,5,5,5,5,5,5,5,5,5,5,5,5,5,5,5,5,5,5,5,5,5,5,5,5,5,5,5,5,5,5,5,5,5,5,5,5,5,5,5,5,5,5
142,485,479,471,473,470,469,459,460,482,485,478,471,474,470,470,462,488,488,481,483,472,480,469,464,496,484,488,482,482,484,480,475,502,490,484,489,488,482,474,478,503,494,490,486,493,487,486,487,510,503,500,494,487,488,490,479,510,511,500,498,502,486,488,494,4,3,3,3,3,3,3,3,4,3,3,3,3,3,3,3,4,4,3,3,2,3,3,3,3,3,3,3,2,3,3,3,4,3,3,3,3,3,3,3,4,4,3,3,3,3,3,3,4,4,4,4,3,3,3,3,4,6,3,4,3,4,3,6,5,5,5,5,5,5,5,5,5,5,5,5,5,5,5,5,5,5,5,5,5,5,5,5,5,5,5,5,5,5,5,5,5,5,5,5,5,5,5,5,5,5,5,5,5,5,5,5,5,5,5,5,5,5,5,5,5,5,5,5,5,5,5,5
143,479,481,473,469,471,460,460,462,490,483,479,474,473,469,472,464,488,489,486,482,482,471,477,469,487,493,487,483,484,478,472,470,497,494,488,489,490,478,478,477,497,498,490,493,483,484,479,481,507,503,501,493,496,487,484,487,511,505,506,507,498,490,492,490,3,3,3,3,2,3,3,3,3,2,3,2,2,2,3,3,3,3,3,3,2,2,3,3,4,3,3,2,2,2,3,3,3,3,3,3,3,3,3,3,3,3,3,4,3,3,3,3,4,4,3,3,3,3,4,4,4,5,3,5,3,3,3,5,5,5,5,5,5,5,5,5,5,5,5,5,5,5,5,5,5,5,5,5,5,5,5,5,5,5,5,5,5,5,5,5,5,5,5,5,5,5,5,5,5,5,5,5,5,5,5,5,5,5,5,5,5,5,5,5,5,5,5,5,5,5,5,5
144,483,478,479,473,468,465,462,460,484,484,481,473,471,472,468,470,488,492,484,477,476,472,467,470,501,487,490,478,480,480,472,475,493,495,486,496,482,483,480,478,501,494,493,496,488,487,477,478,498,502,501,499,493,491,494,491,513,504,502,500,500,492,488,490,4,3,3,3,2,3,3,3,3,2,3,3,3,3,3,3,3,4,3,3,2,3,3,3,3,3,3,3,3,3,3,3,5,3,3,3,3,3,3,4,4,4,4,3,3,3,3,4,4,4,4,3,4,3,3,4,4,5,4,4,3,4,3,6,5,5,5,5,5,5,5,5,5,5,5,5,5,5,5,5,5,5,5,5,5,5,5,5,5,5,5,5,5,5,5,5,5,5,5,5,5,5,5,5,5,5,5,5,5,5,5,5,5,5,5,5,5,5,5,5,5,5,5,5,5,5,5,5
145,478,480,472,474,466,467,459,462,486,483,478,474,474,471,469,468,487,484,477,483,478,477,471,469,495,487,487,481,477,480,472,467,498,494,491,491,489,480,478,479,508,501,495,497,490,487,481,478,505,498,498,499,492,490,488,485,511,507,504,503,495,496,492,492,4,3,3,3,2,3,3,3,3,3,2,2,2,3,3,3,3,4,3,3,2,3,3,3,3,3,3,2,3,2,3,3,3,3,3,3,3,3,3,3,4,3,3,3,3,3,3,3,4,3,3,3,3,3,3,3,4,5,3,4,4,3,4,4,5,5,5,5,5,5,5,5,5,5,5,5,5,5,5,5,5,5,5,5,5,5,5,5,5,5,5,5,5,5,5,5,5,5,5,5,5,5,5,5,5,5,5,5,5,5,5,5,5,5,5,5,5,5,5,5,5,5,5,5,5,5,5,5
146,478,478,475,481,469,470,460,460,485,482,482,476,475,472,467,475,491,488,482,487,477,469,468,464,500,495,495,480,472,479,478,474,498,496,489,488,485,481,477,475,498,496,493,499,488,484,487,479,501,500,506,496,493,481,494,490,518,512,507,500,492,501,502,494,3,3,3,3,2,3,3,3,3,2,3,2,3,3,3,3,4,4,3,3,3,3,2,3,4,3,3,2,3,3,3,3,4,3,3,3,3,2,3,4,3,4,4,4,4,3,4,3,4,4,4,4,4,3,4,4,4,4,4,4,4,4,4,5,5,5,5,5,5,5,5,5,5,5,5,5,5,5,5,5,5,5,5,5,5,5,5,5,5,5,5,5,5,5,5,5,5,5,5,5,5,5,5,5,5,5,5,5,5,5,5,5,5,5,5,5,5,5,5,5,5,5,5,5,5,5,5,5
147,482,479,476,475,466,468,463,462,485,480,477,479,474,470,471,466,485,495,482,484,480,474,467,473,495,486,485,483,483,474,478,473,498,497,491,487,491,478,481,475,500,494,497,492,488,489,482,478,506,504,506,491,491,495,490,483,510,505,506,508,498,494,487,479,3,3,3,3,2,3,3,3,3,3,3,3,3,2,3,3,3,3,3,3,2,3,2,3,3,3,3,2,2,2,3,3,4,3,3,3,3,3,3,3,3,3,3,3,3,3,3,3,4,4,4,3,4,3,3,3,4,5,3,4,3,4,3,4,5,5,5,5,5,5,5,5,5,5,5,5,5,5,5,5,5,5,5,5,5,5,5,5,5,5,5,5,5,5,5,5,5,5,5,5,5,5,5,5,5,5,5,5,5,5,5,5,5,5,5,5,5,5,5,5,5,5,5,5,5,5,5,5
148,491,479,475,475,463,472,466,460,486,483,481,476,474,471,468,465,485,486,482,478,477,475,467,469,500,494,493,482,480,482,473,470,504,494,489,489,495,482,476,483,513,500,496,490,488,483,482,477,505,502,502,499,486,491,489,487,508,513,501,500,500,496,492,483,3,3,3,3,2,3,3,3,3,3,3,3,3,2,3,3,4,4,3,3,2,3,3,3,3,3,3,2,3,3,3,3,4,3,3,3,3,3,3,4,4,4,4,3,3,3,3,3,4,4,3,3,3,4,3,3,4,4,3,4,4,3,4,5,5,5,5,5,5,5,5,5,5,5,5,5,5,5,5,5,5,5,5,5,5,5,5,5,5,5,5,5,5,5,5,5,5,5,5,5,5,5,5,5,5,5,5,5,5,5,5,5,5,5,5,5,5,5,5,5,5,5,5,5,5,5,5,5
149,483,481,476,473,470,471,464,458,488,483,476,473,470,471,468,468,480,487,482,484,477,472,468,471,497,490,491,483,485,479,473,464,502,494,490,486,484,481,478,474,506,498,497,491,491,484,484,483,511,498,491,503,494,488,486,484,512,504,496,493,492,496,495,490,3,3,3,3,2,3,3,3,3,3,2,2,2,2,3,3,4,4,3,3,2,2,2,3,3,3,3,3,3,3,3,3,4,3,3,3,3,3,3,3,3,3,3,3,3,3,3,3,4,4,3,3,3,3,3,4,4,5,3,3,4,4,4,5,5,5,5,5,5,5,5,5,5,5,5,5,5,5,5,5,5,5,5,5,5,5,5,5,5,5,5,5,5,5,5,5,5,5,5,5,5,5,5,5,5,5,5,5,5,5,5,5,5,5,5,5,5,5,5,5,5,5,5,5,5,5,5,5
150,480,480,478,470,472,470,470,463,484,483,477,477,477,466,468,464,484,485,488,478,479,478,468,469,490,493,490,485,476,483,480,466,498,492,499,496,489,487,480,481,503,497,494,493,489,482,488,488,505,492,501,492,493,493,490,484,507,517,514,503,498,497,500,487,4,3,3,3,3,3,3,3,3,3,3,3,3,3,3,3,4,4,3,3,2,3,3,3,4,3,3,3,3,2,3,3,4,3,3,3,3,3,3,4,4,3,3,4,4,3,4,3,4,4,4,4,4,3,3,4,4,4,4,4,4,4,4,6,5,5,5,5,5,5,5,5,5,5,5,5,5,5,5,5,5,5,5,5,5,5,5,5,5,5,5,5,5,5,5,5,5,5,5,5,5,5,5,5,5,5,5,5,5,5,5,5,5,5,5,5,5,5,5,5,5,5,5,5,5,5,5,5
151,480,480,474,473,464,464,462,463,483,482,479,476,468,472,472,467,491,486,483,479,479,475,468,471,495,492,490,482,479,475,475,470,500,492,486,492,487,484,480,478,502,497,496,493,493,482,483,484,504,501,502,491,488,494,494,487,508,501,504,497,496,494,508,484,3,3,3,3,2,2,3,3,3,3,3,3,3,2,3,3,4,3,3,3,2,3,3,3,3,3,3,2,3,2,3,3,4,3,3,3,3,3,3,3,4,4,3,3,3,3,3,3,4,4,3,4,3,4,3,4,4,4,3,3,3,4,4,5,5,5,5,5,5,5,5,5,5,5,5,5,5,5,5,5,5,5,5,5,5,5,5,5,5,5,5,5,5,5,5,5,5,5,5,5,5,5,5,5,5,5,5,5,5,5,5,5,5,5,5,5,5,5,5,5,5,5,5,5,5,5,5,5
152,485,481,468,475,471,470,465,464,485,484,472,476,474,478,470,462,491,488,483,485,482,471,472,469,493,492,488,484,477,481,472,474,495,497,494,488,488,482,474,476,498,494,490,486,489,481,482,479,505,510,496,504,495,484,492,484,507,502,504,506,500,492,495,499,3,3,3,3,2,3,3,3,3,3,3,3,3,3,3,3,4,3,3,3,3,3,3,3,3,3,3,3,3,3,3,3,3,3,3,3,3,3,3,3,3,4,3,3,3,3,4,3,4,5,3,4,3,3,3,4,4,5,3,4,4,3,4,5,5,5,5,5,5,5,5,5,5,5,5,5,5,5,5,5,5,5,5,5,5,5,5,5,5,5,5,5,5,5,5,5,5,5,5,5,5,5,5,5,5,5,5,5,5,5,5,5,5,5,5,5,5,5,5,5,5,5,5,5,5,5,5,5
153,483,482,474,471,467,468,467,464,490,482,480,480,474,477,469,464,491,485,482,480,477,475,471,468,495,494,482,486,486,479,476,470,501,493,491,486,486,479,480,478,499,499,498,493,491,487,483,482,505,505,499,494,494,483,488,477,507,511,508,501,494,492,493,485,4,3,3,3,2,3,3,3,3,2,3,3,2,2,3,3,3,3,3,3,2,2,3,3,3,3,3,3,3,2,3,3,4,3,3,3,2,3,3,3,3,3,3,3,3,3,3,3,4,4,3,4,3,3,3,3,4,4,3,4,3,4,4,5,5,5,5,5,5,5,5,5,5,5,5,5,5,5,5,5,5,5,5,5,5,5,5,5,5,5,5,5,5,5,5,5,5,5,5,5,5,5,5,5,5,5,5,5,5,5,5,5,5,5,5,5,5,5,5,5,5,5,5,5,5,5,5,5
154,478,477,470,472,472,472,466,468,488,481,477,481,475,470,467,463,491,489,484,478,476,469,467,470,492,494,486,487,485,482,480,475,498,493,488,488,487,489,479,478,500,505,496,491,483,485,479,479,507,499,496,494,490,488,489,482,521,504,506,494,500,496,493,487,4,3,3,3,3,3,3,3,4,3,3,3,3,3,3,3,3,4,3,3,2,3,3,3,3,3,3,3,3,2,3,3,3,3,3,3,3,3,3,3,4,4,4,3,3,3,3,4,5,4,4,4,3,3,3,4,5,5,4,4,3,4,3,5,5,5,5,5,5,5,5,5,5,5,5,5,5,5,5,5,5,5,5,5,5,5,5,5,5,5,5,5,5,5,5,5,5,5,5,5,5,5,5,5,5,5,5,5,5,5,5,5,5,5,5,5,5,5,5,5,5,5,5,5,5,5,5,5
155,480,483,474,474,470,468,463,460,485,480,477,474,478,469,466,465,490,490,483,476,475,471,470,462,496,484,483,482,472,477,478,466,503,494,486,491,480,479,477,474,507,495,498,491,492,485,488,477,508,504,498,499,494,490,488,485,510,496,504,501,491,498,493,492,3,3,3,3,3,2,3,3,3,3,2,2,3,2,2,3,3,3,3,3,2,2,3,3,3,3,3,2,3,2,3,3,4,3,3,3,2,3,3,3,3,4,4,3,3,3,3,3,4,4,3,3,3,3,3,4,3,5,3,4,4,3,4,6,5,5,5,5,5,5,5,5,5,5,5,5,5,5,5,5,5,5,5,5,5,5,5,5,5,5,5,5,5,5,5,5,5,5,5,5,5,5,5,5,5,5,5,5,5,5,5,5,5,5,5,5,5,5,5,5,5,5,5,5,5,5,5,5
156,486,486,473,474,466,470,469,466,490,488,479,473,473,470,471,469,491,488,483,482,477,473,479,462,491,491,492,482,483,479,480,474,498,490,488,489,479,481,484,480,500,495,496,498,486,480,481,484,503,502,500,498,497,494,491,479,507,503,502,504,493,497,497,497,4,3,3,3,2,3,3,3,3,3,3,2,2,3,3,2,3,3,3,3,3,3,3,3,3,3,3,3,2,3,3,3,4,3,3,3,3,3,3,3,3,4,4,3,3,3,3,3,4,4,3,3,3,3,4,4,5,5,3,4,4,3,4,5,5,5,5,5,5,5,5,5,5,5,5,5,5,5,5,5,5,5,5,5,5,5,5,5,5,5,5,5,5,5,5,5,5,5,5,5,5,5,5,5,5,5,5,5,5,5,5,5,5,5,5,5,5,5,5,5,5,5,5,5,5,5,5,5
157,483,475,471,470,468,468,466,468,487,485,479,476,473,469,469,469,493,488,481,485,478,474,470,468,496,488,490,483,486,480,476,468,491,496,490,489,487,482,480,472,502,496,502,489,491,482,477,484,508,503,499,506,491,489,491,487,512,498,512,500,501,497,487,491,4,3,3,3,2,2,3,3,3,3,3,3,3,2,3,3,3,4,3,3,2,3,2,3,3,3,3,2,2,2,3,3,3,3,3,3,3,2,3,3,3,4,4,3,3,3,3,3,4,4,3,4,3,3,3,4,4,4,3,4,4,3,3,5,5,5,5,5,5,5,5,5,5,5,5,5,5,5,5,5,5,5,5,5,5,5,5,5,5,5,5,5,5,5,5,5,5,5,5,5,5,5,5,5,5,5,5,5,5,5,5,5,5,5,5,5,5,5,5,5,5,5,5,5,5,5,5,5
158,484,481,475,469,465,469,464,458,490,479,480,472,471,471,465,464,497,490,482,479,478,475,473,468,497,484,493,488,479,477,476,475,499,495,485,490,484,486,475,480,503,503,496,492,489,488,486,479,504,497,497,496,494,482,487,490,515,507,505,497,494,495,496,486,4,3,3,3,2,3,3,3,4,3,3,3,3,3,3,3,4,3,3,3,2,3,3,3,3,3,3,3,3,2,3,3,4,3,3,3,2,3,3,4,3,3,4,3,3,3,4,4,4,4,3,4,4,4,3,4,4,4,3,4,4,4,4,5,5,5,5,5,5,5,5,5,5,5,5,5,5,5,5,5,5,5,5,5,5,5,5,5,5,5,5,5,5,5,5,5,5,5,5,5,5,5,5,5,5,5,5,5,5,5,5,5,5,5,5,5,5,5,5,5,5,5,5,5,5,5,5,5
159,483,477,477,466,464,465,458,466,484,484,479,475,471,470,472,464,489,482,482,477,482,469,472,467,496,491,487,481,474,473,473,471,496,493,491,489,487,476,476,480,508,495,496,488,488,484,477,481,501,504,497,495,497,490,487,486,509,513,505,503,491,496,487,498,4,3,3,3,2,2,3,3,3,3,3,3,2,2,2,3,3,4,3,3,2,2,3,3,3,3,3,2,3,2,3,3,3,3,3,3,3,3,3,4,4,3,3,3,3,3,3,3,4,4,3,3,3,4,4,4,4,4,4,3,4,4,3,6,5,5,5,5,5,5,5,5,5,5,5,5,5,5,5,5,5,5,5,5,5,5,5,5,5,5,5,5,5,5,5,5,5,5,5,5,5,5,5,5,5,5,5,5,5,5,5,5,5,5,5,5,5,5,5,5,5,5,5,5,5,5,5,5
160,481,485,470,475,469,468,468,456,485,477,472,476,472,469,468,463,490,494,485,485,470,478,474,472,497,492,489,486,482,479,478,478,502,491,488,491,489,482,479,480,506,492,500,491,493,485,481,481,512,501,502,498,488,488,491,488,506,506,510,499,494,499,491,487,4,3,3,3,2,3,3,3,3,3,3,3,2,3,3,3,3,4,3,3,3,3,3,3,3,3,3,3,3,3,3,4,4,3,3,3,3,3,3,3,4,4,4,3,4,3,3,3,3,4,3,3,3,4,3,4,4,5,4,4,4,4,4,5,5,5,5,5,5,5,5,5,5,5,5,5,5,5,5,5,5,5,5,5,5,5,5,5,5,5,5,5,5,5,5,5,5,5,5,5,5,5,5,5,5,5,5,5,5,5,5,5,5,5,5,5,5,5,5,5,5,5,5,5,5,5,5,5
161,483,475,483,474,468,465,458,461,481,480,476,470,475,471,466,467,488,482,478,479,472,472,471,469,497,485,487,484,479,478,478,470,498,489,492,496,479,483,481,477,502,498,493,499,494,481,485,487,515,495,501,495,492,485,486,485,510,508,504,502,500,496,500,480,3,3,3,3,2,2,3,3,3,3,3,2,2,3,3,3,3,3,3,3,2,3,3,3,3,3,3,2,3,2,3,3,3,3,3,3,3,2,3,3,3,3,3,4,3,3,3,3,3,4,3,3,3,3,3,4,5,4,3,4,3,3,4,4,5,5,5,5,5,5,5,5,5,5,5,5,5,5,5,5,5,5,5,5,5,5,5,5,5,5,5,5,5,5,5,5,5,5,5,5,5,5,5,5,5,5,5,5,5,5,5,5,5,5,5,5,5,5,5,5,5,5,5,5,5,5,5,5
162,484,483,476,471,461,466,467,460,486,485,479,473,468,469,468,470,486,484,485,480,474,471,476,465,501,490,486,483,484,480,476,473,495,500,492,494,493,479,478,470,502,497,499,486,490,490,481,474,509,504,495,495,493,485,485,484,508,503,503,497,491,496,493,491,4,3,3,3,2,3,3,3,3,3,3,3,3,3,3,3,3,4,3,3,2,3,3,3,4,3,3,2,3,3,3,3,4,3,3,3,3,3,3,3,3,4,4,3,3,3,3,4,4,4,4,4,4,3,3,4,5,5,3,4,4,4,4,6,5,5,5,5,5,5,5,5,5,5,5,5,5,5,5,5,5,5,5,5,5,5,5,5,5,5,5,5,5,5,5,5,5,5,5,5,5,5,5,5,5,5,5,5,5,5,5,5,5,5,5,5,5,5,5,5,5,5,5,5,5,5,5,5
163,482,477,481,469,469,469,466,461,489,480,480,472,474,466,464,467,488,481,484,484,480,477,473,470,494,492,486,487,482,482,474,473,498,493,484,492,489,482,476,474,500,499,499,480,492,485,481,482,509,503,505,493,487,494,493,489,511,507,500,507,495,497,496,479,4,3,3,3,2,3,3,3,3,2,3,3,2,2,2,3,3,3,3,3,2,3,3,3,3,3,3,3,2,3,3,3,4,3,3,3,3,3,3,3,3,3,4,3,3,3,3,4,3,4,3,4,3,3,3,4,4,5,3,4,4,3,4,5,5,5,5,5,5,5,5,5,5,5,5,5,5,5,5,5,5,5,5,5,5,5,5,5,5,5,5,5,5,5,5,5,5,5,5,5,5,5,5,5,5,5,5,5,5,5,5,5,5,5,5,5,5,5,5,5,5,5,5,5,5,5,5,5
164,478,478,479,470,471,463,466,467,487,482,480,479,476,468,469,464,490,486,487,475,479,472,470,468,493,494,484,485,483,475,472,475,491,495,492,489,484,486,485,480,504,492,497,493,496,487,488,479,500,507,497,495,492,488,485,475,507,516,497,496,502,494,502,495,4,3,3,3,3,3,3,3,3,3,3,3,3,3,3,3,4,4,3,3,2,3,3,3,3,4,3,3,2,3,3,3,4,3,3,3,3,3,3,4,4,4,4,3,3,3,4,3,4,4,4,4,3,4,3,4,4,5,4,4,3,4,4,6,5,5,5,5,5,5,5,5,5,5,5,5,5,5,5,5,5,5,5,5,5,5,5,5,5,5,5,5,5,5,5,5,5,5,5,5,5,5,5,5,5,5,5,5,5,5,5,5,5,5,5,5,5,5,5,5,5,5,5,5,5,5,5,5
165,484,479,473,477,466,467,466,463,483,487,484,473,469,475,472,462,490,485,489,480,475,473,473,471,495,493,487,480,480,472,472,474,495,495,495,488,486,482,483,477,504,493,493,497,487,480,481,474,506,496,504,496,495,485,492,481,500,518,509,505,503,487,497,486,4,3,3,3,2,2,3,3,3,3,3,2,2,2,3,2,4,4,3,3,2,2,3,3,3,3,3,2,2,2,3,3,3,3,3,3,3,3,3,3,3,3,3,3,3,3,3,3,4,4,3,3,4,3,3,4,4,5,4,4,3,3,3,5,5,5,5,5,5,5,5,5,5,5,5,5,5,5,5,5,5,5,5,5,5,5,5,5,5,5,5,5,5,5,5,5,5,5,5,5,5,5,5,5,5,5,5,5,5,5,5,5,5,5,5,5,5,5,5,5,5,5,5,5,5,5,5,5
166,474,487,471,475,472,468,467,461,480,483,480,480,475,468,468,462,493,485,480,482,475,470,472,467,493,485,487,483,483,479,474,475,490,498,489,494,485,482,478,478,499,503,498,495,482,490,488,481,508,502,498,504,491,494,490,488,510,513,511,512,491,497,493,487,3,3,3,3,3,3,3,3,3,3,3,3,3,3,3,3,4,4,3,3,2,3,3,3,3,3,3,3,3,3,3,3,4,3,3,3,3,3,3,3,3,4,3,4,3,3,4,3,5,4,3,3,3,3,3,4,5,5,4,5,4,4,4,6,5,5,5,5,5,5,5,5,5,5,5,5,5,5,5,5,5,5,5,5,5,5,5,5,5,5,5,5,5,5,5,5,5,5,5,5,5,5,5,5,5,5,5,5,5,5,5,5,5,5,5,5,5,5,5,5,5,5,5,5,5,5,5,5
167,484,480,475,479,468,469,470,458,481,484,476,479,471,468,469,464,491,483,479,482,478,472,470,469,499,488,488,483,477,480,474,475,504,496,489,489,488,475,480,474,507,490,493,491,489,490,481,486,515,502,493,495,492,488,490,472,519,504,504,499,503,489,492,493,3,3,3,3,2,3,3,3,3,3,3,3,3,2,3,3,3,4,3,3,2,2,3,3,3,3,3,2,3,2,3,3,4,3,3,3,3,3,3,3,4,3,3,3,3,3,3,3,4,4,3,3,3,4,3,4,4,4,3,3,3,3,3,6,5,5,5,5,5,5,5,5,5,5,5,5,5,5,5,5,5,5,5,5,5,5,5,5,5,5,5,5,5,5,5,5,5,5,5,5,5,5,5,5,5,5,5,5,5,5,5,5,5,5,5,5,5,5,5,5,5,5,5,5,5,5,5,5
168,485,482,473,476,468,468,462,465,486,482,475,476,472,467,467,469,488,489,484,477,477,472,471,467,497,485,493,481,483,472,475,470,494,493,485,487,484,480,478,474,501,500,493,486,489,481,485,481,503,508,500,495,494,489,489,491,508,517,496,508,499,489,496,481,4,3,3,3,2,3,3,3,3,3,3,3,3,2,3,3,3,3,3,3,2,3,3,3,4,3,3,3,3,2,3,3,4,3,3,3,3,3,3,3,3,3,3,3,3,3,3,3,4,4,3,3,4,3,3,4,4,4,3,5,4,3,4,6,5,5,5,5,5,5,5,5,5,5,5,5,5,5,5,5,5,5,5,5,5,5,5,5,5,5,5,5,5,5,5,5,5,5,5,5,5,5,5,5,5,5,5,5,5,5,5,5,5,5,5,5,5,5,5,5,5,5,5,5,5,5,5,5
169,479,474,480,471,465,463,463,466,483,481,483,478,473,469,470,464,483,486,483,477,477,472,470,469,496,496,490,485,482,476,477,470,492,493,488,492,487,484,479,478,499,495,493,488,491,489,487,484,508,500,496,497,493,489,485,497,511,499,502,501,494,491,495,481,4,3,2,3,2,2,3,3,3,2,3,3,3,2,3,3,3,4,3,3,2,2,3,3,3,3,3,2,2,2,3,3,3,3,3,3,2,3,3,3,3,3,3,3,3,3,3,3,4,3,3,3,3,3,3,4,4,4,3,4,3,3,4,5,5,5,5,5,5,5,5,5,5,5,5,5,5,5,5,5,5,5,5,5,5,5,5,5,5,5,5,5,5,5,5,5,5,5,5,5,5,5,5,5,5,5,5,5,5,5,5,5,5,5,5,5,5,5,5,5,5,5,5,5,5,5,5,5
170,485,476,471,470,467,470,461,472,481,480,478,476,471,467,465,459,485,486,481,484,483,474,469,470,496,495,488,485,489,477,478,477,495,494,487,492,486,490,482,472,499,500,494,488,491,484,483,476,509,512,502,497,501,493,490,480,502,506,508,507,497,488,492,483,4,3,3,3,3,3,3,3,3,3,3,3,2,2,3,3,4,4,3,3,2,3,3,3,3,4,3,3,3,2,3,4,4,3,3,3,3,3,3,3,4,3,3,3,3,3,3,4,5,4,3,4,3,4,3,4,4,6,3,4,3,3,3,6,5,5,5,5,5,5,5,5,5,5,5,5,5,5,5,5,5,5,5,5,5,5,5,5,5,5,5,5,5,5,5,5,5,5,5,5,5,5,5,5,5,5,5,5,5,5,5,5,5,5,5,5,5,5,5,5,5,5,5,5,5,5,5,5
171,481,484,472,476,467,466,467,461,484,478,481,475,472,465,475,464,490,489,483,480,476,474,473,469,499,493,490,483,482,475,469,468,499,492,491,484,487,488,480,476,499,490,496,485,488,484,487,478,506,507,494,496,493,494,488,491,504,511,500,500,499,497,491,486,3,3,3,3,2,2,3,2,3,3,3,3,3,2,3,3,3,3,3,3,2,2,3,3,3,3,3,3,2,2,3,3,4,3,3,3,3,3,3,3,3,3,3,3,3,3,3,4,4,4,3,3,3,3,3,4,4,4,3,4,3,3,3,5,5,5,5,5,5,5,5,5,5,5,5,5,5,5,5,5,5,5,5,5,5,5,5,5,5,5,5,5,5,5,5,5,5,5,5,5,5,5,5,5,5,5,5,5,5,5,5,5,5,5,5,5,5,5,5,5,5,5,5,5,5,5,5,5
172,486,482,466,470,471,467,463,464,482,481,478,474,483,472,465,463,493,485,482,480,474,478,476,470,494,491,486,486,481,481,474,472,501,491,488,489,483,483,480,473,505,503,500,500,491,489,485,489,513,507,507,496,499,485,490,485,516,507,500,505,495,486,490,494,4,3,3,3,3,3,3,3,3,3,3,3,3,2,3,3,4,4,3,3,2,3,3,3,3,3,3,2,3,3,3,3,4,3,3,3,3,3,3,3,4,3,3,4,3,3,3,3,4,4,3,4,4,3,3,4,5,4,3,4,4,4,4,5,5,5,5,5,5,5,5,5,5,5,5,5,5,5,5,5,5,5,5,5,5,5,5,5,5,5,5,5,5,5,5,5,5,5,5,5,5,5,5,5,5,5,5,5,5,5,5,5,5,5,5,5,5,5,5,5,5,5,5,5,5,5,5,5
173,485,475,475,471,468,468,463,465,484,485,483,473,473,469,464,463,491,484,486,484,480,476,476,469,491,491,483,486,482,474,472,469,487,497,491,493,490,483,476,472,498,494,494,488,491,484,485,479,499,502,503,498,492,485,490,481,509,506,501,508,496,492,501,486,4,3,3,3,2,3,3,3,3,2,3,3,2,2,2,2,3,4,3,3,2,3,3,3,3,3,3,3,2,3,3,3,4,3,3,3,3,3,3,3,3,3,3,3,3,3,3,4,4,4,4,3,3,3,3,4,5,4,3,4,3,3,4,6,5,5,5,5,5,5,5,5,5,5,5,5,5,5,5,5,5,5,5,5,5,5,5,5,5,5,5,5,5,5,5,5,5,5,5,5,5,5,5,5,5,5,5,5,5,5,5,5,5,5,5,5,5,5,5,5,5,5,5,5,5,5,5,5
174,486,477,479,472,468,465,462,465,491,474,477,477,473,467,468,470,488,494,485,478,481,478,474,463,495,497,485,480,482,480,476,472,499,495,496,488,493,484,483,475,505,499,494,497,491,492,485,483,501,502,499,501,492,488,489,489,518,503,501,503,502,486,503,497,4,3,3,3,3,3,3,3,4,3,3,3,2,3,3,3,4,3,3,3,2,3,3,3,4,3,3,3,3,2,3,3,4,3,3,3,3,3,3,4,3,3,4,4,4,3,3,3,4,4,3,3,4,3,3,4,5,5,3,4,4,4,4,5,5,5,5,5,5,5,5,5,5,5,5,5,5,5,5,5,5,5,5,5,5,5,5,5,5,5,5,5,5,5,5,5,5,5,5,5,5,5,5,5,5,5,5,5,5,5,5,5,5,5,5,5,5,5,5,5,5,5,5,5,5,5,5,5
175,475,480,479,473,464,469,459,464,489,482,477,479,472,469,469,468,486,490,486,486,480,482,465,474,496,493,489,484,478,483,476,470,506,491,484,487,489,481,477,475,499,492,489,491,494,485,479,478,504,509,495,496,493,493,488,488,511,501,504,502,499,492,496,490,3,3,3,3,2,3,3,3,3,2,2,3,2,2,2,3,3,3,3,3,2,3,2,3,3,3,3,2,3,3,3,3,4,3,3,2,3,3,2,3,3,4,3,3,3,3,3,3,4,4,3,3,3,3,3,4,5,5,3,4,3,3,3,6,5,5,5,5,5,5,5,5,5,5,5,5,5,5,5,5,5,5,5,5,5,5,5,5,5,5,5,5,5,5,5,5,5,5,5,5,5,5,5,5,5,5,5,5,5,5,5,5,5,5,5,5,5,5,5,5,5,5,5,5,5,5,5,5
176,487,483,478,469,469,471,471,456,492,479,480,476,476,468,468,466,485,484,481,481,484,477,470,473,494,488,487,486,481,474,472,476,497,495,492,493,486,486,479,483,501,493,498,496,491,483,482,478,514,504,500,497,484,487,483,484,509,509,515,494,498,485,489,485,3,3,3,3,3,3,3,3,4,3,3,3,3,3,3,3,3,4,3,3,2,2,3,3,4,3,3,3,3,3,3,4,3,3,3,3,3,3,3,3,4,4,4,3,3,3,3,3,4,4,3,3,3,3,4,4,4,5,4,4,3,4,4,5,5,5,5,5,5,5,5,5,5,5,5,5,5,5,5,5,5,5,5,5,5,5,5,5,5,5,5,5,5,5,5,5,5,5,5,5,5,5,5,5,5,5,5,5,5,5,5,5,5,5,5,5,5,5,5,5,5,5,5,5,5,5,5,5
177,471,478,477,479,462,463,463,458,489,480,478,473,473,469,466,468,487,484,485,476,473,473,474,464,503,494,489,487,483,480,471,474,495,491,494,490,482,476,476,479,503,492,493,494,488,485,482,484,508,498,502,487,495,493,486,481,507,507,500,504,496,495,499,491,3,3,3,3,2,2,3,3,3,2,3,3,3,2,2,3,4,4,3,2,2,2,3,3,3,3,3,3,2,2,2,3,3,3,3,3,3,3,3,3,3,3,3,3,3,3,3,3,4,4,3,4,4,3,4,3,4,5,3,4,3,3,4,5,5,5,5,5,5,5,5,5,5,5,5,5,5,5,5,5,5,5,5,5,5,5,5,5,5,5,5,5,5,5,5,5,5,5,5,5,5,5,5,5,5,5,5,5,5,5,5,5,5,5,5,5,5,5,5,5,5,5,5,5,5,5,5,5
178,481,477,475,475,466,464,467,461,484,483,484,473,472,471,465,466,487,489,481,482,480,477,472,463,503,498,491,480,478,482,478,471,500,495,492,489,484,482,480,487,516,498,497,496,494,491,484,488,511,503,499,503,486,491,487,486,508,508,504,502,507,492,493,491,4,3,3,3,2,3,3,3,3,3,3,3,3,3,3,3,3,4,3,3,2,3,3,3,3,3,3,3,3,3,3,3,3,4,3,3,3,3,3,4,5,3,3,3,3,3,3,3,4,4,4,3,3,4,3,4,5,5,3,4,3,4,3,5,5,5,5,5,5,5,5,5,5,5,5,5,5,5,5,5,5,5,5,5,5,5,5,5,5,5,5,5,5,5,5,5,5,5,5,5,5,5,5,5,5,5,5,5,5,5,5,5,5,5,5,5,5,5,5,5,5,5,5,5,5,5,5,5
179,483,481,477,472,470,465,464,459,488,478,480,481,476,465,470,466,487,485,477,482,479,473,475,468,497,488,489,481,474,477,472,478,492,494,490,491,488,480,477,485,499,495,492,489,485,491,478,479,505,506,502,500,484,489,491,480,511,510,496,503,497,492,498,494,3,3,3,3,2,2,3,3,3,3,3,3,2,2,3,3,3,4,3,3,2,3,3,3,3,3,3,3,3,2,2,3,4,3,3,3,3,3,3,3,3,4,3,3,3,3,3,3,4,4,3,3,3,3,3,3,4,4,3,4,3,3,4,5,5,5,5,5,5,5,5,5,5,5,5,5,5,5,5,5,5,5,5,5,5,5,5,5,5,5,5,5,5,5,5,5,5,5,5,5,5,5,5,5,5,5,5,5,5,5,5,5,5,5,5,5,5,5,5,5,5,5,5,5,5,5,5,5
180,482,482,470,473,469,468,466,456,481,482,478,479,475,470,465,465,490,478,482,480,479,474,471,464,500,494,489,485,478,479,478,477,492,494,493,485,485,484,480,479,503,497,494,492,498,486,493,485,505,499,501,496,491,487,486,488,518,513,504,506,492,495,491,487,4,3,3,3,3,3,3,3,3,3,3,3,3,3,2,3,4,4,3,3,3,3,3,3,4,3,3,3,3,3,3,3,3,3,3,3,3,3,3,4,4,4,4,3,4,3,4,3,4,4,4,4,3,4,3,4,5,5,4,4,4,4,4,6,5,5,5,5,5,5,5,5,5,5,5,5,5,5,5,5,5,5,5,5,5,5,5,5,5,5,5,5,5,5,5,5,5,5,5,5,5,5,5,5,5,5,5,5,5,5,5,5,5,5,5,5,5,5,5,5,5,5,5,5,5,5,5,5
181,485,483,479,471,461,466,462,467,488,482,478,481,471,470,470,463,491,483,482,481,479,476,469,471,498,485,488,481,479,477,475,472,498,493,490,489,485,480,479,469,501,498,497,487,489,485,482,488,503,498,500,491,495,493,488,487,496,518,503,507,490,499,492,486,4,3,3,3,2,3,3,3,3,3,3,3,2,2,3,3,3,3,3,3,2,3,3,3,3,3,3,2,3,2,3,3,3,3,3,3,3,3,3,3,3,3,4,3,3,3,3,3,4,3,3,4,4,3,3,4,4,4,3,4,4,4,4,5,5,5,5,5,5,5,5,5,5,5,5,5,5,5,5,5,5,5,5,5,5,5,5,5,5,5,5,5,5,5,5,5,5,5,5,5,5,5,5,5,5,5,5,5,5,5,5,5,5,5,5,5,5,5,5,5,5,5,5,5,5,5,5,5
182,475,479,473,475,470,468,464,472,487,486,479,478,472,467,466,466,486,488,484,478,475,479,469,469,502,500,485,482,481,476,475,474,501,491,496,485,485,484,479,476,502,490,493,501,488,489,479,480,503,513,503,491,500,492,491,483,511,509,508,494,499,485,497,490,4,3,3,3,2,3,3,3,3,3,3,3,2,3,3,3,3,4,3,3,2,3,3,3,4,4,3,3,3,3,3,3,4,3,3,3,3,3,3,4,3,3,3,4,3,3,4,3,4,4,4,4,4,3,3,4,4,5,4,4,3,4,4,6,5,5,5,5,5,5,5,5,5,5,5,5,5,5,5,5,5,5,5,5,5,5,5,5,5,5,5,5,5,5,5,5,5,5,5,5,5,5,5,5,5,5,5,5,5,5,5,5,5,5,5,5,5,5,5,5,5,5,5,5,5,5,5,5
183,478,479,475,470,464,463,470,463,488,483,481,472,476,470,464,469,488,491,480,484,476,475,474,464,494,496,486,478,485,480,473,471,500,492,485,490,484,483,479,478,498,495,495,494,493,484,483,483,515,507,498,497,495,489,492,492,517,512,499,502,497,491,496,486,3,3,3,3,2,2,2,3,3,2,3,3,2,2,3,3,3,3,3,3,2,3,3,3,3,4,3,3,2,3,3,3,4,3,3,3,3,3,3,3,3,3,3,3,3,3,3,3,3,4,3,3,4,4,4,4,4,4,3,4,4,3,3,5,5,5,5,5,5,5,5,5,5,5,5,5,5,5,5,5,5,5,5,5,5,5,5,5,5,5,5,5,5,5,5,5,5,5,5,5,5,5,5,5,5,5,5,5,5,5,5,5,5,5,5,5,5,5,5,5,5,5,5,5,5,5,5,5
184,478,483,479,474,466,467,466,462,484,478,477,478,476,466,468,464,496,488,474,479,479,474,474,464,495,493,484,479,489,477,477,473,497,494,491,489,487,488,477,474,499,497,499,492,486,491,482,478,510,505,498,495,496,496,486,485,511,510,507,499,499,492,493,495,3,3,3,3,2,3,3,3,3,3,3,3,3,2,3,3,4,4,3,3,3,3,3,3,3,3,3,2,3,3,3,3,3,3,3,3,3,3,3,4,3,4,4,4,3,3,3,3,4,4,3,4,4,3,4,4,4,4,4,4,3,4,4,5,5,5,5,5,5,5,5,5,5,5,5,5,5,5,5,5,5,5,5,5,5,5,5,5,5,5,5,5,5,5,5,5,5,5,5,5,5,5,5,5,5,5,5,5,5,5,5,5,5,5,5,5,5,5,5,5,5,5,5,5,5,5,5,5
185,485,477,473,469,470,468,460,465,488,473,478,473,469,471,469,463,490,491,483,478,477,472,463,468,495,487,487,478,478,479,478,474,497,495,494,490,487,486,477,475,502,497,493,488,490,484,485,474,506,503,497,491,497,496,492,487,510,510,497,503,501,497,494,488,4,3,3,3,2,3,3,3,3,3,3,3,2,2,3,3,3,4,3,3,2,2,2,3,3,3,3,2,3,2,3,3,3,3,3,3,3,2,3,3,3,4,3,3,3,3,3,3,4,4,3,4,3,3,3,4,4,3,3,4,3,3,3,5,5,5,5,5,5,5,5,5,5,5,5,5,5,5,5,5,5,5,5,5,5,5,5,5,5,5,5,5,5,5,5,5,5,5,5,5,5,5,5,5,5,5,5,5,5,5,5,5,5,5,5,5,5,5,5,5,5,5,5,5,5,5,5,5
186,481,473,480,472,465,467,464,464,487,483,481,475,480,473,467,463,493,493,490,477,480,475,475,470,499,487,489,483,486,477,472,471,496,492,492,491,481,486,485,476,507,499,493,489,486,484,485,476,504,506,503,499,494,487,484,488,520,502,504,503,506,485,492,494,4,3,3,3,2,3,3,3,4,3,3,3,3,3,3,3,3,4,3,3,2,3,3,3,3,3,3,3,2,3,3,3,4,3,3,3,3,3,3,3,4,3,3,3,3,3,3,4,4,4,4,3,4,3,4,4,4,5,3,4,4,4,4,6,5,5,5,5,5,5,5,5,5,5,5,5,5,5,5,5,5,5,5,5,5,5,5,5,5,5,5,5,5,5,5,5,5,5,5,5,5,5,5,5,5,5,5,5,5,5,5,5,5,5,5,5,5,5,5,5,5,5,5,5,5,5,5,5
187,482,480,479,470,468,468,465,464,485,480,481,478,476,467,468,471,493,487,483,481,477,474,473,472,497,491,488,478,485,478,475,468,500,497,487,486,482,486,480,480,509,504,493,494,488,483,478,485,504,506,500,491,491,487,496,484,509,511,505,494,498,497,494,496,3,3,3,3,2,3,3,3,3,3,3,3,2,2,2,3,3,3,3,3,2,3,3,3,3,3,3,2,2,2,3,3,3,3,3,3,3,3,3,3,3,3,3,3,3,3,4,3,4,4,3,4,3,3,3,3,4,4,3,4,3,3,4,6,5,5,5,5,5,5,5,5,5,5,5,5,5,5,5,5,5,5,5,5,5,5,5,5,5,5,5,5,5,5,5,5,5,5,5,5,5,5,5,5,5,5,5,5,5,5,5,5,5,5,5,5,5,5,5,5,5,5,5,5,5,5,5,5
188,480,480,483,471,469,467,467,460,483,484,483,476,472,471,468,460,490,493,482,479,481,473,469,464,497,487,491,489,474,479,476,470,500,494,496,491,486,482,481,480,503,500,496,488,491,483,486,475,506,510,501,485,492,491,488,488,520,504,499,499,494,490,497,488,4,3,3,3,2,3,3,3,3,3,3,3,3,3,3,3,3,4,3,3,2,3,3,3,3,3,3,3,3,3,3,3,4,3,3,3,3,3,3,3,4,3,3,3,3,3,3,3,4,5,3,4,4,3,3,4,5,5,3,4,4,4,4,5,5,5,5,5,5,5,5,5,5,5,5,5,5,5,5,5,5,5,5,5,5,5,5,5,5,5,5,5,5,5,5,5,5,5,5,5,5,5,5,5,5,5,5,5,5,5,5,5,5,5,5,5,5,5,5,5,5,5,5,5,5,5,5,5
189,485,476,471,473,469,462,464,462,488,481,480,468,478,470,469,464,481,483,485,477,479,474,472,464,494,487,486,483,485,477,470,475,497,499,487,488,478,479,477,473,506,495,488,494,494,483,479,477,503,505,495,497,497,496,494,489,511,511,504,502,494,497,492,498,4,3,3,3,2,2,3,2,3,2,3,2,3,2,3,3,3,3,3,3,2,3,3,3,3,3,3,2,3,3,3,3,3,3,3,3,3,3,3,3,4,4,3,3,3,3,3,3,4,4,4,3,3,3,3,4,4,5,3,4,4,4,3,4,5,5,5,5,5,5,5,5,5,5,5,5,5,5,5,5,5,5,5,5,5,5,5,5,5,5,5,5,5,5,5,5,5,5,5,5,5,5,5,5,5,5,5,5,5,5,5,5,5,5,5,5,5,5,5,5,5,5,5,5,5,5,5,5
190,485,481,479,471,469,469,467,464,483,480,478,476,475,468,464,470,489,490,487,482,476,481,476,468,491,487,490,486,478,483,476,465,498,496,490,486,489,485,473,474,496,493,498,493,487,488,479,486,510,504,499,489,491,485,497,482,507,504,502,494,499,491,483,489,4,3,3,3,3,3,2,3,3,3,3,3,3,2,3,3,3,4,3,3,2,3,3,3,4,3,3,2,3,3,3,3,3,4,3,3,3,3,3,3,3,4,4,4,3,3,3,3,4,4,3,4,3,4,3,4,4,5,3,3,4,4,4,6,5,5,5,5,5,5,5,5,5,5,5,5,5,5,5,5,5,5,5,5,5,5,5,5,5,5,5,5,5,5,5,5,5,5,5,5,5,5,5,5,5,5,5,5,5,5,5,5,5,5,5,5,5,5,5,5,5,5,5,5,5,5,5,5
191,483,483,474,469,469,466,464,459,484,479,479,479,469,472,469,471,490,485,481,483,476,479,469,471,488,489,489,485,481,475,480,472,492,494,489,487,482,482,479,479,502,491,487,494,487,492,481,488,503,504,501,493,489,490,492,479,519,511,504,500,496,497,492,488,3,3,3,3,3,3,3,3,3,3,3,3,2,2,3,2,3,4,3,3,2,3,3,3,4,3,3,2,3,2,3,3,3,3,3,3,3,3,3,3,3,3,3,3,3,3,3,3,4,4,3,3,3,4,3,3,4,4,4,4,4,3,3,6,5,5,5,5,5,5,5,5,5,5,5,5,5,5,5,5,5,5,5,5,5,5,5,5,5,5,5,5,5,5,5,5,5,5,5,5,5,5,5,5,5,5,5,5,5,5,5,5,5,5,5,5,5,5,5,5,5,5,5,5,5,5,5,5
192,482,479,476,473,471,468,466,470,491,486,477,477,475,468,469,458,491,491,478,483,473,474,469,467,500,488,487,487,480,479,481,471,499,493,490,487,484,489,477,475,500,495,490,494,492,488,479,478,512,504,500,500,496,488,491,478,512,499,506,506,490,490,493,483,4,3,3,3,3,3,3,3,4,3,3,3,2,3,3,2,4,4,3,3,2,3,3,3,3,3,3,3,3,3,3,3,4,4,3,3,3,3,3,3,3,4,3,3,3,3,4,4,3,4,3,4,4,3,4,4,4,5,3,4,3,3,4,5,5,5,5,5,5,5,5,5,5,5,5,5,5,5,5,5,5,5,5,5,5,5,5,5,5,5,5,5,5,5,5,5,5,5,5,5,5,5,5,5,5,5,5,5,5,5,5,5,5,5,5,5,5,5,5,5,5,5,5,5,5,5,5,5
193,477,484,471,472,467,471,464,462,484,476,477,475,475,470,471,473,492,486,481,483,479,478,473,463,498,487,490,483,481,481,474,477,504,491,489,492,486,484,479,480,504,498,491,490,498,479,481,481,507,503,509,497,492,483,489,480,513,506,510,500,498,494,492,492,3,3,3,3,2,3,3,3,3,3,3,3,3,2,3,3,3,4,3,3,2,3,3,3,3,3,3,2,3,2,3,3,3,3,3,3,3,3,3,3,3,4,3,4,3,3,3,4,3,4,4,3,3,3,3,4,4,5,3,4,3,4,3,6,5,5,5,5,5,5,5,5,5,5,5,5,5,5,5,5,5,5,5,5,5,5,5,5,5,5,5,5,5,5,5,5,5,5,5,5,5,5,5,5,5,5,5,5,5,5,5,5,5,5,5,5,5,5,5,5,5,5,5,5,5,5,5,5
194,491,480,475,469,472,467,465,462,484,483,479,473,471,471,465,466,489,494,483,476,480,474,475,467,500,491,485,487,480,475,473,468,500,490,487,483,485,481,484,471,499,492,498,496,486,488,485,481,508,508,505,497,487,492,491,480,509,504,502,495,501,492,496,492,3,3,3,3,3,3,3,3,3,3,3,3,2,3,2,3,3,4,3,3,2,3,3,3,3,3,3,3,3,2,3,3,4,3,3,3,3,3,3,3,4,4,4,3,3,3,3,3,4,5,3,3,3,3,3,4,4,5,4,4,3,3,4,6,5,5,5,5,5,5,5,5,5,5,5,5,5,5,5,5,5,5,5,5,5,5,5,5,5,5,5,5,5,5,5,5,5,5,5,5,5,5,5,5,5,5,5,5,5,5,5,5,5,5,5,5,5,5,5,5,5,5,5,5,5,5,5,5
195,482,485,477,471,468,465,464,461,487,475,483,471,474,471,468,461,491,485,481,477,486,473,469,474,489,490,487,480,483,478,476,476,499,498,492,491,485,485,477,473,504,499,497,490,489,486,482,479,503,507,507,490,492,491,487,481,509,501,507,494,498,494,488,500,3,3,3,3,2,3,3,3,3,3,3,2,2,3,3,3,3,4,3,3,3,2,2,3,4,3,3,2,3,2,2,3,3,3,3,3,3,3,3,3,3,3,3,3,3,3,3,4,4,4,3,4,3,4,3,3,4,5,3,3,3,3,4,5,5,5,5,5,5,5,5,5,5,5,5,5,5,5,5,5,5,5,5,5,5,5,5,5,5,5,5,5,5,5,5,5,5,5,5,5,5,5,5,5,5,5,5,5,5,5,5,5,5,5,5,5,5,5,5,5,5,5,5,5,5,5,5,5
196,484,479,478,472,467,466,464,462,486,485,478,477,481,474,468,464,488,489,482,484,482,474,470,466,497,493,490,486,482,480,479,473,502,488,491,490,483,477,479,474,503,500,491,490,490,485,485,478,510,515,500,503,492,488,492,481,512,504,505,503,496,499,507,497,4,3,3,3,2,3,3,3,3,3,3,3,3,3,3,3,3,4,3,3,3,3,3,3,4,3,3,3,3,3,3,3,4,3,3,3,3,3,3,3,3,4,3,3,3,3,3,4,4,5,3,4,3,4,3,4,5,5,4,4,3,4,5,5,5,5,5,5,5,5,5,5,5,5,5,5,5,5,5,5,5,5,5,5,5,5,5,5,5,5,5,5,5,5,5,5,5,5,5,5,5,5,5,5,5,5,5,5,5,5,5,5,5,5,5,5,5,5,5,5,5,5,5,5,5,5,5,5
197,479,481,479,471,469,471,460,465,490,484,481,472,476,472,462,466,492,492,481,479,477,472,471,471,503,489,489,484,478,476,470,478,496,490,491,488,485,481,477,472,508,501,498,494,487,485,479,481,511,505,498,498,489,486,487,487,516,509,505,506,495,498,494,487,3,3,3,3,2,3,3,3,3,3,3,2,2,2,2,3,3,3,3,3,2,3,2,3,3,3,3,2,3,2,3,3,4,3,3,3,3,3,3,3,3,3,3,3,3,3,3,3,4,4,3,3,3,3,4,4,4,5,3,4,4,3,3,5,5,5,5,5,5,5,5,5,5,5,5,5,5,5,5,5,5,5,5,5,5,5,5,5,5,5,5,5,5,5,5,5,5,5,5,5,5,5,5,5,5,5,5,5,5,5,5,5,5,5,5,5,5,5,5,5,5,5,5,5,5,5,5,5
198,478,476,479,471,467,468,460,466,487,483,478,478,476,469,469,466,491,490,480,477,476,474,473,470,491,493,488,485,483,479,480,476,503,495,496,492,486,485,484,481,500,489,496,491,491,479,483,472,506,502,501,499,487,493,487,487,501,505,510,502,497,506,491,486,3,3,3,3,3,3,3,3,3,3,3,3,3,3,3,3,4,4,3,3,3,3,3,3,3,3,3,3,3,3,3,3,4,3,3,3,3,3,3,4,3,4,3,3,3,3,3,3,4,4,4,3,3,3,3,4,5,4,4,4,3,4,4,6,5,5,5,5,5,5,5,5,5,5,5,5,5,5,5,5,5,5,5,5,5,5,5,5,5,5,5,5,5,5,5,5,5,5,5,5,5,5,5,5,5,5,5,5,5,5,5,5,5,5,5,5,5,5,5,5,5,5,5,5,5,5,5,5
199,478,478,471,473,466,468,462,465,490,484,476,476,474,469,469,463,491,475,482,478,476,471,469,466,495,491,491,484,480,482,478,470,499,490,490,490,490,486,483,480,513,493,487,492,489,486,480,485,510,495,500,499,496,489,495,483,509,504,498,498,495,492,487,486,3,3,3,3,2,3,3,3,3,2,3,3,2,2,3,3,4,3,3,3,2,2,2,3,3,3,3,2,3,2,3,3,3,3,3,3,3,3,3,3,3,3,3,3,3,3,3,3,4,4,3,3,4,3,3,4,4,5,3,4,3,3,3,5,5,5,5,5,5,5,5,5,5,5,5,5,5,5,5,5,5,5,5,5,5,5,5,5,5,5,5,5,5,5,5,5,5,5,5,5,5,5,5,5,5,5,5,5,5,5,5,5,5,5,5,5,5,5,5,5,5,5,5,5,5,5,5,5
