frame,dist_z0,dist_z1,dist_z2,dist_z3,dist_z4,dist_z5,dist_z6,dist_z7,dist_z8,dist_z9,dist_z10,dist_z11,dist_z12,dist_z13,dist_z14,dist_z15,dist_z16,dist_z17,dist_z18,dist_z19,dist_z20,dist_z21,dist_z22,dist_z23,dist_z24,dist_z25,dist_z26,dist_z27,dist_z28,dist_z29,dist_z30,dist_z31,dist_z32,dist_z33,dist_z34,dist_z35,dist_z36,dist_z37,dist_z38,dist_z39,dist_z40,dist_z41,dist_z42,dist_z43,dist_z44,dist_z45,dist_z46,dist_z47,dist_z48,dist_z49,dist_z50,dist_z51,dist_z52,dist_z53,dist_z54,dist_z55,dist_z56,dist_z57,dist_z58,dist_z59,dist_z60,dist_z61,dist_z62,dist_z63,sigma_z0,sigma_z1,sigma_z2,sigma_z3,sigma_z4,sigma_z5,sigma_z6,sigma_z7,sigma_z8,sigma_z9,sigma_z10,sigma_z11,sigma_z12,sigma_z13,sigma_z14,sigma_z15,sigma_z16,sigma_z17,sigma_z18,sigma_z19,sigma_z20,sigma_z21,sigma_z22,sigma_z23,sigma_z24,sigma_z25,sigma_z26,sigma_z27,sigma_z28,sigma_z29,sigma_z30,sigma_z31,sigma_z32,sigma_z33,sigma_z34,sigma_z35,sigma_z36,sigma_z37,sigma_z38,sigma_z39,sigma_z40,sigma_z41,sigma_z42,sigma_z43,sigma_z44,sigma_z45,sigma_z46,sigma_z47,sigma_z48,sigma_z49,sigma_z50,sigma_z51,sigma_z52,sigma_z53,sigma_z54,sigma_z55,sigma_z56,sigma_z57,sigma_z58,sigma_z59,sigma_z60,sigma_z61,sigma_z62,sigma_z63,status_z0,status_z1,status_z2,status_z3,status_z4,status_z5,status_z6,status_z7,status_z8,status_z9,status_z10,status_z11,status_z12,status_z13,status_z14,status_z15,status_z16,status_z17,status_z18,status_z19,status_z20,status_z21,status_z22,status_z23,status_z24,status_z25,status_z26,status_z27,status_z28,status_z29,status_z30,status_z31,status_z32,status_z33,status_z34,status_z35,status_z36,status_z37,status_z38,status_z39,status_z40,status_z41,status_z42,status_z43,status_z44,status_z45,status_z46,status_z47,status_z48,status_z49,status_z50,status_z51,status_z52,status_z53,status_z54,status_z55,status_z56,status_z57,status_z58,status_z59,status_z60,status_z61,status_z62,status_z63
0,878,877,873,874,858,866,862,846,892,877,864,873,866,863,873,863,894,875,880,867,870,866,870,863,893,882,881,881,873,880,880,860,892,893,890,900,883,887,879,874,907,900,904,901,897,882,876,883,913,902,909,894,893,888,883,894,932,914,906,889,898,895,905,900,6,7,6,5,5,5,6,6,6,5,4,5,7,5,5,6,8,7,6,6,6,6,6,6,7,6,5,5,6,5,6,6,7,6,6,6,7,5,6,7,7,6,6,7,9,6,6,7,7,10,8,8,7,7,6,8,9,12,7,9,6,8,7,19,5,5,5,5,5,5,5,5,5,5,5,5,5,5,5,5,5,5,5,5,5,5,5,5,5,5,5,5,5,5,5,5,5,5,5,5,5,5,5,5,5,5,5,5,5,5,5,5,5,5,5,5,5,5,5,5,5,5,5,5,5,5,5,5
1,874,882,873,871,860,852,849,857,881,876,866,871,863,861,861,857,898,878,880,887,867,875,862,851,891,899,881,884,870,878,860,864,895,892,890,891,885,879,874,865,905,889,893,901,889,889,890,892,905,920,907,897,882,883,885,884,922,902,916,916,904,898,897,877,6,5,6,5,4,5,4,7,6,5,4,4,6,5,5,4,11,9,5,5,5,5,5,5,6,6,5,4,6,4,7,6,7,5,5,6,4,4,6,7,8,6,5,7,6,5,7,9,8,8,7,7,6,6,6,8,8,10,6,9,8,6,8,28,5,5,5,5,5,5,5,5,5,5,5,5,5,5,5,5,5,5,5,5,5,5,5,5,5,5,5,5,5,5,5,5,5,5,5,5,5,5,5,5,5,5,5,5,5,5,5,5,5,5,5,5,5,5,5,5,5,5,5,5,5,5,5,5
2,879,883,876,874,862,860,858,854,879,877,874,878,868,866,865,871,890,891,888,877,882,885,869,868,894,891,886,878,876,875,887,868,896,895,904,899,888,889,866,880,910,909,903,902,885,886,876,880,915,909,917,897,889,896,891,890,933,881,911,903,903,896,902,893,8,7,5,6,5,6,5,6,6,6,5,6,6,4,5,7,9,6,6,6,4,7,5,5,7,6,5,5,6,6,8,8,8,5,6,6,6,6,6,6,7,6,7,8,7,5,7,7,8,10,8,8,6,6,7,10,9,16,7,9,8,7,7,14,5,5,5,5,5,5,5,5,5,5,5,5,5,5,5,5,5,5,5,5,5,5,5,5,5,5,5,5,5,5,5,5,5,5,5,5,5,5,5,5,5,5,5,5,5,5,5,5,5,5,5,5,5,5,5,5,5,5,5,5,5,5,5,5
3,882,887,879,862,861,866,864,857,877,875,869,872,862,861,869,855,894,882,874,883,877,873,862,859,897,897,889,887,879,864,877,873,909,904,891,895,888,875,874,879,904,901,899,896,899,879,877,877,911,880,915,908,885,894,881,882,908,936,907,905,899,898,897,876,6,8,5,6,4,5,5,6,7,5,5,4,5,4,6,5,9,7,5,6,4,7,6,5,7,5,6,6,6,5,5,6,8,5,5,5,6,5,6,7,6,7,6,7,7,5,6,6,8,10,8,7,6,5,6,9,8,10,8,9,8,6,6,11,5,5,5,5,5,5,5,5,5,5,5,5,5,5,5,5,5,5,5,5,5,5,5,5,5,5,5,5,5,5,5,5,5,5,5,5,5,5,5,5,5,5,5,5,5,5,5,5,5,5,5,5,5,5,5,5,5,5,5,5,5,5,5,5
4,893,882,875,864,864,854,860,844,887,880,878,873,865,865,860,862,875,902,870,882,873,875,864,851,892,895,889,873,879,879,870,878,912,906,892,897,883,881,880,871,902,902,906,897,887,893,884,877,913,899,906,905,906,887,896,894,917,906,916,897,910,895,888,888,5,6,5,7,5,5,6,6,7,6,5,5,7,5,5,6,12,8,7,6,6,5,5,6,7,5,8,5,6,5,6,8,9,6,5,6,6,5,7,6,7,6,5,7,7,7,7,7,7,10,9,7,6,6,8,10,9,11,7,10,7,6,9,15,5,5,5,5,5,5,5,5,5,5,5,5,5,5,5,5,5,5,5,5,5,5,5,5,5,5,5,5,5,5,5,5,5,5,5,5,5,5,5,5,5,5,5,5,5,5,5,5,5,5,5,5,5,5,5,5,5,5,5,5,5,5,5,5
5,874,879,859,871,866,860,846,852,887,877,874,872,870,866,864,851,881,877,877,869,866,871,868,860,894,889,892,879,877,882,869,869,898,895,893,880,891,879,877,882,927,906,899,900,891,869,890,868,911,902,903,897,905,890,885,890,921,899,894,896,902,897,891,870,6,5,5,6,4,6,5,7,8,5,5,5,7,4,6,5,8,8,6,6,5,5,6,5,7,5,6,5,5,7,5,7,7,6,5,6,6,5,5,5,6,6,6,7,7,7,9,7,8,7,7,6,6,7,6,7,7,9,5,9,6,6,7,15,5,5,5,5,5,5,5,5,5,5,5,5,5,5,5,5,5,5,5,5,5,5,5,5,5,5,5,5,5,5,5,5,5,5,5,5,5,5,5,5,5,5,5,5,5,5,5,5,5,5,5,5,5,5,5,5,5,5,5,5,5,5,5,5
6,890,878,859,872,862,863,861,855,884,870,886,871,877,866,867,854,899,889,894,881,879,867,861,870,912,893,897,883,881,881,877,866,894,879,893,890,883,890,881,882,894,888,898,891,886,888,888,870,912,916,897,893,914,894,890,891,929,901,913,906,914,888,900,901,8,6,5,7,5,7,5,8,8,5,6,6,5,4,6,6,9,8,7,8,6,5,5,5,9,7,5,6,6,4,6,7,8,5,6,5,6,5,6,5,6,7,6,7,7,7,8,8,8,8,7,7,5,5,6,9,8,10,8,12,6,7,7,13,5,5,5,5,5,5,5,5,5,5,5,5,5,5,5,5,5,5,5,5,5,5,5,5,5,5,5,5,5,5,5,5,5,5,5,5,5,5,5,5,5,5,5,5,5,5,5,5,5,5,5,5,5,5,5,5,5,5,5,5,5,5,5,5
7,893,889,877,865,869,858,849,841,890,878,872,872,865,859,863,856,892,886,880,870,873,862,863,862,892,884,896,889,878,889,867,880,884,895,898,890,872,879,890,875,914,904,906,888,899,886,876,884,916,919,892,906,896,884,886,875,910,925,900,899,909,893,894,871,7,6,5,7,5,6,6,6,6,5,4,5,5,4,5,5,6,9,5,6,5,5,5,5,6,5,6,6,6,5,5,7,7,6,6,4,6,6,6,7,8,6,7,7,8,6,7,9,7,8,6,8,7,5,6,10,7,10,6,8,7,6,7,11,5,5,5,5,5,5,5,5,5,5,5,5,5,5,5,5,5,5,5,5,5,5,5,5,5,5,5,5,5,5,5,5,5,5,5,5,5,5,5,5,5,5,5,5,5,5,5,5,5,5,5,5,5,5,5,5,5,5,5,5,5,5,5,5
8,889,892,865,868,868,863,856,852,883,883,878,880,866,864,856,856,896,883,887,879,870,869,870,859,902,892,884,891,881,875,877,873,895,893,900,885,886,885,878,881,904,903,894,900,888,884,878,884,923,910,905,911,896,898,890,916,913,911,925,901,905,892,895,871,7,6,5,7,6,5,5,6,8,6,5,5,6,5,5,7,10,9,6,6,5,5,6,5,7,7,6,5,5,6,6,8,8,6,6,5,7,6,6,6,7,7,6,7,8,6,7,8,9,9,6,7,6,6,8,11,9,11,8,7,7,7,9,17,5,5,5,5,5,5,5,5,5,5,5,5,5,5,5,5,5,5,5,5,5,5,5,5,5,5,5,5,5,5,5,5,5,5,5,5,5,5,5,5,5,5,5,5,5,5,5,5,5,5,5,5,5,5,5,5,5,5,5,5,5,5,5,5
9,884,871,867,858,853,855,863,848,885,873,871,870,864,858,863,858,881,887,878,891,872,872,859,865,897,890,884,874,882,874,883,870,906,897,895,887,888,878,880,877,894,887,899,890,895,884,877,866,912,909,903,885,895,894,892,897,926,924,909,898,907,884,885,893,7,5,4,6,4,6,5,6,7,6,5,5,6,4,5,6,7,6,6,7,5,4,5,5,5,6,5,5,6,6,6,7,9,6,5,5,5,6,6,5,7,5,6,6,8,5,5,7,7,8,7,9,6,6,7,8,9,13,7,9,7,5,8,12,5,5,5,5,5,5,5,5,5,5,5,5,5,5,5,5,5,5,5,5,5,5,5,5,5,5,5,5,5,5,5,5,5,5,5,5,5,5,5,5,5,5,5,5,5,5,5,5,5,5,5,5,5,5,5,5,5,5,5,5,5,5,5,5
10,879,892,869,858,865,866,858,844,882,875,873,869,860,866,860,854,885,883,871,873,878,879,860,863,909,889,891,881,879,888,875,848,909,896,901,900,893,889,869,871,901,900,908,901,905,885,892,881,898,898,920,904,898,892,902,882,931,890,912,914,904,888,885,903,7,5,5,6,6,6,5,6,7,5,5,5,6,5,5,5,7,8,5,6,5,6,5,5,9,6,8,5,5,5,6,6,8,6,5,7,6,5,5,7,7,5,7,7,8,6,6,7,7,10,10,7,6,6,9,11,8,11,6,7,8,6,6,11,5,5,5,5,5,5,5,5,5,5,5,5,5,5,5,5,5,5,5,5,5,5,5,5,5,5,5,5,5,5,5,5,5,5,5,5,5,5,5,5,5,5,5,5,5,5,5,5,5,5,5,5,5,5,5,5,5,5,5,5,5,5,5,5
11,890,877,876,873,870,849,857,850,882,882,885,863,868,864,855,857,884,878,881,884,874,865,868,869,891,894,896,883,882,865,859,866,891,900,891,893,891,876,869,880,904,897,902,888,886,882,891,880,915,910,908,893,895,886,897,874,920,916,906,918,896,895,895,874,6,6,5,5,5,6,5,7,6,5,6,5,5,4,5,5,8,8,5,6,4,6,5,5,6,5,6,5,5,6,6,7,7,7,4,5,6,6,5,5,7,6,6,5,9,6,6,6,7,8,8,7,5,5,7,10,8,15,7,8,7,7,6,12,5,5,5,5,5,5,5,5,5,5,5,5,5,5,5,5,5,5,5,5,5,5,5,5,5,5,5,5,5,5,5,5,5,5,5,5,5,5,5,5,5,5,5,5,5,5,5,5,5,5,5,5,5,5,5,5,5,5,5,5,5,5,5,5
12,883,878,865,876,858,860,863,847,908,882,875,877,876,869,867,858,898,880,896,872,865,870,871,855,897,893,889,882,890,879,875,859,895,898,889,892,890,890,874,868,906,911,899,894,880,886,877,892,929,892,894,900,892,900,902,868,927,942,910,916,896,899,897,913,6,6,5,8,5,5,5,7,7,5,5,5,6,5,5,5,8,6,7,5,5,5,5,6,8,7,6,5,5,5,7,7,7,6,4,6,6,6,6,6,7,7,6,6,7,7,6,7,6,9,7,8,7,6,8,9,12,10,9,8,8,7,8,12,5,5,5,5,5,5,5,5,5,5,5,5,5,5,5,5,5,5,5,5,5,5,5,5,5,5,5,5,5,5,5,5,5,5,5,5,5,5,5,5,5,5,5,5,5,5,5,5,5,5,5,5,5,5,5,5,5,5,5,5,5,5,5,5
13,879,880,879,860,862,866,865,854,868,880,876,867,865,867,859,859,888,876,885,879,873,859,858,861,902,888,898,870,887,877,876,864,900,895,890,883,900,890,876,877,903,912,905,894,886,883,869,880,919,922,903,915,901,880,886,899,928,925,904,903,889,894,901,896,6,5,6,7,4,5,6,7,6,5,6,4,6,5,5,5,11,7,5,6,5,6,5,6,7,6,6,5,6,5,5,6,8,6,4,6,6,5,5,6,7,5,7,7,7,5,6,6,8,9,7,7,8,6,6,8,13,10,6,9,7,8,6,19,5,5,5,5,5,5,5,5,5,5,5,5,5,5,5,5,5,5,5,5,5,5,5,5,5,5,5,5,5,5,5,5,5,5,5,5,5,5,5,5,5,5,5,5,5,5,5,5,5,5,5,5,5,5,5,5,5,5,5,5,5,5,5,5
14,870,865,875,864,859,864,861,852,894,892,881,866,876,862,856,860,881,881,875,873,868,869,861,860,881,896,887,892,879,876,868,868,893,885,902,886,878,884,879,873,917,910,910,889,893,884,875,874,922,903,897,904,906,886,892,880,926,922,903,896,880,895,898,873,6,5,6,7,5,5,5,6,6,6,6,6,5,5,5,5,9,7,6,7,5,5,5,6,7,7,6,5,4,6,6,8,7,5,5,6,6,5,6,6,6,7,6,6,8,6,7,6,10,11,6,8,6,7,8,11,10,12,8,8,8,7,8,19,5,5,5,5,5,5,5,5,5,5,5,5,5,5,5,5,5,5,5,5,5,5,5,5,5,5,5,5,5,5,5,5,5,5,5,5,5,5,5,5,5,5,5,5,5,5,5,5,5,5,5,5,5,5,5,5,5,5,5,5,5,5,5,5
15,883,868,868,864,865,865,855,861,888,879,873,870,870,865,865,862,894,896,885,865,875,874,870,855,900,889,891,887,875,865,875,865,887,884,899,876,888,880,878,878,907,901,899,886,880,895,882,884,904,914,908,886,885,892,887,893,911,910,909,889,911,877,894,894,7,5,5,5,5,4,5,6,8,5,4,5,5,5,6,5,11,7,6,6,5,6,5,6,8,6,6,5,6,5,6,7,7,4,5,5,7,6,5,5,7,5,5,7,8,6,7,7,8,8,7,8,7,6,6,11,8,11,6,7,8,6,6,14,5,5,5,5,5,5,5,5,5,5,5,5,5,5,5,5,5,5,5,5,5,5,5,5,5,5,5,5,5,5,5,5,5,5,5,5,5,5,5,5,5,5,5,5,5,5,5,5,5,5,5,5,5,5,5,5,5,5,5,5,5,5,5,5
16,870,875,872,878,870,860,853,856,895,879,873,871,870,865,856,855,895,893,892,875,868,868,868,856,906,894,874,882,879,885,877,864,893,894,893,890,884,880,871,873,913,903,899,892,886,880,879,877,900,915,899,898,896,887,882,887,925,920,914,904,898,908,908,881,6,6,5,6,5,6,7,6,7,5,5,5,5,4,5,6,12,7,5,6,6,5,5,6,9,7,7,6,7,5,6,8,8,7,6,7,7,6,6,6,8,5,6,7,9,6,6,7,9,8,8,8,7,7,6,8,9,14,6,7,5,10,8,16,5,5,5,5,5,5,5,5,5,5,5,5,5,5,5,5,5,5,5,5,5,5,5,5,5,5,5,5,5,5,5,5,5,5,5,5,5,5,5,5,5,5,5,5,5,5,5,5,5,5,5,5,5,5,5,5,5,5,5,5,5,5,5,5
17,874,885,872,873,861,854,855,862,898,876,876,868,881,865,878,863,891,888,880,889,872,872,876,854,874,902,890,886,873,869,865,854,898,898,896,896,892,874,886,886,918,915,888,887,899,891,876,885,915,906,904,896,900,896,888,878,914,919,913,898,895,897,916,886,8,6,5,6,5,6,5,5,7,5,5,5,6,4,7,5,8,8,5,6,5,5,5,6,7,4,6,4,5,6,5,7,8,6,5,5,5,6,6,7,6,7,5,6,8,6,6,8,7,7,6,6,7,5,8,9,8,11,7,9,7,5,8,13,5,5,5,5,5,5,5,5,5,5,5,5,5,5,5,5,5,5,5,5,5,5,5,5,5,5,5,5,5,5,5,5,5,5,5,5,5,5,5,5,5,5,5,5,5,5,5,5,5,5,5,5,5,5,5,5,5,5,5,5,5,5,5,5
18,864,868,877,866,870,853,851,849,883,879,876,867,865,875,858,856,899,872,884,875,875,860,865,867,903,896,892,886,872,875,865,859,903,892,886,889,880,882,880,869,908,897,895,897,890,897,877,883,917,905,902,901,908,899,904,891,923,916,909,913,901,884,910,887,5,6,5,6,6,7,6,5,8,6,5,6,5,5,5,5,7,8,6,5,4,6,5,5,10,5,6,4,5,5,5,6,9,6,5,6,7,6,6,8,7,7,6,7,6,6,6,8,9,12,8,7,6,6,7,10,9,14,6,10,7,6,7,12,5,5,5,5,5,5,5,5,5,5,5,5,5,5,5,5,5,5,5,5,5,5,5,5,5,5,5,5,5,5,5,5,5,5,5,5,5,5,5,5,5,5,5,5,5,5,5,5,5,5,5,5,5,5,5,5,5,5,5,5,5,5,5,5
19,872,883,877,861,870,856,866,846,885,893,869,857,871,854,858,862,891,887,874,881,864,869,863,860,914,896,886,875,871,874,874,872,908,900,905,891,889,881,881,884,903,900,897,891,895,886,892,894,912,899,916,903,879,893,883,880,919,927,898,917,893,907,896,881,5,7,4,6,5,6,5,6,6,6,4,5,5,4,5,5,7,8,6,6,5,5,5,6,7,5,5,5,5,6,5,6,10,5,5,5,5,5,6,6,7,6,6,6,6,5,6,8,8,8,9,6,5,6,7,8,8,12,6,7,6,8,7,13,5,5,5,5,5,5,5,5,5,5,5,5,5,5,5,5,5,5,5,5,5,5,5,5,5,5,5,5,5,5,5,5,5,5,5,5,5,5,5,5,5,5,5,5,5,5,5,5,5,5,5,5,5,5,5,5,5,5,5,5,5,5,5,5
20,885,876,865,872,857,857,861,853,872,880,873,872,879,874,859,859,882,894,876,881,878,872,862,865,886,894,878,881,878,876,877,873,921,884,896,897,881,881,892,878,906,909,892,885,884,889,868,891,904,931,885,916,892,902,890,892,930,927,915,892,908,889,885,902,6,7,5,6,5,6,5,7,6,5,5,4,5,5,5,5,9,6,6,6,6,7,5,6,9,7,7,5,6,6,7,6,10,6,5,6,6,6,7,6,7,7,6,7,7,8,6,7,8,8,6,9,7,5,7,8,9,13,6,9,7,7,7,15,5,5,5,5,5,5,5,5,5,5,5,5,5,5,5,5,5,5,5,5,5,5,5,5,5,5,5,5,5,5,5,5,5,5,5,5,5,5,5,5,5,5,5,5,5,5,5,5,5,5,5,5,5,5,5,5,5,5,5,5,5,5,5,5
21,886,871,866,868,860,846,851,858,893,880,874,858,873,856,862,863,899,879,877,870,880,879,862,865,883,886,882,872,885,877,881,866,917,890,884,886,883,875,878,880,923,888,893,892,888,891,884,880,918,889,893,901,898,887,894,882,935,912,901,911,901,897,891,892,7,7,4,6,5,5,5,5,6,5,5,4,5,4,5,6,9,7,5,7,5,5,6,6,7,5,6,5,6,4,5,7,7,5,5,5,7,6,6,6,6,7,6,6,8,5,7,7,7,9,7,7,6,5,8,7,9,11,5,7,7,7,7,12,5,5,5,5,5,5,5,5,5,5,5,5,5,5,5,5,5,5,5,5,5,5,5,5,5,5,5,5,5,5,5,5,5,5,5,5,5,5,5,5,5,5,5,5,5,5,5,5,5,5,5,5,5,5,5,5,5,5,5,5,5,5,5,5
22,872,871,867,872,860,848,854,864,872,877,878,860,858,862,861,858,887,885,880,882,871,874,859,869,899,893,894,887,886,868,863,866,920,901,895,892,896,889,881,868,911,891,906,894,895,894,900,870,900,913,888,899,890,904,900,879,922,932,916,899,907,904,897,877,6,6,6,8,5,5,5,6,7,6,6,5,6,5,6,6,9,8,6,5,5,7,6,8,7,5,6,4,7,5,5,7,8,5,6,5,7,5,7,6,8,7,8,6,8,7,7,7,6,8,8,8,7,6,6,9,8,15,7,8,8,8,7,22,5,5,5,5,5,5,5,5,5,5,5,5,5,5,5,5,5,5,5,5,5,5,5,5,5,5,5,5,5,5,5,5,5,5,5,5,5,5,5,5,5,5,5,5,5,5,5,5,5,5,5,5,5,5,5,5,5,5,5,5,5,5,5,5
23,873,880,859,865,866,855,851,855,884,881,876,871,861,862,866,859,883,873,879,878,870,874,866,864,886,895,883,881,882,879,861,875,901,889,884,890,886,880,867,874,899,906,905,906,896,881,883,885,901,895,904,897,893,888,893,896,936,936,892,893,894,903,895,876,5,7,5,6,5,6,6,6,6,6,5,5,5,5,6,6,8,7,6,6,5,5,5,7,7,4,7,5,6,5,5,5,7,5,5,5,8,5,5,7,5,6,6,7,6,7,6,7,6,9,8,7,7,6,7,11,9,11,6,7,6,7,7,21,5,5,5,5,5,5,5,5,5,5,5,5,5,5,5,5,5,5,5,5,5,5,5,5,5,5,5,5,5,5,5,5,5,5,5,5,5,5,5,5,5,5,5,5,5,5,5,5,5,5,5,5,5,5,5,5,5,5,5,5,5,5,5,5
24,892,876,878,868,863,848,855,850,874,878,874,878,865,873,865,857,898,894,883,883,874,871,856,859,905,889,886,886,887,871,873,857,909,897,889,892,893,887,874,865,904,907,900,908,884,891,891,882,910,918,901,905,891,883,882,890,924,925,897,907,895,896,895,890,10,7,6,7,5,6,5,6,8,5,6,7,5,5,5,5,9,8,6,5,6,6,4,5,8,6,5,5,7,5,7,5,8,6,4,5,7,5,7,7,6,7,6,9,8,6,7,7,7,12,6,7,7,6,6,7,10,11,7,8,7,7,7,12,5,5,5,5,5,5,5,5,5,5,5,5,5,5,5,5,5,5,5,5,5,5,5,5,5,5,5,5,5,5,5,5,5,5,5,5,5,5,5,5,5,5,5,5,5,5,5,5,5,5,5,5,5,5,5,5,5,5,5,5,5,5,5,5
25,865,888,865,865,860,862,861,861,898,873,875,876,886,863,866,862,879,882,882,882,879,868,861,867,893,897,887,882,880,884,875,880,901,895,895,877,890,889,882,883,905,910,889,891,892,896,883,883,911,899,906,891,901,887,892,884,930,915,911,918,883,897,898,860,7,6,6,6,4,5,5,5,7,4,5,5,6,4,5,6,8,8,6,6,4,6,5,5,6,5,5,6,6,5,6,5,7,5,5,5,6,5,6,6,4,7,5,7,7,6,7,6,7,8,7,5,5,5,7,9,9,11,6,9,9,8,7,13,5,5,5,5,5,5,5,5,5,5,5,5,5,5,5,5,5,5,5,5,5,5,5,5,5,5,5,5,5,5,5,5,5,5,5,5,5,5,5,5,5,5,5,5,5,5,5,5,5,5,5,5,5,5,5,5,5,5,5,5,5,5,5,5
26,872,868,882,872,869,865,849,859,900,870,876,867,864,856,855,857,905,884,878,880,878,876,876,872,895,889,885,866,880,880,867,872,887,900,896,890,904,879,876,868,915,897,911,907,894,881,889,876,902,932,900,896,889,893,886,904,926,921,905,902,897,896,897,856,7,6,6,6,5,5,5,4,8,5,7,6,6,4,5,6,9,10,5,7,5,5,7,6,8,6,6,4,6,5,5,7,9,6,5,5,7,5,6,5,9,8,9,5,8,6,7,8,8,10,7,6,7,6,6,9,10,14,8,10,7,7,6,13,5,5,5,5,5,5,5,5,5,5,5,5,5,5,5,5,5,5,5,5,5,5,5,5,5,5,5,5,5,5,5,5,5,5,5,5,5,5,5,5,5,5,5,5,5,5,5,5,5,5,5,5,5,5,5,5,5,5,5,5,5,5,5,5
27,882,883,875,864,863,861,844,862,886,865,874,875,860,863,861,866,894,885,888,876,874,870,870,864,907,881,893,881,882,873,853,859,902,898,896,896,885,886,878,886,910,889,885,905,886,885,878,876,914,901,900,909,896,891,891,897,898,914,900,921,903,884,899,905,7,5,6,6,5,6,5,8,6,5,5,5,6,5,5,6,9,6,6,5,5,5,5,6,7,5,6,4,5,5,6,7,9,6,5,5,6,5,5,6,6,6,6,8,6,6,6,6,8,9,8,8,7,6,7,8,9,12,5,8,9,5,6,13,5,5,5,5,5,5,5,5,5,5,5,5,5,5,5,5,5,5,5,5,5,5,5,5,5,5,5,5,5,5,5,5,5,5,5,5,5,5,5,5,5,5,5,5,5,5,5,5,5,5,5,5,5,5,5,5,5,5,5,5,5,5,5,5
28,880,888,880,856,860,857,855,854,879,874,871,872,865,855,863,860,879,891,869,886,870,865,871,866,900,880,901,891,882,868,865,870,894,898,896,893,881,881,876,865,911,901,907,892,902,879,882,894,907,907,906,882,896,902,898,888,920,934,907,929,884,898,903,864,7,6,5,7,4,6,6,6,7,5,5,6,7,5,5,5,9,6,5,6,5,6,6,6,8,6,6,5,6,6,5,7,8,6,6,5,7,6,7,7,7,6,7,8,8,6,6,9,7,8,9,7,7,6,7,9,12,11,6,9,9,7,7,14,5,5,5,5,5,5,5,5,5,5,5,5,5,5,5,5,5,5,5,5,5,5,5,5,5,5,5,5,5,5,5,5,5,5,5,5,5,5,5,5,5,5,5,5,5,5,5,5,5,5,5,5,5,5,5,5,5,5,5,5,5,5,5,5
29,881,886,872,874,863,866,850,841,888,874,869,871,871,862,864,854,884,889,886,870,872,874,871,865,898,892,884,881,873,880,875,874,899,900,888,894,879,876,872,858,908,902,897,898,903,883,888,889,925,909,910,899,894,887,883,905,937,922,901,911,898,895,897,891,8,5,4,5,5,6,7,6,7,5,5,4,5,4,5,5,9,7,5,6,5,5,5,6,7,6,6,5,5,5,5,8,8,6,5,6,6,5,5,7,6,6,6,7,7,6,6,7,7,7,8,7,7,6,6,10,6,13,6,9,7,6,6,13,5,5,5,5,5,5,5,5,5,5,5,5,5,5,5,5,5,5,5,5,5,5,5,5,5,5,5,5,5,5,5,5,5,5,5,5,5,5,5,5,5,5,5,5,5,5,5,5,5,5,5,5,5,5,5,5,5,5,5,5,5,5,5,5
30,885,882,872,877,864,861,851,855,874,874,876,874,860,854,862,860,892,881,886,883,867,869,867,864,894,892,883,875,877,877,873,870,913,900,889,904,882,882,878,881,910,912,895,887,906,892,897,875,914,907,897,902,886,900,896,883,917,908,909,898,918,896,899,844,8,6,5,7,5,7,6,6,7,6,5,5,6,5,6,6,10,8,6,7,6,5,5,6,8,5,8,5,5,5,5,8,8,5,5,6,6,5,6,7,6,7,6,6,8,7,6,7,9,11,7,7,6,6,7,10,9,13,5,11,9,7,8,14,5,5,5,5,5,5,5,5,5,5,5,5,5,5,5,5,5,5,5,5,5,5,5,5,5,5,5,5,5,5,5,5,5,5,5,5,5,5,5,5,5,5,5,5,5,5,5,5,5,5,5,5,5,5,5,5,5,5,5,5,5,5,5,5
31,889,867,871,866,857,853,851,856,890,886,874,864,863,865,860,859,879,890,881,865,873,857,855,872,892,892,893,882,879,869,873,845,895,884,897,891,888,883,880,874,902,909,899,898,891,885,871,886,907,905,915,900,886,888,891,902,943,913,919,898,914,884,896,913,8,6,5,7,4,5,4,7,7,6,5,5,5,5,6,5,8,7,6,6,5,5,6,5,6,6,6,4,6,6,5,6,8,5,5,5,5,5,6,6,6,6,6,6,6,5,5,7,8,8,8,7,6,6,7,10,9,15,6,7,7,6,7,24,5,5,5,5,5,5,5,5,5,5,5,5,5,5,5,5,5,5,5,5,5,5,5,5,5,5,5,5,5,5,5,5,5,5,5,5,5,5,5,5,5,5,5,5,5,5,5,5,5,5,5,5,5,5,5,5,5,5,5,5,5,5,5,5
32,871,887,871,871,863,862,867,861,869,880,875,871,869,860,850,854,900,886,886,886,868,874,863,862,892,879,888,884,871,872,871,863,881,891,895,893,893,887,887,874,904,898,895,897,896,889,884,880,911,918,903,901,886,896,891,879,923,926,909,904,901,883,898,895,7,6,5,7,5,7,6,7,6,6,6,5,7,5,6,6,10,8,8,6,6,6,5,7,6,6,6,5,6,5,5,7,9,6,5,6,6,6,7,7,7,7,6,6,8,6,6,7,7,9,8,10,6,5,6,7,10,14,7,11,8,7,6,15,5,5,5,5,5,5,5,5,5,5,5,5,5,5,5,5,5,5,5,5,5,5,5,5,5,5,5,5,5,5,5,5,5,5,5,5,5,5,5,5,5,5,5,5,5,5,5,5,5,5,5,5,5,5,5,5,5,5,5,5,5,5,5,5
33,890,874,874,857,857,861,846,843,880,874,881,877,868,867,855,857,884,891,890,877,877,866,855,857,903,887,881,881,881,876,870,877,895,897,899,887,882,884,871,880,902,898,906,891,891,891,883,882,904,919,904,911,894,900,889,879,924,907,916,912,903,890,893,886,7,6,5,5,5,6,6,5,6,5,5,5,7,5,5,6,8,8,6,5,5,5,5,6,7,6,5,5,6,6,5,6,9,6,5,6,6,5,5,7,6,5,7,7,7,7,7,7,8,8,7,7,6,6,6,8,10,12,5,9,8,7,8,14,5,5,5,5,5,5,5,5,5,5,5,5,5,5,5,5,5,5,5,5,5,5,5,5,5,5,5,5,5,5,5,5,5,5,5,5,5,5,5,5,5,5,5,5,5,5,5,5,5,5,5,5,5,5,5,5,5,5,5,5,5,5,5,5
34,889,880,864,868,861,862,865,848,871,879,877,876,861,864,863,866,886,883,884,872,867,865,870,869,905,893,891,882,875,871,851,864,904,915,891,900,885,888,871,864,902,903,901,897,898,885,907,879,919,916,905,910,889,908,884,892,917,917,919,895,920,896,905,886,6,5,5,6,5,6,5,8,6,6,5,5,6,4,5,6,8,9,6,5,5,6,6,6,8,6,7,7,6,4,6,8,9,6,5,6,7,5,5,7,8,6,5,8,7,6,6,6,11,10,7,8,7,6,6,10,10,14,8,10,6,7,7,19,5,5,5,5,5,5,5,5,5,5,5,5,5,5,5,5,5,5,5,5,5,5,5,5,5,5,5,5,5,5,5,5,5,5,5,5,5,5,5,5,5,5,5,5,5,5,5,5,5,5,5,5,5,5,5,5,5,5,5,5,5,5,5,5
35,888,871,868,865,859,856,861,861,890,878,884,871,865,858,850,856,894,893,882,862,872,875,865,883,898,880,890,882,885,883,871,857,909,901,895,890,904,887,873,878,894,897,903,894,884,886,883,869,911,893,900,913,882,890,893,888,927,918,901,910,917,900,904,875,7,6,5,5,5,5,5,5,7,5,5,5,5,5,5,5,8,7,6,6,5,6,5,7,7,5,5,6,6,5,7,7,9,5,6,5,5,5,6,5,6,5,5,7,6,7,6,5,8,11,7,8,6,5,8,10,9,12,6,9,6,9,7,18,5,5,5,5,5,5,5,5,5,5,5,5,5,5,5,5,5,5,5,5,5,5,5,5,5,5,5,5,5,5,5,5,5,5,5,5,5,5,5,5,5,5,5,5,5,5,5,5,5,5,5,5,5,5,5,5,5,5,5,5,5,5,5,5
36,874,872,862,872,862,865,863,843,887,880,881,878,873,859,860,855,890,883,876,878,867,869,869,863,901,896,878,885,876,880,858,860,909,894,899,899,892,860,882,872,906,901,898,889,891,891,892,887,925,926,901,900,915,892,905,883,936,917,910,900,900,902,902,870,6,6,5,5,5,5,5,6,7,6,6,5,5,5,5,5,8,9,6,7,5,6,6,5,8,7,7,6,6,5,6,7,9,6,5,7,5,5,7,7,7,6,6,6,7,7,6,7,10,11,7,8,7,6,9,7,9,12,7,7,7,8,7,12,5,5,5,5,5,5,5,5,5,5,5,5,5,5,5,5,5,5,5,5,5,5,5,5,5,5,5,5,5,5,5,5,5,5,5,5,5,5,5,5,5,5,5,5,5,5,5,5,5,5,5,5,5,5,5,5,5,5,5,5,5,5,5,5
37,878,879,873,866,868,845,854,848,878,880,886,871,882,858,862,850,893,893,875,885,879,860,864,852,892,880,892,880,889,867,880,875,918,887,887,891,891,880,883,853,912,905,889,896,903,890,873,885,904,910,912,903,890,902,881,880,901,920,901,918,908,891,898,883,6,7,5,7,5,5,4,5,7,6,6,4,5,4,6,6,9,6,6,6,5,5,5,6,7,5,6,4,7,5,5,8,7,5,5,5,5,5,6,6,5,6,6,7,6,5,7,7,7,8,7,7,7,5,7,9,7,13,6,8,8,6,5,10,5,5,5,5,5,5,5,5,5,5,5,5,5,5,5,5,5,5,5,5,5,5,5,5,5,5,5,5,5,5,5,5,5,5,5,5,5,5,5,5,5,5,5,5,5,5,5,5,5,5,5,5,5,5,5,5,5,5,5,5,5,5,5,5
38,866,877,866,875,870,858,860,860,895,877,874,863,861,855,854,852,890,894,887,872,870,867,862,854,896,884,889,879,877,882,870,867,905,893,892,889,883,890,880,872,910,904,908,889,893,888,882,861,917,909,890,893,902,891,892,873,929,918,923,904,892,896,904,888,7,7,7,7,6,6,6,5,7,5,5,4,6,5,6,5,9,6,6,6,5,5,5,5,8,6,6,6,5,4,6,7,9,7,6,6,7,5,5,7,8,6,4,6,8,6,7,7,7,12,7,6,6,7,7,9,11,11,6,9,6,8,7,15,5,5,5,5,5,5,5,5,5,5,5,5,5,5,5,5,5,5,5,5,5,5,5,5,5,5,5,5,5,5,5,5,5,5,5,5,5,5,5,5,5,5,5,5,5,5,5,5,5,5,5,5,5,5,5,5,5,5,5,5,5,5,5,5
39,873,881,870,880,858,869,847,835,886,881,880,870,862,863,855,847,878,880,893,885,872,867,865,867,893,893,891,880,878,867,872,871,910,896,885,886,880,877,864,866,912,913,893,897,889,890,885,870,919,906,900,899,891,885,891,893,922,932,928,915,912,892,890,864,6,6,5,5,5,5,6,5,7,5,4,5,6,5,5,5,7,8,6,5,5,6,5,6,7,6,7,6,5,5,6,5,10,6,6,5,6,6,5,7,6,7,6,6,6,6,7,7,6,9,8,10,7,6,6,9,9,11,8,9,7,7,7,12,5,5,5,5,5,5,5,5,5,5,5,5,5,5,5,5,5,5,5,5,5,5,5,5,5,5,5,5,5,5,5,5,5,5,5,5,5,5,5,5,5,5,5,5,5,5,5,5,5,5,5,5,5,5,5,5,5,5,5,5,5,5,5,5
40,873,885,860,870,866,863,848,851,883,875,883,874,865,867,864,857,904,899,880,887,871,873,859,869,894,892,895,890,891,878,872,877,891,908,899,892,888,883,867,880,899,904,889,908,903,879,900,875,903,916,907,906,902,888,884,893,919,927,900,888,902,884,916,883,7,6,5,8,5,6,6,6,9,6,5,5,5,5,6,6,10,7,6,7,6,5,6,5,8,7,5,5,7,5,6,6,8,6,5,5,7,5,7,7,6,6,5,7,9,6,8,6,7,10,8,7,8,4,6,7,12,20,6,9,8,6,8,14,5,5,5,5,5,5,5,5,5,5,5,5,5,5,5,5,5,5,5,5,5,5,5,5,5,5,5,5,5,5,5,5,5,5,5,5,5,5,5,5,5,5,5,5,5,5,5,5,5,5,5,5,5,5,5,5,5,5,5,5,5,5,5,5
41,889,888,880,853,861,862,838,852,883,874,883,870,871,864,859,853,877,869,881,873,871,871,867,864,904,886,896,887,878,870,869,872,898,893,890,895,892,881,886,859,906,902,895,897,881,884,877,880,906,902,901,895,890,902,892,890,907,940,913,916,887,887,899,867,8,6,5,6,5,6,5,5,9,5,6,5,5,5,6,4,9,7,6,7,5,5,5,5,9,5,6,4,5,5,5,9,7,6,5,5,5,6,6,6,8,6,7,7,6,7,7,6,9,8,7,7,6,7,7,8,7,11,9,8,6,6,7,12,5,5,5,5,5,5,5,5,5,5,5,5,5,5,5,5,5,5,5,5,5,5,5,5,5,5,5,5,5,5,5,5,5,5,5,5,5,5,5,5,5,5,5,5,5,5,5,5,5,5,5,5,5,5,5,5,5,5,5,5,5,5,5,5
42,881,884,870,854,861,860,862,853,895,878,883,873,871,862,868,855,881,898,882,882,873,864,861,862,893,896,880,889,888,871,879,875,884,891,894,878,894,889,879,865,912,916,898,886,894,901,884,866,902,904,907,911,894,882,892,878,923,920,919,907,897,900,896,895,8,7,5,6,4,6,5,7,7,5,6,5,5,5,5,5,8,7,6,6,4,5,5,5,7,7,6,5,6,5,6,8,7,6,7,6,5,5,6,6,8,7,6,6,9,7,8,10,6,10,8,7,7,6,8,11,8,11,7,12,7,7,8,16,5,5,5,5,5,5,5,5,5,5,5,5,5,5,5,5,5,5,5,5,5,5,5,5,5,5,5,5,5,5,5,5,5,5,5,5,5,5,5,5,5,5,5,5,5,5,5,5,5,5,5,5,5,5,5,5,5,5,5,5,5,5,5,5
43,887,874,864,873,862,856,857,858,890,875,881,857,865,863,863,866,887,889,879,886,871,879,855,857,897,886,893,885,874,871,868,861,908,892,889,888,894,880,870,869,904,904,891,903,896,883,895,893,911,920,889,903,898,887,893,888,926,903,909,894,903,901,904,876,8,5,5,6,4,6,5,8,8,6,5,5,5,5,6,5,8,6,5,6,5,5,5,5,7,6,7,5,5,5,5,5,6,6,5,5,6,5,5,6,6,7,6,7,7,6,8,5,8,9,7,8,7,6,6,11,8,11,6,10,7,6,5,15,5,5,5,5,5,5,5,5,5,5,5,5,5,5,5,5,5,5,5,5,5,5,5,5,5,5,5,5,5,5,5,5,5,5,5,5,5,5,5,5,5,5,5,5,5,5,5,5,5,5,5,5,5,5,5,5,5,5,5,5,5,5,5,5
44,869,891,879,869,865,853,860,854,886,872,878,869,861,867,855,861,876,894,888,881,877,875,870,860,898,891,899,875,888,868,866,874,904,900,896,894,878,876,877,873,910,894,907,901,896,891,888,873,894,914,910,897,885,881,888,894,931,923,904,910,918,897,897,875,6,5,6,5,5,6,6,5,8,5,5,5,6,4,5,6,7,7,6,6,5,5,5,6,8,7,6,5,6,6,6,8,9,6,6,5,6,5,5,6,6,8,7,7,8,7,7,8,7,9,10,6,6,6,7,11,10,12,7,7,9,6,7,16,5,5,5,5,5,5,5,5,5,5,5,5,5,5,5,5,5,5,5,5,5,5,5,5,5,5,5,5,5,5,5,5,5,5,5,5,5,5,5,5,5,5,5,5,5,5,5,5,5,5,5,5,5,5,5,5,5,5,5,5,5,5,5,5
45,880,874,854,860,871,855,860,857,880,880,878,869,863,865,870,857,884,890,885,875,861,868,859,857,903,886,891,891,886,879,874,873,894,904,892,880,884,881,880,879,921,901,892,897,890,891,887,877,915,902,893,901,894,885,896,874,916,917,907,910,890,896,897,876,6,6,5,6,5,5,5,6,6,5,5,5,6,5,6,4,8,6,6,5,5,4,6,6,7,6,6,5,5,5,6,5,8,5,5,6,5,6,6,6,6,6,6,7,7,6,8,8,7,10,6,6,5,5,8,9,7,10,7,8,6,5,7,17,5,5,5,5,5,5,5,5,5,5,5,5,5,5,5,5,5,5,5,5,5,5,5,5,5,5,5,5,5,5,5,5,5,5,5,5,5,5,5,5,5,5,5,5,5,5,5,5,5,5,5,5,5,5,5,5,5,5,5,5,5,5,5,5
46,877,872,885,867,870,850,866,852,891,877,883,878,871,866,863,862,903,876,883,887,878,860,872,877,892,892,881,874,875,874,870,849,923,909,888,876,892,887,876,876,911,891,903,905,890,898,887,878,897,906,915,885,905,894,876,872,939,917,911,917,897,895,892,924,6,6,5,7,6,5,5,6,7,5,5,5,7,4,5,6,8,8,5,6,5,7,6,6,8,6,7,5,5,6,5,6,7,5,5,6,6,5,5,6,7,8,5,7,7,7,7,9,9,10,8,8,5,6,6,12,11,12,7,9,7,7,9,15,5,5,5,5,5,5,5,5,5,5,5,5,5,5,5,5,5,5,5,5,5,5,5,5,5,5,5,5,5,5,5,5,5,5,5,5,5,5,5,5,5,5,5,5,5,5,5,5,5,5,5,5,5,5,5,5,5,5,5,5,5,5,5,5
47,888,873,875,869,868,853,858,850,881,885,874,866,877,855,859,857,895,882,877,884,875,867,869,873,893,896,884,882,880,876,872,854,891,893,888,891,885,887,872,872,914,892,907,898,884,889,887,885,906,921,903,896,881,892,896,873,921,933,899,895,890,898,891,890,7,6,4,5,6,5,4,6,6,5,5,5,5,5,5,5,7,8,6,5,5,5,6,6,7,6,6,5,5,5,6,6,7,7,5,5,6,5,5,7,6,6,7,7,6,7,8,7,6,7,7,6,6,5,6,10,10,10,6,9,9,6,7,14,5,5,5,5,5,5,5,5,5,5,5,5,5,5,5,5,5,5,5,5,5,5,5,5,5,5,5,5,5,5,5,5,5,5,5,5,5,5,5,5,5,5,5,5,5,5,5,5,5,5,5,5,5,5,5,5,5,5,5,5,5,5,5,5
48,889,890,865,864,872,853,867,852,869,877,881,871,862,870,866,861,893,893,889,879,878,874,861,868,899,903,895,879,872,871,888,865,887,890,903,879,886,887,877,869,908,894,898,903,891,869,876,880,918,887,898,905,884,888,881,876,935,904,921,910,893,896,896,901,5,6,6,7,5,6,7,7,7,5,5,5,7,5,6,5,8,7,6,6,5,6,6,6,8,6,6,6,6,7,6,8,7,5,5,6,7,7,6,6,7,7,7,8,7,6,6,5,9,8,6,8,7,7,6,11,8,11,7,11,7,8,6,17,5,5,5,5,5,5,5,5,5,5,5,5,5,5,5,5,5,5,5,5,5,5,5,5,5,5,5,5,5,5,5,5,5,5,5,5,5,5,5,5,5,5,5,5,5,5,5,5,5,5,5,5,5,5,5,5,5,5,5,5,5,5,5,5
49,880,868,876,873,870,861,858,853,886,893,879,871,861,870,863,858,895,872,884,880,869,873,863,860,891,888,891,882,875,882,869,846,900,895,881,895,889,884,879,882,904,901,902,894,900,893,886,885,916,910,893,899,897,888,881,887,918,918,917,896,898,889,888,902,6,6,5,6,4,6,5,5,7,6,5,6,5,5,5,5,8,7,5,5,5,5,5,5,7,6,7,5,5,5,5,6,8,6,5,5,5,5,6,5,6,6,6,7,7,6,7,7,8,9,6,7,6,6,7,8,7,10,7,8,6,7,7,11,5,5,5,5,5,5,5,5,5,5,5,5,5,5,5,5,5,5,5,5,5,5,5,5,5,5,5,5,5,5,5,5,5,5,5,5,5,5,5,5,5,5,5,5,5,5,5,5,5,5,5,5,5,5,5,5,5,5,5,5,5,5,5,5
50,878,871,874,861,865,858,860,851,893,874,872,871,874,868,867,862,893,886,896,877,870,868,878,865,889,891,883,880,889,878,876,859,912,901,888,880,886,870,893,868,905,902,900,913,894,886,874,867,915,906,901,886,898,886,885,881,903,918,909,898,905,894,887,896,9,6,6,7,6,5,6,7,7,6,5,5,5,4,5,5,8,8,7,5,6,5,7,5,9,6,6,5,6,7,6,6,12,6,5,7,7,6,7,6,6,6,6,9,8,6,6,9,6,12,9,7,7,8,7,11,9,14,8,9,7,7,8,17,5,5,5,5,5,5,5,5,5,5,5,5,5,5,5,5,5,5,5,5,5,5,5,5,5,5,5,5,5,5,5,5,5,5,5,5,5,5,5,5,5,5,5,5,5,5,5,5,5,5,5,5,5,5,5,5,5,5,5,5,5,5,5,5
51,883,878,878,857,867,862,851,852,884,885,876,873,862,858,866,846,904,897,891,883,871,871,862,863,897,886,887,885,877,890,871,860,878,895,899,898,876,877,883,866,901,901,902,895,891,883,868,888,914,896,914,889,906,888,885,887,918,913,905,917,877,912,897,911,7,7,5,7,5,5,6,5,8,6,4,5,6,5,5,5,8,7,6,6,5,6,6,5,6,6,6,6,6,5,5,6,8,7,5,6,6,7,6,6,8,6,6,7,7,5,6,8,8,9,7,6,5,7,8,9,6,11,6,11,8,6,7,10,5,5,5,5,5,5,5,5,5,5,5,5,5,5,5,5,5,5,5,5,5,5,5,5,5,5,5,5,5,5,5,5,5,5,5,5,5,5,5,5,5,5,5,5,5,5,5,5,5,5,5,5,5,5,5,5,5,5,5,5,5,5,5,5
52,888,879,864,867,859,854,855,855,900,884,871,866,878,858,863,857,914,884,885,876,872,873,868,857,891,887,883,880,874,875,874,863,893,898,886,904,881,884,876,875,908,905,902,894,910,885,882,874,935,908,898,900,897,896,889,892,915,928,903,913,905,892,903,927,7,6,6,6,5,5,5,8,8,6,5,5,6,5,5,5,12,7,7,6,6,7,5,7,7,6,5,6,5,6,5,8,9,5,5,7,6,4,5,7,10,6,7,7,9,6,7,7,7,8,8,7,7,5,7,8,9,10,7,10,7,9,7,17,5,5,5,5,5,5,5,5,5,5,5,5,5,5,5,5,5,5,5,5,5,5,5,5,5,5,5,5,5,5,5,5,5,5,5,5,5,5,5,5,5,5,5,5,5,5,5,5,5,5,5,5,5,5,5,5,5,5,5,5,5,5,5,5
53,888,874,868,870,870,845,854,851,892,876,870,870,869,864,867,863,888,887,873,889,877,873,877,861,886,883,893,883,876,874,867,869,901,894,897,887,886,869,881,870,906,909,893,888,895,891,888,873,916,921,908,902,895,899,889,885,920,922,892,897,897,890,887,871,7,6,6,5,5,5,4,6,5,6,5,5,5,5,6,4,7,8,5,5,4,6,5,5,6,5,9,4,6,5,5,7,8,6,5,6,7,6,5,5,5,7,6,7,7,7,8,7,7,8,8,7,7,5,7,7,9,9,6,8,7,6,8,13,5,5,5,5,5,5,5,5,5,5,5,5,5,5,5,5,5,5,5,5,5,5,5,5,5,5,5,5,5,5,5,5,5,5,5,5,5,5,5,5,5,5,5,5,5,5,5,5,5,5,5,5,5,5,5,5,5,5,5,5,5,5,5,5
54,890,871,861,864,861,861,847,848,891,878,873,876,866,868,865,866,909,884,883,882,878,863,876,848,894,882,893,891,884,870,869,868,899,893,895,897,885,893,874,888,894,902,890,890,891,898,878,877,901,918,900,897,892,893,906,863,917,883,912,901,898,895,885,896,9,6,5,6,5,6,6,6,6,5,5,6,6,5,6,6,9,8,5,6,5,6,6,5,7,6,6,4,6,6,5,7,8,5,5,5,7,7,5,6,7,6,6,6,7,6,6,6,8,8,6,7,7,5,6,11,11,10,6,8,6,9,8,19,5,5,5,5,5,5,5,5,5,5,5,5,5,5,5,5,5,5,5,5,5,5,5,5,5,5,5,5,5,5,5,5,5,5,5,5,5,5,5,5,5,5,5,5,5,5,5,5,5,5,5,5,5,5,5,5,5,5,5,5,5,5,5,5
55,880,880,868,874,869,863,854,851,894,885,874,857,872,862,859,856,898,877,880,875,877,872,863,862,907,898,876,876,877,860,872,858,894,902,896,892,872,889,871,877,912,911,895,892,880,880,884,881,927,907,903,896,887,897,890,887,927,922,903,893,894,894,893,896,8,5,5,6,6,6,5,5,7,6,5,5,5,4,5,5,11,7,6,6,4,5,5,5,8,5,7,5,5,5,6,7,7,5,5,6,7,6,5,6,7,6,7,6,7,6,6,7,7,11,7,7,6,6,7,6,9,10,6,9,6,6,8,20,5,5,5,5,5,5,5,5,5,5,5,5,5,5,5,5,5,5,5,5,5,5,5,5,5,5,5,5,5,5,5,5,5,5,5,5,5,5,5,5,5,5,5,5,5,5,5,5,5,5,5,5,5,5,5,5,5,5,5,5,5,5,5,5
56,876,866,879,863,869,847,850,853,900,882,865,871,873,866,854,851,891,898,877,878,879,868,876,863,876,892,895,892,868,877,883,871,900,897,906,885,887,882,879,879,907,912,912,885,896,886,884,896,901,889,904,911,890,898,882,877,934,931,918,914,910,887,903,876,8,6,6,7,6,6,6,6,7,6,5,5,5,5,5,7,9,8,5,6,4,6,6,6,7,5,6,5,5,5,6,7,10,6,6,6,8,4,6,5,8,7,5,6,8,8,8,7,8,9,8,7,8,6,7,9,10,11,7,11,8,7,6,9,5,5,5,5,5,5,5,5,5,5,5,5,5,5,5,5,5,5,5,5,5,5,5,5,5,5,5,5,5,5,5,5,5,5,5,5,5,5,5,5,5,5,5,5,5,5,5,5,5,5,5,5,5,5,5,5,5,5,5,5,5,5,5,5
57,882,871,871,860,863,859,854,845,878,875,881,871,853,860,856,866,880,892,875,900,875,876,862,860,882,882,887,886,878,872,871,861,886,901,897,906,883,874,888,877,902,907,901,905,895,886,882,889,892,909,906,900,899,895,892,875,926,920,922,911,891,898,905,871,8,6,5,6,5,5,4,6,6,5,6,6,5,5,5,4,7,6,5,6,5,5,5,5,7,6,6,4,6,6,5,7,6,7,5,6,7,5,4,5,7,6,6,7,9,6,6,7,10,11,8,7,5,6,6,7,9,10,6,10,6,7,7,14,5,5,5,5,5,5,5,5,5,5,5,5,5,5,5,5,5,5,5,5,5,5,5,5,5,5,5,5,5,5,5,5,5,5,5,5,5,5,5,5,5,5,5,5,5,5,5,5,5,5,5,5,5,5,5,5,5,5,5,5,5,5,5,5
58,881,877,874,867,865,862,857,846,869,874,874,871,864,858,869,847,902,890,884,878,884,869,856,861,891,888,895,876,884,877,876,860,891,890,897,896,876,879,883,882,908,907,915,896,887,890,895,886,905,919,901,904,890,891,888,873,928,921,911,909,911,899,908,867,7,7,6,7,6,7,5,6,7,6,5,5,6,5,7,6,8,8,5,6,6,6,5,6,6,6,6,5,6,6,7,7,8,6,5,6,7,5,6,6,5,6,6,7,6,6,9,8,7,8,7,6,6,6,7,10,8,14,9,8,7,6,7,12,5,5,5,5,5,5,5,5,5,5,5,5,5,5,5,5,5,5,5,5,5,5,5,5,5,5,5,5,5,5,5,5,5,5,5,5,5,5,5,5,5,5,5,5,5,5,5,5,5,5,5,5,5,5,5,5,5,5,5,5,5,5,5,5
59,885,878,874,864,857,860,851,843,888,874,871,879,874,866,860,857,884,893,865,879,876,872,871,851,901,898,895,886,876,872,873,858,910,885,894,899,885,881,870,874,899,902,883,897,903,885,891,878,901,914,920,897,886,893,889,864,927,934,910,895,898,893,914,874,6,4,5,6,4,6,6,5,6,5,5,5,5,4,6,5,8,8,6,6,5,5,5,5,7,6,6,4,6,6,6,8,8,5,5,6,6,5,5,7,6,6,5,7,8,5,8,6,6,9,8,6,6,6,7,7,11,10,8,7,6,6,8,14,5,5,5,5,5,5,5,5,5,5,5,5,5,5,5,5,5,5,5,5,5,5,5,5,5,5,5,5,5,5,5,5,5,5,5,5,5,5,5,5,5,5,5,5,5,5,5,5,5,5,5,5,5,5,5,5,5,5,5,5,5,5,5,5
60,876,871,877,874,855,855,868,857,885,887,881,863,868,858,849,848,889,874,890,870,871,873,860,874,893,889,900,875,874,876,868,878,911,894,885,892,887,882,881,874,903,906,889,898,901,902,890,887,905,919,921,901,897,886,886,883,931,908,906,902,899,901,912,881,7,6,5,6,4,6,5,7,6,6,6,5,5,5,5,6,10,7,6,8,5,5,5,7,7,7,6,5,6,6,5,9,9,7,5,5,6,5,5,6,7,7,5,7,7,7,9,7,8,9,8,7,7,6,7,12,10,10,8,9,7,7,9,15,5,5,5,5,5,5,5,5,5,5,5,5,5,5,5,5,5,5,5,5,5,5,5,5,5,5,5,5,5,5,5,5,5,5,5,5,5,5,5,5,5,5,5,5,5,5,5,5,5,5,5,5,5,5,5,5,5,5,5,5,5,5,5,5
61,883,877,873,874,861,862,856,849,885,881,875,872,873,860,869,847,891,885,885,866,870,878,870,863,883,898,887,886,881,883,869,862,898,896,894,892,893,889,878,872,913,898,896,898,893,882,881,875,911,909,887,896,901,889,892,888,928,923,903,916,896,904,907,897,7,7,6,6,5,4,5,5,6,6,5,5,5,4,6,5,8,7,6,5,5,5,5,5,7,6,5,5,6,5,6,6,7,6,5,5,5,6,5,5,5,8,6,6,6,5,6,6,7,11,7,7,6,7,7,10,8,13,7,12,6,7,7,13,5,5,5,5,5,5,5,5,5,5,5,5,5,5,5,5,5,5,5,5,5,5,5,5,5,5,5,5,5,5,5,5,5,5,5,5,5,5,5,5,5,5,5,5,5,5,5,5,5,5,5,5,5,5,5,5,5,5,5,5,5,5,5,5
62,884,860,875,867,866,864,847,859,877,877,880,867,868,868,858,845,885,890,878,877,872,868,863,858,895,906,903,876,888,881,872,865,908,903,894,891,878,876,862,875,919,908,907,914,903,886,878,871,919,899,907,903,892,880,893,882,931,892,911,890,903,898,900,914,7,5,6,7,5,5,5,6,7,6,5,5,7,5,6,6,8,8,6,6,5,5,6,5,7,5,7,5,6,4,5,8,10,6,5,6,6,6,5,7,6,7,7,9,9,5,7,6,8,9,7,8,7,6,8,10,10,15,6,10,7,6,6,17,5,5,5,5,5,5,5,5,5,5,5,5,5,5,5,5,5,5,5,5,5,5,5,5,5,5,5,5,5,5,5,5,5,5,5,5,5,5,5,5,5,5,5,5,5,5,5,5,5,5,5,5,5,5,5,5,5,5,5,5,5,5,5,5
63,887,874,871,862,858,860,860,848,885,883,869,874,864,864,869,857,888,890,885,875,876,870,863,874,878,891,884,875,879,874,869,869,909,900,888,891,890,881,882,866,909,912,906,897,895,893,887,888,901,914,903,900,898,896,891,876,919,914,911,892,899,900,884,862,8,6,4,7,4,5,5,6,6,5,5,5,5,5,5,5,8,7,5,5,6,5,5,6,8,6,6,5,6,4,5,8,9,5,5,5,7,6,6,6,6,7,5,6,7,6,7,7,8,6,7,8,7,6,7,9,7,12,6,8,7,8,6,14,5,5,5,5,5,5,5,5,5,5,5,5,5,5,5,5,5,5,5,5,5,5,5,5,5,5,5,5,5,5,5,5,5,5,5,5,5,5,5,5,5,5,5,5,5,5,5,5,5,5,5,5,5,5,5,5,5,5,5,5,5,5,5,5
64,881,892,866,865,857,849,863,856,888,879,871,869,879,862,864,858,907,900,884,872,862,873,853,867,902,897,887,883,881,881,867,865,902,891,890,888,884,871,880,878,903,889,907,891,894,899,897,873,899,887,896,900,898,891,892,885,928,921,898,899,906,889,899,882,6,7,5,6,5,6,6,6,6,6,5,5,6,5,5,5,14,8,5,6,5,6,5,5,7,6,8,5,6,5,5,8,9,5,5,6,7,6,6,7,6,7,5,7,7,6,6,7,9,10,7,9,7,6,8,7,9,13,7,9,8,5,9,13,5,5,5,5,5,5,5,5,5,5,5,5,5,5,5,5,5,5,5,5,5,5,5,5,5,5,5,5,5,5,5,5,5,5,5,5,5,5,5,5,5,5,5,5,5,5,5,5,5,5,5,5,5,5,5,5,5,5,5,5,5,5,5,5
65,888,879,872,871,855,868,859,860,869,867,879,871,869,868,854,861,878,889,885,869,876,871,872,856,892,898,889,882,888,886,874,861,914,897,894,886,878,884,867,874,897,900,904,895,892,894,898,880,914,909,902,908,900,875,892,909,917,912,910,902,904,898,885,889,7,5,5,5,5,5,5,7,6,5,5,5,5,5,5,5,8,8,6,7,4,5,6,6,7,5,5,5,6,5,6,7,10,6,5,5,6,5,5,6,6,6,6,6,7,6,5,7,11,7,7,7,6,5,7,11,8,9,8,8,7,6,8,12,5,5,5,5,5,5,5,5,5,5,5,5,5,5,5,5,5,5,5,5,5,5,5,5,5,5,5,5,5,5,5,5,5,5,5,5,5,5,5,5,5,5,5,5,5,5,5,5,5,5,5,5,5,5,5,5,5,5,5,5,5,5,5,5
66,880,883,870,866,877,863,860,843,893,896,876,868,873,862,861,854,877,877,879,885,871,870,860,868,893,879,878,880,880,869,884,873,901,898,901,889,903,876,874,881,901,902,904,898,889,884,889,886,918,918,912,902,898,899,894,867,923,936,903,911,896,883,884,912,7,8,5,6,6,5,5,6,7,6,6,5,5,5,6,5,9,7,7,6,5,5,5,6,6,6,7,6,6,6,6,5,10,5,5,5,7,6,5,6,6,6,8,7,8,7,7,6,8,12,9,6,7,7,6,8,10,11,7,9,6,6,7,14,5,5,5,5,5,5,5,5,5,5,5,5,5,5,5,5,5,5,5,5,5,5,5,5,5,5,5,5,5,5,5,5,5,5,5,5,5,5,5,5,5,5,5,5,5,5,5,5,5,5,5,5,5,5,5,5,5,5,5,5,5,5,5,5
67,881,870,865,870,857,850,860,860,878,877,869,863,873,868,860,861,883,878,885,881,866,873,865,851,913,892,882,879,880,881,875,870,905,901,896,897,884,883,884,872,914,906,902,894,890,890,881,881,907,905,896,907,891,895,883,875,929,919,911,915,905,892,898,879,6,6,5,6,5,5,4,7,7,6,4,5,5,4,5,4,8,7,5,5,5,4,5,5,6,5,6,5,5,6,5,6,8,5,4,5,7,5,5,6,6,6,5,6,6,6,5,7,7,6,7,8,6,5,8,8,10,10,7,6,7,6,7,12,5,5,5,5,5,5,5,5,5,5,5,5,5,5,5,5,5,5,5,5,5,5,5,5,5,5,5,5,5,5,5,5,5,5,5,5,5,5,5,5,5,5,5,5,5,5,5,5,5,5,5,5,5,5,5,5,5,5,5,5,5,5,5,5
68,876,872,874,866,868,847,852,865,879,881,864,871,866,855,862,851,880,884,877,875,865,870,857,856,900,897,888,884,876,876,876,865,908,903,884,906,878,866,877,877,919,906,901,898,891,902,887,877,912,905,898,902,900,889,895,876,925,910,910,910,913,892,878,883,8,6,6,7,5,6,7,5,7,6,5,5,5,5,6,7,9,8,6,7,5,5,5,7,8,5,6,4,6,5,6,7,11,7,5,8,6,6,7,6,6,6,6,6,8,8,8,7,8,9,6,6,6,7,7,9,9,11,7,9,7,8,6,13,5,5,5,5,5,5,5,5,5,5,5,5,5,5,5,5,5,5,5,5,5,5,5,5,5,5,5,5,5,5,5,5,5,5,5,5,5,5,5,5,5,5,5,5,5,5,5,5,5,5,5,5,5,5,5,5,5,5,5,5,5,5,5,5
69,882,885,858,880,869,856,852,845,880,878,879,873,873,860,866,856,887,872,878,878,877,874,866,854,887,894,895,885,879,880,879,862,896,894,885,896,897,888,874,855,906,900,893,884,887,882,879,878,904,881,910,889,907,885,885,890,921,918,912,893,909,890,894,904,6,6,6,5,6,6,5,6,8,5,6,5,6,5,6,5,8,7,6,6,5,6,5,5,8,7,7,5,5,5,6,7,9,5,4,4,5,5,5,6,7,7,7,6,6,6,6,8,7,8,7,7,5,5,8,8,9,14,6,9,7,7,7,22,5,5,5,5,5,5,5,5,5,5,5,5,5,5,5,5,5,5,5,5,5,5,5,5,5,5,5,5,5,5,5,5,5,5,5,5,5,5,5,5,5,5,5,5,5,5,5,5,5,5,5,5,5,5,5,5,5,5,5,5,5,5,5,5
70,881,881,874,868,866,859,853,852,876,867,874,865,867,873,865,858,885,885,876,874,872,865,853,866,885,874,887,892,881,883,877,861,890,896,870,892,884,892,873,869,916,899,906,891,904,894,889,883,914,898,899,896,896,889,891,885,925,922,920,875,900,906,916,877,7,5,6,5,5,8,5,7,7,6,4,5,7,5,5,5,8,8,6,7,5,5,7,5,7,5,5,5,7,5,6,6,7,6,5,6,7,6,5,7,6,6,5,7,7,6,8,7,7,8,7,9,6,6,6,10,14,13,6,10,7,10,8,12,5,5,5,5,5,5,5,5,5,5,5,5,5,5,5,5,5,5,5,5,5,5,5,5,5,5,5,5,5,5,5,5,5,5,5,5,5,5,5,5,5,5,5,5,5,5,5,5,5,5,5,5,5,5,5,5,5,5,5,5,5,5,5,5
71,876,882,865,870,855,863,861,856,881,880,864,868,868,868,866,861,883,889,862,868,878,878,853,859,899,894,881,879,874,873,869,858,899,889,888,895,873,885,876,866,903,899,895,903,890,890,886,882,923,893,913,894,901,894,889,892,920,915,905,900,914,901,895,889,6,5,5,6,5,5,5,6,8,6,4,5,5,4,5,4,7,7,6,6,4,5,5,5,8,6,5,4,5,6,6,6,8,5,5,6,6,5,5,6,6,5,5,6,9,6,7,7,8,10,9,8,6,5,5,7,10,15,8,11,7,7,9,12,5,5,5,5,5,5,5,5,5,5,5,5,5,5,5,5,5,5,5,5,5,5,5,5,5,5,5,5,5,5,5,5,5,5,5,5,5,5,5,5,5,5,5,5,5,5,5,5,5,5,5,5,5,5,5,5,5,5,5,5,5,5,5,5
72,875,885,868,861,861,856,850,861,874,883,881,871,871,855,864,858,890,892,896,873,879,872,873,865,907,892,900,890,883,877,875,867,897,895,887,889,883,876,863,861,903,898,899,900,897,885,878,872,910,914,902,909,892,889,891,886,918,932,908,908,900,895,892,864,7,5,5,7,5,6,6,7,7,6,7,6,5,5,5,5,9,6,7,7,6,6,5,6,8,6,6,5,6,7,6,8,10,7,5,6,6,6,5,6,7,6,7,7,7,6,7,6,8,8,7,8,6,6,7,12,9,11,6,10,7,6,8,16,5,5,5,5,5,5,5,5,5,5,5,5,5,5,5,5,5,5,5,5,5,5,5,5,5,5,5,5,5,5,5,5,5,5,5,5,5,5,5,5,5,5,5,5,5,5,5,5,5,5,5,5,5,5,5,5,5,5,5,5,5,5,5,5
73,875,874,869,871,866,864,851,862,878,872,882,868,867,870,866,860,890,891,883,869,875,872,866,866,884,889,901,882,883,884,873,857,891,894,884,897,877,880,877,871,904,882,899,895,903,881,882,873,920,904,893,888,889,892,893,891,947,908,911,906,894,878,887,853,6,6,5,7,5,5,5,5,6,5,5,5,5,5,5,4,9,6,6,6,6,7,5,4,8,5,7,4,6,5,6,7,7,5,4,6,6,5,5,6,7,5,7,6,7,5,9,5,9,10,11,8,7,5,6,8,14,10,6,11,6,6,8,12,5,5,5,5,5,5,5,5,5,5,5,5,5,5,5,5,5,5,5,5,5,5,5,5,5,5,5,5,5,5,5,5,5,5,5,5,5,5,5,5,5,5,5,5,5,5,5,5,5,5,5,5,5,5,5,5,5,5,5,5,5,5,5,5
74,870,885,876,873,859,853,856,851,893,883,882,872,857,863,858,852,904,893,882,870,867,861,866,857,896,889,887,887,884,891,876,864,917,887,895,891,897,885,886,873,886,905,904,903,883,885,879,894,911,898,897,893,890,881,888,884,925,920,907,887,903,897,901,886,8,7,6,5,5,5,5,7,7,5,5,6,6,4,5,5,7,8,6,7,6,6,5,6,7,6,7,4,6,5,6,6,10,5,5,6,6,6,7,6,6,6,6,8,8,6,7,8,9,8,8,6,6,6,7,12,10,13,8,7,8,7,6,13,5,5,5,5,5,5,5,5,5,5,5,5,5,5,5,5,5,5,5,5,5,5,5,5,5,5,5,5,5,5,5,5,5,5,5,5,5,5,5,5,5,5,5,5,5,5,5,5,5,5,5,5,5,5,5,5,5,5,5,5,5,5,5,5
75,880,869,873,875,859,854,863,859,883,867,874,876,874,866,862,853,898,893,877,881,880,880,869,856,900,891,892,880,880,882,874,870,896,896,882,883,892,877,884,873,914,909,910,887,879,888,888,879,906,908,908,895,894,893,891,869,914,912,904,894,904,894,905,875,6,7,5,5,4,6,5,8,7,5,4,5,6,5,5,5,10,8,6,6,4,5,6,5,7,6,7,5,6,5,6,8,9,6,4,5,6,6,5,6,7,6,6,7,8,6,6,7,8,8,8,7,6,6,7,8,7,11,7,8,7,7,8,12,5,5,5,5,5,5,5,5,5,5,5,5,5,5,5,5,5,5,5,5,5,5,5,5,5,5,5,5,5,5,5,5,5,5,5,5,5,5,5,5,5,5,5,5,5,5,5,5,5,5,5,5,5,5,5,5,5,5,5,5,5,5,5,5
76,869,877,878,861,869,868,855,857,871,879,874,865,859,864,860,852,881,888,879,874,881,867,869,861,880,890,881,884,893,891,870,863,887,894,881,890,880,882,884,887,910,900,895,895,909,880,881,883,904,909,896,906,901,898,888,884,916,917,913,908,912,887,888,876,6,7,5,6,6,7,5,7,6,5,4,5,5,5,5,6,9,7,6,7,5,4,6,6,8,7,6,4,5,5,6,7,10,6,5,5,7,5,6,7,8,5,6,6,7,5,6,7,7,8,8,8,6,8,7,13,12,14,8,8,8,6,11,14,5,5,5,5,5,5,5,5,5,5,5,5,5,5,5,5,5,5,5,5,5,5,5,5,5,5,5,5,5,5,5,5,5,5,5,5,5,5,5,5,5,5,5,5,5,5,5,5,5,5,5,5,5,5,5,5,5,5,5,5,5,5,5,5
77,872,875,879,875,863,857,854,862,885,887,877,874,881,862,868,842,901,877,871,882,873,859,864,861,909,888,886,881,883,883,869,885,886,892,898,885,891,882,869,875,907,907,901,886,886,892,880,866,912,904,918,895,896,878,889,882,915,922,914,902,912,898,903,897,8,5,6,8,5,6,5,5,7,5,5,5,5,4,5,5,9,7,6,5,5,6,5,5,8,6,6,5,6,5,6,7,8,6,6,5,5,5,5,5,5,6,6,7,6,5,6,8,9,8,9,7,7,6,6,9,9,11,6,10,9,7,8,18,5,5,5,5,5,5,5,5,5,5,5,5,5,5,5,5,5,5,5,5,5,5,5,5,5,5,5,5,5,5,5,5,5,5,5,5,5,5,5,5,5,5,5,5,5,5,5,5,5,5,5,5,5,5,5,5,5,5,5,5,5,5,5,5
78,885,873,875,875,866,855,863,841,882,879,882,867,870,856,858,852,882,892,873,879,869,868,869,860,895,895,890,873,875,870,872,853,898,898,895,901,892,891,873,871,908,909,899,900,898,885,881,882,917,913,898,899,895,894,893,894,930,928,914,907,891,890,899,900,7,6,7,7,6,6,6,7,6,6,6,5,6,5,5,7,7,7,5,6,5,5,6,7,8,5,5,5,5,6,7,8,7,6,7,6,6,6,6,7,7,6,6,9,8,5,6,6,8,11,7,7,6,7,6,9,9,13,6,11,9,8,6,12,5,5,5,5,5,5,5,5,5,5,5,5,5,5,5,5,5,5,5,5,5,5,5,5,5,5,5,5,5,5,5,5,5,5,5,5,5,5,5,5,5,5,5,5,5,5,5,5,5,5,5,5,5,5,5,5,5,5,5,5,5,5,5,5
79,869,875,866,859,867,871,846,847,896,873,870,867,864,866,861,853,885,879,881,867,876,864,862,853,889,896,900,890,865,875,874,863,895,892,896,889,885,892,874,866,907,904,899,895,901,884,883,876,924,910,910,911,892,882,888,876,936,912,908,891,897,887,900,901,6,5,5,6,5,5,4,7,6,5,4,5,5,4,5,5,9,7,5,6,5,5,5,5,6,6,6,4,5,5,6,8,7,5,4,5,7,5,5,7,6,6,5,6,8,6,8,7,7,10,6,7,6,6,6,11,7,12,5,7,7,6,7,13,5,5,5,5,5,5,5,5,5,5,5,5,5,5,5,5,5,5,5,5,5,5,5,5,5,5,5,5,5,5,5,5,5,5,5,5,5,5,5,5,5,5,5,5,5,5,5,5,5,5,5,5,5,5,5,5,5,5,5,5,5,5,5,5
80,888,880,864,879,862,865,864,852,890,884,873,871,877,863,852,853,886,881,898,877,875,871,860,865,877,889,893,890,877,879,880,877,912,901,894,891,891,882,890,870,908,910,907,901,896,888,884,878,918,918,917,903,910,893,901,881,935,916,918,905,889,910,903,896,9,6,6,6,5,5,6,7,6,6,5,5,6,5,4,5,10,9,6,7,6,6,5,5,7,6,6,5,6,5,6,6,7,8,6,6,7,5,6,7,8,8,7,7,7,6,7,7,7,8,8,7,7,5,8,10,10,18,6,10,7,8,9,16,5,5,5,5,5,5,5,5,5,5,5,5,5,5,5,5,5,5,5,5,5,5,5,5,5,5,5,5,5,5,5,5,5,5,5,5,5,5,5,5,5,5,5,5,5,5,5,5,5,5,5,5,5,5,5,5,5,5,5,5,5,5,5,5
81,883,874,870,877,864,850,855,851,889,881,888,858,873,860,865,857,904,887,883,881,878,872,860,860,909,881,891,886,873,877,870,870,902,895,899,898,897,879,872,867,904,889,908,891,894,885,890,872,902,903,897,905,897,884,886,868,913,899,912,910,890,890,908,872,6,7,5,5,5,6,4,7,7,5,6,6,5,4,6,4,9,6,7,6,5,5,5,6,7,5,6,5,6,5,6,9,9,5,5,5,6,6,5,6,7,6,5,6,7,5,6,5,7,8,6,7,5,6,7,10,9,12,5,13,6,6,7,16,5,5,5,5,5,5,5,5,5,5,5,5,5,5,5,5,5,5,5,5,5,5,5,5,5,5,5,5,5,5,5,5,5,5,5,5,5,5,5,5,5,5,5,5,5,5,5,5,5,5,5,5,5,5,5,5,5,5,5,5,5,5,5,5
82,868,873,871,875,863,856,854,848,884,891,881,867,854,875,850,856,907,889,884,871,869,870,867,855,905,889,891,884,887,879,881,861,906,898,906,889,885,877,877,871,902,919,897,900,876,881,885,881,904,912,905,905,907,878,874,889,922,924,904,915,897,889,909,918,7,5,5,6,6,6,5,5,5,6,6,5,6,5,5,5,6,7,6,6,5,4,5,5,7,6,7,4,7,5,6,6,9,7,6,6,6,5,5,7,9,8,6,8,6,6,7,6,7,13,7,7,10,6,6,9,11,17,7,7,8,8,9,15,5,5,5,5,5,5,5,5,5,5,5,5,5,5,5,5,5,5,5,5,5,5,5,5,5,5,5,5,5,5,5,5,5,5,5,5,5,5,5,5,5,5,5,5,5,5,5,5,5,5,5,5,5,5,5,5,5,5,5,5,5,5,5,5
83,876,872,873,865,861,868,857,853,883,866,870,874,871,863,864,853,879,878,881,872,869,860,879,852,892,902,896,884,880,861,870,866,903,892,902,888,885,880,876,873,912,910,893,902,893,878,878,879,903,914,901,888,892,884,889,866,917,922,901,911,894,902,907,909,6,6,4,6,5,5,5,6,7,5,4,6,6,5,5,5,7,7,5,7,5,5,6,5,6,6,7,4,6,5,7,6,11,6,6,5,7,7,5,7,8,6,5,8,7,5,7,6,6,8,8,7,5,6,6,8,7,15,7,12,7,6,8,15,5,5,5,5,5,5,5,5,5,5,5,5,5,5,5,5,5,5,5,5,5,5,5,5,5,5,5,5,5,5,5,5,5,5,5,5,5,5,5,5,5,5,5,5,5,5,5,5,5,5,5,5,5,5,5,5,5,5,5,5,5,5,5,5
84,863,876,873,872,867,863,866,851,877,874,873,868,865,863,855,860,886,880,885,878,878,856,858,875,892,881,896,881,875,880,876,858,898,894,902,876,897,879,872,873,912,905,913,886,904,887,887,883,904,914,896,900,893,894,881,906,922,920,907,907,891,886,916,885,7,6,6,5,5,6,6,7,6,6,5,5,6,6,5,6,9,8,6,5,6,7,5,5,9,5,6,5,5,6,7,7,9,6,7,6,6,5,5,6,5,6,6,6,8,6,7,7,7,8,8,7,7,6,7,11,11,12,7,11,6,7,10,14,5,5,5,5,5,5,5,5,5,5,5,5,5,5,5,5,5,5,5,5,5,5,5,5,5,5,5,5,5,5,5,5,5,5,5,5,5,5,5,5,5,5,5,5,5,5,5,5,5,5,5,5,5,5,5,5,5,5,5,5,5,5,5,5
85,890,887,876,863,857,848,863,865,883,881,881,873,862,858,853,854,896,878,880,883,869,869,880,854,891,880,886,884,893,872,861,878,899,892,890,898,892,889,879,872,906,897,915,893,897,889,877,885,913,895,901,902,897,896,889,866,925,912,912,911,908,900,896,887,8,6,5,6,4,5,5,6,8,4,6,5,5,4,6,5,8,6,6,6,4,5,5,6,7,6,7,4,4,5,5,6,10,5,4,7,6,5,5,6,6,5,5,6,7,7,7,7,8,11,6,6,6,5,6,9,10,13,7,6,7,7,6,13,5,5,5,5,5,5,5,5,5,5,5,5,5,5,5,5,5,5,5,5,5,5,5,5,5,5,5,5,5,5,5,5,5,5,5,5,5,5,5,5,5,5,5,5,5,5,5,5,5,5,5,5,5,5,5,5,5,5,5,5,5,5,5,5
86,866,890,880,867,866,870,847,852,890,883,878,869,873,863,868,865,897,880,879,875,870,882,866,866,899,890,894,887,886,872,876,870,899,891,892,892,897,876,871,864,914,902,897,894,888,883,883,885,898,909,907,907,897,894,897,869,918,952,907,928,890,890,894,886,7,6,6,7,5,5,5,6,7,6,5,5,5,4,6,5,10,9,5,6,6,6,6,5,8,5,7,5,6,5,6,9,9,6,5,6,6,6,5,6,6,6,7,9,7,5,7,8,6,8,8,7,7,7,8,10,9,16,7,9,6,6,8,21,5,5,5,5,5,5,5,5,5,5,5,5,5,5,5,5,5,5,5,5,5,5,5,5,5,5,5,5,5,5,5,5,5,5,5,5,5,5,5,5,5,5,5,5,5,5,5,5,5,5,5,5,5,5,5,5,5,5,5,5,5,5,5,5
87,888,879,869,863,866,858,859,847,883,875,867,869,867,864,850,852,890,891,890,874,874,867,864,869,914,887,890,881,874,877,876,880,907,895,902,885,881,876,876,869,926,900,895,896,892,884,880,890,907,913,900,911,906,899,886,881,922,909,913,891,900,889,891,903,6,7,7,7,4,5,5,6,6,5,4,5,6,4,5,6,10,6,7,5,5,4,5,8,9,5,7,5,6,5,6,6,10,6,5,7,6,6,6,7,7,6,6,7,6,5,6,8,8,8,8,8,7,6,6,11,9,10,6,9,7,6,6,12,5,5,5,5,5,5,5,5,5,5,5,5,5,5,5,5,5,5,5,5,5,5,5,5,5,5,5,5,5,5,5,5,5,5,5,5,5,5,5,5,5,5,5,5,5,5,5,5,5,5,5,5,5,5,5,5,5,5,5,5,5,5,5,5
88,876,873,871,863,861,852,848,852,890,885,879,876,871,856,861,855,889,898,893,883,875,866,868,873,888,889,883,886,887,889,870,876,901,903,891,894,891,880,899,882,909,896,898,895,893,883,874,881,922,895,912,911,891,888,894,892,949,903,915,910,889,889,886,891,7,7,5,6,5,5,6,6,6,6,5,5,5,5,5,6,8,7,7,6,5,5,6,6,7,6,5,5,6,5,6,6,9,4,6,5,9,5,5,6,6,6,6,8,7,6,7,8,6,8,8,6,7,5,8,9,9,12,6,8,6,6,7,13,5,5,5,5,5,5,5,5,5,5,5,5,5,5,5,5,5,5,5,5,5,5,5,5,5,5,5,5,5,5,5,5,5,5,5,5,5,5,5,5,5,5,5,5,5,5,5,5,5,5,5,5,5,5,5,5,5,5,5,5,5,5,5,5
89,879,872,867,857,864,857,866,848,875,883,875,865,874,860,860,859,886,887,882,881,868,871,871,861,891,899,885,883,877,878,867,854,896,895,890,893,880,873,876,865,913,892,899,889,895,894,886,884,896,911,896,893,883,889,887,885,925,917,909,911,910,885,885,913,7,6,6,7,4,5,6,5,5,5,5,5,6,4,5,5,8,6,6,5,5,6,5,5,7,7,8,5,5,6,5,6,9,6,5,5,7,6,5,6,5,6,6,5,6,7,7,8,6,10,7,7,6,7,6,7,8,11,6,11,8,6,7,17,5,5,5,5,5,5,5,5,5,5,5,5,5,5,5,5,5,5,5,5,5,5,5,5,5,5,5,5,5,5,5,5,5,5,5,5,5,5,5,5,5,5,5,5,5,5,5,5,5,5,5,5,5,5,5,5,5,5,5,5,5,5,5,5
90,883,871,869,865,858,860,860,862,888,873,877,865,870,861,874,856,886,882,869,881,874,875,858,861,902,900,885,885,887,867,878,876,911,887,893,895,886,885,884,875,899,895,893,893,893,881,880,885,902,898,910,900,903,890,892,875,927,899,902,918,888,898,898,873,7,7,6,6,4,6,5,7,6,6,6,5,5,5,5,6,8,10,6,6,6,5,5,5,9,6,8,5,7,5,6,5,13,5,5,6,6,5,6,7,7,5,6,6,7,7,7,6,8,10,9,7,5,7,7,10,8,13,8,11,8,8,7,15,5,5,5,5,5,5,5,5,5,5,5,5,5,5,5,5,5,5,5,5,5,5,5,5,5,5,5,5,5,5,5,5,5,5,5,5,5,5,5,5,5,5,5,5,5,5,5,5,5,5,5,5,5,5,5,5,5,5,5,5,5,5,5,5
91,875,871,875,869,857,869,863,854,894,882,874,864,874,865,859,857,876,874,885,888,876,866,865,861,886,897,885,885,892,882,875,865,890,890,903,875,892,883,873,876,911,893,898,913,900,881,890,876,899,910,910,891,899,888,895,880,928,915,911,884,886,887,901,883,6,6,5,6,5,5,5,6,8,6,5,5,5,4,5,5,10,7,5,5,5,6,5,4,6,6,5,5,4,6,6,7,7,5,6,6,7,5,5,6,6,5,6,9,7,5,7,5,9,8,9,7,7,6,6,10,9,9,6,8,6,6,9,13,5,5,5,5,5,5,5,5,5,5,5,5,5,5,5,5,5,5,5,5,5,5,5,5,5,5,5,5,5,5,5,5,5,5,5,5,5,5,5,5,5,5,5,5,5,5,5,5,5,5,5,5,5,5,5,5,5,5,5,5,5,5,5,5
92,881,883,869,874,859,864,860,846,887,876,877,878,874,853,865,858,869,889,887,884,869,871,867,860,891,890,883,876,880,874,863,872,902,896,904,893,881,870,868,876,895,910,901,889,892,887,880,883,918,906,909,899,892,884,884,896,925,908,921,900,891,890,884,899,8,6,6,6,5,7,5,6,6,5,5,6,5,4,5,6,10,7,6,7,5,4,5,5,8,8,6,5,6,5,7,8,9,7,6,6,6,6,6,6,6,6,6,6,7,6,6,8,8,7,7,6,7,7,7,9,9,10,7,10,10,6,8,10,5,5,5,5,5,5,5,5,5,5,5,5,5,5,5,5,5,5,5,5,5,5,5,5,5,5,5,5,5,5,5,5,5,5,5,5,5,5,5,5,5,5,5,5,5,5,5,5,5,5,5,5,5,5,5,5,5,5,5,5,5,5,5,5
93,883,873,868,858,865,862,853,852,891,880,880,876,859,859,857,858,882,882,886,881,878,874,863,862,905,901,887,890,884,882,871,866,901,890,883,898,893,887,876,871,901,900,904,906,877,887,885,872,913,905,900,911,887,887,882,871,913,914,910,906,916,892,900,857,7,6,5,6,5,6,4,6,6,5,5,5,6,5,4,6,8,8,6,6,6,5,5,5,8,5,6,4,6,5,6,6,8,5,5,6,5,5,5,6,6,5,6,7,7,5,7,6,8,9,8,8,6,6,7,9,11,14,6,8,8,7,7,11,5,5,5,5,5,5,5,5,5,5,5,5,5,5,5,5,5,5,5,5,5,5,5,5,5,5,5,5,5,5,5,5,5,5,5,5,5,5,5,5,5,5,5,5,5,5,5,5,5,5,5,5,5,5,5,5,5,5,5,5,5,5,5,5
94,880,876,879,873,856,857,858,858,896,885,877,871,866,854,860,856,901,888,882,886,866,863,862,871,895,891,890,879,875,880,872,863,900,880,895,887,876,869,880,873,903,907,899,891,893,886,889,902,913,904,895,904,895,896,889,873,920,912,901,911,895,889,888,887,8,7,5,6,5,6,5,7,6,6,6,5,5,5,5,6,9,8,5,5,4,7,5,6,8,5,7,5,5,5,6,7,7,5,5,5,6,5,6,6,7,6,7,6,7,6,6,8,8,11,6,7,7,7,7,9,9,13,7,10,8,7,8,17,5,5,5,5,5,5,5,5,5,5,5,5,5,5,5,5,5,5,5,5,5,5,5,5,5,5,5,5,5,5,5,5,5,5,5,5,5,5,5,5,5,5,5,5,5,5,5,5,5,5,5,5,5,5,5,5,5,5,5,5,5,5,5,5
95,874,875,875,862,858,853,855,856,896,890,880,870,870,862,858,849,893,892,870,891,883,867,872,867,891,885,899,875,879,880,869,859,903,904,890,888,883,882,879,875,909,898,898,887,902,888,884,878,904,916,908,912,904,897,885,891,918,923,913,888,898,901,902,886,6,6,5,7,4,4,5,6,7,6,5,5,5,4,5,5,9,7,5,6,4,5,5,5,6,6,6,5,5,5,5,7,9,5,5,5,6,5,6,6,6,5,6,6,7,6,6,6,8,14,7,7,6,7,7,7,8,15,6,9,8,5,7,17,5,5,5,5,5,5,5,5,5,5,5,5,5,5,5,5,5,5,5,5,5,5,5,5,5,5,5,5,5,5,5,5,5,5,5,5,5,5,5,5,5,5,5,5,5,5,5,5,5,5,5,5,5,5,5,5,5,5,5,5,5,5,5,5
96,875,880,871,858,861,859,855,844,889,877,870,872,877,867,867,856,898,880,880,870,872,876,866,866,882,900,887,883,875,885,862,863,899,905,886,890,890,882,863,879,908,906,888,889,904,886,885,896,911,905,906,891,900,905,889,876,924,933,908,905,912,903,888,898,7,5,5,6,5,7,5,6,7,6,5,6,5,5,7,6,11,7,6,7,5,5,5,5,10,6,6,5,5,6,5,7,7,5,5,5,5,5,6,8,8,6,7,6,7,7,7,8,7,11,8,8,6,6,8,10,10,9,8,9,8,8,7,19,5,5,5,5,5,5,5,5,5,5,5,5,5,5,5,5,5,5,5,5,5,5,5,5,5,5,5,5,5,5,5,5,5,5,5,5,5,5,5,5,5,5,5,5,5,5,5,5,5,5,5,5,5,5,5,5,5,5,5,5,5,5,5,5
97,884,875,873,869,856,853,847,865,874,891,871,885,872,860,864,860,882,887,878,882,869,868,870,860,898,889,897,884,885,873,876,877,890,895,897,883,885,879,885,874,898,906,900,902,885,899,873,885,923,919,902,908,905,885,892,868,921,939,908,906,899,911,899,854,8,5,5,7,4,5,6,8,6,5,5,6,5,4,6,5,7,6,6,5,5,5,5,5,9,6,5,5,5,4,6,6,7,6,5,6,6,4,6,7,6,6,6,7,7,5,6,7,6,8,7,6,4,5,7,8,9,9,6,9,6,6,7,15,5,5,5,5,5,5,5,5,5,5,5,5,5,5,5,5,5,5,5,5,5,5,5,5,5,5,5,5,5,5,5,5,5,5,5,5,5,5,5,5,5,5,5,5,5,5,5,5,5,5,5,5,5,5,5,5,5,5,5,5,5,5,5,5
98,883,890,875,865,866,852,854,848,880,878,866,866,875,862,857,858,911,888,882,889,872,871,864,851,897,898,885,879,871,885,870,862,897,909,888,900,890,875,888,873,907,901,897,902,899,893,891,866,907,894,912,902,907,879,893,899,927,896,909,909,897,893,898,890,8,6,5,6,5,6,4,6,7,6,4,5,5,5,6,5,8,6,6,7,5,4,5,6,8,6,7,6,6,5,5,8,8,8,5,7,6,6,7,6,9,7,7,7,7,7,8,6,7,8,9,6,10,6,7,7,10,10,8,10,7,6,8,14,5,5,5,5,5,5,5,5,5,5,5,5,5,5,5,5,5,5,5,5,5,5,5,5,5,5,5,5,5,5,5,5,5,5,5,5,5,5,5,5,5,5,5,5,5,5,5,5,5,5,5,5,5,5,5,5,5,5,5,5,5,5,5,5
99,884,878,869,871,866,846,855,854,899,884,883,863,859,862,862,854,885,890,889,870,867,867,862,858,899,876,884,872,879,874,886,867,887,896,901,880,881,895,880,881,912,896,891,900,883,882,886,872,918,914,909,904,897,889,886,889,930,928,906,895,904,889,892,871,7,6,6,5,5,6,5,6,6,6,5,4,6,4,5,6,7,7,6,7,5,5,5,6,7,5,6,5,6,5,7,6,8,7,6,6,6,5,6,7,6,6,5,7,6,6,6,5,9,9,6,7,5,6,6,8,9,10,5,7,6,6,8,22,5,5,5,5,5,5,5,5,5,5,5,5,5,5,5,5,5,5,5,5,5,5,5,5,5,5,5,5,5,5,5,5,5,5,5,5,5,5,5,5,5,5,5,5,5,5,5,5,5,5,5,5,5,5,5,5,5,5,5,5,5,5,5,5
100,887,871,876,867,868,854,853,856,879,873,878,872,859,866,861,856,904,882,870,872,876,876,862,855,895,886,889,879,878,877,881,857,913,900,893,879,879,880,880,875,907,891,895,902,891,886,874,866,929,914,903,891,898,890,875,878,929,933,910,909,897,904,885,881,8,6,6,5,5,6,5,8,8,5,5,5,5,4,6,5,9,6,6,9,6,6,5,6,8,6,6,6,6,6,7,6,10,6,5,6,6,5,7,7,8,8,6,7,6,6,7,8,8,9,9,6,7,6,6,10,12,13,9,9,6,8,7,14,5,5,5,5,5,5,5,5,5,5,5,5,5,5,5,5,5,5,5,5,5,5,5,5,5,5,5,5,5,5,5,5,5,5,5,5,5,5,5,5,5,5,5,5,5,5,5,5,5,5,5,5,5,5,5,5,5,5,5,5,5,5,5,5
101,884,869,862,874,860,856,864,855,883,883,877,870,865,864,849,844,908,881,894,873,866,869,860,866,895,887,890,888,891,876,864,871,907,903,909,886,879,888,874,872,908,910,899,887,897,880,878,875,905,904,901,895,891,892,897,893,938,912,904,900,909,909,902,860,7,5,6,7,4,6,5,7,9,5,5,5,6,4,5,5,7,6,6,6,5,4,5,4,6,5,6,4,5,5,5,6,6,5,5,5,6,5,6,6,7,5,6,6,8,5,8,6,7,10,7,7,7,5,7,9,9,12,6,9,7,6,6,14,5,5,5,5,5,5,5,5,5,5,5,5,5,5,5,5,5,5,5,5,5,5,5,5,5,5,5,5,5,5,5,5,5,5,5,5,5,5,5,5,5,5,5,5,5,5,5,5,5,5,5,5,5,5,5,5,5,5,5,5,5,5,5,5
102,878,869,866,870,872,844,855,856,880,877,874,873,874,862,859,861,872,890,883,881,878,874,867,864,905,886,885,884,884,885,873,872,909,899,901,901,886,887,884,872,911,906,908,903,895,886,874,882,911,915,912,895,889,887,899,881,923,924,912,921,894,907,889,875,7,5,5,7,6,5,6,7,6,5,5,5,5,5,6,5,7,7,6,6,5,6,5,6,7,6,6,5,6,5,5,7,9,5,5,6,7,5,6,7,6,6,8,7,7,7,7,7,8,10,7,6,5,6,8,9,10,8,8,8,6,8,6,16,5,5,5,5,5,5,5,5,5,5,5,5,5,5,5,5,5,5,5,5,5,5,5,5,5,5,5,5,5,5,5,5,5,5,5,5,5,5,5,5,5,5,5,5,5,5,5,5,5,5,5,5,5,5,5,5,5,5,5,5,5,5,5,5
103,881,879,876,868,865,857,869,846,883,874,872,863,868,853,864,854,909,879,877,873,870,874,862,855,885,888,880,881,886,863,871,873,891,899,898,890,887,885,880,876,890,896,906,894,902,881,886,883,931,928,903,892,884,885,897,896,921,917,912,908,896,901,915,870,5,5,5,5,5,5,5,6,7,5,5,4,5,4,5,4,8,7,5,6,5,5,5,5,6,5,6,5,5,6,5,7,8,6,6,5,6,6,5,6,6,8,5,7,7,5,6,6,6,9,8,8,7,6,7,8,9,9,6,9,7,7,8,11,5,5,5,5,5,5,5,5,5,5,5,5,5,5,5,5,5,5,5,5,5,5,5,5,5,5,5,5,5,5,5,5,5,5,5,5,5,5,5,5,5,5,5,5,5,5,5,5,5,5,5,5,5,5,5,5,5,5,5,5,5,5,5,5
104,879,883,882,871,861,872,857,859,877,886,887,863,876,869,848,855,892,898,881,894,862,870,858,854,901,894,890,886,873,870,867,878,904,905,892,889,887,877,874,879,907,898,895,894,889,888,883,880,916,911,906,900,891,898,874,890,935,925,912,909,915,901,896,885,7,8,6,7,6,5,6,6,7,6,4,6,5,5,5,6,9,8,6,6,5,5,5,7,9,5,6,5,6,5,6,8,10,5,6,5,6,7,6,6,7,6,6,6,7,6,8,7,9,10,7,7,7,5,8,10,7,10,6,7,7,7,6,15,5,5,5,5,5,5,5,5,5,5,5,5,5,5,5,5,5,5,5,5,5,5,5,5,5,5,5,5,5,5,5,5,5,5,5,5,5,5,5,5,5,5,5,5,5,5,5,5,5,5,5,5,5,5,5,5,5,5,5,5,5,5,5,5
105,892,882,872,864,868,863,848,848,886,857,873,878,863,861,861,854,891,875,872,879,868,870,864,871,900,890,887,889,891,879,865,859,894,895,892,878,884,876,877,874,898,893,897,892,887,885,885,877,909,902,897,905,903,897,899,880,937,931,900,900,905,899,886,863,9,7,6,6,5,6,5,6,7,5,5,5,6,4,5,5,7,8,6,5,5,5,6,6,7,6,6,4,6,5,6,7,8,5,5,6,7,5,5,6,7,6,6,7,6,6,7,7,7,9,8,7,8,6,9,8,7,10,7,9,7,9,7,16,5,5,5,5,5,5,5,5,5,5,5,5,5,5,5,5,5,5,5,5,5,5,5,5,5,5,5,5,5,5,5,5,5,5,5,5,5,5,5,5,5,5,5,5,5,5,5,5,5,5,5,5,5,5,5,5,5,5,5,5,5,5,5,5
106,873,871,871,869,868,856,857,853,882,892,881,877,860,870,863,854,897,871,881,877,869,867,865,870,891,885,893,885,887,869,865,877,899,897,893,889,887,889,871,866,914,903,901,904,887,879,891,884,898,895,910,902,904,900,887,887,922,917,912,900,909,884,897,879,5,6,6,5,5,6,5,6,6,7,5,5,5,5,6,5,8,6,6,6,5,6,5,5,8,5,6,4,6,6,5,7,9,6,5,6,7,5,7,7,6,7,7,6,7,5,8,7,8,9,8,7,5,6,7,7,8,12,7,10,8,6,7,16,5,5,5,5,5,5,5,5,5,5,5,5,5,5,5,5,5,5,5,5,5,5,5,5,5,5,5,5,5,5,5,5,5,5,5,5,5,5,5,5,5,5,5,5,5,5,5,5,5,5,5,5,5,5,5,5,5,5,5,5,5,5,5,5
107,878,873,870,856,862,852,860,852,883,886,879,863,868,869,860,852,908,896,877,883,878,863,855,861,904,897,883,888,879,875,870,880,897,896,899,878,897,881,875,869,902,897,904,892,895,882,884,876,931,934,905,906,881,897,877,881,913,911,909,903,903,904,893,887,7,7,5,5,4,5,5,6,6,5,5,4,5,5,5,5,8,7,5,5,4,5,4,6,7,7,6,5,6,4,5,6,8,6,5,5,6,5,5,6,7,7,7,6,7,6,7,7,8,10,7,8,5,6,6,9,8,11,6,9,7,8,7,17,5,5,5,5,5,5,5,5,5,5,5,5,5,5,5,5,5,5,5,5,5,5,5,5,5,5,5,5,5,5,5,5,5,5,5,5,5,5,5,5,5,5,5,5,5,5,5,5,5,5,5,5,5,5,5,5,5,5,5,5,5,5,5,5
108,879,881,875,856,855,862,862,847,879,881,882,870,867,857,865,858,886,890,890,886,877,868,858,865,895,885,887,885,887,877,870,870,879,897,903,885,891,886,886,867,923,906,900,899,887,886,877,873,910,897,914,898,894,891,870,891,925,931,909,905,902,898,903,871,7,5,5,5,5,6,6,6,6,6,5,5,6,5,5,6,11,6,7,6,7,6,6,8,8,6,5,6,7,6,5,7,9,6,6,5,5,5,6,5,7,6,7,7,7,7,6,7,8,8,9,9,6,5,7,10,11,16,6,10,8,6,7,13,5,5,5,5,5,5,5,5,5,5,5,5,5,5,5,5,5,5,5,5,5,5,5,5,5,5,5,5,5,5,5,5,5,5,5,5,5,5,5,5,5,5,5,5,5,5,5,5,5,5,5,5,5,5,5,5,5,5,5,5,5,5,5,5
109,882,878,873,862,863,849,855,860,896,880,882,869,860,855,854,862,884,884,880,899,869,871,865,860,896,891,899,879,881,869,875,872,886,893,894,882,894,882,889,878,901,897,899,886,891,885,888,886,904,914,904,892,890,891,885,895,926,904,905,901,888,895,908,871,7,5,4,6,5,5,5,5,6,5,5,5,5,4,5,5,9,7,6,6,5,5,5,6,7,6,6,6,6,5,6,7,7,6,5,6,5,4,6,6,7,6,6,7,7,6,8,8,7,12,7,8,6,5,6,9,8,8,7,10,6,8,6,15,5,5,5,5,5,5,5,5,5,5,5,5,5,5,5,5,5,5,5,5,5,5,5,5,5,5,5,5,5,5,5,5,5,5,5,5,5,5,5,5,5,5,5,5,5,5,5,5,5,5,5,5,5,5,5,5,5,5,5,5,5,5,5,5
110,872,877,874,863,848,848,863,838,896,877,886,879,872,856,853,856,889,880,863,891,870,869,869,867,904,905,877,886,884,874,873,862,894,898,881,893,885,891,875,871,918,899,900,890,888,892,880,882,909,902,911,893,901,899,884,894,926,943,918,911,904,903,909,884,7,6,5,7,5,4,5,6,9,5,6,5,6,4,5,7,8,8,6,7,6,5,6,6,9,6,7,6,6,6,6,8,9,6,5,5,7,6,6,6,7,7,7,6,7,6,7,8,10,9,9,9,8,6,7,11,10,13,6,10,6,10,7,15,5,5,5,5,5,5,5,5,5,5,5,5,5,5,5,5,5,5,5,5,5,5,5,5,5,5,5,5,5,5,5,5,5,5,5,5,5,5,5,5,5,5,5,5,5,5,5,5,5,5,5,5,5,5,5,5,5,5,5,5,5,5,5,5
111,885,887,879,876,861,853,855,853,891,886,882,866,873,868,855,856,898,898,883,881,875,861,868,862,889,871,894,888,884,864,870,861,905,900,890,880,876,888,879,878,905,897,899,895,893,881,901,870,918,911,897,887,892,894,894,889,921,912,898,903,906,897,903,891,6,5,6,6,4,5,5,6,6,5,6,5,5,4,5,5,11,7,6,6,5,4,5,5,7,5,6,5,6,5,6,6,8,6,5,5,6,5,6,5,7,6,6,6,6,6,6,6,11,9,8,7,7,5,7,14,10,11,6,8,7,7,7,12,5,5,5,5,5,5,5,5,5,5,5,5,5,5,5,5,5,5,5,5,5,5,5,5,5,5,5,5,5,5,5,5,5,5,5,5,5,5,5,5,5,5,5,5,5,5,5,5,5,5,5,5,5,5,5,5,5,5,5,5,5,5,5,5
112,878,874,872,859,861,865,844,843,902,878,878,877,863,846,860,857,890,882,882,872,876,862,859,864,896,886,885,884,884,886,869,870,906,902,893,888,873,870,877,868,920,906,907,905,880,892,882,887,912,921,929,899,898,902,893,889,930,907,918,907,907,892,887,890,7,6,5,7,5,6,7,6,8,5,6,5,7,5,5,5,8,8,6,6,4,5,5,6,8,6,6,5,6,5,7,6,10,5,5,6,6,6,6,6,7,6,6,8,8,6,7,8,8,13,6,9,6,7,8,8,11,10,7,10,7,8,9,17,5,5,5,5,5,5,5,5,5,5,5,5,5,5,5,5,5,5,5,5,5,5,5,5,5,5,5,5,5,5,5,5,5,5,5,5,5,5,5,5,5,5,5,5,5,5,5,5,5,5,5,5,5,5,5,5,5,5,5,5,5,5,5,5
113,883,874,877,852,865,856,867,858,880,884,872,865,869,870,864,854,888,889,877,871,875,872,865,858,895,893,888,882,892,878,861,870,916,898,906,891,888,888,877,878,901,897,900,895,895,901,894,876,902,897,895,893,892,905,879,884,920,926,904,902,891,899,884,889,7,6,5,5,5,5,6,5,7,5,4,5,5,4,5,5,8,6,5,6,5,5,5,6,7,6,6,5,5,4,7,7,6,6,5,5,6,5,5,6,7,7,6,7,7,5,5,7,8,9,7,6,6,5,7,8,8,8,5,8,6,7,7,16,5,5,5,5,5,5,5,5,5,5,5,5,5,5,5,5,5,5,5,5,5,5,5,5,5,5,5,5,5,5,5,5,5,5,5,5,5,5,5,5,5,5,5,5,5,5,5,5,5,5,5,5,5,5,5,5,5,5,5,5,5,5,5,5
114,869,875,864,878,862,864,857,863,869,865,879,873,874,857,850,855,891,905,879,876,874,873,877,859,884,904,886,880,878,870,876,868,907,901,906,903,886,873,873,877,907,890,899,885,902,887,886,875,910,926,896,896,897,890,882,881,921,899,910,898,902,900,885,890,6,7,6,6,5,6,4,7,7,7,5,5,5,4,5,7,7,8,6,5,6,5,5,5,9,7,6,5,5,6,6,7,9,6,5,6,7,7,6,8,6,7,6,6,9,7,8,7,7,11,6,7,7,7,7,9,9,10,8,11,7,7,8,17,5,5,5,5,5,5,5,5,5,5,5,5,5,5,5,5,5,5,5,5,5,5,5,5,5,5,5,5,5,5,5,5,5,5,5,5,5,5,5,5,5,5,5,5,5,5,5,5,5,5,5,5,5,5,5,5,5,5,5,5,5,5,5,5
115,877,877,873,854,862,857,858,850,885,888,878,864,866,856,869,855,889,884,871,874,867,863,870,860,892,899,889,877,881,874,864,877,896,904,898,894,894,875,881,881,915,895,895,896,882,888,887,880,904,901,901,894,890,891,889,899,915,893,919,922,906,895,891,866,6,6,4,5,5,5,4,6,5,5,5,5,6,5,6,5,8,8,5,6,5,6,5,6,7,5,6,5,6,5,5,6,8,5,5,6,6,6,6,6,7,6,6,6,7,6,6,6,7,9,6,8,6,6,7,9,8,11,6,8,6,6,9,15,5,5,5,5,5,5,5,5,5,5,5,5,5,5,5,5,5,5,5,5,5,5,5,5,5,5,5,5,5,5,5,5,5,5,5,5,5,5,5,5,5,5,5,5,5,5,5,5,5,5,5,5,5,5,5,5,5,5,5,5,5,5,5,5
116,876,871,879,872,860,869,855,853,885,876,873,880,857,858,852,853,886,887,865,878,881,862,855,867,885,893,875,881,878,874,880,860,918,898,887,882,875,889,875,866,917,908,884,889,892,892,870,880,921,902,896,900,902,880,884,876,943,918,909,909,892,904,899,914,6,7,7,5,5,5,5,8,8,6,5,5,5,4,5,6,8,8,6,6,4,7,4,5,8,6,7,6,6,5,7,6,8,7,5,5,7,6,5,8,8,7,5,7,8,7,6,8,8,10,7,8,6,6,7,10,8,11,6,11,6,8,7,14,5,5,5,5,5,5,5,5,5,5,5,5,5,5,5,5,5,5,5,5,5,5,5,5,5,5,5,5,5,5,5,5,5,5,5,5,5,5,5,5,5,5,5,5,5,5,5,5,5,5,5,5,5,5,5,5,5,5,5,5,5,5,5,5
117,894,881,882,861,855,860,858,845,884,878,879,867,877,865,866,859,888,880,880,886,869,866,861,865,895,884,894,879,889,873,872,856,898,898,883,892,879,870,870,862,903,901,907,894,895,883,897,882,917,920,906,905,891,890,892,898,928,907,911,908,893,900,882,898,7,5,5,6,5,6,6,6,8,5,4,4,6,5,5,5,12,8,6,6,5,5,5,5,5,5,6,5,5,6,6,7,7,6,5,5,6,5,5,5,7,6,7,6,6,5,6,7,6,8,7,8,6,6,6,10,10,13,7,8,6,8,6,16,5,5,5,5,5,5,5,5,5,5,5,5,5,5,5,5,5,5,5,5,5,5,5,5,5,5,5,5,5,5,5,5,5,5,5,5,5,5,5,5,5,5,5,5,5,5,5,5,5,5,5,5,5,5,5,5,5,5,5,5,5,5,5,5
118,871,871,873,870,856,857,861,849,878,866,875,873,873,869,862,845,880,893,882,874,885,856,869,863,891,893,883,888,876,876,871,861,896,894,879,901,876,883,882,861,914,901,888,886,894,900,883,878,905,896,919,888,893,892,897,893,923,906,895,905,894,894,885,895,6,6,5,6,5,6,6,7,7,5,5,5,5,4,5,6,7,8,6,6,5,6,5,7,7,7,7,4,5,6,6,9,8,6,6,5,6,5,6,7,6,6,5,7,7,7,6,7,9,10,9,8,7,7,8,9,9,10,7,8,7,7,9,13,5,5,5,5,5,5,5,5,5,5,5,5,5,5,5,5,5,5,5,5,5,5,5,5,5,5,5,5,5,5,5,5,5,5,5,5,5,5,5,5,5,5,5,5,5,5,5,5,5,5,5,5,5,5,5,5,5,5,5,5,5,5,5,5
119,878,880,870,866,862,870,863,862,881,874,878,866,876,869,860,849,886,893,881,881,877,878,871,871,908,888,886,876,877,879,872,864,905,902,886,879,890,885,872,864,907,912,898,888,886,895,885,884,910,903,909,895,898,888,898,887,928,900,901,907,907,893,894,883,6,6,5,6,5,5,5,6,7,6,4,5,6,5,5,5,7,7,6,6,4,6,6,6,7,6,8,5,6,4,5,8,8,6,5,6,6,5,6,6,8,6,5,7,8,6,8,7,7,8,7,6,7,6,9,9,9,10,7,10,8,6,7,12,5,5,5,5,5,5,5,5,5,5,5,5,5,5,5,5,5,5,5,5,5,5,5,5,5,5,5,5,5,5,5,5,5,5,5,5,5,5,5,5,5,5,5,5,5,5,5,5,5,5,5,5,5,5,5,5,5,5,5,5,5,5,5,5
120,886,875,864,853,863,872,863,852,890,886,886,867,867,878,864,860,887,885,881,882,874,879,865,854,901,893,891,873,875,886,874,874,914,893,900,903,882,896,874,875,909,895,902,895,887,877,887,876,905,922,914,891,902,890,885,909,933,909,911,905,903,896,916,882,9,7,6,6,5,6,6,8,7,8,5,5,5,5,6,5,8,9,6,8,6,6,5,6,8,7,7,5,5,5,6,6,7,7,5,6,7,7,5,6,7,6,6,7,8,5,9,6,7,10,8,8,6,6,6,8,10,17,6,9,7,7,9,15,5,5,5,5,5,5,5,5,5,5,5,5,5,5,5,5,5,5,5,5,5,5,5,5,5,5,5,5,5,5,5,5,5,5,5,5,5,5,5,5,5,5,5,5,5,5,5,5,5,5,5,5,5,5,5,5,5,5,5,5,5,5,5,5
121,872,874,866,866,873,845,860,843,879,880,874,870,868,861,862,844,887,885,888,889,879,874,875,864,893,896,896,890,876,864,867,868,893,892,896,879,877,887,877,875,917,913,893,898,895,892,869,873,923,914,904,895,894,884,893,874,928,914,904,903,906,904,922,885,7,6,5,5,5,5,6,6,6,6,5,6,5,5,6,5,8,7,6,6,4,5,5,6,6,6,6,5,5,5,6,7,6,5,5,6,6,5,5,7,9,6,5,7,7,6,6,6,6,8,8,7,6,6,6,8,9,11,5,9,6,8,8,16,5,5,5,5,5,5,5,5,5,5,5,5,5,5,5,5,5,5,5,5,5,5,5,5,5,5,5,5,5,5,5,5,5,5,5,5,5,5,5,5,5,5,5,5,5,5,5,5,5,5,5,5,5,5,5,5,5,5,5,5,5,5,5,5
122,878,878,875,868,856,850,852,852,866,874,874,876,867,862,867,855,893,899,885,871,878,869,863,864,878,899,884,883,871,873,872,869,899,894,894,893,883,891,880,855,910,906,899,897,893,883,881,876,914,907,898,905,898,889,890,895,936,929,903,909,922,891,894,882,7,6,6,6,4,5,6,6,7,6,5,6,5,5,6,7,9,8,7,7,6,7,4,5,7,5,6,5,5,6,6,6,9,6,5,6,7,6,6,8,7,6,6,7,8,5,6,7,7,14,7,7,7,5,6,9,8,10,6,8,7,6,6,12,5,5,5,5,5,5,5,5,5,5,5,5,5,5,5,5,5,5,5,5,5,5,5,5,5,5,5,5,5,5,5,5,5,5,5,5,5,5,5,5,5,5,5,5,5,5,5,5,5,5,5,5,5,5,5,5,5,5,5,5,5,5,5,5
123,879,875,870,872,866,861,856,855,879,882,868,861,872,862,855,861,884,879,882,865,875,865,862,859,894,894,878,880,877,876,871,859,889,890,892,880,887,886,872,875,902,909,901,904,896,890,885,894,913,911,901,896,895,894,894,898,928,903,910,898,907,896,899,894,7,6,5,5,5,7,5,7,7,5,4,5,5,5,5,5,8,7,6,6,6,5,6,6,6,7,7,6,5,4,5,7,7,6,5,5,5,5,5,6,6,6,6,7,7,6,7,9,7,7,6,7,7,5,7,8,8,10,8,7,7,7,7,14,5,5,5,5,5,5,5,5,5,5,5,5,5,5,5,5,5,5,5,5,5,5,5,5,5,5,5,5,5,5,5,5,5,5,5,5,5,5,5,5,5,5,5,5,5,5,5,5,5,5,5,5,5,5,5,5,5,5,5,5,5,5,5,5
124,876,875,870,870,869,861,860,852,885,874,878,872,883,862,859,851,892,894,877,890,872,869,867,859,894,883,893,871,885,880,871,879,887,904,893,904,886,887,887,865,917,906,904,903,907,891,889,882,916,891,908,900,893,892,884,892,927,889,906,912,907,889,890,900,7,7,5,6,5,7,6,7,6,5,6,6,6,4,5,6,9,6,6,7,5,6,6,7,7,5,7,5,5,5,5,6,8,8,5,5,5,6,6,7,6,7,6,7,10,7,8,6,10,10,9,9,8,6,6,12,10,9,6,11,8,7,8,15,5,5,5,5,5,5,5,5,5,5,5,5,5,5,5,5,5,5,5,5,5,5,5,5,5,5,5,5,5,5,5,5,5,5,5,5,5,5,5,5,5,5,5,5,5,5,5,5,5,5,5,5,5,5,5,5,5,5,5,5,5,5,5,5
125,878,870,865,869,854,853,856,858,877,890,876,872,866,861,863,856,862,890,879,882,875,878,868,865,891,897,884,886,877,877,877,874,897,892,888,888,878,881,881,876,900,906,911,898,897,891,887,880,903,911,914,914,898,889,881,884,916,912,910,903,889,899,894,888,7,6,5,6,4,6,4,6,7,6,5,5,6,5,6,6,9,6,6,6,6,5,6,5,8,7,5,5,5,5,6,6,7,5,5,5,6,6,7,6,7,5,7,8,7,6,6,6,9,8,8,7,7,5,6,6,8,11,8,9,7,7,6,17,5,5,5,5,5,5,5,5,5,5,5,5,5,5,5,5,5,5,5,5,5,5,5,5,5,5,5,5,5,5,5,5,5,5,5,5,5,5,5,5,5,5,5,5,5,5,5,5,5,5,5,5,5,5,5,5,5,5,5,5,5,5,5,5
126,871,881,872,861,864,863,856,851,895,871,871,866,872,867,856,842,884,894,873,878,868,864,867,866,896,897,878,889,880,879,868,859,882,894,890,899,880,874,878,881,899,895,909,895,888,886,888,873,919,910,896,899,899,906,887,886,929,922,912,904,906,885,896,884,5,7,6,7,5,5,4,7,8,7,6,5,6,5,5,5,8,9,5,5,5,6,6,6,7,8,8,4,6,6,5,7,8,5,5,7,6,5,6,5,7,8,6,7,7,6,8,9,11,9,7,6,8,6,6,11,10,9,8,12,6,8,7,24,5,5,5,5,5,5,5,5,5,5,5,5,5,5,5,5,5,5,5,5,5,5,5,5,5,5,5,5,5,5,5,5,5,5,5,5,5,5,5,5,5,5,5,5,5,5,5,5,5,5,5,5,5,5,5,5,5,5,5,5,5,5,5,5
127,876,869,869,870,870,856,855,842,887,885,875,856,863,867,865,852,891,891,878,878,874,866,865,854,887,897,887,878,881,877,865,868,910,901,895,902,880,881,878,867,905,902,890,883,891,880,888,880,924,910,902,898,894,882,892,896,921,892,900,891,903,895,895,911,7,5,5,6,5,6,5,6,8,5,4,5,6,5,6,5,9,8,6,5,5,7,5,6,7,7,5,5,5,6,5,8,10,7,5,5,6,5,5,5,7,7,5,5,6,6,7,5,5,8,7,7,6,6,5,11,10,11,7,8,8,7,6,10,5,5,5,5,5,5,5,5,5,5,5,5,5,5,5,5,5,5,5,5,5,5,5,5,5,5,5,5,5,5,5,5,5,5,5,5,5,5,5,5,5,5,5,5,5,5,5,5,5,5,5,5,5,5,5,5,5,5,5,5,5,5,5,5
128,876,867,875,868,858,854,861,865,885,865,875,869,862,875,860,854,894,882,887,877,877,862,865,869,896,893,887,882,884,877,871,856,890,898,900,886,878,884,875,872,905,901,900,902,878,885,886,877,897,920,894,911,893,888,896,887,914,909,918,887,905,896,884,877,7,6,5,7,5,6,6,6,6,6,5,5,7,5,5,6,10,9,6,6,5,6,6,6,7,6,6,6,6,6,5,7,9,5,6,6,7,5,6,6,5,5,5,7,8,5,7,8,8,7,10,8,7,6,7,10,7,10,7,8,8,8,7,16,5,5,5,5,5,5,5,5,5,5,5,5,5,5,5,5,5,5,5,5,5,5,5,5,5,5,5,5,5,5,5,5,5,5,5,5,5,5,5,5,5,5,5,5,5,5,5,5,5,5,5,5,5,5,5,5,5,5,5,5,5,5,5,5
129,883,882,864,868,867,871,853,854,874,895,878,874,863,866,854,856,870,888,877,881,864,871,859,873,882,893,888,884,893,865,876,867,908,894,889,898,883,883,875,875,904,902,895,904,900,888,897,883,904,915,899,903,889,888,888,890,915,905,907,905,911,900,898,908,6,6,6,7,5,5,6,6,8,6,5,5,6,5,6,4,6,7,7,5,5,6,5,6,8,7,6,6,5,5,6,7,7,6,5,6,6,5,6,7,7,6,6,8,6,6,6,7,6,10,7,7,7,5,5,7,9,10,6,9,8,6,6,13,5,5,5,5,5,5,5,5,5,5,5,5,5,5,5,5,5,5,5,5,5,5,5,5,5,5,5,5,5,5,5,5,5,5,5,5,5,5,5,5,5,5,5,5,5,5,5,5,5,5,5,5,5,5,5,5,5,5,5,5,5,5,5,5
130,887,879,874,873,861,858,868,860,895,878,874,875,863,859,869,862,895,890,890,871,869,872,852,871,896,894,886,886,887,867,867,873,918,886,896,893,889,878,874,869,911,908,896,888,891,886,882,873,924,893,885,890,897,891,884,892,930,928,912,889,901,906,895,881,6,6,5,6,5,7,6,6,8,5,5,5,6,5,6,5,8,6,7,7,5,6,4,6,8,6,6,5,6,5,7,6,7,7,5,6,6,6,7,10,7,6,6,7,6,6,7,7,9,9,7,8,6,8,7,9,9,11,7,8,7,9,8,14,5,5,5,5,5,5,5,5,5,5,5,5,5,5,5,5,5,5,5,5,5,5,5,5,5,5,5,5,5,5,5,5,5,5,5,5,5,5,5,5,5,5,5,5,5,5,5,5,5,5,5,5,5,5,5,5,5,5,5,5,5,5,5,5
131,873,880,871,866,867,855,845,854,896,867,881,866,877,864,863,855,883,899,871,870,880,871,866,867,909,897,890,881,882,874,860,867,919,906,887,893,878,883,878,863,908,903,892,898,876,890,881,880,904,895,895,902,896,903,891,885,921,902,912,896,904,900,897,878,8,6,5,6,5,6,6,6,8,6,6,6,5,5,5,5,8,6,6,7,4,4,5,5,6,5,5,5,6,5,6,8,10,6,5,5,6,4,6,6,6,7,6,6,8,6,6,7,7,8,6,6,7,6,7,9,9,10,6,7,6,8,7,16,5,5,5,5,5,5,5,5,5,5,5,5,5,5,5,5,5,5,5,5,5,5,5,5,5,5,5,5,5,5,5,5,5,5,5,5,5,5,5,5,5,5,5,5,5,5,5,5,5,5,5,5,5,5,5,5,5,5,5,5,5,5,5,5
132,872,877,867,864,853,868,854,846,879,880,870,862,867,863,867,864,881,890,876,883,888,871,871,856,892,887,898,883,879,881,873,876,896,898,903,893,895,889,875,873,911,909,902,902,907,882,886,868,911,907,903,910,902,890,899,862,912,914,911,909,909,906,894,860,6,6,5,6,4,4,6,5,7,5,5,5,5,4,6,5,9,7,6,7,5,5,6,6,7,6,6,5,6,5,5,6,8,5,6,5,6,6,6,6,6,7,6,7,8,5,7,6,8,8,9,9,8,6,9,9,9,11,6,9,7,6,6,16,5,5,5,5,5,5,5,5,5,5,5,5,5,5,5,5,5,5,5,5,5,5,5,5,5,5,5,5,5,5,5,5,5,5,5,5,5,5,5,5,5,5,5,5,5,5,5,5,5,5,5,5,5,5,5,5,5,5,5,5,5,5,5,5
133,870,880,874,866,865,858,845,844,885,881,872,870,870,864,866,851,897,880,877,876,873,856,859,861,890,884,890,884,885,864,880,861,905,905,892,893,888,897,867,879,908,892,911,883,895,887,893,888,908,926,902,897,894,881,889,869,916,899,916,898,895,899,890,876,6,7,4,6,5,6,5,5,8,5,5,5,4,5,5,6,6,8,5,6,5,6,4,5,7,6,7,4,5,5,6,6,8,5,5,5,7,6,5,5,8,5,6,8,7,5,5,7,6,8,6,7,7,6,6,8,8,12,7,8,6,6,7,12,5,5,5,5,5,5,5,5,5,5,5,5,5,5,5,5,5,5,5,5,5,5,5,5,5,5,5,5,5,5,5,5,5,5,5,5,5,5,5,5,5,5,5,5,5,5,5,5,5,5,5,5,5,5,5,5,5,5,5,5,5,5,5,5
134,879,877,878,869,860,855,837,860,874,876,876,864,873,867,864,855,887,892,891,875,877,883,862,866,887,902,894,877,877,880,876,857,902,889,886,893,878,896,883,870,907,899,907,908,902,884,882,886,923,913,907,903,905,888,897,885,913,926,897,902,908,895,877,893,6,7,5,6,5,6,5,7,6,6,5,6,5,5,5,6,10,6,7,6,4,6,5,6,7,6,6,6,6,6,7,8,10,6,5,6,7,6,6,8,7,7,7,7,8,6,6,7,6,8,8,8,5,7,7,14,8,15,7,9,10,9,7,13,5,5,5,5,5,5,5,5,5,5,5,5,5,5,5,5,5,5,5,5,5,5,5,5,5,5,5,5,5,5,5,5,5,5,5,5,5,5,5,5,5,5,5,5,5,5,5,5,5,5,5,5,5,5,5,5,5,5,5,5,5,5,5,5
135,872,879,859,862,865,858,865,844,892,875,872,874,866,868,859,847,885,889,883,876,874,867,863,855,899,883,879,883,875,869,872,858,888,889,889,891,893,881,878,877,916,902,892,896,896,884,882,878,900,909,899,909,904,899,885,891,921,926,919,919,909,895,899,901,6,5,5,6,5,6,5,5,6,5,5,5,5,4,5,6,9,5,6,5,5,5,5,5,7,6,7,5,5,6,6,7,7,5,5,5,5,5,5,5,6,6,5,6,8,6,7,7,8,8,6,7,6,5,6,9,8,20,5,9,8,8,7,13,5,5,5,5,5,5,5,5,5,5,5,5,5,5,5,5,5,5,5,5,5,5,5,5,5,5,5,5,5,5,5,5,5,5,5,5,5,5,5,5,5,5,5,5,5,5,5,5,5,5,5,5,5,5,5,5,5,5,5,5,5,5,5,5
136,874,859,866,868,865,853,853,850,871,877,881,872,871,863,861,845,905,887,882,876,878,862,871,861,894,894,884,887,887,871,869,869,898,897,886,891,875,892,887,867,899,913,915,902,905,878,894,883,905,905,912,888,897,895,883,877,922,942,911,916,875,896,887,886,8,5,6,6,5,5,6,7,9,6,7,5,5,5,6,6,8,10,6,6,6,7,5,7,8,6,6,5,7,6,6,8,8,7,6,6,7,6,6,5,7,6,6,7,8,6,8,6,8,12,8,6,6,6,7,9,9,20,7,8,7,7,8,13,5,5,5,5,5,5,5,5,5,5,5,5,5,5,5,5,5,5,5,5,5,5,5,5,5,5,5,5,5,5,5,5,5,5,5,5,5,5,5,5,5,5,5,5,5,5,5,5,5,5,5,5,5,5,5,5,5,5,5,5,5,5,5,5
137,869,867,873,862,861,851,855,855,893,878,885,877,873,855,857,855,884,886,888,883,867,871,863,862,882,888,883,886,877,872,869,860,885,891,897,883,887,883,879,868,909,906,900,888,886,882,879,878,919,893,908,904,890,891,890,874,905,893,907,885,893,887,920,884,7,5,5,6,5,5,4,7,7,5,6,5,5,5,5,5,8,6,6,5,5,5,5,6,7,6,6,5,5,5,6,6,10,5,5,6,6,6,6,6,6,6,5,5,8,6,7,6,11,8,7,7,6,5,6,9,10,9,6,7,7,6,6,15,5,5,5,5,5,5,5,5,5,5,5,5,5,5,5,5,5,5,5,5,5,5,5,5,5,5,5,5,5,5,5,5,5,5,5,5,5,5,5,5,5,5,5,5,5,5,5,5,5,5,5,5,5,5,5,5,5,5,5,5,5,5,5,5
138,868,887,864,874,859,856,855,839,890,869,869,878,872,860,867,849,890,893,867,875,879,862,857,860,890,882,887,886,883,871,870,870,902,895,913,895,891,895,877,874,898,911,891,894,895,880,876,871,926,907,905,910,905,894,881,885,921,922,907,901,897,884,904,861,7,5,7,7,4,6,5,6,7,5,5,5,6,5,7,6,9,8,7,6,5,6,5,7,7,6,6,5,6,7,5,8,9,6,7,6,6,7,6,7,7,7,6,8,8,5,7,7,9,13,6,7,8,6,7,8,9,12,7,11,7,7,8,10,5,5,5,5,5,5,5,5,5,5,5,5,5,5,5,5,5,5,5,5,5,5,5,5,5,5,5,5,5,5,5,5,5,5,5,5,5,5,5,5,5,5,5,5,5,5,5,5,5,5,5,5,5,5,5,5,5,5,5,5,5,5,5,5
139,888,884,871,867,857,863,853,863,883,884,873,876,863,876,849,855,896,885,885,876,870,869,864,859,887,892,891,877,887,867,873,869,897,901,893,882,891,888,878,873,904,902,897,890,888,880,874,885,913,900,903,892,889,891,886,901,921,929,915,917,889,890,895,894,8,5,5,7,4,5,6,5,7,5,5,6,7,5,4,5,7,7,6,6,5,6,4,6,6,6,6,5,6,5,7,7,7,7,4,5,6,5,5,6,6,6,6,7,7,5,6,7,7,8,6,7,7,7,6,10,8,16,5,9,6,6,7,17,5,5,5,5,5,5,5,5,5,5,5,5,5,5,5,5,5,5,5,5,5,5,5,5,5,5,5,5,5,5,5,5,5,5,5,5,5,5,5,5,5,5,5,5,5,5,5,5,5,5,5,5,5,5,5,5,5,5,5,5,5,5,5,5
140,885,880,859,879,867,861,852,861,893,894,875,869,864,869,861,852,899,877,871,887,882,874,867,856,893,885,892,884,880,864,858,876,905,907,895,890,887,888,874,869,911,897,903,895,900,890,883,881,921,905,907,906,898,881,888,866,901,925,913,898,909,898,896,881,7,6,5,6,5,6,6,6,6,7,5,5,5,5,5,6,10,7,7,6,4,6,6,6,7,6,6,5,5,6,7,6,8,6,6,5,6,6,6,6,8,6,7,7,7,6,7,7,8,9,7,8,7,6,7,11,9,10,7,8,9,7,8,13,5,5,5,5,5,5,5,5,5,5,5,5,5,5,5,5,5,5,5,5,5,5,5,5,5,5,5,5,5,5,5,5,5,5,5,5,5,5,5,5,5,5,5,5,5,5,5,5,5,5,5,5,5,5,5,5,5,5,5,5,5,5,5,5
141,874,881,886,863,862,861,868,847,889,875,878,872,873,859,859,863,868,874,872,874,863,874,864,867,894,892,881,884,885,883,865,855,893,889,897,888,886,871,887,871,904,890,894,904,892,880,886,881,918,908,897,894,896,892,886,877,910,900,910,898,905,906,904,891,7,6,5,6,5,6,6,5,6,5,6,5,5,4,6,5,7,8,6,6,5,5,5,6,7,6,6,4,6,5,5,8,8,6,5,6,7,6,6,7,8,7,5,7,7,7,7,5,9,8,6,6,7,6,6,10,8,8,10,10,7,7,6,12,5,5,5,5,5,5,5,5,5,5,5,5,5,5,5,5,5,5,5,5,5,5,5,5,5,5,5,5,5,5,5,5,5,5,5,5,5,5,5,5,5,5,5,5,5,5,5,5,5,5,5,5,5,5,5,5,5,5,5,5,5,5,5,5
142,878,874,863,869,858,862,849,854,877,881,878,875,866,870,853,859,886,891,896,877,881,868,868,858,911,882,886,890,876,882,879,873,904,895,894,893,888,890,882,883,915,903,905,892,894,889,887,874,913,919,902,901,910,880,894,878,926,911,899,905,913,902,896,897,6,6,6,8,4,6,5,6,7,6,5,5,4,5,6,7,11,6,7,5,5,6,5,6,9,5,6,5,6,6,6,6,10,5,5,5,8,7,6,5,7,6,5,6,8,6,7,8,8,9,8,8,7,6,7,9,10,11,6,10,9,9,7,19,5,5,5,5,5,5,5,5,5,5,5,5,5,5,5,5,5,5,5,5,5,5,5,5,5,5,5,5,5,5,5,5,5,5,5,5,5,5,5,5,5,5,5,5,5,5,5,5,5,5,5,5,5,5,5,5,5,5,5,5,5,5,5,5
143,866,888,878,877,852,867,858,855,892,877,875,871,877,871,862,861,886,884,884,874,866,869,863,855,883,907,875,885,881,871,871,861,873,887,897,889,877,890,883,875,904,901,895,908,888,878,888,889,907,896,905,897,899,898,890,895,912,912,919,912,903,895,910,897,7,6,4,5,4,6,5,6,7,5,5,5,5,5,5,8,7,8,5,6,4,5,5,6,5,5,6,4,5,6,5,8,8,5,5,6,6,5,6,5,5,6,5,8,7,5,7,7,6,9,8,6,8,6,7,8,6,11,6,9,7,7,7,11,5,5,5,5,5,5,5,5,5,5,5,5,5,5,5,5,5,5,5,5,5,5,5,5,5,5,5,5,5,5,5,5,5,5,5,5,5,5,5,5,5,5,5,5,5,5,5,5,5,5,5,5,5,5,5,5,5,5,5,5,5,5,5,5
144,884,886,867,860,857,874,852,843,881,876,877,868,863,871,870,857,893,893,883,880,871,870,871,854,893,886,896,893,879,871,871,877,914,907,890,889,886,883,881,880,912,910,904,912,903,886,883,870,921,913,901,896,893,899,885,882,934,907,906,904,901,899,900,884,8,7,5,7,4,6,7,6,8,5,6,5,6,5,7,5,9,7,7,5,6,6,6,6,7,5,7,5,6,6,6,6,9,6,6,5,6,6,6,7,9,7,7,6,9,6,6,7,8,8,7,7,7,7,8,9,8,15,8,13,8,8,7,16,5,5,5,5,5,5,5,5,5,5,5,5,5,5,5,5,5,5,5,5,5,5,5,5,5,5,5,5,5,5,5,5,5,5,5,5,5,5,5,5,5,5,5,5,5,5,5,5,5,5,5,5,5,5,5,5,5,5,5,5,5,5,5,5
145,873,872,871,874,860,850,854,844,883,870,873,871,876,861,851,857,881,878,880,882,881,874,865,851,894,886,894,875,876,876,871,859,911,896,894,892,877,877,877,882,897,906,894,893,888,889,877,878,901,920,914,888,893,891,894,882,924,892,917,907,897,889,894,861,7,6,6,6,5,6,5,6,8,5,4,5,5,4,5,4,9,7,6,5,5,5,6,6,7,6,7,5,5,4,6,8,7,6,4,5,5,6,5,6,6,10,6,6,6,6,5,7,5,9,7,8,6,5,7,8,10,9,6,10,6,7,7,9,5,5,5,5,5,5,5,5,5,5,5,5,5,5,5,5,5,5,5,5,5,5,5,5,5,5,5,5,5,5,5,5,5,5,5,5,5,5,5,5,5,5,5,5,5,5,5,5,5,5,5,5,5,5,5,5,5,5,5,5,5,5,5,5
146,875,889,872,860,861,858,861,850,883,885,875,873,870,852,854,870,884,898,878,876,877,861,859,864,897,899,894,876,879,888,871,872,901,907,889,897,883,881,881,879,911,915,904,889,885,873,882,875,910,914,907,900,900,884,891,879,940,903,910,914,879,911,897,883,6,7,5,7,5,5,6,6,6,6,5,6,5,5,5,6,8,7,6,5,5,6,5,6,11,6,6,5,5,5,6,6,10,7,6,6,6,5,6,6,7,6,8,8,7,6,6,6,9,9,7,7,6,7,8,9,14,8,6,10,7,8,8,14,5,5,5,5,5,5,5,5,5,5,5,5,5,5,5,5,5,5,5,5,5,5,5,5,5,5,5,5,5,5,5,5,5,5,5,5,5,5,5,5,5,5,5,5,5,5,5,5,5,5,5,5,5,5,5,5,5,5,5,5,5,5,5,5
147,878,882,866,861,863,854,864,854,874,883,889,879,857,857,865,843,899,884,884,880,878,874,865,857,899,893,901,885,884,877,863,866,889,892,896,892,891,885,880,872,913,890,905,891,895,886,883,879,908,919,907,896,893,889,892,886,937,912,903,899,897,898,894,885,7,6,6,6,5,5,5,6,6,5,4,6,6,4,5,4,11,8,5,6,4,4,5,6,7,4,6,4,6,5,7,8,8,5,4,5,7,5,6,5,6,6,7,7,6,5,7,8,7,9,7,7,7,6,7,8,11,10,7,9,6,7,8,10,5,5,5,5,5,5,5,5,5,5,5,5,5,5,5,5,5,5,5,5,5,5,5,5,5,5,5,5,5,5,5,5,5,5,5,5,5,5,5,5,5,5,5,5,5,5,5,5,5,5,5,5,5,5,5,5,5,5,5,5,5,5,5,5
148,877,883,862,876,863,862,860,853,873,882,881,871,866,863,860,863,888,881,886,868,873,864,871,863,908,897,891,890,881,869,867,867,907,894,897,884,895,897,875,883,900,915,905,882,890,901,882,885,912,915,918,901,907,921,891,903,926,919,910,896,911,885,911,877,8,7,6,6,5,5,4,6,8,5,6,5,6,5,6,5,7,9,5,7,5,4,6,6,8,5,6,5,6,6,6,8,9,7,6,7,6,6,6,5,7,6,6,6,6,7,7,9,8,9,7,6,6,5,7,10,10,13,5,9,8,6,7,19,5,5,5,5,5,5,5,5,5,5,5,5,5,5,5,5,5,5,5,5,5,5,5,5,5,5,5,5,5,5,5,5,5,5,5,5,5,5,5,5,5,5,5,5,5,5,5,5,5,5,5,5,5,5,5,5,5,5,5,5,5,5,5,5
149,882,869,862,869,867,860,853,842,883,885,874,870,867,878,865,859,896,900,877,874,873,871,863,867,907,890,888,876,881,877,869,871,906,898,891,889,875,875,874,876,917,883,895,903,892,874,891,884,908,915,898,905,893,900,882,877,920,920,903,920,903,895,898,874,7,6,5,6,5,4,5,6,7,6,5,5,5,5,5,5,7,7,5,5,5,4,5,5,8,5,6,5,6,7,6,7,9,6,5,5,6,4,5,6,6,6,6,7,6,5,7,8,7,10,7,7,5,6,7,8,11,11,6,9,7,7,6,15,5,5,5,5,5,5,5,5,5,5,5,5,5,5,5,5,5,5,5,5,5,5,5,5,5,5,5,5,5,5,5,5,5,5,5,5,5,5,5,5,5,5,5,5,5,5,5,5,5,5,5,5,5,5,5,5,5,5,5,5,5,5,5,5
150,883,877,871,863,866,864,854,856,888,874,864,878,870,863,857,849,901,884,879,880,872,864,860,867,902,893,892,882,883,884,872,864,888,905,905,888,889,875,882,879,898,908,909,907,873,890,898,874,907,904,909,908,885,885,886,894,914,921,911,912,896,904,902,865,6,6,6,7,5,5,5,7,7,6,5,6,5,5,5,5,9,6,6,6,5,5,5,5,7,6,7,6,6,6,5,7,8,6,5,5,6,7,7,8,7,6,6,6,7,7,6,6,8,9,11,7,7,7,8,8,8,12,8,9,7,8,7,13,5,5,5,5,5,5,5,5,5,5,5,5,5,5,5,5,5,5,5,5,5,5,5,5,5,5,5,5,5,5,5,5,5,5,5,5,5,5,5,5,5,5,5,5,5,5,5,5,5,5,5,5,5,5,5,5,5,5,5,5,5,5,5,5
151,875,863,873,851,863,854,861,854,878,877,878,861,870,861,854,852,875,874,883,872,883,870,857,861,893,888,891,877,863,870,867,875,907,900,890,894,886,881,877,869,911,904,904,900,881,887,879,876,927,917,906,903,895,895,884,881,922,918,904,893,903,899,903,876,7,5,4,5,5,5,5,7,7,5,5,5,5,4,4,4,8,7,5,5,5,5,4,4,7,7,6,5,4,5,5,6,9,5,5,5,5,5,5,7,5,6,7,8,6,6,7,7,8,7,6,6,7,6,7,10,9,11,7,8,7,7,7,13,5,5,5,5,5,5,5,5,5,5,5,5,5,5,5,5,5,5,5,5,5,5,5,5,5,5,5,5,5,5,5,5,5,5,5,5,5,5,5,5,5,5,5,5,5,5,5,5,5,5,5,5,5,5,5,5,5,5,5,5,5,5,5,5
152,874,879,874,877,864,847,860,860,885,893,891,871,874,869,860,861,886,901,884,885,862,866,869,862,897,897,885,882,883,867,881,864,890,890,885,890,881,877,883,874,918,894,900,909,897,889,886,880,916,922,911,893,893,887,897,898,918,924,905,907,892,900,912,868,9,7,5,6,5,5,5,6,10,5,6,4,6,5,5,5,9,7,6,6,6,6,5,6,7,7,5,5,6,6,6,8,7,6,4,6,7,7,6,8,7,7,6,6,6,6,9,6,10,8,9,8,7,6,9,11,7,18,8,13,7,6,7,15,5,5,5,5,5,5,5,5,5,5,5,5,5,5,5,5,5,5,5,5,5,5,5,5,5,5,5,5,5,5,5,5,5,5,5,5,5,5,5,5,5,5,5,5,5,5,5,5,5,5,5,5,5,5,5,5,5,5,5,5,5,5,5,5
153,883,876,870,866,858,867,841,861,880,889,872,868,866,858,856,860,893,893,879,878,863,865,868,862,885,905,883,877,882,871,877,861,888,898,897,894,877,883,873,867,910,914,892,897,904,899,885,880,908,906,899,899,894,891,879,874,928,909,908,904,905,890,901,877,7,6,5,6,4,5,5,7,7,6,5,5,5,4,5,6,10,6,6,7,4,5,5,4,7,5,7,5,5,6,6,7,8,5,5,5,7,5,5,6,6,6,5,7,8,5,9,7,8,9,7,7,5,5,5,8,7,10,5,10,8,5,6,31,5,5,5,5,5,5,5,5,5,5,5,5,5,5,5,5,5,5,5,5,5,5,5,5,5,5,5,5,5,5,5,5,5,5,5,5,5,5,5,5,5,5,5,5,5,5,5,5,5,5,5,5,5,5,5,5,5,5,5,5,5,5,5,5
154,885,881,872,859,857,863,849,838,897,877,876,864,864,866,864,858,885,887,873,884,883,860,870,871,881,897,881,885,876,875,860,859,904,901,895,896,897,896,888,872,906,900,901,901,885,882,890,882,901,899,895,899,906,911,901,894,895,922,908,911,908,897,901,878,6,6,5,6,5,7,6,6,7,5,4,6,7,4,5,5,9,9,5,5,5,6,5,6,8,6,7,4,6,6,6,8,9,6,5,6,7,6,7,6,8,6,7,7,6,6,7,8,7,8,7,7,7,7,7,10,8,12,5,8,7,6,8,15,5,5,5,5,5,5,5,5,5,5,5,5,5,5,5,5,5,5,5,5,5,5,5,5,5,5,5,5,5,5,5,5,5,5,5,5,5,5,5,5,5,5,5,5,5,5,5,5,5,5,5,5,5,5,5,5,5,5,5,5,5,5,5,5
155,870,877,880,864,861,861,864,855,877,879,874,867,870,859,860,849,885,893,880,872,874,866,860,861,906,889,884,892,876,881,867,860,890,894,881,888,889,890,865,881,897,906,903,899,886,884,896,882,897,921,915,898,894,884,895,882,931,913,897,899,893,886,902,888,7,5,5,6,4,6,6,6,7,5,4,5,5,4,5,6,8,6,6,6,5,5,4,6,8,6,6,5,6,6,5,7,7,5,5,5,6,7,6,5,7,6,5,7,6,6,6,7,6,10,7,7,7,6,7,10,11,13,6,9,7,7,7,14,5,5,5,5,5,5,5,5,5,5,5,5,5,5,5,5,5,5,5,5,5,5,5,5,5,5,5,5,5,5,5,5,5,5,5,5,5,5,5,5,5,5,5,5,5,5,5,5,5,5,5,5,5,5,5,5,5,5,5,5,5,5,5,5
156,885,884,860,866,859,865,858,847,896,878,874,869,872,864,860,857,886,878,888,870,873,875,862,869,900,893,885,872,886,872,871,864,901,898,896,894,891,876,867,874,905,886,892,884,893,890,884,876,915,900,895,882,894,895,882,884,915,926,898,899,917,886,905,889,7,5,5,7,5,7,5,6,7,5,5,5,5,4,6,6,10,8,6,6,5,5,5,5,6,7,7,5,6,6,5,7,9,6,6,5,5,7,7,7,5,6,6,8,7,6,8,6,9,11,7,7,6,5,6,9,9,10,6,9,9,6,7,15,5,5,5,5,5,5,5,5,5,5,5,5,5,5,5,5,5,5,5,5,5,5,5,5,5,5,5,5,5,5,5,5,5,5,5,5,5,5,5,5,5,5,5,5,5,5,5,5,5,5,5,5,5,5,5,5,5,5,5,5,5,5,5,5
157,876,876,875,868,847,867,853,845,892,878,875,875,868,868,865,859,891,878,884,876,876,867,863,864,888,888,901,884,879,870,874,868,889,898,898,899,884,889,878,875,904,907,897,889,898,882,895,880,914,896,903,901,894,892,891,881,928,923,917,895,897,905,898,912,7,6,5,6,4,4,5,6,8,5,6,5,5,4,5,5,10,6,6,6,5,5,5,5,6,5,6,4,5,6,6,8,9,6,6,6,6,5,5,6,8,5,6,5,7,6,8,6,7,7,7,7,7,6,6,11,8,11,6,8,7,7,8,12,5,5,5,5,5,5,5,5,5,5,5,5,5,5,5,5,5,5,5,5,5,5,5,5,5,5,5,5,5,5,5,5,5,5,5,5,5,5,5,5,5,5,5,5,5,5,5,5,5,5,5,5,5,5,5,5,5,5,5,5,5,5,5,5
158,872,881,872,871,860,855,859,851,894,877,870,870,870,869,878,858,898,882,892,884,863,883,866,854,889,893,902,879,885,872,875,867,902,898,905,892,878,882,879,877,902,904,906,902,898,895,885,889,907,899,898,909,896,890,881,883,926,904,912,899,901,901,903,869,7,7,5,5,5,6,5,8,6,5,6,5,6,5,6,5,10,7,7,6,5,7,5,4,9,5,6,4,7,6,5,9,8,5,5,5,6,6,6,6,7,6,6,7,8,6,8,8,7,10,7,7,8,5,8,9,10,10,6,10,8,8,6,17,5,5,5,5,5,5,5,5,5,5,5,5,5,5,5,5,5,5,5,5,5,5,5,5,5,5,5,5,5,5,5,5,5,5,5,5,5,5,5,5,5,5,5,5,5,5,5,5,5,5,5,5,5,5,5,5,5,5,5,5,5,5,5,5
159,880,877,870,865,858,865,857,855,887,883,874,872,874,860,865,853,888,893,880,872,875,873,862,856,894,880,885,879,886,871,868,877,914,893,897,888,882,879,881,866,918,898,899,892,879,885,875,882,915,899,912,889,875,898,885,874,919,910,912,900,904,900,914,875,5,6,4,6,4,5,5,6,8,5,5,4,5,4,5,5,10,7,5,7,5,4,5,6,8,5,7,4,7,5,7,6,7,6,5,5,6,5,7,6,8,5,6,7,9,5,7,6,9,9,7,8,6,6,6,10,7,11,5,7,7,7,6,12,5,5,5,5,5,5,5,5,5,5,5,5,5,5,5,5,5,5,5,5,5,5,5,5,5,5,5,5,5,5,5,5,5,5,5,5,5,5,5,5,5,5,5,5,5,5,5,5,5,5,5,5,5,5,5,5,5,5,5,5,5,5,5,5
160,873,887,868,878,858,859,851,831,887,881,876,870,869,868,859,868,901,887,878,882,872,875,853,872,895,883,895,879,880,885,866,866,904,897,892,892,888,884,879,870,898,909,901,904,899,894,886,888,906,912,913,905,894,903,897,874,925,909,903,900,906,907,893,911,6,6,6,6,5,5,5,5,8,5,6,6,5,5,6,5,8,9,5,5,5,6,5,6,7,7,7,5,5,4,6,7,10,6,6,6,6,8,5,5,7,6,7,8,9,6,7,8,8,8,7,7,7,6,7,12,9,12,7,9,9,7,6,13,5,5,5,5,5,5,5,5,5,5,5,5,5,5,5,5,5,5,5,5,5,5,5,5,5,5,5,5,5,5,5,5,5,5,5,5,5,5,5,5,5,5,5,5,5,5,5,5,5,5,5,5,5,5,5,5,5,5,5,5,5,5,5,5
161,883,874,880,865,876,864,865,852,884,878,887,870,866,863,863,844,888,875,879,884,878,877,863,859,894,891,884,878,886,881,874,855,901,890,890,896,890,888,875,866,907,902,908,890,886,885,885,877,893,913,896,878,903,886,865,893,913,915,910,918,896,886,880,887,7,6,6,6,4,5,6,5,7,5,4,5,6,4,5,5,9,7,6,6,5,4,5,5,7,6,6,5,5,5,6,6,9,5,5,5,5,5,5,7,8,6,5,6,6,6,7,8,6,8,6,6,7,6,7,8,11,12,8,8,6,6,6,14,5,5,5,5,5,5,5,5,5,5,5,5,5,5,5,5,5,5,5,5,5,5,5,5,5,5,5,5,5,5,5,5,5,5,5,5,5,5,5,5,5,5,5,5,5,5,5,5,5,5,5,5,5,5,5,5,5,5,5,5,5,5,5,5
162,871,882,874,868,862,864,858,855,880,884,882,856,868,862,864,864,877,880,875,875,865,877,873,861,892,891,890,879,882,870,857,869,894,891,883,891,892,884,871,873,905,900,896,894,892,888,886,873,919,918,906,898,907,897,875,885,920,906,905,906,907,902,910,884,6,7,6,7,5,6,5,6,9,6,4,5,5,5,6,5,8,9,6,6,5,5,6,5,6,5,7,5,6,6,6,8,8,6,6,6,6,5,6,6,8,6,6,6,6,7,7,6,10,8,8,8,6,6,8,9,7,10,7,7,7,6,7,12,5,5,5,5,5,5,5,5,5,5,5,5,5,5,5,5,5,5,5,5,5,5,5,5,5,5,5,5,5,5,5,5,5,5,5,5,5,5,5,5,5,5,5,5,5,5,5,5,5,5,5,5,5,5,5,5,5,5,5,5,5,5,5,5
163,886,878,866,869,861,857,859,856,882,872,875,866,870,866,855,851,904,883,887,879,874,866,864,865,888,895,894,888,882,872,871,860,909,907,885,883,890,883,879,876,896,910,899,892,880,888,873,888,923,900,901,901,876,884,884,887,907,914,904,897,903,894,901,885,7,6,6,6,5,5,5,7,6,5,5,5,5,4,4,6,7,8,6,5,5,4,5,7,9,6,6,5,6,5,6,6,10,7,5,6,8,5,6,6,6,6,6,7,6,6,5,7,6,12,7,5,6,6,7,11,10,12,7,10,7,7,7,16,5,5,5,5,5,5,5,5,5,5,5,5,5,5,5,5,5,5,5,5,5,5,5,5,5,5,5,5,5,5,5,5,5,5,5,5,5,5,5,5,5,5,5,5,5,5,5,5,5,5,5,5,5,5,5,5,5,5,5,5,5,5,5,5
164,880,874,870,873,865,860,866,838,874,887,881,874,876,861,871,857,896,890,872,880,870,865,865,863,896,892,888,878,883,880,862,875,908,908,899,895,874,881,868,867,893,900,893,902,871,880,897,878,914,913,903,908,897,900,888,903,928,936,907,896,907,895,884,885,6,6,4,6,5,6,5,6,7,7,6,7,6,5,7,5,9,9,7,6,5,6,6,7,8,7,6,5,6,5,6,9,7,5,6,7,6,6,5,7,7,6,6,8,8,7,8,6,8,10,8,9,7,6,6,9,9,12,6,9,7,9,7,12,5,5,5,5,5,5,5,5,5,5,5,5,5,5,5,5,5,5,5,5,5,5,5,5,5,5,5,5,5,5,5,5,5,5,5,5,5,5,5,5,5,5,5,5,5,5,5,5,5,5,5,5,5,5,5,5,5,5,5,5,5,5,5,5
165,874,881,871,867,860,874,863,855,888,882,871,870,853,861,861,849,888,889,880,875,881,875,866,864,896,893,887,871,877,880,864,860,923,888,889,891,886,885,887,872,899,895,893,908,889,878,876,880,918,909,903,894,888,895,893,886,941,906,908,908,903,894,893,883,6,5,6,7,5,5,5,7,8,5,4,5,5,4,5,5,8,7,5,5,4,5,5,6,7,6,6,5,6,4,5,6,7,6,5,5,5,5,6,6,6,6,6,8,6,6,7,7,7,11,7,7,6,6,8,8,11,11,8,9,6,9,8,13,5,5,5,5,5,5,5,5,5,5,5,5,5,5,5,5,5,5,5,5,5,5,5,5,5,5,5,5,5,5,5,5,5,5,5,5,5,5,5,5,5,5,5,5,5,5,5,5,5,5,5,5,5,5,5,5,5,5,5,5,5,5,5,5
166,873,869,873,871,875,861,862,856,886,884,875,872,875,863,865,847,905,894,878,888,873,866,876,857,891,895,885,882,889,876,879,864,896,891,891,891,892,891,882,867,909,899,903,886,891,868,888,870,917,928,896,883,896,906,894,906,933,928,900,895,905,890,889,897,7,6,6,8,5,6,6,6,6,5,5,5,5,4,5,5,11,8,6,7,5,5,6,6,7,6,8,6,6,6,6,7,8,7,5,5,6,5,6,7,7,7,6,8,7,7,8,7,8,10,7,8,8,6,7,8,7,18,7,8,7,6,7,17,5,5,5,5,5,5,5,5,5,5,5,5,5,5,5,5,5,5,5,5,5,5,5,5,5,5,5,5,5,5,5,5,5,5,5,5,5,5,5,5,5,5,5,5,5,5,5,5,5,5,5,5,5,5,5,5,5,5,5,5,5,5,5,5
167,885,880,872,877,863,860,861,853,889,889,878,869,867,858,862,854,899,895,883,878,874,864,871,865,901,883,875,881,882,879,877,860,888,895,887,893,886,885,872,871,906,909,903,898,899,896,880,878,914,918,909,898,897,893,894,856,930,905,899,909,903,902,892,892,7,6,6,7,5,5,5,6,6,5,5,5,7,4,6,5,8,8,6,5,6,5,5,6,7,6,6,4,6,6,6,7,9,7,5,6,5,5,6,8,7,7,5,8,7,7,7,6,9,8,7,7,7,6,8,10,9,11,7,8,7,7,7,21,5,5,5,5,5,5,5,5,5,5,5,5,5,5,5,5,5,5,5,5,5,5,5,5,5,5,5,5,5,5,5,5,5,5,5,5,5,5,5,5,5,5,5,5,5,5,5,5,5,5,5,5,5,5,5,5,5,5,5,5,5,5,5,5
168,878,868,881,862,855,875,864,848,886,883,880,872,864,864,860,865,903,882,889,868,880,879,863,870,883,895,890,876,884,878,878,862,887,893,890,902,893,876,885,878,913,902,899,894,894,880,874,878,928,926,913,891,889,896,898,906,919,919,902,913,884,891,888,886,6,6,6,6,5,5,6,6,6,5,6,6,6,5,6,6,8,9,7,6,5,5,5,5,7,5,6,5,6,6,5,7,7,6,5,6,5,6,6,7,5,6,6,7,7,7,6,7,7,10,8,7,6,5,6,8,8,12,8,11,7,6,7,16,5,5,5,5,5,5,5,5,5,5,5,5,5,5,5,5,5,5,5,5,5,5,5,5,5,5,5,5,5,5,5,5,5,5,5,5,5,5,5,5,5,5,5,5,5,5,5,5,5,5,5,5,5,5,5,5,5,5,5,5,5,5,5,5
169,884,874,872,863,858,861,856,855,908,865,881,873,865,870,861,855,882,874,889,879,870,869,866,859,902,890,892,887,882,868,868,874,907,891,902,887,879,885,876,880,909,895,897,895,884,873,886,875,910,928,901,893,900,897,892,900,915,930,912,917,896,891,895,885,6,6,5,6,5,6,5,7,7,5,6,5,6,4,5,5,7,7,6,5,5,4,4,7,8,6,5,4,5,5,5,6,8,6,5,6,6,5,6,5,6,6,5,6,8,5,7,6,7,8,7,6,6,5,6,8,8,9,8,7,7,6,8,16,5,5,5,5,5,5,5,5,5,5,5,5,5,5,5,5,5,5,5,5,5,5,5,5,5,5,5,5,5,5,5,5,5,5,5,5,5,5,5,5,5,5,5,5,5,5,5,5,5,5,5,5,5,5,5,5,5,5,5,5,5,5,5,5
170,890,885,876,860,855,866,851,865,879,880,876,871,867,863,850,867,879,891,878,897,865,884,875,867,900,899,880,896,876,882,877,881,900,903,894,898,902,891,875,869,900,908,890,889,907,886,882,884,904,912,906,905,900,897,909,888,917,925,902,922,886,891,907,896,9,6,6,6,5,6,6,8,7,5,6,5,6,5,4,7,8,7,5,7,5,6,5,7,8,6,5,5,5,5,6,7,7,7,5,6,6,6,6,7,9,7,5,7,10,6,7,7,7,10,8,6,6,5,6,11,11,9,7,11,7,6,7,14,5,5,5,5,5,5,5,5,5,5,5,5,5,5,5,5,5,5,5,5,5,5,5,5,5,5,5,5,5,5,5,5,5,5,5,5,5,5,5,5,5,5,5,5,5,5,5,5,5,5,5,5,5,5,5,5,5,5,5,5,5,5,5,5
171,882,869,859,872,860,852,861,850,879,878,872,868,879,856,860,854,889,888,886,877,870,872,870,866,881,891,893,885,879,877,862,868,905,901,901,886,894,872,878,869,918,915,888,891,888,896,886,866,911,901,898,902,886,888,888,881,914,911,901,905,887,900,898,888,8,6,5,5,4,5,5,7,8,5,5,4,5,4,5,6,8,6,5,8,5,5,5,6,8,7,7,4,5,5,6,7,8,6,6,5,5,5,5,6,7,6,6,7,6,6,7,6,7,9,7,8,6,5,6,9,10,11,7,9,6,8,6,11,5,5,5,5,5,5,5,5,5,5,5,5,5,5,5,5,5,5,5,5,5,5,5,5,5,5,5,5,5,5,5,5,5,5,5,5,5,5,5,5,5,5,5,5,5,5,5,5,5,5,5,5,5,5,5,5,5,5,5,5,5,5,5,5
172,881,873,873,874,864,859,845,845,887,875,865,873,868,861,859,850,887,885,885,874,878,870,877,866,902,888,879,879,882,875,875,859,895,902,897,890,894,871,883,868,906,912,896,892,889,889,887,879,923,910,914,892,904,886,880,887,896,895,912,894,885,890,907,905,7,7,5,7,5,5,5,7,7,6,5,5,7,5,6,6,7,6,7,6,5,5,6,5,8,5,7,5,6,6,6,8,7,6,5,5,5,5,6,6,7,7,7,6,7,6,8,6,11,10,8,7,5,6,7,8,9,12,8,11,7,6,8,13,5,5,5,5,5,5,5,5,5,5,5,5,5,5,5,5,5,5,5,5,5,5,5,5,5,5,5,5,5,5,5,5,5,5,5,5,5,5,5,5,5,5,5,5,5,5,5,5,5,5,5,5,5,5,5,5,5,5,5,5,5,5,5,5
173,877,877,879,871,861,852,867,848,895,887,874,872,878,871,857,858,891,891,878,885,875,873,862,873,893,896,868,898,877,878,876,865,907,898,888,902,879,892,881,877,908,898,898,894,883,884,894,881,900,898,903,903,889,888,883,890,920,897,916,909,893,896,893,860,6,6,5,6,5,6,5,6,6,6,5,5,6,5,5,5,10,7,6,6,5,5,4,5,7,4,6,5,6,5,5,7,8,5,5,5,7,5,5,5,7,6,6,6,6,6,8,7,6,11,7,7,7,6,6,8,7,11,5,7,6,7,8,14,5,5,5,5,5,5,5,5,5,5,5,5,5,5,5,5,5,5,5,5,5,5,5,5,5,5,5,5,5,5,5,5,5,5,5,5,5,5,5,5,5,5,5,5,5,5,5,5,5,5,5,5,5,5,5,5,5,5,5,5,5,5,5,5
174,869,877,869,862,861,859,864,846,885,882,873,873,885,869,860,856,882,883,878,879,870,859,869,852,894,880,895,883,884,867,867,863,892,905,894,892,886,871,877,881,926,895,893,887,890,901,881,878,901,915,891,883,896,891,897,905,921,917,913,900,902,892,894,890,6,7,5,7,5,6,5,7,8,5,5,5,7,5,6,5,9,7,6,6,6,5,5,5,7,5,7,5,6,5,5,8,8,6,5,5,7,7,6,7,8,6,6,5,7,7,7,7,8,9,8,6,6,8,7,9,7,10,7,9,7,7,9,17,5,5,5,5,5,5,5,5,5,5,5,5,5,5,5,5,5,5,5,5,5,5,5,5,5,5,5,5,5,5,5,5,5,5,5,5,5,5,5,5,5,5,5,5,5,5,5,5,5,5,5,5,5,5,5,5,5,5,5,5,5,5,5,5
175,881,887,866,860,862,852,854,845,885,875,870,878,864,863,862,853,899,897,881,866,878,864,865,866,889,892,879,879,880,868,873,871,906,893,895,882,889,884,875,869,902,906,895,888,884,877,885,878,920,899,915,901,878,901,902,865,934,907,922,905,897,897,907,898,7,5,5,6,5,6,5,6,8,5,5,5,5,5,5,5,10,6,5,5,6,5,5,6,7,6,6,5,5,5,6,6,9,5,5,5,7,5,5,6,6,4,6,7,6,6,6,6,7,10,8,7,6,5,6,10,9,13,6,9,7,6,7,17,5,5,5,5,5,5,5,5,5,5,5,5,5,5,5,5,5,5,5,5,5,5,5,5,5,5,5,5,5,5,5,5,5,5,5,5,5,5,5,5,5,5,5,5,5,5,5,5,5,5,5,5,5,5,5,5,5,5,5,5,5,5,5,5
176,885,877,870,858,860,866,860,851,877,882,876,869,871,863,871,863,886,884,895,888,873,878,864,859,893,891,891,889,877,880,871,871,898,899,889,891,886,883,876,870,917,898,893,893,900,886,892,876,911,908,906,895,889,907,883,882,929,897,912,914,907,898,889,910,9,7,6,6,5,5,5,8,7,5,5,5,6,5,6,4,8,7,6,6,6,5,5,5,6,6,6,4,5,6,6,6,9,6,5,6,5,5,6,5,6,6,6,5,8,6,7,7,8,9,9,9,7,6,6,11,8,10,8,13,7,7,8,15,5,5,5,5,5,5,5,5,5,5,5,5,5,5,5,5,5,5,5,5,5,5,5,5,5,5,5,5,5,5,5,5,5,5,5,5,5,5,5,5,5,5,5,5,5,5,5,5,5,5,5,5,5,5,5,5,5,5,5,5,5,5,5,5
177,879,877,870,860,858,856,863,858,891,896,881,864,874,861,862,860,883,889,876,879,874,869,870,867,893,885,880,880,882,878,871,868,901,899,893,899,879,883,879,873,905,903,896,897,899,883,879,885,928,903,908,888,911,891,897,877,938,897,910,902,900,896,885,914,7,5,5,6,5,6,5,7,7,7,5,4,5,4,5,5,8,7,5,6,5,5,5,5,6,6,5,4,5,5,5,7,8,5,5,5,6,5,6,8,6,6,6,6,8,5,6,7,10,9,7,8,6,5,7,9,9,11,5,8,7,6,7,15,5,5,5,5,5,5,5,5,5,5,5,5,5,5,5,5,5,5,5,5,5,5,5,5,5,5,5,5,5,5,5,5,5,5,5,5,5,5,5,5,5,5,5,5,5,5,5,5,5,5,5,5,5,5,5,5,5,5,5,5,5,5,5,5
178,883,873,875,856,858,857,865,845,886,886,875,878,874,867,859,866,922,884,869,878,871,875,867,867,889,895,893,890,890,871,874,850,904,892,889,877,890,877,872,867,901,901,903,891,892,886,870,873,909,896,899,894,892,900,897,879,921,946,911,898,905,893,892,879,7,7,5,6,5,6,5,6,8,6,5,6,5,5,5,6,10,9,7,6,5,6,5,5,7,7,5,5,6,6,6,6,9,6,5,6,5,6,5,5,8,7,7,6,7,6,7,6,9,9,10,7,7,6,7,11,8,14,8,9,7,7,7,17,5,5,5,5,5,5,5,5,5,5,5,5,5,5,5,5,5,5,5,5,5,5,5,5,5,5,5,5,5,5,5,5,5,5,5,5,5,5,5,5,5,5,5,5,5,5,5,5,5,5,5,5,5,5,5,5,5,5,5,5,5,5,5,5
179,876,873,868,864,858,857,848,855,877,869,878,878,876,861,857,853,898,898,880,884,879,871,862,863,896,893,885,882,881,874,869,862,905,902,880,897,887,880,880,866,904,891,906,892,903,890,880,872,916,925,906,900,885,897,893,886,926,916,905,909,894,900,892,864,7,5,5,5,5,6,5,7,6,6,5,5,5,4,5,6,8,7,6,6,6,5,5,5,7,6,8,6,6,6,5,7,10,6,4,5,7,6,5,6,7,7,6,7,8,6,6,6,8,8,9,7,6,6,7,9,8,12,6,7,6,6,7,15,5,5,5,5,5,5,5,5,5,5,5,5,5,5,5,5,5,5,5,5,5,5,5,5,5,5,5,5,5,5,5,5,5,5,5,5,5,5,5,5,5,5,5,5,5,5,5,5,5,5,5,5,5,5,5,5,5,5,5,5,5,5,5,5
180,877,883,858,874,867,858,860,852,890,876,881,870,870,863,863,851,890,899,874,863,886,875,860,868,900,889,890,879,882,880,871,867,889,903,890,883,887,882,873,870,909,906,898,898,888,899,886,881,907,891,900,899,895,894,891,895,918,935,912,902,907,901,910,898,7,5,5,5,5,6,5,6,7,5,6,5,5,5,6,6,10,8,5,7,5,5,5,5,7,6,7,6,7,6,6,7,8,6,5,7,6,6,6,6,9,6,6,7,8,6,8,7,7,9,8,7,6,6,7,9,9,12,7,9,7,6,8,14,5,5,5,5,5,5,5,5,5,5,5,5,5,5,5,5,5,5,5,5,5,5,5,5,5,5,5,5,5,5,5,5,5,5,5,5,5,5,5,5,5,5,5,5,5,5,5,5,5,5,5,5,5,5,5,5,5,5,5,5,5,5,5,5
181,889,877,885,870,864,861,861,852,892,865,867,865,869,860,870,851,873,881,870,870,868,868,864,863,898,890,888,878,883,882,873,874,911,882,892,887,891,886,878,871,899,898,905,908,899,880,887,882,903,913,906,898,896,887,879,895,913,906,912,913,911,898,898,899,5,6,6,7,5,6,4,7,7,6,5,4,5,4,5,5,8,7,5,6,5,6,5,7,8,6,7,6,6,5,6,6,8,4,5,6,5,5,6,6,7,6,6,8,8,5,8,8,7,9,8,7,6,7,7,9,8,10,6,9,7,6,8,13,5,5,5,5,5,5,5,5,5,5,5,5,5,5,5,5,5,5,5,5,5,5,5,5,5,5,5,5,5,5,5,5,5,5,5,5,5,5,5,5,5,5,5,5,5,5,5,5,5,5,5,5,5,5,5,5,5,5,5,5,5,5,5,5
182,875,864,876,874,869,856,859,848,889,896,864,886,883,868,860,861,889,881,875,893,860,872,859,861,896,889,885,874,888,871,863,871,893,902,898,891,873,876,875,886,902,891,908,911,890,897,875,888,914,897,899,904,891,894,886,888,927,924,897,908,907,890,892,898,6,6,5,6,6,6,6,7,6,6,5,6,5,5,5,5,10,8,5,6,4,5,4,5,8,6,6,5,6,5,6,8,7,5,5,5,6,5,6,6,8,7,8,9,7,7,7,7,8,7,8,7,7,6,6,9,11,16,7,10,7,6,8,15,5,5,5,5,5,5,5,5,5,5,5,5,5,5,5,5,5,5,5,5,5,5,5,5,5,5,5,5,5,5,5,5,5,5,5,5,5,5,5,5,5,5,5,5,5,5,5,5,5,5,5,5,5,5,5,5,5,5,5,5,5,5,5,5
183,878,874,865,868,855,856,855,855,877,877,880,872,872,869,865,853,895,888,887,877,880,874,862,863,903,902,889,881,875,878,865,857,890,893,890,883,896,882,873,875,902,904,909,900,903,886,883,894,923,922,912,897,885,877,885,890,916,923,907,898,909,893,894,881,6,6,7,6,4,5,5,7,8,6,5,5,5,5,6,5,8,5,6,5,4,5,5,4,9,5,6,5,6,6,6,6,7,6,6,6,5,5,6,7,6,5,5,7,7,6,7,7,7,8,7,6,6,7,6,9,9,12,7,10,7,6,6,26,5,5,5,5,5,5,5,5,5,5,5,5,5,5,5,5,5,5,5,5,5,5,5,5,5,5,5,5,5,5,5,5,5,5,5,5,5,5,5,5,5,5,5,5,5,5,5,5,5,5,5,5,5,5,5,5,5,5,5,5,5,5,5,5
184,875,875,873,876,864,857,865,856,866,875,870,878,868,870,861,863,890,880,864,874,883,875,876,861,891,895,882,886,873,873,872,849,901,893,903,890,883,880,879,861,903,905,891,885,881,887,882,880,921,927,910,897,887,894,905,872,923,910,914,907,904,913,890,896,6,6,5,6,5,6,6,7,6,4,5,5,5,5,7,6,9,8,6,6,5,5,6,6,7,6,6,5,6,6,6,7,10,5,6,6,7,6,6,6,7,6,6,7,8,6,7,7,9,9,9,7,7,7,8,10,9,17,6,10,8,8,8,17,5,5,5,5,5,5,5,5,5,5,5,5,5,5,5,5,5,5,5,5,5,5,5,5,5,5,5,5,5,5,5,5,5,5,5,5,5,5,5,5,5,5,5,5,5,5,5,5,5,5,5,5,5,5,5,5,5,5,5,5,5,5,5,5
185,891,880,871,869,861,863,850,846,890,871,873,874,862,872,856,859,894,886,891,870,871,867,863,855,904,884,895,878,876,876,873,865,900,892,888,882,892,880,873,873,910,901,914,897,896,889,885,891,925,923,905,898,892,882,900,896,910,921,920,891,898,888,906,900,9,8,5,6,5,6,5,6,6,5,4,5,5,4,5,5,10,9,6,6,5,5,5,6,9,6,6,5,6,4,7,8,8,6,5,6,5,6,5,6,6,7,5,6,7,5,6,7,6,8,8,8,7,6,6,10,8,13,6,9,7,6,8,13,5,5,5,5,5,5,5,5,5,5,5,5,5,5,5,5,5,5,5,5,5,5,5,5,5,5,5,5,5,5,5,5,5,5,5,5,5,5,5,5,5,5,5,5,5,5,5,5,5,5,5,5,5,5,5,5,5,5,5,5,5,5,5,5
186,894,879,876,875,856,854,855,862,878,881,873,864,865,864,860,847,873,882,870,876,880,872,859,865,910,888,881,886,881,884,864,866,902,891,890,889,881,890,894,873,905,903,906,886,899,885,865,880,921,901,898,900,895,888,892,887,936,910,908,906,908,903,886,921,8,5,5,5,5,5,5,6,7,6,5,5,6,5,5,5,9,6,7,6,5,5,5,6,9,6,6,5,5,5,6,8,10,6,5,6,7,5,5,8,8,5,7,7,8,7,6,7,7,10,8,8,7,8,6,8,9,11,7,12,7,9,7,20,5,5,5,5,5,5,5,5,5,5,5,5,5,5,5,5,5,5,5,5,5,5,5,5,5,5,5,5,5,5,5,5,5,5,5,5,5,5,5,5,5,5,5,5,5,5,5,5,5,5,5,5,5,5,5,5,5,5,5,5,5,5,5,5
187,880,872,873,874,861,854,852,859,883,881,873,872,864,871,870,856,891,880,881,862,871,873,864,858,910,897,884,884,874,875,875,856,905,899,893,881,893,885,879,888,909,905,902,888,891,890,881,883,909,883,912,907,889,891,887,899,928,918,911,902,883,901,912,884,8,6,4,7,5,5,4,6,7,5,5,5,6,5,5,5,11,7,6,6,5,5,5,5,8,5,7,5,5,4,5,6,10,5,5,7,5,5,6,6,6,6,6,7,7,6,6,7,8,8,7,7,7,5,6,9,8,11,6,10,7,7,8,13,5,5,5,5,5,5,5,5,5,5,5,5,5,5,5,5,5,5,5,5,5,5,5,5,5,5,5,5,5,5,5,5,5,5,5,5,5,5,5,5,5,5,5,5,5,5,5,5,5,5,5,5,5,5,5,5,5,5,5,5,5,5,5,5
188,877,879,872,869,870,864,862,861,890,882,870,869,864,862,871,861,887,887,879,875,881,864,879,866,900,897,885,895,880,876,865,856,899,903,894,883,886,873,884,864,912,900,885,900,897,874,881,890,912,918,889,888,899,889,889,888,909,920,916,898,904,888,885,894,6,6,5,7,6,5,5,7,7,6,5,5,6,4,5,5,7,8,6,7,4,6,6,6,9,7,7,4,6,6,5,6,9,6,5,7,6,6,7,6,6,5,6,8,8,5,6,9,9,9,6,8,7,6,7,7,7,12,7,9,9,6,7,15,5,5,5,5,5,5,5,5,5,5,5,5,5,5,5,5,5,5,5,5,5,5,5,5,5,5,5,5,5,5,5,5,5,5,5,5,5,5,5,5,5,5,5,5,5,5,5,5,5,5,5,5,5,5,5,5,5,5,5,5,5,5,5,5
189,876,874,883,870,862,866,860,850,871,874,879,871,871,866,863,858,895,882,875,879,878,872,862,863,880,891,891,880,881,874,873,864,888,899,896,892,879,885,870,880,895,903,887,893,882,879,874,883,916,918,891,914,897,902,888,880,923,914,911,907,903,894,896,870,6,6,6,5,4,6,6,6,7,5,5,5,7,4,5,5,9,7,5,6,4,5,5,5,8,7,6,5,6,5,6,7,6,6,6,5,6,6,6,5,6,6,5,6,8,6,6,6,8,8,7,7,7,6,6,9,9,10,6,10,9,6,7,16,5,5,5,5,5,5,5,5,5,5,5,5,5,5,5,5,5,5,5,5,5,5,5,5,5,5,5,5,5,5,5,5,5,5,5,5,5,5,5,5,5,5,5,5,5,5,5,5,5,5,5,5,5,5,5,5,5,5,5,5,5,5,5,5
190,883,876,875,878,865,858,850,857,882,876,874,873,864,861,856,870,884,874,884,884,871,867,864,870,899,898,886,883,883,869,873,871,920,893,890,890,891,895,879,888,915,902,902,902,892,885,875,879,902,909,917,905,904,886,886,883,928,889,914,896,885,882,908,872,7,7,5,5,5,6,5,6,8,6,5,5,6,5,5,5,10,7,6,6,5,5,5,6,8,5,7,5,7,7,6,8,8,5,5,6,7,6,6,6,8,6,5,7,8,6,6,8,6,8,8,7,6,5,6,8,8,12,7,9,6,6,8,13,5,5,5,5,5,5,5,5,5,5,5,5,5,5,5,5,5,5,5,5,5,5,5,5,5,5,5,5,5,5,5,5,5,5,5,5,5,5,5,5,5,5,5,5,5,5,5,5,5,5,5,5,5,5,5,5,5,5,5,5,5,5,5,5
191,871,880,865,856,854,864,858,850,882,883,876,863,865,864,869,857,891,877,880,875,873,875,855,861,902,893,875,874,873,879,879,865,915,891,892,904,878,890,877,877,902,909,905,901,905,873,885,868,915,918,878,897,895,903,876,867,921,917,910,889,909,888,896,895,6,7,5,6,4,6,5,7,6,5,5,5,5,5,6,5,8,6,5,7,6,5,5,5,8,6,6,5,5,6,5,6,8,5,5,6,6,5,6,5,6,7,7,7,7,6,6,5,8,7,7,7,6,6,6,9,7,14,5,9,7,7,5,12,5,5,5,5,5,5,5,5,5,5,5,5,5,5,5,5,5,5,5,5,5,5,5,5,5,5,5,5,5,5,5,5,5,5,5,5,5,5,5,5,5,5,5,5,5,5,5,5,5,5,5,5,5,5,5,5,5,5,5,5,5,5,5,5
192,890,884,882,858,860,871,858,853,889,877,873,877,869,858,850,860,882,886,874,888,878,872,877,863,885,898,883,887,884,888,883,861,880,889,885,896,889,894,882,871,909,895,896,899,887,885,881,868,908,917,899,894,878,890,895,865,919,917,918,920,910,901,895,897,8,5,5,6,4,6,6,6,7,5,5,6,6,4,6,5,10,7,6,7,4,5,6,5,7,5,7,5,5,5,8,7,9,5,5,7,5,5,6,9,8,8,6,7,6,5,8,8,7,8,7,7,7,8,7,9,8,13,6,8,8,7,9,16,5,5,5,5,5,5,5,5,5,5,5,5,5,5,5,5,5,5,5,5,5,5,5,5,5,5,5,5,5,5,5,5,5,5,5,5,5,5,5,5,5,5,5,5,5,5,5,5,5,5,5,5,5,5,5,5,5,5,5,5,5,5,5,5
193,872,875,871,875,862,860,857,848,886,875,877,872,867,854,860,854,883,892,877,866,876,865,869,857,890,883,878,881,876,875,865,862,893,890,888,882,879,878,874,874,926,900,905,891,889,880,873,874,922,918,904,914,905,893,890,885,922,917,912,924,883,896,902,900,6,7,5,5,4,6,5,6,6,4,5,5,5,4,5,5,7,6,5,6,4,5,6,6,7,5,7,5,5,6,6,6,7,5,5,6,6,6,6,5,7,6,5,6,7,6,6,5,9,10,8,8,6,5,7,9,9,10,6,7,7,8,8,13,5,5,5,5,5,5,5,5,5,5,5,5,5,5,5,5,5,5,5,5,5,5,5,5,5,5,5,5,5,5,5,5,5,5,5,5,5,5,5,5,5,5,5,5,5,5,5,5,5,5,5,5,5,5,5,5,5,5,5,5,5,5,5,5
194,874,880,870,872,863,861,861,859,885,878,879,861,863,866,861,858,891,896,885,882,870,862,873,858,908,882,881,887,876,867,871,871,885,900,878,881,889,879,890,880,907,906,898,905,903,898,904,872,889,912,913,882,892,884,894,865,944,920,905,916,917,888,890,887,7,5,5,5,5,6,5,8,7,6,6,5,5,6,5,5,9,7,6,6,5,6,6,6,9,6,6,5,7,5,6,7,9,5,5,5,6,7,6,8,7,9,7,9,8,6,6,8,7,10,8,8,7,5,8,7,10,11,7,9,10,8,9,12,5,5,5,5,5,5,5,5,5,5,5,5,5,5,5,5,5,5,5,5,5,5,5,5,5,5,5,5,5,5,5,5,5,5,5,5,5,5,5,5,5,5,5,5,5,5,5,5,5,5,5,5,5,5,5,5,5,5,5,5,5,5,5,5
195,882,885,871,867,867,869,858,852,886,874,871,871,881,866,861,845,887,904,886,876,876,876,865,850,883,906,885,879,883,878,867,862,906,897,895,897,885,877,883,870,909,901,897,896,901,882,867,880,911,907,907,900,886,883,889,861,921,917,912,910,905,890,895,856,7,5,4,5,5,4,5,6,7,5,5,5,5,5,5,5,8,7,6,5,5,5,5,5,8,6,6,5,6,5,5,6,8,6,5,4,7,6,5,7,8,5,6,7,8,5,6,6,7,8,7,7,6,6,7,11,8,14,6,10,8,5,6,13,5,5,5,5,5,5,5,5,5,5,5,5,5,5,5,5,5,5,5,5,5,5,5,5,5,5,5,5,5,5,5,5,5,5,5,5,5,5,5,5,5,5,5,5,5,5,5,5,5,5,5,5,5,5,5,5,5,5,5,5,5,5,5,5
196,864,879,875,874,861,865,854,854,868,876,874,868,877,863,873,855,911,898,882,886,871,856,864,879,900,888,879,885,879,857,875,862,892,891,881,891,882,878,883,868,902,889,892,877,885,896,874,874,906,909,901,898,900,899,889,887,925,900,910,911,900,891,914,913,6,7,6,6,5,6,6,7,7,7,5,5,6,5,5,5,8,8,6,6,5,6,5,6,10,7,7,5,6,5,6,8,8,7,5,7,7,6,6,5,7,7,5,6,7,6,7,6,8,11,8,7,8,6,7,10,10,11,6,9,8,6,8,11,5,5,5,5,5,5,5,5,5,5,5,5,5,5,5,5,5,5,5,5,5,5,5,5,5,5,5,5,5,5,5,5,5,5,5,5,5,5,5,5,5,5,5,5,5,5,5,5,5,5,5,5,5,5,5,5,5,5,5,5,5,5,5,5
197,892,875,878,857,856,867,854,853,886,879,870,864,876,871,860,860,898,878,886,868,879,863,866,863,881,887,891,878,875,871,878,850,888,886,894,882,886,891,883,870,899,911,896,886,896,886,886,878,895,909,898,906,888,891,891,880,889,928,916,915,917,891,895,887,7,6,5,6,4,6,5,5,9,5,5,5,5,5,5,5,6,9,6,5,5,5,6,6,8,5,7,5,5,5,6,7,8,6,5,7,6,6,6,6,7,6,6,6,6,5,7,6,6,7,5,8,6,5,7,10,8,9,7,8,6,6,9,18,5,5,5,5,5,5,5,5,5,5,5,5,5,5,5,5,5,5,5,5,5,5,5,5,5,5,5,5,5,5,5,5,5,5,5,5,5,5,5,5,5,5,5,5,5,5,5,5,5,5,5,5,5,5,5,5,5,5,5,5,5,5,5,5
198,875,870,867,862,863,853,851,843,880,876,884,873,869,867,867,853,886,881,879,881,878,877,859,858,881,888,889,885,879,866,867,868,890,901,893,887,885,884,888,879,915,907,904,895,887,895,891,867,904,908,915,901,900,890,890,894,941,919,905,882,901,902,895,924,7,6,5,7,5,5,6,7,8,5,5,6,5,5,5,5,8,7,5,6,5,5,5,7,8,6,6,6,6,5,5,7,8,5,5,6,7,6,7,6,6,5,7,8,7,7,6,7,7,10,8,7,8,6,7,11,11,16,7,8,7,7,9,17,5,5,5,5,5,5,5,5,5,5,5,5,5,5,5,5,5,5,5,5,5,5,5,5,5,5,5,5,5,5,5,5,5,5,5,5,5,5,5,5,5,5,5,5,5,5,5,5,5,5,5,5,5,5,5,5,5,5,5,5,5,5,5,5
199,887,888,870,866,855,862,851,840,888,879,876,874,867,870,855,846,888,893,873,877,866,870,868,866,899,903,893,882,870,876,870,869,898,908,893,898,891,884,879,868,898,903,892,906,885,895,890,876,916,917,911,899,897,892,896,882,932,916,912,920,891,881,889,891,7,5,4,6,5,6,5,7,6,6,5,5,6,5,5,6,8,6,5,6,5,4,5,6,6,5,6,4,6,5,4,5,7,4,5,5,5,5,6,6,7,6,6,8,7,7,7,7,9,9,8,6,7,5,7,9,8,9,8,9,5,6,7,9,5,5,5,5,5,5,5,5,5,5,5,5,5,5,5,5,5,5,5,5,5,5,5,5,5,5,5,5,5,5,5,5,5,5,5,5,5,5,5,5,5,5,5,5,5,5,5,5,5,5,5,5,5,5,5,5,5,5,5,5,5,5,5,5
