frame,dist_z0,dist_z1,dist_z2,dist_z3,dist_z4,dist_z5,dist_z6,dist_z7,dist_z8,dist_z9,dist_z10,dist_z11,dist_z12,dist_z13,dist_z14,dist_z15,dist_z16,dist_z17,dist_z18,dist_z19,dist_z20,dist_z21,dist_z22,dist_z23,dist_z24,dist_z25,dist_z26,dist_z27,dist_z28,dist_z29,dist_z30,dist_z31,dist_z32,dist_z33,dist_z34,dist_z35,dist_z36,dist_z37,dist_z38,dist_z39,dist_z40,dist_z41,dist_z42,dist_z43,dist_z44,dist_z45,dist_z46,dist_z47,dist_z48,dist_z49,dist_z50,dist_z51,dist_z52,dist_z53,dist_z54,dist_z55,dist_z56,dist_z57,dist_z58,dist_z59,dist_z60,dist_z61,dist_z62,dist_z63,sigma_z0,sigma_z1,sigma_z2,sigma_z3,sigma_z4,sigma_z5,sigma_z6,sigma_z7,sigma_z8,sigma_z9,sigma_z10,sigma_z11,sigma_z12,sigma_z13,sigma_z14,sigma_z15,sigma_z16,sigma_z17,sigma_z18,sigma_z19,sigma_z20,sigma_z21,sigma_z22,sigma_z23,sigma_z24,sigma_z25,sigma_z26,sigma_z27,sigma_z28,sigma_z29,sigma_z30,sigma_z31,sigma_z32,sigma_z33,sigma_z34,sigma_z35,sigma_z36,sigma_z37,sigma_z38,sigma_z39,sigma_z40,sigma_z41,sigma_z42,sigma_z43,sigma_z44,sigma_z45,sigma_z46,sigma_z47,sigma_z48,sigma_z49,sigma_z50,sigma_z51,sigma_z52,sigma_z53,sigma_z54,sigma_z55,sigma_z56,sigma_z57,sigma_z58,sigma_z59,sigma_z60,sigma_z61,sigma_z62,sigma_z63,status_z0,status_z1,status_z2,status_z3,status_z4,status_z5,status_z6,status_z7,status_z8,status_z9,status_z10,status_z11,status_z12,status_z13,status_z14,status_z15,status_z16,status_z17,status_z18,status_z19,status_z20,status_z21,status_z22,status_z23,status_z24,status_z25,status_z26,status_z27,status_z28,status_z29,status_z30,status_z31,status_z32,status_z33,status_z34,status_z35,status_z36,status_z37,status_z38,status_z39,status_z40,status_z41,status_z42,status_z43,status_z44,status_z45,status_z46,status_z47,status_z48,status_z49,status_z50,status_z51,status_z52,status_z53,status_z54,status_z55,status_z56,status_z57,status_z58,status_z59,status_z60,status_z61,status_z62,status_z63
0,674,684,669,669,665,655,659,656,683,685,673,662,658,658,665,661,690,690,676,678,684,671,666,659,697,693,700,684,678,669,676,667,717,700,698,696,691,681,672,677,719,710,706,694,697,692,690,676,716,710,714,712,688,708,687,702,729,728,722,716,702,706,708,706,4,4,4,5,3,4,4,4,5,4,4,4,4,3,4,4,6,5,5,4,4,4,4,4,6,4,5,4,4,4,5,5,5,4,4,5,4,4,5,4,6,5,4,5,5,4,5,5,5,7,6,5,5,6,6,8,8,8,6,7,6,5,6,10,5,5,5,5,5,5,5,5,5,5,5,5,5,5,5,5,5,5,5,5,5,5,5,5,5,5,5,5,5,5,5,5,5,5,5,5,5,5,5,5,5,5,5,5,5,5,5,5,5,5,5,5,5,5,5,5,5,5,5,5,5,5,5,5
1,673,673,674,654,657,655,661,656,696,683,673,673,664,668,655,661,675,683,686,685,680,664,672,666,708,698,683,685,682,675,676,682,708,696,700,695,691,689,675,678,713,706,704,705,700,688,681,686,709,724,714,722,696,705,691,675,738,736,713,714,699,699,714,684,5,5,4,4,4,4,4,6,5,5,5,5,4,5,4,4,6,5,5,5,4,4,4,4,5,5,5,4,4,4,5,5,6,5,4,4,5,5,4,5,6,5,5,5,6,6,5,5,7,7,5,6,5,4,5,6,8,10,5,8,6,6,7,9,5,5,5,5,5,5,5,5,5,5,5,5,5,5,5,5,5,5,5,5,5,5,5,5,5,5,5,5,5,5,5,5,5,5,5,5,5,5,5,5,5,5,5,5,5,5,5,5,5,5,5,5,5,5,5,5,5,5,5,5,5,5,5,5
2,677,673,672,672,659,659,651,643,686,685,679,672,674,666,648,659,690,695,678,681,672,661,663,660,704,685,690,683,684,684,675,669,698,703,702,694,683,692,678,672,716,698,709,695,690,681,692,683,721,699,703,706,692,693,697,688,721,735,714,712,708,702,696,703,5,5,4,4,4,4,4,4,5,5,4,4,4,4,4,3,6,6,5,5,3,4,4,4,5,5,5,4,4,4,5,4,6,5,4,5,5,5,4,5,5,5,6,5,5,5,5,5,6,6,6,5,4,5,5,5,7,7,5,7,6,5,5,8,5,5,5,5,5,5,5,5,5,5,5,5,5,5,5,5,5,5,5,5,5,5,5,5,5,5,5,5,5,5,5,5,5,5,5,5,5,5,5,5,5,5,5,5,5,5,5,5,5,5,5,5,5,5,5,5,5,5,5,5,5,5,5,5
3,678,666,665,673,656,660,651,650,694,676,680,666,669,669,654,664,694,682,683,680,680,671,666,666,694,698,684,686,673,677,667,668,696,711,701,694,681,686,682,682,715,705,700,706,694,691,688,681,711,718,719,713,693,696,689,688,724,715,719,716,700,693,692,708,5,5,4,5,4,4,4,5,5,4,4,4,4,4,4,4,8,5,5,5,4,4,4,4,7,5,6,4,5,4,5,5,7,5,4,4,5,5,4,5,5,6,4,6,6,4,4,5,6,7,5,5,5,6,5,6,9,9,6,7,6,6,7,9,5,5,5,5,5,5,5,5,5,5,5,5,5,5,5,5,5,5,5,5,5,5,5,5,5,5,5,5,5,5,5,5,5,5,5,5,5,5,5,5,5,5,5,5,5,5,5,5,5,5,5,5,5,5,5,5,5,5,5,5,5,5,5,5
4,682,669,668,667,658,657,649,655,686,676,677,669,657,658,661,651,690,687,680,676,670,665,671,662,706,699,688,683,674,675,677,672,702,703,694,685,700,683,673,681,710,704,693,691,697,685,687,680,716,710,707,705,701,704,690,686,719,737,722,701,699,703,694,688,6,5,4,4,4,4,4,5,5,4,4,4,4,3,5,4,5,5,4,5,3,4,4,4,5,4,5,4,4,4,6,5,7,5,4,4,6,5,4,5,5,6,4,5,5,5,5,5,7,6,6,6,4,6,6,7,6,10,6,7,5,5,5,11,5,5,5,5,5,5,5,5,5,5,5,5,5,5,5,5,5,5,5,5,5,5,5,5,5,5,5,5,5,5,5,5,5,5,5,5,5,5,5,5,5,5,5,5,5,5,5,5,5,5,5,5,5,5,5,5,5,5,5,5,5,5,5,5
5,675,674,673,660,660,655,663,661,686,675,686,679,667,663,659,662,691,686,695,680,675,667,662,666,695,687,691,684,678,680,672,671,707,697,692,692,680,682,681,685,715,704,698,708,695,689,701,696,714,730,713,691,700,700,693,697,736,734,725,698,696,702,706,677,5,4,4,4,4,5,4,4,5,4,4,4,4,3,4,4,7,6,4,5,4,4,4,5,6,4,4,4,4,4,5,5,6,5,5,5,5,5,4,5,5,5,5,5,5,5,6,5,6,9,6,6,5,5,5,7,7,9,6,7,6,6,6,8,5,5,5,5,5,5,5,5,5,5,5,5,5,5,5,5,5,5,5,5,5,5,5,5,5,5,5,5,5,5,5,5,5,5,5,5,5,5,5,5,5,5,5,5,5,5,5,5,5,5,5,5,5,5,5,5,5,5,5,5,5,5,5,5
6,678,671,666,663,658,660,656,654,686,675,682,672,668,652,662,661,692,687,681,678,678,674,664,669,697,697,695,688,677,677,669,670,708,701,693,696,686,681,682,675,712,699,704,702,701,681,684,675,717,721,712,700,694,700,689,683,723,717,719,714,703,705,703,688,6,5,4,4,4,4,4,5,5,4,4,4,4,3,4,4,5,5,4,5,4,4,4,4,5,4,6,4,4,4,4,5,7,4,4,5,5,5,4,5,5,6,5,5,5,5,5,5,6,8,6,6,5,5,6,6,8,8,6,7,6,5,5,10,5,5,5,5,5,5,5,5,5,5,5,5,5,5,5,5,5,5,5,5,5,5,5,5,5,5,5,5,5,5,5,5,5,5,5,5,5,5,5,5,5,5,5,5,5,5,5,5,5,5,5,5,5,5,5,5,5,5,5,5,5,5,5,5
7,692,673,672,664,662,666,656,658,689,673,675,684,671,667,660,654,688,691,687,686,674,674,663,661,695,691,687,681,675,684,670,674,716,700,690,693,693,686,684,680,702,706,711,702,688,686,692,685,729,707,704,709,696,703,690,696,724,728,714,718,686,714,707,689,5,4,4,5,4,4,4,4,4,4,4,4,5,4,4,4,6,6,4,4,4,4,4,4,6,4,6,4,4,5,5,5,7,5,5,4,5,5,5,5,5,6,5,5,6,4,5,6,6,7,7,7,5,5,7,8,7,8,5,8,5,6,5,10,5,5,5,5,5,5,5,5,5,5,5,5,5,5,5,5,5,5,5,5,5,5,5,5,5,5,5,5,5,5,5,5,5,5,5,5,5,5,5,5,5,5,5,5,5,5,5,5,5,5,5,5,5,5,5,5,5,5,5,5,5,5,5,5
8,668,684,658,660,659,659,651,651,689,676,682,673,661,660,653,652,687,697,682,676,670,669,666,659,702,697,691,690,675,675,672,661,708,697,700,697,692,695,672,671,720,706,703,699,685,685,690,683,728,711,703,710,695,691,697,689,712,725,709,692,697,704,708,710,5,5,4,4,3,4,3,4,5,4,4,3,4,4,4,4,6,6,4,5,3,4,4,4,6,5,6,4,3,4,5,4,5,4,4,3,5,4,4,4,5,5,4,5,5,5,5,6,8,6,5,6,5,5,5,6,6,8,5,7,5,5,5,7,5,5,5,5,5,5,5,5,5,5,5,5,5,5,5,5,5,5,5,5,5,5,5,5,5,5,5,5,5,5,5,5,5,5,5,5,5,5,5,5,5,5,5,5,5,5,5,5,5,5,5,5,5,5,5,5,5,5,5,5,5,5,5,5
9,677,683,666,672,661,658,662,646,678,685,680,671,674,664,663,656,710,681,680,679,677,668,664,662,680,692,703,686,689,681,678,675,713,705,701,695,680,677,693,674,719,703,707,695,698,687,692,683,712,716,699,710,707,704,688,695,731,722,717,717,701,701,699,679,6,4,4,5,3,5,4,5,6,4,4,4,5,4,4,4,7,5,5,5,4,4,5,4,6,4,5,4,5,4,4,5,6,5,4,5,5,4,4,5,6,5,5,6,7,4,5,6,8,6,6,7,6,6,5,6,9,9,4,7,7,5,5,10,5,5,5,5,5,5,5,5,5,5,5,5,5,5,5,5,5,5,5,5,5,5,5,5,5,5,5,5,5,5,5,5,5,5,5,5,5,5,5,5,5,5,5,5,5,5,5,5,5,5,5,5,5,5,5,5,5,5,5,5,5,5,5,5
10,680,677,671,669,659,659,661,651,689,675,677,674,666,663,664,652,688,693,682,686,680,664,666,668,701,685,690,684,684,678,667,672,710,700,695,687,677,689,685,674,707,701,702,706,700,699,695,680,715,715,711,706,697,698,692,698,705,711,724,699,713,701,698,702,5,4,4,4,4,4,3,4,5,4,4,4,4,4,3,4,7,7,4,4,4,4,5,4,7,4,5,4,4,4,5,5,6,4,4,5,4,4,4,4,5,5,4,5,6,4,5,5,6,6,5,5,5,5,5,7,9,9,6,6,6,5,5,9,5,5,5,5,5,5,5,5,5,5,5,5,5,5,5,5,5,5,5,5,5,5,5,5,5,5,5,5,5,5,5,5,5,5,5,5,5,5,5,5,5,5,5,5,5,5,5,5,5,5,5,5,5,5,5,5,5,5,5,5,5,5,5,5
11,681,681,671,672,669,650,660,650,690,674,673,668,668,662,658,655,689,686,677,688,684,675,669,666,693,698,684,685,681,680,676,671,711,697,700,701,691,690,678,673,720,706,706,690,700,692,683,680,706,716,710,716,697,694,691,692,732,709,708,708,711,701,705,705,5,4,4,5,4,4,4,4,5,4,5,4,4,4,4,4,6,7,4,4,4,4,4,4,6,4,5,4,4,4,5,5,7,5,4,4,5,5,4,4,6,6,5,6,5,5,5,6,6,7,6,5,5,5,5,7,8,9,5,7,5,7,6,11,5,5,5,5,5,5,5,5,5,5,5,5,5,5,5,5,5,5,5,5,5,5,5,5,5,5,5,5,5,5,5,5,5,5,5,5,5,5,5,5,5,5,5,5,5,5,5,5,5,5,5,5,5,5,5,5,5,5,5,5,5,5,5,5
12,679,675,676,674,658,661,658,651,702,681,684,668,666,666,661,665,690,691,683,679,674,669,661,662,682,690,690,689,680,678,671,659,706,710,695,684,684,682,676,676,705,704,698,696,698,679,686,691,724,724,710,703,693,688,699,682,721,717,718,700,702,709,694,687,5,5,4,4,4,4,4,4,5,4,4,4,4,4,4,4,6,6,5,5,4,4,4,4,6,4,5,4,4,4,5,5,6,5,4,5,5,4,4,4,5,4,4,5,6,5,4,6,6,5,7,6,4,5,5,6,8,11,5,7,6,5,6,8,5,5,5,5,5,5,5,5,5,5,5,5,5,5,5,5,5,5,5,5,5,5,5,5,5,5,5,5,5,5,5,5,5,5,5,5,5,5,5,5,5,5,5,5,5,5,5,5,5,5,5,5,5,5,5,5,5,5,5,5,5,5,5,5
13,682,668,682,664,662,663,660,646,680,685,672,661,664,668,656,661,707,683,683,678,680,672,669,665,705,692,688,692,683,679,673,666,698,700,699,697,689,688,670,672,719,701,693,704,702,689,684,672,707,715,705,706,703,699,689,687,718,726,717,707,698,704,709,706,6,5,5,5,4,4,4,5,6,4,5,4,4,4,4,5,6,6,5,5,4,4,5,4,5,5,5,4,4,4,5,5,7,5,5,4,5,5,5,4,6,5,5,5,5,5,5,5,6,6,7,5,6,5,6,7,8,10,6,7,7,7,7,9,5,5,5,5,5,5,5,5,5,5,5,5,5,5,5,5,5,5,5,5,5,5,5,5,5,5,5,5,5,5,5,5,5,5,5,5,5,5,5,5,5,5,5,5,5,5,5,5,5,5,5,5,5,5,5,5,5,5,5,5,5,5,5,5
14,685,675,671,665,662,657,654,661,686,683,671,670,671,663,663,660,693,694,681,679,671,671,666,664,699,690,681,684,683,673,673,658,704,700,705,686,681,686,687,680,705,701,706,703,694,694,694,679,722,728,713,704,701,697,699,673,736,726,728,711,712,690,703,698,5,4,4,4,4,4,4,5,5,4,4,4,5,4,4,4,6,6,5,4,3,4,4,4,6,5,5,4,4,4,5,5,5,4,4,4,4,5,4,5,5,5,5,5,5,5,5,5,6,8,5,7,5,5,5,5,9,8,5,8,7,5,5,10,5,5,5,5,5,5,5,5,5,5,5,5,5,5,5,5,5,5,5,5,5,5,5,5,5,5,5,5,5,5,5,5,5,5,5,5,5,5,5,5,5,5,5,5,5,5,5,5,5,5,5,5,5,5,5,5,5,5,5,5,5,5,5,5
15,681,676,674,671,659,657,650,647,683,687,677,672,673,661,665,656,697,691,688,681,672,674,657,664,696,701,698,682,685,684,688,675,710,702,704,691,690,684,680,677,710,703,704,700,698,690,678,687,722,709,717,705,694,695,701,696,714,738,716,707,717,711,705,688,6,4,4,5,4,4,4,5,5,4,4,5,4,4,4,4,5,6,4,6,4,4,5,4,8,5,6,4,5,4,5,5,6,4,4,5,5,5,5,5,5,5,5,5,5,5,6,5,6,7,5,6,5,5,6,7,7,10,5,9,5,6,6,11,5,5,5,5,5,5,5,5,5,5,5,5,5,5,5,5,5,5,5,5,5,5,5,5,5,5,5,5,5,5,5,5,5,5,5,5,5,5,5,5,5,5,5,5,5,5,5,5,5,5,5,5,5,5,5,5,5,5,5,5,5,5,5,5
16,672,679,664,663,663,661,656,648,678,673,675,676,659,666,664,658,691,679,676,677,674,665,666,660,702,695,694,689,676,673,671,670,700,702,693,699,686,683,676,675,715,697,709,699,693,692,679,681,722,716,708,702,699,694,682,705,726,730,716,711,701,708,701,699,5,4,4,4,3,4,3,4,5,4,4,5,4,4,4,4,6,6,5,5,4,4,4,4,6,5,5,4,4,4,5,5,7,4,5,4,4,4,4,4,6,5,6,5,6,5,4,5,5,7,5,6,5,4,6,6,7,9,5,9,5,5,5,9,5,5,5,5,5,5,5,5,5,5,5,5,5,5,5,5,5,5,5,5,5,5,5,5,5,5,5,5,5,5,5,5,5,5,5,5,5,5,5,5,5,5,5,5,5,5,5,5,5,5,5,5,5,5,5,5,5,5,5,5,5,5,5,5
17,680,678,670,662,671,662,649,651,690,677,683,670,667,668,658,659,687,686,680,677,672,674,672,659,697,689,699,682,689,678,671,679,693,700,697,689,682,684,686,677,719,717,692,697,686,688,685,683,712,710,706,703,697,690,684,690,722,731,711,708,713,718,705,689,6,4,4,4,4,4,4,5,5,4,4,4,4,4,4,4,7,5,5,5,4,5,4,4,6,5,6,4,5,4,5,5,6,4,4,5,5,5,4,5,6,5,4,5,6,5,5,5,6,7,6,6,6,5,7,7,7,9,6,7,5,7,5,10,5,5,5,5,5,5,5,5,5,5,5,5,5,5,5,5,5,5,5,5,5,5,5,5,5,5,5,5,5,5,5,5,5,5,5,5,5,5,5,5,5,5,5,5,5,5,5,5,5,5,5,5,5,5,5,5,5,5,5,5,5,5,5,5
18,687,675,668,664,666,659,653,650,688,678,674,668,665,670,662,660,689,684,679,680,676,672,670,657,694,694,696,686,680,681,678,664,699,704,692,689,682,680,679,675,707,707,701,694,704,695,691,689,712,712,706,700,692,692,698,683,724,723,718,712,714,701,710,682,6,4,4,4,4,4,4,5,5,4,4,4,4,3,4,4,7,5,5,5,4,5,4,4,6,4,4,4,4,4,5,6,5,5,5,4,4,5,4,4,5,5,4,5,5,4,5,6,6,6,6,5,5,5,5,6,8,8,5,7,6,5,6,9,5,5,5,5,5,5,5,5,5,5,5,5,5,5,5,5,5,5,5,5,5,5,5,5,5,5,5,5,5,5,5,5,5,5,5,5,5,5,5,5,5,5,5,5,5,5,5,5,5,5,5,5,5,5,5,5,5,5,5,5,5,5,5,5
19,671,678,665,663,667,656,657,656,691,674,674,671,667,664,658,657,688,688,680,681,673,662,665,671,699,691,696,680,679,683,677,672,707,696,694,692,691,685,683,669,709,711,703,703,687,689,689,681,705,713,716,694,694,693,704,700,717,701,711,705,699,706,701,714,5,5,4,5,3,4,4,4,5,4,4,5,4,4,3,4,7,5,5,5,4,4,4,4,5,5,5,4,4,5,5,4,6,5,4,5,5,5,5,5,5,6,4,6,6,4,5,6,6,7,6,5,5,5,6,8,9,8,5,7,6,6,7,10,5,5,5,5,5,5,5,5,5,5,5,5,5,5,5,5,5,5,5,5,5,5,5,5,5,5,5,5,5,5,5,5,5,5,5,5,5,5,5,5,5,5,5,5,5,5,5,5,5,5,5,5,5,5,5,5,5,5,5,5,5,5,5,5
20,677,671,673,668,662,657,658,647,691,679,677,666,662,660,657,659,698,684,690,687,684,673,668,661,698,690,697,683,677,672,668,674,705,692,688,698,683,688,674,680,717,716,700,705,700,692,693,674,726,711,706,699,696,688,687,687,726,725,723,712,710,707,695,685,5,5,4,4,3,3,4,4,5,4,4,4,4,4,4,4,6,5,4,4,4,4,3,4,5,5,4,4,4,4,4,4,7,4,4,4,4,5,5,4,5,5,5,5,4,4,5,4,5,7,7,5,5,4,5,6,8,8,5,5,5,5,7,11,5,5,5,5,5,5,5,5,5,5,5,5,5,5,5,5,5,5,5,5,5,5,5,5,5,5,5,5,5,5,5,5,5,5,5,5,5,5,5,5,5,5,5,5,5,5,5,5,5,5,5,5,5,5,5,5,5,5,5,5,5,5,5,5
21,678,667,673,669,664,656,649,658,685,684,679,682,674,666,659,655,688,698,672,684,672,676,669,665,692,689,686,686,688,673,679,674,696,711,693,689,683,687,686,669,715,696,705,699,693,692,680,691,697,698,703,698,714,700,689,694,731,730,725,718,705,702,704,705,6,4,4,4,4,4,4,5,4,5,4,4,4,4,4,4,6,6,4,5,4,5,4,4,6,4,5,5,4,4,4,5,6,5,5,5,5,5,4,5,5,6,5,5,6,5,6,5,6,6,7,6,6,5,5,7,9,9,4,7,6,6,6,10,5,5,5,5,5,5,5,5,5,5,5,5,5,5,5,5,5,5,5,5,5,5,5,5,5,5,5,5,5,5,5,5,5,5,5,5,5,5,5,5,5,5,5,5,5,5,5,5,5,5,5,5,5,5,5,5,5,5,5,5,5,5,5,5
22,679,667,664,673,663,659,647,657,688,690,674,670,676,665,662,665,693,692,680,691,674,664,666,665,695,685,699,685,684,681,668,661,690,702,699,685,693,682,683,674,710,717,711,697,699,691,685,686,724,714,707,705,695,697,691,697,743,719,713,715,714,699,693,697,5,4,4,4,4,3,4,4,5,5,4,4,4,3,4,4,8,6,5,5,4,4,4,4,6,4,6,4,4,4,4,5,6,4,4,4,5,5,4,5,5,4,5,4,5,4,5,5,5,6,6,6,4,5,6,7,11,9,4,7,5,5,6,12,5,5,5,5,5,5,5,5,5,5,5,5,5,5,5,5,5,5,5,5,5,5,5,5,5,5,5,5,5,5,5,5,5,5,5,5,5,5,5,5,5,5,5,5,5,5,5,5,5,5,5,5,5,5,5,5,5,5,5,5,5,5,5,5
23,677,671,675,676,665,657,656,648,680,689,679,674,673,664,666,658,686,684,684,674,664,669,667,666,699,694,685,686,677,680,675,674,707,706,703,689,688,682,685,668,707,697,710,702,692,690,687,682,708,710,702,705,703,700,684,691,727,723,713,705,702,693,704,704,6,4,5,5,3,4,4,5,4,5,4,5,5,4,5,4,7,6,4,5,4,4,5,5,6,5,5,4,5,5,5,5,6,5,4,5,5,5,4,5,5,4,5,4,6,5,5,5,7,6,6,6,5,6,6,6,8,9,6,7,6,6,6,9,5,5,5,5,5,5,5,5,5,5,5,5,5,5,5,5,5,5,5,5,5,5,5,5,5,5,5,5,5,5,5,5,5,5,5,5,5,5,5,5,5,5,5,5,5,5,5,5,5,5,5,5,5,5,5,5,5,5,5,5,5,5,5,5
24,684,668,674,666,664,660,653,655,688,680,684,673,671,670,656,655,684,695,679,679,684,674,660,665,699,687,697,689,678,675,678,681,688,695,697,693,688,680,675,676,716,703,699,696,698,689,683,687,726,723,707,704,700,687,692,688,739,718,718,713,709,700,701,690,5,5,4,4,4,4,4,4,5,4,4,4,4,4,4,4,6,5,4,5,4,4,4,4,5,4,5,4,4,4,5,5,6,4,4,5,4,4,4,4,6,5,5,5,5,4,5,4,6,6,5,6,4,5,6,6,6,7,5,7,5,5,5,9,5,5,5,5,5,5,5,5,5,5,5,5,5,5,5,5,5,5,5,5,5,5,5,5,5,5,5,5,5,5,5,5,5,5,5,5,5,5,5,5,5,5,5,5,5,5,5,5,5,5,5,5,5,5,5,5,5,5,5,5,5,5,5,5
25,669,680,665,657,665,653,660,652,681,674,676,670,664,660,668,655,693,685,675,678,673,669,668,659,703,692,692,688,688,677,678,671,697,703,695,682,697,683,680,686,704,705,709,695,702,685,683,682,715,703,714,707,693,703,689,695,724,714,720,710,707,712,698,702,4,4,4,5,5,4,5,5,5,4,4,4,4,4,4,4,6,6,4,5,4,5,5,4,5,5,5,4,4,4,5,5,7,5,4,5,5,5,4,5,4,6,5,5,5,6,5,5,7,6,5,7,5,7,5,7,7,8,7,8,6,5,6,6,5,5,5,5,5,5,5,5,5,5,5,5,5,5,5,5,5,5,5,5,5,5,5,5,5,5,5,5,5,5,5,5,5,5,5,5,5,5,5,5,5,5,5,5,5,5,5,5,5,5,5,5,5,5,5,5,5,5,5,5,5,5,5,5
26,683,676,664,651,667,661,650,650,682,677,681,671,669,657,664,659,681,683,682,678,679,675,670,664,686,690,690,682,682,678,672,672,714,703,685,694,676,682,680,672,713,717,710,699,695,689,688,673,728,722,701,695,701,697,708,693,728,727,713,724,705,708,690,707,6,5,4,4,4,4,4,4,5,5,5,4,4,3,4,4,7,6,5,5,4,4,5,4,5,4,5,4,4,4,5,5,5,5,4,5,4,5,4,4,5,5,4,5,5,4,4,5,5,6,6,5,5,6,5,6,7,8,5,7,5,6,5,9,5,5,5,5,5,5,5,5,5,5,5,5,5,5,5,5,5,5,5,5,5,5,5,5,5,5,5,5,5,5,5,5,5,5,5,5,5,5,5,5,5,5,5,5,5,5,5,5,5,5,5,5,5,5,5,5,5,5,5,5,5,5,5,5
27,683,678,670,657,663,658,657,650,694,684,681,670,667,662,659,656,676,679,678,669,672,668,666,669,697,696,687,684,670,671,672,666,698,693,695,690,684,681,686,678,709,700,698,692,696,689,670,684,719,729,713,715,706,698,687,682,730,726,718,712,708,706,691,702,5,4,5,5,4,5,4,5,5,5,4,4,4,4,4,4,7,6,5,4,3,4,4,4,7,5,6,4,4,4,5,5,8,5,6,5,6,5,5,5,5,6,4,4,5,4,6,6,7,8,5,5,6,6,6,6,9,8,5,6,5,6,6,8,5,5,5,5,5,5,5,5,5,5,5,5,5,5,5,5,5,5,5,5,5,5,5,5,5,5,5,5,5,5,5,5,5,5,5,5,5,5,5,5,5,5,5,5,5,5,5,5,5,5,5,5,5,5,5,5,5,5,5,5,5,5,5,5
28,686,677,669,672,654,657,651,662,695,678,673,663,667,663,664,657,691,693,679,685,669,661,661,660,703,693,688,684,678,678,669,675,707,699,694,692,682,685,673,673,709,712,700,710,706,680,681,685,714,713,716,701,694,696,692,686,714,725,717,713,701,702,706,716,6,4,5,4,4,3,4,4,5,4,4,4,4,3,4,4,5,6,5,5,4,4,4,4,5,4,4,4,4,4,5,5,5,4,4,5,5,5,4,4,4,4,5,5,5,5,5,5,6,7,5,5,5,5,6,5,8,8,6,8,6,5,5,8,5,5,5,5,5,5,5,5,5,5,5,5,5,5,5,5,5,5,5,5,5,5,5,5,5,5,5,5,5,5,5,5,5,5,5,5,5,5,5,5,5,5,5,5,5,5,5,5,5,5,5,5,5,5,5,5,5,5,5,5,5,5,5,5
29,682,674,668,668,662,664,654,653,672,676,680,675,667,662,660,654,692,691,691,677,674,663,664,668,703,698,689,681,684,679,672,667,700,692,692,696,687,680,688,683,717,705,698,699,698,687,688,693,713,706,706,711,701,704,687,691,730,735,720,716,700,700,692,701,6,5,4,4,4,4,4,4,5,4,4,4,5,4,5,4,7,6,4,5,4,4,4,4,7,5,5,4,4,4,5,5,7,5,5,4,5,4,4,5,6,5,5,5,4,5,4,6,8,6,6,7,5,6,6,7,8,8,8,7,6,5,6,8,5,5,5,5,5,5,5,5,5,5,5,5,5,5,5,5,5,5,5,5,5,5,5,5,5,5,5,5,5,5,5,5,5,5,5,5,5,5,5,5,5,5,5,5,5,5,5,5,5,5,5,5,5,5,5,5,5,5,5,5,5,5,5,5
30,683,675,673,669,667,665,649,664,688,689,680,673,665,661,660,659,684,683,686,672,671,669,673,659,705,702,692,689,682,674,669,663,693,699,692,696,684,683,679,665,713,702,703,703,698,690,692,686,718,711,713,695,700,697,700,692,725,727,712,720,708,705,704,687,5,4,4,4,3,4,4,4,5,5,4,4,4,3,4,3,6,5,4,4,4,4,3,4,5,4,5,4,4,4,5,4,6,5,4,4,4,5,4,5,6,5,5,5,5,4,6,6,6,7,5,5,5,4,5,7,7,8,5,6,5,6,5,9,5,5,5,5,5,5,5,5,5,5,5,5,5,5,5,5,5,5,5,5,5,5,5,5,5,5,5,5,5,5,5,5,5,5,5,5,5,5,5,5,5,5,5,5,5,5,5,5,5,5,5,5,5,5,5,5,5,5,5,5,5,5,5,5
31,679,671,674,672,657,655,661,657,690,685,680,672,675,665,657,660,689,699,686,683,671,678,668,665,689,695,682,679,683,683,678,667,701,699,685,692,678,690,684,670,724,712,699,696,687,689,690,676,724,730,699,705,707,693,704,677,742,715,716,706,706,694,704,688,5,5,5,5,4,4,4,5,5,6,4,4,4,4,5,4,7,7,4,4,4,5,3,5,6,4,4,4,4,5,5,5,7,4,5,5,4,4,4,5,6,5,4,6,6,5,5,6,5,6,7,5,6,4,5,8,7,12,7,7,6,6,5,10,5,5,5,5,5,5,5,5,5,5,5,5,5,5,5,5,5,5,5,5,5,5,5,5,5,5,5,5,5,5,5,5,5,5,5,5,5,5,5,5,5,5,5,5,5,5,5,5,5,5,5,5,5,5,5,5,5,5,5,5,5,5,5,5
32,685,677,675,667,657,660,646,655,687,680,678,662,675,663,658,663,683,686,681,677,669,670,671,661,693,688,689,681,679,674,682,665,706,702,697,691,690,675,683,672,711,713,707,707,689,682,681,682,729,717,707,697,702,690,691,695,736,723,711,716,723,701,693,688,5,5,4,4,4,3,3,5,5,4,4,4,4,4,4,4,6,5,5,5,3,4,3,4,6,4,5,4,4,4,4,4,5,4,4,5,5,4,4,4,5,5,4,5,5,5,6,5,6,7,7,5,4,5,6,7,8,10,6,7,6,4,5,9,5,5,5,5,5,5,5,5,5,5,5,5,5,5,5,5,5,5,5,5,5,5,5,5,5,5,5,5,5,5,5,5,5,5,5,5,5,5,5,5,5,5,5,5,5,5,5,5,5,5,5,5,5,5,5,5,5,5,5,5,5,5,5,5
33,677,668,675,663,663,657,656,663,687,676,678,677,668,663,663,659,699,690,686,677,671,683,661,651,692,698,686,683,681,682,671,669,702,691,696,693,690,681,684,668,702,706,697,699,695,689,679,685,708,726,713,708,699,699,704,691,712,733,708,706,707,707,699,697,6,5,4,5,3,4,4,4,5,4,5,4,4,4,5,5,6,6,4,5,4,4,4,5,6,5,5,4,4,4,5,4,6,4,5,5,5,5,4,4,5,5,5,5,6,4,6,6,8,9,5,5,5,6,5,7,9,7,6,7,7,5,5,11,5,5,5,5,5,5,5,5,5,5,5,5,5,5,5,5,5,5,5,5,5,5,5,5,5,5,5,5,5,5,5,5,5,5,5,5,5,5,5,5,5,5,5,5,5,5,5,5,5,5,5,5,5,5,5,5,5,5,5,5,5,5,5,5
34,674,686,669,674,664,651,657,650,687,682,673,674,673,661,655,656,686,690,672,681,673,669,673,664,693,688,688,691,687,674,670,662,703,703,699,679,682,681,683,675,721,708,712,697,689,690,689,677,711,711,695,710,695,700,680,686,717,719,720,693,708,700,703,692,5,4,4,5,4,4,3,4,5,5,4,4,4,3,4,4,6,5,4,5,4,4,4,4,6,5,5,4,4,4,5,5,6,4,4,4,4,4,4,4,5,6,6,5,6,4,5,6,5,7,6,5,6,5,5,6,7,8,5,6,6,6,7,11,5,5,5,5,5,5,5,5,5,5,5,5,5,5,5,5,5,5,5,5,5,5,5,5,5,5,5,5,5,5,5,5,5,5,5,5,5,5,5,5,5,5,5,5,5,5,5,5,5,5,5,5,5,5,5,5,5,5,5,5,5,5,5,5
35,675,673,675,669,663,657,649,640,692,687,675,668,669,663,659,657,694,697,680,684,681,667,658,660,705,695,693,689,679,676,678,676,717,701,697,697,683,685,683,682,718,702,704,678,698,684,693,684,719,708,713,703,709,692,699,683,730,724,711,704,701,699,702,692,5,4,4,5,4,4,4,5,5,4,4,4,5,4,4,4,8,6,5,5,4,5,4,4,5,5,5,5,4,4,5,5,6,5,4,4,5,5,5,5,5,5,5,6,5,5,5,5,6,6,5,6,6,5,5,6,6,8,6,7,6,6,6,8,5,5,5,5,5,5,5,5,5,5,5,5,5,5,5,5,5,5,5,5,5,5,5,5,5,5,5,5,5,5,5,5,5,5,5,5,5,5,5,5,5,5,5,5,5,5,5,5,5,5,5,5,5,5,5,5,5,5,5,5,5,5,5,5
36,671,675,668,667,657,662,652,658,692,685,677,668,672,663,658,660,683,697,671,674,672,664,667,664,694,688,691,689,681,680,675,669,704,690,699,689,687,690,687,677,704,704,697,696,687,688,681,678,711,702,715,694,705,697,685,689,740,693,715,714,709,696,707,704,5,5,4,5,4,3,4,4,5,4,4,4,4,4,4,4,6,6,4,4,4,4,4,4,6,5,5,4,4,4,5,4,5,4,4,4,5,5,4,5,5,6,4,6,5,4,4,5,5,5,6,6,4,5,5,5,8,7,5,6,6,5,5,10,5,5,5,5,5,5,5,5,5,5,5,5,5,5,5,5,5,5,5,5,5,5,5,5,5,5,5,5,5,5,5,5,5,5,5,5,5,5,5,5,5,5,5,5,5,5,5,5,5,5,5,5,5,5,5,5,5,5,5,5,5,5,5,5
37,676,678,663,659,659,659,658,650,686,684,667,667,665,664,657,660,692,687,682,674,678,667,664,660,703,689,691,686,677,675,672,663,711,703,704,694,700,683,681,671,702,699,704,698,695,693,699,678,724,728,706,691,697,693,691,691,720,705,722,721,703,711,706,697,5,4,4,4,4,4,5,5,5,5,4,5,4,4,5,5,7,5,4,5,4,4,5,4,6,5,5,4,4,4,5,4,5,5,4,5,6,5,4,5,6,5,5,5,5,5,5,6,5,10,6,5,5,5,5,6,10,10,5,7,7,5,6,10,5,5,5,5,5,5,5,5,5,5,5,5,5,5,5,5,5,5,5,5,5,5,5,5,5,5,5,5,5,5,5,5,5,5,5,5,5,5,5,5,5,5,5,5,5,5,5,5,5,5,5,5,5,5,5,5,5,5,5,5,5,5,5,5
38,681,667,674,671,658,657,656,655,691,681,668,668,662,664,654,660,685,688,674,675,676,662,660,664,696,680,688,683,679,675,671,658,697,707,699,693,683,678,679,676,711,705,703,696,691,682,689,676,720,717,703,699,694,693,691,686,723,730,715,723,697,707,691,694,5,5,4,4,4,4,4,5,4,4,4,4,4,4,4,4,7,5,4,5,4,4,4,4,6,5,5,4,4,4,5,5,5,5,4,5,5,4,5,4,5,6,5,5,6,4,5,5,5,7,7,6,5,5,6,5,6,9,5,8,6,5,5,11,5,5,5,5,5,5,5,5,5,5,5,5,5,5,5,5,5,5,5,5,5,5,5,5,5,5,5,5,5,5,5,5,5,5,5,5,5,5,5,5,5,5,5,5,5,5,5,5,5,5,5,5,5,5,5,5,5,5,5,5,5,5,5,5
39,680,673,675,666,664,653,664,655,686,687,672,670,669,664,656,661,679,678,680,677,673,673,656,660,696,702,688,686,687,676,678,665,703,698,690,702,689,690,682,677,713,715,698,682,684,690,681,688,719,730,715,703,703,694,687,700,727,708,707,715,703,699,702,683,6,4,4,4,3,4,5,3,5,4,4,4,4,4,4,4,6,5,5,5,4,5,4,5,6,5,5,4,5,4,4,4,6,4,5,5,6,6,4,5,6,5,5,5,6,4,6,5,6,7,5,6,6,5,6,7,8,10,5,9,7,5,5,9,5,5,5,5,5,5,5,5,5,5,5,5,5,5,5,5,5,5,5,5,5,5,5,5,5,5,5,5,5,5,5,5,5,5,5,5,5,5,5,5,5,5,5,5,5,5,5,5,5,5,5,5,5,5,5,5,5,5,5,5,5,5,5,5
40,689,679,670,663,664,666,652,647,690,684,675,674,664,666,659,657,683,685,691,685,673,663,664,662,706,691,693,679,675,687,674,668,715,712,689,687,684,684,680,673,719,708,703,694,683,700,691,685,725,709,719,709,707,691,688,689,711,714,713,710,711,692,694,671,6,4,4,4,3,4,3,4,5,4,3,4,4,4,4,4,6,5,4,5,4,4,4,4,5,5,6,4,4,3,5,4,6,5,5,5,4,5,4,4,5,6,5,4,6,4,5,5,5,6,6,6,6,5,5,6,6,6,6,6,6,5,6,8,5,5,5,5,5,5,5,5,5,5,5,5,5,5,5,5,5,5,5,5,5,5,5,5,5,5,5,5,5,5,5,5,5,5,5,5,5,5,5,5,5,5,5,5,5,5,5,5,5,5,5,5,5,5,5,5,5,5,5,5,5,5,5,5
41,684,671,663,670,664,659,650,650,681,676,675,675,668,666,663,663,692,685,683,671,671,666,668,660,699,697,692,690,682,680,679,668,708,700,697,688,684,685,677,680,726,697,705,692,701,689,681,674,723,711,704,697,694,693,687,686,707,724,711,711,699,702,698,691,6,5,4,5,4,4,4,5,5,4,5,3,4,4,4,4,5,6,4,4,4,4,4,4,6,5,5,4,5,4,6,5,8,5,4,5,5,5,5,5,6,5,5,4,5,5,5,5,6,7,6,5,5,5,5,7,7,9,4,7,6,6,6,11,5,5,5,5,5,5,5,5,5,5,5,5,5,5,5,5,5,5,5,5,5,5,5,5,5,5,5,5,5,5,5,5,5,5,5,5,5,5,5,5,5,5,5,5,5,5,5,5,5,5,5,5,5,5,5,5,5,5,5,5,5,5,5,5
42,679,674,671,666,663,657,651,656,686,677,680,670,671,660,665,652,691,681,688,680,675,666,659,668,691,689,687,686,680,670,662,674,702,696,693,697,692,678,681,675,714,716,706,694,707,681,678,686,726,715,721,715,694,698,703,687,732,735,714,705,701,702,701,705,5,4,4,5,4,3,3,5,6,4,4,4,4,4,4,4,7,5,5,5,4,4,4,4,5,4,5,4,4,4,4,5,5,4,4,4,5,4,3,4,5,7,5,5,5,5,5,6,6,7,5,7,4,5,6,6,8,8,4,7,6,6,5,8,5,5,5,5,5,5,5,5,5,5,5,5,5,5,5,5,5,5,5,5,5,5,5,5,5,5,5,5,5,5,5,5,5,5,5,5,5,5,5,5,5,5,5,5,5,5,5,5,5,5,5,5,5,5,5,5,5,5,5,5,5,5,5,5
43,686,677,664,672,660,657,658,645,682,681,676,672,663,663,664,658,693,690,685,679,671,665,662,663,695,691,675,688,690,674,674,667,709,700,698,693,696,683,677,674,701,694,708,698,691,698,688,682,727,719,712,710,706,699,692,698,728,728,717,724,709,701,703,684,5,4,4,4,4,4,5,5,4,5,5,4,4,4,4,4,6,6,5,5,4,4,4,4,7,5,5,5,5,4,6,5,5,4,4,5,5,5,4,4,6,5,5,5,6,5,5,6,8,6,6,5,5,5,6,6,9,9,6,7,6,5,6,9,5,5,5,5,5,5,5,5,5,5,5,5,5,5,5,5,5,5,5,5,5,5,5,5,5,5,5,5,5,5,5,5,5,5,5,5,5,5,5,5,5,5,5,5,5,5,5,5,5,5,5,5,5,5,5,5,5,5,5,5,5,5,5,5
44,685,681,669,668,656,654,655,656,688,679,676,672,665,662,659,656,679,690,683,680,677,681,670,664,692,692,692,679,685,673,672,676,706,695,699,688,693,689,679,680,712,698,705,704,705,689,686,685,723,706,706,707,699,697,693,688,725,737,717,711,699,698,698,688,4,4,4,4,3,4,4,4,4,4,4,4,4,4,4,4,5,6,5,5,3,4,4,4,6,4,5,4,4,3,4,5,6,4,4,5,5,4,5,5,5,5,5,5,5,4,4,4,6,6,5,6,5,5,5,6,8,9,6,7,6,7,5,9,5,5,5,5,5,5,5,5,5,5,5,5,5,5,5,5,5,5,5,5,5,5,5,5,5,5,5,5,5,5,5,5,5,5,5,5,5,5,5,5,5,5,5,5,5,5,5,5,5,5,5,5,5,5,5,5,5,5,5,5,5,5,5,5
45,677,674,665,663,659,655,651,651,690,682,680,669,664,668,666,653,699,695,675,683,677,675,665,664,699,693,685,691,683,682,667,667,698,698,689,701,689,689,680,677,706,710,703,697,687,691,690,675,716,717,706,711,708,694,688,686,711,701,723,712,693,700,701,684,5,5,4,4,4,4,4,4,6,5,4,4,4,4,4,4,6,5,5,6,4,4,4,5,5,5,5,5,4,5,5,4,7,5,5,4,5,5,4,5,5,6,5,5,7,5,5,5,7,8,6,5,5,5,6,7,7,10,7,6,6,5,5,9,5,5,5,5,5,5,5,5,5,5,5,5,5,5,5,5,5,5,5,5,5,5,5,5,5,5,5,5,5,5,5,5,5,5,5,5,5,5,5,5,5,5,5,5,5,5,5,5,5,5,5,5,5,5,5,5,5,5,5,5,5,5,5,5
46,679,679,674,663,654,658,654,655,691,668,673,671,670,660,659,656,691,677,678,687,670,664,666,663,699,701,701,680,681,665,670,665,698,707,697,697,692,681,676,679,713,703,706,697,705,685,675,682,729,725,700,699,697,701,701,683,715,718,717,716,701,697,698,696,5,4,4,4,4,4,4,5,5,4,4,4,4,4,4,4,6,6,4,4,3,4,4,4,6,5,4,4,4,4,5,4,6,4,4,5,5,4,5,5,5,5,4,5,5,4,5,5,6,6,7,5,5,5,5,5,6,7,5,7,5,5,6,10,5,5,5,5,5,5,5,5,5,5,5,5,5,5,5,5,5,5,5,5,5,5,5,5,5,5,5,5,5,5,5,5,5,5,5,5,5,5,5,5,5,5,5,5,5,5,5,5,5,5,5,5,5,5,5,5,5,5,5,5,5,5,5,5
47,677,679,678,664,664,659,652,652,693,689,679,671,671,662,667,664,690,687,675,681,672,668,662,666,701,695,693,686,680,677,673,669,720,699,697,686,684,689,686,669,730,705,708,710,712,687,688,690,708,717,698,713,706,705,690,699,729,718,708,710,712,684,691,696,5,5,5,4,3,4,4,5,5,5,4,4,5,4,4,4,8,6,4,5,4,4,4,4,6,4,5,4,4,4,5,5,7,5,4,5,5,6,4,5,6,6,5,5,5,5,6,5,7,8,6,5,5,6,5,7,8,7,5,8,6,5,5,9,5,5,5,5,5,5,5,5,5,5,5,5,5,5,5,5,5,5,5,5,5,5,5,5,5,5,5,5,5,5,5,5,5,5,5,5,5,5,5,5,5,5,5,5,5,5,5,5,5,5,5,5,5,5,5,5,5,5,5,5,5,5,5,5
48,677,669,667,662,661,664,654,657,693,683,674,675,664,662,666,663,686,689,686,678,676,663,665,663,697,698,690,691,687,678,658,672,697,702,705,699,685,690,678,674,718,703,698,696,683,689,683,676,716,708,715,700,695,691,702,688,723,715,717,711,702,708,701,703,5,4,4,4,3,4,4,5,6,4,4,4,4,4,4,4,7,6,4,5,4,4,3,4,6,4,5,4,4,4,4,4,6,5,4,4,5,4,4,4,5,5,4,5,6,4,5,5,5,6,5,5,5,5,4,6,8,7,5,6,6,6,5,9,5,5,5,5,5,5,5,5,5,5,5,5,5,5,5,5,5,5,5,5,5,5,5,5,5,5,5,5,5,5,5,5,5,5,5,5,5,5,5,5,5,5,5,5,5,5,5,5,5,5,5,5,5,5,5,5,5,5,5,5,5,5,5,5
49,676,667,669,666,658,657,652,653,692,679,678,677,671,668,663,653,690,695,683,671,680,669,666,659,711,695,685,684,677,670,669,679,704,702,692,695,685,686,682,682,710,718,708,697,690,691,675,677,705,718,704,708,700,697,683,689,717,732,719,699,703,689,697,694,6,5,4,4,4,4,4,5,6,4,4,5,4,4,4,4,5,6,4,5,4,4,4,4,5,5,5,4,4,4,5,6,6,5,5,5,5,5,4,6,6,6,6,7,6,4,5,5,6,8,7,7,5,5,7,7,7,10,6,6,7,6,6,9,5,5,5,5,5,5,5,5,5,5,5,5,5,5,5,5,5,5,5,5,5,5,5,5,5,5,5,5,5,5,5,5,5,5,5,5,5,5,5,5,5,5,5,5,5,5,5,5,5,5,5,5,5,5,5,5,5,5,5,5,5,5,5,5
50,682,680,671,654,658,656,652,656,691,681,679,675,679,662,655,661,689,683,682,677,673,674,664,667,692,693,682,682,683,680,670,670,698,709,694,697,687,686,676,685,703,711,698,699,690,674,687,679,715,721,697,713,699,694,693,689,727,709,712,710,699,700,702,690,5,4,4,4,4,4,4,5,5,4,3,4,5,4,4,4,7,5,5,5,4,4,4,4,5,4,4,4,4,4,4,4,7,5,4,5,5,5,4,5,5,6,5,5,6,5,4,6,6,7,6,5,5,5,6,7,9,10,5,7,6,6,5,9,5,5,5,5,5,5,5,5,5,5,5,5,5,5,5,5,5,5,5,5,5,5,5,5,5,5,5,5,5,5,5,5,5,5,5,5,5,5,5,5,5,5,5,5,5,5,5,5,5,5,5,5,5,5,5,5,5,5,5,5,5,5,5,5
51,680,680,687,664,662,654,656,664,682,676,674,672,668,663,665,660,685,688,691,691,676,674,667,667,687,696,684,687,678,679,677,663,716,705,700,692,688,688,670,674,717,709,699,703,690,696,684,683,719,724,709,694,704,695,690,688,716,727,714,717,718,707,695,718,6,4,5,4,4,4,4,4,4,5,4,5,4,4,4,4,7,6,4,6,4,5,5,4,6,5,5,4,5,4,5,5,7,5,5,5,5,5,4,4,5,6,5,5,6,4,5,5,6,7,5,6,5,6,5,7,6,10,5,7,7,5,5,11,5,5,5,5,5,5,5,5,5,5,5,5,5,5,5,5,5,5,5,5,5,5,5,5,5,5,5,5,5,5,5,5,5,5,5,5,5,5,5,5,5,5,5,5,5,5,5,5,5,5,5,5,5,5,5,5,5,5,5,5,5,5,5,5
52,683,674,662,670,666,657,659,649,692,676,677,671,658,669,659,658,689,691,676,678,669,669,669,660,698,696,688,685,684,677,671,672,706,700,700,693,695,680,674,672,721,705,698,701,695,684,689,679,716,714,708,701,699,696,686,692,713,723,720,716,703,702,717,678,5,5,4,5,3,4,4,5,5,4,4,4,4,4,5,4,7,6,4,5,4,4,4,4,6,5,5,4,5,5,5,5,7,4,4,5,4,4,4,4,6,5,4,5,7,5,6,5,6,7,5,6,5,5,5,5,7,8,6,6,5,5,5,8,5,5,5,5,5,5,5,5,5,5,5,5,5,5,5,5,5,5,5,5,5,5,5,5,5,5,5,5,5,5,5,5,5,5,5,5,5,5,5,5,5,5,5,5,5,5,5,5,5,5,5,5,5,5,5,5,5,5,5,5,5,5,5,5
53,683,682,668,670,655,660,658,652,689,679,676,673,668,666,660,649,699,682,690,682,672,677,671,660,709,702,686,679,691,679,675,663,703,694,695,700,697,691,677,675,698,705,709,703,694,676,687,674,724,712,706,712,709,694,702,688,709,720,718,717,701,714,704,690,5,5,5,5,4,4,4,5,6,4,4,5,5,4,5,4,6,7,4,5,4,5,4,4,5,5,5,4,5,4,6,4,5,4,4,6,6,5,5,5,6,5,5,5,5,5,4,5,4,6,7,6,6,5,5,7,7,8,6,8,6,6,6,11,5,5,5,5,5,5,5,5,5,5,5,5,5,5,5,5,5,5,5,5,5,5,5,5,5,5,5,5,5,5,5,5,5,5,5,5,5,5,5,5,5,5,5,5,5,5,5,5,5,5,5,5,5,5,5,5,5,5,5,5,5,5,5,5
54,680,682,661,664,657,667,657,658,681,679,679,669,659,661,663,656,691,693,679,675,674,664,674,663,696,688,702,687,684,675,669,670,701,701,693,694,698,681,689,671,706,696,699,698,691,693,688,682,720,710,706,702,701,699,687,691,713,719,715,701,698,706,710,699,5,5,3,4,4,4,4,4,5,4,4,4,4,3,4,4,5,7,5,4,4,4,4,4,5,4,5,4,4,4,4,5,6,5,4,5,5,4,4,4,5,5,4,5,6,4,4,6,6,7,6,6,5,5,5,7,7,7,5,6,6,5,7,10,5,5,5,5,5,5,5,5,5,5,5,5,5,5,5,5,5,5,5,5,5,5,5,5,5,5,5,5,5,5,5,5,5,5,5,5,5,5,5,5,5,5,5,5,5,5,5,5,5,5,5,5,5,5,5,5,5,5,5,5,5,5,5,5
55,686,671,675,664,656,660,654,650,680,686,671,665,671,667,664,661,693,691,687,677,669,671,667,665,705,703,698,685,681,672,676,667,712,696,692,693,683,688,681,686,710,707,705,709,688,686,690,689,727,704,714,700,697,698,689,698,723,735,711,709,715,707,696,695,6,5,4,4,4,4,4,5,4,4,5,4,4,4,5,4,6,6,4,5,4,4,4,4,7,5,5,5,4,4,6,5,6,4,5,5,5,5,6,5,5,6,5,5,7,5,5,7,5,7,6,6,5,5,6,7,7,8,5,6,6,5,6,11,5,5,5,5,5,5,5,5,5,5,5,5,5,5,5,5,5,5,5,5,5,5,5,5,5,5,5,5,5,5,5,5,5,5,5,5,5,5,5,5,5,5,5,5,5,5,5,5,5,5,5,5,5,5,5,5,5,5,5,5,5,5,5,5
56,684,679,673,662,657,658,651,658,697,678,679,674,673,658,661,662,693,681,677,680,674,673,668,672,705,698,683,684,676,680,667,674,694,701,702,698,685,681,678,675,702,705,706,686,695,695,690,680,727,700,711,701,702,705,687,678,720,725,714,717,712,705,703,696,5,4,4,4,4,3,4,5,6,4,3,4,4,3,3,4,7,5,4,5,4,4,4,5,6,5,4,4,4,4,5,4,6,4,4,4,4,4,5,5,6,6,5,5,5,4,5,6,6,6,5,6,6,5,5,7,7,9,6,6,5,6,6,11,5,5,5,5,5,5,5,5,5,5,5,5,5,5,5,5,5,5,5,5,5,5,5,5,5,5,5,5,5,5,5,5,5,5,5,5,5,5,5,5,5,5,5,5,5,5,5,5,5,5,5,5,5,5,5,5,5,5,5,5,5,5,5,5
57,684,680,669,670,656,659,653,650,686,681,681,674,662,665,666,660,692,692,674,682,672,666,670,669,704,691,695,683,678,673,677,674,707,705,692,686,697,684,682,673,708,700,703,696,700,699,688,679,716,721,710,699,714,692,700,691,712,710,724,708,705,708,705,703,5,5,4,4,4,4,4,5,5,5,4,4,5,4,5,4,6,7,6,5,4,4,5,4,5,5,6,4,4,4,5,4,7,4,5,5,5,5,4,4,5,5,5,6,5,4,5,6,7,8,5,5,4,5,5,6,8,9,7,7,7,5,5,7,5,5,5,5,5,5,5,5,5,5,5,5,5,5,5,5,5,5,5,5,5,5,5,5,5,5,5,5,5,5,5,5,5,5,5,5,5,5,5,5,5,5,5,5,5,5,5,5,5,5,5,5,5,5,5,5,5,5,5,5,5,5,5,5
58,676,683,668,667,653,658,658,660,694,690,680,671,666,665,662,658,697,684,688,679,671,659,667,656,698,698,697,684,680,685,677,674,703,702,687,697,688,687,687,673,710,712,701,704,683,682,679,685,720,712,717,700,693,703,702,692,721,723,715,705,710,706,712,701,5,5,4,4,3,4,4,4,5,5,4,3,4,3,3,4,6,6,4,4,3,4,4,4,7,4,4,4,4,4,5,5,5,5,4,4,4,5,4,4,5,4,4,5,6,4,4,5,6,7,5,6,5,6,4,6,7,8,5,6,5,5,6,11,5,5,5,5,5,5,5,5,5,5,5,5,5,5,5,5,5,5,5,5,5,5,5,5,5,5,5,5,5,5,5,5,5,5,5,5,5,5,5,5,5,5,5,5,5,5,5,5,5,5,5,5,5,5,5,5,5,5,5,5,5,5,5,5
59,679,671,673,656,661,664,652,658,691,682,675,674,665,667,658,652,680,692,682,678,675,665,670,657,694,695,678,681,685,683,671,667,712,694,696,690,693,687,684,688,703,701,704,692,708,697,688,683,725,699,703,701,702,701,700,699,728,721,728,709,706,703,693,678,5,5,4,4,4,4,4,5,5,4,4,4,4,4,5,4,7,6,5,5,4,4,4,5,6,6,5,5,5,5,5,5,6,4,4,5,5,5,5,5,4,6,5,5,5,5,5,6,6,7,6,5,5,5,6,7,9,10,6,7,7,5,5,11,5,5,5,5,5,5,5,5,5,5,5,5,5,5,5,5,5,5,5,5,5,5,5,5,5,5,5,5,5,5,5,5,5,5,5,5,5,5,5,5,5,5,5,5,5,5,5,5,5,5,5,5,5,5,5,5,5,5,5,5,5,5,5,5
60,690,669,669,663,657,660,653,658,695,681,667,670,665,662,665,659,685,680,685,681,673,670,663,661,692,695,698,686,682,674,674,656,715,701,693,690,688,680,676,671,711,702,706,698,704,674,684,675,725,721,711,698,698,698,686,693,719,712,713,697,712,707,691,675,7,5,4,4,4,4,3,4,5,4,4,4,4,4,4,4,6,5,5,4,4,4,4,4,5,4,4,4,4,4,5,5,5,5,4,5,5,4,4,4,5,6,4,4,4,4,4,5,6,7,5,5,5,5,6,5,7,7,5,7,5,4,5,7,5,5,5,5,5,5,5,5,5,5,5,5,5,5,5,5,5,5,5,5,5,5,5,5,5,5,5,5,5,5,5,5,5,5,5,5,5,5,5,5,5,5,5,5,5,5,5,5,5,5,5,5,5,5,5,5,5,5,5,5,5,5,5,5
61,674,678,668,668,667,662,649,657,682,675,676,678,667,662,668,663,700,692,677,674,677,667,661,663,700,693,693,683,687,677,678,665,711,699,699,694,696,686,672,679,717,709,705,706,700,686,684,691,715,710,710,699,693,692,687,693,716,710,724,709,702,706,709,679,5,5,4,5,3,4,5,4,5,4,4,4,4,4,4,4,6,6,5,5,4,4,5,4,5,4,5,4,4,4,6,4,6,5,4,5,6,4,5,5,6,6,5,6,5,4,5,5,7,6,5,6,5,5,5,7,7,9,6,7,6,5,7,11,5,5,5,5,5,5,5,5,5,5,5,5,5,5,5,5,5,5,5,5,5,5,5,5,5,5,5,5,5,5,5,5,5,5,5,5,5,5,5,5,5,5,5,5,5,5,5,5,5,5,5,5,5,5,5,5,5,5,5,5,5,5,5,5
62,678,686,672,673,658,654,655,658,684,686,669,668,664,659,659,654,695,690,678,679,674,669,668,662,706,695,690,680,680,672,674,665,705,702,699,692,677,677,675,677,708,698,697,706,702,685,687,678,716,711,705,707,702,693,698,683,716,723,713,708,712,702,697,707,6,3,4,4,4,3,4,5,5,5,4,4,4,3,3,3,5,5,5,4,4,4,3,3,6,4,6,4,4,4,5,4,5,5,4,5,4,4,4,5,5,5,5,6,5,5,5,6,6,7,5,6,6,5,5,5,9,8,5,7,5,5,5,7,5,5,5,5,5,5,5,5,5,5,5,5,5,5,5,5,5,5,5,5,5,5,5,5,5,5,5,5,5,5,5,5,5,5,5,5,5,5,5,5,5,5,5,5,5,5,5,5,5,5,5,5,5,5,5,5,5,5,5,5,5,5,5,5
63,685,677,673,662,664,656,654,651,688,678,677,673,675,660,659,657,691,687,674,679,673,663,664,661,697,695,686,688,686,682,680,664,699,704,696,688,696,689,675,677,726,715,705,706,687,699,685,680,707,711,706,710,689,698,688,688,715,741,723,712,709,703,700,696,7,4,5,4,4,3,4,5,5,4,4,5,5,4,4,4,7,6,5,5,4,4,5,4,6,5,5,4,4,4,5,5,7,5,4,5,5,5,5,5,6,6,5,6,6,4,5,6,6,8,6,6,5,5,5,6,7,10,6,7,6,5,7,7,5,5,5,5,5,5,5,5,5,5,5,5,5,5,5,5,5,5,5,5,5,5,5,5,5,5,5,5,5,5,5,5,5,5,5,5,5,5,5,5,5,5,5,5,5,5,5,5,5,5,5,5,5,5,5,5,5,5,5,5,5,5,5,5
64,674,669,660,671,670,656,657,654,687,678,672,674,671,663,658,661,691,686,679,675,668,665,669,662,688,701,686,682,684,678,665,674,707,701,695,691,682,691,681,680,718,710,706,697,688,695,684,677,717,725,712,707,702,686,688,690,715,725,709,714,711,701,713,703,5,5,4,4,3,3,4,5,5,4,5,4,4,4,4,4,5,5,4,5,4,4,4,4,5,5,5,4,4,4,4,4,6,5,4,5,4,5,4,5,5,4,4,5,6,4,6,4,5,7,5,6,5,4,6,6,6,8,5,8,5,6,6,10,5,5,5,5,5,5,5,5,5,5,5,5,5,5,5,5,5,5,5,5,5,5,5,5,5,5,5,5,5,5,5,5,5,5,5,5,5,5,5,5,5,5,5,5,5,5,5,5,5,5,5,5,5,5,5,5,5,5,5,5,5,5,5,5
65,685,677,669,660,665,656,652,650,676,667,677,670,668,667,663,658,693,691,685,684,672,665,663,657,692,692,685,679,685,673,668,662,703,705,697,690,688,684,682,674,726,710,701,692,699,691,687,691,719,723,710,698,704,701,698,690,722,708,719,699,708,705,698,706,6,5,5,5,4,4,4,5,4,4,4,4,4,4,4,4,7,7,5,5,4,4,4,4,6,5,5,4,4,4,5,5,5,5,5,5,5,5,4,5,7,6,6,5,5,4,5,5,7,7,6,5,6,6,6,6,8,10,6,7,7,7,6,10,5,5,5,5,5,5,5,5,5,5,5,5,5,5,5,5,5,5,5,5,5,5,5,5,5,5,5,5,5,5,5,5,5,5,5,5,5,5,5,5,5,5,5,5,5,5,5,5,5,5,5,5,5,5,5,5,5,5,5,5,5,5,5,5
66,679,670,672,674,664,661,653,654,679,681,680,675,666,666,659,652,701,678,685,680,676,665,661,663,691,701,686,676,677,676,675,670,720,703,693,687,700,683,682,673,716,710,695,709,696,690,683,678,730,715,701,698,700,692,681,678,720,714,703,713,706,697,708,703,5,4,4,5,4,4,4,5,4,4,4,4,4,3,3,4,6,5,3,5,4,4,4,4,6,4,5,4,4,4,4,4,7,4,5,4,4,4,4,4,5,6,4,5,6,4,5,6,6,7,6,6,5,5,5,6,8,8,5,6,6,4,6,8,5,5,5,5,5,5,5,5,5,5,5,5,5,5,5,5,5,5,5,5,5,5,5,5,5,5,5,5,5,5,5,5,5,5,5,5,5,5,5,5,5,5,5,5,5,5,5,5,5,5,5,5,5,5,5,5,5,5,5,5,5,5,5,5
67,684,673,674,666,666,653,659,646,684,688,668,672,675,662,664,657,686,691,680,683,672,672,671,660,709,692,691,684,681,677,664,659,715,707,695,701,698,693,687,673,713,720,708,694,696,686,693,679,720,723,717,714,693,684,706,699,738,725,709,706,714,697,695,679,5,5,5,5,4,4,5,4,5,5,4,4,5,4,4,4,6,6,5,5,4,5,4,4,6,5,5,4,4,5,5,6,6,5,4,5,6,4,4,6,5,5,5,6,6,5,5,5,7,6,6,6,5,5,5,8,9,8,5,6,6,6,6,10,5,5,5,5,5,5,5,5,5,5,5,5,5,5,5,5,5,5,5,5,5,5,5,5,5,5,5,5,5,5,5,5,5,5,5,5,5,5,5,5,5,5,5,5,5,5,5,5,5,5,5,5,5,5,5,5,5,5,5,5,5,5,5,5
68,690,680,671,668,663,654,654,656,690,682,673,676,674,663,665,660,691,689,682,680,672,663,664,659,701,690,687,673,674,680,662,671,714,695,695,694,688,676,674,677,714,717,711,703,695,690,680,685,713,711,708,706,698,689,698,698,725,723,714,711,727,701,700,694,6,5,4,5,4,4,4,4,5,4,5,4,4,4,3,3,5,6,4,5,4,4,4,4,6,4,5,3,4,4,5,4,6,4,4,5,4,4,4,5,5,5,5,5,5,4,4,5,6,6,6,5,5,5,5,6,9,9,6,6,6,5,5,10,5,5,5,5,5,5,5,5,5,5,5,5,5,5,5,5,5,5,5,5,5,5,5,5,5,5,5,5,5,5,5,5,5,5,5,5,5,5,5,5,5,5,5,5,5,5,5,5,5,5,5,5,5,5,5,5,5,5,5,5,5,5,5,5
69,681,680,671,671,672,666,656,652,686,683,674,675,672,668,660,655,702,694,683,689,672,674,664,665,700,694,690,687,686,675,680,671,706,695,701,702,687,684,674,673,718,717,706,698,697,687,688,691,719,696,714,702,700,691,696,689,742,701,724,708,697,701,706,702,5,4,5,4,4,4,4,5,5,4,3,4,4,4,3,4,6,5,5,5,4,5,4,4,7,5,5,4,4,4,4,4,6,4,4,5,4,5,5,4,6,6,5,5,7,5,6,5,8,7,6,6,5,5,5,6,7,8,6,7,6,5,6,9,5,5,5,5,5,5,5,5,5,5,5,5,5,5,5,5,5,5,5,5,5,5,5,5,5,5,5,5,5,5,5,5,5,5,5,5,5,5,5,5,5,5,5,5,5,5,5,5,5,5,5,5,5,5,5,5,5,5,5,5,5,5,5,5
70,681,685,672,677,658,659,652,658,686,683,685,671,670,663,665,657,691,687,679,672,675,673,659,669,703,700,690,685,681,672,667,658,706,708,688,688,683,678,676,678,715,703,696,694,688,687,687,689,717,718,701,704,695,696,696,680,722,713,727,721,718,693,703,734,5,4,4,4,4,3,4,4,4,4,4,4,4,4,4,4,7,5,5,4,4,4,4,4,5,5,4,4,4,4,4,5,5,5,4,4,4,4,4,5,5,5,5,4,5,5,5,4,6,8,5,5,4,5,5,5,7,9,5,7,5,6,6,8,5,5,5,5,5,5,5,5,5,5,5,5,5,5,5,5,5,5,5,5,5,5,5,5,5,5,5,5,5,5,5,5,5,5,5,5,5,5,5,5,5,5,5,5,5,5,5,5,5,5,5,5,5,5,5,5,5,5,5,5,5,5,5,5
71,676,675,680,679,662,662,659,652,684,676,677,677,671,662,657,665,690,688,692,677,678,667,671,668,691,694,692,687,676,678,669,667,708,701,689,692,687,684,679,688,712,707,705,701,698,686,685,675,721,719,703,707,695,702,692,698,728,728,717,707,711,696,695,707,5,4,5,5,3,4,4,4,5,4,4,4,4,4,4,5,7,5,4,5,4,5,4,5,6,4,4,4,4,4,5,5,6,5,5,6,5,5,5,6,6,6,5,6,5,5,5,5,8,8,7,6,5,6,7,6,8,8,7,8,6,6,6,8,5,5,5,5,5,5,5,5,5,5,5,5,5,5,5,5,5,5,5,5,5,5,5,5,5,5,5,5,5,5,5,5,5,5,5,5,5,5,5,5,5,5,5,5,5,5,5,5,5,5,5,5,5,5,5,5,5,5,5,5,5,5,5,5
72,683,677,670,669,654,651,650,655,689,681,676,668,677,657,655,659,701,688,679,676,676,670,659,663,702,695,685,679,684,675,671,672,708,697,704,689,688,685,686,682,710,722,700,700,694,683,682,676,712,721,712,705,698,699,699,686,707,729,713,711,715,706,709,692,6,5,4,4,3,4,4,4,5,4,4,4,4,3,4,4,5,6,5,5,3,4,4,4,5,4,5,4,4,4,5,5,6,5,5,5,5,5,4,5,4,4,5,5,5,4,5,5,5,8,6,5,4,5,4,6,7,8,5,7,6,5,6,9,5,5,5,5,5,5,5,5,5,5,5,5,5,5,5,5,5,5,5,5,5,5,5,5,5,5,5,5,5,5,5,5,5,5,5,5,5,5,5,5,5,5,5,5,5,5,5,5,5,5,5,5,5,5,5,5,5,5,5,5,5,5,5,5
73,681,676,672,661,660,650,650,653,688,680,675,675,668,659,663,654,698,692,683,678,666,672,663,661,690,690,686,674,687,676,669,666,701,700,685,685,687,672,687,679,710,709,697,697,700,688,679,687,724,716,718,697,702,695,692,688,727,722,715,711,712,705,705,696,6,4,5,4,4,4,4,5,5,4,4,5,4,4,4,3,5,7,4,5,4,5,4,4,6,5,5,4,5,4,4,5,6,4,5,5,5,5,4,5,4,6,5,5,5,6,5,4,7,6,6,6,5,5,4,6,7,7,5,7,6,6,5,8,5,5,5,5,5,5,5,5,5,5,5,5,5,5,5,5,5,5,5,5,5,5,5,5,5,5,5,5,5,5,5,5,5,5,5,5,5,5,5,5,5,5,5,5,5,5,5,5,5,5,5,5,5,5,5,5,5,5,5,5,5,5,5,5
74,685,677,667,656,661,656,651,647,687,685,673,670,667,660,663,659,688,676,681,670,683,676,660,665,701,699,694,685,686,676,678,662,698,693,693,694,681,682,672,671,713,706,705,698,693,694,681,670,726,715,707,703,706,694,696,692,723,719,712,716,711,703,710,687,6,4,3,5,4,3,4,4,5,5,4,4,4,3,5,4,5,5,4,4,4,5,4,4,5,5,5,4,4,3,5,5,6,4,4,5,4,4,4,4,6,5,4,5,6,5,5,4,5,8,5,5,5,5,6,6,7,11,5,6,6,5,6,9,5,5,5,5,5,5,5,5,5,5,5,5,5,5,5,5,5,5,5,5,5,5,5,5,5,5,5,5,5,5,5,5,5,5,5,5,5,5,5,5,5,5,5,5,5,5,5,5,5,5,5,5,5,5,5,5,5,5,5,5,5,5,5,5
75,679,681,677,665,663,660,660,653,695,673,682,669,666,661,663,657,697,694,684,679,672,666,673,667,693,688,692,679,684,675,678,670,713,702,703,695,688,679,676,677,703,707,702,700,695,687,687,687,721,714,708,694,711,690,683,684,727,733,715,712,708,705,709,681,6,5,4,5,3,4,4,4,5,4,4,4,4,4,4,4,6,5,4,5,4,4,4,5,6,4,6,5,4,4,4,6,7,4,4,5,5,5,4,4,6,5,4,5,6,5,5,7,6,8,6,5,6,5,6,7,8,8,6,8,5,6,6,9,5,5,5,5,5,5,5,5,5,5,5,5,5,5,5,5,5,5,5,5,5,5,5,5,5,5,5,5,5,5,5,5,5,5,5,5,5,5,5,5,5,5,5,5,5,5,5,5,5,5,5,5,5,5,5,5,5,5,5,5,5,5,5,5
76,673,681,664,669,660,653,646,654,679,687,675,662,666,661,658,664,690,687,675,683,677,674,665,657,693,695,696,687,679,673,673,665,709,696,689,686,689,682,678,671,712,709,697,697,693,691,683,689,719,728,708,710,706,694,690,691,731,723,719,711,709,695,704,696,5,4,4,4,4,3,4,5,5,5,3,4,4,4,5,4,5,5,5,4,4,4,4,4,6,4,6,4,4,4,5,4,5,4,4,4,5,4,4,4,6,6,4,5,6,4,5,5,6,7,5,5,6,6,5,6,7,7,6,6,5,5,6,7,5,5,5,5,5,5,5,5,5,5,5,5,5,5,5,5,5,5,5,5,5,5,5,5,5,5,5,5,5,5,5,5,5,5,5,5,5,5,5,5,5,5,5,5,5,5,5,5,5,5,5,5,5,5,5,5,5,5,5,5,5,5,5,5
77,682,672,671,657,664,660,651,644,686,673,673,670,672,665,660,651,689,692,692,686,676,679,669,661,714,685,686,686,686,675,670,667,707,706,690,696,683,689,683,675,721,695,701,696,698,687,681,686,727,714,720,716,698,697,699,688,717,735,713,720,706,699,700,698,6,6,4,4,4,4,4,4,4,4,4,4,4,4,3,4,6,6,4,5,4,3,4,4,5,4,6,4,5,4,5,5,7,4,5,5,5,4,5,5,6,5,5,5,5,4,5,5,6,8,6,6,6,6,5,6,7,10,5,8,6,5,7,9,5,5,5,5,5,5,5,5,5,5,5,5,5,5,5,5,5,5,5,5,5,5,5,5,5,5,5,5,5,5,5,5,5,5,5,5,5,5,5,5,5,5,5,5,5,5,5,5,5,5,5,5,5,5,5,5,5,5,5,5,5,5,5,5
78,674,677,667,673,660,654,657,653,686,688,672,668,663,666,664,660,694,687,680,679,675,670,672,658,707,691,685,684,679,677,670,673,708,693,701,691,688,682,680,669,719,711,709,699,698,687,688,682,724,721,707,700,696,697,699,694,728,720,716,717,713,706,705,699,4,5,4,4,4,4,4,5,4,5,4,4,4,4,3,4,5,5,5,5,4,4,4,4,5,4,6,4,4,4,4,5,7,5,4,5,5,4,4,4,5,6,5,4,4,4,5,6,6,8,6,6,4,6,5,7,8,8,4,7,6,5,6,10,5,5,5,5,5,5,5,5,5,5,5,5,5,5,5,5,5,5,5,5,5,5,5,5,5,5,5,5,5,5,5,5,5,5,5,5,5,5,5,5,5,5,5,5,5,5,5,5,5,5,5,5,5,5,5,5,5,5,5,5,5,5,5,5
79,690,678,673,671,664,659,657,647,699,678,675,677,659,662,664,657,693,680,689,678,676,665,669,659,709,691,686,685,684,674,676,663,710,719,702,691,679,680,677,686,702,712,699,699,695,694,683,672,716,717,706,703,703,708,694,691,728,709,712,711,704,687,683,695,6,5,4,5,3,4,3,5,6,4,4,4,4,4,4,4,6,5,5,5,4,4,3,4,6,5,5,4,5,4,5,5,6,5,5,5,5,5,4,5,5,6,5,5,6,4,5,5,7,7,7,7,5,5,6,7,7,7,6,8,6,6,6,11,5,5,5,5,5,5,5,5,5,5,5,5,5,5,5,5,5,5,5,5,5,5,5,5,5,5,5,5,5,5,5,5,5,5,5,5,5,5,5,5,5,5,5,5,5,5,5,5,5,5,5,5,5,5,5,5,5,5,5,5,5,5,5,5
80,675,673,673,672,659,661,653,654,684,675,671,669,657,655,667,656,691,694,678,676,671,669,663,665,696,703,673,683,679,682,671,668,706,700,695,688,688,677,681,677,706,715,707,703,692,698,683,679,727,713,698,690,706,688,689,687,706,724,712,714,703,705,697,684,5,5,4,4,4,4,4,4,4,4,4,4,4,3,3,4,5,6,5,4,4,4,4,4,6,5,4,4,4,4,5,4,4,4,3,4,4,4,3,5,5,6,5,6,6,4,5,5,6,7,5,5,5,4,5,6,6,8,6,6,6,5,5,9,5,5,5,5,5,5,5,5,5,5,5,5,5,5,5,5,5,5,5,5,5,5,5,5,5,5,5,5,5,5,5,5,5,5,5,5,5,5,5,5,5,5,5,5,5,5,5,5,5,5,5,5,5,5,5,5,5,5,5,5,5,5,5,5
81,683,675,669,660,663,653,650,654,694,682,674,667,667,666,666,659,691,683,685,681,682,672,670,665,700,699,681,689,688,680,682,680,709,697,689,696,681,691,674,677,718,705,714,714,699,693,689,686,711,708,706,700,707,696,689,690,726,723,718,710,710,697,710,703,6,5,4,4,3,4,4,5,5,5,4,4,5,4,4,4,6,6,5,5,4,5,5,4,7,4,5,5,5,5,4,6,6,4,5,4,4,5,4,5,7,6,5,6,6,5,5,6,7,6,7,6,5,5,6,6,7,7,6,9,5,6,6,9,5,5,5,5,5,5,5,5,5,5,5,5,5,5,5,5,5,5,5,5,5,5,5,5,5,5,5,5,5,5,5,5,5,5,5,5,5,5,5,5,5,5,5,5,5,5,5,5,5,5,5,5,5,5,5,5,5,5,5,5,5,5,5,5
82,691,671,668,663,667,658,660,654,682,683,676,668,671,667,659,652,695,684,687,683,682,674,673,662,692,688,689,685,675,683,679,672,710,703,699,693,690,676,671,675,706,710,698,702,697,697,687,681,720,709,707,699,706,692,685,710,715,729,699,714,694,696,706,697,6,5,4,5,3,4,4,5,5,4,4,4,4,4,4,4,5,5,5,5,4,5,4,4,6,4,5,4,4,4,5,4,7,4,4,5,5,4,4,4,5,5,4,5,6,4,5,5,5,6,5,5,5,5,5,7,6,9,6,6,6,5,5,8,5,5,5,5,5,5,5,5,5,5,5,5,5,5,5,5,5,5,5,5,5,5,5,5,5,5,5,5,5,5,5,5,5,5,5,5,5,5,5,5,5,5,5,5,5,5,5,5,5,5,5,5,5,5,5,5,5,5,5,5,5,5,5,5
83,683,670,671,668,664,654,658,651,686,682,675,676,667,659,664,657,678,682,684,684,674,668,673,671,694,692,683,695,683,668,671,663,709,701,697,695,696,683,676,676,719,698,695,707,700,694,691,681,722,725,715,703,699,698,691,684,729,722,710,718,701,704,695,694,6,4,4,4,4,4,5,5,5,5,4,5,4,3,4,4,6,5,4,6,4,4,4,4,6,4,5,4,4,4,5,5,5,5,5,5,6,4,5,4,6,6,4,5,5,4,6,5,8,8,6,6,4,5,6,7,10,10,5,7,6,6,5,9,5,5,5,5,5,5,5,5,5,5,5,5,5,5,5,5,5,5,5,5,5,5,5,5,5,5,5,5,5,5,5,5,5,5,5,5,5,5,5,5,5,5,5,5,5,5,5,5,5,5,5,5,5,5,5,5,5,5,5,5,5,5,5,5
84,675,668,669,663,662,659,660,665,693,687,670,667,661,666,656,653,681,683,687,675,673,657,662,667,696,689,689,685,678,675,668,675,700,694,693,689,693,682,676,673,705,704,704,708,692,695,694,689,717,705,706,701,698,688,684,696,740,729,716,700,713,689,706,703,5,5,4,4,4,4,4,4,5,5,4,4,4,4,5,4,7,5,4,4,3,4,4,4,6,5,5,4,4,4,4,4,6,5,5,4,5,4,4,5,5,6,5,5,5,4,6,5,6,6,6,6,5,4,5,6,6,6,5,7,5,6,6,9,5,5,5,5,5,5,5,5,5,5,5,5,5,5,5,5,5,5,5,5,5,5,5,5,5,5,5,5,5,5,5,5,5,5,5,5,5,5,5,5,5,5,5,5,5,5,5,5,5,5,5,5,5,5,5,5,5,5,5,5,5,5,5,5
85,681,668,666,669,664,660,651,659,683,685,677,665,667,668,660,660,682,680,684,679,670,669,665,665,695,702,697,678,684,677,670,662,715,695,697,692,693,691,687,681,711,708,703,689,691,686,688,679,732,725,711,708,704,693,697,687,725,723,729,705,701,713,703,685,6,5,4,5,4,4,4,5,5,5,3,4,4,4,4,4,6,6,5,5,4,4,5,4,6,5,4,5,4,4,4,5,6,5,4,5,5,5,5,5,5,5,5,6,5,5,5,5,6,8,6,6,5,5,5,5,6,9,6,9,6,5,6,11,5,5,5,5,5,5,5,5,5,5,5,5,5,5,5,5,5,5,5,5,5,5,5,5,5,5,5,5,5,5,5,5,5,5,5,5,5,5,5,5,5,5,5,5,5,5,5,5,5,5,5,5,5,5,5,5,5,5,5,5,5,5,5,5
86,683,683,670,672,656,657,652,656,681,688,675,667,666,663,660,663,682,691,683,673,673,675,669,657,699,697,676,687,685,673,671,672,707,699,684,697,679,684,677,672,710,711,704,703,705,694,682,685,734,717,716,698,694,691,698,690,721,731,715,718,697,706,708,706,5,4,4,5,4,4,4,4,5,4,4,4,4,4,4,4,7,6,6,4,3,4,4,4,6,4,4,4,4,4,4,5,7,4,4,5,4,4,4,5,5,5,5,5,5,4,4,5,5,6,5,5,5,5,5,7,6,9,5,8,6,5,7,7,5,5,5,5,5,5,5,5,5,5,5,5,5,5,5,5,5,5,5,5,5,5,5,5,5,5,5,5,5,5,5,5,5,5,5,5,5,5,5,5,5,5,5,5,5,5,5,5,5,5,5,5,5,5,5,5,5,5,5,5,5,5,5,5
87,683,676,678,667,668,661,655,652,691,679,677,673,669,659,664,649,695,693,687,683,672,664,662,662,695,701,695,685,678,680,669,671,703,708,694,691,688,674,682,677,718,710,705,693,690,674,688,673,723,716,707,697,695,696,699,700,731,738,720,703,707,702,713,678,5,4,4,4,4,4,4,5,5,4,4,4,4,4,4,4,6,5,4,5,4,4,4,4,6,5,6,4,4,5,5,5,7,5,4,5,5,4,4,5,6,6,5,5,6,5,5,4,6,8,6,6,5,5,5,7,9,9,6,10,7,5,7,10,5,5,5,5,5,5,5,5,5,5,5,5,5,5,5,5,5,5,5,5,5,5,5,5,5,5,5,5,5,5,5,5,5,5,5,5,5,5,5,5,5,5,5,5,5,5,5,5,5,5,5,5,5,5,5,5,5,5,5,5,5,5,5,5
88,686,681,668,666,658,657,657,650,676,679,674,672,664,659,664,657,693,690,680,681,672,677,661,651,699,696,686,685,685,668,681,670,695,704,693,685,693,680,677,674,711,705,704,693,695,694,675,674,707,717,698,709,696,703,689,688,732,732,711,708,700,707,702,683,5,4,4,4,4,4,4,4,5,4,4,5,4,4,3,4,5,6,4,5,3,4,4,4,6,4,5,4,4,4,4,4,7,5,4,5,5,4,5,5,5,5,5,5,5,5,5,5,7,7,5,5,6,5,5,5,8,7,6,7,6,6,5,9,5,5,5,5,5,5,5,5,5,5,5,5,5,5,5,5,5,5,5,5,5,5,5,5,5,5,5,5,5,5,5,5,5,5,5,5,5,5,5,5,5,5,5,5,5,5,5,5,5,5,5,5,5,5,5,5,5,5,5,5,5,5,5,5
89,673,680,675,663,663,662,660,659,688,683,684,666,671,664,664,660,693,685,681,679,678,672,661,663,707,704,692,685,676,677,677,671,706,702,695,692,696,675,686,669,712,706,703,700,699,688,685,668,717,700,719,711,692,696,706,689,726,744,712,704,708,700,704,683,5,4,5,5,4,4,4,5,6,4,4,4,5,4,4,4,6,5,5,5,4,4,4,4,5,5,6,4,4,4,5,5,6,5,4,5,5,4,4,5,5,6,5,5,5,4,5,5,8,7,6,5,5,5,6,6,8,10,5,7,6,6,7,9,5,5,5,5,5,5,5,5,5,5,5,5,5,5,5,5,5,5,5,5,5,5,5,5,5,5,5,5,5,5,5,5,5,5,5,5,5,5,5,5,5,5,5,5,5,5,5,5,5,5,5,5,5,5,5,5,5,5,5,5,5,5,5,5
90,673,671,673,673,667,652,652,652,695,690,683,675,671,654,662,659,687,683,680,688,673,672,672,661,706,699,680,690,688,668,673,662,704,704,688,688,696,692,679,677,719,711,704,697,701,688,689,675,721,705,704,698,697,693,686,689,734,722,723,699,702,711,706,684,6,5,4,4,3,4,3,4,5,4,4,4,4,4,4,3,7,5,5,5,4,4,4,4,5,5,5,5,4,3,4,5,7,5,4,4,5,4,4,5,5,6,5,4,5,4,5,4,7,7,5,5,5,5,5,6,6,8,6,7,6,6,6,8,5,5,5,5,5,5,5,5,5,5,5,5,5,5,5,5,5,5,5,5,5,5,5,5,5,5,5,5,5,5,5,5,5,5,5,5,5,5,5,5,5,5,5,5,5,5,5,5,5,5,5,5,5,5,5,5,5,5,5,5,5,5,5,5
91,681,678,670,667,668,663,666,651,683,679,675,659,672,663,651,659,678,691,689,677,671,670,672,669,697,696,697,685,672,674,671,672,704,705,698,687,689,684,678,671,713,697,700,699,699,687,688,692,720,723,699,693,701,697,694,695,727,721,715,709,718,707,708,697,6,5,5,4,4,4,4,4,5,4,4,4,5,4,4,4,7,6,4,5,4,5,4,5,6,5,6,4,4,4,5,5,6,5,4,4,5,5,5,5,5,5,5,6,5,4,5,5,5,8,6,4,5,5,6,6,9,8,5,8,6,5,6,11,5,5,5,5,5,5,5,5,5,5,5,5,5,5,5,5,5,5,5,5,5,5,5,5,5,5,5,5,5,5,5,5,5,5,5,5,5,5,5,5,5,5,5,5,5,5,5,5,5,5,5,5,5,5,5,5,5,5,5,5,5,5,5,5
92,681,678,676,670,656,666,654,649,688,678,675,669,663,665,662,663,686,683,678,679,679,676,669,659,707,702,690,686,674,675,671,665,697,700,693,698,692,681,687,681,712,717,702,702,703,689,689,684,721,723,709,706,706,695,695,690,732,724,718,707,722,704,702,696,5,4,4,4,3,4,4,5,5,4,5,4,4,4,4,4,6,5,5,5,4,5,4,4,7,5,5,4,4,4,4,4,6,5,5,4,5,4,4,4,5,6,4,5,5,4,6,4,6,8,5,7,6,5,5,6,7,7,5,7,6,6,6,10,5,5,5,5,5,5,5,5,5,5,5,5,5,5,5,5,5,5,5,5,5,5,5,5,5,5,5,5,5,5,5,5,5,5,5,5,5,5,5,5,5,5,5,5,5,5,5,5,5,5,5,5,5,5,5,5,5,5,5,5,5,5,5,5
93,681,678,675,672,656,650,657,656,689,686,680,680,668,662,658,660,688,695,687,676,674,670,668,665,700,699,693,680,681,677,671,667,704,708,691,693,681,687,686,672,719,713,706,688,691,692,681,682,722,711,701,712,706,703,695,697,720,710,713,711,703,702,691,692,6,5,4,4,4,4,4,5,4,5,4,4,5,4,4,4,7,6,6,5,4,4,4,4,5,5,5,4,4,4,6,5,5,4,4,5,5,5,4,4,6,6,5,5,6,4,4,5,6,7,6,5,6,4,5,7,8,9,6,6,7,6,5,8,5,5,5,5,5,5,5,5,5,5,5,5,5,5,5,5,5,5,5,5,5,5,5,5,5,5,5,5,5,5,5,5,5,5,5,5,5,5,5,5,5,5,5,5,5,5,5,5,5,5,5,5,5,5,5,5,5,5,5,5,5,5,5,5
94,679,664,668,667,662,663,661,662,693,681,676,680,668,662,662,669,698,688,686,677,680,670,661,660,706,697,694,677,682,685,681,673,702,701,693,685,692,682,678,675,708,714,715,693,704,682,682,686,722,712,711,704,700,703,701,687,718,723,723,715,715,693,704,688,5,5,4,5,3,3,4,4,5,4,4,3,4,3,4,3,5,5,4,5,4,4,4,4,5,4,5,4,4,4,4,4,8,4,4,5,5,4,4,4,5,6,5,5,5,5,4,5,5,8,5,6,5,6,5,6,6,8,6,7,6,5,5,8,5,5,5,5,5,5,5,5,5,5,5,5,5,5,5,5,5,5,5,5,5,5,5,5,5,5,5,5,5,5,5,5,5,5,5,5,5,5,5,5,5,5,5,5,5,5,5,5,5,5,5,5,5,5,5,5,5,5,5,5,5,5,5,5
95,680,675,672,674,666,662,649,655,690,686,669,674,678,665,665,663,693,690,686,685,674,668,666,667,698,687,699,686,680,673,670,655,705,701,688,697,704,687,678,680,714,697,693,702,707,690,682,692,728,712,721,711,698,702,701,691,730,725,723,707,692,701,701,694,6,5,4,5,4,4,4,5,6,4,4,5,5,4,4,4,7,5,4,4,4,4,4,4,6,5,5,4,4,4,5,5,5,5,5,4,4,5,5,5,7,6,4,6,6,5,4,6,6,6,6,7,6,5,4,6,10,7,6,7,5,5,6,11,5,5,5,5,5,5,5,5,5,5,5,5,5,5,5,5,5,5,5,5,5,5,5,5,5,5,5,5,5,5,5,5,5,5,5,5,5,5,5,5,5,5,5,5,5,5,5,5,5,5,5,5,5,5,5,5,5,5,5,5,5,5,5,5
96,673,680,675,670,663,659,654,652,681,668,681,669,668,656,663,660,689,687,679,682,680,672,670,669,698,695,700,686,673,670,672,664,705,704,693,697,692,681,679,677,712,705,695,691,695,694,680,688,704,694,708,703,711,694,697,701,739,731,715,718,703,709,711,699,5,4,4,4,3,4,4,4,4,3,4,3,4,3,4,4,5,5,4,5,4,4,4,4,5,5,4,4,4,4,5,4,7,5,5,4,5,4,4,5,5,6,5,6,6,4,6,5,6,5,6,6,4,5,5,6,7,9,5,7,7,5,6,8,5,5,5,5,5,5,5,5,5,5,5,5,5,5,5,5,5,5,5,5,5,5,5,5,5,5,5,5,5,5,5,5,5,5,5,5,5,5,5,5,5,5,5,5,5,5,5,5,5,5,5,5,5,5,5,5,5,5,5,5,5,5,5,5
97,680,677,658,668,662,661,657,654,681,678,684,669,669,670,661,666,698,691,690,689,683,664,668,669,711,691,681,688,685,670,672,669,706,705,692,694,697,683,688,670,698,708,700,702,693,687,691,689,734,707,713,697,701,697,707,686,732,712,716,717,715,693,694,670,5,4,4,4,4,4,4,6,5,4,4,4,4,3,4,4,5,5,5,6,4,4,4,4,5,5,6,4,4,4,4,5,7,5,5,5,5,5,4,5,5,6,4,5,6,4,5,5,6,6,5,6,5,6,6,6,11,9,5,9,6,6,5,11,5,5,5,5,5,5,5,5,5,5,5,5,5,5,5,5,5,5,5,5,5,5,5,5,5,5,5,5,5,5,5,5,5,5,5,5,5,5,5,5,5,5,5,5,5,5,5,5,5,5,5,5,5,5,5,5,5,5,5,5,5,5,5,5
98,672,683,670,662,668,663,660,655,689,678,678,675,664,658,655,651,678,687,689,672,678,677,666,669,700,696,686,684,687,674,668,669,713,697,702,696,687,688,680,672,712,708,693,704,693,698,694,684,718,711,719,708,700,693,687,684,728,724,714,708,700,705,712,683,4,4,3,4,3,4,4,3,4,4,4,4,4,3,4,3,6,6,5,5,4,4,4,4,6,5,4,4,5,4,4,4,6,4,3,5,4,5,5,5,5,5,4,5,5,4,5,5,6,6,5,6,5,5,5,6,6,8,5,6,6,6,6,10,5,5,5,5,5,5,5,5,5,5,5,5,5,5,5,5,5,5,5,5,5,5,5,5,5,5,5,5,5,5,5,5,5,5,5,5,5,5,5,5,5,5,5,5,5,5,5,5,5,5,5,5,5,5,5,5,5,5,5,5,5,5,5,5
99,678,678,672,657,658,653,656,654,690,671,681,665,658,664,669,647,686,697,687,688,680,673,659,664,700,692,692,681,686,683,672,673,697,706,687,690,685,681,683,681,710,719,705,694,694,687,690,674,725,704,709,698,701,706,686,707,724,728,712,716,698,705,707,692,5,4,4,5,4,4,4,5,6,4,4,4,4,4,4,5,7,7,4,5,4,4,5,4,7,5,6,4,4,4,5,5,6,5,5,5,5,4,4,5,5,5,5,5,5,6,4,5,6,7,8,7,6,6,5,6,7,7,5,6,5,6,7,9,5,5,5,5,5,5,5,5,5,5,5,5,5,5,5,5,5,5,5,5,5,5,5,5,5,5,5,5,5,5,5,5,5,5,5,5,5,5,5,5,5,5,5,5,5,5,5,5,5,5,5,5,5,5,5,5,5,5,5,5,5,5,5,5
100,677,666,670,663,659,661,652,658,686,677,675,670,671,666,664,652,679,689,691,674,669,660,662,658,697,698,684,683,681,671,677,670,705,701,691,698,691,688,676,680,716,703,707,703,709,686,688,682,710,707,721,704,702,690,691,691,734,709,720,702,706,697,706,710,5,4,4,4,4,4,3,4,6,4,4,4,4,4,4,3,6,5,4,5,4,4,4,4,6,4,5,4,4,4,5,4,7,5,4,4,4,3,3,6,5,5,4,5,6,5,5,5,5,8,5,5,5,5,6,6,8,9,6,6,5,5,6,9,5,5,5,5,5,5,5,5,5,5,5,5,5,5,5,5,5,5,5,5,5,5,5,5,5,5,5,5,5,5,5,5,5,5,5,5,5,5,5,5,5,5,5,5,5,5,5,5,5,5,5,5,5,5,5,5,5,5,5,5,5,5,5,5
101,675,680,677,664,665,653,660,657,679,676,679,676,669,662,667,662,679,689,681,676,671,684,666,665,712,693,686,674,685,684,668,673,709,700,699,696,686,674,677,673,710,709,703,704,689,678,693,686,708,720,717,698,708,702,687,690,732,731,717,704,708,704,708,696,5,4,4,4,4,4,5,5,6,4,5,4,4,4,4,5,7,6,5,5,4,4,4,4,5,5,5,4,4,4,5,5,6,5,5,4,5,5,4,4,6,5,5,5,6,5,5,6,6,8,5,6,6,5,6,6,9,8,6,6,6,5,6,9,5,5,5,5,5,5,5,5,5,5,5,5,5,5,5,5,5,5,5,5,5,5,5,5,5,5,5,5,5,5,5,5,5,5,5,5,5,5,5,5,5,5,5,5,5,5,5,5,5,5,5,5,5,5,5,5,5,5,5,5,5,5,5,5
102,678,667,668,664,669,658,652,658,682,678,673,682,666,665,659,656,687,687,679,686,673,668,662,663,694,689,687,687,680,679,668,676,710,698,688,688,692,680,677,674,715,704,703,695,706,684,682,689,728,719,705,705,702,691,681,679,723,705,720,693,699,697,701,690,6,5,4,4,4,4,4,5,6,4,4,4,4,4,4,4,6,6,4,5,4,4,4,4,6,4,5,4,4,4,4,5,6,4,5,4,5,4,5,4,6,5,5,5,5,5,5,5,6,8,5,6,5,5,5,6,9,8,6,6,6,6,6,9,5,5,5,5,5,5,5,5,5,5,5,5,5,5,5,5,5,5,5,5,5,5,5,5,5,5,5,5,5,5,5,5,5,5,5,5,5,5,5,5,5,5,5,5,5,5,5,5,5,5,5,5,5,5,5,5,5,5,5,5,5,5,5,5
103,681,672,676,665,669,661,659,653,692,690,684,674,667,675,669,654,690,683,689,688,672,670,670,662,697,693,692,686,678,668,679,674,710,704,695,687,688,680,687,675,706,714,710,694,690,676,687,672,710,704,706,708,703,700,695,697,727,715,728,706,699,694,693,692,6,5,5,4,3,4,4,5,5,3,4,4,4,3,4,4,6,5,4,6,4,4,4,5,6,5,6,4,4,4,5,4,6,5,4,5,5,4,4,5,5,4,5,5,7,5,5,5,7,7,7,7,5,6,7,7,9,9,7,7,7,6,5,12,5,5,5,5,5,5,5,5,5,5,5,5,5,5,5,5,5,5,5,5,5,5,5,5,5,5,5,5,5,5,5,5,5,5,5,5,5,5,5,5,5,5,5,5,5,5,5,5,5,5,5,5,5,5,5,5,5,5,5,5,5,5,5,5
104,677,665,663,670,663,660,653,652,683,681,680,682,664,663,663,663,690,686,683,684,676,673,672,664,692,700,683,696,678,672,672,670,701,696,690,692,690,687,684,677,713,702,702,693,684,683,686,680,719,707,703,698,687,692,694,697,704,724,725,708,705,700,703,698,5,4,4,5,3,4,4,4,5,5,4,4,4,4,3,4,7,5,4,4,4,4,4,4,5,5,4,4,4,4,5,5,6,4,5,5,5,4,4,4,4,5,5,6,5,5,4,5,5,6,6,6,5,5,7,7,9,8,6,7,7,5,5,8,5,5,5,5,5,5,5,5,5,5,5,5,5,5,5,5,5,5,5,5,5,5,5,5,5,5,5,5,5,5,5,5,5,5,5,5,5,5,5,5,5,5,5,5,5,5,5,5,5,5,5,5,5,5,5,5,5,5,5,5,5,5,5,5
105,675,676,678,669,674,664,650,656,693,685,672,680,666,664,663,657,685,695,679,683,671,672,664,669,699,691,692,680,679,677,670,677,703,708,695,698,676,677,684,673,715,719,700,699,705,687,680,681,708,717,706,711,692,698,694,680,735,730,716,718,704,703,704,720,6,4,5,4,3,4,4,5,5,5,4,4,4,4,5,4,5,6,5,5,4,4,3,5,6,5,6,4,4,4,5,5,6,5,5,5,4,5,4,5,5,5,5,5,6,5,5,6,7,7,7,6,5,6,5,7,10,10,5,7,5,5,6,10,5,5,5,5,5,5,5,5,5,5,5,5,5,5,5,5,5,5,5,5,5,5,5,5,5,5,5,5,5,5,5,5,5,5,5,5,5,5,5,5,5,5,5,5,5,5,5,5,5,5,5,5,5,5,5,5,5,5,5,5,5,5,5,5
106,685,674,667,654,662,647,655,656,681,680,676,673,669,669,666,654,692,683,679,672,680,665,670,666,696,697,689,679,679,677,669,670,699,698,687,690,691,681,679,673,722,698,697,692,687,695,687,695,708,708,707,694,701,696,697,690,721,719,706,716,714,707,703,701,6,4,4,4,4,4,4,4,5,4,4,4,4,4,3,3,5,5,5,4,4,3,4,4,5,5,4,4,4,4,4,4,5,4,4,4,5,4,4,4,5,5,4,5,6,4,5,5,6,5,7,5,5,5,5,5,8,8,4,6,5,5,6,8,5,5,5,5,5,5,5,5,5,5,5,5,5,5,5,5,5,5,5,5,5,5,5,5,5,5,5,5,5,5,5,5,5,5,5,5,5,5,5,5,5,5,5,5,5,5,5,5,5,5,5,5,5,5,5,5,5,5,5,5,5,5,5,5
107,673,676,663,675,656,663,653,650,687,681,676,669,657,661,660,660,681,688,693,678,670,675,669,667,708,698,688,687,683,673,676,669,708,705,705,695,696,692,670,672,715,696,700,700,693,684,689,675,715,710,704,706,706,693,699,700,726,699,730,711,703,697,701,683,6,4,4,5,4,4,5,4,5,5,3,4,3,4,5,4,6,6,5,5,3,4,4,4,6,5,5,4,4,4,5,4,6,5,4,5,6,4,4,5,6,5,5,5,5,5,4,5,7,8,6,6,6,6,7,8,8,7,6,6,5,5,6,9,5,5,5,5,5,5,5,5,5,5,5,5,5,5,5,5,5,5,5,5,5,5,5,5,5,5,5,5,5,5,5,5,5,5,5,5,5,5,5,5,5,5,5,5,5,5,5,5,5,5,5,5,5,5,5,5,5,5,5,5,5,5,5,5
108,674,670,669,666,660,658,652,644,681,671,671,667,667,666,655,656,691,689,674,686,669,665,670,666,693,692,684,681,671,675,675,672,709,704,691,696,684,687,675,674,711,712,698,703,702,691,687,683,721,712,708,709,699,690,686,692,719,707,707,719,696,715,705,701,5,5,4,4,4,3,4,5,4,4,4,4,4,4,4,4,5,5,4,5,4,4,4,4,6,4,5,4,4,4,5,5,6,4,5,5,5,5,5,4,6,5,4,5,4,4,5,6,6,7,6,6,4,5,5,6,9,10,4,7,6,6,6,8,5,5,5,5,5,5,5,5,5,5,5,5,5,5,5,5,5,5,5,5,5,5,5,5,5,5,5,5,5,5,5,5,5,5,5,5,5,5,5,5,5,5,5,5,5,5,5,5,5,5,5,5,5,5,5,5,5,5,5,5,5,5,5,5
109,683,676,670,662,660,661,656,654,679,676,677,674,672,660,666,655,688,687,682,681,672,673,670,666,687,701,699,688,687,678,678,674,709,710,696,696,696,686,679,665,715,698,695,699,694,687,671,689,710,728,712,705,698,695,686,692,724,705,715,716,706,689,703,691,5,6,4,4,4,4,4,4,6,5,4,5,5,4,4,4,6,6,5,6,4,5,4,5,6,5,6,5,5,4,4,5,6,5,4,5,5,4,5,5,5,6,5,5,7,4,5,7,5,6,6,6,6,5,6,7,9,11,5,7,6,5,5,9,5,5,5,5,5,5,5,5,5,5,5,5,5,5,5,5,5,5,5,5,5,5,5,5,5,5,5,5,5,5,5,5,5,5,5,5,5,5,5,5,5,5,5,5,5,5,5,5,5,5,5,5,5,5,5,5,5,5,5,5,5,5,5,5
110,677,683,668,663,668,661,654,648,690,680,674,671,669,664,668,659,689,684,672,679,676,669,669,668,707,695,690,682,677,676,667,661,701,700,689,693,686,687,674,670,710,712,705,699,692,694,681,680,718,724,710,713,704,699,697,696,734,709,721,724,718,703,702,689,5,4,4,4,3,4,4,4,5,4,4,4,4,4,4,4,7,5,4,5,4,4,4,4,7,5,5,4,4,4,4,5,5,4,4,5,4,5,4,4,5,5,5,4,5,4,5,5,7,7,6,6,5,6,5,7,6,9,6,8,6,5,7,10,5,5,5,5,5,5,5,5,5,5,5,5,5,5,5,5,5,5,5,5,5,5,5,5,5,5,5,5,5,5,5,5,5,5,5,5,5,5,5,5,5,5,5,5,5,5,5,5,5,5,5,5,5,5,5,5,5,5,5,5,5,5,5,5
111,681,680,663,667,656,659,653,656,684,678,684,667,671,669,661,654,693,686,680,676,671,665,665,660,691,696,692,687,685,676,670,675,705,695,701,697,683,689,685,675,715,712,700,689,688,692,687,691,729,709,708,706,704,700,693,689,728,727,720,700,714,702,702,710,5,5,4,5,4,4,4,4,5,4,4,4,4,4,4,4,5,6,5,5,4,4,5,3,6,4,6,5,4,4,5,5,5,5,4,4,4,5,4,5,6,5,5,6,7,4,4,6,5,7,6,6,5,5,5,6,9,7,5,8,5,5,6,10,5,5,5,5,5,5,5,5,5,5,5,5,5,5,5,5,5,5,5,5,5,5,5,5,5,5,5,5,5,5,5,5,5,5,5,5,5,5,5,5,5,5,5,5,5,5,5,5,5,5,5,5,5,5,5,5,5,5,5,5,5,5,5,5
112,681,667,665,667,656,656,662,652,694,679,677,666,672,661,659,652,684,684,681,678,676,670,663,657,690,695,693,683,679,677,674,674,711,703,693,691,694,682,677,682,706,700,697,695,703,691,693,684,731,707,708,709,700,689,691,690,710,723,707,708,699,707,690,697,5,5,4,5,4,3,4,4,5,5,4,4,4,3,4,4,6,6,5,5,4,5,4,4,6,4,5,4,4,4,5,5,5,5,5,5,4,4,4,5,4,5,5,4,5,4,5,4,6,6,6,4,5,4,5,7,7,7,4,10,6,6,6,11,5,5,5,5,5,5,5,5,5,5,5,5,5,5,5,5,5,5,5,5,5,5,5,5,5,5,5,5,5,5,5,5,5,5,5,5,5,5,5,5,5,5,5,5,5,5,5,5,5,5,5,5,5,5,5,5,5,5,5,5,5,5,5,5
113,683,687,671,656,651,655,658,646,685,680,677,671,670,664,661,658,693,687,681,682,675,664,660,658,698,702,695,688,699,683,665,671,698,700,703,696,694,682,672,672,723,702,706,703,690,697,689,689,716,715,703,701,687,701,692,691,705,733,724,700,708,691,698,690,6,5,5,5,4,5,4,4,5,4,4,5,5,4,4,4,7,6,5,5,4,5,4,4,6,5,6,4,5,4,4,5,6,5,5,5,4,5,5,5,6,6,5,5,6,5,5,6,6,7,6,6,6,6,7,7,7,12,6,8,6,5,6,9,5,5,5,5,5,5,5,5,5,5,5,5,5,5,5,5,5,5,5,5,5,5,5,5,5,5,5,5,5,5,5,5,5,5,5,5,5,5,5,5,5,5,5,5,5,5,5,5,5,5,5,5,5,5,5,5,5,5,5,5,5,5,5,5
114,676,666,673,662,661,662,656,665,695,691,679,671,673,662,656,659,705,691,687,676,672,667,670,668,703,683,688,684,684,680,672,671,712,703,694,695,693,679,682,674,709,698,703,694,697,688,683,695,720,709,724,708,701,701,693,684,720,722,714,719,699,704,699,680,5,4,4,4,4,4,4,4,5,5,4,4,5,4,4,4,6,5,5,4,4,4,4,4,5,4,5,4,4,4,4,4,5,4,4,5,5,4,4,5,4,4,5,5,7,4,4,5,6,6,6,6,5,5,5,5,8,8,6,7,5,7,6,8,5,5,5,5,5,5,5,5,5,5,5,5,5,5,5,5,5,5,5,5,5,5,5,5,5,5,5,5,5,5,5,5,5,5,5,5,5,5,5,5,5,5,5,5,5,5,5,5,5,5,5,5,5,5,5,5,5,5,5,5,5,5,5,5
115,686,674,670,664,653,660,655,643,683,685,673,677,663,660,658,657,687,692,682,676,680,668,674,656,700,701,698,684,674,676,678,663,713,693,708,700,689,679,676,668,717,701,692,694,685,694,692,695,724,721,700,711,701,691,685,700,725,727,717,699,702,708,714,703,6,4,4,4,4,4,3,5,5,5,5,5,4,4,5,4,7,6,5,5,4,4,4,4,6,6,5,4,4,4,5,4,6,4,5,5,5,4,5,5,5,5,5,5,6,4,4,7,6,8,6,7,6,5,5,7,8,8,5,8,6,5,7,8,5,5,5,5,5,5,5,5,5,5,5,5,5,5,5,5,5,5,5,5,5,5,5,5,5,5,5,5,5,5,5,5,5,5,5,5,5,5,5,5,5,5,5,5,5,5,5,5,5,5,5,5,5,5,5,5,5,5,5,5,5,5,5,5
116,678,668,669,667,662,657,655,657,685,685,674,676,667,669,655,656,680,681,684,683,670,674,661,664,700,690,685,684,686,676,668,651,704,694,702,690,686,690,684,675,714,711,704,699,695,690,687,691,716,722,707,699,702,693,700,680,724,727,714,709,705,695,714,708,5,4,4,4,3,4,4,4,5,4,4,3,4,4,4,4,6,6,4,5,4,4,4,4,6,4,5,4,4,4,4,5,5,4,4,5,5,5,4,5,5,6,5,5,5,4,5,4,6,8,5,5,5,5,6,5,8,7,5,7,5,6,6,8,5,5,5,5,5,5,5,5,5,5,5,5,5,5,5,5,5,5,5,5,5,5,5,5,5,5,5,5,5,5,5,5,5,5,5,5,5,5,5,5,5,5,5,5,5,5,5,5,5,5,5,5,5,5,5,5,5,5,5,5,5,5,5,5
117,674,666,672,670,660,650,664,652,683,667,688,672,663,663,659,656,689,691,678,686,677,670,666,667,703,687,682,678,677,671,670,661,704,699,700,698,694,684,683,678,721,710,707,697,701,682,682,690,713,713,699,684,700,702,690,696,714,719,720,716,712,706,703,701,4,5,4,4,4,4,5,5,5,4,4,5,4,4,4,4,7,6,5,4,4,4,4,4,7,5,5,4,4,4,5,5,6,5,5,5,5,5,4,5,6,6,5,5,5,5,6,6,6,7,6,5,6,6,6,7,8,7,6,7,6,5,6,8,5,5,5,5,5,5,5,5,5,5,5,5,5,5,5,5,5,5,5,5,5,5,5,5,5,5,5,5,5,5,5,5,5,5,5,5,5,5,5,5,5,5,5,5,5,5,5,5,5,5,5,5,5,5,5,5,5,5,5,5,5,5,5,5
118,681,674,670,667,661,659,649,647,686,674,685,676,663,665,654,663,682,688,690,683,678,672,672,663,700,693,688,688,684,670,674,666,704,701,703,694,687,678,676,671,717,710,696,689,694,684,695,690,723,708,706,706,694,703,699,694,732,704,707,714,712,698,702,690,5,5,4,4,3,4,3,4,5,4,3,3,3,4,4,4,6,6,4,4,4,4,3,4,7,4,5,4,5,4,4,4,6,4,5,5,5,5,4,5,6,5,4,5,5,5,5,4,6,6,6,7,5,5,5,6,8,8,6,7,5,5,5,10,5,5,5,5,5,5,5,5,5,5,5,5,5,5,5,5,5,5,5,5,5,5,5,5,5,5,5,5,5,5,5,5,5,5,5,5,5,5,5,5,5,5,5,5,5,5,5,5,5,5,5,5,5,5,5,5,5,5,5,5,5,5,5,5
119,677,680,671,660,665,655,659,651,693,672,671,676,672,664,660,655,687,684,672,674,674,676,662,669,699,695,697,691,681,688,669,675,700,701,692,690,691,685,676,671,714,710,703,695,689,689,686,679,721,711,697,710,701,695,695,697,735,718,718,706,702,701,695,699,5,4,4,4,4,4,5,5,5,5,4,4,4,4,5,4,7,6,5,4,4,4,4,4,7,6,6,4,4,5,5,5,5,5,4,5,5,5,4,4,6,6,5,5,6,4,6,5,6,7,5,6,5,5,5,7,8,8,6,6,7,7,5,7,5,5,5,5,5,5,5,5,5,5,5,5,5,5,5,5,5,5,5,5,5,5,5,5,5,5,5,5,5,5,5,5,5,5,5,5,5,5,5,5,5,5,5,5,5,5,5,5,5,5,5,5,5,5,5,5,5,5,5,5,5,5,5,5
120,676,669,666,664,662,659,664,654,695,675,672,672,668,666,656,653,688,686,684,682,671,667,667,663,698,697,692,681,676,674,665,667,695,702,697,694,693,686,671,689,717,699,710,697,698,694,680,679,716,701,695,704,715,701,703,686,726,736,707,704,699,710,698,683,5,5,4,4,3,4,4,5,5,4,4,4,4,3,4,3,6,6,5,5,3,4,4,4,6,4,5,4,4,4,4,5,6,5,5,5,5,5,4,6,5,5,5,5,4,4,5,5,6,7,5,5,6,5,5,6,9,9,5,5,6,6,6,8,5,5,5,5,5,5,5,5,5,5,5,5,5,5,5,5,5,5,5,5,5,5,5,5,5,5,5,5,5,5,5,5,5,5,5,5,5,5,5,5,5,5,5,5,5,5,5,5,5,5,5,5,5,5,5,5,5,5,5,5,5,5,5,5
121,678,671,675,673,670,645,661,656,683,676,671,668,668,668,664,651,689,688,686,679,681,668,665,662,697,699,693,681,672,680,671,672,713,706,695,691,690,682,683,678,705,695,697,697,702,682,675,682,704,716,723,710,704,700,696,683,731,719,726,722,712,693,705,703,6,4,4,4,4,4,4,6,5,4,4,4,4,4,4,4,6,6,4,5,4,4,4,4,6,4,5,4,4,4,5,5,6,5,5,5,5,5,4,5,6,5,4,4,4,5,6,5,6,7,6,5,5,5,5,7,10,9,5,8,5,6,6,9,5,5,5,5,5,5,5,5,5,5,5,5,5,5,5,5,5,5,5,5,5,5,5,5,5,5,5,5,5,5,5,5,5,5,5,5,5,5,5,5,5,5,5,5,5,5,5,5,5,5,5,5,5,5,5,5,5,5,5,5,5,5,5,5
122,671,684,661,671,657,654,655,648,683,675,673,673,676,661,656,664,683,681,686,677,675,676,665,664,693,692,687,675,678,679,675,666,713,696,685,693,699,688,685,671,717,715,701,700,697,682,689,678,720,711,711,689,695,702,694,689,715,717,717,717,695,706,705,706,5,4,4,4,4,3,4,4,4,4,4,3,4,4,4,5,7,5,4,4,4,4,4,4,6,4,5,3,4,4,5,5,6,4,4,4,5,4,4,4,6,5,5,4,5,5,6,5,6,7,6,5,4,6,5,6,7,9,5,8,6,6,6,9,5,5,5,5,5,5,5,5,5,5,5,5,5,5,5,5,5,5,5,5,5,5,5,5,5,5,5,5,5,5,5,5,5,5,5,5,5,5,5,5,5,5,5,5,5,5,5,5,5,5,5,5,5,5,5,5,5,5,5,5,5,5,5,5
123,680,669,674,667,656,660,650,657,699,687,684,665,658,671,655,665,700,683,676,675,678,671,660,665,697,695,680,682,677,680,677,663,704,705,699,693,693,684,673,674,709,700,702,687,685,694,694,681,710,706,706,712,696,698,705,693,729,718,719,704,714,696,714,691,5,5,4,5,5,4,4,5,6,6,4,4,4,4,4,4,6,6,4,5,4,4,4,4,7,4,4,4,4,4,5,5,6,4,4,5,5,5,5,6,5,5,5,6,6,5,5,6,6,7,5,6,6,5,6,7,8,6,8,7,6,6,6,11,5,5,5,5,5,5,5,5,5,5,5,5,5,5,5,5,5,5,5,5,5,5,5,5,5,5,5,5,5,5,5,5,5,5,5,5,5,5,5,5,5,5,5,5,5,5,5,5,5,5,5,5,5,5,5,5,5,5,5,5,5,5,5,5
124,677,672,671,667,656,658,656,650,689,678,669,663,668,667,655,657,684,682,681,677,672,661,661,667,695,698,685,682,683,680,671,681,707,700,697,702,689,671,672,665,705,703,703,692,695,692,684,681,711,710,711,703,695,685,698,679,728,723,720,711,704,692,689,706,5,4,4,4,4,3,4,4,5,4,4,4,4,4,4,4,6,5,5,4,4,4,4,4,6,4,5,4,4,4,4,5,5,4,4,4,5,4,5,5,5,5,5,5,5,4,4,5,5,6,5,5,4,4,5,7,9,7,5,6,7,5,6,9,5,5,5,5,5,5,5,5,5,5,5,5,5,5,5,5,5,5,5,5,5,5,5,5,5,5,5,5,5,5,5,5,5,5,5,5,5,5,5,5,5,5,5,5,5,5,5,5,5,5,5,5,5,5,5,5,5,5,5,5,5,5,5,5
125,683,680,664,663,654,663,656,651,688,681,686,679,675,665,661,666,699,691,679,688,672,678,666,670,690,698,682,684,684,678,678,672,700,702,698,694,692,684,673,684,721,709,703,706,692,680,687,682,725,715,718,702,709,699,687,681,719,738,714,708,713,704,704,699,5,4,4,4,4,4,4,5,5,5,4,4,5,4,5,4,7,7,5,4,4,5,5,5,6,5,5,4,5,4,6,6,7,5,4,6,5,5,5,5,6,6,5,5,6,5,5,6,6,7,6,6,6,5,5,7,7,8,6,7,8,5,6,13,5,5,5,5,5,5,5,5,5,5,5,5,5,5,5,5,5,5,5,5,5,5,5,5,5,5,5,5,5,5,5,5,5,5,5,5,5,5,5,5,5,5,5,5,5,5,5,5,5,5,5,5,5,5,5,5,5,5,5,5,5,5,5,5
126,687,681,669,668,660,655,653,657,698,677,682,670,673,660,659,665,695,688,684,674,681,669,672,658,705,693,685,691,685,676,669,671,707,697,702,688,683,680,675,680,702,705,704,696,696,691,682,671,724,713,704,702,713,698,696,688,740,706,721,708,708,698,689,698,5,5,4,4,4,4,4,4,6,4,4,4,5,3,4,4,6,6,5,5,4,4,4,4,5,4,5,4,4,4,5,4,6,4,4,5,4,4,4,5,4,6,4,5,5,4,5,4,5,7,6,6,6,6,5,6,8,8,5,6,5,5,5,6,5,5,5,5,5,5,5,5,5,5,5,5,5,5,5,5,5,5,5,5,5,5,5,5,5,5,5,5,5,5,5,5,5,5,5,5,5,5,5,5,5,5,5,5,5,5,5,5,5,5,5,5,5,5,5,5,5,5,5,5,5,5,5,5
127,675,673,672,671,656,662,652,647,692,685,671,668,662,669,662,656,700,686,684,682,668,670,659,662,687,697,695,686,682,675,672,666,703,695,694,687,692,688,677,674,715,704,702,689,701,695,686,686,729,702,713,707,706,700,700,699,737,714,704,727,706,722,702,703,5,4,4,5,4,4,4,5,6,5,3,4,4,4,4,4,6,6,4,5,3,4,4,4,6,4,6,4,4,4,5,4,7,4,5,6,5,5,4,5,6,6,4,6,5,5,5,6,7,6,6,6,5,7,6,7,9,7,6,8,7,8,6,9,5,5,5,5,5,5,5,5,5,5,5,5,5,5,5,5,5,5,5,5,5,5,5,5,5,5,5,5,5,5,5,5,5,5,5,5,5,5,5,5,5,5,5,5,5,5,5,5,5,5,5,5,5,5,5,5,5,5,5,5,5,5,5,5
128,681,670,669,669,662,662,652,655,686,684,678,675,665,669,659,660,701,696,686,680,680,669,662,659,688,696,692,677,678,680,669,661,707,699,701,687,686,690,672,677,715,699,718,698,696,692,687,680,709,714,707,699,699,697,704,686,718,739,714,710,710,706,705,704,5,5,4,4,4,3,4,5,5,4,4,3,4,4,4,4,5,5,4,4,4,5,4,4,5,4,5,4,4,4,4,4,5,4,4,5,5,5,4,5,6,5,5,5,7,4,5,5,6,7,6,6,5,5,6,6,8,9,5,8,6,4,6,8,5,5,5,5,5,5,5,5,5,5,5,5,5,5,5,5,5,5,5,5,5,5,5,5,5,5,5,5,5,5,5,5,5,5,5,5,5,5,5,5,5,5,5,5,5,5,5,5,5,5,5,5,5,5,5,5,5,5,5,5,5,5,5,5
129,681,677,669,663,669,659,650,650,685,678,672,672,675,665,661,651,697,690,687,680,669,673,676,659,698,694,698,687,686,682,677,667,709,698,690,693,690,684,682,674,720,705,716,698,700,694,683,684,725,713,710,705,698,692,706,696,722,722,708,713,718,697,702,703,6,4,4,5,4,4,4,5,5,4,4,4,5,4,4,4,6,6,4,5,4,4,4,4,7,4,6,4,5,4,5,4,8,4,5,5,5,4,4,5,5,5,6,5,5,5,6,6,7,8,5,6,5,5,6,7,8,7,5,7,5,6,6,8,5,5,5,5,5,5,5,5,5,5,5,5,5,5,5,5,5,5,5,5,5,5,5,5,5,5,5,5,5,5,5,5,5,5,5,5,5,5,5,5,5,5,5,5,5,5,5,5,5,5,5,5,5,5,5,5,5,5,5,5,5,5,5,5
130,677,673,676,660,655,646,653,644,696,678,680,670,658,664,660,653,692,684,673,684,669,668,665,653,701,693,687,692,675,667,668,671,710,702,688,694,689,681,684,670,707,703,698,698,691,695,683,688,712,717,706,698,700,696,692,693,716,715,717,733,706,704,710,700,5,6,5,5,4,4,4,4,5,4,4,4,4,4,4,4,6,5,4,5,4,4,4,4,5,5,4,4,4,4,4,4,5,4,5,4,4,4,3,5,5,4,4,5,6,4,5,5,6,7,5,5,5,5,6,6,7,9,5,7,6,5,6,11,5,5,5,5,5,5,5,5,5,5,5,5,5,5,5,5,5,5,5,5,5,5,5,5,5,5,5,5,5,5,5,5,5,5,5,5,5,5,5,5,5,5,5,5,5,5,5,5,5,5,5,5,5,5,5,5,5,5,5,5,5,5,5,5
131,682,677,671,667,668,664,659,651,682,680,688,674,674,662,667,658,682,688,683,669,672,667,667,659,694,704,693,683,686,675,672,676,703,703,699,699,685,685,685,666,708,703,696,701,706,691,691,688,721,715,709,700,703,685,696,693,734,727,721,713,704,691,701,694,5,5,4,4,4,4,4,5,5,5,4,4,4,4,4,4,6,6,5,5,4,4,4,4,6,5,5,4,4,4,5,5,8,5,4,5,5,5,4,4,5,5,4,5,6,5,5,5,6,7,6,6,5,5,6,6,9,8,6,7,7,5,7,10,5,5,5,5,5,5,5,5,5,5,5,5,5,5,5,5,5,5,5,5,5,5,5,5,5,5,5,5,5,5,5,5,5,5,5,5,5,5,5,5,5,5,5,5,5,5,5,5,5,5,5,5,5,5,5,5,5,5,5,5,5,5,5,5
132,676,666,668,668,659,655,656,656,680,679,674,670,661,666,654,651,699,694,674,679,673,668,659,670,694,694,684,684,687,676,672,667,694,702,688,685,691,686,680,673,717,710,696,697,700,669,694,686,712,715,715,704,696,705,691,695,722,731,725,708,703,702,705,705,6,4,4,4,4,4,4,3,4,4,3,4,4,4,4,4,8,6,4,5,3,4,4,4,5,4,5,4,4,4,5,4,7,5,4,4,5,5,4,5,6,5,5,4,4,5,5,5,6,6,5,6,5,4,6,6,8,8,6,6,6,5,5,9,5,5,5,5,5,5,5,5,5,5,5,5,5,5,5,5,5,5,5,5,5,5,5,5,5,5,5,5,5,5,5,5,5,5,5,5,5,5,5,5,5,5,5,5,5,5,5,5,5,5,5,5,5,5,5,5,5,5,5,5,5,5,5,5
133,683,675,664,653,667,668,649,650,676,671,676,672,663,668,665,665,693,692,671,680,673,677,662,659,691,695,689,687,683,675,670,666,704,693,707,697,690,686,673,672,706,701,708,701,693,687,693,678,709,724,703,709,696,691,692,694,710,713,718,708,720,714,702,699,6,5,4,4,4,4,4,5,5,4,4,4,4,4,4,4,6,6,4,4,4,5,4,4,6,4,5,4,4,4,5,5,6,5,5,4,5,5,4,5,5,5,5,6,7,5,5,5,7,6,7,6,5,5,4,7,7,12,7,8,6,5,7,9,5,5,5,5,5,5,5,5,5,5,5,5,5,5,5,5,5,5,5,5,5,5,5,5,5,5,5,5,5,5,5,5,5,5,5,5,5,5,5,5,5,5,5,5,5,5,5,5,5,5,5,5,5,5,5,5,5,5,5,5,5,5,5,5
134,684,681,675,665,659,658,653,652,685,681,675,678,670,663,663,657,689,684,682,678,673,666,666,655,693,695,687,680,684,676,680,666,702,701,686,691,682,688,679,678,716,712,696,692,697,698,687,678,726,711,704,702,699,696,685,690,713,704,712,719,692,702,710,686,5,4,4,4,3,3,4,4,4,4,3,4,4,4,3,3,7,6,5,4,4,4,4,4,5,4,5,4,4,4,4,5,5,5,4,4,4,4,4,5,5,5,4,5,5,4,5,5,5,6,6,5,5,6,5,6,7,9,5,8,6,5,6,8,5,5,5,5,5,5,5,5,5,5,5,5,5,5,5,5,5,5,5,5,5,5,5,5,5,5,5,5,5,5,5,5,5,5,5,5,5,5,5,5,5,5,5,5,5,5,5,5,5,5,5,5,5,5,5,5,5,5,5,5,5,5,5,5
135,674,677,673,671,662,656,650,656,686,675,679,675,660,664,665,654,702,684,694,684,667,670,668,664,695,697,680,687,678,682,680,663,701,695,695,700,692,685,684,670,709,701,703,704,707,692,693,687,710,714,708,700,703,690,689,692,734,738,715,711,710,702,712,697,5,4,4,5,4,4,4,5,5,4,4,4,4,4,4,4,6,6,4,5,3,4,5,4,7,5,5,4,4,4,4,5,8,4,4,4,5,4,4,5,5,5,5,5,6,5,6,5,8,8,5,6,5,5,5,7,6,9,5,7,5,6,6,9,5,5,5,5,5,5,5,5,5,5,5,5,5,5,5,5,5,5,5,5,5,5,5,5,5,5,5,5,5,5,5,5,5,5,5,5,5,5,5,5,5,5,5,5,5,5,5,5,5,5,5,5,5,5,5,5,5,5,5,5,5,5,5,5
136,673,675,666,664,661,661,652,652,680,682,676,668,666,655,657,660,689,676,687,675,667,671,675,671,689,698,695,685,683,676,663,667,708,704,700,698,684,687,680,674,714,703,700,699,704,695,684,677,713,707,722,706,701,696,697,691,738,715,714,710,703,708,703,688,5,4,3,4,4,4,4,5,4,4,4,4,4,3,4,4,6,6,4,4,3,4,3,4,5,4,4,4,4,4,4,4,5,5,4,4,4,5,4,4,5,5,4,4,5,4,4,5,6,6,5,6,4,5,6,7,6,9,5,7,7,5,6,8,5,5,5,5,5,5,5,5,5,5,5,5,5,5,5,5,5,5,5,5,5,5,5,5,5,5,5,5,5,5,5,5,5,5,5,5,5,5,5,5,5,5,5,5,5,5,5,5,5,5,5,5,5,5,5,5,5,5,5,5,5,5,5,5
137,685,669,679,668,660,665,653,655,679,688,680,664,673,659,657,660,695,679,675,677,673,669,662,656,698,694,694,680,678,678,680,674,707,703,700,689,687,689,680,675,721,707,708,695,703,680,681,678,711,708,700,701,685,699,695,693,727,706,718,706,700,704,698,701,7,5,4,5,4,4,4,4,5,5,4,4,5,4,4,5,6,5,4,5,4,4,4,4,5,5,6,4,5,5,5,5,6,5,4,5,5,5,5,5,5,5,6,5,5,5,6,5,9,8,6,5,6,5,5,7,9,9,4,7,6,5,5,17,5,5,5,5,5,5,5,5,5,5,5,5,5,5,5,5,5,5,5,5,5,5,5,5,5,5,5,5,5,5,5,5,5,5,5,5,5,5,5,5,5,5,5,5,5,5,5,5,5,5,5,5,5,5,5,5,5,5,5,5,5,5,5,5
138,680,681,676,671,663,664,652,656,678,680,675,673,667,659,662,658,682,679,684,679,671,664,664,667,708,692,680,686,687,675,664,667,707,701,689,688,692,686,674,676,715,703,696,704,688,685,680,689,715,711,706,695,701,698,695,689,728,727,727,711,695,710,711,701,6,4,4,4,4,4,4,5,4,5,5,4,4,4,4,4,7,5,5,5,3,4,4,4,5,4,4,4,4,4,4,4,6,4,5,4,5,4,5,5,5,6,5,5,6,4,4,6,6,7,6,5,5,5,5,6,8,8,5,7,6,4,6,13,5,5,5,5,5,5,5,5,5,5,5,5,5,5,5,5,5,5,5,5,5,5,5,5,5,5,5,5,5,5,5,5,5,5,5,5,5,5,5,5,5,5,5,5,5,5,5,5,5,5,5,5,5,5,5,5,5,5,5,5,5,5,5,5
139,683,670,672,661,659,662,650,660,691,682,683,674,673,668,657,655,691,682,679,673,676,668,673,668,698,696,680,683,671,671,675,672,703,709,695,695,682,682,678,673,707,706,697,687,699,683,691,689,724,721,709,703,701,694,695,688,731,712,718,714,699,706,702,704,6,5,5,4,4,4,4,4,5,4,4,4,5,4,4,4,7,5,5,4,4,4,4,5,6,5,5,4,4,4,5,4,7,5,6,5,5,4,5,4,5,5,5,5,6,5,5,6,6,7,7,6,5,5,6,7,9,8,5,7,7,6,6,11,5,5,5,5,5,5,5,5,5,5,5,5,5,5,5,5,5,5,5,5,5,5,5,5,5,5,5,5,5,5,5,5,5,5,5,5,5,5,5,5,5,5,5,5,5,5,5,5,5,5,5,5,5,5,5,5,5,5,5,5,5,5,5,5
140,679,671,670,666,659,652,652,656,668,674,676,666,666,663,662,655,692,688,681,678,678,673,665,659,702,697,700,683,674,678,668,670,712,712,698,685,695,674,677,673,715,709,701,708,691,693,691,684,720,722,697,702,701,702,679,689,726,724,704,729,707,703,703,696,5,5,4,4,4,4,4,4,5,4,4,4,4,4,4,4,6,5,5,4,4,4,3,4,5,5,6,4,4,5,5,4,6,5,4,5,5,4,5,5,5,4,4,5,6,4,5,6,7,8,5,6,5,6,5,6,8,8,5,8,5,4,5,11,5,5,5,5,5,5,5,5,5,5,5,5,5,5,5,5,5,5,5,5,5,5,5,5,5,5,5,5,5,5,5,5,5,5,5,5,5,5,5,5,5,5,5,5,5,5,5,5,5,5,5,5,5,5,5,5,5,5,5,5,5,5,5,5
141,673,677,674,663,655,654,657,654,696,676,671,674,661,659,660,650,689,691,674,687,670,669,668,657,698,698,691,679,676,681,666,682,701,708,693,687,689,682,677,683,718,715,700,700,690,683,690,681,726,704,708,693,701,702,697,687,725,714,713,718,710,707,706,676,5,5,4,4,4,4,5,5,6,4,5,4,4,4,5,3,7,5,5,6,4,4,4,4,5,5,5,4,4,4,4,5,6,5,4,5,5,5,4,5,7,5,5,5,6,5,5,6,7,6,8,6,6,5,5,6,8,11,7,8,5,5,6,8,5,5,5,5,5,5,5,5,5,5,5,5,5,5,5,5,5,5,5,5,5,5,5,5,5,5,5,5,5,5,5,5,5,5,5,5,5,5,5,5,5,5,5,5,5,5,5,5,5,5,5,5,5,5,5,5,5,5,5,5,5,5,5,5
142,680,677,677,666,657,661,649,651,691,680,679,674,666,658,659,657,679,682,685,677,679,675,669,661,711,693,690,680,678,676,670,673,713,701,691,696,687,687,677,674,718,705,703,702,692,690,688,684,711,716,706,696,690,692,691,700,710,720,713,707,707,704,699,696,4,5,4,4,4,3,3,4,5,4,4,3,4,3,4,4,6,5,4,5,4,4,5,4,5,5,5,4,5,4,5,4,7,5,5,4,5,4,4,4,5,5,5,5,5,4,5,5,5,6,6,6,4,5,5,6,7,10,5,8,6,6,5,12,5,5,5,5,5,5,5,5,5,5,5,5,5,5,5,5,5,5,5,5,5,5,5,5,5,5,5,5,5,5,5,5,5,5,5,5,5,5,5,5,5,5,5,5,5,5,5,5,5,5,5,5,5,5,5,5,5,5,5,5,5,5,5,5
143,687,677,672,669,656,665,651,653,686,676,677,671,673,668,661,654,698,673,676,676,676,663,676,668,700,687,683,686,688,676,682,664,706,696,695,699,681,684,674,677,712,707,704,710,705,690,688,675,718,714,707,712,705,704,697,686,723,730,714,721,724,704,708,716,5,4,4,5,4,4,3,5,5,4,4,4,4,4,4,5,6,5,5,5,4,4,4,4,6,4,5,4,4,4,4,4,6,4,4,4,4,5,5,5,6,5,5,6,5,4,5,6,9,7,7,6,6,5,5,7,9,8,5,8,6,5,6,9,5,5,5,5,5,5,5,5,5,5,5,5,5,5,5,5,5,5,5,5,5,5,5,5,5,5,5,5,5,5,5,5,5,5,5,5,5,5,5,5,5,5,5,5,5,5,5,5,5,5,5,5,5,5,5,5,5,5,5,5,5,5,5,5
144,677,674,676,665,656,659,662,655,674,689,678,677,667,668,660,663,689,682,684,685,676,665,665,671,706,689,682,685,680,679,679,667,710,707,697,687,693,689,682,686,721,702,702,699,685,684,687,679,727,710,707,699,700,691,693,692,713,729,719,696,709,701,696,683,5,5,4,4,4,4,4,5,4,5,4,4,4,4,4,3,6,5,4,4,4,4,4,4,5,4,5,4,4,4,4,4,6,4,4,4,5,5,4,5,5,5,4,5,5,5,5,5,7,7,6,6,5,5,5,5,7,8,5,8,7,5,5,9,5,5,5,5,5,5,5,5,5,5,5,5,5,5,5,5,5,5,5,5,5,5,5,5,5,5,5,5,5,5,5,5,5,5,5,5,5,5,5,5,5,5,5,5,5,5,5,5,5,5,5,5,5,5,5,5,5,5,5,5,5,5,5,5
145,677,687,672,669,666,651,661,651,686,681,686,675,668,671,657,660,696,695,680,676,674,667,670,662,702,694,693,679,683,671,671,675,716,691,697,691,696,694,682,677,712,711,706,705,698,691,685,682,717,711,706,698,690,697,695,690,730,710,720,707,709,704,700,694,4,4,4,4,4,4,4,5,5,5,4,4,5,4,4,5,5,4,5,4,4,4,4,4,5,5,6,4,4,4,5,5,7,4,4,5,6,5,4,5,6,5,5,5,5,7,5,5,7,6,6,6,4,5,6,6,8,10,5,5,6,5,6,10,5,5,5,5,5,5,5,5,5,5,5,5,5,5,5,5,5,5,5,5,5,5,5,5,5,5,5,5,5,5,5,5,5,5,5,5,5,5,5,5,5,5,5,5,5,5,5,5,5,5,5,5,5,5,5,5,5,5,5,5,5,5,5,5
146,678,678,668,668,659,648,654,652,682,690,679,673,675,650,655,656,689,705,675,682,678,667,670,663,690,696,684,681,676,676,670,664,695,708,697,692,691,687,683,679,708,708,711,694,689,689,688,673,727,705,708,709,696,693,687,689,723,716,712,704,707,704,704,690,5,4,4,4,4,4,4,4,5,4,4,4,4,3,4,3,6,7,5,5,4,4,4,4,5,4,5,4,4,5,4,5,6,5,4,5,4,4,4,4,4,6,5,5,6,4,5,5,5,6,5,5,4,5,6,6,7,9,5,6,6,6,5,10,5,5,5,5,5,5,5,5,5,5,5,5,5,5,5,5,5,5,5,5,5,5,5,5,5,5,5,5,5,5,5,5,5,5,5,5,5,5,5,5,5,5,5,5,5,5,5,5,5,5,5,5,5,5,5,5,5,5,5,5,5,5,5,5
147,674,669,672,663,665,661,656,650,684,684,676,671,671,657,660,653,677,684,675,682,675,667,667,660,701,693,695,684,683,682,679,671,714,698,695,689,695,685,680,683,726,708,702,707,704,698,694,677,718,702,711,705,700,702,682,681,709,725,708,709,718,703,685,694,5,5,4,5,4,4,4,5,5,5,3,4,5,4,5,4,7,6,5,5,4,4,4,5,6,4,7,4,4,4,6,4,6,4,5,5,5,5,5,5,6,6,6,5,5,4,5,5,7,7,8,6,5,6,5,6,10,8,5,8,6,5,6,9,5,5,5,5,5,5,5,5,5,5,5,5,5,5,5,5,5,5,5,5,5,5,5,5,5,5,5,5,5,5,5,5,5,5,5,5,5,5,5,5,5,5,5,5,5,5,5,5,5,5,5,5,5,5,5,5,5,5,5,5,5,5,5,5
148,682,672,667,670,656,670,656,654,690,679,680,666,663,657,662,655,692,693,689,674,673,669,660,659,699,696,687,682,694,674,663,671,703,697,698,688,690,680,686,671,708,715,705,695,692,685,688,682,717,695,707,697,696,694,695,673,724,726,712,712,702,701,708,698,6,4,4,4,4,4,4,4,5,4,4,4,4,4,4,4,5,5,4,4,4,4,4,4,6,4,5,4,5,4,4,5,8,4,4,4,5,4,4,5,6,5,5,5,6,5,5,5,7,6,7,5,5,4,6,6,7,8,5,7,6,5,6,11,5,5,5,5,5,5,5,5,5,5,5,5,5,5,5,5,5,5,5,5,5,5,5,5,5,5,5,5,5,5,5,5,5,5,5,5,5,5,5,5,5,5,5,5,5,5,5,5,5,5,5,5,5,5,5,5,5,5,5,5,5,5,5,5
149,685,674,678,669,656,661,656,648,692,682,680,674,667,663,664,655,688,691,683,673,673,671,667,659,693,699,687,676,682,672,677,668,720,693,704,691,687,683,679,683,711,705,697,691,697,690,680,689,724,705,703,704,702,691,693,692,716,704,710,717,711,706,717,695,6,4,4,4,4,4,4,5,6,4,4,5,5,4,4,4,7,6,5,5,4,5,5,4,5,5,5,4,4,4,5,5,8,5,4,5,5,5,5,5,6,5,5,6,5,4,5,5,5,7,7,6,5,5,5,7,10,9,5,8,5,5,7,10,5,5,5,5,5,5,5,5,5,5,5,5,5,5,5,5,5,5,5,5,5,5,5,5,5,5,5,5,5,5,5,5,5,5,5,5,5,5,5,5,5,5,5,5,5,5,5,5,5,5,5,5,5,5,5,5,5,5,5,5,5,5,5,5
150,675,676,676,676,667,661,651,650,682,683,681,669,674,663,667,653,684,689,676,676,666,665,665,666,714,695,688,685,680,675,667,673,703,708,697,688,682,685,671,676,719,702,704,699,686,680,681,682,723,711,713,703,696,699,698,684,722,706,717,707,704,712,725,682,5,4,4,4,3,4,3,5,4,5,3,4,4,4,3,3,6,6,4,5,3,4,4,4,5,4,5,4,4,4,5,4,5,5,4,5,4,5,4,4,6,4,5,4,6,5,6,4,6,6,6,6,5,5,5,5,7,8,5,7,6,5,5,8,5,5,5,5,5,5,5,5,5,5,5,5,5,5,5,5,5,5,5,5,5,5,5,5,5,5,5,5,5,5,5,5,5,5,5,5,5,5,5,5,5,5,5,5,5,5,5,5,5,5,5,5,5,5,5,5,5,5,5,5,5,5,5,5
151,678,670,671,665,667,659,654,656,682,681,692,669,662,670,664,654,699,682,685,684,679,668,671,669,689,692,693,684,683,684,670,666,698,692,693,690,693,683,681,675,714,708,699,694,702,684,683,689,712,712,713,699,701,682,692,702,721,727,720,712,707,704,704,671,6,5,4,4,4,4,4,4,5,4,4,4,4,3,4,4,7,5,5,4,4,4,4,5,5,4,5,4,4,4,5,4,8,4,4,4,5,5,4,5,5,5,5,5,4,4,4,5,7,6,6,6,5,5,5,7,7,8,5,7,5,5,6,11,5,5,5,5,5,5,5,5,5,5,5,5,5,5,5,5,5,5,5,5,5,5,5,5,5,5,5,5,5,5,5,5,5,5,5,5,5,5,5,5,5,5,5,5,5,5,5,5,5,5,5,5,5,5,5,5,5,5,5,5,5,5,5,5
152,685,682,673,666,658,658,659,657,686,675,675,673,671,664,658,658,687,675,682,674,675,675,672,662,709,689,687,685,679,675,668,673,705,702,705,685,691,683,678,675,706,708,710,698,693,680,685,683,724,713,712,706,696,698,695,687,723,702,719,707,705,697,700,700,5,4,4,4,4,4,4,4,4,4,4,4,4,4,4,4,6,5,5,5,3,4,3,4,5,4,5,4,4,4,4,5,5,4,4,5,5,4,4,4,5,5,5,5,6,5,5,5,5,6,5,6,5,6,5,5,9,7,6,6,6,5,5,7,5,5,5,5,5,5,5,5,5,5,5,5,5,5,5,5,5,5,5,5,5,5,5,5,5,5,5,5,5,5,5,5,5,5,5,5,5,5,5,5,5,5,5,5,5,5,5,5,5,5,5,5,5,5,5,5,5,5,5,5,5,5,5,5
153,690,675,679,671,654,658,659,658,686,680,681,677,667,659,660,662,684,686,696,680,675,684,678,656,704,702,689,685,686,682,674,665,699,690,683,694,687,688,682,684,711,708,706,706,693,693,691,693,724,714,707,694,696,694,698,693,719,717,730,709,709,701,708,692,6,4,4,4,4,4,5,6,5,4,5,5,4,4,4,4,7,5,4,5,4,4,4,4,7,5,5,4,4,4,5,4,7,4,4,5,5,5,4,5,6,6,5,5,5,5,5,7,6,8,5,6,5,5,4,6,8,10,6,6,7,6,6,11,5,5,5,5,5,5,5,5,5,5,5,5,5,5,5,5,5,5,5,5,5,5,5,5,5,5,5,5,5,5,5,5,5,5,5,5,5,5,5,5,5,5,5,5,5,5,5,5,5,5,5,5,5,5,5,5,5,5,5,5,5,5,5,5
154,680,678,675,667,658,662,653,649,688,682,683,669,671,669,655,662,681,676,682,678,670,676,665,663,698,697,685,674,685,680,672,665,708,704,695,699,690,678,681,673,724,714,699,706,705,692,695,683,726,704,712,700,712,694,691,693,725,724,721,703,705,698,700,683,5,4,4,4,4,3,4,5,5,4,4,4,4,4,4,4,6,5,4,5,4,4,3,4,6,5,5,3,4,4,4,4,8,5,4,4,5,5,4,4,5,5,4,5,5,4,5,5,5,6,4,6,6,4,5,5,8,9,5,9,5,4,5,9,5,5,5,5,5,5,5,5,5,5,5,5,5,5,5,5,5,5,5,5,5,5,5,5,5,5,5,5,5,5,5,5,5,5,5,5,5,5,5,5,5,5,5,5,5,5,5,5,5,5,5,5,5,5,5,5,5,5,5,5,5,5,5,5
155,692,681,664,667,656,651,655,650,684,680,681,670,671,666,667,663,682,676,681,673,671,662,670,654,704,692,690,681,675,678,678,670,716,706,697,684,686,679,680,684,706,706,703,701,694,693,682,684,722,707,700,707,702,695,700,691,737,704,729,708,698,699,703,692,5,4,4,5,4,4,4,5,5,5,4,4,4,4,4,4,6,6,5,4,4,4,4,4,5,4,6,4,4,5,5,6,6,5,4,4,5,5,4,5,5,6,5,5,6,5,5,4,7,6,6,7,6,5,6,6,7,8,7,8,6,6,6,10,5,5,5,5,5,5,5,5,5,5,5,5,5,5,5,5,5,5,5,5,5,5,5,5,5,5,5,5,5,5,5,5,5,5,5,5,5,5,5,5,5,5,5,5,5,5,5,5,5,5,5,5,5,5,5,5,5,5,5,5,5,5,5,5
156,682,670,669,667,657,651,650,649,682,679,676,669,664,661,662,656,694,696,681,679,681,666,667,654,715,692,687,680,677,683,673,667,705,709,702,691,687,684,678,665,704,707,710,688,697,698,683,689,715,712,712,706,704,683,694,694,699,710,717,714,701,697,701,704,5,4,4,5,3,4,4,4,5,5,4,4,4,4,4,4,6,6,5,5,4,4,4,4,6,4,5,4,4,4,5,4,6,5,4,5,5,5,4,4,4,5,5,6,5,4,5,4,6,7,5,6,5,5,4,6,6,8,6,7,6,6,6,8,5,5,5,5,5,5,5,5,5,5,5,5,5,5,5,5,5,5,5,5,5,5,5,5,5,5,5,5,5,5,5,5,5,5,5,5,5,5,5,5,5,5,5,5,5,5,5,5,5,5,5,5,5,5,5,5,5,5,5,5,5,5,5,5
157,692,666,676,672,658,655,652,646,687,685,675,668,666,669,666,654,683,694,690,679,679,670,658,667,701,699,685,677,680,678,673,681,695,698,697,697,694,686,686,664,710,707,714,685,708,682,684,688,706,723,717,713,698,692,692,696,720,722,711,715,699,708,706,711,6,5,5,5,4,4,4,5,6,4,4,4,4,4,4,4,6,5,4,5,4,4,4,5,6,5,5,4,4,5,5,5,6,4,5,6,5,5,4,5,5,6,5,6,5,5,7,4,6,8,6,6,5,6,6,7,8,9,6,6,6,6,6,9,5,5,5,5,5,5,5,5,5,5,5,5,5,5,5,5,5,5,5,5,5,5,5,5,5,5,5,5,5,5,5,5,5,5,5,5,5,5,5,5,5,5,5,5,5,5,5,5,5,5,5,5,5,5,5,5,5,5,5,5,5,5,5,5
158,671,677,664,667,658,661,659,649,683,681,677,676,666,662,662,654,696,692,686,684,677,666,670,670,706,699,691,683,681,680,676,675,714,693,691,692,694,684,687,674,705,701,695,697,692,688,682,671,720,705,711,703,705,699,701,703,721,725,727,717,701,709,693,700,4,4,4,4,3,4,4,5,5,4,4,4,4,4,3,4,4,6,4,5,4,4,3,4,5,4,5,4,4,4,4,5,5,5,5,4,5,4,4,4,4,5,5,5,6,4,5,5,6,6,6,5,5,5,5,5,7,8,5,7,5,6,6,10,5,5,5,5,5,5,5,5,5,5,5,5,5,5,5,5,5,5,5,5,5,5,5,5,5,5,5,5,5,5,5,5,5,5,5,5,5,5,5,5,5,5,5,5,5,5,5,5,5,5,5,5,5,5,5,5,5,5,5,5,5,5,5,5
159,683,678,677,663,664,658,657,652,682,683,681,669,665,668,666,655,683,701,687,683,676,673,663,662,703,692,698,693,680,684,674,670,712,707,698,696,685,694,679,683,713,699,705,689,692,700,685,697,712,715,712,709,709,696,694,694,725,717,725,714,713,706,702,702,5,4,5,4,4,4,4,4,4,5,4,5,4,4,4,4,7,6,4,5,4,4,4,4,5,5,6,5,4,5,5,5,6,5,5,4,5,4,5,5,5,5,5,6,7,4,5,5,7,8,7,7,6,6,6,7,7,10,5,7,6,5,6,8,5,5,5,5,5,5,5,5,5,5,5,5,5,5,5,5,5,5,5,5,5,5,5,5,5,5,5,5,5,5,5,5,5,5,5,5,5,5,5,5,5,5,5,5,5,5,5,5,5,5,5,5,5,5,5,5,5,5,5,5,5,5,5,5
160,675,677,670,667,656,657,653,658,685,680,676,667,668,664,666,654,694,690,681,679,676,670,656,664,695,693,688,691,672,676,677,669,704,696,696,685,686,675,687,685,707,702,708,694,706,689,689,687,724,711,718,696,691,695,696,690,736,718,708,703,711,700,700,694,5,4,4,4,4,4,4,4,5,4,4,4,4,4,4,4,6,6,5,5,4,4,4,4,6,4,5,4,3,4,4,5,6,4,3,5,4,4,4,5,6,5,5,4,5,5,5,5,6,6,5,6,4,5,6,6,8,9,5,6,5,5,6,8,5,5,5,5,5,5,5,5,5,5,5,5,5,5,5,5,5,5,5,5,5,5,5,5,5,5,5,5,5,5,5,5,5,5,5,5,5,5,5,5,5,5,5,5,5,5,5,5,5,5,5,5,5,5,5,5,5,5,5,5,5,5,5,5
161,686,669,672,669,664,654,658,654,691,678,674,665,667,660,659,659,695,683,683,668,672,671,670,672,709,696,689,684,681,680,669,667,705,706,702,698,692,683,685,680,708,708,700,688,702,691,694,680,713,705,707,691,694,700,688,697,735,737,724,713,709,698,702,706,5,5,4,4,5,5,5,5,5,5,5,4,4,4,4,4,7,5,5,4,4,5,4,4,8,4,5,5,4,4,5,5,6,5,3,5,5,5,4,5,6,5,4,4,6,5,5,6,7,7,6,5,5,6,6,6,12,10,7,7,5,7,7,7,5,5,5,5,5,5,5,5,5,5,5,5,5,5,5,5,5,5,5,5,5,5,5,5,5,5,5,5,5,5,5,5,5,5,5,5,5,5,5,5,5,5,5,5,5,5,5,5,5,5,5,5,5,5,5,5,5,5,5,5,5,5,5,5
162,672,684,665,665,663,661,653,652,689,679,673,666,663,658,663,654,687,685,678,681,673,669,663,668,693,689,681,685,677,675,676,666,697,707,695,694,690,682,680,677,716,700,708,692,695,681,694,665,721,708,702,706,702,698,707,692,721,722,720,710,720,706,712,714,4,4,4,4,5,4,3,4,5,5,5,4,4,4,4,4,6,6,4,5,4,4,4,4,6,6,4,4,4,4,5,4,7,4,5,5,5,4,5,5,5,5,5,5,6,5,5,4,7,7,5,6,5,5,8,5,7,9,5,5,6,5,7,9,5,5,5,5,5,5,5,5,5,5,5,5,5,5,5,5,5,5,5,5,5,5,5,5,5,5,5,5,5,5,5,5,5,5,5,5,5,5,5,5,5,5,5,5,5,5,5,5,5,5,5,5,5,5,5,5,5,5,5,5,5,5,5,5
163,686,677,688,667,665,659,664,649,683,674,685,672,674,661,668,656,691,692,679,674,675,661,664,667,688,685,691,683,683,677,680,668,709,697,692,696,689,686,684,680,705,724,705,692,699,687,687,684,714,715,708,701,701,703,692,688,728,719,715,717,706,700,707,691,6,4,5,5,3,4,4,4,6,4,4,4,5,4,4,4,7,6,5,4,4,4,4,4,6,4,6,4,4,4,5,4,7,5,5,6,5,4,5,5,5,4,5,5,5,4,5,5,6,7,6,6,5,5,7,7,8,7,6,7,4,6,6,12,5,5,5,5,5,5,5,5,5,5,5,5,5,5,5,5,5,5,5,5,5,5,5,5,5,5,5,5,5,5,5,5,5,5,5,5,5,5,5,5,5,5,5,5,5,5,5,5,5,5,5,5,5,5,5,5,5,5,5,5,5,5,5,5
164,670,684,672,664,654,664,656,652,686,677,678,667,663,663,662,649,689,687,687,678,677,671,666,663,697,694,687,686,679,676,680,671,709,703,698,692,688,674,679,680,715,711,697,701,700,688,687,684,720,709,712,711,696,704,691,682,724,708,721,692,708,696,700,693,5,4,4,4,4,4,4,4,5,4,4,4,4,4,4,3,5,5,5,4,4,4,4,4,6,5,5,4,4,4,4,4,5,5,4,4,5,4,5,5,5,6,5,4,5,4,5,6,6,6,6,6,5,6,5,6,7,8,6,7,6,5,6,9,5,5,5,5,5,5,5,5,5,5,5,5,5,5,5,5,5,5,5,5,5,5,5,5,5,5,5,5,5,5,5,5,5,5,5,5,5,5,5,5,5,5,5,5,5,5,5,5,5,5,5,5,5,5,5,5,5,5,5,5,5,5,5,5
165,687,681,667,657,660,656,658,658,690,681,675,677,663,666,667,659,694,685,685,685,674,673,664,666,691,697,687,686,680,678,667,670,701,698,694,691,675,688,676,679,713,705,705,697,690,692,690,680,711,719,703,709,703,706,691,697,726,719,719,712,714,691,703,696,5,4,4,5,4,5,4,6,4,5,4,5,4,4,4,4,7,6,4,5,3,4,4,4,5,4,5,4,4,4,4,5,7,5,4,5,5,5,4,5,5,6,5,5,6,5,5,6,8,7,7,5,4,5,6,6,8,13,7,7,6,6,6,8,5,5,5,5,5,5,5,5,5,5,5,5,5,5,5,5,5,5,5,5,5,5,5,5,5,5,5,5,5,5,5,5,5,5,5,5,5,5,5,5,5,5,5,5,5,5,5,5,5,5,5,5,5,5,5,5,5,5,5,5,5,5,5,5
166,671,669,674,661,656,653,651,650,686,678,672,666,670,660,669,659,691,685,678,681,678,672,668,661,700,688,691,683,684,679,666,664,705,714,705,685,688,683,670,674,709,705,699,690,684,691,684,692,727,710,705,695,712,697,689,689,726,724,715,717,710,690,699,698,5,5,4,4,4,4,4,3,5,4,4,4,4,3,3,3,5,5,5,4,4,4,4,4,6,5,5,4,4,4,5,4,5,5,4,5,5,4,4,4,6,5,4,6,5,4,5,6,5,7,6,5,6,6,6,6,8,7,5,8,5,5,6,8,5,5,5,5,5,5,5,5,5,5,5,5,5,5,5,5,5,5,5,5,5,5,5,5,5,5,5,5,5,5,5,5,5,5,5,5,5,5,5,5,5,5,5,5,5,5,5,5,5,5,5,5,5,5,5,5,5,5,5,5,5,5,5,5
167,672,665,682,671,660,651,661,655,678,688,679,665,670,655,665,667,698,692,695,676,677,670,676,660,712,690,693,682,686,684,675,665,697,700,698,693,693,686,675,681,716,713,721,709,692,695,691,684,722,717,713,704,709,694,687,698,733,727,720,703,704,702,706,694,5,5,5,4,4,4,4,5,5,4,4,4,4,3,4,4,8,6,4,5,4,5,4,5,6,5,5,4,5,5,5,5,6,4,4,4,6,5,5,5,6,6,6,6,6,5,5,6,5,7,6,5,5,5,6,7,9,8,5,8,6,5,7,9,5,5,5,5,5,5,5,5,5,5,5,5,5,5,5,5,5,5,5,5,5,5,5,5,5,5,5,5,5,5,5,5,5,5,5,5,5,5,5,5,5,5,5,5,5,5,5,5,5,5,5,5,5,5,5,5,5,5,5,5,5,5,5,5
168,677,678,672,666,652,657,649,654,674,675,676,668,663,665,657,665,693,702,682,680,678,671,658,673,709,692,686,683,686,677,668,668,703,708,680,683,688,684,665,675,714,692,700,689,694,692,687,681,711,706,711,702,699,695,697,695,720,724,720,711,701,699,701,708,5,4,4,4,4,5,3,5,5,4,4,4,4,4,4,4,7,7,4,5,4,4,4,5,6,4,5,3,4,4,4,5,5,5,4,4,5,4,4,5,5,6,5,5,5,4,5,6,6,6,6,5,5,5,4,6,7,8,6,7,6,6,6,10,5,5,5,5,5,5,5,5,5,5,5,5,5,5,5,5,5,5,5,5,5,5,5,5,5,5,5,5,5,5,5,5,5,5,5,5,5,5,5,5,5,5,5,5,5,5,5,5,5,5,5,5,5,5,5,5,5,5,5,5,5,5,5,5
169,685,677,677,663,658,659,650,651,689,679,679,675,664,660,654,655,701,691,690,672,681,672,673,664,720,695,689,675,685,676,679,668,710,702,707,684,686,681,679,679,719,706,697,696,691,684,687,680,725,727,709,713,703,691,693,694,722,712,713,715,718,700,692,705,5,5,4,4,4,5,4,4,5,5,4,4,4,4,4,4,5,6,4,5,4,4,4,4,7,4,6,4,5,4,5,4,7,5,4,5,5,5,4,5,5,5,5,5,6,5,5,5,6,6,7,6,6,6,6,7,7,8,5,7,5,5,6,9,5,5,5,5,5,5,5,5,5,5,5,5,5,5,5,5,5,5,5,5,5,5,5,5,5,5,5,5,5,5,5,5,5,5,5,5,5,5,5,5,5,5,5,5,5,5,5,5,5,5,5,5,5,5,5,5,5,5,5,5,5,5,5,5
170,677,677,664,664,669,658,656,651,686,686,682,671,659,666,666,660,683,692,677,670,678,662,670,667,699,686,686,682,685,679,669,671,703,705,696,695,686,679,679,673,710,700,701,701,694,686,682,692,712,707,713,704,694,686,700,704,732,729,713,714,697,703,700,677,5,4,4,4,4,3,4,5,5,4,4,4,4,4,4,4,7,6,4,4,4,4,4,4,6,4,5,4,4,4,4,5,6,5,4,5,5,4,3,4,5,5,4,5,7,5,5,5,5,7,5,6,5,5,5,6,9,9,5,6,6,5,5,10,5,5,5,5,5,5,5,5,5,5,5,5,5,5,5,5,5,5,5,5,5,5,5,5,5,5,5,5,5,5,5,5,5,5,5,5,5,5,5,5,5,5,5,5,5,5,5,5,5,5,5,5,5,5,5,5,5,5,5,5,5,5,5,5
171,671,681,666,667,661,660,664,658,694,681,667,675,661,657,656,659,686,689,681,685,682,677,667,663,705,705,697,691,685,678,679,671,704,703,691,690,688,682,683,684,702,700,699,703,698,689,690,685,722,698,713,698,698,710,693,687,721,733,713,715,704,704,696,695,6,6,4,4,4,4,5,5,5,4,4,3,4,4,4,4,6,5,5,6,4,4,4,4,7,5,5,4,4,4,5,6,6,5,5,5,4,5,4,6,5,5,5,6,6,5,5,6,6,6,6,5,5,5,6,7,7,11,6,7,7,5,6,12,5,5,5,5,5,5,5,5,5,5,5,5,5,5,5,5,5,5,5,5,5,5,5,5,5,5,5,5,5,5,5,5,5,5,5,5,5,5,5,5,5,5,5,5,5,5,5,5,5,5,5,5,5,5,5,5,5,5,5,5,5,5,5,5
172,671,674,665,662,663,650,655,652,685,677,671,670,676,664,658,659,694,677,679,677,674,671,662,661,705,694,696,684,681,678,671,674,698,702,700,688,682,686,681,667,714,708,702,699,688,686,686,686,717,715,706,706,698,697,701,695,724,713,713,705,706,707,710,695,5,5,4,4,4,4,4,5,4,4,4,4,5,4,3,3,7,5,4,4,4,4,4,4,5,5,6,4,4,4,5,4,6,4,4,4,4,5,4,5,5,6,5,5,5,4,5,4,6,7,7,6,5,5,6,7,7,8,5,6,7,6,6,10,5,5,5,5,5,5,5,5,5,5,5,5,5,5,5,5,5,5,5,5,5,5,5,5,5,5,5,5,5,5,5,5,5,5,5,5,5,5,5,5,5,5,5,5,5,5,5,5,5,5,5,5,5,5,5,5,5,5,5,5,5,5,5,5
173,685,686,683,663,666,659,652,659,692,673,677,675,668,669,666,651,697,691,684,675,676,682,662,657,689,701,698,689,681,674,680,666,700,701,692,695,689,680,672,675,720,710,715,702,694,696,688,689,709,715,707,699,705,700,696,685,734,713,722,712,694,705,702,696,6,5,4,4,3,4,4,4,6,4,4,4,4,4,4,4,6,6,6,5,4,4,4,4,6,5,6,4,5,4,4,5,6,5,4,5,5,5,5,4,6,6,6,5,5,4,6,5,5,6,7,5,6,5,5,6,8,12,6,7,7,5,6,10,5,5,5,5,5,5,5,5,5,5,5,5,5,5,5,5,5,5,5,5,5,5,5,5,5,5,5,5,5,5,5,5,5,5,5,5,5,5,5,5,5,5,5,5,5,5,5,5,5,5,5,5,5,5,5,5,5,5,5,5,5,5,5,5
174,684,674,667,664,656,654,654,658,688,686,673,666,671,657,660,658,693,676,673,684,670,661,662,661,692,702,689,682,685,684,674,673,700,700,689,700,686,682,670,676,716,700,711,696,695,693,692,678,725,718,710,707,697,689,685,691,738,729,716,700,698,699,699,684,5,4,4,4,4,4,4,5,6,4,4,4,4,3,4,4,5,5,4,5,4,4,4,4,6,4,5,4,4,4,5,4,5,4,4,5,5,4,4,4,5,5,6,6,4,4,5,5,5,7,5,5,5,4,5,6,6,7,5,7,7,5,6,8,5,5,5,5,5,5,5,5,5,5,5,5,5,5,5,5,5,5,5,5,5,5,5,5,5,5,5,5,5,5,5,5,5,5,5,5,5,5,5,5,5,5,5,5,5,5,5,5,5,5,5,5,5,5,5,5,5,5,5,5,5,5,5,5
175,674,677,670,665,668,664,660,651,681,681,679,673,669,662,661,654,697,687,678,677,672,671,662,661,700,692,693,684,682,672,679,661,711,702,701,691,690,685,684,679,720,702,709,704,688,693,695,684,727,710,711,707,697,696,699,694,721,743,711,714,709,703,704,703,5,4,4,4,3,4,4,6,6,4,4,5,4,4,4,3,5,6,5,5,4,4,5,4,6,4,5,4,4,4,5,5,7,5,4,5,5,5,4,5,7,6,6,5,6,4,5,6,6,7,6,7,5,5,5,6,7,10,5,6,5,6,6,13,5,5,5,5,5,5,5,5,5,5,5,5,5,5,5,5,5,5,5,5,5,5,5,5,5,5,5,5,5,5,5,5,5,5,5,5,5,5,5,5,5,5,5,5,5,5,5,5,5,5,5,5,5,5,5,5,5,5,5,5,5,5,5,5
176,680,671,673,666,666,658,659,649,685,676,676,666,667,665,660,654,694,696,672,679,674,674,667,661,712,695,694,687,681,678,677,673,709,705,698,691,677,684,679,673,705,701,697,703,686,685,683,691,718,726,700,710,698,696,696,685,715,719,722,712,695,697,706,700,6,4,4,4,3,4,4,4,5,4,4,4,4,4,4,4,6,5,4,5,4,4,4,4,6,4,5,4,4,4,5,4,5,5,4,5,4,5,4,5,5,5,5,5,5,5,5,5,6,7,5,6,5,5,5,6,7,8,6,6,5,6,6,8,5,5,5,5,5,5,5,5,5,5,5,5,5,5,5,5,5,5,5,5,5,5,5,5,5,5,5,5,5,5,5,5,5,5,5,5,5,5,5,5,5,5,5,5,5,5,5,5,5,5,5,5,5,5,5,5,5,5,5,5,5,5,5,5
177,676,680,674,663,653,659,649,655,682,680,669,673,664,666,665,653,695,694,683,679,674,670,675,657,699,695,687,689,682,675,667,664,704,699,689,695,679,680,687,676,708,707,708,703,687,693,691,689,714,722,705,701,701,694,694,693,725,715,722,706,710,685,705,697,5,4,4,4,4,4,4,5,5,5,4,5,4,4,4,4,6,6,5,5,4,4,4,4,6,5,5,5,4,4,5,5,5,4,5,5,4,5,5,5,6,6,4,5,5,5,5,5,7,7,6,7,5,6,5,5,8,10,6,6,5,6,7,10,5,5,5,5,5,5,5,5,5,5,5,5,5,5,5,5,5,5,5,5,5,5,5,5,5,5,5,5,5,5,5,5,5,5,5,5,5,5,5,5,5,5,5,5,5,5,5,5,5,5,5,5,5,5,5,5,5,5,5,5,5,5,5,5
178,660,669,669,665,662,662,656,656,682,673,681,672,668,659,659,665,691,688,685,672,672,669,661,654,705,693,688,685,683,678,671,665,707,697,690,702,693,683,673,675,695,710,708,696,696,674,687,678,712,707,713,702,698,702,688,693,724,703,714,708,704,700,689,686,5,5,4,4,4,4,4,5,5,4,4,4,4,3,4,4,7,5,4,4,4,4,4,4,5,4,5,4,4,4,4,5,5,4,4,4,4,4,4,4,5,6,5,5,6,4,5,5,6,6,5,6,5,5,6,6,9,8,6,8,7,5,6,9,5,5,5,5,5,5,5,5,5,5,5,5,5,5,5,5,5,5,5,5,5,5,5,5,5,5,5,5,5,5,5,5,5,5,5,5,5,5,5,5,5,5,5,5,5,5,5,5,5,5,5,5,5,5,5,5,5,5,5,5,5,5,5,5
179,690,673,671,657,665,662,650,656,695,680,674,670,671,664,663,659,696,697,683,676,676,670,658,663,689,697,691,683,676,676,671,660,704,707,699,693,697,689,687,675,712,702,705,695,688,695,694,684,716,707,712,703,710,688,695,690,725,722,728,712,708,705,693,699,5,5,4,4,5,4,4,4,6,5,4,5,5,4,4,4,9,6,6,5,4,5,4,4,6,5,5,4,4,4,5,5,4,5,4,5,5,5,5,5,6,5,4,4,5,5,5,6,8,7,5,6,5,5,5,6,9,9,6,6,6,5,6,10,5,5,5,5,5,5,5,5,5,5,5,5,5,5,5,5,5,5,5,5,5,5,5,5,5,5,5,5,5,5,5,5,5,5,5,5,5,5,5,5,5,5,5,5,5,5,5,5,5,5,5,5,5,5,5,5,5,5,5,5,5,5,5,5
180,671,678,670,675,655,659,657,657,697,682,674,670,671,670,658,664,689,691,686,673,678,663,669,666,698,689,694,682,681,680,669,671,699,702,706,686,691,691,682,680,714,708,709,700,711,699,694,691,725,710,712,704,694,692,683,696,716,725,713,712,696,708,704,688,5,4,4,5,3,3,4,5,5,5,4,4,4,4,4,4,6,6,5,4,4,4,3,5,6,5,5,4,4,4,4,4,6,4,5,4,5,5,4,5,6,6,5,4,5,4,6,6,6,6,6,7,5,5,6,6,9,7,5,7,6,5,5,8,5,5,5,5,5,5,5,5,5,5,5,5,5,5,5,5,5,5,5,5,5,5,5,5,5,5,5,5,5,5,5,5,5,5,5,5,5,5,5,5,5,5,5,5,5,5,5,5,5,5,5,5,5,5,5,5,5,5,5,5,5,5,5,5
181,683,679,667,668,661,656,664,650,682,679,686,670,669,667,659,658,687,686,673,679,674,670,677,664,702,689,686,687,688,673,670,673,702,697,701,695,695,683,673,672,714,701,705,699,695,689,682,683,712,722,706,703,690,691,697,690,717,716,707,704,707,698,702,694,5,4,4,4,4,3,4,5,5,5,4,4,4,4,5,4,6,6,5,5,4,4,4,4,7,4,6,5,5,4,5,5,6,4,4,4,6,5,4,5,5,5,5,6,6,6,5,7,6,7,7,6,5,5,6,7,6,10,5,7,6,7,6,12,5,5,5,5,5,5,5,5,5,5,5,5,5,5,5,5,5,5,5,5,5,5,5,5,5,5,5,5,5,5,5,5,5,5,5,5,5,5,5,5,5,5,5,5,5,5,5,5,5,5,5,5,5,5,5,5,5,5,5,5,5,5,5,5
182,691,674,673,669,652,662,656,658,674,691,682,679,669,664,655,664,689,689,688,674,669,668,669,659,694,692,686,682,684,680,668,671,701,700,699,692,689,686,684,677,707,711,698,693,696,682,683,691,715,710,717,709,702,693,697,694,713,715,718,715,708,696,688,686,4,5,5,4,4,4,4,5,5,4,4,4,4,4,4,4,7,6,4,4,3,5,4,4,6,5,5,4,4,4,5,4,6,4,4,5,4,4,4,5,5,4,5,4,6,5,5,5,6,8,6,6,4,5,5,6,7,9,6,7,5,6,6,9,5,5,5,5,5,5,5,5,5,5,5,5,5,5,5,5,5,5,5,5,5,5,5,5,5,5,5,5,5,5,5,5,5,5,5,5,5,5,5,5,5,5,5,5,5,5,5,5,5,5,5,5,5,5,5,5,5,5,5,5,5,5,5,5
183,682,677,663,657,672,658,658,656,677,678,676,675,671,670,662,659,696,698,673,677,674,668,664,666,697,692,685,692,686,665,660,661,700,697,700,693,693,682,676,673,709,713,713,696,691,686,700,677,725,711,710,697,701,694,691,697,743,714,732,699,708,697,695,712,6,4,4,4,4,4,4,4,5,4,5,4,5,5,4,3,6,7,5,4,4,4,4,4,6,5,5,4,5,4,4,5,6,4,4,5,4,4,5,5,5,5,6,5,5,4,6,5,6,7,7,6,5,5,6,7,11,9,6,7,7,6,5,13,5,5,5,5,5,5,5,5,5,5,5,5,5,5,5,5,5,5,5,5,5,5,5,5,5,5,5,5,5,5,5,5,5,5,5,5,5,5,5,5,5,5,5,5,5,5,5,5,5,5,5,5,5,5,5,5,5,5,5,5,5,5,5,5
184,679,668,673,671,663,653,656,652,695,676,679,671,663,659,658,662,688,682,683,676,670,668,657,665,698,693,694,687,684,676,672,675,704,703,690,696,705,682,680,672,708,713,696,698,684,695,693,686,721,721,711,700,705,689,696,682,722,717,710,722,709,702,715,699,6,5,4,4,3,4,4,5,5,4,4,4,4,3,4,4,6,6,4,4,3,5,4,4,5,4,4,4,4,4,5,5,5,4,5,6,4,4,4,4,5,5,5,7,5,4,6,5,5,7,5,5,5,4,5,6,7,8,6,7,5,6,4,10,5,5,5,5,5,5,5,5,5,5,5,5,5,5,5,5,5,5,5,5,5,5,5,5,5,5,5,5,5,5,5,5,5,5,5,5,5,5,5,5,5,5,5,5,5,5,5,5,5,5,5,5,5,5,5,5,5,5,5,5,5,5,5,5
185,674,674,669,660,661,669,663,653,683,682,681,670,674,661,656,664,703,686,679,678,673,677,663,661,700,698,689,689,683,681,677,667,707,706,700,692,687,681,683,688,708,709,701,698,692,697,676,680,729,711,695,700,701,694,688,697,723,723,722,714,700,718,700,693,5,5,4,4,4,4,4,5,5,5,4,4,5,4,4,4,7,6,5,4,4,5,4,4,6,4,6,4,4,4,5,5,6,5,4,5,5,4,4,5,5,7,5,5,6,5,6,6,6,8,5,6,5,5,6,7,8,8,6,8,6,7,6,9,5,5,5,5,5,5,5,5,5,5,5,5,5,5,5,5,5,5,5,5,5,5,5,5,5,5,5,5,5,5,5,5,5,5,5,5,5,5,5,5,5,5,5,5,5,5,5,5,5,5,5,5,5,5,5,5,5,5,5,5,5,5,5,5
186,682,671,678,670,662,655,659,658,689,679,672,674,665,668,664,668,694,687,682,674,677,660,669,667,705,697,697,684,681,673,673,665,700,705,694,691,678,681,674,682,712,697,701,695,695,685,690,682,715,730,703,698,699,694,689,693,722,727,715,716,710,705,693,702,6,5,4,5,3,3,4,4,4,4,4,5,4,4,4,4,7,6,4,5,4,4,3,4,6,4,5,4,4,4,4,4,6,5,5,5,4,4,4,5,5,5,5,6,6,4,4,5,7,7,6,5,4,5,5,6,7,10,5,6,5,5,5,9,5,5,5,5,5,5,5,5,5,5,5,5,5,5,5,5,5,5,5,5,5,5,5,5,5,5,5,5,5,5,5,5,5,5,5,5,5,5,5,5,5,5,5,5,5,5,5,5,5,5,5,5,5,5,5,5,5,5,5,5,5,5,5,5
187,674,674,669,668,658,661,652,651,698,681,688,671,677,663,665,655,686,696,675,677,678,674,666,668,697,696,683,685,688,677,672,668,700,701,689,698,691,689,685,667,711,698,706,698,693,679,680,681,711,712,703,692,687,692,694,691,717,714,717,716,712,697,698,694,5,5,4,4,4,4,4,5,6,5,4,4,4,4,4,4,6,7,5,5,4,4,4,4,5,5,5,4,5,4,5,5,6,5,4,5,5,5,4,4,6,5,5,5,6,5,5,5,6,7,7,5,4,5,6,6,7,11,6,8,6,6,6,8,5,5,5,5,5,5,5,5,5,5,5,5,5,5,5,5,5,5,5,5,5,5,5,5,5,5,5,5,5,5,5,5,5,5,5,5,5,5,5,5,5,5,5,5,5,5,5,5,5,5,5,5,5,5,5,5,5,5,5,5,5,5,5,5
188,678,676,674,660,657,661,654,652,678,679,678,669,670,658,663,656,692,683,678,691,668,670,669,664,698,693,689,686,683,680,673,675,696,700,698,687,689,681,684,677,716,714,707,704,690,692,687,674,703,718,710,706,703,696,695,693,727,741,724,726,698,693,701,699,5,3,4,4,4,3,4,4,5,4,4,4,4,4,4,4,5,6,5,4,4,5,4,4,6,4,5,4,4,4,5,5,6,5,4,5,5,4,4,4,5,4,5,5,5,4,5,5,5,6,5,6,5,4,6,6,8,9,6,8,5,5,5,9,5,5,5,5,5,5,5,5,5,5,5,5,5,5,5,5,5,5,5,5,5,5,5,5,5,5,5,5,5,5,5,5,5,5,5,5,5,5,5,5,5,5,5,5,5,5,5,5,5,5,5,5,5,5,5,5,5,5,5,5,5,5,5,5
189,682,671,666,666,665,653,651,653,695,678,678,674,667,662,661,655,683,677,677,679,672,673,666,660,702,691,688,686,678,683,674,683,710,705,698,681,681,687,682,678,716,704,711,702,690,692,686,684,719,723,713,703,698,689,694,682,721,719,729,720,716,700,703,693,5,5,4,4,3,5,4,4,6,4,4,4,4,4,4,4,8,5,5,5,4,5,4,4,7,5,5,4,4,4,5,6,7,5,5,5,5,5,4,5,5,6,5,5,5,4,5,6,6,8,5,6,5,5,6,5,7,10,7,8,6,5,6,8,5,5,5,5,5,5,5,5,5,5,5,5,5,5,5,5,5,5,5,5,5,5,5,5,5,5,5,5,5,5,5,5,5,5,5,5,5,5,5,5,5,5,5,5,5,5,5,5,5,5,5,5,5,5,5,5,5,5,5,5,5,5,5,5
190,675,677,671,667,663,658,646,647,692,681,673,665,664,662,667,660,686,688,678,674,671,663,660,665,699,692,687,690,690,673,670,665,701,703,698,692,690,693,682,675,716,706,694,702,702,682,678,679,717,710,717,702,697,698,699,682,730,738,715,713,703,700,701,691,5,4,4,4,4,3,3,4,5,4,4,4,4,4,4,4,5,5,4,4,3,4,4,4,6,4,5,4,4,3,5,4,6,4,5,5,4,4,4,5,5,5,5,5,5,5,4,5,5,7,6,6,5,5,5,6,7,9,5,7,5,5,6,8,5,5,5,5,5,5,5,5,5,5,5,5,5,5,5,5,5,5,5,5,5,5,5,5,5,5,5,5,5,5,5,5,5,5,5,5,5,5,5,5,5,5,5,5,5,5,5,5,5,5,5,5,5,5,5,5,5,5,5,5,5,5,5,5
191,677,679,674,664,655,662,656,643,689,672,677,666,672,659,655,657,689,696,676,675,673,668,666,668,689,693,682,683,686,676,668,659,696,700,701,691,691,684,677,670,715,696,700,704,693,687,692,691,721,712,702,697,694,701,685,693,714,726,728,707,709,700,708,696,6,4,4,4,4,4,4,5,5,4,4,5,4,3,4,4,6,6,5,4,4,4,4,5,6,4,5,4,4,4,4,5,6,5,4,5,5,5,5,4,6,6,5,5,5,4,5,5,5,7,6,6,5,5,5,7,8,8,6,6,6,6,7,12,5,5,5,5,5,5,5,5,5,5,5,5,5,5,5,5,5,5,5,5,5,5,5,5,5,5,5,5,5,5,5,5,5,5,5,5,5,5,5,5,5,5,5,5,5,5,5,5,5,5,5,5,5,5,5,5,5,5,5,5,5,5,5,5
192,678,679,670,658,659,663,654,651,680,673,677,672,659,661,660,660,690,687,690,683,671,666,664,669,705,687,688,685,686,672,662,665,706,704,698,686,694,687,677,670,714,702,700,703,700,692,685,680,723,708,713,707,696,688,683,692,734,735,710,716,703,703,703,689,5,4,4,4,4,4,4,4,5,4,4,4,3,4,3,3,7,6,4,5,4,4,4,4,6,4,5,4,4,4,4,4,6,5,4,4,5,5,4,4,5,6,4,5,5,4,4,5,6,7,7,6,5,5,5,6,8,9,5,7,6,5,5,11,5,5,5,5,5,5,5,5,5,5,5,5,5,5,5,5,5,5,5,5,5,5,5,5,5,5,5,5,5,5,5,5,5,5,5,5,5,5,5,5,5,5,5,5,5,5,5,5,5,5,5,5,5,5,5,5,5,5,5,5,5,5,5,5
193,694,680,676,661,664,667,657,646,686,680,678,672,663,662,664,651,686,691,682,677,669,672,665,664,702,690,694,686,679,681,679,682,713,697,701,697,688,688,670,685,712,712,701,702,689,690,688,690,722,723,704,700,698,695,698,684,725,735,721,709,724,709,710,708,4,5,4,4,4,4,4,5,5,4,5,4,4,4,4,4,6,6,4,5,4,4,4,4,7,5,6,4,4,4,5,5,7,5,4,4,5,5,5,5,5,6,5,5,6,5,4,5,5,9,6,6,6,5,6,6,10,8,6,6,7,6,6,9,5,5,5,5,5,5,5,5,5,5,5,5,5,5,5,5,5,5,5,5,5,5,5,5,5,5,5,5,5,5,5,5,5,5,5,5,5,5,5,5,5,5,5,5,5,5,5,5,5,5,5,5,5,5,5,5,5,5,5,5,5,5,5,5
194,679,681,679,663,658,655,649,652,689,680,674,670,670,670,657,653,685,688,688,687,676,671,669,658,706,686,700,682,676,684,672,663,695,702,696,699,690,682,684,675,714,701,700,703,697,685,683,689,722,712,697,697,701,690,692,683,728,724,711,702,703,704,703,697,4,4,4,4,4,4,4,4,4,4,5,4,4,4,4,3,6,6,5,4,4,5,3,4,5,4,6,4,4,4,5,5,7,4,4,5,5,5,4,4,6,5,4,5,6,5,4,6,5,7,5,5,5,5,5,6,8,7,5,6,5,5,6,12,5,5,5,5,5,5,5,5,5,5,5,5,5,5,5,5,5,5,5,5,5,5,5,5,5,5,5,5,5,5,5,5,5,5,5,5,5,5,5,5,5,5,5,5,5,5,5,5,5,5,5,5,5,5,5,5,5,5,5,5,5,5,5,5
195,673,679,672,669,654,659,655,650,692,675,677,669,665,666,665,659,685,693,689,677,671,663,660,661,690,695,688,691,680,674,674,676,705,701,686,696,694,691,671,677,712,712,705,704,688,685,697,685,715,711,703,718,701,706,688,692,729,726,717,709,698,712,712,695,6,5,4,5,4,4,4,4,5,4,5,4,4,4,4,4,7,6,4,4,4,4,4,4,7,4,6,5,4,4,5,5,6,4,4,5,5,6,4,5,6,6,5,5,6,5,5,6,7,7,6,6,5,6,6,6,9,9,5,6,6,5,6,11,5,5,5,5,5,5,5,5,5,5,5,5,5,5,5,5,5,5,5,5,5,5,5,5,5,5,5,5,5,5,5,5,5,5,5,5,5,5,5,5,5,5,5,5,5,5,5,5,5,5,5,5,5,5,5,5,5,5,5,5,5,5,5,5
196,686,673,671,664,663,659,652,654,683,675,681,671,662,660,657,653,697,682,678,687,681,673,673,665,688,699,688,676,681,677,674,667,712,698,701,688,680,683,683,671,703,703,696,698,688,690,676,701,722,708,705,695,699,700,702,694,719,715,715,705,706,702,703,685,5,4,4,4,3,4,3,4,5,4,4,4,4,4,4,4,6,4,4,4,4,4,4,3,5,5,5,4,4,4,5,5,6,4,4,5,4,4,4,4,6,5,4,5,6,5,4,6,6,6,6,5,5,5,4,7,7,8,6,6,6,5,6,11,5,5,5,5,5,5,5,5,5,5,5,5,5,5,5,5,5,5,5,5,5,5,5,5,5,5,5,5,5,5,5,5,5,5,5,5,5,5,5,5,5,5,5,5,5,5,5,5,5,5,5,5,5,5,5,5,5,5,5,5,5,5,5,5
197,680,675,658,669,660,666,656,649,683,678,670,670,674,662,665,655,692,687,680,686,672,668,659,666,690,700,683,682,687,680,676,670,699,709,691,690,692,683,684,672,714,703,700,684,708,689,689,676,724,717,710,703,711,706,702,700,719,726,719,717,698,708,703,687,5,4,4,4,4,4,4,4,5,5,5,4,5,4,3,4,6,6,5,5,4,5,4,4,6,5,5,4,4,4,5,4,7,5,5,5,5,5,4,4,5,5,4,6,5,4,5,5,5,7,6,6,6,5,6,8,9,8,6,8,6,6,6,8,5,5,5,5,5,5,5,5,5,5,5,5,5,5,5,5,5,5,5,5,5,5,5,5,5,5,5,5,5,5,5,5,5,5,5,5,5,5,5,5,5,5,5,5,5,5,5,5,5,5,5,5,5,5,5,5,5,5,5,5,5,5,5,5
198,675,680,668,666,654,657,649,647,675,672,671,670,669,660,664,653,690,692,684,677,671,672,661,660,701,703,697,685,689,665,669,669,699,700,700,690,690,688,676,677,715,708,704,698,701,693,692,682,735,718,720,703,699,698,689,687,724,720,721,713,704,701,703,675,5,5,4,4,4,4,4,5,5,4,4,4,4,4,3,3,5,5,4,4,4,4,4,4,6,5,5,4,5,4,4,4,6,4,4,5,5,4,5,5,6,5,5,5,5,4,5,5,6,6,5,6,5,5,5,6,8,7,5,7,6,5,6,8,5,5,5,5,5,5,5,5,5,5,5,5,5,5,5,5,5,5,5,5,5,5,5,5,5,5,5,5,5,5,5,5,5,5,5,5,5,5,5,5,5,5,5,5,5,5,5,5,5,5,5,5,5,5,5,5,5,5,5,5,5,5,5,5
199,680,678,665,669,662,650,659,648,681,679,670,671,657,662,677,665,697,675,684,674,671,670,667,661,711,698,699,690,678,675,666,668,700,704,685,691,679,680,680,686,718,701,703,697,697,692,679,686,716,719,693,703,698,699,692,700,736,715,711,703,711,702,703,709,5,6,4,4,5,4,4,4,5,4,4,5,5,4,4,4,5,6,5,5,4,4,4,4,6,5,5,5,4,4,5,5,8,5,4,5,4,4,4,5,6,5,4,5,5,4,4,7,7,10,5,6,5,6,5,7,7,9,6,7,5,5,6,8,5,5,5,5,5,5,5,5,5,5,5,5,5,5,5,5,5,5,5,5,5,5,5,5,5,5,5,5,5,5,5,5,5,5,5,5,5,5,5,5,5,5,5,5,5,5,5,5,5,5,5,5,5,5,5,5,5,5,5,5,5,5,5,5
