frame,dist_z0,dist_z1,dist_z2,dist_z3,dist_z4,dist_z5,dist_z6,dist_z7,dist_z8,dist_z9,dist_z10,dist_z11,dist_z12,dist_z13,dist_z14,dist_z15,dist_z16,dist_z17,dist_z18,dist_z19,dist_z20,dist_z21,dist_z22,dist_z23,dist_z24,dist_z25,dist_z26,dist_z27,dist_z28,dist_z29,dist_z30,dist_z31,dist_z32,dist_z33,dist_z34,dist_z35,dist_z36,dist_z37,dist_z38,dist_z39,dist_z40,dist_z41,dist_z42,dist_z43,dist_z44,dist_z45,dist_z46,dist_z47,dist_z48,dist_z49,dist_z50,dist_z51,dist_z52,dist_z53,dist_z54,dist_z55,dist_z56,dist_z57,dist_z58,dist_z59,dist_z60,dist_z61,dist_z62,dist_z63,sigma_z0,sigma_z1,sigma_z2,sigma_z3,sigma_z4,sigma_z5,sigma_z6,sigma_z7,sigma_z8,sigma_z9,sigma_z10,sigma_z11,sigma_z12,sigma_z13,sigma_z14,sigma_z15,sigma_z16,sigma_z17,sigma_z18,sigma_z19,sigma_z20,sigma_z21,sigma_z22,sigma_z23,sigma_z24,sigma_z25,sigma_z26,sigma_z27,sigma_z28,sigma_z29,sigma_z30,sigma_z31,sigma_z32,sigma_z33,sigma_z34,sigma_z35,sigma_z36,sigma_z37,sigma_z38,sigma_z39,sigma_z40,sigma_z41,sigma_z42,sigma_z43,sigma_z44,sigma_z45,sigma_z46,sigma_z47,sigma_z48,sigma_z49,sigma_z50,sigma_z51,sigma_z52,sigma_z53,sigma_z54,sigma_z55,sigma_z56,sigma_z57,sigma_z58,sigma_z59,sigma_z60,sigma_z61,sigma_z62,sigma_z63,status_z0,status_z1,status_z2,status_z3,status_z4,status_z5,status_z6,status_z7,status_z8,status_z9,status_z10,status_z11,status_z12,status_z13,status_z14,status_z15,status_z16,status_z17,status_z18,status_z19,status_z20,status_z21,status_z22,status_z23,status_z24,status_z25,status_z26,status_z27,status_z28,status_z29,status_z30,status_z31,status_z32,status_z33,status_z34,status_z35,status_z36,status_z37,status_z38,status_z39,status_z40,status_z41,status_z42,status_z43,status_z44,status_z45,status_z46,status_z47,status_z48,status_z49,status_z50,status_z51,status_z52,status_z53,status_z54,status_z55,status_z56,status_z57,status_z58,status_z59,status_z60,status_z61,status_z62,status_z63
0,479,480,476,473,465,463,465,464,481,480,474,471,476,469,468,461,488,491,483,483,474,473,469,470,491,489,484,478,477,479,477,463,493,493,486,489,482,482,472,475,507,496,494,484,489,485,486,474,507,498,501,496,490,487,491,485,505,508,509,499,501,492,486,483,4,3,3,3,3,3,3,3,3,2,3,2,3,2,3,3,4,3,3,3,2,3,3,3,4,3,3,3,3,3,3,3,3,3,3,3,3,3,3,3,4,4,4,3,3,3,4,3,4,4,3,4,3,3,3,4,4,5,3,4,3,4,4,5,5,5,5,5,5,5,5,5,5,5,5,5,5,5,5,5,5,5,5,5,5,5,5,5,5,5,5,5,5,5,5,5,5,5,5,5,5,5,5,5,5,5,5,5,5,5,5,5,5,5,5,5,5,5,5,5,5,5,5,5,5,5,5,5
1,478,481,474,463,464,462,457,456,482,480,478,470,471,468,464,466,485,479,483,479,476,473,466,462,490,486,483,481,485,472,473,470,495,490,486,482,480,475,479,474,496,496,493,490,493,481,489,478,510,502,492,484,490,490,486,480,517,497,496,502,498,492,498,493,3,3,3,3,2,2,2,3,3,2,3,2,2,2,2,3,3,3,3,3,2,3,2,3,4,3,3,3,3,2,3,3,4,3,3,3,3,3,3,3,4,4,3,3,3,3,3,3,3,4,4,3,3,3,3,3,4,4,3,4,3,4,4,4,5,5,5,5,5,5,5,5,5,5,5,5,5,5,5,5,5,5,5,5,5,5,5,5,5,5,5,5,5,5,5,5,5,5,5,5,5,5,5,5,5,5,5,5,5,5,5,5,5,5,5,5,5,5,5,5,5,5,5,5,5,5,5,5
2,481,480,478,470,473,470,465,463,483,477,473,476,473,468,468,469,491,480,480,473,475,473,473,468,493,488,484,480,480,479,469,471,499,492,484,494,482,485,476,472,502,490,487,490,492,488,476,481,506,511,496,493,489,489,484,487,507,504,504,499,496,500,492,483,4,3,3,3,3,3,3,3,3,3,3,3,3,2,3,3,4,4,3,3,2,3,3,3,3,3,3,3,3,3,3,3,3,4,3,3,3,3,3,3,4,4,3,4,3,3,3,3,4,5,3,4,3,3,4,4,4,5,4,4,3,4,4,5,5,5,5,5,5,5,5,5,5,5,5,5,5,5,5,5,5,5,5,5,5,5,5,5,5,5,5,5,5,5,5,5,5,5,5,5,5,5,5,5,5,5,5,5,5,5,5,5,5,5,5,5,5,5,5,5,5,5,5,5,5,5,5,5
3,482,479,470,469,466,468,461,465,483,480,478,472,473,469,464,463,488,482,477,475,475,474,470,468,492,488,494,482,479,478,473,466,499,493,481,484,476,483,475,477,506,495,494,491,487,487,483,480,507,500,503,495,489,481,481,487,505,505,508,492,498,488,495,488,3,3,3,3,2,3,3,3,3,2,3,3,3,2,2,3,3,4,3,3,2,2,3,3,4,3,3,3,3,2,3,3,3,3,3,3,3,3,3,3,3,3,3,3,3,3,3,3,4,4,3,3,3,3,3,3,4,5,3,4,3,3,4,5,5,5,5,5,5,5,5,5,5,5,5,5,5,5,5,5,5,5,5,5,5,5,5,5,5,5,5,5,5,5,5,5,5,5,5,5,5,5,5,5,5,5,5,5,5,5,5,5,5,5,5,5,5,5,5,5,5,5,5,5,5,5,5,5
4,482,481,475,474,468,465,462,460,485,476,477,473,478,475,461,461,489,492,479,484,474,474,472,465,490,497,493,483,485,477,478,478,495,492,494,488,481,482,479,477,502,498,503,490,482,483,488,476,501,498,500,493,492,484,485,486,503,502,509,499,501,498,494,495,3,3,3,3,2,3,3,3,3,3,3,3,3,3,3,3,3,3,3,3,2,3,3,3,3,3,3,3,3,2,3,4,4,3,3,3,3,3,3,3,4,3,4,3,4,3,4,3,4,4,3,3,3,4,3,4,4,5,4,4,3,4,4,5,5,5,5,5,5,5,5,5,5,5,5,5,5,5,5,5,5,5,5,5,5,5,5,5,5,5,5,5,5,5,5,5,5,5,5,5,5,5,5,5,5,5,5,5,5,5,5,5,5,5,5,5,5,5,5,5,5,5,5,5,5,5,5,5
5,481,472,473,470,469,461,461,460,477,480,472,479,469,470,469,462,487,483,477,479,473,472,465,467,495,482,487,485,476,472,475,466,493,495,491,489,489,478,477,472,499,497,487,483,488,477,484,483,499,490,499,498,496,490,479,481,500,503,503,500,492,494,496,481,3,3,3,3,3,2,3,3,3,3,3,3,2,2,3,3,3,4,3,3,2,2,3,3,3,3,3,2,3,2,3,3,3,3,3,3,3,3,3,3,3,3,3,3,3,3,3,3,4,3,3,3,3,3,3,4,5,4,3,4,4,4,3,5,5,5,5,5,5,5,5,5,5,5,5,5,5,5,5,5,5,5,5,5,5,5,5,5,5,5,5,5,5,5,5,5,5,5,5,5,5,5,5,5,5,5,5,5,5,5,5,5,5,5,5,5,5,5,5,5,5,5,5,5,5,5,5,5
6,491,480,468,477,468,468,464,460,478,482,482,477,476,470,466,466,484,490,480,482,471,476,467,469,499,491,491,479,479,480,472,468,498,490,490,488,475,479,475,475,508,493,493,488,485,483,485,478,502,498,500,492,489,486,487,483,510,507,503,504,499,492,498,493,3,3,3,3,3,3,3,3,3,3,3,3,3,3,3,3,3,4,3,3,3,3,3,3,4,4,3,3,3,2,3,3,4,3,3,3,3,3,3,3,4,4,3,3,3,3,3,4,4,4,3,4,4,4,3,4,5,5,4,4,4,3,4,5,5,5,5,5,5,5,5,5,5,5,5,5,5,5,5,5,5,5,5,5,5,5,5,5,5,5,5,5,5,5,5,5,5,5,5,5,5,5,5,5,5,5,5,5,5,5,5,5,5,5,5,5,5,5,5,5,5,5,5,5,5,5,5,5
7,483,480,477,470,469,461,463,462,481,490,476,477,466,466,459,459,484,483,484,479,473,471,471,461,491,491,482,481,482,478,468,474,496,492,491,490,486,479,478,478,507,501,495,493,489,485,481,479,514,501,498,491,490,482,478,485,507,502,498,498,489,493,497,486,4,3,2,3,2,2,3,3,3,3,3,3,3,2,2,2,3,4,3,3,2,2,3,3,3,3,3,2,2,3,2,3,3,3,3,3,3,3,2,3,3,3,3,3,3,3,3,4,3,3,3,3,3,4,3,4,4,4,3,4,3,3,4,5,5,5,5,5,5,5,5,5,5,5,5,5,5,5,5,5,5,5,5,5,5,5,5,5,5,5,5,5,5,5,5,5,5,5,5,5,5,5,5,5,5,5,5,5,5,5,5,5,5,5,5,5,5,5,5,5,5,5,5,5,5,5,5,5
8,487,479,475,476,470,465,464,464,483,477,478,471,466,470,464,467,483,488,480,474,477,469,469,459,491,489,489,485,478,478,475,478,500,487,490,489,490,483,483,482,502,497,495,491,488,484,481,480,504,503,496,492,490,491,488,484,505,509,502,503,490,488,491,485,4,3,3,3,3,3,3,3,3,3,3,3,2,3,3,3,3,3,3,3,2,3,3,3,3,3,3,3,3,3,3,4,4,3,3,3,3,3,3,4,3,3,4,4,3,3,3,4,4,4,3,4,4,4,3,4,4,4,4,4,4,4,3,5,5,5,5,5,5,5,5,5,5,5,5,5,5,5,5,5,5,5,5,5,5,5,5,5,5,5,5,5,5,5,5,5,5,5,5,5,5,5,5,5,5,5,5,5,5,5,5,5,5,5,5,5,5,5,5,5,5,5,5,5,5,5,5,5
9,480,479,469,471,465,472,460,464,483,478,479,471,474,470,460,463,493,481,477,474,470,471,472,468,500,494,484,486,480,477,475,473,495,492,487,484,482,479,479,470,502,494,493,490,491,481,478,479,505,505,498,493,486,487,485,480,502,512,504,496,501,495,492,483,4,3,3,3,2,3,3,3,3,3,3,3,2,3,3,3,4,3,3,3,3,3,3,3,3,3,3,2,2,3,3,3,3,3,3,3,3,3,3,3,3,4,3,3,3,3,3,3,4,4,3,3,3,3,3,3,4,4,3,4,3,3,4,5,5,5,5,5,5,5,5,5,5,5,5,5,5,5,5,5,5,5,5,5,5,5,5,5,5,5,5,5,5,5,5,5,5,5,5,5,5,5,5,5,5,5,5,5,5,5,5,5,5,5,5,5,5,5,5,5,5,5,5,5,5,5,5,5
10,474,478,475,478,471,466,461,459,486,481,481,473,471,466,461,463,487,482,481,487,470,470,469,460,494,490,493,480,474,479,473,472,495,497,494,488,479,476,476,474,497,491,495,488,484,483,482,486,507,508,508,502,488,478,491,483,510,517,499,497,496,482,497,488,3,3,3,3,3,3,3,3,3,2,3,3,2,3,3,3,3,4,3,3,2,3,3,3,3,3,3,3,3,3,3,3,3,4,3,3,3,3,3,4,3,4,3,3,3,3,3,3,4,4,4,4,3,3,3,3,5,5,3,4,3,4,4,5,5,5,5,5,5,5,5,5,5,5,5,5,5,5,5,5,5,5,5,5,5,5,5,5,5,5,5,5,5,5,5,5,5,5,5,5,5,5,5,5,5,5,5,5,5,5,5,5,5,5,5,5,5,5,5,5,5,5,5,5,5,5,5,5
11,478,472,476,475,466,463,459,464,479,479,473,472,473,467,471,461,486,481,481,476,477,472,471,468,495,486,488,481,483,478,476,474,497,494,493,492,483,477,477,473,502,498,492,488,484,485,480,473,506,495,490,501,487,489,488,477,518,508,499,498,494,491,491,489,3,3,3,3,2,2,3,3,3,3,3,3,3,2,3,3,3,3,3,3,2,3,3,3,3,3,3,2,2,3,3,3,3,3,3,3,3,3,3,3,4,4,3,3,3,3,3,3,4,4,4,3,3,3,3,4,4,4,3,3,3,3,3,5,5,5,5,5,5,5,5,5,5,5,5,5,5,5,5,5,5,5,5,5,5,5,5,5,5,5,5,5,5,5,5,5,5,5,5,5,5,5,5,5,5,5,5,5,5,5,5,5,5,5,5,5,5,5,5,5,5,5,5,5,5,5,5,5
12,482,476,479,471,464,468,466,466,481,482,477,473,471,471,468,462,487,488,479,480,475,477,472,472,493,489,487,484,483,477,478,477,493,491,487,486,485,478,476,466,506,491,488,498,486,483,471,475,505,501,491,489,487,487,487,483,501,500,500,505,499,494,492,496,4,3,4,3,2,3,3,3,3,3,3,3,3,3,3,3,3,3,3,3,2,3,3,3,4,3,3,3,3,3,3,3,4,3,3,3,3,3,3,3,4,4,4,4,3,3,3,4,4,4,3,4,3,4,4,4,4,5,3,4,3,3,3,5,5,5,5,5,5,5,5,5,5,5,5,5,5,5,5,5,5,5,5,5,5,5,5,5,5,5,5,5,5,5,5,5,5,5,5,5,5,5,5,5,5,5,5,5,5,5,5,5,5,5,5,5,5,5,5,5,5,5,5,5,5,5,5,5
13,478,479,476,469,465,467,463,460,486,482,482,472,475,470,467,466,486,489,480,479,474,468,467,474,492,493,483,483,483,470,471,471,494,489,487,487,481,481,476,471,497,490,498,489,478,483,487,481,505,497,500,491,492,489,485,482,506,515,500,511,496,492,489,486,3,3,3,3,2,3,3,3,3,3,3,3,2,3,3,3,3,3,3,3,2,3,3,3,4,3,3,2,2,3,3,3,3,3,3,3,3,3,3,3,3,3,4,3,3,3,3,3,4,3,3,4,3,3,3,4,4,4,3,5,3,3,3,5,5,5,5,5,5,5,5,5,5,5,5,5,5,5,5,5,5,5,5,5,5,5,5,5,5,5,5,5,5,5,5,5,5,5,5,5,5,5,5,5,5,5,5,5,5,5,5,5,5,5,5,5,5,5,5,5,5,5,5,5,5,5,5,5
14,487,476,473,473,465,464,466,456,480,480,475,468,468,470,467,461,485,481,484,481,470,478,472,466,495,487,493,480,479,475,478,474,498,490,488,488,480,478,479,471,493,498,487,496,487,481,481,478,505,495,498,493,489,489,490,485,512,516,506,499,500,489,492,486,4,3,3,3,2,3,3,3,3,3,3,3,3,3,3,3,3,4,3,3,2,3,3,3,3,3,3,3,3,3,3,3,4,3,3,3,3,3,3,3,4,3,3,4,3,3,3,4,4,4,4,4,3,3,3,4,4,5,4,4,4,4,4,5,5,5,5,5,5,5,5,5,5,5,5,5,5,5,5,5,5,5,5,5,5,5,5,5,5,5,5,5,5,5,5,5,5,5,5,5,5,5,5,5,5,5,5,5,5,5,5,5,5,5,5,5,5,5,5,5,5,5,5,5,5,5,5,5
15,481,479,471,466,464,462,468,460,485,484,479,474,477,468,470,458,485,474,484,476,476,473,470,465,496,485,482,479,474,468,472,466,496,495,490,489,486,476,477,475,501,493,493,483,485,484,478,478,514,501,500,494,492,481,486,485,509,507,501,494,495,498,490,484,3,3,3,3,2,2,2,3,3,2,3,3,3,2,3,3,3,4,3,3,2,3,3,3,3,3,3,2,3,3,3,3,3,3,3,3,3,3,3,3,4,4,3,3,3,3,3,4,4,4,3,3,3,3,3,4,4,5,3,4,3,3,3,4,5,5,5,5,5,5,5,5,5,5,5,5,5,5,5,5,5,5,5,5,5,5,5,5,5,5,5,5,5,5,5,5,5,5,5,5,5,5,5,5,5,5,5,5,5,5,5,5,5,5,5,5,5,5,5,5,5,5,5,5,5,5,5,5
16,485,485,473,476,470,466,466,463,486,478,481,472,470,469,467,461,486,491,483,477,473,472,473,463,494,490,487,477,475,479,477,472,503,493,491,484,487,484,483,471,509,502,501,494,490,486,484,482,508,499,500,487,492,487,486,484,507,512,507,505,489,486,491,475,4,3,3,3,3,3,3,3,4,3,3,3,3,2,3,3,3,3,3,3,2,3,3,3,3,3,3,3,3,2,3,3,4,3,3,3,3,3,3,3,4,3,3,4,3,3,3,3,3,4,3,4,4,4,3,4,4,5,4,4,4,4,4,6,5,5,5,5,5,5,5,5,5,5,5,5,5,5,5,5,5,5,5,5,5,5,5,5,5,5,5,5,5,5,5,5,5,5,5,5,5,5,5,5,5,5,5,5,5,5,5,5,5,5,5,5,5,5,5,5,5,5,5,5,5,5,5,5
17,476,478,476,474,470,464,464,459,485,482,477,473,472,470,460,460,487,487,481,478,477,474,469,467,487,495,483,486,477,478,476,470,500,495,492,490,484,482,473,476,494,497,490,497,492,486,481,484,508,496,492,496,494,489,494,480,515,508,502,499,491,502,489,482,4,3,3,3,3,2,3,3,3,3,3,3,2,2,3,3,3,4,3,3,2,3,3,3,4,3,3,2,3,2,3,3,4,3,3,3,3,3,3,3,3,4,3,3,3,3,3,3,4,4,4,3,4,3,3,3,4,6,3,4,4,4,4,4,5,5,5,5,5,5,5,5,5,5,5,5,5,5,5,5,5,5,5,5,5,5,5,5,5,5,5,5,5,5,5,5,5,5,5,5,5,5,5,5,5,5,5,5,5,5,5,5,5,5,5,5,5,5,5,5,5,5,5,5,5,5,5,5
18,483,477,467,471,467,462,456,458,485,476,473,476,471,464,473,463,484,489,479,481,478,473,467,464,502,490,490,482,483,484,472,465,497,490,485,487,477,481,475,473,505,494,491,488,487,479,485,477,508,497,498,500,479,491,488,484,509,498,500,501,503,482,494,488,4,3,3,3,2,3,3,3,3,3,3,3,3,2,3,3,4,3,3,3,3,3,3,3,4,3,3,3,3,3,3,3,4,3,3,3,3,3,3,3,4,3,3,3,4,3,4,4,5,4,3,4,3,3,3,4,4,5,3,4,3,4,4,5,5,5,5,5,5,5,5,5,5,5,5,5,5,5,5,5,5,5,5,5,5,5,5,5,5,5,5,5,5,5,5,5,5,5,5,5,5,5,5,5,5,5,5,5,5,5,5,5,5,5,5,5,5,5,5,5,5,5,5,5,5,5,5,5
19,473,477,477,470,466,463,458,456,482,479,478,475,473,467,469,469,487,493,480,482,473,473,467,464,485,489,483,483,478,479,471,470,496,485,491,493,486,485,477,479,504,494,495,488,486,484,487,480,508,504,494,495,491,489,482,478,502,504,502,504,494,498,492,487,3,3,3,3,2,3,3,3,3,3,3,3,2,2,3,3,3,3,3,3,2,3,3,3,4,3,3,2,3,3,3,3,4,3,3,3,3,3,3,3,4,4,3,3,3,3,3,3,3,4,4,3,3,3,3,4,4,5,3,5,3,3,4,5,5,5,5,5,5,5,5,5,5,5,5,5,5,5,5,5,5,5,5,5,5,5,5,5,5,5,5,5,5,5,5,5,5,5,5,5,5,5,5,5,5,5,5,5,5,5,5,5,5,5,5,5,5,5,5,5,5,5,5,5,5,5,5,5
20,484,471,480,465,465,461,464,464,480,481,479,477,474,468,470,464,479,482,480,481,470,469,471,470,491,492,484,485,488,474,474,479,497,497,487,490,481,482,470,479,501,493,491,491,487,480,482,487,508,498,495,490,490,485,484,490,509,506,503,503,496,492,488,493,4,3,3,3,2,3,3,3,3,3,3,3,3,2,3,3,4,4,3,3,3,3,3,3,3,3,3,2,3,3,3,4,4,4,3,3,3,3,3,4,4,4,3,3,3,3,4,3,5,4,3,4,3,3,3,4,4,6,4,4,4,4,4,5,5,5,5,5,5,5,5,5,5,5,5,5,5,5,5,5,5,5,5,5,5,5,5,5,5,5,5,5,5,5,5,5,5,5,5,5,5,5,5,5,5,5,5,5,5,5,5,5,5,5,5,5,5,5,5,5,5,5,5,5,5,5,5,5
21,485,482,474,474,466,469,459,463,487,476,481,475,471,468,468,465,491,490,485,477,475,469,467,461,491,486,483,482,479,480,473,476,495,488,487,485,481,482,479,471,500,500,496,485,487,484,479,477,506,504,498,491,490,484,485,486,511,512,501,503,496,503,488,486,4,3,3,3,2,3,3,3,3,3,3,3,2,2,3,3,3,3,3,3,2,3,3,3,3,3,3,3,2,2,2,3,3,3,3,3,3,3,3,3,3,3,4,3,3,3,3,3,3,4,3,4,3,3,3,3,4,4,3,4,3,4,3,5,5,5,5,5,5,5,5,5,5,5,5,5,5,5,5,5,5,5,5,5,5,5,5,5,5,5,5,5,5,5,5,5,5,5,5,5,5,5,5,5,5,5,5,5,5,5,5,5,5,5,5,5,5,5,5,5,5,5,5,5,5,5,5,5
22,482,470,478,474,462,465,466,460,493,482,474,468,478,470,465,464,475,485,485,487,474,472,469,466,492,493,488,485,480,474,477,476,497,496,488,491,482,477,478,472,501,496,493,491,487,486,475,482,503,501,500,495,491,490,490,479,502,496,506,491,496,495,491,485,4,3,3,3,2,3,3,3,4,3,3,3,3,3,3,3,4,4,3,3,2,3,3,3,3,4,3,3,3,3,3,4,4,3,3,3,3,3,3,3,3,3,3,4,3,3,3,4,4,4,3,3,3,4,3,3,3,5,4,4,3,3,4,4,5,5,5,5,5,5,5,5,5,5,5,5,5,5,5,5,5,5,5,5,5,5,5,5,5,5,5,5,5,5,5,5,5,5,5,5,5,5,5,5,5,5,5,5,5,5,5,5,5,5,5,5,5,5,5,5,5,5,5,5,5,5,5,5
23,480,480,473,467,469,471,461,458,484,474,480,469,470,472,464,460,488,481,482,482,475,470,474,469,493,487,488,479,474,474,473,470,495,492,494,493,487,479,477,476,504,498,493,488,485,480,479,477,503,495,502,497,498,492,488,490,512,510,499,506,492,491,490,493,4,3,3,3,3,3,3,3,3,3,3,3,3,2,3,3,3,4,3,3,2,2,3,3,3,3,3,3,3,2,3,3,3,3,3,3,3,3,3,3,3,4,3,3,3,3,3,3,4,4,3,3,4,3,3,4,4,4,3,4,4,3,3,5,5,5,5,5,5,5,5,5,5,5,5,5,5,5,5,5,5,5,5,5,5,5,5,5,5,5,5,5,5,5,5,5,5,5,5,5,5,5,5,5,5,5,5,5,5,5,5,5,5,5,5,5,5,5,5,5,5,5,5,5,5,5,5,5
24,481,479,482,469,464,465,464,461,486,481,475,474,474,462,469,467,491,487,477,484,480,473,465,468,493,486,489,481,477,473,478,474,496,491,490,486,483,481,476,473,506,495,490,490,488,481,478,479,504,498,504,498,492,486,496,484,505,516,505,491,481,490,489,489,3,3,3,3,3,3,3,3,3,2,3,3,3,2,3,3,3,4,3,3,2,3,3,3,3,3,3,3,3,3,3,3,4,3,3,3,3,3,3,3,4,4,3,3,3,3,3,3,4,4,3,4,4,4,3,4,5,4,4,4,4,4,4,5,5,5,5,5,5,5,5,5,5,5,5,5,5,5,5,5,5,5,5,5,5,5,5,5,5,5,5,5,5,5,5,5,5,5,5,5,5,5,5,5,5,5,5,5,5,5,5,5,5,5,5,5,5,5,5,5,5,5,5,5,5,5,5,5
25,473,478,471,477,469,464,457,460,484,479,478,467,471,471,462,467,487,491,482,480,477,470,472,471,495,488,490,479,478,478,477,468,498,489,492,483,484,482,480,474,500,493,495,491,485,484,483,486,498,502,497,490,494,487,484,486,508,501,496,495,493,486,498,494,3,3,3,3,2,3,3,3,3,2,3,2,3,2,3,3,3,3,3,3,2,2,3,3,3,3,3,2,3,2,3,3,3,3,3,3,3,3,3,3,4,4,3,3,3,3,3,3,4,4,3,4,3,4,3,4,4,4,3,3,4,3,4,5,5,5,5,5,5,5,5,5,5,5,5,5,5,5,5,5,5,5,5,5,5,5,5,5,5,5,5,5,5,5,5,5,5,5,5,5,5,5,5,5,5,5,5,5,5,5,5,5,5,5,5,5,5,5,5,5,5,5,5,5,5,5,5,5
26,485,479,473,475,466,468,459,453,479,480,487,471,468,466,465,459,490,476,480,482,475,470,471,470,490,490,493,482,482,472,476,471,502,490,490,486,487,483,479,481,501,494,494,489,492,485,476,477,509,495,495,497,491,492,484,485,514,501,503,491,498,496,489,493,4,3,3,3,3,3,3,3,3,3,3,3,3,3,3,3,3,4,3,3,2,3,3,3,3,3,3,3,3,3,3,3,4,3,3,3,3,3,3,3,3,4,4,4,3,3,3,3,4,3,4,4,4,3,4,4,4,5,4,4,4,3,4,6,5,5,5,5,5,5,5,5,5,5,5,5,5,5,5,5,5,5,5,5,5,5,5,5,5,5,5,5,5,5,5,5,5,5,5,5,5,5,5,5,5,5,5,5,5,5,5,5,5,5,5,5,5,5,5,5,5,5,5,5,5,5,5,5
27,477,479,472,473,466,465,464,461,481,482,477,474,472,469,464,455,484,486,482,482,474,469,471,468,493,483,488,475,480,471,474,470,502,494,487,490,485,479,475,474,496,494,492,490,487,483,482,479,508,497,498,487,494,495,487,482,502,504,508,498,496,492,492,480,3,3,3,3,2,2,3,3,3,3,3,3,2,2,3,2,3,3,3,3,2,3,3,3,3,3,3,3,3,2,3,3,4,3,2,3,3,3,3,3,3,3,3,3,3,3,3,3,3,4,3,3,3,3,3,3,4,5,3,3,4,4,3,5,5,5,5,5,5,5,5,5,5,5,5,5,5,5,5,5,5,5,5,5,5,5,5,5,5,5,5,5,5,5,5,5,5,5,5,5,5,5,5,5,5,5,5,5,5,5,5,5,5,5,5,5,5,5,5,5,5,5,5,5,5,5,5,5
28,474,474,480,472,469,466,468,461,485,484,474,471,475,470,466,465,486,493,482,479,475,469,470,473,498,490,484,482,480,479,479,470,494,498,488,486,484,480,474,474,504,498,495,499,485,480,486,478,506,510,495,496,488,482,486,480,515,514,504,493,496,482,492,487,3,3,3,3,3,3,3,3,3,3,3,3,3,3,3,3,4,3,3,3,2,3,3,3,3,3,3,3,3,3,3,3,3,3,3,3,3,3,3,4,4,4,3,4,3,3,3,3,4,5,3,3,3,4,3,3,4,6,3,4,3,3,4,6,5,5,5,5,5,5,5,5,5,5,5,5,5,5,5,5,5,5,5,5,5,5,5,5,5,5,5,5,5,5,5,5,5,5,5,5,5,5,5,5,5,5,5,5,5,5,5,5,5,5,5,5,5,5,5,5,5,5,5,5,5,5,5,5
29,476,480,473,469,466,466,461,459,482,485,480,476,468,469,468,465,491,487,479,474,474,469,468,464,496,488,485,477,477,477,474,476,495,489,492,487,481,485,477,477,497,502,494,487,483,483,484,480,508,505,494,497,487,485,495,483,517,504,503,497,486,487,488,489,3,3,3,3,2,3,3,3,3,2,3,3,2,2,3,3,4,4,3,3,2,2,3,3,3,3,3,3,3,2,3,3,3,3,3,3,3,3,3,3,3,3,4,3,3,3,3,3,4,4,3,3,3,3,4,3,4,4,3,4,4,3,3,6,5,5,5,5,5,5,5,5,5,5,5,5,5,5,5,5,5,5,5,5,5,5,5,5,5,5,5,5,5,5,5,5,5,5,5,5,5,5,5,5,5,5,5,5,5,5,5,5,5,5,5,5,5,5,5,5,5,5,5,5,5,5,5,5
30,476,481,475,474,463,466,464,464,485,477,478,475,469,465,468,460,485,486,484,478,477,477,475,471,500,488,488,486,481,477,471,471,498,494,488,490,484,477,482,474,498,494,492,488,483,485,479,487,501,497,502,496,496,480,489,478,512,511,503,495,503,488,487,496,4,3,3,3,3,3,3,3,3,3,3,3,3,3,3,3,3,3,3,3,2,3,3,3,4,3,3,3,3,3,3,3,4,3,3,3,3,3,3,4,3,4,4,3,3,3,3,3,4,4,4,3,4,3,3,3,5,5,3,4,4,4,3,4,5,5,5,5,5,5,5,5,5,5,5,5,5,5,5,5,5,5,5,5,5,5,5,5,5,5,5,5,5,5,5,5,5,5,5,5,5,5,5,5,5,5,5,5,5,5,5,5,5,5,5,5,5,5,5,5,5,5,5,5,5,5,5,5
31,474,472,474,467,468,469,465,457,482,477,484,479,475,470,466,461,481,484,477,480,475,471,469,462,493,489,482,484,478,474,471,474,491,483,488,487,477,479,480,471,501,493,497,498,486,487,488,477,506,510,501,491,493,486,487,481,508,507,508,503,497,488,485,488,3,3,3,3,2,3,3,3,3,3,3,3,2,2,3,3,3,4,3,3,2,3,3,3,3,3,3,2,3,3,3,3,4,3,3,3,3,3,3,3,3,3,4,3,3,3,3,3,4,4,4,4,3,3,3,3,4,5,4,4,4,3,3,5,5,5,5,5,5,5,5,5,5,5,5,5,5,5,5,5,5,5,5,5,5,5,5,5,5,5,5,5,5,5,5,5,5,5,5,5,5,5,5,5,5,5,5,5,5,5,5,5,5,5,5,5,5,5,5,5,5,5,5,5,5,5,5,5
32,480,473,476,470,464,461,458,455,483,477,484,478,475,468,470,467,490,476,487,477,475,468,466,469,502,484,489,478,477,479,475,465,506,498,493,486,483,482,476,474,501,495,493,490,488,481,476,487,513,510,495,489,487,494,496,484,513,503,502,499,505,492,489,490,4,3,3,3,3,3,3,3,3,3,3,3,3,2,3,3,3,3,3,3,2,3,2,3,4,3,3,3,3,3,3,3,4,4,3,3,3,3,3,3,4,3,4,4,3,3,3,3,4,4,3,3,4,3,3,4,5,5,3,4,4,4,4,5,5,5,5,5,5,5,5,5,5,5,5,5,5,5,5,5,5,5,5,5,5,5,5,5,5,5,5,5,5,5,5,5,5,5,5,5,5,5,5,5,5,5,5,5,5,5,5,5,5,5,5,5,5,5,5,5,5,5,5,5,5,5,5,5
33,476,477,478,469,469,468,460,460,489,475,481,474,469,467,465,461,485,482,477,481,471,469,470,468,493,489,486,476,481,476,476,474,490,493,485,489,490,481,476,477,497,490,493,490,486,483,481,474,508,498,499,494,489,491,487,486,512,502,502,497,506,489,491,492,3,3,3,3,2,3,3,3,3,3,3,3,2,2,2,3,3,3,3,3,2,2,2,3,3,3,3,2,2,3,3,3,3,3,3,3,3,3,3,3,3,4,3,3,3,3,3,3,3,4,3,3,3,3,3,4,4,4,3,3,4,3,3,6,5,5,5,5,5,5,5,5,5,5,5,5,5,5,5,5,5,5,5,5,5,5,5,5,5,5,5,5,5,5,5,5,5,5,5,5,5,5,5,5,5,5,5,5,5,5,5,5,5,5,5,5,5,5,5,5,5,5,5,5,5,5,5,5
34,479,476,477,471,470,466,458,469,480,480,472,480,476,467,467,461,488,490,481,476,477,476,471,468,491,483,489,481,483,474,480,474,495,489,483,494,482,481,476,477,497,498,496,490,485,486,478,484,504,502,499,487,493,483,485,479,517,512,506,502,502,487,485,490,4,3,3,3,3,3,3,3,3,3,3,3,3,2,3,3,4,4,3,3,2,3,3,3,3,3,3,3,2,3,3,4,4,3,3,3,3,3,3,4,3,3,4,3,3,3,3,3,4,4,3,4,4,4,4,4,5,5,3,5,4,4,4,5,5,5,5,5,5,5,5,5,5,5,5,5,5,5,5,5,5,5,5,5,5,5,5,5,5,5,5,5,5,5,5,5,5,5,5,5,5,5,5,5,5,5,5,5,5,5,5,5,5,5,5,5,5,5,5,5,5,5,5,5,5,5,5,5
35,476,474,467,471,469,469,459,461,481,476,477,474,471,466,465,467,487,485,481,479,473,473,474,467,495,487,489,479,475,477,472,475,494,492,484,487,480,481,475,474,494,501,495,491,487,484,481,477,513,494,496,495,490,490,488,482,514,508,498,494,495,496,489,484,3,3,3,3,2,3,3,3,3,3,3,2,2,2,3,3,3,4,3,3,2,3,3,3,4,3,3,2,3,2,3,3,3,3,3,3,2,3,3,3,3,3,3,3,3,3,3,4,3,4,3,3,4,3,3,3,4,5,4,4,3,3,3,6,5,5,5,5,5,5,5,5,5,5,5,5,5,5,5,5,5,5,5,5,5,5,5,5,5,5,5,5,5,5,5,5,5,5,5,5,5,5,5,5,5,5,5,5,5,5,5,5,5,5,5,5,5,5,5,5,5,5,5,5,5,5,5,5
36,488,484,479,472,469,461,466,462,489,483,474,474,477,472,469,464,494,491,487,482,473,470,469,467,499,488,488,483,475,472,469,466,495,491,490,492,486,480,483,478,503,493,490,488,487,484,491,472,505,503,508,493,493,484,492,483,512,511,502,503,497,497,492,487,4,3,3,3,3,3,2,3,3,3,3,3,3,3,3,3,4,3,3,3,2,3,3,3,3,3,3,3,3,3,3,3,4,3,3,3,3,3,3,3,4,3,4,3,3,3,4,3,3,4,4,4,4,3,3,4,4,4,4,4,4,4,4,6,5,5,5,5,5,5,5,5,5,5,5,5,5,5,5,5,5,5,5,5,5,5,5,5,5,5,5,5,5,5,5,5,5,5,5,5,5,5,5,5,5,5,5,5,5,5,5,5,5,5,5,5,5,5,5,5,5,5,5,5,5,5,5,5
37,478,477,472,466,468,459,460,463,495,479,478,475,473,466,465,459,488,485,477,484,475,473,467,469,492,486,487,477,481,475,473,473,495,492,487,490,487,481,481,475,500,496,495,492,490,485,486,486,508,497,500,494,490,481,489,485,505,504,507,501,501,490,495,490,3,3,3,3,2,2,3,3,3,2,2,3,2,2,2,3,3,3,3,3,2,3,3,3,3,3,3,3,2,2,3,3,3,3,3,3,3,3,3,3,3,4,3,3,3,3,3,3,3,3,3,3,4,3,3,4,4,4,4,4,3,3,4,5,5,5,5,5,5,5,5,5,5,5,5,5,5,5,5,5,5,5,5,5,5,5,5,5,5,5,5,5,5,5,5,5,5,5,5,5,5,5,5,5,5,5,5,5,5,5,5,5,5,5,5,5,5,5,5,5,5,5,5,5,5,5,5,5
38,487,483,467,473,473,466,462,460,482,479,478,470,471,469,464,465,491,485,479,482,476,470,468,465,498,481,488,477,483,475,471,472,501,488,489,485,486,480,480,482,495,490,493,493,490,487,484,478,516,506,501,496,495,490,486,480,514,507,501,504,499,492,494,489,3,3,3,3,3,3,3,3,3,3,3,3,3,3,3,3,3,3,3,3,2,3,3,3,4,3,3,3,3,3,3,3,4,3,3,3,3,3,3,4,3,4,4,4,4,3,3,4,4,4,4,3,3,3,3,4,5,6,4,4,4,3,4,5,5,5,5,5,5,5,5,5,5,5,5,5,5,5,5,5,5,5,5,5,5,5,5,5,5,5,5,5,5,5,5,5,5,5,5,5,5,5,5,5,5,5,5,5,5,5,5,5,5,5,5,5,5,5,5,5,5,5,5,5,5,5,5,5
39,485,474,472,475,468,462,460,461,483,479,479,473,472,470,463,465,489,488,479,477,476,465,469,465,492,483,492,483,475,479,472,468,498,491,485,490,482,475,476,474,504,495,498,494,486,476,482,478,503,502,493,494,492,486,486,483,513,501,496,497,495,495,487,488,4,3,3,3,2,2,3,3,3,2,3,3,2,2,3,3,3,4,3,3,2,3,3,3,3,3,3,2,3,2,2,3,4,3,3,3,3,3,3,3,3,4,3,3,3,2,3,3,4,4,3,3,3,3,3,4,5,5,3,4,3,4,3,6,5,5,5,5,5,5,5,5,5,5,5,5,5,5,5,5,5,5,5,5,5,5,5,5,5,5,5,5,5,5,5,5,5,5,5,5,5,5,5,5,5,5,5,5,5,5,5,5,5,5,5,5,5,5,5,5,5,5,5,5,5,5,5,5
40,479,472,476,470,469,465,467,460,485,481,482,479,467,470,465,465,491,488,483,476,477,478,471,473,497,485,486,480,478,477,474,469,496,494,483,485,481,484,477,482,502,495,492,491,487,484,483,474,513,506,502,494,493,488,484,485,513,516,507,503,494,495,487,499,4,3,3,3,3,3,3,3,3,3,3,3,3,3,3,3,4,3,3,3,2,3,3,3,4,3,3,3,3,3,3,3,4,3,3,3,3,3,3,4,3,4,4,3,3,3,3,4,4,4,3,3,4,3,3,4,5,5,3,4,4,3,4,5,5,5,5,5,5,5,5,5,5,5,5,5,5,5,5,5,5,5,5,5,5,5,5,5,5,5,5,5,5,5,5,5,5,5,5,5,5,5,5,5,5,5,5,5,5,5,5,5,5,5,5,5,5,5,5,5,5,5,5,5,5,5,5,5
41,476,478,473,477,464,465,464,459,490,479,474,478,470,464,465,461,492,487,478,480,474,477,470,471,493,487,484,480,480,473,473,470,499,490,486,485,483,484,476,470,501,491,501,486,484,489,482,476,506,501,496,495,491,488,494,484,516,500,502,496,499,497,493,487,3,3,3,3,2,3,3,3,3,3,2,3,2,2,3,3,3,4,3,3,2,3,3,3,3,3,3,3,3,2,3,3,4,3,3,3,3,3,3,3,4,4,4,3,3,3,3,3,4,4,3,3,3,4,3,4,4,4,3,4,3,3,3,5,5,5,5,5,5,5,5,5,5,5,5,5,5,5,5,5,5,5,5,5,5,5,5,5,5,5,5,5,5,5,5,5,5,5,5,5,5,5,5,5,5,5,5,5,5,5,5,5,5,5,5,5,5,5,5,5,5,5,5,5,5,5,5,5
42,481,479,476,467,465,465,465,458,482,481,475,481,468,470,465,462,486,485,483,477,476,471,471,464,500,485,485,482,479,473,478,466,499,500,488,490,483,482,476,475,502,491,491,491,490,480,485,476,503,502,495,498,494,485,485,487,511,507,502,503,500,494,497,488,4,3,3,3,3,3,3,3,4,3,3,3,3,2,3,3,3,4,3,3,2,3,3,3,4,3,3,3,3,3,3,3,4,4,3,3,3,3,3,3,4,4,3,3,4,3,3,4,4,4,3,3,4,3,3,4,5,5,4,4,3,3,4,5,5,5,5,5,5,5,5,5,5,5,5,5,5,5,5,5,5,5,5,5,5,5,5,5,5,5,5,5,5,5,5,5,5,5,5,5,5,5,5,5,5,5,5,5,5,5,5,5,5,5,5,5,5,5,5,5,5,5,5,5,5,5,5,5
43,477,477,472,474,472,465,461,468,485,474,477,473,473,467,469,465,489,489,480,476,474,473,467,463,494,488,491,487,482,477,471,471,498,493,495,490,484,480,478,482,499,500,494,496,484,485,480,483,501,502,499,489,490,489,489,488,511,507,497,500,503,493,490,484,3,3,3,3,3,2,3,3,3,3,3,3,3,2,3,3,3,4,3,3,2,2,3,3,3,3,3,2,2,2,3,3,4,4,3,3,3,3,3,4,3,3,3,4,3,3,3,3,4,4,3,4,3,3,3,4,4,4,3,4,3,3,3,5,5,5,5,5,5,5,5,5,5,5,5,5,5,5,5,5,5,5,5,5,5,5,5,5,5,5,5,5,5,5,5,5,5,5,5,5,5,5,5,5,5,5,5,5,5,5,5,5,5,5,5,5,5,5,5,5,5,5,5,5,5,5,5,5
44,476,480,475,477,465,464,466,454,483,478,479,474,473,474,467,461,488,487,482,479,474,474,468,468,493,493,493,482,480,479,476,471,497,499,489,482,489,481,469,475,501,498,490,496,487,481,479,483,499,510,501,487,491,481,487,492,514,504,501,497,496,492,485,489,4,3,3,3,2,3,3,3,3,3,3,3,3,3,3,3,4,3,3,3,2,3,3,3,4,4,3,3,3,3,3,3,3,4,3,3,3,3,3,3,3,4,4,3,3,3,3,3,4,5,4,4,4,3,3,4,4,5,4,4,4,4,4,5,5,5,5,5,5,5,5,5,5,5,5,5,5,5,5,5,5,5,5,5,5,5,5,5,5,5,5,5,5,5,5,5,5,5,5,5,5,5,5,5,5,5,5,5,5,5,5,5,5,5,5,5,5,5,5,5,5,5,5,5,5,5,5,5
45,479,481,476,472,465,463,459,459,481,483,475,473,471,468,464,462,487,483,482,479,472,468,467,460,492,487,491,480,488,480,474,471,493,493,489,487,485,474,472,475,498,495,495,492,485,484,489,476,503,494,502,491,491,491,484,480,507,498,508,494,496,494,498,485,3,3,3,3,2,2,3,3,3,3,3,3,3,2,2,3,3,4,3,3,3,2,3,3,3,3,3,3,2,2,3,3,3,3,3,3,3,3,3,3,3,3,3,3,3,3,3,3,3,4,3,4,3,3,3,3,4,4,4,4,3,3,4,5,5,5,5,5,5,5,5,5,5,5,5,5,5,5,5,5,5,5,5,5,5,5,5,5,5,5,5,5,5,5,5,5,5,5,5,5,5,5,5,5,5,5,5,5,5,5,5,5,5,5,5,5,5,5,5,5,5,5,5,5,5,5,5,5
46,473,475,473,472,466,463,470,462,486,479,479,472,473,471,466,467,489,486,480,484,478,474,464,468,499,497,488,481,476,473,470,468,499,498,483,487,482,482,479,477,502,498,494,491,485,483,484,483,511,507,503,496,491,490,487,484,518,509,502,489,490,499,492,482,3,3,3,3,3,3,3,3,3,3,3,3,3,3,3,3,4,4,3,3,3,3,3,3,4,3,3,2,3,3,3,3,3,4,3,3,3,3,3,4,4,4,4,3,3,3,3,4,5,4,4,3,4,3,3,4,5,4,4,4,4,3,4,5,5,5,5,5,5,5,5,5,5,5,5,5,5,5,5,5,5,5,5,5,5,5,5,5,5,5,5,5,5,5,5,5,5,5,5,5,5,5,5,5,5,5,5,5,5,5,5,5,5,5,5,5,5,5,5,5,5,5,5,5,5,5,5,5
47,474,480,475,473,466,463,462,462,486,481,475,472,475,465,462,459,485,481,481,473,475,475,467,466,490,487,482,483,481,477,473,473,495,493,491,486,484,484,478,474,496,501,494,487,481,482,478,482,505,494,501,498,485,486,487,487,509,508,502,494,496,490,489,483,3,3,3,3,2,2,3,3,3,3,3,3,3,2,2,3,3,4,3,2,2,3,3,3,3,3,3,3,2,2,3,3,3,3,3,3,3,3,3,3,3,3,4,3,3,3,3,3,4,3,3,3,3,3,3,4,4,5,4,4,4,3,3,5,5,5,5,5,5,5,5,5,5,5,5,5,5,5,5,5,5,5,5,5,5,5,5,5,5,5,5,5,5,5,5,5,5,5,5,5,5,5,5,5,5,5,5,5,5,5,5,5,5,5,5,5,5,5,5,5,5,5,5,5,5,5,5,5
48,483,479,468,473,469,462,460,461,484,484,480,475,476,471,462,459,491,482,482,483,473,473,469,466,495,488,484,483,475,477,471,465,497,494,490,485,483,479,478,470,502,493,497,490,486,477,490,479,506,503,502,494,488,486,489,489,510,518,506,501,500,486,499,489,4,3,3,3,3,2,3,3,3,3,3,3,3,3,3,3,3,3,3,3,2,3,3,3,3,3,3,2,3,3,3,3,4,3,3,3,3,3,3,3,4,4,4,3,3,3,4,3,4,4,4,4,3,4,3,4,4,5,3,4,3,4,4,5,5,5,5,5,5,5,5,5,5,5,5,5,5,5,5,5,5,5,5,5,5,5,5,5,5,5,5,5,5,5,5,5,5,5,5,5,5,5,5,5,5,5,5,5,5,5,5,5,5,5,5,5,5,5,5,5,5,5,5,5,5,5,5,5
49,484,476,474,475,469,466,462,464,485,475,476,477,471,466,473,463,491,477,488,480,472,468,469,470,497,482,491,478,483,474,474,466,499,493,489,482,479,485,476,482,502,495,495,491,483,480,483,480,503,499,500,495,487,487,490,482,518,505,506,505,499,483,489,485,3,3,3,3,2,3,3,3,3,3,2,2,3,2,3,3,3,3,3,3,2,2,3,3,3,3,3,3,2,2,3,3,3,3,3,3,3,3,3,3,3,4,3,3,3,3,3,4,4,4,3,3,3,4,3,4,4,4,3,4,3,4,3,5,5,5,5,5,5,5,5,5,5,5,5,5,5,5,5,5,5,5,5,5,5,5,5,5,5,5,5,5,5,5,5,5,5,5,5,5,5,5,5,5,5,5,5,5,5,5,5,5,5,5,5,5,5,5,5,5,5,5,5,5,5,5,5,5
50,482,475,478,474,468,465,461,455,486,483,481,475,474,467,469,463,490,488,482,476,472,470,476,463,497,484,484,478,483,473,476,469,491,490,486,485,488,483,476,476,501,496,489,493,491,480,487,478,506,506,493,491,490,485,483,483,510,501,502,505,499,494,492,486,4,3,3,3,2,3,3,3,3,3,3,3,3,2,3,3,3,3,3,3,3,3,3,3,4,3,3,3,3,2,3,3,5,3,3,3,3,3,3,3,3,4,3,4,3,3,4,3,3,4,3,4,4,4,4,4,5,5,3,4,4,4,4,5,5,5,5,5,5,5,5,5,5,5,5,5,5,5,5,5,5,5,5,5,5,5,5,5,5,5,5,5,5,5,5,5,5,5,5,5,5,5,5,5,5,5,5,5,5,5,5,5,5,5,5,5,5,5,5,5,5,5,5,5,5,5,5,5
51,484,478,473,476,462,465,459,464,487,480,475,471,473,468,464,465,486,484,482,474,468,472,465,471,495,482,493,479,481,470,475,474,498,500,487,488,484,479,478,477,501,496,490,491,487,483,480,474,504,499,500,495,491,492,483,477,509,503,497,495,495,486,494,489,4,3,3,3,2,2,3,3,3,2,3,3,3,2,3,3,3,4,3,2,2,2,3,3,3,3,3,2,3,3,3,3,3,3,3,3,3,3,3,3,3,3,3,3,3,3,3,3,4,4,3,4,3,3,3,3,4,4,3,4,4,4,3,5,5,5,5,5,5,5,5,5,5,5,5,5,5,5,5,5,5,5,5,5,5,5,5,5,5,5,5,5,5,5,5,5,5,5,5,5,5,5,5,5,5,5,5,5,5,5,5,5,5,5,5,5,5,5,5,5,5,5,5,5,5,5,5,5
52,478,480,476,473,469,464,458,466,486,483,478,472,475,469,465,459,490,483,479,479,480,471,468,458,495,488,482,485,474,479,480,472,506,489,490,489,487,482,479,473,503,500,497,494,487,481,477,475,503,490,499,492,490,493,488,478,509,512,506,502,498,492,502,490,4,3,3,3,3,2,3,3,3,2,3,3,3,2,3,3,4,4,3,3,2,3,3,3,3,3,3,2,3,3,3,3,4,3,3,3,3,3,3,3,3,3,3,4,3,3,3,3,4,3,3,4,3,3,4,3,5,5,4,4,3,4,4,6,5,5,5,5,5,5,5,5,5,5,5,5,5,5,5,5,5,5,5,5,5,5,5,5,5,5,5,5,5,5,5,5,5,5,5,5,5,5,5,5,5,5,5,5,5,5,5,5,5,5,5,5,5,5,5,5,5,5,5,5,5,5,5,5
53,480,476,476,473,468,469,464,462,489,476,479,468,473,468,467,461,487,481,480,477,471,474,467,468,493,487,488,483,479,471,471,467,493,487,488,487,484,481,474,478,505,492,488,491,486,479,475,481,509,497,496,499,484,487,488,487,517,506,504,500,491,494,498,484,3,3,3,3,2,3,3,3,3,3,3,2,3,2,3,3,3,4,3,3,2,3,3,3,3,3,3,2,3,2,3,3,3,3,3,3,3,2,3,3,3,3,3,3,3,3,3,3,3,3,3,3,3,4,3,4,4,4,3,4,3,3,4,5,5,5,5,5,5,5,5,5,5,5,5,5,5,5,5,5,5,5,5,5,5,5,5,5,5,5,5,5,5,5,5,5,5,5,5,5,5,5,5,5,5,5,5,5,5,5,5,5,5,5,5,5,5,5,5,5,5,5,5,5,5,5,5,5
54,478,480,477,474,463,463,461,465,485,482,477,472,473,473,462,466,486,483,478,479,477,476,473,475,490,490,486,479,480,481,474,468,492,483,487,488,483,480,480,475,502,500,486,497,486,482,476,476,509,498,502,494,487,487,487,479,502,510,501,508,495,495,493,482,4,3,3,3,2,2,3,3,3,3,3,3,3,3,3,3,3,4,3,3,2,3,3,3,3,3,3,2,2,3,3,3,3,3,3,3,3,3,3,4,4,3,3,4,3,3,3,4,4,4,3,4,4,4,3,4,4,5,4,4,3,4,3,5,5,5,5,5,5,5,5,5,5,5,5,5,5,5,5,5,5,5,5,5,5,5,5,5,5,5,5,5,5,5,5,5,5,5,5,5,5,5,5,5,5,5,5,5,5,5,5,5,5,5,5,5,5,5,5,5,5,5,5,5,5,5,5,5
55,482,476,473,472,468,465,462,467,490,480,481,475,475,470,469,463,487,488,477,480,476,469,467,466,487,490,485,478,480,478,473,465,493,493,488,490,483,482,480,475,496,496,488,484,488,480,480,483,510,494,494,492,487,486,484,486,511,508,507,499,498,498,490,486,3,3,3,3,2,3,3,3,3,2,3,3,2,2,3,3,3,4,3,3,2,3,3,3,3,3,3,2,3,2,3,3,4,3,3,3,3,3,3,3,3,3,3,3,3,3,3,3,4,4,3,3,3,3,3,4,4,5,4,3,4,3,4,5,5,5,5,5,5,5,5,5,5,5,5,5,5,5,5,5,5,5,5,5,5,5,5,5,5,5,5,5,5,5,5,5,5,5,5,5,5,5,5,5,5,5,5,5,5,5,5,5,5,5,5,5,5,5,5,5,5,5,5,5,5,5,5,5
56,475,482,472,474,468,469,466,462,483,486,472,474,474,465,467,466,489,484,481,481,476,472,470,472,495,491,482,477,482,478,475,472,502,498,484,491,485,480,471,471,501,499,488,493,494,485,482,475,506,501,501,493,493,490,487,487,507,511,502,500,494,493,495,489,3,3,3,3,3,3,3,3,3,3,3,3,3,2,3,2,3,4,3,3,3,3,3,3,4,3,3,3,3,3,3,3,4,4,3,3,3,3,3,3,3,4,3,3,4,3,3,4,4,4,4,4,3,3,3,4,4,4,3,4,4,4,4,6,5,5,5,5,5,5,5,5,5,5,5,5,5,5,5,5,5,5,5,5,5,5,5,5,5,5,5,5,5,5,5,5,5,5,5,5,5,5,5,5,5,5,5,5,5,5,5,5,5,5,5,5,5,5,5,5,5,5,5,5,5,5,5,5
57,486,483,474,471,468,467,464,462,481,475,479,473,469,473,463,466,482,493,482,484,475,470,468,462,494,488,489,480,480,478,475,463,494,492,486,490,484,480,483,474,498,496,498,488,485,483,480,478,501,502,499,500,491,484,492,480,514,508,493,498,493,487,493,489,3,3,3,3,2,3,3,3,3,3,3,3,2,2,3,3,4,3,3,3,2,2,3,3,3,3,3,3,2,2,3,3,3,3,3,3,3,3,3,3,3,3,3,3,3,3,3,3,4,4,3,3,3,3,3,4,4,5,3,4,3,3,4,5,5,5,5,5,5,5,5,5,5,5,5,5,5,5,5,5,5,5,5,5,5,5,5,5,5,5,5,5,5,5,5,5,5,5,5,5,5,5,5,5,5,5,5,5,5,5,5,5,5,5,5,5,5,5,5,5,5,5,5,5,5,5,5,5
58,484,480,474,471,467,469,465,462,480,478,471,479,471,470,473,465,492,482,486,474,477,471,470,471,493,490,484,484,479,477,481,466,506,497,483,486,489,481,481,474,500,501,491,489,493,477,481,477,505,500,493,501,494,493,491,482,518,494,500,506,493,490,489,491,4,3,3,3,2,3,3,3,3,3,3,3,3,3,3,3,3,4,3,3,3,3,3,3,3,3,3,3,3,3,3,3,4,3,3,3,3,3,3,4,3,3,4,3,3,3,3,4,4,4,4,3,3,3,3,4,5,5,3,4,4,5,4,6,5,5,5,5,5,5,5,5,5,5,5,5,5,5,5,5,5,5,5,5,5,5,5,5,5,5,5,5,5,5,5,5,5,5,5,5,5,5,5,5,5,5,5,5,5,5,5,5,5,5,5,5,5,5,5,5,5,5,5,5,5,5,5,5
59,475,472,471,469,463,470,459,460,483,482,478,471,475,467,467,463,487,481,480,480,475,473,472,473,493,486,485,478,478,475,479,472,498,486,485,489,482,479,479,470,501,495,496,490,483,486,479,479,505,503,498,496,487,489,487,478,506,501,504,496,496,493,491,489,3,3,3,3,2,3,3,3,3,3,3,2,2,2,3,3,4,3,3,3,2,2,3,3,3,3,3,2,3,2,3,3,3,3,3,3,3,3,3,3,3,3,3,3,3,3,3,3,4,4,3,3,3,3,3,4,4,5,3,4,3,4,4,5,5,5,5,5,5,5,5,5,5,5,5,5,5,5,5,5,5,5,5,5,5,5,5,5,5,5,5,5,5,5,5,5,5,5,5,5,5,5,5,5,5,5,5,5,5,5,5,5,5,5,5,5,5,5,5,5,5,5,5,5,5,5,5,5
60,485,476,474,466,463,466,471,467,483,480,479,468,475,470,464,467,494,489,482,485,473,468,473,467,492,490,492,483,477,481,471,466,493,498,494,483,489,479,477,476,507,498,494,495,488,484,487,472,505,498,500,483,488,491,492,485,519,508,503,502,494,495,492,489,4,3,3,3,2,3,3,3,3,3,3,3,3,2,3,3,4,3,3,3,2,3,3,3,3,3,3,3,3,3,3,3,3,4,3,3,3,3,3,3,4,3,3,3,4,3,3,3,4,4,3,4,3,3,3,3,4,5,4,4,4,3,4,6,5,5,5,5,5,5,5,5,5,5,5,5,5,5,5,5,5,5,5,5,5,5,5,5,5,5,5,5,5,5,5,5,5,5,5,5,5,5,5,5,5,5,5,5,5,5,5,5,5,5,5,5,5,5,5,5,5,5,5,5,5,5,5,5
61,484,473,473,473,463,465,460,460,486,480,475,470,470,462,466,457,494,492,478,479,476,475,471,465,486,485,481,481,477,478,472,468,498,497,484,484,482,474,475,480,499,492,492,493,487,483,485,476,507,500,500,489,487,483,490,484,510,499,503,502,496,492,495,497,4,3,3,3,2,2,3,3,3,3,2,3,2,2,3,3,3,3,3,3,2,3,3,3,4,3,3,2,3,2,3,3,4,3,3,3,3,3,3,3,3,3,3,3,3,3,3,4,4,4,3,3,3,3,3,3,4,4,3,4,3,4,3,4,5,5,5,5,5,5,5,5,5,5,5,5,5,5,5,5,5,5,5,5,5,5,5,5,5,5,5,5,5,5,5,5,5,5,5,5,5,5,5,5,5,5,5,5,5,5,5,5,5,5,5,5,5,5,5,5,5,5,5,5,5,5,5,5
62,478,479,475,468,470,467,465,463,492,482,476,478,476,469,469,466,487,481,479,481,475,473,467,466,491,486,489,480,476,470,470,472,498,493,496,486,483,476,480,472,503,499,495,495,498,483,479,479,507,511,494,499,494,486,487,487,507,502,503,502,493,492,498,494,4,3,3,3,3,3,3,3,4,3,3,3,3,2,3,3,4,4,3,3,3,3,3,3,4,3,3,3,3,3,3,3,4,3,3,3,3,3,3,3,4,4,4,4,4,3,3,3,4,5,4,3,4,4,3,4,4,5,3,4,4,3,3,5,5,5,5,5,5,5,5,5,5,5,5,5,5,5,5,5,5,5,5,5,5,5,5,5,5,5,5,5,5,5,5,5,5,5,5,5,5,5,5,5,5,5,5,5,5,5,5,5,5,5,5,5,5,5,5,5,5,5,5,5,5,5,5,5
63,483,478,469,474,467,469,461,461,486,477,479,473,474,464,465,465,486,486,477,479,475,471,470,466,488,488,488,479,475,470,480,468,500,495,484,484,486,485,480,472,507,498,492,490,492,486,480,478,508,507,498,494,491,489,481,486,512,514,504,492,491,495,488,486,4,3,3,2,2,3,3,3,3,3,3,3,3,3,3,3,3,4,3,3,2,2,3,3,4,3,3,2,3,2,3,3,3,3,3,3,3,3,3,3,4,3,3,3,3,3,3,3,4,4,3,3,3,3,3,4,4,4,3,3,4,3,3,5,5,5,5,5,5,5,5,5,5,5,5,5,5,5,5,5,5,5,5,5,5,5,5,5,5,5,5,5,5,5,5,5,5,5,5,5,5,5,5,5,5,5,5,5,5,5,5,5,5,5,5,5,5,5,5,5,5,5,5,5,5,5,5,5
64,474,480,476,472,465,463,464,460,483,483,476,475,468,466,465,462,489,481,485,480,476,468,468,467,497,488,487,475,474,477,478,469,495,491,485,484,483,485,480,468,502,500,489,495,485,484,485,482,498,498,496,490,488,491,486,488,504,510,498,511,494,489,497,488,3,3,3,3,3,3,3,3,3,3,3,3,3,3,3,3,4,4,3,3,2,2,3,3,4,3,3,3,3,3,3,3,4,3,3,3,3,3,3,3,4,4,3,3,3,3,4,3,3,4,3,4,4,3,3,4,4,5,3,5,4,4,4,5,5,5,5,5,5,5,5,5,5,5,5,5,5,5,5,5,5,5,5,5,5,5,5,5,5,5,5,5,5,5,5,5,5,5,5,5,5,5,5,5,5,5,5,5,5,5,5,5,5,5,5,5,5,5,5,5,5,5,5,5,5,5,5,5
65,489,479,474,465,467,467,459,457,485,481,477,474,469,470,463,460,493,478,481,475,475,472,468,464,493,487,482,480,482,478,475,477,492,483,489,486,482,477,475,475,501,496,494,490,493,486,481,485,510,506,499,496,485,490,486,485,509,514,499,503,504,493,493,482,3,3,3,3,2,2,3,3,3,3,3,3,2,2,3,3,3,3,3,3,2,2,3,3,4,3,3,2,2,2,3,3,4,3,3,3,3,2,3,3,3,4,3,3,3,3,3,3,5,4,3,3,3,3,3,4,4,4,3,4,3,4,4,5,5,5,5,5,5,5,5,5,5,5,5,5,5,5,5,5,5,5,5,5,5,5,5,5,5,5,5,5,5,5,5,5,5,5,5,5,5,5,5,5,5,5,5,5,5,5,5,5,5,5,5,5,5,5,5,5,5,5,5,5,5,5,5,5
66,480,480,478,471,465,465,460,464,485,480,479,475,470,466,462,467,484,490,483,488,477,471,471,470,499,490,486,480,483,474,475,471,498,493,486,484,482,489,479,482,492,501,486,492,488,482,486,485,502,502,500,494,491,488,485,484,511,508,499,490,494,493,488,507,3,3,3,3,2,3,3,3,3,3,3,3,3,3,3,3,4,3,3,3,2,3,3,3,3,3,3,3,3,3,3,3,4,3,3,3,3,3,3,4,3,3,3,3,3,3,4,4,4,4,4,3,4,4,3,4,4,4,3,4,3,4,4,6,5,5,5,5,5,5,5,5,5,5,5,5,5,5,5,5,5,5,5,5,5,5,5,5,5,5,5,5,5,5,5,5,5,5,5,5,5,5,5,5,5,5,5,5,5,5,5,5,5,5,5,5,5,5,5,5,5,5,5,5,5,5,5,5
67,486,468,474,469,472,463,461,462,483,487,478,476,472,466,468,462,490,481,483,476,473,469,468,466,491,490,492,483,485,476,474,468,491,497,488,486,486,479,478,475,495,499,493,491,485,489,480,473,499,496,497,494,494,485,491,487,505,507,497,501,500,494,488,501,4,3,3,3,2,2,3,3,3,2,3,3,3,2,2,3,3,3,3,3,2,3,2,3,3,3,3,3,2,3,3,3,3,3,3,3,2,3,3,4,3,3,3,3,3,3,3,3,4,4,3,3,3,3,3,4,4,6,3,5,3,3,3,4,5,5,5,5,5,5,5,5,5,5,5,5,5,5,5,5,5,5,5,5,5,5,5,5,5,5,5,5,5,5,5,5,5,5,5,5,5,5,5,5,5,5,5,5,5,5,5,5,5,5,5,5,5,5,5,5,5,5,5,5,5,5,5,5
68,486,474,476,473,465,464,467,461,485,478,471,474,473,467,467,467,487,488,487,478,474,470,469,467,495,488,485,481,484,477,474,477,493,491,487,487,482,477,479,480,507,496,491,494,487,480,482,483,504,505,499,484,494,493,488,486,510,505,500,499,489,495,494,493,4,3,3,3,2,3,3,2,3,3,3,3,3,3,3,3,4,4,3,3,3,3,3,3,4,3,3,3,2,2,3,4,4,3,3,3,3,3,3,4,4,3,3,4,3,3,4,3,4,4,3,4,4,3,3,4,4,4,4,4,4,4,4,5,5,5,5,5,5,5,5,5,5,5,5,5,5,5,5,5,5,5,5,5,5,5,5,5,5,5,5,5,5,5,5,5,5,5,5,5,5,5,5,5,5,5,5,5,5,5,5,5,5,5,5,5,5,5,5,5,5,5,5,5,5,5,5,5
69,479,480,473,469,463,465,464,463,484,478,476,474,472,467,468,465,492,482,479,476,474,470,467,468,496,487,486,482,476,480,472,474,494,488,486,490,481,478,483,478,498,495,492,490,490,486,481,478,510,505,493,490,488,488,484,477,500,507,508,502,494,499,486,486,3,3,3,3,2,2,3,3,3,2,3,3,2,2,3,2,3,4,3,2,2,2,2,3,3,3,3,3,3,2,3,3,3,3,3,3,3,3,3,3,3,3,4,3,3,3,3,3,4,4,3,4,3,4,3,3,5,5,4,4,4,3,4,6,5,5,5,5,5,5,5,5,5,5,5,5,5,5,5,5,5,5,5,5,5,5,5,5,5,5,5,5,5,5,5,5,5,5,5,5,5,5,5,5,5,5,5,5,5,5,5,5,5,5,5,5,5,5,5,5,5,5,5,5,5,5,5,5
70,482,477,474,468,462,466,458,458,488,478,477,473,471,466,471,458,489,487,478,473,477,472,470,465,488,491,488,483,481,475,470,477,491,494,494,486,489,482,475,470,505,499,486,489,490,483,478,474,505,505,492,490,495,491,487,487,518,511,507,493,491,484,490,485,4,3,3,3,3,3,3,3,4,4,3,3,3,2,3,3,4,4,3,3,2,3,3,3,4,4,3,3,3,2,3,3,3,4,3,3,3,3,3,3,4,3,3,3,3,3,3,3,4,4,3,4,3,3,3,4,5,4,3,4,4,4,3,6,5,5,5,5,5,5,5,5,5,5,5,5,5,5,5,5,5,5,5,5,5,5,5,5,5,5,5,5,5,5,5,5,5,5,5,5,5,5,5,5,5,5,5,5,5,5,5,5,5,5,5,5,5,5,5,5,5,5,5,5,5,5,5,5
71,481,477,473,472,467,462,467,462,483,485,481,474,469,470,476,464,484,485,482,475,477,470,470,463,495,489,483,479,481,475,472,473,497,492,488,483,481,478,477,480,502,497,496,490,480,478,475,479,505,498,500,491,490,491,491,479,513,503,507,496,496,488,493,496,4,3,3,3,2,2,3,3,3,3,3,3,2,2,3,3,3,4,3,3,2,2,3,3,3,3,3,2,2,2,3,3,3,3,3,3,3,2,3,3,3,3,3,3,3,3,3,3,4,4,3,3,4,3,3,4,4,5,4,3,3,3,4,4,5,5,5,5,5,5,5,5,5,5,5,5,5,5,5,5,5,5,5,5,5,5,5,5,5,5,5,5,5,5,5,5,5,5,5,5,5,5,5,5,5,5,5,5,5,5,5,5,5,5,5,5,5,5,5,5,5,5,5,5,5,5,5,5
72,485,485,472,472,468,459,461,467,491,478,486,469,462,470,464,467,485,480,484,485,468,472,467,469,492,491,488,478,482,476,470,472,493,492,485,485,487,479,480,472,504,489,494,485,487,486,478,484,510,503,505,494,489,491,482,483,503,504,497,502,494,489,494,491,4,3,3,3,2,3,3,3,4,3,3,3,3,2,3,3,4,4,3,3,3,3,3,3,3,3,3,3,3,3,3,4,5,3,3,3,3,3,3,4,4,4,4,3,3,3,3,3,4,4,4,4,4,3,3,4,4,4,3,4,4,4,4,6,5,5,5,5,5,5,5,5,5,5,5,5,5,5,5,5,5,5,5,5,5,5,5,5,5,5,5,5,5,5,5,5,5,5,5,5,5,5,5,5,5,5,5,5,5,5,5,5,5,5,5,5,5,5,5,5,5,5,5,5,5,5,5,5
73,480,482,473,468,464,458,465,463,484,478,478,472,469,468,463,464,484,483,487,477,477,474,469,468,495,484,486,476,482,478,475,471,492,492,487,485,482,479,477,477,496,499,494,495,487,487,480,479,493,501,495,491,485,481,483,482,505,508,499,496,485,487,492,484,3,3,3,3,2,2,3,3,3,3,3,3,2,2,3,3,3,4,3,3,2,3,3,3,4,3,3,2,2,3,3,3,4,3,3,3,3,2,3,3,3,3,4,4,3,3,3,3,4,4,3,4,3,3,3,4,4,4,3,4,4,3,4,5,5,5,5,5,5,5,5,5,5,5,5,5,5,5,5,5,5,5,5,5,5,5,5,5,5,5,5,5,5,5,5,5,5,5,5,5,5,5,5,5,5,5,5,5,5,5,5,5,5,5,5,5,5,5,5,5,5,5,5,5,5,5,5,5
74,486,481,470,468,470,469,464,460,486,482,478,473,472,466,467,465,484,484,489,478,473,470,468,469,482,497,490,483,476,477,477,474,498,491,482,485,488,481,482,467,500,501,491,491,481,488,481,475,496,503,498,501,486,493,493,476,507,508,509,492,501,496,495,494,3,3,3,3,3,3,3,3,3,3,3,3,3,2,3,3,4,4,3,3,2,3,3,3,4,3,3,3,3,3,3,4,4,3,3,3,3,3,3,3,4,3,4,3,3,3,3,4,4,4,3,4,3,3,4,4,4,5,4,4,4,4,4,6,5,5,5,5,5,5,5,5,5,5,5,5,5,5,5,5,5,5,5,5,5,5,5,5,5,5,5,5,5,5,5,5,5,5,5,5,5,5,5,5,5,5,5,5,5,5,5,5,5,5,5,5,5,5,5,5,5,5,5,5,5,5,5,5
75,474,474,475,472,464,458,464,458,483,480,479,475,471,467,466,467,485,480,482,475,475,472,465,464,493,489,492,479,483,478,469,466,498,502,495,488,484,485,476,477,507,501,501,496,494,481,483,482,514,504,490,491,492,483,492,482,504,513,494,499,491,500,493,482,3,3,3,3,2,2,3,3,3,3,3,3,2,2,3,3,3,4,3,3,2,3,3,3,3,3,3,2,3,2,3,3,3,3,3,3,3,2,3,3,4,3,4,3,3,3,3,3,4,4,4,4,3,3,3,3,5,4,3,4,4,3,4,5,5,5,5,5,5,5,5,5,5,5,5,5,5,5,5,5,5,5,5,5,5,5,5,5,5,5,5,5,5,5,5,5,5,5,5,5,5,5,5,5,5,5,5,5,5,5,5,5,5,5,5,5,5,5,5,5,5,5,5,5,5,5,5,5
76,483,474,471,472,464,465,464,467,486,482,474,477,469,469,467,467,493,488,483,487,474,475,474,472,497,491,489,481,479,478,475,469,498,494,489,488,485,476,476,468,496,488,492,487,489,482,486,475,510,510,497,493,488,489,482,481,507,495,502,500,497,499,495,494,4,3,3,3,2,3,3,3,3,3,3,3,2,3,3,3,4,3,3,3,3,3,3,3,3,3,3,3,3,3,3,3,4,3,3,3,3,3,3,3,3,4,3,3,3,3,4,3,4,4,4,4,3,4,4,4,5,4,3,4,4,3,4,6,5,5,5,5,5,5,5,5,5,5,5,5,5,5,5,5,5,5,5,5,5,5,5,5,5,5,5,5,5,5,5,5,5,5,5,5,5,5,5,5,5,5,5,5,5,5,5,5,5,5,5,5,5,5,5,5,5,5,5,5,5,5,5,5
77,486,479,475,475,464,468,461,459,480,477,479,471,477,469,470,465,493,487,478,485,477,470,465,464,493,490,488,481,476,476,475,473,504,495,488,482,482,481,480,481,497,496,492,489,486,483,478,478,505,503,494,494,490,488,482,487,511,497,505,494,488,489,493,494,3,3,3,3,2,2,3,3,3,3,3,2,2,2,3,3,4,4,3,3,2,2,2,3,3,3,3,2,3,2,3,3,3,3,3,3,2,3,3,3,3,3,3,3,3,3,3,4,4,4,3,4,3,3,3,4,4,5,4,4,4,4,4,4,5,5,5,5,5,5,5,5,5,5,5,5,5,5,5,5,5,5,5,5,5,5,5,5,5,5,5,5,5,5,5,5,5,5,5,5,5,5,5,5,5,5,5,5,5,5,5,5,5,5,5,5,5,5,5,5,5,5,5,5,5,5,5,5
78,482,478,478,474,470,466,465,464,484,481,478,479,479,471,469,466,480,485,480,482,477,473,470,468,499,485,492,483,483,479,473,470,493,492,491,490,487,478,479,477,504,490,492,485,489,486,480,479,502,500,503,496,494,492,490,484,511,499,508,500,494,484,492,486,4,3,3,3,2,3,3,3,3,3,3,3,3,3,3,3,4,4,3,3,2,3,3,3,4,3,3,3,3,3,3,3,4,3,3,3,3,3,3,4,4,4,4,3,3,3,3,3,4,4,3,3,4,3,3,4,5,5,4,4,3,4,4,5,5,5,5,5,5,5,5,5,5,5,5,5,5,5,5,5,5,5,5,5,5,5,5,5,5,5,5,5,5,5,5,5,5,5,5,5,5,5,5,5,5,5,5,5,5,5,5,5,5,5,5,5,5,5,5,5,5,5,5,5,5,5,5,5
79,475,482,479,469,470,463,463,462,492,483,478,472,473,463,466,458,487,490,479,481,474,479,470,470,495,484,481,482,479,481,475,473,500,493,489,482,482,484,479,481,500,491,495,491,487,482,484,481,504,496,496,491,497,493,488,482,500,506,502,499,483,488,495,485,3,3,3,3,3,3,3,3,3,2,3,2,3,2,3,2,3,3,2,3,2,3,3,3,3,3,3,2,2,2,3,3,4,3,3,3,3,3,3,3,3,3,3,3,3,3,3,3,4,3,3,4,4,3,3,4,4,5,3,4,3,3,4,5,5,5,5,5,5,5,5,5,5,5,5,5,5,5,5,5,5,5,5,5,5,5,5,5,5,5,5,5,5,5,5,5,5,5,5,5,5,5,5,5,5,5,5,5,5,5,5,5,5,5,5,5,5,5,5,5,5,5,5,5,5,5,5,5
80,478,474,475,478,467,465,464,458,480,485,475,476,473,467,462,464,491,481,482,480,475,469,468,466,491,491,487,483,480,482,474,474,496,499,487,490,486,483,484,472,493,502,495,488,491,487,488,482,511,497,496,488,487,487,486,484,506,506,501,506,496,489,495,490,4,3,3,3,3,3,3,3,3,3,3,3,3,2,2,3,3,4,3,3,3,3,3,3,3,3,3,3,3,3,3,3,3,3,3,3,3,3,3,3,4,3,4,3,3,3,4,3,4,4,3,4,3,4,3,4,4,5,3,4,3,4,4,4,5,5,5,5,5,5,5,5,5,5,5,5,5,5,5,5,5,5,5,5,5,5,5,5,5,5,5,5,5,5,5,5,5,5,5,5,5,5,5,5,5,5,5,5,5,5,5,5,5,5,5,5,5,5,5,5,5,5,5,5,5,5,5,5
81,479,474,479,476,463,463,462,460,483,476,473,475,475,468,468,465,487,480,484,480,479,473,464,467,499,483,483,483,478,479,475,467,493,497,492,486,485,482,477,478,501,502,491,488,479,484,489,477,502,502,496,492,491,489,487,488,507,512,504,502,493,496,493,477,3,3,3,3,2,3,3,3,3,3,2,3,3,2,3,3,3,4,3,3,2,3,3,3,4,3,3,2,2,3,3,3,3,3,3,3,3,3,3,3,3,3,3,3,3,3,3,3,4,4,3,3,3,3,3,4,4,4,3,4,3,3,4,5,5,5,5,5,5,5,5,5,5,5,5,5,5,5,5,5,5,5,5,5,5,5,5,5,5,5,5,5,5,5,5,5,5,5,5,5,5,5,5,5,5,5,5,5,5,5,5,5,5,5,5,5,5,5,5,5,5,5,5,5,5,5,5,5
82,477,476,478,475,467,461,457,460,491,483,478,472,472,470,467,460,492,498,482,486,475,474,473,469,493,491,483,480,482,476,476,463,501,498,487,482,488,477,481,481,498,497,495,489,490,483,482,481,512,502,494,492,488,485,483,476,507,512,503,505,491,499,496,485,3,3,3,3,3,2,3,3,3,3,3,3,3,3,3,3,4,3,3,3,3,3,3,3,3,4,3,3,2,3,3,3,4,4,3,3,3,3,3,3,3,3,4,3,3,3,3,3,4,4,4,3,3,3,3,4,4,4,3,4,4,3,4,6,5,5,5,5,5,5,5,5,5,5,5,5,5,5,5,5,5,5,5,5,5,5,5,5,5,5,5,5,5,5,5,5,5,5,5,5,5,5,5,5,5,5,5,5,5,5,5,5,5,5,5,5,5,5,5,5,5,5,5,5,5,5,5,5
83,479,479,470,469,464,463,467,457,481,480,481,476,472,470,466,460,486,485,479,482,474,469,468,474,498,490,482,477,480,477,465,472,502,492,492,486,483,482,485,476,500,499,494,488,489,483,477,474,513,500,484,498,488,482,485,484,507,511,504,503,495,496,498,476,3,3,3,3,2,2,2,3,3,3,3,3,2,2,3,3,3,4,3,3,2,3,2,3,3,3,3,2,2,2,3,3,4,3,3,3,3,3,3,3,4,3,3,3,3,3,3,3,3,4,3,3,3,3,3,4,4,5,4,4,3,4,4,5,5,5,5,5,5,5,5,5,5,5,5,5,5,5,5,5,5,5,5,5,5,5,5,5,5,5,5,5,5,5,5,5,5,5,5,5,5,5,5,5,5,5,5,5,5,5,5,5,5,5,5,5,5,5,5,5,5,5,5,5,5,5,5,5
84,477,479,473,469,465,467,463,465,487,482,480,474,477,472,468,465,486,486,483,479,469,472,474,467,494,492,484,482,484,475,474,472,505,490,486,483,489,479,478,479,496,495,497,498,491,486,479,478,501,500,491,488,494,485,482,479,513,504,502,497,497,488,494,484,4,3,3,3,2,3,3,3,3,3,3,3,3,3,3,3,3,4,3,3,3,3,3,3,3,3,3,3,3,2,3,3,4,3,3,3,3,3,3,4,3,4,4,4,4,3,3,4,4,4,3,4,3,4,4,3,5,4,3,4,4,4,4,5,5,5,5,5,5,5,5,5,5,5,5,5,5,5,5,5,5,5,5,5,5,5,5,5,5,5,5,5,5,5,5,5,5,5,5,5,5,5,5,5,5,5,5,5,5,5,5,5,5,5,5,5,5,5,5,5,5,5,5,5,5,5,5,5
85,474,481,469,472,463,459,462,458,490,478,476,476,468,467,466,461,487,495,481,480,476,473,474,470,497,493,488,485,483,483,473,470,494,491,488,491,479,475,480,473,498,496,495,485,491,482,485,476,508,508,500,489,491,488,484,488,517,508,505,504,498,484,491,486,3,3,3,3,2,2,3,3,3,3,3,3,2,2,3,3,3,3,3,3,2,3,3,3,3,3,3,2,2,2,2,3,3,3,3,3,3,3,3,3,3,4,3,3,3,3,3,3,3,4,3,4,3,3,3,4,5,4,3,4,3,4,3,5,5,5,5,5,5,5,5,5,5,5,5,5,5,5,5,5,5,5,5,5,5,5,5,5,5,5,5,5,5,5,5,5,5,5,5,5,5,5,5,5,5,5,5,5,5,5,5,5,5,5,5,5,5,5,5,5,5,5,5,5,5,5,5,5
86,482,481,474,471,468,461,467,465,490,477,473,470,467,462,462,468,480,483,477,480,476,475,465,467,495,483,482,477,478,478,477,476,494,490,493,489,482,481,480,469,506,497,492,497,487,482,482,486,506,501,507,494,497,484,490,484,512,510,506,497,494,496,489,496,4,3,3,3,2,3,3,3,4,3,3,3,3,2,3,3,4,4,3,3,3,3,3,3,3,3,3,3,3,3,3,3,4,3,3,3,3,3,3,3,4,3,4,4,3,3,4,3,4,4,4,4,4,3,3,4,4,4,4,4,4,4,4,7,5,5,5,5,5,5,5,5,5,5,5,5,5,5,5,5,5,5,5,5,5,5,5,5,5,5,5,5,5,5,5,5,5,5,5,5,5,5,5,5,5,5,5,5,5,5,5,5,5,5,5,5,5,5,5,5,5,5,5,5,5,5,5,5
87,480,479,470,464,467,469,462,456,483,482,480,470,471,465,462,466,491,480,482,475,476,473,464,466,487,486,487,483,485,477,472,477,500,492,488,486,479,482,475,471,498,497,498,489,484,484,485,475,505,509,498,499,493,487,488,484,509,508,501,497,496,487,495,492,3,3,3,2,2,3,3,3,3,3,3,3,2,2,3,3,4,3,3,3,2,3,2,3,4,3,3,3,3,2,3,4,3,3,3,3,3,3,3,3,4,3,3,3,3,3,3,4,3,4,3,3,3,3,3,4,4,4,3,4,3,3,4,5,5,5,5,5,5,5,5,5,5,5,5,5,5,5,5,5,5,5,5,5,5,5,5,5,5,5,5,5,5,5,5,5,5,5,5,5,5,5,5,5,5,5,5,5,5,5,5,5,5,5,5,5,5,5,5,5,5,5,5,5,5,5,5,5
88,484,478,472,472,471,462,461,463,491,483,478,472,472,464,468,466,486,482,486,480,474,473,473,462,493,493,491,478,474,475,474,470,497,503,487,486,484,480,475,477,505,498,495,494,486,482,479,485,502,505,499,490,501,485,484,488,507,505,500,503,502,486,486,493,4,3,3,3,2,3,3,3,3,2,3,3,3,3,3,3,3,4,3,3,2,3,3,3,3,3,3,2,3,3,3,3,3,3,3,3,3,3,3,4,4,3,4,4,3,3,3,3,4,4,3,4,4,3,3,4,4,6,3,4,4,4,4,5,5,5,5,5,5,5,5,5,5,5,5,5,5,5,5,5,5,5,5,5,5,5,5,5,5,5,5,5,5,5,5,5,5,5,5,5,5,5,5,5,5,5,5,5,5,5,5,5,5,5,5,5,5,5,5,5,5,5,5,5,5,5,5,5
89,479,479,474,476,467,460,461,461,484,481,476,477,472,467,469,464,490,486,483,484,478,476,468,468,497,489,490,481,481,471,477,467,491,497,487,487,475,479,476,469,506,497,495,496,484,488,478,477,508,496,497,489,497,490,484,485,502,499,499,495,496,499,498,489,3,3,3,3,2,3,3,2,3,3,3,3,3,2,3,3,3,4,3,3,2,3,2,3,3,3,3,2,3,2,3,3,3,4,3,3,3,3,3,3,4,3,3,3,3,3,3,3,4,3,3,4,4,4,3,4,4,5,3,3,4,4,4,5,5,5,5,5,5,5,5,5,5,5,5,5,5,5,5,5,5,5,5,5,5,5,5,5,5,5,5,5,5,5,5,5,5,5,5,5,5,5,5,5,5,5,5,5,5,5,5,5,5,5,5,5,5,5,5,5,5,5,5,5,5,5,5,5
90,485,481,471,473,468,468,464,459,485,488,477,473,472,466,465,466,489,486,483,480,471,471,470,475,493,485,488,485,480,475,472,474,487,489,492,485,493,481,478,476,498,502,487,487,487,486,480,489,501,507,494,488,494,485,483,485,508,507,502,494,498,490,498,483,4,3,3,3,3,3,3,3,3,2,3,3,3,2,3,3,4,3,3,3,3,3,3,3,3,3,3,3,3,3,3,3,4,3,3,3,3,3,3,3,4,3,3,3,3,3,3,3,4,4,3,4,4,3,3,4,4,6,3,4,4,4,4,5,5,5,5,5,5,5,5,5,5,5,5,5,5,5,5,5,5,5,5,5,5,5,5,5,5,5,5,5,5,5,5,5,5,5,5,5,5,5,5,5,5,5,5,5,5,5,5,5,5,5,5,5,5,5,5,5,5,5,5,5,5,5,5,5
91,477,481,476,470,467,462,463,457,481,484,477,478,472,463,468,464,488,488,481,477,474,476,471,471,495,492,484,482,484,473,469,475,500,491,483,486,489,482,480,467,500,494,494,493,491,483,480,478,508,498,496,492,496,482,483,490,505,505,498,507,497,498,492,486,3,3,3,3,2,3,3,3,3,3,3,3,2,2,3,3,3,3,3,3,2,2,3,3,3,3,3,2,2,2,3,3,4,3,3,3,3,2,3,3,3,3,3,3,3,3,3,3,4,4,3,4,3,3,3,4,4,4,3,4,3,3,4,5,5,5,5,5,5,5,5,5,5,5,5,5,5,5,5,5,5,5,5,5,5,5,5,5,5,5,5,5,5,5,5,5,5,5,5,5,5,5,5,5,5,5,5,5,5,5,5,5,5,5,5,5,5,5,5,5,5,5,5,5,5,5,5,5
92,479,477,473,471,468,468,459,466,487,477,485,471,470,470,464,464,487,488,484,479,477,469,467,476,504,489,485,487,478,476,476,473,498,492,492,488,486,486,471,477,496,492,492,493,497,482,480,473,510,503,498,486,492,495,484,482,511,504,502,500,494,485,495,492,3,3,3,3,2,3,3,3,3,3,3,3,3,3,3,3,4,4,3,3,2,3,3,3,3,3,3,3,3,3,3,3,4,4,3,3,3,3,3,4,3,4,4,4,3,3,3,3,4,4,3,4,4,4,4,4,5,5,3,4,4,4,4,7,5,5,5,5,5,5,5,5,5,5,5,5,5,5,5,5,5,5,5,5,5,5,5,5,5,5,5,5,5,5,5,5,5,5,5,5,5,5,5,5,5,5,5,5,5,5,5,5,5,5,5,5,5,5,5,5,5,5,5,5,5,5,5,5
93,485,480,470,467,469,468,464,459,480,484,478,477,474,466,467,465,488,487,475,477,474,472,468,465,493,491,486,473,476,474,475,463,500,494,491,489,485,480,476,469,503,493,499,490,489,485,481,476,505,504,492,495,489,488,485,480,515,507,501,497,494,488,486,480,4,3,3,3,2,3,3,3,3,2,3,3,3,2,3,3,3,4,3,3,2,3,3,3,3,3,3,2,3,3,3,3,3,3,3,3,3,2,3,3,4,4,3,3,3,3,3,3,4,4,4,3,3,3,3,3,4,5,3,3,4,4,4,4,5,5,5,5,5,5,5,5,5,5,5,5,5,5,5,5,5,5,5,5,5,5,5,5,5,5,5,5,5,5,5,5,5,5,5,5,5,5,5,5,5,5,5,5,5,5,5,5,5,5,5,5,5,5,5,5,5,5,5,5,5,5,5,5
94,477,480,475,471,465,462,460,461,473,475,478,472,477,466,466,468,485,484,481,476,469,478,472,471,495,491,489,480,477,481,472,471,498,494,494,489,484,480,476,485,500,499,488,489,487,485,478,486,502,509,498,494,487,488,487,490,514,500,508,502,495,490,493,490,4,3,3,3,2,3,3,3,3,3,3,3,3,3,3,3,3,4,3,3,3,3,3,3,4,3,3,3,3,3,3,3,4,4,3,3,3,3,3,3,3,4,3,3,3,3,3,3,5,4,3,4,4,3,3,4,5,5,4,4,3,4,4,5,5,5,5,5,5,5,5,5,5,5,5,5,5,5,5,5,5,5,5,5,5,5,5,5,5,5,5,5,5,5,5,5,5,5,5,5,5,5,5,5,5,5,5,5,5,5,5,5,5,5,5,5,5,5,5,5,5,5,5,5,5,5,5,5
95,484,476,469,470,467,469,466,465,486,478,475,471,472,465,465,469,480,477,481,482,476,472,470,462,494,487,493,486,482,478,470,467,500,496,486,487,487,482,481,478,497,487,492,487,481,485,482,480,505,507,500,499,487,489,485,496,510,509,504,495,499,499,498,491,3,3,3,3,2,3,3,3,3,3,3,3,2,2,3,2,3,3,3,3,2,3,3,3,3,3,3,3,3,2,3,3,3,3,3,3,3,3,3,4,3,3,3,3,3,3,3,3,4,4,3,3,3,3,3,4,4,4,4,4,3,4,4,5,5,5,5,5,5,5,5,5,5,5,5,5,5,5,5,5,5,5,5,5,5,5,5,5,5,5,5,5,5,5,5,5,5,5,5,5,5,5,5,5,5,5,5,5,5,5,5,5,5,5,5,5,5,5,5,5,5,5,5,5,5,5,5,5
96,485,476,473,468,466,466,470,464,486,478,483,469,474,462,462,465,489,483,480,480,476,472,474,463,490,488,485,484,483,479,472,475,496,490,487,486,481,479,483,475,495,496,492,487,487,485,481,485,513,502,497,499,489,493,489,483,516,499,492,496,500,493,492,480,3,3,3,3,3,3,3,3,3,3,3,3,3,2,3,3,4,4,3,3,2,3,3,3,3,3,3,3,3,3,3,3,3,3,3,3,3,3,3,3,4,3,4,3,3,3,3,3,4,4,3,3,3,3,4,4,4,5,4,4,4,4,4,6,5,5,5,5,5,5,5,5,5,5,5,5,5,5,5,5,5,5,5,5,5,5,5,5,5,5,5,5,5,5,5,5,5,5,5,5,5,5,5,5,5,5,5,5,5,5,5,5,5,5,5,5,5,5,5,5,5,5,5,5,5,5,5,5
97,479,482,477,468,469,468,458,463,480,480,479,473,473,467,470,465,484,479,485,480,477,472,470,471,491,482,481,482,480,476,471,469,494,496,489,488,478,482,487,482,497,496,493,489,487,483,483,483,503,503,500,492,491,494,487,489,516,507,500,496,497,498,494,497,4,3,3,3,2,3,3,3,3,3,3,3,3,2,3,3,3,3,3,3,2,2,3,3,3,3,3,2,2,2,2,3,3,3,3,3,3,2,3,4,3,3,3,3,3,3,3,3,4,4,3,4,3,3,3,5,5,5,3,4,4,4,3,4,5,5,5,5,5,5,5,5,5,5,5,5,5,5,5,5,5,5,5,5,5,5,5,5,5,5,5,5,5,5,5,5,5,5,5,5,5,5,5,5,5,5,5,5,5,5,5,5,5,5,5,5,5,5,5,5,5,5,5,5,5,5,5,5
98,485,474,469,470,469,466,465,457,480,481,476,474,473,464,467,467,493,493,478,477,475,471,468,468,487,484,489,477,481,476,470,467,491,492,481,485,489,480,474,477,503,497,490,482,491,482,489,486,502,501,507,505,496,492,490,489,516,504,495,503,504,500,499,481,4,3,3,3,3,3,3,4,3,2,3,3,3,2,3,3,4,3,3,3,2,3,3,3,3,3,3,3,3,3,3,3,4,3,3,3,3,3,3,3,3,4,3,3,3,3,4,3,4,4,4,4,3,4,4,4,4,5,3,4,4,4,4,4,5,5,5,5,5,5,5,5,5,5,5,5,5,5,5,5,5,5,5,5,5,5,5,5,5,5,5,5,5,5,5,5,5,5,5,5,5,5,5,5,5,5,5,5,5,5,5,5,5,5,5,5,5,5,5,5,5,5,5,5,5,5,5,5
99,477,477,472,473,469,467,466,460,491,476,472,477,474,467,463,467,489,485,481,477,474,475,469,463,496,485,487,478,482,477,474,470,493,494,493,486,482,481,477,480,498,493,493,492,486,479,485,476,505,504,503,498,491,488,487,483,506,504,502,490,489,487,496,485,4,3,3,3,2,3,3,3,3,3,2,3,2,2,2,3,4,3,3,3,2,3,3,3,3,3,3,3,2,2,3,3,3,3,3,3,3,3,3,3,3,3,3,3,3,3,3,4,4,4,3,3,4,4,3,4,4,5,3,4,3,4,4,5,5,5,5,5,5,5,5,5,5,5,5,5,5,5,5,5,5,5,5,5,5,5,5,5,5,5,5,5,5,5,5,5,5,5,5,5,5,5,5,5,5,5,5,5,5,5,5,5,5,5,5,5,5,5,5,5,5,5,5,5,5,5,5,5
100,480,479,476,474,463,464,459,467,485,479,482,476,474,468,469,465,492,490,487,478,475,468,469,470,491,488,490,480,479,478,475,471,494,497,491,488,485,486,473,478,506,495,489,498,491,483,481,474,508,495,492,496,488,484,489,483,518,507,503,500,490,494,495,490,4,3,3,3,2,3,3,3,3,3,3,3,2,2,3,3,4,4,3,3,2,3,3,3,3,3,3,3,3,3,3,3,3,3,3,3,3,3,3,3,4,4,3,4,3,3,4,4,3,4,4,4,4,4,3,4,5,5,4,4,4,3,4,6,5,5,5,5,5,5,5,5,5,5,5,5,5,5,5,5,5,5,5,5,5,5,5,5,5,5,5,5,5,5,5,5,5,5,5,5,5,5,5,5,5,5,5,5,5,5,5,5,5,5,5,5,5,5,5,5,5,5,5,5,5,5,5,5
101,481,475,476,469,471,465,460,464,483,483,476,472,470,465,470,461,487,494,485,475,469,471,472,473,490,489,482,486,477,472,474,473,491,486,482,485,481,478,484,474,489,500,492,495,487,485,474,476,502,500,496,495,491,490,485,485,511,508,507,498,491,498,487,492,3,3,3,3,3,3,3,3,3,3,3,3,2,2,3,3,3,3,3,3,3,3,3,3,3,3,3,2,3,2,2,3,3,3,3,3,3,2,3,3,3,3,3,3,3,3,3,4,4,4,3,4,3,3,3,3,4,5,4,3,3,3,4,4,5,5,5,5,5,5,5,5,5,5,5,5,5,5,5,5,5,5,5,5,5,5,5,5,5,5,5,5,5,5,5,5,5,5,5,5,5,5,5,5,5,5,5,5,5,5,5,5,5,5,5,5,5,5,5,5,5,5,5,5,5,5,5,5
102,477,474,477,473,467,462,466,459,489,480,477,474,475,472,465,467,485,491,480,485,479,479,472,472,499,485,484,485,485,476,479,466,495,493,495,485,486,483,478,475,498,495,496,492,489,484,484,484,504,498,496,495,487,498,492,482,514,501,503,504,496,488,496,489,4,3,3,3,3,3,3,3,3,3,3,3,3,2,3,3,3,3,3,3,2,3,3,3,3,3,3,3,3,2,3,3,3,3,3,3,3,3,3,3,4,3,4,3,3,3,4,3,5,4,3,4,3,3,3,4,5,5,4,4,4,4,4,5,5,5,5,5,5,5,5,5,5,5,5,5,5,5,5,5,5,5,5,5,5,5,5,5,5,5,5,5,5,5,5,5,5,5,5,5,5,5,5,5,5,5,5,5,5,5,5,5,5,5,5,5,5,5,5,5,5,5,5,5,5,5,5,5
103,484,473,469,473,467,466,463,464,488,479,476,476,480,467,468,468,495,488,483,478,475,470,467,471,495,491,485,481,476,472,469,470,494,495,487,487,478,479,475,476,504,495,490,488,485,487,479,484,499,503,502,494,490,488,490,484,507,510,499,495,495,500,493,489,3,3,3,3,2,3,2,3,3,3,3,3,3,2,3,3,3,4,3,3,2,3,3,3,3,3,3,2,3,2,3,3,3,3,3,3,3,2,3,3,3,4,3,3,3,3,3,3,4,4,3,3,3,4,3,3,4,4,3,4,3,4,4,5,5,5,5,5,5,5,5,5,5,5,5,5,5,5,5,5,5,5,5,5,5,5,5,5,5,5,5,5,5,5,5,5,5,5,5,5,5,5,5,5,5,5,5,5,5,5,5,5,5,5,5,5,5,5,5,5,5,5,5,5,5,5,5,5
104,478,482,477,469,465,467,463,462,486,476,477,474,475,471,466,463,487,485,485,482,471,471,469,466,489,490,477,478,479,475,474,470,496,497,485,487,485,480,481,477,501,497,500,489,491,483,485,480,515,498,500,495,496,491,477,489,509,512,504,501,496,494,492,480,3,3,3,3,2,3,3,3,3,3,3,3,3,2,3,3,4,4,3,3,3,3,3,3,4,3,3,3,3,2,3,3,3,4,3,3,3,3,3,4,4,3,4,4,3,3,3,4,4,4,4,3,4,3,3,4,5,5,4,4,3,3,3,5,5,5,5,5,5,5,5,5,5,5,5,5,5,5,5,5,5,5,5,5,5,5,5,5,5,5,5,5,5,5,5,5,5,5,5,5,5,5,5,5,5,5,5,5,5,5,5,5,5,5,5,5,5,5,5,5,5,5,5,5,5,5,5,5
105,479,477,477,473,461,465,463,460,486,481,478,472,468,467,466,463,486,481,479,478,477,473,466,469,489,483,484,488,475,480,477,473,496,496,491,485,478,483,479,476,502,497,490,488,487,484,483,474,511,502,498,486,490,488,491,486,513,506,502,492,493,490,490,492,3,3,2,3,2,2,3,3,3,3,3,2,2,2,3,3,3,3,3,3,2,3,2,3,3,3,3,2,3,2,3,3,4,4,3,3,3,2,3,3,3,4,3,3,3,3,4,3,3,4,3,3,4,3,3,3,4,5,3,3,3,3,4,4,5,5,5,5,5,5,5,5,5,5,5,5,5,5,5,5,5,5,5,5,5,5,5,5,5,5,5,5,5,5,5,5,5,5,5,5,5,5,5,5,5,5,5,5,5,5,5,5,5,5,5,5,5,5,5,5,5,5,5,5,5,5,5,5
106,487,483,482,472,464,471,462,457,487,479,481,467,471,471,465,469,489,482,480,477,477,472,467,469,493,487,489,482,473,477,468,475,501,498,492,492,480,486,480,472,497,500,490,491,487,483,489,479,503,503,492,498,487,487,495,484,508,515,506,497,496,499,491,499,4,3,3,3,3,3,3,3,4,3,3,3,3,3,3,3,4,4,3,3,2,3,3,3,3,3,3,3,3,3,3,3,4,3,3,3,3,3,3,3,3,3,3,3,3,3,3,3,4,4,4,3,4,3,4,4,4,5,4,4,3,3,4,5,5,5,5,5,5,5,5,5,5,5,5,5,5,5,5,5,5,5,5,5,5,5,5,5,5,5,5,5,5,5,5,5,5,5,5,5,5,5,5,5,5,5,5,5,5,5,5,5,5,5,5,5,5,5,5,5,5,5,5,5,5,5,5,5
107,477,479,473,475,466,459,458,460,489,487,479,471,473,474,463,461,485,480,482,477,474,472,467,473,492,491,478,484,481,483,469,467,500,490,486,484,486,482,474,474,497,493,492,484,485,480,478,480,506,501,497,489,492,485,489,488,502,513,505,495,492,492,495,482,3,3,3,2,2,2,3,2,3,3,3,2,2,3,3,3,3,4,3,3,2,3,3,3,3,3,3,2,2,3,3,3,4,3,3,3,2,3,3,4,4,4,3,3,3,3,3,3,4,4,3,4,3,3,3,4,4,4,3,4,4,3,4,5,5,5,5,5,5,5,5,5,5,5,5,5,5,5,5,5,5,5,5,5,5,5,5,5,5,5,5,5,5,5,5,5,5,5,5,5,5,5,5,5,5,5,5,5,5,5,5,5,5,5,5,5,5,5,5,5,5,5,5,5,5,5,5,5
108,483,480,472,473,460,469,464,456,494,483,476,476,471,468,464,459,494,481,470,477,472,474,471,464,493,489,487,484,477,483,475,466,491,491,485,484,476,483,478,475,503,496,491,497,491,488,484,483,504,505,500,495,489,491,482,487,508,510,499,504,497,492,500,485,4,3,3,3,2,3,3,3,4,3,3,3,3,2,3,3,3,4,3,3,2,3,3,3,3,3,3,3,3,3,3,3,4,3,3,3,3,3,3,4,3,4,3,4,4,3,3,4,4,4,3,3,3,4,3,4,4,5,4,4,4,4,4,5,5,5,5,5,5,5,5,5,5,5,5,5,5,5,5,5,5,5,5,5,5,5,5,5,5,5,5,5,5,5,5,5,5,5,5,5,5,5,5,5,5,5,5,5,5,5,5,5,5,5,5,5,5,5,5,5,5,5,5,5,5,5,5,5
109,487,478,471,472,469,464,462,457,483,477,477,474,473,468,462,465,485,495,485,483,478,471,464,468,494,485,488,479,476,475,476,466,499,487,491,483,478,479,475,478,498,500,496,485,493,483,483,479,508,507,494,493,498,479,486,488,509,506,506,503,495,491,492,492,3,3,3,3,2,3,3,3,3,3,3,3,2,2,2,3,3,3,3,3,2,3,2,3,3,3,3,2,3,2,2,3,4,3,3,3,3,3,3,3,4,3,3,3,3,3,3,3,4,4,3,3,3,3,3,4,4,4,4,4,3,4,3,6,5,5,5,5,5,5,5,5,5,5,5,5,5,5,5,5,5,5,5,5,5,5,5,5,5,5,5,5,5,5,5,5,5,5,5,5,5,5,5,5,5,5,5,5,5,5,5,5,5,5,5,5,5,5,5,5,5,5,5,5,5,5,5,5
110,489,479,475,462,466,467,466,464,488,482,475,481,471,472,462,464,490,483,476,479,474,470,465,467,492,488,484,484,479,476,476,464,501,491,492,487,488,477,480,473,499,499,489,492,495,485,482,481,508,507,500,495,491,484,484,487,493,505,507,499,499,488,498,485,4,3,3,3,3,3,3,3,3,3,3,3,2,2,3,3,4,4,3,3,3,3,3,3,4,3,3,3,3,3,3,3,4,3,3,3,3,3,3,3,3,3,3,3,3,3,4,3,4,4,4,3,3,3,3,4,5,5,4,4,3,3,4,6,5,5,5,5,5,5,5,5,5,5,5,5,5,5,5,5,5,5,5,5,5,5,5,5,5,5,5,5,5,5,5,5,5,5,5,5,5,5,5,5,5,5,5,5,5,5,5,5,5,5,5,5,5,5,5,5,5,5,5,5,5,5,5,5
111,481,478,468,469,468,465,463,462,484,477,478,472,470,466,468,466,492,489,484,480,477,470,468,465,494,490,483,484,480,473,472,476,494,494,484,482,486,477,476,478,494,502,497,492,491,488,488,480,499,504,498,493,486,486,488,485,510,508,504,493,493,492,495,486,3,3,3,3,2,3,3,3,3,3,3,2,3,2,3,3,3,3,3,3,2,2,3,3,3,3,3,3,2,2,3,3,3,3,3,3,3,3,3,3,3,3,3,3,3,3,3,3,4,4,3,3,3,3,3,4,4,4,3,4,3,3,4,6,5,5,5,5,5,5,5,5,5,5,5,5,5,5,5,5,5,5,5,5,5,5,5,5,5,5,5,5,5,5,5,5,5,5,5,5,5,5,5,5,5,5,5,5,5,5,5,5,5,5,5,5,5,5,5,5,5,5,5,5,5,5,5,5
112,480,482,478,467,473,462,462,459,481,479,478,468,478,471,469,463,489,484,483,481,471,467,474,469,496,488,479,487,480,475,478,471,490,496,493,493,483,482,473,476,495,502,495,497,490,487,480,479,503,505,493,493,486,484,489,483,503,511,501,498,491,495,499,493,4,3,3,3,3,3,3,3,3,3,3,3,3,3,3,3,3,4,3,3,2,3,3,3,3,3,3,3,3,3,3,3,4,3,3,3,3,3,3,3,3,3,4,3,3,3,3,3,4,4,3,3,3,3,3,4,4,4,3,4,4,3,5,5,5,5,5,5,5,5,5,5,5,5,5,5,5,5,5,5,5,5,5,5,5,5,5,5,5,5,5,5,5,5,5,5,5,5,5,5,5,5,5,5,5,5,5,5,5,5,5,5,5,5,5,5,5,5,5,5,5,5,5,5,5,5,5,5
113,482,475,474,468,467,458,459,466,481,476,474,476,474,465,462,462,484,496,479,477,473,473,470,468,487,482,485,486,477,475,476,477,497,494,486,489,484,483,479,475,503,494,489,490,494,484,481,481,513,506,504,496,490,482,487,481,515,503,507,502,496,494,489,481,4,3,3,3,2,2,3,3,3,3,3,3,2,2,2,3,3,3,3,3,2,3,3,3,4,3,3,2,3,2,3,3,4,3,3,3,3,3,3,3,3,3,3,3,3,3,3,3,3,4,4,3,3,3,3,3,4,5,3,4,3,3,4,5,5,5,5,5,5,5,5,5,5,5,5,5,5,5,5,5,5,5,5,5,5,5,5,5,5,5,5,5,5,5,5,5,5,5,5,5,5,5,5,5,5,5,5,5,5,5,5,5,5,5,5,5,5,5,5,5,5,5,5,5,5,5,5,5
114,475,480,475,473,464,464,464,459,486,481,475,474,471,469,466,464,484,480,484,478,477,474,470,475,496,488,489,482,479,477,470,471,506,493,489,489,488,479,479,478,495,501,488,494,486,485,485,479,501,502,500,494,491,487,481,483,510,500,501,506,493,496,489,492,3,3,3,3,2,3,3,3,3,3,3,3,3,3,3,3,3,4,3,3,2,3,3,3,4,3,3,2,2,3,3,3,3,4,3,3,3,3,3,3,3,3,4,3,3,3,4,4,4,4,3,3,3,3,3,4,4,5,3,5,4,4,4,6,5,5,5,5,5,5,5,5,5,5,5,5,5,5,5,5,5,5,5,5,5,5,5,5,5,5,5,5,5,5,5,5,5,5,5,5,5,5,5,5,5,5,5,5,5,5,5,5,5,5,5,5,5,5,5,5,5,5,5,5,5,5,5,5
115,478,476,474,471,472,467,465,456,480,484,480,474,473,467,468,469,478,484,480,481,475,473,468,464,490,489,484,483,479,476,476,470,501,489,485,487,485,480,478,474,508,498,494,493,485,483,486,470,503,501,498,496,490,490,487,488,513,508,500,495,492,490,490,500,4,3,3,3,3,3,3,3,3,3,3,3,3,2,3,3,3,3,3,3,2,2,3,3,3,3,3,3,3,2,3,3,3,3,3,3,3,3,3,3,3,3,3,3,3,3,3,3,4,4,3,3,3,3,3,4,4,5,3,4,4,4,3,5,5,5,5,5,5,5,5,5,5,5,5,5,5,5,5,5,5,5,5,5,5,5,5,5,5,5,5,5,5,5,5,5,5,5,5,5,5,5,5,5,5,5,5,5,5,5,5,5,5,5,5,5,5,5,5,5,5,5,5,5,5,5,5,5
116,473,479,482,475,470,468,464,459,486,480,477,481,467,466,472,464,487,491,477,483,478,475,466,467,498,485,484,480,479,480,475,472,502,498,483,487,478,478,476,474,501,493,491,493,482,480,487,478,511,494,499,490,491,493,490,484,511,507,502,494,502,491,489,488,4,3,3,3,3,3,3,3,3,3,3,3,3,3,3,3,4,3,3,3,3,3,3,3,3,3,3,2,3,3,3,3,4,4,3,3,3,3,3,3,4,3,4,4,3,3,4,3,4,4,4,4,4,3,3,4,4,4,3,4,4,4,4,6,5,5,5,5,5,5,5,5,5,5,5,5,5,5,5,5,5,5,5,5,5,5,5,5,5,5,5,5,5,5,5,5,5,5,5,5,5,5,5,5,5,5,5,5,5,5,5,5,5,5,5,5,5,5,5,5,5,5,5,5,5,5,5,5
117,484,476,475,473,463,463,457,460,487,480,475,470,470,467,462,469,488,489,480,482,478,473,464,468,493,492,488,482,479,473,473,472,498,497,490,486,485,482,481,474,500,494,500,490,491,478,479,484,502,492,506,492,493,487,490,488,511,506,503,499,493,494,490,476,3,3,3,3,2,2,3,2,3,2,3,3,2,2,3,3,3,3,3,3,2,2,2,3,3,3,3,2,2,3,3,3,3,3,3,3,3,3,3,3,4,3,3,3,3,3,3,3,4,4,3,3,3,3,4,4,4,4,3,4,4,3,3,6,5,5,5,5,5,5,5,5,5,5,5,5,5,5,5,5,5,5,5,5,5,5,5,5,5,5,5,5,5,5,5,5,5,5,5,5,5,5,5,5,5,5,5,5,5,5,5,5,5,5,5,5,5,5,5,5,5,5,5,5,5,5,5,5
118,477,478,476,475,469,467,459,464,486,481,479,477,472,472,465,467,490,483,482,482,472,473,464,469,496,490,483,481,484,475,473,472,497,487,485,483,483,480,479,477,504,492,487,494,487,487,487,481,502,499,498,498,492,488,485,488,513,504,505,498,500,490,498,487,3,3,3,3,3,3,3,3,3,3,3,3,3,3,3,3,3,4,3,3,3,3,2,3,3,3,3,2,3,3,3,3,4,3,3,3,3,3,3,3,3,4,3,3,3,3,4,3,4,4,3,4,4,4,3,4,4,5,3,4,4,4,4,4,5,5,5,5,5,5,5,5,5,5,5,5,5,5,5,5,5,5,5,5,5,5,5,5,5,5,5,5,5,5,5,5,5,5,5,5,5,5,5,5,5,5,5,5,5,5,5,5,5,5,5,5,5,5,5,5,5,5,5,5,5,5,5,5
119,481,479,473,471,462,468,465,461,480,477,471,474,475,466,468,464,490,480,477,477,474,470,470,465,490,485,491,484,479,478,470,470,493,491,488,484,486,483,471,475,501,489,493,488,490,485,482,483,504,499,500,491,488,490,488,483,510,504,503,499,499,489,491,486,3,3,3,3,2,3,3,3,3,3,3,2,2,2,2,3,3,4,3,3,2,3,3,3,3,3,3,2,3,2,3,3,4,3,3,3,3,3,3,3,3,3,3,3,3,3,3,3,4,4,3,4,3,4,3,4,4,5,3,4,3,3,4,5,5,5,5,5,5,5,5,5,5,5,5,5,5,5,5,5,5,5,5,5,5,5,5,5,5,5,5,5,5,5,5,5,5,5,5,5,5,5,5,5,5,5,5,5,5,5,5,5,5,5,5,5,5,5,5,5,5,5,5,5,5,5,5,5
120,480,484,469,472,471,459,459,468,494,481,482,475,471,467,464,461,485,492,486,476,475,475,475,468,497,497,488,483,477,478,472,476,496,487,493,489,484,477,474,477,497,493,492,489,488,485,477,480,507,501,501,484,491,489,490,491,505,503,498,500,494,491,492,483,3,3,3,3,3,2,3,3,4,2,3,3,2,3,3,3,4,4,3,3,2,3,3,3,4,4,3,3,3,3,3,4,4,3,3,3,3,3,3,3,4,4,4,3,3,3,3,4,4,4,4,4,4,4,3,4,5,5,3,4,3,4,4,5,5,5,5,5,5,5,5,5,5,5,5,5,5,5,5,5,5,5,5,5,5,5,5,5,5,5,5,5,5,5,5,5,5,5,5,5,5,5,5,5,5,5,5,5,5,5,5,5,5,5,5,5,5,5,5,5,5,5,5,5,5,5,5,5
121,480,480,473,468,467,461,463,463,484,482,482,473,472,464,462,466,483,482,482,481,475,474,469,472,483,485,490,476,481,475,472,470,500,494,484,486,486,481,478,481,508,496,490,489,491,487,483,482,510,496,499,496,490,487,491,491,515,501,506,504,495,490,498,479,4,3,3,3,2,2,3,3,3,2,3,3,2,2,2,3,3,4,3,3,2,3,3,3,3,3,3,2,2,2,2,3,3,3,3,3,3,3,3,3,4,3,3,3,3,3,3,3,3,4,3,3,3,3,3,4,4,5,3,4,3,4,4,4,5,5,5,5,5,5,5,5,5,5,5,5,5,5,5,5,5,5,5,5,5,5,5,5,5,5,5,5,5,5,5,5,5,5,5,5,5,5,5,5,5,5,5,5,5,5,5,5,5,5,5,5,5,5,5,5,5,5,5,5,5,5,5,5
122,485,483,469,468,469,462,460,454,485,474,478,475,473,465,468,461,489,488,482,479,477,473,469,473,486,492,492,481,481,471,478,474,493,494,486,486,484,478,477,478,497,489,494,491,489,476,482,471,503,504,500,493,487,483,487,488,509,501,504,494,491,489,492,490,4,3,3,3,3,3,3,4,3,3,3,3,3,3,3,3,4,4,3,3,2,3,3,3,4,4,3,2,3,3,3,3,3,4,3,3,3,3,3,4,3,4,3,4,3,3,4,3,4,4,3,4,3,3,3,4,5,4,3,4,3,4,3,5,5,5,5,5,5,5,5,5,5,5,5,5,5,5,5,5,5,5,5,5,5,5,5,5,5,5,5,5,5,5,5,5,5,5,5,5,5,5,5,5,5,5,5,5,5,5,5,5,5,5,5,5,5,5,5,5,5,5,5,5,5,5,5,5
123,481,479,477,469,466,463,462,458,483,479,474,469,474,464,466,459,488,482,477,484,477,472,471,468,493,492,488,481,480,471,473,471,494,492,486,481,485,479,480,478,500,495,492,486,492,485,477,477,509,501,501,499,485,486,486,492,512,512,501,505,490,489,492,484,3,3,3,3,3,3,3,3,3,2,3,3,3,2,2,2,4,4,3,3,2,2,3,3,3,3,3,2,2,2,3,3,3,3,3,3,3,3,3,3,3,4,3,3,3,3,3,3,4,4,3,3,3,3,4,4,4,4,4,4,3,3,3,5,5,5,5,5,5,5,5,5,5,5,5,5,5,5,5,5,5,5,5,5,5,5,5,5,5,5,5,5,5,5,5,5,5,5,5,5,5,5,5,5,5,5,5,5,5,5,5,5,5,5,5,5,5,5,5,5,5,5,5,5,5,5,5,5
124,479,481,474,471,468,465,463,459,492,481,475,475,472,467,471,461,494,488,487,478,478,469,469,465,496,496,486,480,482,481,470,470,493,498,487,489,482,479,479,472,499,493,496,491,488,490,486,478,500,501,497,494,490,482,489,488,503,499,507,502,494,488,492,485,3,3,3,3,3,3,3,3,4,3,3,3,3,3,3,3,4,4,3,3,3,3,3,3,3,3,3,3,3,3,3,3,4,4,3,3,3,3,3,3,3,4,4,4,3,3,4,4,4,4,3,4,3,3,3,4,4,5,4,4,3,4,4,5,5,5,5,5,5,5,5,5,5,5,5,5,5,5,5,5,5,5,5,5,5,5,5,5,5,5,5,5,5,5,5,5,5,5,5,5,5,5,5,5,5,5,5,5,5,5,5,5,5,5,5,5,5,5,5,5,5,5,5,5,5,5,5,5
125,475,476,474,464,469,466,460,462,488,482,478,476,471,466,469,462,488,489,486,479,475,471,468,464,489,482,483,482,476,480,471,468,499,494,483,487,487,481,474,471,498,500,491,486,484,485,481,481,508,505,498,497,496,486,488,490,515,505,498,502,493,493,498,489,3,3,3,3,3,2,3,3,3,3,3,3,2,2,3,3,3,3,3,3,2,3,3,3,3,3,3,2,3,2,3,3,4,3,3,3,3,3,3,3,3,3,3,3,3,3,3,3,4,4,3,3,3,4,3,4,5,5,3,4,3,4,4,6,5,5,5,5,5,5,5,5,5,5,5,5,5,5,5,5,5,5,5,5,5,5,5,5,5,5,5,5,5,5,5,5,5,5,5,5,5,5,5,5,5,5,5,5,5,5,5,5,5,5,5,5,5,5,5,5,5,5,5,5,5,5,5,5
126,481,479,470,477,468,467,468,466,483,482,476,477,473,470,467,467,488,488,484,475,478,472,471,467,489,491,481,482,479,480,476,473,502,492,484,489,485,483,471,473,506,486,491,490,486,483,487,491,499,506,500,495,499,491,487,483,511,506,498,499,502,487,497,487,4,3,3,3,2,3,3,3,3,2,3,3,3,3,3,3,4,3,3,3,3,3,3,3,3,3,3,3,3,3,3,4,4,3,3,3,3,3,3,3,4,3,4,3,3,3,3,3,4,4,3,4,4,3,4,4,5,4,4,4,4,4,4,5,5,5,5,5,5,5,5,5,5,5,5,5,5,5,5,5,5,5,5,5,5,5,5,5,5,5,5,5,5,5,5,5,5,5,5,5,5,5,5,5,5,5,5,5,5,5,5,5,5,5,5,5,5,5,5,5,5,5,5,5,5,5,5,5
127,485,480,477,474,459,468,467,461,490,484,473,474,472,467,462,462,492,485,481,477,476,473,468,471,496,484,483,479,483,479,473,473,493,487,490,489,485,477,481,477,501,492,497,483,485,486,478,473,506,495,499,493,489,491,483,483,502,507,508,497,494,490,501,482,4,3,3,3,2,3,3,3,3,3,3,3,2,2,2,3,4,4,3,3,2,3,3,3,3,3,3,3,3,2,3,3,4,3,3,3,3,3,3,3,3,4,4,3,3,3,3,3,4,4,3,3,3,4,3,4,4,6,3,4,3,3,4,5,5,5,5,5,5,5,5,5,5,5,5,5,5,5,5,5,5,5,5,5,5,5,5,5,5,5,5,5,5,5,5,5,5,5,5,5,5,5,5,5,5,5,5,5,5,5,5,5,5,5,5,5,5,5,5,5,5,5,5,5,5,5,5,5
128,478,477,476,475,470,464,457,468,483,478,478,481,474,468,464,462,494,481,482,480,478,472,469,469,497,485,485,480,482,477,476,468,501,492,490,486,487,480,478,479,501,497,495,496,487,477,480,481,508,506,496,498,479,484,486,488,503,504,497,497,495,491,500,488,4,3,3,4,3,3,3,3,3,3,3,3,3,2,3,3,3,4,3,3,2,3,3,2,3,3,3,3,3,2,3,3,4,3,3,3,3,3,3,3,4,3,4,3,3,3,3,3,4,4,3,3,3,4,3,4,4,5,3,4,3,4,4,5,5,5,5,5,5,5,5,5,5,5,5,5,5,5,5,5,5,5,5,5,5,5,5,5,5,5,5,5,5,5,5,5,5,5,5,5,5,5,5,5,5,5,5,5,5,5,5,5,5,5,5,5,5,5,5,5,5,5,5,5,5,5,5,5
129,481,480,476,467,470,465,464,460,480,477,479,478,473,470,466,463,485,487,481,475,477,468,465,467,495,490,479,479,482,474,470,474,497,490,480,487,484,479,476,473,505,495,495,494,488,482,476,481,501,507,492,493,496,493,486,482,518,511,499,500,500,491,496,487,4,3,3,3,3,3,3,3,3,3,3,3,2,2,2,3,3,3,3,3,2,2,3,3,3,3,3,3,2,2,3,3,4,3,3,3,3,2,3,3,3,4,3,3,3,3,3,3,4,4,3,4,3,3,4,3,4,4,3,4,3,3,3,5,5,5,5,5,5,5,5,5,5,5,5,5,5,5,5,5,5,5,5,5,5,5,5,5,5,5,5,5,5,5,5,5,5,5,5,5,5,5,5,5,5,5,5,5,5,5,5,5,5,5,5,5,5,5,5,5,5,5,5,5,5,5,5,5
130,483,477,469,468,462,466,463,459,480,484,473,474,476,474,467,463,489,480,483,479,473,472,468,469,495,487,488,482,479,479,469,470,498,490,491,488,481,482,474,479,506,501,493,497,489,478,491,485,503,498,497,492,493,487,487,484,511,507,497,499,501,498,494,496,4,3,3,3,2,3,3,3,3,3,2,3,3,3,3,3,3,4,3,3,2,3,3,3,3,3,3,3,3,3,3,3,4,3,3,3,3,3,3,3,4,3,4,3,4,3,4,3,4,4,3,3,4,4,3,4,5,6,4,4,4,4,3,4,5,5,5,5,5,5,5,5,5,5,5,5,5,5,5,5,5,5,5,5,5,5,5,5,5,5,5,5,5,5,5,5,5,5,5,5,5,5,5,5,5,5,5,5,5,5,5,5,5,5,5,5,5,5,5,5,5,5,5,5,5,5,5,5
131,482,482,470,470,468,461,460,462,486,481,476,475,469,465,463,464,482,483,480,483,478,468,467,467,494,490,485,480,483,479,468,474,494,491,492,488,486,484,472,468,495,500,496,498,492,482,485,479,501,502,499,493,492,491,492,490,509,500,501,499,496,492,498,483,3,3,3,3,2,3,3,3,3,3,3,3,2,2,2,3,3,4,3,3,2,2,2,3,3,3,3,3,2,3,3,3,4,3,3,3,3,3,3,3,3,3,3,4,3,3,4,3,4,4,3,3,4,4,4,3,4,5,4,4,3,3,4,5,5,5,5,5,5,5,5,5,5,5,5,5,5,5,5,5,5,5,5,5,5,5,5,5,5,5,5,5,5,5,5,5,5,5,5,5,5,5,5,5,5,5,5,5,5,5,5,5,5,5,5,5,5,5,5,5,5,5,5,5,5,5,5,5
132,482,483,476,470,462,470,460,459,486,478,483,473,468,468,469,466,489,495,480,475,477,473,467,471,488,486,485,481,480,477,475,469,494,489,491,482,488,480,476,476,497,500,497,489,488,487,481,475,506,506,497,493,497,485,490,485,500,500,505,502,498,493,489,495,4,3,3,3,2,3,3,3,3,3,3,3,3,3,3,3,4,3,3,3,2,3,3,3,4,3,3,2,3,3,3,3,4,3,3,3,3,3,3,4,3,3,4,3,3,3,3,4,4,4,3,4,4,4,3,4,4,5,3,4,4,3,3,5,5,5,5,5,5,5,5,5,5,5,5,5,5,5,5,5,5,5,5,5,5,5,5,5,5,5,5,5,5,5,5,5,5,5,5,5,5,5,5,5,5,5,5,5,5,5,5,5,5,5,5,5,5,5,5,5,5,5,5,5,5,5,5,5
133,468,488,474,472,465,470,463,459,486,483,475,475,472,468,470,464,482,485,477,478,476,471,472,475,494,489,487,484,479,475,471,472,499,495,487,488,482,486,480,471,498,501,498,491,486,486,480,478,504,502,496,494,490,485,491,482,505,498,504,493,500,492,489,490,3,3,3,3,2,3,3,3,3,3,3,3,2,2,3,3,3,4,3,3,2,3,3,4,3,3,3,2,3,2,3,3,3,3,3,3,3,3,3,3,4,3,4,3,3,3,3,3,4,4,3,3,3,4,3,3,4,5,3,4,3,3,4,6,5,5,5,5,5,5,5,5,5,5,5,5,5,5,5,5,5,5,5,5,5,5,5,5,5,5,5,5,5,5,5,5,5,5,5,5,5,5,5,5,5,5,5,5,5,5,5,5,5,5,5,5,5,5,5,5,5,5,5,5,5,5,5,5
134,483,477,470,476,470,459,465,462,481,480,475,471,475,469,469,464,494,488,481,478,474,474,474,471,496,489,489,484,480,477,472,470,492,498,488,485,487,480,480,467,500,499,495,488,486,484,478,480,508,499,494,493,492,493,491,486,511,500,504,502,498,496,494,494,4,3,3,3,3,3,3,3,4,3,3,3,2,2,3,3,3,3,3,3,2,3,3,3,3,3,3,3,2,2,3,3,3,4,3,3,3,3,3,3,4,4,3,3,3,3,3,4,4,4,4,3,4,3,3,4,4,4,4,4,4,4,4,5,5,5,5,5,5,5,5,5,5,5,5,5,5,5,5,5,5,5,5,5,5,5,5,5,5,5,5,5,5,5,5,5,5,5,5,5,5,5,5,5,5,5,5,5,5,5,5,5,5,5,5,5,5,5,5,5,5,5,5,5,5,5,5,5
135,481,474,475,469,472,460,462,461,481,479,481,473,471,473,466,464,494,481,478,477,477,472,469,465,494,489,484,482,479,479,473,472,491,489,491,491,478,481,473,480,501,499,489,492,493,482,477,485,501,493,494,498,487,487,485,486,506,512,500,500,494,492,487,489,3,3,3,3,3,3,3,3,3,2,3,3,3,2,3,3,4,4,3,3,2,3,3,3,3,3,3,2,3,2,3,3,3,3,3,3,3,3,3,4,3,3,3,3,3,3,3,3,4,3,3,3,3,3,3,4,4,4,3,4,3,4,3,6,5,5,5,5,5,5,5,5,5,5,5,5,5,5,5,5,5,5,5,5,5,5,5,5,5,5,5,5,5,5,5,5,5,5,5,5,5,5,5,5,5,5,5,5,5,5,5,5,5,5,5,5,5,5,5,5,5,5,5,5,5,5,5,5
136,485,480,473,475,462,460,464,463,485,480,475,474,475,468,463,459,489,482,481,490,481,472,467,472,497,491,488,478,481,475,473,471,489,492,489,492,482,485,475,473,503,499,495,489,484,485,486,475,508,510,498,490,489,485,485,485,509,503,505,490,499,497,492,483,4,3,3,3,2,3,3,3,3,3,3,3,3,2,3,3,3,4,3,3,2,3,3,3,3,3,3,3,3,3,3,4,4,3,3,3,3,3,3,4,4,3,4,3,3,3,3,4,3,4,4,4,3,3,4,4,4,5,4,4,3,3,4,6,5,5,5,5,5,5,5,5,5,5,5,5,5,5,5,5,5,5,5,5,5,5,5,5,5,5,5,5,5,5,5,5,5,5,5,5,5,5,5,5,5,5,5,5,5,5,5,5,5,5,5,5,5,5,5,5,5,5,5,5,5,5,5,5
137,474,477,473,464,467,467,456,458,484,480,474,473,470,467,464,459,484,483,476,480,473,472,474,462,497,487,490,480,477,474,470,469,491,491,488,486,483,484,476,471,501,495,497,489,486,485,473,475,499,502,494,493,488,494,480,485,510,511,498,492,499,487,490,494,3,3,3,3,2,3,3,3,3,3,3,3,2,2,3,3,3,4,3,3,2,3,3,3,3,3,3,2,3,2,3,3,4,3,3,3,3,3,3,3,3,4,3,3,3,3,3,3,4,4,4,4,3,3,4,4,4,5,3,3,3,3,4,5,5,5,5,5,5,5,5,5,5,5,5,5,5,5,5,5,5,5,5,5,5,5,5,5,5,5,5,5,5,5,5,5,5,5,5,5,5,5,5,5,5,5,5,5,5,5,5,5,5,5,5,5,5,5,5,5,5,5,5,5,5,5,5,5
138,481,477,478,470,461,467,464,462,485,485,476,474,471,471,468,463,492,490,479,481,474,474,464,469,498,489,482,487,477,474,476,473,498,491,488,485,487,484,476,473,497,505,497,491,487,488,484,485,503,505,496,495,491,482,484,490,507,512,508,497,495,486,494,489,4,3,3,3,2,3,3,3,4,2,3,3,3,3,3,3,3,4,3,3,2,3,3,3,3,3,3,3,3,3,3,3,4,4,3,3,3,3,3,4,3,4,4,4,4,3,4,3,4,4,4,3,3,4,3,4,4,4,4,4,4,4,4,4,5,5,5,5,5,5,5,5,5,5,5,5,5,5,5,5,5,5,5,5,5,5,5,5,5,5,5,5,5,5,5,5,5,5,5,5,5,5,5,5,5,5,5,5,5,5,5,5,5,5,5,5,5,5,5,5,5,5,5,5,5,5,5,5
139,481,476,476,468,462,464,464,459,487,480,477,470,473,468,468,460,485,481,481,483,476,471,476,465,493,491,486,480,475,477,474,474,492,489,492,486,482,479,474,481,496,495,484,496,485,485,478,481,506,505,500,494,486,493,478,487,507,501,499,503,493,493,495,500,3,3,3,3,3,2,3,3,3,3,3,2,3,2,3,3,3,3,3,3,2,3,3,3,3,3,3,3,3,2,3,3,3,3,3,3,3,3,3,3,3,3,3,3,3,3,3,3,4,4,3,4,3,3,3,4,4,5,3,4,4,3,4,5,5,5,5,5,5,5,5,5,5,5,5,5,5,5,5,5,5,5,5,5,5,5,5,5,5,5,5,5,5,5,5,5,5,5,5,5,5,5,5,5,5,5,5,5,5,5,5,5,5,5,5,5,5,5,5,5,5,5,5,5,5,5,5,5
140,480,478,471,473,468,465,459,456,481,476,477,474,475,468,463,463,487,490,483,480,471,475,471,470,496,488,486,482,481,477,471,466,500,496,485,486,491,485,479,480,499,500,488,489,489,484,484,476,501,504,498,497,487,489,487,485,522,507,503,498,501,492,491,499,3,3,3,3,2,3,3,3,3,3,3,3,3,3,3,3,3,3,3,3,3,3,3,3,3,3,3,3,3,3,3,3,4,4,3,3,3,3,3,4,3,3,3,3,3,3,3,4,4,4,3,3,4,4,3,4,5,5,4,4,4,4,4,5,5,5,5,5,5,5,5,5,5,5,5,5,5,5,5,5,5,5,5,5,5,5,5,5,5,5,5,5,5,5,5,5,5,5,5,5,5,5,5,5,5,5,5,5,5,5,5,5,5,5,5,5,5,5,5,5,5,5,5,5,5,5,5,5
141,477,478,477,477,465,461,458,460,485,482,474,473,473,465,467,466,486,483,479,482,475,466,469,465,500,488,484,481,480,475,475,467,498,490,486,482,484,484,476,473,498,507,495,488,495,483,485,476,497,500,499,489,494,490,485,488,508,505,502,496,489,489,488,488,3,3,3,3,2,2,3,3,3,2,2,2,3,2,2,3,4,4,3,3,2,3,3,3,3,3,3,2,3,2,3,3,3,3,3,3,3,3,3,3,3,4,4,3,3,3,3,3,4,4,3,3,3,3,4,3,4,4,3,4,4,3,3,5,5,5,5,5,5,5,5,5,5,5,5,5,5,5,5,5,5,5,5,5,5,5,5,5,5,5,5,5,5,5,5,5,5,5,5,5,5,5,5,5,5,5,5,5,5,5,5,5,5,5,5,5,5,5,5,5,5,5,5,5,5,5,5,5
142,476,479,477,473,463,466,460,463,486,489,479,471,476,471,463,463,490,481,484,477,472,474,474,463,493,492,489,484,481,472,473,467,500,493,490,493,487,482,478,472,500,491,494,498,490,481,492,488,509,499,496,498,496,486,486,485,519,503,505,502,493,497,498,490,3,3,3,3,3,3,3,3,3,3,3,3,3,3,2,3,4,4,3,3,2,3,3,3,3,3,3,3,3,3,3,3,4,3,3,3,3,3,3,3,4,3,4,4,4,3,4,3,4,4,4,3,4,3,3,4,5,6,3,4,4,4,4,6,5,5,5,5,5,5,5,5,5,5,5,5,5,5,5,5,5,5,5,5,5,5,5,5,5,5,5,5,5,5,5,5,5,5,5,5,5,5,5,5,5,5,5,5,5,5,5,5,5,5,5,5,5,5,5,5,5,5,5,5,5,5,5,5
143,475,481,480,471,470,469,461,467,489,480,478,466,470,466,468,466,491,490,480,477,474,469,470,468,490,486,487,482,476,474,470,472,500,494,489,491,482,484,478,476,504,496,495,495,487,483,478,480,500,500,496,496,496,482,485,480,509,501,501,499,494,494,492,486,3,3,2,3,3,3,3,3,3,2,3,3,2,2,3,3,3,3,3,3,2,2,3,3,3,3,3,2,3,2,3,3,4,3,3,3,3,3,3,3,3,3,4,3,3,3,3,3,4,4,3,3,3,3,3,3,4,4,4,4,3,3,3,5,5,5,5,5,5,5,5,5,5,5,5,5,5,5,5,5,5,5,5,5,5,5,5,5,5,5,5,5,5,5,5,5,5,5,5,5,5,5,5,5,5,5,5,5,5,5,5,5,5,5,5,5,5,5,5,5,5,5,5,5,5,5,5,5
144,482,479,474,471,465,467,460,464,485,473,479,476,470,470,463,467,487,483,479,478,477,472,469,468,491,490,486,482,481,476,472,478,494,490,488,488,489,484,475,475,500,503,487,494,488,486,484,477,505,503,494,492,492,488,486,483,516,514,501,502,502,489,501,483,4,3,3,3,3,3,3,3,4,3,3,3,2,2,3,3,3,4,3,3,2,3,3,3,4,3,3,3,3,3,3,3,4,3,3,3,3,3,3,4,4,3,3,4,3,3,3,3,4,4,3,4,4,4,3,4,4,5,4,4,4,4,4,5,5,5,5,5,5,5,5,5,5,5,5,5,5,5,5,5,5,5,5,5,5,5,5,5,5,5,5,5,5,5,5,5,5,5,5,5,5,5,5,5,5,5,5,5,5,5,5,5,5,5,5,5,5,5,5,5,5,5,5,5,5,5,5,5
145,477,477,471,468,470,464,464,455,487,480,471,476,479,471,468,459,490,475,480,481,474,473,469,467,492,491,482,480,478,478,474,473,494,497,489,490,486,480,478,478,497,496,499,491,486,480,478,477,510,496,493,499,493,487,484,479,501,504,499,505,491,495,488,491,3,3,3,3,3,2,3,3,3,3,3,3,3,2,3,3,3,4,3,3,2,3,3,3,3,3,3,2,2,3,3,3,3,3,3,3,3,3,3,3,3,4,3,3,3,3,3,4,4,3,3,3,4,3,3,4,4,5,3,4,3,4,4,5,5,5,5,5,5,5,5,5,5,5,5,5,5,5,5,5,5,5,5,5,5,5,5,5,5,5,5,5,5,5,5,5,5,5,5,5,5,5,5,5,5,5,5,5,5,5,5,5,5,5,5,5,5,5,5,5,5,5,5,5,5,5,5,5
146,477,476,478,473,461,465,466,464,486,484,480,467,471,470,464,467,486,490,477,484,478,474,470,464,498,488,486,483,485,478,473,473,497,498,487,491,485,483,478,474,497,496,494,491,495,486,484,478,500,500,498,496,489,487,490,484,513,501,505,501,494,494,495,489,3,3,3,3,2,3,3,3,3,3,3,2,2,3,2,3,4,4,3,3,3,3,3,3,4,3,3,3,3,3,3,3,4,3,3,3,3,3,3,3,3,4,3,3,4,3,4,3,4,4,3,4,4,4,3,4,5,5,3,4,3,4,3,6,5,5,5,5,5,5,5,5,5,5,5,5,5,5,5,5,5,5,5,5,5,5,5,5,5,5,5,5,5,5,5,5,5,5,5,5,5,5,5,5,5,5,5,5,5,5,5,5,5,5,5,5,5,5,5,5,5,5,5,5,5,5,5,5
147,481,477,470,476,461,470,468,461,486,484,475,477,472,465,467,464,485,488,482,484,475,475,459,469,492,487,488,480,481,478,472,471,498,493,489,487,482,478,475,472,496,491,494,493,484,489,480,478,496,502,493,497,489,486,490,485,509,510,506,497,492,499,486,492,3,3,3,3,2,3,3,3,3,3,3,3,2,2,3,3,3,3,3,3,2,2,2,3,3,3,3,2,2,2,3,3,4,3,3,3,3,3,3,3,3,4,3,3,3,3,3,3,3,4,3,3,3,4,3,3,4,6,4,3,4,4,3,5,5,5,5,5,5,5,5,5,5,5,5,5,5,5,5,5,5,5,5,5,5,5,5,5,5,5,5,5,5,5,5,5,5,5,5,5,5,5,5,5,5,5,5,5,5,5,5,5,5,5,5,5,5,5,5,5,5,5,5,5,5,5,5,5
148,481,478,473,470,469,465,460,461,487,483,476,479,472,470,464,462,491,489,479,477,475,472,470,467,494,483,485,481,480,478,471,472,494,492,492,486,490,482,478,471,497,488,490,497,485,484,482,481,517,507,500,494,491,492,488,477,503,511,499,500,494,495,493,494,4,3,3,3,3,3,3,3,3,3,3,3,3,3,3,3,4,3,3,3,2,3,3,3,3,3,3,3,2,3,3,3,4,3,3,3,3,3,3,3,3,4,3,3,3,3,3,3,4,5,3,3,4,3,3,4,5,6,3,4,4,3,4,5,5,5,5,5,5,5,5,5,5,5,5,5,5,5,5,5,5,5,5,5,5,5,5,5,5,5,5,5,5,5,5,5,5,5,5,5,5,5,5,5,5,5,5,5,5,5,5,5,5,5,5,5,5,5,5,5,5,5,5,5,5,5,5,5
149,483,479,473,473,470,467,465,456,488,477,476,475,471,466,469,468,485,485,481,479,475,475,466,472,496,492,488,479,479,475,472,469,505,486,488,491,488,480,479,477,507,502,497,490,483,484,485,475,515,499,490,489,495,492,487,484,506,501,506,498,497,495,492,487,4,3,3,3,2,2,2,3,3,3,3,3,2,2,3,3,3,4,3,3,2,3,3,3,3,3,3,2,3,2,3,3,3,3,3,3,3,3,3,3,4,3,4,3,3,3,4,3,4,4,4,4,3,3,3,4,3,5,4,4,3,4,4,5,5,5,5,5,5,5,5,5,5,5,5,5,5,5,5,5,5,5,5,5,5,5,5,5,5,5,5,5,5,5,5,5,5,5,5,5,5,5,5,5,5,5,5,5,5,5,5,5,5,5,5,5,5,5,5,5,5,5,5,5,5,5,5,5
150,483,476,474,467,464,465,463,460,484,481,476,475,473,468,465,463,490,487,483,481,476,473,474,466,496,491,484,474,480,473,470,473,499,502,483,491,487,480,474,477,503,498,496,498,489,486,478,476,503,502,498,498,503,489,490,482,515,513,507,497,496,497,494,500,4,3,3,3,2,3,3,3,3,3,3,3,3,2,3,3,3,4,3,3,3,3,3,3,3,3,3,2,3,2,3,3,4,4,3,3,3,3,3,3,4,4,4,4,3,3,3,3,4,4,4,4,4,3,4,4,4,4,4,4,3,4,4,5,5,5,5,5,5,5,5,5,5,5,5,5,5,5,5,5,5,5,5,5,5,5,5,5,5,5,5,5,5,5,5,5,5,5,5,5,5,5,5,5,5,5,5,5,5,5,5,5,5,5,5,5,5,5,5,5,5,5,5,5,5,5,5,5
151,480,477,473,469,465,462,460,461,478,478,483,471,468,467,469,464,489,488,478,480,475,470,469,466,487,484,490,481,478,474,477,471,496,487,488,488,483,478,475,470,500,491,495,487,490,488,482,478,503,502,494,495,492,478,485,484,509,499,502,499,493,489,493,492,3,3,3,3,2,2,3,3,3,3,3,3,2,2,3,3,3,3,3,3,2,3,3,3,4,3,3,2,2,2,2,3,4,3,3,3,3,3,3,3,3,3,3,3,3,3,3,4,4,4,3,4,4,3,3,3,5,5,3,4,3,3,4,6,5,5,5,5,5,5,5,5,5,5,5,5,5,5,5,5,5,5,5,5,5,5,5,5,5,5,5,5,5,5,5,5,5,5,5,5,5,5,5,5,5,5,5,5,5,5,5,5,5,5,5,5,5,5,5,5,5,5,5,5,5,5,5,5
152,485,484,476,468,463,462,466,468,488,480,475,478,476,468,465,461,491,484,489,480,474,465,468,465,491,490,488,479,480,473,474,476,497,494,484,490,479,476,480,482,505,502,493,488,489,477,480,477,501,499,496,495,497,486,491,474,513,508,504,494,498,491,500,486,4,3,3,3,2,3,3,3,4,3,3,3,3,3,3,3,4,3,3,3,2,3,3,3,4,3,3,2,2,3,3,3,3,4,3,3,3,3,3,3,4,3,4,3,4,3,3,4,4,4,4,3,3,3,3,4,4,5,4,4,3,4,5,5,5,5,5,5,5,5,5,5,5,5,5,5,5,5,5,5,5,5,5,5,5,5,5,5,5,5,5,5,5,5,5,5,5,5,5,5,5,5,5,5,5,5,5,5,5,5,5,5,5,5,5,5,5,5,5,5,5,5,5,5,5,5,5,5
153,474,477,472,466,462,464,457,458,486,479,478,465,474,467,464,457,487,483,477,486,473,472,476,465,493,485,484,475,474,474,469,469,500,495,494,490,483,485,476,474,498,500,494,488,487,481,483,472,508,494,494,493,484,489,489,481,512,503,500,504,502,491,492,487,3,3,3,3,2,3,2,3,3,2,3,2,2,2,3,3,3,4,3,3,2,3,3,3,3,3,3,2,3,2,2,3,4,3,3,3,3,3,3,3,3,3,3,3,3,3,3,3,4,3,3,4,3,3,3,3,5,4,3,4,3,3,4,5,5,5,5,5,5,5,5,5,5,5,5,5,5,5,5,5,5,5,5,5,5,5,5,5,5,5,5,5,5,5,5,5,5,5,5,5,5,5,5,5,5,5,5,5,5,5,5,5,5,5,5,5,5,5,5,5,5,5,5,5,5,5,5,5
154,486,478,480,475,466,467,462,459,482,485,481,476,470,468,467,468,486,481,481,484,481,472,467,459,491,486,489,478,476,472,473,470,497,492,489,482,484,477,478,477,509,491,495,485,493,480,485,485,503,504,503,493,489,486,490,487,508,495,501,506,498,493,496,483,3,3,4,3,3,3,3,3,3,3,3,3,3,2,3,3,4,4,3,3,2,3,3,3,3,3,3,3,3,3,3,3,4,3,3,3,3,3,3,4,4,4,3,3,3,3,3,4,4,5,3,3,3,4,3,4,5,5,3,4,3,4,4,5,5,5,5,5,5,5,5,5,5,5,5,5,5,5,5,5,5,5,5,5,5,5,5,5,5,5,5,5,5,5,5,5,5,5,5,5,5,5,5,5,5,5,5,5,5,5,5,5,5,5,5,5,5,5,5,5,5,5,5,5,5,5,5,5
155,477,478,470,473,464,463,465,460,488,481,477,470,474,468,468,460,491,487,476,483,481,473,469,467,490,484,490,481,484,479,475,462,500,493,490,483,485,479,480,477,499,494,485,493,486,479,485,481,503,502,501,489,490,494,491,483,510,509,502,496,492,499,496,493,3,3,3,3,2,2,2,3,3,3,2,2,2,2,3,3,3,4,2,3,2,3,3,3,3,3,3,2,2,2,3,3,4,3,3,3,3,3,3,3,3,3,3,3,3,3,3,4,4,3,3,4,3,3,3,4,4,4,3,4,3,4,4,5,5,5,5,5,5,5,5,5,5,5,5,5,5,5,5,5,5,5,5,5,5,5,5,5,5,5,5,5,5,5,5,5,5,5,5,5,5,5,5,5,5,5,5,5,5,5,5,5,5,5,5,5,5,5,5,5,5,5,5,5,5,5,5,5
156,476,474,484,468,464,464,460,464,490,482,472,469,474,466,466,468,488,480,487,483,476,472,466,467,494,493,488,485,475,480,474,473,499,488,490,490,484,487,482,475,505,492,489,495,483,487,477,479,497,498,500,493,492,485,479,482,514,506,499,503,497,488,486,493,4,3,3,3,3,2,3,3,4,3,2,3,3,3,3,3,4,3,3,3,2,3,3,3,4,3,3,3,3,2,3,3,4,3,3,3,3,3,3,3,4,4,3,4,3,3,3,4,4,4,4,4,3,4,4,4,4,5,3,4,3,4,4,5,5,5,5,5,5,5,5,5,5,5,5,5,5,5,5,5,5,5,5,5,5,5,5,5,5,5,5,5,5,5,5,5,5,5,5,5,5,5,5,5,5,5,5,5,5,5,5,5,5,5,5,5,5,5,5,5,5,5,5,5,5,5,5,5
157,485,475,473,475,469,467,460,462,491,477,482,473,471,466,465,466,488,484,485,482,474,474,471,468,490,490,486,484,480,477,471,472,502,488,486,489,483,480,480,478,499,497,489,490,480,482,479,482,501,503,504,502,491,485,482,483,511,504,504,497,491,492,483,483,4,3,3,3,2,3,3,3,3,3,3,3,2,3,3,3,4,4,3,3,2,3,3,3,3,3,3,3,2,2,3,3,4,3,3,3,3,3,3,3,3,3,3,3,3,3,3,3,4,4,3,3,3,3,3,3,4,5,4,4,4,3,4,5,5,5,5,5,5,5,5,5,5,5,5,5,5,5,5,5,5,5,5,5,5,5,5,5,5,5,5,5,5,5,5,5,5,5,5,5,5,5,5,5,5,5,5,5,5,5,5,5,5,5,5,5,5,5,5,5,5,5,5,5,5,5,5,5
158,488,480,475,475,465,464,463,460,478,481,477,476,473,468,466,468,479,482,479,481,474,472,470,473,497,491,492,481,484,472,474,474,495,497,493,496,483,481,477,473,508,502,490,488,492,484,477,478,510,502,497,496,490,493,490,478,495,506,504,500,499,490,492,494,3,3,3,3,2,3,3,3,3,3,3,3,3,3,3,3,3,4,3,3,2,3,3,3,3,3,3,2,2,2,3,3,4,3,3,3,3,3,3,4,4,3,4,3,3,3,3,3,4,4,4,4,3,3,3,4,4,6,3,4,3,3,4,5,5,5,5,5,5,5,5,5,5,5,5,5,5,5,5,5,5,5,5,5,5,5,5,5,5,5,5,5,5,5,5,5,5,5,5,5,5,5,5,5,5,5,5,5,5,5,5,5,5,5,5,5,5,5,5,5,5,5,5,5,5,5,5,5
159,483,475,469,467,466,464,459,461,486,476,478,472,469,465,464,465,478,486,483,477,476,474,466,467,497,487,493,484,477,475,475,466,494,496,484,488,487,481,473,476,500,493,495,492,487,480,482,477,505,509,496,499,494,486,491,476,511,512,506,497,499,494,490,490,4,3,3,3,3,2,3,3,3,3,3,3,2,2,2,3,4,3,3,3,2,3,2,3,3,3,3,2,3,3,3,3,3,3,3,3,3,3,3,3,3,4,3,3,4,3,3,4,5,4,3,3,3,3,3,3,4,4,3,4,4,4,4,6,5,5,5,5,5,5,5,5,5,5,5,5,5,5,5,5,5,5,5,5,5,5,5,5,5,5,5,5,5,5,5,5,5,5,5,5,5,5,5,5,5,5,5,5,5,5,5,5,5,5,5,5,5,5,5,5,5,5,5,5,5,5,5,5
160,486,478,477,473,466,466,458,460,481,482,485,472,476,467,463,460,496,492,483,478,477,471,471,466,492,480,488,479,485,474,478,466,497,498,487,485,485,485,482,483,506,500,496,496,493,484,484,478,507,504,502,490,497,486,489,482,497,501,500,504,498,493,494,497,4,3,3,3,3,3,3,3,3,3,3,3,3,3,3,3,4,3,3,3,3,3,3,3,3,3,3,2,3,3,3,3,4,4,3,3,3,3,3,4,3,3,4,4,3,3,3,3,5,4,4,4,3,4,3,4,5,5,3,4,3,3,4,5,5,5,5,5,5,5,5,5,5,5,5,5,5,5,5,5,5,5,5,5,5,5,5,5,5,5,5,5,5,5,5,5,5,5,5,5,5,5,5,5,5,5,5,5,5,5,5,5,5,5,5,5,5,5,5,5,5,5,5,5,5,5,5,5
161,484,480,470,472,466,464,461,465,480,485,478,472,470,467,461,462,484,488,485,477,477,467,471,462,495,490,491,478,479,479,481,472,493,487,487,491,482,480,478,474,499,501,495,484,487,484,484,483,505,508,497,496,503,486,487,484,507,508,505,500,496,488,492,496,3,3,3,3,3,3,3,3,3,3,3,2,2,2,3,3,3,4,3,3,2,3,3,3,3,3,3,2,3,2,3,3,3,3,3,3,3,3,3,3,3,4,3,3,3,3,3,3,4,4,3,3,3,3,3,4,4,5,4,4,4,4,3,5,5,5,5,5,5,5,5,5,5,5,5,5,5,5,5,5,5,5,5,5,5,5,5,5,5,5,5,5,5,5,5,5,5,5,5,5,5,5,5,5,5,5,5,5,5,5,5,5,5,5,5,5,5,5,5,5,5,5,5,5,5,5,5,5
162,485,475,468,470,467,470,465,461,484,483,473,476,475,471,465,462,483,486,484,478,475,474,464,463,491,496,487,480,480,479,472,470,497,497,489,482,479,486,479,469,499,490,490,494,486,484,491,472,506,501,493,489,488,491,493,482,523,504,504,507,498,492,498,491,4,3,3,3,3,3,3,3,3,3,3,3,2,2,3,3,3,3,3,3,2,3,3,3,3,4,3,3,3,3,3,3,3,4,3,3,3,3,3,3,3,4,4,4,3,3,4,3,4,4,4,4,3,3,3,4,5,6,4,4,3,3,4,5,5,5,5,5,5,5,5,5,5,5,5,5,5,5,5,5,5,5,5,5,5,5,5,5,5,5,5,5,5,5,5,5,5,5,5,5,5,5,5,5,5,5,5,5,5,5,5,5,5,5,5,5,5,5,5,5,5,5,5,5,5,5,5,5
163,482,477,479,470,466,472,470,459,481,480,474,470,467,468,466,464,488,484,479,478,475,472,473,465,493,490,486,480,477,475,476,463,499,496,492,486,484,478,476,474,497,510,489,492,489,484,479,475,512,510,494,490,490,492,488,480,510,501,503,494,495,490,488,491,3,3,3,3,2,3,3,3,3,2,3,3,2,2,3,3,3,4,3,3,2,3,3,3,3,3,3,2,3,2,3,3,4,3,3,3,2,2,3,3,3,3,3,3,3,3,3,3,3,4,3,4,3,3,3,3,4,5,3,3,3,3,3,4,5,5,5,5,5,5,5,5,5,5,5,5,5,5,5,5,5,5,5,5,5,5,5,5,5,5,5,5,5,5,5,5,5,5,5,5,5,5,5,5,5,5,5,5,5,5,5,5,5,5,5,5,5,5,5,5,5,5,5,5,5,5,5,5
164,483,482,468,472,465,467,464,462,482,481,476,476,468,468,466,465,491,482,486,477,473,473,473,467,496,494,485,480,485,477,475,482,503,491,495,484,487,483,479,478,504,489,497,487,490,482,482,480,505,508,504,498,493,484,488,488,500,506,508,503,497,492,489,487,4,3,3,3,3,3,3,3,3,3,3,3,3,2,3,3,4,4,3,3,2,3,3,3,3,4,3,2,3,2,3,4,4,3,3,3,3,3,4,4,4,4,4,3,3,3,3,3,4,4,3,4,3,4,3,4,5,5,4,4,4,3,3,5,5,5,5,5,5,5,5,5,5,5,5,5,5,5,5,5,5,5,5,5,5,5,5,5,5,5,5,5,5,5,5,5,5,5,5,5,5,5,5,5,5,5,5,5,5,5,5,5,5,5,5,5,5,5,5,5,5,5,5,5,5,5,5,5
165,486,480,476,467,474,466,463,466,487,481,477,473,472,471,467,463,489,481,480,480,475,472,465,474,489,487,487,481,474,480,471,468,494,494,490,492,485,482,479,475,496,500,494,488,488,485,481,482,506,500,496,493,491,489,490,481,511,510,503,495,499,497,495,479,4,3,3,3,3,3,3,3,3,2,3,3,3,2,3,2,3,4,3,3,2,3,2,3,4,3,3,2,3,3,3,3,3,3,3,3,3,3,3,3,3,3,3,3,3,3,3,3,4,4,4,3,4,3,3,4,5,4,3,4,4,3,4,5,5,5,5,5,5,5,5,5,5,5,5,5,5,5,5,5,5,5,5,5,5,5,5,5,5,5,5,5,5,5,5,5,5,5,5,5,5,5,5,5,5,5,5,5,5,5,5,5,5,5,5,5,5,5,5,5,5,5,5,5,5,5,5,5
166,480,480,473,473,465,462,466,464,481,483,475,472,470,474,466,461,495,492,473,481,468,469,470,467,492,485,486,483,477,478,476,473,500,491,484,493,488,482,481,482,500,496,495,489,487,493,485,481,509,503,510,494,492,490,485,488,516,500,499,504,491,492,499,486,3,3,3,3,3,3,3,3,3,3,3,2,3,3,3,3,4,4,3,3,3,3,3,3,4,3,3,3,3,3,3,3,3,3,3,3,3,3,3,3,3,3,4,4,3,3,4,4,4,4,4,4,3,3,4,4,5,5,4,4,3,4,4,5,5,5,5,5,5,5,5,5,5,5,5,5,5,5,5,5,5,5,5,5,5,5,5,5,5,5,5,5,5,5,5,5,5,5,5,5,5,5,5,5,5,5,5,5,5,5,5,5,5,5,5,5,5,5,5,5,5,5,5,5,5,5,5,5
167,478,478,479,469,466,465,465,461,482,480,478,471,473,470,467,465,485,489,480,483,474,472,474,466,494,490,487,485,478,475,471,468,498,494,488,483,485,482,476,478,493,494,495,490,486,478,485,476,499,510,486,494,487,489,485,486,504,508,499,498,493,490,489,482,3,3,2,3,2,3,3,3,3,2,3,3,2,2,3,3,3,3,3,3,2,3,3,3,3,3,3,3,3,2,3,3,4,3,3,3,3,3,3,4,3,4,3,3,3,3,3,3,3,4,4,3,3,4,3,4,3,4,3,4,4,3,3,5,5,5,5,5,5,5,5,5,5,5,5,5,5,5,5,5,5,5,5,5,5,5,5,5,5,5,5,5,5,5,5,5,5,5,5,5,5,5,5,5,5,5,5,5,5,5,5,5,5,5,5,5,5,5,5,5,5,5,5,5,5,5,5,5
168,479,483,472,472,468,462,464,466,481,474,476,473,472,474,466,468,488,479,481,481,474,467,468,471,495,488,487,481,478,476,473,468,494,495,487,486,489,479,482,475,502,491,491,489,486,489,478,474,508,501,501,504,490,494,493,482,516,507,497,499,491,483,491,489,4,3,3,3,3,3,3,3,3,3,3,3,3,3,3,3,3,4,3,3,3,3,3,3,3,3,3,3,3,3,3,3,3,3,3,3,3,3,3,4,4,4,4,3,3,3,3,4,4,4,3,4,3,3,3,4,5,5,3,4,4,4,3,6,5,5,5,5,5,5,5,5,5,5,5,5,5,5,5,5,5,5,5,5,5,5,5,5,5,5,5,5,5,5,5,5,5,5,5,5,5,5,5,5,5,5,5,5,5,5,5,5,5,5,5,5,5,5,5,5,5,5,5,5,5,5,5,5
169,482,479,469,474,466,468,455,466,479,478,479,475,473,466,468,460,487,483,478,479,478,474,472,460,492,487,483,483,479,474,470,470,495,493,494,486,484,478,477,480,503,495,496,496,493,485,486,479,504,500,494,490,491,483,488,490,504,499,502,500,500,495,489,487,4,3,3,3,3,3,3,3,3,3,3,3,2,2,3,3,3,4,3,3,2,3,3,3,3,3,3,2,3,2,3,3,4,3,3,3,3,3,3,3,3,4,3,4,3,3,4,4,4,4,3,4,3,3,3,4,4,5,3,4,3,4,4,5,5,5,5,5,5,5,5,5,5,5,5,5,5,5,5,5,5,5,5,5,5,5,5,5,5,5,5,5,5,5,5,5,5,5,5,5,5,5,5,5,5,5,5,5,5,5,5,5,5,5,5,5,5,5,5,5,5,5,5,5,5,5,5,5
170,471,479,474,467,468,465,460,453,486,478,478,470,472,467,468,469,495,489,488,481,474,475,469,465,496,487,489,479,480,477,474,476,494,492,488,487,482,479,476,473,502,497,500,484,493,479,484,477,504,498,493,497,491,490,488,476,508,501,504,505,499,489,492,472,3,3,3,3,3,3,3,3,3,3,3,3,3,2,3,3,4,4,3,3,2,3,3,3,3,3,3,3,3,2,3,3,3,3,3,3,3,3,3,3,4,4,3,3,3,3,3,4,5,4,4,4,3,3,3,4,4,5,4,4,4,4,4,5,5,5,5,5,5,5,5,5,5,5,5,5,5,5,5,5,5,5,5,5,5,5,5,5,5,5,5,5,5,5,5,5,5,5,5,5,5,5,5,5,5,5,5,5,5,5,5,5,5,5,5,5,5,5,5,5,5,5,5,5,5,5,5,5
171,485,480,470,468,468,463,461,462,480,477,477,471,477,460,461,470,481,481,476,477,477,470,468,468,495,492,487,483,477,474,473,467,496,491,490,484,482,479,476,480,504,502,486,495,488,485,484,479,502,501,497,496,490,484,487,486,511,513,496,495,491,486,493,484,4,3,3,3,2,2,3,3,3,3,3,3,3,2,3,3,3,3,3,3,2,2,2,3,3,3,3,2,2,2,3,3,3,3,3,3,3,3,3,3,4,3,3,3,3,3,3,4,4,4,3,3,3,3,3,3,4,5,3,4,4,3,3,5,5,5,5,5,5,5,5,5,5,5,5,5,5,5,5,5,5,5,5,5,5,5,5,5,5,5,5,5,5,5,5,5,5,5,5,5,5,5,5,5,5,5,5,5,5,5,5,5,5,5,5,5,5,5,5,5,5,5,5,5,5,5,5,5
172,478,476,476,468,463,466,463,459,489,477,477,472,464,465,469,467,488,485,477,482,475,478,473,463,492,489,486,479,480,479,478,465,499,492,491,490,484,477,471,474,502,498,493,496,491,478,486,483,499,507,493,496,491,492,491,485,505,514,508,505,499,491,493,487,3,3,3,3,2,3,3,3,3,3,3,3,3,2,3,3,3,4,3,3,2,3,3,3,3,3,3,3,2,3,3,3,4,3,3,3,3,3,3,3,3,4,4,4,4,3,3,3,4,5,4,4,4,3,3,4,4,5,4,4,3,4,4,5,5,5,5,5,5,5,5,5,5,5,5,5,5,5,5,5,5,5,5,5,5,5,5,5,5,5,5,5,5,5,5,5,5,5,5,5,5,5,5,5,5,5,5,5,5,5,5,5,5,5,5,5,5,5,5,5,5,5,5,5,5,5,5,5
173,485,479,472,470,468,464,459,457,482,480,479,472,474,467,464,464,484,488,479,477,473,474,466,466,495,490,485,483,478,480,477,471,493,490,488,486,488,482,475,475,494,494,493,490,484,475,485,478,511,502,494,494,490,492,487,488,511,500,504,488,494,492,499,480,4,3,3,3,2,2,3,3,3,2,3,3,3,2,3,3,4,4,3,3,2,3,2,3,3,3,3,3,3,3,3,3,3,3,3,3,3,3,3,3,3,4,3,3,3,3,3,4,3,4,3,3,3,3,3,4,4,5,3,4,4,3,4,5,5,5,5,5,5,5,5,5,5,5,5,5,5,5,5,5,5,5,5,5,5,5,5,5,5,5,5,5,5,5,5,5,5,5,5,5,5,5,5,5,5,5,5,5,5,5,5,5,5,5,5,5,5,5,5,5,5,5,5,5,5,5,5,5
174,481,477,473,475,463,463,460,461,483,480,476,470,473,471,468,461,489,488,482,477,475,474,469,471,496,491,488,481,481,486,470,471,499,495,488,488,488,480,480,473,502,501,493,489,485,483,483,473,504,497,501,500,491,491,488,480,511,507,501,495,502,489,490,490,4,3,3,3,3,3,3,3,3,3,3,3,3,3,3,3,3,3,3,3,3,3,3,3,3,4,3,3,2,3,3,3,4,3,3,3,3,3,3,3,4,3,4,3,3,3,3,4,4,4,3,3,3,3,3,4,4,5,4,4,4,3,3,5,5,5,5,5,5,5,5,5,5,5,5,5,5,5,5,5,5,5,5,5,5,5,5,5,5,5,5,5,5,5,5,5,5,5,5,5,5,5,5,5,5,5,5,5,5,5,5,5,5,5,5,5,5,5,5,5,5,5,5,5,5,5,5,5
175,475,482,473,469,469,459,465,460,489,482,474,473,471,467,468,462,495,478,480,479,480,472,472,470,494,491,481,483,475,481,467,473,489,500,491,488,483,476,476,477,496,496,488,484,480,483,481,476,512,504,497,498,487,490,484,488,508,502,506,493,500,492,490,488,3,3,3,3,2,2,3,3,3,3,3,3,2,2,2,3,3,3,3,3,2,3,3,3,3,3,3,2,3,2,2,3,3,3,3,3,3,2,3,3,3,3,3,3,3,3,3,3,3,3,3,3,3,4,3,4,4,5,3,4,3,3,3,5,5,5,5,5,5,5,5,5,5,5,5,5,5,5,5,5,5,5,5,5,5,5,5,5,5,5,5,5,5,5,5,5,5,5,5,5,5,5,5,5,5,5,5,5,5,5,5,5,5,5,5,5,5,5,5,5,5,5,5,5,5,5,5,5
176,480,481,476,473,468,463,463,465,485,481,486,477,473,468,473,464,487,484,475,475,477,471,469,466,495,492,490,481,477,472,469,476,494,495,492,496,479,486,474,471,505,501,486,492,493,479,487,483,510,502,502,492,488,489,487,486,514,511,497,505,491,491,490,493,4,3,3,3,3,3,3,3,3,3,3,3,3,3,3,3,3,4,3,3,3,2,3,3,3,4,3,3,2,3,3,3,3,3,3,3,3,3,3,3,4,3,3,4,3,3,4,3,5,4,3,4,3,4,3,4,4,5,3,4,4,4,3,6,5,5,5,5,5,5,5,5,5,5,5,5,5,5,5,5,5,5,5,5,5,5,5,5,5,5,5,5,5,5,5,5,5,5,5,5,5,5,5,5,5,5,5,5,5,5,5,5,5,5,5,5,5,5,5,5,5,5,5,5,5,5,5,5
177,480,477,473,473,468,465,464,458,484,482,475,471,471,467,463,460,494,482,486,475,477,469,471,468,490,482,488,480,482,472,474,470,496,488,486,485,482,479,478,478,501,496,495,494,483,484,480,480,504,505,499,497,490,482,490,481,507,506,504,501,489,490,498,487,3,3,3,3,3,2,2,3,3,3,2,3,3,2,3,3,4,3,3,3,2,3,3,3,3,3,3,2,3,2,3,3,4,3,3,3,3,2,3,3,3,3,3,3,3,3,3,4,4,4,3,3,3,3,3,4,4,5,3,3,3,4,4,6,5,5,5,5,5,5,5,5,5,5,5,5,5,5,5,5,5,5,5,5,5,5,5,5,5,5,5,5,5,5,5,5,5,5,5,5,5,5,5,5,5,5,5,5,5,5,5,5,5,5,5,5,5,5,5,5,5,5,5,5,5,5,5,5
178,476,484,477,470,467,467,460,462,489,479,483,471,474,465,467,462,488,482,479,481,471,474,470,465,485,489,486,484,486,479,473,469,499,489,491,483,485,486,480,481,500,494,499,493,493,481,478,482,502,497,495,495,493,490,492,488,513,501,506,499,494,493,495,485,4,3,3,3,3,3,3,3,3,3,3,3,3,2,3,3,4,4,3,3,2,3,3,3,3,3,3,3,3,3,3,3,4,4,3,3,3,3,3,4,4,4,3,3,3,3,3,3,4,4,4,4,4,3,3,4,4,5,4,4,4,4,4,6,5,5,5,5,5,5,5,5,5,5,5,5,5,5,5,5,5,5,5,5,5,5,5,5,5,5,5,5,5,5,5,5,5,5,5,5,5,5,5,5,5,5,5,5,5,5,5,5,5,5,5,5,5,5,5,5,5,5,5,5,5,5,5,5
179,482,479,477,471,468,466,462,458,481,481,477,472,470,470,469,464,488,491,482,474,473,471,467,467,496,489,487,479,480,476,471,471,492,493,488,483,486,474,476,477,498,494,488,495,489,483,479,479,509,501,485,494,489,491,487,484,525,507,499,497,505,491,493,477,3,3,3,3,3,2,3,3,3,2,3,3,2,2,3,3,3,3,3,3,2,3,3,3,4,3,3,2,3,3,3,3,3,3,3,3,3,2,3,3,3,4,3,4,3,3,3,3,4,4,3,3,3,3,3,4,4,4,3,4,3,3,3,4,5,5,5,5,5,5,5,5,5,5,5,5,5,5,5,5,5,5,5,5,5,5,5,5,5,5,5,5,5,5,5,5,5,5,5,5,5,5,5,5,5,5,5,5,5,5,5,5,5,5,5,5,5,5,5,5,5,5,5,5,5,5,5,5
180,480,480,472,466,465,463,460,464,482,482,480,473,471,470,465,460,487,490,480,478,476,470,469,466,491,492,486,485,480,481,471,469,502,492,487,491,484,481,476,471,502,496,498,488,482,486,488,480,509,495,497,498,493,494,484,484,516,514,504,500,504,493,500,489,4,3,3,3,2,3,3,3,3,3,3,3,3,2,3,3,4,4,3,3,2,3,3,3,3,3,3,3,3,2,3,3,4,3,3,3,3,3,3,3,4,3,4,3,3,3,3,3,3,4,4,3,4,3,3,4,4,4,4,4,4,4,4,6,5,5,5,5,5,5,5,5,5,5,5,5,5,5,5,5,5,5,5,5,5,5,5,5,5,5,5,5,5,5,5,5,5,5,5,5,5,5,5,5,5,5,5,5,5,5,5,5,5,5,5,5,5,5,5,5,5,5,5,5,5,5,5,5
181,475,477,475,471,464,464,463,462,485,480,481,481,468,465,462,464,492,483,480,478,474,468,470,466,493,486,485,481,475,479,469,467,494,490,495,487,484,481,475,475,501,497,493,491,497,490,484,476,506,499,498,484,487,486,488,485,506,504,497,501,488,487,488,482,3,3,3,3,2,3,3,3,3,3,3,3,2,2,2,3,3,4,3,3,2,2,3,3,3,3,3,2,3,3,3,3,3,3,3,3,3,3,3,3,3,4,3,3,3,3,3,3,4,4,3,4,3,3,3,4,4,5,3,4,4,3,3,4,5,5,5,5,5,5,5,5,5,5,5,5,5,5,5,5,5,5,5,5,5,5,5,5,5,5,5,5,5,5,5,5,5,5,5,5,5,5,5,5,5,5,5,5,5,5,5,5,5,5,5,5,5,5,5,5,5,5,5,5,5,5,5,5
182,486,474,477,470,468,464,464,463,484,481,480,476,471,466,463,459,481,491,483,485,476,473,467,463,494,491,483,485,485,479,472,469,494,493,487,482,487,479,484,473,499,499,504,493,492,477,483,477,504,506,498,496,491,485,488,486,511,498,494,499,496,499,492,500,3,3,3,3,3,3,3,3,3,3,3,3,2,3,3,3,4,3,3,3,3,3,3,3,3,3,3,3,2,3,3,3,4,3,3,3,3,3,3,3,3,3,3,4,4,3,3,4,4,4,3,3,3,4,4,4,4,5,3,4,4,4,4,5,5,5,5,5,5,5,5,5,5,5,5,5,5,5,5,5,5,5,5,5,5,5,5,5,5,5,5,5,5,5,5,5,5,5,5,5,5,5,5,5,5,5,5,5,5,5,5,5,5,5,5,5,5,5,5,5,5,5,5,5,5,5,5,5
183,484,479,476,471,466,466,461,464,486,477,475,470,472,464,464,461,490,490,484,478,475,471,471,460,494,489,484,480,478,477,467,471,495,492,486,491,487,480,477,476,509,497,493,488,492,479,480,473,503,501,494,497,491,495,483,490,509,509,503,500,495,489,484,492,3,3,3,3,2,3,3,3,3,3,2,3,3,2,3,3,4,4,3,3,2,3,3,3,3,3,3,2,3,2,3,3,4,3,3,3,3,3,3,3,3,3,3,3,3,3,3,3,3,4,3,3,3,3,3,3,4,4,3,4,4,3,4,5,5,5,5,5,5,5,5,5,5,5,5,5,5,5,5,5,5,5,5,5,5,5,5,5,5,5,5,5,5,5,5,5,5,5,5,5,5,5,5,5,5,5,5,5,5,5,5,5,5,5,5,5,5,5,5,5,5,5,5,5,5,5,5,5
184,481,478,471,473,466,466,465,466,487,481,481,471,474,466,473,469,490,493,482,474,474,475,471,461,500,489,485,482,488,477,474,475,503,495,486,496,485,486,481,471,502,495,491,490,494,483,480,482,511,496,497,499,490,484,485,478,511,513,501,501,495,500,494,502,4,3,3,3,3,3,3,3,3,3,3,3,3,2,3,3,3,4,3,3,2,3,3,3,4,3,3,2,3,2,3,3,5,3,3,3,3,3,3,3,3,4,3,3,3,3,3,3,4,4,4,3,3,3,3,4,5,5,3,4,3,4,4,6,5,5,5,5,5,5,5,5,5,5,5,5,5,5,5,5,5,5,5,5,5,5,5,5,5,5,5,5,5,5,5,5,5,5,5,5,5,5,5,5,5,5,5,5,5,5,5,5,5,5,5,5,5,5,5,5,5,5,5,5,5,5,5,5
185,489,479,473,469,470,465,461,460,485,478,478,478,472,468,464,465,489,485,481,486,475,474,467,465,498,489,489,478,474,478,468,471,493,492,486,488,483,480,480,474,506,496,491,488,488,481,476,475,501,505,502,494,493,488,492,481,503,500,503,494,498,495,492,490,4,3,3,3,2,3,3,3,3,3,3,3,3,2,2,3,3,4,3,3,2,3,3,3,3,3,3,3,3,2,3,3,3,3,3,3,3,3,3,3,4,4,3,3,3,3,3,3,4,4,3,3,3,3,3,4,4,4,3,4,3,3,4,5,5,5,5,5,5,5,5,5,5,5,5,5,5,5,5,5,5,5,5,5,5,5,5,5,5,5,5,5,5,5,5,5,5,5,5,5,5,5,5,5,5,5,5,5,5,5,5,5,5,5,5,5,5,5,5,5,5,5,5,5,5,5,5,5
186,477,477,479,464,466,466,459,460,488,475,475,477,468,467,464,464,488,483,485,478,472,479,473,468,493,489,484,479,482,479,477,474,496,492,490,488,483,477,479,476,501,503,490,491,488,482,490,479,512,498,501,499,484,482,485,489,509,513,508,501,491,495,502,490,4,3,3,3,3,3,3,3,4,3,2,3,3,3,3,3,3,3,3,3,2,3,3,3,3,3,3,3,2,3,3,4,3,4,3,3,3,3,3,3,4,3,4,3,3,3,3,4,4,4,3,4,3,3,3,4,4,5,4,4,4,4,4,6,5,5,5,5,5,5,5,5,5,5,5,5,5,5,5,5,5,5,5,5,5,5,5,5,5,5,5,5,5,5,5,5,5,5,5,5,5,5,5,5,5,5,5,5,5,5,5,5,5,5,5,5,5,5,5,5,5,5,5,5,5,5,5,5
187,480,482,478,472,469,465,458,457,487,470,479,475,473,467,465,466,488,481,477,480,474,472,471,464,495,486,485,484,475,477,477,472,496,488,483,485,482,481,474,474,498,493,492,486,483,482,484,473,501,502,499,496,492,489,491,480,512,503,505,501,500,494,489,504,3,3,3,3,2,3,3,3,3,3,3,3,2,2,3,3,4,4,3,3,2,3,3,3,3,3,3,3,3,2,3,3,3,3,3,3,2,3,3,3,3,4,3,3,3,3,3,3,3,4,3,3,3,4,3,3,4,5,3,4,3,3,3,5,5,5,5,5,5,5,5,5,5,5,5,5,5,5,5,5,5,5,5,5,5,5,5,5,5,5,5,5,5,5,5,5,5,5,5,5,5,5,5,5,5,5,5,5,5,5,5,5,5,5,5,5,5,5,5,5,5,5,5,5,5,5,5,5
188,478,475,473,472,471,468,465,467,484,482,473,475,473,474,469,463,490,486,484,478,479,472,469,468,493,490,486,484,477,474,470,479,504,495,488,488,482,483,473,474,504,491,492,490,486,489,484,476,500,508,500,487,492,489,486,483,514,500,508,495,494,493,492,483,3,3,3,3,3,3,3,3,3,3,3,3,3,3,3,3,4,4,3,3,2,3,3,3,3,4,3,2,3,3,3,4,4,3,3,3,3,3,3,3,4,4,3,3,3,3,4,4,4,5,3,4,4,4,3,4,4,5,4,4,3,3,4,5,5,5,5,5,5,5,5,5,5,5,5,5,5,5,5,5,5,5,5,5,5,5,5,5,5,5,5,5,5,5,5,5,5,5,5,5,5,5,5,5,5,5,5,5,5,5,5,5,5,5,5,5,5,5,5,5,5,5,5,5,5,5,5,5
189,489,480,474,469,472,465,457,464,479,479,474,473,470,469,467,461,486,490,481,482,475,471,468,463,497,493,481,478,483,477,468,472,495,494,488,487,479,481,476,471,505,491,486,483,486,481,483,479,499,510,499,489,489,489,493,486,519,511,504,496,497,494,491,487,4,3,3,3,3,3,3,3,3,3,2,3,2,2,3,3,3,3,3,3,2,3,2,3,3,3,3,3,2,2,3,3,4,3,3,3,3,3,3,3,3,4,3,3,3,3,3,3,4,4,3,4,3,3,3,4,5,6,3,4,3,3,3,6,5,5,5,5,5,5,5,5,5,5,5,5,5,5,5,5,5,5,5,5,5,5,5,5,5,5,5,5,5,5,5,5,5,5,5,5,5,5,5,5,5,5,5,5,5,5,5,5,5,5,5,5,5,5,5,5,5,5,5,5,5,5,5,5
190,470,474,470,467,466,466,463,465,486,484,475,477,466,466,466,462,484,493,483,485,480,473,473,464,486,494,494,479,475,479,480,470,500,491,493,490,484,480,484,471,501,494,498,489,490,480,482,477,509,494,500,492,495,483,492,483,505,507,504,497,495,491,495,483,3,3,3,3,3,3,3,3,3,3,3,3,3,2,3,3,3,4,3,3,2,3,3,3,4,3,3,2,3,2,3,3,4,3,3,3,3,3,3,3,3,3,4,4,4,3,4,4,4,4,4,3,4,4,3,4,4,4,3,4,3,4,4,5,5,5,5,5,5,5,5,5,5,5,5,5,5,5,5,5,5,5,5,5,5,5,5,5,5,5,5,5,5,5,5,5,5,5,5,5,5,5,5,5,5,5,5,5,5,5,5,5,5,5,5,5,5,5,5,5,5,5,5,5,5,5,5,5
191,486,481,471,469,466,465,462,456,484,478,474,473,473,465,465,462,486,479,481,482,474,473,471,465,494,492,481,487,482,474,474,467,497,493,489,487,481,481,475,474,501,497,497,489,487,481,479,478,504,502,503,490,491,487,487,497,512,508,502,501,491,490,493,492,3,3,3,3,2,2,3,2,3,3,3,2,3,3,3,3,3,3,3,3,2,3,3,3,3,4,3,3,2,2,3,3,3,3,3,3,3,3,3,3,3,3,3,3,3,3,3,3,4,4,3,4,3,3,3,4,5,4,4,4,4,3,4,5,5,5,5,5,5,5,5,5,5,5,5,5,5,5,5,5,5,5,5,5,5,5,5,5,5,5,5,5,5,5,5,5,5,5,5,5,5,5,5,5,5,5,5,5,5,5,5,5,5,5,5,5,5,5,5,5,5,5,5,5,5,5,5,5
192,485,479,480,475,471,464,460,463,483,488,480,469,473,467,465,464,485,490,481,480,477,477,464,472,496,485,487,482,481,479,469,478,492,492,490,485,484,477,473,477,496,495,494,488,486,482,487,481,511,509,496,495,491,492,486,479,511,509,503,512,501,499,487,486,4,3,3,3,3,3,3,3,3,3,3,3,2,3,3,3,3,4,3,3,3,3,3,3,3,3,3,3,3,2,3,3,4,3,3,3,3,3,3,4,3,4,3,3,3,3,3,3,4,4,4,3,4,3,3,4,4,5,4,4,4,4,3,5,5,5,5,5,5,5,5,5,5,5,5,5,5,5,5,5,5,5,5,5,5,5,5,5,5,5,5,5,5,5,5,5,5,5,5,5,5,5,5,5,5,5,5,5,5,5,5,5,5,5,5,5,5,5,5,5,5,5,5,5,5,5,5,5
193,478,476,472,472,464,467,457,462,480,476,475,471,474,474,465,471,493,486,480,477,479,469,468,465,492,487,483,476,488,481,471,475,501,497,488,490,485,479,480,472,502,498,498,491,492,486,484,477,505,495,497,493,492,489,484,476,513,498,503,500,495,497,493,488,3,2,3,3,2,3,3,3,3,3,3,3,2,2,2,2,3,3,3,3,2,3,3,3,3,3,3,2,2,2,3,3,3,3,3,3,3,2,3,4,4,3,3,3,3,3,3,3,4,4,3,3,3,3,3,4,4,5,3,4,3,3,3,5,5,5,5,5,5,5,5,5,5,5,5,5,5,5,5,5,5,5,5,5,5,5,5,5,5,5,5,5,5,5,5,5,5,5,5,5,5,5,5,5,5,5,5,5,5,5,5,5,5,5,5,5,5,5,5,5,5,5,5,5,5,5,5,5
194,481,481,477,465,470,466,459,460,477,474,478,478,470,471,468,467,488,486,479,477,475,475,475,467,490,493,486,488,477,477,474,472,499,497,490,486,484,477,486,472,499,497,496,490,484,484,480,477,504,497,505,497,493,484,487,484,513,509,509,505,495,491,495,487,4,3,3,3,3,3,3,3,3,3,3,3,3,3,3,3,3,4,3,3,2,3,3,3,3,3,3,3,3,3,3,3,4,4,3,3,3,2,3,3,3,4,4,3,3,3,3,4,5,4,4,4,4,4,3,4,4,4,4,4,3,3,4,5,5,5,5,5,5,5,5,5,5,5,5,5,5,5,5,5,5,5,5,5,5,5,5,5,5,5,5,5,5,5,5,5,5,5,5,5,5,5,5,5,5,5,5,5,5,5,5,5,5,5,5,5,5,5,5,5,5,5,5,5,5,5,5,5
195,481,483,471,469,468,467,463,458,484,477,476,475,474,468,467,461,495,489,482,480,474,474,469,471,496,491,484,484,474,480,476,464,501,492,489,482,487,481,480,472,501,491,489,491,487,480,481,476,508,508,496,498,497,486,492,483,510,509,508,493,491,491,492,482,3,3,3,3,2,2,3,3,3,3,3,3,3,2,3,3,3,4,3,3,2,3,3,2,3,3,3,2,3,2,3,3,4,3,3,3,3,3,3,3,3,4,3,3,3,3,3,3,4,4,3,3,4,4,3,4,4,5,4,4,4,4,4,5,5,5,5,5,5,5,5,5,5,5,5,5,5,5,5,5,5,5,5,5,5,5,5,5,5,5,5,5,5,5,5,5,5,5,5,5,5,5,5,5,5,5,5,5,5,5,5,5,5,5,5,5,5,5,5,5,5,5,5,5,5,5,5,5
196,474,479,474,467,463,468,466,464,490,475,477,472,474,471,469,467,496,486,482,478,472,475,470,461,493,494,487,483,478,476,481,467,507,494,489,489,486,478,475,473,502,492,502,490,486,480,483,481,511,497,500,499,491,489,492,482,508,510,504,499,494,496,489,498,4,3,3,3,2,3,3,3,3,3,3,3,3,2,3,3,4,4,3,3,3,3,3,3,4,4,3,3,3,3,3,3,4,4,3,3,3,3,3,3,4,4,3,4,4,3,3,3,4,4,4,3,4,4,3,3,4,4,3,4,4,3,4,5,5,5,5,5,5,5,5,5,5,5,5,5,5,5,5,5,5,5,5,5,5,5,5,5,5,5,5,5,5,5,5,5,5,5,5,5,5,5,5,5,5,5,5,5,5,5,5,5,5,5,5,5,5,5,5,5,5,5,5,5,5,5,5,5
197,480,481,476,475,466,462,459,458,486,479,469,472,470,467,465,461,481,483,488,479,476,470,473,465,487,488,489,480,475,475,476,474,493,495,492,486,485,480,479,480,504,501,495,497,484,481,483,473,505,500,498,492,491,490,492,478,515,503,498,500,497,493,493,492,3,3,3,3,2,2,3,3,3,3,2,3,2,2,2,3,4,3,3,3,2,2,3,3,4,3,3,2,3,2,3,3,4,3,3,3,3,3,3,3,3,3,3,3,3,3,3,3,4,4,3,4,3,3,3,3,5,5,3,4,3,3,3,6,5,5,5,5,5,5,5,5,5,5,5,5,5,5,5,5,5,5,5,5,5,5,5,5,5,5,5,5,5,5,5,5,5,5,5,5,5,5,5,5,5,5,5,5,5,5,5,5,5,5,5,5,5,5,5,5,5,5,5,5,5,5,5,5
198,476,480,472,462,467,467,461,462,484,479,476,476,468,474,467,465,483,485,494,478,480,469,469,471,495,478,486,483,476,475,477,470,498,487,494,489,488,481,477,479,507,501,498,487,486,484,479,480,509,504,500,494,491,487,486,484,506,513,510,502,496,495,492,491,3,3,3,3,3,3,3,3,3,3,3,3,3,3,3,3,4,4,3,3,2,3,3,3,3,3,3,3,3,3,3,3,4,3,3,3,3,3,3,3,4,4,4,3,3,3,3,3,3,4,3,4,4,4,3,4,4,4,3,4,4,3,4,4,5,5,5,5,5,5,5,5,5,5,5,5,5,5,5,5,5,5,5,5,5,5,5,5,5,5,5,5,5,5,5,5,5,5,5,5,5,5,5,5,5,5,5,5,5,5,5,5,5,5,5,5,5,5,5,5,5,5,5,5,5,5,5,5
199,480,484,473,467,465,463,464,460,481,483,469,468,469,470,465,464,484,488,481,477,475,472,472,469,487,487,483,483,474,479,471,469,500,491,489,491,483,485,474,469,504,499,486,488,492,490,485,480,501,500,492,494,495,488,483,486,511,510,501,495,493,498,492,488,3,3,3,3,2,2,3,3,3,3,3,3,2,2,3,3,3,3,3,3,2,3,3,3,3,3,3,3,3,2,3,3,3,3,3,3,3,2,3,3,3,3,3,3,3,3,3,3,4,3,4,4,3,3,3,4,4,4,3,4,4,3,4,5,5,5,5,5,5,5,5,5,5,5,5,5,5,5,5,5,5,5,5,5,5,5,5,5,5,5,5,5,5,5,5,5,5,5,5,5,5,5,5,5,5,5,5,5,5,5,5,5,5,5,5,5,5,5,5,5,5,5,5,5,5,5,5,5
