frame,dist_z0,dist_z1,dist_z2,dist_z3,dist_z4,dist_z5,dist_z6,dist_z7,dist_z8,dist_z9,dist_z10,dist_z11,dist_z12,dist_z13,dist_z14,dist_z15,dist_z16,dist_z17,dist_z18,dist_z19,dist_z20,dist_z21,dist_z22,dist_z23,dist_z24,dist_z25,dist_z26,dist_z27,dist_z28,dist_z29,dist_z30,dist_z31,dist_z32,dist_z33,dist_z34,dist_z35,dist_z36,dist_z37,dist_z38,dist_z39,dist_z40,dist_z41,dist_z42,dist_z43,dist_z44,dist_z45,dist_z46,dist_z47,dist_z48,dist_z49,dist_z50,dist_z51,dist_z52,dist_z53,dist_z54,dist_z55,dist_z56,dist_z57,dist_z58,dist_z59,dist_z60,dist_z61,dist_z62,dist_z63,sigma_z0,sigma_z1,sigma_z2,sigma_z3,sigma_z4,sigma_z5,sigma_z6,sigma_z7,sigma_z8,sigma_z9,sigma_z10,sigma_z11,sigma_z12,sigma_z13,sigma_z14,sigma_z15,sigma_z16,sigma_z17,sigma_z18,sigma_z19,sigma_z20,sigma_z21,sigma_z22,sigma_z23,sigma_z24,sigma_z25,sigma_z26,sigma_z27,sigma_z28,sigma_z29,sigma_z30,sigma_z31,sigma_z32,sigma_z33,sigma_z34,sigma_z35,sigma_z36,sigma_z37,sigma_z38,sigma_z39,sigma_z40,sigma_z41,sigma_z42,sigma_z43,sigma_z44,sigma_z45,sigma_z46,sigma_z47,sigma_z48,sigma_z49,sigma_z50,sigma_z51,sigma_z52,sigma_z53,sigma_z54,sigma_z55,sigma_z56,sigma_z57,sigma_z58,sigma_z59,sigma_z60,sigma_z61,sigma_z62,sigma_z63,status_z0,status_z1,status_z2,status_z3,status_z4,status_z5,status_z6,status_z7,status_z8,status_z9,status_z10,status_z11,status_z12,status_z13,status_z14,status_z15,status_z16,status_z17,status_z18,status_z19,status_z20,status_z21,status_z22,status_z23,status_z24,status_z25,status_z26,status_z27,status_z28,status_z29,status_z30,status_z31,status_z32,status_z33,status_z34,status_z35,status_z36,status_z37,status_z38,status_z39,status_z40,status_z41,status_z42,status_z43,status_z44,status_z45,status_z46,status_z47,status_z48,status_z49,status_z50,status_z51,status_z52,status_z53,status_z54,status_z55,status_z56,status_z57,status_z58,status_z59,status_z60,status_z61,status_z62,status_z63
0,875,879,872,869,861,864,853,844,881,881,866,886,866,860,853,851,873,890,873,874,875,878,858,862,903,897,884,873,881,884,872,873,902,905,887,902,886,883,868,858,900,912,893,889,883,892,877,873,907,909,896,904,884,896,885,868,910,932,911,914,879,894,894,878,7,5,5,8,5,6,5,5,6,5,4,6,6,4,5,5,7,7,5,6,5,5,4,5,7,6,5,5,6,5,5,6,8,5,5,5,6,5,5,7,7,6,5,6,8,7,6,5,7,8,7,6,6,6,6,8,8,12,8,8,7,7,5,13,5,5,5,5,5,5,5,5,5,5,5,5,5,5,5,5,5,5,5,5,5,5,5,5,5,5,5,5,5,5,5,5,5,5,5,5,5,5,5,5,5,5,5,5,5,5,5,5,5,5,5,5,5,5,5,5,5,5,5,5,5,5,5,5
1,885,870,863,857,859,877,860,851,890,888,877,871,868,861,864,857,888,889,890,875,867,877,874,867,883,894,887,887,890,887,873,867,895,905,892,880,884,882,870,884,909,902,905,900,895,892,882,871,892,919,913,892,895,889,891,892,919,920,921,897,894,911,904,877,9,6,5,6,4,5,5,6,6,6,5,5,5,5,6,5,8,8,7,5,5,5,6,5,6,6,5,5,7,5,7,7,10,6,5,5,8,5,5,7,7,6,7,9,7,6,7,7,8,9,8,9,8,6,7,8,8,14,7,9,8,6,8,12,5,5,5,5,5,5,5,5,5,5,5,5,5,5,5,5,5,5,5,5,5,5,5,5,5,5,5,5,5,5,5,5,5,5,5,5,5,5,5,5,5,5,5,5,5,5,5,5,5,5,5,5,5,5,5,5,5,5,5,5,5,5,5,5
2,874,882,867,865,870,860,858,843,893,871,873,861,868,861,860,848,892,889,884,881,876,872,864,859,892,890,890,885,882,878,877,864,899,891,891,887,882,875,869,880,912,898,903,887,889,884,877,885,884,910,909,892,896,881,891,887,926,899,914,907,908,893,894,899,7,6,5,7,5,6,5,5,6,5,5,5,5,5,5,5,10,8,5,5,5,5,5,5,8,5,8,5,6,5,6,7,8,6,5,6,6,5,5,6,6,6,5,5,6,5,6,6,7,9,8,8,8,6,8,7,9,11,6,9,8,8,9,14,5,5,5,5,5,5,5,5,5,5,5,5,5,5,5,5,5,5,5,5,5,5,5,5,5,5,5,5,5,5,5,5,5,5,5,5,5,5,5,5,5,5,5,5,5,5,5,5,5,5,5,5,5,5,5,5,5,5,5,5,5,5,5,5
3,882,881,865,865,866,875,854,857,889,878,876,874,876,867,855,855,900,891,889,879,873,870,865,852,892,889,899,870,879,876,864,863,889,904,886,892,884,881,893,884,919,903,890,881,896,876,884,882,920,912,895,909,878,896,904,887,921,934,910,901,908,899,905,881,7,7,5,6,5,6,5,6,5,6,5,5,5,4,5,5,10,9,6,6,6,5,5,6,8,7,7,4,6,5,6,7,10,5,5,6,7,5,6,7,6,6,7,8,7,6,7,6,11,8,8,7,7,7,6,7,9,15,7,9,8,7,9,13,5,5,5,5,5,5,5,5,5,5,5,5,5,5,5,5,5,5,5,5,5,5,5,5,5,5,5,5,5,5,5,5,5,5,5,5,5,5,5,5,5,5,5,5,5,5,5,5,5,5,5,5,5,5,5,5,5,5,5,5,5,5,5,5
4,879,868,871,860,864,855,853,855,877,879,878,872,870,849,854,859,891,882,884,875,869,881,855,861,891,900,892,881,879,876,880,854,906,897,883,888,891,879,877,872,917,902,899,888,888,890,886,880,906,895,901,894,900,897,889,869,927,922,920,921,909,899,889,896,6,6,4,6,5,5,5,6,7,5,6,5,5,4,5,4,9,8,7,5,5,5,4,5,6,5,7,5,5,4,7,7,9,6,5,5,5,7,6,6,5,5,6,6,8,6,8,7,8,8,7,6,6,6,6,7,9,14,7,9,7,8,6,11,5,5,5,5,5,5,5,5,5,5,5,5,5,5,5,5,5,5,5,5,5,5,5,5,5,5,5,5,5,5,5,5,5,5,5,5,5,5,5,5,5,5,5,5,5,5,5,5,5,5,5,5,5,5,5,5,5,5,5,5,5,5,5,5
5,875,869,874,878,878,859,851,862,892,881,880,872,871,867,855,849,877,878,866,872,877,873,872,860,902,887,888,885,869,870,886,877,908,898,891,901,883,872,886,872,902,893,900,904,888,881,876,875,915,909,902,901,888,901,884,875,929,907,893,910,897,897,898,874,8,7,5,6,6,5,5,7,6,5,5,5,6,5,5,6,11,8,7,6,4,6,7,7,8,6,8,6,6,6,7,9,11,6,5,7,6,5,6,7,6,6,6,7,8,6,6,6,10,9,8,8,7,6,6,12,12,11,6,9,7,7,8,13,5,5,5,5,5,5,5,5,5,5,5,5,5,5,5,5,5,5,5,5,5,5,5,5,5,5,5,5,5,5,5,5,5,5,5,5,5,5,5,5,5,5,5,5,5,5,5,5,5,5,5,5,5,5,5,5,5,5,5,5,5,5,5,5
6,890,883,873,858,862,861,847,850,882,881,875,876,861,865,856,854,890,885,868,878,876,862,864,862,892,894,890,874,891,872,870,865,890,899,888,880,883,886,875,866,904,906,895,891,874,876,889,882,911,897,903,891,911,894,901,882,917,922,899,901,898,908,900,892,6,7,4,5,4,5,5,6,5,7,5,6,6,5,4,5,9,7,6,6,6,6,4,7,7,6,6,5,5,5,6,6,7,7,4,6,7,6,5,5,7,6,5,5,7,5,8,6,7,8,7,9,6,5,6,10,9,15,7,9,7,5,8,16,5,5,5,5,5,5,5,5,5,5,5,5,5,5,5,5,5,5,5,5,5,5,5,5,5,5,5,5,5,5,5,5,5,5,5,5,5,5,5,5,5,5,5,5,5,5,5,5,5,5,5,5,5,5,5,5,5,5,5,5,5,5,5,5
7,883,867,861,874,877,865,859,855,896,884,876,886,876,862,862,866,887,895,870,880,874,863,866,859,885,889,896,883,874,881,869,866,913,895,884,895,878,890,881,865,900,908,891,900,910,887,885,877,910,918,902,896,886,900,889,885,914,937,918,910,896,909,895,892,9,6,5,6,4,5,5,7,6,6,6,6,6,4,7,6,8,6,6,5,5,6,5,5,7,6,6,4,6,5,5,7,10,6,5,6,6,6,6,5,6,5,5,7,6,6,7,6,7,7,8,10,6,5,6,11,11,9,6,8,7,5,7,12,5,5,5,5,5,5,5,5,5,5,5,5,5,5,5,5,5,5,5,5,5,5,5,5,5,5,5,5,5,5,5,5,5,5,5,5,5,5,5,5,5,5,5,5,5,5,5,5,5,5,5,5,5,5,5,5,5,5,5,5,5,5,5,5
8,869,876,877,853,860,865,865,854,901,877,881,870,875,870,853,857,890,885,881,882,869,869,858,860,894,897,888,874,878,884,863,848,901,892,895,886,895,885,875,877,904,900,892,883,891,885,882,879,921,891,896,922,890,893,896,906,921,913,914,918,894,902,895,898,8,6,5,6,6,5,5,8,8,5,5,5,5,5,5,5,8,5,5,6,5,5,4,6,6,6,7,5,5,5,6,6,8,6,6,6,5,5,6,7,6,6,6,6,7,6,8,6,8,10,7,8,6,7,7,9,8,9,6,8,6,8,6,20,5,5,5,5,5,5,5,5,5,5,5,5,5,5,5,5,5,5,5,5,5,5,5,5,5,5,5,5,5,5,5,5,5,5,5,5,5,5,5,5,5,5,5,5,5,5,5,5,5,5,5,5,5,5,5,5,5,5,5,5,5,5,5,5
9,878,867,864,863,863,867,857,848,875,876,873,864,871,867,856,865,891,886,876,872,879,872,860,862,900,888,898,884,879,884,875,864,900,890,894,889,884,888,880,859,914,906,905,890,897,894,890,876,917,898,915,896,906,884,883,873,922,937,892,889,910,912,893,897,7,6,5,6,5,6,5,6,7,6,6,5,5,5,5,5,9,10,5,7,5,5,5,7,8,6,7,5,6,5,7,7,8,5,6,5,7,6,6,6,7,7,6,7,7,7,7,9,8,10,8,7,7,6,7,7,9,9,6,8,8,6,6,16,5,5,5,5,5,5,5,5,5,5,5,5,5,5,5,5,5,5,5,5,5,5,5,5,5,5,5,5,5,5,5,5,5,5,5,5,5,5,5,5,5,5,5,5,5,5,5,5,5,5,5,5,5,5,5,5,5,5,5,5,5,5,5,5
10,884,873,878,860,861,861,853,845,880,887,877,878,865,866,862,858,889,882,878,877,867,855,873,857,888,884,884,874,875,877,865,878,893,892,899,895,881,892,872,867,911,899,895,892,886,901,891,877,921,907,891,900,893,895,889,897,924,915,899,895,892,897,886,886,7,6,5,6,5,6,5,6,9,5,5,5,5,5,5,5,9,6,5,6,5,5,6,6,6,5,8,5,5,7,5,5,9,5,6,5,7,5,5,7,7,6,7,7,6,6,8,6,8,8,6,7,7,6,6,9,10,12,6,8,10,6,5,15,5,5,5,5,5,5,5,5,5,5,5,5,5,5,5,5,5,5,5,5,5,5,5,5,5,5,5,5,5,5,5,5,5,5,5,5,5,5,5,5,5,5,5,5,5,5,5,5,5,5,5,5,5,5,5,5,5,5,5,5,5,5,5,5
11,876,859,875,869,868,854,855,854,892,876,877,873,866,871,858,850,895,868,878,871,869,879,875,860,896,885,882,877,874,882,850,857,905,907,888,890,877,873,878,868,904,909,888,895,887,891,896,881,898,914,903,893,893,891,879,876,939,910,919,895,892,886,900,879,8,6,5,7,6,6,5,7,7,6,6,4,7,6,5,5,9,8,6,7,5,5,6,6,7,5,6,5,6,6,6,7,9,5,5,6,6,6,6,6,8,6,5,7,7,6,7,8,8,9,9,8,7,5,7,10,9,13,6,9,7,7,7,13,5,5,5,5,5,5,5,5,5,5,5,5,5,5,5,5,5,5,5,5,5,5,5,5,5,5,5,5,5,5,5,5,5,5,5,5,5,5,5,5,5,5,5,5,5,5,5,5,5,5,5,5,5,5,5,5,5,5,5,5,5,5,5,5
12,869,890,870,866,860,856,854,845,891,880,875,868,865,863,857,857,908,888,877,886,873,872,859,865,889,889,893,885,882,874,880,864,900,898,902,895,882,889,872,877,895,906,906,886,892,895,872,873,916,903,904,902,890,885,901,889,920,932,906,917,902,888,894,878,7,5,5,6,4,6,6,5,5,5,5,5,5,4,5,6,8,6,6,5,5,6,5,5,8,6,6,5,6,5,6,7,10,7,6,5,6,6,6,5,7,6,6,7,6,7,6,7,8,7,7,6,7,6,5,7,8,10,6,7,7,7,7,12,5,5,5,5,5,5,5,5,5,5,5,5,5,5,5,5,5,5,5,5,5,5,5,5,5,5,5,5,5,5,5,5,5,5,5,5,5,5,5,5,5,5,5,5,5,5,5,5,5,5,5,5,5,5,5,5,5,5,5,5,5,5,5,5
13,872,884,874,879,860,854,863,852,878,875,884,865,870,868,853,866,897,883,873,883,868,860,861,859,903,883,901,880,880,874,879,862,890,897,896,898,880,886,870,868,901,910,893,892,901,881,874,875,903,917,902,888,892,888,894,898,929,913,912,908,903,902,898,888,7,8,4,7,5,6,6,6,6,5,6,6,6,5,5,6,8,8,6,7,5,6,5,6,7,6,8,5,6,5,6,8,11,6,5,7,6,5,5,7,7,7,6,6,8,6,6,6,7,8,8,7,6,5,9,10,9,10,6,9,7,7,6,12,5,5,5,5,5,5,5,5,5,5,5,5,5,5,5,5,5,5,5,5,5,5,5,5,5,5,5,5,5,5,5,5,5,5,5,5,5,5,5,5,5,5,5,5,5,5,5,5,5,5,5,5,5,5,5,5,5,5,5,5,5,5,5,5
14,888,874,871,867,858,862,857,874,880,882,875,880,855,864,857,861,876,888,886,874,871,874,862,856,890,889,893,883,874,874,868,870,915,888,888,898,896,890,880,863,905,890,899,888,889,894,886,885,917,912,907,899,911,888,864,896,935,923,896,916,913,902,889,882,7,6,5,7,4,6,5,6,6,5,5,6,5,5,5,6,7,7,6,6,6,5,5,7,6,6,6,5,6,5,6,8,9,6,5,5,6,5,6,6,6,6,6,7,8,6,6,6,7,10,8,7,7,6,7,10,8,10,6,11,9,8,6,14,5,5,5,5,5,5,5,5,5,5,5,5,5,5,5,5,5,5,5,5,5,5,5,5,5,5,5,5,5,5,5,5,5,5,5,5,5,5,5,5,5,5,5,5,5,5,5,5,5,5,5,5,5,5,5,5,5,5,5,5,5,5,5,5
15,895,874,881,871,863,864,848,854,873,873,883,872,870,857,855,855,881,879,883,878,868,862,853,868,904,895,886,887,872,881,873,868,905,890,893,889,884,884,888,865,910,914,894,883,897,900,881,876,917,925,904,905,901,898,884,880,922,884,915,907,892,886,881,887,9,6,7,7,5,6,5,7,6,6,6,5,5,5,5,6,10,8,6,5,5,5,4,6,9,7,6,5,5,6,5,7,9,6,5,8,8,5,5,5,8,6,6,5,7,7,8,7,7,14,8,7,8,6,7,10,10,12,7,8,7,7,7,10,5,5,5,5,5,5,5,5,5,5,5,5,5,5,5,5,5,5,5,5,5,5,5,5,5,5,5,5,5,5,5,5,5,5,5,5,5,5,5,5,5,5,5,5,5,5,5,5,5,5,5,5,5,5,5,5,5,5,5,5,5,5,5,5
16,874,877,873,862,862,866,852,864,887,882,866,868,865,863,858,855,875,867,880,876,869,858,854,864,893,877,874,886,882,872,875,872,910,894,897,886,887,888,887,858,891,897,889,894,897,878,885,883,916,892,893,905,891,896,900,892,931,920,906,914,910,908,904,883,7,6,5,6,4,5,5,8,6,5,4,5,6,4,5,4,6,6,5,6,5,5,5,5,7,5,6,5,6,5,5,7,9,5,5,5,7,5,6,6,6,6,5,7,6,5,7,7,8,8,7,7,6,5,6,11,9,16,7,7,8,5,7,16,5,5,5,5,5,5,5,5,5,5,5,5,5,5,5,5,5,5,5,5,5,5,5,5,5,5,5,5,5,5,5,5,5,5,5,5,5,5,5,5,5,5,5,5,5,5,5,5,5,5,5,5,5,5,5,5,5,5,5,5,5,5,5,5
17,873,884,877,870,865,861,855,862,885,881,873,872,859,864,860,845,891,877,886,876,864,868,861,866,898,900,892,888,879,878,865,865,923,900,893,892,887,880,876,878,895,901,909,898,907,882,884,870,909,912,896,903,901,882,893,902,926,924,912,902,897,890,902,886,8,6,5,6,5,6,5,6,5,5,6,5,6,4,6,7,9,7,6,8,5,7,5,7,7,8,7,5,6,5,5,7,7,5,6,5,7,6,7,7,6,6,5,7,6,5,7,5,8,9,8,7,6,6,6,12,9,16,6,10,7,7,6,16,5,5,5,5,5,5,5,5,5,5,5,5,5,5,5,5,5,5,5,5,5,5,5,5,5,5,5,5,5,5,5,5,5,5,5,5,5,5,5,5,5,5,5,5,5,5,5,5,5,5,5,5,5,5,5,5,5,5,5,5,5,5,5,5
18,875,881,867,868,858,857,867,853,889,881,865,869,871,876,863,850,894,900,879,877,875,877,866,866,897,890,888,877,877,874,880,871,897,892,898,880,880,878,877,877,904,900,912,887,893,882,891,877,912,918,901,893,894,888,884,880,945,901,905,906,905,895,899,900,7,5,6,6,4,6,5,6,6,7,4,5,6,5,5,5,9,6,6,6,5,5,6,5,7,6,7,5,6,6,6,7,10,5,6,5,6,5,5,6,8,6,5,6,7,6,7,7,8,9,7,9,6,5,7,8,10,13,7,9,7,6,6,15,5,5,5,5,5,5,5,5,5,5,5,5,5,5,5,5,5,5,5,5,5,5,5,5,5,5,5,5,5,5,5,5,5,5,5,5,5,5,5,5,5,5,5,5,5,5,5,5,5,5,5,5,5,5,5,5,5,5,5,5,5,5,5,5
19,871,880,860,862,868,867,861,855,880,895,876,877,869,859,859,863,883,898,883,875,873,880,876,869,916,889,886,881,876,880,862,872,895,892,899,887,870,882,873,865,913,896,891,901,899,885,878,880,911,904,907,890,896,892,902,866,913,913,912,910,903,897,893,884,7,6,5,7,5,4,5,8,7,7,5,5,6,5,5,5,10,6,6,6,5,6,4,6,7,6,7,5,5,5,6,7,7,6,6,5,6,5,5,7,6,6,5,8,8,6,6,7,9,10,8,7,9,5,8,11,7,12,6,10,7,7,8,13,5,5,5,5,5,5,5,5,5,5,5,5,5,5,5,5,5,5,5,5,5,5,5,5,5,5,5,5,5,5,5,5,5,5,5,5,5,5,5,5,5,5,5,5,5,5,5,5,5,5,5,5,5,5,5,5,5,5,5,5,5,5,5,5
20,882,877,869,888,865,861,850,850,896,883,875,873,869,859,854,855,882,889,878,876,884,869,853,866,898,885,885,881,885,885,865,860,913,897,880,898,889,886,866,858,896,903,897,882,880,881,884,883,915,914,894,908,902,905,889,887,918,910,912,913,899,894,896,898,7,6,5,6,5,6,5,6,6,5,5,5,5,4,5,4,8,6,6,5,4,5,5,5,7,6,8,5,6,5,5,8,11,5,5,6,7,5,5,6,7,6,6,5,7,5,7,6,8,8,6,6,6,6,7,7,8,13,6,8,7,6,6,13,5,5,5,5,5,5,5,5,5,5,5,5,5,5,5,5,5,5,5,5,5,5,5,5,5,5,5,5,5,5,5,5,5,5,5,5,5,5,5,5,5,5,5,5,5,5,5,5,5,5,5,5,5,5,5,5,5,5,5,5,5,5,5,5
21,870,876,875,870,865,857,865,855,893,882,874,869,865,866,859,852,909,896,879,888,872,881,865,852,896,885,890,890,869,875,869,866,916,904,891,888,863,889,877,867,912,900,913,897,895,891,881,868,911,906,899,910,885,891,900,874,925,915,899,908,896,895,906,873,7,6,6,5,5,6,5,7,6,5,5,5,5,5,5,5,10,10,5,7,5,5,5,6,7,6,8,4,5,5,6,8,11,6,5,6,7,5,6,6,8,6,6,8,8,6,8,6,7,7,6,8,6,8,6,12,11,15,8,8,7,7,8,13,5,5,5,5,5,5,5,5,5,5,5,5,5,5,5,5,5,5,5,5,5,5,5,5,5,5,5,5,5,5,5,5,5,5,5,5,5,5,5,5,5,5,5,5,5,5,5,5,5,5,5,5,5,5,5,5,5,5,5,5,5,5,5,5
22,874,879,862,869,857,859,851,860,891,880,871,872,867,858,858,841,887,883,879,882,867,865,869,864,895,886,889,888,875,867,864,874,903,897,895,879,878,887,887,871,904,898,900,896,884,891,875,868,927,889,897,911,889,900,899,884,937,931,906,911,902,892,900,901,7,7,6,8,4,6,5,8,5,5,5,5,5,4,6,5,8,9,6,5,5,5,5,5,8,5,6,4,5,5,6,7,10,6,5,5,6,5,5,7,6,6,6,7,9,6,6,7,8,10,7,7,6,6,6,7,10,12,7,8,7,8,7,10,5,5,5,5,5,5,5,5,5,5,5,5,5,5,5,5,5,5,5,5,5,5,5,5,5,5,5,5,5,5,5,5,5,5,5,5,5,5,5,5,5,5,5,5,5,5,5,5,5,5,5,5,5,5,5,5,5,5,5,5,5,5,5,5
23,875,867,865,872,859,859,854,847,894,874,867,863,867,850,853,858,886,886,874,873,864,869,851,864,892,894,885,874,879,873,872,874,891,903,890,890,904,883,877,873,905,910,910,890,887,892,877,882,907,906,905,903,894,904,906,879,912,916,909,910,905,893,888,887,6,7,6,7,6,6,5,8,6,6,5,5,5,5,4,5,10,6,6,7,5,7,6,6,7,6,9,5,5,5,7,8,7,5,6,5,6,6,6,7,8,7,7,6,6,8,6,8,9,10,7,7,7,6,6,12,7,11,7,9,10,6,10,14,5,5,5,5,5,5,5,5,5,5,5,5,5,5,5,5,5,5,5,5,5,5,5,5,5,5,5,5,5,5,5,5,5,5,5,5,5,5,5,5,5,5,5,5,5,5,5,5,5,5,5,5,5,5,5,5,5,5,5,5,5,5,5,5
24,884,876,859,873,857,859,865,855,888,885,878,858,865,864,859,857,879,884,885,877,876,875,862,866,898,886,886,875,884,874,861,859,887,889,890,888,881,881,880,868,905,900,900,907,890,889,897,876,916,899,909,903,886,897,881,871,924,920,910,909,900,904,900,893,7,6,5,6,4,6,5,6,6,5,5,5,6,5,5,4,7,7,6,6,5,5,4,5,6,5,7,5,6,5,6,6,8,5,4,6,6,5,6,6,5,7,6,8,6,6,10,7,7,9,6,6,6,6,7,7,10,9,6,8,6,6,7,15,5,5,5,5,5,5,5,5,5,5,5,5,5,5,5,5,5,5,5,5,5,5,5,5,5,5,5,5,5,5,5,5,5,5,5,5,5,5,5,5,5,5,5,5,5,5,5,5,5,5,5,5,5,5,5,5,5,5,5,5,5,5,5,5
25,880,869,874,874,866,860,862,843,882,877,877,876,861,875,861,859,886,880,878,888,868,858,856,866,891,902,890,882,875,879,877,878,909,904,883,888,885,884,865,866,909,891,884,881,899,897,871,879,893,898,898,896,903,899,884,886,916,929,903,893,909,903,890,885,7,7,5,6,5,6,6,6,7,5,5,5,6,5,5,5,7,7,7,7,5,6,6,5,7,5,6,5,6,5,6,7,11,5,6,5,8,6,5,7,8,7,6,9,9,7,7,8,8,11,6,7,6,6,6,13,9,8,7,10,9,9,8,13,5,5,5,5,5,5,5,5,5,5,5,5,5,5,5,5,5,5,5,5,5,5,5,5,5,5,5,5,5,5,5,5,5,5,5,5,5,5,5,5,5,5,5,5,5,5,5,5,5,5,5,5,5,5,5,5,5,5,5,5,5,5,5,5
26,887,876,869,865,857,868,869,853,884,874,877,874,870,853,855,860,901,891,877,873,878,871,860,846,890,899,880,878,877,878,870,867,897,900,891,895,885,882,874,879,905,908,902,902,892,889,873,886,905,898,897,895,890,896,886,882,907,940,892,901,893,889,910,881,7,6,5,7,5,4,6,6,6,5,6,5,7,4,5,5,12,7,7,5,4,5,5,5,7,7,6,5,6,6,6,7,7,5,6,5,6,5,5,5,6,7,6,7,7,6,6,7,6,9,7,6,6,6,6,9,9,12,6,8,7,6,7,10,5,5,5,5,5,5,5,5,5,5,5,5,5,5,5,5,5,5,5,5,5,5,5,5,5,5,5,5,5,5,5,5,5,5,5,5,5,5,5,5,5,5,5,5,5,5,5,5,5,5,5,5,5,5,5,5,5,5,5,5,5,5,5,5
27,880,877,874,862,870,860,853,869,878,877,885,872,868,868,856,853,866,878,887,883,872,875,873,870,885,897,889,882,881,873,879,873,900,895,891,889,887,890,865,864,894,900,896,900,891,894,886,879,909,918,892,897,902,890,893,872,920,900,915,909,897,898,910,906,7,6,5,7,6,6,5,7,7,5,6,5,6,6,5,5,9,8,6,7,6,5,5,6,6,8,5,6,6,7,5,6,7,7,6,5,7,5,5,7,6,6,6,7,8,7,7,7,8,9,7,9,5,6,7,11,10,11,6,9,7,8,9,17,5,5,5,5,5,5,5,5,5,5,5,5,5,5,5,5,5,5,5,5,5,5,5,5,5,5,5,5,5,5,5,5,5,5,5,5,5,5,5,5,5,5,5,5,5,5,5,5,5,5,5,5,5,5,5,5,5,5,5,5,5,5,5,5
28,874,873,883,880,864,855,856,857,875,882,865,872,877,855,851,850,882,902,873,876,878,878,863,857,896,889,892,878,872,883,887,858,890,884,898,883,887,879,873,865,919,913,902,905,888,881,886,875,921,915,893,902,897,887,888,910,907,876,908,894,896,891,898,890,6,6,5,6,5,5,6,5,7,5,5,5,5,5,4,6,8,8,5,5,4,6,5,5,7,6,6,5,5,5,6,6,9,5,7,6,7,5,5,6,7,7,6,7,6,6,6,6,7,7,5,8,6,5,6,15,8,8,7,7,7,7,6,11,5,5,5,5,5,5,5,5,5,5,5,5,5,5,5,5,5,5,5,5,5,5,5,5,5,5,5,5,5,5,5,5,5,5,5,5,5,5,5,5,5,5,5,5,5,5,5,5,5,5,5,5,5,5,5,5,5,5,5,5,5,5,5,5
29,886,874,877,861,859,860,857,850,886,868,875,881,850,865,859,862,886,889,869,902,868,863,866,863,902,894,893,882,887,879,872,868,912,894,890,885,880,880,886,877,900,891,916,889,887,901,873,866,903,886,899,902,903,892,892,883,920,931,896,903,880,898,887,860,7,6,5,7,5,6,7,7,8,5,5,5,6,5,6,5,8,6,5,5,5,6,5,5,9,5,6,6,5,5,6,7,7,6,5,6,6,5,6,8,7,6,6,8,6,7,8,9,8,9,7,8,6,6,7,7,9,11,6,9,8,6,9,11,5,5,5,5,5,5,5,5,5,5,5,5,5,5,5,5,5,5,5,5,5,5,5,5,5,5,5,5,5,5,5,5,5,5,5,5,5,5,5,5,5,5,5,5,5,5,5,5,5,5,5,5,5,5,5,5,5,5,5,5,5,5,5,5
30,886,873,873,873,859,854,857,856,884,893,877,884,872,869,861,854,896,895,869,878,869,875,867,864,900,884,892,892,874,873,879,869,904,900,892,886,886,890,881,882,908,892,898,906,904,894,873,875,883,907,904,897,892,895,889,896,922,912,899,911,906,901,903,882,8,7,5,5,4,6,4,7,8,7,5,6,5,4,5,5,10,7,6,6,5,5,5,5,9,6,6,4,5,6,5,6,8,5,5,6,5,5,5,6,7,7,6,6,8,6,6,6,8,6,7,7,6,5,6,8,8,11,7,11,6,7,6,13,5,5,5,5,5,5,5,5,5,5,5,5,5,5,5,5,5,5,5,5,5,5,5,5,5,5,5,5,5,5,5,5,5,5,5,5,5,5,5,5,5,5,5,5,5,5,5,5,5,5,5,5,5,5,5,5,5,5,5,5,5,5,5,5
31,880,875,870,865,868,858,848,858,884,880,880,876,869,854,861,856,889,880,877,887,882,870,871,842,905,893,893,878,878,865,857,866,894,904,904,890,877,884,892,869,903,897,900,888,885,900,880,888,913,894,900,897,895,888,892,887,925,911,913,920,887,892,903,861,6,6,4,6,6,6,7,5,8,5,5,5,7,5,6,5,8,9,7,6,5,5,6,5,9,4,7,6,6,5,7,7,8,7,6,6,7,5,6,6,7,7,7,7,10,7,8,7,7,9,7,7,7,5,6,9,10,15,7,7,7,6,8,20,5,5,5,5,5,5,5,5,5,5,5,5,5,5,5,5,5,5,5,5,5,5,5,5,5,5,5,5,5,5,5,5,5,5,5,5,5,5,5,5,5,5,5,5,5,5,5,5,5,5,5,5,5,5,5,5,5,5,5,5,5,5,5,5
32,886,884,863,862,850,856,854,846,886,861,867,866,873,870,854,852,876,882,873,878,865,870,867,849,900,889,879,884,878,867,859,878,899,896,898,881,886,883,884,859,897,898,909,906,892,888,868,883,912,901,900,895,881,900,893,881,926,935,907,897,901,901,898,891,7,5,5,6,4,5,5,7,7,5,5,5,5,5,5,6,8,6,5,6,4,5,5,4,6,6,7,4,6,5,6,6,7,6,5,5,7,5,6,6,7,6,6,7,6,6,6,9,8,9,7,7,6,6,8,9,9,10,6,7,6,7,9,12,5,5,5,5,5,5,5,5,5,5,5,5,5,5,5,5,5,5,5,5,5,5,5,5,5,5,5,5,5,5,5,5,5,5,5,5,5,5,5,5,5,5,5,5,5,5,5,5,5,5,5,5,5,5,5,5,5,5,5,5,5,5,5,5
33,887,873,868,872,869,864,848,839,886,891,870,869,869,871,868,845,901,908,890,881,869,859,875,867,891,893,892,875,876,866,873,869,910,891,891,878,890,878,886,867,901,900,881,897,892,886,898,887,898,917,907,895,883,889,883,894,910,911,917,920,895,891,894,869,8,5,6,6,6,5,5,6,7,6,6,6,5,5,6,6,7,8,8,6,6,6,6,5,7,7,6,6,7,6,6,7,8,7,6,6,7,7,7,9,6,6,5,6,7,6,7,7,7,9,10,7,7,5,6,9,11,16,5,8,6,7,9,14,5,5,5,5,5,5,5,5,5,5,5,5,5,5,5,5,5,5,5,5,5,5,5,5,5,5,5,5,5,5,5,5,5,5,5,5,5,5,5,5,5,5,5,5,5,5,5,5,5,5,5,5,5,5,5,5,5,5,5,5,5,5,5,5
34,877,879,882,861,874,852,859,847,886,883,872,874,866,863,866,858,893,878,873,882,879,873,862,861,888,892,882,872,874,865,872,876,912,883,896,892,886,887,882,878,895,906,888,890,899,884,878,890,912,901,899,906,891,888,889,871,906,909,912,922,908,897,910,881,5,6,5,6,5,6,5,7,6,4,5,5,7,5,6,5,8,7,5,6,4,5,5,5,7,6,4,5,5,5,6,5,7,5,6,5,7,6,6,5,5,8,5,6,7,5,8,7,9,9,7,6,6,6,7,9,10,10,6,8,7,7,6,14,5,5,5,5,5,5,5,5,5,5,5,5,5,5,5,5,5,5,5,5,5,5,5,5,5,5,5,5,5,5,5,5,5,5,5,5,5,5,5,5,5,5,5,5,5,5,5,5,5,5,5,5,5,5,5,5,5,5,5,5,5,5,5,5
35,854,877,877,872,861,866,843,853,890,883,872,871,861,865,867,849,883,885,887,885,866,868,869,864,890,888,888,881,876,871,874,867,892,901,887,895,895,874,873,862,898,907,891,910,894,870,889,877,913,905,909,883,893,894,888,881,917,915,894,926,905,893,902,873,6,6,5,6,5,6,5,7,7,5,5,5,6,5,6,5,11,8,7,6,5,4,5,5,8,6,6,5,5,5,6,7,8,6,5,6,6,6,5,6,6,7,6,8,7,6,8,6,8,11,9,7,6,7,6,8,10,14,7,9,8,6,7,19,5,5,5,5,5,5,5,5,5,5,5,5,5,5,5,5,5,5,5,5,5,5,5,5,5,5,5,5,5,5,5,5,5,5,5,5,5,5,5,5,5,5,5,5,5,5,5,5,5,5,5,5,5,5,5,5,5,5,5,5,5,5,5,5
36,885,869,870,860,864,853,865,857,883,883,877,870,869,860,867,857,880,897,868,869,870,871,868,862,903,890,887,880,873,873,875,862,919,900,890,890,894,885,879,874,898,897,900,894,879,893,875,878,918,890,896,897,909,893,879,890,933,911,906,905,903,898,900,898,7,5,5,6,5,5,5,7,5,6,4,5,5,4,6,5,8,7,5,7,6,6,5,5,8,7,5,5,5,4,5,7,13,7,4,5,6,6,6,5,6,6,6,7,8,7,8,7,6,10,6,7,6,5,5,8,10,10,6,7,7,8,7,13,5,5,5,5,5,5,5,5,5,5,5,5,5,5,5,5,5,5,5,5,5,5,5,5,5,5,5,5,5,5,5,5,5,5,5,5,5,5,5,5,5,5,5,5,5,5,5,5,5,5,5,5,5,5,5,5,5,5,5,5,5,5,5,5
37,868,871,862,869,862,851,852,863,880,874,869,873,865,866,850,865,879,883,870,875,871,865,866,865,888,893,885,876,892,881,870,871,906,894,879,898,888,885,878,880,924,908,902,897,881,895,882,868,904,929,895,893,896,887,872,876,926,923,919,894,897,886,914,894,7,6,6,6,5,6,5,7,9,6,5,5,5,5,5,5,10,8,6,7,5,5,5,5,7,6,6,6,5,7,6,6,8,6,5,5,6,6,6,6,8,6,6,6,8,5,6,7,9,8,7,6,7,5,8,10,10,10,7,9,7,6,7,16,5,5,5,5,5,5,5,5,5,5,5,5,5,5,5,5,5,5,5,5,5,5,5,5,5,5,5,5,5,5,5,5,5,5,5,5,5,5,5,5,5,5,5,5,5,5,5,5,5,5,5,5,5,5,5,5,5,5,5,5,5,5,5,5
38,864,873,871,853,856,852,850,859,887,881,865,865,871,853,864,843,886,893,885,886,862,861,853,865,883,890,891,889,887,870,872,872,909,891,889,886,884,886,882,875,901,894,908,900,883,883,877,877,900,901,892,902,912,902,886,881,922,922,912,895,895,896,898,896,7,6,5,5,4,6,5,6,6,6,5,4,5,5,6,5,8,7,5,6,5,6,4,5,6,6,8,4,6,6,4,7,6,5,5,6,5,5,6,6,6,7,5,6,6,6,7,8,7,8,7,7,8,6,7,8,6,17,6,8,7,6,6,12,5,5,5,5,5,5,5,5,5,5,5,5,5,5,5,5,5,5,5,5,5,5,5,5,5,5,5,5,5,5,5,5,5,5,5,5,5,5,5,5,5,5,5,5,5,5,5,5,5,5,5,5,5,5,5,5,5,5,5,5,5,5,5,5
39,893,870,863,869,868,863,852,842,877,878,878,865,867,858,863,852,902,882,882,880,873,866,868,869,896,896,885,881,883,866,877,863,892,895,893,901,868,883,873,874,903,899,901,904,886,896,890,887,911,911,911,893,892,887,886,882,925,923,914,905,883,889,888,877,8,6,5,8,6,5,6,7,6,6,6,5,6,5,6,6,7,7,7,6,5,6,5,6,8,5,7,5,6,5,5,6,8,5,5,5,5,7,6,6,7,8,7,8,7,7,8,6,10,8,9,9,7,5,6,9,9,11,7,10,7,6,7,13,5,5,5,5,5,5,5,5,5,5,5,5,5,5,5,5,5,5,5,5,5,5,5,5,5,5,5,5,5,5,5,5,5,5,5,5,5,5,5,5,5,5,5,5,5,5,5,5,5,5,5,5,5,5,5,5,5,5,5,5,5,5,5,5
40,879,880,874,854,860,856,858,862,884,871,865,874,864,860,860,852,883,880,878,880,875,872,867,870,889,901,891,882,891,866,865,866,902,896,890,890,882,874,882,868,890,903,905,875,886,889,889,884,917,895,886,896,894,892,893,872,919,903,912,886,897,889,891,854,7,8,6,5,5,6,5,5,6,6,5,5,5,4,5,7,9,7,5,6,5,4,4,5,7,5,7,5,6,5,7,6,7,6,5,6,6,6,5,6,5,6,6,7,7,7,8,8,9,10,6,6,5,5,6,12,11,9,7,8,7,6,7,14,5,5,5,5,5,5,5,5,5,5,5,5,5,5,5,5,5,5,5,5,5,5,5,5,5,5,5,5,5,5,5,5,5,5,5,5,5,5,5,5,5,5,5,5,5,5,5,5,5,5,5,5,5,5,5,5,5,5,5,5,5,5,5,5
41,892,889,868,858,862,853,858,849,890,876,870,869,873,879,856,857,875,900,880,873,876,866,860,851,885,892,890,890,877,878,880,863,908,889,897,888,876,875,884,869,906,906,895,894,872,888,875,881,916,914,888,895,901,887,887,881,925,911,914,901,902,884,903,851,8,5,6,6,5,6,4,6,6,5,5,5,5,6,5,5,8,7,6,6,4,5,6,5,7,7,6,5,6,5,5,7,8,7,5,8,6,6,7,6,6,6,5,7,8,6,6,6,9,8,8,10,6,6,7,12,8,10,6,9,7,6,6,15,5,5,5,5,5,5,5,5,5,5,5,5,5,5,5,5,5,5,5,5,5,5,5,5,5,5,5,5,5,5,5,5,5,5,5,5,5,5,5,5,5,5,5,5,5,5,5,5,5,5,5,5,5,5,5,5,5,5,5,5,5,5,5,5
42,871,878,873,872,861,857,855,849,887,876,892,887,869,862,858,855,893,881,874,878,871,867,866,857,902,893,885,890,882,873,864,877,893,892,900,883,888,885,889,870,897,906,909,894,891,888,881,888,922,903,887,896,903,896,892,885,919,896,920,906,889,892,891,894,6,6,5,7,5,6,5,6,6,5,4,6,5,5,5,5,8,8,6,5,5,5,5,6,8,5,6,5,6,6,5,5,7,5,6,5,7,5,7,8,6,7,5,6,7,6,7,7,8,11,9,8,5,5,6,10,7,10,7,8,6,7,8,10,5,5,5,5,5,5,5,5,5,5,5,5,5,5,5,5,5,5,5,5,5,5,5,5,5,5,5,5,5,5,5,5,5,5,5,5,5,5,5,5,5,5,5,5,5,5,5,5,5,5,5,5,5,5,5,5,5,5,5,5,5,5,5,5
43,871,874,871,872,872,856,854,857,891,879,866,867,861,874,861,846,889,879,883,882,871,867,868,857,890,891,883,878,874,880,855,866,896,891,896,887,881,876,880,884,907,908,902,897,885,898,882,881,912,907,901,876,890,896,884,882,926,910,915,900,895,891,883,869,6,6,4,8,6,6,5,5,7,5,5,6,6,5,6,5,7,9,6,7,5,6,6,5,7,6,7,5,6,5,6,7,10,6,5,6,6,5,7,6,7,6,5,6,10,7,7,8,9,8,8,8,7,6,7,9,11,10,7,10,5,7,9,12,5,5,5,5,5,5,5,5,5,5,5,5,5,5,5,5,5,5,5,5,5,5,5,5,5,5,5,5,5,5,5,5,5,5,5,5,5,5,5,5,5,5,5,5,5,5,5,5,5,5,5,5,5,5,5,5,5,5,5,5,5,5,5,5
44,877,877,873,876,864,852,855,847,892,884,876,866,870,858,861,853,880,888,880,873,872,870,874,866,897,902,896,886,883,881,857,861,900,893,895,908,881,884,874,868,895,905,901,897,887,888,883,876,927,901,905,889,889,891,877,884,928,909,913,910,908,885,888,892,6,6,6,5,5,7,4,6,7,5,5,5,7,4,5,5,7,7,5,6,5,5,6,5,7,5,7,4,5,5,6,7,8,6,5,6,6,5,5,7,6,6,6,7,9,6,7,7,9,11,8,9,7,5,6,11,7,14,6,8,8,6,8,9,5,5,5,5,5,5,5,5,5,5,5,5,5,5,5,5,5,5,5,5,5,5,5,5,5,5,5,5,5,5,5,5,5,5,5,5,5,5,5,5,5,5,5,5,5,5,5,5,5,5,5,5,5,5,5,5,5,5,5,5,5,5,5,5
45,876,870,876,866,857,871,860,853,876,879,877,868,870,882,856,869,898,878,885,884,866,872,867,865,901,881,880,879,881,874,875,875,908,889,901,891,876,899,873,868,896,887,897,896,890,883,889,889,928,896,910,899,891,900,893,886,936,921,911,897,894,875,896,885,7,6,5,6,4,5,5,8,7,5,5,5,5,6,5,6,8,7,6,6,4,5,5,5,7,6,6,5,6,5,6,7,8,5,6,6,6,6,5,7,8,8,7,8,6,6,7,6,7,9,9,6,7,5,8,7,10,9,6,10,7,7,6,15,5,5,5,5,5,5,5,5,5,5,5,5,5,5,5,5,5,5,5,5,5,5,5,5,5,5,5,5,5,5,5,5,5,5,5,5,5,5,5,5,5,5,5,5,5,5,5,5,5,5,5,5,5,5,5,5,5,5,5,5,5,5,5,5
46,876,867,875,866,864,862,859,861,880,866,864,876,875,863,857,856,902,876,890,883,865,860,866,858,896,882,898,894,880,871,870,856,888,889,894,885,885,876,876,874,901,902,904,890,886,878,887,883,899,910,894,904,888,883,896,883,914,905,901,902,895,893,881,892,7,6,5,8,5,5,5,7,6,5,5,5,5,5,4,5,10,7,6,6,5,6,5,6,7,6,6,5,6,6,6,7,7,6,5,5,4,5,5,6,7,5,6,7,6,6,8,7,9,7,9,7,6,6,9,9,10,11,8,10,8,7,6,16,5,5,5,5,5,5,5,5,5,5,5,5,5,5,5,5,5,5,5,5,5,5,5,5,5,5,5,5,5,5,5,5,5,5,5,5,5,5,5,5,5,5,5,5,5,5,5,5,5,5,5,5,5,5,5,5,5,5,5,5,5,5,5,5
47,867,874,878,861,861,864,854,848,875,881,884,879,872,866,861,860,902,872,878,868,871,858,858,869,901,885,891,874,876,873,877,868,898,903,893,895,878,877,883,868,898,902,907,896,893,902,879,877,911,918,903,891,899,893,893,885,918,904,919,915,904,900,890,896,5,6,6,6,5,8,5,6,7,6,6,5,5,5,5,5,12,8,6,7,6,6,5,5,8,6,7,5,6,5,6,6,8,7,5,5,6,4,6,7,8,6,6,7,8,7,7,7,10,8,6,6,8,6,7,8,8,8,7,11,7,8,9,18,5,5,5,5,5,5,5,5,5,5,5,5,5,5,5,5,5,5,5,5,5,5,5,5,5,5,5,5,5,5,5,5,5,5,5,5,5,5,5,5,5,5,5,5,5,5,5,5,5,5,5,5,5,5,5,5,5,5,5,5,5,5,5,5
48,886,884,871,874,859,860,858,850,877,875,879,872,865,855,865,849,873,884,877,869,877,866,859,852,896,888,897,884,874,870,867,867,902,899,895,888,886,873,873,870,911,904,903,905,886,889,881,879,905,912,900,908,894,885,898,900,939,916,891,908,900,905,901,902,7,7,5,6,5,6,5,7,6,5,6,4,6,4,5,6,9,6,5,7,4,5,5,5,7,6,6,4,5,6,5,8,8,7,5,5,7,5,6,5,6,6,7,9,6,5,8,7,8,9,7,6,7,6,7,10,6,9,6,9,7,7,6,11,5,5,5,5,5,5,5,5,5,5,5,5,5,5,5,5,5,5,5,5,5,5,5,5,5,5,5,5,5,5,5,5,5,5,5,5,5,5,5,5,5,5,5,5,5,5,5,5,5,5,5,5,5,5,5,5,5,5,5,5,5,5,5,5
49,872,889,870,866,859,859,856,849,878,880,872,866,886,864,867,857,892,881,892,877,872,878,854,862,892,888,884,883,879,867,870,863,905,896,893,898,881,883,871,861,907,899,900,902,892,887,888,874,908,900,905,909,894,891,888,888,944,913,906,877,901,902,899,869,5,7,7,5,4,6,6,7,8,5,5,5,6,5,6,5,9,6,7,5,5,6,5,5,8,6,7,6,6,5,6,7,8,7,6,7,6,5,5,7,8,6,6,7,7,6,7,7,8,9,7,7,7,5,7,10,10,11,6,10,7,7,8,14,5,5,5,5,5,5,5,5,5,5,5,5,5,5,5,5,5,5,5,5,5,5,5,5,5,5,5,5,5,5,5,5,5,5,5,5,5,5,5,5,5,5,5,5,5,5,5,5,5,5,5,5,5,5,5,5,5,5,5,5,5,5,5,5
50,879,867,866,865,857,852,862,844,885,881,872,881,877,863,855,850,904,873,883,880,870,867,862,861,889,890,887,883,890,881,866,857,910,900,890,884,880,881,887,864,903,905,907,893,880,880,892,877,916,920,891,905,897,889,898,885,938,928,915,889,906,909,902,884,6,6,4,6,5,5,5,5,8,5,5,5,5,5,5,6,9,7,6,6,5,5,5,5,7,6,6,5,7,5,5,6,9,4,4,6,6,6,6,6,6,6,5,6,6,6,6,6,8,9,7,7,7,6,7,11,12,11,6,10,8,9,6,13,5,5,5,5,5,5,5,5,5,5,5,5,5,5,5,5,5,5,5,5,5,5,5,5,5,5,5,5,5,5,5,5,5,5,5,5,5,5,5,5,5,5,5,5,5,5,5,5,5,5,5,5,5,5,5,5,5,5,5,5,5,5,5,5
51,874,873,866,865,868,852,862,847,895,872,871,869,869,856,856,859,895,876,887,894,871,867,859,862,891,888,888,875,884,882,879,865,901,906,885,900,893,880,879,867,905,899,906,892,896,879,890,888,904,909,910,913,902,889,897,883,898,926,906,911,897,893,891,891,8,6,5,7,4,5,6,6,7,6,5,6,5,4,5,5,8,6,6,7,6,7,5,5,8,6,5,6,6,5,6,9,9,5,5,5,6,6,7,6,10,7,6,9,8,6,8,8,8,12,7,8,6,5,7,8,9,14,6,8,8,6,8,17,5,5,5,5,5,5,5,5,5,5,5,5,5,5,5,5,5,5,5,5,5,5,5,5,5,5,5,5,5,5,5,5,5,5,5,5,5,5,5,5,5,5,5,5,5,5,5,5,5,5,5,5,5,5,5,5,5,5,5,5,5,5,5,5
52,872,878,868,856,857,852,856,858,887,875,880,868,859,863,858,861,883,896,877,873,862,867,868,864,895,889,897,875,890,871,869,864,904,891,895,893,892,875,879,869,900,907,905,890,881,886,883,874,915,908,889,912,888,898,888,878,922,911,924,910,906,895,892,867,7,5,5,6,4,5,5,7,8,7,5,5,6,5,5,6,8,6,5,5,5,6,5,5,8,6,5,5,6,5,5,7,7,5,6,6,5,6,6,7,6,7,6,6,9,6,6,7,7,9,7,7,6,5,6,9,8,11,6,8,7,7,8,19,5,5,5,5,5,5,5,5,5,5,5,5,5,5,5,5,5,5,5,5,5,5,5,5,5,5,5,5,5,5,5,5,5,5,5,5,5,5,5,5,5,5,5,5,5,5,5,5,5,5,5,5,5,5,5,5,5,5,5,5,5,5,5,5
53,890,876,872,876,861,854,861,842,893,880,876,870,855,863,864,850,900,893,881,886,864,871,859,864,895,891,892,881,869,881,855,870,888,901,900,899,875,886,877,870,918,895,905,882,896,885,888,875,906,920,905,901,900,905,891,883,931,931,911,904,922,903,887,898,9,7,5,6,5,6,5,5,6,6,6,5,5,6,5,5,8,6,6,7,5,5,5,6,8,6,6,5,5,6,5,10,8,6,5,6,6,5,6,7,5,8,6,7,9,7,7,6,8,12,8,8,8,6,7,7,10,10,6,8,8,8,9,10,5,5,5,5,5,5,5,5,5,5,5,5,5,5,5,5,5,5,5,5,5,5,5,5,5,5,5,5,5,5,5,5,5,5,5,5,5,5,5,5,5,5,5,5,5,5,5,5,5,5,5,5,5,5,5,5,5,5,5,5,5,5,5,5
54,885,877,877,873,869,849,848,850,890,867,878,866,875,859,856,858,887,875,882,882,869,858,862,853,892,889,888,881,880,881,867,875,892,902,892,891,886,877,881,869,906,888,901,886,891,897,872,876,906,920,902,898,889,895,889,880,917,938,906,916,887,889,892,885,6,6,5,6,6,5,5,6,7,6,5,4,6,4,5,5,9,6,6,6,5,5,5,7,7,6,5,5,6,5,5,6,8,5,5,6,6,6,6,5,7,6,6,5,7,7,6,6,6,9,7,8,5,6,7,10,8,10,7,12,6,6,7,14,5,5,5,5,5,5,5,5,5,5,5,5,5,5,5,5,5,5,5,5,5,5,5,5,5,5,5,5,5,5,5,5,5,5,5,5,5,5,5,5,5,5,5,5,5,5,5,5,5,5,5,5,5,5,5,5,5,5,5,5,5,5,5,5
55,879,879,872,875,864,860,858,848,881,876,872,881,870,870,858,861,902,887,879,886,864,871,864,861,902,881,891,885,881,878,874,867,901,896,900,894,882,878,872,868,901,905,908,902,905,880,878,868,903,914,897,884,901,893,894,866,931,900,906,914,909,895,900,895,7,8,5,6,6,6,5,6,7,6,5,5,6,5,5,5,11,6,5,6,5,5,6,6,7,7,6,5,6,5,6,9,9,6,5,6,7,6,5,8,6,6,6,8,8,6,7,7,8,7,7,8,5,6,10,10,10,11,7,10,7,7,7,10,5,5,5,5,5,5,5,5,5,5,5,5,5,5,5,5,5,5,5,5,5,5,5,5,5,5,5,5,5,5,5,5,5,5,5,5,5,5,5,5,5,5,5,5,5,5,5,5,5,5,5,5,5,5,5,5,5,5,5,5,5,5,5,5
56,876,861,875,848,859,866,866,852,884,886,885,867,878,865,858,846,872,891,878,879,870,867,859,860,910,894,878,880,874,872,869,862,901,904,887,885,892,886,884,870,905,906,892,898,883,887,891,857,926,899,920,894,899,896,882,877,923,908,912,917,896,894,898,890,6,5,5,5,4,5,5,5,5,6,6,5,5,5,5,6,7,6,5,6,5,4,5,5,8,6,7,6,6,6,6,6,8,6,4,7,6,5,6,6,6,6,6,6,6,6,7,7,9,9,8,6,7,6,6,8,8,10,8,9,7,6,7,13,5,5,5,5,5,5,5,5,5,5,5,5,5,5,5,5,5,5,5,5,5,5,5,5,5,5,5,5,5,5,5,5,5,5,5,5,5,5,5,5,5,5,5,5,5,5,5,5,5,5,5,5,5,5,5,5,5,5,5,5,5,5,5,5
57,873,886,867,874,869,870,861,851,890,875,886,863,871,854,857,852,898,885,882,880,875,871,863,860,887,878,879,887,896,875,883,871,913,895,897,882,884,889,878,865,891,905,898,909,896,895,880,880,902,906,911,893,891,878,892,899,906,941,911,896,910,897,908,869,6,7,6,9,6,5,5,7,7,6,6,6,5,4,5,6,9,9,6,6,6,5,5,5,6,5,7,4,5,6,7,7,8,6,5,8,6,6,6,6,5,7,8,8,8,6,6,7,7,8,9,10,7,6,8,12,8,11,7,7,10,8,6,15,5,5,5,5,5,5,5,5,5,5,5,5,5,5,5,5,5,5,5,5,5,5,5,5,5,5,5,5,5,5,5,5,5,5,5,5,5,5,5,5,5,5,5,5,5,5,5,5,5,5,5,5,5,5,5,5,5,5,5,5,5,5,5,5
58,878,877,866,869,856,855,857,864,889,877,876,870,856,857,856,864,902,887,882,866,877,866,873,860,905,897,878,875,868,869,866,859,906,895,887,872,888,872,879,867,891,897,900,874,883,889,881,882,904,898,909,897,901,881,888,863,915,917,904,927,894,895,899,896,6,6,6,5,5,6,4,6,6,5,5,5,6,4,5,5,8,8,6,6,6,5,6,5,6,6,7,5,5,5,5,5,10,6,5,6,6,6,5,7,5,6,5,6,6,5,8,7,9,8,7,9,7,6,7,10,8,12,7,9,8,7,7,15,5,5,5,5,5,5,5,5,5,5,5,5,5,5,5,5,5,5,5,5,5,5,5,5,5,5,5,5,5,5,5,5,5,5,5,5,5,5,5,5,5,5,5,5,5,5,5,5,5,5,5,5,5,5,5,5,5,5,5,5,5,5,5,5
59,885,869,865,871,863,850,858,864,886,887,869,876,873,858,862,860,892,884,881,885,874,856,864,863,898,885,883,879,892,877,884,864,907,891,884,884,878,894,860,882,901,909,897,899,900,889,887,879,925,918,901,901,889,891,885,886,932,900,922,907,897,887,894,903,8,6,5,7,5,6,6,7,9,6,5,5,5,5,6,5,10,7,6,6,5,5,6,6,8,6,6,5,5,5,6,7,10,6,6,5,6,6,6,5,6,7,6,7,8,8,6,9,7,8,7,7,6,6,7,10,10,9,7,10,7,8,9,11,5,5,5,5,5,5,5,5,5,5,5,5,5,5,5,5,5,5,5,5,5,5,5,5,5,5,5,5,5,5,5,5,5,5,5,5,5,5,5,5,5,5,5,5,5,5,5,5,5,5,5,5,5,5,5,5,5,5,5,5,5,5,5,5
60,884,884,869,876,873,853,857,857,889,879,877,864,860,862,868,852,878,888,886,873,868,875,854,857,900,886,892,876,886,876,857,860,908,897,888,890,887,880,883,887,892,893,896,894,898,879,884,886,913,920,902,904,886,887,888,877,935,933,906,904,902,891,885,893,7,7,5,6,5,5,5,5,5,6,5,4,6,5,6,5,6,7,6,7,4,5,6,4,8,6,6,5,6,6,6,6,9,6,6,5,7,4,6,6,6,7,5,6,7,6,6,6,7,9,6,6,6,6,6,11,9,10,6,9,7,6,8,19,5,5,5,5,5,5,5,5,5,5,5,5,5,5,5,5,5,5,5,5,5,5,5,5,5,5,5,5,5,5,5,5,5,5,5,5,5,5,5,5,5,5,5,5,5,5,5,5,5,5,5,5,5,5,5,5,5,5,5,5,5,5,5,5
61,872,876,872,860,853,855,850,856,887,878,877,876,869,866,859,850,890,898,884,877,872,875,876,858,899,892,891,886,873,874,886,869,879,890,893,882,887,886,870,879,908,922,894,900,877,881,889,871,917,879,901,905,894,897,898,880,932,919,904,906,896,897,887,891,9,7,6,6,5,6,5,6,6,5,5,6,5,5,6,6,11,6,6,6,5,5,6,7,7,7,6,5,6,5,7,6,9,6,5,7,6,6,5,6,7,6,6,6,8,5,6,7,8,9,7,7,5,5,7,9,9,9,7,10,7,7,8,15,5,5,5,5,5,5,5,5,5,5,5,5,5,5,5,5,5,5,5,5,5,5,5,5,5,5,5,5,5,5,5,5,5,5,5,5,5,5,5,5,5,5,5,5,5,5,5,5,5,5,5,5,5,5,5,5,5,5,5,5,5,5,5,5
62,878,880,871,856,862,853,850,851,877,882,868,867,865,861,855,855,877,890,869,876,881,871,876,873,896,891,891,883,879,872,878,864,896,891,896,886,880,887,870,877,905,911,889,906,895,880,876,876,903,910,915,910,896,889,894,866,926,915,906,897,906,900,889,857,6,6,5,5,5,5,5,5,6,6,5,5,5,4,5,5,10,7,5,6,4,5,5,6,7,5,6,4,5,5,5,7,8,6,5,6,7,5,5,5,6,6,6,7,6,5,6,6,7,13,9,6,7,6,7,8,9,14,6,8,7,7,8,11,5,5,5,5,5,5,5,5,5,5,5,5,5,5,5,5,5,5,5,5,5,5,5,5,5,5,5,5,5,5,5,5,5,5,5,5,5,5,5,5,5,5,5,5,5,5,5,5,5,5,5,5,5,5,5,5,5,5,5,5,5,5,5,5
63,879,883,871,856,865,845,849,862,881,877,869,883,872,873,867,863,875,889,880,882,880,878,872,875,902,893,887,882,882,871,876,868,908,899,902,886,893,883,873,860,914,893,900,892,892,874,872,881,890,909,898,901,906,890,868,886,922,914,899,923,886,887,895,903,8,7,5,6,6,6,6,6,6,5,4,6,5,5,6,5,9,8,6,6,4,6,5,5,7,7,8,5,6,6,6,7,8,5,6,6,6,5,5,6,6,7,5,7,7,6,7,8,7,11,7,7,7,7,6,10,9,13,7,10,7,6,9,14,5,5,5,5,5,5,5,5,5,5,5,5,5,5,5,5,5,5,5,5,5,5,5,5,5,5,5,5,5,5,5,5,5,5,5,5,5,5,5,5,5,5,5,5,5,5,5,5,5,5,5,5,5,5,5,5,5,5,5,5,5,5,5,5
64,879,885,865,861,864,868,853,851,888,880,883,867,866,864,877,854,883,889,876,887,888,857,868,854,894,899,890,883,880,869,865,843,888,891,890,880,877,888,866,880,915,891,893,892,894,875,877,876,934,895,906,894,903,893,879,879,924,901,912,900,903,901,914,873,7,6,5,6,5,5,4,5,6,5,4,6,5,5,6,4,7,6,5,6,4,5,6,5,7,6,5,4,5,5,5,6,6,5,4,6,6,6,6,6,6,8,5,6,6,6,6,6,8,9,7,6,6,5,6,9,9,10,6,9,7,7,10,11,5,5,5,5,5,5,5,5,5,5,5,5,5,5,5,5,5,5,5,5,5,5,5,5,5,5,5,5,5,5,5,5,5,5,5,5,5,5,5,5,5,5,5,5,5,5,5,5,5,5,5,5,5,5,5,5,5,5,5,5,5,5,5,5
65,881,883,870,867,864,851,853,850,888,876,872,874,866,860,854,852,877,890,882,885,878,870,867,863,892,892,876,884,888,873,869,859,888,908,886,900,898,889,877,877,907,907,903,897,894,890,872,869,912,911,897,906,879,884,892,876,928,873,899,902,899,909,899,875,7,6,5,6,5,6,5,8,6,6,5,6,6,5,6,6,6,6,5,6,5,6,6,6,8,6,7,4,6,6,6,8,7,5,5,5,6,5,5,6,7,7,7,8,7,8,7,7,7,9,7,7,6,7,7,11,9,12,6,11,6,7,7,15,5,5,5,5,5,5,5,5,5,5,5,5,5,5,5,5,5,5,5,5,5,5,5,5,5,5,5,5,5,5,5,5,5,5,5,5,5,5,5,5,5,5,5,5,5,5,5,5,5,5,5,5,5,5,5,5,5,5,5,5,5,5,5,5
66,878,887,871,870,866,860,867,848,891,877,875,880,873,864,857,870,885,872,882,880,872,883,878,851,899,890,895,882,877,876,870,868,881,893,895,881,884,886,877,866,898,888,897,896,892,888,878,887,920,929,906,899,885,888,898,876,923,928,895,902,915,895,902,884,9,6,5,5,5,6,5,6,7,5,5,5,5,4,4,6,8,6,6,5,6,6,5,6,7,6,6,5,6,5,6,7,7,6,6,6,7,6,5,7,6,7,5,6,7,6,7,8,7,12,8,6,6,5,6,9,9,12,6,10,8,6,6,12,5,5,5,5,5,5,5,5,5,5,5,5,5,5,5,5,5,5,5,5,5,5,5,5,5,5,5,5,5,5,5,5,5,5,5,5,5,5,5,5,5,5,5,5,5,5,5,5,5,5,5,5,5,5,5,5,5,5,5,5,5,5,5,5
67,880,876,876,874,858,858,863,866,878,878,885,874,859,867,860,861,894,892,886,874,869,865,867,854,885,887,883,874,884,875,868,868,900,902,888,890,886,882,881,883,913,898,901,891,910,896,880,876,916,914,909,902,894,894,892,894,928,934,913,899,894,882,895,870,8,6,5,5,5,6,5,5,7,5,6,6,5,5,5,5,9,8,6,6,5,5,6,5,9,6,5,5,6,7,5,6,7,6,5,6,8,5,7,6,5,7,7,6,9,7,7,6,8,9,8,7,7,6,7,8,9,12,5,10,6,7,8,17,5,5,5,5,5,5,5,5,5,5,5,5,5,5,5,5,5,5,5,5,5,5,5,5,5,5,5,5,5,5,5,5,5,5,5,5,5,5,5,5,5,5,5,5,5,5,5,5,5,5,5,5,5,5,5,5,5,5,5,5,5,5,5,5
68,893,879,870,863,862,841,860,851,887,887,876,872,871,863,868,854,884,894,891,876,872,879,862,860,889,886,873,892,888,879,864,857,905,894,890,897,888,884,877,882,910,894,902,887,880,886,888,879,918,895,915,909,900,889,887,868,933,927,915,891,892,903,889,876,8,5,5,6,5,5,5,5,6,5,5,5,5,5,6,6,8,7,6,6,4,6,5,6,7,5,7,4,6,5,7,6,7,6,4,5,7,6,6,5,7,7,6,6,9,6,8,7,8,9,10,6,5,6,7,9,12,9,7,8,6,5,6,11,5,5,5,5,5,5,5,5,5,5,5,5,5,5,5,5,5,5,5,5,5,5,5,5,5,5,5,5,5,5,5,5,5,5,5,5,5,5,5,5,5,5,5,5,5,5,5,5,5,5,5,5,5,5,5,5,5,5,5,5,5,5,5,5
69,874,869,879,862,864,859,858,863,880,882,882,874,868,863,860,847,906,868,876,885,877,876,869,877,892,889,885,875,878,875,865,867,882,910,893,894,885,889,878,876,919,915,900,900,905,879,892,883,911,914,896,902,892,889,891,886,920,930,900,896,896,893,887,873,6,7,7,7,6,7,5,7,9,6,5,6,6,4,5,6,12,8,6,6,5,5,6,6,8,6,8,5,6,6,6,7,9,5,5,7,7,6,6,6,8,7,7,7,7,7,6,8,8,9,7,7,7,6,7,8,8,9,7,8,7,7,8,18,5,5,5,5,5,5,5,5,5,5,5,5,5,5,5,5,5,5,5,5,5,5,5,5,5,5,5,5,5,5,5,5,5,5,5,5,5,5,5,5,5,5,5,5,5,5,5,5,5,5,5,5,5,5,5,5,5,5,5,5,5,5,5,5
70,873,869,878,869,864,857,862,859,874,875,874,873,863,871,856,865,894,886,874,876,880,869,853,858,897,892,898,888,870,880,868,869,889,898,904,889,882,886,881,878,904,899,907,896,893,894,879,881,898,915,904,895,898,893,895,893,923,911,915,902,887,907,895,894,7,6,4,5,5,5,5,7,7,5,5,5,6,5,5,5,9,8,5,5,4,5,5,6,7,6,7,4,4,5,5,8,7,6,6,5,7,5,6,6,7,5,5,7,7,7,7,6,8,10,8,7,7,5,6,11,8,12,7,9,9,7,6,20,5,5,5,5,5,5,5,5,5,5,5,5,5,5,5,5,5,5,5,5,5,5,5,5,5,5,5,5,5,5,5,5,5,5,5,5,5,5,5,5,5,5,5,5,5,5,5,5,5,5,5,5,5,5,5,5,5,5,5,5,5,5,5,5
71,886,873,873,862,857,848,845,855,896,879,878,868,873,855,856,861,872,876,882,874,887,872,864,870,898,881,889,879,874,875,867,868,904,890,888,880,898,877,884,871,903,904,900,899,907,893,863,865,927,907,902,900,897,893,886,897,926,926,908,897,904,904,904,881,7,6,5,7,4,6,6,7,7,5,5,5,6,4,5,6,9,7,5,7,4,6,6,5,8,5,6,5,6,5,5,8,9,7,5,5,8,5,5,6,7,6,6,7,6,6,8,8,7,12,7,8,7,6,8,10,8,11,7,8,8,7,7,10,5,5,5,5,5,5,5,5,5,5,5,5,5,5,5,5,5,5,5,5,5,5,5,5,5,5,5,5,5,5,5,5,5,5,5,5,5,5,5,5,5,5,5,5,5,5,5,5,5,5,5,5,5,5,5,5,5,5,5,5,5,5,5,5
72,876,882,868,879,860,861,852,860,889,879,878,869,874,855,863,843,900,885,884,877,877,864,867,865,910,891,885,884,882,880,857,863,895,891,897,892,884,881,881,871,896,909,909,890,885,896,875,890,911,928,884,901,890,891,894,887,924,912,916,904,909,891,901,887,7,5,6,5,4,6,5,7,6,5,5,5,5,4,5,6,8,8,5,7,5,5,5,7,9,6,7,6,6,5,6,7,8,5,5,5,6,5,6,5,6,6,5,6,7,7,7,8,7,9,6,6,6,6,8,9,7,12,7,7,7,7,7,16,5,5,5,5,5,5,5,5,5,5,5,5,5,5,5,5,5,5,5,5,5,5,5,5,5,5,5,5,5,5,5,5,5,5,5,5,5,5,5,5,5,5,5,5,5,5,5,5,5,5,5,5,5,5,5,5,5,5,5,5,5,5,5,5
73,881,870,868,855,858,857,854,856,878,875,862,869,877,858,852,859,892,889,883,890,884,861,856,860,888,887,890,878,869,875,864,861,906,889,890,892,888,881,874,866,910,902,888,898,894,899,884,876,913,904,889,903,902,890,889,889,923,928,909,901,911,886,901,875,7,6,5,6,5,6,5,7,7,5,6,5,6,5,5,5,11,7,7,6,5,6,5,6,7,6,6,5,6,6,6,7,9,6,5,7,8,5,6,6,6,5,5,6,7,6,7,6,8,10,8,6,6,6,7,7,8,23,6,9,9,7,7,11,5,5,5,5,5,5,5,5,5,5,5,5,5,5,5,5,5,5,5,5,5,5,5,5,5,5,5,5,5,5,5,5,5,5,5,5,5,5,5,5,5,5,5,5,5,5,5,5,5,5,5,5,5,5,5,5,5,5,5,5,5,5,5,5
74,885,892,871,858,868,852,854,855,885,882,867,874,865,861,860,851,899,880,884,879,869,850,860,864,883,889,880,885,888,873,871,870,896,897,901,890,881,882,879,873,924,901,901,896,889,890,897,883,886,908,911,899,909,897,885,891,903,923,914,909,896,893,899,879,7,6,4,5,5,6,5,8,6,5,5,5,5,4,5,6,10,8,6,5,4,5,4,5,6,5,5,6,6,6,5,8,7,6,5,5,6,5,6,6,6,5,7,6,6,6,8,8,8,9,7,8,7,5,6,14,8,10,6,7,7,6,7,11,5,5,5,5,5,5,5,5,5,5,5,5,5,5,5,5,5,5,5,5,5,5,5,5,5,5,5,5,5,5,5,5,5,5,5,5,5,5,5,5,5,5,5,5,5,5,5,5,5,5,5,5,5,5,5,5,5,5,5,5,5,5,5,5
75,882,872,876,865,859,871,857,849,886,883,872,872,867,865,871,859,885,884,886,887,869,863,859,863,897,889,885,878,879,866,872,870,901,897,897,878,888,887,886,873,904,901,902,878,881,880,886,886,921,926,891,907,887,899,884,873,920,899,909,907,906,900,892,913,6,6,6,6,5,5,5,6,7,6,5,5,6,5,6,6,8,6,6,6,6,6,5,6,7,6,7,5,6,6,6,8,9,6,5,6,6,5,6,6,7,5,5,7,7,6,7,8,10,9,8,7,7,5,6,10,10,11,7,8,6,8,5,14,5,5,5,5,5,5,5,5,5,5,5,5,5,5,5,5,5,5,5,5,5,5,5,5,5,5,5,5,5,5,5,5,5,5,5,5,5,5,5,5,5,5,5,5,5,5,5,5,5,5,5,5,5,5,5,5,5,5,5,5,5,5,5,5
76,874,878,872,867,863,863,855,852,881,878,875,871,876,862,868,859,880,887,877,879,868,869,865,863,896,890,883,878,884,873,869,860,896,898,897,895,891,872,874,862,901,901,897,897,904,895,873,870,905,897,905,895,891,889,889,888,930,926,918,914,902,895,896,903,5,6,5,6,4,5,4,6,8,5,5,4,5,4,5,5,8,7,5,7,5,4,5,5,7,6,6,5,6,6,6,6,9,7,6,6,5,6,6,6,7,6,5,6,8,6,6,6,7,8,6,7,8,6,6,7,8,10,6,7,7,7,9,19,5,5,5,5,5,5,5,5,5,5,5,5,5,5,5,5,5,5,5,5,5,5,5,5,5,5,5,5,5,5,5,5,5,5,5,5,5,5,5,5,5,5,5,5,5,5,5,5,5,5,5,5,5,5,5,5,5,5,5,5,5,5,5,5
77,880,878,873,865,867,855,844,852,874,883,878,875,870,861,870,862,907,891,899,885,875,869,862,859,912,891,891,895,880,880,863,863,897,901,907,897,880,876,884,878,911,892,894,892,893,883,880,871,914,916,906,900,904,888,882,889,933,887,912,906,900,872,891,883,7,7,5,6,5,6,5,8,7,4,6,5,5,4,7,5,8,7,7,6,6,6,5,5,9,6,6,5,6,7,7,7,7,6,6,5,7,5,5,6,6,6,7,6,7,6,9,8,7,9,8,7,7,7,7,9,11,11,7,11,6,7,7,13,5,5,5,5,5,5,5,5,5,5,5,5,5,5,5,5,5,5,5,5,5,5,5,5,5,5,5,5,5,5,5,5,5,5,5,5,5,5,5,5,5,5,5,5,5,5,5,5,5,5,5,5,5,5,5,5,5,5,5,5,5,5,5,5
78,867,876,877,873,868,864,851,844,889,879,870,865,874,860,856,858,877,890,883,880,872,859,864,858,891,892,897,883,874,877,852,879,904,903,887,887,885,880,872,877,900,899,903,892,901,879,871,882,901,915,906,888,908,887,899,888,916,895,917,896,902,897,898,897,8,6,4,5,5,5,5,6,6,5,4,4,5,4,5,6,8,5,6,6,4,6,5,7,6,6,6,6,4,6,6,5,9,5,5,5,6,5,6,6,9,5,6,7,6,5,6,8,7,8,6,6,6,6,7,8,9,11,8,10,7,8,7,11,5,5,5,5,5,5,5,5,5,5,5,5,5,5,5,5,5,5,5,5,5,5,5,5,5,5,5,5,5,5,5,5,5,5,5,5,5,5,5,5,5,5,5,5,5,5,5,5,5,5,5,5,5,5,5,5,5,5,5,5,5,5,5,5
79,868,873,871,852,860,865,867,842,875,881,883,872,868,861,859,850,882,878,870,888,870,872,867,860,891,881,896,880,890,878,883,869,895,902,900,890,887,888,879,878,901,903,904,893,897,895,882,883,896,901,900,901,896,888,886,873,919,909,908,903,903,890,898,894,5,6,5,6,5,5,6,6,7,5,5,6,5,5,6,5,8,10,6,6,6,5,5,6,6,6,6,5,6,6,6,4,9,5,5,6,5,5,6,7,6,7,6,5,8,6,6,7,7,8,9,6,6,5,7,11,9,12,6,9,7,8,6,22,5,5,5,5,5,5,5,5,5,5,5,5,5,5,5,5,5,5,5,5,5,5,5,5,5,5,5,5,5,5,5,5,5,5,5,5,5,5,5,5,5,5,5,5,5,5,5,5,5,5,5,5,5,5,5,5,5,5,5,5,5,5,5,5
80,858,876,868,873,865,853,860,848,872,877,865,862,872,866,858,853,875,890,866,882,872,858,859,864,894,892,894,884,882,868,872,869,897,898,894,901,883,885,878,871,900,902,906,880,892,881,863,880,908,914,902,890,893,889,885,890,918,938,909,896,906,909,908,891,7,6,5,6,5,5,5,6,7,5,4,5,4,4,5,4,7,9,6,6,5,5,5,5,6,6,6,5,6,6,5,7,8,7,5,5,6,5,6,6,7,6,5,7,7,5,6,6,8,8,7,7,6,6,6,11,9,9,7,12,6,6,7,13,5,5,5,5,5,5,5,5,5,5,5,5,5,5,5,5,5,5,5,5,5,5,5,5,5,5,5,5,5,5,5,5,5,5,5,5,5,5,5,5,5,5,5,5,5,5,5,5,5,5,5,5,5,5,5,5,5,5,5,5,5,5,5,5
81,889,885,870,872,867,851,857,860,871,875,883,880,864,870,859,860,881,872,876,893,865,871,854,852,891,885,887,876,877,880,867,860,894,901,899,882,891,893,878,870,908,906,897,890,896,886,881,882,910,903,907,893,893,898,876,876,911,938,902,897,905,912,888,877,7,5,4,6,6,6,5,6,7,4,4,5,7,5,5,7,9,8,5,7,4,5,5,5,6,5,7,5,6,4,6,8,8,5,6,7,7,6,6,6,6,5,6,6,7,5,8,6,10,12,7,7,7,5,6,10,9,10,7,9,7,7,10,13,5,5,5,5,5,5,5,5,5,5,5,5,5,5,5,5,5,5,5,5,5,5,5,5,5,5,5,5,5,5,5,5,5,5,5,5,5,5,5,5,5,5,5,5,5,5,5,5,5,5,5,5,5,5,5,5,5,5,5,5,5,5,5,5
82,879,869,867,873,856,855,860,839,884,879,879,877,864,861,857,857,899,886,880,877,873,879,868,856,899,881,903,885,865,872,875,864,896,895,907,892,889,895,872,874,902,909,894,884,890,880,886,870,899,894,897,901,905,891,882,891,924,906,900,889,899,890,888,866,7,6,6,5,4,6,5,5,6,5,5,6,6,4,6,4,7,6,5,8,5,5,5,6,8,5,6,4,6,5,6,6,8,6,6,6,6,6,5,5,7,6,6,7,6,6,7,6,8,9,6,7,6,6,5,10,6,10,8,7,7,5,7,19,5,5,5,5,5,5,5,5,5,5,5,5,5,5,5,5,5,5,5,5,5,5,5,5,5,5,5,5,5,5,5,5,5,5,5,5,5,5,5,5,5,5,5,5,5,5,5,5,5,5,5,5,5,5,5,5,5,5,5,5,5,5,5,5
83,878,861,856,871,859,866,848,848,879,874,874,874,876,870,852,860,898,890,880,873,862,872,860,866,892,897,889,875,887,875,871,857,887,896,892,883,899,882,885,875,893,897,911,901,893,896,891,892,901,909,922,883,894,891,905,890,925,880,913,909,897,901,893,901,7,6,5,5,4,7,5,7,8,5,5,5,5,5,5,5,9,7,6,7,5,5,5,5,8,5,6,5,7,5,6,8,8,7,4,5,6,5,6,6,7,7,6,6,8,8,8,8,10,10,9,7,6,6,8,7,8,12,6,9,8,7,8,21,5,5,5,5,5,5,5,5,5,5,5,5,5,5,5,5,5,5,5,5,5,5,5,5,5,5,5,5,5,5,5,5,5,5,5,5,5,5,5,5,5,5,5,5,5,5,5,5,5,5,5,5,5,5,5,5,5,5,5,5,5,5,5,5
84,874,867,883,863,863,866,855,857,869,864,878,866,865,867,862,854,900,889,882,887,878,867,861,872,900,885,869,891,881,879,875,859,905,896,882,896,889,886,873,872,900,901,899,884,904,894,879,878,909,920,904,899,892,891,900,880,915,913,921,902,907,899,887,855,7,5,5,6,4,6,6,6,6,6,5,4,7,4,6,6,8,8,6,7,5,5,6,6,7,5,6,5,6,6,5,6,11,6,4,6,6,5,6,8,6,6,5,6,7,6,7,5,7,9,7,8,7,6,7,9,7,10,7,8,8,7,6,11,5,5,5,5,5,5,5,5,5,5,5,5,5,5,5,5,5,5,5,5,5,5,5,5,5,5,5,5,5,5,5,5,5,5,5,5,5,5,5,5,5,5,5,5,5,5,5,5,5,5,5,5,5,5,5,5,5,5,5,5,5,5,5,5
85,886,881,868,870,857,855,866,864,881,879,872,874,865,862,867,852,895,878,885,873,876,864,869,856,886,889,902,872,880,879,883,860,915,894,892,887,875,882,879,861,900,896,896,885,887,891,887,885,917,914,903,910,904,896,886,895,921,923,904,912,896,894,900,856,7,6,5,7,5,6,5,8,6,5,5,6,6,5,5,5,9,8,7,6,5,6,6,6,7,6,7,5,6,6,5,9,7,6,5,5,5,8,5,6,7,6,8,6,6,7,6,7,8,9,7,7,6,5,7,9,9,9,8,10,7,7,7,16,5,5,5,5,5,5,5,5,5,5,5,5,5,5,5,5,5,5,5,5,5,5,5,5,5,5,5,5,5,5,5,5,5,5,5,5,5,5,5,5,5,5,5,5,5,5,5,5,5,5,5,5,5,5,5,5,5,5,5,5,5,5,5,5
86,876,877,877,865,855,863,857,857,891,875,874,867,869,863,857,857,887,887,880,886,874,862,872,863,898,888,884,883,871,856,863,858,901,893,896,885,883,874,870,874,912,912,891,894,890,883,886,866,926,916,899,893,898,891,889,887,910,924,903,905,905,900,899,863,6,6,5,6,5,7,4,7,9,5,5,5,5,4,5,6,8,7,5,5,5,5,6,6,7,5,8,6,5,5,5,7,9,5,6,5,6,6,5,6,8,6,5,6,7,6,7,6,9,8,6,7,7,5,6,9,11,13,7,8,8,6,8,12,5,5,5,5,5,5,5,5,5,5,5,5,5,5,5,5,5,5,5,5,5,5,5,5,5,5,5,5,5,5,5,5,5,5,5,5,5,5,5,5,5,5,5,5,5,5,5,5,5,5,5,5,5,5,5,5,5,5,5,5,5,5,5,5
87,883,876,872,871,852,861,857,844,886,880,878,874,866,859,860,853,879,881,874,868,879,869,857,858,894,891,894,885,879,879,871,873,899,903,888,893,880,893,875,869,905,904,892,891,892,885,884,872,910,917,908,887,896,894,899,876,925,915,920,890,899,891,884,876,6,6,6,6,4,6,5,7,7,5,5,5,7,5,5,5,8,9,6,7,5,5,5,5,7,6,7,4,6,5,5,7,9,5,5,6,7,5,7,7,8,7,6,7,6,6,8,8,8,11,8,8,6,6,7,9,10,12,7,7,8,6,6,15,5,5,5,5,5,5,5,5,5,5,5,5,5,5,5,5,5,5,5,5,5,5,5,5,5,5,5,5,5,5,5,5,5,5,5,5,5,5,5,5,5,5,5,5,5,5,5,5,5,5,5,5,5,5,5,5,5,5,5,5,5,5,5,5
88,869,868,871,878,853,867,860,851,898,877,870,862,859,869,850,860,902,891,874,879,877,864,854,862,912,891,881,871,879,881,871,873,908,898,898,895,895,881,870,862,891,909,893,899,890,889,879,886,915,892,892,899,907,890,900,868,924,913,921,885,907,883,887,882,6,5,5,6,5,5,5,6,6,5,4,6,5,5,4,4,7,7,5,6,6,5,4,5,8,5,6,5,5,5,6,6,8,6,5,5,5,5,5,5,7,7,6,7,7,6,6,7,7,8,7,6,6,5,8,9,8,10,6,8,7,5,6,12,5,5,5,5,5,5,5,5,5,5,5,5,5,5,5,5,5,5,5,5,5,5,5,5,5,5,5,5,5,5,5,5,5,5,5,5,5,5,5,5,5,5,5,5,5,5,5,5,5,5,5,5,5,5,5,5,5,5,5,5,5,5,5,5
89,883,859,872,860,865,860,858,848,879,869,879,870,872,859,859,851,892,894,872,863,874,860,858,865,890,893,898,886,881,874,875,868,881,901,894,877,884,877,883,869,913,906,896,898,883,887,889,886,906,925,927,892,889,881,875,881,911,902,916,903,904,889,921,912,6,5,5,6,5,6,5,6,8,6,6,5,5,5,5,6,10,8,6,6,5,6,5,5,7,6,7,5,7,6,6,7,6,6,5,6,8,6,7,7,7,5,6,7,6,6,8,7,7,10,10,7,6,5,5,11,9,16,7,8,6,7,10,16,5,5,5,5,5,5,5,5,5,5,5,5,5,5,5,5,5,5,5,5,5,5,5,5,5,5,5,5,5,5,5,5,5,5,5,5,5,5,5,5,5,5,5,5,5,5,5,5,5,5,5,5,5,5,5,5,5,5,5,5,5,5,5,5
90,867,871,868,866,861,857,847,855,883,873,871,875,866,852,856,860,877,890,881,881,872,857,866,862,905,882,901,882,879,873,874,868,890,903,882,888,893,872,884,860,895,908,894,898,887,893,890,881,917,882,898,894,901,893,888,886,939,931,909,905,899,892,891,890,6,6,6,6,4,6,5,6,5,6,4,5,7,5,5,4,8,9,6,5,5,6,5,6,7,5,6,5,5,5,5,5,8,4,5,5,5,6,6,6,6,5,6,7,7,7,8,7,11,11,6,8,6,5,7,10,7,11,8,10,6,7,7,18,5,5,5,5,5,5,5,5,5,5,5,5,5,5,5,5,5,5,5,5,5,5,5,5,5,5,5,5,5,5,5,5,5,5,5,5,5,5,5,5,5,5,5,5,5,5,5,5,5,5,5,5,5,5,5,5,5,5,5,5,5,5,5,5
91,891,872,869,863,862,854,855,847,881,882,880,869,857,866,858,853,892,885,883,881,877,865,866,861,914,902,903,880,874,878,869,853,910,894,903,889,878,886,877,875,911,891,907,899,902,894,880,873,923,898,904,899,904,901,894,877,935,896,909,896,901,891,894,903,8,6,5,6,5,5,5,6,9,5,6,5,7,4,5,5,8,8,6,6,5,5,5,4,10,5,8,6,5,5,5,5,8,6,5,6,6,6,5,7,7,7,7,8,8,7,7,7,7,9,7,8,5,6,7,10,11,8,7,11,7,7,6,15,5,5,5,5,5,5,5,5,5,5,5,5,5,5,5,5,5,5,5,5,5,5,5,5,5,5,5,5,5,5,5,5,5,5,5,5,5,5,5,5,5,5,5,5,5,5,5,5,5,5,5,5,5,5,5,5,5,5,5,5,5,5,5,5
92,880,870,870,855,866,854,861,852,872,878,871,876,880,867,856,852,890,890,873,880,871,874,864,867,887,888,878,892,881,868,869,869,912,887,888,888,888,881,876,878,902,909,913,889,899,890,891,876,900,900,906,906,899,892,879,895,940,918,906,923,914,908,907,899,6,6,5,6,4,5,5,5,5,6,4,5,5,4,5,6,8,6,5,6,5,5,5,4,7,6,5,4,6,5,6,6,9,5,5,5,6,6,6,5,6,7,6,7,8,6,8,6,7,8,7,6,6,5,6,9,9,10,7,9,8,8,7,15,5,5,5,5,5,5,5,5,5,5,5,5,5,5,5,5,5,5,5,5,5,5,5,5,5,5,5,5,5,5,5,5,5,5,5,5,5,5,5,5,5,5,5,5,5,5,5,5,5,5,5,5,5,5,5,5,5,5,5,5,5,5,5,5
93,876,867,866,870,858,861,857,853,873,883,874,878,861,866,866,854,891,871,869,895,868,864,869,863,899,881,897,881,871,872,855,855,899,901,900,889,880,887,877,864,902,903,891,902,876,886,885,880,914,912,901,898,891,885,896,884,949,944,907,916,903,900,908,882,7,5,6,8,5,7,6,7,7,5,6,5,7,5,5,4,12,6,6,7,5,5,5,5,6,5,7,5,6,6,6,7,8,6,6,5,6,5,6,6,7,6,6,9,7,6,7,7,8,9,7,6,6,7,7,7,7,18,8,9,7,6,7,18,5,5,5,5,5,5,5,5,5,5,5,5,5,5,5,5,5,5,5,5,5,5,5,5,5,5,5,5,5,5,5,5,5,5,5,5,5,5,5,5,5,5,5,5,5,5,5,5,5,5,5,5,5,5,5,5,5,5,5,5,5,5,5,5
94,877,875,877,867,865,853,861,846,876,888,880,878,868,864,856,857,881,882,880,878,858,872,866,875,891,888,892,873,876,875,866,865,899,892,898,889,897,879,891,881,916,898,910,889,909,878,886,882,919,901,896,890,885,893,886,870,933,907,897,909,895,894,884,880,6,6,5,5,5,5,5,6,6,5,5,5,5,5,5,5,9,7,6,6,5,5,5,6,7,6,6,5,5,4,5,8,8,6,5,6,8,4,7,6,6,7,6,6,8,5,6,8,8,7,7,6,6,6,6,8,7,10,6,11,6,6,7,15,5,5,5,5,5,5,5,5,5,5,5,5,5,5,5,5,5,5,5,5,5,5,5,5,5,5,5,5,5,5,5,5,5,5,5,5,5,5,5,5,5,5,5,5,5,5,5,5,5,5,5,5,5,5,5,5,5,5,5,5,5,5,5,5
95,872,865,878,852,855,852,860,856,890,870,876,858,865,864,860,848,880,885,882,875,867,872,847,859,887,896,889,882,866,873,875,866,905,901,908,889,875,871,876,878,900,919,890,890,894,876,880,873,893,900,907,891,900,894,893,890,934,933,905,904,889,887,902,893,6,6,6,6,5,6,5,7,7,6,6,5,6,4,6,7,7,7,5,6,5,6,5,6,8,7,6,5,5,5,6,7,9,5,6,7,6,6,6,7,6,8,6,6,8,6,9,10,9,9,6,7,6,5,7,10,8,13,6,10,8,6,6,16,5,5,5,5,5,5,5,5,5,5,5,5,5,5,5,5,5,5,5,5,5,5,5,5,5,5,5,5,5,5,5,5,5,5,5,5,5,5,5,5,5,5,5,5,5,5,5,5,5,5,5,5,5,5,5,5,5,5,5,5,5,5,5,5
96,889,886,855,867,862,856,852,865,893,881,880,874,869,868,854,839,896,885,891,867,873,859,863,860,897,891,887,879,877,868,872,878,901,899,891,895,891,885,864,861,916,909,900,900,895,892,883,884,908,919,914,897,901,891,893,885,919,896,896,915,898,891,891,883,7,5,5,6,4,6,5,5,6,5,5,5,5,5,5,5,9,7,6,7,4,6,5,6,6,6,5,5,5,5,5,6,8,5,4,6,5,5,5,6,6,6,6,7,6,6,7,8,8,10,6,6,7,5,7,7,10,9,8,7,6,8,8,12,5,5,5,5,5,5,5,5,5,5,5,5,5,5,5,5,5,5,5,5,5,5,5,5,5,5,5,5,5,5,5,5,5,5,5,5,5,5,5,5,5,5,5,5,5,5,5,5,5,5,5,5,5,5,5,5,5,5,5,5,5,5,5,5
97,876,871,865,874,864,865,854,864,891,883,873,877,868,861,868,854,894,889,880,887,870,877,858,855,882,882,875,874,871,871,882,872,893,893,888,882,880,890,883,870,911,910,902,887,881,873,888,882,904,892,903,909,883,891,894,885,919,925,913,887,895,895,904,884,7,6,5,5,6,7,4,5,8,5,5,6,5,4,6,5,9,7,6,6,5,4,6,6,7,6,6,5,5,5,6,7,7,6,5,6,7,5,6,6,8,7,7,6,7,7,8,7,8,8,8,7,7,5,7,7,9,16,9,7,7,6,7,19,5,5,5,5,5,5,5,5,5,5,5,5,5,5,5,5,5,5,5,5,5,5,5,5,5,5,5,5,5,5,5,5,5,5,5,5,5,5,5,5,5,5,5,5,5,5,5,5,5,5,5,5,5,5,5,5,5,5,5,5,5,5,5,5
98,883,869,869,869,867,860,846,855,881,877,864,859,868,859,860,850,887,885,884,888,872,868,867,856,890,894,888,887,884,859,879,871,905,893,891,895,889,874,873,871,920,897,896,889,893,887,883,881,920,905,898,887,899,899,891,880,924,910,917,909,906,893,895,870,7,5,5,7,5,6,6,6,7,6,4,5,6,5,5,5,7,8,6,6,5,5,5,5,6,7,6,4,6,4,6,7,8,5,4,5,5,6,5,7,9,6,6,7,6,5,7,7,7,11,7,7,7,6,7,7,9,10,6,7,7,7,6,10,5,5,5,5,5,5,5,5,5,5,5,5,5,5,5,5,5,5,5,5,5,5,5,5,5,5,5,5,5,5,5,5,5,5,5,5,5,5,5,5,5,5,5,5,5,5,5,5,5,5,5,5,5,5,5,5,5,5,5,5,5,5,5,5
99,884,873,861,881,857,859,856,839,887,876,870,884,879,859,854,849,891,890,879,872,867,877,874,860,882,888,907,881,873,882,875,866,913,900,898,887,885,880,883,876,897,908,891,895,901,900,876,882,913,923,910,906,897,890,889,890,943,905,897,904,910,912,891,888,8,6,5,6,5,6,5,6,9,5,5,5,6,5,6,6,10,7,7,6,6,5,5,7,8,6,6,5,6,5,5,8,10,5,6,6,6,6,6,6,7,6,6,7,7,8,6,7,8,9,7,7,7,6,7,9,11,11,6,9,8,8,9,15,5,5,5,5,5,5,5,5,5,5,5,5,5,5,5,5,5,5,5,5,5,5,5,5,5,5,5,5,5,5,5,5,5,5,5,5,5,5,5,5,5,5,5,5,5,5,5,5,5,5,5,5,5,5,5,5,5,5,5,5,5,5,5,5
100,868,879,873,865,857,852,847,858,883,884,875,868,870,859,861,855,892,883,883,883,875,861,867,861,896,885,892,881,886,870,872,865,903,903,887,881,892,879,885,875,907,889,904,887,898,889,880,879,895,915,900,895,900,888,897,882,904,920,902,898,901,899,901,887,6,6,5,6,5,6,6,7,5,5,5,4,5,5,5,5,8,8,6,5,4,4,6,5,7,6,6,6,6,5,6,8,8,5,4,6,6,6,7,7,6,6,6,7,7,6,6,5,6,7,7,6,7,4,6,12,11,9,7,10,6,7,6,16,5,5,5,5,5,5,5,5,5,5,5,5,5,5,5,5,5,5,5,5,5,5,5,5,5,5,5,5,5,5,5,5,5,5,5,5,5,5,5,5,5,5,5,5,5,5,5,5,5,5,5,5,5,5,5,5,5,5,5,5,5,5,5,5
101,863,875,867,854,857,860,857,850,884,873,876,875,863,853,854,864,885,875,872,871,872,878,881,862,884,890,887,875,874,862,872,877,903,905,885,885,878,888,872,882,897,907,888,894,890,884,889,879,919,919,906,900,907,909,892,859,924,931,890,904,896,895,892,879,9,6,7,6,5,6,4,7,8,5,5,5,7,5,5,5,8,8,5,7,5,5,6,5,9,6,6,6,6,5,5,7,8,5,6,6,8,5,6,8,6,6,6,6,7,5,7,8,9,8,7,6,6,7,7,9,9,10,6,14,7,7,8,14,5,5,5,5,5,5,5,5,5,5,5,5,5,5,5,5,5,5,5,5,5,5,5,5,5,5,5,5,5,5,5,5,5,5,5,5,5,5,5,5,5,5,5,5,5,5,5,5,5,5,5,5,5,5,5,5,5,5,5,5,5,5,5,5
102,880,880,875,852,862,857,857,845,877,877,882,866,870,862,843,862,896,881,879,882,868,855,875,856,892,890,884,875,881,880,881,849,899,906,890,889,892,893,871,880,893,891,907,899,894,893,875,867,914,896,905,901,890,880,903,876,917,923,917,917,884,897,902,894,6,6,5,6,5,6,5,6,7,5,5,4,4,4,4,5,9,8,5,6,5,5,6,6,6,6,5,5,5,5,6,8,7,6,6,6,5,6,5,5,5,6,6,6,7,5,8,7,7,8,7,7,7,7,8,10,8,13,5,8,6,8,7,11,5,5,5,5,5,5,5,5,5,5,5,5,5,5,5,5,5,5,5,5,5,5,5,5,5,5,5,5,5,5,5,5,5,5,5,5,5,5,5,5,5,5,5,5,5,5,5,5,5,5,5,5,5,5,5,5,5,5,5,5,5,5,5,5
103,891,878,875,873,861,855,860,861,892,869,879,872,871,871,868,852,882,883,885,875,869,871,871,868,901,890,889,881,881,869,877,863,910,904,891,891,887,893,876,886,914,907,899,897,898,881,892,857,897,917,915,903,891,888,893,895,914,900,914,901,902,892,895,908,8,7,6,6,4,6,4,6,7,6,4,5,6,5,6,6,9,8,7,7,6,5,5,6,8,7,6,4,6,5,6,8,9,6,4,5,6,6,7,8,7,7,6,8,7,6,7,7,8,9,10,8,7,6,6,8,7,10,8,10,7,7,8,15,5,5,5,5,5,5,5,5,5,5,5,5,5,5,5,5,5,5,5,5,5,5,5,5,5,5,5,5,5,5,5,5,5,5,5,5,5,5,5,5,5,5,5,5,5,5,5,5,5,5,5,5,5,5,5,5,5,5,5,5,5,5,5,5
104,871,875,879,868,856,850,860,842,891,880,878,864,869,856,855,872,902,898,880,869,867,863,867,854,892,893,868,870,881,869,879,876,894,898,890,891,887,876,882,867,903,908,903,903,897,881,897,872,902,915,897,900,901,884,888,882,935,925,917,904,900,902,885,866,7,6,6,6,5,5,6,5,7,6,5,4,6,4,4,6,9,6,6,6,5,5,4,5,7,7,6,5,7,6,6,5,8,6,4,5,5,6,6,7,7,7,6,7,6,5,9,6,7,7,7,7,8,6,6,9,9,11,5,12,6,7,6,13,5,5,5,5,5,5,5,5,5,5,5,5,5,5,5,5,5,5,5,5,5,5,5,5,5,5,5,5,5,5,5,5,5,5,5,5,5,5,5,5,5,5,5,5,5,5,5,5,5,5,5,5,5,5,5,5,5,5,5,5,5,5,5,5
105,883,866,870,867,862,850,863,843,886,882,875,872,870,868,856,854,884,891,882,881,873,858,870,858,905,897,892,871,891,870,869,863,905,896,897,891,882,884,883,876,916,894,894,902,891,885,878,869,907,909,907,892,885,891,901,863,910,917,908,906,905,897,899,887,7,6,6,5,5,6,6,6,7,6,5,6,5,5,5,4,9,7,6,6,5,5,5,6,9,7,7,5,6,5,5,6,10,6,6,6,7,6,6,6,6,5,6,8,7,7,6,7,9,11,8,6,7,6,5,8,8,16,8,10,7,7,6,15,5,5,5,5,5,5,5,5,5,5,5,5,5,5,5,5,5,5,5,5,5,5,5,5,5,5,5,5,5,5,5,5,5,5,5,5,5,5,5,5,5,5,5,5,5,5,5,5,5,5,5,5,5,5,5,5,5,5,5,5,5,5,5,5
106,877,871,868,857,856,861,853,855,886,881,869,864,869,860,863,854,892,887,885,868,864,863,866,849,903,889,888,893,886,872,874,859,902,891,900,887,876,885,873,871,915,895,907,904,897,890,879,887,909,905,893,907,898,876,881,896,919,894,924,904,904,898,895,873,7,6,6,6,4,5,5,4,5,5,5,5,5,4,5,5,9,6,6,6,5,5,5,6,8,6,5,5,6,6,5,7,7,5,5,5,6,6,4,6,6,5,6,7,6,6,6,7,6,9,9,8,7,6,6,9,10,9,7,7,8,6,6,14,5,5,5,5,5,5,5,5,5,5,5,5,5,5,5,5,5,5,5,5,5,5,5,5,5,5,5,5,5,5,5,5,5,5,5,5,5,5,5,5,5,5,5,5,5,5,5,5,5,5,5,5,5,5,5,5,5,5,5,5,5,5,5,5
107,885,867,857,865,857,861,856,852,882,877,879,882,882,860,854,858,886,894,867,882,875,861,864,865,898,894,887,880,883,871,871,868,890,892,884,897,879,881,873,859,904,907,893,881,872,887,893,873,913,915,907,904,879,889,890,869,938,921,913,909,899,894,887,895,7,6,5,6,4,5,5,6,7,6,6,5,5,5,5,6,9,7,5,6,4,5,5,5,9,7,6,5,6,6,6,8,9,6,6,6,6,6,6,6,7,6,6,9,8,6,7,7,7,9,7,8,6,6,8,9,7,13,7,7,8,7,8,15,5,5,5,5,5,5,5,5,5,5,5,5,5,5,5,5,5,5,5,5,5,5,5,5,5,5,5,5,5,5,5,5,5,5,5,5,5,5,5,5,5,5,5,5,5,5,5,5,5,5,5,5,5,5,5,5,5,5,5,5,5,5,5,5
108,875,886,863,872,866,855,853,852,882,879,869,876,866,859,863,852,883,894,874,886,876,871,863,858,898,882,893,870,875,873,872,857,892,901,884,897,893,874,878,864,902,894,903,898,897,877,877,873,923,903,895,900,900,882,879,898,950,916,917,901,906,914,903,886,6,6,5,6,5,5,5,5,7,5,4,5,5,4,5,6,8,7,6,5,4,5,6,6,8,5,5,5,6,6,5,7,7,5,4,5,6,6,5,6,6,5,6,7,8,6,5,6,8,8,7,6,7,7,7,9,8,10,7,10,6,8,7,11,5,5,5,5,5,5,5,5,5,5,5,5,5,5,5,5,5,5,5,5,5,5,5,5,5,5,5,5,5,5,5,5,5,5,5,5,5,5,5,5,5,5,5,5,5,5,5,5,5,5,5,5,5,5,5,5,5,5,5,5,5,5,5,5
109,875,872,882,865,870,852,857,863,881,887,882,872,865,871,852,857,894,889,872,890,876,873,864,862,883,891,878,877,877,865,861,860,904,901,889,894,900,884,869,872,912,902,897,891,885,879,883,872,912,901,892,900,897,894,898,887,916,901,898,906,908,901,906,879,8,7,6,7,6,6,5,8,7,6,5,5,7,5,5,5,10,8,6,6,5,5,5,6,7,7,7,5,6,5,6,7,9,7,5,6,6,5,5,7,8,6,6,6,8,6,7,9,9,11,9,7,7,6,7,8,8,11,6,11,7,8,8,15,5,5,5,5,5,5,5,5,5,5,5,5,5,5,5,5,5,5,5,5,5,5,5,5,5,5,5,5,5,5,5,5,5,5,5,5,5,5,5,5,5,5,5,5,5,5,5,5,5,5,5,5,5,5,5,5,5,5,5,5,5,5,5,5
110,868,885,864,859,858,866,851,859,890,878,882,868,868,862,868,850,875,872,879,866,865,875,861,858,896,897,887,876,875,870,865,867,907,894,904,897,886,880,878,873,906,901,910,907,898,884,875,883,913,926,908,898,895,897,888,890,926,909,905,905,911,899,887,889,8,5,6,6,5,6,5,6,5,5,5,5,5,4,6,6,8,7,5,6,5,6,5,5,7,5,5,5,5,6,6,8,10,5,6,6,7,5,6,6,5,7,5,7,7,6,6,6,7,9,7,7,6,5,7,9,8,9,8,9,8,6,6,22,5,5,5,5,5,5,5,5,5,5,5,5,5,5,5,5,5,5,5,5,5,5,5,5,5,5,5,5,5,5,5,5,5,5,5,5,5,5,5,5,5,5,5,5,5,5,5,5,5,5,5,5,5,5,5,5,5,5,5,5,5,5,5,5
111,880,867,870,863,866,854,851,854,884,881,870,869,871,870,855,856,882,879,882,872,872,875,867,862,889,882,898,876,888,880,866,869,907,898,895,895,885,871,878,866,914,907,889,901,909,881,888,874,898,900,891,873,899,894,887,882,912,914,914,905,898,905,909,900,7,5,5,7,5,6,6,8,7,6,5,5,5,4,5,5,8,9,5,6,5,6,6,5,7,7,6,5,6,5,6,8,12,6,5,6,7,7,6,6,6,8,5,7,9,6,7,6,7,11,9,7,7,6,7,10,10,13,8,12,9,6,9,15,5,5,5,5,5,5,5,5,5,5,5,5,5,5,5,5,5,5,5,5,5,5,5,5,5,5,5,5,5,5,5,5,5,5,5,5,5,5,5,5,5,5,5,5,5,5,5,5,5,5,5,5,5,5,5,5,5,5,5,5,5,5,5,5
112,870,872,868,866,860,857,866,851,882,884,878,871,870,871,853,856,866,874,878,884,861,869,858,856,895,896,890,882,877,872,869,873,893,905,894,892,889,877,882,874,893,903,899,888,883,883,882,873,908,907,898,900,890,886,894,893,927,918,911,906,898,905,903,871,7,6,5,6,4,6,5,6,8,5,5,5,5,4,5,5,8,6,6,5,4,5,5,6,7,6,7,4,6,6,5,8,10,5,6,5,5,5,6,6,6,6,6,6,8,5,7,8,8,9,7,7,5,7,7,8,7,15,8,11,6,7,6,18,5,5,5,5,5,5,5,5,5,5,5,5,5,5,5,5,5,5,5,5,5,5,5,5,5,5,5,5,5,5,5,5,5,5,5,5,5,5,5,5,5,5,5,5,5,5,5,5,5,5,5,5,5,5,5,5,5,5,5,5,5,5,5,5
113,874,880,868,873,859,856,853,845,882,874,874,872,865,852,865,854,877,870,882,878,877,865,865,869,897,882,895,879,878,878,869,881,906,890,896,892,901,876,884,874,912,905,898,901,902,894,888,885,906,912,908,911,893,881,890,868,942,912,901,900,910,897,901,891,7,7,6,5,5,5,5,7,6,5,5,5,7,5,6,6,6,6,7,5,5,6,6,5,8,7,6,6,6,5,6,7,8,6,5,6,6,6,7,6,6,6,5,8,7,6,8,8,11,8,8,8,6,6,7,10,14,11,7,9,9,7,9,14,5,5,5,5,5,5,5,5,5,5,5,5,5,5,5,5,5,5,5,5,5,5,5,5,5,5,5,5,5,5,5,5,5,5,5,5,5,5,5,5,5,5,5,5,5,5,5,5,5,5,5,5,5,5,5,5,5,5,5,5,5,5,5,5
114,885,882,875,869,865,869,868,849,878,876,865,867,870,859,854,848,901,892,885,880,871,870,868,870,902,895,881,879,877,876,870,878,881,898,896,871,882,879,877,871,905,899,899,896,888,899,885,886,912,910,902,886,891,894,880,891,925,910,916,902,912,890,897,902,8,8,5,6,5,6,6,6,6,5,5,4,4,4,5,5,10,6,6,5,5,5,5,5,8,6,6,5,6,5,5,6,7,5,5,6,6,6,5,6,5,5,6,8,7,5,7,7,6,11,7,6,7,6,7,8,10,10,5,7,7,5,6,16,5,5,5,5,5,5,5,5,5,5,5,5,5,5,5,5,5,5,5,5,5,5,5,5,5,5,5,5,5,5,5,5,5,5,5,5,5,5,5,5,5,5,5,5,5,5,5,5,5,5,5,5,5,5,5,5,5,5,5,5,5,5,5,5
115,880,861,864,876,860,861,861,855,890,878,890,865,866,861,858,859,877,868,878,878,877,870,859,860,908,889,887,892,876,873,870,857,916,887,889,893,893,878,880,864,909,899,903,870,896,881,882,867,909,907,927,908,898,893,896,881,926,905,924,903,908,900,886,899,6,6,6,5,5,6,7,7,7,6,4,5,7,4,6,5,11,6,5,6,6,5,4,5,10,6,6,5,5,5,5,7,8,6,4,5,5,5,6,6,6,6,7,6,8,6,7,7,8,7,6,7,8,7,7,8,7,14,7,11,9,7,9,26,5,5,5,5,5,5,5,5,5,5,5,5,5,5,5,5,5,5,5,5,5,5,5,5,5,5,5,5,5,5,5,5,5,5,5,5,5,5,5,5,5,5,5,5,5,5,5,5,5,5,5,5,5,5,5,5,5,5,5,5,5,5,5,5
116,870,872,871,868,860,854,857,851,883,882,878,876,881,856,854,864,896,882,885,881,872,880,868,869,899,877,891,889,891,880,864,856,896,900,898,876,883,881,875,881,905,919,901,891,909,898,887,882,929,911,907,918,887,877,880,896,915,915,911,897,900,908,894,860,5,5,5,5,5,6,5,7,6,6,6,5,6,4,6,5,10,8,6,7,5,5,5,6,7,6,5,5,6,5,5,6,8,6,5,6,7,5,5,7,7,7,6,6,8,7,7,7,7,7,7,7,6,5,6,12,9,14,6,9,6,7,8,16,5,5,5,5,5,5,5,5,5,5,5,5,5,5,5,5,5,5,5,5,5,5,5,5,5,5,5,5,5,5,5,5,5,5,5,5,5,5,5,5,5,5,5,5,5,5,5,5,5,5,5,5,5,5,5,5,5,5,5,5,5,5,5,5
117,862,882,880,873,860,870,861,849,880,882,874,875,871,853,867,858,872,878,881,866,862,861,868,861,896,892,891,886,879,873,869,865,894,901,903,881,882,877,879,870,901,903,893,896,894,889,883,870,909,914,895,889,894,889,884,875,929,934,911,920,897,889,906,891,6,6,6,6,6,7,6,6,7,5,6,6,6,5,5,6,8,9,7,6,6,7,6,5,9,6,6,5,6,6,6,7,7,7,6,6,6,6,6,8,6,5,7,7,7,5,8,7,8,8,7,7,8,6,7,9,9,11,6,8,7,6,7,13,5,5,5,5,5,5,5,5,5,5,5,5,5,5,5,5,5,5,5,5,5,5,5,5,5,5,5,5,5,5,5,5,5,5,5,5,5,5,5,5,5,5,5,5,5,5,5,5,5,5,5,5,5,5,5,5,5,5,5,5,5,5,5,5
118,890,893,873,851,873,851,855,850,877,878,888,880,873,857,861,848,888,877,885,858,874,875,871,865,902,892,892,885,890,880,864,867,900,896,895,900,879,876,881,880,902,895,897,889,892,879,889,878,915,914,899,892,900,887,893,871,921,903,925,895,905,897,905,891,9,5,5,5,5,6,5,6,7,5,6,6,5,4,6,6,10,7,5,6,4,5,5,5,8,6,6,6,4,6,5,6,8,6,5,5,6,6,6,6,7,6,6,6,6,5,6,6,9,11,5,7,5,7,7,8,6,15,6,8,6,6,6,18,5,5,5,5,5,5,5,5,5,5,5,5,5,5,5,5,5,5,5,5,5,5,5,5,5,5,5,5,5,5,5,5,5,5,5,5,5,5,5,5,5,5,5,5,5,5,5,5,5,5,5,5,5,5,5,5,5,5,5,5,5,5,5,5
119,889,875,876,864,865,863,858,861,880,879,872,871,873,858,858,858,903,903,875,878,868,863,860,861,881,886,902,868,872,875,877,867,895,902,889,885,878,866,877,891,898,894,902,904,906,892,882,863,922,919,913,900,883,888,889,895,921,912,904,916,904,901,892,892,9,6,5,6,6,7,5,6,7,6,5,4,5,5,6,7,13,7,5,9,5,6,5,6,8,6,8,4,6,5,6,8,9,7,5,7,6,6,6,6,7,6,7,7,9,7,7,7,9,11,8,7,7,5,7,9,8,11,7,9,9,7,5,13,5,5,5,5,5,5,5,5,5,5,5,5,5,5,5,5,5,5,5,5,5,5,5,5,5,5,5,5,5,5,5,5,5,5,5,5,5,5,5,5,5,5,5,5,5,5,5,5,5,5,5,5,5,5,5,5,5,5,5,5,5,5,5,5
120,878,868,877,850,864,851,858,846,894,871,883,873,867,861,865,863,880,894,885,875,875,864,863,863,898,888,887,881,879,877,863,861,889,891,897,892,881,880,881,880,917,891,889,888,902,879,879,875,914,913,907,886,887,877,869,883,914,892,905,909,907,898,896,877,6,5,5,6,4,4,5,6,6,5,5,5,5,5,5,5,8,7,6,7,5,6,4,6,5,6,6,5,6,5,5,6,7,6,5,5,6,4,6,7,5,6,5,5,8,5,7,8,8,8,7,7,6,6,7,8,7,12,7,8,9,6,7,15,5,5,5,5,5,5,5,5,5,5,5,5,5,5,5,5,5,5,5,5,5,5,5,5,5,5,5,5,5,5,5,5,5,5,5,5,5,5,5,5,5,5,5,5,5,5,5,5,5,5,5,5,5,5,5,5,5,5,5,5,5,5,5,5
121,888,883,872,858,857,847,854,857,882,881,879,868,863,867,859,858,895,884,878,878,868,871,861,869,898,904,896,869,877,869,861,855,892,900,900,890,887,881,871,867,909,898,899,878,876,888,877,876,905,920,901,908,897,889,892,888,924,910,910,909,891,893,904,861,7,6,5,6,6,5,5,6,8,5,5,5,6,5,5,6,10,7,6,5,5,5,5,6,8,6,8,5,6,5,6,7,8,6,6,5,5,5,6,7,7,7,8,7,8,6,7,7,8,9,8,7,6,6,6,10,7,10,8,9,6,7,7,24,5,5,5,5,5,5,5,5,5,5,5,5,5,5,5,5,5,5,5,5,5,5,5,5,5,5,5,5,5,5,5,5,5,5,5,5,5,5,5,5,5,5,5,5,5,5,5,5,5,5,5,5,5,5,5,5,5,5,5,5,5,5,5,5
122,872,889,874,870,865,864,852,855,874,875,877,867,866,868,856,856,897,887,878,879,873,863,864,858,899,888,886,876,882,869,869,874,894,889,891,889,891,867,886,865,916,896,896,876,869,886,873,879,913,905,906,888,896,897,901,880,919,912,928,913,897,902,882,860,8,6,5,6,5,5,5,7,7,5,5,4,6,4,5,5,7,8,6,5,5,6,5,6,9,6,5,4,6,5,5,7,6,5,5,6,6,5,6,6,7,6,7,8,6,6,6,8,8,9,7,6,7,6,8,7,9,12,6,7,7,6,7,18,5,5,5,5,5,5,5,5,5,5,5,5,5,5,5,5,5,5,5,5,5,5,5,5,5,5,5,5,5,5,5,5,5,5,5,5,5,5,5,5,5,5,5,5,5,5,5,5,5,5,5,5,5,5,5,5,5,5,5,5,5,5,5,5
123,873,866,867,854,853,858,857,848,874,882,875,862,869,870,865,864,897,886,880,878,878,865,862,861,910,896,891,882,879,887,877,863,892,889,898,891,889,885,860,880,901,912,910,887,894,889,885,881,903,923,905,903,896,894,901,893,913,924,922,914,906,901,894,877,7,6,5,7,4,7,6,5,7,6,5,5,6,5,6,5,8,8,6,5,5,6,6,5,8,5,6,6,5,5,6,7,10,5,6,5,6,5,5,6,8,7,6,6,7,7,7,6,7,10,7,6,6,6,8,11,12,9,9,8,7,7,6,14,5,5,5,5,5,5,5,5,5,5,5,5,5,5,5,5,5,5,5,5,5,5,5,5,5,5,5,5,5,5,5,5,5,5,5,5,5,5,5,5,5,5,5,5,5,5,5,5,5,5,5,5,5,5,5,5,5,5,5,5,5,5,5,5
124,889,868,868,875,860,852,863,857,892,884,874,871,870,864,860,864,883,892,879,881,883,872,864,868,877,898,887,892,890,876,867,877,911,901,892,900,886,882,881,874,907,906,891,894,898,890,874,876,915,920,900,895,891,891,909,880,920,922,926,892,906,883,889,845,8,5,4,6,5,5,5,7,7,6,5,5,7,4,5,5,8,6,5,7,5,5,5,6,7,7,6,4,5,6,6,5,7,6,5,6,8,6,5,6,4,5,6,7,7,6,6,6,8,9,8,8,6,7,6,8,8,10,8,7,6,5,7,12,5,5,5,5,5,5,5,5,5,5,5,5,5,5,5,5,5,5,5,5,5,5,5,5,5,5,5,5,5,5,5,5,5,5,5,5,5,5,5,5,5,5,5,5,5,5,5,5,5,5,5,5,5,5,5,5,5,5,5,5,5,5,5,5
125,873,870,867,878,872,869,863,857,877,882,883,856,862,866,858,861,900,872,880,875,871,876,858,856,901,885,883,883,868,873,865,868,915,898,892,883,880,873,882,871,899,910,905,902,893,887,887,883,928,914,907,915,900,890,893,888,923,905,922,912,905,883,913,895,8,6,5,7,6,6,6,7,7,6,7,6,6,5,5,5,8,8,6,6,4,5,4,7,8,5,7,5,6,6,6,6,7,7,5,6,6,6,6,6,7,7,5,7,6,7,6,6,8,8,7,8,7,6,8,7,9,10,7,12,8,7,7,15,5,5,5,5,5,5,5,5,5,5,5,5,5,5,5,5,5,5,5,5,5,5,5,5,5,5,5,5,5,5,5,5,5,5,5,5,5,5,5,5,5,5,5,5,5,5,5,5,5,5,5,5,5,5,5,5,5,5,5,5,5,5,5,5
126,882,871,870,861,861,853,851,842,895,884,875,878,857,860,866,847,881,884,884,883,868,875,874,862,898,890,888,890,895,872,879,867,895,890,897,886,875,881,883,870,918,906,894,892,896,886,883,864,921,886,906,902,891,883,891,866,926,898,908,881,895,890,903,889,7,5,5,5,5,5,6,6,6,6,5,5,5,5,5,6,8,6,5,6,5,6,6,5,7,6,5,4,5,6,5,8,6,5,5,7,6,6,6,5,7,6,5,7,7,6,7,8,8,9,8,7,6,6,8,9,9,7,6,10,7,6,7,17,5,5,5,5,5,5,5,5,5,5,5,5,5,5,5,5,5,5,5,5,5,5,5,5,5,5,5,5,5,5,5,5,5,5,5,5,5,5,5,5,5,5,5,5,5,5,5,5,5,5,5,5,5,5,5,5,5,5,5,5,5,5,5,5
127,871,869,878,877,861,853,856,855,888,881,875,872,874,856,860,865,873,871,888,883,883,865,860,856,890,894,891,882,872,883,885,868,893,905,893,892,893,880,876,862,906,906,895,898,894,898,874,880,911,918,905,891,905,886,879,886,911,924,914,900,901,889,884,891,9,6,6,6,5,6,5,7,7,6,5,5,6,5,6,5,8,7,6,6,5,5,5,6,5,7,5,5,6,5,7,6,9,5,5,7,6,7,5,6,7,7,6,7,7,6,7,7,10,11,7,8,6,6,7,9,12,15,5,9,7,7,8,15,5,5,5,5,5,5,5,5,5,5,5,5,5,5,5,5,5,5,5,5,5,5,5,5,5,5,5,5,5,5,5,5,5,5,5,5,5,5,5,5,5,5,5,5,5,5,5,5,5,5,5,5,5,5,5,5,5,5,5,5,5,5,5,5
128,894,884,872,869,857,857,847,854,886,883,886,873,876,867,854,856,888,882,879,870,874,874,865,863,890,898,892,891,879,869,872,871,913,893,889,880,883,877,873,867,900,896,897,894,893,882,865,881,913,899,898,890,878,893,887,876,918,935,902,914,901,906,895,888,7,6,5,7,4,5,6,7,6,5,6,5,5,5,4,4,8,7,6,6,5,4,5,5,8,6,6,5,5,5,6,7,8,6,5,6,6,5,5,6,7,7,6,7,6,6,6,7,8,9,6,7,5,5,6,10,7,10,6,7,8,6,7,13,5,5,5,5,5,5,5,5,5,5,5,5,5,5,5,5,5,5,5,5,5,5,5,5,5,5,5,5,5,5,5,5,5,5,5,5,5,5,5,5,5,5,5,5,5,5,5,5,5,5,5,5,5,5,5,5,5,5,5,5,5,5,5,5
129,873,869,876,860,866,865,864,855,891,866,866,881,874,870,853,859,879,894,876,881,870,875,865,860,901,894,874,890,870,867,870,858,907,892,896,896,887,887,872,881,906,907,905,886,884,892,891,876,909,899,890,902,891,887,899,871,927,923,897,891,905,891,918,870,7,6,6,6,4,6,6,7,7,5,4,5,5,5,5,5,8,8,6,6,5,5,5,7,7,6,7,5,5,5,7,8,7,6,5,6,7,5,5,8,8,6,7,6,7,5,7,8,8,9,7,7,7,6,7,10,12,8,7,8,8,6,8,14,5,5,5,5,5,5,5,5,5,5,5,5,5,5,5,5,5,5,5,5,5,5,5,5,5,5,5,5,5,5,5,5,5,5,5,5,5,5,5,5,5,5,5,5,5,5,5,5,5,5,5,5,5,5,5,5,5,5,5,5,5,5,5,5
130,880,864,872,871,856,857,857,860,903,884,882,864,855,857,861,862,890,879,876,890,871,868,865,861,907,900,886,888,875,877,870,872,901,895,879,882,898,881,871,864,912,899,894,889,890,890,876,869,906,911,918,900,897,896,891,882,934,925,894,903,897,897,895,884,6,5,6,5,4,5,5,7,7,6,6,5,6,4,5,5,9,6,6,7,5,4,5,6,8,7,6,5,5,4,6,8,7,7,5,6,5,5,5,6,6,5,6,6,8,8,6,6,8,8,8,7,8,6,7,11,10,14,6,8,7,8,9,13,5,5,5,5,5,5,5,5,5,5,5,5,5,5,5,5,5,5,5,5,5,5,5,5,5,5,5,5,5,5,5,5,5,5,5,5,5,5,5,5,5,5,5,5,5,5,5,5,5,5,5,5,5,5,5,5,5,5,5,5,5,5,5,5
131,883,874,870,868,851,871,863,852,882,880,875,868,867,860,865,851,893,875,888,869,867,874,864,862,899,893,886,873,880,877,868,869,905,891,890,889,882,885,871,888,924,907,888,895,896,884,889,882,906,909,896,913,889,884,884,885,940,886,905,907,891,913,896,879,8,6,5,8,5,7,6,8,9,5,5,6,5,5,5,6,10,8,6,6,5,5,5,5,8,6,6,6,6,6,5,7,9,5,6,5,7,5,6,7,7,6,6,6,7,6,7,7,7,13,8,8,7,5,6,11,10,12,7,9,8,6,7,11,5,5,5,5,5,5,5,5,5,5,5,5,5,5,5,5,5,5,5,5,5,5,5,5,5,5,5,5,5,5,5,5,5,5,5,5,5,5,5,5,5,5,5,5,5,5,5,5,5,5,5,5,5,5,5,5,5,5,5,5,5,5,5,5
132,891,883,872,863,866,861,846,849,876,872,878,880,874,856,866,853,878,879,876,877,876,870,865,868,900,893,881,886,882,871,871,869,908,890,893,895,888,897,879,872,914,901,896,897,895,888,870,883,918,921,908,898,890,894,878,870,925,929,910,920,903,885,895,893,6,5,5,5,5,7,5,5,8,6,5,5,5,4,5,6,7,8,5,6,5,4,5,6,9,6,7,5,6,6,6,7,10,6,5,6,6,6,6,5,6,5,6,6,8,5,6,7,8,9,7,7,6,6,6,10,7,9,7,8,7,6,8,13,5,5,5,5,5,5,5,5,5,5,5,5,5,5,5,5,5,5,5,5,5,5,5,5,5,5,5,5,5,5,5,5,5,5,5,5,5,5,5,5,5,5,5,5,5,5,5,5,5,5,5,5,5,5,5,5,5,5,5,5,5,5,5,5
133,879,873,873,881,865,859,854,858,890,881,890,874,859,860,856,861,900,891,877,876,879,870,860,856,885,897,884,888,882,870,888,865,899,916,893,891,880,876,876,876,911,901,898,898,895,889,884,884,904,922,901,900,901,881,876,874,935,909,904,910,900,887,887,894,7,6,6,6,5,6,6,6,6,5,6,5,5,4,5,6,10,7,7,6,5,5,5,6,7,6,7,5,6,6,7,8,7,6,5,6,7,5,7,8,7,7,5,9,6,6,8,7,7,9,7,7,8,7,6,8,8,13,8,8,7,7,8,13,5,5,5,5,5,5,5,5,5,5,5,5,5,5,5,5,5,5,5,5,5,5,5,5,5,5,5,5,5,5,5,5,5,5,5,5,5,5,5,5,5,5,5,5,5,5,5,5,5,5,5,5,5,5,5,5,5,5,5,5,5,5,5,5
134,886,872,861,864,858,863,855,849,902,883,873,873,868,872,865,846,885,891,874,884,870,868,867,860,889,894,882,875,886,875,877,881,896,886,877,892,890,882,879,861,908,902,896,892,884,892,886,881,912,896,912,891,901,890,888,891,936,911,918,901,908,900,898,911,7,6,5,6,5,5,5,5,8,5,4,5,5,5,5,6,8,6,5,6,5,4,5,6,7,5,6,5,6,5,6,7,8,5,5,5,5,5,5,5,7,8,5,7,7,7,8,7,8,8,8,8,9,5,7,8,10,12,6,11,7,8,7,13,5,5,5,5,5,5,5,5,5,5,5,5,5,5,5,5,5,5,5,5,5,5,5,5,5,5,5,5,5,5,5,5,5,5,5,5,5,5,5,5,5,5,5,5,5,5,5,5,5,5,5,5,5,5,5,5,5,5,5,5,5,5,5,5
135,891,867,871,871,867,846,860,857,899,883,881,875,875,873,861,857,902,883,883,873,868,866,859,869,900,884,885,884,882,873,870,866,903,900,891,880,895,892,871,875,919,920,897,892,877,896,887,873,917,922,910,894,905,898,892,885,917,902,919,901,891,896,899,890,8,5,5,6,6,5,6,6,7,6,6,6,5,5,5,6,7,9,5,6,5,6,5,6,9,6,5,5,6,6,5,8,9,7,5,6,7,6,5,5,6,7,7,6,9,7,10,6,8,10,8,8,9,6,6,10,7,13,7,9,6,9,8,23,5,5,5,5,5,5,5,5,5,5,5,5,5,5,5,5,5,5,5,5,5,5,5,5,5,5,5,5,5,5,5,5,5,5,5,5,5,5,5,5,5,5,5,5,5,5,5,5,5,5,5,5,5,5,5,5,5,5,5,5,5,5,5,5
136,865,879,869,860,858,857,857,857,887,876,869,875,867,873,865,860,885,887,872,877,872,858,863,861,882,889,888,883,874,882,877,860,907,894,907,886,890,884,887,863,911,892,897,888,896,882,865,871,909,880,903,899,901,887,903,883,916,917,918,905,903,907,885,890,7,7,5,6,4,6,5,6,6,5,4,4,5,5,5,5,7,6,6,6,5,5,4,5,7,6,5,5,5,5,6,6,9,6,5,5,7,4,6,6,6,6,5,5,7,7,5,6,7,7,6,6,5,5,6,11,8,11,7,11,7,8,7,15,5,5,5,5,5,5,5,5,5,5,5,5,5,5,5,5,5,5,5,5,5,5,5,5,5,5,5,5,5,5,5,5,5,5,5,5,5,5,5,5,5,5,5,5,5,5,5,5,5,5,5,5,5,5,5,5,5,5,5,5,5,5,5,5
137,880,886,865,878,859,856,857,846,869,877,878,864,870,858,854,854,889,863,878,869,872,858,866,854,896,889,875,889,884,879,875,862,903,898,891,887,895,874,876,868,904,923,894,904,898,889,897,890,923,905,901,879,893,896,884,879,913,936,908,918,902,893,882,894,6,5,5,6,4,6,5,7,7,4,7,5,5,5,5,5,7,6,7,8,5,5,5,6,7,7,7,5,6,6,6,8,9,7,5,5,5,6,5,7,8,6,6,9,8,6,6,7,12,8,8,8,8,5,7,10,10,22,6,11,7,7,7,18,5,5,5,5,5,5,5,5,5,5,5,5,5,5,5,5,5,5,5,5,5,5,5,5,5,5,5,5,5,5,5,5,5,5,5,5,5,5,5,5,5,5,5,5,5,5,5,5,5,5,5,5,5,5,5,5,5,5,5,5,5,5,5,5
138,881,891,865,858,863,852,864,856,888,867,872,871,863,867,863,848,889,885,871,886,871,868,866,863,879,885,880,884,881,871,879,873,885,897,901,887,881,876,870,866,892,911,896,895,898,899,886,868,917,894,905,902,899,892,874,889,923,911,895,910,887,886,891,878,7,9,5,5,5,5,5,5,7,5,5,5,6,4,5,5,10,9,5,7,5,5,5,5,7,6,7,4,6,5,5,7,7,6,5,5,6,4,5,7,6,6,6,6,7,6,8,6,8,8,8,7,7,5,6,9,8,13,6,10,8,6,9,12,5,5,5,5,5,5,5,5,5,5,5,5,5,5,5,5,5,5,5,5,5,5,5,5,5,5,5,5,5,5,5,5,5,5,5,5,5,5,5,5,5,5,5,5,5,5,5,5,5,5,5,5,5,5,5,5,5,5,5,5,5,5,5,5
139,883,883,879,882,858,861,845,850,880,872,874,868,866,853,854,852,890,877,881,856,867,863,860,866,896,896,890,889,877,878,870,867,884,900,886,897,879,884,887,867,912,894,880,904,884,891,885,874,920,896,923,926,896,889,885,868,921,924,915,909,900,893,891,884,8,5,5,7,5,7,6,7,9,5,6,5,8,5,5,4,8,8,5,5,5,6,5,4,8,6,6,6,5,5,5,7,7,7,5,5,7,5,7,5,5,7,5,8,6,7,5,8,6,9,8,10,7,8,5,10,9,11,6,11,9,7,8,16,5,5,5,5,5,5,5,5,5,5,5,5,5,5,5,5,5,5,5,5,5,5,5,5,5,5,5,5,5,5,5,5,5,5,5,5,5,5,5,5,5,5,5,5,5,5,5,5,5,5,5,5,5,5,5,5,5,5,5,5,5,5,5,5
140,873,875,865,863,862,857,859,849,891,885,871,879,873,865,857,856,896,879,868,874,868,874,866,857,904,894,888,883,891,873,873,876,909,912,891,877,874,875,882,872,908,905,895,892,888,888,885,889,908,884,911,896,896,884,869,901,913,917,917,909,905,893,871,882,6,6,6,6,6,6,5,6,6,6,5,5,5,4,6,7,6,7,7,5,5,5,5,5,8,5,5,6,5,6,6,8,8,5,5,6,6,5,5,6,7,5,7,6,7,6,8,7,7,9,8,6,7,6,6,8,9,16,7,8,6,7,6,12,5,5,5,5,5,5,5,5,5,5,5,5,5,5,5,5,5,5,5,5,5,5,5,5,5,5,5,5,5,5,5,5,5,5,5,5,5,5,5,5,5,5,5,5,5,5,5,5,5,5,5,5,5,5,5,5,5,5,5,5,5,5,5,5
141,870,882,866,867,853,852,847,846,877,882,868,868,865,863,863,844,883,880,874,875,876,862,867,867,895,892,896,882,880,883,872,867,896,895,889,888,893,889,873,875,912,901,898,890,897,879,875,890,909,900,890,902,897,884,897,895,923,912,893,915,900,897,919,903,7,8,5,7,5,6,7,7,7,5,5,6,6,5,5,5,9,9,6,6,6,6,6,6,8,7,7,6,6,5,7,5,8,5,5,5,6,6,7,7,8,7,7,6,7,7,7,8,7,10,9,7,6,5,8,10,8,13,7,7,7,8,9,12,5,5,5,5,5,5,5,5,5,5,5,5,5,5,5,5,5,5,5,5,5,5,5,5,5,5,5,5,5,5,5,5,5,5,5,5,5,5,5,5,5,5,5,5,5,5,5,5,5,5,5,5,5,5,5,5,5,5,5,5,5,5,5,5
142,875,870,861,858,864,859,843,849,870,874,882,870,863,866,862,857,880,869,881,881,867,873,866,862,896,899,886,875,881,878,875,869,902,901,888,886,892,871,873,879,913,890,905,896,900,888,884,888,912,897,897,895,893,893,894,869,929,906,908,902,903,900,908,898,6,6,5,6,5,6,6,6,5,4,5,5,6,5,5,4,7,7,6,5,5,5,6,5,9,5,5,5,5,4,6,6,9,6,5,6,7,5,6,6,6,6,6,7,7,5,7,7,7,9,6,6,5,6,7,8,10,14,8,9,6,7,7,11,5,5,5,5,5,5,5,5,5,5,5,5,5,5,5,5,5,5,5,5,5,5,5,5,5,5,5,5,5,5,5,5,5,5,5,5,5,5,5,5,5,5,5,5,5,5,5,5,5,5,5,5,5,5,5,5,5,5,5,5,5,5,5,5
143,882,886,874,863,856,851,845,849,874,882,885,868,862,866,863,854,879,891,882,880,870,865,874,858,907,889,883,889,879,875,874,863,903,893,887,870,877,889,877,869,910,890,904,900,891,869,884,894,909,910,906,881,896,887,890,873,920,898,908,905,905,896,907,867,6,7,7,7,4,6,6,7,7,6,5,5,6,5,5,5,7,8,6,5,5,5,6,6,8,5,7,5,5,5,5,8,10,6,6,7,6,6,5,7,7,7,7,8,6,6,7,8,9,9,7,7,8,5,6,9,11,9,7,10,9,6,9,10,5,5,5,5,5,5,5,5,5,5,5,5,5,5,5,5,5,5,5,5,5,5,5,5,5,5,5,5,5,5,5,5,5,5,5,5,5,5,5,5,5,5,5,5,5,5,5,5,5,5,5,5,5,5,5,5,5,5,5,5,5,5,5,5
144,889,878,882,856,865,871,855,860,874,886,876,865,866,871,854,841,887,882,882,873,869,875,865,859,894,895,878,875,872,874,871,866,897,896,887,902,884,889,875,863,898,894,911,888,900,889,878,894,913,913,901,912,891,895,890,877,919,934,915,907,897,904,900,877,8,6,6,6,5,5,5,7,7,5,5,5,6,4,5,5,7,9,6,6,5,5,5,5,6,5,7,5,5,5,5,7,8,6,5,6,7,6,6,6,6,6,7,5,7,7,7,7,7,11,8,7,6,5,7,13,8,10,6,7,7,6,6,12,5,5,5,5,5,5,5,5,5,5,5,5,5,5,5,5,5,5,5,5,5,5,5,5,5,5,5,5,5,5,5,5,5,5,5,5,5,5,5,5,5,5,5,5,5,5,5,5,5,5,5,5,5,5,5,5,5,5,5,5,5,5,5,5
145,883,871,879,871,856,870,855,845,886,882,868,868,874,856,859,860,890,876,873,866,876,887,873,864,894,901,884,875,884,865,882,860,899,892,889,898,897,887,883,866,897,892,898,887,882,886,871,880,914,915,900,903,886,882,869,892,920,913,906,902,897,887,889,851,8,6,5,6,4,5,4,6,7,6,5,5,6,5,5,5,9,8,6,7,4,6,5,5,7,5,8,6,5,6,7,8,10,6,5,5,6,5,6,6,7,7,6,6,7,7,6,7,7,10,7,6,6,6,7,7,7,12,8,9,7,8,7,13,5,5,5,5,5,5,5,5,5,5,5,5,5,5,5,5,5,5,5,5,5,5,5,5,5,5,5,5,5,5,5,5,5,5,5,5,5,5,5,5,5,5,5,5,5,5,5,5,5,5,5,5,5,5,5,5,5,5,5,5,5,5,5,5
146,882,882,867,867,859,857,856,842,880,885,874,870,860,858,867,848,875,869,879,874,871,878,868,856,898,889,885,877,882,864,870,860,904,909,893,890,887,869,874,868,892,888,900,885,896,898,879,874,905,895,908,884,888,897,883,894,932,925,919,885,902,898,878,887,7,6,5,6,5,5,5,6,7,6,5,5,5,4,6,7,7,6,6,5,5,5,6,5,6,6,8,5,6,5,5,7,8,5,5,6,8,6,5,7,5,6,5,6,7,6,6,7,7,10,7,7,6,5,6,10,12,11,7,8,7,6,6,16,5,5,5,5,5,5,5,5,5,5,5,5,5,5,5,5,5,5,5,5,5,5,5,5,5,5,5,5,5,5,5,5,5,5,5,5,5,5,5,5,5,5,5,5,5,5,5,5,5,5,5,5,5,5,5,5,5,5,5,5,5,5,5,5
147,875,877,872,871,868,853,860,857,873,894,869,871,873,865,863,856,878,889,880,873,873,870,867,865,889,884,883,873,880,870,871,862,894,898,895,904,898,897,879,861,914,913,898,891,886,887,880,893,904,915,899,885,900,878,879,887,920,925,907,881,901,903,891,879,7,6,5,6,6,6,5,7,7,6,5,5,8,4,6,4,8,7,6,6,6,5,5,6,7,5,9,5,6,5,6,8,7,5,5,6,5,6,6,6,7,6,7,6,6,7,6,8,8,9,6,9,6,6,6,9,8,12,7,10,9,7,7,16,5,5,5,5,5,5,5,5,5,5,5,5,5,5,5,5,5,5,5,5,5,5,5,5,5,5,5,5,5,5,5,5,5,5,5,5,5,5,5,5,5,5,5,5,5,5,5,5,5,5,5,5,5,5,5,5,5,5,5,5,5,5,5,5
148,882,876,871,865,857,860,852,850,885,876,883,873,872,866,858,859,885,879,887,888,868,864,869,858,887,902,891,879,876,887,879,857,908,901,890,887,887,878,875,865,906,902,903,887,884,894,886,879,913,931,904,888,890,900,889,884,916,912,904,906,905,894,914,916,7,6,5,5,4,6,5,6,6,5,5,5,5,5,5,5,8,5,5,6,5,5,5,6,6,5,6,5,5,6,6,8,10,7,4,5,7,6,6,7,7,6,6,8,7,6,7,5,8,8,7,7,6,6,6,7,8,11,6,8,8,6,8,14,5,5,5,5,5,5,5,5,5,5,5,5,5,5,5,5,5,5,5,5,5,5,5,5,5,5,5,5,5,5,5,5,5,5,5,5,5,5,5,5,5,5,5,5,5,5,5,5,5,5,5,5,5,5,5,5,5,5,5,5,5,5,5,5
149,882,878,858,869,867,864,860,853,875,887,865,880,868,866,860,856,895,895,886,877,875,858,872,856,898,895,885,873,882,879,857,872,888,893,890,895,885,874,880,879,920,917,890,903,885,872,869,878,906,911,907,910,899,902,889,881,929,932,913,894,897,893,888,866,7,7,5,5,5,5,5,5,6,5,5,6,6,6,5,5,10,6,6,6,4,6,6,7,8,7,6,5,5,7,6,7,8,6,6,5,7,6,6,8,8,6,6,9,7,5,7,7,8,10,8,8,8,6,7,8,7,13,8,7,7,6,7,12,5,5,5,5,5,5,5,5,5,5,5,5,5,5,5,5,5,5,5,5,5,5,5,5,5,5,5,5,5,5,5,5,5,5,5,5,5,5,5,5,5,5,5,5,5,5,5,5,5,5,5,5,5,5,5,5,5,5,5,5,5,5,5,5
150,869,881,879,867,861,855,856,860,886,881,875,866,865,866,859,859,900,890,881,876,870,869,864,848,903,900,889,891,882,869,878,866,918,907,887,886,883,888,884,871,904,906,892,908,894,879,887,870,912,933,899,903,900,895,887,910,919,914,915,899,888,892,897,880,5,7,5,6,4,6,5,6,6,5,5,5,7,5,5,6,11,6,5,6,5,6,5,5,7,5,5,6,6,6,6,6,7,5,4,5,7,6,6,5,7,5,5,8,7,5,7,7,7,12,7,8,6,6,7,12,8,10,6,9,7,6,6,12,5,5,5,5,5,5,5,5,5,5,5,5,5,5,5,5,5,5,5,5,5,5,5,5,5,5,5,5,5,5,5,5,5,5,5,5,5,5,5,5,5,5,5,5,5,5,5,5,5,5,5,5,5,5,5,5,5,5,5,5,5,5,5,5
151,871,880,877,875,857,855,864,841,883,870,877,862,872,858,860,857,902,879,876,890,878,863,856,856,898,906,889,882,872,873,860,878,903,898,897,880,877,884,884,880,912,894,903,889,895,880,876,882,915,911,913,894,896,890,892,889,928,941,917,891,896,901,916,892,6,5,5,6,6,6,6,6,8,6,5,5,7,5,5,6,9,8,6,6,7,6,5,6,7,6,6,4,5,5,8,7,8,6,6,6,8,6,7,8,6,7,7,7,7,6,6,7,8,8,9,7,7,5,8,9,10,11,7,8,7,9,8,10,5,5,5,5,5,5,5,5,5,5,5,5,5,5,5,5,5,5,5,5,5,5,5,5,5,5,5,5,5,5,5,5,5,5,5,5,5,5,5,5,5,5,5,5,5,5,5,5,5,5,5,5,5,5,5,5,5,5,5,5,5,5,5,5
152,868,877,861,869,858,854,864,850,870,870,868,863,864,874,856,851,897,877,886,866,879,869,868,865,895,897,885,884,871,883,873,868,912,888,890,886,875,885,875,880,910,897,900,895,886,886,878,871,902,910,902,884,901,883,889,878,919,915,916,918,911,891,900,869,6,5,5,5,4,5,6,6,6,5,4,5,6,5,4,5,8,10,6,6,4,6,5,5,7,5,5,6,5,4,6,8,7,5,5,5,7,5,5,6,7,6,7,6,8,7,6,8,8,8,7,6,7,6,6,10,8,9,7,8,8,7,6,23,5,5,5,5,5,5,5,5,5,5,5,5,5,5,5,5,5,5,5,5,5,5,5,5,5,5,5,5,5,5,5,5,5,5,5,5,5,5,5,5,5,5,5,5,5,5,5,5,5,5,5,5,5,5,5,5,5,5,5,5,5,5,5,5
153,881,872,880,863,866,847,854,847,883,876,870,864,862,863,867,854,894,882,874,870,873,870,873,867,905,889,887,884,883,872,874,875,906,901,896,902,891,888,874,868,908,901,901,885,895,898,887,891,913,917,914,904,891,889,893,893,937,909,903,896,909,898,901,857,7,6,6,6,5,5,4,6,8,4,4,5,5,5,6,5,9,9,5,7,5,5,6,7,8,6,6,5,6,5,6,6,9,6,5,6,7,5,5,7,8,6,7,7,7,7,7,7,9,12,8,7,6,7,7,9,10,13,6,9,8,8,6,15,5,5,5,5,5,5,5,5,5,5,5,5,5,5,5,5,5,5,5,5,5,5,5,5,5,5,5,5,5,5,5,5,5,5,5,5,5,5,5,5,5,5,5,5,5,5,5,5,5,5,5,5,5,5,5,5,5,5,5,5,5,5,5,5
154,873,868,858,862,865,863,850,851,889,890,869,867,870,860,868,859,894,898,878,869,876,864,861,863,893,899,893,877,872,869,883,872,905,896,895,881,884,877,878,869,912,904,894,891,895,893,873,874,915,909,910,889,903,889,899,882,916,923,909,886,899,893,900,890,7,6,5,6,4,4,6,6,6,6,5,5,6,4,6,5,10,6,5,6,4,5,4,5,8,7,6,5,5,5,6,7,9,6,6,6,5,5,6,6,5,7,6,6,7,6,6,7,8,12,7,8,5,5,6,11,9,9,6,8,7,7,7,12,5,5,5,5,5,5,5,5,5,5,5,5,5,5,5,5,5,5,5,5,5,5,5,5,5,5,5,5,5,5,5,5,5,5,5,5,5,5,5,5,5,5,5,5,5,5,5,5,5,5,5,5,5,5,5,5,5,5,5,5,5,5,5,5
155,880,880,862,881,864,864,861,849,886,878,875,881,877,864,849,851,910,880,885,879,871,871,867,863,889,899,885,880,880,889,870,876,898,893,896,896,898,876,883,883,916,907,896,895,887,888,904,890,906,914,907,909,902,894,894,879,909,933,908,897,917,889,899,876,6,8,5,9,5,5,6,6,6,5,5,6,6,5,5,5,9,8,5,6,5,5,5,6,8,6,7,5,6,5,7,7,9,6,5,6,6,6,6,8,8,5,7,7,7,7,9,7,7,9,7,8,6,5,7,9,8,9,7,9,10,7,9,14,5,5,5,5,5,5,5,5,5,5,5,5,5,5,5,5,5,5,5,5,5,5,5,5,5,5,5,5,5,5,5,5,5,5,5,5,5,5,5,5,5,5,5,5,5,5,5,5,5,5,5,5,5,5,5,5,5,5,5,5,5,5,5,5
156,891,876,873,850,857,849,847,859,894,880,879,871,866,859,866,847,889,892,890,884,870,881,856,862,904,895,872,884,884,878,875,882,893,890,893,878,894,886,872,881,904,903,893,900,889,881,890,875,905,922,882,893,891,902,892,884,919,937,909,920,910,904,902,865,8,6,5,6,5,6,5,5,6,5,4,5,6,4,5,5,8,6,6,6,5,5,5,5,7,4,5,5,6,5,5,6,7,5,5,6,5,5,5,5,7,6,6,6,6,6,7,6,7,9,7,6,6,5,8,11,8,8,6,10,8,8,7,16,5,5,5,5,5,5,5,5,5,5,5,5,5,5,5,5,5,5,5,5,5,5,5,5,5,5,5,5,5,5,5,5,5,5,5,5,5,5,5,5,5,5,5,5,5,5,5,5,5,5,5,5,5,5,5,5,5,5,5,5,5,5,5,5
157,884,871,869,869,861,859,865,846,883,877,869,859,870,861,864,850,883,883,880,876,870,873,881,871,881,892,889,877,883,875,873,860,903,895,887,878,881,895,882,881,908,891,898,886,892,890,895,883,914,926,896,893,899,896,888,891,922,905,907,915,917,903,901,900,7,5,5,6,5,6,6,7,7,6,5,6,6,4,5,5,12,7,5,6,5,5,6,6,5,6,9,5,5,6,7,7,8,7,5,6,7,5,6,8,9,8,6,7,8,7,8,6,9,9,7,8,7,6,7,7,10,15,7,10,10,7,6,17,5,5,5,5,5,5,5,5,5,5,5,5,5,5,5,5,5,5,5,5,5,5,5,5,5,5,5,5,5,5,5,5,5,5,5,5,5,5,5,5,5,5,5,5,5,5,5,5,5,5,5,5,5,5,5,5,5,5,5,5,5,5,5,5
158,891,869,866,866,861,866,848,863,877,884,867,871,869,856,868,854,894,901,890,875,878,863,866,871,896,883,884,874,880,884,875,885,909,897,893,888,877,880,889,874,919,891,898,897,885,896,878,875,915,907,888,904,891,893,885,898,939,924,906,902,900,906,901,882,9,6,5,7,5,5,5,6,7,6,4,4,5,4,5,5,10,7,6,6,5,5,5,5,7,6,6,5,6,5,5,7,8,6,5,6,5,5,6,5,5,7,6,7,6,6,7,6,8,7,7,7,6,5,8,8,7,8,6,9,7,6,7,16,5,5,5,5,5,5,5,5,5,5,5,5,5,5,5,5,5,5,5,5,5,5,5,5,5,5,5,5,5,5,5,5,5,5,5,5,5,5,5,5,5,5,5,5,5,5,5,5,5,5,5,5,5,5,5,5,5,5,5,5,5,5,5,5
159,878,886,879,861,871,860,855,851,878,872,872,863,859,858,857,848,885,878,880,872,874,877,864,860,891,885,884,883,881,878,863,869,900,899,898,892,894,894,888,865,906,901,893,890,903,888,880,869,899,901,910,901,893,883,880,878,912,920,908,912,898,894,900,888,6,5,5,7,6,8,6,5,7,6,5,5,6,4,5,6,9,7,6,6,5,5,5,7,7,5,6,5,6,7,7,7,8,6,4,5,6,5,7,7,7,7,6,6,8,7,7,6,6,8,7,6,7,6,8,11,7,14,6,7,8,6,7,12,5,5,5,5,5,5,5,5,5,5,5,5,5,5,5,5,5,5,5,5,5,5,5,5,5,5,5,5,5,5,5,5,5,5,5,5,5,5,5,5,5,5,5,5,5,5,5,5,5,5,5,5,5,5,5,5,5,5,5,5,5,5,5,5
160,878,884,863,858,865,861,857,856,881,885,871,861,870,863,854,854,888,874,879,870,878,870,867,851,894,887,895,878,871,878,869,872,875,891,892,895,886,880,886,872,901,901,895,900,886,887,880,879,934,914,910,894,902,885,878,889,917,909,914,922,897,899,891,867,6,5,5,6,5,6,5,7,8,5,5,5,5,5,5,5,8,7,6,7,6,5,5,5,6,5,6,5,5,5,6,7,8,6,4,6,6,5,6,7,6,6,6,7,8,7,7,8,7,12,7,7,6,6,6,8,8,10,6,10,7,8,7,14,5,5,5,5,5,5,5,5,5,5,5,5,5,5,5,5,5,5,5,5,5,5,5,5,5,5,5,5,5,5,5,5,5,5,5,5,5,5,5,5,5,5,5,5,5,5,5,5,5,5,5,5,5,5,5,5,5,5,5,5,5,5,5,5
161,878,889,869,861,858,853,855,841,884,885,873,874,867,863,862,851,897,916,884,871,870,875,875,856,900,886,885,888,885,878,874,859,909,898,890,894,895,889,881,878,902,901,898,901,895,878,893,882,928,909,905,900,913,884,900,888,919,920,919,919,897,897,898,863,8,6,5,6,4,6,5,5,8,5,5,5,6,4,6,5,9,10,6,6,5,5,6,6,9,6,6,5,6,5,6,8,7,7,5,5,6,6,7,7,8,6,6,8,7,7,8,7,8,10,8,8,7,7,6,9,10,11,6,8,8,7,6,18,5,5,5,5,5,5,5,5,5,5,5,5,5,5,5,5,5,5,5,5,5,5,5,5,5,5,5,5,5,5,5,5,5,5,5,5,5,5,5,5,5,5,5,5,5,5,5,5,5,5,5,5,5,5,5,5,5,5,5,5,5,5,5,5
162,874,880,882,877,861,860,853,849,886,877,880,879,870,851,860,865,903,889,864,875,870,869,870,865,892,891,891,882,882,869,875,869,913,890,890,887,880,882,879,873,918,906,895,892,896,885,887,881,896,915,904,887,894,879,900,880,930,930,920,902,891,884,895,867,7,6,5,6,5,6,5,5,6,5,5,5,7,4,5,5,7,8,6,6,5,5,6,5,8,6,6,5,7,5,5,7,6,5,5,5,6,5,6,7,7,5,6,6,7,6,7,6,7,9,8,8,5,7,6,9,10,14,9,8,7,6,7,11,5,5,5,5,5,5,5,5,5,5,5,5,5,5,5,5,5,5,5,5,5,5,5,5,5,5,5,5,5,5,5,5,5,5,5,5,5,5,5,5,5,5,5,5,5,5,5,5,5,5,5,5,5,5,5,5,5,5,5,5,5,5,5,5
163,878,879,870,874,869,850,857,855,883,887,881,872,876,863,858,855,891,890,879,879,869,872,863,864,901,890,889,887,885,874,875,869,903,898,877,890,884,878,879,870,906,891,898,909,884,883,879,886,899,897,896,892,895,895,895,885,915,903,904,910,902,887,908,865,8,8,7,6,5,5,5,6,6,5,5,5,5,5,5,4,9,6,5,6,5,5,5,5,8,6,7,5,6,7,4,9,8,6,5,6,7,7,6,8,8,7,7,7,6,6,7,8,8,9,8,6,7,6,7,9,10,11,6,7,7,7,7,17,5,5,5,5,5,5,5,5,5,5,5,5,5,5,5,5,5,5,5,5,5,5,5,5,5,5,5,5,5,5,5,5,5,5,5,5,5,5,5,5,5,5,5,5,5,5,5,5,5,5,5,5,5,5,5,5,5,5,5,5,5,5,5,5
164,886,889,873,866,863,867,846,841,890,872,878,868,871,862,858,857,876,878,871,878,867,859,863,860,875,884,884,885,875,883,868,863,900,889,890,895,895,880,876,865,912,897,910,900,907,882,872,889,907,909,900,898,891,884,895,902,933,895,910,903,897,889,892,868,8,5,5,6,4,5,5,6,7,6,5,5,5,5,6,5,7,7,7,5,4,5,6,5,7,6,5,5,5,5,5,7,8,6,5,6,5,5,6,6,8,7,5,6,9,6,6,7,8,8,7,9,6,6,7,11,10,11,8,9,7,6,8,14,5,5,5,5,5,5,5,5,5,5,5,5,5,5,5,5,5,5,5,5,5,5,5,5,5,5,5,5,5,5,5,5,5,5,5,5,5,5,5,5,5,5,5,5,5,5,5,5,5,5,5,5,5,5,5,5,5,5,5,5,5,5,5,5
165,892,874,874,862,864,849,851,864,889,869,873,866,877,875,866,858,882,899,874,877,878,876,862,863,897,894,887,880,878,873,867,864,899,897,885,887,866,875,871,882,914,893,905,896,889,901,878,875,902,914,897,902,883,894,893,897,926,918,906,895,902,895,893,881,5,6,5,6,6,6,7,6,7,5,6,6,5,5,7,7,9,6,6,5,4,6,5,5,7,6,6,6,6,6,6,6,8,6,5,5,6,6,5,7,7,7,6,7,8,8,6,7,8,10,9,6,7,6,7,12,9,9,5,9,7,7,6,12,5,5,5,5,5,5,5,5,5,5,5,5,5,5,5,5,5,5,5,5,5,5,5,5,5,5,5,5,5,5,5,5,5,5,5,5,5,5,5,5,5,5,5,5,5,5,5,5,5,5,5,5,5,5,5,5,5,5,5,5,5,5,5,5
166,876,880,870,856,857,855,861,845,875,876,872,878,870,871,863,870,900,901,884,882,871,861,863,859,891,883,885,876,877,876,874,865,901,898,889,893,885,887,876,859,909,902,896,895,899,888,879,871,902,916,898,902,888,879,889,902,921,921,914,913,901,881,907,927,6,5,5,6,4,5,6,6,6,5,4,5,7,5,5,6,7,8,5,6,5,5,5,6,8,5,6,5,6,5,6,7,7,5,4,5,7,5,5,5,8,5,6,6,8,6,7,6,7,7,8,7,7,6,7,9,10,14,5,7,9,6,6,16,5,5,5,5,5,5,5,5,5,5,5,5,5,5,5,5,5,5,5,5,5,5,5,5,5,5,5,5,5,5,5,5,5,5,5,5,5,5,5,5,5,5,5,5,5,5,5,5,5,5,5,5,5,5,5,5,5,5,5,5,5,5,5,5
167,879,880,859,865,859,869,858,849,881,883,887,872,858,844,863,856,872,879,879,888,879,873,866,877,890,898,881,890,887,880,865,862,892,900,894,883,879,877,879,878,889,896,891,898,900,886,892,886,914,910,905,901,900,894,885,873,910,900,915,915,909,894,904,879,7,6,5,7,5,5,5,5,7,5,5,5,6,5,6,5,9,6,6,6,5,5,5,5,7,7,7,5,6,5,6,9,7,7,6,7,6,5,6,7,6,6,6,7,9,7,5,8,8,7,9,8,7,6,9,7,8,9,6,8,9,7,8,10,5,5,5,5,5,5,5,5,5,5,5,5,5,5,5,5,5,5,5,5,5,5,5,5,5,5,5,5,5,5,5,5,5,5,5,5,5,5,5,5,5,5,5,5,5,5,5,5,5,5,5,5,5,5,5,5,5,5,5,5,5,5,5,5
168,880,874,873,866,868,880,847,860,874,886,878,873,863,853,864,859,885,878,868,878,871,869,865,851,905,885,887,883,877,881,870,871,898,890,888,886,881,880,878,873,905,907,901,894,887,881,888,877,901,897,908,892,894,887,885,880,907,920,922,908,910,896,907,872,6,6,5,6,5,5,6,6,8,5,6,5,6,4,6,6,9,7,6,6,5,5,5,5,9,6,6,4,5,5,5,6,10,5,5,5,6,6,5,7,7,6,6,7,6,5,7,6,9,8,7,6,6,6,6,7,9,13,6,11,8,7,7,11,5,5,5,5,5,5,5,5,5,5,5,5,5,5,5,5,5,5,5,5,5,5,5,5,5,5,5,5,5,5,5,5,5,5,5,5,5,5,5,5,5,5,5,5,5,5,5,5,5,5,5,5,5,5,5,5,5,5,5,5,5,5,5,5
169,890,877,878,869,865,870,861,849,879,886,879,872,861,866,863,859,882,905,875,878,868,876,855,858,888,890,886,876,888,876,868,872,901,903,896,887,886,887,881,878,906,912,892,896,881,883,888,871,911,911,901,889,895,891,888,891,939,935,922,916,922,912,902,888,8,7,5,8,5,5,6,6,6,6,5,6,5,5,6,4,8,7,6,5,5,5,6,6,9,7,9,5,6,6,5,9,9,7,6,6,7,5,5,5,8,6,6,7,7,6,8,7,9,11,7,8,7,5,8,9,10,10,7,9,11,7,6,13,5,5,5,5,5,5,5,5,5,5,5,5,5,5,5,5,5,5,5,5,5,5,5,5,5,5,5,5,5,5,5,5,5,5,5,5,5,5,5,5,5,5,5,5,5,5,5,5,5,5,5,5,5,5,5,5,5,5,5,5,5,5,5,5
170,878,873,866,856,869,853,861,866,887,874,874,877,867,856,856,852,888,901,883,879,869,871,871,867,892,882,885,883,883,881,872,875,907,895,892,891,888,885,882,872,892,916,895,904,891,896,879,875,910,900,902,903,885,901,897,873,930,920,904,902,900,903,898,894,6,5,6,6,5,5,5,6,6,5,5,5,6,4,5,5,8,6,5,5,5,5,6,5,6,5,6,6,5,4,5,7,9,6,4,5,5,5,6,5,6,7,5,7,8,6,7,6,8,9,6,7,6,5,7,11,8,11,7,10,8,6,7,13,5,5,5,5,5,5,5,5,5,5,5,5,5,5,5,5,5,5,5,5,5,5,5,5,5,5,5,5,5,5,5,5,5,5,5,5,5,5,5,5,5,5,5,5,5,5,5,5,5,5,5,5,5,5,5,5,5,5,5,5,5,5,5,5
171,852,877,868,863,859,864,857,851,874,873,872,870,866,862,864,862,889,886,876,884,867,874,875,865,890,891,889,881,867,879,871,857,911,904,882,884,876,879,885,863,895,908,907,890,876,883,877,890,923,904,899,904,901,891,887,883,912,912,900,934,903,914,877,887,7,6,5,7,4,6,6,7,7,5,6,5,6,5,6,5,11,7,6,5,5,5,6,6,8,6,7,6,5,5,5,7,10,6,5,7,6,6,7,5,6,6,5,7,7,5,7,7,11,10,6,8,6,6,7,8,8,12,7,11,8,7,7,12,5,5,5,5,5,5,5,5,5,5,5,5,5,5,5,5,5,5,5,5,5,5,5,5,5,5,5,5,5,5,5,5,5,5,5,5,5,5,5,5,5,5,5,5,5,5,5,5,5,5,5,5,5,5,5,5,5,5,5,5,5,5,5,5
172,887,883,866,866,865,854,850,862,891,883,872,875,852,861,866,859,886,889,872,874,866,871,859,868,906,897,891,892,889,873,874,874,910,898,892,895,891,887,874,876,896,899,903,886,891,883,884,873,905,890,903,898,890,886,893,891,921,920,907,894,906,891,897,888,6,5,6,7,5,6,5,5,6,6,5,5,5,4,6,5,7,6,5,5,5,5,4,5,7,6,6,4,6,6,6,7,8,6,4,6,8,5,5,7,6,7,6,6,6,5,8,6,7,10,7,7,8,5,7,9,8,11,5,9,8,6,6,12,5,5,5,5,5,5,5,5,5,5,5,5,5,5,5,5,5,5,5,5,5,5,5,5,5,5,5,5,5,5,5,5,5,5,5,5,5,5,5,5,5,5,5,5,5,5,5,5,5,5,5,5,5,5,5,5,5,5,5,5,5,5,5,5
173,890,867,875,870,846,854,861,853,872,873,884,872,865,863,853,854,882,881,877,879,872,875,859,855,901,897,881,880,888,878,856,872,905,907,885,896,886,885,889,870,906,898,892,894,898,890,891,875,901,909,897,902,894,877,890,909,927,918,921,903,901,897,895,858,7,6,5,6,5,5,5,6,7,6,6,6,6,6,6,7,9,9,6,5,5,5,5,5,7,5,5,5,6,5,6,6,9,5,5,5,6,5,6,5,7,7,5,7,7,6,7,7,7,9,8,6,7,6,7,11,10,13,7,10,8,7,7,12,5,5,5,5,5,5,5,5,5,5,5,5,5,5,5,5,5,5,5,5,5,5,5,5,5,5,5,5,5,5,5,5,5,5,5,5,5,5,5,5,5,5,5,5,5,5,5,5,5,5,5,5,5,5,5,5,5,5,5,5,5,5,5,5
174,895,867,871,869,850,853,848,845,880,878,871,863,862,866,861,857,881,872,881,884,876,869,866,867,906,880,890,878,882,873,867,867,915,903,892,891,885,882,871,884,919,906,902,891,890,875,894,869,909,902,904,910,892,890,893,898,924,915,925,901,903,889,893,888,8,6,6,8,4,6,5,6,7,5,5,5,6,5,5,5,7,6,7,6,6,5,5,5,7,5,5,5,5,6,5,8,12,6,5,6,6,5,5,5,7,6,5,6,7,6,6,7,8,9,9,7,7,6,8,8,7,10,6,10,8,6,7,17,5,5,5,5,5,5,5,5,5,5,5,5,5,5,5,5,5,5,5,5,5,5,5,5,5,5,5,5,5,5,5,5,5,5,5,5,5,5,5,5,5,5,5,5,5,5,5,5,5,5,5,5,5,5,5,5,5,5,5,5,5,5,5,5
175,881,865,862,868,861,851,860,857,890,881,878,871,866,864,844,861,895,885,879,882,869,862,864,870,896,886,895,883,880,873,866,876,900,890,891,896,889,884,876,863,913,895,897,896,877,887,887,884,905,918,910,900,898,890,890,870,920,914,903,901,910,903,898,879,7,6,6,7,5,6,5,8,7,5,5,5,5,4,6,6,6,7,6,7,6,6,5,5,7,6,6,5,6,6,7,9,10,5,5,6,6,6,5,8,6,7,6,6,7,7,8,6,9,11,9,10,8,7,7,10,8,15,6,10,8,7,7,11,5,5,5,5,5,5,5,5,5,5,5,5,5,5,5,5,5,5,5,5,5,5,5,5,5,5,5,5,5,5,5,5,5,5,5,5,5,5,5,5,5,5,5,5,5,5,5,5,5,5,5,5,5,5,5,5,5,5,5,5,5,5,5,5
176,887,864,871,863,863,861,840,847,887,881,868,870,874,859,864,854,892,883,877,876,864,875,863,863,883,899,888,883,872,880,866,863,911,892,891,892,878,877,868,880,902,900,898,902,895,891,875,878,900,901,899,900,892,885,890,875,918,898,904,916,899,899,898,904,7,5,5,7,5,5,5,6,6,6,4,5,6,4,5,5,9,8,5,7,5,5,5,6,6,5,6,5,5,5,6,9,7,5,5,5,6,5,5,5,6,7,6,7,8,8,6,8,8,9,6,6,6,5,7,10,8,10,7,7,7,7,7,21,5,5,5,5,5,5,5,5,5,5,5,5,5,5,5,5,5,5,5,5,5,5,5,5,5,5,5,5,5,5,5,5,5,5,5,5,5,5,5,5,5,5,5,5,5,5,5,5,5,5,5,5,5,5,5,5,5,5,5,5,5,5,5,5
177,877,861,871,858,851,861,863,846,883,883,868,878,867,859,868,863,894,884,884,876,873,868,863,865,883,878,876,885,876,886,874,852,902,901,897,895,882,890,875,858,907,915,894,892,911,879,861,871,923,908,898,893,889,904,898,889,941,927,919,909,899,897,901,878,6,6,6,6,4,6,5,6,7,8,5,6,7,5,5,6,8,8,6,7,5,5,5,5,7,6,7,4,6,5,6,6,8,5,5,7,7,6,5,6,6,6,5,6,8,6,6,7,9,8,7,9,6,7,8,8,10,11,7,8,8,7,10,15,5,5,5,5,5,5,5,5,5,5,5,5,5,5,5,5,5,5,5,5,5,5,5,5,5,5,5,5,5,5,5,5,5,5,5,5,5,5,5,5,5,5,5,5,5,5,5,5,5,5,5,5,5,5,5,5,5,5,5,5,5,5,5,5
178,875,873,872,858,860,866,850,853,892,887,873,871,874,864,867,853,879,885,872,878,874,868,859,852,902,882,891,882,881,874,866,864,903,909,891,891,884,875,883,868,908,909,897,891,884,885,880,884,913,917,898,908,890,896,895,876,923,916,909,905,899,895,893,871,7,7,5,6,4,5,6,6,6,5,5,5,5,5,6,4,7,6,5,6,5,5,5,5,7,6,7,6,6,5,5,6,8,5,6,5,5,5,6,7,7,6,5,5,7,6,6,6,7,8,6,7,6,6,7,7,11,10,8,10,8,8,7,14,5,5,5,5,5,5,5,5,5,5,5,5,5,5,5,5,5,5,5,5,5,5,5,5,5,5,5,5,5,5,5,5,5,5,5,5,5,5,5,5,5,5,5,5,5,5,5,5,5,5,5,5,5,5,5,5,5,5,5,5,5,5,5,5
179,889,869,868,867,861,869,854,851,885,876,877,874,855,858,874,871,886,890,878,884,870,858,871,869,894,899,896,875,879,866,862,864,905,888,886,903,882,889,880,872,899,897,906,885,874,881,893,878,902,915,906,904,903,894,888,873,921,892,901,918,886,883,895,878,7,6,5,6,5,6,5,7,8,5,5,5,6,5,6,6,8,6,6,6,5,6,6,6,9,7,6,6,5,5,6,6,9,5,5,7,6,6,6,7,7,7,6,8,7,7,6,8,7,11,6,7,7,6,7,11,9,12,7,10,7,6,6,14,5,5,5,5,5,5,5,5,5,5,5,5,5,5,5,5,5,5,5,5,5,5,5,5,5,5,5,5,5,5,5,5,5,5,5,5,5,5,5,5,5,5,5,5,5,5,5,5,5,5,5,5,5,5,5,5,5,5,5,5,5,5,5,5
180,890,882,860,870,862,850,854,850,881,885,870,872,865,866,859,855,874,883,878,867,862,860,864,864,894,893,883,889,872,880,864,860,900,891,899,882,889,881,878,871,894,906,891,881,895,893,880,888,923,921,881,904,896,887,903,885,925,894,900,914,901,894,911,894,8,5,4,5,5,5,5,6,6,5,4,5,6,5,5,6,9,9,6,6,4,6,5,5,7,5,6,4,6,4,5,7,10,5,5,7,5,5,6,6,6,6,5,6,6,7,6,8,9,8,8,6,7,6,8,12,8,9,7,10,6,7,8,18,5,5,5,5,5,5,5,5,5,5,5,5,5,5,5,5,5,5,5,5,5,5,5,5,5,5,5,5,5,5,5,5,5,5,5,5,5,5,5,5,5,5,5,5,5,5,5,5,5,5,5,5,5,5,5,5,5,5,5,5,5,5,5,5
181,878,874,865,860,864,862,860,867,890,884,874,869,863,861,859,864,891,876,879,881,868,872,858,864,888,899,894,875,864,868,866,850,906,885,897,875,891,877,881,878,913,901,904,897,884,883,877,875,899,896,890,897,915,898,882,892,916,906,912,882,899,887,904,889,8,6,5,6,6,6,6,6,6,5,6,5,7,5,5,6,9,8,6,7,5,5,5,5,6,7,7,5,5,5,6,7,11,5,5,6,8,5,6,6,5,7,7,7,7,5,6,7,8,9,8,9,7,6,6,10,9,13,7,9,7,6,7,13,5,5,5,5,5,5,5,5,5,5,5,5,5,5,5,5,5,5,5,5,5,5,5,5,5,5,5,5,5,5,5,5,5,5,5,5,5,5,5,5,5,5,5,5,5,5,5,5,5,5,5,5,5,5,5,5,5,5,5,5,5,5,5,5
182,883,871,871,876,862,856,856,861,865,886,877,868,874,861,861,857,877,891,888,881,878,864,859,859,906,896,878,878,882,874,868,868,893,896,890,891,881,889,853,862,920,906,909,886,897,890,876,880,906,935,902,895,889,893,888,877,910,904,916,914,896,905,916,864,6,6,5,5,5,5,5,5,7,5,5,5,5,5,5,5,7,5,6,5,5,5,4,6,7,7,6,5,6,6,6,7,7,6,5,5,7,6,5,6,6,6,6,7,8,7,6,7,8,10,7,6,5,5,8,9,10,12,5,8,8,10,7,19,5,5,5,5,5,5,5,5,5,5,5,5,5,5,5,5,5,5,5,5,5,5,5,5,5,5,5,5,5,5,5,5,5,5,5,5,5,5,5,5,5,5,5,5,5,5,5,5,5,5,5,5,5,5,5,5,5,5,5,5,5,5,5,5
183,878,878,864,870,864,850,864,857,874,880,884,871,865,866,852,849,887,895,892,887,879,873,857,866,898,890,889,883,880,879,870,863,890,903,898,896,876,882,876,877,913,901,887,903,887,889,880,865,907,927,909,888,903,894,896,885,933,916,911,893,889,897,899,892,6,5,6,7,5,6,6,6,7,6,6,5,5,5,5,6,8,8,6,7,4,5,5,5,7,6,5,6,5,5,5,8,8,5,5,7,6,4,6,7,9,8,6,8,7,7,7,5,8,9,9,9,6,6,7,10,10,14,6,8,7,7,8,12,5,5,5,5,5,5,5,5,5,5,5,5,5,5,5,5,5,5,5,5,5,5,5,5,5,5,5,5,5,5,5,5,5,5,5,5,5,5,5,5,5,5,5,5,5,5,5,5,5,5,5,5,5,5,5,5,5,5,5,5,5,5,5,5
184,878,872,863,866,866,857,855,846,882,886,875,863,869,864,859,850,889,885,875,874,865,872,860,868,898,891,879,874,883,872,876,860,906,901,887,896,883,891,880,860,905,902,908,889,899,887,888,882,906,924,902,897,895,891,884,874,917,918,911,896,890,890,892,867,6,6,5,6,5,6,6,6,5,6,5,4,5,4,5,6,10,7,7,5,5,5,5,5,7,7,7,5,5,6,5,6,7,7,5,6,7,5,5,5,5,6,6,6,7,6,7,7,7,8,7,7,8,6,7,7,9,12,6,12,7,6,6,12,5,5,5,5,5,5,5,5,5,5,5,5,5,5,5,5,5,5,5,5,5,5,5,5,5,5,5,5,5,5,5,5,5,5,5,5,5,5,5,5,5,5,5,5,5,5,5,5,5,5,5,5,5,5,5,5,5,5,5,5,5,5,5,5
185,876,874,877,867,870,854,855,853,869,886,869,882,875,861,859,854,874,901,885,878,869,873,856,854,902,885,890,890,872,869,877,870,889,899,896,884,889,881,886,879,895,898,889,893,892,887,882,891,908,908,887,893,894,898,882,896,930,941,916,900,895,885,902,910,6,6,5,8,4,6,4,6,7,6,5,4,6,5,6,7,9,7,7,6,5,5,5,6,8,6,6,6,5,6,5,7,7,6,5,5,6,4,7,6,6,6,5,7,7,6,6,9,7,8,6,9,7,5,8,10,7,19,7,11,7,8,8,18,5,5,5,5,5,5,5,5,5,5,5,5,5,5,5,5,5,5,5,5,5,5,5,5,5,5,5,5,5,5,5,5,5,5,5,5,5,5,5,5,5,5,5,5,5,5,5,5,5,5,5,5,5,5,5,5,5,5,5,5,5,5,5,5
186,883,867,861,867,870,862,853,855,878,874,871,876,866,859,855,860,901,884,888,864,871,873,872,855,903,896,881,873,884,865,872,871,902,889,896,884,879,892,875,877,906,903,900,895,894,879,885,880,901,916,897,893,892,889,890,874,929,903,911,914,897,898,900,888,8,6,5,7,5,5,5,7,8,5,5,5,5,4,5,5,10,8,6,7,4,4,5,6,8,5,5,5,6,6,6,5,8,6,5,6,6,6,4,5,8,6,6,7,6,5,5,8,7,8,7,8,6,6,7,9,11,10,6,11,9,7,7,17,5,5,5,5,5,5,5,5,5,5,5,5,5,5,5,5,5,5,5,5,5,5,5,5,5,5,5,5,5,5,5,5,5,5,5,5,5,5,5,5,5,5,5,5,5,5,5,5,5,5,5,5,5,5,5,5,5,5,5,5,5,5,5,5
187,876,883,868,869,867,853,858,851,881,884,884,870,865,860,854,836,895,882,862,885,867,864,868,866,914,897,884,876,876,879,871,864,904,896,899,892,880,879,868,864,913,909,903,902,892,892,874,883,914,885,914,897,899,888,884,880,908,927,917,906,898,897,895,863,9,7,7,6,5,5,5,6,7,5,5,5,5,5,5,5,11,8,6,6,5,5,5,6,7,7,7,6,5,5,6,8,8,6,6,4,5,5,5,7,6,6,6,7,7,6,7,6,7,11,8,8,7,5,6,9,8,12,6,10,7,7,9,19,5,5,5,5,5,5,5,5,5,5,5,5,5,5,5,5,5,5,5,5,5,5,5,5,5,5,5,5,5,5,5,5,5,5,5,5,5,5,5,5,5,5,5,5,5,5,5,5,5,5,5,5,5,5,5,5,5,5,5,5,5,5,5,5
188,884,871,883,874,859,856,861,858,891,879,866,868,866,867,855,856,906,870,888,868,868,865,859,858,899,878,888,882,883,882,866,880,909,904,901,879,885,873,875,860,906,902,901,889,907,873,879,879,918,908,921,903,897,902,897,876,913,912,915,886,885,903,894,856,7,5,5,6,4,5,5,5,7,5,5,5,4,4,5,5,7,7,7,6,5,5,5,6,7,5,6,6,6,5,5,6,8,6,5,5,6,5,5,6,7,5,6,5,8,7,6,6,9,9,6,7,7,6,8,11,9,12,6,9,6,7,7,13,5,5,5,5,5,5,5,5,5,5,5,5,5,5,5,5,5,5,5,5,5,5,5,5,5,5,5,5,5,5,5,5,5,5,5,5,5,5,5,5,5,5,5,5,5,5,5,5,5,5,5,5,5,5,5,5,5,5,5,5,5,5,5,5
189,886,876,862,862,865,862,851,850,887,859,866,871,865,872,873,858,876,885,873,878,874,858,864,862,889,896,896,882,862,881,876,868,892,897,896,899,895,889,871,890,903,900,908,899,904,887,886,870,909,905,892,911,891,897,885,886,934,920,915,907,896,903,904,921,7,7,6,7,5,6,6,7,9,5,5,6,5,4,6,5,8,8,6,6,5,5,5,6,8,5,6,6,5,5,6,11,8,6,6,6,6,6,6,5,6,6,6,7,8,6,7,8,7,9,8,8,8,6,7,10,9,9,7,10,7,7,7,16,5,5,5,5,5,5,5,5,5,5,5,5,5,5,5,5,5,5,5,5,5,5,5,5,5,5,5,5,5,5,5,5,5,5,5,5,5,5,5,5,5,5,5,5,5,5,5,5,5,5,5,5,5,5,5,5,5,5,5,5,5,5,5,5
190,876,863,875,865,857,857,858,859,897,861,873,877,870,864,862,843,889,887,883,878,872,863,856,870,889,892,886,881,882,881,874,878,886,902,888,891,881,879,878,863,905,892,889,905,899,881,880,879,909,915,907,899,898,897,894,870,947,926,916,888,906,893,887,923,7,5,6,6,4,6,5,5,6,5,5,5,5,4,5,5,6,8,5,6,6,5,5,6,6,6,5,4,5,5,5,6,8,6,5,6,6,6,5,6,7,6,5,7,7,6,5,6,7,7,8,6,6,5,8,8,11,9,6,10,8,5,7,16,5,5,5,5,5,5,5,5,5,5,5,5,5,5,5,5,5,5,5,5,5,5,5,5,5,5,5,5,5,5,5,5,5,5,5,5,5,5,5,5,5,5,5,5,5,5,5,5,5,5,5,5,5,5,5,5,5,5,5,5,5,5,5,5
191,891,882,859,870,863,848,855,859,876,875,871,874,869,848,859,863,891,875,878,881,867,863,869,863,905,889,882,872,890,880,877,865,925,896,895,891,886,887,867,868,906,903,901,904,905,883,872,875,911,917,901,907,914,885,893,874,916,927,904,914,902,904,911,893,8,7,5,8,5,5,5,6,8,5,5,5,7,5,6,6,9,9,6,6,5,6,5,5,7,7,8,5,7,4,7,7,10,7,5,6,6,6,5,7,8,5,6,7,8,6,8,6,8,9,8,6,7,7,8,10,8,10,7,8,8,7,8,17,5,5,5,5,5,5,5,5,5,5,5,5,5,5,5,5,5,5,5,5,5,5,5,5,5,5,5,5,5,5,5,5,5,5,5,5,5,5,5,5,5,5,5,5,5,5,5,5,5,5,5,5,5,5,5,5,5,5,5,5,5,5,5,5
192,888,879,865,869,864,860,862,846,884,884,874,873,876,868,862,854,900,893,884,878,869,863,867,857,897,889,885,885,877,874,871,861,911,898,894,893,884,880,880,879,918,894,891,893,884,886,881,876,924,895,896,895,896,890,882,883,926,915,905,888,904,894,904,877,9,5,5,6,5,6,6,6,6,6,5,4,6,4,5,5,9,7,5,6,4,6,5,7,8,5,7,4,6,6,5,6,9,6,5,5,6,6,5,5,6,6,5,6,7,5,6,6,7,9,6,8,6,6,7,9,7,11,6,10,7,6,8,15,5,5,5,5,5,5,5,5,5,5,5,5,5,5,5,5,5,5,5,5,5,5,5,5,5,5,5,5,5,5,5,5,5,5,5,5,5,5,5,5,5,5,5,5,5,5,5,5,5,5,5,5,5,5,5,5,5,5,5,5,5,5,5,5
193,874,873,877,870,857,864,857,847,889,876,872,872,872,865,858,846,891,872,891,881,870,869,866,853,893,891,885,881,885,878,874,870,906,893,906,890,885,881,877,861,915,895,897,884,892,896,870,872,915,916,902,905,910,896,886,891,935,930,904,924,898,894,888,869,6,6,6,5,4,5,6,7,7,5,5,5,7,6,5,6,10,6,7,6,5,6,6,7,7,6,6,5,6,7,6,8,10,6,6,7,7,5,6,5,5,6,6,6,8,6,7,7,6,8,8,7,6,6,7,10,9,15,6,10,8,7,7,13,5,5,5,5,5,5,5,5,5,5,5,5,5,5,5,5,5,5,5,5,5,5,5,5,5,5,5,5,5,5,5,5,5,5,5,5,5,5,5,5,5,5,5,5,5,5,5,5,5,5,5,5,5,5,5,5,5,5,5,5,5,5,5,5
194,869,880,874,863,869,863,857,859,889,877,875,877,877,862,861,858,894,884,875,880,867,878,870,855,897,890,890,884,888,873,877,879,905,894,888,891,875,879,881,872,914,907,893,890,892,890,872,883,920,904,905,878,888,889,881,885,912,912,918,899,910,909,910,873,5,6,4,6,5,5,6,5,5,5,5,5,5,4,5,5,9,6,5,6,5,4,5,6,7,5,6,5,5,5,5,6,8,5,5,6,7,4,6,6,8,6,6,7,7,6,5,8,9,9,7,6,7,5,6,12,7,15,6,10,7,6,6,13,5,5,5,5,5,5,5,5,5,5,5,5,5,5,5,5,5,5,5,5,5,5,5,5,5,5,5,5,5,5,5,5,5,5,5,5,5,5,5,5,5,5,5,5,5,5,5,5,5,5,5,5,5,5,5,5,5,5,5,5,5,5,5,5
195,886,882,857,869,865,869,856,838,881,889,878,874,866,853,857,853,890,889,885,880,874,874,867,866,898,880,885,883,877,869,880,878,887,895,892,896,885,890,870,862,908,899,889,902,880,890,879,880,905,894,910,888,891,888,873,896,913,924,905,905,899,899,897,884,9,5,6,8,5,5,5,5,6,6,6,6,7,5,5,5,8,6,6,7,5,6,6,5,8,6,8,5,6,6,6,7,7,6,4,7,5,6,7,7,7,6,6,7,8,6,7,7,7,8,8,9,8,7,6,9,10,11,8,10,7,6,7,16,5,5,5,5,5,5,5,5,5,5,5,5,5,5,5,5,5,5,5,5,5,5,5,5,5,5,5,5,5,5,5,5,5,5,5,5,5,5,5,5,5,5,5,5,5,5,5,5,5,5,5,5,5,5,5,5,5,5,5,5,5,5,5,5
196,883,866,865,854,858,857,848,873,896,884,869,871,864,860,860,855,882,876,884,874,870,866,862,864,876,887,882,886,880,872,859,866,899,886,890,886,892,887,867,862,909,888,899,888,881,891,873,876,910,897,900,888,893,888,892,872,923,875,911,923,912,890,897,899,7,5,4,5,4,6,5,6,6,5,4,5,7,4,5,4,8,7,6,7,5,6,5,6,8,6,7,5,5,6,6,7,6,6,5,5,8,5,5,6,5,6,6,7,6,6,6,7,8,8,8,8,6,6,6,11,8,13,6,9,7,7,6,17,5,5,5,5,5,5,5,5,5,5,5,5,5,5,5,5,5,5,5,5,5,5,5,5,5,5,5,5,5,5,5,5,5,5,5,5,5,5,5,5,5,5,5,5,5,5,5,5,5,5,5,5,5,5,5,5,5,5,5,5,5,5,5,5
197,876,869,873,866,860,853,856,843,883,875,873,866,869,858,862,862,893,906,887,875,872,872,857,860,896,891,885,886,879,885,872,878,901,892,888,891,893,879,883,884,901,910,892,902,880,881,878,884,907,901,895,903,890,885,885,877,924,896,915,901,904,898,904,899,7,6,7,6,5,7,5,7,7,5,5,5,6,5,5,5,10,8,7,7,6,5,4,6,10,6,6,6,6,5,6,7,9,5,5,6,6,5,6,5,7,6,6,8,7,6,7,7,9,10,7,7,7,6,6,8,9,13,6,9,8,7,6,16,5,5,5,5,5,5,5,5,5,5,5,5,5,5,5,5,5,5,5,5,5,5,5,5,5,5,5,5,5,5,5,5,5,5,5,5,5,5,5,5,5,5,5,5,5,5,5,5,5,5,5,5,5,5,5,5,5,5,5,5,5,5,5,5
198,872,873,874,867,862,856,859,856,894,892,872,871,868,859,868,856,863,888,879,877,866,867,860,868,905,888,882,871,885,870,874,873,887,898,887,892,866,882,866,887,909,898,895,906,885,894,895,864,910,909,885,895,891,884,880,912,921,923,921,889,900,891,892,892,6,6,5,5,5,7,5,6,6,6,5,5,5,5,6,6,8,6,6,5,5,5,5,7,9,6,6,5,6,5,6,6,8,6,4,6,6,5,5,7,7,7,5,8,7,6,6,8,7,11,6,7,6,5,6,10,10,14,6,8,8,7,7,17,5,5,5,5,5,5,5,5,5,5,5,5,5,5,5,5,5,5,5,5,5,5,5,5,5,5,5,5,5,5,5,5,5,5,5,5,5,5,5,5,5,5,5,5,5,5,5,5,5,5,5,5,5,5,5,5,5,5,5,5,5,5,5,5
199,879,863,875,866,858,856,859,851,887,881,871,867,869,866,864,858,882,880,885,873,873,873,866,862,886,900,882,895,881,880,878,866,890,900,901,889,885,871,876,875,906,892,907,898,898,888,872,885,917,909,892,905,899,889,902,873,919,900,907,912,918,902,899,873,7,5,5,7,5,6,5,6,8,6,5,5,5,5,6,5,8,8,6,6,5,6,5,6,6,5,7,5,6,6,7,7,8,7,6,7,7,7,6,6,7,7,7,7,8,6,7,7,10,7,8,7,6,6,8,10,8,12,9,8,10,7,9,13,5,5,5,5,5,5,5,5,5,5,5,5,5,5,5,5,5,5,5,5,5,5,5,5,5,5,5,5,5,5,5,5,5,5,5,5,5,5,5,5,5,5,5,5,5,5,5,5,5,5,5,5,5,5,5,5,5,5,5,5,5,5,5,5
