frame,dist_z0,dist_z1,dist_z2,dist_z3,dist_z4,dist_z5,dist_z6,dist_z7,dist_z8,dist_z9,dist_z10,dist_z11,dist_z12,dist_z13,dist_z14,dist_z15,dist_z16,dist_z17,dist_z18,dist_z19,dist_z20,dist_z21,dist_z22,dist_z23,dist_z24,dist_z25,dist_z26,dist_z27,dist_z28,dist_z29,dist_z30,dist_z31,dist_z32,dist_z33,dist_z34,dist_z35,dist_z36,dist_z37,dist_z38,dist_z39,dist_z40,dist_z41,dist_z42,dist_z43,dist_z44,dist_z45,dist_z46,dist_z47,dist_z48,dist_z49,dist_z50,dist_z51,dist_z52,dist_z53,dist_z54,dist_z55,dist_z56,dist_z57,dist_z58,dist_z59,dist_z60,dist_z61,dist_z62,dist_z63,sigma_z0,sigma_z1,sigma_z2,sigma_z3,sigma_z4,sigma_z5,sigma_z6,sigma_z7,sigma_z8,sigma_z9,sigma_z10,sigma_z11,sigma_z12,sigma_z13,sigma_z14,sigma_z15,sigma_z16,sigma_z17,sigma_z18,sigma_z19,sigma_z20,sigma_z21,sigma_z22,sigma_z23,sigma_z24,sigma_z25,sigma_z26,sigma_z27,sigma_z28,sigma_z29,sigma_z30,sigma_z31,sigma_z32,sigma_z33,sigma_z34,sigma_z35,sigma_z36,sigma_z37,sigma_z38,sigma_z39,sigma_z40,sigma_z41,sigma_z42,sigma_z43,sigma_z44,sigma_z45,sigma_z46,sigma_z47,sigma_z48,sigma_z49,sigma_z50,sigma_z51,sigma_z52,sigma_z53,sigma_z54,sigma_z55,sigma_z56,sigma_z57,sigma_z58,sigma_z59,sigma_z60,sigma_z61,sigma_z62,sigma_z63,status_z0,status_z1,status_z2,status_z3,status_z4,status_z5,status_z6,status_z7,status_z8,status_z9,status_z10,status_z11,status_z12,status_z13,status_z14,status_z15,status_z16,status_z17,status_z18,status_z19,status_z20,status_z21,status_z22,status_z23,status_z24,status_z25,status_z26,status_z27,status_z28,status_z29,status_z30,status_z31,status_z32,status_z33,status_z34,status_z35,status_z36,status_z37,status_z38,status_z39,status_z40,status_z41,status_z42,status_z43,status_z44,status_z45,status_z46,status_z47,status_z48,status_z49,status_z50,status_z51,status_z52,status_z53,status_z54,status_z55,status_z56,status_z57,status_z58,status_z59,status_z60,status_z61,status_z62,status_z63
0,675,688,668,663,660,657,647,651,703,670,674,671,657,657,654,655,691,677,686,675,670,679,663,654,695,687,682,680,680,671,657,664,711,699,690,697,690,684,680,674,717,706,711,697,697,688,676,687,710,723,703,697,697,689,690,680,708,727,721,708,712,685,698,700,5,5,4,4,4,4,3,4,5,4,4,4,3,4,4,4,5,5,5,5,4,4,4,4,6,4,5,4,4,4,4,5,6,4,4,5,5,5,4,4,6,5,6,5,5,4,5,6,6,7,6,5,5,5,5,5,7,9,5,6,5,5,5,8,5,5,5,5,5,5,5,5,5,5,5,5,5,5,5,5,5,5,5,5,5,5,5,5,5,5,5,5,5,5,5,5,5,5,5,5,5,5,5,5,5,5,5,5,5,5,5,5,5,5,5,5,5,5,5,5,5,5,5,5,5,5,5,5
1,680,667,662,664,650,653,653,655,672,682,672,665,661,654,653,653,688,685,677,675,672,661,666,663,700,694,690,677,681,675,670,659,723,695,706,692,685,679,674,677,693,702,708,695,692,684,685,688,710,703,725,706,698,692,692,685,727,711,714,715,702,703,699,692,5,5,4,4,4,4,4,5,5,4,4,4,4,4,4,4,7,6,6,5,4,4,5,4,5,4,5,4,4,4,5,5,7,4,5,5,4,5,4,5,6,6,5,5,5,4,6,6,6,7,6,6,5,5,5,6,10,7,6,7,6,5,6,12,5,5,5,5,5,5,5,5,5,5,5,5,5,5,5,5,5,5,5,5,5,5,5,5,5,5,5,5,5,5,5,5,5,5,5,5,5,5,5,5,5,5,5,5,5,5,5,5,5,5,5,5,5,5,5,5,5,5,5,5,5,5,5,5
2,683,677,677,659,661,647,656,654,681,674,671,671,667,661,658,652,692,689,686,677,666,674,658,657,697,687,696,681,683,675,681,667,704,695,700,696,683,672,678,678,709,700,699,696,697,689,684,677,717,713,703,699,700,705,688,680,718,706,717,718,707,697,698,698,5,4,4,4,4,4,4,4,5,4,4,4,4,4,4,4,5,5,4,5,4,4,4,4,5,5,4,4,4,4,5,6,6,4,4,4,4,4,4,4,5,5,4,5,5,4,4,4,7,6,6,6,5,4,5,5,7,8,5,8,5,6,6,8,5,5,5,5,5,5,5,5,5,5,5,5,5,5,5,5,5,5,5,5,5,5,5,5,5,5,5,5,5,5,5,5,5,5,5,5,5,5,5,5,5,5,5,5,5,5,5,5,5,5,5,5,5,5,5,5,5,5,5,5,5,5,5,5
3,680,677,673,667,654,655,658,650,682,682,667,669,663,664,654,653,689,689,678,673,672,672,669,665,692,688,679,682,681,667,675,666,699,691,690,683,694,685,683,675,707,702,692,695,688,685,680,691,706,706,707,711,702,698,694,687,706,732,710,708,700,697,690,688,5,4,4,5,4,4,4,5,5,5,5,5,4,4,4,4,6,6,5,4,4,5,4,4,7,4,4,4,4,4,5,5,6,4,4,5,6,5,4,5,6,5,5,6,6,4,5,7,7,7,5,5,5,5,5,6,9,8,4,7,6,5,6,8,5,5,5,5,5,5,5,5,5,5,5,5,5,5,5,5,5,5,5,5,5,5,5,5,5,5,5,5,5,5,5,5,5,5,5,5,5,5,5,5,5,5,5,5,5,5,5,5,5,5,5,5,5,5,5,5,5,5,5,5,5,5,5,5
4,679,665,664,666,660,658,655,648,678,677,673,667,661,657,653,656,679,691,673,674,672,669,670,658,692,695,687,682,671,673,666,677,699,695,689,687,683,676,678,670,707,703,702,701,694,691,686,682,720,714,706,701,702,694,700,687,717,716,709,695,698,697,697,699,4,5,4,4,4,4,4,4,4,4,5,4,4,4,3,3,6,6,5,5,3,4,3,4,5,5,5,4,4,4,4,5,6,4,4,5,4,5,4,5,5,5,4,5,5,4,5,6,5,8,7,5,6,4,5,6,7,9,5,8,6,5,5,9,5,5,5,5,5,5,5,5,5,5,5,5,5,5,5,5,5,5,5,5,5,5,5,5,5,5,5,5,5,5,5,5,5,5,5,5,5,5,5,5,5,5,5,5,5,5,5,5,5,5,5,5,5,5,5,5,5,5,5,5,5,5,5,5
5,679,680,665,658,665,662,654,646,682,669,678,671,657,656,665,660,697,689,675,667,686,671,666,663,696,694,684,678,683,668,669,661,712,705,700,683,682,686,678,673,713,704,699,698,695,687,685,678,730,713,715,699,698,689,695,684,720,726,717,690,693,696,704,687,6,5,4,4,4,4,4,5,6,4,5,5,4,4,4,5,6,6,5,4,4,5,5,4,6,5,5,4,5,4,4,5,7,5,4,5,4,5,6,4,5,5,4,5,5,4,5,6,7,7,5,6,5,5,6,5,8,7,6,7,6,7,5,11,5,5,5,5,5,5,5,5,5,5,5,5,5,5,5,5,5,5,5,5,5,5,5,5,5,5,5,5,5,5,5,5,5,5,5,5,5,5,5,5,5,5,5,5,5,5,5,5,5,5,5,5,5,5,5,5,5,5,5,5,5,5,5,5
6,680,670,665,668,663,655,649,652,688,676,674,671,664,663,660,654,698,670,682,688,672,663,663,660,688,697,688,680,674,681,676,663,698,697,699,678,681,681,675,675,714,713,701,695,687,687,672,690,706,715,711,691,700,690,691,696,717,724,709,707,707,697,690,710,5,5,4,4,3,4,4,4,4,4,4,3,4,4,4,4,6,5,4,4,3,4,4,4,6,5,5,4,4,4,4,4,5,5,4,4,4,4,4,4,5,6,4,4,6,4,5,7,6,7,5,5,5,4,7,7,6,7,5,6,5,5,6,7,5,5,5,5,5,5,5,5,5,5,5,5,5,5,5,5,5,5,5,5,5,5,5,5,5,5,5,5,5,5,5,5,5,5,5,5,5,5,5,5,5,5,5,5,5,5,5,5,5,5,5,5,5,5,5,5,5,5,5,5,5,5,5,5
7,678,683,668,657,662,655,657,650,688,682,674,662,666,663,654,658,682,686,688,680,667,668,662,666,702,685,693,685,677,675,671,675,702,695,705,682,683,678,676,673,705,711,717,691,681,683,697,694,715,708,696,693,695,696,687,705,736,726,715,708,710,691,701,675,6,5,4,5,4,5,4,5,6,5,5,4,4,4,4,4,6,7,6,5,4,5,5,5,5,5,6,4,4,4,5,5,6,4,4,4,5,5,5,5,4,5,6,6,6,5,6,5,6,6,6,5,5,5,6,5,7,9,7,7,5,6,6,9,5,5,5,5,5,5,5,5,5,5,5,5,5,5,5,5,5,5,5,5,5,5,5,5,5,5,5,5,5,5,5,5,5,5,5,5,5,5,5,5,5,5,5,5,5,5,5,5,5,5,5,5,5,5,5,5,5,5,5,5,5,5,5,5
8,670,677,666,665,659,660,647,645,685,687,677,672,678,671,664,654,684,692,683,681,670,670,667,658,697,697,687,684,675,679,661,666,691,691,697,694,683,687,670,676,714,701,698,696,681,694,685,684,711,709,701,706,701,689,699,678,717,721,712,710,696,695,707,685,5,3,4,4,4,4,4,5,5,5,3,5,3,4,4,3,6,6,4,5,4,5,4,4,6,5,5,4,3,4,4,5,6,4,4,4,5,5,5,5,5,5,4,4,6,4,5,6,6,8,6,6,6,5,5,5,7,7,5,7,6,6,7,9,5,5,5,5,5,5,5,5,5,5,5,5,5,5,5,5,5,5,5,5,5,5,5,5,5,5,5,5,5,5,5,5,5,5,5,5,5,5,5,5,5,5,5,5,5,5,5,5,5,5,5,5,5,5,5,5,5,5,5,5,5,5,5,5
9,684,668,671,667,658,654,657,641,689,683,682,668,660,660,661,645,689,688,676,689,674,668,659,665,688,696,680,680,684,676,667,658,703,705,692,694,689,684,679,668,710,709,698,702,691,686,688,671,708,713,719,702,689,694,674,680,738,731,709,699,708,702,697,705,6,5,4,4,4,4,5,5,5,5,4,4,4,4,4,4,5,6,5,5,4,4,4,5,7,5,5,4,5,4,5,6,5,5,4,5,5,5,5,5,5,5,5,5,5,5,5,6,8,8,5,6,6,5,5,7,7,10,5,6,6,5,6,11,5,5,5,5,5,5,5,5,5,5,5,5,5,5,5,5,5,5,5,5,5,5,5,5,5,5,5,5,5,5,5,5,5,5,5,5,5,5,5,5,5,5,5,5,5,5,5,5,5,5,5,5,5,5,5,5,5,5,5,5,5,5,5,5
10,672,677,664,654,662,666,661,648,682,684,678,662,679,656,656,656,689,683,684,681,674,667,669,664,700,688,692,678,679,676,674,664,693,694,691,690,687,680,680,670,714,704,708,697,690,678,683,684,716,713,710,702,712,698,688,690,720,710,714,713,699,700,708,694,5,4,4,5,4,4,4,5,5,4,4,4,5,4,4,4,8,6,4,5,4,4,4,4,5,4,5,4,4,4,4,4,6,4,4,5,5,4,4,4,5,5,5,4,6,4,4,6,5,6,6,6,6,5,6,7,7,9,6,6,7,5,7,9,5,5,5,5,5,5,5,5,5,5,5,5,5,5,5,5,5,5,5,5,5,5,5,5,5,5,5,5,5,5,5,5,5,5,5,5,5,5,5,5,5,5,5,5,5,5,5,5,5,5,5,5,5,5,5,5,5,5,5,5,5,5,5,5
11,672,674,664,662,669,655,649,650,679,671,683,672,661,670,662,660,688,686,673,666,673,671,662,663,692,694,693,680,674,677,666,662,704,697,700,692,692,681,679,676,717,702,712,708,700,685,685,693,716,711,710,703,703,697,686,696,716,704,714,708,704,691,701,696,6,4,4,4,4,4,4,4,5,4,4,4,4,3,3,4,6,5,5,4,4,5,5,4,6,5,4,4,4,4,5,5,7,4,5,5,5,4,4,5,6,5,5,6,5,4,5,6,6,7,6,7,5,4,6,7,8,8,5,7,5,6,6,8,5,5,5,5,5,5,5,5,5,5,5,5,5,5,5,5,5,5,5,5,5,5,5,5,5,5,5,5,5,5,5,5,5,5,5,5,5,5,5,5,5,5,5,5,5,5,5,5,5,5,5,5,5,5,5,5,5,5,5,5,5,5,5,5
12,679,677,667,666,658,658,652,660,686,675,670,665,666,659,662,646,691,692,683,680,668,662,661,658,693,694,683,682,679,674,679,671,702,689,687,695,685,688,678,679,703,695,700,699,689,693,679,687,707,709,707,695,698,692,682,678,727,721,720,700,705,700,688,703,5,4,4,4,4,4,4,4,5,4,5,4,4,3,3,3,5,5,3,5,3,4,4,4,6,4,5,4,4,4,5,5,6,4,4,4,5,5,4,5,5,5,5,5,5,5,6,5,6,7,5,5,5,5,5,6,7,8,5,6,7,6,6,8,5,5,5,5,5,5,5,5,5,5,5,5,5,5,5,5,5,5,5,5,5,5,5,5,5,5,5,5,5,5,5,5,5,5,5,5,5,5,5,5,5,5,5,5,5,5,5,5,5,5,5,5,5,5,5,5,5,5,5,5,5,5,5,5
13,687,676,677,659,661,656,653,654,681,681,669,673,667,659,663,666,700,681,683,677,673,669,670,659,704,691,682,680,678,671,668,666,696,698,685,692,686,688,678,672,720,712,700,695,697,684,690,679,719,709,704,705,698,697,699,685,727,717,713,716,713,681,689,697,5,4,4,4,4,4,4,4,5,4,4,4,5,4,4,5,6,6,5,5,4,5,4,4,5,4,5,4,4,5,5,5,8,5,4,5,5,5,5,4,6,6,4,5,7,5,5,6,6,6,6,5,5,5,6,6,7,8,6,9,6,5,6,9,5,5,5,5,5,5,5,5,5,5,5,5,5,5,5,5,5,5,5,5,5,5,5,5,5,5,5,5,5,5,5,5,5,5,5,5,5,5,5,5,5,5,5,5,5,5,5,5,5,5,5,5,5,5,5,5,5,5,5,5,5,5,5,5
14,680,668,671,668,661,652,655,656,674,676,671,673,662,665,655,668,684,684,682,668,678,666,668,658,688,702,697,686,680,675,672,668,700,701,688,689,689,681,678,675,710,700,707,696,708,692,688,687,713,693,705,699,703,693,698,691,720,721,713,710,706,701,697,706,6,5,4,4,4,4,4,5,5,4,4,4,4,4,3,4,6,6,4,5,4,4,4,4,6,5,4,4,5,4,5,4,5,5,4,5,5,4,5,5,5,6,5,5,6,4,5,6,6,7,6,6,5,5,5,5,7,7,5,7,6,6,6,10,5,5,5,5,5,5,5,5,5,5,5,5,5,5,5,5,5,5,5,5,5,5,5,5,5,5,5,5,5,5,5,5,5,5,5,5,5,5,5,5,5,5,5,5,5,5,5,5,5,5,5,5,5,5,5,5,5,5,5,5,5,5,5,5
15,680,673,664,657,653,656,650,653,701,682,669,678,660,665,659,654,675,695,687,673,664,672,671,655,686,703,691,689,669,676,676,672,697,701,697,687,684,681,677,678,716,714,700,691,683,682,691,681,710,702,701,696,692,690,691,694,717,723,710,708,698,701,696,685,5,4,4,5,4,4,4,5,6,5,5,4,4,4,5,4,7,6,4,5,3,5,4,4,5,5,5,5,4,4,5,5,7,5,4,5,5,4,4,5,6,5,5,5,6,5,4,5,7,6,6,5,5,5,6,6,8,8,5,8,6,6,5,9,5,5,5,5,5,5,5,5,5,5,5,5,5,5,5,5,5,5,5,5,5,5,5,5,5,5,5,5,5,5,5,5,5,5,5,5,5,5,5,5,5,5,5,5,5,5,5,5,5,5,5,5,5,5,5,5,5,5,5,5,5,5,5,5
16,678,674,673,666,663,658,659,650,681,681,673,669,669,658,667,652,687,675,688,673,672,664,662,662,702,699,680,693,682,677,680,665,697,692,697,694,686,678,670,676,704,702,709,695,689,690,665,682,707,716,695,699,692,699,698,694,724,736,710,706,705,699,699,690,6,4,4,4,4,3,4,5,5,4,3,4,4,3,4,3,6,5,4,4,4,4,3,4,5,4,4,5,4,4,4,4,8,4,4,5,5,5,4,5,5,6,5,5,6,4,4,5,5,7,6,5,5,4,5,7,8,8,5,7,6,4,6,9,5,5,5,5,5,5,5,5,5,5,5,5,5,5,5,5,5,5,5,5,5,5,5,5,5,5,5,5,5,5,5,5,5,5,5,5,5,5,5,5,5,5,5,5,5,5,5,5,5,5,5,5,5,5,5,5,5,5,5,5,5,5,5,5
17,673,676,674,670,657,659,657,656,671,677,679,664,670,657,662,653,699,684,683,676,672,669,667,667,692,702,681,675,679,679,666,669,705,697,697,693,694,678,674,664,702,698,701,699,684,685,684,681,717,716,707,700,706,685,691,701,715,712,707,706,707,708,700,714,5,6,4,5,3,4,4,5,6,5,4,4,5,4,4,4,6,5,4,5,4,5,3,4,6,5,5,4,4,5,5,5,7,4,4,6,5,5,6,5,5,5,5,5,6,6,5,6,7,8,5,6,5,5,7,7,7,8,5,7,6,5,5,10,5,5,5,5,5,5,5,5,5,5,5,5,5,5,5,5,5,5,5,5,5,5,5,5,5,5,5,5,5,5,5,5,5,5,5,5,5,5,5,5,5,5,5,5,5,5,5,5,5,5,5,5,5,5,5,5,5,5,5,5,5,5,5,5
18,669,681,669,657,662,661,657,650,688,679,670,674,665,664,662,660,692,683,682,682,670,666,657,656,697,691,687,678,677,678,673,660,695,689,693,688,690,678,678,673,706,702,702,697,690,692,683,677,713,701,703,704,700,696,693,684,733,720,710,713,713,702,701,712,5,4,3,5,3,4,4,5,5,4,4,4,4,4,4,4,5,6,4,4,3,4,4,4,4,4,5,4,4,4,5,5,6,5,4,4,5,5,4,5,5,5,5,4,5,5,5,5,6,6,6,5,5,5,6,5,7,8,6,8,5,5,6,8,5,5,5,5,5,5,5,5,5,5,5,5,5,5,5,5,5,5,5,5,5,5,5,5,5,5,5,5,5,5,5,5,5,5,5,5,5,5,5,5,5,5,5,5,5,5,5,5,5,5,5,5,5,5,5,5,5,5,5,5,5,5,5,5
19,680,672,670,670,657,659,655,648,682,687,681,669,658,663,665,656,685,687,673,675,680,666,671,665,692,700,688,676,682,676,678,672,707,699,700,689,688,678,678,667,706,688,698,707,699,696,683,682,714,715,691,705,704,689,683,683,739,719,721,711,710,703,693,696,6,5,4,4,4,4,4,5,5,6,4,4,4,4,4,4,6,6,5,5,4,5,4,4,6,4,5,4,5,5,5,5,6,5,4,5,5,4,5,5,5,5,5,6,7,5,5,6,7,7,6,7,6,5,6,8,7,8,6,8,6,5,5,10,5,5,5,5,5,5,5,5,5,5,5,5,5,5,5,5,5,5,5,5,5,5,5,5,5,5,5,5,5,5,5,5,5,5,5,5,5,5,5,5,5,5,5,5,5,5,5,5,5,5,5,5,5,5,5,5,5,5,5,5,5,5,5,5
20,673,671,666,660,659,651,653,648,686,677,682,666,670,657,661,658,693,687,673,677,675,669,666,665,698,689,686,684,680,673,664,662,715,698,697,697,683,680,687,672,708,701,705,704,700,688,682,687,717,694,714,694,687,689,687,686,728,722,708,712,708,704,705,710,5,4,4,4,4,3,4,5,5,4,4,4,4,3,4,4,6,5,4,5,4,5,4,4,6,4,5,4,4,4,4,4,6,4,4,5,5,5,4,4,5,6,4,5,6,4,6,5,8,7,6,5,4,5,5,6,8,7,4,7,5,5,6,11,5,5,5,5,5,5,5,5,5,5,5,5,5,5,5,5,5,5,5,5,5,5,5,5,5,5,5,5,5,5,5,5,5,5,5,5,5,5,5,5,5,5,5,5,5,5,5,5,5,5,5,5,5,5,5,5,5,5,5,5,5,5,5,5
21,681,685,670,668,663,659,654,648,679,678,678,669,661,657,667,654,685,675,680,677,675,668,654,659,701,684,687,675,677,673,672,667,707,687,706,689,689,674,679,669,711,709,698,696,698,689,675,679,728,710,703,693,699,691,690,696,719,725,708,688,711,701,703,681,6,4,4,4,4,4,4,5,5,5,4,5,4,3,4,4,7,5,5,5,4,4,4,4,6,4,5,4,4,4,5,4,6,4,5,5,5,4,5,4,5,5,5,5,5,4,6,6,6,7,5,6,5,5,6,7,7,7,5,7,6,6,6,9,5,5,5,5,5,5,5,5,5,5,5,5,5,5,5,5,5,5,5,5,5,5,5,5,5,5,5,5,5,5,5,5,5,5,5,5,5,5,5,5,5,5,5,5,5,5,5,5,5,5,5,5,5,5,5,5,5,5,5,5,5,5,5,5
22,673,676,665,660,662,652,657,662,687,680,677,672,666,664,664,657,682,681,681,676,672,668,667,662,688,689,690,684,675,674,670,671,704,696,697,696,686,673,667,675,700,701,693,699,693,682,678,683,721,688,709,704,695,694,694,677,719,725,717,694,709,698,712,688,5,4,4,4,3,3,4,4,5,4,4,4,4,4,3,4,7,5,5,4,3,4,5,4,5,4,5,4,4,4,5,5,6,4,4,5,5,4,4,5,5,5,5,5,6,5,5,5,5,7,5,6,5,5,5,6,8,8,5,8,5,4,6,12,5,5,5,5,5,5,5,5,5,5,5,5,5,5,5,5,5,5,5,5,5,5,5,5,5,5,5,5,5,5,5,5,5,5,5,5,5,5,5,5,5,5,5,5,5,5,5,5,5,5,5,5,5,5,5,5,5,5,5,5,5,5,5,5
23,681,674,671,663,667,657,652,652,688,677,679,669,667,665,663,660,690,693,681,675,662,668,657,661,710,686,682,681,675,677,672,670,689,689,689,689,690,675,676,670,714,713,698,698,690,688,684,679,717,691,714,701,702,687,691,693,710,710,723,715,699,707,691,709,5,4,4,5,4,4,4,4,5,5,4,4,4,4,4,4,6,6,5,5,3,4,4,4,6,4,4,4,4,5,5,4,7,5,4,5,6,5,5,5,6,5,5,6,7,5,5,5,6,9,6,6,5,5,7,7,7,7,7,7,6,6,6,11,5,5,5,5,5,5,5,5,5,5,5,5,5,5,5,5,5,5,5,5,5,5,5,5,5,5,5,5,5,5,5,5,5,5,5,5,5,5,5,5,5,5,5,5,5,5,5,5,5,5,5,5,5,5,5,5,5,5,5,5,5,5,5,5
24,677,666,657,663,653,646,655,649,675,683,676,668,666,661,654,657,709,684,678,671,672,660,663,657,702,687,698,689,682,677,663,670,715,711,686,688,683,686,683,668,720,694,707,697,692,688,694,679,728,703,713,705,697,684,699,688,726,720,720,701,705,701,696,693,5,4,4,4,4,4,4,4,5,4,4,4,4,4,4,4,7,5,4,4,3,4,4,4,5,4,4,4,4,4,4,4,7,5,5,5,4,5,4,5,5,4,5,5,5,4,5,5,6,5,5,7,5,4,5,6,9,9,6,7,6,5,5,7,5,5,5,5,5,5,5,5,5,5,5,5,5,5,5,5,5,5,5,5,5,5,5,5,5,5,5,5,5,5,5,5,5,5,5,5,5,5,5,5,5,5,5,5,5,5,5,5,5,5,5,5,5,5,5,5,5,5,5,5,5,5,5,5
25,687,677,664,663,656,659,651,645,681,671,671,669,670,661,660,648,693,681,686,674,675,663,668,664,697,680,688,685,682,680,676,663,715,695,698,696,676,684,674,683,709,695,703,702,692,688,689,678,709,721,716,705,693,690,691,695,715,724,709,709,700,713,699,674,6,5,4,4,4,4,4,4,5,4,4,5,5,4,5,4,6,5,4,5,4,4,4,4,7,4,5,4,4,5,4,5,7,5,4,5,5,5,5,5,5,5,5,6,7,5,5,5,7,7,5,6,5,6,6,6,8,7,5,6,6,6,6,8,5,5,5,5,5,5,5,5,5,5,5,5,5,5,5,5,5,5,5,5,5,5,5,5,5,5,5,5,5,5,5,5,5,5,5,5,5,5,5,5,5,5,5,5,5,5,5,5,5,5,5,5,5,5,5,5,5,5,5,5,5,5,5,5
26,674,683,665,663,655,657,655,653,684,679,681,668,660,668,653,652,692,677,684,675,667,666,663,658,704,679,691,685,679,673,660,656,702,691,692,700,688,687,680,672,707,708,707,695,690,684,674,684,710,706,701,711,696,688,682,705,733,733,717,697,702,689,699,683,5,5,5,4,4,3,4,5,5,4,4,4,4,4,4,3,7,5,5,5,4,4,4,4,5,4,5,4,4,4,4,5,5,5,4,4,5,5,4,5,5,6,6,5,6,5,5,5,6,6,6,7,5,4,5,7,6,8,6,6,5,6,5,9,5,5,5,5,5,5,5,5,5,5,5,5,5,5,5,5,5,5,5,5,5,5,5,5,5,5,5,5,5,5,5,5,5,5,5,5,5,5,5,5,5,5,5,5,5,5,5,5,5,5,5,5,5,5,5,5,5,5,5,5,5,5,5,5
27,664,680,667,661,658,657,653,659,662,684,675,671,673,660,654,655,690,699,681,679,675,671,666,662,694,694,690,689,673,681,668,657,710,700,692,692,682,689,683,668,713,691,697,703,692,694,685,691,716,715,708,702,710,686,688,695,727,705,717,698,706,697,699,706,5,4,5,4,4,4,4,6,5,5,4,4,5,4,4,4,6,6,5,5,4,5,4,5,7,5,5,5,5,5,4,6,7,5,5,5,5,4,4,4,6,4,5,5,6,5,5,5,6,7,5,5,6,5,6,6,8,8,6,7,5,7,6,9,5,5,5,5,5,5,5,5,5,5,5,5,5,5,5,5,5,5,5,5,5,5,5,5,5,5,5,5,5,5,5,5,5,5,5,5,5,5,5,5,5,5,5,5,5,5,5,5,5,5,5,5,5,5,5,5,5,5,5,5,5,5,5,5
28,675,676,672,665,656,656,651,655,683,674,673,665,658,653,659,652,696,685,670,684,674,666,665,667,685,694,691,686,675,677,668,670,707,696,692,685,683,678,680,673,705,699,707,698,699,683,678,694,723,713,707,702,687,701,678,685,723,709,716,723,704,698,691,683,5,4,4,4,4,4,4,4,5,4,4,4,4,3,3,4,6,5,4,4,4,4,4,4,5,5,4,4,4,4,5,4,6,4,4,4,4,4,4,4,5,5,5,5,6,5,4,6,6,6,5,6,5,5,5,7,7,8,5,9,5,5,6,8,5,5,5,5,5,5,5,5,5,5,5,5,5,5,5,5,5,5,5,5,5,5,5,5,5,5,5,5,5,5,5,5,5,5,5,5,5,5,5,5,5,5,5,5,5,5,5,5,5,5,5,5,5,5,5,5,5,5,5,5,5,5,5,5
29,674,676,666,662,664,660,651,650,682,676,676,670,666,656,656,660,701,691,684,682,672,663,663,663,694,682,693,687,687,670,673,668,692,698,694,697,682,684,671,671,708,705,699,694,687,684,679,686,719,716,699,691,691,687,698,678,728,728,713,698,708,700,708,690,5,4,4,4,4,4,4,5,5,4,4,4,4,4,4,4,6,6,6,5,4,4,5,5,5,4,5,4,4,4,5,7,6,4,6,5,5,5,5,5,4,6,5,5,5,4,5,6,5,6,7,6,5,6,6,6,8,9,6,8,7,5,7,10,5,5,5,5,5,5,5,5,5,5,5,5,5,5,5,5,5,5,5,5,5,5,5,5,5,5,5,5,5,5,5,5,5,5,5,5,5,5,5,5,5,5,5,5,5,5,5,5,5,5,5,5,5,5,5,5,5,5,5,5,5,5,5,5
30,675,678,674,668,660,656,656,660,677,677,676,663,662,654,657,654,692,681,675,673,680,670,658,653,682,683,686,680,685,676,667,669,706,704,698,683,679,676,673,672,710,701,697,699,694,685,681,680,712,713,705,708,698,692,688,683,734,717,712,691,709,701,691,693,5,4,4,4,3,3,4,4,6,4,3,4,4,3,4,4,5,5,5,4,4,4,4,3,5,5,5,4,4,5,4,4,5,4,4,5,4,5,5,4,5,5,5,5,5,5,5,6,7,7,4,6,5,5,5,5,7,7,5,6,5,4,5,11,5,5,5,5,5,5,5,5,5,5,5,5,5,5,5,5,5,5,5,5,5,5,5,5,5,5,5,5,5,5,5,5,5,5,5,5,5,5,5,5,5,5,5,5,5,5,5,5,5,5,5,5,5,5,5,5,5,5,5,5,5,5,5,5
31,671,671,675,666,652,655,652,647,671,677,676,671,665,654,666,653,693,687,678,682,671,660,671,662,707,693,690,675,681,673,665,657,691,689,690,685,689,684,670,673,710,711,698,693,695,691,675,673,721,728,703,701,692,695,694,691,712,712,718,716,712,701,694,704,5,5,4,4,4,4,4,5,4,4,4,4,4,4,4,4,8,6,5,4,4,4,4,4,5,4,5,4,5,4,4,5,6,4,5,5,5,4,5,4,6,5,4,6,6,4,6,5,6,8,6,5,5,5,5,7,7,7,6,7,6,5,6,11,5,5,5,5,5,5,5,5,5,5,5,5,5,5,5,5,5,5,5,5,5,5,5,5,5,5,5,5,5,5,5,5,5,5,5,5,5,5,5,5,5,5,5,5,5,5,5,5,5,5,5,5,5,5,5,5,5,5,5,5,5,5,5,5
32,675,681,665,662,660,650,647,645,685,677,674,675,672,659,664,656,694,692,678,679,672,665,661,657,693,688,679,681,683,675,662,672,704,698,689,694,686,680,676,681,711,695,698,693,689,692,671,688,721,719,712,697,699,699,687,680,716,716,720,709,700,705,709,683,4,4,4,4,4,4,4,4,5,4,4,4,5,3,3,5,6,5,5,5,3,4,4,4,6,4,5,4,4,4,4,4,5,4,4,4,4,4,4,5,5,5,5,5,7,4,5,4,5,7,5,5,6,5,6,7,7,9,6,7,6,5,6,8,5,5,5,5,5,5,5,5,5,5,5,5,5,5,5,5,5,5,5,5,5,5,5,5,5,5,5,5,5,5,5,5,5,5,5,5,5,5,5,5,5,5,5,5,5,5,5,5,5,5,5,5,5,5,5,5,5,5,5,5,5,5,5,5
33,681,665,667,666,656,667,652,653,680,679,678,669,663,659,655,646,688,679,682,680,671,669,667,668,698,690,683,679,682,671,680,666,694,702,693,694,689,683,677,675,711,701,702,702,691,679,686,670,724,709,709,704,709,690,686,680,723,735,711,703,701,702,703,703,6,4,4,4,4,4,4,4,5,4,4,4,4,4,4,4,7,5,5,5,4,5,4,4,7,5,5,4,4,4,4,5,6,5,4,4,5,5,4,5,5,5,5,5,6,5,5,5,6,7,5,6,7,5,5,6,7,10,6,8,5,4,6,15,5,5,5,5,5,5,5,5,5,5,5,5,5,5,5,5,5,5,5,5,5,5,5,5,5,5,5,5,5,5,5,5,5,5,5,5,5,5,5,5,5,5,5,5,5,5,5,5,5,5,5,5,5,5,5,5,5,5,5,5,5,5,5,5
34,689,680,669,663,655,650,654,643,682,679,669,667,665,660,651,655,695,679,678,682,673,666,660,659,694,682,693,690,676,675,678,667,702,707,705,691,682,684,682,671,710,701,703,703,695,684,687,683,707,719,707,699,690,691,698,684,725,715,713,709,710,690,692,686,4,4,4,4,4,4,4,4,6,4,4,4,4,4,4,4,9,5,4,4,3,4,4,4,6,5,5,4,4,4,5,4,6,5,4,5,5,4,4,4,5,5,5,5,6,4,4,5,6,7,6,7,4,5,4,6,9,10,5,7,5,5,5,7,5,5,5,5,5,5,5,5,5,5,5,5,5,5,5,5,5,5,5,5,5,5,5,5,5,5,5,5,5,5,5,5,5,5,5,5,5,5,5,5,5,5,5,5,5,5,5,5,5,5,5,5,5,5,5,5,5,5,5,5,5,5,5,5
35,673,676,664,659,654,657,652,647,691,674,666,668,663,664,659,654,685,683,685,683,667,670,672,671,691,692,684,683,681,682,664,663,702,692,699,689,689,681,669,680,716,707,695,702,715,687,678,685,718,713,709,695,702,699,686,703,706,716,710,709,700,693,697,688,5,4,4,4,4,4,5,4,5,4,5,4,4,4,4,4,6,6,5,5,4,4,4,5,5,5,5,4,4,5,5,5,8,4,5,4,5,4,4,5,6,5,4,5,6,4,6,7,6,6,5,5,6,4,6,6,7,8,5,7,7,6,6,7,5,5,5,5,5,5,5,5,5,5,5,5,5,5,5,5,5,5,5,5,5,5,5,5,5,5,5,5,5,5,5,5,5,5,5,5,5,5,5,5,5,5,5,5,5,5,5,5,5,5,5,5,5,5,5,5,5,5,5,5,5,5,5,5
36,673,664,674,658,659,656,652,652,680,677,676,666,666,665,658,648,676,690,682,671,670,663,664,668,695,692,692,684,679,670,680,668,699,697,696,684,681,675,676,669,700,706,702,703,692,687,687,690,721,706,705,696,707,702,708,684,721,730,711,711,712,695,695,690,5,4,4,4,4,4,4,5,5,4,4,4,4,4,4,4,6,6,4,4,4,4,4,4,6,4,5,4,4,4,4,5,5,4,4,4,4,4,5,5,5,5,5,5,6,5,5,6,7,7,5,5,5,4,5,5,7,8,4,7,5,5,7,10,5,5,5,5,5,5,5,5,5,5,5,5,5,5,5,5,5,5,5,5,5,5,5,5,5,5,5,5,5,5,5,5,5,5,5,5,5,5,5,5,5,5,5,5,5,5,5,5,5,5,5,5,5,5,5,5,5,5,5,5,5,5,5,5
37,672,674,664,654,654,661,646,654,691,675,676,675,673,659,662,660,691,685,676,679,669,676,667,654,680,690,689,682,682,671,672,673,720,700,697,692,686,684,678,673,708,707,696,710,701,699,686,674,708,715,715,687,699,685,692,689,716,709,722,701,717,699,703,694,5,5,4,5,4,4,4,5,6,5,4,5,5,4,4,4,5,6,5,5,4,4,4,4,4,5,5,4,5,4,4,5,7,4,4,4,5,5,4,5,6,6,6,6,5,5,4,5,7,7,6,5,5,5,5,6,9,9,7,7,5,6,6,8,5,5,5,5,5,5,5,5,5,5,5,5,5,5,5,5,5,5,5,5,5,5,5,5,5,5,5,5,5,5,5,5,5,5,5,5,5,5,5,5,5,5,5,5,5,5,5,5,5,5,5,5,5,5,5,5,5,5,5,5,5,5,5,5
38,680,674,670,656,664,654,649,649,686,673,680,665,670,661,662,658,687,684,681,672,671,666,669,671,700,692,693,687,677,672,678,664,700,697,692,684,700,676,682,678,707,708,699,696,694,688,681,689,707,709,707,702,706,697,690,697,720,710,709,714,708,695,690,696,4,6,4,4,3,4,4,5,5,4,4,3,4,4,3,4,6,5,5,4,4,4,3,5,6,4,5,4,4,4,5,4,7,5,4,4,4,4,4,5,5,5,5,5,5,5,5,4,6,6,6,6,5,5,5,7,7,9,5,6,6,5,6,8,5,5,5,5,5,5,5,5,5,5,5,5,5,5,5,5,5,5,5,5,5,5,5,5,5,5,5,5,5,5,5,5,5,5,5,5,5,5,5,5,5,5,5,5,5,5,5,5,5,5,5,5,5,5,5,5,5,5,5,5,5,5,5,5
39,673,672,671,666,664,647,657,653,671,686,678,667,667,664,659,651,676,689,681,675,675,671,656,660,713,692,691,685,684,678,660,666,699,692,693,674,688,693,682,673,708,696,699,697,693,686,689,675,710,719,714,697,703,700,697,697,715,720,711,724,707,692,703,702,6,5,4,4,4,4,5,5,5,5,3,4,5,4,3,4,6,6,5,5,4,4,4,4,6,5,4,4,4,4,5,5,8,5,4,4,5,4,4,5,5,5,5,5,5,5,5,6,6,8,6,5,5,7,5,8,9,9,6,8,6,6,6,9,5,5,5,5,5,5,5,5,5,5,5,5,5,5,5,5,5,5,5,5,5,5,5,5,5,5,5,5,5,5,5,5,5,5,5,5,5,5,5,5,5,5,5,5,5,5,5,5,5,5,5,5,5,5,5,5,5,5,5,5,5,5,5,5
40,678,677,668,661,657,652,649,653,686,673,676,663,669,663,656,651,684,685,677,682,677,669,666,661,696,686,691,675,678,680,674,661,704,695,701,695,689,685,672,675,711,695,691,686,699,685,682,680,716,710,714,695,699,693,686,691,711,716,709,706,699,706,690,702,5,4,4,4,4,4,4,5,5,4,3,4,4,4,4,4,5,5,6,5,4,4,5,4,5,4,5,4,4,4,4,5,5,4,4,5,5,5,5,5,6,5,5,5,6,4,5,5,7,6,6,5,5,5,5,6,6,8,6,7,6,5,7,9,5,5,5,5,5,5,5,5,5,5,5,5,5,5,5,5,5,5,5,5,5,5,5,5,5,5,5,5,5,5,5,5,5,5,5,5,5,5,5,5,5,5,5,5,5,5,5,5,5,5,5,5,5,5,5,5,5,5,5,5,5,5,5,5
41,673,676,669,666,658,654,653,645,677,686,680,673,669,658,664,656,684,684,681,679,672,666,667,658,699,696,683,689,673,677,666,669,706,700,689,691,693,681,665,682,725,707,703,695,703,690,689,676,712,732,709,705,693,702,691,692,717,711,716,708,705,697,708,699,5,5,4,4,4,3,4,5,6,5,4,4,4,4,3,4,7,5,4,5,4,5,5,4,6,5,5,5,4,4,5,4,6,6,5,4,6,4,4,5,7,7,5,5,6,5,5,6,7,7,7,7,5,5,5,7,9,8,6,7,8,6,7,9,5,5,5,5,5,5,5,5,5,5,5,5,5,5,5,5,5,5,5,5,5,5,5,5,5,5,5,5,5,5,5,5,5,5,5,5,5,5,5,5,5,5,5,5,5,5,5,5,5,5,5,5,5,5,5,5,5,5,5,5,5,5,5,5
42,674,675,667,659,657,663,650,648,678,682,677,678,674,657,659,654,681,691,672,684,675,664,666,662,687,698,688,680,673,674,667,671,697,691,682,694,681,680,676,670,712,704,704,696,689,681,690,681,721,710,712,703,700,694,683,677,722,708,710,712,692,703,699,704,4,5,4,4,4,4,4,5,5,5,4,4,4,3,4,3,5,6,5,3,4,4,3,4,5,5,4,4,4,4,5,5,6,4,4,4,5,4,4,4,5,4,5,5,6,4,5,5,7,6,5,6,4,4,6,5,8,9,5,7,5,4,5,8,5,5,5,5,5,5,5,5,5,5,5,5,5,5,5,5,5,5,5,5,5,5,5,5,5,5,5,5,5,5,5,5,5,5,5,5,5,5,5,5,5,5,5,5,5,5,5,5,5,5,5,5,5,5,5,5,5,5,5,5,5,5,5,5
43,675,677,669,654,657,659,652,647,686,680,672,669,665,662,658,655,702,689,687,681,667,659,661,659,704,688,687,676,674,676,680,671,695,700,686,694,697,685,681,673,708,712,695,692,705,686,681,681,713,709,713,708,707,689,690,676,717,718,725,701,702,699,706,694,5,4,4,4,4,4,4,5,5,4,4,4,4,4,4,4,6,6,4,5,3,4,4,4,5,4,5,4,4,4,4,5,7,6,5,4,5,5,4,5,5,6,5,5,6,4,5,6,6,9,5,6,6,6,6,7,8,9,7,7,5,5,7,10,5,5,5,5,5,5,5,5,5,5,5,5,5,5,5,5,5,5,5,5,5,5,5,5,5,5,5,5,5,5,5,5,5,5,5,5,5,5,5,5,5,5,5,5,5,5,5,5,5,5,5,5,5,5,5,5,5,5,5,5,5,5,5,5
44,671,666,666,668,662,655,645,650,679,675,670,670,659,661,652,658,689,684,672,678,673,666,668,663,697,692,686,679,681,673,679,663,703,690,694,689,688,685,670,675,703,694,698,690,701,689,677,678,719,710,694,691,693,692,699,691,712,713,714,708,716,710,705,703,4,5,4,4,4,4,4,5,4,4,4,4,4,4,4,4,6,5,4,5,4,5,4,4,6,5,5,4,4,4,5,4,7,5,4,4,4,5,4,5,5,5,4,6,5,4,5,5,6,7,5,5,5,4,5,6,7,9,5,7,5,5,6,9,5,5,5,5,5,5,5,5,5,5,5,5,5,5,5,5,5,5,5,5,5,5,5,5,5,5,5,5,5,5,5,5,5,5,5,5,5,5,5,5,5,5,5,5,5,5,5,5,5,5,5,5,5,5,5,5,5,5,5,5,5,5,5,5
45,679,680,671,659,656,665,652,651,687,681,674,664,665,657,663,655,682,686,680,683,676,663,667,667,705,692,689,677,679,676,664,674,716,690,701,691,685,680,678,671,710,705,710,684,684,688,688,681,710,703,701,703,691,689,682,681,722,724,712,703,699,684,695,685,6,4,4,5,4,4,4,5,6,5,4,4,4,4,4,4,7,6,4,5,4,4,4,4,5,5,6,4,4,4,4,4,8,5,4,4,4,5,4,5,6,5,6,5,6,4,5,6,7,7,6,6,5,4,5,6,8,8,5,10,6,5,6,8,5,5,5,5,5,5,5,5,5,5,5,5,5,5,5,5,5,5,5,5,5,5,5,5,5,5,5,5,5,5,5,5,5,5,5,5,5,5,5,5,5,5,5,5,5,5,5,5,5,5,5,5,5,5,5,5,5,5,5,5,5,5,5,5
46,683,670,670,663,663,659,654,648,693,677,680,676,657,662,659,647,692,675,687,679,676,671,667,656,699,694,680,681,682,679,666,669,690,695,701,685,687,682,684,679,707,704,697,696,695,682,688,677,714,716,711,710,694,698,700,683,727,710,714,704,699,688,689,690,6,5,4,4,3,4,4,4,6,4,4,4,4,4,5,4,6,5,4,5,4,5,3,4,6,5,4,4,4,4,4,4,5,5,4,5,5,5,4,5,5,6,4,5,7,5,5,5,7,6,5,5,5,4,5,7,8,9,5,7,5,6,5,8,5,5,5,5,5,5,5,5,5,5,5,5,5,5,5,5,5,5,5,5,5,5,5,5,5,5,5,5,5,5,5,5,5,5,5,5,5,5,5,5,5,5,5,5,5,5,5,5,5,5,5,5,5,5,5,5,5,5,5,5,5,5,5,5
47,688,677,668,663,659,654,665,652,681,685,665,675,666,656,660,654,698,673,689,677,676,674,670,665,700,694,693,681,672,675,675,659,706,691,690,694,686,689,677,669,709,707,702,693,697,688,691,687,715,720,706,709,697,688,695,687,712,717,710,702,706,696,695,695,7,5,4,5,4,3,5,4,5,5,4,4,4,4,4,4,5,6,4,5,4,5,3,5,6,4,6,4,4,4,5,5,7,4,5,4,5,5,4,5,5,6,5,5,6,4,5,5,5,8,6,5,5,5,5,6,9,9,6,7,6,6,6,10,5,5,5,5,5,5,5,5,5,5,5,5,5,5,5,5,5,5,5,5,5,5,5,5,5,5,5,5,5,5,5,5,5,5,5,5,5,5,5,5,5,5,5,5,5,5,5,5,5,5,5,5,5,5,5,5,5,5,5,5,5,5,5,5
48,682,675,664,661,646,655,662,652,687,684,671,666,666,662,664,650,678,687,674,673,678,663,663,660,700,702,681,689,679,667,672,668,704,691,698,690,686,680,675,670,708,701,698,709,702,692,688,691,719,706,708,715,694,683,687,688,722,713,721,711,698,698,695,693,5,4,4,4,3,4,5,5,6,4,5,4,4,4,4,4,6,6,4,5,4,4,5,4,4,5,5,4,4,4,4,4,5,4,4,4,5,4,5,5,5,5,5,5,4,4,5,5,5,7,6,5,5,5,6,6,8,9,6,7,6,6,5,7,5,5,5,5,5,5,5,5,5,5,5,5,5,5,5,5,5,5,5,5,5,5,5,5,5,5,5,5,5,5,5,5,5,5,5,5,5,5,5,5,5,5,5,5,5,5,5,5,5,5,5,5,5,5,5,5,5,5,5,5,5,5,5,5
49,664,683,673,669,656,659,651,649,686,675,668,667,664,669,666,650,691,685,681,678,672,667,661,671,695,687,687,677,684,671,671,668,695,697,690,684,694,682,687,673,717,701,703,702,679,694,691,674,710,715,697,703,697,687,687,696,720,709,712,722,706,699,703,685,5,4,5,5,4,4,4,5,5,4,5,4,4,4,4,3,6,6,4,5,4,5,4,5,5,5,5,4,4,4,5,5,5,5,5,5,6,4,4,5,6,5,4,5,5,5,5,5,7,6,6,6,6,4,5,7,7,9,5,7,8,5,6,9,5,5,5,5,5,5,5,5,5,5,5,5,5,5,5,5,5,5,5,5,5,5,5,5,5,5,5,5,5,5,5,5,5,5,5,5,5,5,5,5,5,5,5,5,5,5,5,5,5,5,5,5,5,5,5,5,5,5,5,5,5,5,5,5
50,681,679,667,659,655,655,649,649,683,678,668,674,668,659,659,648,679,670,676,682,675,666,661,658,704,692,688,690,682,675,673,666,700,699,691,688,683,670,668,673,694,690,704,700,692,694,683,679,719,728,715,710,698,698,693,689,716,704,714,718,700,702,689,694,5,4,4,4,4,4,3,5,5,4,4,3,4,4,4,4,6,7,4,5,4,4,4,3,5,5,5,4,4,4,4,5,4,5,4,5,5,4,4,4,5,5,6,5,5,4,4,5,6,6,6,7,5,6,4,6,8,9,5,7,6,7,5,13,5,5,5,5,5,5,5,5,5,5,5,5,5,5,5,5,5,5,5,5,5,5,5,5,5,5,5,5,5,5,5,5,5,5,5,5,5,5,5,5,5,5,5,5,5,5,5,5,5,5,5,5,5,5,5,5,5,5,5,5,5,5,5,5
51,667,671,670,670,660,658,649,652,692,677,675,669,672,661,661,653,689,684,678,681,669,664,670,659,695,690,692,689,682,666,671,655,704,698,693,689,691,680,672,674,717,700,699,701,690,680,682,684,715,698,708,690,702,690,685,698,723,724,704,712,710,693,696,696,5,5,4,4,5,4,4,4,5,4,4,4,5,4,5,4,5,6,6,5,4,4,4,5,6,5,5,5,4,4,5,5,6,5,5,5,5,5,5,5,5,5,5,6,7,5,5,6,7,6,6,5,5,4,6,6,8,8,5,6,6,6,5,9,5,5,5,5,5,5,5,5,5,5,5,5,5,5,5,5,5,5,5,5,5,5,5,5,5,5,5,5,5,5,5,5,5,5,5,5,5,5,5,5,5,5,5,5,5,5,5,5,5,5,5,5,5,5,5,5,5,5,5,5,5,5,5,5
52,668,663,668,654,666,652,656,647,692,680,673,664,667,663,657,652,696,680,687,681,665,669,667,655,694,694,683,677,678,670,672,665,702,695,686,681,684,679,684,662,707,700,698,691,688,688,679,690,734,700,691,699,700,692,695,689,721,713,713,708,702,688,703,693,4,4,4,4,4,4,4,5,5,4,4,4,4,4,4,4,5,6,4,5,3,4,4,3,6,4,5,4,4,4,5,5,7,4,4,4,5,4,4,5,5,6,4,5,6,4,5,5,6,8,5,5,5,5,5,6,8,10,6,6,5,5,6,9,5,5,5,5,5,5,5,5,5,5,5,5,5,5,5,5,5,5,5,5,5,5,5,5,5,5,5,5,5,5,5,5,5,5,5,5,5,5,5,5,5,5,5,5,5,5,5,5,5,5,5,5,5,5,5,5,5,5,5,5,5,5,5,5
53,674,677,661,657,660,647,649,647,689,684,670,671,664,663,653,655,693,686,675,678,673,669,666,668,696,699,690,674,672,676,670,660,705,692,693,689,684,682,671,666,711,696,694,698,687,688,691,687,718,709,720,703,688,699,682,677,734,733,725,717,711,688,707,694,6,5,4,5,3,4,4,5,5,4,5,4,4,4,4,3,6,5,5,5,4,4,5,4,6,5,5,4,4,4,5,5,5,4,4,5,5,5,5,4,5,5,6,5,6,6,4,5,6,6,6,5,5,6,5,6,10,10,6,8,6,5,6,10,5,5,5,5,5,5,5,5,5,5,5,5,5,5,5,5,5,5,5,5,5,5,5,5,5,5,5,5,5,5,5,5,5,5,5,5,5,5,5,5,5,5,5,5,5,5,5,5,5,5,5,5,5,5,5,5,5,5,5,5,5,5,5,5
54,674,680,672,674,648,659,652,648,674,674,682,661,670,663,655,656,693,676,681,675,672,670,671,659,704,696,687,674,687,674,679,664,714,693,697,697,685,676,683,673,720,708,699,700,693,692,689,683,705,720,712,702,695,692,704,690,704,724,719,722,710,692,697,693,6,4,5,4,4,4,4,5,4,4,4,4,4,4,4,3,6,5,5,5,4,4,4,4,5,5,5,4,4,4,5,4,6,4,4,4,4,4,4,4,6,5,5,4,5,4,4,6,6,7,5,6,5,4,5,5,7,9,6,7,5,6,6,11,5,5,5,5,5,5,5,5,5,5,5,5,5,5,5,5,5,5,5,5,5,5,5,5,5,5,5,5,5,5,5,5,5,5,5,5,5,5,5,5,5,5,5,5,5,5,5,5,5,5,5,5,5,5,5,5,5,5,5,5,5,5,5,5
55,679,679,664,653,662,654,655,655,696,668,680,670,660,653,658,650,682,685,675,668,675,661,674,664,700,687,680,688,679,676,672,668,698,697,695,690,691,682,674,671,708,709,700,697,707,684,691,674,718,729,700,695,684,697,689,679,716,704,718,714,707,702,701,690,6,4,4,5,4,4,4,5,6,4,4,4,4,4,4,4,6,5,4,5,4,4,4,4,6,4,6,5,3,4,5,5,7,5,5,4,5,5,5,5,5,6,5,5,6,4,6,5,5,10,6,6,5,5,6,7,8,9,5,7,7,5,6,7,5,5,5,5,5,5,5,5,5,5,5,5,5,5,5,5,5,5,5,5,5,5,5,5,5,5,5,5,5,5,5,5,5,5,5,5,5,5,5,5,5,5,5,5,5,5,5,5,5,5,5,5,5,5,5,5,5,5,5,5,5,5,5,5
56,677,679,670,660,662,653,652,647,692,678,679,667,658,658,654,663,696,684,687,674,674,670,666,671,702,687,683,680,685,667,673,660,704,695,692,689,681,692,677,679,709,703,693,694,686,686,687,683,726,716,707,698,706,691,689,679,723,715,717,715,694,699,702,705,5,4,4,4,4,3,4,5,5,4,4,4,4,4,4,4,5,5,5,4,4,5,4,4,5,4,4,4,5,4,5,4,5,4,4,5,5,4,4,4,5,5,4,5,6,6,4,5,6,7,6,7,6,5,5,5,7,10,6,7,6,5,6,8,5,5,5,5,5,5,5,5,5,5,5,5,5,5,5,5,5,5,5,5,5,5,5,5,5,5,5,5,5,5,5,5,5,5,5,5,5,5,5,5,5,5,5,5,5,5,5,5,5,5,5,5,5,5,5,5,5,5,5,5,5,5,5,5
57,676,675,667,662,657,656,653,654,687,681,675,675,674,662,663,657,683,685,678,674,681,673,662,658,690,695,676,684,682,679,669,673,693,693,689,693,685,684,689,677,708,702,698,704,689,684,694,680,723,718,705,699,692,687,694,695,710,722,715,716,693,692,690,700,5,4,4,4,4,4,4,4,5,4,4,5,5,4,4,4,6,7,5,4,4,5,4,4,7,5,4,4,4,4,4,4,7,4,4,4,4,5,5,5,5,5,6,5,7,5,5,5,6,7,8,6,5,4,4,7,8,9,5,8,6,6,6,12,5,5,5,5,5,5,5,5,5,5,5,5,5,5,5,5,5,5,5,5,5,5,5,5,5,5,5,5,5,5,5,5,5,5,5,5,5,5,5,5,5,5,5,5,5,5,5,5,5,5,5,5,5,5,5,5,5,5,5,5,5,5,5,5
58,678,676,669,670,650,654,654,650,684,673,662,666,658,662,654,654,694,671,673,675,675,676,669,652,697,677,681,673,683,677,670,663,704,699,690,689,681,680,679,681,701,703,699,690,697,686,686,677,707,709,707,709,708,690,691,685,726,731,715,707,699,706,700,689,4,4,4,4,4,4,4,4,5,4,4,4,4,4,3,4,5,6,5,5,4,5,4,4,6,4,5,4,4,4,5,5,6,5,4,5,4,4,4,5,5,5,5,5,5,4,5,5,6,6,5,6,5,4,5,6,8,8,5,8,6,5,6,9,5,5,5,5,5,5,5,5,5,5,5,5,5,5,5,5,5,5,5,5,5,5,5,5,5,5,5,5,5,5,5,5,5,5,5,5,5,5,5,5,5,5,5,5,5,5,5,5,5,5,5,5,5,5,5,5,5,5,5,5,5,5,5,5
59,667,671,667,654,654,659,657,650,693,683,676,666,656,659,652,651,700,690,686,683,671,669,662,671,701,694,691,686,689,672,675,668,707,694,696,684,680,678,679,675,707,706,695,704,692,690,684,691,721,712,708,703,699,695,691,690,716,724,707,703,705,693,698,699,5,5,4,4,4,4,4,4,5,5,4,4,4,4,4,4,6,6,4,4,4,4,4,5,7,5,5,5,5,4,5,5,6,5,4,5,4,4,4,4,6,6,4,5,5,5,5,5,6,6,6,7,5,5,5,6,8,7,5,6,5,7,6,8,5,5,5,5,5,5,5,5,5,5,5,5,5,5,5,5,5,5,5,5,5,5,5,5,5,5,5,5,5,5,5,5,5,5,5,5,5,5,5,5,5,5,5,5,5,5,5,5,5,5,5,5,5,5,5,5,5,5,5,5,5,5,5,5
60,680,677,664,661,654,653,655,657,676,673,679,673,666,658,656,661,683,681,679,677,674,674,662,664,700,693,683,681,674,674,675,665,703,699,703,695,697,678,681,672,717,698,697,696,694,695,681,680,707,713,706,702,707,694,692,674,723,732,717,712,701,702,705,700,5,5,4,4,4,3,4,4,4,4,4,4,4,4,4,4,6,5,5,5,3,4,4,4,5,4,5,4,4,4,5,4,7,5,4,4,6,4,4,5,6,5,5,5,6,5,5,5,6,5,5,6,6,5,4,7,7,8,5,7,5,5,6,8,5,5,5,5,5,5,5,5,5,5,5,5,5,5,5,5,5,5,5,5,5,5,5,5,5,5,5,5,5,5,5,5,5,5,5,5,5,5,5,5,5,5,5,5,5,5,5,5,5,5,5,5,5,5,5,5,5,5,5,5,5,5,5,5
61,677,675,661,667,665,660,654,648,689,675,675,670,670,661,665,660,689,686,686,675,671,670,668,659,698,688,693,686,686,674,668,674,694,696,694,690,687,677,679,681,711,709,690,702,694,684,683,676,707,706,718,711,702,698,692,690,728,720,726,714,709,694,698,699,5,5,5,4,3,4,4,5,5,4,4,4,4,4,4,4,6,6,4,5,4,5,4,4,6,5,5,5,4,4,5,5,6,5,4,4,5,4,4,5,5,6,4,6,6,4,6,6,5,7,6,4,5,6,5,7,9,11,6,7,5,6,6,8,5,5,5,5,5,5,5,5,5,5,5,5,5,5,5,5,5,5,5,5,5,5,5,5,5,5,5,5,5,5,5,5,5,5,5,5,5,5,5,5,5,5,5,5,5,5,5,5,5,5,5,5,5,5,5,5,5,5,5,5,5,5,5,5
62,676,668,669,665,659,657,651,652,689,685,668,666,664,663,661,660,688,694,682,682,681,666,670,664,691,695,690,681,676,675,665,669,710,695,698,686,684,678,678,673,716,708,704,692,696,691,686,677,711,700,697,695,691,704,700,691,733,709,721,713,704,699,710,696,5,5,4,4,4,4,4,4,5,5,5,4,4,3,4,4,5,6,4,5,4,4,4,4,6,4,5,4,4,4,5,4,7,4,4,4,5,4,5,5,6,6,5,4,5,4,6,5,7,7,6,5,5,4,5,7,7,9,6,6,6,5,6,8,5,5,5,5,5,5,5,5,5,5,5,5,5,5,5,5,5,5,5,5,5,5,5,5,5,5,5,5,5,5,5,5,5,5,5,5,5,5,5,5,5,5,5,5,5,5,5,5,5,5,5,5,5,5,5,5,5,5,5,5,5,5,5,5
63,675,666,668,662,661,660,654,647,688,676,678,667,660,661,661,655,686,679,681,680,673,667,676,649,699,693,683,680,678,679,674,669,714,694,695,692,691,684,669,672,706,702,693,693,695,688,689,680,719,727,709,703,705,695,693,681,733,725,708,702,705,698,690,700,6,5,5,4,4,4,4,4,6,4,4,5,4,4,5,4,6,5,5,5,4,4,3,5,5,4,5,4,4,5,6,5,8,5,6,5,6,5,5,5,5,5,5,5,5,5,6,5,6,8,6,6,6,6,6,6,9,11,5,7,7,5,5,8,5,5,5,5,5,5,5,5,5,5,5,5,5,5,5,5,5,5,5,5,5,5,5,5,5,5,5,5,5,5,5,5,5,5,5,5,5,5,5,5,5,5,5,5,5,5,5,5,5,5,5,5,5,5,5,5,5,5,5,5,5,5,5,5
64,685,675,666,660,659,654,653,651,682,678,668,666,665,658,649,655,683,681,670,684,668,671,665,664,696,694,692,683,680,672,667,662,705,695,688,695,676,676,679,690,707,701,705,700,687,692,684,672,719,704,708,701,693,691,695,706,724,733,715,699,698,704,698,688,6,4,4,4,4,3,4,4,5,4,4,4,4,4,4,3,5,5,4,5,4,4,5,4,6,5,5,4,4,4,5,5,6,4,4,5,4,5,4,6,5,5,5,5,5,4,5,4,5,6,7,6,6,5,5,8,8,9,6,6,6,6,6,10,5,5,5,5,5,5,5,5,5,5,5,5,5,5,5,5,5,5,5,5,5,5,5,5,5,5,5,5,5,5,5,5,5,5,5,5,5,5,5,5,5,5,5,5,5,5,5,5,5,5,5,5,5,5,5,5,5,5,5,5,5,5,5,5
65,679,672,666,666,657,659,652,651,688,684,667,676,668,659,667,666,688,682,671,679,678,662,663,661,697,688,685,693,684,678,665,667,707,697,701,698,689,679,684,671,706,695,703,703,697,687,683,673,719,705,699,709,692,694,696,678,717,736,717,694,705,703,705,674,5,5,4,4,4,4,4,5,5,4,5,5,4,4,4,5,8,6,5,5,4,4,4,4,6,4,5,5,5,5,5,5,5,5,4,4,5,4,4,5,5,5,5,5,6,5,5,5,6,6,7,5,5,5,6,7,8,9,6,7,6,5,7,9,5,5,5,5,5,5,5,5,5,5,5,5,5,5,5,5,5,5,5,5,5,5,5,5,5,5,5,5,5,5,5,5,5,5,5,5,5,5,5,5,5,5,5,5,5,5,5,5,5,5,5,5,5,5,5,5,5,5,5,5,5,5,5,5
66,675,677,674,665,671,650,652,656,686,679,664,665,667,653,662,655,694,682,678,678,670,668,665,656,704,700,690,682,686,672,665,667,711,697,703,690,695,678,677,662,714,702,713,698,700,681,677,682,702,705,711,697,691,688,697,689,710,714,720,705,704,701,700,696,5,6,5,4,4,4,4,4,5,4,4,4,4,3,4,4,6,5,5,5,3,4,4,4,5,5,5,4,4,4,4,4,6,4,4,4,6,5,4,6,5,6,5,4,5,4,5,6,5,6,5,6,5,4,6,6,6,9,6,5,5,5,6,8,5,5,5,5,5,5,5,5,5,5,5,5,5,5,5,5,5,5,5,5,5,5,5,5,5,5,5,5,5,5,5,5,5,5,5,5,5,5,5,5,5,5,5,5,5,5,5,5,5,5,5,5,5,5,5,5,5,5,5,5,5,5,5,5
67,674,675,671,669,656,657,651,650,680,678,672,670,671,657,663,656,691,683,678,673,677,675,667,664,700,687,698,686,676,673,668,679,685,696,696,693,694,690,669,681,707,702,708,696,701,693,687,672,716,718,695,701,701,690,686,679,728,724,717,712,709,690,703,663,6,5,4,5,4,4,5,5,4,5,5,4,4,4,4,4,6,5,5,5,4,5,4,5,6,5,6,4,5,4,5,6,6,4,5,4,5,4,4,5,6,6,5,5,6,4,5,4,6,8,5,6,6,5,6,6,10,10,6,6,5,6,6,10,5,5,5,5,5,5,5,5,5,5,5,5,5,5,5,5,5,5,5,5,5,5,5,5,5,5,5,5,5,5,5,5,5,5,5,5,5,5,5,5,5,5,5,5,5,5,5,5,5,5,5,5,5,5,5,5,5,5,5,5,5,5,5,5
68,675,671,669,667,654,654,647,645,686,679,681,668,668,663,662,652,700,689,684,679,667,665,660,664,694,687,683,683,676,675,668,670,710,699,698,693,685,688,677,681,708,695,697,698,694,677,676,678,728,712,708,710,693,699,691,684,730,718,720,708,714,702,698,697,5,5,4,4,4,4,3,5,5,4,4,4,4,3,4,4,6,6,3,5,3,4,4,4,6,4,5,4,4,4,5,4,6,4,4,4,4,5,5,5,4,5,4,5,5,5,5,5,5,7,5,6,5,6,5,5,8,10,6,6,6,4,6,8,5,5,5,5,5,5,5,5,5,5,5,5,5,5,5,5,5,5,5,5,5,5,5,5,5,5,5,5,5,5,5,5,5,5,5,5,5,5,5,5,5,5,5,5,5,5,5,5,5,5,5,5,5,5,5,5,5,5,5,5,5,5,5,5
69,672,677,671,648,654,658,646,643,682,674,676,666,666,657,657,655,688,691,687,680,669,670,667,648,704,691,685,685,673,675,658,660,707,692,691,695,691,681,674,674,710,701,692,686,697,686,684,681,729,723,715,698,693,701,697,680,731,701,716,719,703,695,681,708,5,4,4,5,4,4,4,4,6,4,4,5,5,4,4,4,6,6,5,6,4,5,4,4,6,5,4,4,4,4,4,5,6,5,4,5,5,4,5,5,4,5,4,5,7,5,5,6,9,7,6,6,5,6,5,8,7,7,5,6,6,6,6,8,5,5,5,5,5,5,5,5,5,5,5,5,5,5,5,5,5,5,5,5,5,5,5,5,5,5,5,5,5,5,5,5,5,5,5,5,5,5,5,5,5,5,5,5,5,5,5,5,5,5,5,5,5,5,5,5,5,5,5,5,5,5,5,5
70,665,678,663,663,653,651,649,641,682,678,674,678,667,659,650,654,687,689,682,667,677,664,664,655,690,689,692,685,676,677,665,664,708,697,691,695,686,682,677,675,705,699,704,692,688,687,686,672,725,718,708,701,701,694,691,698,722,719,715,703,705,689,703,697,4,4,4,4,4,3,3,5,7,4,3,3,4,4,4,4,8,5,4,4,4,4,5,4,6,4,5,4,4,4,5,4,6,4,4,4,5,4,5,5,5,5,5,6,6,4,4,4,6,8,5,6,5,5,6,7,8,7,5,6,6,5,6,9,5,5,5,5,5,5,5,5,5,5,5,5,5,5,5,5,5,5,5,5,5,5,5,5,5,5,5,5,5,5,5,5,5,5,5,5,5,5,5,5,5,5,5,5,5,5,5,5,5,5,5,5,5,5,5,5,5,5,5,5,5,5,5,5
71,679,673,670,666,656,662,655,652,672,678,678,680,660,658,656,656,686,682,678,679,667,666,667,659,692,691,696,685,682,680,670,666,687,698,704,694,690,679,680,676,708,707,700,699,705,680,683,686,725,698,696,700,703,696,687,675,723,715,717,708,705,691,697,696,6,4,4,4,4,3,4,4,6,4,4,5,4,4,4,5,6,5,4,6,4,5,4,4,6,4,5,4,4,4,5,6,7,5,4,4,5,4,5,5,6,5,5,5,6,5,5,5,6,6,6,6,5,5,6,7,8,9,6,7,6,6,6,8,5,5,5,5,5,5,5,5,5,5,5,5,5,5,5,5,5,5,5,5,5,5,5,5,5,5,5,5,5,5,5,5,5,5,5,5,5,5,5,5,5,5,5,5,5,5,5,5,5,5,5,5,5,5,5,5,5,5,5,5,5,5,5,5
72,683,674,670,668,654,655,655,648,684,676,676,671,670,659,647,657,689,684,683,683,674,666,666,660,698,695,690,684,680,670,669,671,699,696,698,691,680,682,682,666,713,703,701,694,682,687,681,692,720,729,703,708,692,689,691,687,727,728,716,705,697,701,702,685,5,4,4,4,3,4,3,5,5,4,4,3,4,4,4,4,5,5,4,4,3,4,4,4,6,4,5,4,4,4,5,4,6,4,4,5,4,4,4,4,4,5,5,5,5,4,5,4,6,8,6,5,4,5,5,6,8,7,5,6,6,5,6,13,5,5,5,5,5,5,5,5,5,5,5,5,5,5,5,5,5,5,5,5,5,5,5,5,5,5,5,5,5,5,5,5,5,5,5,5,5,5,5,5,5,5,5,5,5,5,5,5,5,5,5,5,5,5,5,5,5,5,5,5,5,5,5,5
73,672,665,669,666,653,657,650,642,683,680,676,674,669,656,661,658,686,684,677,668,675,671,675,661,685,701,695,689,681,675,666,671,691,703,684,687,688,672,676,679,706,702,702,700,687,688,691,686,714,726,709,712,696,694,697,681,739,714,721,712,709,706,687,682,5,4,5,5,4,4,4,5,5,5,4,4,4,4,4,5,6,5,5,4,4,5,4,4,6,5,5,5,4,5,5,4,6,4,5,5,5,4,5,4,5,6,4,6,5,5,5,6,5,8,6,5,5,5,7,6,10,10,7,7,6,5,5,8,5,5,5,5,5,5,5,5,5,5,5,5,5,5,5,5,5,5,5,5,5,5,5,5,5,5,5,5,5,5,5,5,5,5,5,5,5,5,5,5,5,5,5,5,5,5,5,5,5,5,5,5,5,5,5,5,5,5,5,5,5,5,5,5
74,671,681,673,659,647,662,650,652,681,675,672,660,670,662,652,651,683,683,679,674,673,662,665,656,692,692,689,686,674,676,661,664,703,699,691,692,690,688,679,675,708,713,699,706,694,693,685,688,707,703,709,692,704,688,699,693,727,719,714,730,701,694,695,715,5,4,4,4,3,4,4,4,5,4,5,4,4,4,4,4,6,5,5,4,4,4,4,4,6,4,5,4,3,4,4,5,5,4,5,5,4,4,5,4,5,5,4,5,5,4,5,6,7,6,5,5,6,5,4,7,9,7,6,6,6,6,5,11,5,5,5,5,5,5,5,5,5,5,5,5,5,5,5,5,5,5,5,5,5,5,5,5,5,5,5,5,5,5,5,5,5,5,5,5,5,5,5,5,5,5,5,5,5,5,5,5,5,5,5,5,5,5,5,5,5,5,5,5,5,5,5,5
75,680,674,674,670,670,654,657,654,686,689,673,669,669,657,659,654,695,685,675,688,674,667,666,660,699,691,692,676,690,673,674,678,692,704,698,693,689,676,683,678,719,711,699,691,688,687,680,691,700,718,701,698,711,697,680,694,723,724,718,726,708,697,702,699,5,4,4,5,4,4,4,5,5,4,5,5,5,4,4,4,5,6,5,4,4,4,4,4,5,4,6,4,4,4,4,6,6,5,4,5,6,4,5,5,6,6,5,6,6,5,5,5,6,6,6,6,5,6,6,7,7,8,7,8,6,5,6,9,5,5,5,5,5,5,5,5,5,5,5,5,5,5,5,5,5,5,5,5,5,5,5,5,5,5,5,5,5,5,5,5,5,5,5,5,5,5,5,5,5,5,5,5,5,5,5,5,5,5,5,5,5,5,5,5,5,5,5,5,5,5,5,5
76,681,669,670,662,655,659,657,646,687,680,676,669,663,661,655,656,685,670,684,679,679,669,656,659,702,683,683,688,671,677,660,664,707,701,687,691,685,673,682,679,707,697,704,704,680,680,689,685,710,712,700,706,699,694,695,689,734,717,711,702,710,695,691,687,5,4,3,4,4,4,4,4,6,4,4,4,4,4,4,4,7,5,4,5,4,4,4,4,6,5,5,4,4,4,4,5,6,4,4,5,5,4,4,5,5,4,5,5,5,4,5,6,6,7,6,6,5,5,5,6,8,8,5,7,6,6,5,11,5,5,5,5,5,5,5,5,5,5,5,5,5,5,5,5,5,5,5,5,5,5,5,5,5,5,5,5,5,5,5,5,5,5,5,5,5,5,5,5,5,5,5,5,5,5,5,5,5,5,5,5,5,5,5,5,5,5,5,5,5,5,5,5
77,693,680,660,660,664,653,652,656,685,675,679,672,663,657,653,654,678,687,680,683,677,673,659,652,690,692,686,677,679,680,670,655,705,709,693,679,687,688,677,678,718,706,700,687,683,691,685,678,718,716,720,693,692,688,693,687,704,719,725,708,698,714,696,696,5,4,4,4,4,4,4,5,4,4,4,5,4,4,4,4,6,6,4,5,4,5,5,5,6,4,5,4,4,4,6,5,6,6,4,4,5,5,5,4,5,6,5,5,6,4,7,6,8,8,6,6,5,5,4,6,7,8,6,6,6,6,5,9,5,5,5,5,5,5,5,5,5,5,5,5,5,5,5,5,5,5,5,5,5,5,5,5,5,5,5,5,5,5,5,5,5,5,5,5,5,5,5,5,5,5,5,5,5,5,5,5,5,5,5,5,5,5,5,5,5,5,5,5,5,5,5,5
78,685,672,665,661,658,654,663,647,691,685,683,668,663,663,659,660,697,679,679,670,674,664,668,665,688,691,687,678,683,665,668,662,691,706,687,688,679,682,682,678,712,710,703,681,694,685,679,680,714,708,715,715,702,691,688,685,728,718,713,709,709,695,694,697,7,5,4,4,4,3,4,5,5,6,4,4,4,4,4,4,5,5,4,4,4,4,4,4,5,5,5,4,4,3,5,5,6,4,4,5,5,4,4,5,5,4,5,5,5,4,6,5,7,7,5,5,5,5,6,5,6,8,5,7,6,6,5,9,5,5,5,5,5,5,5,5,5,5,5,5,5,5,5,5,5,5,5,5,5,5,5,5,5,5,5,5,5,5,5,5,5,5,5,5,5,5,5,5,5,5,5,5,5,5,5,5,5,5,5,5,5,5,5,5,5,5,5,5,5,5,5,5
79,668,659,674,666,654,657,649,652,675,678,674,678,669,657,669,662,698,685,684,680,673,666,666,660,704,683,676,689,680,676,672,665,703,699,695,687,686,676,682,677,713,707,697,703,692,685,686,686,708,724,701,708,690,700,685,696,722,708,713,694,698,710,714,701,4,4,4,5,4,5,4,4,4,4,4,4,5,4,4,4,7,5,4,5,4,4,5,5,7,5,5,4,4,4,5,4,9,4,5,5,5,4,4,5,5,6,6,5,7,4,5,6,6,7,5,6,6,6,5,7,8,8,5,6,6,7,9,8,5,5,5,5,5,5,5,5,5,5,5,5,5,5,5,5,5,5,5,5,5,5,5,5,5,5,5,5,5,5,5,5,5,5,5,5,5,5,5,5,5,5,5,5,5,5,5,5,5,5,5,5,5,5,5,5,5,5,5,5,5,5,5,5
80,680,676,666,666,656,653,649,645,679,675,672,668,673,662,657,653,691,676,675,676,676,674,667,666,683,686,685,680,678,671,679,666,689,701,684,692,686,686,673,675,709,704,708,696,687,686,678,669,711,726,707,696,699,693,701,688,723,711,706,704,707,701,705,688,6,4,4,4,4,5,4,5,5,4,4,4,4,4,4,4,7,6,4,5,4,5,4,4,5,4,4,4,4,4,5,5,7,4,4,4,5,4,4,5,4,5,5,4,6,5,6,5,6,7,6,6,5,5,4,7,7,9,5,7,5,6,6,8,5,5,5,5,5,5,5,5,5,5,5,5,5,5,5,5,5,5,5,5,5,5,5,5,5,5,5,5,5,5,5,5,5,5,5,5,5,5,5,5,5,5,5,5,5,5,5,5,5,5,5,5,5,5,5,5,5,5,5,5,5,5,5,5
81,667,683,681,662,657,656,652,645,680,673,676,670,665,658,665,660,697,690,679,680,677,666,664,650,690,687,695,687,671,672,662,662,707,693,691,688,680,685,681,671,707,707,708,699,688,690,684,679,714,717,715,699,693,697,691,692,723,718,711,709,701,711,699,700,4,5,6,4,4,4,4,5,5,4,4,5,4,4,3,5,6,6,5,5,4,4,4,4,6,4,5,4,4,4,5,5,7,5,4,4,5,5,4,4,6,5,6,5,6,5,5,6,5,7,5,6,5,5,5,6,9,9,6,7,7,5,6,7,5,5,5,5,5,5,5,5,5,5,5,5,5,5,5,5,5,5,5,5,5,5,5,5,5,5,5,5,5,5,5,5,5,5,5,5,5,5,5,5,5,5,5,5,5,5,5,5,5,5,5,5,5,5,5,5,5,5,5,5,5,5,5,5
82,678,676,676,655,651,656,655,656,676,684,682,669,657,663,661,652,691,685,667,674,667,673,661,658,688,690,691,683,680,676,665,666,704,695,701,693,687,687,677,672,722,702,700,694,700,693,679,676,710,711,707,708,700,698,684,690,734,716,710,711,694,704,699,679,4,5,5,4,4,4,4,4,5,5,3,4,3,4,4,3,6,5,4,5,3,4,4,4,6,4,5,4,4,4,4,4,5,5,4,4,5,4,4,4,6,5,5,5,5,4,5,5,6,6,5,7,5,5,6,7,7,7,6,7,6,5,5,10,5,5,5,5,5,5,5,5,5,5,5,5,5,5,5,5,5,5,5,5,5,5,5,5,5,5,5,5,5,5,5,5,5,5,5,5,5,5,5,5,5,5,5,5,5,5,5,5,5,5,5,5,5,5,5,5,5,5,5,5,5,5,5,5
83,672,678,668,665,660,655,654,649,687,679,668,668,660,658,662,651,680,692,676,676,668,666,674,667,692,691,690,687,678,675,664,667,692,692,692,690,687,681,681,681,723,706,691,696,699,701,682,681,722,705,708,692,697,692,689,704,718,726,719,712,694,706,692,701,6,5,4,4,4,4,4,5,5,4,4,4,4,4,3,4,6,6,4,5,3,5,4,4,7,4,5,4,4,4,5,4,8,5,5,5,5,5,4,6,7,5,5,4,5,5,5,7,6,7,6,6,6,5,5,7,7,8,6,7,6,6,5,7,5,5,5,5,5,5,5,5,5,5,5,5,5,5,5,5,5,5,5,5,5,5,5,5,5,5,5,5,5,5,5,5,5,5,5,5,5,5,5,5,5,5,5,5,5,5,5,5,5,5,5,5,5,5,5,5,5,5,5,5,5,5,5,5
84,677,683,670,671,663,656,653,647,685,681,673,666,658,663,655,652,692,682,675,665,671,665,662,662,702,691,695,684,681,672,671,663,699,690,689,689,688,681,674,670,710,702,698,695,687,691,692,683,725,712,695,697,698,693,682,680,713,705,708,704,700,703,705,708,5,4,4,5,4,4,4,4,4,4,4,4,4,4,4,4,6,5,4,4,4,4,3,4,6,4,4,4,4,4,5,4,6,4,4,5,6,5,4,4,6,6,4,4,6,4,6,6,5,7,6,5,5,5,5,6,7,8,5,7,6,4,6,7,5,5,5,5,5,5,5,5,5,5,5,5,5,5,5,5,5,5,5,5,5,5,5,5,5,5,5,5,5,5,5,5,5,5,5,5,5,5,5,5,5,5,5,5,5,5,5,5,5,5,5,5,5,5,5,5,5,5,5,5,5,5,5,5
85,674,673,674,662,665,667,663,643,692,676,672,675,661,662,655,655,682,687,677,670,670,668,670,666,689,690,692,685,678,673,669,670,706,701,685,688,689,686,679,674,711,706,694,699,691,682,688,693,706,697,692,704,702,694,690,695,716,713,717,700,704,703,700,701,6,5,4,4,4,4,5,5,5,4,4,4,4,4,4,4,7,5,5,5,4,4,4,4,6,4,6,4,4,4,5,5,6,5,5,5,5,5,4,4,5,5,5,5,6,6,4,6,6,6,5,6,7,6,5,6,9,11,6,7,6,6,6,9,5,5,5,5,5,5,5,5,5,5,5,5,5,5,5,5,5,5,5,5,5,5,5,5,5,5,5,5,5,5,5,5,5,5,5,5,5,5,5,5,5,5,5,5,5,5,5,5,5,5,5,5,5,5,5,5,5,5,5,5,5,5,5,5
86,675,675,664,668,659,659,658,658,677,676,676,673,670,664,651,648,695,684,677,673,677,680,664,664,700,685,682,684,673,673,671,657,698,694,689,687,685,688,681,674,706,701,696,697,688,692,679,687,728,720,705,704,696,689,693,700,725,720,712,707,706,714,689,701,5,4,4,4,4,3,4,4,4,4,4,4,4,4,4,3,6,5,4,5,4,4,5,5,5,4,5,4,4,4,5,4,6,4,5,5,4,4,4,5,5,5,5,4,6,4,5,5,6,6,6,6,4,4,5,8,8,8,5,6,5,6,5,9,5,5,5,5,5,5,5,5,5,5,5,5,5,5,5,5,5,5,5,5,5,5,5,5,5,5,5,5,5,5,5,5,5,5,5,5,5,5,5,5,5,5,5,5,5,5,5,5,5,5,5,5,5,5,5,5,5,5,5,5,5,5,5,5
87,672,675,667,670,663,658,657,647,676,686,680,657,664,658,663,664,699,687,678,670,672,672,668,660,690,683,684,677,674,677,675,659,703,689,693,693,681,685,673,668,710,707,701,706,689,689,689,681,720,712,705,703,716,692,686,691,727,725,712,708,712,710,694,682,6,4,4,4,5,4,5,5,5,5,4,4,5,4,5,4,5,5,5,4,4,4,5,4,6,5,5,4,4,4,5,5,7,4,5,4,5,5,5,5,6,6,5,6,6,5,5,5,6,6,5,7,6,6,6,8,10,8,5,7,6,6,7,8,5,5,5,5,5,5,5,5,5,5,5,5,5,5,5,5,5,5,5,5,5,5,5,5,5,5,5,5,5,5,5,5,5,5,5,5,5,5,5,5,5,5,5,5,5,5,5,5,5,5,5,5,5,5,5,5,5,5,5,5,5,5,5,5
88,679,669,674,660,654,653,650,646,695,684,669,674,663,661,658,659,683,686,672,677,670,670,670,659,694,691,693,686,683,678,675,668,699,691,693,693,690,686,676,675,716,708,702,701,693,694,683,685,707,703,707,695,695,695,695,685,726,704,713,711,710,699,700,688,5,5,4,4,4,3,4,4,5,5,4,4,4,4,4,4,5,5,4,5,4,4,4,3,7,5,5,4,4,4,5,4,7,4,4,4,5,5,5,5,6,6,4,5,5,5,5,5,5,6,5,6,6,5,5,5,7,10,6,6,5,5,6,10,5,5,5,5,5,5,5,5,5,5,5,5,5,5,5,5,5,5,5,5,5,5,5,5,5,5,5,5,5,5,5,5,5,5,5,5,5,5,5,5,5,5,5,5,5,5,5,5,5,5,5,5,5,5,5,5,5,5,5,5,5,5,5,5
89,678,682,665,673,654,650,652,648,690,685,674,675,663,661,660,655,691,689,677,677,670,663,670,660,695,688,691,683,677,676,669,667,708,707,697,693,680,681,678,675,714,698,700,701,686,693,689,681,714,696,709,699,703,696,694,705,708,717,711,710,710,695,702,684,5,5,4,5,4,5,4,5,4,5,4,5,4,4,4,4,6,6,5,5,4,4,4,4,7,5,6,4,5,4,5,4,5,6,4,4,5,5,5,5,6,6,5,5,6,4,5,6,7,6,8,6,5,5,5,7,7,8,5,8,5,6,5,11,5,5,5,5,5,5,5,5,5,5,5,5,5,5,5,5,5,5,5,5,5,5,5,5,5,5,5,5,5,5,5,5,5,5,5,5,5,5,5,5,5,5,5,5,5,5,5,5,5,5,5,5,5,5,5,5,5,5,5,5,5,5,5,5
90,685,673,668,672,658,656,657,651,677,678,676,664,669,659,663,652,688,684,682,674,672,671,663,652,693,691,688,683,677,677,669,660,706,696,693,701,682,680,679,674,711,705,711,695,681,684,683,689,719,712,708,713,687,692,690,689,719,711,716,709,706,708,697,687,6,4,4,4,4,3,4,4,6,4,3,4,4,3,3,4,7,6,4,5,4,4,5,4,6,4,5,4,4,4,5,5,5,4,4,5,5,4,4,5,5,6,5,5,6,5,5,5,5,6,5,7,4,5,6,6,7,8,5,7,6,5,6,8,5,5,5,5,5,5,5,5,5,5,5,5,5,5,5,5,5,5,5,5,5,5,5,5,5,5,5,5,5,5,5,5,5,5,5,5,5,5,5,5,5,5,5,5,5,5,5,5,5,5,5,5,5,5,5,5,5,5,5,5,5,5,5,5
91,669,677,661,663,651,646,647,669,694,676,669,666,669,661,657,650,689,686,681,686,672,670,658,665,691,689,687,686,685,679,671,666,699,700,697,689,687,690,678,673,709,704,695,694,686,692,674,676,710,715,705,703,708,698,679,704,719,714,724,707,702,701,696,691,5,4,4,5,4,4,4,5,7,4,4,4,5,4,5,4,7,5,5,6,4,4,4,5,5,4,6,4,4,4,5,5,8,6,4,5,5,5,4,5,5,5,4,5,5,4,5,6,7,7,6,6,6,5,5,7,8,12,7,7,5,5,5,10,5,5,5,5,5,5,5,5,5,5,5,5,5,5,5,5,5,5,5,5,5,5,5,5,5,5,5,5,5,5,5,5,5,5,5,5,5,5,5,5,5,5,5,5,5,5,5,5,5,5,5,5,5,5,5,5,5,5,5,5,5,5,5,5
92,671,677,665,653,653,658,656,653,691,677,682,675,667,660,654,647,693,678,674,680,670,671,657,667,699,693,690,683,675,674,667,664,700,703,689,691,685,681,685,669,708,705,702,692,686,685,686,668,724,726,713,695,692,689,693,687,720,724,720,727,704,696,694,696,4,4,4,4,4,4,3,4,5,4,3,4,4,4,4,4,6,6,4,5,3,4,4,4,5,4,5,4,4,4,4,4,6,5,5,5,5,4,4,5,4,6,5,4,6,4,5,4,6,7,5,6,5,5,5,5,7,7,5,7,5,5,6,11,5,5,5,5,5,5,5,5,5,5,5,5,5,5,5,5,5,5,5,5,5,5,5,5,5,5,5,5,5,5,5,5,5,5,5,5,5,5,5,5,5,5,5,5,5,5,5,5,5,5,5,5,5,5,5,5,5,5,5,5,5,5,5,5
93,684,677,667,668,650,650,655,654,681,677,671,664,664,666,661,662,682,682,674,665,673,663,657,655,688,685,681,687,682,680,669,663,704,700,688,692,683,680,676,665,707,700,706,701,681,690,683,689,707,719,708,693,697,703,697,692,711,716,714,705,717,702,704,692,6,4,4,5,4,5,4,4,5,4,4,4,4,5,4,4,7,5,4,5,4,4,4,4,5,4,5,4,4,4,5,5,5,4,5,4,4,4,4,5,5,5,6,4,6,5,6,4,6,8,5,6,5,6,5,7,8,8,6,8,6,4,5,7,5,5,5,5,5,5,5,5,5,5,5,5,5,5,5,5,5,5,5,5,5,5,5,5,5,5,5,5,5,5,5,5,5,5,5,5,5,5,5,5,5,5,5,5,5,5,5,5,5,5,5,5,5,5,5,5,5,5,5,5,5,5,5,5
94,674,674,664,657,654,658,648,648,679,679,663,661,668,658,653,654,695,687,674,677,672,662,663,656,698,687,694,689,680,683,668,658,697,694,700,686,692,687,682,679,711,716,701,699,682,686,667,679,713,702,708,701,694,685,683,686,717,727,719,701,701,697,704,677,5,4,4,5,3,4,4,5,5,5,4,4,4,3,4,4,6,6,5,5,4,4,4,4,6,4,4,4,4,4,5,5,6,4,4,4,5,4,4,5,5,4,5,5,6,4,5,5,7,7,5,5,5,5,5,6,7,9,5,5,6,5,5,9,5,5,5,5,5,5,5,5,5,5,5,5,5,5,5,5,5,5,5,5,5,5,5,5,5,5,5,5,5,5,5,5,5,5,5,5,5,5,5,5,5,5,5,5,5,5,5,5,5,5,5,5,5,5,5,5,5,5,5,5,5,5,5,5
95,669,674,664,670,656,651,652,665,689,686,668,670,662,663,658,653,697,693,674,675,677,676,671,661,702,687,678,676,676,687,673,660,702,699,691,684,680,688,675,676,708,706,696,685,693,690,682,676,698,704,710,700,698,684,695,680,741,725,705,707,710,692,699,687,5,4,4,4,4,5,4,5,6,5,4,5,5,4,5,4,6,6,5,5,4,4,4,4,6,4,5,4,4,5,5,5,6,4,5,5,4,5,4,5,6,6,5,5,5,4,4,5,6,6,7,5,5,4,5,5,7,9,6,8,5,5,6,10,5,5,5,5,5,5,5,5,5,5,5,5,5,5,5,5,5,5,5,5,5,5,5,5,5,5,5,5,5,5,5,5,5,5,5,5,5,5,5,5,5,5,5,5,5,5,5,5,5,5,5,5,5,5,5,5,5,5,5,5,5,5,5,5
96,676,673,673,662,657,652,658,647,676,671,673,670,663,666,648,658,700,685,688,684,669,675,663,656,696,698,690,684,679,675,672,673,696,701,692,687,680,675,685,670,714,706,704,697,679,684,688,672,714,713,705,698,710,700,702,688,721,716,716,704,701,695,697,699,6,5,4,4,4,4,4,4,4,3,3,5,4,4,4,4,5,7,4,5,4,4,4,4,7,4,4,4,4,4,5,5,6,5,4,4,4,4,4,4,5,5,5,5,5,4,6,5,6,7,6,6,6,5,5,5,7,7,6,6,5,5,5,12,5,5,5,5,5,5,5,5,5,5,5,5,5,5,5,5,5,5,5,5,5,5,5,5,5,5,5,5,5,5,5,5,5,5,5,5,5,5,5,5,5,5,5,5,5,5,5,5,5,5,5,5,5,5,5,5,5,5,5,5,5,5,5,5
97,673,671,671,675,653,643,655,652,695,680,677,666,656,668,661,657,697,682,684,668,667,677,661,658,698,695,684,687,677,677,667,669,695,699,689,700,686,679,683,682,728,698,697,703,688,688,687,683,715,713,723,708,692,696,690,686,721,730,708,722,698,687,704,699,5,4,4,5,4,4,4,5,6,5,4,5,4,4,4,4,7,6,5,4,4,4,5,4,5,5,5,4,4,4,5,4,7,4,4,5,5,5,4,4,7,5,5,5,6,5,5,5,6,8,5,6,5,6,6,7,7,10,5,8,7,6,7,8,5,5,5,5,5,5,5,5,5,5,5,5,5,5,5,5,5,5,5,5,5,5,5,5,5,5,5,5,5,5,5,5,5,5,5,5,5,5,5,5,5,5,5,5,5,5,5,5,5,5,5,5,5,5,5,5,5,5,5,5,5,5,5,5
98,680,674,667,666,660,649,647,647,683,672,676,670,662,660,649,654,680,687,678,668,683,662,658,659,683,692,683,676,682,679,677,668,704,696,686,680,687,686,672,668,712,699,702,703,701,684,685,687,717,715,701,703,707,690,695,690,720,734,721,712,693,713,707,697,5,5,4,4,4,4,4,5,5,4,4,3,4,4,4,4,5,5,4,4,4,4,4,4,5,4,5,3,4,4,4,4,6,4,4,4,5,5,4,5,5,5,5,5,5,5,5,6,6,6,7,6,6,4,5,6,8,8,5,6,6,5,7,10,5,5,5,5,5,5,5,5,5,5,5,5,5,5,5,5,5,5,5,5,5,5,5,5,5,5,5,5,5,5,5,5,5,5,5,5,5,5,5,5,5,5,5,5,5,5,5,5,5,5,5,5,5,5,5,5,5,5,5,5,5,5,5,5
99,673,677,663,666,661,659,655,653,684,687,669,669,665,663,654,654,679,688,683,674,667,664,669,652,701,683,687,690,675,673,669,666,703,705,693,689,690,687,675,678,704,709,694,706,704,682,695,681,706,716,712,707,705,701,704,691,705,720,709,705,694,707,701,690,6,5,4,5,4,4,4,6,5,5,5,4,4,4,5,4,6,5,6,5,4,5,4,4,6,5,5,4,4,4,5,5,5,6,4,5,5,6,5,5,4,6,5,5,6,5,6,6,6,7,6,7,6,6,6,7,9,10,5,7,5,6,6,12,5,5,5,5,5,5,5,5,5,5,5,5,5,5,5,5,5,5,5,5,5,5,5,5,5,5,5,5,5,5,5,5,5,5,5,5,5,5,5,5,5,5,5,5,5,5,5,5,5,5,5,5,5,5,5,5,5,5,5,5,5,5,5,5
100,672,674,665,669,657,659,645,654,683,678,674,669,667,660,659,660,691,694,680,671,673,662,668,667,691,694,685,681,674,677,674,667,697,690,690,692,692,689,681,674,720,717,694,685,688,686,683,679,730,721,710,693,699,685,682,692,721,733,712,700,706,706,701,706,6,4,4,4,4,4,4,4,5,4,4,4,4,3,3,4,5,6,4,5,3,4,4,5,6,5,5,4,4,4,5,5,7,4,5,5,5,4,4,4,5,5,4,5,5,4,4,5,5,7,4,5,5,4,5,6,7,9,6,6,7,5,6,13,5,5,5,5,5,5,5,5,5,5,5,5,5,5,5,5,5,5,5,5,5,5,5,5,5,5,5,5,5,5,5,5,5,5,5,5,5,5,5,5,5,5,5,5,5,5,5,5,5,5,5,5,5,5,5,5,5,5,5,5,5,5,5,5
101,681,675,665,663,661,653,651,651,685,671,676,673,667,657,661,648,685,707,683,674,670,664,665,657,691,694,690,683,678,681,668,660,701,693,694,692,684,683,681,678,712,713,699,697,688,694,683,680,713,708,709,698,703,696,693,692,733,721,725,704,695,704,698,701,6,4,4,4,4,4,4,5,7,4,4,4,4,4,4,4,6,5,4,5,4,5,4,4,6,5,5,4,4,4,5,5,6,5,5,5,4,5,4,5,6,4,5,5,6,5,5,7,8,7,5,6,5,6,5,7,10,8,6,8,6,5,6,9,5,5,5,5,5,5,5,5,5,5,5,5,5,5,5,5,5,5,5,5,5,5,5,5,5,5,5,5,5,5,5,5,5,5,5,5,5,5,5,5,5,5,5,5,5,5,5,5,5,5,5,5,5,5,5,5,5,5,5,5,5,5,5,5
102,671,678,669,651,661,658,650,645,684,682,669,668,666,662,651,659,689,687,684,675,678,668,655,665,685,695,691,677,677,669,661,659,706,702,697,694,687,684,671,674,716,713,693,684,694,693,695,682,719,710,719,705,696,689,691,689,724,721,705,724,704,702,690,697,5,4,4,4,3,4,4,4,5,5,4,4,4,4,4,4,7,5,4,4,4,4,4,4,6,4,5,4,4,4,4,5,5,5,4,4,5,5,4,4,5,5,5,5,7,4,5,5,5,7,6,5,5,5,6,6,7,12,5,8,6,5,6,11,5,5,5,5,5,5,5,5,5,5,5,5,5,5,5,5,5,5,5,5,5,5,5,5,5,5,5,5,5,5,5,5,5,5,5,5,5,5,5,5,5,5,5,5,5,5,5,5,5,5,5,5,5,5,5,5,5,5,5,5,5,5,5,5
103,668,672,668,667,656,655,656,659,671,677,669,671,666,662,661,649,690,682,676,679,668,668,659,654,700,691,681,680,687,673,666,656,705,685,706,688,677,685,685,677,709,701,700,705,688,692,682,695,721,725,711,695,699,697,679,683,735,725,712,698,706,704,691,688,5,5,4,5,4,3,4,4,6,4,5,3,4,4,4,4,5,5,5,4,3,5,5,4,6,4,5,4,5,4,4,5,6,4,4,5,5,5,4,5,6,5,5,6,5,5,5,4,7,7,7,5,5,5,6,6,7,8,5,6,5,5,5,12,5,5,5,5,5,5,5,5,5,5,5,5,5,5,5,5,5,5,5,5,5,5,5,5,5,5,5,5,5,5,5,5,5,5,5,5,5,5,5,5,5,5,5,5,5,5,5,5,5,5,5,5,5,5,5,5,5,5,5,5,5,5,5,5
104,671,674,661,666,663,664,652,650,682,675,671,671,656,655,653,654,681,684,682,675,676,673,664,662,704,686,679,675,677,676,663,666,692,698,698,689,691,681,682,680,714,699,701,706,696,682,680,678,705,719,697,699,696,688,692,693,729,735,718,715,695,701,695,697,4,4,4,4,4,4,4,5,4,4,4,4,4,4,4,4,7,5,4,5,4,4,4,4,5,4,4,4,4,4,4,5,5,4,4,5,5,4,4,5,5,5,4,5,5,5,5,5,6,8,6,6,5,5,5,6,8,10,6,7,6,5,5,9,5,5,5,5,5,5,5,5,5,5,5,5,5,5,5,5,5,5,5,5,5,5,5,5,5,5,5,5,5,5,5,5,5,5,5,5,5,5,5,5,5,5,5,5,5,5,5,5,5,5,5,5,5,5,5,5,5,5,5,5,5,5,5,5
105,675,667,668,665,657,651,655,642,693,675,668,671,669,665,657,654,693,683,677,669,673,666,663,658,699,698,696,682,682,677,672,665,712,692,689,684,687,684,677,666,705,701,701,697,695,692,679,681,716,713,698,692,694,699,694,685,720,709,711,714,702,696,701,693,5,5,4,4,4,4,4,4,5,4,4,4,4,4,5,4,7,7,5,5,4,4,4,5,7,5,5,4,4,5,4,5,6,4,4,5,6,4,4,4,4,5,5,5,6,4,5,6,7,6,6,5,6,6,4,7,8,9,6,8,5,5,5,11,5,5,5,5,5,5,5,5,5,5,5,5,5,5,5,5,5,5,5,5,5,5,5,5,5,5,5,5,5,5,5,5,5,5,5,5,5,5,5,5,5,5,5,5,5,5,5,5,5,5,5,5,5,5,5,5,5,5,5,5,5,5,5,5
106,676,677,671,662,655,658,650,644,680,678,679,670,666,664,658,653,695,687,681,682,678,671,667,659,698,682,680,688,676,669,684,662,707,702,684,683,674,679,670,675,705,702,701,709,696,690,691,674,720,712,699,706,713,687,684,691,716,724,708,707,699,697,706,687,5,4,4,4,4,4,4,4,5,4,4,4,4,4,3,3,6,5,5,5,4,4,3,4,7,4,5,4,4,4,4,5,6,5,4,5,4,4,5,4,5,5,5,5,5,5,5,5,6,6,6,5,4,5,5,5,7,8,5,8,6,6,7,7,5,5,5,5,5,5,5,5,5,5,5,5,5,5,5,5,5,5,5,5,5,5,5,5,5,5,5,5,5,5,5,5,5,5,5,5,5,5,5,5,5,5,5,5,5,5,5,5,5,5,5,5,5,5,5,5,5,5,5,5,5,5,5,5
107,674,676,661,655,659,652,655,647,668,691,678,662,662,666,663,653,688,691,675,674,672,669,674,660,692,693,689,677,674,673,668,672,699,699,698,686,683,678,691,681,711,697,707,697,689,690,679,686,717,712,708,704,691,697,703,689,736,721,720,709,708,708,701,687,5,4,4,4,5,4,5,4,5,4,4,4,4,4,4,4,7,7,5,5,4,4,4,4,5,5,5,5,4,4,5,5,7,5,4,5,4,5,5,6,6,5,5,5,5,4,5,6,5,7,6,6,5,5,6,7,7,8,6,7,7,6,6,10,5,5,5,5,5,5,5,5,5,5,5,5,5,5,5,5,5,5,5,5,5,5,5,5,5,5,5,5,5,5,5,5,5,5,5,5,5,5,5,5,5,5,5,5,5,5,5,5,5,5,5,5,5,5,5,5,5,5,5,5,5,5,5,5
108,666,675,664,660,659,660,651,651,681,677,667,671,677,663,668,654,681,684,677,675,669,677,665,656,696,692,687,683,685,669,666,663,709,690,699,698,690,672,679,677,707,710,697,694,688,685,683,684,706,728,708,707,696,690,692,688,721,708,727,715,707,694,701,708,4,4,4,4,3,4,4,4,5,4,4,4,5,4,4,4,6,6,4,5,4,4,3,4,6,5,4,4,4,4,4,6,6,4,4,5,5,4,4,5,4,4,4,5,6,5,5,6,5,6,6,5,5,5,5,7,8,9,5,7,7,5,7,9,5,5,5,5,5,5,5,5,5,5,5,5,5,5,5,5,5,5,5,5,5,5,5,5,5,5,5,5,5,5,5,5,5,5,5,5,5,5,5,5,5,5,5,5,5,5,5,5,5,5,5,5,5,5,5,5,5,5,5,5,5,5,5,5
109,680,662,670,663,648,651,652,651,681,679,678,663,658,658,657,660,674,684,677,682,682,672,665,661,688,690,685,676,673,672,671,665,697,697,688,690,685,686,685,676,707,697,699,700,698,680,679,680,704,718,714,702,696,699,699,701,709,724,711,704,696,705,691,705,6,5,4,4,4,4,4,5,5,5,4,4,4,4,4,4,5,6,5,5,4,5,4,4,6,5,5,4,4,4,5,4,8,4,5,6,6,5,4,5,5,5,5,5,5,5,5,6,7,8,5,6,5,6,6,7,6,8,5,8,6,5,7,8,5,5,5,5,5,5,5,5,5,5,5,5,5,5,5,5,5,5,5,5,5,5,5,5,5,5,5,5,5,5,5,5,5,5,5,5,5,5,5,5,5,5,5,5,5,5,5,5,5,5,5,5,5,5,5,5,5,5,5,5,5,5,5,5
110,674,676,668,661,660,651,650,651,681,676,675,671,663,662,659,654,678,681,677,669,676,675,666,661,696,684,683,685,688,684,672,666,704,698,695,694,688,683,679,677,708,713,704,700,686,692,689,673,701,714,712,712,707,691,695,684,720,724,710,714,708,713,701,706,5,4,4,4,3,4,4,4,5,4,4,4,4,4,4,4,7,5,4,4,4,5,4,4,6,5,4,4,4,4,5,5,5,5,4,4,4,4,4,5,6,5,5,5,5,4,5,5,6,6,5,5,5,5,7,6,7,8,5,7,5,5,6,14,5,5,5,5,5,5,5,5,5,5,5,5,5,5,5,5,5,5,5,5,5,5,5,5,5,5,5,5,5,5,5,5,5,5,5,5,5,5,5,5,5,5,5,5,5,5,5,5,5,5,5,5,5,5,5,5,5,5,5,5,5,5,5,5
111,676,674,668,668,657,656,650,655,680,669,679,662,668,659,654,656,688,678,677,684,673,666,658,661,701,695,689,688,687,682,665,668,711,700,694,695,685,686,684,667,710,713,706,698,698,685,668,697,730,714,708,697,705,684,688,700,717,732,710,708,707,706,697,675,5,5,4,5,4,4,4,4,5,4,4,4,4,4,4,4,6,5,5,5,4,5,4,4,5,5,5,5,5,4,5,5,7,5,5,5,5,5,4,4,6,6,5,5,4,5,6,5,7,7,5,6,5,6,5,7,8,9,5,7,5,5,6,10,5,5,5,5,5,5,5,5,5,5,5,5,5,5,5,5,5,5,5,5,5,5,5,5,5,5,5,5,5,5,5,5,5,5,5,5,5,5,5,5,5,5,5,5,5,5,5,5,5,5,5,5,5,5,5,5,5,5,5,5,5,5,5,5
112,681,673,665,667,659,658,647,647,675,676,681,670,662,665,658,655,696,681,681,679,668,664,663,661,699,692,684,686,683,678,674,665,704,697,698,691,693,678,676,669,705,695,702,700,691,686,676,690,725,718,709,711,687,691,689,693,733,726,724,708,714,698,699,691,5,5,4,4,4,4,3,5,4,4,4,4,4,4,4,3,5,5,4,5,3,4,4,4,5,5,5,4,4,4,5,5,6,4,4,5,5,4,4,4,7,5,5,4,6,5,5,5,5,7,5,7,5,5,5,6,8,7,7,6,5,5,5,7,5,5,5,5,5,5,5,5,5,5,5,5,5,5,5,5,5,5,5,5,5,5,5,5,5,5,5,5,5,5,5,5,5,5,5,5,5,5,5,5,5,5,5,5,5,5,5,5,5,5,5,5,5,5,5,5,5,5,5,5,5,5,5,5
113,684,668,660,666,655,656,648,651,688,686,671,668,664,661,663,655,704,682,671,680,679,658,663,661,704,687,695,683,675,675,677,670,704,702,691,688,690,673,676,674,717,692,701,693,692,694,676,683,718,705,711,714,697,697,692,685,716,724,728,705,704,700,701,685,6,5,4,4,4,5,4,4,6,5,5,5,4,4,4,4,7,6,5,4,4,5,4,4,7,5,6,5,4,4,4,5,7,5,5,5,5,4,6,5,6,5,6,5,6,5,5,6,6,6,5,5,5,5,5,8,7,8,5,8,6,5,5,11,5,5,5,5,5,5,5,5,5,5,5,5,5,5,5,5,5,5,5,5,5,5,5,5,5,5,5,5,5,5,5,5,5,5,5,5,5,5,5,5,5,5,5,5,5,5,5,5,5,5,5,5,5,5,5,5,5,5,5,5,5,5,5,5
114,669,670,672,662,652,652,650,645,689,687,676,664,663,655,659,658,694,681,677,673,679,663,662,662,701,686,677,670,681,677,661,662,715,698,697,685,681,689,681,673,711,710,715,691,692,687,688,688,722,716,703,708,694,695,691,688,723,729,717,725,703,707,696,713,4,5,4,4,4,4,3,4,5,4,4,4,4,3,4,4,6,6,5,4,4,4,4,4,5,6,5,4,4,4,4,5,6,5,4,5,4,4,4,5,5,6,5,5,6,5,5,6,6,8,7,6,4,6,6,6,7,9,6,8,5,6,5,9,5,5,5,5,5,5,5,5,5,5,5,5,5,5,5,5,5,5,5,5,5,5,5,5,5,5,5,5,5,5,5,5,5,5,5,5,5,5,5,5,5,5,5,5,5,5,5,5,5,5,5,5,5,5,5,5,5,5,5,5,5,5,5,5
115,690,670,663,671,662,658,655,657,681,682,678,673,667,657,663,649,685,689,675,680,682,666,656,664,689,698,689,682,679,673,669,665,691,698,694,699,683,679,675,675,707,706,689,696,699,697,685,676,712,708,716,698,699,684,688,692,706,713,705,713,708,699,702,702,5,5,4,5,4,4,4,4,5,4,4,5,5,4,4,4,5,6,4,4,4,4,4,4,5,6,6,4,4,4,5,4,8,4,5,5,5,5,5,4,5,4,4,5,5,5,6,6,8,7,5,5,6,5,5,8,6,8,5,7,6,6,6,9,5,5,5,5,5,5,5,5,5,5,5,5,5,5,5,5,5,5,5,5,5,5,5,5,5,5,5,5,5,5,5,5,5,5,5,5,5,5,5,5,5,5,5,5,5,5,5,5,5,5,5,5,5,5,5,5,5,5,5,5,5,5,5,5
116,668,666,668,657,661,644,652,650,695,685,674,671,659,662,661,652,682,690,679,675,667,665,667,664,685,687,691,676,684,676,667,669,696,700,694,681,681,683,675,665,718,698,704,696,696,679,681,687,713,709,706,702,700,701,683,672,712,715,718,696,704,710,697,681,5,5,4,4,4,4,3,4,6,4,4,4,4,4,4,4,6,6,5,4,4,4,4,3,5,4,5,4,4,4,4,4,7,4,4,5,4,5,5,4,6,5,5,5,4,4,4,6,7,7,5,5,5,6,5,7,7,9,6,5,4,5,5,9,5,5,5,5,5,5,5,5,5,5,5,5,5,5,5,5,5,5,5,5,5,5,5,5,5,5,5,5,5,5,5,5,5,5,5,5,5,5,5,5,5,5,5,5,5,5,5,5,5,5,5,5,5,5,5,5,5,5,5,5,5,5,5,5
117,682,659,672,670,653,654,657,657,678,683,677,669,664,661,665,660,695,691,679,685,678,668,656,660,707,697,683,684,684,668,667,668,709,701,695,688,688,673,679,674,717,691,694,701,693,681,682,682,720,706,708,702,687,695,697,702,721,707,722,712,709,706,713,699,6,4,4,5,4,4,4,5,5,5,4,4,4,4,4,4,7,5,5,4,4,5,4,4,5,5,5,4,4,4,4,5,6,5,4,5,5,4,4,5,6,5,5,6,6,5,6,6,5,6,6,6,5,6,5,10,8,9,7,8,6,5,5,7,5,5,5,5,5,5,5,5,5,5,5,5,5,5,5,5,5,5,5,5,5,5,5,5,5,5,5,5,5,5,5,5,5,5,5,5,5,5,5,5,5,5,5,5,5,5,5,5,5,5,5,5,5,5,5,5,5,5,5,5,5,5,5,5
118,673,664,662,661,657,659,646,644,683,676,676,662,666,665,661,654,689,676,676,684,667,672,662,670,701,686,688,684,686,682,677,675,692,691,696,687,690,681,672,669,712,699,706,693,686,687,686,689,696,714,713,703,692,692,694,686,710,715,723,702,726,692,697,694,5,4,4,4,3,4,4,4,4,4,4,4,4,4,4,4,5,4,5,5,4,4,4,4,5,4,5,4,4,4,6,4,6,4,4,5,5,4,5,4,5,6,5,5,6,6,4,6,5,7,6,6,4,5,5,5,7,9,6,6,6,6,5,7,5,5,5,5,5,5,5,5,5,5,5,5,5,5,5,5,5,5,5,5,5,5,5,5,5,5,5,5,5,5,5,5,5,5,5,5,5,5,5,5,5,5,5,5,5,5,5,5,5,5,5,5,5,5,5,5,5,5,5,5,5,5,5,5
119,676,678,664,660,662,655,659,647,682,684,686,673,672,658,655,647,692,680,664,676,675,669,662,645,694,697,682,680,679,679,669,659,696,703,692,682,681,680,680,679,706,711,698,682,695,691,687,674,708,711,717,708,699,694,688,705,728,726,719,701,713,711,693,694,5,4,4,4,4,4,5,5,5,4,5,4,5,4,4,4,8,5,4,5,4,4,5,4,7,4,5,5,4,4,5,5,7,5,5,5,5,5,5,5,6,6,5,6,5,5,6,5,8,8,6,7,6,5,5,6,9,9,6,6,6,6,6,8,5,5,5,5,5,5,5,5,5,5,5,5,5,5,5,5,5,5,5,5,5,5,5,5,5,5,5,5,5,5,5,5,5,5,5,5,5,5,5,5,5,5,5,5,5,5,5,5,5,5,5,5,5,5,5,5,5,5,5,5,5,5,5,5
120,675,667,665,659,652,656,652,644,683,674,677,671,667,666,656,656,685,678,683,681,669,663,667,666,688,687,686,682,686,677,667,668,692,697,695,693,691,686,684,670,713,706,710,696,699,683,688,684,698,708,716,700,683,689,698,683,725,715,721,709,702,697,697,683,5,4,4,4,4,3,4,4,4,4,4,3,4,3,4,4,6,5,4,5,3,4,4,4,5,5,5,4,4,4,5,5,7,5,4,4,5,5,4,5,6,6,5,5,5,4,4,7,5,6,5,6,4,4,5,6,7,8,6,6,6,5,5,9,5,5,5,5,5,5,5,5,5,5,5,5,5,5,5,5,5,5,5,5,5,5,5,5,5,5,5,5,5,5,5,5,5,5,5,5,5,5,5,5,5,5,5,5,5,5,5,5,5,5,5,5,5,5,5,5,5,5,5,5,5,5,5,5
121,674,673,670,662,659,650,662,652,689,673,665,674,660,655,663,660,693,682,682,688,669,661,671,667,686,699,680,681,677,681,667,686,705,701,699,684,687,683,683,679,714,696,700,695,685,692,673,678,704,704,716,710,698,693,695,684,732,719,718,720,713,704,705,699,5,4,4,4,4,4,4,5,5,4,5,4,4,4,4,4,4,5,4,4,4,4,4,4,5,5,5,5,4,5,5,5,7,5,4,5,5,5,4,5,5,5,5,5,5,4,6,6,7,6,5,7,5,5,5,7,6,8,6,7,6,5,7,10,5,5,5,5,5,5,5,5,5,5,5,5,5,5,5,5,5,5,5,5,5,5,5,5,5,5,5,5,5,5,5,5,5,5,5,5,5,5,5,5,5,5,5,5,5,5,5,5,5,5,5,5,5,5,5,5,5,5,5,5,5,5,5,5
122,674,675,664,658,659,655,649,651,682,675,670,669,666,659,662,650,694,683,684,679,674,663,657,658,696,685,689,679,673,675,666,667,701,689,691,694,687,686,691,666,705,702,706,700,695,693,679,669,721,714,709,703,680,686,697,688,734,732,707,706,700,693,700,702,5,4,4,4,4,4,4,4,5,4,3,4,4,3,4,3,5,5,4,5,4,4,4,4,6,4,5,4,4,4,4,4,6,4,5,5,5,5,4,4,5,5,5,5,4,5,5,5,6,7,5,5,6,4,5,6,10,8,6,6,6,5,5,7,5,5,5,5,5,5,5,5,5,5,5,5,5,5,5,5,5,5,5,5,5,5,5,5,5,5,5,5,5,5,5,5,5,5,5,5,5,5,5,5,5,5,5,5,5,5,5,5,5,5,5,5,5,5,5,5,5,5,5,5,5,5,5,5
123,680,674,670,658,661,659,652,655,686,666,668,667,676,657,660,652,690,692,673,679,674,672,667,666,689,699,696,674,677,671,670,671,708,697,692,693,688,681,677,679,712,706,709,705,686,684,677,672,723,710,703,705,705,691,696,695,715,719,719,710,702,689,700,697,5,4,4,5,4,4,4,4,4,4,5,4,5,4,4,4,5,5,5,5,4,4,4,5,5,5,4,4,4,4,5,4,6,5,4,5,5,4,4,5,6,6,5,6,6,5,5,5,7,6,6,6,5,5,6,7,7,9,6,6,6,6,5,7,5,5,5,5,5,5,5,5,5,5,5,5,5,5,5,5,5,5,5,5,5,5,5,5,5,5,5,5,5,5,5,5,5,5,5,5,5,5,5,5,5,5,5,5,5,5,5,5,5,5,5,5,5,5,5,5,5,5,5,5,5,5,5,5
124,685,674,667,663,666,652,644,643,676,670,681,671,667,664,660,653,688,689,679,675,672,668,665,661,694,690,695,680,679,669,667,663,698,698,690,696,679,683,682,667,713,706,702,686,696,696,684,677,712,717,717,700,696,689,678,693,720,720,719,717,699,695,706,682,6,5,4,4,4,4,4,4,5,4,4,4,4,4,4,4,5,6,5,5,4,5,4,4,5,4,4,4,4,3,4,4,6,4,4,4,4,5,4,4,5,5,5,5,5,4,4,5,6,7,5,6,5,5,5,6,8,9,6,8,6,6,6,10,5,5,5,5,5,5,5,5,5,5,5,5,5,5,5,5,5,5,5,5,5,5,5,5,5,5,5,5,5,5,5,5,5,5,5,5,5,5,5,5,5,5,5,5,5,5,5,5,5,5,5,5,5,5,5,5,5,5,5,5,5,5,5,5
125,678,665,672,664,663,658,652,641,681,684,672,668,664,660,657,656,687,684,674,676,666,663,666,666,687,690,690,697,681,677,670,661,703,691,697,698,691,687,674,680,710,710,702,698,695,680,688,677,701,719,716,705,699,693,699,685,727,726,719,714,683,696,703,689,6,5,4,4,3,4,4,4,5,5,4,4,4,4,4,4,7,6,5,5,4,4,4,4,7,5,6,6,4,4,5,5,8,5,5,5,5,4,5,5,6,5,5,5,5,5,5,6,6,6,6,5,5,6,6,6,9,8,6,8,6,5,6,9,5,5,5,5,5,5,5,5,5,5,5,5,5,5,5,5,5,5,5,5,5,5,5,5,5,5,5,5,5,5,5,5,5,5,5,5,5,5,5,5,5,5,5,5,5,5,5,5,5,5,5,5,5,5,5,5,5,5,5,5,5,5,5,5
126,681,680,670,667,657,655,650,654,682,675,673,666,671,655,658,657,683,690,674,679,671,667,659,666,693,680,693,678,675,682,666,673,698,692,703,693,682,674,680,677,703,700,702,691,688,683,679,682,716,703,705,709,703,698,695,694,732,721,718,717,700,706,681,690,6,4,4,4,4,4,4,4,5,5,4,4,4,3,4,4,5,5,5,5,3,4,4,4,6,4,5,4,4,5,4,4,6,4,4,5,4,4,4,5,4,6,5,6,5,5,4,5,5,7,5,5,4,5,5,6,6,7,6,7,6,5,6,8,5,5,5,5,5,5,5,5,5,5,5,5,5,5,5,5,5,5,5,5,5,5,5,5,5,5,5,5,5,5,5,5,5,5,5,5,5,5,5,5,5,5,5,5,5,5,5,5,5,5,5,5,5,5,5,5,5,5,5,5,5,5,5,5
127,671,677,668,666,659,653,656,650,688,686,677,662,658,671,657,648,691,694,672,683,674,668,679,663,703,690,681,682,674,668,670,667,704,689,691,690,690,675,686,664,714,700,694,695,702,689,689,676,709,707,712,702,688,694,693,703,724,717,721,722,709,695,672,699,5,4,4,4,4,4,4,5,5,5,4,5,4,3,4,4,7,6,5,5,4,5,4,4,5,4,5,4,4,4,5,5,6,5,5,4,4,5,5,4,7,5,4,5,6,4,5,5,7,6,6,5,5,5,5,6,8,8,7,7,5,5,5,8,5,5,5,5,5,5,5,5,5,5,5,5,5,5,5,5,5,5,5,5,5,5,5,5,5,5,5,5,5,5,5,5,5,5,5,5,5,5,5,5,5,5,5,5,5,5,5,5,5,5,5,5,5,5,5,5,5,5,5,5,5,5,5,5
128,685,657,662,669,664,661,662,648,671,673,673,678,668,663,655,655,684,686,671,683,676,661,654,664,697,688,686,688,681,673,678,653,697,696,692,696,689,685,670,677,707,702,702,699,697,687,677,679,729,703,712,690,704,687,683,681,712,723,709,695,695,705,694,691,5,4,4,4,4,4,4,4,5,4,4,4,4,4,4,4,6,6,4,5,4,4,4,4,7,4,5,4,4,4,4,5,6,4,5,4,4,5,4,4,5,6,4,4,5,4,5,5,6,7,6,5,5,5,5,7,9,7,5,7,5,6,5,9,5,5,5,5,5,5,5,5,5,5,5,5,5,5,5,5,5,5,5,5,5,5,5,5,5,5,5,5,5,5,5,5,5,5,5,5,5,5,5,5,5,5,5,5,5,5,5,5,5,5,5,5,5,5,5,5,5,5,5,5,5,5,5,5
129,674,666,668,668,660,658,650,649,679,681,671,677,662,662,661,664,680,683,677,671,671,663,665,666,698,695,685,675,680,672,672,670,720,697,701,687,687,681,669,678,708,708,705,699,691,670,674,689,710,705,710,708,704,700,693,697,728,728,718,704,702,690,694,679,5,5,4,5,4,4,4,4,5,5,5,4,4,4,4,4,5,5,4,4,4,4,4,4,7,5,5,4,4,4,4,5,6,5,5,5,5,5,5,5,5,6,6,5,6,4,6,5,7,7,6,7,4,5,5,6,9,8,5,6,6,6,6,10,5,5,5,5,5,5,5,5,5,5,5,5,5,5,5,5,5,5,5,5,5,5,5,5,5,5,5,5,5,5,5,5,5,5,5,5,5,5,5,5,5,5,5,5,5,5,5,5,5,5,5,5,5,5,5,5,5,5,5,5,5,5,5,5
130,674,667,673,666,659,660,656,646,677,676,668,667,660,659,654,659,692,694,677,671,673,669,662,660,688,695,686,681,680,677,665,667,709,702,688,698,689,673,667,672,721,701,696,691,696,687,700,673,710,721,702,695,692,697,686,679,717,721,712,708,698,701,712,685,5,5,4,4,4,4,5,5,5,4,4,4,4,4,4,3,5,5,4,4,4,4,3,4,5,4,5,4,4,4,4,5,8,5,5,4,5,4,4,4,6,6,4,5,4,4,5,5,6,8,6,6,4,5,6,5,7,7,5,6,6,6,5,8,5,5,5,5,5,5,5,5,5,5,5,5,5,5,5,5,5,5,5,5,5,5,5,5,5,5,5,5,5,5,5,5,5,5,5,5,5,5,5,5,5,5,5,5,5,5,5,5,5,5,5,5,5,5,5,5,5,5,5,5,5,5,5,5
131,673,675,673,660,662,647,656,652,679,678,669,667,673,665,655,651,695,683,679,679,677,671,660,656,705,687,688,682,681,683,682,670,707,699,693,694,679,686,673,677,714,705,708,705,697,684,679,677,699,706,698,705,700,698,691,688,723,734,714,701,699,704,701,695,5,4,4,4,3,4,5,4,4,4,4,4,5,3,4,4,6,6,5,5,4,5,5,4,5,4,5,4,4,5,5,5,7,5,4,4,5,5,5,5,5,6,5,5,5,5,5,5,5,6,6,5,6,6,6,6,7,8,5,6,7,5,7,11,5,5,5,5,5,5,5,5,5,5,5,5,5,5,5,5,5,5,5,5,5,5,5,5,5,5,5,5,5,5,5,5,5,5,5,5,5,5,5,5,5,5,5,5,5,5,5,5,5,5,5,5,5,5,5,5,5,5,5,5,5,5,5,5
132,674,676,661,663,658,655,651,655,686,681,669,661,663,668,651,649,694,692,674,686,672,667,661,659,699,688,682,680,672,677,669,663,710,701,688,679,686,683,674,667,705,701,703,691,688,692,688,680,723,704,712,701,703,704,693,687,719,717,712,691,707,696,702,690,5,4,3,4,4,4,4,4,5,4,3,4,4,4,4,4,6,6,4,4,3,4,4,4,5,4,5,4,4,5,4,5,7,5,4,4,5,4,4,5,4,5,5,4,6,4,5,5,6,7,5,6,5,6,4,6,6,9,5,7,5,5,5,9,5,5,5,5,5,5,5,5,5,5,5,5,5,5,5,5,5,5,5,5,5,5,5,5,5,5,5,5,5,5,5,5,5,5,5,5,5,5,5,5,5,5,5,5,5,5,5,5,5,5,5,5,5,5,5,5,5,5,5,5,5,5,5,5
133,671,672,672,659,664,662,656,656,687,677,674,674,665,659,657,658,689,690,675,690,670,671,664,654,689,693,689,693,683,671,669,652,695,713,696,696,684,680,668,666,717,700,703,702,677,687,690,689,714,727,723,692,703,694,700,694,727,738,715,715,698,689,686,692,5,4,4,4,4,4,4,4,5,4,4,4,4,4,4,4,8,6,5,4,4,4,4,4,6,4,5,5,4,4,4,5,7,4,5,5,5,4,5,4,6,5,5,5,6,5,5,6,5,10,5,5,5,6,5,7,7,9,7,8,5,5,5,10,5,5,5,5,5,5,5,5,5,5,5,5,5,5,5,5,5,5,5,5,5,5,5,5,5,5,5,5,5,5,5,5,5,5,5,5,5,5,5,5,5,5,5,5,5,5,5,5,5,5,5,5,5,5,5,5,5,5,5,5,5,5,5,5
134,682,670,669,666,660,653,651,644,674,686,680,656,664,659,661,656,693,691,676,683,668,664,659,659,697,700,687,689,674,679,666,667,691,697,702,697,692,680,681,678,715,707,707,701,683,698,685,685,711,707,709,698,707,697,701,694,744,717,713,700,702,691,705,695,5,5,4,4,3,3,4,4,6,5,4,4,4,4,4,3,7,6,5,4,4,4,4,4,6,4,5,4,4,5,5,5,6,4,4,4,5,4,4,5,5,6,5,5,5,5,5,4,6,6,5,5,5,5,5,7,8,8,6,6,5,6,5,7,5,5,5,5,5,5,5,5,5,5,5,5,5,5,5,5,5,5,5,5,5,5,5,5,5,5,5,5,5,5,5,5,5,5,5,5,5,5,5,5,5,5,5,5,5,5,5,5,5,5,5,5,5,5,5,5,5,5,5,5,5,5,5,5
135,684,672,665,665,660,654,652,655,692,685,669,666,672,660,657,658,694,684,680,678,675,667,667,657,694,692,693,686,683,674,665,665,715,692,701,690,680,686,678,672,710,711,702,698,687,686,696,687,710,717,706,702,697,698,685,691,734,729,724,705,696,706,695,704,5,5,4,5,3,5,4,4,6,5,4,4,5,4,5,4,5,5,5,4,4,5,4,4,5,4,5,5,5,4,5,4,7,5,4,5,5,5,5,5,5,5,5,5,5,6,5,6,6,8,7,6,5,5,6,6,9,10,7,8,6,6,7,10,5,5,5,5,5,5,5,5,5,5,5,5,5,5,5,5,5,5,5,5,5,5,5,5,5,5,5,5,5,5,5,5,5,5,5,5,5,5,5,5,5,5,5,5,5,5,5,5,5,5,5,5,5,5,5,5,5,5,5,5,5,5,5,5
136,665,671,664,663,664,652,652,657,686,670,676,668,666,659,655,661,684,688,683,677,677,658,669,653,695,697,693,684,685,669,669,666,702,700,695,691,696,678,674,677,708,708,703,705,683,690,688,677,716,711,702,698,700,679,688,671,723,710,699,716,704,694,690,685,5,4,4,3,3,4,4,4,5,4,4,4,4,3,4,4,7,6,5,5,4,4,4,4,5,4,5,4,4,4,4,4,5,5,4,4,5,5,4,5,5,5,5,5,5,4,5,6,6,6,7,6,6,4,6,7,8,9,5,7,6,5,5,10,5,5,5,5,5,5,5,5,5,5,5,5,5,5,5,5,5,5,5,5,5,5,5,5,5,5,5,5,5,5,5,5,5,5,5,5,5,5,5,5,5,5,5,5,5,5,5,5,5,5,5,5,5,5,5,5,5,5,5,5,5,5,5,5
137,671,667,673,671,661,647,652,649,672,678,680,675,662,664,660,655,683,685,677,676,677,660,665,654,693,686,678,681,683,679,673,669,700,699,692,682,681,685,677,681,710,705,707,690,690,686,687,682,711,708,701,693,708,687,701,693,721,726,713,720,696,702,698,706,5,5,4,4,4,4,4,5,5,4,4,5,4,4,4,4,7,6,5,5,5,4,4,4,6,5,5,4,4,4,5,5,6,4,4,4,5,5,5,5,5,5,5,6,6,4,5,6,6,7,6,6,6,5,5,7,8,10,6,8,6,5,7,8,5,5,5,5,5,5,5,5,5,5,5,5,5,5,5,5,5,5,5,5,5,5,5,5,5,5,5,5,5,5,5,5,5,5,5,5,5,5,5,5,5,5,5,5,5,5,5,5,5,5,5,5,5,5,5,5,5,5,5,5,5,5,5,5
138,678,680,667,658,655,653,652,651,684,676,677,665,672,656,658,654,676,689,683,675,671,668,671,659,699,688,683,676,674,679,667,669,718,694,694,691,680,696,675,673,715,707,700,696,701,688,687,679,719,707,715,698,697,694,696,673,709,735,722,706,705,703,694,701,4,5,3,4,4,4,3,4,4,4,4,4,5,3,3,3,6,6,4,4,4,4,3,4,6,4,5,3,4,4,4,4,7,4,5,4,5,4,4,4,5,5,4,5,5,5,4,5,5,6,5,5,5,5,5,6,7,7,6,7,5,5,5,8,5,5,5,5,5,5,5,5,5,5,5,5,5,5,5,5,5,5,5,5,5,5,5,5,5,5,5,5,5,5,5,5,5,5,5,5,5,5,5,5,5,5,5,5,5,5,5,5,5,5,5,5,5,5,5,5,5,5,5,5,5,5,5,5
139,676,679,670,667,661,654,650,648,678,680,675,664,664,662,654,647,689,691,684,690,673,670,677,663,707,692,682,680,682,676,669,660,707,697,687,693,690,689,676,677,725,691,699,704,688,694,687,670,719,716,707,713,693,693,687,699,714,722,716,709,696,692,705,686,5,4,4,4,4,5,4,5,4,4,4,4,4,4,4,4,8,6,4,4,4,4,4,4,5,5,5,4,4,4,5,5,6,4,5,5,5,4,4,5,6,4,5,5,6,5,5,4,6,8,5,7,4,5,7,7,7,9,6,8,5,5,7,8,5,5,5,5,5,5,5,5,5,5,5,5,5,5,5,5,5,5,5,5,5,5,5,5,5,5,5,5,5,5,5,5,5,5,5,5,5,5,5,5,5,5,5,5,5,5,5,5,5,5,5,5,5,5,5,5,5,5,5,5,5,5,5,5
140,680,678,669,662,659,663,667,649,684,677,678,669,678,666,665,650,689,687,680,675,672,672,666,662,691,689,682,688,679,676,675,674,700,693,690,688,694,685,676,671,705,706,703,703,701,687,681,674,706,704,709,702,685,697,700,684,736,709,718,690,715,694,700,687,6,4,4,4,4,4,4,5,4,5,4,4,5,4,4,4,6,5,4,4,3,4,4,4,6,4,5,4,4,4,4,4,5,5,5,5,4,5,5,4,5,5,5,5,6,4,5,5,6,6,5,5,4,5,5,5,10,10,5,7,6,5,5,8,5,5,5,5,5,5,5,5,5,5,5,5,5,5,5,5,5,5,5,5,5,5,5,5,5,5,5,5,5,5,5,5,5,5,5,5,5,5,5,5,5,5,5,5,5,5,5,5,5,5,5,5,5,5,5,5,5,5,5,5,5,5,5,5
141,687,662,672,660,656,657,654,651,681,683,673,668,667,660,654,646,682,691,686,686,671,672,658,665,702,696,674,671,674,670,669,663,706,696,696,693,700,677,673,677,698,699,711,683,702,688,688,691,722,704,699,704,704,690,687,681,727,731,712,704,706,695,693,696,6,4,4,4,4,4,4,4,5,4,4,4,4,4,4,4,5,6,4,4,4,5,4,4,6,4,5,4,4,4,5,6,6,5,4,5,6,5,5,6,6,5,6,6,5,4,5,5,7,7,6,6,5,4,7,6,7,9,6,7,5,6,7,9,5,5,5,5,5,5,5,5,5,5,5,5,5,5,5,5,5,5,5,5,5,5,5,5,5,5,5,5,5,5,5,5,5,5,5,5,5,5,5,5,5,5,5,5,5,5,5,5,5,5,5,5,5,5,5,5,5,5,5,5,5,5,5,5
142,675,673,669,664,660,657,651,648,680,685,666,668,668,660,658,664,692,689,682,679,671,659,669,671,694,695,683,691,674,677,672,661,703,690,689,679,684,684,672,676,718,708,699,696,696,694,688,684,716,718,705,698,697,698,695,706,719,721,713,706,696,696,694,675,5,4,4,4,3,4,4,5,4,4,4,4,4,4,3,4,5,5,5,5,4,4,3,4,6,4,5,3,4,5,4,5,7,4,4,4,5,4,4,5,6,5,5,5,5,4,4,6,4,8,5,6,5,5,5,7,6,7,5,7,6,4,5,9,5,5,5,5,5,5,5,5,5,5,5,5,5,5,5,5,5,5,5,5,5,5,5,5,5,5,5,5,5,5,5,5,5,5,5,5,5,5,5,5,5,5,5,5,5,5,5,5,5,5,5,5,5,5,5,5,5,5,5,5,5,5,5,5
143,674,672,668,662,664,655,658,652,685,677,676,667,672,660,664,657,679,689,675,676,669,662,668,657,689,691,694,694,682,677,679,668,709,697,697,700,683,684,680,673,714,700,704,693,691,684,688,676,722,720,709,704,694,694,688,694,717,719,723,698,700,706,698,711,5,4,4,4,4,4,5,5,5,4,4,4,5,4,4,4,6,6,5,5,4,4,5,4,6,4,5,5,4,4,4,4,6,4,4,6,4,5,5,5,6,6,5,5,5,4,6,5,6,7,5,6,5,5,5,8,7,8,6,7,7,6,5,11,5,5,5,5,5,5,5,5,5,5,5,5,5,5,5,5,5,5,5,5,5,5,5,5,5,5,5,5,5,5,5,5,5,5,5,5,5,5,5,5,5,5,5,5,5,5,5,5,5,5,5,5,5,5,5,5,5,5,5,5,5,5,5,5
144,682,671,668,664,661,650,646,648,685,684,674,666,666,657,655,652,696,674,678,682,670,668,658,655,701,692,692,682,683,685,679,666,717,690,691,685,697,682,684,677,707,706,699,690,681,691,686,682,723,706,713,689,693,699,698,688,725,714,710,712,702,694,703,677,6,4,4,4,3,4,3,4,5,4,4,3,3,3,4,4,5,5,5,4,3,4,4,4,5,5,5,4,4,4,4,4,7,4,4,5,4,5,4,4,5,5,4,5,5,4,5,5,6,6,5,5,4,5,5,6,8,10,5,7,5,5,6,8,5,5,5,5,5,5,5,5,5,5,5,5,5,5,5,5,5,5,5,5,5,5,5,5,5,5,5,5,5,5,5,5,5,5,5,5,5,5,5,5,5,5,5,5,5,5,5,5,5,5,5,5,5,5,5,5,5,5,5,5,5,5,5,5
145,672,680,664,657,653,653,657,646,682,674,667,676,660,666,664,651,678,695,680,674,671,667,661,664,693,690,681,679,690,678,671,674,695,699,689,696,696,679,681,680,703,711,706,688,688,686,685,681,709,714,707,701,701,695,696,686,725,717,720,723,698,708,699,687,5,6,5,4,4,4,4,5,5,4,4,4,4,4,4,4,6,6,5,5,4,4,4,4,5,4,5,4,5,4,6,5,6,5,5,4,6,5,4,5,5,7,5,5,6,4,5,7,6,8,6,6,5,6,7,6,9,13,6,8,6,5,6,9,5,5,5,5,5,5,5,5,5,5,5,5,5,5,5,5,5,5,5,5,5,5,5,5,5,5,5,5,5,5,5,5,5,5,5,5,5,5,5,5,5,5,5,5,5,5,5,5,5,5,5,5,5,5,5,5,5,5,5,5,5,5,5,5
146,665,674,666,664,659,655,651,646,685,680,669,673,659,658,657,655,681,688,681,677,673,663,656,658,689,691,686,686,683,671,661,656,704,708,692,686,679,681,681,672,691,708,702,696,697,680,690,677,707,712,703,690,691,692,696,682,706,704,706,710,706,700,700,705,5,5,4,4,3,3,3,4,5,5,4,4,4,4,4,4,6,6,5,5,4,4,4,4,6,5,5,4,4,4,4,5,6,5,5,5,5,4,4,4,5,5,5,4,5,5,5,5,6,7,5,6,5,5,5,6,6,8,4,7,6,5,5,8,5,5,5,5,5,5,5,5,5,5,5,5,5,5,5,5,5,5,5,5,5,5,5,5,5,5,5,5,5,5,5,5,5,5,5,5,5,5,5,5,5,5,5,5,5,5,5,5,5,5,5,5,5,5,5,5,5,5,5,5,5,5,5,5
147,672,678,668,666,655,657,651,654,683,681,677,675,664,655,657,657,688,674,680,685,669,672,667,660,691,696,684,687,684,666,672,659,695,699,692,693,684,682,680,673,707,696,683,698,681,682,674,685,721,708,713,694,693,685,692,687,735,723,721,706,702,700,715,682,5,4,4,5,3,4,4,4,5,5,4,4,4,4,4,4,6,6,5,4,4,4,5,4,6,5,5,4,4,3,5,5,6,5,5,4,5,5,4,4,6,5,5,6,6,5,5,5,7,7,6,5,6,5,6,6,6,8,5,7,6,5,7,9,5,5,5,5,5,5,5,5,5,5,5,5,5,5,5,5,5,5,5,5,5,5,5,5,5,5,5,5,5,5,5,5,5,5,5,5,5,5,5,5,5,5,5,5,5,5,5,5,5,5,5,5,5,5,5,5,5,5,5,5,5,5,5,5
148,680,670,665,662,653,659,655,643,691,681,681,671,668,660,659,657,699,690,676,675,672,667,672,664,700,690,681,683,686,676,683,659,705,693,693,686,680,684,676,672,710,702,698,701,690,685,685,686,713,710,705,697,695,692,693,687,733,715,713,700,705,708,699,684,5,5,4,4,4,4,4,4,5,4,4,4,4,4,4,4,6,6,4,4,4,4,4,4,5,5,5,4,4,4,4,5,5,4,4,5,4,5,5,5,5,5,4,5,5,4,5,6,5,6,5,6,5,5,6,6,7,8,5,8,6,6,5,8,5,5,5,5,5,5,5,5,5,5,5,5,5,5,5,5,5,5,5,5,5,5,5,5,5,5,5,5,5,5,5,5,5,5,5,5,5,5,5,5,5,5,5,5,5,5,5,5,5,5,5,5,5,5,5,5,5,5,5,5,5,5,5,5
149,685,668,661,660,659,657,650,650,680,679,671,666,669,662,654,656,691,691,684,683,662,667,656,664,690,691,680,681,680,676,679,665,705,696,692,698,690,682,677,662,700,709,702,696,697,694,687,687,707,718,700,690,698,694,701,694,723,730,722,715,704,700,711,673,6,5,4,4,4,4,4,5,5,4,4,4,4,4,4,4,7,6,4,4,4,4,5,4,6,5,4,4,4,5,6,5,8,5,4,4,5,5,4,5,5,5,5,5,6,4,5,5,7,6,7,7,5,5,6,6,9,10,6,7,5,5,7,9,5,5,5,5,5,5,5,5,5,5,5,5,5,5,5,5,5,5,5,5,5,5,5,5,5,5,5,5,5,5,5,5,5,5,5,5,5,5,5,5,5,5,5,5,5,5,5,5,5,5,5,5,5,5,5,5,5,5,5,5,5,5,5,5
150,678,670,667,657,662,657,652,649,688,687,674,668,669,660,658,662,684,685,676,683,671,661,664,661,692,696,682,684,681,671,668,677,701,700,690,688,682,682,678,668,706,698,706,697,702,687,685,682,709,711,702,710,699,691,686,686,707,712,716,707,701,701,695,688,5,4,4,4,3,3,4,5,5,4,4,3,4,4,4,4,6,5,4,4,4,4,4,4,7,5,4,4,4,4,5,5,6,4,5,5,4,4,5,5,4,5,4,5,5,4,5,5,5,6,7,5,5,5,5,5,7,8,5,5,6,5,5,10,5,5,5,5,5,5,5,5,5,5,5,5,5,5,5,5,5,5,5,5,5,5,5,5,5,5,5,5,5,5,5,5,5,5,5,5,5,5,5,5,5,5,5,5,5,5,5,5,5,5,5,5,5,5,5,5,5,5,5,5,5,5,5,5
151,679,674,668,674,662,660,660,648,683,686,668,670,666,658,662,657,693,685,674,674,664,678,658,658,684,700,684,677,683,681,660,666,699,695,698,686,687,682,679,678,703,705,697,700,699,684,661,681,706,718,701,704,700,693,691,679,717,701,719,712,698,697,700,721,5,4,4,5,4,4,4,5,5,5,4,4,4,4,4,4,6,6,5,5,3,5,4,4,6,5,5,4,4,4,5,5,6,5,4,5,5,5,4,5,5,6,4,5,6,5,5,4,6,6,5,5,5,5,5,5,8,8,6,8,7,6,6,8,5,5,5,5,5,5,5,5,5,5,5,5,5,5,5,5,5,5,5,5,5,5,5,5,5,5,5,5,5,5,5,5,5,5,5,5,5,5,5,5,5,5,5,5,5,5,5,5,5,5,5,5,5,5,5,5,5,5,5,5,5,5,5,5
152,673,681,668,661,658,659,651,640,687,673,671,671,666,663,654,657,691,684,684,677,676,668,657,659,697,693,687,692,687,665,671,667,693,697,688,696,678,678,677,678,712,702,702,698,693,680,687,684,722,705,709,701,701,695,693,692,719,729,713,717,705,686,711,712,5,4,4,4,4,4,4,4,4,4,4,4,4,4,4,4,6,6,4,5,4,4,4,4,5,5,5,5,4,3,5,4,7,4,5,5,5,5,4,4,5,5,5,5,5,4,5,6,8,6,5,5,5,5,5,6,7,7,4,7,6,5,6,10,5,5,5,5,5,5,5,5,5,5,5,5,5,5,5,5,5,5,5,5,5,5,5,5,5,5,5,5,5,5,5,5,5,5,5,5,5,5,5,5,5,5,5,5,5,5,5,5,5,5,5,5,5,5,5,5,5,5,5,5,5,5,5,5
153,687,678,665,666,656,659,652,653,678,678,677,673,668,664,662,663,693,699,682,670,674,661,668,657,692,681,690,685,669,674,672,670,703,691,700,689,690,686,675,681,704,702,701,692,690,688,676,679,718,712,714,701,702,689,696,700,710,729,714,708,706,700,698,686,6,4,5,4,4,4,4,6,6,5,4,4,5,4,4,4,8,6,4,5,4,4,4,4,5,5,5,4,4,5,5,4,6,4,4,5,5,5,5,5,4,5,5,5,6,4,5,7,6,6,6,6,5,6,5,6,8,9,4,7,7,5,7,10,5,5,5,5,5,5,5,5,5,5,5,5,5,5,5,5,5,5,5,5,5,5,5,5,5,5,5,5,5,5,5,5,5,5,5,5,5,5,5,5,5,5,5,5,5,5,5,5,5,5,5,5,5,5,5,5,5,5,5,5,5,5,5,5
154,680,670,673,667,661,653,651,647,681,674,679,671,662,658,654,656,688,688,675,676,673,674,657,657,685,694,683,682,681,673,675,660,700,692,693,687,688,688,674,673,713,701,697,706,693,693,687,686,717,731,712,692,694,700,686,699,714,720,707,702,697,704,694,688,5,4,4,4,4,3,4,4,5,4,3,5,4,4,4,4,5,6,5,5,4,4,4,4,6,4,4,4,5,4,4,4,6,5,4,5,5,4,5,4,6,5,5,5,5,4,4,6,5,9,5,5,5,6,6,6,7,7,5,6,6,5,6,10,5,5,5,5,5,5,5,5,5,5,5,5,5,5,5,5,5,5,5,5,5,5,5,5,5,5,5,5,5,5,5,5,5,5,5,5,5,5,5,5,5,5,5,5,5,5,5,5,5,5,5,5,5,5,5,5,5,5,5,5,5,5,5,5
155,675,680,674,670,657,662,653,655,687,675,679,678,668,659,655,652,682,679,675,680,666,664,660,659,695,692,689,677,674,675,672,675,713,699,692,692,682,685,673,679,712,702,695,691,703,693,677,678,722,714,710,695,708,684,680,691,722,719,702,708,703,700,698,694,4,5,4,4,4,4,4,4,5,5,4,4,5,4,4,4,7,5,4,5,4,5,5,4,5,5,5,4,4,5,5,5,7,5,5,4,5,5,5,5,5,6,5,6,6,5,6,6,6,6,5,7,6,6,6,7,8,8,5,7,5,6,5,9,5,5,5,5,5,5,5,5,5,5,5,5,5,5,5,5,5,5,5,5,5,5,5,5,5,5,5,5,5,5,5,5,5,5,5,5,5,5,5,5,5,5,5,5,5,5,5,5,5,5,5,5,5,5,5,5,5,5,5,5,5,5,5,5
156,681,676,663,658,651,658,658,658,685,677,674,666,674,662,663,657,685,685,682,671,679,672,662,663,700,691,686,684,678,672,669,660,705,692,696,691,682,675,663,666,717,702,694,694,685,695,680,682,710,715,710,708,695,695,692,689,728,714,714,701,710,697,702,692,5,4,4,4,4,4,4,4,5,4,4,4,4,4,3,4,6,5,5,4,4,5,4,4,5,4,5,4,4,4,4,5,6,5,5,5,4,4,4,4,5,5,4,4,5,4,6,5,6,8,5,6,5,5,5,5,9,8,5,7,5,6,6,7,5,5,5,5,5,5,5,5,5,5,5,5,5,5,5,5,5,5,5,5,5,5,5,5,5,5,5,5,5,5,5,5,5,5,5,5,5,5,5,5,5,5,5,5,5,5,5,5,5,5,5,5,5,5,5,5,5,5,5,5,5,5,5,5
157,682,677,669,656,659,659,663,655,671,674,683,666,664,658,659,655,693,685,689,681,674,672,671,662,685,686,685,675,682,677,675,674,710,695,696,688,693,683,673,674,707,699,706,703,704,680,692,674,710,712,709,699,702,689,684,686,728,726,716,729,700,700,695,699,7,5,4,5,4,4,4,4,5,4,4,5,4,4,4,4,6,5,5,5,4,5,4,5,6,5,5,4,4,4,5,4,7,4,4,5,6,5,5,5,5,6,5,6,7,5,6,5,7,9,6,6,5,5,5,6,11,7,6,8,6,5,7,8,5,5,5,5,5,5,5,5,5,5,5,5,5,5,5,5,5,5,5,5,5,5,5,5,5,5,5,5,5,5,5,5,5,5,5,5,5,5,5,5,5,5,5,5,5,5,5,5,5,5,5,5,5,5,5,5,5,5,5,5,5,5,5,5
158,679,676,661,662,657,658,648,645,673,675,672,673,667,666,652,657,683,682,684,674,672,666,658,657,689,688,681,682,675,675,673,671,707,700,692,682,698,686,669,676,703,705,716,692,687,689,688,681,713,708,706,708,699,692,687,692,722,726,726,711,714,701,699,685,4,5,4,4,4,4,4,5,4,4,4,3,4,4,4,4,6,6,4,4,3,4,4,4,6,4,4,4,3,4,5,4,8,4,4,4,6,5,4,5,5,5,4,4,6,4,5,5,6,7,5,5,5,5,5,7,9,7,7,8,5,6,5,9,5,5,5,5,5,5,5,5,5,5,5,5,5,5,5,5,5,5,5,5,5,5,5,5,5,5,5,5,5,5,5,5,5,5,5,5,5,5,5,5,5,5,5,5,5,5,5,5,5,5,5,5,5,5,5,5,5,5,5,5,5,5,5,5
159,678,671,675,660,654,655,652,645,689,676,675,667,660,659,659,653,691,685,679,682,678,673,661,658,695,686,689,679,675,676,665,670,702,701,696,687,681,680,675,674,718,710,700,697,703,678,689,684,721,717,711,699,703,691,684,691,710,727,720,711,702,695,705,698,5,4,5,4,4,4,4,5,5,4,4,4,4,4,4,4,8,6,5,5,4,4,4,4,7,5,5,4,4,4,4,5,6,5,4,5,5,5,4,4,7,5,5,5,6,5,5,4,7,7,6,6,5,5,6,7,7,8,6,6,6,6,6,7,5,5,5,5,5,5,5,5,5,5,5,5,5,5,5,5,5,5,5,5,5,5,5,5,5,5,5,5,5,5,5,5,5,5,5,5,5,5,5,5,5,5,5,5,5,5,5,5,5,5,5,5,5,5,5,5,5,5,5,5,5,5,5,5
160,680,683,674,661,657,656,655,647,688,670,670,666,671,653,653,653,690,685,684,672,678,674,663,660,697,685,695,681,677,674,677,668,693,696,687,679,684,676,676,671,713,699,699,685,682,691,679,686,713,712,693,706,701,700,681,681,714,707,715,720,710,702,702,687,6,5,5,4,4,4,4,4,5,4,4,4,5,3,4,4,6,5,4,5,4,4,5,4,5,4,4,4,4,4,4,5,7,4,5,4,5,4,4,4,6,5,5,5,5,4,5,6,6,5,5,5,5,5,6,6,6,8,6,8,5,5,6,11,5,5,5,5,5,5,5,5,5,5,5,5,5,5,5,5,5,5,5,5,5,5,5,5,5,5,5,5,5,5,5,5,5,5,5,5,5,5,5,5,5,5,5,5,5,5,5,5,5,5,5,5,5,5,5,5,5,5,5,5,5,5,5,5
161,680,680,667,664,654,649,648,646,694,676,672,669,665,667,659,666,688,684,679,670,676,665,676,665,696,687,695,681,674,681,667,672,701,698,690,695,685,676,683,676,712,700,698,696,699,690,687,685,716,719,694,699,701,694,697,680,721,726,711,713,700,703,694,690,5,5,4,4,4,5,4,5,5,4,4,5,4,5,4,5,5,6,5,4,4,4,4,4,7,4,5,4,4,4,5,5,7,4,4,5,5,5,4,5,5,6,5,5,6,4,5,7,8,7,6,6,5,5,5,6,7,8,5,6,6,5,6,10,5,5,5,5,5,5,5,5,5,5,5,5,5,5,5,5,5,5,5,5,5,5,5,5,5,5,5,5,5,5,5,5,5,5,5,5,5,5,5,5,5,5,5,5,5,5,5,5,5,5,5,5,5,5,5,5,5,5,5,5,5,5,5,5
162,678,676,676,664,660,658,650,658,683,688,677,664,669,655,662,658,693,701,683,675,671,666,666,657,684,687,690,679,687,672,661,664,699,700,699,692,691,672,667,672,705,710,698,695,682,682,687,680,711,705,706,697,703,694,698,683,705,735,706,704,708,702,694,706,4,4,4,4,3,4,4,4,4,5,4,4,4,4,4,4,5,5,4,5,4,5,3,4,5,4,6,4,4,4,4,4,6,4,4,5,5,4,4,5,5,4,5,5,5,4,6,5,7,6,6,6,5,5,5,6,7,8,5,6,6,4,6,10,5,5,5,5,5,5,5,5,5,5,5,5,5,5,5,5,5,5,5,5,5,5,5,5,5,5,5,5,5,5,5,5,5,5,5,5,5,5,5,5,5,5,5,5,5,5,5,5,5,5,5,5,5,5,5,5,5,5,5,5,5,5,5,5
163,674,674,664,666,660,658,655,654,695,677,680,666,662,664,667,654,692,689,679,671,671,673,662,656,699,694,688,684,681,670,676,664,697,698,691,690,692,681,666,673,711,713,707,697,697,681,673,684,723,719,707,695,692,695,691,671,716,718,724,716,695,706,691,691,5,5,4,4,4,3,4,5,6,5,4,4,4,4,4,4,7,5,4,4,4,5,4,4,6,4,5,4,4,4,6,5,6,5,5,5,5,4,4,5,6,5,5,6,5,5,6,6,5,8,6,6,5,5,7,5,7,12,6,7,6,5,6,12,5,5,5,5,5,5,5,5,5,5,5,5,5,5,5,5,5,5,5,5,5,5,5,5,5,5,5,5,5,5,5,5,5,5,5,5,5,5,5,5,5,5,5,5,5,5,5,5,5,5,5,5,5,5,5,5,5,5,5,5,5,5,5,5
164,673,674,668,663,658,656,651,646,682,678,678,678,667,668,649,654,684,690,685,677,670,666,654,654,706,686,682,677,681,673,673,668,700,706,693,683,686,682,671,675,715,699,702,690,686,680,669,676,714,706,711,702,691,690,682,705,724,700,715,716,714,692,703,685,5,5,4,3,4,3,4,4,5,4,3,3,4,3,4,4,5,6,4,5,4,4,4,4,5,4,5,4,4,4,5,4,6,5,5,5,5,5,5,5,5,5,5,5,6,5,5,5,5,6,5,6,5,5,5,8,8,7,6,7,8,6,6,7,5,5,5,5,5,5,5,5,5,5,5,5,5,5,5,5,5,5,5,5,5,5,5,5,5,5,5,5,5,5,5,5,5,5,5,5,5,5,5,5,5,5,5,5,5,5,5,5,5,5,5,5,5,5,5,5,5,5,5,5,5,5,5,5
165,676,673,665,662,657,659,654,651,684,682,664,671,661,656,654,664,674,690,676,671,670,666,664,660,692,694,693,679,677,663,673,667,698,698,693,696,688,683,682,682,710,708,702,702,697,698,689,674,711,707,700,703,701,687,693,691,732,727,719,707,698,707,694,687,5,5,4,5,4,4,4,5,4,5,4,4,4,4,4,4,6,6,4,4,4,4,4,4,6,5,6,4,4,4,5,6,6,4,4,4,5,6,4,5,6,5,5,5,5,5,5,6,7,7,6,6,6,5,5,7,6,9,6,7,6,5,6,10,5,5,5,5,5,5,5,5,5,5,5,5,5,5,5,5,5,5,5,5,5,5,5,5,5,5,5,5,5,5,5,5,5,5,5,5,5,5,5,5,5,5,5,5,5,5,5,5,5,5,5,5,5,5,5,5,5,5,5,5,5,5,5,5
166,672,666,666,664,659,652,653,650,688,686,663,675,675,659,659,653,692,696,688,676,667,664,654,660,694,696,686,682,677,676,663,673,699,687,692,692,683,683,683,676,717,701,709,697,684,696,682,675,717,719,708,695,696,691,696,685,721,711,717,701,705,700,708,681,4,5,4,4,4,3,4,5,5,5,4,4,5,4,4,3,5,6,4,5,3,4,4,4,6,5,5,4,4,4,4,5,6,4,5,4,4,4,5,5,6,5,5,4,6,5,4,6,6,7,5,5,5,5,5,5,6,10,5,7,6,4,6,7,5,5,5,5,5,5,5,5,5,5,5,5,5,5,5,5,5,5,5,5,5,5,5,5,5,5,5,5,5,5,5,5,5,5,5,5,5,5,5,5,5,5,5,5,5,5,5,5,5,5,5,5,5,5,5,5,5,5,5,5,5,5,5,5
167,674,675,668,660,661,655,663,647,685,676,677,678,662,662,660,652,681,682,670,672,675,670,656,659,703,689,692,690,681,677,674,674,705,696,691,695,685,673,683,666,707,703,700,699,695,697,684,683,724,706,707,711,703,685,686,698,733,685,719,687,695,708,691,698,6,5,4,4,3,4,5,5,5,4,4,4,5,4,4,4,6,5,5,4,4,5,4,4,5,5,6,4,5,4,4,5,7,5,5,4,5,4,5,6,5,6,5,6,6,5,5,5,8,7,6,5,5,5,5,7,9,9,6,8,6,5,6,9,5,5,5,5,5,5,5,5,5,5,5,5,5,5,5,5,5,5,5,5,5,5,5,5,5,5,5,5,5,5,5,5,5,5,5,5,5,5,5,5,5,5,5,5,5,5,5,5,5,5,5,5,5,5,5,5,5,5,5,5,5,5,5,5
168,680,679,669,656,655,657,648,650,683,678,676,658,673,662,662,656,689,697,680,674,666,665,666,661,702,687,688,675,675,671,665,673,705,691,685,694,692,684,675,680,716,693,695,694,694,682,676,690,729,709,714,699,691,691,696,690,717,718,726,719,698,696,699,697,6,4,4,5,4,4,4,4,4,4,4,4,5,4,4,4,6,6,5,4,3,4,4,4,5,5,5,4,4,4,5,4,5,5,5,5,5,5,4,4,5,5,5,5,6,4,6,5,5,7,5,7,5,5,4,5,6,8,5,7,6,6,5,12,5,5,5,5,5,5,5,5,5,5,5,5,5,5,5,5,5,5,5,5,5,5,5,5,5,5,5,5,5,5,5,5,5,5,5,5,5,5,5,5,5,5,5,5,5,5,5,5,5,5,5,5,5,5,5,5,5,5,5,5,5,5,5,5
169,671,673,666,666,655,657,656,655,681,683,676,669,670,658,662,654,691,695,678,676,669,666,667,660,691,693,687,675,682,676,668,676,707,696,686,697,685,678,676,668,709,705,705,701,695,692,674,675,715,715,716,692,696,690,695,682,723,731,708,704,705,693,700,697,5,5,4,4,4,4,4,5,6,4,5,4,5,4,4,4,6,5,5,5,4,4,5,4,6,4,5,4,4,4,5,5,6,5,5,4,5,4,4,4,5,6,5,6,5,4,6,5,7,7,6,6,5,5,6,6,8,11,5,7,6,7,7,10,5,5,5,5,5,5,5,5,5,5,5,5,5,5,5,5,5,5,5,5,5,5,5,5,5,5,5,5,5,5,5,5,5,5,5,5,5,5,5,5,5,5,5,5,5,5,5,5,5,5,5,5,5,5,5,5,5,5,5,5,5,5,5,5
170,685,670,664,666,665,649,650,649,680,679,664,670,658,661,661,654,689,673,688,674,675,669,669,659,707,685,685,674,686,673,671,661,709,699,681,691,682,683,680,665,706,689,697,686,692,689,679,683,715,702,710,699,688,688,687,686,719,720,710,708,706,699,697,692,5,5,4,4,4,4,4,5,5,4,4,4,4,4,4,3,5,6,5,5,4,4,5,4,5,4,5,4,4,4,5,4,5,4,4,4,5,5,4,5,5,5,5,5,5,4,5,5,6,6,5,6,5,6,6,6,9,8,5,7,6,5,5,8,5,5,5,5,5,5,5,5,5,5,5,5,5,5,5,5,5,5,5,5,5,5,5,5,5,5,5,5,5,5,5,5,5,5,5,5,5,5,5,5,5,5,5,5,5,5,5,5,5,5,5,5,5,5,5,5,5,5,5,5,5,5,5,5
171,682,682,669,666,655,664,647,652,685,681,673,669,667,659,663,649,695,691,671,679,672,670,676,659,697,697,693,680,664,673,664,660,702,696,693,695,692,689,673,669,710,707,691,691,691,692,686,686,722,700,710,700,690,694,677,701,716,724,717,698,697,707,711,694,6,4,4,4,4,4,3,5,5,4,4,4,4,4,4,4,6,6,5,5,4,5,4,5,6,5,5,4,4,4,5,5,8,4,5,6,5,4,4,5,5,6,5,6,5,5,6,6,7,5,5,5,5,6,5,7,8,9,6,6,6,6,6,11,5,5,5,5,5,5,5,5,5,5,5,5,5,5,5,5,5,5,5,5,5,5,5,5,5,5,5,5,5,5,5,5,5,5,5,5,5,5,5,5,5,5,5,5,5,5,5,5,5,5,5,5,5,5,5,5,5,5,5,5,5,5,5,5
172,670,670,664,671,659,648,650,643,677,673,667,665,670,655,657,655,690,691,678,686,672,669,657,665,700,695,693,678,680,669,676,666,695,696,695,699,692,686,678,666,705,706,698,695,696,682,681,678,728,710,698,699,701,690,677,688,710,721,711,694,704,696,695,682,5,5,4,4,4,4,4,4,5,4,4,4,4,4,4,4,6,6,5,4,4,5,4,4,5,4,4,4,4,4,4,4,7,5,4,4,5,5,4,4,6,6,5,5,5,4,5,5,8,7,6,5,5,5,4,5,6,7,5,7,5,5,5,10,5,5,5,5,5,5,5,5,5,5,5,5,5,5,5,5,5,5,5,5,5,5,5,5,5,5,5,5,5,5,5,5,5,5,5,5,5,5,5,5,5,5,5,5,5,5,5,5,5,5,5,5,5,5,5,5,5,5,5,5,5,5,5,5
173,680,670,664,670,652,645,654,642,688,678,672,665,662,658,666,657,698,679,675,673,675,671,666,660,710,703,685,683,684,685,670,667,713,694,699,688,684,676,686,684,713,706,701,704,694,686,687,689,715,709,720,706,698,688,693,689,728,741,717,701,699,707,706,682,6,5,4,5,4,4,4,4,5,5,4,4,4,4,4,4,6,5,5,5,4,5,4,4,5,5,5,4,4,4,5,5,6,5,5,5,5,4,4,5,5,6,5,6,5,4,6,5,7,6,7,6,6,5,5,6,9,9,5,8,6,5,7,9,5,5,5,5,5,5,5,5,5,5,5,5,5,5,5,5,5,5,5,5,5,5,5,5,5,5,5,5,5,5,5,5,5,5,5,5,5,5,5,5,5,5,5,5,5,5,5,5,5,5,5,5,5,5,5,5,5,5,5,5,5,5,5,5
174,685,674,671,660,662,664,652,646,688,676,676,668,664,660,655,649,685,685,678,676,674,667,668,665,700,686,685,686,676,671,661,665,702,695,690,684,683,684,672,669,698,701,691,701,695,695,683,677,707,705,696,689,695,701,703,686,712,709,715,712,704,694,707,705,6,4,4,4,3,4,3,4,5,4,4,4,4,4,4,4,6,5,5,4,4,4,3,4,6,4,5,4,4,4,4,4,5,4,5,5,5,4,4,5,5,5,5,5,6,5,4,4,6,6,6,5,5,6,5,5,7,9,5,7,5,5,6,8,5,5,5,5,5,5,5,5,5,5,5,5,5,5,5,5,5,5,5,5,5,5,5,5,5,5,5,5,5,5,5,5,5,5,5,5,5,5,5,5,5,5,5,5,5,5,5,5,5,5,5,5,5,5,5,5,5,5,5,5,5,5,5,5
175,683,673,675,648,667,646,656,653,689,685,680,674,660,664,666,655,690,681,675,679,671,670,662,659,692,692,692,679,691,676,666,663,700,695,690,691,688,681,673,675,709,695,700,691,696,689,687,680,716,713,697,698,710,688,697,689,722,719,721,710,698,704,696,699,5,4,5,4,3,4,3,4,5,5,4,4,4,4,4,4,6,6,5,5,4,5,5,5,6,4,5,4,5,4,5,4,6,5,4,5,5,4,4,5,6,5,4,5,5,5,5,5,6,7,6,6,6,5,6,6,8,11,6,7,6,5,6,8,5,5,5,5,5,5,5,5,5,5,5,5,5,5,5,5,5,5,5,5,5,5,5,5,5,5,5,5,5,5,5,5,5,5,5,5,5,5,5,5,5,5,5,5,5,5,5,5,5,5,5,5,5,5,5,5,5,5,5,5,5,5,5,5
176,681,667,672,670,655,659,652,653,688,668,679,665,655,660,662,646,690,693,678,672,667,664,657,661,698,696,674,682,673,678,681,674,698,692,686,685,681,693,669,673,712,705,699,695,684,693,691,673,718,711,703,708,703,692,695,686,705,719,722,699,703,706,697,683,6,4,4,4,4,4,4,5,5,4,4,4,4,3,4,4,6,6,5,4,4,4,4,4,7,5,5,4,4,4,4,4,5,4,4,5,5,5,4,5,5,5,4,5,5,4,4,5,6,7,5,6,5,5,5,6,6,7,6,6,6,5,6,9,5,5,5,5,5,5,5,5,5,5,5,5,5,5,5,5,5,5,5,5,5,5,5,5,5,5,5,5,5,5,5,5,5,5,5,5,5,5,5,5,5,5,5,5,5,5,5,5,5,5,5,5,5,5,5,5,5,5,5,5,5,5,5,5
177,683,662,668,670,656,660,652,649,685,682,680,665,670,659,664,652,695,690,682,674,675,665,660,660,703,688,687,686,676,671,679,678,689,695,698,690,684,678,679,683,723,710,701,691,695,680,676,674,717,722,701,706,697,696,694,691,723,717,714,722,712,708,695,698,5,4,4,4,4,4,3,5,5,5,4,4,4,4,4,4,7,6,6,4,4,5,4,4,5,4,5,4,4,4,4,5,6,4,4,5,5,5,4,7,4,6,4,5,5,5,5,6,6,7,6,6,5,5,5,7,7,7,6,8,5,6,5,10,5,5,5,5,5,5,5,5,5,5,5,5,5,5,5,5,5,5,5,5,5,5,5,5,5,5,5,5,5,5,5,5,5,5,5,5,5,5,5,5,5,5,5,5,5,5,5,5,5,5,5,5,5,5,5,5,5,5,5,5,5,5,5,5
178,676,671,667,661,659,659,648,649,683,671,678,670,659,655,660,655,693,688,686,687,672,671,661,664,688,686,688,684,684,666,675,660,710,691,694,690,685,673,671,676,722,706,707,699,689,681,676,678,711,711,711,705,692,686,692,678,716,725,724,706,697,697,704,672,6,4,4,4,4,4,3,5,4,4,4,4,4,3,4,4,5,5,4,4,4,4,4,4,6,4,5,4,4,4,4,4,5,4,4,4,4,4,4,5,6,4,5,5,6,5,6,4,6,7,5,6,4,5,4,6,7,7,6,7,6,5,6,8,5,5,5,5,5,5,5,5,5,5,5,5,5,5,5,5,5,5,5,5,5,5,5,5,5,5,5,5,5,5,5,5,5,5,5,5,5,5,5,5,5,5,5,5,5,5,5,5,5,5,5,5,5,5,5,5,5,5,5,5,5,5,5,5
179,670,682,672,655,662,655,657,654,684,674,666,666,664,659,661,655,690,690,675,671,670,666,662,659,692,688,681,680,681,676,670,663,696,701,702,686,687,679,672,674,712,705,705,708,692,679,691,670,721,713,713,690,704,689,699,688,717,716,700,716,692,707,694,693,5,5,4,4,4,4,5,5,5,4,4,4,4,4,5,4,6,6,5,4,4,4,4,5,5,4,5,4,4,5,5,6,6,5,4,5,5,4,5,4,6,5,5,6,6,5,5,5,6,8,4,5,5,5,6,7,9,9,6,8,6,5,5,7,5,5,5,5,5,5,5,5,5,5,5,5,5,5,5,5,5,5,5,5,5,5,5,5,5,5,5,5,5,5,5,5,5,5,5,5,5,5,5,5,5,5,5,5,5,5,5,5,5,5,5,5,5,5,5,5,5,5,5,5,5,5,5,5
180,674,673,672,670,650,656,653,654,675,677,676,662,670,660,662,652,695,681,678,675,671,671,655,656,701,694,682,678,681,677,669,671,702,700,688,690,691,691,677,673,702,713,703,702,695,682,681,687,713,716,707,702,701,692,692,689,722,730,718,702,700,690,702,701,5,6,4,4,3,3,4,5,4,4,3,4,4,3,3,4,6,5,5,5,3,4,4,4,5,4,4,4,4,4,4,6,7,4,4,5,5,5,5,4,5,6,5,5,6,5,5,4,7,7,5,6,4,4,5,6,8,8,5,6,5,5,6,8,5,5,5,5,5,5,5,5,5,5,5,5,5,5,5,5,5,5,5,5,5,5,5,5,5,5,5,5,5,5,5,5,5,5,5,5,5,5,5,5,5,5,5,5,5,5,5,5,5,5,5,5,5,5,5,5,5,5,5,5,5,5,5,5
181,683,673,664,670,656,646,648,654,678,675,682,668,671,669,653,655,687,683,675,671,669,678,669,661,707,695,688,683,675,673,667,667,701,693,696,694,675,668,672,680,703,701,697,694,692,694,689,693,714,720,702,689,706,694,691,695,722,715,710,720,704,703,690,684,6,4,4,4,4,4,4,4,5,4,4,4,4,3,4,4,7,6,5,5,4,5,4,4,5,4,5,4,4,5,5,5,7,4,4,4,5,4,5,6,5,5,5,5,7,4,6,7,6,8,6,6,6,6,5,8,8,11,5,8,6,6,6,10,5,5,5,5,5,5,5,5,5,5,5,5,5,5,5,5,5,5,5,5,5,5,5,5,5,5,5,5,5,5,5,5,5,5,5,5,5,5,5,5,5,5,5,5,5,5,5,5,5,5,5,5,5,5,5,5,5,5,5,5,5,5,5,5
182,673,671,673,663,663,650,657,647,688,673,666,661,662,656,654,655,692,690,676,681,676,662,670,668,686,689,688,688,681,682,665,673,706,699,695,685,690,691,674,666,707,707,701,702,691,687,675,674,716,711,701,698,688,692,681,690,710,738,710,711,706,700,696,698,5,4,4,4,3,4,4,4,5,4,5,4,4,4,4,4,6,5,4,5,4,4,4,4,5,5,5,4,4,4,5,4,6,4,4,4,5,4,5,4,5,6,5,5,6,4,5,5,6,8,6,6,4,5,5,5,7,8,5,7,5,5,5,9,5,5,5,5,5,5,5,5,5,5,5,5,5,5,5,5,5,5,5,5,5,5,5,5,5,5,5,5,5,5,5,5,5,5,5,5,5,5,5,5,5,5,5,5,5,5,5,5,5,5,5,5,5,5,5,5,5,5,5,5,5,5,5,5
183,675,679,668,657,656,660,655,644,685,677,675,676,664,662,664,657,687,678,671,670,669,665,657,658,705,692,689,685,675,679,674,663,706,693,692,681,685,682,677,676,723,710,702,703,692,690,687,681,707,713,710,693,698,686,693,695,722,732,711,709,709,700,700,681,5,4,4,4,4,4,4,4,5,4,4,5,4,4,4,4,5,6,4,5,4,4,4,4,5,4,5,4,4,4,5,6,5,4,4,5,5,5,5,5,6,5,5,5,6,5,6,6,6,8,6,5,5,5,5,8,9,9,6,7,5,6,6,10,5,5,5,5,5,5,5,5,5,5,5,5,5,5,5,5,5,5,5,5,5,5,5,5,5,5,5,5,5,5,5,5,5,5,5,5,5,5,5,5,5,5,5,5,5,5,5,5,5,5,5,5,5,5,5,5,5,5,5,5,5,5,5,5
184,679,670,679,660,664,653,656,650,677,680,674,665,672,659,661,654,698,683,669,678,674,665,663,667,693,698,689,682,682,678,671,670,701,694,698,683,688,683,686,679,705,702,697,694,697,686,683,674,720,707,703,695,701,691,687,686,717,724,717,706,701,703,695,683,5,4,5,4,3,3,5,5,4,4,4,4,4,3,3,3,6,5,4,5,4,3,4,4,6,5,4,4,4,4,5,5,5,4,4,5,5,4,4,5,4,5,4,5,5,4,5,5,6,5,5,5,5,5,6,6,7,8,5,7,6,5,6,9,5,5,5,5,5,5,5,5,5,5,5,5,5,5,5,5,5,5,5,5,5,5,5,5,5,5,5,5,5,5,5,5,5,5,5,5,5,5,5,5,5,5,5,5,5,5,5,5,5,5,5,5,5,5,5,5,5,5,5,5,5,5,5,5
185,678,670,649,661,653,654,652,652,680,679,683,666,662,673,667,654,696,688,685,679,678,668,664,661,693,696,690,681,677,673,668,673,699,700,700,686,685,677,672,669,725,704,697,697,697,680,683,686,712,710,702,707,700,697,685,706,717,739,711,712,708,704,695,717,5,5,4,4,4,4,4,4,5,4,4,4,4,3,4,4,6,5,4,5,4,5,3,4,7,5,5,4,4,4,5,5,6,5,5,5,6,4,5,4,6,6,5,5,5,4,5,5,7,7,6,5,5,6,6,8,7,13,5,7,6,5,6,9,5,5,5,5,5,5,5,5,5,5,5,5,5,5,5,5,5,5,5,5,5,5,5,5,5,5,5,5,5,5,5,5,5,5,5,5,5,5,5,5,5,5,5,5,5,5,5,5,5,5,5,5,5,5,5,5,5,5,5,5,5,5,5,5
186,672,670,669,658,656,652,652,642,687,680,669,665,661,660,666,651,683,684,671,676,673,665,674,664,700,684,686,680,683,679,663,663,704,700,702,686,687,684,667,680,716,701,703,693,687,684,693,675,713,709,698,691,703,691,690,704,721,725,710,704,712,708,700,691,4,4,4,5,3,4,4,4,5,4,4,4,4,4,4,4,6,6,4,5,4,4,3,4,6,4,5,4,4,4,5,4,7,4,4,5,5,5,4,5,6,6,5,5,6,4,5,5,8,6,7,5,6,5,5,7,8,8,5,5,6,5,6,12,5,5,5,5,5,5,5,5,5,5,5,5,5,5,5,5,5,5,5,5,5,5,5,5,5,5,5,5,5,5,5,5,5,5,5,5,5,5,5,5,5,5,5,5,5,5,5,5,5,5,5,5,5,5,5,5,5,5,5,5,5,5,5,5
187,681,675,672,662,668,659,655,646,690,674,683,676,667,660,656,661,679,685,667,672,669,679,666,663,699,687,685,685,689,682,664,665,714,700,694,691,689,682,670,679,712,699,705,693,693,691,685,675,717,711,701,699,695,697,686,684,730,720,711,703,706,709,706,677,6,5,4,4,3,4,4,4,5,4,4,4,4,4,4,4,7,6,5,5,4,4,3,4,7,5,5,4,5,5,5,5,6,4,4,5,5,5,4,5,5,6,6,5,6,4,5,5,7,7,6,7,6,5,6,6,9,8,6,7,7,7,6,7,5,5,5,5,5,5,5,5,5,5,5,5,5,5,5,5,5,5,5,5,5,5,5,5,5,5,5,5,5,5,5,5,5,5,5,5,5,5,5,5,5,5,5,5,5,5,5,5,5,5,5,5,5,5,5,5,5,5,5,5,5,5,5,5
188,681,669,669,662,663,655,653,658,680,684,677,667,667,663,658,659,684,676,682,679,673,665,653,660,698,697,694,687,676,676,675,668,699,696,692,684,698,681,675,675,724,698,694,694,692,686,675,678,716,709,699,706,699,693,696,686,706,722,720,709,702,709,695,698,5,5,4,4,4,4,4,4,4,4,4,4,4,4,4,4,6,6,5,5,3,4,4,4,8,4,5,4,4,4,5,5,6,5,5,5,5,5,4,5,6,5,5,5,6,5,5,5,6,6,6,6,5,5,5,6,6,7,4,6,7,5,6,8,5,5,5,5,5,5,5,5,5,5,5,5,5,5,5,5,5,5,5,5,5,5,5,5,5,5,5,5,5,5,5,5,5,5,5,5,5,5,5,5,5,5,5,5,5,5,5,5,5,5,5,5,5,5,5,5,5,5,5,5,5,5,5,5
189,672,677,673,660,655,654,655,647,680,677,674,671,669,657,665,659,690,684,675,685,678,674,663,667,697,691,695,683,675,681,665,655,702,694,703,691,682,680,682,674,716,703,700,695,697,694,688,681,713,709,704,710,698,696,683,690,734,718,714,700,695,700,705,711,5,4,5,4,3,4,4,5,4,5,4,4,4,3,4,4,7,5,6,6,4,4,5,4,6,4,5,5,4,5,5,5,6,5,4,4,5,4,4,5,6,6,5,4,5,5,6,5,7,7,6,5,6,5,6,7,6,10,5,6,6,6,6,9,5,5,5,5,5,5,5,5,5,5,5,5,5,5,5,5,5,5,5,5,5,5,5,5,5,5,5,5,5,5,5,5,5,5,5,5,5,5,5,5,5,5,5,5,5,5,5,5,5,5,5,5,5,5,5,5,5,5,5,5,5,5,5,5
190,665,671,666,671,661,654,651,640,686,678,680,668,667,660,659,653,684,688,682,674,677,670,668,668,701,691,681,676,683,678,670,663,712,697,694,690,691,681,674,686,706,712,707,691,690,686,684,684,716,720,698,696,684,691,692,677,713,712,705,728,709,711,711,696,5,4,4,5,3,5,4,4,5,4,4,4,4,4,4,4,6,6,4,5,4,4,4,4,5,4,5,4,4,4,5,4,6,4,5,4,5,4,5,6,5,4,5,4,5,4,5,5,6,7,6,5,5,5,5,7,9,10,5,8,5,5,7,8,5,5,5,5,5,5,5,5,5,5,5,5,5,5,5,5,5,5,5,5,5,5,5,5,5,5,5,5,5,5,5,5,5,5,5,5,5,5,5,5,5,5,5,5,5,5,5,5,5,5,5,5,5,5,5,5,5,5,5,5,5,5,5,5
191,685,674,666,671,656,661,657,646,695,682,665,672,665,665,661,648,696,686,685,680,668,671,662,668,695,689,691,684,683,680,668,659,702,705,692,690,679,677,687,686,713,712,697,696,694,690,691,685,704,725,700,705,695,696,682,682,719,727,710,703,691,702,696,688,6,4,4,4,4,4,5,5,6,5,5,4,4,4,4,4,6,8,7,5,4,4,5,4,6,4,5,5,4,5,5,5,7,5,4,6,4,4,4,6,5,5,5,5,6,5,5,5,6,5,6,7,5,6,6,6,7,10,6,8,6,5,5,10,5,5,5,5,5,5,5,5,5,5,5,5,5,5,5,5,5,5,5,5,5,5,5,5,5,5,5,5,5,5,5,5,5,5,5,5,5,5,5,5,5,5,5,5,5,5,5,5,5,5,5,5,5,5,5,5,5,5,5,5,5,5,5,5
192,672,678,676,667,657,663,647,649,677,679,679,659,668,660,661,659,690,686,681,678,672,670,659,656,702,686,682,676,676,675,678,672,691,701,699,696,686,680,681,676,713,708,700,694,689,687,673,676,714,707,700,706,700,700,695,696,727,711,717,710,701,701,705,692,5,4,4,4,3,4,4,5,4,4,4,4,4,4,3,4,6,6,4,4,4,4,4,3,5,4,4,3,5,4,4,5,6,5,4,5,5,4,4,4,5,6,4,5,6,4,5,5,7,5,6,6,6,5,4,7,9,11,6,7,6,6,6,9,5,5,5,5,5,5,5,5,5,5,5,5,5,5,5,5,5,5,5,5,5,5,5,5,5,5,5,5,5,5,5,5,5,5,5,5,5,5,5,5,5,5,5,5,5,5,5,5,5,5,5,5,5,5,5,5,5,5,5,5,5,5,5,5
193,679,677,671,665,659,658,652,654,692,673,681,663,663,658,659,660,680,686,675,675,668,664,668,659,697,688,685,678,682,671,671,664,694,694,699,690,687,684,671,673,707,702,699,692,684,694,674,682,708,712,715,698,702,696,697,684,731,727,716,707,707,689,695,679,5,4,4,5,4,3,4,5,6,4,4,4,5,4,3,4,6,6,5,5,4,4,4,5,7,5,5,4,4,4,5,5,8,4,4,4,4,4,5,5,6,6,5,5,6,5,5,5,7,5,5,6,6,6,7,6,9,9,5,7,6,6,6,9,5,5,5,5,5,5,5,5,5,5,5,5,5,5,5,5,5,5,5,5,5,5,5,5,5,5,5,5,5,5,5,5,5,5,5,5,5,5,5,5,5,5,5,5,5,5,5,5,5,5,5,5,5,5,5,5,5,5,5,5,5,5,5,5
194,682,680,669,659,653,653,651,655,688,678,674,674,670,658,656,653,683,685,677,671,676,662,672,658,702,682,687,682,681,674,673,665,693,694,692,687,689,686,672,674,718,702,700,692,686,685,684,672,715,713,707,705,705,692,699,688,722,729,716,703,706,704,701,692,6,4,4,4,4,4,3,5,5,4,4,4,4,4,4,4,7,5,5,4,4,4,4,4,5,4,5,4,4,4,4,5,6,4,4,5,5,3,4,5,5,6,5,5,5,5,5,4,6,7,6,7,6,5,5,6,7,8,5,6,5,5,6,10,5,5,5,5,5,5,5,5,5,5,5,5,5,5,5,5,5,5,5,5,5,5,5,5,5,5,5,5,5,5,5,5,5,5,5,5,5,5,5,5,5,5,5,5,5,5,5,5,5,5,5,5,5,5,5,5,5,5,5,5,5,5,5,5
195,672,671,676,664,654,661,648,644,680,682,671,669,667,662,659,662,696,676,683,676,672,669,662,653,695,695,692,675,678,671,669,668,700,707,698,683,686,674,681,677,709,701,706,692,700,677,684,686,723,711,689,697,698,697,686,682,727,709,717,703,689,695,697,691,5,5,4,4,4,4,4,4,5,5,4,4,5,4,4,5,6,5,4,5,4,4,5,5,6,4,5,4,4,4,5,6,6,5,4,4,5,5,5,5,5,6,6,5,5,6,5,6,6,7,6,6,5,5,5,6,9,8,6,6,6,5,6,10,5,5,5,5,5,5,5,5,5,5,5,5,5,5,5,5,5,5,5,5,5,5,5,5,5,5,5,5,5,5,5,5,5,5,5,5,5,5,5,5,5,5,5,5,5,5,5,5,5,5,5,5,5,5,5,5,5,5,5,5,5,5,5,5
196,678,670,667,662,659,658,655,661,688,678,675,669,675,663,651,658,688,691,688,671,670,669,661,664,694,693,690,687,675,675,671,663,704,700,684,688,694,677,681,675,711,697,699,696,699,685,693,681,722,716,697,704,699,698,691,686,721,690,721,711,703,692,706,701,5,4,4,4,4,4,4,4,4,4,4,4,4,4,4,4,6,5,4,5,4,4,4,4,5,4,5,4,4,4,4,5,6,5,5,5,5,5,4,5,5,5,5,5,4,4,5,6,6,6,6,6,5,5,5,6,7,7,7,8,5,5,6,9,5,5,5,5,5,5,5,5,5,5,5,5,5,5,5,5,5,5,5,5,5,5,5,5,5,5,5,5,5,5,5,5,5,5,5,5,5,5,5,5,5,5,5,5,5,5,5,5,5,5,5,5,5,5,5,5,5,5,5,5,5,5,5,5
197,668,677,667,668,661,655,649,654,683,675,673,670,669,657,660,649,677,682,680,683,670,665,667,659,693,696,690,681,677,672,674,668,700,695,700,688,686,688,678,673,711,700,690,708,692,679,677,679,719,720,707,706,703,694,695,691,703,731,714,718,708,700,706,701,5,4,4,5,4,4,4,5,5,5,4,4,4,4,4,5,6,6,4,5,4,4,5,4,6,4,5,4,4,4,4,5,6,5,4,5,5,6,4,5,6,6,4,5,6,5,6,5,6,8,6,6,5,5,6,7,6,9,6,7,6,6,6,10,5,5,5,5,5,5,5,5,5,5,5,5,5,5,5,5,5,5,5,5,5,5,5,5,5,5,5,5,5,5,5,5,5,5,5,5,5,5,5,5,5,5,5,5,5,5,5,5,5,5,5,5,5,5,5,5,5,5,5,5,5,5,5,5
198,675,664,672,665,655,657,653,647,680,669,675,665,661,656,664,652,682,694,685,670,678,667,658,662,690,680,683,676,674,675,669,672,703,697,697,689,690,679,670,678,712,699,710,705,692,695,682,684,722,711,712,704,696,686,688,685,718,724,709,706,707,703,706,688,5,4,4,4,4,4,4,4,4,4,4,4,4,4,4,4,6,6,4,4,4,4,4,4,6,5,4,4,4,4,5,5,5,4,4,5,5,4,5,4,5,5,5,5,5,4,5,6,6,7,5,6,5,5,6,6,7,8,7,7,7,5,7,11,5,5,5,5,5,5,5,5,5,5,5,5,5,5,5,5,5,5,5,5,5,5,5,5,5,5,5,5,5,5,5,5,5,5,5,5,5,5,5,5,5,5,5,5,5,5,5,5,5,5,5,5,5,5,5,5,5,5,5,5,5,5,5,5
199,670,672,672,662,656,655,652,645,683,680,664,669,673,655,656,658,696,689,685,666,674,669,664,669,693,690,690,683,679,676,668,667,704,694,686,693,689,682,674,658,710,704,706,690,693,691,686,681,707,714,700,709,698,698,703,701,709,725,715,704,698,701,710,692,4,4,5,4,4,4,4,5,5,4,4,4,5,3,5,4,6,7,4,5,4,4,4,5,6,5,6,4,4,4,4,5,5,4,5,4,5,4,5,5,6,6,5,5,5,4,5,6,6,7,6,5,5,6,6,8,7,11,6,7,6,6,5,11,5,5,5,5,5,5,5,5,5,5,5,5,5,5,5,5,5,5,5,5,5,5,5,5,5,5,5,5,5,5,5,5,5,5,5,5,5,5,5,5,5,5,5,5,5,5,5,5,5,5,5,5,5,5,5,5,5,5,5,5,5,5,5,5
