frame,dist_z0,dist_z1,dist_z2,dist_z3,dist_z4,dist_z5,dist_z6,dist_z7,dist_z8,dist_z9,dist_z10,dist_z11,dist_z12,dist_z13,dist_z14,dist_z15,dist_z16,dist_z17,dist_z18,dist_z19,dist_z20,dist_z21,dist_z22,dist_z23,dist_z24,dist_z25,dist_z26,dist_z27,dist_z28,dist_z29,dist_z30,dist_z31,dist_z32,dist_z33,dist_z34,dist_z35,dist_z36,dist_z37,dist_z38,dist_z39,dist_z40,dist_z41,dist_z42,dist_z43,dist_z44,dist_z45,dist_z46,dist_z47,dist_z48,dist_z49,dist_z50,dist_z51,dist_z52,dist_z53,dist_z54,dist_z55,dist_z56,dist_z57,dist_z58,dist_z59,dist_z60,dist_z61,dist_z62,dist_z63,sigma_z0,sigma_z1,sigma_z2,sigma_z3,sigma_z4,sigma_z5,sigma_z6,sigma_z7,sigma_z8,sigma_z9,sigma_z10,sigma_z11,sigma_z12,sigma_z13,sigma_z14,sigma_z15,sigma_z16,sigma_z17,sigma_z18,sigma_z19,sigma_z20,sigma_z21,sigma_z22,sigma_z23,sigma_z24,sigma_z25,sigma_z26,sigma_z27,sigma_z28,sigma_z29,sigma_z30,sigma_z31,sigma_z32,sigma_z33,sigma_z34,sigma_z35,sigma_z36,sigma_z37,sigma_z38,sigma_z39,sigma_z40,sigma_z41,sigma_z42,sigma_z43,sigma_z44,sigma_z45,sigma_z46,sigma_z47,sigma_z48,sigma_z49,sigma_z50,sigma_z51,sigma_z52,sigma_z53,sigma_z54,sigma_z55,sigma_z56,sigma_z57,sigma_z58,sigma_z59,sigma_z60,sigma_z61,sigma_z62,sigma_z63,status_z0,status_z1,status_z2,status_z3,status_z4,status_z5,status_z6,status_z7,status_z8,status_z9,status_z10,status_z11,status_z12,status_z13,status_z14,status_z15,status_z16,status_z17,status_z18,status_z19,status_z20,status_z21,status_z22,status_z23,status_z24,status_z25,status_z26,status_z27,status_z28,status_z29,status_z30,status_z31,status_z32,status_z33,status_z34,status_z35,status_z36,status_z37,status_z38,status_z39,status_z40,status_z41,status_z42,status_z43,status_z44,status_z45,status_z46,status_z47,status_z48,status_z49,status_z50,status_z51,status_z52,status_z53,status_z54,status_z55,status_z56,status_z57,status_z58,status_z59,status_z60,status_z61,status_z62,status_z63
0,842,844,849,848,856,857,866,875,852,861,865,868,876,878,887,893,872,878,887,889,896,899,903,908,892,899,906,912,910,923,923,931,916,917,928,928,936,943,945,955,935,942,947,956,958,962,967,975,964,959,968,974,979,983,990,1007,991,987,992,1005,1009,1013,1018,1022,2,2,2,2,2,2,2,2,2,2,2,2,2,2,2,2,2,2,2,2,2,2,2,2,2,2,2,2,2,3,2,2,2,2,2,2,2,2,2,2,2,2,2,2,2,2,2,2,2,2,2,2,2,2,2,3,3,2,2,2,2,3,3,4,5,5,5,5,5,5,5,5,5,5,5,5,5,5,5,5,5,5,5,5,5,5,5,5,5,5,5,5,5,5,5,5,5,5,5,5,5,5,5,5,5,5,5,5,5,5,5,5,5,5,5,5,5,5,5,5,5,5,5,5,5,5,5,5
1,841,842,847,852,856,862,870,874,854,862,865,872,876,881,884,894,874,879,884,893,900,897,903,911,892,903,905,909,918,923,923,930,915,921,932,930,935,940,946,954,935,942,948,951,959,965,965,978,959,965,975,972,979,985,998,1002,989,995,996,1005,1011,1012,1023,1031,2,2,2,2,2,2,2,2,2,2,2,2,2,2,2,2,2,2,2,2,2,2,2,3,2,2,2,2,2,3,2,2,2,2,2,2,2,2,2,2,2,2,2,2,2,2,3,3,2,2,2,2,2,2,2,3,3,3,2,2,3,3,3,4,5,5,5,5,5,5,5,5,5,5,5,5,5,5,5,5,5,5,5,5,5,5,5,5,5,5,5,5,5,5,5,5,5,5,5,5,5,5,5,5,5,5,5,5,5,5,5,5,5,5,5,5,5,5,5,5,5,5,5,5,5,5,5,5
2,842,845,846,853,860,861,864,870,857,864,867,874,874,874,882,890,877,882,883,890,895,895,897,900,896,898,906,910,917,920,923,928,918,921,930,934,934,938,942,954,941,944,953,955,952,961,963,974,968,970,975,973,982,982,993,1006,993,995,998,1004,1009,1009,1027,1033,2,2,2,2,2,2,2,2,2,2,2,2,2,2,2,2,2,2,2,2,2,2,2,2,2,2,2,2,2,2,2,2,2,2,2,2,2,2,2,2,2,2,2,2,2,2,2,2,2,2,2,2,2,2,2,3,3,3,2,2,2,3,3,3,5,5,5,5,5,5,5,5,5,5,5,5,5,5,5,5,5,5,5,5,5,5,5,5,5,5,5,5,5,5,5,5,5,5,5,5,5,5,5,5,5,5,5,5,5,5,5,5,5,5,5,5,5,5,5,5,5,5,5,5,5,5,5,5
3,842,844,847,855,856,861,868,872,861,866,872,871,874,877,886,889,880,881,883,890,897,901,900,904,897,906,906,913,918,921,927,932,914,924,930,938,939,941,939,955,941,946,948,954,957,963,971,980,966,970,975,976,979,989,989,1006,992,1002,998,1005,1009,1015,1021,1029,2,2,2,2,2,2,2,2,2,2,2,2,2,2,2,2,2,2,2,2,2,2,2,2,2,2,2,2,2,2,2,2,2,2,2,2,2,2,2,2,2,2,2,2,2,2,2,3,2,2,2,2,2,2,2,3,3,2,2,3,3,3,3,4,5,5,5,5,5,5,5,5,5,5,5,5,5,5,5,5,5,5,5,5,5,5,5,5,5,5,5,5,5,5,5,5,5,5,5,5,5,5,5,5,5,5,5,5,5,5,5,5,5,5,5,5,5,5,5,5,5,5,5,5,5,5,5,5
4,840,842,849,853,857,856,867,871,855,863,866,872,875,878,885,890,872,883,885,894,893,902,902,908,899,901,909,913,918,922,927,933,920,926,931,933,937,946,942,956,945,947,948,954,962,967,968,980,970,971,973,978,986,990,998,1006,992,993,1005,1009,1014,1024,1025,1033,2,2,2,2,2,2,2,2,2,2,2,2,2,2,2,2,2,2,2,2,2,2,2,2,2,2,2,2,2,2,2,2,2,2,2,2,2,2,2,2,2,2,2,2,2,2,2,3,2,2,2,2,2,2,2,3,3,3,3,2,2,2,3,3,5,5,5,5,5,5,5,5,5,5,5,5,5,5,5,5,5,5,5,5,5,5,5,5,5,5,5,5,5,5,5,5,5,5,5,5,5,5,5,5,5,5,5,5,5,5,5,5,5,5,5,5,5,5,5,5,5,5,5,5,5,5,5,5
5,841,839,845,850,856,858,867,869,857,862,865,876,876,882,884,890,879,879,885,900,897,902,901,907,900,907,911,913,919,930,928,941,927,924,937,938,945,950,952,955,953,948,954,960,969,972,969,981,973,981,984,990,992,990,999,1009,996,1008,1009,1009,1020,1027,1037,1041,2,2,2,2,2,2,2,3,2,2,2,2,2,2,2,2,2,2,2,2,2,2,2,2,2,2,2,2,2,2,2,2,2,2,2,2,2,3,2,2,2,2,2,3,2,2,2,3,2,2,3,2,2,2,3,3,3,3,3,2,3,3,3,4,5,5,5,5,5,5,5,5,5,5,5,5,5,5,5,5,5,5,5,5,5,5,5,5,5,5,5,5,5,5,5,5,5,5,5,5,5,5,5,5,5,5,5,5,5,5,5,5,5,5,5,5,5,5,5,5,5,5,5,5,5,5,5,5
6,841,842,848,848,852,859,861,867,863,862,866,869,877,879,885,888,880,882,890,899,897,895,904,903,899,909,911,913,919,926,927,930,926,932,932,939,945,948,951,950,948,953,958,961,967,971,970,980,976,977,985,988,989,992,1005,1014,1002,1012,1017,1018,1032,1031,1031,1050,2,2,2,2,2,2,2,2,2,2,2,2,2,2,2,2,2,2,2,2,2,2,2,2,2,2,2,2,2,2,2,2,2,2,2,2,2,2,2,3,2,2,2,2,2,2,2,3,2,2,2,2,2,2,2,3,3,3,2,2,2,2,3,3,5,5,5,5,5,5,5,5,5,5,5,5,5,5,5,5,5,5,5,5,5,5,5,5,5,5,5,5,5,5,5,5,5,5,5,5,5,5,5,5,5,5,5,5,5,5,5,5,5,5,5,5,5,5,5,5,5,5,5,5,5,5,5,5
7,844,842,850,852,854,855,864,872,855,863,866,875,874,877,886,892,879,888,891,893,902,903,904,906,898,908,914,917,925,927,927,930,928,928,933,942,943,941,953,957,947,953,960,962,965,971,979,988,980,977,982,990,994,1001,1001,1013,1008,1005,1014,1021,1022,1032,1038,1047,2,2,2,2,2,2,2,2,2,2,2,2,2,2,2,2,2,2,2,2,2,2,2,2,2,2,2,2,2,2,2,2,2,2,2,2,2,2,3,3,3,2,2,2,2,3,2,2,2,2,3,2,2,3,3,3,3,3,3,3,3,3,3,3,5,5,5,5,5,5,5,5,5,5,5,5,5,5,5,5,5,5,5,5,5,5,5,5,5,5,5,5,5,5,5,5,5,5,5,5,5,5,5,5,5,5,5,5,5,5,5,5,5,5,5,5,5,5,5,5,5,9,5,5,5,5,5,5
8,838,843,844,848,857,858,865,868,859,863,869,873,877,881,886,890,879,883,886,895,898,899,906,907,901,904,913,914,920,925,928,936,923,928,935,939,943,948,954,960,949,957,961,958,967,971,977,987,979,981,986,988,991,992,1003,1017,1005,1008,1013,1020,1030,1027,1044,1050,2,2,2,1,2,2,2,3,2,2,2,2,2,2,2,2,2,2,2,2,2,2,2,2,2,2,2,2,2,2,2,2,2,2,2,2,2,2,2,2,2,2,2,2,2,2,2,2,2,3,2,2,2,2,3,3,3,2,3,3,2,3,3,3,5,5,5,5,5,5,5,5,5,5,5,5,5,5,5,5,5,5,5,5,5,5,5,5,5,5,5,5,5,5,5,5,5,5,5,5,5,5,5,5,5,5,5,5,5,5,5,5,5,5,5,5,5,5,5,5,5,5,5,5,5,5,5,5
9,842,838,849,852,853,858,861,875,857,864,871,878,876,874,886,892,882,884,890,893,902,899,903,907,898,909,911,922,922,930,930,933,928,929,937,943,950,943,950,963,954,953,959,967,966,973,976,986,978,980,991,990,992,998,1002,1015,1013,1008,1014,1020,1031,1036,1038,1051,2,2,2,2,2,2,2,2,2,2,2,2,2,2,2,2,2,2,2,2,2,2,2,2,2,2,2,2,2,2,2,2,2,2,2,2,2,2,2,2,2,2,2,2,2,3,2,2,2,2,3,2,2,3,3,3,3,3,3,3,2,3,3,4,5,5,5,5,5,5,5,5,5,5,5,5,5,5,5,5,5,5,5,5,5,5,5,5,5,5,5,5,5,5,5,5,5,5,5,5,5,5,5,5,5,5,5,5,5,5,5,5,5,5,5,5,5,5,5,5,5,5,5,5,5,5,5,5
10,840,840,845,851,852,860,864,872,856,862,866,872,877,879,883,890,880,884,890,895,903,901,901,908,903,910,910,914,918,927,929,930,926,927,939,937,942,950,952,961,950,950,954,965,966,973,978,979,973,976,983,982,988,994,1003,1019,1009,1010,1007,1020,1021,1033,1041,1049,2,2,2,2,2,2,2,2,2,2,2,2,2,2,2,2,2,2,2,2,2,2,2,2,2,2,2,2,2,2,2,2,2,2,2,2,2,2,2,2,2,2,2,2,2,2,2,2,2,2,2,2,2,3,3,3,3,3,3,3,3,2,3,3,5,5,5,5,5,5,5,5,5,5,5,5,5,5,5,5,5,5,5,5,5,5,5,5,5,5,5,5,5,5,5,5,5,5,5,5,5,5,5,5,5,5,5,5,5,5,5,5,5,5,5,5,5,5,5,5,5,5,5,5,5,5,5,5
11,838,845,847,852,857,861,868,872,858,863,869,874,879,885,889,895,878,883,893,894,901,905,908,910,897,904,911,918,920,927,929,936,922,930,937,937,946,948,953,959,944,952,953,962,964,972,975,990,973,976,985,983,996,997,1004,1015,994,1007,1013,1015,1023,1027,1037,1043,2,2,2,2,2,2,2,2,2,2,2,2,2,2,2,2,2,2,2,2,2,2,2,2,2,2,2,2,2,2,2,2,2,2,2,2,2,2,2,2,2,2,2,3,2,3,2,2,2,2,3,2,2,3,3,3,3,2,3,3,3,3,3,5,5,5,5,5,5,5,5,5,5,5,5,5,5,5,5,5,5,5,5,5,5,5,5,5,5,5,5,5,5,5,5,5,5,5,5,5,5,5,5,5,5,5,5,5,5,5,5,5,5,5,5,5,5,5,5,5,5,5,5,5,5,5,5,5
12,842,844,846,856,853,859,866,870,858,863,868,876,880,883,886,892,884,891,890,894,899,902,909,909,901,908,912,915,920,927,930,939,924,929,931,937,944,946,951,956,947,952,955,962,964,971,980,985,974,971,978,985,994,992,1004,1016,1007,1009,1005,1016,1017,1029,1037,1050,2,2,2,2,2,2,2,2,2,2,2,2,2,2,2,2,2,2,2,2,2,2,2,2,2,2,2,2,2,2,2,2,2,2,2,2,2,2,2,2,2,2,2,2,2,2,2,2,2,2,2,2,2,3,2,3,3,2,2,3,3,3,3,3,5,5,5,5,5,5,5,5,5,5,5,5,5,5,5,5,5,5,5,5,5,5,5,5,5,5,5,5,5,5,5,5,5,5,5,5,5,5,5,5,5,5,5,5,5,5,5,5,5,5,5,5,5,5,5,5,5,5,5,5,5,5,5,5
13,842,844,849,851,857,858,871,868,860,863,871,875,878,876,888,892,881,884,892,893,900,903,906,912,902,908,913,919,922,927,928,937,925,931,940,933,940,947,949,956,946,953,957,965,969,971,978,985,974,979,989,991,992,997,995,1017,1007,1011,1010,1018,1026,1032,1039,1048,2,2,2,2,2,2,2,3,2,2,2,2,2,2,2,2,2,2,2,2,2,2,2,3,2,2,2,2,2,3,2,2,2,2,2,2,2,2,2,2,2,2,2,2,2,2,3,3,2,2,3,2,2,3,3,3,3,3,3,2,3,3,3,3,5,5,5,5,5,5,5,5,5,5,5,5,5,5,5,5,5,5,5,5,5,5,5,5,5,5,5,5,5,5,5,5,5,5,5,5,5,5,5,5,5,5,5,5,5,5,5,5,5,5,5,5,5,5,5,5,5,5,5,5,5,5,5,5
14,842,844,850,852,856,857,863,872,859,867,868,872,875,879,886,889,879,885,892,894,904,899,906,909,899,906,914,918,922,927,932,933,928,931,938,937,944,948,950,955,952,952,960,966,968,967,980,985,978,978,987,990,992,994,1003,1015,1014,1013,1013,1016,1022,1030,1041,1045,2,2,2,2,2,2,2,2,2,2,2,2,2,2,2,2,2,2,2,2,2,2,2,2,2,2,2,2,2,2,2,2,2,2,2,2,2,2,2,2,2,2,2,2,2,2,2,2,2,2,2,2,2,2,2,3,3,2,3,3,3,3,3,4,5,5,5,5,5,5,5,5,5,5,5,5,5,5,5,5,5,5,5,5,5,5,5,5,5,5,5,5,5,5,5,5,5,5,5,5,5,5,5,5,5,5,5,5,5,5,5,5,5,5,5,5,5,5,5,5,5,5,5,5,5,5,5,5
15,843,843,847,855,853,858,864,871,861,864,867,872,877,882,883,887,879,886,892,892,898,898,909,906,899,906,914,918,920,929,927,941,926,935,935,943,943,948,951,961,952,955,961,963,965,971,981,988,980,977,988,989,992,993,995,1016,998,1011,1016,1012,1020,1032,1033,1053,2,2,2,2,2,2,2,2,2,2,2,2,2,2,2,2,2,2,2,2,2,2,2,3,2,2,2,2,2,2,2,2,2,2,2,2,2,2,3,2,2,2,2,3,2,2,3,3,2,2,3,2,2,3,3,3,3,3,3,2,3,3,3,4,5,5,5,5,5,5,5,5,5,5,5,5,5,5,5,5,5,5,5,5,5,5,5,5,5,5,5,5,5,5,5,5,5,5,5,5,5,5,5,5,5,5,5,5,5,5,5,5,5,5,5,5,5,5,5,5,5,5,5,5,5,5,5,5
16,841,843,849,850,855,855,865,871,860,864,869,873,877,876,886,896,881,882,890,893,899,898,904,907,905,905,913,915,925,928,927,936,923,931,938,939,945,946,950,957,951,956,951,959,969,972,977,980,977,976,984,986,996,992,1004,1011,1006,1011,1017,1016,1027,1028,1031,1038,2,2,2,2,2,2,2,2,2,2,2,2,2,2,2,2,2,2,2,2,2,2,2,2,2,2,2,2,2,2,2,2,2,2,2,2,2,2,2,2,2,2,2,2,2,2,2,2,2,2,2,2,2,3,3,3,3,2,3,2,2,3,3,4,5,5,5,5,5,5,5,5,5,5,5,5,5,5,5,5,5,5,5,5,5,5,5,5,5,5,5,5,5,5,5,5,5,5,5,5,5,5,5,5,5,5,5,5,5,5,5,5,5,5,5,5,5,5,5,5,5,5,5,5,5,5,5,9
17,839,843,849,851,855,859,872,870,861,864,868,873,878,881,883,891,879,882,892,892,902,901,905,907,901,904,914,917,922,925,929,932,924,927,931,934,944,948,949,959,952,953,956,966,966,972,975,982,976,974,983,983,993,993,995,1018,1009,1009,1010,1018,1023,1027,1032,1046,2,2,2,2,2,2,2,3,2,2,2,2,2,2,2,2,2,2,2,2,2,2,2,2,2,2,2,2,2,2,2,2,2,2,2,2,2,2,2,2,2,2,2,2,2,2,2,3,2,2,2,2,2,3,2,3,3,3,3,3,3,3,3,4,5,5,5,5,5,5,5,5,5,5,5,5,5,5,5,5,5,5,5,5,5,5,5,5,5,5,5,5,5,5,5,5,5,5,5,5,5,5,5,5,5,5,5,5,5,5,5,5,5,5,5,5,5,5,5,5,5,5,5,5,5,5,5,5
18,842,843,846,849,853,855,865,874,854,865,868,873,874,876,883,892,881,884,888,890,899,901,901,908,896,900,908,920,917,927,933,932,925,929,937,938,942,944,949,958,944,952,954,954,960,967,974,983,976,971,977,988,991,990,998,1016,997,1007,1008,1017,1014,1030,1032,1040,2,2,2,2,2,2,2,2,2,2,2,2,2,2,2,2,2,2,2,2,2,2,2,2,2,2,2,2,2,2,2,2,2,2,2,2,2,2,2,2,2,2,2,2,2,2,2,3,2,2,2,2,2,2,2,3,3,3,3,3,2,2,3,4,5,5,5,5,5,5,5,5,5,5,5,5,5,5,5,5,5,5,5,5,5,5,5,5,5,5,5,5,5,5,5,5,5,5,5,5,5,5,5,5,5,5,5,5,5,5,5,5,5,5,5,5,5,5,5,5,5,5,5,5,5,5,5,5
19,837,841,847,851,860,859,866,875,854,858,866,871,880,880,885,893,875,884,888,893,905,902,909,913,897,903,907,915,924,931,927,941,923,929,938,938,942,942,952,963,950,952,955,959,966,968,977,987,973,971,990,986,992,992,1004,1011,998,1011,1013,1012,1026,1029,1041,1046,2,2,2,2,2,2,2,2,2,2,2,2,2,2,2,2,2,2,2,2,2,2,2,2,2,2,2,2,2,2,2,2,2,2,2,2,2,2,2,2,2,2,2,2,2,2,2,2,2,2,3,2,2,2,3,3,3,3,2,3,3,3,3,5,5,5,5,5,5,5,5,5,5,5,5,5,5,5,5,5,5,5,5,5,5,5,5,5,5,5,5,5,5,5,5,5,5,5,5,5,5,5,5,5,5,5,5,5,5,5,5,5,5,5,5,5,5,5,5,5,5,5,5,5,5,5,5,5
20,837,842,846,851,853,861,868,876,855,862,867,870,875,882,889,893,878,881,887,893,897,903,904,912,891,902,910,913,919,925,928,934,922,923,936,936,942,947,950,966,943,948,956,957,963,970,974,989,971,971,978,985,988,994,1001,1011,992,1003,1006,1018,1019,1024,1032,1037,2,2,2,2,2,2,2,2,2,2,2,2,2,2,2,2,2,2,2,2,2,2,2,2,2,2,2,2,2,2,2,2,2,2,2,2,2,2,2,2,2,2,2,2,2,2,2,2,2,2,2,2,2,2,2,3,3,2,2,2,3,3,3,4,5,5,5,5,5,5,5,5,5,5,5,5,5,5,5,5,5,5,5,5,5,5,5,5,5,5,5,5,5,5,5,5,5,5,5,5,5,5,5,5,5,5,5,5,5,5,5,5,5,5,5,5,5,5,5,5,5,5,5,5,5,5,5,5
21,839,843,845,855,858,862,871,874,860,863,864,872,876,882,884,892,874,882,888,895,897,905,909,909,894,905,911,913,916,922,933,937,917,924,932,934,942,946,954,955,943,945,958,953,959,972,979,984,970,968,976,980,986,992,999,1016,996,1005,1001,1013,1017,1021,1032,1044,2,2,2,2,2,2,2,2,2,2,2,2,2,2,2,2,2,2,2,2,2,2,2,3,2,2,2,2,2,2,2,2,2,2,2,2,2,2,2,2,2,2,2,2,2,3,2,2,2,2,2,2,2,3,3,3,3,2,2,3,3,3,3,4,5,5,5,5,5,5,5,5,5,5,5,5,5,5,5,5,5,5,5,5,5,5,5,5,5,5,5,5,5,5,5,5,5,5,5,5,5,5,5,5,5,5,5,5,5,5,5,5,5,5,5,5,5,5,5,5,5,5,5,5,5,5,5,5
22,838,844,852,851,858,858,868,872,855,864,865,873,876,882,888,896,876,882,889,894,898,900,906,913,895,902,909,911,919,927,925,936,918,924,932,936,944,947,951,954,944,948,957,960,964,972,976,988,965,968,980,986,985,990,998,1017,990,998,1005,1010,1017,1021,1030,1042,2,2,2,2,2,2,2,2,2,2,2,2,2,2,2,2,2,2,2,2,2,2,2,2,2,2,2,2,2,2,2,2,2,2,2,2,2,2,2,2,2,2,2,2,2,2,2,2,2,2,2,2,2,2,2,3,3,2,3,2,3,3,3,4,5,5,5,5,5,5,5,5,5,5,5,5,5,5,5,5,5,5,5,5,5,5,5,5,5,5,5,5,5,5,5,5,5,5,5,5,5,5,5,5,5,5,5,5,5,5,5,5,5,5,5,5,5,5,5,5,5,5,5,5,5,5,5,5
23,839,840,848,852,854,859,871,873,862,862,862,869,874,880,884,898,877,883,889,891,898,900,905,912,897,903,915,918,919,925,926,937,925,927,931,935,942,944,952,959,946,946,956,961,965,969,973,985,974,973,978,984,984,992,1001,1016,999,1004,1012,1011,1020,1028,1029,1047,2,2,2,2,2,2,2,2,2,2,2,2,2,2,2,3,2,2,2,2,2,2,2,2,2,2,2,2,2,2,2,2,2,2,2,2,2,2,2,2,2,2,2,2,2,2,2,3,2,2,3,2,2,3,2,3,3,3,2,2,3,3,3,3,5,5,5,5,5,5,5,5,5,5,5,5,5,5,5,5,5,5,5,5,5,5,5,5,5,5,5,5,5,5,5,5,5,5,5,5,5,5,5,5,5,5,5,5,5,5,5,5,5,5,5,5,5,5,5,5,5,5,5,5,5,5,5,5
24,837,840,844,846,850,855,863,866,857,858,864,873,872,874,883,896,878,878,888,893,900,897,901,906,898,901,910,913,920,921,926,936,915,923,930,938,936,948,943,958,943,947,956,957,964,973,976,981,973,968,975,986,987,992,1000,1011,1003,1010,1008,1013,1017,1027,1029,1052,2,2,2,2,2,2,2,2,2,2,2,2,2,2,2,2,2,2,2,2,2,2,2,2,2,2,2,2,2,2,2,2,2,2,2,2,2,2,2,2,2,2,2,2,2,2,2,3,2,2,2,2,2,2,2,3,2,2,2,2,3,2,3,3,5,5,5,5,5,5,5,5,5,5,5,5,5,5,5,5,5,5,5,5,5,5,5,5,5,5,5,5,5,5,5,5,5,5,5,5,5,5,5,5,5,5,5,5,5,5,5,5,5,5,5,5,5,5,5,5,5,5,5,5,5,5,5,5
25,836,838,842,846,853,855,865,873,854,859,862,869,872,874,882,892,870,881,890,888,898,895,906,907,892,899,907,916,920,924,924,934,921,925,930,934,941,945,949,952,948,951,957,958,963,969,970,980,973,977,981,986,996,991,1000,1011,994,1007,1007,1012,1028,1027,1042,1040,2,2,2,2,2,2,2,2,2,2,2,2,2,2,2,2,2,2,2,2,2,2,2,2,2,2,2,2,2,2,2,2,2,2,2,2,2,3,2,3,2,2,2,2,2,3,3,3,2,3,2,2,2,3,3,3,3,3,3,2,2,3,3,4,5,5,5,5,5,5,5,5,5,5,5,5,5,5,5,5,5,5,5,5,5,5,5,5,5,5,5,5,5,5,5,5,5,5,5,5,5,5,5,5,5,5,5,5,5,5,5,5,5,5,5,5,5,5,5,5,5,5,5,5,5,5,5,5
26,833,838,844,845,849,857,859,863,854,860,861,868,871,879,880,887,876,883,886,888,891,895,902,905,896,901,909,910,920,922,919,931,922,928,932,932,941,944,948,956,947,955,955,957,957,965,974,978,974,972,985,980,987,996,994,1008,998,1005,1007,1011,1020,1027,1033,1043,2,2,2,2,2,2,2,2,2,2,2,2,2,2,2,2,2,2,2,2,2,2,2,2,2,2,2,2,2,2,2,2,2,2,2,2,2,2,2,2,2,2,2,2,2,2,2,3,2,2,3,2,2,3,2,3,3,2,3,2,3,2,3,4,5,5,5,5,5,5,5,5,5,5,5,5,5,5,5,5,5,5,5,5,5,5,5,5,5,5,5,5,5,5,5,5,5,5,5,5,5,5,5,5,5,5,5,5,5,5,5,5,5,5,5,5,5,5,5,5,5,5,5,5,5,5,5,5
27,833,836,840,846,851,852,857,866,854,860,865,870,870,874,880,886,878,878,885,890,893,893,901,903,896,907,909,913,918,924,922,931,919,925,933,939,944,943,949,956,951,949,954,963,965,970,975,981,973,973,984,983,989,996,1003,1014,1003,1005,1012,1016,1024,1037,1034,1047,2,2,2,2,2,2,2,3,2,2,2,2,2,2,2,2,2,2,2,2,2,2,2,2,2,3,2,2,2,2,2,2,2,2,2,2,2,2,2,2,2,2,2,3,2,2,2,3,2,3,3,2,2,3,3,3,3,2,3,3,3,3,4,4,5,5,5,5,5,5,5,5,5,5,5,5,5,5,5,5,5,5,5,5,5,5,5,5,5,5,5,5,5,5,5,5,5,5,5,5,5,5,5,5,5,5,5,5,5,5,5,5,5,5,5,5,5,5,5,5,5,5,5,5,5,5,5,5
28,829,833,837,839,845,850,860,855,844,854,863,865,869,873,881,886,871,878,885,887,892,896,898,903,895,905,906,914,918,919,926,927,922,922,935,932,939,945,946,955,946,952,955,956,972,970,978,980,975,977,987,984,993,996,1005,1019,1006,1013,1016,1023,1030,1032,1041,1055,2,2,2,2,2,2,2,2,2,2,2,2,2,2,2,2,2,2,2,2,2,2,2,2,2,2,2,2,2,2,2,2,2,2,2,2,2,2,2,2,2,2,2,2,2,2,2,2,2,2,3,2,2,3,3,3,3,3,2,3,3,3,3,3,5,5,5,5,5,5,5,5,5,5,5,5,5,5,5,5,5,5,5,5,5,5,5,5,5,5,5,5,5,5,5,5,5,5,5,5,5,5,5,5,5,5,5,5,5,5,5,5,5,5,5,5,5,5,5,5,5,5,5,5,5,5,5,5
29,831,832,833,834,846,845,850,858,850,858,859,866,868,872,875,882,868,880,882,890,892,895,902,904,899,902,903,918,919,923,922,934,921,931,932,939,945,947,950,957,949,953,960,960,967,977,975,985,980,985,989,993,995,1006,1013,1022,1014,1015,1022,1028,1036,1039,1046,1059,2,2,2,2,2,2,2,2,2,2,2,2,2,2,2,2,2,2,2,2,2,2,2,2,2,2,2,2,2,2,2,2,2,2,2,2,2,2,2,2,2,2,2,2,2,3,2,3,3,2,3,2,3,3,3,3,3,3,3,2,3,3,3,4,5,5,5,5,5,5,5,5,5,5,5,5,5,5,5,5,5,5,5,5,5,5,5,5,5,5,5,5,5,5,5,5,5,5,5,5,5,5,5,5,5,5,5,5,5,5,5,5,5,5,5,5,5,5,5,5,5,5,5,5,5,5,5,5
30,826,829,835,836,844,844,851,857,849,854,857,862,862,866,872,881,872,873,881,888,891,897,900,904,893,903,908,912,921,918,923,928,923,927,934,936,941,948,952,962,951,957,962,963,966,970,979,990,981,987,988,995,1000,1007,1015,1024,1017,1022,1029,1030,1043,1045,1044,1069,2,2,2,2,2,2,2,2,2,2,2,2,2,2,2,2,2,2,2,2,2,2,2,2,2,2,2,2,2,2,2,2,2,2,2,2,2,2,2,2,2,2,2,2,2,2,2,2,2,2,3,2,2,3,3,3,3,3,3,2,3,3,3,4,5,5,5,5,5,5,5,5,5,5,5,5,5,5,5,5,5,5,5,5,5,5,5,5,5,5,5,5,5,5,5,5,5,5,5,5,5,5,5,5,5,5,5,5,5,5,5,5,5,9,5,5,5,5,5,5,5,5,5,5,5,5,9,5
31,823,828,832,837,842,845,847,856,852,852,858,861,866,871,877,880,872,876,885,891,891,894,904,903,896,902,908,911,917,924,930,934,926,930,932,940,946,951,955,958,955,956,964,969,969,979,990,995,983,990,998,1001,1002,1004,1011,1024,1019,1022,1035,1039,1046,1041,1053,1055,2,2,2,2,2,2,2,2,2,2,2,2,2,2,2,2,2,2,2,2,2,2,2,2,2,2,2,2,2,2,2,2,2,2,2,2,2,3,3,2,2,2,2,2,2,3,3,3,2,2,3,3,2,3,3,4,3,3,3,3,3,3,4,4,5,5,5,5,5,5,5,5,5,5,5,5,5,5,5,5,5,5,5,5,5,5,5,5,5,5,5,5,5,5,5,5,5,5,5,5,5,5,5,5,5,5,5,5,5,5,5,5,5,5,5,5,5,5,5,5,5,5,5,5,5,5,5,9
32,823,831,834,838,839,842,850,856,845,850,858,859,864,865,876,882,867,877,881,885,892,898,900,906,898,905,911,909,920,920,924,932,927,935,933,937,945,951,954,957,950,961,962,962,972,977,980,995,993,990,1004,997,1005,1005,1015,1025,1024,1023,1028,1033,1045,1048,1059,1070,2,2,2,2,2,2,2,2,2,2,2,2,2,2,2,2,2,2,2,2,2,2,2,2,2,2,2,2,2,2,2,2,2,2,2,2,2,2,2,2,2,2,2,2,2,2,2,2,2,2,2,2,2,3,3,3,3,3,3,2,3,3,3,4,5,5,5,5,5,5,5,5,5,5,5,5,5,5,5,5,5,5,5,5,5,5,5,5,5,5,5,5,5,5,5,5,5,5,5,5,5,5,5,5,5,5,5,5,5,5,5,5,5,5,5,5,5,5,5,5,5,5,5,5,5,5,5,5
33,827,830,833,838,842,847,850,855,848,856,859,863,863,874,879,883,872,878,884,892,889,895,901,900,899,905,912,918,921,921,930,933,927,931,937,938,946,944,955,960,957,957,961,970,975,975,981,993,984,987,1002,995,1000,1001,1020,1027,1022,1029,1028,1043,1040,1046,1054,1065,2,2,2,2,2,2,2,2,2,2,2,2,2,2,2,2,2,2,2,2,2,2,2,2,2,2,2,2,2,3,2,2,2,3,2,2,2,2,2,3,2,2,2,2,2,3,2,3,3,2,2,3,2,3,3,3,3,3,3,3,3,3,4,4,5,5,5,5,5,5,5,5,5,5,5,5,5,5,5,5,5,5,5,5,5,5,5,5,5,5,5,5,5,5,5,5,5,5,5,5,5,5,5,5,5,5,5,5,5,5,5,5,5,5,5,5,5,5,5,5,5,5,5,5,5,5,5,9
34,828,833,831,838,843,842,849,857,847,857,859,860,866,868,879,882,869,883,885,887,891,894,896,901,898,903,908,909,921,924,928,931,927,930,935,939,941,946,951,954,955,953,960,967,966,977,979,995,987,991,995,998,1002,1005,1009,1019,1015,1021,1026,1030,1044,1046,1053,1066,2,2,2,2,2,2,2,2,2,2,2,2,2,2,2,2,2,2,2,2,2,2,2,2,2,2,2,2,2,2,2,2,2,2,2,2,2,2,2,3,2,2,2,2,2,3,2,2,3,2,3,2,2,3,3,3,3,3,3,2,3,3,3,4,5,5,5,5,5,5,5,5,5,5,5,5,5,5,5,5,5,5,5,5,5,5,5,5,5,5,5,5,5,5,5,5,5,5,5,5,5,5,5,5,5,5,5,5,5,5,5,5,5,5,5,5,5,5,5,5,5,5,5,5,5,5,5,5
35,829,828,836,836,843,843,849,854,847,854,857,865,869,871,877,879,872,880,877,890,891,895,901,901,895,903,908,913,923,921,924,927,924,933,935,939,948,944,947,955,954,962,965,969,976,971,979,988,991,991,997,995,1001,1008,1016,1022,1024,1023,1032,1033,1045,1044,1052,1058,2,2,2,2,2,2,2,2,2,2,2,2,2,2,2,2,2,2,2,2,2,2,2,2,2,2,2,2,2,2,2,2,2,2,2,2,2,2,2,2,2,3,2,2,2,2,2,2,3,2,3,2,2,3,3,3,3,3,2,3,3,3,3,4,5,5,5,5,5,5,5,5,5,5,5,5,5,5,5,5,5,5,5,5,5,5,5,5,5,5,5,5,5,5,5,5,5,5,5,5,5,5,5,5,5,5,5,5,5,5,5,5,5,5,5,5,5,5,5,5,5,5,5,5,5,5,5,9
36,828,830,831,835,840,841,850,854,849,851,855,865,867,868,876,883,872,875,883,886,892,892,894,895,897,905,912,915,917,923,924,930,926,931,935,942,948,948,952,957,956,963,961,968,972,974,984,983,989,988,995,1001,1003,1006,1013,1023,1023,1027,1030,1035,1036,1050,1052,1064,2,2,2,2,2,2,2,2,2,2,2,2,2,2,2,2,2,2,2,2,2,2,2,2,2,2,2,2,2,2,2,2,2,2,2,2,2,2,2,2,2,2,2,2,2,3,2,3,3,2,3,2,2,3,3,3,3,3,3,2,3,3,3,4,5,5,5,5,5,5,5,5,5,5,5,5,5,5,5,5,5,5,5,5,5,5,5,5,5,5,5,5,5,5,5,5,5,5,5,5,5,5,5,5,5,5,5,5,5,5,5,5,5,5,5,5,5,5,5,5,5,5,5,5,5,5,5,5
37,829,831,834,835,841,841,847,856,849,853,855,860,865,868,873,878,871,880,882,887,891,893,898,898,898,904,913,915,918,922,922,929,926,931,938,937,945,949,951,959,957,961,964,970,969,978,979,990,987,989,998,998,1009,1011,1017,1023,1024,1035,1033,1040,1044,1051,1053,1063,2,2,2,2,2,2,2,2,2,2,2,2,2,2,2,2,2,2,2,2,2,2,2,2,2,2,2,2,2,2,2,2,2,2,2,2,2,2,2,3,2,2,2,2,2,3,3,3,3,2,3,3,2,3,3,3,4,3,3,3,3,3,3,4,5,5,5,5,5,5,5,5,5,5,5,5,5,5,5,5,5,5,5,5,5,5,5,5,5,5,5,5,5,5,5,5,5,5,5,5,5,5,5,5,5,5,5,5,5,5,5,5,5,5,5,5,5,5,5,5,5,5,5,5,5,5,5,5
38,827,827,830,839,837,841,848,850,846,857,856,856,866,865,872,876,872,878,882,883,892,894,894,892,901,902,913,918,916,925,924,929,929,931,936,937,940,942,948,962,956,963,962,966,966,976,977,991,991,990,990,997,1001,1006,1010,1023,1021,1024,1030,1037,1039,1049,1052,1064,2,1,2,2,2,2,2,2,2,2,2,2,2,2,2,2,2,2,2,2,2,2,2,2,2,2,2,2,2,2,2,2,2,2,2,2,2,2,2,2,2,2,2,2,2,3,2,2,3,2,3,2,2,3,3,3,3,3,3,2,3,3,3,4,5,5,5,5,5,5,5,5,5,5,5,5,5,5,5,5,5,5,5,5,5,5,5,5,5,5,5,5,5,5,5,5,5,5,5,5,5,5,5,5,5,5,5,5,5,5,5,5,5,5,5,5,5,5,5,5,5,5,5,5,5,5,9,5
39,825,830,836,836,835,840,851,854,850,856,858,860,865,868,868,880,875,877,883,882,892,890,897,894,902,907,910,912,921,917,923,929,926,930,938,936,941,940,948,956,955,962,961,969,970,970,977,993,993,994,992,999,1004,1007,1010,1023,1023,1034,1031,1032,1040,1045,1051,1060,2,2,2,2,2,2,2,2,2,2,2,2,2,2,2,2,2,2,2,2,2,2,2,2,2,2,2,2,2,2,2,2,2,2,2,2,2,2,2,2,2,2,2,2,2,2,3,2,2,2,3,3,3,3,3,4,4,3,3,2,3,3,3,4,5,5,5,5,5,5,5,5,5,5,5,5,5,5,5,5,5,5,5,5,5,5,5,5,5,5,5,5,5,5,5,5,5,5,5,5,5,5,5,5,5,5,5,5,5,5,5,5,5,5,5,5,5,5,5,5,5,5,5,5,5,5,5,5
40,826,827,831,830,834,840,847,851,848,853,851,862,863,866,866,876,870,874,882,889,890,893,896,901,894,900,909,913,920,920,920,928,924,931,932,936,946,942,937,958,955,955,960,969,969,974,977,985,990,989,994,994,998,1002,1009,1022,1021,1025,1026,1038,1039,1043,1050,1060,2,2,2,2,2,2,2,2,2,2,2,2,2,2,2,2,2,2,2,2,2,2,2,2,2,2,2,2,2,2,2,2,2,2,2,2,2,2,3,2,2,2,2,2,2,2,2,3,3,2,3,2,2,3,3,3,3,3,2,2,3,3,3,4,5,5,5,5,5,5,5,5,5,5,5,5,5,5,5,5,5,5,5,5,5,5,5,5,5,5,5,5,5,5,5,5,5,5,5,5,5,5,5,5,5,5,5,5,5,5,5,5,5,5,5,5,5,5,5,5,5,5,5,5,5,5,5,5
41,828,828,828,832,836,844,844,853,847,854,852,861,865,868,870,880,873,878,883,887,889,892,893,898,898,903,910,912,916,921,922,927,925,928,938,936,943,950,949,957,956,957,963,968,973,979,982,989,990,994,994,993,999,1012,1016,1019,1028,1031,1027,1031,1040,1044,1061,1059,2,2,2,2,2,2,2,2,2,2,2,2,2,2,2,2,2,2,2,2,2,2,2,2,2,2,2,2,2,3,2,2,2,2,2,2,2,3,2,2,2,2,2,2,2,3,2,2,3,2,3,2,2,3,3,3,4,3,3,3,3,3,4,4,5,5,5,5,5,5,5,5,5,5,5,5,5,5,5,5,5,5,5,5,5,5,5,5,5,5,5,5,5,5,5,5,5,5,5,5,5,5,5,5,5,5,5,5,5,5,5,5,5,5,5,5,5,5,5,5,5,5,5,5,5,5,5,5
42,826,828,830,833,836,836,843,841,846,850,853,859,858,862,866,879,872,875,881,882,887,890,890,890,901,903,908,914,917,921,922,925,928,928,937,938,944,945,943,958,958,958,962,966,971,976,976,986,994,992,1001,997,997,1000,1013,1025,1026,1035,1039,1044,1046,1047,1053,1064,2,2,2,2,2,2,2,2,2,2,2,2,2,2,2,2,2,2,2,2,2,2,2,2,2,2,2,2,2,2,2,2,2,2,2,2,2,2,2,2,2,2,2,2,2,2,2,2,2,2,3,2,2,3,3,4,3,3,3,3,3,3,3,5,5,5,5,5,5,5,5,5,5,5,5,5,5,5,5,5,5,5,5,5,5,5,5,5,5,5,5,5,5,5,5,5,5,5,5,5,5,5,5,5,5,5,5,5,5,5,5,5,5,5,5,5,5,5,5,5,5,5,5,5,5,5,5,5
43,824,822,831,831,835,838,842,843,850,851,854,855,866,865,867,875,870,879,884,883,887,889,891,898,901,904,906,909,920,918,915,926,928,926,941,934,942,944,947,956,956,964,960,962,968,973,978,986,995,992,999,997,1002,999,1006,1017,1024,1038,1037,1033,1043,1055,1055,1057,2,2,2,2,2,2,2,2,2,2,2,2,2,2,2,2,2,2,2,2,2,2,2,2,2,2,2,2,2,2,2,2,2,2,2,2,2,2,2,2,2,3,2,3,2,3,2,2,2,2,3,3,2,3,3,3,4,3,3,3,3,3,3,5,5,5,5,5,5,5,5,5,5,5,5,5,5,5,5,5,5,5,5,5,5,5,5,5,5,5,5,5,5,5,5,5,5,5,5,5,5,5,5,5,5,5,5,5,5,5,5,5,5,5,5,5,5,5,5,5,5,5,5,5,5,5,5,5
44,823,826,829,831,836,836,843,843,846,848,856,857,860,861,864,867,874,874,879,880,879,888,890,890,895,903,908,909,913,921,920,920,925,925,933,936,940,940,944,946,953,957,959,969,968,968,974,978,987,981,991,993,995,995,1010,1019,1019,1026,1030,1038,1034,1043,1038,1058,2,1,2,2,2,2,2,2,2,2,2,2,2,2,2,2,2,2,2,2,2,2,2,2,2,2,2,2,2,3,2,2,2,2,2,2,2,2,2,3,2,2,2,2,2,2,2,2,3,2,3,2,2,3,3,3,3,3,3,3,3,3,3,3,5,5,5,5,5,5,5,5,5,5,5,5,5,5,5,5,5,5,5,5,5,5,5,5,5,5,5,5,5,5,5,5,5,5,5,5,5,5,5,5,5,5,5,5,5,5,5,5,5,5,5,5,5,5,5,5,9,5,5,5,5,5,9,5
45,825,828,829,829,834,839,843,842,843,847,855,857,858,867,868,867,869,876,881,882,885,884,888,890,893,902,908,914,913,915,920,920,927,929,932,928,939,938,945,947,953,954,952,958,961,974,967,986,988,987,991,990,996,1000,1009,1005,1019,1022,1031,1032,1040,1040,1041,1060,2,2,2,2,2,2,2,2,2,2,2,2,2,2,2,2,2,2,2,2,2,2,2,2,2,2,2,2,2,2,2,2,2,2,2,2,2,2,2,3,2,2,2,2,2,3,3,2,3,2,3,2,2,3,3,3,3,3,3,3,3,3,3,4,5,5,5,5,5,5,5,5,5,5,5,5,5,5,5,5,5,5,5,5,5,5,5,5,5,5,5,5,5,5,5,5,5,5,5,5,5,5,5,5,5,5,5,5,5,5,5,5,5,5,5,5,5,5,5,5,9,5,5,5,5,5,5,5
46,826,821,825,825,829,833,840,843,847,849,851,855,855,858,862,866,866,873,880,879,885,884,884,889,897,903,897,909,910,906,911,915,920,922,932,931,935,936,938,944,953,954,959,959,957,969,972,977,986,980,986,991,996,996,999,1006,1020,1024,1023,1027,1034,1033,1045,1053,2,2,2,2,2,2,2,2,2,2,2,2,2,2,2,2,2,2,2,2,2,2,2,2,2,2,2,2,2,2,2,2,2,2,2,2,2,2,2,2,2,2,2,2,2,2,2,2,2,2,2,2,2,3,2,3,3,3,3,3,2,3,3,4,5,5,5,5,5,5,5,5,5,5,5,5,5,5,5,5,5,5,5,5,5,5,5,5,5,5,5,5,5,5,5,5,5,5,5,5,5,5,5,5,5,5,5,5,5,5,5,5,5,5,5,5,5,5,5,5,5,5,5,5,5,5,5,5
47,823,826,830,826,830,833,837,843,846,854,852,856,856,860,862,870,868,876,878,881,880,884,888,887,898,901,906,907,910,918,912,919,927,929,931,929,936,938,946,943,951,956,961,956,968,965,970,976,986,987,990,990,998,997,1002,1015,1019,1027,1022,1028,1033,1042,1042,1048,2,2,2,2,2,2,2,2,2,2,2,2,2,2,2,2,2,2,2,2,2,2,2,2,2,2,2,2,2,2,2,2,2,2,2,2,2,2,2,3,2,2,2,3,2,2,2,3,3,2,3,2,2,3,2,3,3,3,3,2,3,3,3,4,5,5,5,5,5,5,5,5,5,5,5,5,5,5,5,5,5,5,5,5,5,5,5,5,5,5,5,5,5,5,5,5,5,5,5,5,5,5,5,5,5,5,5,5,5,5,5,5,5,5,5,5,5,5,5,5,5,5,5,5,5,5,5,5
48,824,821,825,827,832,832,835,843,843,851,850,857,855,862,860,870,869,873,876,882,881,882,883,887,889,899,905,904,912,911,912,913,922,925,932,929,933,935,936,946,949,954,955,956,960,966,971,972,988,980,989,993,994,992,1001,1014,1027,1022,1027,1029,1029,1040,1038,1059,2,2,2,2,2,2,2,2,2,2,2,2,2,2,2,2,2,2,2,2,2,2,2,2,2,2,2,2,2,2,2,2,2,2,2,2,2,2,2,3,2,2,2,2,2,2,2,2,3,2,3,2,2,2,3,3,4,3,3,3,3,3,3,4,5,5,5,5,5,5,5,5,5,5,5,5,5,5,5,5,5,5,5,5,5,5,5,5,5,5,5,5,5,5,5,5,5,5,5,5,5,5,5,5,5,5,5,5,5,5,5,5,5,5,5,5,5,5,5,5,5,5,5,5,5,5,5,5
49,821,818,826,829,831,832,833,840,846,852,852,854,852,850,865,871,868,871,876,881,879,885,885,891,892,901,902,909,912,915,915,923,921,930,930,931,940,937,939,946,947,957,958,961,963,960,969,979,982,989,990,984,994,997,1005,1019,1026,1031,1030,1029,1033,1044,1047,1056,2,2,2,2,2,2,2,2,2,2,2,2,2,2,2,2,2,2,2,2,2,2,2,2,2,2,2,2,2,3,2,2,2,3,2,2,2,2,2,3,2,2,2,3,2,2,2,3,2,2,3,2,2,3,3,3,4,3,3,3,3,3,3,4,5,5,5,5,5,5,5,5,5,5,5,5,5,5,5,5,5,5,5,5,5,5,5,5,5,5,5,5,5,5,5,5,5,5,5,5,5,5,5,5,5,5,5,5,5,5,5,5,5,5,5,5,5,5,5,5,5,5,5,5,5,5,5,5
50,821,819,822,827,827,828,836,836,841,841,848,853,855,858,865,870,865,875,875,875,880,883,886,888,892,896,900,907,905,912,912,914,920,928,931,929,936,938,939,949,951,951,958,959,964,968,969,980,982,988,987,989,990,998,1006,1012,1013,1022,1019,1031,1040,1036,1046,1052,2,2,2,2,2,2,2,2,2,2,2,2,2,2,2,2,2,2,2,2,2,2,2,2,2,2,2,2,2,2,2,2,2,2,2,2,2,2,2,2,2,2,2,2,2,2,2,3,2,2,3,2,2,3,3,3,3,3,3,2,3,3,3,4,5,5,5,5,5,5,5,5,5,5,5,5,5,5,5,5,5,5,5,5,5,5,5,5,5,5,5,5,5,5,5,5,5,5,5,5,5,5,5,5,5,5,5,5,5,5,5,5,5,5,5,5,5,5,5,5,9,5,5,5,5,5,5,9
51,818,815,819,823,826,833,837,844,838,842,847,853,854,858,863,867,868,869,879,878,878,883,884,891,894,899,901,906,906,910,912,921,919,927,927,933,938,939,935,941,955,952,959,962,967,967,965,982,987,983,994,992,995,1000,1004,1013,1024,1031,1029,1031,1040,1042,1049,1052,2,2,2,2,2,2,2,2,2,2,2,2,2,2,2,2,2,2,2,2,2,2,2,2,2,2,2,2,2,2,2,3,2,2,2,2,2,2,2,3,2,2,2,3,2,2,3,3,3,3,3,2,2,3,3,3,3,3,3,3,3,3,3,4,5,5,5,5,5,5,5,5,5,5,5,5,5,5,5,5,5,5,5,5,5,5,5,5,5,5,5,5,5,5,5,5,5,5,5,5,5,5,5,5,5,5,5,5,5,5,5,5,5,5,5,5,5,5,5,5,5,5,5,5,5,5,5,5
52,814,818,819,824,828,829,832,839,842,843,847,854,852,852,861,864,863,867,875,880,882,884,884,889,892,895,900,903,905,914,910,916,920,922,932,928,934,936,940,946,949,951,954,960,964,969,972,979,984,986,994,989,997,1000,1004,1016,1023,1031,1025,1036,1035,1042,1045,1057,2,2,2,2,2,2,2,2,2,2,2,2,2,2,2,2,2,2,2,2,2,2,2,2,2,2,2,2,2,2,2,2,2,2,2,2,2,2,2,3,2,2,2,2,2,2,2,3,3,2,3,2,2,3,3,3,3,3,2,3,2,3,3,4,5,5,5,5,5,5,5,5,5,5,5,5,5,5,5,5,5,5,5,5,5,5,5,5,5,5,5,5,5,5,5,5,5,5,5,5,5,5,5,5,5,5,5,5,5,5,5,5,5,5,5,5,5,5,5,5,5,5,5,5,5,5,5,5
53,813,816,824,824,827,833,837,843,839,846,848,849,859,854,860,865,864,870,872,877,882,886,889,891,893,894,899,907,908,911,914,922,914,917,935,932,936,936,937,946,948,953,955,959,967,966,975,982,980,981,991,985,997,998,1011,1015,1015,1022,1024,1034,1038,1035,1050,1060,2,2,2,2,2,2,2,2,2,2,2,2,2,2,2,2,2,2,2,2,2,2,2,2,2,2,2,2,2,2,2,2,3,2,2,2,2,2,2,3,2,2,2,3,2,3,2,3,3,3,3,2,2,3,3,4,4,3,3,3,3,3,3,4,5,5,5,5,5,5,5,5,5,5,5,5,5,5,5,5,5,5,5,5,5,5,5,5,5,5,5,5,5,5,5,5,5,5,5,5,5,5,5,5,5,5,5,5,5,5,5,5,5,5,5,5,5,5,5,5,5,5,5,5,5,5,5,5
54,813,815,819,828,829,831,840,841,837,842,847,852,854,853,865,868,862,869,868,874,875,886,887,893,888,895,899,901,910,912,913,916,916,917,925,930,933,937,936,946,944,943,944,957,955,967,968,975,976,980,989,988,990,995,1000,1012,1012,1011,1014,1027,1035,1040,1042,1062,2,2,2,2,2,2,2,2,2,2,2,2,2,2,2,2,2,2,2,2,2,2,2,2,2,2,2,2,2,2,2,2,2,2,2,2,2,2,2,3,2,2,2,2,2,2,3,2,2,2,3,2,2,3,3,3,3,3,3,3,3,3,3,4,5,5,5,5,5,5,5,5,5,5,5,5,5,5,5,5,5,5,5,5,5,5,5,5,5,5,5,5,5,5,5,5,5,5,5,5,5,5,5,5,5,5,5,5,5,5,5,5,5,5,5,5,5,5,5,5,5,5,5,5,5,5,5,5
55,817,820,825,827,829,834,837,847,842,841,847,850,853,859,863,871,864,870,872,873,885,885,883,890,885,896,899,905,910,909,909,918,915,921,921,925,929,936,945,944,944,945,953,955,958,963,967,977,975,981,983,984,987,991,999,1012,1010,1012,1013,1020,1028,1037,1043,1053,2,2,2,2,2,2,2,2,2,2,2,2,2,2,2,2,2,2,2,2,2,2,2,2,2,2,2,2,2,2,2,2,2,2,2,2,2,2,2,3,2,2,2,2,2,2,3,3,3,3,3,2,2,3,3,3,3,3,3,3,3,3,3,4,5,5,5,5,5,5,5,5,5,5,5,5,5,5,5,5,5,5,5,5,5,5,5,5,5,5,5,5,5,5,5,5,5,5,5,5,5,5,5,5,5,5,5,5,5,5,5,5,5,5,5,5,5,5,5,9,5,5,5,5,5,5,5,5
56,811,813,823,822,825,833,834,841,835,843,846,853,853,856,862,865,859,865,869,873,880,882,888,885,888,890,900,906,906,911,914,917,915,923,927,926,930,936,943,948,942,950,955,957,960,963,965,977,976,977,989,985,988,1004,1007,1019,1013,1013,1014,1023,1033,1038,1039,1051,2,2,2,2,2,2,2,2,2,2,2,2,2,2,2,2,2,2,2,2,2,2,2,2,2,2,2,2,2,2,2,2,2,2,2,2,2,2,2,2,2,2,2,2,2,2,3,3,2,2,3,2,2,3,3,3,3,3,3,3,3,3,3,4,5,5,5,5,5,5,5,5,5,5,5,5,5,5,5,5,5,5,5,5,5,5,5,5,5,5,5,5,5,5,5,5,5,5,5,5,5,5,5,5,5,5,5,5,5,5,5,5,5,5,5,5,5,5,5,5,5,5,5,5,5,5,5,5
57,811,812,821,821,825,827,832,839,836,838,845,851,853,859,856,868,861,865,870,881,876,885,887,885,894,897,902,904,912,914,915,920,917,924,936,937,938,943,944,952,953,948,958,961,966,968,976,985,990,987,997,998,999,1006,1013,1019,1032,1024,1031,1024,1045,1045,1054,1059,2,2,2,2,2,2,2,2,2,2,2,2,2,2,2,2,2,2,2,2,2,2,2,2,2,2,2,2,2,2,2,2,2,2,2,2,2,2,2,2,2,2,2,3,2,3,2,3,3,2,3,3,2,3,3,4,4,3,3,3,3,3,3,5,5,5,5,5,5,5,5,5,5,5,5,5,5,5,5,5,5,5,5,5,5,5,5,5,5,5,5,5,5,5,5,5,5,5,5,5,5,5,5,5,5,5,5,5,5,5,5,5,5,5,5,5,5,5,5,5,5,5,5,5,5,5,5,5
58,814,809,816,819,821,827,828,836,832,840,843,851,852,854,857,866,860,870,872,872,875,882,881,888,892,896,902,901,909,912,913,914,926,923,929,933,932,943,946,948,955,953,963,961,969,971,975,987,993,994,997,993,1003,1010,1019,1023,1028,1041,1036,1036,1043,1057,1064,1075,2,2,2,1,2,2,2,2,2,2,2,2,2,2,2,2,2,2,2,2,2,2,2,2,2,2,2,2,2,2,2,2,2,2,2,2,2,2,2,2,2,2,2,2,2,2,2,2,3,2,3,3,2,3,3,3,4,3,3,3,3,4,3,4,5,5,5,5,5,5,5,5,5,5,5,5,5,5,5,5,5,5,5,5,5,5,5,5,5,5,5,5,5,5,5,5,5,5,5,5,5,5,5,5,5,5,5,5,5,5,5,5,5,5,5,5,5,5,5,5,9,5,5,5,5,5,5,5
59,810,815,817,820,823,825,829,827,836,841,844,849,850,850,855,865,862,868,872,876,876,882,885,886,888,898,904,904,909,908,917,923,924,928,927,926,936,938,943,949,957,953,961,970,966,975,978,991,993,998,1002,999,999,1004,1017,1028,1045,1037,1038,1040,1053,1063,1057,1083,2,2,2,2,2,2,2,2,2,2,2,2,2,2,2,2,2,2,2,2,2,2,2,2,2,2,2,2,2,2,2,3,2,3,2,2,2,2,2,3,2,2,2,2,2,3,3,3,3,3,3,3,3,3,3,4,4,3,3,3,3,3,3,4,5,5,5,5,5,5,5,5,5,5,5,5,5,5,5,5,5,5,5,5,5,5,5,5,5,5,5,5,5,5,5,5,5,5,5,5,5,5,5,5,5,5,5,5,5,5,5,5,5,5,5,5,5,5,5,5,5,5,5,5,5,5,5,5
60,808,813,814,818,817,823,825,826,838,841,844,846,849,851,853,857,862,872,870,873,879,881,877,884,895,896,901,904,906,913,908,915,928,926,932,931,937,938,938,941,952,958,961,965,965,974,971,981,1002,997,1001,998,1001,1006,1012,1016,1039,1041,1034,1037,1047,1050,1061,1072,2,2,1,2,2,2,2,2,2,2,2,2,2,2,2,2,2,2,2,2,2,2,2,2,2,2,2,2,2,2,2,2,2,2,2,2,2,2,2,2,2,2,2,2,2,2,2,3,2,2,3,2,2,3,3,3,3,3,3,3,3,3,3,4,5,5,5,5,5,5,5,5,5,5,5,5,5,5,5,5,5,5,5,5,5,5,5,5,5,5,5,5,5,5,5,5,5,5,5,5,5,5,5,5,5,5,5,5,5,5,5,5,5,5,5,5,5,5,5,5,5,5,5,5,9,5,5,5
61,814,816,816,818,819,823,826,827,837,842,843,845,848,854,849,860,865,867,872,876,878,878,884,881,894,899,901,902,909,911,910,913,926,926,935,938,935,939,947,945,955,959,961,969,968,972,969,977,998,997,993,1006,998,1006,1006,1025,1039,1035,1037,1042,1042,1052,1059,1057,2,2,2,2,2,2,2,2,2,2,2,2,2,2,2,2,2,2,2,2,2,2,2,2,2,2,2,2,2,3,2,2,2,2,2,2,2,2,2,3,2,2,2,2,2,3,3,3,3,2,3,3,2,3,3,3,4,3,3,3,3,3,4,5,5,5,5,5,5,5,5,5,5,5,5,5,5,5,5,5,5,5,5,5,5,5,5,5,5,5,5,5,5,5,5,5,5,5,5,5,5,5,5,5,5,5,5,5,5,5,5,5,5,5,5,5,5,5,5,5,5,5,5,5,5,5,5,5
62,813,815,819,819,819,823,829,826,839,842,846,849,848,848,853,859,867,870,868,876,876,882,883,882,897,896,902,904,909,909,907,915,929,929,930,934,936,937,937,944,963,962,966,969,967,970,972,979,998,1001,1000,999,1004,1001,1007,1029,1044,1043,1037,1045,1048,1062,1065,1078,2,2,2,1,2,2,2,2,2,2,2,2,2,2,2,2,2,2,2,2,2,2,2,2,2,2,2,2,2,2,2,2,2,2,2,2,2,2,2,3,2,2,2,2,2,3,2,3,2,2,3,3,2,3,3,3,3,3,3,3,3,3,3,4,5,5,5,5,5,5,5,5,5,5,5,5,5,5,5,5,5,5,5,5,5,5,5,5,5,5,5,5,5,5,5,5,5,5,5,5,5,5,5,5,5,5,5,5,5,5,5,5,9,5,5,5,5,5,5,5,5,5,5,5,5,5,5,5
63,813,816,815,819,820,827,829,829,842,839,843,843,849,854,859,858,867,871,870,880,878,883,881,888,896,906,901,906,913,912,914,916,931,934,935,938,939,943,941,947,961,962,967,970,971,971,981,977,995,995,1008,1004,1001,1010,1011,1024,1047,1048,1041,1051,1054,1051,1074,1071,2,2,2,2,2,2,2,2,2,2,2,2,2,2,2,2,2,2,2,2,2,2,2,2,2,2,2,2,2,2,2,2,2,3,2,2,2,3,2,3,2,3,2,2,2,2,3,3,2,2,3,3,3,3,3,4,3,3,3,3,3,3,3,5,5,5,5,5,5,5,5,5,5,5,5,5,5,5,5,5,5,5,5,5,5,5,5,5,5,5,5,5,5,5,5,5,5,5,5,5,5,5,5,5,5,5,5,5,5,5,5,5,5,5,5,5,5,5,5,5,5,5,5,5,5,5,5,5
64,812,813,818,819,821,826,824,832,837,842,845,846,851,851,855,856,866,869,871,879,884,887,882,889,897,901,906,905,913,908,915,916,930,930,935,935,942,939,945,954,960,964,969,974,975,981,978,987,1001,1002,1013,1004,1004,1017,1021,1036,1044,1046,1044,1044,1054,1056,1065,1064,2,2,2,2,2,2,2,2,2,2,2,2,2,2,2,2,2,2,2,2,2,2,2,2,2,2,2,2,2,2,2,2,2,2,2,2,2,2,2,2,2,2,2,2,2,3,2,2,2,2,3,3,2,2,3,3,4,3,3,3,3,3,4,4,5,5,5,5,5,5,5,5,5,5,5,5,5,5,5,5,5,5,5,5,5,5,5,5,5,5,5,5,5,5,5,5,5,5,5,5,5,5,5,5,5,5,5,5,5,5,5,5,5,5,5,5,5,5,5,5,9,5,5,5,5,5,5,5
65,811,814,817,822,824,828,828,833,836,842,845,845,852,852,858,863,865,869,871,877,885,885,888,888,898,898,902,910,909,914,915,915,927,928,941,939,940,946,953,958,963,963,965,979,977,974,982,994,1005,999,1009,1009,1007,1013,1027,1041,1045,1051,1057,1053,1059,1067,1071,1077,2,2,2,2,2,2,2,2,2,2,2,2,2,2,2,2,2,2,2,2,2,2,2,2,2,2,2,2,2,2,2,2,2,2,2,2,2,2,3,3,2,3,2,2,2,3,3,3,3,2,3,3,3,3,3,3,4,3,3,3,4,3,4,5,5,5,5,5,5,5,5,5,5,5,5,5,5,5,5,5,5,5,5,5,5,5,5,5,5,5,5,5,5,5,5,5,5,5,5,5,5,5,5,5,5,5,5,5,5,5,5,5,5,5,5,5,5,5,5,5,5,5,5,5,5,5,9,9
66,811,813,815,819,822,828,828,833,834,838,847,846,852,854,857,864,865,870,876,879,886,888,885,888,896,901,906,909,914,912,915,925,929,929,935,936,941,946,949,955,962,966,963,976,970,976,982,989,999,998,1011,1001,1011,1016,1023,1031,1044,1042,1045,1052,1063,1064,1062,1073,2,2,2,2,2,2,2,2,2,2,2,2,2,2,2,2,2,2,2,2,2,2,2,2,2,2,2,2,2,2,2,2,2,2,2,2,2,2,2,2,2,2,2,2,2,3,2,3,3,2,3,3,3,3,3,3,3,3,3,3,3,3,4,5,5,5,5,5,5,5,5,5,5,5,5,5,5,5,5,5,5,5,5,5,5,5,5,5,5,5,5,5,5,5,5,5,5,5,5,5,5,5,5,5,5,5,5,5,5,5,5,5,9,5,5,5,5,5,5,9,5,5,5,5,5,5,5,5
67,816,814,821,825,825,828,837,842,837,842,847,849,858,857,858,870,868,875,879,882,886,887,888,894,896,896,907,908,914,915,921,923,929,930,935,941,944,949,945,960,960,961,966,971,974,976,977,992,1000,1002,1005,1002,1006,1021,1028,1037,1040,1044,1051,1049,1054,1069,1064,1081,2,2,2,2,2,2,2,2,2,2,2,2,2,2,2,2,2,2,2,2,2,2,2,2,2,2,2,2,2,2,2,3,2,2,2,2,2,3,2,3,2,2,2,2,2,3,2,3,3,3,3,3,3,3,3,3,4,3,3,3,3,3,4,4,5,5,5,5,5,5,5,5,5,5,5,5,5,5,5,5,5,5,5,5,5,5,5,5,5,5,5,5,5,5,5,5,5,5,5,5,5,5,5,5,5,5,5,5,5,5,5,5,5,5,5,5,5,5,5,9,5,5,5,5,5,5,5,5
68,815,818,820,824,824,832,833,842,838,844,847,851,858,851,861,866,866,875,879,883,885,884,891,893,896,900,907,903,910,919,916,925,928,931,935,937,942,946,944,950,959,966,973,970,977,977,980,993,1002,999,1005,1005,1009,1015,1024,1029,1039,1047,1044,1046,1057,1065,1059,1075,2,2,2,2,2,2,2,2,2,2,2,2,2,2,2,2,2,2,2,2,2,2,2,2,2,2,2,2,2,2,2,2,2,2,2,2,2,2,2,3,2,2,2,2,2,3,2,2,3,2,3,3,2,3,2,3,3,3,3,2,3,3,4,4,5,5,5,5,5,5,5,5,5,5,5,5,5,5,5,5,5,5,5,5,5,5,5,5,5,5,5,5,5,5,5,5,5,5,5,5,5,5,5,5,5,5,5,5,5,5,5,5,5,5,5,5,5,5,5,5,5,5,5,5,5,5,5,5
69,819,822,825,829,829,830,838,846,844,851,851,852,857,860,859,869,871,875,882,889,888,890,892,892,903,905,908,909,915,913,918,924,930,935,942,939,947,949,946,955,963,964,971,976,973,981,981,996,1004,1002,1006,1003,1005,1011,1021,1031,1043,1039,1048,1057,1052,1068,1067,1072,2,2,2,2,2,2,2,2,2,2,2,2,2,2,2,2,2,2,2,2,2,2,2,2,2,2,2,2,2,2,2,2,2,3,2,2,2,3,2,2,2,3,2,2,2,3,2,3,2,2,3,3,3,3,3,3,3,3,3,3,3,3,4,5,5,5,5,5,5,5,5,5,5,5,5,5,5,5,5,5,5,5,5,5,5,5,5,5,5,5,5,5,5,5,5,5,5,5,5,5,5,5,5,5,5,5,5,5,5,5,5,5,5,5,5,5,5,5,5,5,5,9,5,5,5,5,5,5
70,817,822,829,827,826,835,838,845,844,849,853,854,859,859,868,870,870,875,880,886,890,886,890,892,903,902,908,911,918,919,918,922,932,937,935,939,946,944,949,956,964,962,964,971,968,980,987,990,993,1003,1003,1002,1006,1019,1020,1031,1046,1047,1047,1051,1054,1062,1073,1067,2,2,2,2,2,2,2,2,2,2,2,2,2,2,2,2,2,2,2,2,2,2,2,2,2,2,2,2,2,2,2,2,2,2,2,2,2,2,2,2,2,2,2,2,2,2,2,2,3,2,3,3,2,3,3,3,3,3,3,3,3,3,3,5,5,5,5,5,5,5,5,5,5,5,5,5,5,5,5,5,5,5,5,5,5,5,5,5,5,5,5,5,5,5,5,5,5,5,5,5,5,5,5,5,5,5,5,5,5,5,5,5,5,5,5,5,5,5,5,5,5,5,5,5,5,5,5,5
71,823,817,824,826,830,837,835,842,845,848,856,853,858,855,864,869,871,878,884,883,888,889,887,890,898,910,908,911,916,919,922,928,937,933,940,943,944,948,954,959,967,968,972,972,976,981,984,991,1002,1006,1010,1007,1013,1022,1026,1036,1045,1043,1062,1050,1061,1065,1079,1070,2,2,2,2,2,2,2,2,2,2,2,2,2,2,2,2,2,2,2,2,2,2,2,2,2,2,2,2,2,2,2,2,2,3,2,2,2,2,3,2,2,3,2,2,2,3,3,2,3,3,3,3,3,3,3,3,3,3,3,3,3,3,3,5,5,5,5,5,5,5,5,5,5,5,5,5,5,5,5,5,5,5,5,5,5,5,5,5,5,5,5,5,5,5,5,5,5,5,5,5,5,5,5,5,5,5,5,5,5,5,5,5,5,5,5,5,5,5,5,5,5,5,5,9,9,5,5,9
72,817,820,823,826,827,828,832,838,844,846,852,855,854,858,864,870,870,876,881,885,886,889,894,896,902,903,910,914,916,917,920,930,931,930,941,944,949,948,952,956,964,964,970,980,978,983,983,999,1006,1008,1008,1008,1012,1016,1031,1037,1048,1044,1049,1051,1066,1068,1071,1087,2,2,2,2,2,2,2,2,2,2,2,2,2,2,2,2,2,2,2,2,2,2,2,2,2,2,2,2,2,2,2,2,2,2,2,2,2,2,2,2,3,2,2,2,2,3,2,2,2,3,3,3,3,3,3,3,3,3,3,3,3,3,3,4,5,5,5,5,5,5,5,5,5,5,5,5,5,5,5,5,5,5,5,5,5,5,5,5,5,5,5,5,5,5,5,5,5,5,5,5,5,5,5,5,5,5,5,5,5,5,5,5,5,5,5,5,5,5,5,5,5,5,5,5,5,5,5,5
73,819,820,824,827,827,833,835,850,848,850,849,853,854,859,864,867,873,876,883,887,887,888,890,894,899,906,909,915,916,919,919,930,932,937,936,946,947,948,948,959,968,972,974,977,979,981,988,993,1008,1004,1009,1004,1015,1015,1023,1037,1052,1049,1055,1054,1056,1070,1075,1085,2,2,2,2,2,2,2,2,2,2,2,2,2,2,2,2,2,2,2,2,2,2,2,2,2,2,2,2,2,2,2,2,2,3,2,2,2,2,2,2,3,2,3,2,2,3,2,2,3,2,3,3,3,3,3,3,4,3,3,3,3,3,3,4,5,5,5,5,5,5,5,5,5,5,5,5,5,5,5,5,5,5,5,5,5,5,5,5,5,5,5,5,5,5,5,5,5,5,5,5,5,5,5,5,5,5,5,5,5,5,5,5,5,5,5,5,5,5,5,5,5,5,5,5,5,5,5,5
74,820,822,823,826,830,832,838,845,845,849,853,853,857,861,866,872,869,877,883,884,888,891,893,894,903,902,914,910,916,919,923,929,932,937,941,943,948,950,948,962,969,965,973,974,977,983,983,994,1003,1004,1015,1009,1011,1013,1021,1026,1042,1049,1044,1049,1055,1062,1068,1072,2,2,2,2,2,2,2,2,2,2,2,2,2,2,2,2,2,2,2,2,2,2,2,2,2,2,2,2,2,2,2,2,2,2,2,2,2,2,2,2,2,2,2,2,2,3,2,2,2,2,3,3,3,3,2,3,3,3,3,3,3,3,3,5,5,5,5,5,5,5,5,5,5,5,5,5,5,5,5,5,5,5,5,5,5,5,5,5,5,5,5,5,5,5,5,5,5,5,5,5,5,5,5,5,5,5,5,5,5,5,5,5,5,5,5,5,5,5,5,5,9,5,5,5,5,5,9,5
75,821,824,829,831,833,836,838,850,847,851,857,856,860,861,865,873,874,880,878,889,888,889,892,899,904,909,915,913,919,927,921,929,928,935,940,946,948,951,954,960,970,966,972,974,977,979,982,995,1005,1002,1010,1007,1010,1014,1017,1033,1045,1047,1052,1051,1058,1062,1067,1073,2,2,2,2,2,2,2,2,2,2,2,2,2,2,2,2,2,2,2,2,2,2,2,2,2,2,2,2,2,2,2,2,2,3,2,2,2,3,3,2,3,3,2,2,2,3,2,3,2,2,3,3,3,3,3,4,3,3,3,3,3,3,4,4,5,5,5,5,5,5,5,5,5,5,5,5,5,5,5,5,5,5,5,5,5,5,5,5,5,5,5,5,5,5,5,5,5,5,5,5,5,5,5,5,5,5,5,5,5,5,5,5,5,5,5,5,5,5,5,5,5,5,5,5,5,5,5,5
76,823,824,825,828,831,835,837,848,849,851,854,856,864,856,864,870,877,877,881,887,890,893,892,898,903,904,909,916,917,924,929,923,930,939,940,941,951,948,955,958,964,962,968,973,976,984,980,988,997,1003,1007,1002,1009,1015,1022,1026,1040,1042,1044,1055,1049,1062,1071,1086,2,1,2,2,2,2,2,2,2,2,2,2,2,2,2,2,2,2,2,2,2,2,2,2,2,2,2,2,2,3,2,2,2,2,2,2,2,2,2,2,2,2,2,2,2,3,2,2,2,2,2,2,3,3,3,3,3,3,3,3,3,3,4,4,5,5,5,5,5,5,5,5,5,5,5,5,5,5,5,5,5,5,5,5,5,5,5,5,5,5,5,5,5,5,5,5,5,5,5,5,5,5,5,5,5,5,5,5,5,5,5,5,5,5,5,5,5,5,5,5,5,9,5,5,5,5,5,5
77,827,827,830,834,833,841,846,851,850,856,859,860,862,862,870,872,877,885,884,887,891,893,894,900,906,909,913,912,920,920,922,931,936,937,940,945,946,946,948,953,967,963,968,971,972,987,979,990,998,1000,1007,1001,1009,1011,1025,1028,1046,1047,1038,1047,1054,1051,1063,1070,2,2,2,2,2,2,2,2,2,2,2,2,2,2,2,2,2,2,2,2,2,2,2,2,2,2,2,2,2,2,2,2,2,3,2,2,2,2,2,3,3,3,2,2,2,2,2,2,3,2,3,3,3,3,3,4,3,3,3,3,3,3,4,4,5,5,5,5,5,5,5,5,5,5,5,5,5,5,5,5,5,5,5,5,5,5,5,5,5,5,5,5,5,5,5,5,5,5,5,5,5,5,5,5,5,5,5,5,5,5,5,5,9,5,5,5,5,5,5,5,5,5,5,5,5,5,9,5
78,829,832,834,838,838,843,844,850,851,855,860,861,866,866,870,874,877,884,890,890,892,894,891,897,908,912,916,916,922,923,926,932,933,938,945,943,949,949,951,959,967,965,972,977,976,977,980,985,1004,1001,1003,1005,1006,1011,1018,1032,1037,1047,1041,1046,1051,1053,1064,1061,2,2,2,2,2,2,2,2,2,2,2,2,2,2,2,2,2,2,2,2,2,2,2,2,2,2,2,2,2,2,2,2,2,2,2,2,2,2,2,2,2,2,2,2,2,3,2,2,2,2,2,3,3,3,3,3,3,3,3,3,3,3,3,4,5,5,5,5,5,5,5,5,5,5,5,5,5,5,5,5,5,5,5,5,5,5,5,5,5,5,5,5,5,5,5,5,5,5,5,5,5,5,5,5,5,5,5,5,5,5,5,5,5,5,5,5,5,5,5,5,9,5,5,5,5,5,5,5
79,833,836,836,839,841,847,845,849,858,858,866,864,866,870,872,872,881,885,891,895,895,898,894,901,913,913,915,918,925,923,924,924,940,942,946,947,947,947,952,963,970,967,970,977,979,986,984,991,1013,1000,1012,1009,1018,1013,1023,1038,1044,1042,1049,1050,1056,1054,1064,1070,2,2,2,2,2,2,2,2,2,2,2,2,2,2,2,2,2,2,2,2,2,2,2,2,2,2,2,2,2,3,2,2,2,2,3,2,2,2,2,2,3,3,2,2,2,2,3,2,3,2,3,3,3,3,3,3,3,3,3,3,3,3,4,5,5,5,5,5,5,5,5,5,5,5,5,5,5,5,5,5,5,5,5,5,5,5,5,5,5,5,5,5,5,5,5,5,5,5,5,5,5,5,5,5,5,5,5,5,5,5,5,5,5,5,5,5,5,5,5,5,5,5,5,5,5,5,5,5
80,835,836,838,844,845,848,846,851,858,859,863,863,869,869,873,877,883,886,888,894,899,897,897,905,911,912,915,919,920,927,929,935,936,942,944,948,955,954,956,965,969,973,974,980,977,980,987,993,1004,997,1000,1005,1008,1009,1015,1022,1041,1048,1039,1043,1055,1052,1058,1080,2,2,2,2,2,2,2,2,2,2,2,2,2,2,2,2,2,2,2,2,2,2,2,2,2,2,2,2,2,2,2,2,2,2,2,2,2,2,2,2,2,2,2,2,2,3,3,2,2,2,3,2,2,2,3,3,3,3,3,3,3,3,3,4,5,5,5,5,5,5,5,5,5,5,5,5,5,5,5,5,5,5,5,5,5,5,5,5,5,5,5,5,5,5,5,5,5,5,5,5,5,5,5,5,5,5,5,5,5,5,5,5,5,5,5,5,5,5,5,5,5,5,5,5,5,5,5,5
81,835,839,842,849,848,847,855,862,864,865,867,873,874,873,879,883,887,888,893,898,900,898,900,906,910,913,917,922,926,923,932,938,939,939,950,945,953,955,957,957,972,971,971,979,985,983,982,990,1006,1004,1009,1010,1009,1008,1017,1030,1028,1039,1043,1046,1049,1056,1054,1068,2,2,2,2,2,2,2,2,2,2,2,2,2,2,2,2,2,2,2,2,2,2,2,2,2,2,2,2,2,3,2,2,2,3,2,2,2,3,3,2,2,3,2,2,2,3,2,2,3,2,3,3,3,3,3,4,4,3,3,3,3,3,3,4,5,5,5,5,5,5,5,5,5,5,5,5,5,5,5,5,5,5,5,5,5,5,5,5,5,5,5,5,5,5,5,5,5,5,5,5,5,5,5,5,5,5,5,5,5,5,5,5,5,5,5,5,5,5,5,5,5,5,5,5,5,5,5,5
82,841,845,843,849,850,854,856,860,865,867,871,874,876,877,885,885,887,893,896,901,901,902,906,907,913,916,921,922,929,926,930,936,939,944,950,947,953,953,954,963,966,967,969,976,977,974,987,987,1001,999,1002,998,1006,1009,1019,1020,1031,1033,1035,1041,1042,1052,1051,1065,2,2,2,2,2,2,2,2,2,2,2,2,2,2,2,2,2,2,2,2,2,2,2,2,2,2,2,2,2,2,2,2,2,2,2,2,2,3,2,2,2,2,2,2,2,2,2,3,2,2,2,2,2,3,3,3,3,3,3,3,2,3,3,4,5,5,5,5,5,5,5,5,5,5,5,5,5,5,5,5,5,5,5,5,5,5,5,5,5,5,5,5,5,5,5,5,5,5,5,5,5,5,5,5,5,5,5,5,5,5,5,5,5,5,5,5,5,5,5,5,5,5,5,5,5,5,5,5
83,852,851,848,854,854,858,859,863,871,867,876,879,877,880,886,893,891,898,895,902,903,899,905,912,917,918,920,921,926,932,930,930,945,943,947,947,958,955,954,958,961,970,972,978,975,980,981,992,1004,996,1006,999,1004,1011,1009,1015,1032,1037,1032,1041,1037,1047,1050,1050,2,2,2,2,2,2,2,2,2,2,2,2,2,2,2,2,2,2,2,2,2,2,2,2,2,2,2,2,2,2,2,2,2,2,2,2,2,3,3,2,2,2,2,2,2,3,2,2,2,2,3,2,2,3,3,3,4,3,3,3,3,3,3,4,5,5,5,5,5,5,5,5,5,5,5,5,5,5,5,5,5,5,5,5,5,5,5,5,5,5,5,5,5,5,5,5,5,5,5,5,5,5,5,5,5,5,5,5,5,5,5,5,5,5,5,5,5,5,5,5,5,5,5,5,9,5,5,5
84,852,852,854,857,858,860,865,872,874,868,878,880,882,878,886,888,893,895,900,903,905,905,909,907,918,920,919,927,923,930,934,935,937,943,947,951,951,952,954,957,974,969,969,974,972,977,982,985,998,994,1000,995,1002,997,1012,1016,1027,1031,1032,1038,1037,1043,1042,1049,2,2,2,2,2,2,2,2,2,2,2,2,2,2,2,2,2,2,2,2,2,2,2,2,2,2,2,2,2,2,2,2,2,2,2,2,2,2,2,2,2,2,2,2,2,2,2,3,2,2,2,2,2,3,3,3,3,3,3,2,2,3,3,3,5,5,5,5,5,5,5,5,5,5,5,5,5,5,5,5,5,5,5,5,5,5,5,5,5,5,5,5,5,5,5,5,5,5,5,5,5,5,5,5,5,5,5,5,5,5,5,5,5,5,5,5,5,5,5,5,5,5,5,5,5,5,5,5
85,857,856,857,860,865,866,866,873,877,874,882,881,885,887,890,895,894,895,899,906,907,907,907,911,917,920,924,927,931,933,932,934,940,946,947,950,950,954,952,967,965,964,971,974,974,975,983,991,991,991,997,994,1002,1003,1008,1013,1021,1032,1026,1034,1036,1040,1042,1044,2,2,2,2,2,2,2,2,2,2,2,2,2,2,2,2,2,2,2,2,2,2,2,2,2,2,2,2,2,2,2,2,2,2,2,2,2,3,2,2,2,2,2,2,2,2,2,2,3,2,3,2,2,3,3,3,3,3,3,2,3,3,3,5,5,5,5,5,5,5,5,5,5,5,5,5,5,5,5,5,5,5,5,5,5,5,5,5,5,5,5,5,5,5,5,5,5,5,5,5,5,5,5,5,5,5,5,5,5,5,5,5,5,5,5,5,5,5,5,5,5,5,5,5,5,5,5,5
86,857,855,860,860,866,866,867,871,880,882,880,882,883,887,887,892,895,901,902,904,905,909,906,907,914,923,926,923,927,933,936,934,938,947,951,949,954,954,954,958,970,970,974,975,977,974,979,991,1000,998,996,999,998,1003,1007,1011,1027,1026,1033,1034,1036,1034,1041,1049,2,2,2,2,2,2,2,2,2,2,2,2,2,2,2,2,2,2,2,2,2,2,2,2,2,2,2,2,2,2,2,2,2,2,2,2,2,2,2,2,2,2,2,2,2,2,2,2,2,2,3,2,2,3,3,3,3,3,3,2,2,3,3,3,5,5,5,5,5,5,5,5,5,5,5,5,5,5,5,5,5,5,5,5,5,5,5,5,5,5,5,5,5,5,5,5,5,5,5,5,5,5,5,5,5,5,5,5,5,5,5,5,5,5,5,5,5,5,5,5,5,5,5,5,5,5,5,5
87,857,862,863,864,865,865,871,877,879,881,884,885,883,888,891,894,898,907,902,903,904,910,913,910,922,922,929,928,930,935,933,941,945,947,951,954,954,953,959,962,967,973,978,974,975,980,980,990,997,998,998,998,1006,999,1006,1008,1034,1027,1029,1034,1035,1030,1046,1035,2,2,2,2,2,2,2,2,2,2,2,2,2,2,2,2,2,2,2,2,2,2,2,3,2,2,2,2,2,2,2,2,2,2,2,2,2,2,3,2,2,2,2,2,2,3,2,2,2,2,3,3,2,3,3,3,4,3,3,2,3,3,3,4,5,5,5,5,5,5,5,5,5,5,5,5,5,5,5,5,5,5,5,5,5,5,5,5,5,5,5,5,5,5,5,5,5,5,5,5,5,5,5,5,5,5,5,5,5,5,5,5,5,5,5,5,5,5,5,5,5,5,5,5,5,5,5,5
88,864,858,860,864,868,869,871,880,882,882,886,884,886,888,893,892,901,905,907,907,909,910,911,912,921,923,932,930,933,935,933,939,949,953,951,954,952,956,954,963,970,976,973,973,980,979,981,988,994,992,1002,1000,999,1000,1007,1016,1029,1026,1026,1033,1035,1033,1037,1045,2,2,2,2,2,2,2,2,2,2,2,2,2,2,2,2,2,2,2,2,2,2,2,2,2,2,2,2,2,2,2,2,2,2,2,2,2,3,2,2,2,2,2,2,2,2,2,2,2,2,3,2,2,2,2,3,4,3,2,2,2,2,3,4,5,5,5,5,5,5,5,5,5,5,5,5,5,5,5,5,5,5,5,5,5,5,5,5,5,5,5,5,5,5,5,5,5,5,5,5,5,5,5,5,5,5,5,5,5,5,5,5,5,5,5,5,5,5,5,5,5,5,5,5,5,5,5,5
89,866,869,866,867,869,875,876,877,888,886,888,888,891,890,895,903,905,907,907,913,909,913,912,911,925,923,928,929,936,934,939,937,950,948,951,956,955,957,956,955,975,976,973,980,973,975,982,983,1003,993,1005,999,1006,1004,1009,1015,1028,1025,1030,1032,1031,1033,1031,1041,2,2,2,2,2,2,2,2,2,2,2,2,2,2,2,2,2,2,2,2,2,2,2,2,2,2,2,2,2,2,2,2,2,2,2,2,2,2,2,2,2,2,2,2,2,2,2,3,2,2,3,2,2,3,3,3,3,3,3,2,2,3,3,4,5,5,5,5,5,5,5,5,5,5,5,5,5,5,5,5,5,5,5,5,5,5,5,5,5,5,5,5,5,5,5,5,5,5,5,5,5,5,5,5,5,5,5,5,5,5,5,5,5,5,5,5,5,5,5,5,5,5,5,5,5,5,5,5
90,868,869,870,869,871,870,875,880,888,888,889,892,895,889,894,892,905,904,906,914,910,911,912,911,927,926,931,934,938,932,935,937,946,946,958,957,957,956,958,967,979,972,974,977,976,980,979,987,1004,997,997,994,1000,1002,1002,1018,1027,1026,1031,1032,1026,1033,1042,1037,2,2,2,2,2,2,2,2,2,2,2,2,2,2,2,2,2,2,2,2,2,2,2,2,2,2,2,2,2,2,2,2,2,2,2,2,2,2,2,2,3,2,2,2,2,2,2,2,2,2,3,2,2,3,2,3,3,3,2,2,3,2,3,3,5,5,5,5,5,5,5,5,5,5,5,5,5,5,5,5,5,5,5,5,5,5,5,5,5,5,5,5,5,5,5,5,5,5,5,5,5,5,5,5,5,5,5,5,5,5,5,5,5,5,5,5,5,5,5,5,5,5,5,5,5,5,5,5
91,873,874,869,871,870,876,878,882,886,889,891,895,892,896,898,907,903,909,912,914,916,916,914,918,928,924,931,935,937,937,939,939,950,952,958,962,959,961,961,965,978,974,971,978,975,984,985,988,1000,996,998,1002,996,1001,1004,1014,1026,1032,1032,1032,1036,1038,1040,1040,2,2,2,2,2,2,2,2,2,2,2,2,2,2,2,2,2,2,2,2,2,2,2,2,2,2,2,2,2,2,2,2,2,2,2,2,2,2,3,2,2,2,2,2,2,3,2,3,2,2,3,2,2,3,3,3,3,2,3,2,3,3,3,4,5,5,5,5,5,5,5,5,5,5,5,5,5,5,5,5,5,5,5,5,5,5,5,5,5,5,5,5,5,5,5,5,5,5,5,5,5,5,5,5,5,5,5,5,5,5,5,5,5,5,5,5,5,5,5,5,5,5,5,5,5,5,5,5
92,870,866,871,871,877,877,877,882,881,889,886,892,895,889,894,902,900,907,913,912,913,915,915,916,930,933,932,931,938,931,939,941,950,949,957,957,958,959,953,967,974,976,980,976,977,978,980,991,1001,996,1003,999,1010,999,1007,1013,1024,1029,1025,1032,1034,1032,1032,1030,2,2,2,2,2,2,2,2,2,2,2,2,2,2,2,2,2,2,2,2,2,2,2,2,2,2,2,2,2,2,2,2,2,2,2,2,2,2,2,2,2,2,2,2,2,2,2,2,2,2,3,2,2,2,2,3,3,2,2,2,2,2,3,4,5,5,5,5,5,5,5,5,5,5,5,5,5,5,5,5,5,5,5,5,5,5,5,5,5,5,5,5,5,5,5,5,5,5,5,5,5,5,5,5,5,5,5,5,5,5,5,5,5,5,5,5,5,5,5,5,5,5,5,5,5,5,5,5
93,875,869,870,871,871,878,881,882,892,886,889,891,895,892,899,899,902,906,911,917,916,916,921,919,926,923,931,936,940,944,936,940,953,951,955,955,957,959,961,961,974,977,980,978,978,980,980,988,999,999,1001,997,1005,1004,1011,1013,1019,1023,1022,1025,1032,1031,1039,1041,2,2,2,2,2,2,2,2,2,2,2,2,2,2,2,2,2,2,2,2,2,2,2,2,2,2,2,2,2,2,2,2,2,2,2,2,3,2,2,2,3,2,2,2,2,3,2,2,2,2,3,2,2,3,2,3,3,3,3,3,3,3,3,4,5,5,5,5,5,5,5,5,5,5,5,5,5,5,5,5,5,5,5,5,5,5,5,5,5,5,5,5,5,5,5,5,5,5,5,5,5,5,5,5,5,5,5,5,5,5,5,5,5,5,5,5,5,5,5,5,5,5,5,5,5,5,5,5
94,871,870,873,869,874,880,883,884,887,888,886,893,895,896,903,903,907,905,913,912,914,916,914,919,925,924,933,928,938,938,940,938,942,949,952,953,960,961,961,964,969,975,973,976,977,974,985,987,991,993,1000,996,1000,996,1005,1012,1024,1024,1020,1022,1026,1030,1034,1034,2,2,2,2,2,2,2,2,2,2,2,2,2,2,2,2,2,2,2,2,2,2,2,2,2,2,2,2,2,2,2,2,2,2,2,2,2,2,2,2,2,2,2,2,2,2,2,2,2,2,3,2,2,2,2,3,3,3,2,2,3,2,3,4,5,5,5,5,5,5,5,5,5,5,5,5,5,5,5,5,5,5,5,5,5,5,5,5,5,5,5,5,5,5,5,5,5,5,5,5,5,5,5,5,5,5,5,5,5,5,5,5,5,5,5,5,5,5,5,5,5,5,5,5,5,5,5,5
95,872,870,873,872,872,878,878,883,884,887,893,890,895,897,898,899,905,906,913,906,917,916,919,920,922,926,929,935,939,937,934,943,946,950,952,950,956,958,957,962,969,973,970,979,978,980,981,992,990,991,994,996,999,1006,1006,1013,1021,1026,1020,1021,1028,1033,1033,1030,2,2,2,2,2,2,2,2,2,2,2,2,2,2,2,2,2,2,2,2,2,2,2,2,2,2,2,2,2,2,2,2,2,2,2,2,2,2,2,2,2,2,2,2,2,3,2,2,3,2,3,2,2,3,3,3,3,3,2,3,2,2,3,4,5,5,5,5,5,5,5,5,5,5,5,5,5,5,5,5,5,5,5,5,5,5,5,5,5,5,5,5,5,5,5,5,5,5,5,5,5,5,5,5,5,5,5,5,5,5,5,5,5,5,5,5,5,5,5,5,5,5,5,5,5,5,5,5
96,867,866,869,867,870,874,879,882,883,886,886,891,893,897,894,903,899,904,908,908,914,910,916,919,924,926,927,927,933,936,937,942,943,944,953,950,957,955,958,965,967,970,972,971,972,973,983,988,985,994,996,994,997,997,1002,1013,1018,1023,1025,1022,1025,1028,1033,1042,2,2,2,2,2,2,2,2,2,2,2,2,2,2,2,2,2,2,2,2,2,2,2,2,2,2,2,2,2,2,2,2,2,2,2,2,2,2,2,2,2,2,2,2,2,2,2,2,2,2,2,2,2,2,2,3,3,3,2,2,3,2,3,4,5,5,5,5,5,5,5,5,5,5,5,5,5,5,5,5,5,5,5,5,5,5,5,5,5,5,5,5,5,5,5,5,5,5,5,5,5,5,5,5,5,5,5,5,5,5,5,5,5,5,5,5,5,5,5,5,5,5,5,5,5,5,5,5
97,867,862,865,867,874,876,880,879,878,883,883,893,893,896,898,898,900,901,911,907,913,913,915,915,915,924,930,929,931,933,938,942,944,943,952,948,954,953,961,967,961,968,969,977,973,982,979,988,998,990,991,993,995,1001,1010,1013,1015,1022,1020,1023,1022,1033,1038,1031,2,2,2,2,2,2,2,2,2,2,2,2,2,2,2,2,2,2,2,2,2,2,2,2,2,2,2,2,2,2,2,2,2,2,2,2,2,2,2,2,2,3,2,2,2,3,2,2,2,2,3,2,2,3,3,3,3,3,2,2,3,3,3,3,5,5,5,5,5,5,5,5,5,5,5,5,5,5,5,5,5,5,5,5,5,5,5,5,5,5,5,5,5,5,5,5,5,5,5,5,5,5,5,5,5,5,5,5,5,5,5,5,5,5,5,5,5,5,5,5,5,5,5,5,5,5,5,5
98,862,862,863,863,872,870,876,879,875,880,885,887,888,894,897,903,894,898,904,906,910,907,918,915,916,920,922,927,930,931,934,939,939,941,947,945,954,951,957,959,960,962,966,972,965,971,977,989,989,985,989,988,993,994,1001,1010,1010,1018,1020,1022,1025,1030,1025,1029,2,2,2,2,2,2,2,2,2,2,2,2,2,2,2,2,2,2,2,2,2,2,2,2,2,2,2,2,2,2,2,2,2,2,2,2,2,2,2,2,2,2,2,2,2,2,2,2,2,2,2,2,2,2,2,3,3,3,2,3,3,2,3,3,5,5,5,5,5,5,5,5,5,5,5,5,5,5,5,5,5,5,5,5,5,5,5,5,5,5,5,5,5,5,5,5,5,5,5,5,5,5,5,5,5,5,5,5,5,5,5,5,5,5,5,5,5,5,5,5,5,5,5,5,5,5,5,5
99,858,859,863,867,869,874,873,880,878,879,881,881,887,891,896,899,894,901,903,903,911,905,913,911,913,920,920,923,928,937,929,941,940,943,952,945,955,955,949,957,961,962,962,970,972,975,970,976,987,981,986,989,996,989,1002,1007,1012,1013,1013,1022,1018,1031,1028,1038,2,2,2,2,2,2,2,2,2,2,2,2,2,2,2,2,2,2,2,2,2,2,2,2,2,2,2,2,2,2,2,2,2,2,3,2,2,3,2,2,2,2,2,2,2,3,2,3,3,2,2,2,2,3,3,3,3,2,3,3,3,2,3,4,5,5,5,5,5,5,5,5,5,5,5,5,5,5,5,5,5,5,5,5,5,5,5,5,5,5,5,5,5,5,5,5,5,5,5,5,5,5,5,5,5,5,5,5,5,5,5,5,5,5,5,5,5,5,5,5,5,5,5,5,5,5,5,5
100,858,857,862,862,866,868,874,882,874,877,879,887,886,889,892,897,890,894,903,904,904,908,909,914,914,918,923,924,929,931,928,935,935,940,940,940,948,950,952,960,953,961,960,960,969,972,975,980,979,980,986,984,990,994,998,1002,1004,1009,1006,1018,1017,1023,1018,1031,2,2,2,2,2,2,2,2,2,2,2,2,2,2,2,2,2,2,2,2,2,2,2,2,2,2,2,2,2,2,2,2,2,2,2,2,2,2,2,2,2,2,2,2,2,2,2,2,2,2,2,2,2,2,2,2,3,3,2,2,2,2,3,3,5,5,5,5,5,5,5,5,5,5,5,5,5,5,5,5,5,5,5,5,5,5,5,5,5,5,5,5,5,5,5,5,5,5,5,5,5,5,5,5,5,5,5,5,5,5,5,5,5,5,5,5,5,5,5,5,5,5,5,5,5,5,5,5
101,861,858,863,863,868,871,876,882,876,875,881,883,888,885,891,904,892,898,900,905,907,912,908,917,912,918,924,922,924,931,932,941,932,938,944,941,947,948,950,961,953,960,960,966,966,974,980,980,979,976,984,982,987,989,997,1009,1007,1006,1005,1007,1015,1025,1025,1035,2,2,2,2,2,2,2,2,2,2,2,2,2,2,2,2,2,2,2,2,2,2,2,2,2,2,2,2,2,2,2,2,2,2,2,2,2,2,2,2,2,2,2,2,2,2,2,3,2,2,3,2,2,2,2,3,3,2,3,2,3,2,3,3,5,5,5,5,5,5,5,5,5,5,5,5,5,5,5,5,5,5,5,5,5,5,5,5,5,5,5,5,5,5,5,5,5,5,5,5,5,5,5,5,5,5,5,5,5,5,5,5,5,5,5,5,5,5,5,5,5,5,5,5,5,5,5,5
102,855,856,862,864,868,865,876,878,871,878,878,880,886,889,895,903,891,897,894,901,903,906,912,909,911,916,918,924,926,924,927,937,936,935,944,941,946,947,952,959,950,953,958,958,963,971,973,980,980,976,985,982,986,987,999,1010,998,1008,1010,1008,1013,1018,1023,1034,2,2,2,2,2,2,2,2,2,2,2,2,2,2,2,2,2,2,2,2,2,2,2,2,2,2,2,2,2,2,2,2,2,2,2,2,2,2,2,2,2,2,2,2,2,2,2,2,2,2,2,2,2,2,2,3,3,2,3,2,2,3,3,4,5,5,5,5,5,5,5,5,5,5,5,5,5,5,5,5,5,5,5,5,5,5,5,5,5,5,5,5,5,5,5,5,5,5,5,5,5,5,5,5,5,5,5,5,5,5,5,5,5,5,5,5,5,5,5,5,5,5,5,5,5,5,5,5
103,857,860,862,862,864,868,876,875,877,875,879,882,887,891,892,900,887,894,901,904,907,911,909,908,909,916,922,922,924,927,930,935,931,939,943,939,947,948,954,957,952,957,958,965,964,968,974,985,980,975,983,983,986,993,997,1006,1007,1003,1006,1010,1012,1020,1029,1037,2,2,2,2,2,2,2,2,2,2,2,2,2,2,2,2,2,2,2,2,2,2,2,2,2,2,2,2,2,2,2,2,2,2,2,2,2,2,2,2,2,2,2,3,2,2,2,3,2,2,2,2,2,2,2,3,3,3,3,2,3,3,3,4,5,5,5,5,5,5,5,5,5,5,5,5,5,5,5,5,5,5,5,5,5,5,5,5,5,5,5,5,5,5,5,5,5,5,5,5,5,5,5,5,5,5,5,5,5,5,5,5,5,5,5,5,5,5,5,5,5,5,5,5,5,5,5,5
104,855,857,859,865,864,867,870,880,871,874,880,882,881,882,895,895,888,889,902,903,905,905,909,912,909,913,916,917,925,929,929,937,930,933,941,936,946,947,954,959,955,957,958,957,965,963,971,979,980,979,982,980,986,990,993,1006,1007,1003,1003,1008,1014,1022,1027,1023,2,2,2,2,2,2,2,2,2,2,2,2,2,2,2,2,2,2,2,2,2,2,2,2,2,2,2,2,2,2,2,2,2,2,2,2,2,2,2,2,2,2,2,2,2,2,2,2,2,2,2,2,2,2,2,3,3,2,3,2,2,2,3,4,5,5,5,5,5,5,5,5,5,5,5,5,5,5,5,5,5,5,5,5,5,5,5,5,5,5,5,5,5,5,5,5,5,5,5,5,5,5,5,5,5,5,5,5,5,5,5,5,5,5,5,5,5,5,5,5,5,5,5,5,5,5,5,5
105,853,855,859,861,866,871,873,883,872,871,879,886,887,880,891,899,888,894,894,899,904,906,907,915,909,911,915,923,925,927,932,936,934,932,940,943,949,953,953,959,959,955,959,961,963,970,972,982,978,974,981,980,990,994,1000,1008,1002,1010,1005,1009,1012,1022,1021,1033,2,2,2,2,2,2,2,2,2,2,2,2,2,2,2,2,2,2,2,2,2,2,2,2,2,2,2,2,2,2,2,2,2,2,2,2,2,2,2,2,2,2,2,3,2,2,2,3,2,2,2,2,2,3,2,3,3,3,3,2,3,3,3,4,5,5,5,5,5,5,5,5,5,5,5,5,5,5,5,5,5,5,5,5,5,5,5,5,5,5,5,5,5,5,5,5,5,5,5,5,5,5,5,5,5,5,5,5,5,5,5,5,5,5,5,5,5,5,5,5,5,5,5,5,5,5,5,5
106,858,860,863,864,864,871,876,877,870,871,878,881,886,887,891,894,889,892,898,904,901,903,909,915,905,915,920,924,925,927,929,936,924,931,939,940,944,946,953,956,951,958,956,966,966,967,966,978,973,977,986,981,984,983,999,1003,1001,1004,1005,1010,1012,1021,1020,1040,2,2,2,2,2,2,2,2,2,2,2,2,2,2,2,2,2,2,2,2,2,2,2,2,2,2,2,2,2,2,2,2,2,2,2,2,2,2,2,2,2,2,2,2,2,2,2,2,2,2,3,2,2,2,2,3,3,2,3,2,2,2,3,4,5,5,5,5,5,5,5,5,5,5,5,5,5,5,5,5,5,5,5,5,5,5,5,5,5,5,5,5,5,5,5,5,5,5,5,5,5,5,5,5,5,5,5,5,5,5,5,5,5,5,5,5,5,5,5,5,5,5,5,5,5,5,5,5
107,856,862,858,865,866,872,876,885,872,877,880,885,892,890,894,895,889,893,897,903,907,908,907,915,908,916,918,923,924,931,934,937,929,931,939,945,944,950,949,959,957,955,962,964,966,969,968,980,975,978,982,982,985,987,995,1005,989,1008,1011,1012,1006,1021,1019,1034,2,2,2,2,2,2,2,2,2,2,2,2,2,2,2,2,2,2,2,2,2,2,2,2,2,2,2,2,2,2,2,2,2,2,2,2,2,2,2,2,2,2,2,2,2,2,2,3,2,2,3,2,2,2,2,3,3,2,3,2,2,3,3,4,5,5,5,5,5,5,5,5,5,5,5,5,5,5,5,5,5,5,5,5,5,5,5,5,5,5,5,5,5,5,5,5,5,5,5,5,5,5,5,5,5,5,5,5,5,5,5,5,5,5,5,5,5,5,5,5,5,5,5,5,5,5,5,5
108,859,860,860,869,868,870,878,881,872,874,881,889,888,886,895,906,892,893,901,907,908,909,909,917,910,910,919,921,925,927,930,938,928,930,938,941,945,945,951,957,950,949,959,960,967,966,968,980,977,977,982,984,979,983,993,1003,999,999,999,1006,1009,1013,1017,1024,2,2,2,2,2,2,2,2,2,2,2,2,2,2,2,2,2,2,2,2,2,2,2,2,2,2,2,2,2,2,2,2,2,2,2,2,2,2,2,2,2,2,2,3,2,2,2,3,2,2,2,2,2,2,2,3,3,2,2,2,2,3,2,3,5,5,5,5,5,5,5,5,5,5,5,5,5,5,5,5,5,5,5,5,5,5,5,5,5,5,5,5,5,5,5,5,5,5,5,5,5,5,5,5,5,5,5,5,5,5,5,5,5,5,5,5,5,5,5,5,5,5,5,5,5,5,5,5
109,859,858,864,868,873,873,881,886,875,879,884,886,891,891,896,903,893,895,898,900,906,910,910,915,902,915,919,920,928,931,930,937,928,931,937,942,948,949,949,959,953,954,959,961,961,968,966,980,969,969,976,974,981,988,993,1004,995,999,998,1008,1010,1017,1020,1025,2,2,2,2,2,2,2,2,2,2,2,2,2,2,2,2,2,2,2,2,2,2,2,2,2,2,2,2,2,2,2,2,2,2,2,2,2,2,2,2,2,2,2,2,2,2,2,2,2,2,2,2,2,2,2,3,3,2,2,2,3,3,3,3,5,5,5,5,5,5,5,5,5,5,5,5,5,5,5,5,5,5,5,5,5,5,5,5,5,5,5,5,5,5,5,5,5,5,5,5,5,5,5,5,5,5,5,5,5,5,5,5,5,5,5,5,5,5,5,5,5,5,5,5,5,5,5,5
110,860,860,864,866,873,872,877,876,874,878,884,884,888,889,899,900,891,894,903,904,906,903,911,913,910,914,917,917,923,926,929,934,928,933,936,939,947,943,950,952,948,951,960,958,956,965,964,974,972,976,976,981,982,985,986,999,988,1000,996,1007,1009,1013,1011,1024,2,2,2,2,2,2,2,2,2,2,2,2,2,2,2,2,2,2,2,2,2,2,2,2,2,2,2,2,2,2,2,2,2,2,2,2,2,2,2,2,2,2,2,2,2,2,2,2,2,2,2,2,2,2,2,3,3,2,2,2,2,3,2,3,5,5,5,5,5,5,5,5,5,5,5,5,5,5,5,5,5,5,5,5,5,5,5,5,5,5,5,5,5,5,5,5,5,5,5,5,5,5,5,5,5,5,5,5,5,5,5,5,5,5,5,5,5,5,5,5,5,5,5,5,5,5,5,5
111,864,860,862,866,871,872,875,881,874,876,880,887,889,888,893,900,890,895,896,905,907,910,909,909,905,914,918,920,924,928,928,933,930,927,939,946,945,945,951,957,947,953,957,962,964,966,963,972,969,977,974,973,983,985,994,1000,1001,1002,1000,1007,1012,1010,1020,1022,2,2,2,2,2,2,2,2,2,2,2,2,2,2,2,2,2,2,2,2,2,2,2,3,2,2,2,2,2,2,2,2,2,2,2,2,2,2,2,2,2,2,2,2,2,2,2,2,2,3,2,2,2,2,2,3,3,2,3,2,2,3,3,3,5,5,5,5,5,5,5,5,5,5,5,5,5,5,5,5,5,5,5,5,5,5,5,5,5,5,5,5,5,5,5,5,5,5,5,5,5,5,5,5,5,5,5,5,5,5,5,5,5,5,5,5,5,5,5,5,5,5,5,5,5,5,5,5
112,862,859,863,865,868,873,876,879,874,879,881,886,886,895,887,896,890,897,897,904,904,907,909,911,907,908,917,924,923,922,931,934,929,930,940,941,941,943,949,950,948,953,957,963,960,965,966,972,976,971,980,975,980,983,987,996,989,1002,1000,1006,1005,1009,1015,1021,2,2,2,2,2,2,2,2,2,2,2,2,2,2,2,2,2,2,2,2,2,2,2,2,2,2,2,2,2,2,2,2,2,2,2,2,2,2,2,3,2,2,2,2,2,2,2,2,2,2,2,2,2,2,2,3,3,2,2,2,2,2,2,3,5,5,5,5,5,5,5,5,5,5,5,5,5,5,5,5,5,5,5,5,5,5,5,5,5,5,5,5,5,5,5,5,5,5,5,5,5,5,5,5,5,5,5,5,5,5,5,5,5,5,5,5,5,5,5,5,5,5,5,5,5,5,5,5
113,871,862,867,868,873,876,878,884,876,882,887,883,889,890,896,899,893,900,905,905,905,909,910,918,911,917,919,922,924,927,931,936,933,934,935,943,947,951,950,957,953,950,954,957,965,967,966,979,971,973,975,973,985,981,993,1001,1001,1001,1003,1005,1006,1018,1016,1023,2,2,2,2,2,2,2,2,2,2,2,2,2,2,2,2,2,2,2,2,2,2,2,2,2,2,2,2,2,2,2,2,2,2,2,2,2,2,2,2,2,2,2,2,2,2,3,3,2,2,2,2,2,2,2,3,4,2,3,2,2,3,2,3,5,5,5,5,5,5,5,5,5,5,5,5,5,5,5,5,5,5,5,5,5,5,5,5,5,5,5,5,5,5,5,5,5,5,5,5,5,5,5,5,5,5,5,5,5,5,5,5,5,5,5,5,5,5,5,5,5,5,5,5,5,5,5,5
114,865,867,870,872,879,879,885,887,880,883,887,886,888,897,898,902,892,898,901,910,909,911,912,916,906,915,923,923,922,930,930,939,928,939,936,943,948,946,949,959,953,951,954,959,962,965,968,974,976,970,980,975,982,982,986,1004,997,997,997,999,1004,1012,1012,1018,2,2,2,2,2,2,2,2,2,2,2,2,2,2,2,2,2,2,2,2,2,2,2,2,2,2,2,2,2,2,2,2,2,2,2,2,2,2,2,2,2,2,2,2,2,2,2,2,2,2,2,2,2,2,3,2,3,2,2,2,2,2,2,3,5,5,5,5,5,5,5,5,5,5,5,5,5,5,5,5,5,5,5,5,5,5,5,5,5,5,5,5,5,5,5,5,5,5,5,5,5,5,5,5,5,5,5,5,5,5,5,5,5,5,5,5,5,5,5,5,5,5,5,5,5,5,5,5
115,864,868,872,872,875,883,885,892,882,882,887,889,895,897,898,906,895,894,904,908,909,911,918,919,909,916,920,920,929,933,930,938,932,937,942,945,947,947,954,956,951,954,960,959,958,967,975,974,968,970,982,977,977,984,992,998,997,990,994,1001,1009,1010,1016,1025,2,2,2,2,2,2,2,2,2,2,2,2,2,2,2,2,2,2,2,2,2,2,2,2,2,2,2,2,2,2,2,2,2,2,2,2,2,2,2,2,2,2,2,2,2,2,2,3,2,2,2,2,2,2,2,3,3,3,2,2,2,2,3,3,5,5,5,5,5,5,5,5,5,5,5,5,5,5,5,5,5,5,5,5,5,5,5,5,5,5,5,5,5,5,5,5,5,5,5,5,5,5,5,5,5,5,5,5,5,5,5,5,5,5,5,5,5,5,5,5,5,5,5,5,5,5,5,5
116,860,866,872,872,874,880,884,890,879,880,884,892,896,892,900,910,892,898,905,906,912,910,914,916,912,918,921,926,928,930,930,935,931,931,940,941,949,948,947,960,952,948,956,960,963,966,976,973,973,974,977,982,981,981,990,1003,992,998,993,1001,1006,1010,1013,1022,2,2,2,2,2,2,2,2,2,2,2,2,2,2,2,2,2,2,2,2,2,2,2,2,2,2,2,2,2,2,2,2,2,2,2,2,2,2,2,2,2,2,2,2,2,2,2,2,2,2,2,2,2,2,2,2,3,2,2,2,2,2,2,3,5,5,5,5,5,5,5,5,5,5,5,5,5,5,5,5,5,5,5,5,5,5,5,5,5,5,5,5,5,5,5,5,5,5,5,5,5,5,5,5,5,5,5,5,5,5,5,5,5,5,5,5,5,5,5,5,5,5,5,5,5,5,5,5
117,869,867,869,872,877,886,887,893,880,885,887,895,893,896,898,905,896,904,905,907,913,914,915,911,913,916,920,926,927,934,936,935,930,938,940,942,948,948,952,958,954,955,963,961,962,970,973,979,975,971,978,975,987,987,995,996,996,995,1000,1003,1003,1009,1017,1024,2,2,2,2,2,2,2,3,2,2,2,2,2,2,2,2,2,2,2,2,2,2,2,2,2,2,2,2,2,2,2,2,2,2,2,2,2,2,2,2,2,2,2,2,2,2,2,2,2,2,2,3,2,2,2,3,3,2,2,2,2,3,3,4,5,5,5,5,5,5,5,5,5,5,5,5,5,5,5,5,5,5,5,5,5,5,5,5,5,5,5,5,5,5,5,5,5,5,5,5,5,5,5,5,5,5,5,5,5,5,5,5,5,5,5,5,5,5,5,5,5,5,5,5,5,5,5,9
118,868,867,871,876,879,881,883,889,880,888,887,891,893,896,900,905,897,901,902,906,909,914,911,919,915,919,917,924,929,933,934,941,932,939,940,944,943,948,952,960,951,950,957,963,958,962,965,975,975,973,981,979,979,983,991,994,991,996,994,1004,1000,1012,1014,1025,2,2,2,2,2,2,2,2,2,2,2,2,2,2,2,2,2,2,2,2,2,2,2,2,2,2,2,2,2,2,2,2,2,2,2,2,2,2,2,2,2,2,2,2,2,2,2,2,2,2,2,2,2,2,2,3,3,2,2,2,2,3,2,3,5,5,5,5,5,5,5,5,5,5,5,5,5,5,5,5,5,5,5,5,5,5,5,5,5,5,5,5,5,5,5,5,5,5,5,5,5,5,5,5,5,5,5,5,5,5,5,5,5,5,5,5,5,5,5,5,5,5,5,5,5,5,5,5
119,870,868,873,875,878,881,886,894,881,884,885,889,892,894,901,908,897,901,908,906,913,909,914,923,913,918,921,927,928,932,931,939,935,936,937,943,947,947,951,959,954,956,959,962,970,972,969,976,972,969,976,985,984,981,991,998,995,995,1005,1003,1010,1010,1017,1025,2,2,2,2,2,2,2,2,2,2,2,2,2,2,2,2,2,2,2,2,2,2,2,2,2,2,2,2,2,2,2,2,2,2,2,2,2,2,2,2,2,2,2,2,2,2,2,3,2,2,2,2,2,2,2,3,3,2,3,2,3,3,3,3,5,5,5,5,5,5,5,5,5,5,5,5,5,5,5,5,5,5,5,5,5,5,5,5,5,5,5,5,5,5,5,5,5,5,5,5,5,5,5,5,5,5,5,5,5,5,5,5,5,5,5,5,5,5,5,5,5,5,5,5,5,5,5,5
120,868,867,870,874,872,883,889,894,878,886,891,893,895,902,899,910,899,900,908,909,909,914,920,923,912,916,922,924,929,933,934,939,931,940,941,941,949,953,952,965,952,956,959,961,962,965,972,979,971,972,979,981,982,983,990,1000,990,999,1000,1001,1008,1010,1014,1017,2,2,2,2,2,2,2,2,2,2,2,2,2,2,2,2,2,2,2,2,2,2,2,2,2,2,2,2,2,2,2,2,2,2,2,2,2,2,2,2,2,2,2,2,2,2,2,2,2,2,2,2,2,2,2,2,3,2,2,2,2,2,3,3,5,5,5,5,5,5,5,5,5,5,5,5,5,5,5,5,5,5,5,5,5,5,5,5,5,5,5,5,5,5,5,5,5,5,5,5,5,5,5,5,5,5,5,5,5,5,5,5,5,5,5,5,5,5,5,5,5,5,5,5,5,5,5,5
121,872,869,875,876,883,886,885,893,883,885,891,886,894,902,910,909,899,905,908,910,912,919,918,926,917,921,928,931,928,935,933,942,933,938,945,944,946,950,954,957,953,955,960,966,965,970,971,977,978,974,981,980,978,980,992,999,992,993,997,1005,1006,1013,1024,1020,2,2,2,2,2,2,2,2,2,2,2,2,2,2,2,2,2,2,2,2,2,2,2,2,2,2,2,2,2,2,2,2,2,2,2,2,2,2,2,2,2,2,2,3,2,2,2,2,2,2,2,2,2,2,2,3,3,3,3,2,2,2,3,3,5,5,5,5,5,5,5,5,5,5,5,5,5,5,5,5,5,5,5,5,5,5,5,5,5,5,5,5,5,5,5,5,5,5,5,5,5,5,5,5,5,5,5,5,5,5,5,5,5,5,5,5,5,5,5,5,5,5,5,5,5,5,5,5
122,871,869,876,877,882,887,890,895,881,890,889,897,898,895,901,909,896,903,906,911,915,917,920,924,915,918,920,926,931,938,934,941,931,933,939,948,953,952,955,958,950,956,960,964,965,970,971,978,976,968,978,980,984,986,992,997,989,996,995,1000,1007,1009,1020,1027,2,2,2,2,2,2,2,2,2,2,2,2,2,2,2,2,2,2,2,2,2,2,2,2,2,2,2,2,2,2,2,2,2,2,2,2,2,2,2,2,2,2,2,2,2,2,2,2,2,2,2,2,2,2,2,3,3,2,2,2,2,2,3,3,5,5,5,5,5,5,5,5,5,5,5,5,5,5,5,5,5,5,5,5,5,5,5,5,5,5,5,5,5,5,5,5,5,5,5,5,5,5,5,5,5,5,5,5,5,5,5,5,5,5,5,5,5,5,5,5,5,5,5,5,5,5,5,5
123,872,875,876,879,886,886,891,892,885,892,893,891,900,900,903,908,900,906,911,914,910,923,922,925,914,916,921,931,934,937,941,940,934,944,946,949,951,951,953,964,961,955,960,965,966,970,974,976,977,976,983,983,985,989,992,1008,993,999,998,1001,1012,1012,1015,1023,2,2,2,2,2,2,2,2,2,2,2,2,2,2,2,2,2,2,2,2,2,2,3,2,2,2,2,2,2,2,3,2,2,2,2,2,2,2,2,2,2,2,2,2,2,2,2,2,2,2,3,2,2,3,2,3,3,2,3,2,2,2,3,3,5,5,5,5,5,5,5,5,5,5,5,5,5,5,5,5,5,5,5,5,5,5,5,5,5,5,5,5,5,5,5,5,5,5,5,5,5,5,5,5,5,5,5,5,5,5,5,5,5,5,5,5,5,5,5,5,5,5,5,5,5,5,5,5
124,871,870,875,881,885,885,894,898,884,892,890,898,898,903,910,913,900,903,908,912,915,920,923,929,915,923,929,930,929,936,945,948,933,941,944,950,950,959,958,961,953,955,962,964,968,973,976,982,969,976,984,982,983,990,997,1005,1001,1000,997,1009,1006,1014,1015,1028,2,2,2,2,2,2,2,2,2,2,2,2,2,2,2,2,2,2,2,2,2,2,2,2,2,2,2,2,2,2,2,2,2,2,2,2,2,2,2,2,2,2,2,2,2,2,2,2,2,2,2,2,2,2,2,2,3,2,2,2,2,2,3,3,5,5,5,5,5,5,5,5,5,5,5,5,5,5,5,5,5,5,5,5,5,5,5,5,5,5,5,5,5,5,5,5,5,5,5,5,5,5,5,5,5,5,5,5,5,5,5,5,5,5,5,5,5,5,5,5,5,5,5,5,5,5,5,5
125,873,878,880,883,885,888,896,900,888,888,892,897,902,903,908,917,901,909,910,915,919,924,926,929,921,925,931,930,939,940,944,946,933,944,946,948,951,954,955,966,953,958,963,964,968,972,973,984,978,979,981,985,989,993,996,1007,1000,1001,999,1009,1009,1016,1015,1028,2,2,2,2,2,2,2,3,2,2,2,2,2,2,2,2,2,2,2,2,2,2,3,2,2,2,2,2,2,2,2,2,2,2,2,2,2,2,2,2,2,2,2,3,2,2,2,3,2,2,2,2,2,3,2,3,3,2,2,3,2,3,3,3,5,5,5,5,5,5,5,5,5,5,5,5,5,5,5,5,5,5,5,5,5,5,5,5,5,5,5,5,5,5,5,5,5,5,5,5,5,5,5,5,5,5,5,5,5,5,5,5,5,5,5,5,5,5,5,5,5,5,5,5,5,5,5,5
126,879,875,886,883,886,893,898,900,891,891,901,895,902,906,911,919,904,907,909,914,919,921,927,928,920,926,925,931,936,941,941,946,932,943,946,950,954,959,959,964,959,955,963,965,966,972,982,981,974,974,983,989,985,987,996,1005,995,1001,1003,1002,1008,1014,1012,1031,2,2,2,2,2,2,2,3,2,2,2,2,2,2,2,2,2,2,2,2,2,2,2,2,2,2,2,2,2,2,2,2,2,2,2,2,2,2,2,2,2,2,2,2,2,2,2,2,2,2,2,2,2,2,2,3,3,2,2,2,2,2,2,3,5,5,5,5,5,5,5,5,5,5,5,5,5,5,5,5,5,5,5,5,5,5,5,5,5,5,5,5,5,5,5,5,5,5,5,5,5,5,5,5,5,5,5,5,5,5,5,5,5,5,5,5,5,5,5,5,5,5,5,5,5,5,5,5
127,882,877,885,889,889,894,897,904,887,897,898,905,898,909,909,916,902,912,911,925,920,922,927,930,918,924,933,931,935,941,943,950,940,940,948,948,952,961,962,966,960,966,963,968,966,972,981,988,978,981,983,984,989,989,1003,1006,1002,1000,1002,1006,1010,1012,1018,1026,2,2,2,2,2,2,2,2,2,2,2,2,2,2,2,2,2,2,2,2,2,2,2,2,2,2,2,2,2,2,2,2,2,2,2,2,2,2,2,2,2,2,2,2,2,2,2,2,2,2,2,2,2,2,2,3,3,2,3,2,2,3,3,3,5,5,5,5,5,5,5,5,5,5,5,5,5,5,5,5,5,5,5,5,5,5,5,5,5,5,5,5,5,5,5,5,5,5,5,5,5,5,5,5,5,5,5,5,5,5,5,5,5,5,5,5,5,5,5,5,5,5,5,5,5,5,5,5
128,874,879,883,885,886,887,893,897,891,897,898,896,904,907,912,914,906,910,915,923,920,921,926,926,919,928,932,936,937,940,945,945,941,945,951,950,954,958,964,967,958,964,965,960,968,977,980,981,980,984,987,987,987,991,998,1011,1000,998,1005,1014,1017,1013,1023,1032,2,2,2,2,2,2,2,2,2,2,2,2,2,2,2,2,2,2,2,2,2,2,2,2,2,2,2,2,2,2,2,2,2,2,2,2,2,2,2,2,2,2,2,2,2,2,2,3,2,2,2,2,2,2,2,2,3,2,2,2,2,2,3,3,5,5,5,5,5,5,5,5,5,5,5,5,5,5,5,5,5,5,5,5,5,5,5,5,5,5,5,5,5,5,5,5,5,5,5,5,5,5,5,5,5,5,5,5,5,5,5,5,5,5,5,5,5,5,5,5,5,5,5,5,5,5,5,5
129,879,880,883,884,886,888,894,896,892,897,901,901,904,905,912,911,903,911,915,919,918,923,923,929,926,928,935,940,941,944,940,947,944,951,954,956,958,956,966,963,962,963,970,978,973,980,978,982,982,986,992,984,990,994,995,1008,1009,1003,1007,1007,1015,1014,1029,1031,2,2,2,2,2,2,2,3,2,2,2,2,2,2,2,2,2,2,2,2,2,2,2,2,2,2,2,2,2,2,2,2,2,2,2,2,2,2,3,2,2,2,2,2,2,3,2,3,2,2,2,2,2,3,2,3,3,2,3,2,2,3,3,4,5,5,5,5,5,5,5,5,5,5,5,5,5,5,5,5,5,5,5,5,5,5,5,5,5,5,5,5,5,5,5,5,5,5,5,5,5,5,5,5,5,5,5,5,5,5,5,5,5,5,5,5,5,5,5,5,5,5,5,5,5,5,5,5
130,876,880,878,885,884,891,895,897,894,896,897,901,902,904,908,913,910,913,918,918,920,921,926,928,925,930,935,939,939,937,942,945,945,948,953,952,955,962,960,965,965,966,967,973,970,975,978,980,987,988,989,987,988,991,996,1005,1010,1007,1010,1014,1017,1017,1024,1028,2,2,2,2,2,2,2,2,2,2,2,2,2,2,2,2,2,2,2,2,2,2,2,2,2,2,2,2,2,2,2,2,2,2,2,2,2,2,2,2,2,2,2,2,2,2,2,2,2,2,2,2,2,2,2,2,3,2,2,2,2,3,3,3,5,5,5,5,5,5,5,5,5,5,5,5,5,5,5,5,5,5,5,5,5,5,5,5,5,5,5,5,5,5,5,5,5,5,5,5,5,5,5,5,5,5,5,5,5,5,5,5,5,5,5,5,5,5,5,5,5,5,5,5,5,5,5,5
131,885,881,881,889,886,890,897,901,898,897,899,899,904,906,907,912,912,917,916,922,922,923,928,927,934,935,936,935,942,942,943,944,942,950,953,954,960,961,961,968,968,967,976,974,978,981,980,985,992,983,997,995,998,1000,1003,1007,1008,1018,1014,1015,1022,1026,1025,1035,2,2,2,2,2,2,2,3,2,2,2,2,2,2,2,2,2,2,2,2,2,2,2,2,2,2,2,2,2,2,2,2,2,2,2,2,2,2,2,2,2,3,2,2,2,2,2,2,3,2,3,2,2,3,2,3,3,3,3,2,3,2,3,4,5,5,5,5,5,5,5,5,5,5,5,5,5,5,5,5,5,5,5,5,5,5,5,5,5,5,5,5,5,5,5,5,5,5,5,5,5,5,5,5,5,5,5,5,5,5,5,5,5,5,5,5,5,5,5,5,5,5,5,5,5,5,5,5
132,887,883,885,885,888,895,896,897,898,896,904,903,905,908,910,921,912,915,919,925,926,922,923,922,931,932,936,938,943,944,942,946,947,952,952,955,956,961,965,963,969,965,972,972,974,973,981,982,992,988,989,992,990,990,999,1007,1007,1010,1012,1011,1017,1020,1023,1034,2,2,2,2,2,2,2,2,2,2,2,2,2,2,2,2,2,2,2,2,2,2,2,2,2,2,2,2,2,2,2,2,2,2,2,2,2,2,2,2,2,2,2,2,2,2,2,2,2,2,2,2,2,2,2,2,2,2,3,2,2,3,3,3,5,5,5,5,5,5,5,5,5,5,5,5,5,5,5,5,5,5,5,5,5,5,5,5,5,5,5,5,5,5,5,5,5,5,5,5,5,5,5,5,5,5,5,5,5,5,5,5,5,5,5,5,5,5,5,5,5,5,5,5,5,5,5,5
133,884,883,889,882,893,894,898,902,897,898,903,903,909,908,913,915,916,916,922,925,924,927,921,933,936,935,940,943,944,947,945,946,956,949,954,954,958,962,964,972,967,968,976,974,981,978,980,988,988,987,994,994,993,996,1003,1010,1006,1010,1013,1014,1014,1023,1028,1026,2,2,2,2,2,2,2,3,2,2,2,2,2,2,2,2,2,2,2,2,2,2,2,2,2,2,2,2,2,2,2,2,2,2,2,2,2,2,3,3,2,2,2,2,2,2,2,2,3,2,3,2,2,2,2,3,3,2,3,2,2,3,3,3,5,5,5,5,5,5,5,5,5,5,5,5,5,5,5,5,5,5,5,5,5,5,5,5,5,5,5,5,5,5,5,5,5,5,5,5,5,5,5,5,5,5,5,5,5,5,5,5,5,5,5,5,5,5,5,5,5,5,5,5,5,5,5,5
134,883,883,884,888,887,889,894,895,895,899,906,901,906,908,915,916,911,916,923,925,926,925,927,927,930,936,937,935,942,943,950,952,949,951,961,958,967,964,962,968,972,965,976,978,978,983,985,982,995,995,999,999,997,999,1003,1008,1019,1012,1019,1021,1023,1024,1028,1037,2,2,2,2,2,2,2,2,2,2,2,2,2,2,2,2,2,2,2,2,2,2,2,2,2,2,2,2,2,2,2,2,2,2,2,2,2,2,2,2,2,2,2,2,2,2,2,2,2,2,3,2,2,2,2,3,3,2,2,2,3,2,3,3,5,5,5,5,5,5,5,5,5,5,5,5,5,5,5,5,5,5,5,5,5,5,5,5,5,5,5,5,5,5,5,5,5,5,5,5,5,5,5,5,5,5,5,5,5,5,5,5,5,5,5,5,5,5,5,5,5,5,5,5,5,5,5,5
135,884,885,886,885,889,892,897,895,900,896,903,906,907,908,907,919,919,920,918,922,926,928,925,929,934,938,941,942,938,944,952,948,958,956,962,960,961,963,966,968,973,978,976,981,983,987,986,989,1004,995,1000,997,1001,1000,1006,1007,1025,1020,1021,1020,1032,1033,1028,1032,2,2,2,2,2,2,2,3,2,2,2,2,2,2,2,2,2,2,2,2,2,2,2,2,2,2,2,2,2,2,2,2,2,2,2,2,2,2,3,2,3,2,2,2,2,2,2,2,2,2,3,2,2,2,3,3,3,3,2,3,2,2,3,3,5,5,5,5,5,5,5,5,5,5,5,5,5,5,5,5,5,5,5,5,5,5,5,5,5,5,5,5,5,5,5,5,5,5,5,5,5,5,5,5,5,5,5,5,5,5,5,5,5,5,5,5,5,5,5,5,5,5,5,5,5,5,9,5
136,885,881,883,887,888,890,887,897,900,903,900,901,902,905,903,909,917,917,918,923,922,922,919,925,934,935,943,938,944,942,941,946,951,953,962,965,958,961,966,966,977,978,977,979,979,982,981,992,999,1001,1001,1004,1004,999,1008,1010,1025,1020,1028,1029,1029,1028,1027,1037,2,2,2,2,2,2,2,2,2,2,2,2,2,2,2,2,2,2,2,2,2,2,2,2,2,2,2,2,2,2,2,2,2,2,2,2,2,2,2,2,2,2,2,2,2,2,2,2,2,2,2,2,2,3,2,3,3,3,2,2,2,2,3,3,5,5,5,5,5,5,5,5,5,5,5,5,5,5,5,5,5,5,5,5,5,5,5,5,5,5,5,5,5,5,5,5,5,5,5,5,5,5,5,5,5,5,5,5,5,5,5,5,5,5,5,5,5,5,5,5,5,5,5,5,5,5,5,5
137,886,885,885,887,885,886,891,895,907,905,905,904,903,907,905,909,917,920,921,925,926,923,919,922,938,939,942,942,944,945,940,944,960,952,963,962,969,963,963,961,984,980,980,979,978,980,987,983,1000,1003,1005,1005,1006,1008,1010,1008,1032,1032,1020,1025,1035,1030,1027,1038,2,2,2,2,2,2,2,3,2,2,2,2,2,2,2,2,2,2,2,2,2,2,2,2,2,2,2,2,2,2,2,2,2,2,2,2,2,2,2,2,2,2,2,2,2,2,2,3,2,2,2,3,2,3,3,3,3,2,2,3,2,2,3,3,5,5,5,5,5,5,5,5,5,5,5,5,5,5,5,5,5,5,5,5,5,5,5,5,5,5,5,5,5,5,5,5,5,5,5,5,5,5,5,5,5,5,5,5,5,5,5,5,5,5,5,5,5,5,5,5,5,5,5,5,5,5,5,5
138,882,885,882,886,888,892,891,894,902,903,903,908,905,905,904,910,919,918,924,920,924,923,921,920,937,943,939,944,945,943,947,946,958,956,960,960,961,961,956,966,976,978,980,980,975,981,981,984,1002,993,1006,999,998,1000,1000,1005,1024,1025,1017,1025,1022,1028,1024,1035,2,2,2,2,2,2,2,2,2,2,2,2,2,2,2,2,2,2,2,2,2,2,2,2,2,2,2,2,2,2,2,2,2,2,2,2,2,2,2,2,3,2,2,2,2,2,2,2,2,2,2,2,2,2,2,2,3,2,2,2,3,2,3,3,5,5,5,5,5,5,5,5,5,5,5,5,5,5,5,5,5,5,5,5,5,5,5,5,5,5,5,5,5,5,5,5,5,5,5,5,5,5,5,5,5,5,5,5,5,5,5,5,5,5,5,5,5,5,5,5,5,5,5,5,5,5,5,5
139,890,887,889,890,892,894,895,895,900,901,902,907,905,911,915,913,918,920,922,928,923,925,925,930,938,935,939,949,943,943,943,945,954,957,960,964,957,966,961,966,974,976,974,974,979,976,978,985,993,988,996,993,996,999,1001,1004,1013,1024,1023,1019,1018,1029,1021,1027,2,2,2,2,2,2,2,3,2,2,2,2,2,2,2,2,2,2,2,2,2,2,2,2,2,2,2,2,2,2,2,2,2,2,2,2,2,2,2,2,2,2,2,2,2,2,2,3,3,2,3,2,2,3,2,3,3,3,2,2,3,2,3,4,5,5,5,5,5,5,5,5,5,5,5,5,5,5,5,5,5,5,5,5,5,5,5,5,5,5,5,5,5,5,5,5,5,5,5,5,5,5,5,5,5,5,5,5,5,5,5,5,5,5,5,5,5,5,5,5,5,5,5,5,5,5,5,5
140,895,891,892,897,894,898,897,901,906,900,906,908,912,916,918,914,922,925,922,927,924,928,921,927,934,936,942,941,944,940,943,944,952,953,956,958,961,959,957,959,973,976,970,975,976,976,973,982,991,984,987,989,990,990,996,1000,1008,1015,1009,1018,1009,1021,1007,1018,2,2,2,2,2,2,2,3,2,2,2,2,2,2,2,2,2,2,2,2,2,2,2,2,2,2,2,2,2,2,2,2,2,2,2,2,2,2,2,2,2,2,2,2,2,2,2,2,2,2,3,2,2,2,2,3,3,2,2,2,2,3,2,3,5,5,5,5,5,5,5,5,5,5,5,5,5,5,5,5,5,5,5,5,5,5,5,5,5,5,5,5,5,5,5,5,5,5,5,5,5,5,5,5,5,5,5,5,5,5,5,5,5,5,5,5,5,5,5,5,5,5,5,5,5,5,5,5
141,904,903,898,901,902,906,907,910,913,909,913,911,918,917,924,924,924,926,927,933,929,932,933,936,937,940,944,941,942,943,943,945,951,953,956,954,958,960,955,960,972,969,967,975,968,973,975,975,988,980,989,989,987,986,996,997,998,1006,1001,1005,1009,1006,1006,1019,2,2,2,2,2,2,2,2,2,2,2,2,2,2,2,2,2,2,2,2,2,2,2,2,2,2,2,2,2,2,2,2,2,2,2,2,2,2,2,3,2,2,2,2,2,2,2,2,2,2,3,2,2,2,2,3,3,2,2,2,2,2,2,3,5,5,5,5,5,5,5,5,5,5,5,5,5,5,5,5,5,5,5,5,5,5,5,5,5,5,5,5,5,5,5,5,5,5,5,5,5,5,5,5,5,5,5,5,5,5,5,5,5,5,5,5,5,5,5,5,5,5,5,5,5,5,5,5
142,902,902,902,904,905,908,911,908,914,911,913,919,921,915,923,919,926,929,930,934,933,933,927,934,942,942,941,943,942,944,941,951,954,951,955,953,960,958,960,962,964,961,967,974,968,973,973,976,984,979,988,982,984,984,986,992,996,999,1000,996,1002,1010,1007,1013,2,2,2,2,2,2,2,2,2,2,2,2,2,2,2,2,2,2,2,2,2,2,2,2,2,2,2,2,2,2,2,2,2,2,2,2,2,2,2,2,2,2,2,2,2,2,2,2,2,2,2,2,2,2,2,3,3,2,2,2,2,2,2,3,5,5,5,5,5,5,5,5,5,5,5,5,5,5,5,5,5,5,5,5,5,5,5,5,5,5,5,5,5,5,5,5,5,5,5,5,5,5,5,5,5,5,5,5,5,5,5,5,5,5,5,5,5,5,5,5,5,5,5,5,5,5,5,5
143,907,903,909,905,905,913,913,918,919,918,919,919,920,918,922,926,931,926,929,930,933,933,933,938,935,937,943,942,945,945,949,947,947,952,961,955,958,958,958,961,969,964,968,969,968,975,971,983,982,982,989,985,982,981,986,991,998,998,997,1003,999,1002,1003,1002,2,2,2,2,2,2,2,2,2,2,2,2,2,2,2,2,2,2,2,2,2,2,2,2,2,2,2,2,2,2,2,2,2,2,2,2,2,2,2,2,2,2,2,2,2,2,2,3,2,2,3,2,2,2,2,3,3,2,2,2,2,2,2,3,5,5,5,5,5,5,5,5,5,5,5,5,5,5,5,5,5,5,5,5,5,5,5,5,5,5,5,5,5,5,5,5,5,5,5,5,5,5,5,5,5,5,5,5,5,5,5,5,5,5,5,5,5,5,5,5,5,5,5,5,5,5,5,5
144,904,901,905,901,902,906,910,914,915,910,913,919,919,915,919,922,921,930,928,931,924,925,934,926,937,937,942,944,943,942,941,948,950,951,955,953,953,957,959,959,968,965,968,969,970,973,970,974,976,978,981,983,981,985,990,983,998,991,997,998,1000,999,997,1006,2,2,2,2,2,2,2,2,2,2,2,2,2,2,2,2,2,2,2,2,2,2,2,2,2,2,2,2,2,2,2,2,2,2,2,2,2,2,2,2,2,2,2,2,2,2,2,2,2,2,2,2,2,2,2,2,3,2,2,2,2,2,3,3,5,5,5,5,5,5,5,5,5,5,5,5,5,5,5,5,5,5,5,5,5,5,5,5,5,5,5,5,5,5,5,5,5,5,5,5,5,5,5,5,5,5,5,5,5,5,5,5,5,5,5,5,5,5,5,5,5,5,5,5,5,5,5,5
145,904,903,901,903,909,907,906,912,919,915,916,917,917,916,922,923,925,926,926,932,930,931,930,930,938,941,942,946,945,942,943,946,948,951,958,956,954,949,956,956,966,966,965,971,967,971,968,974,984,979,986,978,989,975,986,982,996,1002,997,999,1000,998,998,1006,2,2,2,2,2,2,2,2,2,2,2,2,2,2,2,2,2,2,2,2,2,2,2,2,2,2,2,2,2,2,2,2,2,2,2,2,2,2,2,2,2,2,2,2,2,2,2,2,2,2,2,2,2,2,2,3,3,2,2,2,2,2,3,3,5,5,5,5,5,5,5,5,5,5,5,5,5,5,5,5,5,5,5,5,5,5,5,5,5,5,5,5,5,5,5,5,5,5,5,5,5,5,5,5,5,5,5,5,5,5,5,5,5,5,5,5,5,5,5,5,5,5,5,5,5,5,5,5
146,911,904,905,905,909,910,908,912,918,918,913,916,917,917,924,921,926,927,927,930,928,928,925,928,936,938,935,940,938,941,934,939,950,948,951,948,954,954,956,955,962,962,960,965,963,965,965,966,979,975,977,974,976,975,977,980,990,997,988,994,991,997,988,999,2,2,2,2,2,2,2,2,2,2,2,2,2,2,2,2,2,2,2,2,2,2,2,2,2,2,2,2,2,2,2,2,2,2,2,2,2,2,2,2,2,2,2,2,2,2,2,2,2,2,2,2,2,2,2,2,3,2,2,2,2,2,2,3,5,5,5,5,5,5,5,5,5,5,5,5,5,5,5,5,5,5,5,5,5,5,5,5,5,5,5,5,5,5,5,5,5,5,5,5,5,5,5,5,5,5,5,5,5,5,5,5,5,5,5,5,5,5,5,5,5,5,5,5,5,5,5,5
147,908,902,906,903,906,908,910,909,917,915,916,917,915,918,919,926,924,925,927,926,927,928,929,928,937,936,938,936,943,941,937,938,949,945,950,947,954,951,954,956,964,961,961,964,957,967,960,966,973,974,978,976,977,976,971,980,987,992,987,992,987,990,989,988,2,2,2,2,2,2,2,2,2,2,2,2,2,2,2,2,2,2,2,2,2,2,2,2,2,2,2,2,2,2,2,2,2,2,2,2,2,2,2,2,2,2,2,2,2,2,2,2,2,2,2,2,2,2,2,2,3,3,2,2,2,2,2,3,5,5,5,5,5,5,5,5,5,5,5,5,5,5,5,5,5,5,5,5,5,5,5,5,5,5,5,5,5,5,5,5,5,5,5,5,5,5,5,5,5,5,5,5,5,5,5,5,5,5,5,5,5,5,5,5,5,5,5,5,5,5,5,5
148,903,894,898,897,903,900,907,908,909,910,911,916,908,916,917,918,919,921,919,923,921,924,922,922,931,934,933,933,935,935,932,938,944,944,942,949,949,949,950,955,960,956,961,961,959,960,961,964,971,971,973,970,972,971,975,981,988,988,986,983,986,983,987,989,2,2,2,2,2,2,2,2,2,2,2,2,2,2,2,2,2,2,2,2,2,2,2,2,2,2,2,2,2,2,2,2,2,2,2,2,2,2,2,2,2,2,2,2,2,2,2,2,2,2,2,2,2,2,2,2,3,2,2,2,2,2,2,3,5,5,5,5,5,5,5,5,5,5,5,5,5,5,5,5,5,5,5,5,5,5,5,5,5,5,5,5,5,5,5,5,5,5,5,5,5,5,5,5,5,5,5,5,5,5,5,5,5,5,5,5,5,5,5,5,5,5,5,5,5,5,5,5
149,899,895,896,899,897,901,905,899,907,908,907,911,911,912,912,913,918,922,920,925,921,924,923,922,933,934,934,931,936,938,935,940,941,941,945,945,948,950,948,953,958,962,960,961,962,968,957,963,975,969,974,968,969,978,971,978,990,983,985,988,988,987,988,994,2,2,2,2,2,2,2,3,2,2,2,2,2,2,2,2,2,2,2,2,2,2,2,2,2,2,2,2,2,2,2,2,2,2,2,2,2,2,2,2,2,2,2,2,2,2,2,2,2,2,2,2,2,2,2,2,3,3,2,2,3,3,2,3,5,5,5,5,5,5,5,5,5,5,5,5,5,5,5,5,5,5,5,5,5,5,5,5,5,5,5,5,5,5,5,5,5,5,5,5,5,5,5,5,5,5,5,5,5,5,5,5,5,5,5,5,5,5,5,5,5,5,5,5,5,5,5,5
150,899,894,901,894,898,896,901,904,905,907,908,908,910,911,907,912,917,915,918,918,922,919,921,922,932,931,929,931,935,938,932,937,940,941,942,943,949,940,950,945,955,951,953,957,952,958,960,960,969,966,975,968,967,971,968,974,989,986,978,984,981,989,985,988,2,2,2,2,2,2,2,2,2,2,2,2,2,2,2,2,2,2,2,2,2,2,2,2,2,2,2,2,2,2,2,2,2,2,2,2,2,2,2,2,2,2,2,2,2,2,2,2,2,2,2,2,2,2,2,2,3,2,2,2,2,2,2,3,5,5,5,5,5,5,5,5,5,5,5,5,5,5,5,5,5,5,5,5,5,5,5,5,5,5,5,5,5,5,5,5,5,5,5,5,5,5,5,5,5,5,5,5,5,5,5,5,5,5,5,5,5,5,5,5,5,5,5,5,5,5,5,5
151,896,894,894,897,897,895,903,906,905,905,909,911,909,907,910,914,916,916,919,919,921,917,917,915,927,929,932,933,931,933,929,937,938,938,943,946,943,947,942,942,954,959,957,957,958,960,956,959,975,967,971,967,967,965,970,974,988,984,986,990,985,985,983,988,2,2,2,2,2,2,2,2,2,2,2,2,2,2,2,2,2,2,2,2,2,2,2,2,2,2,2,2,2,2,2,2,2,2,2,2,2,2,2,3,2,2,2,2,2,2,2,2,2,2,2,2,2,2,2,2,3,2,2,2,2,2,2,3,5,5,5,5,5,5,5,5,5,5,5,5,5,5,5,5,5,5,5,5,5,5,5,5,5,5,5,5,5,5,5,5,5,5,5,5,5,5,5,5,5,5,5,5,5,5,5,5,5,5,5,5,5,5,5,5,5,5,5,5,5,5,5,5
152,895,889,892,891,892,898,902,900,905,905,905,907,903,905,907,914,912,912,915,912,914,914,911,922,929,927,929,932,930,932,931,932,938,944,943,946,945,942,944,944,956,951,953,953,956,954,953,959,968,962,969,964,964,967,969,974,984,985,986,985,981,982,984,988,2,2,2,2,2,2,2,2,2,2,2,2,2,2,2,2,2,2,2,2,2,2,2,2,2,2,2,2,2,2,2,2,2,2,2,2,2,2,2,2,2,2,2,2,2,2,2,2,2,2,2,2,2,2,2,2,2,2,2,2,2,2,2,3,5,5,5,5,5,5,5,5,5,5,5,5,5,5,5,5,5,5,5,5,5,5,5,5,5,5,5,5,5,5,5,5,5,5,5,5,5,5,5,5,5,5,5,5,5,5,5,5,5,5,5,5,5,5,5,5,5,5,5,5,5,5,5,5
153,894,893,891,891,892,894,900,898,907,901,905,905,908,907,909,912,912,917,916,917,919,916,919,917,927,928,928,936,928,936,934,933,936,939,943,940,944,948,945,947,955,954,952,957,953,955,958,960,967,968,971,968,972,970,969,978,981,985,985,987,987,992,993,989,2,2,2,2,2,2,2,3,2,2,2,2,2,2,2,2,2,2,2,2,2,2,2,2,2,2,2,2,2,2,2,2,2,3,2,2,2,2,2,2,2,2,2,2,2,2,2,2,2,2,2,2,2,3,2,3,3,3,2,2,2,2,3,3,5,5,5,5,5,5,5,5,5,5,5,5,5,5,5,5,5,5,5,5,5,5,5,5,5,5,5,5,5,5,5,5,5,5,5,5,5,5,5,5,5,5,5,5,5,5,5,5,5,5,5,5,5,5,5,5,5,5,5,5,5,5,5,5
154,887,886,887,893,893,895,899,902,901,897,901,901,909,905,910,915,911,907,917,913,917,915,921,921,921,926,927,928,926,929,936,934,933,934,945,938,940,941,943,951,949,949,952,956,954,956,964,963,963,960,972,962,969,965,972,979,976,986,978,980,982,982,996,991,2,2,2,2,2,2,2,2,2,2,2,2,2,2,2,2,2,2,2,2,2,2,2,2,2,2,2,2,2,2,2,2,2,2,2,2,2,2,2,2,2,2,2,2,2,2,2,2,2,2,2,2,2,2,2,2,2,2,2,2,2,2,3,3,5,5,5,5,5,5,5,5,5,5,5,5,5,5,5,5,5,5,5,5,5,5,5,5,5,5,5,5,5,5,5,5,5,5,5,5,5,5,5,5,5,5,5,5,5,5,5,5,5,5,5,5,5,5,5,5,5,5,5,5,5,5,5,5
155,885,889,891,893,896,894,901,901,896,900,900,901,903,906,912,916,906,907,914,917,918,918,919,924,918,923,926,927,936,933,934,933,932,936,942,941,944,944,948,954,946,946,953,955,956,963,962,966,960,960,968,967,973,969,973,983,975,980,977,979,984,983,989,995,2,2,2,2,2,2,2,3,2,2,2,2,2,2,2,2,2,2,2,2,2,2,2,2,2,2,2,2,2,2,2,2,2,2,2,2,2,2,2,2,2,2,2,2,2,2,2,2,2,2,2,2,2,3,2,3,2,2,2,2,3,2,2,3,5,5,5,5,5,5,5,5,5,5,5,5,5,5,5,5,5,5,5,5,5,5,5,5,5,5,5,5,5,5,5,5,5,5,5,5,5,5,5,5,5,5,5,5,5,5,5,5,5,5,5,5,5,5,5,5,5,5,5,5,5,5,5,5
156,882,883,884,886,891,892,901,899,889,898,896,905,904,905,905,915,905,907,913,914,915,917,915,923,916,918,920,926,929,930,931,931,930,933,939,937,943,943,946,948,945,945,951,958,951,961,960,963,957,962,962,966,965,968,973,982,975,980,975,975,984,990,993,993,2,2,2,2,2,2,2,3,2,2,2,2,2,2,2,2,2,2,2,2,2,2,2,2,2,2,2,2,2,2,2,2,2,2,2,2,2,2,2,2,2,2,2,2,2,2,2,2,2,2,2,2,2,2,2,2,3,2,2,2,2,2,2,3,5,5,5,5,5,5,5,5,5,5,5,5,5,5,5,5,5,5,5,5,5,5,5,5,5,5,5,5,5,5,5,5,5,5,5,5,5,5,5,5,5,5,5,5,5,5,5,5,5,5,5,5,5,5,5,5,5,5,5,5,5,5,5,5
157,878,882,885,880,885,891,898,893,890,893,892,900,900,898,902,913,904,908,906,911,912,911,915,919,914,916,927,925,929,929,934,931,930,933,936,940,942,942,950,948,945,945,954,954,962,964,963,965,961,965,964,965,974,975,974,982,979,980,980,985,991,990,994,1007,2,2,2,2,2,2,2,3,2,2,2,2,2,2,2,2,2,2,2,2,2,2,2,2,2,2,2,2,2,2,2,2,2,2,2,2,2,2,2,3,2,2,2,2,2,2,2,2,2,2,3,2,2,3,2,3,3,2,2,2,2,2,3,3,5,5,5,5,5,5,5,5,5,5,5,5,5,5,5,5,5,5,5,5,5,5,5,5,5,5,5,5,5,5,5,5,5,5,5,5,5,5,5,5,5,5,5,5,5,5,5,5,5,5,5,5,5,5,5,5,5,5,5,5,5,5,5,5
158,880,879,880,884,887,891,894,897,883,889,898,895,898,903,906,910,902,908,907,912,916,915,918,920,917,921,924,923,931,926,930,935,928,934,940,941,942,941,944,953,944,945,952,956,954,957,957,967,968,964,969,968,970,974,977,981,976,984,984,985,986,993,995,1001,2,2,2,2,2,2,2,2,2,2,2,2,2,2,2,2,2,2,2,2,2,2,2,2,2,2,2,2,2,2,2,2,2,2,2,2,2,2,2,2,2,2,2,2,2,2,2,2,2,2,2,2,2,2,2,2,2,2,2,2,2,2,3,3,5,5,5,5,5,5,5,5,5,5,5,5,5,5,5,5,5,5,5,5,5,5,5,5,5,5,5,5,5,5,5,5,5,5,5,5,5,5,5,5,5,5,5,5,5,5,5,5,5,5,5,5,5,5,5,5,5,5,5,5,5,5,5,5
159,882,879,881,888,891,894,895,908,890,895,897,899,905,903,912,910,902,906,908,915,914,919,916,922,913,918,918,925,930,930,934,937,929,932,940,939,946,940,947,954,947,952,949,955,954,963,961,966,965,959,970,968,972,974,982,986,978,981,983,985,983,996,990,999,2,2,2,2,2,2,2,2,2,2,2,2,2,2,2,2,2,2,2,2,2,2,2,2,2,2,2,2,2,2,2,2,2,2,2,2,2,2,2,2,2,2,2,2,2,2,2,2,2,2,2,2,2,3,2,3,3,2,2,2,3,2,2,3,5,5,5,5,5,5,5,5,5,5,5,5,5,5,5,5,5,5,5,5,5,5,5,5,5,5,5,5,5,5,5,5,5,5,5,5,5,5,5,5,5,5,5,5,5,5,5,5,5,5,5,5,5,5,5,5,5,5,5,5,5,5,5,5
160,879,880,881,883,887,892,896,901,894,890,898,901,899,903,914,914,900,904,911,913,923,919,921,922,916,923,922,933,931,934,932,936,928,932,932,937,942,950,946,958,940,944,953,956,954,959,968,970,962,961,969,969,968,976,977,984,982,984,984,986,986,994,1003,1002,2,2,2,2,2,2,2,2,2,2,2,2,2,2,2,2,2,2,2,2,2,2,2,2,2,2,2,2,2,2,2,2,2,2,2,2,2,2,2,2,2,2,2,2,2,2,2,2,2,2,2,2,2,2,2,3,2,2,2,2,2,2,2,3,5,5,5,5,5,5,5,5,5,5,5,5,5,5,5,5,5,5,5,5,5,5,5,5,5,5,5,5,5,5,5,5,5,5,5,5,5,5,5,5,5,5,5,5,5,5,5,5,5,5,5,5,5,5,5,5,5,5,5,5,5,5,5,5
161,876,882,883,888,888,896,894,905,890,895,900,901,905,903,907,920,902,906,911,910,911,920,922,925,915,922,925,928,927,932,932,942,929,935,939,940,946,946,943,958,950,953,950,957,959,965,966,974,965,964,971,970,973,977,985,989,979,982,987,990,997,998,996,1006,2,2,2,2,2,2,2,2,2,2,2,2,2,2,2,2,2,2,2,2,2,2,2,2,2,2,2,2,2,2,2,2,2,2,2,2,2,2,2,2,2,2,2,2,2,2,2,2,2,2,2,2,2,2,2,3,2,2,2,2,2,2,3,4,5,5,5,5,5,5,5,5,5,5,5,5,5,5,5,5,5,5,5,5,5,5,5,5,5,5,5,5,5,5,5,5,5,5,5,5,5,5,5,5,5,5,5,5,5,5,5,5,5,5,5,5,5,5,5,5,5,5,5,5,5,5,5,5
162,879,877,882,885,887,894,899,902,892,896,895,902,902,907,909,914,902,907,914,913,917,917,925,924,912,920,924,928,927,936,938,942,927,932,936,940,943,950,951,957,951,948,952,955,959,964,970,970,970,963,973,966,971,978,981,990,980,981,984,990,994,997,1000,1007,2,2,2,2,2,2,2,2,2,2,2,2,2,2,2,2,2,2,2,2,2,2,2,2,2,2,2,2,2,2,2,2,2,2,2,2,2,2,2,2,2,2,2,2,2,2,2,2,2,2,2,2,2,2,2,3,2,2,2,2,2,2,2,3,5,5,5,5,5,5,5,5,5,5,5,5,5,5,5,5,5,5,5,5,5,5,5,5,5,5,5,5,5,5,5,5,5,5,5,5,5,5,5,5,5,5,5,5,5,5,5,5,5,5,5,5,5,5,5,5,5,5,5,5,5,5,5,5
163,879,875,881,889,890,895,900,908,890,893,898,903,902,907,910,920,903,904,910,915,920,921,923,928,915,918,927,925,934,933,939,941,928,930,939,946,942,949,953,961,950,950,955,959,964,967,971,968,968,968,974,970,971,980,986,997,979,985,984,989,993,999,1006,1011,2,2,2,2,2,2,2,2,2,2,2,2,2,2,2,2,2,2,2,2,2,2,2,2,2,2,2,2,2,2,2,2,2,2,2,2,2,2,2,2,2,2,2,2,2,2,2,2,2,2,2,2,2,2,2,3,3,2,2,2,2,2,2,3,5,5,5,5,5,5,5,5,5,5,5,5,5,5,5,5,5,5,5,5,5,5,5,5,5,5,5,5,5,5,5,5,5,5,5,5,5,5,5,5,5,5,5,5,5,5,5,5,5,5,5,5,5,5,5,5,5,5,5,5,5,5,5,5
164,874,876,878,882,886,888,893,902,882,888,895,895,900,905,914,923,896,906,906,914,918,920,926,926,915,917,922,929,929,935,936,943,923,929,936,942,946,948,952,960,948,945,954,957,963,964,970,979,961,962,972,971,976,979,987,999,977,985,991,992,994,996,1004,1017,2,2,2,2,2,2,2,3,2,2,2,2,2,2,2,2,2,2,2,2,2,2,2,2,2,2,2,2,2,2,2,2,2,2,2,2,2,2,2,2,2,2,2,2,2,2,2,2,2,2,2,2,2,2,2,2,2,2,2,2,2,2,2,3,5,5,5,5,5,5,5,5,5,5,5,5,5,5,5,5,5,5,5,5,5,5,5,5,5,5,5,5,5,5,5,5,5,5,5,5,5,5,5,5,5,5,5,5,5,5,5,5,5,5,5,5,5,5,5,5,5,5,5,5,5,5,5,5
165,875,877,879,883,887,892,896,901,887,893,895,899,904,909,910,916,901,906,910,911,916,922,929,925,917,921,926,928,934,937,938,944,931,933,942,942,953,950,958,964,946,949,957,959,957,966,971,980,968,967,972,971,977,979,984,1001,978,986,990,998,1000,1006,1007,1019,2,2,2,2,2,2,2,3,2,2,2,2,2,2,2,2,2,2,2,2,2,2,2,2,2,2,2,2,2,2,2,2,2,2,2,2,2,2,3,2,2,2,2,2,2,2,2,3,2,2,2,2,2,2,3,3,3,2,2,2,2,2,2,3,5,5,5,5,5,5,5,5,5,5,5,5,5,5,5,5,5,5,5,5,5,5,5,5,5,5,5,5,5,5,5,5,5,5,5,5,5,5,5,5,5,5,5,5,5,5,5,5,5,5,5,5,5,5,5,5,5,5,5,5,5,5,5,5
166,875,876,883,883,890,892,894,902,890,894,895,899,907,906,907,915,900,905,908,914,912,918,921,925,911,918,925,927,930,933,940,949,929,935,940,942,948,949,956,959,946,947,953,959,958,967,969,980,962,967,968,969,974,981,986,994,980,983,986,988,998,1001,1011,1016,2,2,2,2,2,2,2,3,2,2,2,2,2,2,2,2,2,2,2,2,2,2,2,2,2,2,2,2,2,2,2,2,2,2,2,2,2,2,2,2,2,2,2,2,2,2,2,2,2,2,2,2,2,2,2,3,2,2,2,2,2,2,2,3,5,5,5,5,5,5,5,5,5,5,5,5,5,5,5,5,5,5,5,5,5,5,5,5,5,5,5,5,5,5,5,5,5,5,5,5,5,5,5,5,5,5,5,5,5,5,5,5,5,5,5,5,5,5,5,5,5,5,5,5,5,5,5,5
167,877,878,882,887,888,893,900,899,888,895,895,900,902,903,911,919,903,906,909,913,917,919,919,928,914,919,927,931,933,937,934,943,931,935,941,946,953,954,948,962,947,952,959,957,962,970,973,980,968,968,979,976,980,985,990,998,979,991,993,989,1000,1001,1009,1015,2,2,2,2,2,2,2,3,2,2,2,2,2,2,2,2,2,2,2,2,2,2,2,2,2,2,2,2,2,2,2,2,2,2,2,2,2,3,2,2,2,2,2,2,2,2,2,3,2,2,2,2,2,2,2,3,3,2,2,2,2,2,2,3,5,5,5,5,5,5,5,5,5,5,5,5,5,5,5,5,5,5,5,5,5,5,5,5,5,5,5,5,5,5,5,5,5,5,5,5,5,5,5,5,5,5,5,5,5,5,5,5,5,5,5,5,5,5,5,5,5,5,5,5,5,5,5,5
168,875,877,880,886,886,896,900,896,887,890,895,896,905,904,909,915,900,907,908,912,919,920,928,929,912,921,925,928,935,939,943,945,930,935,940,947,948,949,960,963,948,952,959,963,959,967,975,977,966,965,976,974,974,982,991,994,983,988,992,991,995,1002,1005,1011,2,2,2,2,2,2,2,2,2,2,2,2,2,2,2,2,2,2,2,2,2,2,2,2,2,2,2,2,2,2,2,2,2,2,2,2,2,2,2,2,2,2,2,2,2,2,2,3,2,2,2,2,2,2,2,3,2,2,2,2,2,2,2,3,5,5,5,5,5,5,5,5,5,5,5,5,5,5,5,5,5,5,5,5,5,5,5,5,5,5,5,5,5,5,5,5,5,5,5,5,5,5,5,5,5,5,5,5,5,5,5,5,5,5,5,5,5,5,5,5,5,5,5,5,5,5,5,5
169,876,877,885,885,890,895,899,902,890,892,895,901,906,910,913,916,904,904,914,911,919,922,923,924,922,918,926,929,938,935,944,946,932,933,943,947,953,952,954,955,949,953,958,957,968,972,968,977,971,970,975,979,982,984,985,1001,985,990,987,993,1002,1005,1012,1009,2,2,2,2,2,2,2,3,2,2,2,2,2,2,2,2,2,2,2,2,2,2,2,2,2,2,2,2,2,2,2,2,2,2,2,2,2,2,2,2,2,2,2,2,2,2,2,2,2,2,2,2,2,2,2,3,3,3,2,2,2,2,2,3,5,5,5,5,5,5,5,5,5,5,5,5,5,5,5,5,5,5,5,5,5,5,5,5,5,5,5,5,5,5,5,5,5,5,5,5,5,5,5,5,5,5,5,5,5,5,5,5,5,5,5,5,5,5,5,5,5,5,5,5,5,5,5,5
170,881,878,877,884,887,891,895,898,892,895,899,900,905,909,913,918,904,902,906,919,920,924,921,925,918,922,925,930,937,940,938,944,936,934,942,942,950,953,952,959,951,954,959,959,965,963,968,972,971,968,974,977,976,986,990,996,989,985,992,998,995,1003,1008,1020,2,2,2,2,2,2,2,2,2,2,2,2,2,2,2,2,2,2,2,2,2,2,2,2,2,2,2,2,2,2,2,2,2,2,2,2,2,2,2,2,2,2,2,2,2,2,2,2,2,2,2,2,2,2,2,3,3,2,2,2,2,2,2,3,5,5,5,5,5,5,5,5,5,5,5,5,5,5,5,5,5,5,5,5,5,5,5,5,5,5,5,5,5,5,5,5,5,5,5,5,5,5,5,5,5,5,5,5,5,5,5,5,5,5,5,5,5,5,5,5,5,5,5,5,5,5,5,5
171,875,877,880,883,888,891,899,901,889,891,895,898,903,907,909,917,905,909,913,918,919,921,925,926,916,924,929,934,936,937,940,945,936,938,940,941,950,955,954,962,955,957,960,961,966,968,974,978,972,972,979,982,979,984,991,993,992,995,999,997,1005,1006,1014,1017,2,2,2,2,2,2,2,3,2,2,2,2,2,2,2,2,2,2,2,2,2,2,2,2,2,2,2,2,2,2,2,2,2,2,2,2,2,2,2,2,2,2,2,2,2,2,2,3,2,2,2,2,2,2,2,3,3,2,2,2,2,3,3,3,5,5,5,5,5,5,5,5,5,5,5,5,5,5,5,5,5,5,5,5,5,5,5,5,5,5,5,5,5,5,5,5,5,5,5,5,5,5,5,5,5,5,5,5,5,5,5,5,5,5,5,5,5,5,5,5,5,5,5,5,5,5,5,5
172,876,877,883,887,889,891,897,902,890,891,895,898,902,903,909,915,904,905,911,916,917,919,924,927,921,927,925,932,935,936,943,946,932,940,943,946,950,953,954,961,955,953,956,962,965,968,975,976,975,971,978,975,982,984,990,997,990,993,998,1000,998,1006,1013,1010,2,2,2,2,2,2,2,3,2,2,2,2,2,2,2,2,2,2,2,2,2,2,2,2,2,2,2,2,2,2,2,2,2,2,2,2,2,2,2,2,2,2,2,2,2,2,2,2,2,2,2,2,2,2,2,2,2,3,2,2,2,2,2,3,5,5,5,5,5,5,5,5,5,5,5,5,5,5,5,5,5,5,5,5,5,5,5,5,5,5,5,5,5,5,5,5,5,5,5,5,5,5,5,5,5,5,5,5,5,5,5,5,5,5,5,5,5,5,5,5,5,5,5,5,5,5,5,5
173,876,880,887,884,885,892,900,899,891,900,898,900,906,908,915,916,902,906,911,915,916,921,923,928,921,926,931,936,936,938,940,946,935,941,941,946,952,955,960,962,954,958,960,962,965,969,974,981,973,971,981,981,987,982,997,999,984,990,999,1001,1002,1007,1017,1015,2,2,2,2,2,2,2,3,2,2,2,2,2,2,2,2,2,2,2,2,2,2,2,2,2,2,2,2,2,2,2,2,2,2,2,2,2,2,2,2,2,2,2,2,2,2,2,3,2,2,2,2,2,2,2,3,3,3,2,2,2,2,3,3,5,5,5,5,5,5,5,5,5,5,5,5,5,5,5,5,5,5,5,5,5,5,5,5,5,5,5,5,5,5,5,5,5,5,5,5,5,5,5,5,5,5,5,5,5,5,5,5,5,5,5,5,5,5,5,5,5,5,5,5,5,5,5,5
174,873,875,880,880,883,894,897,903,885,891,896,901,901,907,907,919,898,905,909,912,918,918,923,926,914,926,928,933,937,937,941,946,931,936,943,944,953,956,959,964,954,953,963,962,966,976,973,979,972,972,981,981,983,992,996,1003,994,989,994,1002,1006,1013,1018,1023,2,2,2,2,2,2,2,3,2,2,2,2,2,2,2,2,2,2,2,2,2,2,2,2,2,2,2,2,2,2,3,2,2,2,2,2,2,2,2,2,2,2,2,2,2,2,2,2,2,2,2,2,2,2,2,2,3,3,2,2,2,3,3,3,5,5,5,5,5,5,5,5,5,5,5,5,5,5,5,5,5,5,5,5,5,5,5,5,5,5,5,5,5,5,5,5,5,5,5,5,5,5,5,5,5,5,5,5,5,5,5,5,5,5,5,5,5,5,5,5,5,5,5,5,5,5,5,5
175,876,875,880,887,889,889,897,903,883,890,893,899,901,911,907,917,898,906,909,912,915,920,925,929,916,923,927,926,936,941,940,948,932,936,942,944,949,955,957,966,954,953,962,966,966,970,974,981,970,970,979,974,981,992,1000,1008,991,996,1002,1005,1006,1017,1019,1024,2,2,2,2,2,2,2,2,2,2,2,2,2,2,2,2,2,2,2,2,2,2,2,2,2,2,2,2,2,2,3,2,2,2,2,2,2,3,2,2,2,2,2,2,2,2,2,3,2,2,2,2,2,2,2,3,3,2,2,2,2,3,3,3,5,5,5,5,5,5,5,5,5,5,5,5,5,5,5,5,5,5,5,5,5,5,5,5,5,5,5,5,5,5,5,5,5,5,5,5,5,5,5,5,5,5,5,5,5,5,5,5,5,5,5,5,5,5,5,5,5,5,5,5,5,5,5,5
176,873,871,877,881,884,890,894,898,885,888,893,897,904,905,914,917,901,904,905,911,918,920,922,932,917,921,927,930,936,936,942,947,934,936,943,944,951,958,963,968,950,953,963,965,966,970,979,987,971,974,977,981,985,988,997,1001,989,990,998,1006,1008,1011,1022,1024,2,2,2,2,2,2,2,2,2,2,2,2,2,2,2,2,2,2,2,2,2,2,2,2,2,2,2,2,2,2,2,2,2,2,2,2,2,2,2,2,2,2,2,2,2,2,2,2,2,2,2,2,2,2,2,3,2,2,2,2,2,2,3,3,5,5,5,5,5,5,5,5,5,5,5,5,5,5,5,5,5,5,5,5,5,5,5,5,5,5,5,5,5,5,5,5,5,5,5,5,5,5,5,5,5,5,5,5,5,5,5,5,5,5,5,5,5,5,5,5,5,5,5,5,5,5,5,5
177,875,875,879,886,886,891,896,908,888,890,898,896,902,905,911,922,900,906,912,919,918,928,926,929,916,923,931,927,934,939,949,953,934,939,946,944,955,956,960,968,951,955,960,966,965,977,977,989,973,971,984,981,989,985,1001,1006,994,998,1001,1004,1006,1018,1021,1026,2,2,2,2,2,2,2,2,2,2,2,2,2,2,2,2,2,2,2,2,2,2,2,2,2,2,2,2,2,2,2,2,2,2,2,2,2,3,2,2,2,2,2,2,2,2,2,2,2,2,3,2,2,2,2,3,3,2,2,2,2,3,3,4,5,5,5,5,5,5,5,5,5,5,5,5,5,5,5,5,5,5,5,5,5,5,5,5,5,5,5,5,5,5,5,5,5,5,5,5,5,5,5,5,5,5,5,5,5,5,5,5,5,5,5,5,5,5,5,5,5,5,5,5,5,5,5,5
178,877,877,882,885,890,894,897,906,885,888,898,900,901,905,911,917,900,908,913,918,917,922,923,931,922,922,926,929,937,939,944,949,935,940,946,949,952,962,964,969,955,956,965,967,968,977,981,982,973,976,980,976,991,993,993,1010,994,995,1001,1006,1009,1013,1019,1035,2,2,2,2,2,2,2,2,2,2,2,2,2,2,2,2,2,2,2,2,2,2,2,2,2,2,2,2,2,2,2,2,2,2,2,2,2,2,3,2,2,2,2,2,2,2,2,2,2,2,2,2,2,2,2,3,3,2,2,2,2,2,3,3,5,5,5,5,5,5,5,5,5,5,5,5,5,5,5,5,5,5,5,5,5,5,5,5,5,5,5,5,5,5,5,5,5,5,5,5,5,5,5,5,5,5,5,5,5,5,5,5,5,5,5,5,5,5,5,5,5,5,5,5,5,5,9,5
179,883,881,882,889,888,898,898,909,892,893,902,906,908,906,918,920,905,910,916,922,920,926,924,936,923,929,935,933,941,943,945,949,937,941,948,954,954,965,962,971,957,959,959,972,970,974,979,989,978,974,980,985,988,989,999,1009,995,996,998,1006,1009,1013,1021,1028,2,2,2,2,2,2,2,2,2,2,2,2,2,2,2,2,2,2,2,2,2,2,2,2,2,2,2,2,2,2,2,2,2,2,2,2,2,2,3,2,2,2,2,2,2,2,2,2,2,2,2,2,2,2,3,3,3,2,2,2,2,3,3,3,5,5,5,5,5,5,5,5,5,5,5,5,5,5,5,5,5,5,5,5,5,5,5,5,5,5,5,5,5,5,5,5,5,5,5,5,5,5,5,5,5,5,5,5,5,5,5,5,5,5,5,5,5,5,5,5,5,5,5,5,5,5,5,5
180,879,879,885,886,888,894,903,907,896,896,899,905,909,908,914,922,907,910,918,920,926,925,931,935,925,930,935,937,941,945,946,948,936,944,949,949,952,959,962,969,954,955,961,972,971,974,982,987,977,978,986,988,988,992,998,1010,992,994,1001,1009,1007,1014,1021,1032,2,2,2,2,2,2,2,2,2,2,2,2,2,2,2,2,2,2,2,2,2,2,2,2,2,2,2,2,2,2,2,2,2,2,2,2,2,2,2,2,2,2,2,2,2,2,2,2,2,2,2,2,2,2,2,3,3,2,2,2,2,2,3,4,5,5,5,5,5,5,5,5,5,5,5,5,5,5,5,5,5,5,5,5,5,5,5,5,5,5,5,5,5,5,5,5,5,5,5,5,5,5,5,5,5,5,5,5,5,5,5,5,5,5,5,5,5,5,5,5,5,5,5,5,5,5,5,5
181,880,885,885,891,894,897,904,901,894,900,899,903,910,911,917,922,904,916,917,925,926,927,933,930,925,932,933,941,943,942,943,949,945,939,958,955,957,960,965,971,964,963,970,971,974,974,979,988,976,982,986,989,993,996,997,1007,996,1004,1005,1008,1017,1018,1024,1035,2,2,2,2,2,2,2,3,2,2,2,2,2,2,2,2,2,2,2,2,2,2,2,2,2,2,2,2,2,2,3,2,2,2,2,2,2,2,3,2,2,2,2,2,2,2,2,2,2,2,2,2,2,3,3,3,3,2,3,2,3,3,3,4,5,5,5,5,5,5,5,5,5,5,5,5,5,5,5,5,5,5,5,5,5,5,5,5,5,5,5,5,5,5,5,5,5,5,5,5,5,5,5,5,5,5,5,5,5,5,5,5,5,5,5,5,5,5,5,5,5,5,5,5,5,5,5,5
182,879,882,886,888,890,896,898,903,894,898,906,903,907,911,915,924,906,911,916,918,922,926,934,935,922,930,933,938,943,944,945,948,942,948,950,955,960,963,964,970,960,965,970,972,975,980,982,989,980,975,985,988,990,994,1003,1007,998,1005,1007,1014,1013,1015,1024,1024,2,2,2,2,2,2,2,3,2,2,2,2,2,2,2,2,2,2,2,2,2,2,2,2,2,2,2,2,2,2,2,2,2,2,2,2,2,2,2,2,2,2,2,2,2,2,2,2,2,2,2,2,2,2,2,2,3,2,2,2,2,2,2,3,5,5,5,5,5,5,5,5,5,5,5,5,5,5,5,5,5,5,5,5,5,5,5,5,5,5,5,5,5,5,5,5,5,5,5,5,5,5,5,5,5,5,5,5,5,5,5,5,5,5,5,5,5,5,5,5,5,5,5,5,5,5,5,5
183,880,880,883,887,893,892,902,906,892,898,900,908,909,913,918,920,912,914,918,924,926,929,934,934,922,932,936,939,942,948,948,956,943,948,946,957,964,962,968,972,960,968,970,969,976,981,980,995,980,985,987,996,994,997,1002,1011,1005,1011,1003,1010,1018,1017,1025,1031,2,2,2,2,2,2,2,3,2,2,2,2,2,2,2,2,2,2,2,2,2,2,2,2,2,2,2,2,2,2,2,2,2,2,2,2,2,2,3,2,2,2,2,2,2,3,2,2,2,2,3,2,2,2,2,3,3,2,2,2,2,3,3,3,5,5,5,5,5,5,5,5,5,5,5,5,5,5,5,5,5,5,5,5,5,5,5,5,5,5,5,5,5,5,5,5,5,5,5,5,5,5,5,5,5,5,5,5,5,5,5,5,5,5,5,5,5,5,5,5,5,5,5,5,5,5,5,5
184,879,879,885,885,888,893,900,907,896,895,898,904,909,913,912,919,910,912,917,920,930,924,930,931,922,931,934,940,943,947,948,952,944,946,952,958,955,962,964,971,962,963,971,975,975,984,985,984,987,983,993,988,992,994,1005,1012,1011,1011,1010,1015,1021,1023,1028,1035,2,2,2,2,2,2,2,2,2,2,2,2,2,2,2,2,2,2,2,2,2,2,2,2,2,2,2,2,2,2,3,2,2,2,2,2,2,2,2,2,2,2,2,2,2,3,2,3,2,2,3,2,2,2,2,3,3,2,3,2,3,2,3,3,5,5,5,5,5,5,5,5,5,5,5,5,5,5,5,5,5,5,5,5,5,5,5,5,5,5,5,5,5,5,5,5,5,5,5,5,5,5,5,5,5,5,5,5,5,5,5,5,5,5,5,5,5,5,5,5,5,5,5,5,5,5,5,5
185,881,878,884,885,890,894,898,897,892,898,901,907,906,909,916,922,909,911,917,918,923,928,931,935,925,930,935,936,941,947,947,953,943,948,953,955,962,962,963,968,963,966,972,977,975,985,986,987,987,981,990,988,996,996,1006,1014,1007,1008,1010,1019,1023,1028,1026,1037,2,2,2,2,2,2,2,3,2,2,2,2,2,2,2,2,2,2,2,2,2,2,2,2,2,2,2,3,2,3,2,2,2,2,2,2,2,2,3,2,2,2,2,2,2,3,2,2,2,2,2,2,2,3,2,3,3,2,3,3,3,3,3,3,5,5,5,5,5,5,5,5,5,5,5,5,5,5,5,5,5,5,5,5,5,5,5,5,5,5,5,5,5,5,5,5,5,5,5,5,5,5,5,5,5,5,5,5,5,5,5,5,5,5,5,5,5,5,5,5,5,5,5,5,5,5,5,5
186,876,880,882,885,892,894,900,903,894,894,902,902,905,906,909,917,904,912,916,919,923,919,931,930,925,929,934,937,941,944,942,951,943,950,948,953,958,963,961,969,960,967,969,972,976,977,980,987,984,985,989,988,997,996,1003,1011,1003,1005,1011,1015,1021,1025,1025,1035,2,2,2,2,2,2,2,3,2,2,2,2,2,2,2,2,2,2,2,2,2,2,2,2,2,2,2,2,2,2,2,2,2,2,2,2,2,2,2,2,2,2,2,2,2,2,2,2,2,2,3,2,2,2,2,3,3,2,3,2,2,2,3,3,5,5,5,5,5,5,5,5,5,5,5,5,5,5,5,5,5,5,5,5,5,5,5,5,5,5,5,5,5,5,5,5,5,5,5,5,5,5,5,5,5,5,5,5,5,5,5,5,5,5,5,5,5,5,5,5,5,5,5,5,5,5,5,5
187,875,876,882,883,891,887,893,896,893,896,900,903,903,907,914,922,905,910,916,916,925,924,925,924,925,929,933,931,937,945,942,949,944,946,954,948,956,961,958,968,963,960,973,969,974,974,985,989,985,988,994,998,993,996,1005,1007,1006,1009,1009,1017,1025,1021,1029,1028,2,2,2,2,2,2,2,2,2,2,2,2,2,2,2,2,2,2,2,2,2,2,2,2,2,2,2,2,2,2,2,2,2,2,2,2,2,2,2,3,2,2,2,2,2,2,2,2,2,2,3,2,2,2,3,3,3,2,3,2,3,3,3,3,5,5,5,5,5,5,5,5,5,5,5,5,5,5,5,5,5,5,5,5,5,5,5,5,5,5,5,5,5,5,5,5,5,5,5,5,5,5,5,5,5,5,5,5,5,5,5,5,5,5,5,5,5,5,5,5,5,5,5,5,5,5,5,5
188,877,877,881,886,883,887,889,896,891,894,899,899,902,907,908,914,910,911,915,919,920,919,922,928,925,927,928,939,941,941,946,946,942,945,951,951,954,960,961,964,959,967,972,973,977,977,980,988,981,985,992,989,989,999,1000,1008,1005,1004,1007,1009,1017,1017,1022,1029,2,2,2,2,2,2,2,2,2,2,2,2,2,2,2,2,2,2,2,2,2,2,2,2,2,2,2,2,2,2,2,2,2,2,2,2,2,2,2,2,2,2,2,2,2,2,2,2,2,2,3,2,2,2,2,3,3,2,3,2,2,3,3,3,5,5,5,5,5,5,5,5,5,5,5,5,5,5,5,5,5,5,5,5,5,5,5,5,5,5,5,5,5,5,5,5,5,5,5,5,5,5,5,5,5,5,5,5,5,5,5,5,5,5,5,5,5,5,5,5,5,5,5,5,5,5,5,5
189,878,875,878,886,883,889,895,897,891,893,896,900,906,908,906,919,906,913,914,919,920,923,925,931,924,927,934,934,941,942,942,951,943,944,950,956,962,960,960,969,962,965,969,971,972,972,984,985,981,988,993,990,995,996,1005,1009,1011,1009,1010,1016,1019,1025,1035,1027,2,2,2,2,2,2,2,3,2,2,2,2,2,2,2,2,2,2,2,2,2,2,2,2,2,2,2,2,2,2,2,2,3,2,2,2,2,2,3,2,2,2,2,2,2,2,3,2,2,2,3,2,2,3,2,3,3,3,3,3,3,2,3,3,5,5,5,5,5,5,5,5,5,5,5,5,5,5,5,5,5,5,5,5,5,5,5,5,5,5,5,5,5,5,5,5,5,5,5,5,5,5,5,5,5,5,5,5,5,5,5,5,5,5,5,5,5,5,5,5,5,5,5,5,5,5,5,5
190,874,878,881,877,887,891,897,901,887,896,896,900,904,905,914,912,906,910,914,918,924,924,921,930,922,924,933,935,942,943,947,950,941,945,952,955,953,961,962,962,965,966,969,970,972,981,983,984,984,985,987,988,994,999,1004,1013,1002,1006,1008,1014,1014,1023,1031,1031,2,2,2,2,2,2,2,3,2,2,2,2,2,2,2,2,2,2,2,2,2,2,2,2,2,2,2,2,2,2,2,2,2,2,2,2,2,2,2,2,2,2,2,2,2,2,2,2,2,2,2,2,2,3,2,3,3,2,2,2,2,2,3,3,5,5,5,5,5,5,5,5,5,5,5,5,5,5,5,5,5,5,5,5,5,5,5,5,5,5,5,5,5,5,5,5,5,5,5,5,5,5,5,5,5,5,5,5,5,5,5,5,5,5,5,5,5,5,5,5,5,5,5,5,5,5,5,5
191,879,876,885,883,886,894,891,904,894,892,899,903,906,904,909,917,908,907,909,920,920,921,928,934,920,922,933,935,940,942,947,954,942,944,957,952,960,963,964,967,962,964,975,971,978,982,980,987,982,984,989,987,996,999,1002,1016,1008,1015,1010,1019,1019,1023,1019,1037,2,2,2,2,2,2,2,3,2,2,2,2,2,2,2,2,2,2,2,2,2,2,2,2,2,2,2,2,2,2,2,3,2,2,2,2,2,2,3,2,2,2,2,2,2,2,2,2,2,2,3,2,2,3,2,3,3,3,3,3,3,3,3,4,5,5,5,5,5,5,5,5,5,5,5,5,5,5,5,5,5,5,5,5,5,5,5,5,5,5,5,5,5,5,5,5,5,5,5,5,5,5,5,5,5,5,5,5,5,5,5,5,5,5,5,5,5,5,5,5,5,5,5,5,5,5,5,5
192,875,878,884,884,890,890,900,902,893,897,896,897,904,909,911,911,907,910,916,919,918,922,923,924,924,930,936,935,942,941,941,951,945,944,953,952,959,963,961,968,963,967,969,972,971,977,983,985,984,984,988,994,997,994,1000,1009,1002,1008,1009,1013,1013,1026,1027,1033,2,2,2,2,2,2,2,3,2,2,2,2,2,2,2,2,2,2,2,2,2,2,2,2,2,2,2,2,2,2,2,2,2,2,2,2,2,2,2,2,2,2,2,2,2,2,2,3,2,2,2,2,2,2,2,3,3,2,2,2,2,2,3,4,5,5,5,5,5,5,5,5,5,5,5,5,5,5,5,5,5,5,5,5,5,5,5,5,5,5,5,5,5,5,5,5,5,5,5,5,5,5,5,5,5,5,5,5,5,5,5,5,5,5,5,5,5,5,5,5,5,5,5,5,5,5,5,5
193,872,877,880,884,885,892,894,897,889,896,894,902,903,905,906,915,905,913,914,916,921,922,927,927,924,928,938,936,940,943,948,949,940,948,952,951,961,962,959,966,964,965,971,970,974,982,982,991,981,983,995,991,989,995,1004,1014,1004,1011,1013,1015,1019,1021,1024,1033,2,2,2,2,2,2,2,3,2,2,2,2,2,2,2,2,2,2,2,2,2,2,2,2,2,2,2,2,2,2,2,2,2,2,2,2,2,2,3,2,2,2,2,2,2,3,2,2,2,2,3,2,2,2,3,3,3,3,3,2,3,3,3,4,5,5,5,5,5,5,5,5,5,5,5,5,5,5,5,5,5,5,5,5,5,5,5,5,5,5,5,5,5,5,5,5,5,5,5,5,5,5,5,5,5,5,5,5,5,5,5,5,5,5,5,5,5,5,5,5,5,5,5,5,5,5,5,5
194,876,876,875,884,885,892,896,900,896,893,899,900,900,904,909,918,908,911,916,916,919,922,924,932,927,928,934,941,936,937,949,947,942,946,948,949,960,962,966,971,960,964,971,972,972,980,982,991,981,986,990,986,995,998,1002,1006,997,1012,1011,1016,1016,1023,1025,1030,2,2,2,2,2,2,2,2,2,2,2,2,2,2,2,2,2,2,2,2,2,2,2,2,2,2,2,2,2,2,2,2,2,2,2,2,2,2,2,2,2,2,2,2,2,2,2,2,2,2,2,2,2,2,2,2,3,2,2,2,2,2,3,3,5,5,5,5,5,5,5,5,5,5,5,5,5,5,5,5,5,5,5,5,5,5,5,5,5,5,5,5,5,5,5,5,5,5,5,5,5,5,5,5,5,5,5,5,5,5,5,5,5,5,5,5,5,5,5,5,5,5,5,5,5,5,5,5
195,876,880,881,888,887,891,899,901,889,894,900,903,905,907,907,921,910,914,917,923,925,925,924,928,927,925,936,937,939,942,944,949,944,945,953,959,957,959,965,966,959,962,969,977,976,981,983,983,979,984,990,990,992,994,1005,1012,1004,1004,1004,1015,1015,1025,1024,1035,2,2,2,2,2,2,2,3,2,2,2,2,2,2,2,2,2,2,2,2,2,2,2,2,2,2,2,2,2,2,2,2,2,2,2,2,2,2,3,2,2,2,2,2,2,3,2,3,2,2,3,2,2,3,3,3,3,2,3,3,3,2,3,4,5,5,5,5,5,5,5,5,5,5,5,5,5,5,5,5,5,5,5,5,5,5,5,5,5,5,5,5,5,5,5,5,5,5,5,5,5,5,5,5,5,5,5,5,5,5,5,5,5,5,5,5,5,5,5,5,5,5,5,5,5,5,5,5
196,880,875,886,887,887,890,901,903,893,894,896,897,898,910,912,918,908,908,915,918,925,922,927,931,921,926,929,938,937,943,946,952,940,947,948,952,962,963,965,970,963,962,971,974,977,978,982,989,981,983,988,996,993,993,1003,1009,1002,1004,1007,1009,1013,1020,1027,1031,2,2,2,2,2,2,2,3,2,2,2,2,2,2,2,2,2,2,2,2,2,2,2,2,2,2,2,2,2,2,2,2,2,2,2,2,2,2,2,2,2,2,2,2,2,2,2,2,2,2,2,2,2,2,2,3,3,2,2,2,2,3,3,3,5,5,5,5,5,5,5,5,5,5,5,5,5,5,5,5,5,5,5,5,5,5,5,5,5,5,5,5,5,5,5,5,5,5,5,5,5,5,5,5,5,5,5,5,5,5,5,5,5,5,5,5,5,5,5,5,5,5,5,5,5,5,5,5
197,879,880,884,886,886,894,900,906,888,898,897,904,909,909,913,920,910,913,921,918,926,925,929,933,922,933,934,938,944,942,943,946,945,947,955,951,960,958,968,974,959,961,963,974,972,984,983,992,986,979,987,992,999,1000,1005,1008,1004,1010,1009,1008,1013,1023,1027,1034,2,2,2,2,2,2,2,2,2,2,2,2,2,2,2,2,2,2,2,2,2,2,3,2,2,2,2,2,2,2,2,2,2,2,2,2,2,2,3,2,2,2,2,2,2,3,2,2,3,2,3,2,2,3,3,3,3,3,3,2,2,2,3,4,5,5,5,5,5,5,5,5,5,5,5,5,5,5,5,5,5,5,5,5,5,5,5,5,5,5,5,5,5,5,5,5,5,5,5,5,5,5,5,5,5,5,5,5,5,5,5,5,5,5,5,5,5,5,5,5,5,5,5,5,5,5,5,5
198,877,877,883,887,886,893,899,901,892,896,897,903,901,910,911,919,909,913,912,918,925,922,927,931,922,931,932,936,939,941,948,954,941,949,956,957,961,960,965,973,962,964,970,975,973,976,981,991,985,980,990,991,991,990,1001,1013,1002,1006,1004,1014,1014,1022,1026,1031,2,2,2,2,2,2,2,3,2,2,2,2,2,2,2,2,2,2,2,2,2,2,2,2,2,2,2,2,2,2,2,2,2,2,2,2,2,2,2,2,2,2,2,2,2,2,2,2,2,2,2,2,2,2,2,3,3,2,2,2,2,2,3,3,5,5,5,5,5,5,5,5,5,5,5,5,5,5,5,5,5,5,5,5,5,5,5,5,5,5,5,5,5,5,5,5,5,5,5,5,5,5,5,5,5,5,5,5,5,5,5,5,5,5,5,5,5,5,5,5,5,5,5,5,5,5,5,5
199,877,882,887,885,891,891,898,903,895,898,898,907,906,907,914,919,906,912,914,922,928,925,928,933,925,928,936,937,938,945,946,952,940,946,951,958,958,962,961,972,958,963,964,969,973,974,988,991,980,980,988,990,992,993,1003,1011,1002,1008,1011,1007,1013,1022,1030,1029,2,2,2,2,2,2,2,3,2,2,2,2,2,2,2,2,2,2,2,2,2,2,2,2,2,2,2,2,2,2,2,2,2,2,2,2,2,2,3,2,2,2,2,2,2,2,2,2,2,3,2,2,2,3,2,3,3,3,3,2,2,2,3,3,5,5,5,5,5,5,5,5,5,5,5,5,5,5,5,5,5,5,5,5,5,5,5,5,5,5,5,5,5,5,5,5,5,5,5,5,5,5,5,5,5,5,5,5,5,5,5,5,5,5,5,5,5,5,5,5,5,5,5,5,5,5,5,5
